year,subject_category,school_code,school_name,special_group,sg_name,sg_info,major_code,major_name,plan_count,tuition,duration,source_url,source_file,matched_official_group
2025,历史类,2103,上海交通大学,2103-02,02,首选历史，再选不限,,法学试验班,1,6500,四,https://gaoxiao.jszs.com/College/plannew.html?cid=7&yearno=2025&ty=%E6%99%AE%E9%80%9A%E7%B1%BB&topchoose=%E5%8E%86%E5%8F%B2&pici=%E6%9C%AC%E7%A7%91%E6%89%B9%E6%AC%A1,data/jiangsu/raw/plan_sources/2025/上海交通大学_jszs_历史_7_b088be55a3.html,1
2025,历史类,2109,上海外国语大学,2109-03,03,首选历史，再选思想政治,,外交学,3,6500,四,https://gaoxiao.jszs.com/College/plannew.html?cid=226&yearno=2025&ty=%E6%99%AE%E9%80%9A%E7%B1%BB&topchoose=%E5%8E%86%E5%8F%B2&pici=%E6%9C%AC%E7%A7%91%E6%89%B9%E6%AC%A1,data/jiangsu/raw/plan_sources/2025/上海外国语大学_jszs_历史_226_2c6c360317.html,1
2025,历史类,2109,上海外国语大学,2109-02,02,首选历史，再选不限,,金融学,6,6500,四,https://gaoxiao.jszs.com/College/plannew.html?cid=226&yearno=2025&ty=%E6%99%AE%E9%80%9A%E7%B1%BB&topchoose=%E5%8E%86%E5%8F%B2&pici=%E6%9C%AC%E7%A7%91%E6%89%B9%E6%AC%A1,data/jiangsu/raw/plan_sources/2025/上海外国语大学_jszs_历史_226_2c6c360317.html,1
2025,历史类,2109,上海外国语大学,2109-02,02,首选历史，再选不限,,法学,8,6500,四,https://gaoxiao.jszs.com/College/plannew.html?cid=226&yearno=2025&ty=%E6%99%AE%E9%80%9A%E7%B1%BB&topchoose=%E5%8E%86%E5%8F%B2&pici=%E6%9C%AC%E7%A7%91%E6%89%B9%E6%AC%A1,data/jiangsu/raw/plan_sources/2025/上海外国语大学_jszs_历史_226_2c6c360317.html,1
2025,历史类,2109,上海外国语大学,2109-02,02,首选历史，再选不限,,汉语国际教育,4,6500,四,https://gaoxiao.jszs.com/College/plannew.html?cid=226&yearno=2025&ty=%E6%99%AE%E9%80%9A%E7%B1%BB&topchoose=%E5%8E%86%E5%8F%B2&pici=%E6%9C%AC%E7%A7%91%E6%89%B9%E6%AC%A1,data/jiangsu/raw/plan_sources/2025/上海外国语大学_jszs_历史_226_2c6c360317.html,1
2025,历史类,2109,上海外国语大学,2109-02,02,首选历史，再选不限,,新闻传播学类,8,6500,四,https://gaoxiao.jszs.com/College/plannew.html?cid=226&yearno=2025&ty=%E6%99%AE%E9%80%9A%E7%B1%BB&topchoose=%E5%8E%86%E5%8F%B2&pici=%E6%9C%AC%E7%A7%91%E6%89%B9%E6%AC%A1,data/jiangsu/raw/plan_sources/2025/上海外国语大学_jszs_历史_226_2c6c360317.html,1
2025,历史类,2109,上海外国语大学,2109-02,02,首选历史，再选不限,,工商管理类,3,6500,四,https://gaoxiao.jszs.com/College/plannew.html?cid=226&yearno=2025&ty=%E6%99%AE%E9%80%9A%E7%B1%BB&topchoose=%E5%8E%86%E5%8F%B2&pici=%E6%9C%AC%E7%A7%91%E6%89%B9%E6%AC%A1,data/jiangsu/raw/plan_sources/2025/上海外国语大学_jszs_历史_226_2c6c360317.html,1
2025,历史类,2109,上海外国语大学,2109-02,02,首选历史，再选不限,,会计学,3,6500,四,https://gaoxiao.jszs.com/College/plannew.html?cid=226&yearno=2025&ty=%E6%99%AE%E9%80%9A%E7%B1%BB&topchoose=%E5%8E%86%E5%8F%B2&pici=%E6%9C%AC%E7%A7%91%E6%89%B9%E6%AC%A1,data/jiangsu/raw/plan_sources/2025/上海外国语大学_jszs_历史_226_2c6c360317.html,1
2025,历史类,2109,上海外国语大学,2109-01,01,首选历史，再选不限,,英语,6,7150,四,https://gaoxiao.jszs.com/College/plannew.html?cid=226&yearno=2025&ty=%E6%99%AE%E9%80%9A%E7%B1%BB&topchoose=%E5%8E%86%E5%8F%B2&pici=%E6%9C%AC%E7%A7%91%E6%89%B9%E6%AC%A1,data/jiangsu/raw/plan_sources/2025/上海外国语大学_jszs_历史_226_2c6c360317.html,1
2025,历史类,2109,上海外国语大学,2109-01,01,首选历史，再选不限,,德语,5,7150,四,https://gaoxiao.jszs.com/College/plannew.html?cid=226&yearno=2025&ty=%E6%99%AE%E9%80%9A%E7%B1%BB&topchoose=%E5%8E%86%E5%8F%B2&pici=%E6%9C%AC%E7%A7%91%E6%89%B9%E6%AC%A1,data/jiangsu/raw/plan_sources/2025/上海外国语大学_jszs_历史_226_2c6c360317.html,1
2025,历史类,2109,上海外国语大学,2109-01,01,首选历史，再选不限,,法语,4,7150,四,https://gaoxiao.jszs.com/College/plannew.html?cid=226&yearno=2025&ty=%E6%99%AE%E9%80%9A%E7%B1%BB&topchoose=%E5%8E%86%E5%8F%B2&pici=%E6%9C%AC%E7%A7%91%E6%89%B9%E6%AC%A1,data/jiangsu/raw/plan_sources/2025/上海外国语大学_jszs_历史_226_2c6c360317.html,1
2025,历史类,2109,上海外国语大学,2109-01,01,首选历史，再选不限,,西班牙语,3,7150,四,https://gaoxiao.jszs.com/College/plannew.html?cid=226&yearno=2025&ty=%E6%99%AE%E9%80%9A%E7%B1%BB&topchoose=%E5%8E%86%E5%8F%B2&pici=%E6%9C%AC%E7%A7%91%E6%89%B9%E6%AC%A1,data/jiangsu/raw/plan_sources/2025/上海外国语大学_jszs_历史_226_2c6c360317.html,1
2025,历史类,2109,上海外国语大学,2109-01,01,首选历史，再选不限,,翻译,4,7150,四,https://gaoxiao.jszs.com/College/plannew.html?cid=226&yearno=2025&ty=%E6%99%AE%E9%80%9A%E7%B1%BB&topchoose=%E5%8E%86%E5%8F%B2&pici=%E6%9C%AC%E7%A7%91%E6%89%B9%E6%AC%A1,data/jiangsu/raw/plan_sources/2025/上海外国语大学_jszs_历史_226_2c6c360317.html,1
2025,历史类,2109,上海外国语大学,2109-01,01,首选历史，再选不限,,商务英语,6,7150,四,https://gaoxiao.jszs.com/College/plannew.html?cid=226&yearno=2025&ty=%E6%99%AE%E9%80%9A%E7%B1%BB&topchoose=%E5%8E%86%E5%8F%B2&pici=%E6%9C%AC%E7%A7%91%E6%89%B9%E6%AC%A1,data/jiangsu/raw/plan_sources/2025/上海外国语大学_jszs_历史_226_2c6c360317.html,1
2025,历史类,2112,上海大学,2112-02,02,首选历史，再选不限,,艺术管理,2,13000,四,https://gaoxiao.jszs.com/College/plannew.html?cid=52&yearno=2025&ty=%E6%99%AE%E9%80%9A%E7%B1%BB&topchoose=%E5%8E%86%E5%8F%B2&pici=%E6%9C%AC%E7%A7%91%E6%89%B9%E6%AC%A1,data/jiangsu/raw/plan_sources/2025/上海大学_jszs_历史_52_b6bb10273e.html,1
2025,历史类,2112,上海大学,2112-02,02,首选历史，再选不限,,广播电视编导,3,13000,四,https://gaoxiao.jszs.com/College/plannew.html?cid=52&yearno=2025&ty=%E6%99%AE%E9%80%9A%E7%B1%BB&topchoose=%E5%8E%86%E5%8F%B2&pici=%E6%9C%AC%E7%A7%91%E6%89%B9%E6%AC%A1,data/jiangsu/raw/plan_sources/2025/上海大学_jszs_历史_52_b6bb10273e.html,1
2025,历史类,2112,上海大学,2112-02,02,首选历史，再选不限,,戏剧影视文学,3,13000,四,https://gaoxiao.jszs.com/College/plannew.html?cid=52&yearno=2025&ty=%E6%99%AE%E9%80%9A%E7%B1%BB&topchoose=%E5%8E%86%E5%8F%B2&pici=%E6%9C%AC%E7%A7%91%E6%89%B9%E6%AC%A1,data/jiangsu/raw/plan_sources/2025/上海大学_jszs_历史_52_b6bb10273e.html,1
2025,历史类,2112,上海大学,2112-01,01,首选历史，再选不限,,人文科学试验班,3,6500,四,https://gaoxiao.jszs.com/College/plannew.html?cid=52&yearno=2025&ty=%E6%99%AE%E9%80%9A%E7%B1%BB&topchoose=%E5%8E%86%E5%8F%B2&pici=%E6%9C%AC%E7%A7%91%E6%89%B9%E6%AC%A1,data/jiangsu/raw/plan_sources/2025/上海大学_jszs_历史_52_b6bb10273e.html,1
2025,历史类,2112,上海大学,2112-01,01,首选历史，再选不限,,日语,3,6500,四,https://gaoxiao.jszs.com/College/plannew.html?cid=52&yearno=2025&ty=%E6%99%AE%E9%80%9A%E7%B1%BB&topchoose=%E5%8E%86%E5%8F%B2&pici=%E6%9C%AC%E7%A7%91%E6%89%B9%E6%AC%A1,data/jiangsu/raw/plan_sources/2025/上海大学_jszs_历史_52_b6bb10273e.html,1
2025,历史类,2112,上海大学,2112-01,01,首选历史，再选不限,,英语,4,6500,四,https://gaoxiao.jszs.com/College/plannew.html?cid=52&yearno=2025&ty=%E6%99%AE%E9%80%9A%E7%B1%BB&topchoose=%E5%8E%86%E5%8F%B2&pici=%E6%9C%AC%E7%A7%91%E6%89%B9%E6%AC%A1,data/jiangsu/raw/plan_sources/2025/上海大学_jszs_历史_52_b6bb10273e.html,1
2025,历史类,2125,上海政法学院,2125-03,03,首选历史，再选不限,,广播电视编导,2,13000,四,https://gaoxiao.jszs.com/College/plannew.html?cid=720&yearno=2025&ty=%E6%99%AE%E9%80%9A%E7%B1%BB&topchoose=%E5%8E%86%E5%8F%B2&pici=%E6%9C%AC%E7%A7%91%E6%89%B9%E6%AC%A1,data/jiangsu/raw/plan_sources/2025/上海政法学院_jszs_历史_720_4163b9a118.html,1
2025,历史类,2125,上海政法学院,2125-02,02,首选历史，再选不限,,法学,2,6500,四,https://gaoxiao.jszs.com/College/plannew.html?cid=720&yearno=2025&ty=%E6%99%AE%E9%80%9A%E7%B1%BB&topchoose=%E5%8E%86%E5%8F%B2&pici=%E6%9C%AC%E7%A7%91%E6%89%B9%E6%AC%A1,data/jiangsu/raw/plan_sources/2025/上海政法学院_jszs_历史_720_4163b9a118.html,1
2025,历史类,2125,上海政法学院,2125-01,01,首选历史，再选不限,,法学,2,6500,四,https://gaoxiao.jszs.com/College/plannew.html?cid=720&yearno=2025&ty=%E6%99%AE%E9%80%9A%E7%B1%BB&topchoose=%E5%8E%86%E5%8F%B2&pici=%E6%9C%AC%E7%A7%91%E6%89%B9%E6%AC%A1,data/jiangsu/raw/plan_sources/2025/上海政法学院_jszs_历史_720_4163b9a118.html,1
2025,历史类,2125,上海政法学院,2125-01,01,首选历史，再选不限,,监狱学,2,6500,四,https://gaoxiao.jszs.com/College/plannew.html?cid=720&yearno=2025&ty=%E6%99%AE%E9%80%9A%E7%B1%BB&topchoose=%E5%8E%86%E5%8F%B2&pici=%E6%9C%AC%E7%A7%91%E6%89%B9%E6%AC%A1,data/jiangsu/raw/plan_sources/2025/上海政法学院_jszs_历史_720_4163b9a118.html,1
2025,历史类,2125,上海政法学院,2125-01,01,首选历史，再选不限,,经济与金融,2,6500,四,https://gaoxiao.jszs.com/College/plannew.html?cid=720&yearno=2025&ty=%E6%99%AE%E9%80%9A%E7%B1%BB&topchoose=%E5%8E%86%E5%8F%B2&pici=%E6%9C%AC%E7%A7%91%E6%89%B9%E6%AC%A1,data/jiangsu/raw/plan_sources/2025/上海政法学院_jszs_历史_720_4163b9a118.html,1
2025,历史类,2125,上海政法学院,2125-01,01,首选历史，再选不限,,电子商务及法律,2,6500,四,https://gaoxiao.jszs.com/College/plannew.html?cid=720&yearno=2025&ty=%E6%99%AE%E9%80%9A%E7%B1%BB&topchoose=%E5%8E%86%E5%8F%B2&pici=%E6%9C%AC%E7%A7%91%E6%89%B9%E6%AC%A1,data/jiangsu/raw/plan_sources/2025/上海政法学院_jszs_历史_720_4163b9a118.html,1
2025,历史类,2125,上海政法学院,2125-01,01,首选历史，再选不限,,行政管理,2,6500,四,https://gaoxiao.jszs.com/College/plannew.html?cid=720&yearno=2025&ty=%E6%99%AE%E9%80%9A%E7%B1%BB&topchoose=%E5%8E%86%E5%8F%B2&pici=%E6%9C%AC%E7%A7%91%E6%89%B9%E6%AC%A1,data/jiangsu/raw/plan_sources/2025/上海政法学院_jszs_历史_720_4163b9a118.html,1
2025,历史类,2125,上海政法学院,2125-01,01,首选历史，再选不限,,社会工作,2,6500,四,https://gaoxiao.jszs.com/College/plannew.html?cid=720&yearno=2025&ty=%E6%99%AE%E9%80%9A%E7%B1%BB&topchoose=%E5%8E%86%E5%8F%B2&pici=%E6%9C%AC%E7%A7%91%E6%89%B9%E6%AC%A1,data/jiangsu/raw/plan_sources/2025/上海政法学院_jszs_历史_720_4163b9a118.html,1
2025,历史类,2125,上海政法学院,2125-01,01,首选历史，再选不限,,翻译,2,6500,四,https://gaoxiao.jszs.com/College/plannew.html?cid=720&yearno=2025&ty=%E6%99%AE%E9%80%9A%E7%B1%BB&topchoose=%E5%8E%86%E5%8F%B2&pici=%E6%9C%AC%E7%A7%91%E6%89%B9%E6%AC%A1,data/jiangsu/raw/plan_sources/2025/上海政法学院_jszs_历史_720_4163b9a118.html,1
2025,历史类,2125,上海政法学院,2125-01,01,首选历史，再选不限,,汉语国际教育,2,6500,四,https://gaoxiao.jszs.com/College/plannew.html?cid=720&yearno=2025&ty=%E6%99%AE%E9%80%9A%E7%B1%BB&topchoose=%E5%8E%86%E5%8F%B2&pici=%E6%9C%AC%E7%A7%91%E6%89%B9%E6%AC%A1,data/jiangsu/raw/plan_sources/2025/上海政法学院_jszs_历史_720_4163b9a118.html,1
2025,历史类,2125,上海政法学院,2125-01,01,首选历史，再选不限,,新闻学,2,6500,四,https://gaoxiao.jszs.com/College/plannew.html?cid=720&yearno=2025&ty=%E6%99%AE%E9%80%9A%E7%B1%BB&topchoose=%E5%8E%86%E5%8F%B2&pici=%E6%9C%AC%E7%A7%91%E6%89%B9%E6%AC%A1,data/jiangsu/raw/plan_sources/2025/上海政法学院_jszs_历史_720_4163b9a118.html,1
2025,历史类,2125,上海政法学院,2125-01,01,首选历史，再选不限,,广播电视学,2,6500,四,https://gaoxiao.jszs.com/College/plannew.html?cid=720&yearno=2025&ty=%E6%99%AE%E9%80%9A%E7%B1%BB&topchoose=%E5%8E%86%E5%8F%B2&pici=%E6%9C%AC%E7%A7%91%E6%89%B9%E6%AC%A1,data/jiangsu/raw/plan_sources/2025/上海政法学院_jszs_历史_720_4163b9a118.html,1
2025,历史类,2110,上海财经大学,2110-02,02,首选历史，再选思想政治,,马克思主义理论,3,6500,四,https://gaoxiao.jszs.com/College/plannew.html?cid=85&yearno=2025&ty=%E6%99%AE%E9%80%9A%E7%B1%BB&topchoose=%E5%8E%86%E5%8F%B2&pici=%E6%9C%AC%E7%A7%91%E6%89%B9%E6%AC%A1,data/jiangsu/raw/plan_sources/2025/上海财经大学_jszs_历史_85_06eaf20ad6.html,1
2025,历史类,2110,上海财经大学,2110-01,01,首选历史，再选不限,,财务管理,2,6500,四,https://gaoxiao.jszs.com/College/plannew.html?cid=85&yearno=2025&ty=%E6%99%AE%E9%80%9A%E7%B1%BB&topchoose=%E5%8E%86%E5%8F%B2&pici=%E6%9C%AC%E7%A7%91%E6%89%B9%E6%AC%A1,data/jiangsu/raw/plan_sources/2025/上海财经大学_jszs_历史_85_06eaf20ad6.html,1
2025,历史类,2110,上海财经大学,2110-01,01,首选历史，再选不限,,会计学,2,6500,四,https://gaoxiao.jszs.com/College/plannew.html?cid=85&yearno=2025&ty=%E6%99%AE%E9%80%9A%E7%B1%BB&topchoose=%E5%8E%86%E5%8F%B2&pici=%E6%9C%AC%E7%A7%91%E6%89%B9%E6%AC%A1,data/jiangsu/raw/plan_sources/2025/上海财经大学_jszs_历史_85_06eaf20ad6.html,1
2025,历史类,2110,上海财经大学,2110-01,01,首选历史，再选不限,,审计学,2,6500,四,https://gaoxiao.jszs.com/College/plannew.html?cid=85&yearno=2025&ty=%E6%99%AE%E9%80%9A%E7%B1%BB&topchoose=%E5%8E%86%E5%8F%B2&pici=%E6%9C%AC%E7%A7%91%E6%89%B9%E6%AC%A1,data/jiangsu/raw/plan_sources/2025/上海财经大学_jszs_历史_85_06eaf20ad6.html,1
2025,历史类,2110,上海财经大学,2110-01,01,首选历史，再选不限,,金融学,3,7150,四,https://gaoxiao.jszs.com/College/plannew.html?cid=85&yearno=2025&ty=%E6%99%AE%E9%80%9A%E7%B1%BB&topchoose=%E5%8E%86%E5%8F%B2&pici=%E6%9C%AC%E7%A7%91%E6%89%B9%E6%AC%A1,data/jiangsu/raw/plan_sources/2025/上海财经大学_jszs_历史_85_06eaf20ad6.html,1
2025,历史类,2110,上海财经大学,2110-01,01,首选历史，再选不限,,工商管理类,4,6500,四,https://gaoxiao.jszs.com/College/plannew.html?cid=85&yearno=2025&ty=%E6%99%AE%E9%80%9A%E7%B1%BB&topchoose=%E5%8E%86%E5%8F%B2&pici=%E6%9C%AC%E7%A7%91%E6%89%B9%E6%AC%A1,data/jiangsu/raw/plan_sources/2025/上海财经大学_jszs_历史_85_06eaf20ad6.html,1
2025,历史类,2110,上海财经大学,2110-01,01,首选历史，再选不限,,经济学,3,6500,四,https://gaoxiao.jszs.com/College/plannew.html?cid=85&yearno=2025&ty=%E6%99%AE%E9%80%9A%E7%B1%BB&topchoose=%E5%8E%86%E5%8F%B2&pici=%E6%9C%AC%E7%A7%91%E6%89%B9%E6%AC%A1,data/jiangsu/raw/plan_sources/2025/上海财经大学_jszs_历史_85_06eaf20ad6.html,1
2025,历史类,2110,上海财经大学,2110-01,01,首选历史，再选不限,,法学,2,6500,四,https://gaoxiao.jszs.com/College/plannew.html?cid=85&yearno=2025&ty=%E6%99%AE%E9%80%9A%E7%B1%BB&topchoose=%E5%8E%86%E5%8F%B2&pici=%E6%9C%AC%E7%A7%91%E6%89%B9%E6%AC%A1,data/jiangsu/raw/plan_sources/2025/上海财经大学_jszs_历史_85_06eaf20ad6.html,1
2025,历史类,2110,上海财经大学,2110-01,01,首选历史，再选不限,,财政学类,1,7150,四,https://gaoxiao.jszs.com/College/plannew.html?cid=85&yearno=2025&ty=%E6%99%AE%E9%80%9A%E7%B1%BB&topchoose=%E5%8E%86%E5%8F%B2&pici=%E6%9C%AC%E7%A7%91%E6%89%B9%E6%AC%A1,data/jiangsu/raw/plan_sources/2025/上海财经大学_jszs_历史_85_06eaf20ad6.html,1
2025,历史类,2110,上海财经大学,2110-01,01,首选历史，再选不限,,商务英语,5,6500,四,https://gaoxiao.jszs.com/College/plannew.html?cid=85&yearno=2025&ty=%E6%99%AE%E9%80%9A%E7%B1%BB&topchoose=%E5%8E%86%E5%8F%B2&pici=%E6%9C%AC%E7%A7%91%E6%89%B9%E6%AC%A1,data/jiangsu/raw/plan_sources/2025/上海财经大学_jszs_历史_85_06eaf20ad6.html,1
2025,历史类,4101,东北大学,4101-01,01,首选历史，再选不限,,公共管理类,3,5760,四,https://gaoxiao.jszs.com/College/plannew.html?cid=29&yearno=2025&ty=%E6%99%AE%E9%80%9A%E7%B1%BB&topchoose=%E5%8E%86%E5%8F%B2&pici=%E6%9C%AC%E7%A7%91%E6%89%B9%E6%AC%A1,data/jiangsu/raw/plan_sources/2025/东北大学_jszs_历史_29_8add23f7bf.html,1
2025,历史类,4101,东北大学,4101-01,01,首选历史，再选不限,,外国语言文学类,4,6240,四,https://gaoxiao.jszs.com/College/plannew.html?cid=29&yearno=2025&ty=%E6%99%AE%E9%80%9A%E7%B1%BB&topchoose=%E5%8E%86%E5%8F%B2&pici=%E6%9C%AC%E7%A7%91%E6%89%B9%E6%AC%A1,data/jiangsu/raw/plan_sources/2025/东北大学_jszs_历史_29_8add23f7bf.html,1
2025,历史类,4202,东北师范大学,4202-04,04,首选历史，再选思想政治,,政治学类,2,6070,四,https://gaoxiao.jszs.com/College/plannew.html?cid=59&yearno=2025&ty=%E6%99%AE%E9%80%9A%E7%B1%BB&topchoose=%E5%8E%86%E5%8F%B2&pici=%E6%9C%AC%E7%A7%91%E6%89%B9%E6%AC%A1,data/jiangsu/raw/plan_sources/2025/东北师范大学_jszs_历史_59_10b9d27d9a.html,1
2025,历史类,4202,东北师范大学,4202-03,03,首选历史，再选不限,,汉语言文学,2,5810,四,https://gaoxiao.jszs.com/College/plannew.html?cid=59&yearno=2025&ty=%E6%99%AE%E9%80%9A%E7%B1%BB&topchoose=%E5%8E%86%E5%8F%B2&pici=%E6%9C%AC%E7%A7%91%E6%89%B9%E6%AC%A1,data/jiangsu/raw/plan_sources/2025/东北师范大学_jszs_历史_59_10b9d27d9a.html,1
2025,历史类,4202,东北师范大学,4202-02,02,首选历史，再选不限,,金融学,2,60000,四,https://gaoxiao.jszs.com/College/plannew.html?cid=59&yearno=2025&ty=%E6%99%AE%E9%80%9A%E7%B1%BB&topchoose=%E5%8E%86%E5%8F%B2&pici=%E6%9C%AC%E7%A7%91%E6%89%B9%E6%AC%A1,data/jiangsu/raw/plan_sources/2025/东北师范大学_jszs_历史_59_10b9d27d9a.html,1
2025,历史类,4202,东北师范大学,4202-01,01,首选历史，再选不限,,物流管理,3,60000,四,https://gaoxiao.jszs.com/College/plannew.html?cid=59&yearno=2025&ty=%E6%99%AE%E9%80%9A%E7%B1%BB&topchoose=%E5%8E%86%E5%8F%B2&pici=%E6%9C%AC%E7%A7%91%E6%89%B9%E6%AC%A1,data/jiangsu/raw/plan_sources/2025/东北师范大学_jszs_历史_59_10b9d27d9a.html,1
2025,历史类,1102,东南大学,1102-03,03,首选历史，再选不限,,文科试验班类,9,5720,四,https://gaoxiao.jszs.com/College/plannew.html?cid=21&yearno=2025&ty=%E6%99%AE%E9%80%9A%E7%B1%BB&topchoose=%E5%8E%86%E5%8F%B2&pici=%E6%9C%AC%E7%A7%91%E6%89%B9%E6%AC%A1,data/jiangsu/raw/plan_sources/2025/东南大学_jszs_历史_21_cc38f3a286.html,1
2025,历史类,5302,中南大学,5302-01,01,首选历史，再选不限,,法学,4,5500,四,https://gaoxiao.jszs.com/College/plannew.html?cid=17&yearno=2025&ty=%E6%99%AE%E9%80%9A%E7%B1%BB&topchoose=%E5%8E%86%E5%8F%B2&pici=%E6%9C%AC%E7%A7%91%E6%89%B9%E6%AC%A1,data/jiangsu/raw/plan_sources/2025/中南大学_jszs_历史_17_eb37750c89.html,1
2025,历史类,5302,中南大学,5302-01,01,首选历史，再选不限,,金融学类,6,5500,四,https://gaoxiao.jszs.com/College/plannew.html?cid=17&yearno=2025&ty=%E6%99%AE%E9%80%9A%E7%B1%BB&topchoose=%E5%8E%86%E5%8F%B2&pici=%E6%9C%AC%E7%A7%91%E6%89%B9%E6%AC%A1,data/jiangsu/raw/plan_sources/2025/中南大学_jszs_历史_17_eb37750c89.html,1
2025,历史类,5302,中南大学,5302-01,01,首选历史，再选不限,,中国语言文学类,6,5300,四,https://gaoxiao.jszs.com/College/plannew.html?cid=17&yearno=2025&ty=%E6%99%AE%E9%80%9A%E7%B1%BB&topchoose=%E5%8E%86%E5%8F%B2&pici=%E6%9C%AC%E7%A7%91%E6%89%B9%E6%AC%A1,data/jiangsu/raw/plan_sources/2025/中南大学_jszs_历史_17_eb37750c89.html,1
2025,历史类,5302,中南大学,5302-01,01,首选历史，再选不限,,外国语言文学类,7,5300,四,https://gaoxiao.jszs.com/College/plannew.html?cid=17&yearno=2025&ty=%E6%99%AE%E9%80%9A%E7%B1%BB&topchoose=%E5%8E%86%E5%8F%B2&pici=%E6%9C%AC%E7%A7%91%E6%89%B9%E6%AC%A1,data/jiangsu/raw/plan_sources/2025/中南大学_jszs_历史_17_eb37750c89.html,1
2025,历史类,5206,中南财经政法大学,5206-02,02,首选历史，再选不限,,电影学,6,48000,四,https://gaoxiao.jszs.com/College/plannew.html?cid=74&yearno=2025&ty=%E6%99%AE%E9%80%9A%E7%B1%BB&topchoose=%E5%8E%86%E5%8F%B2&pici=%E6%9C%AC%E7%A7%91%E6%89%B9%E6%AC%A1,data/jiangsu/raw/plan_sources/2025/中南财经政法大学_jszs_历史_74_e57bbbafe1.html,1
2025,历史类,5206,中南财经政法大学,5206-01,01,首选历史，再选不限,,经济学,4,4500,四,https://gaoxiao.jszs.com/College/plannew.html?cid=74&yearno=2025&ty=%E6%99%AE%E9%80%9A%E7%B1%BB&topchoose=%E5%8E%86%E5%8F%B2&pici=%E6%9C%AC%E7%A7%91%E6%89%B9%E6%AC%A1,data/jiangsu/raw/plan_sources/2025/中南财经政法大学_jszs_历史_74_e57bbbafe1.html,1
2025,历史类,5206,中南财经政法大学,5206-01,01,首选历史，再选不限,,财政学类,4,5850,四,https://gaoxiao.jszs.com/College/plannew.html?cid=74&yearno=2025&ty=%E6%99%AE%E9%80%9A%E7%B1%BB&topchoose=%E5%8E%86%E5%8F%B2&pici=%E6%9C%AC%E7%A7%91%E6%89%B9%E6%AC%A1,data/jiangsu/raw/plan_sources/2025/中南财经政法大学_jszs_历史_74_e57bbbafe1.html,1
2025,历史类,5206,中南财经政法大学,5206-01,01,首选历史，再选不限,,金融学类,3,5850,四,https://gaoxiao.jszs.com/College/plannew.html?cid=74&yearno=2025&ty=%E6%99%AE%E9%80%9A%E7%B1%BB&topchoose=%E5%8E%86%E5%8F%B2&pici=%E6%9C%AC%E7%A7%91%E6%89%B9%E6%AC%A1,data/jiangsu/raw/plan_sources/2025/中南财经政法大学_jszs_历史_74_e57bbbafe1.html,1
2025,历史类,5206,中南财经政法大学,5206-01,01,首选历史，再选不限,,金融学,2,5850,四,https://gaoxiao.jszs.com/College/plannew.html?cid=74&yearno=2025&ty=%E6%99%AE%E9%80%9A%E7%B1%BB&topchoose=%E5%8E%86%E5%8F%B2&pici=%E6%9C%AC%E7%A7%91%E6%89%B9%E6%AC%A1,data/jiangsu/raw/plan_sources/2025/中南财经政法大学_jszs_历史_74_e57bbbafe1.html,1
2025,历史类,5206,中南财经政法大学,5206-01,01,首选历史，再选不限,,经济管理试验班,3,5850,四,https://gaoxiao.jszs.com/College/plannew.html?cid=74&yearno=2025&ty=%E6%99%AE%E9%80%9A%E7%B1%BB&topchoose=%E5%8E%86%E5%8F%B2&pici=%E6%9C%AC%E7%A7%91%E6%89%B9%E6%AC%A1,data/jiangsu/raw/plan_sources/2025/中南财经政法大学_jszs_历史_74_e57bbbafe1.html,1
2025,历史类,5206,中南财经政法大学,5206-01,01,首选历史，再选不限,,人文科学试验班,4,5850,四,https://gaoxiao.jszs.com/College/plannew.html?cid=74&yearno=2025&ty=%E6%99%AE%E9%80%9A%E7%B1%BB&topchoose=%E5%8E%86%E5%8F%B2&pici=%E6%9C%AC%E7%A7%91%E6%89%B9%E6%AC%A1,data/jiangsu/raw/plan_sources/2025/中南财经政法大学_jszs_历史_74_e57bbbafe1.html,1
2025,历史类,5206,中南财经政法大学,5206-01,01,首选历史，再选不限,,法学类,13,5850,四,https://gaoxiao.jszs.com/College/plannew.html?cid=74&yearno=2025&ty=%E6%99%AE%E9%80%9A%E7%B1%BB&topchoose=%E5%8E%86%E5%8F%B2&pici=%E6%9C%AC%E7%A7%91%E6%89%B9%E6%AC%A1,data/jiangsu/raw/plan_sources/2025/中南财经政法大学_jszs_历史_74_e57bbbafe1.html,1
2025,历史类,5206,中南财经政法大学,5206-01,01,首选历史，再选不限,,知识产权,2,5850,四,https://gaoxiao.jszs.com/College/plannew.html?cid=74&yearno=2025&ty=%E6%99%AE%E9%80%9A%E7%B1%BB&topchoose=%E5%8E%86%E5%8F%B2&pici=%E6%9C%AC%E7%A7%91%E6%89%B9%E6%AC%A1,data/jiangsu/raw/plan_sources/2025/中南财经政法大学_jszs_历史_74_e57bbbafe1.html,1
2025,历史类,5206,中南财经政法大学,5206-01,01,首选历史，再选不限,,工商管理类,6,4500,四,https://gaoxiao.jszs.com/College/plannew.html?cid=74&yearno=2025&ty=%E6%99%AE%E9%80%9A%E7%B1%BB&topchoose=%E5%8E%86%E5%8F%B2&pici=%E6%9C%AC%E7%A7%91%E6%89%B9%E6%AC%A1,data/jiangsu/raw/plan_sources/2025/中南财经政法大学_jszs_历史_74_e57bbbafe1.html,1
2025,历史类,5206,中南财经政法大学,5206-01,01,首选历史，再选不限,,经济与贸易类,4,5850,四,https://gaoxiao.jszs.com/College/plannew.html?cid=74&yearno=2025&ty=%E6%99%AE%E9%80%9A%E7%B1%BB&topchoose=%E5%8E%86%E5%8F%B2&pici=%E6%9C%AC%E7%A7%91%E6%89%B9%E6%AC%A1,data/jiangsu/raw/plan_sources/2025/中南财经政法大学_jszs_历史_74_e57bbbafe1.html,1
2025,历史类,5206,中南财经政法大学,5206-01,01,首选历史，再选不限,,国际经济与贸易,2,5850,四,https://gaoxiao.jszs.com/College/plannew.html?cid=74&yearno=2025&ty=%E6%99%AE%E9%80%9A%E7%B1%BB&topchoose=%E5%8E%86%E5%8F%B2&pici=%E6%9C%AC%E7%A7%91%E6%89%B9%E6%AC%A1,data/jiangsu/raw/plan_sources/2025/中南财经政法大学_jszs_历史_74_e57bbbafe1.html,1
2025,历史类,5206,中南财经政法大学,5206-01,01,首选历史，再选不限,,会计学,9,5850,四,https://gaoxiao.jszs.com/College/plannew.html?cid=74&yearno=2025&ty=%E6%99%AE%E9%80%9A%E7%B1%BB&topchoose=%E5%8E%86%E5%8F%B2&pici=%E6%9C%AC%E7%A7%91%E6%89%B9%E6%AC%A1,data/jiangsu/raw/plan_sources/2025/中南财经政法大学_jszs_历史_74_e57bbbafe1.html,1
2025,历史类,5206,中南财经政法大学,5206-01,01,首选历史，再选不限,,公共管理类,2,4500,四,https://gaoxiao.jszs.com/College/plannew.html?cid=74&yearno=2025&ty=%E6%99%AE%E9%80%9A%E7%B1%BB&topchoose=%E5%8E%86%E5%8F%B2&pici=%E6%9C%AC%E7%A7%91%E6%89%B9%E6%AC%A1,data/jiangsu/raw/plan_sources/2025/中南财经政法大学_jszs_历史_74_e57bbbafe1.html,1
2025,历史类,5206,中南财经政法大学,5206-01,01,首选历史，再选不限,,外国语言文学类,6,4500,四,https://gaoxiao.jszs.com/College/plannew.html?cid=74&yearno=2025&ty=%E6%99%AE%E9%80%9A%E7%B1%BB&topchoose=%E5%8E%86%E5%8F%B2&pici=%E6%9C%AC%E7%A7%91%E6%89%B9%E6%AC%A1,data/jiangsu/raw/plan_sources/2025/中南财经政法大学_jszs_历史_74_e57bbbafe1.html,1
2025,历史类,5206,中南财经政法大学,5206-01,01,首选历史，再选不限,,新闻传播学类,4,4500,四,https://gaoxiao.jszs.com/College/plannew.html?cid=74&yearno=2025&ty=%E6%99%AE%E9%80%9A%E7%B1%BB&topchoose=%E5%8E%86%E5%8F%B2&pici=%E6%9C%AC%E7%A7%91%E6%89%B9%E6%AC%A1,data/jiangsu/raw/plan_sources/2025/中南财经政法大学_jszs_历史_74_e57bbbafe1.html,1
2025,历史类,1265,中国人民大学(苏州校区),1265-02,02,首选历史，再选不限,,国民经济管理,1,70000,四,https://gaoxiao.jszs.com/College/plannew.html?cid=7367&yearno=2025&ty=%E6%99%AE%E9%80%9A%E7%B1%BB&topchoose=%E5%8E%86%E5%8F%B2&pici=%E6%9C%AC%E7%A7%91%E6%89%B9%E6%AC%A1,data/jiangsu/raw/plan_sources/2025/中国人民大学(苏州校区)_jszs_历史_7367_33241ccd5d.html,1
2025,历史类,1265,中国人民大学(苏州校区),1265-02,02,首选历史，再选不限,,金融学,11,70000,四,https://gaoxiao.jszs.com/College/plannew.html?cid=7367&yearno=2025&ty=%E6%99%AE%E9%80%9A%E7%B1%BB&topchoose=%E5%8E%86%E5%8F%B2&pici=%E6%9C%AC%E7%A7%91%E6%89%B9%E6%AC%A1,data/jiangsu/raw/plan_sources/2025/中国人民大学(苏州校区)_jszs_历史_7367_33241ccd5d.html,1
2025,历史类,1265,中国人民大学(苏州校区),1265-02,02,首选历史，再选不限,,人力资源管理,2,70000,四,https://gaoxiao.jszs.com/College/plannew.html?cid=7367&yearno=2025&ty=%E6%99%AE%E9%80%9A%E7%B1%BB&topchoose=%E5%8E%86%E5%8F%B2&pici=%E6%9C%AC%E7%A7%91%E6%89%B9%E6%AC%A1,data/jiangsu/raw/plan_sources/2025/中国人民大学(苏州校区)_jszs_历史_7367_33241ccd5d.html,1
2025,历史类,1265,中国人民大学(苏州校区),1265-02,02,首选历史，再选不限,,传播学,3,70000,四,https://gaoxiao.jszs.com/College/plannew.html?cid=7367&yearno=2025&ty=%E6%99%AE%E9%80%9A%E7%B1%BB&topchoose=%E5%8E%86%E5%8F%B2&pici=%E6%9C%AC%E7%A7%91%E6%89%B9%E6%AC%A1,data/jiangsu/raw/plan_sources/2025/中国人民大学(苏州校区)_jszs_历史_7367_33241ccd5d.html,1
2025,历史类,3102,中国人民大学,3102-04,04,首选历史，再选思想政治,,政治学、经济学与哲学,1,5000,四,https://gaoxiao.jszs.com/College/plannew.html?cid=26&yearno=2025&ty=%E6%99%AE%E9%80%9A%E7%B1%BB&topchoose=%E5%8E%86%E5%8F%B2&pici=%E6%9C%AC%E7%A7%91%E6%89%B9%E6%AC%A1,data/jiangsu/raw/plan_sources/2025/中国人民大学_jszs_历史_26_502cb7dcd2.html,1
2025,历史类,3102,中国人民大学,3102-04,04,首选历史，再选思想政治,,国际政治,1,5000,四,https://gaoxiao.jszs.com/College/plannew.html?cid=26&yearno=2025&ty=%E6%99%AE%E9%80%9A%E7%B1%BB&topchoose=%E5%8E%86%E5%8F%B2&pici=%E6%9C%AC%E7%A7%91%E6%89%B9%E6%AC%A1,data/jiangsu/raw/plan_sources/2025/中国人民大学_jszs_历史_26_502cb7dcd2.html,1
2025,历史类,3102,中国人民大学,3102-03,03,首选历史，再选不限,,法学,4,5000,四,https://gaoxiao.jszs.com/College/plannew.html?cid=26&yearno=2025&ty=%E6%99%AE%E9%80%9A%E7%B1%BB&topchoose=%E5%8E%86%E5%8F%B2&pici=%E6%9C%AC%E7%A7%91%E6%89%B9%E6%AC%A1,data/jiangsu/raw/plan_sources/2025/中国人民大学_jszs_历史_26_502cb7dcd2.html,1
2025,历史类,3102,中国人民大学,3102-03,03,首选历史，再选不限,,新闻传播学类,2,5000,四,https://gaoxiao.jszs.com/College/plannew.html?cid=26&yearno=2025&ty=%E6%99%AE%E9%80%9A%E7%B1%BB&topchoose=%E5%8E%86%E5%8F%B2&pici=%E6%9C%AC%E7%A7%91%E6%89%B9%E6%AC%A1,data/jiangsu/raw/plan_sources/2025/中国人民大学_jszs_历史_26_502cb7dcd2.html,1
2025,历史类,3102,中国人民大学,3102-03,03,首选历史，再选不限,,人文科学试验班,2,5000,四,https://gaoxiao.jszs.com/College/plannew.html?cid=26&yearno=2025&ty=%E6%99%AE%E9%80%9A%E7%B1%BB&topchoose=%E5%8E%86%E5%8F%B2&pici=%E6%9C%AC%E7%A7%91%E6%89%B9%E6%AC%A1,data/jiangsu/raw/plan_sources/2025/中国人民大学_jszs_历史_26_502cb7dcd2.html,1
2025,历史类,3102,中国人民大学,3102-03,03,首选历史，再选不限,,金融学类,3,5000,四,https://gaoxiao.jszs.com/College/plannew.html?cid=26&yearno=2025&ty=%E6%99%AE%E9%80%9A%E7%B1%BB&topchoose=%E5%8E%86%E5%8F%B2&pici=%E6%9C%AC%E7%A7%91%E6%89%B9%E6%AC%A1,data/jiangsu/raw/plan_sources/2025/中国人民大学_jszs_历史_26_502cb7dcd2.html,1
2025,历史类,3102,中国人民大学,3102-03,03,首选历史，再选不限,,财政学类,2,5000,四,https://gaoxiao.jszs.com/College/plannew.html?cid=26&yearno=2025&ty=%E6%99%AE%E9%80%9A%E7%B1%BB&topchoose=%E5%8E%86%E5%8F%B2&pici=%E6%9C%AC%E7%A7%91%E6%89%B9%E6%AC%A1,data/jiangsu/raw/plan_sources/2025/中国人民大学_jszs_历史_26_502cb7dcd2.html,1
2025,历史类,3102,中国人民大学,3102-03,03,首选历史，再选不限,,经济学类,6,5000,四,https://gaoxiao.jszs.com/College/plannew.html?cid=26&yearno=2025&ty=%E6%99%AE%E9%80%9A%E7%B1%BB&topchoose=%E5%8E%86%E5%8F%B2&pici=%E6%9C%AC%E7%A7%91%E6%89%B9%E6%AC%A1,data/jiangsu/raw/plan_sources/2025/中国人民大学_jszs_历史_26_502cb7dcd2.html,1
2025,历史类,3102,中国人民大学,3102-03,03,首选历史，再选不限,,社会学类,3,5000,四,https://gaoxiao.jszs.com/College/plannew.html?cid=26&yearno=2025&ty=%E6%99%AE%E9%80%9A%E7%B1%BB&topchoose=%E5%8E%86%E5%8F%B2&pici=%E6%9C%AC%E7%A7%91%E6%89%B9%E6%AC%A1,data/jiangsu/raw/plan_sources/2025/中国人民大学_jszs_历史_26_502cb7dcd2.html,1
2025,历史类,3102,中国人民大学,3102-03,03,首选历史，再选不限,,工商管理类,4,5000,四,https://gaoxiao.jszs.com/College/plannew.html?cid=26&yearno=2025&ty=%E6%99%AE%E9%80%9A%E7%B1%BB&topchoose=%E5%8E%86%E5%8F%B2&pici=%E6%9C%AC%E7%A7%91%E6%89%B9%E6%AC%A1,data/jiangsu/raw/plan_sources/2025/中国人民大学_jszs_历史_26_502cb7dcd2.html,1
2025,历史类,3102,中国人民大学,3102-03,03,首选历史，再选不限,,资源与环境经济学,2,5000,四,https://gaoxiao.jszs.com/College/plannew.html?cid=26&yearno=2025&ty=%E6%99%AE%E9%80%9A%E7%B1%BB&topchoose=%E5%8E%86%E5%8F%B2&pici=%E6%9C%AC%E7%A7%91%E6%89%B9%E6%AC%A1,data/jiangsu/raw/plan_sources/2025/中国人民大学_jszs_历史_26_502cb7dcd2.html,1
2025,历史类,3102,中国人民大学,3102-03,03,首选历史，再选不限,,公共管理类,2,5000,四,https://gaoxiao.jszs.com/College/plannew.html?cid=26&yearno=2025&ty=%E6%99%AE%E9%80%9A%E7%B1%BB&topchoose=%E5%8E%86%E5%8F%B2&pici=%E6%9C%AC%E7%A7%91%E6%89%B9%E6%AC%A1,data/jiangsu/raw/plan_sources/2025/中国人民大学_jszs_历史_26_502cb7dcd2.html,1
2025,历史类,3123,中国传媒大学,3123-05,05,首选历史，再选不限,,广播电视编导,2,10000,四,https://gaoxiao.jszs.com/College/plannew.html?cid=183&yearno=2025&ty=%E6%99%AE%E9%80%9A%E7%B1%BB&topchoose=%E5%8E%86%E5%8F%B2&pici=%E6%9C%AC%E7%A7%91%E6%89%B9%E6%AC%A1,data/jiangsu/raw/plan_sources/2025/中国传媒大学_jszs_历史_183_65adf45693.html,1
2025,历史类,3123,中国传媒大学,3123-04,04,首选历史，再选不限,,英语,2,6000,四,https://gaoxiao.jszs.com/College/plannew.html?cid=183&yearno=2025&ty=%E6%99%AE%E9%80%9A%E7%B1%BB&topchoose=%E5%8E%86%E5%8F%B2&pici=%E6%9C%AC%E7%A7%91%E6%89%B9%E6%AC%A1,data/jiangsu/raw/plan_sources/2025/中国传媒大学_jszs_历史_183_65adf45693.html,1
2025,历史类,3123,中国传媒大学,3123-03,03,首选历史，再选不限,,广告学,2,85000,四,https://gaoxiao.jszs.com/College/plannew.html?cid=183&yearno=2025&ty=%E6%99%AE%E9%80%9A%E7%B1%BB&topchoose=%E5%8E%86%E5%8F%B2&pici=%E6%9C%AC%E7%A7%91%E6%89%B9%E6%AC%A1,data/jiangsu/raw/plan_sources/2025/中国传媒大学_jszs_历史_183_65adf45693.html,1
2025,历史类,3123,中国传媒大学,3123-03,03,首选历史，再选不限,,传播学,3,85000,四,https://gaoxiao.jszs.com/College/plannew.html?cid=183&yearno=2025&ty=%E6%99%AE%E9%80%9A%E7%B1%BB&topchoose=%E5%8E%86%E5%8F%B2&pici=%E6%9C%AC%E7%A7%91%E6%89%B9%E6%AC%A1,data/jiangsu/raw/plan_sources/2025/中国传媒大学_jszs_历史_183_65adf45693.html,1
2025,历史类,3123,中国传媒大学,3123-02,02,首选历史，再选不限,,广告学,3,5000,四,https://gaoxiao.jszs.com/College/plannew.html?cid=183&yearno=2025&ty=%E6%99%AE%E9%80%9A%E7%B1%BB&topchoose=%E5%8E%86%E5%8F%B2&pici=%E6%9C%AC%E7%A7%91%E6%89%B9%E6%AC%A1,data/jiangsu/raw/plan_sources/2025/中国传媒大学_jszs_历史_183_65adf45693.html,1
2025,历史类,3123,中国传媒大学,3123-02,02,首选历史，再选不限,,网络与新媒体,2,5000,四,https://gaoxiao.jszs.com/College/plannew.html?cid=183&yearno=2025&ty=%E6%99%AE%E9%80%9A%E7%B1%BB&topchoose=%E5%8E%86%E5%8F%B2&pici=%E6%9C%AC%E7%A7%91%E6%89%B9%E6%AC%A1,data/jiangsu/raw/plan_sources/2025/中国传媒大学_jszs_历史_183_65adf45693.html,1
2025,历史类,3123,中国传媒大学,3123-02,02,首选历史，再选不限,,数字出版,2,5000,四,https://gaoxiao.jszs.com/College/plannew.html?cid=183&yearno=2025&ty=%E6%99%AE%E9%80%9A%E7%B1%BB&topchoose=%E5%8E%86%E5%8F%B2&pici=%E6%9C%AC%E7%A7%91%E6%89%B9%E6%AC%A1,data/jiangsu/raw/plan_sources/2025/中国传媒大学_jszs_历史_183_65adf45693.html,1
2025,历史类,3123,中国传媒大学,3123-02,02,首选历史，再选不限,,新闻学,2,5000,四,https://gaoxiao.jszs.com/College/plannew.html?cid=183&yearno=2025&ty=%E6%99%AE%E9%80%9A%E7%B1%BB&topchoose=%E5%8E%86%E5%8F%B2&pici=%E6%9C%AC%E7%A7%91%E6%89%B9%E6%AC%A1,data/jiangsu/raw/plan_sources/2025/中国传媒大学_jszs_历史_183_65adf45693.html,1
2025,历史类,3123,中国传媒大学,3123-02,02,首选历史，再选不限,,汉语言文学,2,5000,四,https://gaoxiao.jszs.com/College/plannew.html?cid=183&yearno=2025&ty=%E6%99%AE%E9%80%9A%E7%B1%BB&topchoose=%E5%8E%86%E5%8F%B2&pici=%E6%9C%AC%E7%A7%91%E6%89%B9%E6%AC%A1,data/jiangsu/raw/plan_sources/2025/中国传媒大学_jszs_历史_183_65adf45693.html,1
2025,历史类,3110,中国农业大学,3110-02,02,首选历史，再选不限,,国际经济与贸易,2,,四,https://gaoxiao.jszs.com/College/plannew.html?cid=31&yearno=2025&ty=%E6%99%AE%E9%80%9A%E7%B1%BB&topchoose=%E5%8E%86%E5%8F%B2&pici=%E6%9C%AC%E7%A7%91%E6%89%B9%E6%AC%A1,data/jiangsu/raw/plan_sources/2025/中国农业大学_jszs_历史_31_985cf9abc4.html,1
2025,历史类,3110,中国农业大学,3110-02,02,首选历史，再选不限,,传播学,4,,四,https://gaoxiao.jszs.com/College/plannew.html?cid=31&yearno=2025&ty=%E6%99%AE%E9%80%9A%E7%B1%BB&topchoose=%E5%8E%86%E5%8F%B2&pici=%E6%9C%AC%E7%A7%91%E6%89%B9%E6%AC%A1,data/jiangsu/raw/plan_sources/2025/中国农业大学_jszs_历史_31_985cf9abc4.html,1
2025,历史类,3110,中国农业大学,3110-02,02,首选历史，再选不限,,农林经济管理,2,,四,https://gaoxiao.jszs.com/College/plannew.html?cid=31&yearno=2025&ty=%E6%99%AE%E9%80%9A%E7%B1%BB&topchoose=%E5%8E%86%E5%8F%B2&pici=%E6%9C%AC%E7%A7%91%E6%89%B9%E6%AC%A1,data/jiangsu/raw/plan_sources/2025/中国农业大学_jszs_历史_31_985cf9abc4.html,1
2025,历史类,3110,中国农业大学,3110-01,01,首选历史，再选不限,,经济学类,5,5000,四,https://gaoxiao.jszs.com/College/plannew.html?cid=31&yearno=2025&ty=%E6%99%AE%E9%80%9A%E7%B1%BB&topchoose=%E5%8E%86%E5%8F%B2&pici=%E6%9C%AC%E7%A7%91%E6%89%B9%E6%AC%A1,data/jiangsu/raw/plan_sources/2025/中国农业大学_jszs_历史_31_985cf9abc4.html,1
2025,历史类,3110,中国农业大学,3110-01,01,首选历史，再选不限,,法学,3,5000,四,https://gaoxiao.jszs.com/College/plannew.html?cid=31&yearno=2025&ty=%E6%99%AE%E9%80%9A%E7%B1%BB&topchoose=%E5%8E%86%E5%8F%B2&pici=%E6%9C%AC%E7%A7%91%E6%89%B9%E6%AC%A1,data/jiangsu/raw/plan_sources/2025/中国农业大学_jszs_历史_31_985cf9abc4.html,1
2025,历史类,3110,中国农业大学,3110-01,01,首选历史，再选不限,,社会学类,3,5000,四,https://gaoxiao.jszs.com/College/plannew.html?cid=31&yearno=2025&ty=%E6%99%AE%E9%80%9A%E7%B1%BB&topchoose=%E5%8E%86%E5%8F%B2&pici=%E6%9C%AC%E7%A7%91%E6%89%B9%E6%AC%A1,data/jiangsu/raw/plan_sources/2025/中国农业大学_jszs_历史_31_985cf9abc4.html,1
2025,历史类,3110,中国农业大学,3110-01,01,首选历史，再选不限,,农村区域发展,2,5000,四,https://gaoxiao.jszs.com/College/plannew.html?cid=31&yearno=2025&ty=%E6%99%AE%E9%80%9A%E7%B1%BB&topchoose=%E5%8E%86%E5%8F%B2&pici=%E6%9C%AC%E7%A7%91%E6%89%B9%E6%AC%A1,data/jiangsu/raw/plan_sources/2025/中国农业大学_jszs_历史_31_985cf9abc4.html,1
2025,历史类,3110,中国农业大学,3110-01,01,首选历史，再选不限,,工商管理类,5,5000,四,https://gaoxiao.jszs.com/College/plannew.html?cid=31&yearno=2025&ty=%E6%99%AE%E9%80%9A%E7%B1%BB&topchoose=%E5%8E%86%E5%8F%B2&pici=%E6%9C%AC%E7%A7%91%E6%89%B9%E6%AC%A1,data/jiangsu/raw/plan_sources/2025/中国农业大学_jszs_历史_31_985cf9abc4.html,1
2025,历史类,3112,中国政法大学,3112-03,03,首选历史，再选思想政治,,国际政治,3,5000,四,https://gaoxiao.jszs.com/College/plannew.html?cid=126&yearno=2025&ty=%E6%99%AE%E9%80%9A%E7%B1%BB&topchoose=%E5%8E%86%E5%8F%B2&pici=%E6%9C%AC%E7%A7%91%E6%89%B9%E6%AC%A1,data/jiangsu/raw/plan_sources/2025/中国政法大学_jszs_历史_126_e610617e9d.html,1
2025,历史类,3112,中国政法大学,3112-03,03,首选历史，再选思想政治,,政治学与行政学,1,5000,四,https://gaoxiao.jszs.com/College/plannew.html?cid=126&yearno=2025&ty=%E6%99%AE%E9%80%9A%E7%B1%BB&topchoose=%E5%8E%86%E5%8F%B2&pici=%E6%9C%AC%E7%A7%91%E6%89%B9%E6%AC%A1,data/jiangsu/raw/plan_sources/2025/中国政法大学_jszs_历史_126_e610617e9d.html,1
2025,历史类,3112,中国政法大学,3112-02,02,首选历史，再选不限,,法学,5,5000,四,https://gaoxiao.jszs.com/College/plannew.html?cid=126&yearno=2025&ty=%E6%99%AE%E9%80%9A%E7%B1%BB&topchoose=%E5%8E%86%E5%8F%B2&pici=%E6%9C%AC%E7%A7%91%E6%89%B9%E6%AC%A1,data/jiangsu/raw/plan_sources/2025/中国政法大学_jszs_历史_126_e610617e9d.html,1
2025,历史类,3112,中国政法大学,3112-01,01,首选历史，再选不限,,哲学,1,5000,四,https://gaoxiao.jszs.com/College/plannew.html?cid=126&yearno=2025&ty=%E6%99%AE%E9%80%9A%E7%B1%BB&topchoose=%E5%8E%86%E5%8F%B2&pici=%E6%9C%AC%E7%A7%91%E6%89%B9%E6%AC%A1,data/jiangsu/raw/plan_sources/2025/中国政法大学_jszs_历史_126_e610617e9d.html,1
2025,历史类,3112,中国政法大学,3112-01,01,首选历史，再选不限,,法学,16,5000,四,https://gaoxiao.jszs.com/College/plannew.html?cid=126&yearno=2025&ty=%E6%99%AE%E9%80%9A%E7%B1%BB&topchoose=%E5%8E%86%E5%8F%B2&pici=%E6%9C%AC%E7%A7%91%E6%89%B9%E6%AC%A1,data/jiangsu/raw/plan_sources/2025/中国政法大学_jszs_历史_126_e610617e9d.html,1
2025,历史类,3112,中国政法大学,3112-01,01,首选历史，再选不限,,社会学,1,5000,四,https://gaoxiao.jszs.com/College/plannew.html?cid=126&yearno=2025&ty=%E6%99%AE%E9%80%9A%E7%B1%BB&topchoose=%E5%8E%86%E5%8F%B2&pici=%E6%9C%AC%E7%A7%91%E6%89%B9%E6%AC%A1,data/jiangsu/raw/plan_sources/2025/中国政法大学_jszs_历史_126_e610617e9d.html,1
2025,历史类,3112,中国政法大学,3112-01,01,首选历史，再选不限,,汉语言文学,2,5000,四,https://gaoxiao.jszs.com/College/plannew.html?cid=126&yearno=2025&ty=%E6%99%AE%E9%80%9A%E7%B1%BB&topchoose=%E5%8E%86%E5%8F%B2&pici=%E6%9C%AC%E7%A7%91%E6%89%B9%E6%AC%A1,data/jiangsu/raw/plan_sources/2025/中国政法大学_jszs_历史_126_e610617e9d.html,1
2025,历史类,3112,中国政法大学,3112-01,01,首选历史，再选不限,,翻译,3,6000,四,https://gaoxiao.jszs.com/College/plannew.html?cid=126&yearno=2025&ty=%E6%99%AE%E9%80%9A%E7%B1%BB&topchoose=%E5%8E%86%E5%8F%B2&pici=%E6%9C%AC%E7%A7%91%E6%89%B9%E6%AC%A1,data/jiangsu/raw/plan_sources/2025/中国政法大学_jszs_历史_126_e610617e9d.html,1
2025,历史类,3112,中国政法大学,3112-01,01,首选历史，再选不限,,德语,2,6000,四,https://gaoxiao.jszs.com/College/plannew.html?cid=126&yearno=2025&ty=%E6%99%AE%E9%80%9A%E7%B1%BB&topchoose=%E5%8E%86%E5%8F%B2&pici=%E6%9C%AC%E7%A7%91%E6%89%B9%E6%AC%A1,data/jiangsu/raw/plan_sources/2025/中国政法大学_jszs_历史_126_e610617e9d.html,1
2025,历史类,3112,中国政法大学,3112-01,01,首选历史，再选不限,,应用心理学,2,5000,四,https://gaoxiao.jszs.com/College/plannew.html?cid=126&yearno=2025&ty=%E6%99%AE%E9%80%9A%E7%B1%BB&topchoose=%E5%8E%86%E5%8F%B2&pici=%E6%9C%AC%E7%A7%91%E6%89%B9%E6%AC%A1,data/jiangsu/raw/plan_sources/2025/中国政法大学_jszs_历史_126_e610617e9d.html,1
2025,历史类,3112,中国政法大学,3112-01,01,首选历史，再选不限,,工商管理,3,5000,四,https://gaoxiao.jszs.com/College/plannew.html?cid=126&yearno=2025&ty=%E6%99%AE%E9%80%9A%E7%B1%BB&topchoose=%E5%8E%86%E5%8F%B2&pici=%E6%9C%AC%E7%A7%91%E6%89%B9%E6%AC%A1,data/jiangsu/raw/plan_sources/2025/中国政法大学_jszs_历史_126_e610617e9d.html,1
2025,历史类,3112,中国政法大学,3112-01,01,首选历史，再选不限,,公共事业管理,2,5000,四,https://gaoxiao.jszs.com/College/plannew.html?cid=126&yearno=2025&ty=%E6%99%AE%E9%80%9A%E7%B1%BB&topchoose=%E5%8E%86%E5%8F%B2&pici=%E6%9C%AC%E7%A7%91%E6%89%B9%E6%AC%A1,data/jiangsu/raw/plan_sources/2025/中国政法大学_jszs_历史_126_e610617e9d.html,1
2025,历史类,2621,中国海洋大学,2621-04,04,首选历史，再选思想政治,,政治学与行政学,2,5280,四,https://gaoxiao.jszs.com/College/plannew.html?cid=60&yearno=2025&ty=%E6%99%AE%E9%80%9A%E7%B1%BB&topchoose=%E5%8E%86%E5%8F%B2&pici=%E6%9C%AC%E7%A7%91%E6%89%B9%E6%AC%A1,data/jiangsu/raw/plan_sources/2025/中国海洋大学_jszs_历史_60_0ab47819be.html,1
2025,历史类,2621,中国海洋大学,2621-03,03,首选历史，再选不限,,法学,2,98000,四,https://gaoxiao.jszs.com/College/plannew.html?cid=60&yearno=2025&ty=%E6%99%AE%E9%80%9A%E7%B1%BB&topchoose=%E5%8E%86%E5%8F%B2&pici=%E6%9C%AC%E7%A7%91%E6%89%B9%E6%AC%A1,data/jiangsu/raw/plan_sources/2025/中国海洋大学_jszs_历史_60_0ab47819be.html,1
2025,历史类,2621,中国海洋大学,2621-02,02,首选历史，再选不限,,工商管理,2,6600,四,https://gaoxiao.jszs.com/College/plannew.html?cid=60&yearno=2025&ty=%E6%99%AE%E9%80%9A%E7%B1%BB&topchoose=%E5%8E%86%E5%8F%B2&pici=%E6%9C%AC%E7%A7%91%E6%89%B9%E6%AC%A1,data/jiangsu/raw/plan_sources/2025/中国海洋大学_jszs_历史_60_0ab47819be.html,1
2025,历史类,2621,中国海洋大学,2621-02,02,首选历史，再选不限,,市场营销,2,6600,四,https://gaoxiao.jszs.com/College/plannew.html?cid=60&yearno=2025&ty=%E6%99%AE%E9%80%9A%E7%B1%BB&topchoose=%E5%8E%86%E5%8F%B2&pici=%E6%9C%AC%E7%A7%91%E6%89%B9%E6%AC%A1,data/jiangsu/raw/plan_sources/2025/中国海洋大学_jszs_历史_60_0ab47819be.html,1
2025,历史类,2621,中国海洋大学,2621-02,02,首选历史，再选不限,,英语,1,5280,四,https://gaoxiao.jszs.com/College/plannew.html?cid=60&yearno=2025&ty=%E6%99%AE%E9%80%9A%E7%B1%BB&topchoose=%E5%8E%86%E5%8F%B2&pici=%E6%9C%AC%E7%A7%91%E6%89%B9%E6%AC%A1,data/jiangsu/raw/plan_sources/2025/中国海洋大学_jszs_历史_60_0ab47819be.html,1
2025,历史类,2621,中国海洋大学,2621-02,02,首选历史，再选不限,,汉语言文学,2,5280,四,https://gaoxiao.jszs.com/College/plannew.html?cid=60&yearno=2025&ty=%E6%99%AE%E9%80%9A%E7%B1%BB&topchoose=%E5%8E%86%E5%8F%B2&pici=%E6%9C%AC%E7%A7%91%E6%89%B9%E6%AC%A1,data/jiangsu/raw/plan_sources/2025/中国海洋大学_jszs_历史_60_0ab47819be.html,1
2025,历史类,2621,中国海洋大学,2621-02,02,首选历史，再选不限,,新闻传播学类,2,5280,四,https://gaoxiao.jszs.com/College/plannew.html?cid=60&yearno=2025&ty=%E6%99%AE%E9%80%9A%E7%B1%BB&topchoose=%E5%8E%86%E5%8F%B2&pici=%E6%9C%AC%E7%A7%91%E6%89%B9%E6%AC%A1,data/jiangsu/raw/plan_sources/2025/中国海洋大学_jszs_历史_60_0ab47819be.html,1
2025,历史类,2621,中国海洋大学,2621-02,02,首选历史，再选不限,,法学,2,5280,四,https://gaoxiao.jszs.com/College/plannew.html?cid=60&yearno=2025&ty=%E6%99%AE%E9%80%9A%E7%B1%BB&topchoose=%E5%8E%86%E5%8F%B2&pici=%E6%9C%AC%E7%A7%91%E6%89%B9%E6%AC%A1,data/jiangsu/raw/plan_sources/2025/中国海洋大学_jszs_历史_60_0ab47819be.html,1
2025,历史类,2621,中国海洋大学,2621-02,02,首选历史，再选不限,,行政管理,2,6600,四,https://gaoxiao.jszs.com/College/plannew.html?cid=60&yearno=2025&ty=%E6%99%AE%E9%80%9A%E7%B1%BB&topchoose=%E5%8E%86%E5%8F%B2&pici=%E6%9C%AC%E7%A7%91%E6%89%B9%E6%AC%A1,data/jiangsu/raw/plan_sources/2025/中国海洋大学_jszs_历史_60_0ab47819be.html,1
2025,历史类,3129,中央民族大学,3129-01,01,首选历史，再选不限,,哲学类,2,5000,四,https://gaoxiao.jszs.com/College/plannew.html?cid=153&yearno=2025&ty=%E6%99%AE%E9%80%9A%E7%B1%BB&topchoose=%E5%8E%86%E5%8F%B2&pici=%E6%9C%AC%E7%A7%91%E6%89%B9%E6%AC%A1,data/jiangsu/raw/plan_sources/2025/中央民族大学_jszs_历史_153_1b71559fed.html,1
2025,历史类,3129,中央民族大学,3129-01,01,首选历史，再选不限,,经济学类,4,5000,四,https://gaoxiao.jszs.com/College/plannew.html?cid=153&yearno=2025&ty=%E6%99%AE%E9%80%9A%E7%B1%BB&topchoose=%E5%8E%86%E5%8F%B2&pici=%E6%9C%AC%E7%A7%91%E6%89%B9%E6%AC%A1,data/jiangsu/raw/plan_sources/2025/中央民族大学_jszs_历史_153_1b71559fed.html,1
2025,历史类,3129,中央民族大学,3129-01,01,首选历史，再选不限,,法学类,5,5000,四,https://gaoxiao.jszs.com/College/plannew.html?cid=153&yearno=2025&ty=%E6%99%AE%E9%80%9A%E7%B1%BB&topchoose=%E5%8E%86%E5%8F%B2&pici=%E6%9C%AC%E7%A7%91%E6%89%B9%E6%AC%A1,data/jiangsu/raw/plan_sources/2025/中央民族大学_jszs_历史_153_1b71559fed.html,1
2025,历史类,3129,中央民族大学,3129-01,01,首选历史，再选不限,,社会学类,2,5000,四,https://gaoxiao.jszs.com/College/plannew.html?cid=153&yearno=2025&ty=%E6%99%AE%E9%80%9A%E7%B1%BB&topchoose=%E5%8E%86%E5%8F%B2&pici=%E6%9C%AC%E7%A7%91%E6%89%B9%E6%AC%A1,data/jiangsu/raw/plan_sources/2025/中央民族大学_jszs_历史_153_1b71559fed.html,1
2025,历史类,3129,中央民族大学,3129-01,01,首选历史，再选不限,,民族学,2,5000,四,https://gaoxiao.jszs.com/College/plannew.html?cid=153&yearno=2025&ty=%E6%99%AE%E9%80%9A%E7%B1%BB&topchoose=%E5%8E%86%E5%8F%B2&pici=%E6%9C%AC%E7%A7%91%E6%89%B9%E6%AC%A1,data/jiangsu/raw/plan_sources/2025/中央民族大学_jszs_历史_153_1b71559fed.html,1
2025,历史类,3129,中央民族大学,3129-01,01,首选历史，再选不限,,历史学类,2,5000,四,https://gaoxiao.jszs.com/College/plannew.html?cid=153&yearno=2025&ty=%E6%99%AE%E9%80%9A%E7%B1%BB&topchoose=%E5%8E%86%E5%8F%B2&pici=%E6%9C%AC%E7%A7%91%E6%89%B9%E6%AC%A1,data/jiangsu/raw/plan_sources/2025/中央民族大学_jszs_历史_153_1b71559fed.html,1
2025,历史类,3129,中央民族大学,3129-01,01,首选历史，再选不限,,历史学,2,5000,四,https://gaoxiao.jszs.com/College/plannew.html?cid=153&yearno=2025&ty=%E6%99%AE%E9%80%9A%E7%B1%BB&topchoose=%E5%8E%86%E5%8F%B2&pici=%E6%9C%AC%E7%A7%91%E6%89%B9%E6%AC%A1,data/jiangsu/raw/plan_sources/2025/中央民族大学_jszs_历史_153_1b71559fed.html,1
2025,历史类,3129,中央民族大学,3129-01,01,首选历史，再选不限,,教育学,2,5000,四,https://gaoxiao.jszs.com/College/plannew.html?cid=153&yearno=2025&ty=%E6%99%AE%E9%80%9A%E7%B1%BB&topchoose=%E5%8E%86%E5%8F%B2&pici=%E6%9C%AC%E7%A7%91%E6%89%B9%E6%AC%A1,data/jiangsu/raw/plan_sources/2025/中央民族大学_jszs_历史_153_1b71559fed.html,1
2025,历史类,3129,中央民族大学,3129-01,01,首选历史，再选不限,,汉语言文学,2,5000,四,https://gaoxiao.jszs.com/College/plannew.html?cid=153&yearno=2025&ty=%E6%99%AE%E9%80%9A%E7%B1%BB&topchoose=%E5%8E%86%E5%8F%B2&pici=%E6%9C%AC%E7%A7%91%E6%89%B9%E6%AC%A1,data/jiangsu/raw/plan_sources/2025/中央民族大学_jszs_历史_153_1b71559fed.html,1
2025,历史类,3129,中央民族大学,3129-01,01,首选历史，再选不限,,汉语国际教育,3,5000,四,https://gaoxiao.jszs.com/College/plannew.html?cid=153&yearno=2025&ty=%E6%99%AE%E9%80%9A%E7%B1%BB&topchoose=%E5%8E%86%E5%8F%B2&pici=%E6%9C%AC%E7%A7%91%E6%89%B9%E6%AC%A1,data/jiangsu/raw/plan_sources/2025/中央民族大学_jszs_历史_153_1b71559fed.html,1
2025,历史类,3129,中央民族大学,3129-01,01,首选历史，再选不限,,新闻传播学类,4,5000,四,https://gaoxiao.jszs.com/College/plannew.html?cid=153&yearno=2025&ty=%E6%99%AE%E9%80%9A%E7%B1%BB&topchoose=%E5%8E%86%E5%8F%B2&pici=%E6%9C%AC%E7%A7%91%E6%89%B9%E6%AC%A1,data/jiangsu/raw/plan_sources/2025/中央民族大学_jszs_历史_153_1b71559fed.html,1
2025,历史类,3129,中央民族大学,3129-01,01,首选历史，再选不限,,工商管理类,4,5000,四,https://gaoxiao.jszs.com/College/plannew.html?cid=153&yearno=2025&ty=%E6%99%AE%E9%80%9A%E7%B1%BB&topchoose=%E5%8E%86%E5%8F%B2&pici=%E6%9C%AC%E7%A7%91%E6%89%B9%E6%AC%A1,data/jiangsu/raw/plan_sources/2025/中央民族大学_jszs_历史_153_1b71559fed.html,1
2025,历史类,3129,中央民族大学,3129-01,01,首选历史，再选不限,,公共管理类,3,5000,四,https://gaoxiao.jszs.com/College/plannew.html?cid=153&yearno=2025&ty=%E6%99%AE%E9%80%9A%E7%B1%BB&topchoose=%E5%8E%86%E5%8F%B2&pici=%E6%9C%AC%E7%A7%91%E6%89%B9%E6%AC%A1,data/jiangsu/raw/plan_sources/2025/中央民族大学_jszs_历史_153_1b71559fed.html,1
2025,历史类,3129,中央民族大学,3129-01,01,首选历史，再选不限,,外国语言文学类,3,6000,四,https://gaoxiao.jszs.com/College/plannew.html?cid=153&yearno=2025&ty=%E6%99%AE%E9%80%9A%E7%B1%BB&topchoose=%E5%8E%86%E5%8F%B2&pici=%E6%9C%AC%E7%A7%91%E6%89%B9%E6%AC%A1,data/jiangsu/raw/plan_sources/2025/中央民族大学_jszs_历史_153_1b71559fed.html,1
2025,历史类,3120,中央财经大学,3120-02,02,首选历史，再选不限,,国际经济与贸易,5,100000,四,https://gaoxiao.jszs.com/College/plannew.html?cid=247&yearno=2025&ty=%E6%99%AE%E9%80%9A%E7%B1%BB&topchoose=%E5%8E%86%E5%8F%B2&pici=%E6%9C%AC%E7%A7%91%E6%89%B9%E6%AC%A1,data/jiangsu/raw/plan_sources/2025/中央财经大学_jszs_历史_247_f2e0c5cb0c.html,1
2025,历史类,3120,中央财经大学,3120-01,01,首选历史，再选不限,,财政学类,3,5000,四,https://gaoxiao.jszs.com/College/plannew.html?cid=247&yearno=2025&ty=%E6%99%AE%E9%80%9A%E7%B1%BB&topchoose=%E5%8E%86%E5%8F%B2&pici=%E6%9C%AC%E7%A7%91%E6%89%B9%E6%AC%A1,data/jiangsu/raw/plan_sources/2025/中央财经大学_jszs_历史_247_f2e0c5cb0c.html,1
2025,历史类,3120,中央财经大学,3120-01,01,首选历史，再选不限,,金融学,2,5000,四,https://gaoxiao.jszs.com/College/plannew.html?cid=247&yearno=2025&ty=%E6%99%AE%E9%80%9A%E7%B1%BB&topchoose=%E5%8E%86%E5%8F%B2&pici=%E6%9C%AC%E7%A7%91%E6%89%B9%E6%AC%A1,data/jiangsu/raw/plan_sources/2025/中央财经大学_jszs_历史_247_f2e0c5cb0c.html,1
2025,历史类,3120,中央财经大学,3120-01,01,首选历史，再选不限,,工商管理类,3,5000,四,https://gaoxiao.jszs.com/College/plannew.html?cid=247&yearno=2025&ty=%E6%99%AE%E9%80%9A%E7%B1%BB&topchoose=%E5%8E%86%E5%8F%B2&pici=%E6%9C%AC%E7%A7%91%E6%89%B9%E6%AC%A1,data/jiangsu/raw/plan_sources/2025/中央财经大学_jszs_历史_247_f2e0c5cb0c.html,1
2025,历史类,3120,中央财经大学,3120-01,01,首选历史，再选不限,,经济与贸易类,2,5000,四,https://gaoxiao.jszs.com/College/plannew.html?cid=247&yearno=2025&ty=%E6%99%AE%E9%80%9A%E7%B1%BB&topchoose=%E5%8E%86%E5%8F%B2&pici=%E6%9C%AC%E7%A7%91%E6%89%B9%E6%AC%A1,data/jiangsu/raw/plan_sources/2025/中央财经大学_jszs_历史_247_f2e0c5cb0c.html,1
2025,历史类,3120,中央财经大学,3120-01,01,首选历史，再选不限,,经济学类,2,5000,四,https://gaoxiao.jszs.com/College/plannew.html?cid=247&yearno=2025&ty=%E6%99%AE%E9%80%9A%E7%B1%BB&topchoose=%E5%8E%86%E5%8F%B2&pici=%E6%9C%AC%E7%A7%91%E6%89%B9%E6%AC%A1,data/jiangsu/raw/plan_sources/2025/中央财经大学_jszs_历史_247_f2e0c5cb0c.html,1
2025,历史类,3120,中央财经大学,3120-01,01,首选历史，再选不限,,公共管理类,2,5000,四,https://gaoxiao.jszs.com/College/plannew.html?cid=247&yearno=2025&ty=%E6%99%AE%E9%80%9A%E7%B1%BB&topchoose=%E5%8E%86%E5%8F%B2&pici=%E6%9C%AC%E7%A7%91%E6%89%B9%E6%AC%A1,data/jiangsu/raw/plan_sources/2025/中央财经大学_jszs_历史_247_f2e0c5cb0c.html,1
2025,历史类,3120,中央财经大学,3120-01,01,首选历史，再选不限,,法学,3,5000,四,https://gaoxiao.jszs.com/College/plannew.html?cid=247&yearno=2025&ty=%E6%99%AE%E9%80%9A%E7%B1%BB&topchoose=%E5%8E%86%E5%8F%B2&pici=%E6%9C%AC%E7%A7%91%E6%89%B9%E6%AC%A1,data/jiangsu/raw/plan_sources/2025/中央财经大学_jszs_历史_247_f2e0c5cb0c.html,1
2025,历史类,3120,中央财经大学,3120-01,01,首选历史，再选不限,,社会学类,1,5000,四,https://gaoxiao.jszs.com/College/plannew.html?cid=247&yearno=2025&ty=%E6%99%AE%E9%80%9A%E7%B1%BB&topchoose=%E5%8E%86%E5%8F%B2&pici=%E6%9C%AC%E7%A7%91%E6%89%B9%E6%AC%A1,data/jiangsu/raw/plan_sources/2025/中央财经大学_jszs_历史_247_f2e0c5cb0c.html,1
2025,历史类,3120,中央财经大学,3120-01,01,首选历史，再选不限,,汉语言文学,2,5000,四,https://gaoxiao.jszs.com/College/plannew.html?cid=247&yearno=2025&ty=%E6%99%AE%E9%80%9A%E7%B1%BB&topchoose=%E5%8E%86%E5%8F%B2&pici=%E6%9C%AC%E7%A7%91%E6%89%B9%E6%AC%A1,data/jiangsu/raw/plan_sources/2025/中央财经大学_jszs_历史_247_f2e0c5cb0c.html,1
2025,历史类,3120,中央财经大学,3120-01,01,首选历史，再选不限,,财政学,1,5000,四,https://gaoxiao.jszs.com/College/plannew.html?cid=247&yearno=2025&ty=%E6%99%AE%E9%80%9A%E7%B1%BB&topchoose=%E5%8E%86%E5%8F%B2&pici=%E6%9C%AC%E7%A7%91%E6%89%B9%E6%AC%A1,data/jiangsu/raw/plan_sources/2025/中央财经大学_jszs_历史_247_f2e0c5cb0c.html,1
2025,历史类,5401,中山大学,5401-02,02,首选历史，再选思想政治,,公共管理类,3,6060,四,https://gaoxiao.jszs.com/College/plannew.html?cid=10&yearno=2025&ty=%E6%99%AE%E9%80%9A%E7%B1%BB&topchoose=%E5%8E%86%E5%8F%B2&pici=%E6%9C%AC%E7%A7%91%E6%89%B9%E6%AC%A1,data/jiangsu/raw/plan_sources/2025/中山大学_jszs_历史_10_afe8e7002e.html,1
2025,历史类,5401,中山大学,5401-02,02,首选历史，再选思想政治,,国际政治,3,6060,四,https://gaoxiao.jszs.com/College/plannew.html?cid=10&yearno=2025&ty=%E6%99%AE%E9%80%9A%E7%B1%BB&topchoose=%E5%8E%86%E5%8F%B2&pici=%E6%9C%AC%E7%A7%91%E6%89%B9%E6%AC%A1,data/jiangsu/raw/plan_sources/2025/中山大学_jszs_历史_10_afe8e7002e.html,1
2025,历史类,5401,中山大学,5401-01,01,首选历史，再选不限,,汉语言文学,3,6060,四,https://gaoxiao.jszs.com/College/plannew.html?cid=10&yearno=2025&ty=%E6%99%AE%E9%80%9A%E7%B1%BB&topchoose=%E5%8E%86%E5%8F%B2&pici=%E6%9C%AC%E7%A7%91%E6%89%B9%E6%AC%A1,data/jiangsu/raw/plan_sources/2025/中山大学_jszs_历史_10_afe8e7002e.html,1
2025,历史类,5401,中山大学,5401-01,01,首选历史，再选不限,,哲学类,3,6060,四,https://gaoxiao.jszs.com/College/plannew.html?cid=10&yearno=2025&ty=%E6%99%AE%E9%80%9A%E7%B1%BB&topchoose=%E5%8E%86%E5%8F%B2&pici=%E6%9C%AC%E7%A7%91%E6%89%B9%E6%AC%A1,data/jiangsu/raw/plan_sources/2025/中山大学_jszs_历史_10_afe8e7002e.html,1
2025,历史类,5401,中山大学,5401-01,01,首选历史，再选不限,,社会学类,4,6060,四,https://gaoxiao.jszs.com/College/plannew.html?cid=10&yearno=2025&ty=%E6%99%AE%E9%80%9A%E7%B1%BB&topchoose=%E5%8E%86%E5%8F%B2&pici=%E6%9C%AC%E7%A7%91%E6%89%B9%E6%AC%A1,data/jiangsu/raw/plan_sources/2025/中山大学_jszs_历史_10_afe8e7002e.html,1
2025,历史类,5401,中山大学,5401-01,01,首选历史，再选不限,,外国语言文学类,2,6850,四,https://gaoxiao.jszs.com/College/plannew.html?cid=10&yearno=2025&ty=%E6%99%AE%E9%80%9A%E7%B1%BB&topchoose=%E5%8E%86%E5%8F%B2&pici=%E6%9C%AC%E7%A7%91%E6%89%B9%E6%AC%A1,data/jiangsu/raw/plan_sources/2025/中山大学_jszs_历史_10_afe8e7002e.html,1
2025,历史类,5401,中山大学,5401-01,01,首选历史，再选不限,,法语,2,6850,四,https://gaoxiao.jszs.com/College/plannew.html?cid=10&yearno=2025&ty=%E6%99%AE%E9%80%9A%E7%B1%BB&topchoose=%E5%8E%86%E5%8F%B2&pici=%E6%9C%AC%E7%A7%91%E6%89%B9%E6%AC%A1,data/jiangsu/raw/plan_sources/2025/中山大学_jszs_历史_10_afe8e7002e.html,1
2025,历史类,5401,中山大学,5401-01,01,首选历史，再选不限,,法学,2,6060,四,https://gaoxiao.jszs.com/College/plannew.html?cid=10&yearno=2025&ty=%E6%99%AE%E9%80%9A%E7%B1%BB&topchoose=%E5%8E%86%E5%8F%B2&pici=%E6%9C%AC%E7%A7%91%E6%89%B9%E6%AC%A1,data/jiangsu/raw/plan_sources/2025/中山大学_jszs_历史_10_afe8e7002e.html,1
2025,历史类,5401,中山大学,5401-01,01,首选历史，再选不限,,工商管理类,3,6060,四,https://gaoxiao.jszs.com/College/plannew.html?cid=10&yearno=2025&ty=%E6%99%AE%E9%80%9A%E7%B1%BB&topchoose=%E5%8E%86%E5%8F%B2&pici=%E6%9C%AC%E7%A7%91%E6%89%B9%E6%AC%A1,data/jiangsu/raw/plan_sources/2025/中山大学_jszs_历史_10_afe8e7002e.html,1
2025,历史类,5401,中山大学,5401-01,01,首选历史，再选不限,,经济学类,3,6060,四,https://gaoxiao.jszs.com/College/plannew.html?cid=10&yearno=2025&ty=%E6%99%AE%E9%80%9A%E7%B1%BB&topchoose=%E5%8E%86%E5%8F%B2&pici=%E6%9C%AC%E7%A7%91%E6%89%B9%E6%AC%A1,data/jiangsu/raw/plan_sources/2025/中山大学_jszs_历史_10_afe8e7002e.html,1
2025,历史类,7201,兰州大学,7201-01,01,首选历史，再选不限,,哲学,3,5000,四,https://gaoxiao.jszs.com/College/plannew.html?cid=32&yearno=2025&ty=%E6%99%AE%E9%80%9A%E7%B1%BB&topchoose=%E5%8E%86%E5%8F%B2&pici=%E6%9C%AC%E7%A7%91%E6%89%B9%E6%AC%A1,data/jiangsu/raw/plan_sources/2025/兰州大学_jszs_历史_32_c35e82c784.html,1
2025,历史类,7201,兰州大学,7201-01,01,首选历史，再选不限,,经济学类,2,5500,四,https://gaoxiao.jszs.com/College/plannew.html?cid=32&yearno=2025&ty=%E6%99%AE%E9%80%9A%E7%B1%BB&topchoose=%E5%8E%86%E5%8F%B2&pici=%E6%9C%AC%E7%A7%91%E6%89%B9%E6%AC%A1,data/jiangsu/raw/plan_sources/2025/兰州大学_jszs_历史_32_c35e82c784.html,1
2025,历史类,7201,兰州大学,7201-01,01,首选历史，再选不限,,法学,2,5500,四,https://gaoxiao.jszs.com/College/plannew.html?cid=32&yearno=2025&ty=%E6%99%AE%E9%80%9A%E7%B1%BB&topchoose=%E5%8E%86%E5%8F%B2&pici=%E6%9C%AC%E7%A7%91%E6%89%B9%E6%AC%A1,data/jiangsu/raw/plan_sources/2025/兰州大学_jszs_历史_32_c35e82c784.html,1
2025,历史类,7201,兰州大学,7201-01,01,首选历史，再选不限,,汉语言文学,2,5000,四,https://gaoxiao.jszs.com/College/plannew.html?cid=32&yearno=2025&ty=%E6%99%AE%E9%80%9A%E7%B1%BB&topchoose=%E5%8E%86%E5%8F%B2&pici=%E6%9C%AC%E7%A7%91%E6%89%B9%E6%AC%A1,data/jiangsu/raw/plan_sources/2025/兰州大学_jszs_历史_32_c35e82c784.html,1
2025,历史类,7201,兰州大学,7201-01,01,首选历史，再选不限,,德语,2,5500,四,https://gaoxiao.jszs.com/College/plannew.html?cid=32&yearno=2025&ty=%E6%99%AE%E9%80%9A%E7%B1%BB&topchoose=%E5%8E%86%E5%8F%B2&pici=%E6%9C%AC%E7%A7%91%E6%89%B9%E6%AC%A1,data/jiangsu/raw/plan_sources/2025/兰州大学_jszs_历史_32_c35e82c784.html,1
2025,历史类,7201,兰州大学,7201-01,01,首选历史，再选不限,,新闻传播学类,2,5500,四,https://gaoxiao.jszs.com/College/plannew.html?cid=32&yearno=2025&ty=%E6%99%AE%E9%80%9A%E7%B1%BB&topchoose=%E5%8E%86%E5%8F%B2&pici=%E6%9C%AC%E7%A7%91%E6%89%B9%E6%AC%A1,data/jiangsu/raw/plan_sources/2025/兰州大学_jszs_历史_32_c35e82c784.html,1
2025,历史类,7201,兰州大学,7201-01,01,首选历史，再选不限,,历史学类,2,5000,四,https://gaoxiao.jszs.com/College/plannew.html?cid=32&yearno=2025&ty=%E6%99%AE%E9%80%9A%E7%B1%BB&topchoose=%E5%8E%86%E5%8F%B2&pici=%E6%9C%AC%E7%A7%91%E6%89%B9%E6%AC%A1,data/jiangsu/raw/plan_sources/2025/兰州大学_jszs_历史_32_c35e82c784.html,1
2025,历史类,7201,兰州大学,7201-01,01,首选历史，再选不限,,工商管理类,2,5500,四,https://gaoxiao.jszs.com/College/plannew.html?cid=32&yearno=2025&ty=%E6%99%AE%E9%80%9A%E7%B1%BB&topchoose=%E5%8E%86%E5%8F%B2&pici=%E6%9C%AC%E7%A7%91%E6%89%B9%E6%AC%A1,data/jiangsu/raw/plan_sources/2025/兰州大学_jszs_历史_32_c35e82c784.html,1
2025,历史类,7201,兰州大学,7201-01,01,首选历史，再选不限,,英语,2,5500,四,https://gaoxiao.jszs.com/College/plannew.html?cid=32&yearno=2025&ty=%E6%99%AE%E9%80%9A%E7%B1%BB&topchoose=%E5%8E%86%E5%8F%B2&pici=%E6%9C%AC%E7%A7%91%E6%89%B9%E6%AC%A1,data/jiangsu/raw/plan_sources/2025/兰州大学_jszs_历史_32_c35e82c784.html,1
2025,历史类,7201,兰州大学,7201-01,01,首选历史，再选不限,,文物与博物馆学,2,5000,四,https://gaoxiao.jszs.com/College/plannew.html?cid=32&yearno=2025&ty=%E6%99%AE%E9%80%9A%E7%B1%BB&topchoose=%E5%8E%86%E5%8F%B2&pici=%E6%9C%AC%E7%A7%91%E6%89%B9%E6%AC%A1,data/jiangsu/raw/plan_sources/2025/兰州大学_jszs_历史_32_c35e82c784.html,1
2025,历史类,7201,兰州大学,7201-01,01,首选历史，再选不限,,戏剧影视文学,2,5000,四,https://gaoxiao.jszs.com/College/plannew.html?cid=32&yearno=2025&ty=%E6%99%AE%E9%80%9A%E7%B1%BB&topchoose=%E5%8E%86%E5%8F%B2&pici=%E6%9C%AC%E7%A7%91%E6%89%B9%E6%AC%A1,data/jiangsu/raw/plan_sources/2025/兰州大学_jszs_历史_32_c35e82c784.html,1
2025,历史类,7201,兰州大学,7201-02,02,首选历史，再选思想政治,,政治学类,2,5500,四,https://gaoxiao.jszs.com/College/plannew.html?cid=32&yearno=2025&ty=%E6%99%AE%E9%80%9A%E7%B1%BB&topchoose=%E5%8E%86%E5%8F%B2&pici=%E6%9C%AC%E7%A7%91%E6%89%B9%E6%AC%A1,data/jiangsu/raw/plan_sources/2025/兰州大学_jszs_历史_32_c35e82c784.html,1
2025,历史类,7201,兰州大学,7201-02,02,首选历史，再选思想政治,,马克思主义理论类,3,5500,四,https://gaoxiao.jszs.com/College/plannew.html?cid=32&yearno=2025&ty=%E6%99%AE%E9%80%9A%E7%B1%BB&topchoose=%E5%8E%86%E5%8F%B2&pici=%E6%9C%AC%E7%A7%91%E6%89%B9%E6%AC%A1,data/jiangsu/raw/plan_sources/2025/兰州大学_jszs_历史_32_c35e82c784.html,1
2025,历史类,3121,北京中医药大学,3121-01,01,首选历史，再选不限,,针灸推拿学,1,5800,五,https://gaoxiao.jszs.com/College/plannew.html?cid=144&yearno=2025&ty=%E6%99%AE%E9%80%9A%E7%B1%BB&topchoose=%E5%8E%86%E5%8F%B2&pici=%E6%9C%AC%E7%A7%91%E6%89%B9%E6%AC%A1,data/jiangsu/raw/plan_sources/2025/北京中医药大学_jszs_历史_144_d257b9da94.html,1
2025,历史类,3121,北京中医药大学,3121-01,01,首选历史，再选不限,,公共事业管理,1,5000,四,https://gaoxiao.jszs.com/College/plannew.html?cid=144&yearno=2025&ty=%E6%99%AE%E9%80%9A%E7%B1%BB&topchoose=%E5%8E%86%E5%8F%B2&pici=%E6%9C%AC%E7%A7%91%E6%89%B9%E6%AC%A1,data/jiangsu/raw/plan_sources/2025/北京中医药大学_jszs_历史_144_d257b9da94.html,1
2025,历史类,3121,北京中医药大学,3121-01,01,首选历史，再选不限,,法学,1,5000,四,https://gaoxiao.jszs.com/College/plannew.html?cid=144&yearno=2025&ty=%E6%99%AE%E9%80%9A%E7%B1%BB&topchoose=%E5%8E%86%E5%8F%B2&pici=%E6%9C%AC%E7%A7%91%E6%89%B9%E6%AC%A1,data/jiangsu/raw/plan_sources/2025/北京中医药大学_jszs_历史_144_d257b9da94.html,1
2025,历史类,3121,北京中医药大学,3121-01,01,首选历史，再选不限,,英语,1,5800,四,https://gaoxiao.jszs.com/College/plannew.html?cid=144&yearno=2025&ty=%E6%99%AE%E9%80%9A%E7%B1%BB&topchoose=%E5%8E%86%E5%8F%B2&pici=%E6%9C%AC%E7%A7%91%E6%89%B9%E6%AC%A1,data/jiangsu/raw/plan_sources/2025/北京中医药大学_jszs_历史_144_d257b9da94.html,1
2025,历史类,3105,北京交通大学,3105-02,02,首选历史，再选不限,,建筑类,4,5500,五,https://gaoxiao.jszs.com/College/plannew.html?cid=73&yearno=2025&ty=%E6%99%AE%E9%80%9A%E7%B1%BB&topchoose=%E5%8E%86%E5%8F%B2&pici=%E6%9C%AC%E7%A7%91%E6%89%B9%E6%AC%A1,data/jiangsu/raw/plan_sources/2025/北京交通大学_jszs_历史_73_c18905484c.html,1
2025,历史类,3105,北京交通大学,3105-01,01,首选历史，再选不限,,文科试验班类,3,5000,四,https://gaoxiao.jszs.com/College/plannew.html?cid=73&yearno=2025&ty=%E6%99%AE%E9%80%9A%E7%B1%BB&topchoose=%E5%8E%86%E5%8F%B2&pici=%E6%9C%AC%E7%A7%91%E6%89%B9%E6%AC%A1,data/jiangsu/raw/plan_sources/2025/北京交通大学_jszs_历史_73_c18905484c.html,1
2025,历史类,3105,北京交通大学,3105-01,01,首选历史，再选不限,,法学,3,5000,四,https://gaoxiao.jszs.com/College/plannew.html?cid=73&yearno=2025&ty=%E6%99%AE%E9%80%9A%E7%B1%BB&topchoose=%E5%8E%86%E5%8F%B2&pici=%E6%9C%AC%E7%A7%91%E6%89%B9%E6%AC%A1,data/jiangsu/raw/plan_sources/2025/北京交通大学_jszs_历史_73_c18905484c.html,1
2025,历史类,3116,北京外国语大学,3116-04,04,首选历史，再选思想政治,,外交学,2,86000,四,https://gaoxiao.jszs.com/College/plannew.html?cid=254&yearno=2025&ty=%E6%99%AE%E9%80%9A%E7%B1%BB&topchoose=%E5%8E%86%E5%8F%B2&pici=%E6%9C%AC%E7%A7%91%E6%89%B9%E6%AC%A1,data/jiangsu/raw/plan_sources/2025/北京外国语大学_jszs_历史_254_14c97f22b6.html,1
2025,历史类,3116,北京外国语大学,3116-03,03,首选历史，再选思想政治,,外交学,2,5000,四,https://gaoxiao.jszs.com/College/plannew.html?cid=254&yearno=2025&ty=%E6%99%AE%E9%80%9A%E7%B1%BB&topchoose=%E5%8E%86%E5%8F%B2&pici=%E6%9C%AC%E7%A7%91%E6%89%B9%E6%AC%A1,data/jiangsu/raw/plan_sources/2025/北京外国语大学_jszs_历史_254_14c97f22b6.html,1
2025,历史类,3116,北京外国语大学,3116-03,03,首选历史，再选思想政治,,国际组织与全球治理,2,5000,四,https://gaoxiao.jszs.com/College/plannew.html?cid=254&yearno=2025&ty=%E6%99%AE%E9%80%9A%E7%B1%BB&topchoose=%E5%8E%86%E5%8F%B2&pici=%E6%9C%AC%E7%A7%91%E6%89%B9%E6%AC%A1,data/jiangsu/raw/plan_sources/2025/北京外国语大学_jszs_历史_254_14c97f22b6.html,1
2025,历史类,3116,北京外国语大学,3116-02,02,首选历史，再选不限,,国际经济与贸易,1,5000,四,https://gaoxiao.jszs.com/College/plannew.html?cid=254&yearno=2025&ty=%E6%99%AE%E9%80%9A%E7%B1%BB&topchoose=%E5%8E%86%E5%8F%B2&pici=%E6%9C%AC%E7%A7%91%E6%89%B9%E6%AC%A1,data/jiangsu/raw/plan_sources/2025/北京外国语大学_jszs_历史_254_14c97f22b6.html,1
2025,历史类,3116,北京外国语大学,3116-02,02,首选历史，再选不限,,汉语言文学,2,5000,四,https://gaoxiao.jszs.com/College/plannew.html?cid=254&yearno=2025&ty=%E6%99%AE%E9%80%9A%E7%B1%BB&topchoose=%E5%8E%86%E5%8F%B2&pici=%E6%9C%AC%E7%A7%91%E6%89%B9%E6%AC%A1,data/jiangsu/raw/plan_sources/2025/北京外国语大学_jszs_历史_254_14c97f22b6.html,1
2025,历史类,3116,北京外国语大学,3116-02,02,首选历史，再选不限,,英语,2,6000,四,https://gaoxiao.jszs.com/College/plannew.html?cid=254&yearno=2025&ty=%E6%99%AE%E9%80%9A%E7%B1%BB&topchoose=%E5%8E%86%E5%8F%B2&pici=%E6%9C%AC%E7%A7%91%E6%89%B9%E6%AC%A1,data/jiangsu/raw/plan_sources/2025/北京外国语大学_jszs_历史_254_14c97f22b6.html,1
2025,历史类,3116,北京外国语大学,3116-02,02,首选历史，再选不限,,德语,2,6000,四,https://gaoxiao.jszs.com/College/plannew.html?cid=254&yearno=2025&ty=%E6%99%AE%E9%80%9A%E7%B1%BB&topchoose=%E5%8E%86%E5%8F%B2&pici=%E6%9C%AC%E7%A7%91%E6%89%B9%E6%AC%A1,data/jiangsu/raw/plan_sources/2025/北京外国语大学_jszs_历史_254_14c97f22b6.html,1
2025,历史类,3116,北京外国语大学,3116-02,02,首选历史，再选不限,,法语,1,6000,四,https://gaoxiao.jszs.com/College/plannew.html?cid=254&yearno=2025&ty=%E6%99%AE%E9%80%9A%E7%B1%BB&topchoose=%E5%8E%86%E5%8F%B2&pici=%E6%9C%AC%E7%A7%91%E6%89%B9%E6%AC%A1,data/jiangsu/raw/plan_sources/2025/北京外国语大学_jszs_历史_254_14c97f22b6.html,1
2025,历史类,3116,北京外国语大学,3116-02,02,首选历史，再选不限,,西班牙语,2,6000,四,https://gaoxiao.jszs.com/College/plannew.html?cid=254&yearno=2025&ty=%E6%99%AE%E9%80%9A%E7%B1%BB&topchoose=%E5%8E%86%E5%8F%B2&pici=%E6%9C%AC%E7%A7%91%E6%89%B9%E6%AC%A1,data/jiangsu/raw/plan_sources/2025/北京外国语大学_jszs_历史_254_14c97f22b6.html,1
2025,历史类,3116,北京外国语大学,3116-02,02,首选历史，再选不限,,日语,1,6000,四,https://gaoxiao.jszs.com/College/plannew.html?cid=254&yearno=2025&ty=%E6%99%AE%E9%80%9A%E7%B1%BB&topchoose=%E5%8E%86%E5%8F%B2&pici=%E6%9C%AC%E7%A7%91%E6%89%B9%E6%AC%A1,data/jiangsu/raw/plan_sources/2025/北京外国语大学_jszs_历史_254_14c97f22b6.html,1
2025,历史类,3116,北京外国语大学,3116-02,02,首选历史，再选不限,,葡萄牙语,1,6000,四,https://gaoxiao.jszs.com/College/plannew.html?cid=254&yearno=2025&ty=%E6%99%AE%E9%80%9A%E7%B1%BB&topchoose=%E5%8E%86%E5%8F%B2&pici=%E6%9C%AC%E7%A7%91%E6%89%B9%E6%AC%A1,data/jiangsu/raw/plan_sources/2025/北京外国语大学_jszs_历史_254_14c97f22b6.html,1
2025,历史类,3116,北京外国语大学,3116-02,02,首选历史，再选不限,,意大利语,1,6000,四,https://gaoxiao.jszs.com/College/plannew.html?cid=254&yearno=2025&ty=%E6%99%AE%E9%80%9A%E7%B1%BB&topchoose=%E5%8E%86%E5%8F%B2&pici=%E6%9C%AC%E7%A7%91%E6%89%B9%E6%AC%A1,data/jiangsu/raw/plan_sources/2025/北京外国语大学_jszs_历史_254_14c97f22b6.html,1
2025,历史类,3116,北京外国语大学,3116-02,02,首选历史，再选不限,,翻译,2,6000,四,https://gaoxiao.jszs.com/College/plannew.html?cid=254&yearno=2025&ty=%E6%99%AE%E9%80%9A%E7%B1%BB&topchoose=%E5%8E%86%E5%8F%B2&pici=%E6%9C%AC%E7%A7%91%E6%89%B9%E6%AC%A1,data/jiangsu/raw/plan_sources/2025/北京外国语大学_jszs_历史_254_14c97f22b6.html,1
2025,历史类,3101,北京大学,3101-03,03,首选历史，再选不限,,文科试验班类,1,5300,四,https://gaoxiao.jszs.com/College/plannew.html?cid=2&yearno=2025&ty=%E6%99%AE%E9%80%9A%E7%B1%BB&topchoose=%E5%8E%86%E5%8F%B2&pici=%E6%9C%AC%E7%A7%91%E6%89%B9%E6%AC%A1,data/jiangsu/raw/plan_sources/2025/北京大学_jszs_历史_2_0ec2ec2503.html,1
2025,历史类,3101,北京大学,3101-03,03,首选历史，再选不限,,中国语言文学类,2,5000,四,https://gaoxiao.jszs.com/College/plannew.html?cid=2&yearno=2025&ty=%E6%99%AE%E9%80%9A%E7%B1%BB&topchoose=%E5%8E%86%E5%8F%B2&pici=%E6%9C%AC%E7%A7%91%E6%89%B9%E6%AC%A1,data/jiangsu/raw/plan_sources/2025/北京大学_jszs_历史_2_0ec2ec2503.html,1
2025,历史类,3101,北京大学,3101-03,03,首选历史，再选不限,,考古学,1,5000,四,https://gaoxiao.jszs.com/College/plannew.html?cid=2&yearno=2025&ty=%E6%99%AE%E9%80%9A%E7%B1%BB&topchoose=%E5%8E%86%E5%8F%B2&pici=%E6%9C%AC%E7%A7%91%E6%89%B9%E6%AC%A1,data/jiangsu/raw/plan_sources/2025/北京大学_jszs_历史_2_0ec2ec2503.html,1
2025,历史类,3101,北京大学,3101-03,03,首选历史，再选不限,,历史学类,1,5000,四,https://gaoxiao.jszs.com/College/plannew.html?cid=2&yearno=2025&ty=%E6%99%AE%E9%80%9A%E7%B1%BB&topchoose=%E5%8E%86%E5%8F%B2&pici=%E6%9C%AC%E7%A7%91%E6%89%B9%E6%AC%A1,data/jiangsu/raw/plan_sources/2025/北京大学_jszs_历史_2_0ec2ec2503.html,1
2025,历史类,3101,北京大学,3101-03,03,首选历史，再选不限,,哲学类,2,5000,四,https://gaoxiao.jszs.com/College/plannew.html?cid=2&yearno=2025&ty=%E6%99%AE%E9%80%9A%E7%B1%BB&topchoose=%E5%8E%86%E5%8F%B2&pici=%E6%9C%AC%E7%A7%91%E6%89%B9%E6%AC%A1,data/jiangsu/raw/plan_sources/2025/北京大学_jszs_历史_2_0ec2ec2503.html,1
2025,历史类,3101,北京大学,3101-03,03,首选历史，再选不限,,社会学类,2,5000,四,https://gaoxiao.jszs.com/College/plannew.html?cid=2&yearno=2025&ty=%E6%99%AE%E9%80%9A%E7%B1%BB&topchoose=%E5%8E%86%E5%8F%B2&pici=%E6%9C%AC%E7%A7%91%E6%89%B9%E6%AC%A1,data/jiangsu/raw/plan_sources/2025/北京大学_jszs_历史_2_0ec2ec2503.html,1
2025,历史类,3101,北京大学,3101-03,03,首选历史，再选不限,,法学,3,5000,四,https://gaoxiao.jszs.com/College/plannew.html?cid=2&yearno=2025&ty=%E6%99%AE%E9%80%9A%E7%B1%BB&topchoose=%E5%8E%86%E5%8F%B2&pici=%E6%9C%AC%E7%A7%91%E6%89%B9%E6%AC%A1,data/jiangsu/raw/plan_sources/2025/北京大学_jszs_历史_2_0ec2ec2503.html,1
2025,历史类,3101,北京大学,3101-03,03,首选历史，再选不限,,新闻传播学类,1,5000,四,https://gaoxiao.jszs.com/College/plannew.html?cid=2&yearno=2025&ty=%E6%99%AE%E9%80%9A%E7%B1%BB&topchoose=%E5%8E%86%E5%8F%B2&pici=%E6%9C%AC%E7%A7%91%E6%89%B9%E6%AC%A1,data/jiangsu/raw/plan_sources/2025/北京大学_jszs_历史_2_0ec2ec2503.html,1
2025,历史类,3101,北京大学,3101-03,03,首选历史，再选不限,,经济学类,2,5000,四,https://gaoxiao.jszs.com/College/plannew.html?cid=2&yearno=2025&ty=%E6%99%AE%E9%80%9A%E7%B1%BB&topchoose=%E5%8E%86%E5%8F%B2&pici=%E6%9C%AC%E7%A7%91%E6%89%B9%E6%AC%A1,data/jiangsu/raw/plan_sources/2025/北京大学_jszs_历史_2_0ec2ec2503.html,1
2025,历史类,3101,北京大学,3101-03,03,首选历史，再选不限,,工商管理类,1,5000,四,https://gaoxiao.jszs.com/College/plannew.html?cid=2&yearno=2025&ty=%E6%99%AE%E9%80%9A%E7%B1%BB&topchoose=%E5%8E%86%E5%8F%B2&pici=%E6%9C%AC%E7%A7%91%E6%89%B9%E6%AC%A1,data/jiangsu/raw/plan_sources/2025/北京大学_jszs_历史_2_0ec2ec2503.html,1
2025,历史类,3101,北京大学,3101-03,03,首选历史，再选不限,,公共管理类,1,5000,四,https://gaoxiao.jszs.com/College/plannew.html?cid=2&yearno=2025&ty=%E6%99%AE%E9%80%9A%E7%B1%BB&topchoose=%E5%8E%86%E5%8F%B2&pici=%E6%9C%AC%E7%A7%91%E6%89%B9%E6%AC%A1,data/jiangsu/raw/plan_sources/2025/北京大学_jszs_历史_2_0ec2ec2503.html,1
2025,历史类,3101,北京大学,3101-03,03,首选历史，再选不限,,人文科学试验班,2,5000,四,https://gaoxiao.jszs.com/College/plannew.html?cid=2&yearno=2025&ty=%E6%99%AE%E9%80%9A%E7%B1%BB&topchoose=%E5%8E%86%E5%8F%B2&pici=%E6%9C%AC%E7%A7%91%E6%89%B9%E6%AC%A1,data/jiangsu/raw/plan_sources/2025/北京大学_jszs_历史_2_0ec2ec2503.html,1
2025,历史类,3101,北京大学,3101-03,03,首选历史，再选不限,,城乡规划,2,5000,四,https://gaoxiao.jszs.com/College/plannew.html?cid=2&yearno=2025&ty=%E6%99%AE%E9%80%9A%E7%B1%BB&topchoose=%E5%8E%86%E5%8F%B2&pici=%E6%9C%AC%E7%A7%91%E6%89%B9%E6%AC%A1,data/jiangsu/raw/plan_sources/2025/北京大学_jszs_历史_2_0ec2ec2503.html,1
2025,历史类,3101,北京大学,3101-03,03,首选历史，再选不限,,图书馆学,2,5000,四,https://gaoxiao.jszs.com/College/plannew.html?cid=2&yearno=2025&ty=%E6%99%AE%E9%80%9A%E7%B1%BB&topchoose=%E5%8E%86%E5%8F%B2&pici=%E6%9C%AC%E7%A7%91%E6%89%B9%E6%AC%A1,data/jiangsu/raw/plan_sources/2025/北京大学_jszs_历史_2_0ec2ec2503.html,1
2025,历史类,3101,北京大学,3101-03,03,首选历史，再选不限,,英语,3,5000,四,https://gaoxiao.jszs.com/College/plannew.html?cid=2&yearno=2025&ty=%E6%99%AE%E9%80%9A%E7%B1%BB&topchoose=%E5%8E%86%E5%8F%B2&pici=%E6%9C%AC%E7%A7%91%E6%89%B9%E6%AC%A1,data/jiangsu/raw/plan_sources/2025/北京大学_jszs_历史_2_0ec2ec2503.html,1
2025,历史类,3115,北京大学医学部,3115-01,01,首选历史，再选不限,,英语,2,6000,五,https://gaoxiao.jszs.com/College/plannew.html?cid=5207&yearno=2025&ty=%E6%99%AE%E9%80%9A%E7%B1%BB&topchoose=%E5%8E%86%E5%8F%B2&pici=%E6%9C%AC%E7%A7%91%E6%89%B9%E6%AC%A1,data/jiangsu/raw/plan_sources/2025/北京大学医学部_jszs_历史_5207_a9d8ee243c.html,1
2025,历史类,3104,北京师范大学,3104-03,03,首选历史，再选不限,,哲学,2,4800,四,https://gaoxiao.jszs.com/College/plannew.html?cid=20&yearno=2025&ty=%E6%99%AE%E9%80%9A%E7%B1%BB&topchoose=%E5%8E%86%E5%8F%B2&pici=%E6%9C%AC%E7%A7%91%E6%89%B9%E6%AC%A1,data/jiangsu/raw/plan_sources/2025/北京师范大学_jszs_历史_20_47c974b726.html,1
2025,历史类,3104,北京师范大学,3104-03,03,首选历史，再选不限,,工商管理,2,4800,四,https://gaoxiao.jszs.com/College/plannew.html?cid=20&yearno=2025&ty=%E6%99%AE%E9%80%9A%E7%B1%BB&topchoose=%E5%8E%86%E5%8F%B2&pici=%E6%9C%AC%E7%A7%91%E6%89%B9%E6%AC%A1,data/jiangsu/raw/plan_sources/2025/北京师范大学_jszs_历史_20_47c974b726.html,1
2025,历史类,3104,北京师范大学,3104-03,03,首选历史，再选不限,,会计学,2,4800,四,https://gaoxiao.jszs.com/College/plannew.html?cid=20&yearno=2025&ty=%E6%99%AE%E9%80%9A%E7%B1%BB&topchoose=%E5%8E%86%E5%8F%B2&pici=%E6%9C%AC%E7%A7%91%E6%89%B9%E6%AC%A1,data/jiangsu/raw/plan_sources/2025/北京师范大学_jszs_历史_20_47c974b726.html,1
2025,历史类,3104,北京师范大学,3104-03,03,首选历史，再选不限,,汉语言文学,2,4800,四,https://gaoxiao.jszs.com/College/plannew.html?cid=20&yearno=2025&ty=%E6%99%AE%E9%80%9A%E7%B1%BB&topchoose=%E5%8E%86%E5%8F%B2&pici=%E6%9C%AC%E7%A7%91%E6%89%B9%E6%AC%A1,data/jiangsu/raw/plan_sources/2025/北京师范大学_jszs_历史_20_47c974b726.html,1
2025,历史类,3104,北京师范大学,3104-03,03,首选历史，再选不限,,传播学,2,4800,四,https://gaoxiao.jszs.com/College/plannew.html?cid=20&yearno=2025&ty=%E6%99%AE%E9%80%9A%E7%B1%BB&topchoose=%E5%8E%86%E5%8F%B2&pici=%E6%9C%AC%E7%A7%91%E6%89%B9%E6%AC%A1,data/jiangsu/raw/plan_sources/2025/北京师范大学_jszs_历史_20_47c974b726.html,1
2025,历史类,3104,北京师范大学,3104-03,03,首选历史，再选不限,,教育学类,2,4800,四,https://gaoxiao.jszs.com/College/plannew.html?cid=20&yearno=2025&ty=%E6%99%AE%E9%80%9A%E7%B1%BB&topchoose=%E5%8E%86%E5%8F%B2&pici=%E6%9C%AC%E7%A7%91%E6%89%B9%E6%AC%A1,data/jiangsu/raw/plan_sources/2025/北京师范大学_jszs_历史_20_47c974b726.html,1
2025,历史类,3104,北京师范大学,3104-03,03,首选历史，再选不限,,历史学类,1,4800,四,https://gaoxiao.jszs.com/College/plannew.html?cid=20&yearno=2025&ty=%E6%99%AE%E9%80%9A%E7%B1%BB&topchoose=%E5%8E%86%E5%8F%B2&pici=%E6%9C%AC%E7%A7%91%E6%89%B9%E6%AC%A1,data/jiangsu/raw/plan_sources/2025/北京师范大学_jszs_历史_20_47c974b726.html,1
2025,历史类,3107,北京理工大学,3107-01,01,首选历史，再选不限,,社会科学试验班,14,5000,四,https://gaoxiao.jszs.com/College/plannew.html?cid=37&yearno=2025&ty=%E6%99%AE%E9%80%9A%E7%B1%BB&topchoose=%E5%8E%86%E5%8F%B2&pici=%E6%9C%AC%E7%A7%91%E6%89%B9%E6%AC%A1,data/jiangsu/raw/plan_sources/2025/北京理工大学_jszs_历史_37_72874ef292.html,1
2025,历史类,3148,北京电影学院,3148-06,06,首选历史，再选不限,,戏剧影视文学,1,8000,四,https://gaoxiao.jszs.com/College/plannew.html?cid=485&yearno=2025&ty=%E6%99%AE%E9%80%9A%E7%B1%BB&topchoose=%E5%8E%86%E5%8F%B2&pici=%E6%9C%AC%E7%A7%91%E6%89%B9%E6%AC%A1,data/jiangsu/raw/plan_sources/2025/北京电影学院_jszs_历史_485_ad9089093c.html,1
2025,历史类,3148,北京电影学院,3148-05,05,首选历史，再选不限,,电影学,1,8000,四,https://gaoxiao.jszs.com/College/plannew.html?cid=485&yearno=2025&ty=%E6%99%AE%E9%80%9A%E7%B1%BB&topchoose=%E5%8E%86%E5%8F%B2&pici=%E6%9C%AC%E7%A7%91%E6%89%B9%E6%AC%A1,data/jiangsu/raw/plan_sources/2025/北京电影学院_jszs_历史_485_ad9089093c.html,1
2025,历史类,3148,北京电影学院,3148-04,04,首选历史，再选不限,,戏剧影视文学,1,8000,四,https://gaoxiao.jszs.com/College/plannew.html?cid=485&yearno=2025&ty=%E6%99%AE%E9%80%9A%E7%B1%BB&topchoose=%E5%8E%86%E5%8F%B2&pici=%E6%9C%AC%E7%A7%91%E6%89%B9%E6%AC%A1,data/jiangsu/raw/plan_sources/2025/北京电影学院_jszs_历史_485_ad9089093c.html,1
2025,历史类,3148,北京电影学院,3148-03,03,首选历史，再选不限,,广播电视编导,1,10000,四,https://gaoxiao.jszs.com/College/plannew.html?cid=485&yearno=2025&ty=%E6%99%AE%E9%80%9A%E7%B1%BB&topchoose=%E5%8E%86%E5%8F%B2&pici=%E6%9C%AC%E7%A7%91%E6%89%B9%E6%AC%A1,data/jiangsu/raw/plan_sources/2025/北京电影学院_jszs_历史_485_ad9089093c.html,1
2025,历史类,3148,北京电影学院,3148-02,02,首选历史，再选不限,,电影学,3,8000,四,https://gaoxiao.jszs.com/College/plannew.html?cid=485&yearno=2025&ty=%E6%99%AE%E9%80%9A%E7%B1%BB&topchoose=%E5%8E%86%E5%8F%B2&pici=%E6%9C%AC%E7%A7%91%E6%89%B9%E6%AC%A1,data/jiangsu/raw/plan_sources/2025/北京电影学院_jszs_历史_485_ad9089093c.html,1
2025,历史类,3148,北京电影学院,3148-01,01,首选历史，再选不限,,文化产业管理,3,6000,四,https://gaoxiao.jszs.com/College/plannew.html?cid=485&yearno=2025&ty=%E6%99%AE%E9%80%9A%E7%B1%BB&topchoose=%E5%8E%86%E5%8F%B2&pici=%E6%9C%AC%E7%A7%91%E6%89%B9%E6%AC%A1,data/jiangsu/raw/plan_sources/2025/北京电影学院_jszs_历史_485_ad9089093c.html,1
2025,历史类,3108,北京科技大学,3108-01,01,首选历史，再选不限,,工商管理类,2,5000,四,https://gaoxiao.jszs.com/College/plannew.html?cid=38&yearno=2025&ty=%E6%99%AE%E9%80%9A%E7%B1%BB&topchoose=%E5%8E%86%E5%8F%B2&pici=%E6%9C%AC%E7%A7%91%E6%89%B9%E6%AC%A1,data/jiangsu/raw/plan_sources/2025/北京科技大学_jszs_历史_38_d80acd2f04.html,1
2025,历史类,3108,北京科技大学,3108-01,01,首选历史，再选不限,,社会科学试验班,7,5000,四,https://gaoxiao.jszs.com/College/plannew.html?cid=38&yearno=2025&ty=%E6%99%AE%E9%80%9A%E7%B1%BB&topchoose=%E5%8E%86%E5%8F%B2&pici=%E6%9C%AC%E7%A7%91%E6%89%B9%E6%AC%A1,data/jiangsu/raw/plan_sources/2025/北京科技大学_jszs_历史_38_d80acd2f04.html,1
2025,历史类,3108,北京科技大学,3108-01,01,首选历史，再选不限,,外国语言文学类,6,5000,四,https://gaoxiao.jszs.com/College/plannew.html?cid=38&yearno=2025&ty=%E6%99%AE%E9%80%9A%E7%B1%BB&topchoose=%E5%8E%86%E5%8F%B2&pici=%E6%9C%AC%E7%A7%91%E6%89%B9%E6%AC%A1,data/jiangsu/raw/plan_sources/2025/北京科技大学_jszs_历史_38_d80acd2f04.html,1
2025,历史类,3106,北京航空航天大学,3106-01,01,首选历史，再选不限,,社会科学试验班,5,5000,四,https://gaoxiao.jszs.com/College/plannew.html?cid=23&yearno=2025&ty=%E6%99%AE%E9%80%9A%E7%B1%BB&topchoose=%E5%8E%86%E5%8F%B2&pici=%E6%9C%AC%E7%A7%91%E6%89%B9%E6%AC%A1,data/jiangsu/raw/plan_sources/2025/北京航空航天大学_jszs_历史_23_ab56f4858b.html,1
2025,历史类,2106,华东师范大学,2106-03,03,首选历史，再选思想政治,,政治学与行政学,1,6500,四,https://gaoxiao.jszs.com/College/plannew.html?cid=33&yearno=2025&ty=%E6%99%AE%E9%80%9A%E7%B1%BB&topchoose=%E5%8E%86%E5%8F%B2&pici=%E6%9C%AC%E7%A7%91%E6%89%B9%E6%AC%A1,data/jiangsu/raw/plan_sources/2025/华东师范大学_jszs_历史_33_568d1a1349.html,1
2025,历史类,2106,华东师范大学,2106-03,03,首选历史，再选思想政治,,马克思主义理论,1,6500,四,https://gaoxiao.jszs.com/College/plannew.html?cid=33&yearno=2025&ty=%E6%99%AE%E9%80%9A%E7%B1%BB&topchoose=%E5%8E%86%E5%8F%B2&pici=%E6%9C%AC%E7%A7%91%E6%89%B9%E6%AC%A1,data/jiangsu/raw/plan_sources/2025/华东师范大学_jszs_历史_33_568d1a1349.html,1
2025,历史类,2106,华东师范大学,2106-02,02,首选历史，再选不限,,广播电视编导,2,13000,四,https://gaoxiao.jszs.com/College/plannew.html?cid=33&yearno=2025&ty=%E6%99%AE%E9%80%9A%E7%B1%BB&topchoose=%E5%8E%86%E5%8F%B2&pici=%E6%9C%AC%E7%A7%91%E6%89%B9%E6%AC%A1,data/jiangsu/raw/plan_sources/2025/华东师范大学_jszs_历史_33_568d1a1349.html,1
2025,历史类,2106,华东师范大学,2106-01,01,首选历史，再选不限,,汉语言文学,3,6500,四,https://gaoxiao.jszs.com/College/plannew.html?cid=33&yearno=2025&ty=%E6%99%AE%E9%80%9A%E7%B1%BB&topchoose=%E5%8E%86%E5%8F%B2&pici=%E6%9C%AC%E7%A7%91%E6%89%B9%E6%AC%A1,data/jiangsu/raw/plan_sources/2025/华东师范大学_jszs_历史_33_568d1a1349.html,1
2025,历史类,2106,华东师范大学,2106-01,01,首选历史，再选不限,,汉语国际教育,4,6500,四,https://gaoxiao.jszs.com/College/plannew.html?cid=33&yearno=2025&ty=%E6%99%AE%E9%80%9A%E7%B1%BB&topchoose=%E5%8E%86%E5%8F%B2&pici=%E6%9C%AC%E7%A7%91%E6%89%B9%E6%AC%A1,data/jiangsu/raw/plan_sources/2025/华东师范大学_jszs_历史_33_568d1a1349.html,1
2025,历史类,2106,华东师范大学,2106-01,01,首选历史，再选不限,,英语,2,6500,四,https://gaoxiao.jszs.com/College/plannew.html?cid=33&yearno=2025&ty=%E6%99%AE%E9%80%9A%E7%B1%BB&topchoose=%E5%8E%86%E5%8F%B2&pici=%E6%9C%AC%E7%A7%91%E6%89%B9%E6%AC%A1,data/jiangsu/raw/plan_sources/2025/华东师范大学_jszs_历史_33_568d1a1349.html,1
2025,历史类,2106,华东师范大学,2106-01,01,首选历史，再选不限,,金融学类,4,6500,四,https://gaoxiao.jszs.com/College/plannew.html?cid=33&yearno=2025&ty=%E6%99%AE%E9%80%9A%E7%B1%BB&topchoose=%E5%8E%86%E5%8F%B2&pici=%E6%9C%AC%E7%A7%91%E6%89%B9%E6%AC%A1,data/jiangsu/raw/plan_sources/2025/华东师范大学_jszs_历史_33_568d1a1349.html,1
2025,历史类,2106,华东师范大学,2106-01,01,首选历史，再选不限,,工商管理类,2,6500,四,https://gaoxiao.jszs.com/College/plannew.html?cid=33&yearno=2025&ty=%E6%99%AE%E9%80%9A%E7%B1%BB&topchoose=%E5%8E%86%E5%8F%B2&pici=%E6%9C%AC%E7%A7%91%E6%89%B9%E6%AC%A1,data/jiangsu/raw/plan_sources/2025/华东师范大学_jszs_历史_33_568d1a1349.html,1
2025,历史类,2106,华东师范大学,2106-01,01,首选历史，再选不限,,工商管理,2,6500,四,https://gaoxiao.jszs.com/College/plannew.html?cid=33&yearno=2025&ty=%E6%99%AE%E9%80%9A%E7%B1%BB&topchoose=%E5%8E%86%E5%8F%B2&pici=%E6%9C%AC%E7%A7%91%E6%89%B9%E6%AC%A1,data/jiangsu/raw/plan_sources/2025/华东师范大学_jszs_历史_33_568d1a1349.html,1
2025,历史类,2106,华东师范大学,2106-01,01,首选历史，再选不限,,人力资源管理,2,6500,四,https://gaoxiao.jszs.com/College/plannew.html?cid=33&yearno=2025&ty=%E6%99%AE%E9%80%9A%E7%B1%BB&topchoose=%E5%8E%86%E5%8F%B2&pici=%E6%9C%AC%E7%A7%91%E6%89%B9%E6%AC%A1,data/jiangsu/raw/plan_sources/2025/华东师范大学_jszs_历史_33_568d1a1349.html,1
2025,历史类,2106,华东师范大学,2106-01,01,首选历史，再选不限,,新闻传播学类,2,6500,四,https://gaoxiao.jszs.com/College/plannew.html?cid=33&yearno=2025&ty=%E6%99%AE%E9%80%9A%E7%B1%BB&topchoose=%E5%8E%86%E5%8F%B2&pici=%E6%9C%AC%E7%A7%91%E6%89%B9%E6%AC%A1,data/jiangsu/raw/plan_sources/2025/华东师范大学_jszs_历史_33_568d1a1349.html,1
2025,历史类,2106,华东师范大学,2106-01,01,首选历史，再选不限,,历史学,3,6500,四,https://gaoxiao.jszs.com/College/plannew.html?cid=33&yearno=2025&ty=%E6%99%AE%E9%80%9A%E7%B1%BB&topchoose=%E5%8E%86%E5%8F%B2&pici=%E6%9C%AC%E7%A7%91%E6%89%B9%E6%AC%A1,data/jiangsu/raw/plan_sources/2025/华东师范大学_jszs_历史_33_568d1a1349.html,1
2025,历史类,2106,华东师范大学,2106-01,01,首选历史，再选不限,,哲学,2,6500,四,https://gaoxiao.jszs.com/College/plannew.html?cid=33&yearno=2025&ty=%E6%99%AE%E9%80%9A%E7%B1%BB&topchoose=%E5%8E%86%E5%8F%B2&pici=%E6%9C%AC%E7%A7%91%E6%89%B9%E6%AC%A1,data/jiangsu/raw/plan_sources/2025/华东师范大学_jszs_历史_33_568d1a1349.html,1
2025,历史类,2106,华东师范大学,2106-01,01,首选历史，再选不限,,法学,2,6500,四,https://gaoxiao.jszs.com/College/plannew.html?cid=33&yearno=2025&ty=%E6%99%AE%E9%80%9A%E7%B1%BB&topchoose=%E5%8E%86%E5%8F%B2&pici=%E6%9C%AC%E7%A7%91%E6%89%B9%E6%AC%A1,data/jiangsu/raw/plan_sources/2025/华东师范大学_jszs_历史_33_568d1a1349.html,1
2025,历史类,2106,华东师范大学,2106-01,01,首选历史，再选不限,,社会学类,2,6500,四,https://gaoxiao.jszs.com/College/plannew.html?cid=33&yearno=2025&ty=%E6%99%AE%E9%80%9A%E7%B1%BB&topchoose=%E5%8E%86%E5%8F%B2&pici=%E6%9C%AC%E7%A7%91%E6%89%B9%E6%AC%A1,data/jiangsu/raw/plan_sources/2025/华东师范大学_jszs_历史_33_568d1a1349.html,1
2025,历史类,2106,华东师范大学,2106-01,01,首选历史，再选不限,,教育学类,2,7150,四,https://gaoxiao.jszs.com/College/plannew.html?cid=33&yearno=2025&ty=%E6%99%AE%E9%80%9A%E7%B1%BB&topchoose=%E5%8E%86%E5%8F%B2&pici=%E6%9C%AC%E7%A7%91%E6%89%B9%E6%AC%A1,data/jiangsu/raw/plan_sources/2025/华东师范大学_jszs_历史_33_568d1a1349.html,1
2025,历史类,2106,华东师范大学,2106-01,01,首选历史，再选不限,,行政管理,2,6500,四,https://gaoxiao.jszs.com/College/plannew.html?cid=33&yearno=2025&ty=%E6%99%AE%E9%80%9A%E7%B1%BB&topchoose=%E5%8E%86%E5%8F%B2&pici=%E6%9C%AC%E7%A7%91%E6%89%B9%E6%AC%A1,data/jiangsu/raw/plan_sources/2025/华东师范大学_jszs_历史_33_568d1a1349.html,1
2025,历史类,2107,华东政法大学,2107-01,01,首选历史，再选不限,,法学,6,6500,四,https://gaoxiao.jszs.com/College/plannew.html?cid=3337&yearno=2025&ty=%E6%99%AE%E9%80%9A%E7%B1%BB&topchoose=%E5%8E%86%E5%8F%B2&pici=%E6%9C%AC%E7%A7%91%E6%89%B9%E6%AC%A1,data/jiangsu/raw/plan_sources/2025/华东政法大学_jszs_历史_3337_5867a6ff40.html,1
2025,历史类,2107,华东政法大学,2107-01,01,首选历史，再选不限,,知识产权,3,6500,四,https://gaoxiao.jszs.com/College/plannew.html?cid=3337&yearno=2025&ty=%E6%99%AE%E9%80%9A%E7%B1%BB&topchoose=%E5%8E%86%E5%8F%B2&pici=%E6%9C%AC%E7%A7%91%E6%89%B9%E6%AC%A1,data/jiangsu/raw/plan_sources/2025/华东政法大学_jszs_历史_3337_5867a6ff40.html,1
2025,历史类,2107,华东政法大学,2107-01,01,首选历史，再选不限,,网络与新媒体,1,6500,四,https://gaoxiao.jszs.com/College/plannew.html?cid=3337&yearno=2025&ty=%E6%99%AE%E9%80%9A%E7%B1%BB&topchoose=%E5%8E%86%E5%8F%B2&pici=%E6%9C%AC%E7%A7%91%E6%89%B9%E6%AC%A1,data/jiangsu/raw/plan_sources/2025/华东政法大学_jszs_历史_3337_5867a6ff40.html,1
2025,历史类,2107,华东政法大学,2107-01,01,首选历史，再选不限,,英语,3,6500,四,https://gaoxiao.jszs.com/College/plannew.html?cid=3337&yearno=2025&ty=%E6%99%AE%E9%80%9A%E7%B1%BB&topchoose=%E5%8E%86%E5%8F%B2&pici=%E6%9C%AC%E7%A7%91%E6%89%B9%E6%AC%A1,data/jiangsu/raw/plan_sources/2025/华东政法大学_jszs_历史_3337_5867a6ff40.html,1
2025,历史类,2107,华东政法大学,2107-01,01,首选历史，再选不限,,翻译,2,6500,四,https://gaoxiao.jszs.com/College/plannew.html?cid=3337&yearno=2025&ty=%E6%99%AE%E9%80%9A%E7%B1%BB&topchoose=%E5%8E%86%E5%8F%B2&pici=%E6%9C%AC%E7%A7%91%E6%89%B9%E6%AC%A1,data/jiangsu/raw/plan_sources/2025/华东政法大学_jszs_历史_3337_5867a6ff40.html,1
2025,历史类,2107,华东政法大学,2107-01,01,首选历史，再选不限,,公共管理类,2,6500,四,https://gaoxiao.jszs.com/College/plannew.html?cid=3337&yearno=2025&ty=%E6%99%AE%E9%80%9A%E7%B1%BB&topchoose=%E5%8E%86%E5%8F%B2&pici=%E6%9C%AC%E7%A7%91%E6%89%B9%E6%AC%A1,data/jiangsu/raw/plan_sources/2025/华东政法大学_jszs_历史_3337_5867a6ff40.html,1
2025,历史类,2107,华东政法大学,2107-01,01,首选历史，再选不限,,经济学类,1,6500,四,https://gaoxiao.jszs.com/College/plannew.html?cid=3337&yearno=2025&ty=%E6%99%AE%E9%80%9A%E7%B1%BB&topchoose=%E5%8E%86%E5%8F%B2&pici=%E6%9C%AC%E7%A7%91%E6%89%B9%E6%AC%A1,data/jiangsu/raw/plan_sources/2025/华东政法大学_jszs_历史_3337_5867a6ff40.html,1
2025,历史类,5203,华中师范大学,5203-04,04,首选历史，再选地理,,地理科学类,1,4500,四,https://gaoxiao.jszs.com/College/plannew.html?cid=58&yearno=2025&ty=%E6%99%AE%E9%80%9A%E7%B1%BB&topchoose=%E5%8E%86%E5%8F%B2&pici=%E6%9C%AC%E7%A7%91%E6%89%B9%E6%AC%A1,data/jiangsu/raw/plan_sources/2025/华中师范大学_jszs_历史_58_62059b3255.html,1
2025,历史类,5203,华中师范大学,5203-03,03,首选历史，再选思想政治,,政治学类,4,5850,四,https://gaoxiao.jszs.com/College/plannew.html?cid=58&yearno=2025&ty=%E6%99%AE%E9%80%9A%E7%B1%BB&topchoose=%E5%8E%86%E5%8F%B2&pici=%E6%9C%AC%E7%A7%91%E6%89%B9%E6%AC%A1,data/jiangsu/raw/plan_sources/2025/华中师范大学_jszs_历史_58_62059b3255.html,1
2025,历史类,5203,华中师范大学,5203-02,02,首选历史，再选不限,,教育学,1,4500,四,https://gaoxiao.jszs.com/College/plannew.html?cid=58&yearno=2025&ty=%E6%99%AE%E9%80%9A%E7%B1%BB&topchoose=%E5%8E%86%E5%8F%B2&pici=%E6%9C%AC%E7%A7%91%E6%89%B9%E6%AC%A1,data/jiangsu/raw/plan_sources/2025/华中师范大学_jszs_历史_58_62059b3255.html,1
2025,历史类,5203,华中师范大学,5203-02,02,首选历史，再选不限,,教育学类,2,4500,四,https://gaoxiao.jszs.com/College/plannew.html?cid=58&yearno=2025&ty=%E6%99%AE%E9%80%9A%E7%B1%BB&topchoose=%E5%8E%86%E5%8F%B2&pici=%E6%9C%AC%E7%A7%91%E6%89%B9%E6%AC%A1,data/jiangsu/raw/plan_sources/2025/华中师范大学_jszs_历史_58_62059b3255.html,1
2025,历史类,5203,华中师范大学,5203-02,02,首选历史，再选不限,,汉语言文学,1,5850,四,https://gaoxiao.jszs.com/College/plannew.html?cid=58&yearno=2025&ty=%E6%99%AE%E9%80%9A%E7%B1%BB&topchoose=%E5%8E%86%E5%8F%B2&pici=%E6%9C%AC%E7%A7%91%E6%89%B9%E6%AC%A1,data/jiangsu/raw/plan_sources/2025/华中师范大学_jszs_历史_58_62059b3255.html,1
2025,历史类,5203,华中师范大学,5203-02,02,首选历史，再选不限,,中国语言文学类,1,5850,四,https://gaoxiao.jszs.com/College/plannew.html?cid=58&yearno=2025&ty=%E6%99%AE%E9%80%9A%E7%B1%BB&topchoose=%E5%8E%86%E5%8F%B2&pici=%E6%9C%AC%E7%A7%91%E6%89%B9%E6%AC%A1,data/jiangsu/raw/plan_sources/2025/华中师范大学_jszs_历史_58_62059b3255.html,1
2025,历史类,5203,华中师范大学,5203-02,02,首选历史，再选不限,,历史学,2,4500,四,https://gaoxiao.jszs.com/College/plannew.html?cid=58&yearno=2025&ty=%E6%99%AE%E9%80%9A%E7%B1%BB&topchoose=%E5%8E%86%E5%8F%B2&pici=%E6%9C%AC%E7%A7%91%E6%89%B9%E6%AC%A1,data/jiangsu/raw/plan_sources/2025/华中师范大学_jszs_历史_58_62059b3255.html,1
2025,历史类,5203,华中师范大学,5203-02,02,首选历史，再选不限,,公共管理类,3,4500,四,https://gaoxiao.jszs.com/College/plannew.html?cid=58&yearno=2025&ty=%E6%99%AE%E9%80%9A%E7%B1%BB&topchoose=%E5%8E%86%E5%8F%B2&pici=%E6%9C%AC%E7%A7%91%E6%89%B9%E6%AC%A1,data/jiangsu/raw/plan_sources/2025/华中师范大学_jszs_历史_58_62059b3255.html,1
2025,历史类,5202,华中科技大学,5202-01,01,首选历史，再选不限,,建筑类,4,5850,四,https://gaoxiao.jszs.com/College/plannew.html?cid=6&yearno=2025&ty=%E6%99%AE%E9%80%9A%E7%B1%BB&topchoose=%E5%8E%86%E5%8F%B2&pici=%E6%9C%AC%E7%A7%91%E6%89%B9%E6%AC%A1,data/jiangsu/raw/plan_sources/2025/华中科技大学_jszs_历史_6_4bccf55612.html,1
2025,历史类,5202,华中科技大学,5202-01,01,首选历史，再选不限,,工商管理类,8,4500,四,https://gaoxiao.jszs.com/College/plannew.html?cid=6&yearno=2025&ty=%E6%99%AE%E9%80%9A%E7%B1%BB&topchoose=%E5%8E%86%E5%8F%B2&pici=%E6%9C%AC%E7%A7%91%E6%89%B9%E6%AC%A1,data/jiangsu/raw/plan_sources/2025/华中科技大学_jszs_历史_6_4bccf55612.html,1
2025,历史类,5202,华中科技大学,5202-01,01,首选历史，再选不限,,经济学类,4,4500,四,https://gaoxiao.jszs.com/College/plannew.html?cid=6&yearno=2025&ty=%E6%99%AE%E9%80%9A%E7%B1%BB&topchoose=%E5%8E%86%E5%8F%B2&pici=%E6%9C%AC%E7%A7%91%E6%89%B9%E6%AC%A1,data/jiangsu/raw/plan_sources/2025/华中科技大学_jszs_历史_6_4bccf55612.html,1
2025,历史类,5202,华中科技大学,5202-01,01,首选历史，再选不限,,国际商务,2,4500,四,https://gaoxiao.jszs.com/College/plannew.html?cid=6&yearno=2025&ty=%E6%99%AE%E9%80%9A%E7%B1%BB&topchoose=%E5%8E%86%E5%8F%B2&pici=%E6%9C%AC%E7%A7%91%E6%89%B9%E6%AC%A1,data/jiangsu/raw/plan_sources/2025/华中科技大学_jszs_历史_6_4bccf55612.html,1
2025,历史类,5202,华中科技大学,5202-01,01,首选历史，再选不限,,公共管理类,5,4500,四,https://gaoxiao.jszs.com/College/plannew.html?cid=6&yearno=2025&ty=%E6%99%AE%E9%80%9A%E7%B1%BB&topchoose=%E5%8E%86%E5%8F%B2&pici=%E6%9C%AC%E7%A7%91%E6%89%B9%E6%AC%A1,data/jiangsu/raw/plan_sources/2025/华中科技大学_jszs_历史_6_4bccf55612.html,1
2025,历史类,5202,华中科技大学,5202-01,01,首选历史，再选不限,,中国语言文学类,5,4500,四,https://gaoxiao.jszs.com/College/plannew.html?cid=6&yearno=2025&ty=%E6%99%AE%E9%80%9A%E7%B1%BB&topchoose=%E5%8E%86%E5%8F%B2&pici=%E6%9C%AC%E7%A7%91%E6%89%B9%E6%AC%A1,data/jiangsu/raw/plan_sources/2025/华中科技大学_jszs_历史_6_4bccf55612.html,1
2025,历史类,5202,华中科技大学,5202-01,01,首选历史，再选不限,,哲学,2,4500,四,https://gaoxiao.jszs.com/College/plannew.html?cid=6&yearno=2025&ty=%E6%99%AE%E9%80%9A%E7%B1%BB&topchoose=%E5%8E%86%E5%8F%B2&pici=%E6%9C%AC%E7%A7%91%E6%89%B9%E6%AC%A1,data/jiangsu/raw/plan_sources/2025/华中科技大学_jszs_历史_6_4bccf55612.html,1
2025,历史类,5202,华中科技大学,5202-01,01,首选历史，再选不限,,法学,5,4500,四,https://gaoxiao.jszs.com/College/plannew.html?cid=6&yearno=2025&ty=%E6%99%AE%E9%80%9A%E7%B1%BB&topchoose=%E5%8E%86%E5%8F%B2&pici=%E6%9C%AC%E7%A7%91%E6%89%B9%E6%AC%A1,data/jiangsu/raw/plan_sources/2025/华中科技大学_jszs_历史_6_4bccf55612.html,1
2025,历史类,5202,华中科技大学,5202-01,01,首选历史，再选不限,,社会学类,7,4500,四,https://gaoxiao.jszs.com/College/plannew.html?cid=6&yearno=2025&ty=%E6%99%AE%E9%80%9A%E7%B1%BB&topchoose=%E5%8E%86%E5%8F%B2&pici=%E6%9C%AC%E7%A7%91%E6%89%B9%E6%AC%A1,data/jiangsu/raw/plan_sources/2025/华中科技大学_jszs_历史_6_4bccf55612.html,1
2025,历史类,5202,华中科技大学,5202-01,01,首选历史，再选不限,,外国语言文学类,4,4500,四,https://gaoxiao.jszs.com/College/plannew.html?cid=6&yearno=2025&ty=%E6%99%AE%E9%80%9A%E7%B1%BB&topchoose=%E5%8E%86%E5%8F%B2&pici=%E6%9C%AC%E7%A7%91%E6%89%B9%E6%AC%A1,data/jiangsu/raw/plan_sources/2025/华中科技大学_jszs_历史_6_4bccf55612.html,1
2025,历史类,5202,华中科技大学,5202-01,01,首选历史，再选不限,,新闻传播学类,4,4500,四,https://gaoxiao.jszs.com/College/plannew.html?cid=6&yearno=2025&ty=%E6%99%AE%E9%80%9A%E7%B1%BB&topchoose=%E5%8E%86%E5%8F%B2&pici=%E6%9C%AC%E7%A7%91%E6%89%B9%E6%AC%A1,data/jiangsu/raw/plan_sources/2025/华中科技大学_jszs_历史_6_4bccf55612.html,1
2025,历史类,5402,华南理工大学,5402-01,01,首选历史，再选不限,,工商管理类,4,6060,四,https://gaoxiao.jszs.com/College/plannew.html?cid=25&yearno=2025&ty=%E6%99%AE%E9%80%9A%E7%B1%BB&topchoose=%E5%8E%86%E5%8F%B2&pici=%E6%9C%AC%E7%A7%91%E6%89%B9%E6%AC%A1,data/jiangsu/raw/plan_sources/2025/华南理工大学_jszs_历史_25_be4a79ccd8.html,1
2025,历史类,5402,华南理工大学,5402-01,01,首选历史，再选不限,,会计学,2,6060,四,https://gaoxiao.jszs.com/College/plannew.html?cid=25&yearno=2025&ty=%E6%99%AE%E9%80%9A%E7%B1%BB&topchoose=%E5%8E%86%E5%8F%B2&pici=%E6%9C%AC%E7%A7%91%E6%89%B9%E6%AC%A1,data/jiangsu/raw/plan_sources/2025/华南理工大学_jszs_历史_25_be4a79ccd8.html,1
2025,历史类,5402,华南理工大学,5402-01,01,首选历史，再选不限,,法学类,4,6060,四,https://gaoxiao.jszs.com/College/plannew.html?cid=25&yearno=2025&ty=%E6%99%AE%E9%80%9A%E7%B1%BB&topchoose=%E5%8E%86%E5%8F%B2&pici=%E6%9C%AC%E7%A7%91%E6%89%B9%E6%AC%A1,data/jiangsu/raw/plan_sources/2025/华南理工大学_jszs_历史_25_be4a79ccd8.html,1
2025,历史类,5402,华南理工大学,5402-01,01,首选历史，再选不限,,经济学类,2,6060,四,https://gaoxiao.jszs.com/College/plannew.html?cid=25&yearno=2025&ty=%E6%99%AE%E9%80%9A%E7%B1%BB&topchoose=%E5%8E%86%E5%8F%B2&pici=%E6%9C%AC%E7%A7%91%E6%89%B9%E6%AC%A1,data/jiangsu/raw/plan_sources/2025/华南理工大学_jszs_历史_25_be4a79ccd8.html,1
2025,历史类,1106,南京信息工程大学,1106-534,534,首选历史,普通计划—历史类本科批合计(534),普通计划—历史类本科批合计(534),534,534,,https://zs.nuist.edu.cn/info/1172/2977.htm,data/jiangsu/raw/plan_sources/2025/南京信息工程大学_1_bd8180ed11.htm,0
2025,历史类,1106,南京信息工程大学,1106-01,01,首选历史，再选不限,1,法学(中国社会科学院大学参与教学),20,5200,,https://zs.nuist.edu.cn/info/1172/2977.htm,data/jiangsu/raw/plan_sources/2025/南京信息工程大学_1_bd8180ed11.htm,1
2025,历史类,1106,南京信息工程大学,1106-01,01,首选历史，再选不限,2,财务管理(中国社会科学院大学参与教学),9,5200,,https://zs.nuist.edu.cn/info/1172/2977.htm,data/jiangsu/raw/plan_sources/2025/南京信息工程大学_1_bd8180ed11.htm,1
2025,历史类,1106,南京信息工程大学,1106-01,01,首选历史，再选不限,3,汉语言文学(中国社会科学院大学参与教学),20,5200,,https://zs.nuist.edu.cn/info/1172/2977.htm,data/jiangsu/raw/plan_sources/2025/南京信息工程大学_1_bd8180ed11.htm,1
2025,历史类,1106,南京信息工程大学,1106-01,01,首选历史，再选不限,4,供应链管理(与江苏京迅递供应链管理有限公司联合培养),5,5720,,https://zs.nuist.edu.cn/info/1172/2977.htm,data/jiangsu/raw/plan_sources/2025/南京信息工程大学_1_bd8180ed11.htm,1
2025,历史类,1106,南京信息工程大学,1106-01,01,首选历史，再选不限,5,法学,57,5200,,https://zs.nuist.edu.cn/info/1172/2977.htm,data/jiangsu/raw/plan_sources/2025/南京信息工程大学_1_bd8180ed11.htm,1
2025,历史类,1106,南京信息工程大学,1106-01,01,首选历史，再选不限,6,汉语言文学(师范),35,5200,,https://zs.nuist.edu.cn/info/1172/2977.htm,data/jiangsu/raw/plan_sources/2025/南京信息工程大学_1_bd8180ed11.htm,1
2025,历史类,1106,南京信息工程大学,1106-01,01,首选历史，再选不限,7,英语(只招英语考生)(师范),35,5200,,https://zs.nuist.edu.cn/info/1172/2977.htm,data/jiangsu/raw/plan_sources/2025/南京信息工程大学_1_bd8180ed11.htm,1
2025,历史类,1106,南京信息工程大学,1106-01,01,首选历史，再选不限,8,汉语言文学,60,5200,,https://zs.nuist.edu.cn/info/1172/2977.htm,data/jiangsu/raw/plan_sources/2025/南京信息工程大学_1_bd8180ed11.htm,1
2025,历史类,1106,南京信息工程大学,1106-01,01,首选历史，再选不限,9,英语(只招英语考生),39,5200,,https://zs.nuist.edu.cn/info/1172/2977.htm,data/jiangsu/raw/plan_sources/2025/南京信息工程大学_1_bd8180ed11.htm,1
2025,历史类,1106,南京信息工程大学,1106-01,01,首选历史，再选不限,10,会计学,70,5200,,https://zs.nuist.edu.cn/info/1172/2977.htm,data/jiangsu/raw/plan_sources/2025/南京信息工程大学_1_bd8180ed11.htm,1
2025,历史类,1106,南京信息工程大学,1106-01,01,首选历史，再选不限,11,行政管理,5,5200,,https://zs.nuist.edu.cn/info/1172/2977.htm,data/jiangsu/raw/plan_sources/2025/南京信息工程大学_1_bd8180ed11.htm,1
2025,历史类,1106,南京信息工程大学,1106-01,01,首选历史，再选不限,12,财务管理,60,5200,,https://zs.nuist.edu.cn/info/1172/2977.htm,data/jiangsu/raw/plan_sources/2025/南京信息工程大学_1_bd8180ed11.htm,1
2025,历史类,1106,南京信息工程大学,1106-01,01,首选历史，再选不限,13,人力资源管理,15,5200,,https://zs.nuist.edu.cn/info/1172/2977.htm,data/jiangsu/raw/plan_sources/2025/南京信息工程大学_1_bd8180ed11.htm,1
2025,历史类,1106,南京信息工程大学,1106-01,01,首选历史，再选不限,14,供应链管理,6,5720,,https://zs.nuist.edu.cn/info/1172/2977.htm,data/jiangsu/raw/plan_sources/2025/南京信息工程大学_1_bd8180ed11.htm,1
2025,历史类,1106,南京信息工程大学,1106-01,01,首选历史，再选不限,15,国际经济与贸易,10,5200,,https://zs.nuist.edu.cn/info/1172/2977.htm,data/jiangsu/raw/plan_sources/2025/南京信息工程大学_1_bd8180ed11.htm,1
2025,历史类,1106,南京信息工程大学,1106-01,01,首选历史，再选不限,16,汉语国际教育,13,5200,,https://zs.nuist.edu.cn/info/1172/2977.htm,data/jiangsu/raw/plan_sources/2025/南京信息工程大学_1_bd8180ed11.htm,1
2025,历史类,1106,南京信息工程大学,1106-02,02,首选历史，再选思想政治教育(师范),17,思想政治教育(师范),25,5200,,https://zs.nuist.edu.cn/info/1172/2977.htm,data/jiangsu/raw/plan_sources/2025/南京信息工程大学_1_bd8180ed11.htm,1
2025,历史类,1106,南京信息工程大学,1106-03,03,首选历史，再选不限,18,国际经济与贸易(中外合作办学),50,57000,,https://zs.nuist.edu.cn/info/1172/2977.htm,data/jiangsu/raw/plan_sources/2025/南京信息工程大学_1_bd8180ed11.htm,1
2025,历史类,1106,南京信息工程大学,1106-210,210,首选历史,艺术类提前本科2小批—历史类合计(210),艺术类提前本科2小批—历史类合计(210),2,2,,https://zs.nuist.edu.cn/info/1172/2977.htm,data/jiangsu/raw/plan_sources/2025/南京信息工程大学_1_bd8180ed11.htm,0
2025,历史类,1106,南京信息工程大学,1106-16,16,首选历史，再选不限,F2,动画,37,6800,,https://zs.nuist.edu.cn/info/1172/2977.htm,data/jiangsu/raw/plan_sources/2025/南京信息工程大学_1_bd8180ed11.htm,0
2025,历史类,1106,南京信息工程大学,1106-16,16,首选历史，再选不限,F3,环境设计,32,6800,,https://zs.nuist.edu.cn/info/1172/2977.htm,data/jiangsu/raw/plan_sources/2025/南京信息工程大学_1_bd8180ed11.htm,0
2025,历史类,1106,南京信息工程大学,1106-16,16,首选历史，再选不限,F4,美术学(师范),29,6800,,https://zs.nuist.edu.cn/info/1172/2977.htm,data/jiangsu/raw/plan_sources/2025/南京信息工程大学_1_bd8180ed11.htm,0
2025,历史类,1106,南京信息工程大学,1106-16,16,首选历史，再选不限,F5,数字媒体艺术,50,6800,,https://zs.nuist.edu.cn/info/1172/2977.htm,data/jiangsu/raw/plan_sources/2025/南京信息工程大学_1_bd8180ed11.htm,0
2025,历史类,1106,南京信息工程大学,1106-16,16,首选历史，再选不限,F6,艺术与科技,32,6800,,https://zs.nuist.edu.cn/info/1172/2977.htm,data/jiangsu/raw/plan_sources/2025/南京信息工程大学_1_bd8180ed11.htm,0
2025,历史类,1106,南京信息工程大学,1106-17,17,首选历史，再选不限,F7,数字媒体艺术(中外合作办学),30,26400,,https://zs.nuist.edu.cn/info/1172/2977.htm,data/jiangsu/raw/plan_sources/2025/南京信息工程大学_1_bd8180ed11.htm,0
2025,历史类,1107,南京农业大学,1107-01,01,首选历史，再选不限,,风景园林,15,6380,四,https://gaoxiao.jszs.com/College/plannew.html?cid=49&yearno=2025&ty=%E6%99%AE%E9%80%9A%E7%B1%BB&topchoose=%E5%8E%86%E5%8F%B2&pici=%E6%9C%AC%E7%A7%91%E6%89%B9%E6%AC%A1,data/jiangsu/raw/plan_sources/2025/南京农业大学_jszs_历史_49_40625641b4.html,1
2025,历史类,1107,南京农业大学,1107-01,01,首选历史，再选不限,,国际经济与贸易,22,5200,四,https://gaoxiao.jszs.com/College/plannew.html?cid=49&yearno=2025&ty=%E6%99%AE%E9%80%9A%E7%B1%BB&topchoose=%E5%8E%86%E5%8F%B2&pici=%E6%9C%AC%E7%A7%91%E6%89%B9%E6%AC%A1,data/jiangsu/raw/plan_sources/2025/南京农业大学_jszs_历史_49_40625641b4.html,1
2025,历史类,1107,南京农业大学,1107-01,01,首选历史，再选不限,,农林经济管理,26,5720,四,https://gaoxiao.jszs.com/College/plannew.html?cid=49&yearno=2025&ty=%E6%99%AE%E9%80%9A%E7%B1%BB&topchoose=%E5%8E%86%E5%8F%B2&pici=%E6%9C%AC%E7%A7%91%E6%89%B9%E6%AC%A1,data/jiangsu/raw/plan_sources/2025/南京农业大学_jszs_历史_49_40625641b4.html,1
2025,历史类,1107,南京农业大学,1107-01,01,首选历史，再选不限,,工商管理类,26,5200,四,https://gaoxiao.jszs.com/College/plannew.html?cid=49&yearno=2025&ty=%E6%99%AE%E9%80%9A%E7%B1%BB&topchoose=%E5%8E%86%E5%8F%B2&pici=%E6%9C%AC%E7%A7%91%E6%89%B9%E6%AC%A1,data/jiangsu/raw/plan_sources/2025/南京农业大学_jszs_历史_49_40625641b4.html,1
2025,历史类,1107,南京农业大学,1107-01,01,首选历史，再选不限,,公共管理类,58,5720,四,https://gaoxiao.jszs.com/College/plannew.html?cid=49&yearno=2025&ty=%E6%99%AE%E9%80%9A%E7%B1%BB&topchoose=%E5%8E%86%E5%8F%B2&pici=%E6%9C%AC%E7%A7%91%E6%89%B9%E6%AC%A1,data/jiangsu/raw/plan_sources/2025/南京农业大学_jszs_历史_49_40625641b4.html,1
2025,历史类,1107,南京农业大学,1107-01,01,首选历史，再选不限,,英语,8,5200,四,https://gaoxiao.jszs.com/College/plannew.html?cid=49&yearno=2025&ty=%E6%99%AE%E9%80%9A%E7%B1%BB&topchoose=%E5%8E%86%E5%8F%B2&pici=%E6%9C%AC%E7%A7%91%E6%89%B9%E6%AC%A1,data/jiangsu/raw/plan_sources/2025/南京农业大学_jszs_历史_49_40625641b4.html,1
2025,历史类,1107,南京农业大学,1107-01,01,首选历史，再选不限,,日语,5,5200,四,https://gaoxiao.jszs.com/College/plannew.html?cid=49&yearno=2025&ty=%E6%99%AE%E9%80%9A%E7%B1%BB&topchoose=%E5%8E%86%E5%8F%B2&pici=%E6%9C%AC%E7%A7%91%E6%89%B9%E6%AC%A1,data/jiangsu/raw/plan_sources/2025/南京农业大学_jszs_历史_49_40625641b4.html,1
2025,历史类,1107,南京农业大学,1107-01,01,首选历史，再选不限,,社会学类,59,5200,四,https://gaoxiao.jszs.com/College/plannew.html?cid=49&yearno=2025&ty=%E6%99%AE%E9%80%9A%E7%B1%BB&topchoose=%E5%8E%86%E5%8F%B2&pici=%E6%9C%AC%E7%A7%91%E6%89%B9%E6%AC%A1,data/jiangsu/raw/plan_sources/2025/南京农业大学_jszs_历史_49_40625641b4.html,1
2025,历史类,1107,南京农业大学,1107-01,01,首选历史，再选不限,,文化遗产,8,5200,四,https://gaoxiao.jszs.com/College/plannew.html?cid=49&yearno=2025&ty=%E6%99%AE%E9%80%9A%E7%B1%BB&topchoose=%E5%8E%86%E5%8F%B2&pici=%E6%9C%AC%E7%A7%91%E6%89%B9%E6%AC%A1,data/jiangsu/raw/plan_sources/2025/南京农业大学_jszs_历史_49_40625641b4.html,1
2025,历史类,1107,南京农业大学,1107-01,01,首选历史，再选不限,,金融学,33,5200,四,https://gaoxiao.jszs.com/College/plannew.html?cid=49&yearno=2025&ty=%E6%99%AE%E9%80%9A%E7%B1%BB&topchoose=%E5%8E%86%E5%8F%B2&pici=%E6%9C%AC%E7%A7%91%E6%89%B9%E6%AC%A1,data/jiangsu/raw/plan_sources/2025/南京农业大学_jszs_历史_49_40625641b4.html,1
2025,历史类,1107,南京农业大学,1107-01,01,首选历史，再选不限,,会计学,36,5200,四,https://gaoxiao.jszs.com/College/plannew.html?cid=49&yearno=2025&ty=%E6%99%AE%E9%80%9A%E7%B1%BB&topchoose=%E5%8E%86%E5%8F%B2&pici=%E6%9C%AC%E7%A7%91%E6%89%B9%E6%AC%A1,data/jiangsu/raw/plan_sources/2025/南京农业大学_jszs_历史_49_40625641b4.html,1
2025,历史类,1107,南京农业大学,1107-01,01,首选历史，再选不限,,投资学,12,5200,四,https://gaoxiao.jszs.com/College/plannew.html?cid=49&yearno=2025&ty=%E6%99%AE%E9%80%9A%E7%B1%BB&topchoose=%E5%8E%86%E5%8F%B2&pici=%E6%9C%AC%E7%A7%91%E6%89%B9%E6%AC%A1,data/jiangsu/raw/plan_sources/2025/南京农业大学_jszs_历史_49_40625641b4.html,1
2025,历史类,1101,南京大学,1101-03,03,首选历史，再选不限,,人文科学试验班,46,5720,四,https://gaoxiao.jszs.com/College/plannew.html?cid=5&yearno=2025&ty=%E6%99%AE%E9%80%9A%E7%B1%BB&topchoose=%E5%8E%86%E5%8F%B2&pici=%E6%9C%AC%E7%A7%91%E6%89%B9%E6%AC%A1,data/jiangsu/raw/plan_sources/2025/南京大学_jszs_历史_5_cc3cbb2195.html,1
2025,历史类,1101,南京大学,1101-03,03,首选历史，再选不限,,汉语言文学,10,5720,四,https://gaoxiao.jszs.com/College/plannew.html?cid=5&yearno=2025&ty=%E6%99%AE%E9%80%9A%E7%B1%BB&topchoose=%E5%8E%86%E5%8F%B2&pici=%E6%9C%AC%E7%A7%91%E6%89%B9%E6%AC%A1,data/jiangsu/raw/plan_sources/2025/南京大学_jszs_历史_5_cc3cbb2195.html,1
2025,历史类,1101,南京大学,1101-03,03,首选历史，再选不限,,社会科学试验班,81,5720,四,https://gaoxiao.jszs.com/College/plannew.html?cid=5&yearno=2025&ty=%E6%99%AE%E9%80%9A%E7%B1%BB&topchoose=%E5%8E%86%E5%8F%B2&pici=%E6%9C%AC%E7%A7%91%E6%89%B9%E6%AC%A1,data/jiangsu/raw/plan_sources/2025/南京大学_jszs_历史_5_cc3cbb2195.html,1
2025,历史类,1101,南京大学,1101-03,03,首选历史，再选不限,,经济管理试验班,63,5720,四,https://gaoxiao.jszs.com/College/plannew.html?cid=5&yearno=2025&ty=%E6%99%AE%E9%80%9A%E7%B1%BB&topchoose=%E5%8E%86%E5%8F%B2&pici=%E6%9C%AC%E7%A7%91%E6%89%B9%E6%AC%A1,data/jiangsu/raw/plan_sources/2025/南京大学_jszs_历史_5_cc3cbb2195.html,1
2025,历史类,1101,南京大学,1101-03,03,首选历史，再选不限,,英语,15,5720,四,https://gaoxiao.jszs.com/College/plannew.html?cid=5&yearno=2025&ty=%E6%99%AE%E9%80%9A%E7%B1%BB&topchoose=%E5%8E%86%E5%8F%B2&pici=%E6%9C%AC%E7%A7%91%E6%89%B9%E6%AC%A1,data/jiangsu/raw/plan_sources/2025/南京大学_jszs_历史_5_cc3cbb2195.html,1
2025,历史类,1101,南京大学,1101-03,03,首选历史，再选不限,,德语,3,5720,四,https://gaoxiao.jszs.com/College/plannew.html?cid=5&yearno=2025&ty=%E6%99%AE%E9%80%9A%E7%B1%BB&topchoose=%E5%8E%86%E5%8F%B2&pici=%E6%9C%AC%E7%A7%91%E6%89%B9%E6%AC%A1,data/jiangsu/raw/plan_sources/2025/南京大学_jszs_历史_5_cc3cbb2195.html,1
2025,历史类,1101,南京大学,1101-03,03,首选历史，再选不限,,新闻学,15,5720,四,https://gaoxiao.jszs.com/College/plannew.html?cid=5&yearno=2025&ty=%E6%99%AE%E9%80%9A%E7%B1%BB&topchoose=%E5%8E%86%E5%8F%B2&pici=%E6%9C%AC%E7%A7%91%E6%89%B9%E6%AC%A1,data/jiangsu/raw/plan_sources/2025/南京大学_jszs_历史_5_cc3cbb2195.html,1
2025,历史类,1119,南京审计大学,1119-06,06,首选历史，再选不限,,经济学,15,5720,四,https://gaoxiao.jszs.com/College/plannew.html?cid=414&yearno=2025&ty=%E6%99%AE%E9%80%9A%E7%B1%BB&topchoose=%E5%8E%86%E5%8F%B2&pici=%E6%9C%AC%E7%A7%91%E6%89%B9%E6%AC%A1,data/jiangsu/raw/plan_sources/2025/南京审计大学_jszs_历史_414_22b17a95c9.html,1
2025,历史类,1119,南京审计大学,1119-05,05,首选历史，再选不限,,审计学,43,56000,四,https://gaoxiao.jszs.com/College/plannew.html?cid=414&yearno=2025&ty=%E6%99%AE%E9%80%9A%E7%B1%BB&topchoose=%E5%8E%86%E5%8F%B2&pici=%E6%9C%AC%E7%A7%91%E6%89%B9%E6%AC%A1,data/jiangsu/raw/plan_sources/2025/南京审计大学_jszs_历史_414_22b17a95c9.html,1
2025,历史类,1119,南京审计大学,1119-04,04,首选历史，再选不限,,会计学,25,26000,四,https://gaoxiao.jszs.com/College/plannew.html?cid=414&yearno=2025&ty=%E6%99%AE%E9%80%9A%E7%B1%BB&topchoose=%E5%8E%86%E5%8F%B2&pici=%E6%9C%AC%E7%A7%91%E6%89%B9%E6%AC%A1,data/jiangsu/raw/plan_sources/2025/南京审计大学_jszs_历史_414_22b17a95c9.html,1
2025,历史类,1119,南京审计大学,1119-03,03,首选历史，再选不限,,税收学,31,5720,四,https://gaoxiao.jszs.com/College/plannew.html?cid=414&yearno=2025&ty=%E6%99%AE%E9%80%9A%E7%B1%BB&topchoose=%E5%8E%86%E5%8F%B2&pici=%E6%9C%AC%E7%A7%91%E6%89%B9%E6%AC%A1,data/jiangsu/raw/plan_sources/2025/南京审计大学_jszs_历史_414_22b17a95c9.html,1
2025,历史类,1119,南京审计大学,1119-03,03,首选历史，再选不限,,金融学,35,5720,四,https://gaoxiao.jszs.com/College/plannew.html?cid=414&yearno=2025&ty=%E6%99%AE%E9%80%9A%E7%B1%BB&topchoose=%E5%8E%86%E5%8F%B2&pici=%E6%9C%AC%E7%A7%91%E6%89%B9%E6%AC%A1,data/jiangsu/raw/plan_sources/2025/南京审计大学_jszs_历史_414_22b17a95c9.html,1
2025,历史类,1119,南京审计大学,1119-03,03,首选历史，再选不限,,投资学,22,5200,四,https://gaoxiao.jszs.com/College/plannew.html?cid=414&yearno=2025&ty=%E6%99%AE%E9%80%9A%E7%B1%BB&topchoose=%E5%8E%86%E5%8F%B2&pici=%E6%9C%AC%E7%A7%91%E6%89%B9%E6%AC%A1,data/jiangsu/raw/plan_sources/2025/南京审计大学_jszs_历史_414_22b17a95c9.html,1
2025,历史类,1119,南京审计大学,1119-03,03,首选历史，再选不限,,信用管理,20,5200,四,https://gaoxiao.jszs.com/College/plannew.html?cid=414&yearno=2025&ty=%E6%99%AE%E9%80%9A%E7%B1%BB&topchoose=%E5%8E%86%E5%8F%B2&pici=%E6%9C%AC%E7%A7%91%E6%89%B9%E6%AC%A1,data/jiangsu/raw/plan_sources/2025/南京审计大学_jszs_历史_414_22b17a95c9.html,1
2025,历史类,1119,南京审计大学,1119-03,03,首选历史，再选不限,,金融审计,10,5200,四,https://gaoxiao.jszs.com/College/plannew.html?cid=414&yearno=2025&ty=%E6%99%AE%E9%80%9A%E7%B1%BB&topchoose=%E5%8E%86%E5%8F%B2&pici=%E6%9C%AC%E7%A7%91%E6%89%B9%E6%AC%A1,data/jiangsu/raw/plan_sources/2025/南京审计大学_jszs_历史_414_22b17a95c9.html,1
2025,历史类,1119,南京审计大学,1119-03,03,首选历史，再选不限,,国际经济与贸易,18,5200,四,https://gaoxiao.jszs.com/College/plannew.html?cid=414&yearno=2025&ty=%E6%99%AE%E9%80%9A%E7%B1%BB&topchoose=%E5%8E%86%E5%8F%B2&pici=%E6%9C%AC%E7%A7%91%E6%89%B9%E6%AC%A1,data/jiangsu/raw/plan_sources/2025/南京审计大学_jszs_历史_414_22b17a95c9.html,1
2025,历史类,1119,南京审计大学,1119-03,03,首选历史，再选不限,,法学,23,5200,四,https://gaoxiao.jszs.com/College/plannew.html?cid=414&yearno=2025&ty=%E6%99%AE%E9%80%9A%E7%B1%BB&topchoose=%E5%8E%86%E5%8F%B2&pici=%E6%9C%AC%E7%A7%91%E6%89%B9%E6%AC%A1,data/jiangsu/raw/plan_sources/2025/南京审计大学_jszs_历史_414_22b17a95c9.html,1
2025,历史类,1119,南京审计大学,1119-03,03,首选历史，再选不限,,纪检监察,14,5200,四,https://gaoxiao.jszs.com/College/plannew.html?cid=414&yearno=2025&ty=%E6%99%AE%E9%80%9A%E7%B1%BB&topchoose=%E5%8E%86%E5%8F%B2&pici=%E6%9C%AC%E7%A7%91%E6%89%B9%E6%AC%A1,data/jiangsu/raw/plan_sources/2025/南京审计大学_jszs_历史_414_22b17a95c9.html,1
2025,历史类,1119,南京审计大学,1119-03,03,首选历史，再选不限,,汉语言文学,47,5200,四,https://gaoxiao.jszs.com/College/plannew.html?cid=414&yearno=2025&ty=%E6%99%AE%E9%80%9A%E7%B1%BB&topchoose=%E5%8E%86%E5%8F%B2&pici=%E6%9C%AC%E7%A7%91%E6%89%B9%E6%AC%A1,data/jiangsu/raw/plan_sources/2025/南京审计大学_jszs_历史_414_22b17a95c9.html,1
2025,历史类,1119,南京审计大学,1119-03,03,首选历史，再选不限,,汉语国际教育,17,5200,四,https://gaoxiao.jszs.com/College/plannew.html?cid=414&yearno=2025&ty=%E6%99%AE%E9%80%9A%E7%B1%BB&topchoose=%E5%8E%86%E5%8F%B2&pici=%E6%9C%AC%E7%A7%91%E6%89%B9%E6%AC%A1,data/jiangsu/raw/plan_sources/2025/南京审计大学_jszs_历史_414_22b17a95c9.html,1
2025,历史类,1119,南京审计大学,1119-03,03,首选历史，再选不限,,英语,38,5200,四,https://gaoxiao.jszs.com/College/plannew.html?cid=414&yearno=2025&ty=%E6%99%AE%E9%80%9A%E7%B1%BB&topchoose=%E5%8E%86%E5%8F%B2&pici=%E6%9C%AC%E7%A7%91%E6%89%B9%E6%AC%A1,data/jiangsu/raw/plan_sources/2025/南京审计大学_jszs_历史_414_22b17a95c9.html,1
2025,历史类,1119,南京审计大学,1119-03,03,首选历史，再选不限,,工商管理,16,5200,四,https://gaoxiao.jszs.com/College/plannew.html?cid=414&yearno=2025&ty=%E6%99%AE%E9%80%9A%E7%B1%BB&topchoose=%E5%8E%86%E5%8F%B2&pici=%E6%9C%AC%E7%A7%91%E6%89%B9%E6%AC%A1,data/jiangsu/raw/plan_sources/2025/南京审计大学_jszs_历史_414_22b17a95c9.html,1
2025,历史类,1119,南京审计大学,1119-03,03,首选历史，再选不限,,会计学,70,5720,四,https://gaoxiao.jszs.com/College/plannew.html?cid=414&yearno=2025&ty=%E6%99%AE%E9%80%9A%E7%B1%BB&topchoose=%E5%8E%86%E5%8F%B2&pici=%E6%9C%AC%E7%A7%91%E6%89%B9%E6%AC%A1,data/jiangsu/raw/plan_sources/2025/南京审计大学_jszs_历史_414_22b17a95c9.html,1
2025,历史类,1119,南京审计大学,1119-03,03,首选历史，再选不限,,财务管理,22,5720,四,https://gaoxiao.jszs.com/College/plannew.html?cid=414&yearno=2025&ty=%E6%99%AE%E9%80%9A%E7%B1%BB&topchoose=%E5%8E%86%E5%8F%B2&pici=%E6%9C%AC%E7%A7%91%E6%89%B9%E6%AC%A1,data/jiangsu/raw/plan_sources/2025/南京审计大学_jszs_历史_414_22b17a95c9.html,1
2025,历史类,1119,南京审计大学,1119-03,03,首选历史，再选不限,,人力资源管理,19,5200,四,https://gaoxiao.jszs.com/College/plannew.html?cid=414&yearno=2025&ty=%E6%99%AE%E9%80%9A%E7%B1%BB&topchoose=%E5%8E%86%E5%8F%B2&pici=%E6%9C%AC%E7%A7%91%E6%89%B9%E6%AC%A1,data/jiangsu/raw/plan_sources/2025/南京审计大学_jszs_历史_414_22b17a95c9.html,1
2025,历史类,1119,南京审计大学,1119-03,03,首选历史，再选不限,,内部审计,19,5200,四,https://gaoxiao.jszs.com/College/plannew.html?cid=414&yearno=2025&ty=%E6%99%AE%E9%80%9A%E7%B1%BB&topchoose=%E5%8E%86%E5%8F%B2&pici=%E6%9C%AC%E7%A7%91%E6%89%B9%E6%AC%A1,data/jiangsu/raw/plan_sources/2025/南京审计大学_jszs_历史_414_22b17a95c9.html,1
2025,历史类,1119,南京审计大学,1119-03,03,首选历史，再选不限,,行政管理,22,5200,四,https://gaoxiao.jszs.com/College/plannew.html?cid=414&yearno=2025&ty=%E6%99%AE%E9%80%9A%E7%B1%BB&topchoose=%E5%8E%86%E5%8F%B2&pici=%E6%9C%AC%E7%A7%91%E6%89%B9%E6%AC%A1,data/jiangsu/raw/plan_sources/2025/南京审计大学_jszs_历史_414_22b17a95c9.html,1
2025,历史类,1119,南京审计大学,1119-03,03,首选历史，再选不限,,劳动与社会保障,21,5200,四,https://gaoxiao.jszs.com/College/plannew.html?cid=414&yearno=2025&ty=%E6%99%AE%E9%80%9A%E7%B1%BB&topchoose=%E5%8E%86%E5%8F%B2&pici=%E6%9C%AC%E7%A7%91%E6%89%B9%E6%AC%A1,data/jiangsu/raw/plan_sources/2025/南京审计大学_jszs_历史_414_22b17a95c9.html,1
2025,历史类,1119,南京审计大学,1119-03,03,首选历史，再选不限,,电子商务,7,5200,四,https://gaoxiao.jszs.com/College/plannew.html?cid=414&yearno=2025&ty=%E6%99%AE%E9%80%9A%E7%B1%BB&topchoose=%E5%8E%86%E5%8F%B2&pici=%E6%9C%AC%E7%A7%91%E6%89%B9%E6%AC%A1,data/jiangsu/raw/plan_sources/2025/南京审计大学_jszs_历史_414_22b17a95c9.html,1
2025,历史类,1119,南京审计大学,1119-03,03,首选历史，再选不限,,财政学,35,5720,四,https://gaoxiao.jszs.com/College/plannew.html?cid=414&yearno=2025&ty=%E6%99%AE%E9%80%9A%E7%B1%BB&topchoose=%E5%8E%86%E5%8F%B2&pici=%E6%9C%AC%E7%A7%91%E6%89%B9%E6%AC%A1,data/jiangsu/raw/plan_sources/2025/南京审计大学_jszs_历史_414_22b17a95c9.html,1
2025,历史类,1119,南京审计大学,1119-02,02,首选历史，再选不限,,审计学,15,5720,四,https://gaoxiao.jszs.com/College/plannew.html?cid=414&yearno=2025&ty=%E6%99%AE%E9%80%9A%E7%B1%BB&topchoose=%E5%8E%86%E5%8F%B2&pici=%E6%9C%AC%E7%A7%91%E6%89%B9%E6%AC%A1,data/jiangsu/raw/plan_sources/2025/南京审计大学_jszs_历史_414_22b17a95c9.html,1
2025,历史类,1119,南京审计大学,1119-01,01,首选历史，再选不限,,审计学,106,5720,四,https://gaoxiao.jszs.com/College/plannew.html?cid=414&yearno=2025&ty=%E6%99%AE%E9%80%9A%E7%B1%BB&topchoose=%E5%8E%86%E5%8F%B2&pici=%E6%9C%AC%E7%A7%91%E6%89%B9%E6%AC%A1,data/jiangsu/raw/plan_sources/2025/南京审计大学_jszs_历史_414_22b17a95c9.html,1
2025,历史类,1108,南京师范大学,1108-12,12,首选历史，再选地理,,地理科学类,81,6050,四,https://gaoxiao.jszs.com/College/plannew.html?cid=51&yearno=2025&ty=%E6%99%AE%E9%80%9A%E7%B1%BB&topchoose=%E5%8E%86%E5%8F%B2&pici=%E6%9C%AC%E7%A7%91%E6%89%B9%E6%AC%A1,data/jiangsu/raw/plan_sources/2025/南京师范大学_jszs_历史_51_99ba77af42.html,1
2025,历史类,1108,南京师范大学,1108-11,11,首选历史，再选思想政治,,思想政治教育,31,5720,四,https://gaoxiao.jszs.com/College/plannew.html?cid=51&yearno=2025&ty=%E6%99%AE%E9%80%9A%E7%B1%BB&topchoose=%E5%8E%86%E5%8F%B2&pici=%E6%9C%AC%E7%A7%91%E6%89%B9%E6%AC%A1,data/jiangsu/raw/plan_sources/2025/南京师范大学_jszs_历史_51_99ba77af42.html,1
2025,历史类,1108,南京师范大学,1108-10,10,首选历史，再选不限,,会计学,8,5200,四,https://gaoxiao.jszs.com/College/plannew.html?cid=51&yearno=2025&ty=%E6%99%AE%E9%80%9A%E7%B1%BB&topchoose=%E5%8E%86%E5%8F%B2&pici=%E6%9C%AC%E7%A7%91%E6%89%B9%E6%AC%A1,data/jiangsu/raw/plan_sources/2025/南京师范大学_jszs_历史_51_99ba77af42.html,1
2025,历史类,1108,南京师范大学,1108-10,10,首选历史，再选不限,,财务管理,8,5200,四,https://gaoxiao.jszs.com/College/plannew.html?cid=51&yearno=2025&ty=%E6%99%AE%E9%80%9A%E7%B1%BB&topchoose=%E5%8E%86%E5%8F%B2&pici=%E6%9C%AC%E7%A7%91%E6%89%B9%E6%AC%A1,data/jiangsu/raw/plan_sources/2025/南京师范大学_jszs_历史_51_99ba77af42.html,1
2025,历史类,1108,南京师范大学,1108-09,09,首选历史，再选不限,,英语,20,5720,四,https://gaoxiao.jszs.com/College/plannew.html?cid=51&yearno=2025&ty=%E6%99%AE%E9%80%9A%E7%B1%BB&topchoose=%E5%8E%86%E5%8F%B2&pici=%E6%9C%AC%E7%A7%91%E6%89%B9%E6%AC%A1,data/jiangsu/raw/plan_sources/2025/南京师范大学_jszs_历史_51_99ba77af42.html,1
2025,历史类,1108,南京师范大学,1108-08,08,首选历史，再选不限,,汉语国际教育,33,5720,四,https://gaoxiao.jszs.com/College/plannew.html?cid=51&yearno=2025&ty=%E6%99%AE%E9%80%9A%E7%B1%BB&topchoose=%E5%8E%86%E5%8F%B2&pici=%E6%9C%AC%E7%A7%91%E6%89%B9%E6%AC%A1,data/jiangsu/raw/plan_sources/2025/南京师范大学_jszs_历史_51_99ba77af42.html,1
2025,历史类,1108,南京师范大学,1108-08,08,首选历史，再选不限,,会计学,7,5200,四,https://gaoxiao.jszs.com/College/plannew.html?cid=51&yearno=2025&ty=%E6%99%AE%E9%80%9A%E7%B1%BB&topchoose=%E5%8E%86%E5%8F%B2&pici=%E6%9C%AC%E7%A7%91%E6%89%B9%E6%AC%A1,data/jiangsu/raw/plan_sources/2025/南京师范大学_jszs_历史_51_99ba77af42.html,1
2025,历史类,1108,南京师范大学,1108-08,08,首选历史，再选不限,,社会学,12,5200,四,https://gaoxiao.jszs.com/College/plannew.html?cid=51&yearno=2025&ty=%E6%99%AE%E9%80%9A%E7%B1%BB&topchoose=%E5%8E%86%E5%8F%B2&pici=%E6%9C%AC%E7%A7%91%E6%89%B9%E6%AC%A1,data/jiangsu/raw/plan_sources/2025/南京师范大学_jszs_历史_51_99ba77af42.html,1
2025,历史类,1108,南京师范大学,1108-08,08,首选历史，再选不限,,哲学,5,5720,四,https://gaoxiao.jszs.com/College/plannew.html?cid=51&yearno=2025&ty=%E6%99%AE%E9%80%9A%E7%B1%BB&topchoose=%E5%8E%86%E5%8F%B2&pici=%E6%9C%AC%E7%A7%91%E6%89%B9%E6%AC%A1,data/jiangsu/raw/plan_sources/2025/南京师范大学_jszs_历史_51_99ba77af42.html,1
2025,历史类,1108,南京师范大学,1108-08,08,首选历史，再选不限,,行政管理,7,5200,四,https://gaoxiao.jszs.com/College/plannew.html?cid=51&yearno=2025&ty=%E6%99%AE%E9%80%9A%E7%B1%BB&topchoose=%E5%8E%86%E5%8F%B2&pici=%E6%9C%AC%E7%A7%91%E6%89%B9%E6%AC%A1,data/jiangsu/raw/plan_sources/2025/南京师范大学_jszs_历史_51_99ba77af42.html,1
2025,历史类,1108,南京师范大学,1108-08,08,首选历史，再选不限,,经济学,17,5200,四,https://gaoxiao.jszs.com/College/plannew.html?cid=51&yearno=2025&ty=%E6%99%AE%E9%80%9A%E7%B1%BB&topchoose=%E5%8E%86%E5%8F%B2&pici=%E6%9C%AC%E7%A7%91%E6%89%B9%E6%AC%A1,data/jiangsu/raw/plan_sources/2025/南京师范大学_jszs_历史_51_99ba77af42.html,1
2025,历史类,1108,南京师范大学,1108-08,08,首选历史，再选不限,,国际经济与贸易,6,5200,四,https://gaoxiao.jszs.com/College/plannew.html?cid=51&yearno=2025&ty=%E6%99%AE%E9%80%9A%E7%B1%BB&topchoose=%E5%8E%86%E5%8F%B2&pici=%E6%9C%AC%E7%A7%91%E6%89%B9%E6%AC%A1,data/jiangsu/raw/plan_sources/2025/南京师范大学_jszs_历史_51_99ba77af42.html,1
2025,历史类,1108,南京师范大学,1108-08,08,首选历史，再选不限,,金融学,19,5720,四,https://gaoxiao.jszs.com/College/plannew.html?cid=51&yearno=2025&ty=%E6%99%AE%E9%80%9A%E7%B1%BB&topchoose=%E5%8E%86%E5%8F%B2&pici=%E6%9C%AC%E7%A7%91%E6%89%B9%E6%AC%A1,data/jiangsu/raw/plan_sources/2025/南京师范大学_jszs_历史_51_99ba77af42.html,1
2025,历史类,1108,南京师范大学,1108-08,08,首选历史，再选不限,,工商管理类,11,5200,四,https://gaoxiao.jszs.com/College/plannew.html?cid=51&yearno=2025&ty=%E6%99%AE%E9%80%9A%E7%B1%BB&topchoose=%E5%8E%86%E5%8F%B2&pici=%E6%9C%AC%E7%A7%91%E6%89%B9%E6%AC%A1,data/jiangsu/raw/plan_sources/2025/南京师范大学_jszs_历史_51_99ba77af42.html,1
2025,历史类,1108,南京师范大学,1108-08,08,首选历史，再选不限,,法学,37,5720,四,https://gaoxiao.jszs.com/College/plannew.html?cid=51&yearno=2025&ty=%E6%99%AE%E9%80%9A%E7%B1%BB&topchoose=%E5%8E%86%E5%8F%B2&pici=%E6%9C%AC%E7%A7%91%E6%89%B9%E6%AC%A1,data/jiangsu/raw/plan_sources/2025/南京师范大学_jszs_历史_51_99ba77af42.html,1
2025,历史类,1108,南京师范大学,1108-08,08,首选历史，再选不限,,小学教育,16,5720,四,https://gaoxiao.jszs.com/College/plannew.html?cid=51&yearno=2025&ty=%E6%99%AE%E9%80%9A%E7%B1%BB&topchoose=%E5%8E%86%E5%8F%B2&pici=%E6%9C%AC%E7%A7%91%E6%89%B9%E6%AC%A1,data/jiangsu/raw/plan_sources/2025/南京师范大学_jszs_历史_51_99ba77af42.html,1
2025,历史类,1108,南京师范大学,1108-08,08,首选历史，再选不限,,教育学,14,5720,四,https://gaoxiao.jszs.com/College/plannew.html?cid=51&yearno=2025&ty=%E6%99%AE%E9%80%9A%E7%B1%BB&topchoose=%E5%8E%86%E5%8F%B2&pici=%E6%9C%AC%E7%A7%91%E6%89%B9%E6%AC%A1,data/jiangsu/raw/plan_sources/2025/南京师范大学_jszs_历史_51_99ba77af42.html,1
2025,历史类,1108,南京师范大学,1108-08,08,首选历史，再选不限,,应用心理学,34,6050,四,https://gaoxiao.jszs.com/College/plannew.html?cid=51&yearno=2025&ty=%E6%99%AE%E9%80%9A%E7%B1%BB&topchoose=%E5%8E%86%E5%8F%B2&pici=%E6%9C%AC%E7%A7%91%E6%89%B9%E6%AC%A1,data/jiangsu/raw/plan_sources/2025/南京师范大学_jszs_历史_51_99ba77af42.html,1
2025,历史类,1108,南京师范大学,1108-08,08,首选历史，再选不限,,中国语言文学类,178,5720,四,https://gaoxiao.jszs.com/College/plannew.html?cid=51&yearno=2025&ty=%E6%99%AE%E9%80%9A%E7%B1%BB&topchoose=%E5%8E%86%E5%8F%B2&pici=%E6%9C%AC%E7%A7%91%E6%89%B9%E6%AC%A1,data/jiangsu/raw/plan_sources/2025/南京师范大学_jszs_历史_51_99ba77af42.html,1
2025,历史类,1108,南京师范大学,1108-08,08,首选历史，再选不限,,古典文献学,13,5720,四,https://gaoxiao.jszs.com/College/plannew.html?cid=51&yearno=2025&ty=%E6%99%AE%E9%80%9A%E7%B1%BB&topchoose=%E5%8E%86%E5%8F%B2&pici=%E6%9C%AC%E7%A7%91%E6%89%B9%E6%AC%A1,data/jiangsu/raw/plan_sources/2025/南京师范大学_jszs_历史_51_99ba77af42.html,1
2025,历史类,1108,南京师范大学,1108-08,08,首选历史，再选不限,,汉语言,6,5720,四,https://gaoxiao.jszs.com/College/plannew.html?cid=51&yearno=2025&ty=%E6%99%AE%E9%80%9A%E7%B1%BB&topchoose=%E5%8E%86%E5%8F%B2&pici=%E6%9C%AC%E7%A7%91%E6%89%B9%E6%AC%A1,data/jiangsu/raw/plan_sources/2025/南京师范大学_jszs_历史_51_99ba77af42.html,1
2025,历史类,1108,南京师范大学,1108-08,08,首选历史，再选不限,,英语,63,5720,四,https://gaoxiao.jszs.com/College/plannew.html?cid=51&yearno=2025&ty=%E6%99%AE%E9%80%9A%E7%B1%BB&topchoose=%E5%8E%86%E5%8F%B2&pici=%E6%9C%AC%E7%A7%91%E6%89%B9%E6%AC%A1,data/jiangsu/raw/plan_sources/2025/南京师范大学_jszs_历史_51_99ba77af42.html,1
2025,历史类,1108,南京师范大学,1108-08,08,首选历史，再选不限,,外国语言文学类,18,5720,四,https://gaoxiao.jszs.com/College/plannew.html?cid=51&yearno=2025&ty=%E6%99%AE%E9%80%9A%E7%B1%BB&topchoose=%E5%8E%86%E5%8F%B2&pici=%E6%9C%AC%E7%A7%91%E6%89%B9%E6%AC%A1,data/jiangsu/raw/plan_sources/2025/南京师范大学_jszs_历史_51_99ba77af42.html,1
2025,历史类,1108,南京师范大学,1108-08,08,首选历史，再选不限,,新闻传播学类,44,5720,四,https://gaoxiao.jszs.com/College/plannew.html?cid=51&yearno=2025&ty=%E6%99%AE%E9%80%9A%E7%B1%BB&topchoose=%E5%8E%86%E5%8F%B2&pici=%E6%9C%AC%E7%A7%91%E6%89%B9%E6%AC%A1,data/jiangsu/raw/plan_sources/2025/南京师范大学_jszs_历史_51_99ba77af42.html,1
2025,历史类,1108,南京师范大学,1108-08,08,首选历史，再选不限,,历史学,50,5200,四,https://gaoxiao.jszs.com/College/plannew.html?cid=51&yearno=2025&ty=%E6%99%AE%E9%80%9A%E7%B1%BB&topchoose=%E5%8E%86%E5%8F%B2&pici=%E6%9C%AC%E7%A7%91%E6%89%B9%E6%AC%A1,data/jiangsu/raw/plan_sources/2025/南京师范大学_jszs_历史_51_99ba77af42.html,1
2025,历史类,1108,南京师范大学,1108-08,08,首选历史，再选不限,,历史学类,4,5200,四,https://gaoxiao.jszs.com/College/plannew.html?cid=51&yearno=2025&ty=%E6%99%AE%E9%80%9A%E7%B1%BB&topchoose=%E5%8E%86%E5%8F%B2&pici=%E6%9C%AC%E7%A7%91%E6%89%B9%E6%AC%A1,data/jiangsu/raw/plan_sources/2025/南京师范大学_jszs_历史_51_99ba77af42.html,1
2025,历史类,1108,南京师范大学,1108-07,07,首选历史，再选不限,,金融学,20,5720,四,https://gaoxiao.jszs.com/College/plannew.html?cid=51&yearno=2025&ty=%E6%99%AE%E9%80%9A%E7%B1%BB&topchoose=%E5%8E%86%E5%8F%B2&pici=%E6%9C%AC%E7%A7%91%E6%89%B9%E6%AC%A1,data/jiangsu/raw/plan_sources/2025/南京师范大学_jszs_历史_51_99ba77af42.html,1
2025,历史类,1108,南京师范大学,1108-06,06,首选历史，再选不限,,英语,25,5720,四,https://gaoxiao.jszs.com/College/plannew.html?cid=51&yearno=2025&ty=%E6%99%AE%E9%80%9A%E7%B1%BB&topchoose=%E5%8E%86%E5%8F%B2&pici=%E6%9C%AC%E7%A7%91%E6%89%B9%E6%AC%A1,data/jiangsu/raw/plan_sources/2025/南京师范大学_jszs_历史_51_99ba77af42.html,1
2025,历史类,1108,南京师范大学,1108-06,06,首选历史，再选不限,,日语,15,5720,四,https://gaoxiao.jszs.com/College/plannew.html?cid=51&yearno=2025&ty=%E6%99%AE%E9%80%9A%E7%B1%BB&topchoose=%E5%8E%86%E5%8F%B2&pici=%E6%9C%AC%E7%A7%91%E6%89%B9%E6%AC%A1,data/jiangsu/raw/plan_sources/2025/南京师范大学_jszs_历史_51_99ba77af42.html,1
2025,历史类,1108,南京师范大学,1108-05,05,首选历史，再选不限,,历史学,40,5200,四,https://gaoxiao.jszs.com/College/plannew.html?cid=51&yearno=2025&ty=%E6%99%AE%E9%80%9A%E7%B1%BB&topchoose=%E5%8E%86%E5%8F%B2&pici=%E6%9C%AC%E7%A7%91%E6%89%B9%E6%AC%A1,data/jiangsu/raw/plan_sources/2025/南京师范大学_jszs_历史_51_99ba77af42.html,1
2025,历史类,1104,南京理工大学,1104-01,01,首选历史，再选不限,,英语,10,5200,四,https://gaoxiao.jszs.com/College/plannew.html?cid=46&yearno=2025&ty=%E6%99%AE%E9%80%9A%E7%B1%BB&topchoose=%E5%8E%86%E5%8F%B2&pici=%E6%9C%AC%E7%A7%91%E6%89%B9%E6%AC%A1,data/jiangsu/raw/plan_sources/2025/南京理工大学_jszs_历史_46_3d57a86327.html,1
2025,历史类,1104,南京理工大学,1104-01,01,首选历史，再选不限,,语言学,10,5200,四,https://gaoxiao.jszs.com/College/plannew.html?cid=46&yearno=2025&ty=%E6%99%AE%E9%80%9A%E7%B1%BB&topchoose=%E5%8E%86%E5%8F%B2&pici=%E6%9C%AC%E7%A7%91%E6%89%B9%E6%AC%A1,data/jiangsu/raw/plan_sources/2025/南京理工大学_jszs_历史_46_3d57a86327.html,1
2025,历史类,1104,南京理工大学,1104-01,01,首选历史，再选不限,,公共事业管理,5,5200,四,https://gaoxiao.jszs.com/College/plannew.html?cid=46&yearno=2025&ty=%E6%99%AE%E9%80%9A%E7%B1%BB&topchoose=%E5%8E%86%E5%8F%B2&pici=%E6%9C%AC%E7%A7%91%E6%89%B9%E6%AC%A1,data/jiangsu/raw/plan_sources/2025/南京理工大学_jszs_历史_46_3d57a86327.html,1
2025,历史类,1104,南京理工大学,1104-01,01,首选历史，再选不限,,社会工作,5,5200,四,https://gaoxiao.jszs.com/College/plannew.html?cid=46&yearno=2025&ty=%E6%99%AE%E9%80%9A%E7%B1%BB&topchoose=%E5%8E%86%E5%8F%B2&pici=%E6%9C%AC%E7%A7%91%E6%89%B9%E6%AC%A1,data/jiangsu/raw/plan_sources/2025/南京理工大学_jszs_历史_46_3d57a86327.html,1
2025,历史类,1104,南京理工大学,1104-01,01,首选历史，再选不限,,法学,40,5200,四,https://gaoxiao.jszs.com/College/plannew.html?cid=46&yearno=2025&ty=%E6%99%AE%E9%80%9A%E7%B1%BB&topchoose=%E5%8E%86%E5%8F%B2&pici=%E6%9C%AC%E7%A7%91%E6%89%B9%E6%AC%A1,data/jiangsu/raw/plan_sources/2025/南京理工大学_jszs_历史_46_3d57a86327.html,1
2025,历史类,1103,南京航空航天大学,1103-01,01,首选历史，再选不限,,会计学,10,5200,四,https://gaoxiao.jszs.com/College/plannew.html?cid=45&yearno=2025&ty=%E6%99%AE%E9%80%9A%E7%B1%BB&topchoose=%E5%8E%86%E5%8F%B2&pici=%E6%9C%AC%E7%A7%91%E6%89%B9%E6%AC%A1,data/jiangsu/raw/plan_sources/2025/南京航空航天大学_jszs_历史_45_96a67f1759.html,1
2025,历史类,1103,南京航空航天大学,1103-01,01,首选历史，再选不限,,行政管理,5,5200,四,https://gaoxiao.jszs.com/College/plannew.html?cid=45&yearno=2025&ty=%E6%99%AE%E9%80%9A%E7%B1%BB&topchoose=%E5%8E%86%E5%8F%B2&pici=%E6%9C%AC%E7%A7%91%E6%89%B9%E6%AC%A1,data/jiangsu/raw/plan_sources/2025/南京航空航天大学_jszs_历史_45_96a67f1759.html,1
2025,历史类,1103,南京航空航天大学,1103-01,01,首选历史，再选不限,,英语,15,5200,四,https://gaoxiao.jszs.com/College/plannew.html?cid=45&yearno=2025&ty=%E6%99%AE%E9%80%9A%E7%B1%BB&topchoose=%E5%8E%86%E5%8F%B2&pici=%E6%9C%AC%E7%A7%91%E6%89%B9%E6%AC%A1,data/jiangsu/raw/plan_sources/2025/南京航空航天大学_jszs_历史_45_96a67f1759.html,1
2025,历史类,1103,南京航空航天大学,1103-01,01,首选历史，再选不限,,法学,44,5200,四,https://gaoxiao.jszs.com/College/plannew.html?cid=45&yearno=2025&ty=%E6%99%AE%E9%80%9A%E7%B1%BB&topchoose=%E5%8E%86%E5%8F%B2&pici=%E6%9C%AC%E7%A7%91%E6%89%B9%E6%AC%A1,data/jiangsu/raw/plan_sources/2025/南京航空航天大学_jszs_历史_45_96a67f1759.html,1
2025,历史类,1103,南京航空航天大学,1103-01,01,首选历史，再选不限,,广播电视学,2,5200,四,https://gaoxiao.jszs.com/College/plannew.html?cid=45&yearno=2025&ty=%E6%99%AE%E9%80%9A%E7%B1%BB&topchoose=%E5%8E%86%E5%8F%B2&pici=%E6%9C%AC%E7%A7%91%E6%89%B9%E6%AC%A1,data/jiangsu/raw/plan_sources/2025/南京航空航天大学_jszs_历史_45_96a67f1759.html,1
2025,历史类,1103,南京航空航天大学,1103-01,01,首选历史，再选不限,,工商管理,10,5200,四,https://gaoxiao.jszs.com/College/plannew.html?cid=45&yearno=2025&ty=%E6%99%AE%E9%80%9A%E7%B1%BB&topchoose=%E5%8E%86%E5%8F%B2&pici=%E6%9C%AC%E7%A7%91%E6%89%B9%E6%AC%A1,data/jiangsu/raw/plan_sources/2025/南京航空航天大学_jszs_历史_45_96a67f1759.html,1
2025,历史类,1103,南京航空航天大学,1103-01,01,首选历史，再选不限,,金融学,30,5200,四,https://gaoxiao.jszs.com/College/plannew.html?cid=45&yearno=2025&ty=%E6%99%AE%E9%80%9A%E7%B1%BB&topchoose=%E5%8E%86%E5%8F%B2&pici=%E6%9C%AC%E7%A7%91%E6%89%B9%E6%AC%A1,data/jiangsu/raw/plan_sources/2025/南京航空航天大学_jszs_历史_45_96a67f1759.html,1
2025,历史类,3201,南开大学,3201-02,02,首选历史，再选不限,,历史学类,5,5200,四,https://gaoxiao.jszs.com/College/plannew.html?cid=19&yearno=2025&ty=%E6%99%AE%E9%80%9A%E7%B1%BB&topchoose=%E5%8E%86%E5%8F%B2&pici=%E6%9C%AC%E7%A7%91%E6%89%B9%E6%AC%A1,data/jiangsu/raw/plan_sources/2025/南开大学_jszs_历史_19_5ad3b7d4b3.html,1
2025,历史类,3201,南开大学,3201-02,02,首选历史，再选不限,,哲学类,1,5200,四,https://gaoxiao.jszs.com/College/plannew.html?cid=19&yearno=2025&ty=%E6%99%AE%E9%80%9A%E7%B1%BB&topchoose=%E5%8E%86%E5%8F%B2&pici=%E6%9C%AC%E7%A7%91%E6%89%B9%E6%AC%A1,data/jiangsu/raw/plan_sources/2025/南开大学_jszs_历史_19_5ad3b7d4b3.html,1
2025,历史类,3201,南开大学,3201-02,02,首选历史，再选不限,,法学,7,5200,四,https://gaoxiao.jszs.com/College/plannew.html?cid=19&yearno=2025&ty=%E6%99%AE%E9%80%9A%E7%B1%BB&topchoose=%E5%8E%86%E5%8F%B2&pici=%E6%9C%AC%E7%A7%91%E6%89%B9%E6%AC%A1,data/jiangsu/raw/plan_sources/2025/南开大学_jszs_历史_19_5ad3b7d4b3.html,1
2025,历史类,3201,南开大学,3201-02,02,首选历史，再选不限,,经济学类,8,5200,四,https://gaoxiao.jszs.com/College/plannew.html?cid=19&yearno=2025&ty=%E6%99%AE%E9%80%9A%E7%B1%BB&topchoose=%E5%8E%86%E5%8F%B2&pici=%E6%9C%AC%E7%A7%91%E6%89%B9%E6%AC%A1,data/jiangsu/raw/plan_sources/2025/南开大学_jszs_历史_19_5ad3b7d4b3.html,1
2025,历史类,3201,南开大学,3201-02,02,首选历史，再选不限,,中国语言文学类,6,5200,四,https://gaoxiao.jszs.com/College/plannew.html?cid=19&yearno=2025&ty=%E6%99%AE%E9%80%9A%E7%B1%BB&topchoose=%E5%8E%86%E5%8F%B2&pici=%E6%9C%AC%E7%A7%91%E6%89%B9%E6%AC%A1,data/jiangsu/raw/plan_sources/2025/南开大学_jszs_历史_19_5ad3b7d4b3.html,1
2025,历史类,3201,南开大学,3201-02,02,首选历史，再选不限,,工商管理类,4,5200,四,https://gaoxiao.jszs.com/College/plannew.html?cid=19&yearno=2025&ty=%E6%99%AE%E9%80%9A%E7%B1%BB&topchoose=%E5%8E%86%E5%8F%B2&pici=%E6%9C%AC%E7%A7%91%E6%89%B9%E6%AC%A1,data/jiangsu/raw/plan_sources/2025/南开大学_jszs_历史_19_5ad3b7d4b3.html,1
2025,历史类,2411,厦门大学,2411-03,03,首选历史，再选思想政治,,公共管理类,3,5460,四,https://gaoxiao.jszs.com/College/plannew.html?cid=22&yearno=2025&ty=%E6%99%AE%E9%80%9A%E7%B1%BB&topchoose=%E5%8E%86%E5%8F%B2&pici=%E6%9C%AC%E7%A7%91%E6%89%B9%E6%AC%A1,data/jiangsu/raw/plan_sources/2025/厦门大学_jszs_历史_22_ae32a2b80c.html,1
2025,历史类,2411,厦门大学,2411-02,02,首选历史，再选不限,,汉语言文学,2,,四,https://gaoxiao.jszs.com/College/plannew.html?cid=22&yearno=2025&ty=%E6%99%AE%E9%80%9A%E7%B1%BB&topchoose=%E5%8E%86%E5%8F%B2&pici=%E6%9C%AC%E7%A7%91%E6%89%B9%E6%AC%A1,data/jiangsu/raw/plan_sources/2025/厦门大学_jszs_历史_22_ae32a2b80c.html,1
2025,历史类,2411,厦门大学,2411-02,02,首选历史，再选不限,,新闻学,2,,四,https://gaoxiao.jszs.com/College/plannew.html?cid=22&yearno=2025&ty=%E6%99%AE%E9%80%9A%E7%B1%BB&topchoose=%E5%8E%86%E5%8F%B2&pici=%E6%9C%AC%E7%A7%91%E6%89%B9%E6%AC%A1,data/jiangsu/raw/plan_sources/2025/厦门大学_jszs_历史_22_ae32a2b80c.html,1
2025,历史类,2411,厦门大学,2411-02,02,首选历史，再选不限,,会计学,2,,四,https://gaoxiao.jszs.com/College/plannew.html?cid=22&yearno=2025&ty=%E6%99%AE%E9%80%9A%E7%B1%BB&topchoose=%E5%8E%86%E5%8F%B2&pici=%E6%9C%AC%E7%A7%91%E6%89%B9%E6%AC%A1,data/jiangsu/raw/plan_sources/2025/厦门大学_jszs_历史_22_ae32a2b80c.html,1
2025,历史类,2411,厦门大学,2411-02,02,首选历史，再选不限,,英语,2,,四,https://gaoxiao.jszs.com/College/plannew.html?cid=22&yearno=2025&ty=%E6%99%AE%E9%80%9A%E7%B1%BB&topchoose=%E5%8E%86%E5%8F%B2&pici=%E6%9C%AC%E7%A7%91%E6%89%B9%E6%AC%A1,data/jiangsu/raw/plan_sources/2025/厦门大学_jszs_历史_22_ae32a2b80c.html,1
2025,历史类,2411,厦门大学,2411-01,01,首选历史，再选不限,,人文科学试验班,5,5460,四,https://gaoxiao.jszs.com/College/plannew.html?cid=22&yearno=2025&ty=%E6%99%AE%E9%80%9A%E7%B1%BB&topchoose=%E5%8E%86%E5%8F%B2&pici=%E6%9C%AC%E7%A7%91%E6%89%B9%E6%AC%A1,data/jiangsu/raw/plan_sources/2025/厦门大学_jszs_历史_22_ae32a2b80c.html,1
2025,历史类,2411,厦门大学,2411-01,01,首选历史，再选不限,,新闻传播学类,2,5460,四,https://gaoxiao.jszs.com/College/plannew.html?cid=22&yearno=2025&ty=%E6%99%AE%E9%80%9A%E7%B1%BB&topchoose=%E5%8E%86%E5%8F%B2&pici=%E6%9C%AC%E7%A7%91%E6%89%B9%E6%AC%A1,data/jiangsu/raw/plan_sources/2025/厦门大学_jszs_历史_22_ae32a2b80c.html,1
2025,历史类,2411,厦门大学,2411-01,01,首选历史，再选不限,,法学,3,5460,四,https://gaoxiao.jszs.com/College/plannew.html?cid=22&yearno=2025&ty=%E6%99%AE%E9%80%9A%E7%B1%BB&topchoose=%E5%8E%86%E5%8F%B2&pici=%E6%9C%AC%E7%A7%91%E6%89%B9%E6%AC%A1,data/jiangsu/raw/plan_sources/2025/厦门大学_jszs_历史_22_ae32a2b80c.html,1
2025,历史类,2411,厦门大学,2411-01,01,首选历史，再选不限,,经济学类,3,5460,四,https://gaoxiao.jszs.com/College/plannew.html?cid=22&yearno=2025&ty=%E6%99%AE%E9%80%9A%E7%B1%BB&topchoose=%E5%8E%86%E5%8F%B2&pici=%E6%9C%AC%E7%A7%91%E6%89%B9%E6%AC%A1,data/jiangsu/raw/plan_sources/2025/厦门大学_jszs_历史_22_ae32a2b80c.html,1
2025,历史类,2411,厦门大学,2411-01,01,首选历史，再选不限,,会计学,2,5460,四,https://gaoxiao.jszs.com/College/plannew.html?cid=22&yearno=2025&ty=%E6%99%AE%E9%80%9A%E7%B1%BB&topchoose=%E5%8E%86%E5%8F%B2&pici=%E6%9C%AC%E7%A7%91%E6%89%B9%E6%AC%A1,data/jiangsu/raw/plan_sources/2025/厦门大学_jszs_历史_22_ae32a2b80c.html,1
2025,历史类,2411,厦门大学,2411-01,01,首选历史，再选不限,,工商管理类,3,5460,四,https://gaoxiao.jszs.com/College/plannew.html?cid=22&yearno=2025&ty=%E6%99%AE%E9%80%9A%E7%B1%BB&topchoose=%E5%8E%86%E5%8F%B2&pici=%E6%9C%AC%E7%A7%91%E6%89%B9%E6%AC%A1,data/jiangsu/raw/plan_sources/2025/厦门大学_jszs_历史_22_ae32a2b80c.html,1
2025,历史类,4201,吉林大学,4201-04,04,首选历史，再选思想政治,,政治学与行政学,6,6070,四,https://gaoxiao.jszs.com/College/plannew.html?cid=9&yearno=2025&ty=%E6%99%AE%E9%80%9A%E7%B1%BB&topchoose=%E5%8E%86%E5%8F%B2&pici=%E6%9C%AC%E7%A7%91%E6%89%B9%E6%AC%A1,data/jiangsu/raw/plan_sources/2025/吉林大学_jszs_历史_9_57780d11f8.html,1
2025,历史类,4201,吉林大学,4201-04,04,首选历史，再选思想政治,,外交学,2,6070,四,https://gaoxiao.jszs.com/College/plannew.html?cid=9&yearno=2025&ty=%E6%99%AE%E9%80%9A%E7%B1%BB&topchoose=%E5%8E%86%E5%8F%B2&pici=%E6%9C%AC%E7%A7%91%E6%89%B9%E6%AC%A1,data/jiangsu/raw/plan_sources/2025/吉林大学_jszs_历史_9_57780d11f8.html,1
2025,历史类,4201,吉林大学,4201-03,03,首选历史，再选不限,,法学,1,6070,四,https://gaoxiao.jszs.com/College/plannew.html?cid=9&yearno=2025&ty=%E6%99%AE%E9%80%9A%E7%B1%BB&topchoose=%E5%8E%86%E5%8F%B2&pici=%E6%9C%AC%E7%A7%91%E6%89%B9%E6%AC%A1,data/jiangsu/raw/plan_sources/2025/吉林大学_jszs_历史_9_57780d11f8.html,1
2025,历史类,4201,吉林大学,4201-02,02,首选历史，再选不限,,社会学类,6,6070,四,https://gaoxiao.jszs.com/College/plannew.html?cid=9&yearno=2025&ty=%E6%99%AE%E9%80%9A%E7%B1%BB&topchoose=%E5%8E%86%E5%8F%B2&pici=%E6%9C%AC%E7%A7%91%E6%89%B9%E6%AC%A1,data/jiangsu/raw/plan_sources/2025/吉林大学_jszs_历史_9_57780d11f8.html,1
2025,历史类,4201,吉林大学,4201-02,02,首选历史，再选不限,,人文科学试验班,2,5810,四,https://gaoxiao.jszs.com/College/plannew.html?cid=9&yearno=2025&ty=%E6%99%AE%E9%80%9A%E7%B1%BB&topchoose=%E5%8E%86%E5%8F%B2&pici=%E6%9C%AC%E7%A7%91%E6%89%B9%E6%AC%A1,data/jiangsu/raw/plan_sources/2025/吉林大学_jszs_历史_9_57780d11f8.html,1
2025,历史类,4201,吉林大学,4201-02,02,首选历史，再选不限,,汉语言文学,4,5810,四,https://gaoxiao.jszs.com/College/plannew.html?cid=9&yearno=2025&ty=%E6%99%AE%E9%80%9A%E7%B1%BB&topchoose=%E5%8E%86%E5%8F%B2&pici=%E6%9C%AC%E7%A7%91%E6%89%B9%E6%AC%A1,data/jiangsu/raw/plan_sources/2025/吉林大学_jszs_历史_9_57780d11f8.html,1
2025,历史类,4201,吉林大学,4201-02,02,首选历史，再选不限,,考古学,2,5810,四,https://gaoxiao.jszs.com/College/plannew.html?cid=9&yearno=2025&ty=%E6%99%AE%E9%80%9A%E7%B1%BB&topchoose=%E5%8E%86%E5%8F%B2&pici=%E6%9C%AC%E7%A7%91%E6%89%B9%E6%AC%A1,data/jiangsu/raw/plan_sources/2025/吉林大学_jszs_历史_9_57780d11f8.html,1
2025,历史类,4201,吉林大学,4201-02,02,首选历史，再选不限,,新闻传播学类,6,6000,四,https://gaoxiao.jszs.com/College/plannew.html?cid=9&yearno=2025&ty=%E6%99%AE%E9%80%9A%E7%B1%BB&topchoose=%E5%8E%86%E5%8F%B2&pici=%E6%9C%AC%E7%A7%91%E6%89%B9%E6%AC%A1,data/jiangsu/raw/plan_sources/2025/吉林大学_jszs_历史_9_57780d11f8.html,1
2025,历史类,4201,吉林大学,4201-02,02,首选历史，再选不限,,英语,2,5810,四,https://gaoxiao.jszs.com/College/plannew.html?cid=9&yearno=2025&ty=%E6%99%AE%E9%80%9A%E7%B1%BB&topchoose=%E5%8E%86%E5%8F%B2&pici=%E6%9C%AC%E7%A7%91%E6%89%B9%E6%AC%A1,data/jiangsu/raw/plan_sources/2025/吉林大学_jszs_历史_9_57780d11f8.html,1
2025,历史类,4201,吉林大学,4201-02,02,首选历史，再选不限,,经济学类,4,6070,四,https://gaoxiao.jszs.com/College/plannew.html?cid=9&yearno=2025&ty=%E6%99%AE%E9%80%9A%E7%B1%BB&topchoose=%E5%8E%86%E5%8F%B2&pici=%E6%9C%AC%E7%A7%91%E6%89%B9%E6%AC%A1,data/jiangsu/raw/plan_sources/2025/吉林大学_jszs_历史_9_57780d11f8.html,1
2025,历史类,2102,同济大学,2102-03,03,首选历史，再选思想政治,,政治学与行政学,3,6500,四,https://gaoxiao.jszs.com/College/plannew.html?cid=24&yearno=2025&ty=%E6%99%AE%E9%80%9A%E7%B1%BB&topchoose=%E5%8E%86%E5%8F%B2&pici=%E6%9C%AC%E7%A7%91%E6%89%B9%E6%AC%A1,data/jiangsu/raw/plan_sources/2025/同济大学_jszs_历史_24_486e3cfef7.html,1
2025,历史类,2102,同济大学,2102-02,02,首选历史，再选不限,,人文科学试验班,5,6500,四,https://gaoxiao.jszs.com/College/plannew.html?cid=24&yearno=2025&ty=%E6%99%AE%E9%80%9A%E7%B1%BB&topchoose=%E5%8E%86%E5%8F%B2&pici=%E6%9C%AC%E7%A7%91%E6%89%B9%E6%AC%A1,data/jiangsu/raw/plan_sources/2025/同济大学_jszs_历史_24_486e3cfef7.html,1
2025,历史类,2102,同济大学,2102-02,02,首选历史，再选不限,,法学,2,6500,四,https://gaoxiao.jszs.com/College/plannew.html?cid=24&yearno=2025&ty=%E6%99%AE%E9%80%9A%E7%B1%BB&topchoose=%E5%8E%86%E5%8F%B2&pici=%E6%9C%AC%E7%A7%91%E6%89%B9%E6%AC%A1,data/jiangsu/raw/plan_sources/2025/同济大学_jszs_历史_24_486e3cfef7.html,1
2025,历史类,5418,哈尔滨工业大学(深圳),5418-01,01,首选历史，再选不限,,经济管理试验班,7,5510,四,https://gaoxiao.jszs.com/College/plannew.html?cid=7458&yearno=2025&ty=%E6%99%AE%E9%80%9A%E7%B1%BB&topchoose=%E5%8E%86%E5%8F%B2&pici=%E6%9C%AC%E7%A7%91%E6%89%B9%E6%AC%A1,data/jiangsu/raw/plan_sources/2025/哈尔滨工业大学(深圳)_jszs_历史_7458_586b392b77.html,1
2025,历史类,5418,哈尔滨工业大学(深圳),5418-01,01,首选历史，再选不限,,建筑类,10,6230,四,https://gaoxiao.jszs.com/College/plannew.html?cid=7458&yearno=2025&ty=%E6%99%AE%E9%80%9A%E7%B1%BB&topchoose=%E5%8E%86%E5%8F%B2&pici=%E6%9C%AC%E7%A7%91%E6%89%B9%E6%AC%A1,data/jiangsu/raw/plan_sources/2025/哈尔滨工业大学(深圳)_jszs_历史_7458_586b392b77.html,1
2025,历史类,4301,哈尔滨工业大学,4301-01,01,首选历史，再选不限,,经济管理试验班,10,5500,四,https://gaoxiao.jszs.com/College/plannew.html?cid=13&yearno=2025&ty=%E6%99%AE%E9%80%9A%E7%B1%BB&topchoose=%E5%8E%86%E5%8F%B2&pici=%E6%9C%AC%E7%A7%91%E6%89%B9%E6%AC%A1,data/jiangsu/raw/plan_sources/2025/哈尔滨工业大学_jszs_历史_13_abec8b704b.html,1
2025,历史类,4302,哈尔滨工程大学,4302-03,03,首选历史，再选思想政治,,思想政治教育,2,5000,四,https://gaoxiao.jszs.com/College/plannew.html?cid=78&yearno=2025&ty=%E6%99%AE%E9%80%9A%E7%B1%BB&topchoose=%E5%8E%86%E5%8F%B2&pici=%E6%9C%AC%E7%A7%91%E6%89%B9%E6%AC%A1,data/jiangsu/raw/plan_sources/2025/哈尔滨工程大学_jszs_历史_78_d04e28ac32.html,1
2025,历史类,4302,哈尔滨工程大学,4302-02,02,首选历史，再选不限,,英语,2,4000,四,https://gaoxiao.jszs.com/College/plannew.html?cid=78&yearno=2025&ty=%E6%99%AE%E9%80%9A%E7%B1%BB&topchoose=%E5%8E%86%E5%8F%B2&pici=%E6%9C%AC%E7%A7%91%E6%89%B9%E6%AC%A1,data/jiangsu/raw/plan_sources/2025/哈尔滨工程大学_jszs_历史_78_d04e28ac32.html,1
2025,历史类,4302,哈尔滨工程大学,4302-01,01,首选历史，再选不限,,英语,2,4000,四,https://gaoxiao.jszs.com/College/plannew.html?cid=78&yearno=2025&ty=%E6%99%AE%E9%80%9A%E7%B1%BB&topchoose=%E5%8E%86%E5%8F%B2&pici=%E6%9C%AC%E7%A7%91%E6%89%B9%E6%AC%A1,data/jiangsu/raw/plan_sources/2025/哈尔滨工程大学_jszs_历史_78_d04e28ac32.html,1
2025,历史类,4302,哈尔滨工程大学,4302-01,01,首选历史，再选不限,,法学,3,4000,四,https://gaoxiao.jszs.com/College/plannew.html?cid=78&yearno=2025&ty=%E6%99%AE%E9%80%9A%E7%B1%BB&topchoose=%E5%8E%86%E5%8F%B2&pici=%E6%9C%AC%E7%A7%91%E6%89%B9%E6%AC%A1,data/jiangsu/raw/plan_sources/2025/哈尔滨工程大学_jszs_历史_78_d04e28ac32.html,1
2025,历史类,4302,哈尔滨工程大学,4302-01,01,首选历史，再选不限,,社会学,4,5000,四,https://gaoxiao.jszs.com/College/plannew.html?cid=78&yearno=2025&ty=%E6%99%AE%E9%80%9A%E7%B1%BB&topchoose=%E5%8E%86%E5%8F%B2&pici=%E6%9C%AC%E7%A7%91%E6%89%B9%E6%AC%A1,data/jiangsu/raw/plan_sources/2025/哈尔滨工程大学_jszs_历史_78_d04e28ac32.html,1
2025,历史类,4302,哈尔滨工程大学,4302-01,01,首选历史，再选不限,,工商管理,6,3500,四,https://gaoxiao.jszs.com/College/plannew.html?cid=78&yearno=2025&ty=%E6%99%AE%E9%80%9A%E7%B1%BB&topchoose=%E5%8E%86%E5%8F%B2&pici=%E6%9C%AC%E7%A7%91%E6%89%B9%E6%AC%A1,data/jiangsu/raw/plan_sources/2025/哈尔滨工程大学_jszs_历史_78_d04e28ac32.html,1
2025,历史类,6101,四川大学,6101-02,02,首选历史，再选不限,,中国古典学,3,6000,四,https://gaoxiao.jszs.com/College/plannew.html?cid=12&yearno=2025&ty=%E6%99%AE%E9%80%9A%E7%B1%BB&topchoose=%E5%8E%86%E5%8F%B2&pici=%E6%9C%AC%E7%A7%91%E6%89%B9%E6%AC%A1,data/jiangsu/raw/plan_sources/2025/四川大学_jszs_历史_12_ec2ab44b35.html,1
2025,历史类,6101,四川大学,6101-02,02,首选历史，再选不限,,哲学,3,4800,四,https://gaoxiao.jszs.com/College/plannew.html?cid=12&yearno=2025&ty=%E6%99%AE%E9%80%9A%E7%B1%BB&topchoose=%E5%8E%86%E5%8F%B2&pici=%E6%9C%AC%E7%A7%91%E6%89%B9%E6%AC%A1,data/jiangsu/raw/plan_sources/2025/四川大学_jszs_历史_12_ec2ab44b35.html,1
2025,历史类,6101,四川大学,6101-02,02,首选历史，再选不限,,法学,4,6000,四,https://gaoxiao.jszs.com/College/plannew.html?cid=12&yearno=2025&ty=%E6%99%AE%E9%80%9A%E7%B1%BB&topchoose=%E5%8E%86%E5%8F%B2&pici=%E6%9C%AC%E7%A7%91%E6%89%B9%E6%AC%A1,data/jiangsu/raw/plan_sources/2025/四川大学_jszs_历史_12_ec2ab44b35.html,1
2025,历史类,6101,四川大学,6101-02,02,首选历史，再选不限,,人文科学试验班,6,6000,四,https://gaoxiao.jszs.com/College/plannew.html?cid=12&yearno=2025&ty=%E6%99%AE%E9%80%9A%E7%B1%BB&topchoose=%E5%8E%86%E5%8F%B2&pici=%E6%9C%AC%E7%A7%91%E6%89%B9%E6%AC%A1,data/jiangsu/raw/plan_sources/2025/四川大学_jszs_历史_12_ec2ab44b35.html,1
2025,历史类,6101,四川大学,6101-02,02,首选历史，再选不限,,外国语言文学类,6,6000,四,https://gaoxiao.jszs.com/College/plannew.html?cid=12&yearno=2025&ty=%E6%99%AE%E9%80%9A%E7%B1%BB&topchoose=%E5%8E%86%E5%8F%B2&pici=%E6%9C%AC%E7%A7%91%E6%89%B9%E6%AC%A1,data/jiangsu/raw/plan_sources/2025/四川大学_jszs_历史_12_ec2ab44b35.html,1
2025,历史类,6101,四川大学,6101-02,02,首选历史，再选不限,,公共管理类,6,6000,四,https://gaoxiao.jszs.com/College/plannew.html?cid=12&yearno=2025&ty=%E6%99%AE%E9%80%9A%E7%B1%BB&topchoose=%E5%8E%86%E5%8F%B2&pici=%E6%9C%AC%E7%A7%91%E6%89%B9%E6%AC%A1,data/jiangsu/raw/plan_sources/2025/四川大学_jszs_历史_12_ec2ab44b35.html,1
2025,历史类,2101,复旦大学,2101-03,03,首选历史，再选不限,,中国语言文学类,4,6500,四,https://gaoxiao.jszs.com/College/plannew.html?cid=4&yearno=2025&ty=%E6%99%AE%E9%80%9A%E7%B1%BB&topchoose=%E5%8E%86%E5%8F%B2&pici=%E6%9C%AC%E7%A7%91%E6%89%B9%E6%AC%A1,data/jiangsu/raw/plan_sources/2025/复旦大学_jszs_历史_4_941d3cd770.html,1
2025,历史类,2101,复旦大学,2101-03,03,首选历史，再选不限,,历史学类,2,6500,四,https://gaoxiao.jszs.com/College/plannew.html?cid=4&yearno=2025&ty=%E6%99%AE%E9%80%9A%E7%B1%BB&topchoose=%E5%8E%86%E5%8F%B2&pici=%E6%9C%AC%E7%A7%91%E6%89%B9%E6%AC%A1,data/jiangsu/raw/plan_sources/2025/复旦大学_jszs_历史_4_941d3cd770.html,1
2025,历史类,2101,复旦大学,2101-03,03,首选历史，再选不限,,文物与博物馆学,1,6500,四,https://gaoxiao.jszs.com/College/plannew.html?cid=4&yearno=2025&ty=%E6%99%AE%E9%80%9A%E7%B1%BB&topchoose=%E5%8E%86%E5%8F%B2&pici=%E6%9C%AC%E7%A7%91%E6%89%B9%E6%AC%A1,data/jiangsu/raw/plan_sources/2025/复旦大学_jszs_历史_4_941d3cd770.html,1
2025,历史类,2101,复旦大学,2101-03,03,首选历史，再选不限,,哲学类,2,6500,四,https://gaoxiao.jszs.com/College/plannew.html?cid=4&yearno=2025&ty=%E6%99%AE%E9%80%9A%E7%B1%BB&topchoose=%E5%8E%86%E5%8F%B2&pici=%E6%9C%AC%E7%A7%91%E6%89%B9%E6%AC%A1,data/jiangsu/raw/plan_sources/2025/复旦大学_jszs_历史_4_941d3cd770.html,1
2025,历史类,2101,复旦大学,2101-03,03,首选历史，再选不限,,新闻传播学类,4,6500,四,https://gaoxiao.jszs.com/College/plannew.html?cid=4&yearno=2025&ty=%E6%99%AE%E9%80%9A%E7%B1%BB&topchoose=%E5%8E%86%E5%8F%B2&pici=%E6%9C%AC%E7%A7%91%E6%89%B9%E6%AC%A1,data/jiangsu/raw/plan_sources/2025/复旦大学_jszs_历史_4_941d3cd770.html,1
2025,历史类,2101,复旦大学,2101-03,03,首选历史，再选不限,,社会科学试验班,3,6500,四,https://gaoxiao.jszs.com/College/plannew.html?cid=4&yearno=2025&ty=%E6%99%AE%E9%80%9A%E7%B1%BB&topchoose=%E5%8E%86%E5%8F%B2&pici=%E6%9C%AC%E7%A7%91%E6%89%B9%E6%AC%A1,data/jiangsu/raw/plan_sources/2025/复旦大学_jszs_历史_4_941d3cd770.html,1
2025,历史类,2101,复旦大学,2101-03,03,首选历史，再选不限,,法学,2,6500,四,https://gaoxiao.jszs.com/College/plannew.html?cid=4&yearno=2025&ty=%E6%99%AE%E9%80%9A%E7%B1%BB&topchoose=%E5%8E%86%E5%8F%B2&pici=%E6%9C%AC%E7%A7%91%E6%89%B9%E6%AC%A1,data/jiangsu/raw/plan_sources/2025/复旦大学_jszs_历史_4_941d3cd770.html,1
2025,历史类,2101,复旦大学,2101-03,03,首选历史，再选不限,,经济学类,5,6500,四,https://gaoxiao.jszs.com/College/plannew.html?cid=4&yearno=2025&ty=%E6%99%AE%E9%80%9A%E7%B1%BB&topchoose=%E5%8E%86%E5%8F%B2&pici=%E6%9C%AC%E7%A7%91%E6%89%B9%E6%AC%A1,data/jiangsu/raw/plan_sources/2025/复旦大学_jszs_历史_4_941d3cd770.html,1
2025,历史类,2101,复旦大学,2101-03,03,首选历史，再选不限,,英语,2,6500,四,https://gaoxiao.jszs.com/College/plannew.html?cid=4&yearno=2025&ty=%E6%99%AE%E9%80%9A%E7%B1%BB&topchoose=%E5%8E%86%E5%8F%B2&pici=%E6%9C%AC%E7%A7%91%E6%89%B9%E6%AC%A1,data/jiangsu/raw/plan_sources/2025/复旦大学_jszs_历史_4_941d3cd770.html,1
2025,历史类,4132,大连海事大学,4132-02,02,首选历史，再选不限,,法学,3,90000,四,https://gaoxiao.jszs.com/College/plannew.html?cid=190&yearno=2025&ty=%E6%99%AE%E9%80%9A%E7%B1%BB&topchoose=%E5%8E%86%E5%8F%B2&pici=%E6%9C%AC%E7%A7%91%E6%89%B9%E6%AC%A1,data/jiangsu/raw/plan_sources/2025/大连海事大学_jszs_历史_190_bab6a20c50.html,1
2025,历史类,4132,大连海事大学,4132-01,01,首选历史，再选不限,,工商管理类,4,5200,四,https://gaoxiao.jszs.com/College/plannew.html?cid=190&yearno=2025&ty=%E6%99%AE%E9%80%9A%E7%B1%BB&topchoose=%E5%8E%86%E5%8F%B2&pici=%E6%9C%AC%E7%A7%91%E6%89%B9%E6%AC%A1,data/jiangsu/raw/plan_sources/2025/大连海事大学_jszs_历史_190_bab6a20c50.html,1
2025,历史类,4132,大连海事大学,4132-01,01,首选历史，再选不限,,经济学类,3,5200,四,https://gaoxiao.jszs.com/College/plannew.html?cid=190&yearno=2025&ty=%E6%99%AE%E9%80%9A%E7%B1%BB&topchoose=%E5%8E%86%E5%8F%B2&pici=%E6%9C%AC%E7%A7%91%E6%89%B9%E6%AC%A1,data/jiangsu/raw/plan_sources/2025/大连海事大学_jszs_历史_190_bab6a20c50.html,1
2025,历史类,4132,大连海事大学,4132-01,01,首选历史，再选不限,,海事管理,3,5200,四,https://gaoxiao.jszs.com/College/plannew.html?cid=190&yearno=2025&ty=%E6%99%AE%E9%80%9A%E7%B1%BB&topchoose=%E5%8E%86%E5%8F%B2&pici=%E6%9C%AC%E7%A7%91%E6%89%B9%E6%AC%A1,data/jiangsu/raw/plan_sources/2025/大连海事大学_jszs_历史_190_bab6a20c50.html,1
2025,历史类,4132,大连海事大学,4132-01,01,首选历史，再选不限,,法学,3,5520,四,https://gaoxiao.jszs.com/College/plannew.html?cid=190&yearno=2025&ty=%E6%99%AE%E9%80%9A%E7%B1%BB&topchoose=%E5%8E%86%E5%8F%B2&pici=%E6%9C%AC%E7%A7%91%E6%89%B9%E6%AC%A1,data/jiangsu/raw/plan_sources/2025/大连海事大学_jszs_历史_190_bab6a20c50.html,1
2025,历史类,4131,大连理工大学,4131-01,01,首选历史，再选不限,,新闻传播学类,6,5760,四,https://gaoxiao.jszs.com/College/plannew.html?cid=27&yearno=2025&ty=%E6%99%AE%E9%80%9A%E7%B1%BB&topchoose=%E5%8E%86%E5%8F%B2&pici=%E6%9C%AC%E7%A7%91%E6%89%B9%E6%AC%A1,data/jiangsu/raw/plan_sources/2025/大连理工大学_jszs_历史_27_0e693e8efd.html,1
2025,历史类,4131,大连理工大学,4131-01,01,首选历史，再选不限,,英语,3,6240,四,https://gaoxiao.jszs.com/College/plannew.html?cid=27&yearno=2025&ty=%E6%99%AE%E9%80%9A%E7%B1%BB&topchoose=%E5%8E%86%E5%8F%B2&pici=%E6%9C%AC%E7%A7%91%E6%89%B9%E6%AC%A1,data/jiangsu/raw/plan_sources/2025/大连理工大学_jszs_历史_27_0e693e8efd.html,1
2025,历史类,4131,大连理工大学,4131-01,01,首选历史，再选不限,,日语,3,6240,四,https://gaoxiao.jszs.com/College/plannew.html?cid=27&yearno=2025&ty=%E6%99%AE%E9%80%9A%E7%B1%BB&topchoose=%E5%8E%86%E5%8F%B2&pici=%E6%9C%AC%E7%A7%91%E6%89%B9%E6%AC%A1,data/jiangsu/raw/plan_sources/2025/大连理工大学_jszs_历史_27_0e693e8efd.html,1
2025,历史类,4131,大连理工大学,4131-01,01,首选历史，再选不限,,建筑类,7,6240,四,https://gaoxiao.jszs.com/College/plannew.html?cid=27&yearno=2025&ty=%E6%99%AE%E9%80%9A%E7%B1%BB&topchoose=%E5%8E%86%E5%8F%B2&pici=%E6%9C%AC%E7%A7%91%E6%89%B9%E6%AC%A1,data/jiangsu/raw/plan_sources/2025/大连理工大学_jszs_历史_27_0e693e8efd.html,1
2025,历史类,4131,大连理工大学,4131-01,01,首选历史，再选不限,,公共事业管理,5,6240,四,https://gaoxiao.jszs.com/College/plannew.html?cid=27&yearno=2025&ty=%E6%99%AE%E9%80%9A%E7%B1%BB&topchoose=%E5%8E%86%E5%8F%B2&pici=%E6%9C%AC%E7%A7%91%E6%89%B9%E6%AC%A1,data/jiangsu/raw/plan_sources/2025/大连理工大学_jszs_历史_27_0e693e8efd.html,1
2025,历史类,4131,大连理工大学,4131-01,01,首选历史，再选不限,,哲学类,3,5760,四,https://gaoxiao.jszs.com/College/plannew.html?cid=27&yearno=2025&ty=%E6%99%AE%E9%80%9A%E7%B1%BB&topchoose=%E5%8E%86%E5%8F%B2&pici=%E6%9C%AC%E7%A7%91%E6%89%B9%E6%AC%A1,data/jiangsu/raw/plan_sources/2025/大连理工大学_jszs_历史_27_0e693e8efd.html,1
2025,历史类,3119,对外经济贸易大学,3119-02,02,首选历史，再选不限,,金融学类,5,5000,四,https://gaoxiao.jszs.com/College/plannew.html?cid=266&yearno=2025&ty=%E6%99%AE%E9%80%9A%E7%B1%BB&topchoose=%E5%8E%86%E5%8F%B2&pici=%E6%9C%AC%E7%A7%91%E6%89%B9%E6%AC%A1,data/jiangsu/raw/plan_sources/2025/对外经济贸易大学_jszs_历史_266_6d2942a2ec.html,1
2025,历史类,3119,对外经济贸易大学,3119-02,02,首选历史，再选不限,,经济学类,4,5000,四,https://gaoxiao.jszs.com/College/plannew.html?cid=266&yearno=2025&ty=%E6%99%AE%E9%80%9A%E7%B1%BB&topchoose=%E5%8E%86%E5%8F%B2&pici=%E6%9C%AC%E7%A7%91%E6%89%B9%E6%AC%A1,data/jiangsu/raw/plan_sources/2025/对外经济贸易大学_jszs_历史_266_6d2942a2ec.html,1
2025,历史类,3119,对外经济贸易大学,3119-02,02,首选历史，再选不限,,国际经济与贸易,2,5000,四,https://gaoxiao.jszs.com/College/plannew.html?cid=266&yearno=2025&ty=%E6%99%AE%E9%80%9A%E7%B1%BB&topchoose=%E5%8E%86%E5%8F%B2&pici=%E6%9C%AC%E7%A7%91%E6%89%B9%E6%AC%A1,data/jiangsu/raw/plan_sources/2025/对外经济贸易大学_jszs_历史_266_6d2942a2ec.html,1
2025,历史类,3119,对外经济贸易大学,3119-02,02,首选历史，再选不限,,工商管理类,7,5000,四,https://gaoxiao.jszs.com/College/plannew.html?cid=266&yearno=2025&ty=%E6%99%AE%E9%80%9A%E7%B1%BB&topchoose=%E5%8E%86%E5%8F%B2&pici=%E6%9C%AC%E7%A7%91%E6%89%B9%E6%AC%A1,data/jiangsu/raw/plan_sources/2025/对外经济贸易大学_jszs_历史_266_6d2942a2ec.html,1
2025,历史类,3119,对外经济贸易大学,3119-02,02,首选历史，再选不限,,法学类,4,5000,四,https://gaoxiao.jszs.com/College/plannew.html?cid=266&yearno=2025&ty=%E6%99%AE%E9%80%9A%E7%B1%BB&topchoose=%E5%8E%86%E5%8F%B2&pici=%E6%9C%AC%E7%A7%91%E6%89%B9%E6%AC%A1,data/jiangsu/raw/plan_sources/2025/对外经济贸易大学_jszs_历史_266_6d2942a2ec.html,1
2025,历史类,3119,对外经济贸易大学,3119-02,02,首选历史，再选不限,,外国语言文学类,2,6000,四,https://gaoxiao.jszs.com/College/plannew.html?cid=266&yearno=2025&ty=%E6%99%AE%E9%80%9A%E7%B1%BB&topchoose=%E5%8E%86%E5%8F%B2&pici=%E6%9C%AC%E7%A7%91%E6%89%B9%E6%AC%A1,data/jiangsu/raw/plan_sources/2025/对外经济贸易大学_jszs_历史_266_6d2942a2ec.html,1
2025,历史类,3119,对外经济贸易大学,3119-02,02,首选历史，再选不限,,海关管理,3,5000,四,https://gaoxiao.jszs.com/College/plannew.html?cid=266&yearno=2025&ty=%E6%99%AE%E9%80%9A%E7%B1%BB&topchoose=%E5%8E%86%E5%8F%B2&pici=%E6%9C%AC%E7%A7%91%E6%89%B9%E6%AC%A1,data/jiangsu/raw/plan_sources/2025/对外经济贸易大学_jszs_历史_266_6d2942a2ec.html,1
2025,历史类,3119,对外经济贸易大学,3119-02,02,首选历史，再选不限,,国际经济发展合作,2,5000,四,https://gaoxiao.jszs.com/College/plannew.html?cid=266&yearno=2025&ty=%E6%99%AE%E9%80%9A%E7%B1%BB&topchoose=%E5%8E%86%E5%8F%B2&pici=%E6%9C%AC%E7%A7%91%E6%89%B9%E6%AC%A1,data/jiangsu/raw/plan_sources/2025/对外经济贸易大学_jszs_历史_266_6d2942a2ec.html,1
2025,历史类,2601,山东大学,2601-03,03,首选历史，再选不限,,中国语言文学类,4,5280,四,https://gaoxiao.jszs.com/College/plannew.html?cid=15&yearno=2025&ty=%E6%99%AE%E9%80%9A%E7%B1%BB&topchoose=%E5%8E%86%E5%8F%B2&pici=%E6%9C%AC%E7%A7%91%E6%89%B9%E6%AC%A1,data/jiangsu/raw/plan_sources/2025/山东大学_jszs_历史_15_bbc602ae4b.html,1
2025,历史类,2601,山东大学,2601-03,03,首选历史，再选不限,,历史学类,2,5280,四,https://gaoxiao.jszs.com/College/plannew.html?cid=15&yearno=2025&ty=%E6%99%AE%E9%80%9A%E7%B1%BB&topchoose=%E5%8E%86%E5%8F%B2&pici=%E6%9C%AC%E7%A7%91%E6%89%B9%E6%AC%A1,data/jiangsu/raw/plan_sources/2025/山东大学_jszs_历史_15_bbc602ae4b.html,1
2025,历史类,2601,山东大学,2601-03,03,首选历史，再选不限,,哲学类,2,5280,四,https://gaoxiao.jszs.com/College/plannew.html?cid=15&yearno=2025&ty=%E6%99%AE%E9%80%9A%E7%B1%BB&topchoose=%E5%8E%86%E5%8F%B2&pici=%E6%9C%AC%E7%A7%91%E6%89%B9%E6%AC%A1,data/jiangsu/raw/plan_sources/2025/山东大学_jszs_历史_15_bbc602ae4b.html,1
2025,历史类,2601,山东大学,2601-03,03,首选历史，再选不限,,英语,2,5280,四,https://gaoxiao.jszs.com/College/plannew.html?cid=15&yearno=2025&ty=%E6%99%AE%E9%80%9A%E7%B1%BB&topchoose=%E5%8E%86%E5%8F%B2&pici=%E6%9C%AC%E7%A7%91%E6%89%B9%E6%AC%A1,data/jiangsu/raw/plan_sources/2025/山东大学_jszs_历史_15_bbc602ae4b.html,1
2025,历史类,2601,山东大学,2601-03,03,首选历史，再选不限,,考古学,2,5280,-,https://gaoxiao.jszs.com/College/plannew.html?cid=15&yearno=2025&ty=%E6%99%AE%E9%80%9A%E7%B1%BB&topchoose=%E5%8E%86%E5%8F%B2&pici=%E6%9C%AC%E7%A7%91%E6%89%B9%E6%AC%A1,data/jiangsu/raw/plan_sources/2025/山东大学_jszs_历史_15_bbc602ae4b.html,1
2025,历史类,2601,山东大学,2601-02,02,首选历史，再选不限,,法学类,6,5280,四,https://gaoxiao.jszs.com/College/plannew.html?cid=15&yearno=2025&ty=%E6%99%AE%E9%80%9A%E7%B1%BB&topchoose=%E5%8E%86%E5%8F%B2&pici=%E6%9C%AC%E7%A7%91%E6%89%B9%E6%AC%A1,data/jiangsu/raw/plan_sources/2025/山东大学_jszs_历史_15_bbc602ae4b.html,1
2025,历史类,2601,山东大学,2601-02,02,首选历史，再选不限,,经济学类,2,6600,四,https://gaoxiao.jszs.com/College/plannew.html?cid=15&yearno=2025&ty=%E6%99%AE%E9%80%9A%E7%B1%BB&topchoose=%E5%8E%86%E5%8F%B2&pici=%E6%9C%AC%E7%A7%91%E6%89%B9%E6%AC%A1,data/jiangsu/raw/plan_sources/2025/山东大学_jszs_历史_15_bbc602ae4b.html,1
2025,历史类,2601,山东大学,2601-02,02,首选历史，再选不限,,工商管理类,6,6600,四,https://gaoxiao.jszs.com/College/plannew.html?cid=15&yearno=2025&ty=%E6%99%AE%E9%80%9A%E7%B1%BB&topchoose=%E5%8E%86%E5%8F%B2&pici=%E6%9C%AC%E7%A7%91%E6%89%B9%E6%AC%A1,data/jiangsu/raw/plan_sources/2025/山东大学_jszs_历史_15_bbc602ae4b.html,1
2025,历史类,2601,山东大学,2601-02,02,首选历史，再选不限,,社会学类,2,5280,四,https://gaoxiao.jszs.com/College/plannew.html?cid=15&yearno=2025&ty=%E6%99%AE%E9%80%9A%E7%B1%BB&topchoose=%E5%8E%86%E5%8F%B2&pici=%E6%9C%AC%E7%A7%91%E6%89%B9%E6%AC%A1,data/jiangsu/raw/plan_sources/2025/山东大学_jszs_历史_15_bbc602ae4b.html,1
2025,历史类,2601,山东大学,2601-02,02,首选历史，再选不限,,新闻传播学类,2,5280,四,https://gaoxiao.jszs.com/College/plannew.html?cid=15&yearno=2025&ty=%E6%99%AE%E9%80%9A%E7%B1%BB&topchoose=%E5%8E%86%E5%8F%B2&pici=%E6%9C%AC%E7%A7%91%E6%89%B9%E6%AC%A1,data/jiangsu/raw/plan_sources/2025/山东大学_jszs_历史_15_bbc602ae4b.html,1
2025,历史类,2661,山东大学威海分校,2661-01,01,首选历史，再选不限,,经济学类,9,6600,四,https://gaoxiao.jszs.com/College/plannew.html?cid=1225&yearno=2025&ty=%E6%99%AE%E9%80%9A%E7%B1%BB&topchoose=%E5%8E%86%E5%8F%B2&pici=%E6%9C%AC%E7%A7%91%E6%89%B9%E6%AC%A1,data/jiangsu/raw/plan_sources/2025/山东大学威海分校_jszs_历史_1225_0d889739b0.html,1
2025,历史类,2661,山东大学威海分校,2661-01,01,首选历史，再选不限,,中国语言文学类,3,5280,四,https://gaoxiao.jszs.com/College/plannew.html?cid=1225&yearno=2025&ty=%E6%99%AE%E9%80%9A%E7%B1%BB&topchoose=%E5%8E%86%E5%8F%B2&pici=%E6%9C%AC%E7%A7%91%E6%89%B9%E6%AC%A1,data/jiangsu/raw/plan_sources/2025/山东大学威海分校_jszs_历史_1225_0d889739b0.html,1
2025,历史类,2661,山东大学威海分校,2661-01,01,首选历史，再选不限,,外国语言文学类,6,5280,四,https://gaoxiao.jszs.com/College/plannew.html?cid=1225&yearno=2025&ty=%E6%99%AE%E9%80%9A%E7%B1%BB&topchoose=%E5%8E%86%E5%8F%B2&pici=%E6%9C%AC%E7%A7%91%E6%89%B9%E6%AC%A1,data/jiangsu/raw/plan_sources/2025/山东大学威海分校_jszs_历史_1225_0d889739b0.html,1
2025,历史类,5201,武汉大学,5201-04,04,首选历史，再选思想政治,,政治学类,6,4500,四,https://gaoxiao.jszs.com/College/plannew.html?cid=8&yearno=2025&ty=%E6%99%AE%E9%80%9A%E7%B1%BB&topchoose=%E5%8E%86%E5%8F%B2&pici=%E6%9C%AC%E7%A7%91%E6%89%B9%E6%AC%A1,data/jiangsu/raw/plan_sources/2025/武汉大学_jszs_历史_8_2f6f88b989.html,1
2025,历史类,5201,武汉大学,5201-03,03,首选历史，再选不限,,文科试验班类,5,5850,四,https://gaoxiao.jszs.com/College/plannew.html?cid=8&yearno=2025&ty=%E6%99%AE%E9%80%9A%E7%B1%BB&topchoose=%E5%8E%86%E5%8F%B2&pici=%E6%9C%AC%E7%A7%91%E6%89%B9%E6%AC%A1,data/jiangsu/raw/plan_sources/2025/武汉大学_jszs_历史_8_2f6f88b989.html,1
2025,历史类,5201,武汉大学,5201-03,03,首选历史，再选不限,,外国语言文学类,2,4500,四,https://gaoxiao.jszs.com/College/plannew.html?cid=8&yearno=2025&ty=%E6%99%AE%E9%80%9A%E7%B1%BB&topchoose=%E5%8E%86%E5%8F%B2&pici=%E6%9C%AC%E7%A7%91%E6%89%B9%E6%AC%A1,data/jiangsu/raw/plan_sources/2025/武汉大学_jszs_历史_8_2f6f88b989.html,1
2025,历史类,5201,武汉大学,5201-03,03,首选历史，再选不限,,新闻传播学类,2,5850,四,https://gaoxiao.jszs.com/College/plannew.html?cid=8&yearno=2025&ty=%E6%99%AE%E9%80%9A%E7%B1%BB&topchoose=%E5%8E%86%E5%8F%B2&pici=%E6%9C%AC%E7%A7%91%E6%89%B9%E6%AC%A1,data/jiangsu/raw/plan_sources/2025/武汉大学_jszs_历史_8_2f6f88b989.html,1
2025,历史类,5201,武汉大学,5201-03,03,首选历史，再选不限,,中国语言文学类,4,4500,四,https://gaoxiao.jszs.com/College/plannew.html?cid=8&yearno=2025&ty=%E6%99%AE%E9%80%9A%E7%B1%BB&topchoose=%E5%8E%86%E5%8F%B2&pici=%E6%9C%AC%E7%A7%91%E6%89%B9%E6%AC%A1,data/jiangsu/raw/plan_sources/2025/武汉大学_jszs_历史_8_2f6f88b989.html,1
2025,历史类,5201,武汉大学,5201-03,03,首选历史，再选不限,,历史学类,4,4500,四,https://gaoxiao.jszs.com/College/plannew.html?cid=8&yearno=2025&ty=%E6%99%AE%E9%80%9A%E7%B1%BB&topchoose=%E5%8E%86%E5%8F%B2&pici=%E6%9C%AC%E7%A7%91%E6%89%B9%E6%AC%A1,data/jiangsu/raw/plan_sources/2025/武汉大学_jszs_历史_8_2f6f88b989.html,1
2025,历史类,5201,武汉大学,5201-03,03,首选历史，再选不限,,法学,2,5850,四,https://gaoxiao.jszs.com/College/plannew.html?cid=8&yearno=2025&ty=%E6%99%AE%E9%80%9A%E7%B1%BB&topchoose=%E5%8E%86%E5%8F%B2&pici=%E6%9C%AC%E7%A7%91%E6%89%B9%E6%AC%A1,data/jiangsu/raw/plan_sources/2025/武汉大学_jszs_历史_8_2f6f88b989.html,1
2025,历史类,5201,武汉大学,5201-03,03,首选历史，再选不限,,经济学类,5,5850,四,https://gaoxiao.jszs.com/College/plannew.html?cid=8&yearno=2025&ty=%E6%99%AE%E9%80%9A%E7%B1%BB&topchoose=%E5%8E%86%E5%8F%B2&pici=%E6%9C%AC%E7%A7%91%E6%89%B9%E6%AC%A1,data/jiangsu/raw/plan_sources/2025/武汉大学_jszs_历史_8_2f6f88b989.html,1
2025,历史类,5201,武汉大学,5201-03,03,首选历史，再选不限,,工商管理类,6,5850,四,https://gaoxiao.jszs.com/College/plannew.html?cid=8&yearno=2025&ty=%E6%99%AE%E9%80%9A%E7%B1%BB&topchoose=%E5%8E%86%E5%8F%B2&pici=%E6%9C%AC%E7%A7%91%E6%89%B9%E6%AC%A1,data/jiangsu/raw/plan_sources/2025/武汉大学_jszs_历史_8_2f6f88b989.html,1
2025,历史类,5201,武汉大学,5201-03,03,首选历史，再选不限,,公共管理类,3,4500,四,https://gaoxiao.jszs.com/College/plannew.html?cid=8&yearno=2025&ty=%E6%99%AE%E9%80%9A%E7%B1%BB&topchoose=%E5%8E%86%E5%8F%B2&pici=%E6%9C%AC%E7%A7%91%E6%89%B9%E6%AC%A1,data/jiangsu/raw/plan_sources/2025/武汉大学_jszs_历史_8_2f6f88b989.html,1
2025,历史类,5201,武汉大学,5201-03,03,首选历史，再选不限,,社会学,2,4500,四,https://gaoxiao.jszs.com/College/plannew.html?cid=8&yearno=2025&ty=%E6%99%AE%E9%80%9A%E7%B1%BB&topchoose=%E5%8E%86%E5%8F%B2&pici=%E6%9C%AC%E7%A7%91%E6%89%B9%E6%AC%A1,data/jiangsu/raw/plan_sources/2025/武汉大学_jszs_历史_8_2f6f88b989.html,1
2025,历史类,1201,江南大学,1201-08,08,首选历史，再选思想政治,,思想政治教育,8,5200,四,https://gaoxiao.jszs.com/College/plannew.html?cid=101&yearno=2025&ty=%E6%99%AE%E9%80%9A%E7%B1%BB&topchoose=%E5%8E%86%E5%8F%B2&pici=%E6%9C%AC%E7%A7%91%E6%89%B9%E6%AC%A1,data/jiangsu/raw/plan_sources/2025/江南大学_jszs_历史_101_5be945cf8b.html,1
2025,历史类,1201,江南大学,1201-07,07,首选历史，再选不限,,工商管理,10,26400,四,https://gaoxiao.jszs.com/College/plannew.html?cid=101&yearno=2025&ty=%E6%99%AE%E9%80%9A%E7%B1%BB&topchoose=%E5%8E%86%E5%8F%B2&pici=%E6%9C%AC%E7%A7%91%E6%89%B9%E6%AC%A1,data/jiangsu/raw/plan_sources/2025/江南大学_jszs_历史_101_5be945cf8b.html,1
2025,历史类,1201,江南大学,1201-06,06,首选历史，再选不限,,社会工作,3,5200,四,https://gaoxiao.jszs.com/College/plannew.html?cid=101&yearno=2025&ty=%E6%99%AE%E9%80%9A%E7%B1%BB&topchoose=%E5%8E%86%E5%8F%B2&pici=%E6%9C%AC%E7%A7%91%E6%89%B9%E6%AC%A1,data/jiangsu/raw/plan_sources/2025/江南大学_jszs_历史_101_5be945cf8b.html,1
2025,历史类,1201,江南大学,1201-05,05,首选历史，再选不限,,小学教育,14,5200,四,https://gaoxiao.jszs.com/College/plannew.html?cid=101&yearno=2025&ty=%E6%99%AE%E9%80%9A%E7%B1%BB&topchoose=%E5%8E%86%E5%8F%B2&pici=%E6%9C%AC%E7%A7%91%E6%89%B9%E6%AC%A1,data/jiangsu/raw/plan_sources/2025/江南大学_jszs_历史_101_5be945cf8b.html,1
2025,历史类,1201,江南大学,1201-04,04,首选历史，再选不限,,金融学,17,5200,四,https://gaoxiao.jszs.com/College/plannew.html?cid=101&yearno=2025&ty=%E6%99%AE%E9%80%9A%E7%B1%BB&topchoose=%E5%8E%86%E5%8F%B2&pici=%E6%9C%AC%E7%A7%91%E6%89%B9%E6%AC%A1,data/jiangsu/raw/plan_sources/2025/江南大学_jszs_历史_101_5be945cf8b.html,1
2025,历史类,1201,江南大学,1201-04,04,首选历史，再选不限,,工商管理,13,5200,四,https://gaoxiao.jszs.com/College/plannew.html?cid=101&yearno=2025&ty=%E6%99%AE%E9%80%9A%E7%B1%BB&topchoose=%E5%8E%86%E5%8F%B2&pici=%E6%9C%AC%E7%A7%91%E6%89%B9%E6%AC%A1,data/jiangsu/raw/plan_sources/2025/江南大学_jszs_历史_101_5be945cf8b.html,1
2025,历史类,1201,江南大学,1201-04,04,首选历史，再选不限,,会计学,17,5200,四,https://gaoxiao.jszs.com/College/plannew.html?cid=101&yearno=2025&ty=%E6%99%AE%E9%80%9A%E7%B1%BB&topchoose=%E5%8E%86%E5%8F%B2&pici=%E6%9C%AC%E7%A7%91%E6%89%B9%E6%AC%A1,data/jiangsu/raw/plan_sources/2025/江南大学_jszs_历史_101_5be945cf8b.html,1
2025,历史类,1201,江南大学,1201-03,03,首选历史，再选不限,,汉语言文学,50,5200,四,https://gaoxiao.jszs.com/College/plannew.html?cid=101&yearno=2025&ty=%E6%99%AE%E9%80%9A%E7%B1%BB&topchoose=%E5%8E%86%E5%8F%B2&pici=%E6%9C%AC%E7%A7%91%E6%89%B9%E6%AC%A1,data/jiangsu/raw/plan_sources/2025/江南大学_jszs_历史_101_5be945cf8b.html,1
2025,历史类,1201,江南大学,1201-02,02,首选历史，再选不限,,英语,11,5200,四,https://gaoxiao.jszs.com/College/plannew.html?cid=101&yearno=2025&ty=%E6%99%AE%E9%80%9A%E7%B1%BB&topchoose=%E5%8E%86%E5%8F%B2&pici=%E6%9C%AC%E7%A7%91%E6%89%B9%E6%AC%A1,data/jiangsu/raw/plan_sources/2025/江南大学_jszs_历史_101_5be945cf8b.html,1
2025,历史类,1201,江南大学,1201-02,02,首选历史，再选不限,,日语,3,5200,四,https://gaoxiao.jszs.com/College/plannew.html?cid=101&yearno=2025&ty=%E6%99%AE%E9%80%9A%E7%B1%BB&topchoose=%E5%8E%86%E5%8F%B2&pici=%E6%9C%AC%E7%A7%91%E6%89%B9%E6%AC%A1,data/jiangsu/raw/plan_sources/2025/江南大学_jszs_历史_101_5be945cf8b.html,1
2025,历史类,1201,江南大学,1201-01,01,首选历史，再选不限,,法学,18,5200,四,https://gaoxiao.jszs.com/College/plannew.html?cid=101&yearno=2025&ty=%E6%99%AE%E9%80%9A%E7%B1%BB&topchoose=%E5%8E%86%E5%8F%B2&pici=%E6%9C%AC%E7%A7%91%E6%89%B9%E6%AC%A1,data/jiangsu/raw/plan_sources/2025/江南大学_jszs_历史_101_5be945cf8b.html,1
2025,历史类,1105,河海大学,1105-03,03,首选历史，再选思想政治,,马克思主义理论,7,5200,四,https://gaoxiao.jszs.com/College/plannew.html?cid=71&yearno=2025&ty=%E6%99%AE%E9%80%9A%E7%B1%BB&topchoose=%E5%8E%86%E5%8F%B2&pici=%E6%9C%AC%E7%A7%91%E6%89%B9%E6%AC%A1,data/jiangsu/raw/plan_sources/2025/河海大学_jszs_历史_71_bff692c0da.html,1
2025,历史类,1105,河海大学,1105-03,03,首选历史，再选思想政治,,思想政治教育,13,5720,四,https://gaoxiao.jszs.com/College/plannew.html?cid=71&yearno=2025&ty=%E6%99%AE%E9%80%9A%E7%B1%BB&topchoose=%E5%8E%86%E5%8F%B2&pici=%E6%9C%AC%E7%A7%91%E6%89%B9%E6%AC%A1,data/jiangsu/raw/plan_sources/2025/河海大学_jszs_历史_71_bff692c0da.html,1
2025,历史类,1105,河海大学,1105-02,02,首选历史，再选不限,,经济学,18,5200,四,https://gaoxiao.jszs.com/College/plannew.html?cid=71&yearno=2025&ty=%E6%99%AE%E9%80%9A%E7%B1%BB&topchoose=%E5%8E%86%E5%8F%B2&pici=%E6%9C%AC%E7%A7%91%E6%89%B9%E6%AC%A1,data/jiangsu/raw/plan_sources/2025/河海大学_jszs_历史_71_bff692c0da.html,1
2025,历史类,1105,河海大学,1105-02,02,首选历史，再选不限,,国际经济与贸易,38,5200,四,https://gaoxiao.jszs.com/College/plannew.html?cid=71&yearno=2025&ty=%E6%99%AE%E9%80%9A%E7%B1%BB&topchoose=%E5%8E%86%E5%8F%B2&pici=%E6%9C%AC%E7%A7%91%E6%89%B9%E6%AC%A1,data/jiangsu/raw/plan_sources/2025/河海大学_jszs_历史_71_bff692c0da.html,1
2025,历史类,1105,河海大学,1105-01,01,首选历史，再选不限,,社会学,8,5720,四,https://gaoxiao.jszs.com/College/plannew.html?cid=71&yearno=2025&ty=%E6%99%AE%E9%80%9A%E7%B1%BB&topchoose=%E5%8E%86%E5%8F%B2&pici=%E6%9C%AC%E7%A7%91%E6%89%B9%E6%AC%A1,data/jiangsu/raw/plan_sources/2025/河海大学_jszs_历史_71_bff692c0da.html,1
2025,历史类,1105,河海大学,1105-01,01,首选历史，再选不限,,劳动与社会保障,8,5720,四,https://gaoxiao.jszs.com/College/plannew.html?cid=71&yearno=2025&ty=%E6%99%AE%E9%80%9A%E7%B1%BB&topchoose=%E5%8E%86%E5%8F%B2&pici=%E6%9C%AC%E7%A7%91%E6%89%B9%E6%AC%A1,data/jiangsu/raw/plan_sources/2025/河海大学_jszs_历史_71_bff692c0da.html,1
2025,历史类,1105,河海大学,1105-01,01,首选历史，再选不限,,土地资源管理,8,5720,四,https://gaoxiao.jszs.com/College/plannew.html?cid=71&yearno=2025&ty=%E6%99%AE%E9%80%9A%E7%B1%BB&topchoose=%E5%8E%86%E5%8F%B2&pici=%E6%9C%AC%E7%A7%91%E6%89%B9%E6%AC%A1,data/jiangsu/raw/plan_sources/2025/河海大学_jszs_历史_71_bff692c0da.html,1
2025,历史类,1105,河海大学,1105-01,01,首选历史，再选不限,,市场营销,8,5720,四,https://gaoxiao.jszs.com/College/plannew.html?cid=71&yearno=2025&ty=%E6%99%AE%E9%80%9A%E7%B1%BB&topchoose=%E5%8E%86%E5%8F%B2&pici=%E6%9C%AC%E7%A7%91%E6%89%B9%E6%AC%A1,data/jiangsu/raw/plan_sources/2025/河海大学_jszs_历史_71_bff692c0da.html,1
2025,历史类,1105,河海大学,1105-01,01,首选历史，再选不限,,会计学,48,5720,四,https://gaoxiao.jszs.com/College/plannew.html?cid=71&yearno=2025&ty=%E6%99%AE%E9%80%9A%E7%B1%BB&topchoose=%E5%8E%86%E5%8F%B2&pici=%E6%9C%AC%E7%A7%91%E6%89%B9%E6%AC%A1,data/jiangsu/raw/plan_sources/2025/河海大学_jszs_历史_71_bff692c0da.html,1
2025,历史类,1105,河海大学,1105-01,01,首选历史，再选不限,,财务管理,30,5720,四,https://gaoxiao.jszs.com/College/plannew.html?cid=71&yearno=2025&ty=%E6%99%AE%E9%80%9A%E7%B1%BB&topchoose=%E5%8E%86%E5%8F%B2&pici=%E6%9C%AC%E7%A7%91%E6%89%B9%E6%AC%A1,data/jiangsu/raw/plan_sources/2025/河海大学_jszs_历史_71_bff692c0da.html,1
2025,历史类,1105,河海大学,1105-01,01,首选历史，再选不限,,人力资源管理,20,5720,四,https://gaoxiao.jszs.com/College/plannew.html?cid=71&yearno=2025&ty=%E6%99%AE%E9%80%9A%E7%B1%BB&topchoose=%E5%8E%86%E5%8F%B2&pici=%E6%9C%AC%E7%A7%91%E6%89%B9%E6%AC%A1,data/jiangsu/raw/plan_sources/2025/河海大学_jszs_历史_71_bff692c0da.html,1
2025,历史类,1105,河海大学,1105-01,01,首选历史，再选不限,,法学,35,5720,四,https://gaoxiao.jszs.com/College/plannew.html?cid=71&yearno=2025&ty=%E6%99%AE%E9%80%9A%E7%B1%BB&topchoose=%E5%8E%86%E5%8F%B2&pici=%E6%9C%AC%E7%A7%91%E6%89%B9%E6%AC%A1,data/jiangsu/raw/plan_sources/2025/河海大学_jszs_历史_71_bff692c0da.html,1
2025,历史类,1105,河海大学,1105-01,01,首选历史，再选不限,,英语,15,5200,四,https://gaoxiao.jszs.com/College/plannew.html?cid=71&yearno=2025&ty=%E6%99%AE%E9%80%9A%E7%B1%BB&topchoose=%E5%8E%86%E5%8F%B2&pici=%E6%9C%AC%E7%A7%91%E6%89%B9%E6%AC%A1,data/jiangsu/raw/plan_sources/2025/河海大学_jszs_历史_71_bff692c0da.html,1
2025,历史类,2201,浙江大学,2201-01,01,首选历史，再选不限,,人文科学试验班,12,5300,四,https://gaoxiao.jszs.com/College/plannew.html?cid=3&yearno=2025&ty=%E6%99%AE%E9%80%9A%E7%B1%BB&topchoose=%E5%8E%86%E5%8F%B2&pici=%E6%9C%AC%E7%A7%91%E6%89%B9%E6%AC%A1,data/jiangsu/raw/plan_sources/2025/浙江大学_jszs_历史_3_6e32f894f5.html,1
2025,历史类,2201,浙江大学,2201-01,01,首选历史，再选不限,,新闻传播学类,3,5300,四,https://gaoxiao.jszs.com/College/plannew.html?cid=3&yearno=2025&ty=%E6%99%AE%E9%80%9A%E7%B1%BB&topchoose=%E5%8E%86%E5%8F%B2&pici=%E6%9C%AC%E7%A7%91%E6%89%B9%E6%AC%A1,data/jiangsu/raw/plan_sources/2025/浙江大学_jszs_历史_3_6e32f894f5.html,1
2025,历史类,2201,浙江大学,2201-01,01,首选历史，再选不限,,外国语言文学类,4,5300,四,https://gaoxiao.jszs.com/College/plannew.html?cid=3&yearno=2025&ty=%E6%99%AE%E9%80%9A%E7%B1%BB&topchoose=%E5%8E%86%E5%8F%B2&pici=%E6%9C%AC%E7%A7%91%E6%89%B9%E6%AC%A1,data/jiangsu/raw/plan_sources/2025/浙江大学_jszs_历史_3_6e32f894f5.html,1
2025,历史类,2201,浙江大学,2201-01,01,首选历史，再选不限,,社会科学试验班,9,5300,四,https://gaoxiao.jszs.com/College/plannew.html?cid=3&yearno=2025&ty=%E6%99%AE%E9%80%9A%E7%B1%BB&topchoose=%E5%8E%86%E5%8F%B2&pici=%E6%9C%AC%E7%A7%91%E6%89%B9%E6%AC%A1,data/jiangsu/raw/plan_sources/2025/浙江大学_jszs_历史_3_6e32f894f5.html,1
2025,历史类,3103,清华大学,3103-02,02,首选历史，再选不限,,文科试验班类,1,5000,四,https://gaoxiao.jszs.com/College/plannew.html?cid=1&yearno=2025&ty=%E6%99%AE%E9%80%9A%E7%B1%BB&topchoose=%E5%8E%86%E5%8F%B2&pici=%E6%9C%AC%E7%A7%91%E6%89%B9%E6%AC%A1,data/jiangsu/raw/plan_sources/2025/清华大学_jszs_历史_1_fdc4b44ec4.html,1
2025,历史类,5301,湖南大学,5301-01,01,首选历史，再选不限,,历史学,6,5300,四,https://gaoxiao.jszs.com/College/plannew.html?cid=43&yearno=2025&ty=%E6%99%AE%E9%80%9A%E7%B1%BB&topchoose=%E5%8E%86%E5%8F%B2&pici=%E6%9C%AC%E7%A7%91%E6%89%B9%E6%AC%A1,data/jiangsu/raw/plan_sources/2025/湖南大学_jszs_历史_43_b1db1a2a6d.html,1
2025,历史类,5301,湖南大学,5301-01,01,首选历史，再选不限,,经济学类,5,5500,四,https://gaoxiao.jszs.com/College/plannew.html?cid=43&yearno=2025&ty=%E6%99%AE%E9%80%9A%E7%B1%BB&topchoose=%E5%8E%86%E5%8F%B2&pici=%E6%9C%AC%E7%A7%91%E6%89%B9%E6%AC%A1,data/jiangsu/raw/plan_sources/2025/湖南大学_jszs_历史_43_b1db1a2a6d.html,1
2025,历史类,5301,湖南大学,5301-01,01,首选历史，再选不限,,金融学,2,5500,四,https://gaoxiao.jszs.com/College/plannew.html?cid=43&yearno=2025&ty=%E6%99%AE%E9%80%9A%E7%B1%BB&topchoose=%E5%8E%86%E5%8F%B2&pici=%E6%9C%AC%E7%A7%91%E6%89%B9%E6%AC%A1,data/jiangsu/raw/plan_sources/2025/湖南大学_jszs_历史_43_b1db1a2a6d.html,1
2025,历史类,5301,湖南大学,5301-01,01,首选历史，再选不限,,法学,4,5500,四,https://gaoxiao.jszs.com/College/plannew.html?cid=43&yearno=2025&ty=%E6%99%AE%E9%80%9A%E7%B1%BB&topchoose=%E5%8E%86%E5%8F%B2&pici=%E6%9C%AC%E7%A7%91%E6%89%B9%E6%AC%A1,data/jiangsu/raw/plan_sources/2025/湖南大学_jszs_历史_43_b1db1a2a6d.html,1
2025,历史类,5301,湖南大学,5301-01,01,首选历史，再选不限,,汉语言文学,4,5300,四,https://gaoxiao.jszs.com/College/plannew.html?cid=43&yearno=2025&ty=%E6%99%AE%E9%80%9A%E7%B1%BB&topchoose=%E5%8E%86%E5%8F%B2&pici=%E6%9C%AC%E7%A7%91%E6%89%B9%E6%AC%A1,data/jiangsu/raw/plan_sources/2025/湖南大学_jszs_历史_43_b1db1a2a6d.html,1
2025,历史类,5301,湖南大学,5301-01,01,首选历史，再选不限,,会计学,1,5500,四,https://gaoxiao.jszs.com/College/plannew.html?cid=43&yearno=2025&ty=%E6%99%AE%E9%80%9A%E7%B1%BB&topchoose=%E5%8E%86%E5%8F%B2&pici=%E6%9C%AC%E7%A7%91%E6%89%B9%E6%AC%A1,data/jiangsu/raw/plan_sources/2025/湖南大学_jszs_历史_43_b1db1a2a6d.html,1
2025,历史类,6104,电子科技大学,6104-01,01,首选历史，再选不限,,社会科学试验班,2,6000,四,https://gaoxiao.jszs.com/College/plannew.html?cid=5286&yearno=2025&ty=%E6%99%AE%E9%80%9A%E7%B1%BB&topchoose=%E5%8E%86%E5%8F%B2&pici=%E6%9C%AC%E7%A7%91%E6%89%B9%E6%AC%A1,data/jiangsu/raw/plan_sources/2025/电子科技大学_jszs_历史_5286_c6eeecc8d5.html,1
2025,历史类,6104,电子科技大学,6104-01,01,首选历史，再选不限,,外国语言文学类,2,6000,四,https://gaoxiao.jszs.com/College/plannew.html?cid=5286&yearno=2025&ty=%E6%99%AE%E9%80%9A%E7%B1%BB&topchoose=%E5%8E%86%E5%8F%B2&pici=%E6%9C%AC%E7%A7%91%E6%89%B9%E6%AC%A1,data/jiangsu/raw/plan_sources/2025/电子科技大学_jszs_历史_5286_c6eeecc8d5.html,1
2025,历史类,6104,电子科技大学,6104-01,01,首选历史，再选不限,,英语,2,6000,四,https://gaoxiao.jszs.com/College/plannew.html?cid=5286&yearno=2025&ty=%E6%99%AE%E9%80%9A%E7%B1%BB&topchoose=%E5%8E%86%E5%8F%B2&pici=%E6%9C%AC%E7%A7%91%E6%89%B9%E6%AC%A1,data/jiangsu/raw/plan_sources/2025/电子科技大学_jszs_历史_5286_c6eeecc8d5.html,1
2025,历史类,1261,苏州大学,1261-13,13,首选历史，再选不限,,金融学,40,26400,五,https://gaoxiao.jszs.com/College/plannew.html?cid=39&yearno=2025&ty=%E6%99%AE%E9%80%9A%E7%B1%BB&topchoose=%E5%8E%86%E5%8F%B2&pici=%E6%9C%AC%E7%A7%91%E6%89%B9%E6%AC%A1,data/jiangsu/raw/plan_sources/2025/苏州大学_jszs_历史_39_e58b58fd4e.html,1
2025,历史类,1261,苏州大学,1261-12,12,首选历史，再选不限,,英语,42,5200,四,https://gaoxiao.jszs.com/College/plannew.html?cid=39&yearno=2025&ty=%E6%99%AE%E9%80%9A%E7%B1%BB&topchoose=%E5%8E%86%E5%8F%B2&pici=%E6%9C%AC%E7%A7%91%E6%89%B9%E6%AC%A1,data/jiangsu/raw/plan_sources/2025/苏州大学_jszs_历史_39_e58b58fd4e.html,1
2025,历史类,1261,苏州大学,1261-12,12,首选历史，再选不限,,俄语,15,5200,五,https://gaoxiao.jszs.com/College/plannew.html?cid=39&yearno=2025&ty=%E6%99%AE%E9%80%9A%E7%B1%BB&topchoose=%E5%8E%86%E5%8F%B2&pici=%E6%9C%AC%E7%A7%91%E6%89%B9%E6%AC%A1,data/jiangsu/raw/plan_sources/2025/苏州大学_jszs_历史_39_e58b58fd4e.html,1
2025,历史类,1261,苏州大学,1261-12,12,首选历史，再选不限,,法语,15,5720,五,https://gaoxiao.jszs.com/College/plannew.html?cid=39&yearno=2025&ty=%E6%99%AE%E9%80%9A%E7%B1%BB&topchoose=%E5%8E%86%E5%8F%B2&pici=%E6%9C%AC%E7%A7%91%E6%89%B9%E6%AC%A1,data/jiangsu/raw/plan_sources/2025/苏州大学_jszs_历史_39_e58b58fd4e.html,1
2025,历史类,1261,苏州大学,1261-12,12,首选历史，再选不限,,西班牙语,17,5200,四,https://gaoxiao.jszs.com/College/plannew.html?cid=39&yearno=2025&ty=%E6%99%AE%E9%80%9A%E7%B1%BB&topchoose=%E5%8E%86%E5%8F%B2&pici=%E6%9C%AC%E7%A7%91%E6%89%B9%E6%AC%A1,data/jiangsu/raw/plan_sources/2025/苏州大学_jszs_历史_39_e58b58fd4e.html,1
2025,历史类,1261,苏州大学,1261-12,12,首选历史，再选不限,,日语,24,5720,四,https://gaoxiao.jszs.com/College/plannew.html?cid=39&yearno=2025&ty=%E6%99%AE%E9%80%9A%E7%B1%BB&topchoose=%E5%8E%86%E5%8F%B2&pici=%E6%9C%AC%E7%A7%91%E6%89%B9%E6%AC%A1,data/jiangsu/raw/plan_sources/2025/苏州大学_jszs_历史_39_e58b58fd4e.html,1
2025,历史类,1261,苏州大学,1261-12,12,首选历史，再选不限,,翻译,20,5200,四,https://gaoxiao.jszs.com/College/plannew.html?cid=39&yearno=2025&ty=%E6%99%AE%E9%80%9A%E7%B1%BB&topchoose=%E5%8E%86%E5%8F%B2&pici=%E6%9C%AC%E7%A7%91%E6%89%B9%E6%AC%A1,data/jiangsu/raw/plan_sources/2025/苏州大学_jszs_历史_39_e58b58fd4e.html,1
2025,历史类,1261,苏州大学,1261-11,11,首选历史，再选不限,,教育学,29,5200,四,https://gaoxiao.jszs.com/College/plannew.html?cid=39&yearno=2025&ty=%E6%99%AE%E9%80%9A%E7%B1%BB&topchoose=%E5%8E%86%E5%8F%B2&pici=%E6%9C%AC%E7%A7%91%E6%89%B9%E6%AC%A1,data/jiangsu/raw/plan_sources/2025/苏州大学_jszs_历史_39_e58b58fd4e.html,1
2025,历史类,1261,苏州大学,1261-10,10,首选历史，再选不限,,哲学,15,5200,四,https://gaoxiao.jszs.com/College/plannew.html?cid=39&yearno=2025&ty=%E6%99%AE%E9%80%9A%E7%B1%BB&topchoose=%E5%8E%86%E5%8F%B2&pici=%E6%9C%AC%E7%A7%91%E6%89%B9%E6%AC%A1,data/jiangsu/raw/plan_sources/2025/苏州大学_jszs_历史_39_e58b58fd4e.html,1
2025,历史类,1261,苏州大学,1261-10,10,首选历史，再选不限,,人力资源管理,17,5720,四,https://gaoxiao.jszs.com/College/plannew.html?cid=39&yearno=2025&ty=%E6%99%AE%E9%80%9A%E7%B1%BB&topchoose=%E5%8E%86%E5%8F%B2&pici=%E6%9C%AC%E7%A7%91%E6%89%B9%E6%AC%A1,data/jiangsu/raw/plan_sources/2025/苏州大学_jszs_历史_39_e58b58fd4e.html,1
2025,历史类,1261,苏州大学,1261-10,10,首选历史，再选不限,,行政管理,29,5200,四,https://gaoxiao.jszs.com/College/plannew.html?cid=39&yearno=2025&ty=%E6%99%AE%E9%80%9A%E7%B1%BB&topchoose=%E5%8E%86%E5%8F%B2&pici=%E6%9C%AC%E7%A7%91%E6%89%B9%E6%AC%A1,data/jiangsu/raw/plan_sources/2025/苏州大学_jszs_历史_39_e58b58fd4e.html,1
2025,历史类,1261,苏州大学,1261-10,10,首选历史，再选不限,,城市管理,21,5200,四,https://gaoxiao.jszs.com/College/plannew.html?cid=39&yearno=2025&ty=%E6%99%AE%E9%80%9A%E7%B1%BB&topchoose=%E5%8E%86%E5%8F%B2&pici=%E6%9C%AC%E7%A7%91%E6%89%B9%E6%AC%A1,data/jiangsu/raw/plan_sources/2025/苏州大学_jszs_历史_39_e58b58fd4e.html,1
2025,历史类,1261,苏州大学,1261-10,10,首选历史，再选不限,,物流管理,19,5200,四,https://gaoxiao.jszs.com/College/plannew.html?cid=39&yearno=2025&ty=%E6%99%AE%E9%80%9A%E7%B1%BB&topchoose=%E5%8E%86%E5%8F%B2&pici=%E6%9C%AC%E7%A7%91%E6%89%B9%E6%AC%A1,data/jiangsu/raw/plan_sources/2025/苏州大学_jszs_历史_39_e58b58fd4e.html,1
2025,历史类,1261,苏州大学,1261-09,09,首选历史，再选不限,,社会学,25,5720,四,https://gaoxiao.jszs.com/College/plannew.html?cid=39&yearno=2025&ty=%E6%99%AE%E9%80%9A%E7%B1%BB&topchoose=%E5%8E%86%E5%8F%B2&pici=%E6%9C%AC%E7%A7%91%E6%89%B9%E6%AC%A1,data/jiangsu/raw/plan_sources/2025/苏州大学_jszs_历史_39_e58b58fd4e.html,1
2025,历史类,1261,苏州大学,1261-09,09,首选历史，再选不限,,社会工作,14,5200,四,https://gaoxiao.jszs.com/College/plannew.html?cid=39&yearno=2025&ty=%E6%99%AE%E9%80%9A%E7%B1%BB&topchoose=%E5%8E%86%E5%8F%B2&pici=%E6%9C%AC%E7%A7%91%E6%89%B9%E6%AC%A1,data/jiangsu/raw/plan_sources/2025/苏州大学_jszs_历史_39_e58b58fd4e.html,1
2025,历史类,1261,苏州大学,1261-09,09,首选历史，再选不限,,历史学,42,5200,四,https://gaoxiao.jszs.com/College/plannew.html?cid=39&yearno=2025&ty=%E6%99%AE%E9%80%9A%E7%B1%BB&topchoose=%E5%8E%86%E5%8F%B2&pici=%E6%9C%AC%E7%A7%91%E6%89%B9%E6%AC%A1,data/jiangsu/raw/plan_sources/2025/苏州大学_jszs_历史_39_e58b58fd4e.html,1
2025,历史类,1261,苏州大学,1261-09,09,首选历史，再选不限,,图书情报与档案管理类,51,5200,四,https://gaoxiao.jszs.com/College/plannew.html?cid=39&yearno=2025&ty=%E6%99%AE%E9%80%9A%E7%B1%BB&topchoose=%E5%8E%86%E5%8F%B2&pici=%E6%9C%AC%E7%A7%91%E6%89%B9%E6%AC%A1,data/jiangsu/raw/plan_sources/2025/苏州大学_jszs_历史_39_e58b58fd4e.html,1
2025,历史类,1261,苏州大学,1261-08,08,首选历史，再选不限,,新闻学,39,5720,四,https://gaoxiao.jszs.com/College/plannew.html?cid=39&yearno=2025&ty=%E6%99%AE%E9%80%9A%E7%B1%BB&topchoose=%E5%8E%86%E5%8F%B2&pici=%E6%9C%AC%E7%A7%91%E6%89%B9%E6%AC%A1,data/jiangsu/raw/plan_sources/2025/苏州大学_jszs_历史_39_e58b58fd4e.html,1
2025,历史类,1261,苏州大学,1261-08,08,首选历史，再选不限,,广告学,17,5720,四,https://gaoxiao.jszs.com/College/plannew.html?cid=39&yearno=2025&ty=%E6%99%AE%E9%80%9A%E7%B1%BB&topchoose=%E5%8E%86%E5%8F%B2&pici=%E6%9C%AC%E7%A7%91%E6%89%B9%E6%AC%A1,data/jiangsu/raw/plan_sources/2025/苏州大学_jszs_历史_39_e58b58fd4e.html,1
2025,历史类,1261,苏州大学,1261-08,08,首选历史，再选不限,,网络与新媒体,23,5720,四,https://gaoxiao.jszs.com/College/plannew.html?cid=39&yearno=2025&ty=%E6%99%AE%E9%80%9A%E7%B1%BB&topchoose=%E5%8E%86%E5%8F%B2&pici=%E6%9C%AC%E7%A7%91%E6%89%B9%E6%AC%A1,data/jiangsu/raw/plan_sources/2025/苏州大学_jszs_历史_39_e58b58fd4e.html,1
2025,历史类,1261,苏州大学,1261-07,07,首选历史，再选思想政治,,思想政治教育,31,5720,四,https://gaoxiao.jszs.com/College/plannew.html?cid=39&yearno=2025&ty=%E6%99%AE%E9%80%9A%E7%B1%BB&topchoose=%E5%8E%86%E5%8F%B2&pici=%E6%9C%AC%E7%A7%91%E6%89%B9%E6%AC%A1,data/jiangsu/raw/plan_sources/2025/苏州大学_jszs_历史_39_e58b58fd4e.html,1
2025,历史类,1261,苏州大学,1261-06,06,首选历史，再选思想政治和地理,,汉语言文学,57,5720,四,https://gaoxiao.jszs.com/College/plannew.html?cid=39&yearno=2025&ty=%E6%99%AE%E9%80%9A%E7%B1%BB&topchoose=%E5%8E%86%E5%8F%B2&pici=%E6%9C%AC%E7%A7%91%E6%89%B9%E6%AC%A1,data/jiangsu/raw/plan_sources/2025/苏州大学_jszs_历史_39_e58b58fd4e.html,1
2025,历史类,1261,苏州大学,1261-06,06,首选历史，再选思想政治和地理,,汉语国际教育,25,5720,四,https://gaoxiao.jszs.com/College/plannew.html?cid=39&yearno=2025&ty=%E6%99%AE%E9%80%9A%E7%B1%BB&topchoose=%E5%8E%86%E5%8F%B2&pici=%E6%9C%AC%E7%A7%91%E6%89%B9%E6%AC%A1,data/jiangsu/raw/plan_sources/2025/苏州大学_jszs_历史_39_e58b58fd4e.html,1
2025,历史类,1261,苏州大学,1261-05,05,首选历史，再选不限,,财政学,9,5200,四,https://gaoxiao.jszs.com/College/plannew.html?cid=39&yearno=2025&ty=%E6%99%AE%E9%80%9A%E7%B1%BB&topchoose=%E5%8E%86%E5%8F%B2&pici=%E6%9C%AC%E7%A7%91%E6%89%B9%E6%AC%A1,data/jiangsu/raw/plan_sources/2025/苏州大学_jszs_历史_39_e58b58fd4e.html,1
2025,历史类,1261,苏州大学,1261-04,04,首选历史，再选不限,,法学,80,5720,四,https://gaoxiao.jszs.com/College/plannew.html?cid=39&yearno=2025&ty=%E6%99%AE%E9%80%9A%E7%B1%BB&topchoose=%E5%8E%86%E5%8F%B2&pici=%E6%9C%AC%E7%A7%91%E6%89%B9%E6%AC%A1,data/jiangsu/raw/plan_sources/2025/苏州大学_jszs_历史_39_e58b58fd4e.html,1
2025,历史类,1261,苏州大学,1261-03,03,首选历史，再选思想政治和地理,,汉语言文学,15,5720,四,https://gaoxiao.jszs.com/College/plannew.html?cid=39&yearno=2025&ty=%E6%99%AE%E9%80%9A%E7%B1%BB&topchoose=%E5%8E%86%E5%8F%B2&pici=%E6%9C%AC%E7%A7%91%E6%89%B9%E6%AC%A1,data/jiangsu/raw/plan_sources/2025/苏州大学_jszs_历史_39_e58b58fd4e.html,1
2025,历史类,7101,西北大学,7101-01,01,首选历史，再选不限,,经济学,2,5500,四,https://gaoxiao.jszs.com/College/plannew.html?cid=50&yearno=2025&ty=%E6%99%AE%E9%80%9A%E7%B1%BB&topchoose=%E5%8E%86%E5%8F%B2&pici=%E6%9C%AC%E7%A7%91%E6%89%B9%E6%AC%A1,data/jiangsu/raw/plan_sources/2025/西北大学_jszs_历史_50_8dbf2f239b.html,1
2025,历史类,7101,西北大学,7101-01,01,首选历史，再选不限,,历史学,2,4250,四,https://gaoxiao.jszs.com/College/plannew.html?cid=50&yearno=2025&ty=%E6%99%AE%E9%80%9A%E7%B1%BB&topchoose=%E5%8E%86%E5%8F%B2&pici=%E6%9C%AC%E7%A7%91%E6%89%B9%E6%AC%A1,data/jiangsu/raw/plan_sources/2025/西北大学_jszs_历史_50_8dbf2f239b.html,1
2025,历史类,7101,西北大学,7101-01,01,首选历史，再选不限,,法学,2,5500,四,https://gaoxiao.jszs.com/College/plannew.html?cid=50&yearno=2025&ty=%E6%99%AE%E9%80%9A%E7%B1%BB&topchoose=%E5%8E%86%E5%8F%B2&pici=%E6%9C%AC%E7%A7%91%E6%89%B9%E6%AC%A1,data/jiangsu/raw/plan_sources/2025/西北大学_jszs_历史_50_8dbf2f239b.html,1
2025,历史类,7101,西北大学,7101-01,01,首选历史，再选不限,,中国语言文学类,3,5500,四,https://gaoxiao.jszs.com/College/plannew.html?cid=50&yearno=2025&ty=%E6%99%AE%E9%80%9A%E7%B1%BB&topchoose=%E5%8E%86%E5%8F%B2&pici=%E6%9C%AC%E7%A7%91%E6%89%B9%E6%AC%A1,data/jiangsu/raw/plan_sources/2025/西北大学_jszs_历史_50_8dbf2f239b.html,1
2025,历史类,7101,西北大学,7101-01,01,首选历史，再选不限,,新闻传播学类,2,5500,四,https://gaoxiao.jszs.com/College/plannew.html?cid=50&yearno=2025&ty=%E6%99%AE%E9%80%9A%E7%B1%BB&topchoose=%E5%8E%86%E5%8F%B2&pici=%E6%9C%AC%E7%A7%91%E6%89%B9%E6%AC%A1,data/jiangsu/raw/plan_sources/2025/西北大学_jszs_历史_50_8dbf2f239b.html,1
2025,历史类,7101,西北大学,7101-01,01,首选历史，再选不限,,公共管理类,2,5500,四,https://gaoxiao.jszs.com/College/plannew.html?cid=50&yearno=2025&ty=%E6%99%AE%E9%80%9A%E7%B1%BB&topchoose=%E5%8E%86%E5%8F%B2&pici=%E6%9C%AC%E7%A7%91%E6%89%B9%E6%AC%A1,data/jiangsu/raw/plan_sources/2025/西北大学_jszs_历史_50_8dbf2f239b.html,1
2025,历史类,7101,西北大学,7101-02,02,首选历史，再选不限,,考古学,1,4250,四,https://gaoxiao.jszs.com/College/plannew.html?cid=50&yearno=2025&ty=%E6%99%AE%E9%80%9A%E7%B1%BB&topchoose=%E5%8E%86%E5%8F%B2&pici=%E6%9C%AC%E7%A7%91%E6%89%B9%E6%AC%A1,data/jiangsu/raw/plan_sources/2025/西北大学_jszs_历史_50_8dbf2f239b.html,1
2025,历史类,7102,西北工业大学,7102-01,01,首选历史，再选不限,,工商管理类,5,5500,四,https://gaoxiao.jszs.com/College/plannew.html?cid=28&yearno=2025&ty=%E6%99%AE%E9%80%9A%E7%B1%BB&topchoose=%E5%8E%86%E5%8F%B2&pici=%E6%9C%AC%E7%A7%91%E6%89%B9%E6%AC%A1,data/jiangsu/raw/plan_sources/2025/西北工业大学_jszs_历史_28_5b3cc86cfc.html,1
2025,历史类,7102,西北工业大学,7102-01,01,首选历史，再选不限,,经济与贸易类,10,5500,四,https://gaoxiao.jszs.com/College/plannew.html?cid=28&yearno=2025&ty=%E6%99%AE%E9%80%9A%E7%B1%BB&topchoose=%E5%8E%86%E5%8F%B2&pici=%E6%9C%AC%E7%A7%91%E6%89%B9%E6%AC%A1,data/jiangsu/raw/plan_sources/2025/西北工业大学_jszs_历史_28_5b3cc86cfc.html,1
2025,历史类,7102,西北工业大学,7102-01,01,首选历史，再选不限,,外国语言文学类,6,5500,四,https://gaoxiao.jszs.com/College/plannew.html?cid=28&yearno=2025&ty=%E6%99%AE%E9%80%9A%E7%B1%BB&topchoose=%E5%8E%86%E5%8F%B2&pici=%E6%9C%AC%E7%A7%91%E6%89%B9%E6%AC%A1,data/jiangsu/raw/plan_sources/2025/西北工业大学_jszs_历史_28_5b3cc86cfc.html,1
2025,历史类,7102,西北工业大学,7102-02,02,首选历史，再选思想政治,,马克思主义理论,3,5500,四,https://gaoxiao.jszs.com/College/plannew.html?cid=28&yearno=2025&ty=%E6%99%AE%E9%80%9A%E7%B1%BB&topchoose=%E5%8E%86%E5%8F%B2&pici=%E6%9C%AC%E7%A7%91%E6%89%B9%E6%AC%A1,data/jiangsu/raw/plan_sources/2025/西北工业大学_jszs_历史_28_5b3cc86cfc.html,1
2025,历史类,7109,西北政法大学,7109-01,01,首选历史，再选不限,,法学,8,5400,四,https://gaoxiao.jszs.com/College/plannew.html?cid=333&yearno=2025&ty=%E6%99%AE%E9%80%9A%E7%B1%BB&topchoose=%E5%8E%86%E5%8F%B2&pici=%E6%9C%AC%E7%A7%91%E6%89%B9%E6%AC%A1,data/jiangsu/raw/plan_sources/2025/西北政法大学_jszs_历史_333_42db910147.html,1
2025,历史类,6202,西南大学,6202-01,01,首选历史，再选不限,,工商管理类,1,4500,四,https://gaoxiao.jszs.com/College/plannew.html?cid=1257&yearno=2025&ty=%E6%99%AE%E9%80%9A%E7%B1%BB&topchoose=%E5%8E%86%E5%8F%B2&pici=%E6%9C%AC%E7%A7%91%E6%89%B9%E6%AC%A1,data/jiangsu/raw/plan_sources/2025/西南大学_jszs_历史_1257_c4cb0f0f14.html,1
2025,历史类,6202,西南大学,6202-01,01,首选历史，再选不限,,经济学类,1,4500,四,https://gaoxiao.jszs.com/College/plannew.html?cid=1257&yearno=2025&ty=%E6%99%AE%E9%80%9A%E7%B1%BB&topchoose=%E5%8E%86%E5%8F%B2&pici=%E6%9C%AC%E7%A7%91%E6%89%B9%E6%AC%A1,data/jiangsu/raw/plan_sources/2025/西南大学_jszs_历史_1257_c4cb0f0f14.html,1
2025,历史类,6202,西南大学,6202-01,01,首选历史，再选不限,,公共管理类,1,4500,四,https://gaoxiao.jszs.com/College/plannew.html?cid=1257&yearno=2025&ty=%E6%99%AE%E9%80%9A%E7%B1%BB&topchoose=%E5%8E%86%E5%8F%B2&pici=%E6%9C%AC%E7%A7%91%E6%89%B9%E6%AC%A1,data/jiangsu/raw/plan_sources/2025/西南大学_jszs_历史_1257_c4cb0f0f14.html,1
2025,历史类,6202,西南大学,6202-01,01,首选历史，再选不限,,法学,2,4500,四,https://gaoxiao.jszs.com/College/plannew.html?cid=1257&yearno=2025&ty=%E6%99%AE%E9%80%9A%E7%B1%BB&topchoose=%E5%8E%86%E5%8F%B2&pici=%E6%9C%AC%E7%A7%91%E6%89%B9%E6%AC%A1,data/jiangsu/raw/plan_sources/2025/西南大学_jszs_历史_1257_c4cb0f0f14.html,1
2025,历史类,6202,西南大学,6202-01,01,首选历史，再选不限,,教育学,1,4000,四,https://gaoxiao.jszs.com/College/plannew.html?cid=1257&yearno=2025&ty=%E6%99%AE%E9%80%9A%E7%B1%BB&topchoose=%E5%8E%86%E5%8F%B2&pici=%E6%9C%AC%E7%A7%91%E6%89%B9%E6%AC%A1,data/jiangsu/raw/plan_sources/2025/西南大学_jszs_历史_1257_c4cb0f0f14.html,1
2025,历史类,6202,西南大学,6202-01,01,首选历史，再选不限,,应用心理学,2,4500,四,https://gaoxiao.jszs.com/College/plannew.html?cid=1257&yearno=2025&ty=%E6%99%AE%E9%80%9A%E7%B1%BB&topchoose=%E5%8E%86%E5%8F%B2&pici=%E6%9C%AC%E7%A7%91%E6%89%B9%E6%AC%A1,data/jiangsu/raw/plan_sources/2025/西南大学_jszs_历史_1257_c4cb0f0f14.html,1
2025,历史类,6202,西南大学,6202-02,02,首选历史，再选不限,,中国语言文学类,1,4000,四,https://gaoxiao.jszs.com/College/plannew.html?cid=1257&yearno=2025&ty=%E6%99%AE%E9%80%9A%E7%B1%BB&topchoose=%E5%8E%86%E5%8F%B2&pici=%E6%9C%AC%E7%A7%91%E6%89%B9%E6%AC%A1,data/jiangsu/raw/plan_sources/2025/西南大学_jszs_历史_1257_c4cb0f0f14.html,1
2025,历史类,6202,西南大学,6202-02,02,首选历史，再选不限,,英语,1,5500,四,https://gaoxiao.jszs.com/College/plannew.html?cid=1257&yearno=2025&ty=%E6%99%AE%E9%80%9A%E7%B1%BB&topchoose=%E5%8E%86%E5%8F%B2&pici=%E6%9C%AC%E7%A7%91%E6%89%B9%E6%AC%A1,data/jiangsu/raw/plan_sources/2025/西南大学_jszs_历史_1257_c4cb0f0f14.html,1
2025,历史类,6202,西南大学,6202-02,02,首选历史，再选不限,,俄语,1,5500,四,https://gaoxiao.jszs.com/College/plannew.html?cid=1257&yearno=2025&ty=%E6%99%AE%E9%80%9A%E7%B1%BB&topchoose=%E5%8E%86%E5%8F%B2&pici=%E6%9C%AC%E7%A7%91%E6%89%B9%E6%AC%A1,data/jiangsu/raw/plan_sources/2025/西南大学_jszs_历史_1257_c4cb0f0f14.html,1
2025,历史类,6202,西南大学,6202-02,02,首选历史，再选不限,,德语,1,5500,四,https://gaoxiao.jszs.com/College/plannew.html?cid=1257&yearno=2025&ty=%E6%99%AE%E9%80%9A%E7%B1%BB&topchoose=%E5%8E%86%E5%8F%B2&pici=%E6%9C%AC%E7%A7%91%E6%89%B9%E6%AC%A1,data/jiangsu/raw/plan_sources/2025/西南大学_jszs_历史_1257_c4cb0f0f14.html,1
2025,历史类,6202,西南大学,6202-02,02,首选历史，再选不限,,日语,1,5500,四,https://gaoxiao.jszs.com/College/plannew.html?cid=1257&yearno=2025&ty=%E6%99%AE%E9%80%9A%E7%B1%BB&topchoose=%E5%8E%86%E5%8F%B2&pici=%E6%9C%AC%E7%A7%91%E6%89%B9%E6%AC%A1,data/jiangsu/raw/plan_sources/2025/西南大学_jszs_历史_1257_c4cb0f0f14.html,1
2025,历史类,6202,西南大学,6202-02,02,首选历史，再选不限,,新闻学,1,4500,四,https://gaoxiao.jszs.com/College/plannew.html?cid=1257&yearno=2025&ty=%E6%99%AE%E9%80%9A%E7%B1%BB&topchoose=%E5%8E%86%E5%8F%B2&pici=%E6%9C%AC%E7%A7%91%E6%89%B9%E6%AC%A1,data/jiangsu/raw/plan_sources/2025/西南大学_jszs_历史_1257_c4cb0f0f14.html,1
2025,历史类,6202,西南大学,6202-03,03,首选历史，再选地理,,地理科学类,1,4500,四,https://gaoxiao.jszs.com/College/plannew.html?cid=1257&yearno=2025&ty=%E6%99%AE%E9%80%9A%E7%B1%BB&topchoose=%E5%8E%86%E5%8F%B2&pici=%E6%9C%AC%E7%A7%91%E6%89%B9%E6%AC%A1,data/jiangsu/raw/plan_sources/2025/西南大学_jszs_历史_1257_c4cb0f0f14.html,1
2025,历史类,6203,西南政法大学,6203-02,02,首选历史，再选不限,,法学,21,,四,https://gaoxiao.jszs.com/College/plannew.html?cid=171&yearno=2025&ty=%E6%99%AE%E9%80%9A%E7%B1%BB&topchoose=%E5%8E%86%E5%8F%B2&pici=%E6%9C%AC%E7%A7%91%E6%89%B9%E6%AC%A1,data/jiangsu/raw/plan_sources/2025/西南政法大学_jszs_历史_171_2df28a3c71.html,1
2025,历史类,6203,西南政法大学,6203-02,02,首选历史，再选不限,,知识产权,2,,四,https://gaoxiao.jszs.com/College/plannew.html?cid=171&yearno=2025&ty=%E6%99%AE%E9%80%9A%E7%B1%BB&topchoose=%E5%8E%86%E5%8F%B2&pici=%E6%9C%AC%E7%A7%91%E6%89%B9%E6%AC%A1,data/jiangsu/raw/plan_sources/2025/西南政法大学_jszs_历史_171_2df28a3c71.html,1
2025,历史类,6203,西南政法大学,6203-02,02,首选历史，再选不限,,工商管理类,2,,四,https://gaoxiao.jszs.com/College/plannew.html?cid=171&yearno=2025&ty=%E6%99%AE%E9%80%9A%E7%B1%BB&topchoose=%E5%8E%86%E5%8F%B2&pici=%E6%9C%AC%E7%A7%91%E6%89%B9%E6%AC%A1,data/jiangsu/raw/plan_sources/2025/西南政法大学_jszs_历史_171_2df28a3c71.html,1
2025,历史类,6203,西南政法大学,6203-02,02,首选历史，再选不限,,国际经济与贸易,2,,四,https://gaoxiao.jszs.com/College/plannew.html?cid=171&yearno=2025&ty=%E6%99%AE%E9%80%9A%E7%B1%BB&topchoose=%E5%8E%86%E5%8F%B2&pici=%E6%9C%AC%E7%A7%91%E6%89%B9%E6%AC%A1,data/jiangsu/raw/plan_sources/2025/西南政法大学_jszs_历史_171_2df28a3c71.html,1
2025,历史类,6203,西南政法大学,6203-02,02,首选历史，再选不限,,德语,2,,四,https://gaoxiao.jszs.com/College/plannew.html?cid=171&yearno=2025&ty=%E6%99%AE%E9%80%9A%E7%B1%BB&topchoose=%E5%8E%86%E5%8F%B2&pici=%E6%9C%AC%E7%A7%91%E6%89%B9%E6%AC%A1,data/jiangsu/raw/plan_sources/2025/西南政法大学_jszs_历史_171_2df28a3c71.html,1
2025,历史类,6203,西南政法大学,6203-02,02,首选历史，再选不限,,新闻传播学类,4,,四,https://gaoxiao.jszs.com/College/plannew.html?cid=171&yearno=2025&ty=%E6%99%AE%E9%80%9A%E7%B1%BB&topchoose=%E5%8E%86%E5%8F%B2&pici=%E6%9C%AC%E7%A7%91%E6%89%B9%E6%AC%A1,data/jiangsu/raw/plan_sources/2025/西南政法大学_jszs_历史_171_2df28a3c71.html,1
2025,历史类,6203,西南政法大学,6203-02,02,首选历史，再选不限,,海外利益安全,2,,四,https://gaoxiao.jszs.com/College/plannew.html?cid=171&yearno=2025&ty=%E6%99%AE%E9%80%9A%E7%B1%BB&topchoose=%E5%8E%86%E5%8F%B2&pici=%E6%9C%AC%E7%A7%91%E6%89%B9%E6%AC%A1,data/jiangsu/raw/plan_sources/2025/西南政法大学_jszs_历史_171_2df28a3c71.html,1
2025,历史类,6203,西南政法大学,6203-03,03,首选历史，再选不限,,法学,3,,四,https://gaoxiao.jszs.com/College/plannew.html?cid=171&yearno=2025&ty=%E6%99%AE%E9%80%9A%E7%B1%BB&topchoose=%E5%8E%86%E5%8F%B2&pici=%E6%9C%AC%E7%A7%91%E6%89%B9%E6%AC%A1,data/jiangsu/raw/plan_sources/2025/西南政法大学_jszs_历史_171_2df28a3c71.html,1
2025,历史类,6103,西南财经大学,6103-01,01,首选历史，再选不限,,金融学类,4,5760,四,https://gaoxiao.jszs.com/College/plannew.html?cid=156&yearno=2025&ty=%E6%99%AE%E9%80%9A%E7%B1%BB&topchoose=%E5%8E%86%E5%8F%B2&pici=%E6%9C%AC%E7%A7%91%E6%89%B9%E6%AC%A1,data/jiangsu/raw/plan_sources/2025/西南财经大学_jszs_历史_156_b778d204c6.html,1
2025,历史类,6103,西南财经大学,6103-01,01,首选历史，再选不限,,工商管理类,1,5760,四,https://gaoxiao.jszs.com/College/plannew.html?cid=156&yearno=2025&ty=%E6%99%AE%E9%80%9A%E7%B1%BB&topchoose=%E5%8E%86%E5%8F%B2&pici=%E6%9C%AC%E7%A7%91%E6%89%B9%E6%AC%A1,data/jiangsu/raw/plan_sources/2025/西南财经大学_jszs_历史_156_b778d204c6.html,1
2025,历史类,6103,西南财经大学,6103-01,01,首选历史，再选不限,,会计学,1,5760,四,https://gaoxiao.jszs.com/College/plannew.html?cid=156&yearno=2025&ty=%E6%99%AE%E9%80%9A%E7%B1%BB&topchoose=%E5%8E%86%E5%8F%B2&pici=%E6%9C%AC%E7%A7%91%E6%89%B9%E6%AC%A1,data/jiangsu/raw/plan_sources/2025/西南财经大学_jszs_历史_156_b778d204c6.html,1
2025,历史类,6103,西南财经大学,6103-01,01,首选历史，再选不限,,财政学类,2,5760,四,https://gaoxiao.jszs.com/College/plannew.html?cid=156&yearno=2025&ty=%E6%99%AE%E9%80%9A%E7%B1%BB&topchoose=%E5%8E%86%E5%8F%B2&pici=%E6%9C%AC%E7%A7%91%E6%89%B9%E6%AC%A1,data/jiangsu/raw/plan_sources/2025/西南财经大学_jszs_历史_156_b778d204c6.html,1
2025,历史类,6103,西南财经大学,6103-01,01,首选历史，再选不限,,经济与贸易类,2,8000,四,https://gaoxiao.jszs.com/College/plannew.html?cid=156&yearno=2025&ty=%E6%99%AE%E9%80%9A%E7%B1%BB&topchoose=%E5%8E%86%E5%8F%B2&pici=%E6%9C%AC%E7%A7%91%E6%89%B9%E6%AC%A1,data/jiangsu/raw/plan_sources/2025/西南财经大学_jszs_历史_156_b778d204c6.html,1
2025,历史类,6103,西南财经大学,6103-02,02,首选历史，再选不限,,会计学,4,98000,四,https://gaoxiao.jszs.com/College/plannew.html?cid=156&yearno=2025&ty=%E6%99%AE%E9%80%9A%E7%B1%BB&topchoose=%E5%8E%86%E5%8F%B2&pici=%E6%9C%AC%E7%A7%91%E6%89%B9%E6%AC%A1,data/jiangsu/raw/plan_sources/2025/西南财经大学_jszs_历史_156_b778d204c6.html,1
2025,历史类,6103,西南财经大学,6103-02,02,首选历史，再选不限,,市场营销,5,98000,四,https://gaoxiao.jszs.com/College/plannew.html?cid=156&yearno=2025&ty=%E6%99%AE%E9%80%9A%E7%B1%BB&topchoose=%E5%8E%86%E5%8F%B2&pici=%E6%9C%AC%E7%A7%91%E6%89%B9%E6%AC%A1,data/jiangsu/raw/plan_sources/2025/西南财经大学_jszs_历史_156_b778d204c6.html,1
2025,历史类,6103,西南财经大学,6103-02,02,首选历史，再选不限,,国际商务,2,98000,四,https://gaoxiao.jszs.com/College/plannew.html?cid=156&yearno=2025&ty=%E6%99%AE%E9%80%9A%E7%B1%BB&topchoose=%E5%8E%86%E5%8F%B2&pici=%E6%9C%AC%E7%A7%91%E6%89%B9%E6%AC%A1,data/jiangsu/raw/plan_sources/2025/西南财经大学_jszs_历史_156_b778d204c6.html,1
2025,历史类,7104,西安交通大学,7104-01,01,首选历史，再选不限,,文科试验班类,3,5500,四,https://gaoxiao.jszs.com/College/plannew.html?cid=14&yearno=2025&ty=%E6%99%AE%E9%80%9A%E7%B1%BB&topchoose=%E5%8E%86%E5%8F%B2&pici=%E6%9C%AC%E7%A7%91%E6%89%B9%E6%AC%A1,data/jiangsu/raw/plan_sources/2025/西安交通大学_jszs_历史_14_617179d638.html,1
2025,历史类,7104,西安交通大学,7104-01,01,首选历史，再选不限,,外国语言文学类,3,5500,四,https://gaoxiao.jszs.com/College/plannew.html?cid=14&yearno=2025&ty=%E6%99%AE%E9%80%9A%E7%B1%BB&topchoose=%E5%8E%86%E5%8F%B2&pici=%E6%9C%AC%E7%A7%91%E6%89%B9%E6%AC%A1,data/jiangsu/raw/plan_sources/2025/西安交通大学_jszs_历史_14_617179d638.html,1
2025,历史类,7104,西安交通大学,7104-01,01,首选历史，再选不限,,网络与新媒体,3,5500,四,https://gaoxiao.jszs.com/College/plannew.html?cid=14&yearno=2025&ty=%E6%99%AE%E9%80%9A%E7%B1%BB&topchoose=%E5%8E%86%E5%8F%B2&pici=%E6%9C%AC%E7%A7%91%E6%89%B9%E6%AC%A1,data/jiangsu/raw/plan_sources/2025/西安交通大学_jszs_历史_14_617179d638.html,1
2025,历史类,7104,西安交通大学,7104-01,01,首选历史，再选不限,,公共管理类,2,5500,四,https://gaoxiao.jszs.com/College/plannew.html?cid=14&yearno=2025&ty=%E6%99%AE%E9%80%9A%E7%B1%BB&topchoose=%E5%8E%86%E5%8F%B2&pici=%E6%9C%AC%E7%A7%91%E6%89%B9%E6%AC%A1,data/jiangsu/raw/plan_sources/2025/西安交通大学_jszs_历史_14_617179d638.html,1
2025,历史类,7104,西安交通大学,7104-01,01,首选历史，再选不限,,国际经贸规则,3,5500,四,https://gaoxiao.jszs.com/College/plannew.html?cid=14&yearno=2025&ty=%E6%99%AE%E9%80%9A%E7%B1%BB&topchoose=%E5%8E%86%E5%8F%B2&pici=%E6%9C%AC%E7%A7%91%E6%89%B9%E6%AC%A1,data/jiangsu/raw/plan_sources/2025/西安交通大学_jszs_历史_14_617179d638.html,1
2025,历史类,5101,郑州大学,5101-01,01,首选历史，再选不限,,工商管理类,2,4400,四,https://gaoxiao.jszs.com/College/plannew.html?cid=44&yearno=2025&ty=%E6%99%AE%E9%80%9A%E7%B1%BB&topchoose=%E5%8E%86%E5%8F%B2&pici=%E6%9C%AC%E7%A7%91%E6%89%B9%E6%AC%A1,data/jiangsu/raw/plan_sources/2025/郑州大学_jszs_历史_44_eaa6a921b0.html,1
2025,历史类,5101,郑州大学,5101-01,01,首选历史，再选不限,,法学,3,4400,四,https://gaoxiao.jszs.com/College/plannew.html?cid=44&yearno=2025&ty=%E6%99%AE%E9%80%9A%E7%B1%BB&topchoose=%E5%8E%86%E5%8F%B2&pici=%E6%9C%AC%E7%A7%91%E6%89%B9%E6%AC%A1,data/jiangsu/raw/plan_sources/2025/郑州大学_jszs_历史_44_eaa6a921b0.html,1
2025,历史类,5101,郑州大学,5101-01,01,首选历史，再选不限,,中国语言文学类,4,4400,四,https://gaoxiao.jszs.com/College/plannew.html?cid=44&yearno=2025&ty=%E6%99%AE%E9%80%9A%E7%B1%BB&topchoose=%E5%8E%86%E5%8F%B2&pici=%E6%9C%AC%E7%A7%91%E6%89%B9%E6%AC%A1,data/jiangsu/raw/plan_sources/2025/郑州大学_jszs_历史_44_eaa6a921b0.html,1
2025,历史类,5101,郑州大学,5101-01,01,首选历史，再选不限,,英语,2,4400,四,https://gaoxiao.jszs.com/College/plannew.html?cid=44&yearno=2025&ty=%E6%99%AE%E9%80%9A%E7%B1%BB&topchoose=%E5%8E%86%E5%8F%B2&pici=%E6%9C%AC%E7%A7%91%E6%89%B9%E6%AC%A1,data/jiangsu/raw/plan_sources/2025/郑州大学_jszs_历史_44_eaa6a921b0.html,1
2025,历史类,6201,重庆大学,6201-02,02,首选历史，再选不限,,汉语言文学,2,4500,四,https://gaoxiao.jszs.com/College/plannew.html?cid=30&yearno=2025&ty=%E6%99%AE%E9%80%9A%E7%B1%BB&topchoose=%E5%8E%86%E5%8F%B2&pici=%E6%9C%AC%E7%A7%91%E6%89%B9%E6%AC%A1,data/jiangsu/raw/plan_sources/2025/重庆大学_jszs_历史_30_dc7fb6c87b.html,1
2025,历史类,6201,重庆大学,6201-02,02,首选历史，再选不限,,人文科学试验班,6,5625,四,https://gaoxiao.jszs.com/College/plannew.html?cid=30&yearno=2025&ty=%E6%99%AE%E9%80%9A%E7%B1%BB&topchoose=%E5%8E%86%E5%8F%B2&pici=%E6%9C%AC%E7%A7%91%E6%89%B9%E6%AC%A1,data/jiangsu/raw/plan_sources/2025/重庆大学_jszs_历史_30_dc7fb6c87b.html,1
