year,subject_category,school_code,school_name,special_group,sg_name,sg_info,major_code,major_name,plan_count,tuition,duration,source_url,source_file,matched_official_group
2024,综合,33,大连海事大学,149622,01,物理、化学(2科必选),0809,计算机类,4,5200,四年,https://static-data.gaokao.cn/www/2.0/schoolspecialplan/33/2024/31.json?a=www.gaokao.cn,data/shanghai/raw/plan_api/static/2024/33.json,1
2024,综合,33,大连海事大学,149622,01,物理、化学(2科必选),0808,自动化类,3,5200,四年,https://static-data.gaokao.cn/www/2.0/schoolspecialplan/33/2024/31.json?a=www.gaokao.cn,data/shanghai/raw/plan_api/static/2024/33.json,1
2024,综合,33,大连海事大学,149622,01,物理、化学(2科必选),0807,电子信息类,3,5980,四年,https://static-data.gaokao.cn/www/2.0/schoolspecialplan/33/2024/31.json?a=www.gaokao.cn,data/shanghai/raw/plan_api/static/2024/33.json,1
2024,综合,33,大连海事大学,149622,01,物理、化学(2科必选),0818,交通运输类,3,5980,四年,https://static-data.gaokao.cn/www/2.0/schoolspecialplan/33/2024/31.json?a=www.gaokao.cn,data/shanghai/raw/plan_api/static/2024/33.json,1
2024,综合,33,大连海事大学,149622,01,物理、化学(2科必选),0802,机械类,3,5200,四年,https://static-data.gaokao.cn/www/2.0/schoolspecialplan/33/2024/31.json?a=www.gaokao.cn,data/shanghai/raw/plan_api/static/2024/33.json,1
2024,综合,33,大连海事大学,149622,01,物理、化学(2科必选),0701,数学类,3,5200,四年,https://static-data.gaokao.cn/www/2.0/schoolspecialplan/33/2024/31.json?a=www.gaokao.cn,data/shanghai/raw/plan_api/static/2024/33.json,1
2024,综合,33,大连海事大学,149622,01,物理、化学(2科必选),0825,环境科学与工程类,2,5200,四年,https://static-data.gaokao.cn/www/2.0/schoolspecialplan/33/2024/31.json?a=www.gaokao.cn,data/shanghai/raw/plan_api/static/2024/33.json,1
2024,综合,33,大连海事大学,149074,02,不限,030101K,法学,4,5520,四年,https://static-data.gaokao.cn/www/2.0/schoolspecialplan/33/2024/31.json?a=www.gaokao.cn,data/shanghai/raw/plan_api/static/2024/33.json,1
2024,综合,33,大连海事大学,149074,02,不限,120408T,海事管理,3,5200,四年,https://static-data.gaokao.cn/www/2.0/schoolspecialplan/33/2024/31.json?a=www.gaokao.cn,data/shanghai/raw/plan_api/static/2024/33.json,1
2024,综合,33,大连海事大学,149074,02,不限,120407T,交通管理,3,5980,四年,https://static-data.gaokao.cn/www/2.0/schoolspecialplan/33/2024/31.json?a=www.gaokao.cn,data/shanghai/raw/plan_api/static/2024/33.json,1
2024,综合,33,大连海事大学,149074,02,不限,0201,经济学类,3,5200,四年,https://static-data.gaokao.cn/www/2.0/schoolspecialplan/33/2024/31.json?a=www.gaokao.cn,data/shanghai/raw/plan_api/static/2024/33.json,1
2024,综合,33,大连海事大学,148721,03,物理、化学(2科必选),080701,电子信息工程,2,80000,四年,https://static-data.gaokao.cn/www/2.0/schoolspecialplan/33/2024/31.json?a=www.gaokao.cn,data/shanghai/raw/plan_api/static/2024/33.json,1
2024,综合,33,大连海事大学,148721,03,物理、化学(2科必选),080202,机械设计制造及其自动化,2,80000,四年,https://static-data.gaokao.cn/www/2.0/schoolspecialplan/33/2024/31.json?a=www.gaokao.cn,data/shanghai/raw/plan_api/static/2024/33.json,1
2024,综合,33,大连海事大学,148721,03,物理、化学(2科必选),081001,土木工程,2,80000,四年,https://static-data.gaokao.cn/www/2.0/schoolspecialplan/33/2024/31.json?a=www.gaokao.cn,data/shanghai/raw/plan_api/static/2024/33.json,1
2024,综合,33,大连海事大学,148547,04,不限,030101K,法学,2,65000,四年,https://static-data.gaokao.cn/www/2.0/schoolspecialplan/33/2024/31.json?a=www.gaokao.cn,data/shanghai/raw/plan_api/static/2024/33.json,1
2024,综合,34,哈尔滨工业大学,149576,01,物理、化学(2科必选),98360,工科试验班,1,5500,四年,https://static-data.gaokao.cn/www/2.0/schoolspecialplan/34/2024/31.json?a=www.gaokao.cn,data/shanghai/raw/plan_api/static/2024/34.json,1
2024,综合,34,哈尔滨工业大学,148708,03,物理必选,120108T,大数据管理与应用,8,78000,四年,https://static-data.gaokao.cn/www/2.0/schoolspecialplan/34/2024/31.json?a=www.gaokao.cn,data/shanghai/raw/plan_api/static/2024/34.json,1
2024,综合,34,哈尔滨工业大学,149044,02,物理、化学(2科必选),070202,应用物理学,2,68000,四年,https://static-data.gaokao.cn/www/2.0/schoolspecialplan/34/2024/31.json?a=www.gaokao.cn,data/shanghai/raw/plan_api/static/2024/34.json,1
2024,综合,35,云南大学,149239,01,物理、化学(2科必选),071002,生物技术,2,4500,四年,https://static-data.gaokao.cn/www/2.0/schoolspecialplan/35/2024/31.json?a=www.gaokao.cn,data/shanghai/raw/plan_api/static/2024/35.json,1
2024,综合,35,云南大学,149239,01,物理、化学(2科必选),0703,化学类,2,4500,四年,https://static-data.gaokao.cn/www/2.0/schoolspecialplan/35/2024/31.json?a=www.gaokao.cn,data/shanghai/raw/plan_api/static/2024/35.json,1
2024,综合,35,云南大学,149239,01,物理、化学(2科必选),071004,生态学,1,4500,四年,https://static-data.gaokao.cn/www/2.0/schoolspecialplan/35/2024/31.json?a=www.gaokao.cn,data/shanghai/raw/plan_api/static/2024/35.json,1
2024,综合,35,云南大学,149239,01,物理、化学(2科必选),0710,生物科学类,1,4500,四年,https://static-data.gaokao.cn/www/2.0/schoolspecialplan/35/2024/31.json?a=www.gaokao.cn,data/shanghai/raw/plan_api/static/2024/35.json,1
2024,综合,35,云南大学,148820,02,物、化、生(3科必选),0809,计算机类,4,4500,四年,https://static-data.gaokao.cn/www/2.0/schoolspecialplan/35/2024/31.json?a=www.gaokao.cn,data/shanghai/raw/plan_api/static/2024/35.json,1
2024,综合,35,云南大学,148601,03,思想政治必选,030101K,法学,3,4000,四年,https://static-data.gaokao.cn/www/2.0/schoolspecialplan/35/2024/31.json?a=www.gaokao.cn,data/shanghai/raw/plan_api/static/2024/35.json,1
2024,综合,35,云南大学,148820,02,物、化、生(3科必选),080910T,数据科学与大数据技术,2,4500,四年,https://static-data.gaokao.cn/www/2.0/schoolspecialplan/35/2024/31.json?a=www.gaokao.cn,data/shanghai/raw/plan_api/static/2024/35.json,1
2024,综合,35,云南大学,148820,02,物、化、生(3科必选),0807,电子信息类,2,4500,四年,https://static-data.gaokao.cn/www/2.0/schoolspecialplan/35/2024/31.json?a=www.gaokao.cn,data/shanghai/raw/plan_api/static/2024/35.json,1
2024,综合,35,云南大学,148820,02,物、化、生(3科必选),080705,光电信息科学与工程,1,4500,四年,https://static-data.gaokao.cn/www/2.0/schoolspecialplan/35/2024/31.json?a=www.gaokao.cn,data/shanghai/raw/plan_api/static/2024/35.json,1
2024,综合,35,云南大学,148511,04,历史、思想政治(2科必选),030201,思想政治学与行政学,1,4000,四年,https://static-data.gaokao.cn/www/2.0/schoolspecialplan/35/2024/31.json?a=www.gaokao.cn,data/shanghai/raw/plan_api/static/2024/35.json,1
2024,综合,35,云南大学,148601,03,思想政治必选,030504T,马克思主义理论,1,4000,四年,https://static-data.gaokao.cn/www/2.0/schoolspecialplan/35/2024/31.json?a=www.gaokao.cn,data/shanghai/raw/plan_api/static/2024/35.json,1
2024,综合,36,长安大学,149232,01,物理、化学(2科必选),080601,电气工程及其自动化,2,6600,四年,https://static-data.gaokao.cn/www/2.0/schoolspecialplan/36/2024/31.json?a=www.gaokao.cn,data/shanghai/raw/plan_api/static/2024/36.json,1
2024,综合,36,长安大学,149232,01,物理、化学(2科必选),0809,计算机类,2,6600,四年,https://static-data.gaokao.cn/www/2.0/schoolspecialplan/36/2024/31.json?a=www.gaokao.cn,data/shanghai/raw/plan_api/static/2024/36.json,1
2024,综合,36,长安大学,149232,01,物理、化学(2科必选),080501,能源与动力工程,1,6600,四年,https://static-data.gaokao.cn/www/2.0/schoolspecialplan/36/2024/31.json?a=www.gaokao.cn,data/shanghai/raw/plan_api/static/2024/36.json,1
2024,综合,36,长安大学,149232,01,物理、化学(2科必选),081006T,道路桥梁与渡河工程,1,6600,四年,https://static-data.gaokao.cn/www/2.0/schoolspecialplan/36/2024/31.json?a=www.gaokao.cn,data/shanghai/raw/plan_api/static/2024/36.json,1
2024,综合,36,长安大学,149232,01,物理、化学(2科必选),080214T,智能车辆工程,1,6600,四年,https://static-data.gaokao.cn/www/2.0/schoolspecialplan/36/2024/31.json?a=www.gaokao.cn,data/shanghai/raw/plan_api/static/2024/36.json,1
2024,综合,36,长安大学,148598,03,不限,0503,新闻传播学类,2,5500,四年,https://static-data.gaokao.cn/www/2.0/schoolspecialplan/36/2024/31.json?a=www.gaokao.cn,data/shanghai/raw/plan_api/static/2024/36.json,1
2024,综合,36,长安大学,148598,03,不限,1202,工商管理类,2,5500,四年,https://static-data.gaokao.cn/www/2.0/schoolspecialplan/36/2024/31.json?a=www.gaokao.cn,data/shanghai/raw/plan_api/static/2024/36.json,1
2024,综合,36,长安大学,148815,02,物理必选,0201,经济学类,1,5500,四年,https://static-data.gaokao.cn/www/2.0/schoolspecialplan/36/2024/31.json?a=www.gaokao.cn,data/shanghai/raw/plan_api/static/2024/36.json,1
2024,综合,37,西北大学,149228,01,历史必选,060103,考古学,1,4250,四年,https://static-data.gaokao.cn/www/2.0/schoolspecialplan/37/2024/31.json?a=www.gaokao.cn,data/shanghai/raw/plan_api/static/2024/37.json,1
2024,综合,37,西北大学,149228,01,历史必选,0502,外国语言文学类,1,5500,四年,https://static-data.gaokao.cn/www/2.0/schoolspecialplan/37/2024/31.json?a=www.gaokao.cn,data/shanghai/raw/plan_api/static/2024/37.json,1
2024,综合,37,西北大学,148811,02,不限,020301K,金融学,2,5500,四年,https://static-data.gaokao.cn/www/2.0/schoolspecialplan/37/2024/31.json?a=www.gaokao.cn,data/shanghai/raw/plan_api/static/2024/37.json,1
2024,综合,38,北京交通大学,149719,01,物理、化学(2科必选),93693,理科试验班类,1,5500,四年,https://static-data.gaokao.cn/www/2.0/schoolspecialplan/38/2024/31.json?a=www.gaokao.cn,data/shanghai/raw/plan_api/static/2024/38.json,1
2024,综合,38,北京交通大学,149391,01,不限,120201K,工商管理,2,80000,四年,https://static-data.gaokao.cn/www/2.0/schoolspecialplan/38/2024/31.json?a=www.gaokao.cn,data/shanghai/raw/plan_api/static/2024/38.json,1
2024,综合,38,北京交通大学,148460,06,物理、化学(2科必选),080413T,纳米材料与技术,2,60000,四年,https://static-data.gaokao.cn/www/2.0/schoolspecialplan/38/2024/31.json?a=www.gaokao.cn,data/shanghai/raw/plan_api/static/2024/38.json,1
2024,综合,38,北京交通大学,148490,05,物理、化学(2科必选),080204,机械电子工程,2,60000,四年,https://static-data.gaokao.cn/www/2.0/schoolspecialplan/38/2024/31.json?a=www.gaokao.cn,data/shanghai/raw/plan_api/static/2024/38.json,1
2024,综合,38,北京交通大学,149142,02,物理、化学(2科必选),080902,软件工程,1,5500,四年,https://static-data.gaokao.cn/www/2.0/schoolspecialplan/38/2024/31.json?a=www.gaokao.cn,data/shanghai/raw/plan_api/static/2024/38.json,1
2024,综合,38,北京交通大学,148561,04,不限,0502,外国语言文学类,1,5500,四年,https://static-data.gaokao.cn/www/2.0/schoolspecialplan/38/2024/31.json?a=www.gaokao.cn,data/shanghai/raw/plan_api/static/2024/38.json,1
2024,综合,38,北京交通大学,148561,04,不限,0503,新闻传播学类,1,5000,四年,https://static-data.gaokao.cn/www/2.0/schoolspecialplan/38/2024/31.json?a=www.gaokao.cn,data/shanghai/raw/plan_api/static/2024/38.json,1
2024,综合,38,北京交通大学,148750,03,物理必选,93687,经济管理试验班,1,5000,四年,https://static-data.gaokao.cn/www/2.0/schoolspecialplan/38/2024/31.json?a=www.gaokao.cn,data/shanghai/raw/plan_api/static/2024/38.json,1
2024,综合,38,北京交通大学,149142,02,物理、化学(2科必选),0807,电子信息类,1,5500,四年,https://static-data.gaokao.cn/www/2.0/schoolspecialplan/38/2024/31.json?a=www.gaokao.cn,data/shanghai/raw/plan_api/static/2024/38.json,1
2024,综合,38,北京交通大学,149142,02,物理、化学(2科必选),0809,计算机类,1,5500,四年,https://static-data.gaokao.cn/www/2.0/schoolspecialplan/38/2024/31.json?a=www.gaokao.cn,data/shanghai/raw/plan_api/static/2024/38.json,1
2024,综合,38,北京交通大学,149142,02,物理、化学(2科必选),0818,交通运输类,1,5500,四年,https://static-data.gaokao.cn/www/2.0/schoolspecialplan/38/2024/31.json?a=www.gaokao.cn,data/shanghai/raw/plan_api/static/2024/38.json,1
2024,综合,38,北京交通大学,148561,04,不限,709767,文科试验班类,1,5000,四年,https://static-data.gaokao.cn/www/2.0/schoolspecialplan/38/2024/31.json?a=www.gaokao.cn,data/shanghai/raw/plan_api/static/2024/38.json,1
2024,综合,38,北京交通大学,149142,02,物理、化学(2科必选),0808,自动化类,1,5500,四年,https://static-data.gaokao.cn/www/2.0/schoolspecialplan/38/2024/31.json?a=www.gaokao.cn,data/shanghai/raw/plan_api/static/2024/38.json,1
2024,综合,38,北京交通大学,149142,02,物理、化学(2科必选),983606,理科试验班,1,5500,四年,https://static-data.gaokao.cn/www/2.0/schoolspecialplan/38/2024/31.json?a=www.gaokao.cn,data/shanghai/raw/plan_api/static/2024/38.json,1
2024,综合,41,河北工业大学,149661,01,物理、化学(2科必选),080202,机械设计制造及其自动化,2,5800,四年,https://static-data.gaokao.cn/www/2.0/schoolspecialplan/41/2024/31.json?a=www.gaokao.cn,data/shanghai/raw/plan_api/static/2024/41.json,1
2024,综合,41,河北工业大学,149661,01,物理、化学(2科必选),080902,软件工程,2,5800,四年,https://static-data.gaokao.cn/www/2.0/schoolspecialplan/41/2024/31.json?a=www.gaokao.cn,data/shanghai/raw/plan_api/static/2024/41.json,1
2024,综合,41,河北工业大学,149661,01,物理、化学(2科必选),081008T,智能建造,2,5800,四年,https://static-data.gaokao.cn/www/2.0/schoolspecialplan/41/2024/31.json?a=www.gaokao.cn,data/shanghai/raw/plan_api/static/2024/41.json,1
2024,综合,41,河北工业大学,149104,02,物理、化学(2科必选),080402,材料物理,2,70000,四年,https://static-data.gaokao.cn/www/2.0/schoolspecialplan/41/2024/31.json?a=www.gaokao.cn,data/shanghai/raw/plan_api/static/2024/41.json,1
2024,综合,42,武汉大学,149367,01,物理、化学(2科必选),97326,理科试验班,2,4500,四年,https://static-data.gaokao.cn/www/2.0/schoolspecialplan/42/2024/31.json?a=www.gaokao.cn,data/shanghai/raw/plan_api/static/2024/42.json,1
2024,综合,42,武汉大学,149367,01,物理、化学(2科必选),0807,电子信息类,3,5850,四年,https://static-data.gaokao.cn/www/2.0/schoolspecialplan/42/2024/31.json?a=www.gaokao.cn,data/shanghai/raw/plan_api/static/2024/42.json,1
2024,综合,42,武汉大学,149367,01,物理、化学(2科必选),0809,计算机类,3,5850,四年,https://static-data.gaokao.cn/www/2.0/schoolspecialplan/42/2024/31.json?a=www.gaokao.cn,data/shanghai/raw/plan_api/static/2024/42.json,1
2024,综合,42,武汉大学,149367,01,物理、化学(2科必选),97324,工科试验班,3,4500,四年,https://static-data.gaokao.cn/www/2.0/schoolspecialplan/42/2024/31.json?a=www.gaokao.cn,data/shanghai/raw/plan_api/static/2024/42.json,1
2024,综合,42,武汉大学,149367,01,物理、化学(2科必选),081202,遥感科学与技术,2,5850,四年,https://static-data.gaokao.cn/www/2.0/schoolspecialplan/42/2024/31.json?a=www.gaokao.cn,data/shanghai/raw/plan_api/static/2024/42.json,1
2024,综合,42,武汉大学,149367,01,物理、化学(2科必选),0701,数学类,2,4500,四年,https://static-data.gaokao.cn/www/2.0/schoolspecialplan/42/2024/31.json?a=www.gaokao.cn,data/shanghai/raw/plan_api/static/2024/42.json,1
2024,综合,42,武汉大学,149367,01,物理、化学(2科必选),0702,物理学类,2,4500,四年,https://static-data.gaokao.cn/www/2.0/schoolspecialplan/42/2024/31.json?a=www.gaokao.cn,data/shanghai/raw/plan_api/static/2024/42.json,1
2024,综合,42,武汉大学,149367,01,物理、化学(2科必选),0703,化学类,2,4500,四年,https://static-data.gaokao.cn/www/2.0/schoolspecialplan/42/2024/31.json?a=www.gaokao.cn,data/shanghai/raw/plan_api/static/2024/42.json,1
2024,综合,42,武汉大学,149367,01,物理、化学(2科必选),0710,生物科学类,2,4500,四年,https://static-data.gaokao.cn/www/2.0/schoolspecialplan/42/2024/31.json?a=www.gaokao.cn,data/shanghai/raw/plan_api/static/2024/42.json,1
2024,综合,42,武汉大学,149367,01,物理、化学(2科必选),071001,生物科学,2,4500,四年,https://static-data.gaokao.cn/www/2.0/schoolspecialplan/42/2024/31.json?a=www.gaokao.cn,data/shanghai/raw/plan_api/static/2024/42.json,1
2024,综合,42,武汉大学,149367,01,物理、化学(2科必选),080918TK,密码科学与技术,2,5850,四年,https://static-data.gaokao.cn/www/2.0/schoolspecialplan/42/2024/31.json?a=www.gaokao.cn,data/shanghai/raw/plan_api/static/2024/42.json,1
2024,综合,42,武汉大学,149367,01,物理、化学(2科必选),080901,计算机科学与技术,1,5850,四年,https://static-data.gaokao.cn/www/2.0/schoolspecialplan/42/2024/31.json?a=www.gaokao.cn,data/shanghai/raw/plan_api/static/2024/42.json,1
2024,综合,42,武汉大学,149367,01,物理、化学(2科必选),100201K,临床医学,1,5850,八年,https://static-data.gaokao.cn/www/2.0/schoolspecialplan/42/2024/31.json?a=www.gaokao.cn,data/shanghai/raw/plan_api/static/2024/42.json,1
2024,综合,42,武汉大学,149367,01,物理、化学(2科必选),100301K,口腔医学,1,5850,五年,https://static-data.gaokao.cn/www/2.0/schoolspecialplan/42/2024/31.json?a=www.gaokao.cn,data/shanghai/raw/plan_api/static/2024/42.json,1
2024,综合,42,武汉大学,148900,02,不限,0201,经济学类,5,5850,四年,https://static-data.gaokao.cn/www/2.0/schoolspecialplan/42/2024/31.json?a=www.gaokao.cn,data/shanghai/raw/plan_api/static/2024/42.json,1
2024,综合,42,武汉大学,148900,02,不限,612519,文科试验班类,5,4500,四年,https://static-data.gaokao.cn/www/2.0/schoolspecialplan/42/2024/31.json?a=www.gaokao.cn,data/shanghai/raw/plan_api/static/2024/42.json,1
2024,综合,42,武汉大学,148900,02,不限,030101K,法学,4,5850,四年,https://static-data.gaokao.cn/www/2.0/schoolspecialplan/42/2024/31.json?a=www.gaokao.cn,data/shanghai/raw/plan_api/static/2024/42.json,1
2024,综合,42,武汉大学,148900,02,不限,0101,哲学类,3,4500,四年,https://static-data.gaokao.cn/www/2.0/schoolspecialplan/42/2024/31.json?a=www.gaokao.cn,data/shanghai/raw/plan_api/static/2024/42.json,1
2024,综合,42,武汉大学,148900,02,不限,0203,金融学类,3,5850,四年,https://static-data.gaokao.cn/www/2.0/schoolspecialplan/42/2024/31.json?a=www.gaokao.cn,data/shanghai/raw/plan_api/static/2024/42.json,1
2024,综合,42,武汉大学,148900,02,不限,0503,新闻传播学类,2,5850,四年,https://static-data.gaokao.cn/www/2.0/schoolspecialplan/42/2024/31.json?a=www.gaokao.cn,data/shanghai/raw/plan_api/static/2024/42.json,1
2024,综合,42,武汉大学,148900,02,不限,1204,公共管理类,2,4500,四年,https://static-data.gaokao.cn/www/2.0/schoolspecialplan/42/2024/31.json?a=www.gaokao.cn,data/shanghai/raw/plan_api/static/2024/42.json,1
2024,综合,43,北京林业大学,149714,01,物理、化学(2科必选),0809,计算机类,2,5500,四年,https://static-data.gaokao.cn/www/2.0/schoolspecialplan/43/2024/31.json?a=www.gaokao.cn,data/shanghai/raw/plan_api/static/2024/43.json,1
2024,综合,43,北京林业大学,149714,01,物理、化学(2科必选),0905,林学类,1,2500,四年,https://static-data.gaokao.cn/www/2.0/schoolspecialplan/43/2024/31.json?a=www.gaokao.cn,data/shanghai/raw/plan_api/static/2024/43.json,1
2024,综合,43,北京林业大学,149714,01,物理、化学(2科必选),090102,园艺,2,5000,四年,https://static-data.gaokao.cn/www/2.0/schoolspecialplan/43/2024/31.json?a=www.gaokao.cn,data/shanghai/raw/plan_api/static/2024/43.json,1
2024,综合,43,北京林业大学,149714,01,物理、化学(2科必选),080714T,电子信息科学与技术,1,5500,四年,https://static-data.gaokao.cn/www/2.0/schoolspecialplan/43/2024/31.json?a=www.gaokao.cn,data/shanghai/raw/plan_api/static/2024/43.json,1
2024,综合,43,北京林业大学,149714,01,物理、化学(2科必选),071201,统计学,1,5000,四年,https://static-data.gaokao.cn/www/2.0/schoolspecialplan/43/2024/31.json?a=www.gaokao.cn,data/shanghai/raw/plan_api/static/2024/43.json,1
2024,综合,43,北京林业大学,149714,01,物理、化学(2科必选),080601,电气工程及其自动化,1,5500,四年,https://static-data.gaokao.cn/www/2.0/schoolspecialplan/43/2024/31.json?a=www.gaokao.cn,data/shanghai/raw/plan_api/static/2024/43.json,1
2024,综合,43,北京林业大学,149714,01,物理、化学(2科必选),071002,生物技术,1,5500,四年,https://static-data.gaokao.cn/www/2.0/schoolspecialplan/43/2024/31.json?a=www.gaokao.cn,data/shanghai/raw/plan_api/static/2024/43.json,1
2024,综合,43,北京林业大学,148560,04,物理、化学(2科必选),082402,木材科学与工程,2,,五年,https://static-data.gaokao.cn/www/2.0/schoolspecialplan/43/2024/31.json?a=www.gaokao.cn,data/shanghai/raw/plan_api/static/2024/43.json,1
2024,综合,43,北京林业大学,149138,02,生物必选,090502,园林,2,5000,四年,https://static-data.gaokao.cn/www/2.0/schoolspecialplan/43/2024/31.json?a=www.gaokao.cn,data/shanghai/raw/plan_api/static/2024/43.json,1
2024,综合,43,北京林业大学,148748,03,不限,071102,应用心理学,2,5500,四年,https://static-data.gaokao.cn/www/2.0/schoolspecialplan/43/2024/31.json?a=www.gaokao.cn,data/shanghai/raw/plan_api/static/2024/43.json,1
2024,综合,43,北京林业大学,148748,03,不限,1202,工商管理类,2,5000,四年,https://static-data.gaokao.cn/www/2.0/schoolspecialplan/43/2024/31.json?a=www.gaokao.cn,data/shanghai/raw/plan_api/static/2024/43.json,1
2024,综合,43,北京林业大学,148748,03,不限,050201,英语,2,6000,四年,https://static-data.gaokao.cn/www/2.0/schoolspecialplan/43/2024/31.json?a=www.gaokao.cn,data/shanghai/raw/plan_api/static/2024/43.json,1
2024,综合,43,北京林业大学,148748,03,不限,082803,风景园林,2,5500,四年,https://static-data.gaokao.cn/www/2.0/schoolspecialplan/43/2024/31.json?a=www.gaokao.cn,data/shanghai/raw/plan_api/static/2024/43.json,1
2024,综合,43,北京林业大学,148560,04,物理、化学(2科必选),071002,生物技术,2,,五年,https://static-data.gaokao.cn/www/2.0/schoolspecialplan/43/2024/31.json?a=www.gaokao.cn,data/shanghai/raw/plan_api/static/2024/43.json,1
2024,综合,43,北京林业大学,148748,03,不限,020401,国际经济与贸易,1,5000,四年,https://static-data.gaokao.cn/www/2.0/schoolspecialplan/43/2024/31.json?a=www.gaokao.cn,data/shanghai/raw/plan_api/static/2024/43.json,1
2024,综合,44,湖南大学,149342,01,物理、化学(2科必选),080801,自动化,2,6500,四年,https://static-data.gaokao.cn/www/2.0/schoolspecialplan/44/2024/31.json?a=www.gaokao.cn,data/shanghai/raw/plan_api/static/2024/44.json,1
2024,综合,44,湖南大学,149342,01,物理、化学(2科必选),080102,工程力学,2,6500,四年,https://static-data.gaokao.cn/www/2.0/schoolspecialplan/44/2024/31.json?a=www.gaokao.cn,data/shanghai/raw/plan_api/static/2024/44.json,1
2024,综合,44,湖南大学,149342,01,物理、化学(2科必选),080213T,智能制造工程,2,6500,四年,https://static-data.gaokao.cn/www/2.0/schoolspecialplan/44/2024/31.json?a=www.gaokao.cn,data/shanghai/raw/plan_api/static/2024/44.json,1
2024,综合,44,湖南大学,149342,01,物理、化学(2科必选),080717T,人工智能,2,6500,四年,https://static-data.gaokao.cn/www/2.0/schoolspecialplan/44/2024/31.json?a=www.gaokao.cn,data/shanghai/raw/plan_api/static/2024/44.json,1
2024,综合,44,湖南大学,149342,01,物理、化学(2科必选),080704,微电子科学与工程,2,6500,四年,https://static-data.gaokao.cn/www/2.0/schoolspecialplan/44/2024/31.json?a=www.gaokao.cn,data/shanghai/raw/plan_api/static/2024/44.json,1
2024,综合,44,湖南大学,149342,01,物理、化学(2科必选),080205,工业设计,1,6500,四年,https://static-data.gaokao.cn/www/2.0/schoolspecialplan/44/2024/31.json?a=www.gaokao.cn,data/shanghai/raw/plan_api/static/2024/44.json,1
2024,综合,44,湖南大学,149342,01,物理、化学(2科必选),081008T,智能建造,1,6500,四年,https://static-data.gaokao.cn/www/2.0/schoolspecialplan/44/2024/31.json?a=www.gaokao.cn,data/shanghai/raw/plan_api/static/2024/44.json,1
2024,综合,44,湖南大学,148522,04,不限,0201,经济学类,5,5500,四年,https://static-data.gaokao.cn/www/2.0/schoolspecialplan/44/2024/31.json?a=www.gaokao.cn,data/shanghai/raw/plan_api/static/2024/44.json,1
2024,综合,44,湖南大学,148522,04,不限,020401,国际经济与贸易,3,5500,四年,https://static-data.gaokao.cn/www/2.0/schoolspecialplan/44/2024/31.json?a=www.gaokao.cn,data/shanghai/raw/plan_api/static/2024/44.json,1
2024,综合,44,湖南大学,148636,03,历史必选,050101,汉语言文学,2,5300,四年,https://static-data.gaokao.cn/www/2.0/schoolspecialplan/44/2024/31.json?a=www.gaokao.cn,data/shanghai/raw/plan_api/static/2024/44.json,1
2024,综合,44,湖南大学,148522,04,不限,120203K,会计学,2,5500,四年,https://static-data.gaokao.cn/www/2.0/schoolspecialplan/44/2024/31.json?a=www.gaokao.cn,data/shanghai/raw/plan_api/static/2024/44.json,1
2024,综合,44,湖南大学,148636,03,历史必选,060101,历史学,2,5300,四年,https://static-data.gaokao.cn/www/2.0/schoolspecialplan/44/2024/31.json?a=www.gaokao.cn,data/shanghai/raw/plan_api/static/2024/44.json,1
2024,综合,44,湖南大学,148522,04,不限,020301K,金融学,1,5500,四年,https://static-data.gaokao.cn/www/2.0/schoolspecialplan/44/2024/31.json?a=www.gaokao.cn,data/shanghai/raw/plan_api/static/2024/44.json,1
2024,综合,44,湖南大学,148522,04,不限,010101,哲学,1,5300,四年,https://static-data.gaokao.cn/www/2.0/schoolspecialplan/44/2024/31.json?a=www.gaokao.cn,data/shanghai/raw/plan_api/static/2024/44.json,1
2024,综合,44,湖南大学,148885,02,物理必选,020310T,金融科技,1,5500,四年,https://static-data.gaokao.cn/www/2.0/schoolspecialplan/44/2024/31.json?a=www.gaokao.cn,data/shanghai/raw/plan_api/static/2024/44.json,1
2024,综合,45,中央民族大学,149721,01,历史必选,060101,历史学,2,5000,四年,https://static-data.gaokao.cn/www/2.0/schoolspecialplan/45/2024/31.json?a=www.gaokao.cn,data/shanghai/raw/plan_api/static/2024/45.json,1
2024,综合,45,中央民族大学,148751,03,物理、化学(2科必选),080910T,数据科学与大数据技术,4,70000,四年,https://static-data.gaokao.cn/www/2.0/schoolspecialplan/45/2024/31.json?a=www.gaokao.cn,data/shanghai/raw/plan_api/static/2024/45.json,1
2024,综合,45,中央民族大学,149144,02,不限,050101,汉语言文学,2,5000,四年,https://static-data.gaokao.cn/www/2.0/schoolspecialplan/45/2024/31.json?a=www.gaokao.cn,data/shanghai/raw/plan_api/static/2024/45.json,1
2024,综合,45,中央民族大学,149144,02,不限,050103,汉语国际教育,2,5000,四年,https://static-data.gaokao.cn/www/2.0/schoolspecialplan/45/2024/31.json?a=www.gaokao.cn,data/shanghai/raw/plan_api/static/2024/45.json,1
2024,综合,45,中央民族大学,149144,02,不限,050207,日语,2,6000,四年,https://static-data.gaokao.cn/www/2.0/schoolspecialplan/45/2024/31.json?a=www.gaokao.cn,data/shanghai/raw/plan_api/static/2024/45.json,1
2024,综合,45,中央民族大学,149144,02,不限,0201,经济学类,2,5000,四年,https://static-data.gaokao.cn/www/2.0/schoolspecialplan/45/2024/31.json?a=www.gaokao.cn,data/shanghai/raw/plan_api/static/2024/45.json,1
2024,综合,45,中央民族大学,149144,02,不限,0301,法学类,2,5000,四年,https://static-data.gaokao.cn/www/2.0/schoolspecialplan/45/2024/31.json?a=www.gaokao.cn,data/shanghai/raw/plan_api/static/2024/45.json,1
2024,综合,45,中央民族大学,149144,02,不限,1202,工商管理类,2,5000,四年,https://static-data.gaokao.cn/www/2.0/schoolspecialplan/45/2024/31.json?a=www.gaokao.cn,data/shanghai/raw/plan_api/static/2024/45.json,1
2024,综合,45,中央民族大学,149144,02,不限,0303,社会学类,2,5000,四年,https://static-data.gaokao.cn/www/2.0/schoolspecialplan/45/2024/31.json?a=www.gaokao.cn,data/shanghai/raw/plan_api/static/2024/45.json,1
2024,综合,48,北京邮电大学,149716,01,物理、化学(2科必选),080703,通信工程,5,5500,四年,https://static-data.gaokao.cn/www/2.0/schoolspecialplan/48/2024/31.json?a=www.gaokao.cn,data/shanghai/raw/plan_api/static/2024/48.json,1
2024,综合,48,北京邮电大学,149716,01,物理、化学(2科必选),0809,计算机类,4,5500,四年,https://static-data.gaokao.cn/www/2.0/schoolspecialplan/48/2024/31.json?a=www.gaokao.cn,data/shanghai/raw/plan_api/static/2024/48.json,1
2024,综合,48,北京邮电大学,149716,01,物理、化学(2科必选),97929,理科试验班,4,5500,四年,https://static-data.gaokao.cn/www/2.0/schoolspecialplan/48/2024/31.json?a=www.gaokao.cn,data/shanghai/raw/plan_api/static/2024/48.json,1
2024,综合,48,北京邮电大学,149716,01,物理、化学(2科必选),080717T,人工智能,4,5500,四年,https://static-data.gaokao.cn/www/2.0/schoolspecialplan/48/2024/31.json?a=www.gaokao.cn,data/shanghai/raw/plan_api/static/2024/48.json,1
2024,综合,48,北京邮电大学,149716,01,物理、化学(2科必选),080902,软件工程,3,5500,四年,https://static-data.gaokao.cn/www/2.0/schoolspecialplan/48/2024/31.json?a=www.gaokao.cn,data/shanghai/raw/plan_api/static/2024/48.json,1
2024,综合,48,北京邮电大学,149716,01,物理、化学(2科必选),0807,电子信息类,3,5500,四年,https://static-data.gaokao.cn/www/2.0/schoolspecialplan/48/2024/31.json?a=www.gaokao.cn,data/shanghai/raw/plan_api/static/2024/48.json,1
2024,综合,48,北京邮电大学,149716,01,物理、化学(2科必选),080906,数字媒体技术,2,5500,四年,https://static-data.gaokao.cn/www/2.0/schoolspecialplan/48/2024/31.json?a=www.gaokao.cn,data/shanghai/raw/plan_api/static/2024/48.json,1
2024,综合,48,北京邮电大学,149703,01,物理、化学(2科必选),070102,信息与计算科学,2,100000,四年,https://static-data.gaokao.cn/www/2.0/schoolspecialplan/48/2024/31.json?a=www.gaokao.cn,data/shanghai/raw/plan_api/static/2024/48.json,1
2024,综合,48,北京邮电大学,149131,02,物理、化学(2科必选),080715T,电信工程及管理,2,70000,四年,https://static-data.gaokao.cn/www/2.0/schoolspecialplan/48/2024/31.json?a=www.gaokao.cn,data/shanghai/raw/plan_api/static/2024/48.json,1
2024,综合,48,北京邮电大学,149139,02,物理、化学(2科必选),0807,电子信息类,2,5500,四年,https://static-data.gaokao.cn/www/2.0/schoolspecialplan/48/2024/31.json?a=www.gaokao.cn,data/shanghai/raw/plan_api/static/2024/48.json,1
2024,综合,48,北京邮电大学,149139,02,物理、化学(2科必选),0809,计算机类,2,5500,四年,https://static-data.gaokao.cn/www/2.0/schoolspecialplan/48/2024/31.json?a=www.gaokao.cn,data/shanghai/raw/plan_api/static/2024/48.json,1
2024,综合,48,北京邮电大学,149131,02,物理、化学(2科必选),080905,物联网工程,1,70000,四年,https://static-data.gaokao.cn/www/2.0/schoolspecialplan/48/2024/31.json?a=www.gaokao.cn,data/shanghai/raw/plan_api/static/2024/48.json,1
2024,综合,48,北京邮电大学,149703,01,物理、化学(2科必选),080906,数字媒体技术,1,100000,四年,https://static-data.gaokao.cn/www/2.0/schoolspecialplan/48/2024/31.json?a=www.gaokao.cn,data/shanghai/raw/plan_api/static/2024/48.json,1
2024,综合,49,北京中医药大学,149713,01,物理、化学(2科必选),100501K,中医学,1,5800,九年,https://static-data.gaokao.cn/www/2.0/schoolspecialplan/49/2024/31.json?a=www.gaokao.cn,data/shanghai/raw/plan_api/static/2024/49.json,1
2024,综合,49,北京中医药大学,149713,01,物理、化学(2科必选),100601K,中西医临床医学,1,5800,九年,https://static-data.gaokao.cn/www/2.0/schoolspecialplan/49/2024/31.json?a=www.gaokao.cn,data/shanghai/raw/plan_api/static/2024/49.json,1
2024,综合,50,辽宁大学,149618,01,不限,020301K,金融学,8,50000,四年,https://static-data.gaokao.cn/www/2.0/schoolspecialplan/50/2024/31.json?a=www.gaokao.cn,data/shanghai/raw/plan_api/static/2024/50.json,1
2024,综合,50,辽宁大学,149071,02,不限,120205,国际商务,2,50000,四年,https://static-data.gaokao.cn/www/2.0/schoolspecialplan/50/2024/31.json?a=www.gaokao.cn,data/shanghai/raw/plan_api/static/2024/50.json,1
2024,综合,51,西南交通大学,149268,01,物理、化学(2科必选),0809,计算机类,2,6240,四年,https://static-data.gaokao.cn/www/2.0/schoolspecialplan/51/2024/31.json?a=www.gaokao.cn,data/shanghai/raw/plan_api/static/2024/51.json,1
2024,综合,51,西南交通大学,149268,01,物理、化学(2科必选),080701,电子信息工程,1,6240,四年,https://static-data.gaokao.cn/www/2.0/schoolspecialplan/51/2024/31.json?a=www.gaokao.cn,data/shanghai/raw/plan_api/static/2024/51.json,1
2024,综合,51,西南交通大学,148514,04,物理、化学(2科必选),080901,计算机科学与技术,2,100000,四年,https://static-data.gaokao.cn/www/2.0/schoolspecialplan/51/2024/31.json?a=www.gaokao.cn,data/shanghai/raw/plan_api/static/2024/51.json,1
2024,综合,51,西南交通大学,148514,04,物理、化学(2科必选),081001,土木工程,2,100000,四年,https://static-data.gaokao.cn/www/2.0/schoolspecialplan/51/2024/31.json?a=www.gaokao.cn,data/shanghai/raw/plan_api/static/2024/51.json,1
2024,综合,51,西南交通大学,148609,03,物理、化学(2科必选),082502,环境工程,2,65000,四年,https://static-data.gaokao.cn/www/2.0/schoolspecialplan/51/2024/31.json?a=www.gaokao.cn,data/shanghai/raw/plan_api/static/2024/51.json,1
2024,综合,51,西南交通大学,148514,04,物理、化学(2科必选),080202,机械设计制造及其自动化,2,100000,四年,https://static-data.gaokao.cn/www/2.0/schoolspecialplan/51/2024/31.json?a=www.gaokao.cn,data/shanghai/raw/plan_api/static/2024/51.json,1
2024,综合,51,西南交通大学,148514,04,物理、化学(2科必选),080701,电子信息工程,2,100000,四年,https://static-data.gaokao.cn/www/2.0/schoolspecialplan/51/2024/31.json?a=www.gaokao.cn,data/shanghai/raw/plan_api/static/2024/51.json,1
2024,综合,51,西南交通大学,148609,03,物理、化学(2科必选),082901,安全工程,2,65000,四年,https://static-data.gaokao.cn/www/2.0/schoolspecialplan/51/2024/31.json?a=www.gaokao.cn,data/shanghai/raw/plan_api/static/2024/51.json,1
2024,综合,51,西南交通大学,148514,04,物理、化学(2科必选),080401,材料科学与工程,1,100000,四年,https://static-data.gaokao.cn/www/2.0/schoolspecialplan/51/2024/31.json?a=www.gaokao.cn,data/shanghai/raw/plan_api/static/2024/51.json,1
2024,综合,51,西南交通大学,148834,02,物理、化学(2科必选),083001,生物工程,1,65000,四年,https://static-data.gaokao.cn/www/2.0/schoolspecialplan/51/2024/31.json?a=www.gaokao.cn,data/shanghai/raw/plan_api/static/2024/51.json,1
2024,综合,58,湖南师范大学,149335,01,物理、化学(2科必选),080902,软件工程,2,6500,四年,https://static-data.gaokao.cn/www/2.0/schoolspecialplan/58/2024/31.json?a=www.gaokao.cn,data/shanghai/raw/plan_api/static/2024/58.json,1
2024,综合,58,湖南师范大学,149335,01,物理、化学(2科必选),0710,生物科学类,2,4000,四年,https://static-data.gaokao.cn/www/2.0/schoolspecialplan/58/2024/31.json?a=www.gaokao.cn,data/shanghai/raw/plan_api/static/2024/58.json,1
2024,综合,58,湖南师范大学,148879,02,历史必选,060101,历史学,2,4000,四年,https://static-data.gaokao.cn/www/2.0/schoolspecialplan/58/2024/31.json?a=www.gaokao.cn,data/shanghai/raw/plan_api/static/2024/58.json,1
2024,综合,58,湖南师范大学,148633,03,不限,0502,外国语言文学类,2,4000,四年,https://static-data.gaokao.cn/www/2.0/schoolspecialplan/58/2024/31.json?a=www.gaokao.cn,data/shanghai/raw/plan_api/static/2024/58.json,1
2024,综合,59,南开大学,149676,01,物理、化学(2科必选),1376420,理科试验班,1,6200,四年,https://static-data.gaokao.cn/www/2.0/schoolspecialplan/59/2024/31.json?a=www.gaokao.cn,data/shanghai/raw/plan_api/static/2024/59.json,1
2024,综合,59,南开大学,149676,01,物理、化学(2科必选),1499992,工科试验班,1,5800,四年,https://static-data.gaokao.cn/www/2.0/schoolspecialplan/59/2024/31.json?a=www.gaokao.cn,data/shanghai/raw/plan_api/static/2024/59.json,1
2024,综合,59,南开大学,149118,02,不限,0203,金融学类,4,5200,四年,https://static-data.gaokao.cn/www/2.0/schoolspecialplan/59/2024/31.json?a=www.gaokao.cn,data/shanghai/raw/plan_api/static/2024/59.json,1
2024,综合,59,南开大学,149118,02,不限,0201,经济学类,2,5200,四年,https://static-data.gaokao.cn/www/2.0/schoolspecialplan/59/2024/31.json?a=www.gaokao.cn,data/shanghai/raw/plan_api/static/2024/59.json,1
2024,综合,59,南开大学,149118,02,不限,0501,中国语言文学类,2,5200,四年,https://static-data.gaokao.cn/www/2.0/schoolspecialplan/59/2024/31.json?a=www.gaokao.cn,data/shanghai/raw/plan_api/static/2024/59.json,1
2024,综合,59,南开大学,149118,02,不限,0101,哲学类,1,5200,四年,https://static-data.gaokao.cn/www/2.0/schoolspecialplan/59/2024/31.json?a=www.gaokao.cn,data/shanghai/raw/plan_api/static/2024/59.json,1
2024,综合,60,天津大学,149675,01,物理、化学(2科必选),97843,工科试验班,3,5800,四年,https://static-data.gaokao.cn/www/2.0/schoolspecialplan/60/2024/31.json?a=www.gaokao.cn,data/shanghai/raw/plan_api/static/2024/60.json,1
2024,综合,60,天津大学,149675,01,物理、化学(2科必选),070304T,分子科学与工程,4,5800,四年,https://static-data.gaokao.cn/www/2.0/schoolspecialplan/60/2024/31.json?a=www.gaokao.cn,data/shanghai/raw/plan_api/static/2024/60.json,1
2024,综合,60,天津大学,149117,02,不限,0828,建筑类,4,5800,五年,https://static-data.gaokao.cn/www/2.0/schoolspecialplan/60/2024/31.json?a=www.gaokao.cn,data/shanghai/raw/plan_api/static/2024/60.json,1
2024,综合,61,中国海洋大学,149421,01,物理、化学(2科必选),100701,药学,3,7920,四年,https://static-data.gaokao.cn/www/2.0/schoolspecialplan/61/2024/31.json?a=www.gaokao.cn,data/shanghai/raw/plan_api/static/2024/61.json,1
2024,综合,61,中国海洋大学,149421,01,物理、化学(2科必选),070701,海洋科学,2,6600,四年,https://static-data.gaokao.cn/www/2.0/schoolspecialplan/61/2024/31.json?a=www.gaokao.cn,data/shanghai/raw/plan_api/static/2024/61.json,1
2024,综合,61,中国海洋大学,149421,01,物理、化学(2科必选),0827,食品科学与工程类,2,6600,四年,https://static-data.gaokao.cn/www/2.0/schoolspecialplan/61/2024/31.json?a=www.gaokao.cn,data/shanghai/raw/plan_api/static/2024/61.json,1
2024,综合,61,中国海洋大学,149421,01,物理、化学(2科必选),0809,计算机类,2,6600,四年,https://static-data.gaokao.cn/www/2.0/schoolspecialplan/61/2024/31.json?a=www.gaokao.cn,data/shanghai/raw/plan_api/static/2024/61.json,1
2024,综合,61,中国海洋大学,149421,01,物理、化学(2科必选),0710,生物科学类,2,6600,四年,https://static-data.gaokao.cn/www/2.0/schoolspecialplan/61/2024/31.json?a=www.gaokao.cn,data/shanghai/raw/plan_api/static/2024/61.json,1
2024,综合,61,中国海洋大学,148653,03,物理、化学(2科必选),070101,数学与应用数学,2,60000,四年,https://static-data.gaokao.cn/www/2.0/schoolspecialplan/61/2024/31.json?a=www.gaokao.cn,data/shanghai/raw/plan_api/static/2024/61.json,1
2024,综合,61,中国海洋大学,148526,04,不限,030101K,法学,2,98000,四年,https://static-data.gaokao.cn/www/2.0/schoolspecialplan/61/2024/31.json?a=www.gaokao.cn,data/shanghai/raw/plan_api/static/2024/61.json,1
2024,综合,61,中国海洋大学,148931,02,不限,0503,新闻传播学类,2,5280,四年,https://static-data.gaokao.cn/www/2.0/schoolspecialplan/61/2024/31.json?a=www.gaokao.cn,data/shanghai/raw/plan_api/static/2024/61.json,1
2024,综合,61,中国海洋大学,148931,02,不限,020401,国际经济与贸易,2,6600,四年,https://static-data.gaokao.cn/www/2.0/schoolspecialplan/61/2024/31.json?a=www.gaokao.cn,data/shanghai/raw/plan_api/static/2024/61.json,1
2024,综合,62,郑州大学,149389,01,物理、化学(2科必选),0808,自动化类,4,5700,四年,https://static-data.gaokao.cn/www/2.0/schoolspecialplan/62/2024/31.json?a=www.gaokao.cn,data/shanghai/raw/plan_api/static/2024/62.json,1
2024,综合,62,郑州大学,149389,01,物理、化学(2科必选),0710,生物科学类,2,5000,四年,https://static-data.gaokao.cn/www/2.0/schoolspecialplan/62/2024/31.json?a=www.gaokao.cn,data/shanghai/raw/plan_api/static/2024/62.json,1
2024,综合,62,郑州大学,148647,03,不限,030101K,法学,2,4400,四年,https://static-data.gaokao.cn/www/2.0/schoolspecialplan/62/2024/31.json?a=www.gaokao.cn,data/shanghai/raw/plan_api/static/2024/62.json,1
2024,综合,62,郑州大学,148912,02,物理必选,0201,经济学类,2,4400,四年,https://static-data.gaokao.cn/www/2.0/schoolspecialplan/62/2024/31.json?a=www.gaokao.cn,data/shanghai/raw/plan_api/static/2024/62.json,1
2024,综合,62,郑州大学,148647,03,不限,0503,新闻传播学类,2,4400,四年,https://static-data.gaokao.cn/www/2.0/schoolspecialplan/62/2024/31.json?a=www.gaokao.cn,data/shanghai/raw/plan_api/static/2024/62.json,1
2024,综合,63,合肥工业大学,149487,01,物理、化学(2科必选),080704,微电子科学与工程,4,6050,四年,https://static-data.gaokao.cn/www/2.0/schoolspecialplan/63/2024/31.json?a=www.gaokao.cn,data/shanghai/raw/plan_api/static/2024/63.json,1
2024,综合,63,合肥工业大学,149487,01,物理、化学(2科必选),080601,电气工程及其自动化,4,5500,四年,https://static-data.gaokao.cn/www/2.0/schoolspecialplan/63/2024/31.json?a=www.gaokao.cn,data/shanghai/raw/plan_api/static/2024/63.json,1
2024,综合,63,合肥工业大学,149487,01,物理、化学(2科必选),080701,电子信息工程,4,6050,四年,https://static-data.gaokao.cn/www/2.0/schoolspecialplan/63/2024/31.json?a=www.gaokao.cn,data/shanghai/raw/plan_api/static/2024/63.json,1
2024,综合,63,合肥工业大学,149487,01,物理、化学(2科必选),070101,数学与应用数学,3,5500,四年,https://static-data.gaokao.cn/www/2.0/schoolspecialplan/63/2024/31.json?a=www.gaokao.cn,data/shanghai/raw/plan_api/static/2024/63.json,1
2024,综合,63,合肥工业大学,148976,02,物理必选,020302,金融工程,4,5500,四年,https://static-data.gaokao.cn/www/2.0/schoolspecialplan/63/2024/31.json?a=www.gaokao.cn,data/shanghai/raw/plan_api/static/2024/63.json,1
2024,综合,63,合肥工业大学,148976,02,物理必选,120201K,工商管理,4,5500,四年,https://static-data.gaokao.cn/www/2.0/schoolspecialplan/63/2024/31.json?a=www.gaokao.cn,data/shanghai/raw/plan_api/static/2024/63.json,1
2024,综合,63,合肥工业大学,148676,03,不限,020401,国际经济与贸易,4,50000,四年,https://static-data.gaokao.cn/www/2.0/schoolspecialplan/63/2024/31.json?a=www.gaokao.cn,data/shanghai/raw/plan_api/static/2024/63.json,1
2024,综合,67,安徽大学,149485,01,物理、化学(2科必选),080601,电气工程及其自动化,2,5400,四年,https://static-data.gaokao.cn/www/2.0/schoolspecialplan/67/2024/31.json?a=www.gaokao.cn,data/shanghai/raw/plan_api/static/2024/67.json,1
2024,综合,67,安徽大学,149485,01,物理、化学(2科必选),080701,电子信息工程,2,6480,四年,https://static-data.gaokao.cn/www/2.0/schoolspecialplan/67/2024/31.json?a=www.gaokao.cn,data/shanghai/raw/plan_api/static/2024/67.json,1
2024,综合,67,安徽大学,149485,01,物理、化学(2科必选),080910T,数据科学与大数据技术,2,5400,四年,https://static-data.gaokao.cn/www/2.0/schoolspecialplan/67/2024/31.json?a=www.gaokao.cn,data/shanghai/raw/plan_api/static/2024/67.json,1
2024,综合,67,安徽大学,148975,02,不限,020301K,金融学,3,5000,四年,https://static-data.gaokao.cn/www/2.0/schoolspecialplan/67/2024/31.json?a=www.gaokao.cn,data/shanghai/raw/plan_api/static/2024/67.json,1
2024,综合,67,安徽大学,148975,02,不限,0301,法学类,3,5500,四年,https://static-data.gaokao.cn/www/2.0/schoolspecialplan/67/2024/31.json?a=www.gaokao.cn,data/shanghai/raw/plan_api/static/2024/67.json,1
2024,综合,67,安徽大学,148975,02,不限,1202,工商管理类,2,5000,四年,https://static-data.gaokao.cn/www/2.0/schoolspecialplan/67/2024/31.json?a=www.gaokao.cn,data/shanghai/raw/plan_api/static/2024/67.json,1
2024,综合,68,安徽理工大学,149483,01,物理必选,120801,电子商务,4,4900,四年,https://static-data.gaokao.cn/www/2.0/schoolspecialplan/68/2024/31.json?a=www.gaokao.cn,data/shanghai/raw/plan_api/static/2024/68.json,1
2024,综合,68,安徽理工大学,148973,02,不限,050201,英语,4,4900,四年,https://static-data.gaokao.cn/www/2.0/schoolspecialplan/68/2024/31.json?a=www.gaokao.cn,data/shanghai/raw/plan_api/static/2024/68.json,1
2024,综合,68,安徽理工大学,148973,02,不限,120206,人力资源管理,4,4900,四年,https://static-data.gaokao.cn/www/2.0/schoolspecialplan/68/2024/31.json?a=www.gaokao.cn,data/shanghai/raw/plan_api/static/2024/68.json,1
2024,综合,68,安徽理工大学,148973,02,不限,020301K,金融学,4,4900,四年,https://static-data.gaokao.cn/www/2.0/schoolspecialplan/68/2024/31.json?a=www.gaokao.cn,data/shanghai/raw/plan_api/static/2024/68.json,1
2024,综合,68,安徽理工大学,148973,02,不限,050306T,网络与新媒体,4,4900,四年,https://static-data.gaokao.cn/www/2.0/schoolspecialplan/68/2024/31.json?a=www.gaokao.cn,data/shanghai/raw/plan_api/static/2024/68.json,1
2024,综合,68,安徽理工大学,148973,02,不限,120203K,会计学,4,4900,四年,https://static-data.gaokao.cn/www/2.0/schoolspecialplan/68/2024/31.json?a=www.gaokao.cn,data/shanghai/raw/plan_api/static/2024/68.json,1
2024,综合,69,安徽工业大学,149484,01,物理、化学(2科必选),080404,冶金工程,3,5720,四年,https://static-data.gaokao.cn/www/2.0/schoolspecialplan/69/2024/31.json?a=www.gaokao.cn,data/shanghai/raw/plan_api/static/2024/69.json,1
2024,综合,69,安徽工业大学,149484,01,物理、化学(2科必选),081301,化学工程与工艺,3,5720,四年,https://static-data.gaokao.cn/www/2.0/schoolspecialplan/69/2024/31.json?a=www.gaokao.cn,data/shanghai/raw/plan_api/static/2024/69.json,1
2024,综合,69,安徽工业大学,149484,01,物理、化学(2科必选),080902,软件工程,2,5720,四年,https://static-data.gaokao.cn/www/2.0/schoolspecialplan/69/2024/31.json?a=www.gaokao.cn,data/shanghai/raw/plan_api/static/2024/69.json,1
2024,综合,69,安徽工业大学,149484,01,物理、化学(2科必选),080401,材料科学与工程,2,5200,四年,https://static-data.gaokao.cn/www/2.0/schoolspecialplan/69/2024/31.json?a=www.gaokao.cn,data/shanghai/raw/plan_api/static/2024/69.json,1
2024,综合,69,安徽工业大学,149484,01,物理、化学(2科必选),081003,给排水科学与工程,2,5720,四年,https://static-data.gaokao.cn/www/2.0/schoolspecialplan/69/2024/31.json?a=www.gaokao.cn,data/shanghai/raw/plan_api/static/2024/69.json,1
2024,综合,69,安徽工业大学,149484,01,物理、化学(2科必选),080901,计算机科学与技术,2,5720,四年,https://static-data.gaokao.cn/www/2.0/schoolspecialplan/69/2024/31.json?a=www.gaokao.cn,data/shanghai/raw/plan_api/static/2024/69.json,1
2024,综合,69,安徽工业大学,149484,01,物理、化学(2科必选),080910T,数据科学与大数据技术,2,5200,四年,https://static-data.gaokao.cn/www/2.0/schoolspecialplan/69/2024/31.json?a=www.gaokao.cn,data/shanghai/raw/plan_api/static/2024/69.json,1
2024,综合,69,安徽工业大学,149484,01,物理、化学(2科必选),080717T,人工智能,2,5200,四年,https://static-data.gaokao.cn/www/2.0/schoolspecialplan/69/2024/31.json?a=www.gaokao.cn,data/shanghai/raw/plan_api/static/2024/69.json,1
2024,综合,69,安徽工业大学,149484,01,物理、化学(2科必选),081008T,智能建造,2,5200,四年,https://static-data.gaokao.cn/www/2.0/schoolspecialplan/69/2024/31.json?a=www.gaokao.cn,data/shanghai/raw/plan_api/static/2024/69.json,1
2024,综合,69,安徽工业大学,149484,01,物理、化学(2科必选),080216T,新能源汽车工程,2,5200,四年,https://static-data.gaokao.cn/www/2.0/schoolspecialplan/69/2024/31.json?a=www.gaokao.cn,data/shanghai/raw/plan_api/static/2024/69.json,1
2024,综合,69,安徽工业大学,149484,01,物理、化学(2科必选),081002,建筑环境与能源应用工程,1,5200,四年,https://static-data.gaokao.cn/www/2.0/schoolspecialplan/69/2024/31.json?a=www.gaokao.cn,data/shanghai/raw/plan_api/static/2024/69.json,1
2024,综合,69,安徽工业大学,148974,02,不限,050201,英语,5,4900,四年,https://static-data.gaokao.cn/www/2.0/schoolspecialplan/69/2024/31.json?a=www.gaokao.cn,data/shanghai/raw/plan_api/static/2024/69.json,1
2024,综合,69,安徽工业大学,148974,02,不限,020301K,金融学,3,4900,四年,https://static-data.gaokao.cn/www/2.0/schoolspecialplan/69/2024/31.json?a=www.gaokao.cn,data/shanghai/raw/plan_api/static/2024/69.json,1
2024,综合,69,安徽工业大学,148974,02,不限,020401,国际经济与贸易,3,4900,四年,https://static-data.gaokao.cn/www/2.0/schoolspecialplan/69/2024/31.json?a=www.gaokao.cn,data/shanghai/raw/plan_api/static/2024/69.json,1
2024,综合,69,安徽工业大学,148974,02,不限,020101,经济学,3,4900,四年,https://static-data.gaokao.cn/www/2.0/schoolspecialplan/69/2024/31.json?a=www.gaokao.cn,data/shanghai/raw/plan_api/static/2024/69.json,1
2024,综合,69,安徽工业大学,148974,02,不限,120203K,会计学,2,5390,四年,https://static-data.gaokao.cn/www/2.0/schoolspecialplan/69/2024/31.json?a=www.gaokao.cn,data/shanghai/raw/plan_api/static/2024/69.json,1
2024,综合,69,安徽工业大学,148974,02,不限,030101K,法学,1,4900,四年,https://static-data.gaokao.cn/www/2.0/schoolspecialplan/69/2024/31.json?a=www.gaokao.cn,data/shanghai/raw/plan_api/static/2024/69.json,1
2024,综合,70,安徽农业大学,149482,01,物理、化学(2科必选),090102,园艺,4,5980,四年,https://static-data.gaokao.cn/www/2.0/schoolspecialplan/70/2024/31.json?a=www.gaokao.cn,data/shanghai/raw/plan_api/static/2024/70.json,1
2024,综合,70,安徽农业大学,149482,01,物理、化学(2科必选),0710,生物科学类,4,5200,四年,https://static-data.gaokao.cn/www/2.0/schoolspecialplan/70/2024/31.json?a=www.gaokao.cn,data/shanghai/raw/plan_api/static/2024/70.json,1
2024,综合,70,安徽农业大学,149482,01,物理、化学(2科必选),090101,农学,3,5980,四年,https://static-data.gaokao.cn/www/2.0/schoolspecialplan/70/2024/31.json?a=www.gaokao.cn,data/shanghai/raw/plan_api/static/2024/70.json,1
2024,综合,70,安徽农业大学,149482,01,物理、化学(2科必选),090116TK,生物育种科学,3,5200,四年,https://static-data.gaokao.cn/www/2.0/schoolspecialplan/70/2024/31.json?a=www.gaokao.cn,data/shanghai/raw/plan_api/static/2024/70.json,1
2024,综合,70,安徽农业大学,149482,01,物理、化学(2科必选),090107T,茶学,2,5980,四年,https://static-data.gaokao.cn/www/2.0/schoolspecialplan/70/2024/31.json?a=www.gaokao.cn,data/shanghai/raw/plan_api/static/2024/70.json,1
2024,综合,70,安徽农业大学,149482,01,物理、化学(2科必选),090301,动物科学,2,5980,四年,https://static-data.gaokao.cn/www/2.0/schoolspecialplan/70/2024/31.json?a=www.gaokao.cn,data/shanghai/raw/plan_api/static/2024/70.json,1
2024,综合,70,安徽农业大学,149482,01,物理、化学(2科必选),090501,林学,2,5980,四年,https://static-data.gaokao.cn/www/2.0/schoolspecialplan/70/2024/31.json?a=www.gaokao.cn,data/shanghai/raw/plan_api/static/2024/70.json,1
2024,综合,70,安徽农业大学,149482,01,物理、化学(2科必选),090103,植物保护,2,5980,四年,https://static-data.gaokao.cn/www/2.0/schoolspecialplan/70/2024/31.json?a=www.gaokao.cn,data/shanghai/raw/plan_api/static/2024/70.json,1
2024,综合,70,安徽农业大学,149482,01,物理、化学(2科必选),100402,食品卫生与营养学,2,5200,四年,https://static-data.gaokao.cn/www/2.0/schoolspecialplan/70/2024/31.json?a=www.gaokao.cn,data/shanghai/raw/plan_api/static/2024/70.json,1
2024,综合,70,安徽农业大学,149482,01,物理、化学(2科必选),0825,环境科学与工程类,2,5200,四年,https://static-data.gaokao.cn/www/2.0/schoolspecialplan/70/2024/31.json?a=www.gaokao.cn,data/shanghai/raw/plan_api/static/2024/70.json,1
2024,综合,70,安徽农业大学,149482,01,物理、化学(2科必选),090112T,智慧农业,2,5200,四年,https://static-data.gaokao.cn/www/2.0/schoolspecialplan/70/2024/31.json?a=www.gaokao.cn,data/shanghai/raw/plan_api/static/2024/70.json,1
2024,综合,70,安徽农业大学,148972,02,不限,020101,经济学,2,4900,四年,https://static-data.gaokao.cn/www/2.0/schoolspecialplan/70/2024/31.json?a=www.gaokao.cn,data/shanghai/raw/plan_api/static/2024/70.json,1
2024,综合,71,济南大学,149415,01,物理、化学(2科必选),080717T,人工智能,2,5500,四年,https://static-data.gaokao.cn/www/2.0/schoolspecialplan/71/2024/31.json?a=www.gaokao.cn,data/shanghai/raw/plan_api/static/2024/71.json,1
2024,综合,71,济南大学,148926,02,不限,020301K,金融学,3,6600,四年,https://static-data.gaokao.cn/www/2.0/schoolspecialplan/71/2024/31.json?a=www.gaokao.cn,data/shanghai/raw/plan_api/static/2024/71.json,1
2024,综合,71,济南大学,148926,02,不限,0503,新闻传播学类,3,5060,四年,https://static-data.gaokao.cn/www/2.0/schoolspecialplan/71/2024/31.json?a=www.gaokao.cn,data/shanghai/raw/plan_api/static/2024/71.json,1
2024,综合,71,济南大学,148926,02,不限,120901K,旅游管理,2,5500,四年,https://static-data.gaokao.cn/www/2.0/schoolspecialplan/71/2024/31.json?a=www.gaokao.cn,data/shanghai/raw/plan_api/static/2024/71.json,1
2024,综合,72,安徽医科大学,149481,01,物理、化学(2科必选),100201K,临床医学,6,6050,五年,https://static-data.gaokao.cn/www/2.0/schoolspecialplan/72/2024/31.json?a=www.gaokao.cn,data/shanghai/raw/plan_api/static/2024/72.json,1
2024,综合,73,同济大学,149759,01,物理、化学(2科必选),96360,工科试验班,6,7700,四年,https://static-data.gaokao.cn/www/2.0/schoolspecialplan/73/2024/31.json?a=www.gaokao.cn,data/shanghai/raw/plan_api/static/2024/73.json,1
2024,综合,73,同济大学,149759,01,物理、化学(2科必选),712523,理科试验班,10,7000,四年,https://static-data.gaokao.cn/www/2.0/schoolspecialplan/73/2024/31.json?a=www.gaokao.cn,data/shanghai/raw/plan_api/static/2024/73.json,1
2024,综合,73,同济大学,149759,01,物理、化学(2科必选),202848,经济管理试验班,6,6500,四年,https://static-data.gaokao.cn/www/2.0/schoolspecialplan/73/2024/31.json?a=www.gaokao.cn,data/shanghai/raw/plan_api/static/2024/73.json,1
2024,综合,73,同济大学,148428,Q5,物理、化学(2科必选),101009T,康复物理治疗,33,7400,四年,https://static-data.gaokao.cn/www/2.0/schoolspecialplan/73/2024/31.json?a=www.gaokao.cn,data/shanghai/raw/plan_api/static/2024/73.json,0
2024,综合,73,同济大学,149177,02,不限,96333,人文科学试验班,27,6500,四年,https://static-data.gaokao.cn/www/2.0/schoolspecialplan/73/2024/31.json?a=www.gaokao.cn,data/shanghai/raw/plan_api/static/2024/73.json,1
2024,综合,73,同济大学,148433,Q4,生物必选,101101K,护理学,23,7400,四年,https://static-data.gaokao.cn/www/2.0/schoolspecialplan/73/2024/31.json?a=www.gaokao.cn,data/shanghai/raw/plan_api/static/2024/73.json,0
2024,综合,73,同济大学,148437,Q3,不限,130305,广播电视编导,13,13000,四年,https://static-data.gaokao.cn/www/2.0/schoolspecialplan/73/2024/31.json?a=www.gaokao.cn,data/shanghai/raw/plan_api/static/2024/73.json,0
2024,综合,73,同济大学,149177,02,不限,030101K,法学,12,6500,四年,https://static-data.gaokao.cn/www/2.0/schoolspecialplan/73/2024/31.json?a=www.gaokao.cn,data/shanghai/raw/plan_api/static/2024/73.json,1
2024,综合,73,同济大学,149177,02,不限,120203K,会计学,4,6500,四年,https://static-data.gaokao.cn/www/2.0/schoolspecialplan/73/2024/31.json?a=www.gaokao.cn,data/shanghai/raw/plan_api/static/2024/73.json,1
2024,综合,73,同济大学,149177,02,不限,120601,物流管理,2,6500,四年,https://static-data.gaokao.cn/www/2.0/schoolspecialplan/73/2024/31.json?a=www.gaokao.cn,data/shanghai/raw/plan_api/static/2024/73.json,1
2024,综合,74,新疆大学,149195,01,物理、化学(2科必选),070101,数学与应用数学,3,3500,四年,https://static-data.gaokao.cn/www/2.0/schoolspecialplan/74/2024/31.json?a=www.gaokao.cn,data/shanghai/raw/plan_api/static/2024/74.json,1
2024,综合,74,新疆大学,149195,01,物理、化学(2科必选),080901,计算机科学与技术,2,3500,四年,https://static-data.gaokao.cn/www/2.0/schoolspecialplan/74/2024/31.json?a=www.gaokao.cn,data/shanghai/raw/plan_api/static/2024/74.json,1
2024,综合,74,新疆大学,149195,01,物理、化学(2科必选),080902,软件工程,2,9000,四年,https://static-data.gaokao.cn/www/2.0/schoolspecialplan/74/2024/31.json?a=www.gaokao.cn,data/shanghai/raw/plan_api/static/2024/74.json,1
2024,综合,74,新疆大学,149195,01,物理、化学(2科必选),070102,信息与计算科学,1,3500,四年,https://static-data.gaokao.cn/www/2.0/schoolspecialplan/74/2024/31.json?a=www.gaokao.cn,data/shanghai/raw/plan_api/static/2024/74.json,1
2024,综合,74,新疆大学,149195,01,物理、化学(2科必选),080201,机械工程,1,3500,四年,https://static-data.gaokao.cn/www/2.0/schoolspecialplan/74/2024/31.json?a=www.gaokao.cn,data/shanghai/raw/plan_api/static/2024/74.json,1
2024,综合,74,新疆大学,149195,01,物理、化学(2科必选),080910T,数据科学与大数据技术,1,3500,四年,https://static-data.gaokao.cn/www/2.0/schoolspecialplan/74/2024/31.json?a=www.gaokao.cn,data/shanghai/raw/plan_api/static/2024/74.json,1
2024,综合,74,新疆大学,148790,02,不限,020401,国际经济与贸易,2,3500,四年,https://static-data.gaokao.cn/www/2.0/schoolspecialplan/74/2024/31.json?a=www.gaokao.cn,data/shanghai/raw/plan_api/static/2024/74.json,1
2024,综合,74,新疆大学,148790,02,不限,1202,工商管理类,2,3500,四年,https://static-data.gaokao.cn/www/2.0/schoolspecialplan/74/2024/31.json?a=www.gaokao.cn,data/shanghai/raw/plan_api/static/2024/74.json,1
2024,综合,76,上海大学,149743,01,物理、化学(2科必选),080901,计算机科学与技术,70,7000,四年,https://static-data.gaokao.cn/www/2.0/schoolspecialplan/76/2024/31.json?a=www.gaokao.cn,data/shanghai/raw/plan_api/static/2024/76.json,1
2024,综合,76,上海大学,149743,01,物理、化学(2科必选),070101,数学与应用数学,45,7000,四年,https://static-data.gaokao.cn/www/2.0/schoolspecialplan/76/2024/31.json?a=www.gaokao.cn,data/shanghai/raw/plan_api/static/2024/76.json,1
2024,综合,76,上海大学,149743,01,物理、化学(2科必选),080703,通信工程,45,7000,四年,https://static-data.gaokao.cn/www/2.0/schoolspecialplan/76/2024/31.json?a=www.gaokao.cn,data/shanghai/raw/plan_api/static/2024/76.json,1
2024,综合,76,上海大学,149743,01,物理、化学(2科必选),080213T,智能制造工程,35,7700,四年,https://static-data.gaokao.cn/www/2.0/schoolspecialplan/76/2024/31.json?a=www.gaokao.cn,data/shanghai/raw/plan_api/static/2024/76.json,1
2024,综合,76,上海大学,149743,01,物理、化学(2科必选),080701,电子信息工程,30,7000,四年,https://static-data.gaokao.cn/www/2.0/schoolspecialplan/76/2024/31.json?a=www.gaokao.cn,data/shanghai/raw/plan_api/static/2024/76.json,1
2024,综合,76,上海大学,149743,01,物理、化学(2科必选),080907T,智能科学与技术,30,7000,四年,https://static-data.gaokao.cn/www/2.0/schoolspecialplan/76/2024/31.json?a=www.gaokao.cn,data/shanghai/raw/plan_api/static/2024/76.json,1
2024,综合,76,上海大学,149743,01,物理、化学(2科必选),080910T,数据科学与大数据技术,30,7000,四年,https://static-data.gaokao.cn/www/2.0/schoolspecialplan/76/2024/31.json?a=www.gaokao.cn,data/shanghai/raw/plan_api/static/2024/76.json,1
2024,综合,76,上海大学,149743,01,物理、化学(2科必选),080704,微电子科学与工程,25,7000,四年,https://static-data.gaokao.cn/www/2.0/schoolspecialplan/76/2024/31.json?a=www.gaokao.cn,data/shanghai/raw/plan_api/static/2024/76.json,1
2024,综合,76,上海大学,149743,01,物理、化学(2科必选),080717T,人工智能,25,7000,四年,https://static-data.gaokao.cn/www/2.0/schoolspecialplan/76/2024/31.json?a=www.gaokao.cn,data/shanghai/raw/plan_api/static/2024/76.json,1
2024,综合,76,上海大学,149743,01,物理、化学(2科必选),89925,理科试验班,15,7000,四年,https://static-data.gaokao.cn/www/2.0/schoolspecialplan/76/2024/31.json?a=www.gaokao.cn,data/shanghai/raw/plan_api/static/2024/76.json,1
2024,综合,76,上海大学,149743,01,物理、化学(2科必选),0807,电子信息类,15,7000,四年,https://static-data.gaokao.cn/www/2.0/schoolspecialplan/76/2024/31.json?a=www.gaokao.cn,data/shanghai/raw/plan_api/static/2024/76.json,1
2024,综合,76,上海大学,149743,01,物理、化学(2科必选),080911TK,网络空间安全,10,7000,四年,https://static-data.gaokao.cn/www/2.0/schoolspecialplan/76/2024/31.json?a=www.gaokao.cn,data/shanghai/raw/plan_api/static/2024/76.json,1
2024,综合,76,上海大学,149163,02,物理、化学(2科必选),0806,电气类,211,7000,四年,https://static-data.gaokao.cn/www/2.0/schoolspecialplan/76/2024/31.json?a=www.gaokao.cn,data/shanghai/raw/plan_api/static/2024/76.json,1
2024,综合,76,上海大学,149163,02,物理、化学(2科必选),0807,电子信息类,196,7000,四年,https://static-data.gaokao.cn/www/2.0/schoolspecialplan/76/2024/31.json?a=www.gaokao.cn,data/shanghai/raw/plan_api/static/2024/76.json,1
2024,综合,76,上海大学,148574,04,不限,0303,社会学类,173,6500,四年,https://static-data.gaokao.cn/www/2.0/schoolspecialplan/76/2024/31.json?a=www.gaokao.cn,data/shanghai/raw/plan_api/static/2024/76.json,1
2024,综合,76,上海大学,148767,03,物理必选,0201,经济学类,157,6500,四年,https://static-data.gaokao.cn/www/2.0/schoolspecialplan/76/2024/31.json?a=www.gaokao.cn,data/shanghai/raw/plan_api/static/2024/76.json,1
2024,综合,76,上海大学,149163,02,物理、化学(2科必选),0804,材料类,113,7000,四年,https://static-data.gaokao.cn/www/2.0/schoolspecialplan/76/2024/31.json?a=www.gaokao.cn,data/shanghai/raw/plan_api/static/2024/76.json,1
2024,综合,76,上海大学,148425,Q5,不限,020301K,金融学,56,30000,四年,https://static-data.gaokao.cn/www/2.0/schoolspecialplan/76/2024/31.json?a=www.gaokao.cn,data/shanghai/raw/plan_api/static/2024/76.json,0
2024,综合,76,上海大学,149163,02,物理、化学(2科必选),080706,信息工程,35,25000,四年,https://static-data.gaokao.cn/www/2.0/schoolspecialplan/76/2024/31.json?a=www.gaokao.cn,data/shanghai/raw/plan_api/static/2024/76.json,1
2024,综合,76,上海大学,149163,02,物理、化学(2科必选),080201,机械工程,25,25000,四年,https://static-data.gaokao.cn/www/2.0/schoolspecialplan/76/2024/31.json?a=www.gaokao.cn,data/shanghai/raw/plan_api/static/2024/76.json,1
2024,综合,76,上海大学,148425,Q5,不限,120201K,工商管理,24,30000,四年,https://static-data.gaokao.cn/www/2.0/schoolspecialplan/76/2024/31.json?a=www.gaokao.cn,data/shanghai/raw/plan_api/static/2024/76.json,0
2024,综合,76,上海大学,148425,Q5,不限,020401,国际经济与贸易,20,30000,四年,https://static-data.gaokao.cn/www/2.0/schoolspecialplan/76/2024/31.json?a=www.gaokao.cn,data/shanghai/raw/plan_api/static/2024/76.json,0
2024,综合,76,上海大学,148767,03,物理必选,020301K,金融学,20,6500,四年,https://static-data.gaokao.cn/www/2.0/schoolspecialplan/76/2024/31.json?a=www.gaokao.cn,data/shanghai/raw/plan_api/static/2024/76.json,1
2024,综合,76,上海大学,148574,04,不限,050201,英语,20,6500,四年,https://static-data.gaokao.cn/www/2.0/schoolspecialplan/76/2024/31.json?a=www.gaokao.cn,data/shanghai/raw/plan_api/static/2024/76.json,1
2024,综合,76,上海大学,148767,03,物理必选,120203K,会计学,20,6500,四年,https://static-data.gaokao.cn/www/2.0/schoolspecialplan/76/2024/31.json?a=www.gaokao.cn,data/shanghai/raw/plan_api/static/2024/76.json,1
2024,综合,76,上海大学,148421,Q6,不限,130305,广播电视编导,17,13000,四年,https://static-data.gaokao.cn/www/2.0/schoolspecialplan/76/2024/31.json?a=www.gaokao.cn,data/shanghai/raw/plan_api/static/2024/76.json,0
2024,综合,76,上海大学,149163,02,物理、化学(2科必选),080601,电气工程及其自动化,15,30000,四年,https://static-data.gaokao.cn/www/2.0/schoolspecialplan/76/2024/31.json?a=www.gaokao.cn,data/shanghai/raw/plan_api/static/2024/76.json,1
2024,综合,76,上海大学,149163,02,物理、化学(2科必选),081001,土木工程,15,30000,四年,https://static-data.gaokao.cn/www/2.0/schoolspecialplan/76/2024/31.json?a=www.gaokao.cn,data/shanghai/raw/plan_api/static/2024/76.json,1
2024,综合,76,上海大学,149163,02,物理、化学(2科必选),082502,环境工程,15,30000,四年,https://static-data.gaokao.cn/www/2.0/schoolspecialplan/76/2024/31.json?a=www.gaokao.cn,data/shanghai/raw/plan_api/static/2024/76.json,1
2024,综合,76,上海大学,148574,04,不限,030301,社会学,10,6500,四年,https://static-data.gaokao.cn/www/2.0/schoolspecialplan/76/2024/31.json?a=www.gaokao.cn,data/shanghai/raw/plan_api/static/2024/76.json,1
2024,综合,76,上海大学,148574,04,不限,050207,日语,10,6500,四年,https://static-data.gaokao.cn/www/2.0/schoolspecialplan/76/2024/31.json?a=www.gaokao.cn,data/shanghai/raw/plan_api/static/2024/76.json,1
2024,综合,76,上海大学,149163,02,物理、化学(2科必选),080703,通信工程,10,7000,四年,https://static-data.gaokao.cn/www/2.0/schoolspecialplan/76/2024/31.json?a=www.gaokao.cn,data/shanghai/raw/plan_api/static/2024/76.json,1
2024,综合,76,上海大学,149163,02,物理、化学(2科必选),080701,电子信息工程,10,7000,四年,https://static-data.gaokao.cn/www/2.0/schoolspecialplan/76/2024/31.json?a=www.gaokao.cn,data/shanghai/raw/plan_api/static/2024/76.json,1
2024,综合,76,上海大学,149163,02,物理、化学(2科必选),080401,材料科学与工程,10,25000,四年,https://static-data.gaokao.cn/www/2.0/schoolspecialplan/76/2024/31.json?a=www.gaokao.cn,data/shanghai/raw/plan_api/static/2024/76.json,1
2024,综合,76,上海大学,148421,Q6,不限,130304,戏剧影视文学,8,13000,四年,https://static-data.gaokao.cn/www/2.0/schoolspecialplan/76/2024/31.json?a=www.gaokao.cn,data/shanghai/raw/plan_api/static/2024/76.json,0
2024,综合,76,上海大学,148574,04,不限,050204,法语,5,6500,四年,https://static-data.gaokao.cn/www/2.0/schoolspecialplan/76/2024/31.json?a=www.gaokao.cn,data/shanghai/raw/plan_api/static/2024/76.json,1
2024,综合,76,上海大学,148421,Q6,不限,130102T,艺术管理,4,13000,四年,https://static-data.gaokao.cn/www/2.0/schoolspecialplan/76/2024/31.json?a=www.gaokao.cn,data/shanghai/raw/plan_api/static/2024/76.json,0
2024,综合,80,天津工业大学,149672,01,物理、化学(2科必选),080902,软件工程,4,8000,四年,https://static-data.gaokao.cn/www/2.0/schoolspecialplan/80/2024/31.json?a=www.gaokao.cn,data/shanghai/raw/plan_api/static/2024/80.json,1
2024,综合,80,天津工业大学,149672,01,物理、化学(2科必选),080213T,智能制造工程,2,5400,四年,https://static-data.gaokao.cn/www/2.0/schoolspecialplan/80/2024/31.json?a=www.gaokao.cn,data/shanghai/raw/plan_api/static/2024/80.json,1
2024,综合,80,天津工业大学,149114,02,不限,020301K,金融学,2,4400,四年,https://static-data.gaokao.cn/www/2.0/schoolspecialplan/80/2024/31.json?a=www.gaokao.cn,data/shanghai/raw/plan_api/static/2024/80.json,1
2024,综合,81,天津理工大学,149660,01,物理、化学(2科必选),080905,物联网工程,2,5400,四年,https://static-data.gaokao.cn/www/2.0/schoolspecialplan/81/2024/31.json?a=www.gaokao.cn,data/shanghai/raw/plan_api/static/2024/81.json,1
2024,综合,81,天津理工大学,149660,01,物理、化学(2科必选),080213T,智能制造工程,2,5400,四年,https://static-data.gaokao.cn/www/2.0/schoolspecialplan/81/2024/31.json?a=www.gaokao.cn,data/shanghai/raw/plan_api/static/2024/81.json,1
2024,综合,81,天津理工大学,149660,01,物理、化学(2科必选),080717T,人工智能,2,5400,四年,https://static-data.gaokao.cn/www/2.0/schoolspecialplan/81/2024/31.json?a=www.gaokao.cn,data/shanghai/raw/plan_api/static/2024/81.json,1
2024,综合,81,天津理工大学,149103,02,物理必选,120103,工程管理,2,4400,四年,https://static-data.gaokao.cn/www/2.0/schoolspecialplan/81/2024/31.json?a=www.gaokao.cn,data/shanghai/raw/plan_api/static/2024/81.json,1
2024,综合,82,天津科技大学,149673,01,物理、化学(2科必选),080901,计算机科学与技术,2,22000,四年,https://static-data.gaokao.cn/www/2.0/schoolspecialplan/82/2024/31.json?a=www.gaokao.cn,data/shanghai/raw/plan_api/static/2024/82.json,1
2024,综合,82,天津科技大学,149673,01,物理、化学(2科必选),080717T,人工智能,2,5400,四年,https://static-data.gaokao.cn/www/2.0/schoolspecialplan/82/2024/31.json?a=www.gaokao.cn,data/shanghai/raw/plan_api/static/2024/82.json,1
2024,综合,82,天津科技大学,149673,01,物理、化学(2科必选),080206,过程装备与控制工程,1,5400,四年,https://static-data.gaokao.cn/www/2.0/schoolspecialplan/82/2024/31.json?a=www.gaokao.cn,data/shanghai/raw/plan_api/static/2024/82.json,1
2024,综合,82,天津科技大学,149673,01,物理、化学(2科必选),080801,自动化,1,5400,四年,https://static-data.gaokao.cn/www/2.0/schoolspecialplan/82/2024/31.json?a=www.gaokao.cn,data/shanghai/raw/plan_api/static/2024/82.json,1
2024,综合,82,天津科技大学,149673,01,物理、化学(2科必选),080902,软件工程,1,5400,四年,https://static-data.gaokao.cn/www/2.0/schoolspecialplan/82/2024/31.json?a=www.gaokao.cn,data/shanghai/raw/plan_api/static/2024/82.json,1
2024,综合,82,天津科技大学,149673,01,物理、化学(2科必选),080905,物联网工程,1,5400,四年,https://static-data.gaokao.cn/www/2.0/schoolspecialplan/82/2024/31.json?a=www.gaokao.cn,data/shanghai/raw/plan_api/static/2024/82.json,1
2024,综合,82,天津科技大学,149673,01,物理、化学(2科必选),080906,数字媒体技术,1,5400,四年,https://static-data.gaokao.cn/www/2.0/schoolspecialplan/82/2024/31.json?a=www.gaokao.cn,data/shanghai/raw/plan_api/static/2024/82.json,1
2024,综合,82,天津科技大学,149673,01,物理、化学(2科必选),080704,微电子科学与工程,1,5400,四年,https://static-data.gaokao.cn/www/2.0/schoolspecialplan/82/2024/31.json?a=www.gaokao.cn,data/shanghai/raw/plan_api/static/2024/82.json,1
2024,综合,82,天津科技大学,148554,04,不限,050103,汉语国际教育,2,4400,四年,https://static-data.gaokao.cn/www/2.0/schoolspecialplan/82/2024/31.json?a=www.gaokao.cn,data/shanghai/raw/plan_api/static/2024/82.json,1
2024,综合,82,天津科技大学,149115,02,物理、化学(2科必选),081302,制药工程,2,5400,四年,https://static-data.gaokao.cn/www/2.0/schoolspecialplan/82/2024/31.json?a=www.gaokao.cn,data/shanghai/raw/plan_api/static/2024/82.json,1
2024,综合,82,天津科技大学,149115,02,物理、化学(2科必选),082701,食品科学与工程,2,5400,四年,https://static-data.gaokao.cn/www/2.0/schoolspecialplan/82/2024/31.json?a=www.gaokao.cn,data/shanghai/raw/plan_api/static/2024/82.json,1
2024,综合,82,天津科技大学,148554,04,不限,020401,国际经济与贸易,1,4400,四年,https://static-data.gaokao.cn/www/2.0/schoolspecialplan/82/2024/31.json?a=www.gaokao.cn,data/shanghai/raw/plan_api/static/2024/82.json,1
2024,综合,82,天津科技大学,148738,03,物理必选,120701,工业工程,1,4400,四年,https://static-data.gaokao.cn/www/2.0/schoolspecialplan/82/2024/31.json?a=www.gaokao.cn,data/shanghai/raw/plan_api/static/2024/82.json,1
2024,综合,82,天津科技大学,148554,04,不限,120204,财务管理,1,25000,四年,https://static-data.gaokao.cn/www/2.0/schoolspecialplan/82/2024/31.json?a=www.gaokao.cn,data/shanghai/raw/plan_api/static/2024/82.json,1
2024,综合,82,天津科技大学,148554,04,不限,050261,翻译,1,5400,四年,https://static-data.gaokao.cn/www/2.0/schoolspecialplan/82/2024/31.json?a=www.gaokao.cn,data/shanghai/raw/plan_api/static/2024/82.json,1
2024,综合,82,天津科技大学,148738,03,物理必选,020302,金融工程,1,4400,四年,https://static-data.gaokao.cn/www/2.0/schoolspecialplan/82/2024/31.json?a=www.gaokao.cn,data/shanghai/raw/plan_api/static/2024/82.json,1
2024,综合,82,天津科技大学,149115,02,物理、化学(2科必选),082502,环境工程,1,5400,四年,https://static-data.gaokao.cn/www/2.0/schoolspecialplan/82/2024/31.json?a=www.gaokao.cn,data/shanghai/raw/plan_api/static/2024/82.json,1
2024,综合,82,天津科技大学,149115,02,物理、化学(2科必选),082702,食品质量与安全,1,5400,四年,https://static-data.gaokao.cn/www/2.0/schoolspecialplan/82/2024/31.json?a=www.gaokao.cn,data/shanghai/raw/plan_api/static/2024/82.json,1
2024,综合,82,天津科技大学,148554,04,不限,050207,日语,1,5400,四年,https://static-data.gaokao.cn/www/2.0/schoolspecialplan/82/2024/31.json?a=www.gaokao.cn,data/shanghai/raw/plan_api/static/2024/82.json,1
2024,综合,84,天津财经大学,149668,01,物理必选,020102,经济统计学,4,4400,四年,https://static-data.gaokao.cn/www/2.0/schoolspecialplan/84/2024/31.json?a=www.gaokao.cn,data/shanghai/raw/plan_api/static/2024/84.json,1
2024,综合,84,天津财经大学,149668,01,物理必选,020109T,数字经济,2,4400,四年,https://static-data.gaokao.cn/www/2.0/schoolspecialplan/84/2024/31.json?a=www.gaokao.cn,data/shanghai/raw/plan_api/static/2024/84.json,1
2024,综合,84,天津财经大学,149110,02,不限,020101,经济学,3,4400,四年,https://static-data.gaokao.cn/www/2.0/schoolspecialplan/84/2024/31.json?a=www.gaokao.cn,data/shanghai/raw/plan_api/static/2024/84.json,1
2024,综合,84,天津财经大学,149110,02,不限,0203,金融学类,3,4400,四年,https://static-data.gaokao.cn/www/2.0/schoolspecialplan/84/2024/31.json?a=www.gaokao.cn,data/shanghai/raw/plan_api/static/2024/84.json,1
2024,综合,84,天津财经大学,149110,02,不限,120203K,会计学,2,4400,四年,https://static-data.gaokao.cn/www/2.0/schoolspecialplan/84/2024/31.json?a=www.gaokao.cn,data/shanghai/raw/plan_api/static/2024/84.json,1
2024,综合,84,天津财经大学,149110,02,不限,0202,财政学类,2,4400,四年,https://static-data.gaokao.cn/www/2.0/schoolspecialplan/84/2024/31.json?a=www.gaokao.cn,data/shanghai/raw/plan_api/static/2024/84.json,1
2024,综合,86,江南大学,149557,01,物理、化学(2科必选),080905,物联网工程,2,6380,四年,https://static-data.gaokao.cn/www/2.0/schoolspecialplan/86/2024/31.json?a=www.gaokao.cn,data/shanghai/raw/plan_api/static/2024/86.json,1
2024,综合,86,江南大学,149557,01,物理、化学(2科必选),080205,工业设计,2,5800,四年,https://static-data.gaokao.cn/www/2.0/schoolspecialplan/86/2024/31.json?a=www.gaokao.cn,data/shanghai/raw/plan_api/static/2024/86.json,1
2024,综合,86,江南大学,148484,05,不限,120201K,工商管理,8,26400,四年,https://static-data.gaokao.cn/www/2.0/schoolspecialplan/86/2024/31.json?a=www.gaokao.cn,data/shanghai/raw/plan_api/static/2024/86.json,1
2024,综合,86,江南大学,148543,04,物理、化学(2科必选),082701,食品科学与工程,8,26400,四年,https://static-data.gaokao.cn/www/2.0/schoolspecialplan/86/2024/31.json?a=www.gaokao.cn,data/shanghai/raw/plan_api/static/2024/86.json,1
2024,综合,86,江南大学,148699,03,不限,020401,国际经济与贸易,5,5200,四年,https://static-data.gaokao.cn/www/2.0/schoolspecialplan/86/2024/31.json?a=www.gaokao.cn,data/shanghai/raw/plan_api/static/2024/86.json,1
2024,综合,86,江南大学,149030,02,物理、化学(2科必选),082701,食品科学与工程,4,6380,四年,https://static-data.gaokao.cn/www/2.0/schoolspecialplan/86/2024/31.json?a=www.gaokao.cn,data/shanghai/raw/plan_api/static/2024/86.json,1
2024,综合,86,江南大学,149030,02,物理、化学(2科必选),082702,食品质量与安全,3,6380,四年,https://static-data.gaokao.cn/www/2.0/schoolspecialplan/86/2024/31.json?a=www.gaokao.cn,data/shanghai/raw/plan_api/static/2024/86.json,1
2024,综合,86,江南大学,148699,03,不限,030101K,法学,2,5200,四年,https://static-data.gaokao.cn/www/2.0/schoolspecialplan/86/2024/31.json?a=www.gaokao.cn,data/shanghai/raw/plan_api/static/2024/86.json,1
2024,综合,86,江南大学,148699,03,不限,050201,英语,2,5200,四年,https://static-data.gaokao.cn/www/2.0/schoolspecialplan/86/2024/31.json?a=www.gaokao.cn,data/shanghai/raw/plan_api/static/2024/86.json,1
2024,综合,86,江南大学,148699,03,不限,050207,日语,2,5200,四年,https://static-data.gaokao.cn/www/2.0/schoolspecialplan/86/2024/31.json?a=www.gaokao.cn,data/shanghai/raw/plan_api/static/2024/86.json,1
2024,综合,86,江南大学,148699,03,不限,120203K,会计学,2,5200,四年,https://static-data.gaokao.cn/www/2.0/schoolspecialplan/86/2024/31.json?a=www.gaokao.cn,data/shanghai/raw/plan_api/static/2024/86.json,1
2024,综合,86,江南大学,149030,02,物理、化学(2科必选),082710T,食品营养与健康,2,5800,四年,https://static-data.gaokao.cn/www/2.0/schoolspecialplan/86/2024/31.json?a=www.gaokao.cn,data/shanghai/raw/plan_api/static/2024/86.json,1
2024,综合,87,天津外国语大学,149659,01,不限,050216,缅甸语,1,5400,四年,https://static-data.gaokao.cn/www/2.0/schoolspecialplan/87/2024/31.json?a=www.gaokao.cn,data/shanghai/raw/plan_api/static/2024/87.json,1
2024,综合,87,天津外国语大学,149659,01,不限,050231,罗马尼亚语,1,5400,四年,https://static-data.gaokao.cn/www/2.0/schoolspecialplan/87/2024/31.json?a=www.gaokao.cn,data/shanghai/raw/plan_api/static/2024/87.json,1
2024,综合,87,天津外国语大学,149659,01,不限,050218,蒙古语,1,5400,四年,https://static-data.gaokao.cn/www/2.0/schoolspecialplan/87/2024/31.json?a=www.gaokao.cn,data/shanghai/raw/plan_api/static/2024/87.json,1
2024,综合,88,中国民航大学,149674,01,物理、化学(2科必选),102237,工科试验班,2,5800,四年,https://static-data.gaokao.cn/www/2.0/schoolspecialplan/88/2024/31.json?a=www.gaokao.cn,data/shanghai/raw/plan_api/static/2024/88.json,1
2024,综合,88,中国民航大学,149674,01,物理、化学(2科必选),070602,应用气象学,6,5800,四年,https://static-data.gaokao.cn/www/2.0/schoolspecialplan/88/2024/31.json?a=www.gaokao.cn,data/shanghai/raw/plan_api/static/2024/88.json,1
2024,综合,88,中国民航大学,149674,01,物理、化学(2科必选),080904K,信息安全,5,5800,四年,https://static-data.gaokao.cn/www/2.0/schoolspecialplan/88/2024/31.json?a=www.gaokao.cn,data/shanghai/raw/plan_api/static/2024/88.json,1
2024,综合,88,中国民航大学,149674,01,物理、化学(2科必选),071201,统计学,5,5800,四年,https://static-data.gaokao.cn/www/2.0/schoolspecialplan/88/2024/31.json?a=www.gaokao.cn,data/shanghai/raw/plan_api/static/2024/88.json,1
2024,综合,88,中国民航大学,149674,01,物理、化学(2科必选),081802,交通工程,4,5800,四年,https://static-data.gaokao.cn/www/2.0/schoolspecialplan/88/2024/31.json?a=www.gaokao.cn,data/shanghai/raw/plan_api/static/2024/88.json,1
2024,综合,88,中国民航大学,149674,01,物理、化学(2科必选),082012T,飞行器运维工程,4,5800,四年,https://static-data.gaokao.cn/www/2.0/schoolspecialplan/88/2024/31.json?a=www.gaokao.cn,data/shanghai/raw/plan_api/static/2024/88.json,1
2024,综合,88,中国民航大学,149674,01,物理、化学(2科必选),070102,信息与计算科学,3,5800,四年,https://static-data.gaokao.cn/www/2.0/schoolspecialplan/88/2024/31.json?a=www.gaokao.cn,data/shanghai/raw/plan_api/static/2024/88.json,1
2024,综合,88,中国民航大学,149674,01,物理、化学(2科必选),082009T,无人驾驶航空器系统工程,3,5800,四年,https://static-data.gaokao.cn/www/2.0/schoolspecialplan/88/2024/31.json?a=www.gaokao.cn,data/shanghai/raw/plan_api/static/2024/88.json,1
2024,综合,88,中国民航大学,149674,01,物理、化学(2科必选),081001,土木工程,2,5800,四年,https://static-data.gaokao.cn/www/2.0/schoolspecialplan/88/2024/31.json?a=www.gaokao.cn,data/shanghai/raw/plan_api/static/2024/88.json,1
2024,综合,88,中国民航大学,149674,01,物理、化学(2科必选),082006T,飞行器质量与可靠性,2,5800,四年,https://static-data.gaokao.cn/www/2.0/schoolspecialplan/88/2024/31.json?a=www.gaokao.cn,data/shanghai/raw/plan_api/static/2024/88.json,1
2024,综合,88,中国民航大学,149674,01,物理、化学(2科必选),080403,材料化学,1,5800,四年,https://static-data.gaokao.cn/www/2.0/schoolspecialplan/88/2024/31.json?a=www.gaokao.cn,data/shanghai/raw/plan_api/static/2024/88.json,1
2024,综合,88,中国民航大学,149674,01,物理、化学(2科必选),080402,材料物理,1,5800,四年,https://static-data.gaokao.cn/www/2.0/schoolspecialplan/88/2024/31.json?a=www.gaokao.cn,data/shanghai/raw/plan_api/static/2024/88.json,1
2024,综合,88,中国民航大学,149674,01,物理、化学(2科必选),081504,油气储运工程,1,5800,四年,https://static-data.gaokao.cn/www/2.0/schoolspecialplan/88/2024/31.json?a=www.gaokao.cn,data/shanghai/raw/plan_api/static/2024/88.json,1
2024,综合,88,中国民航大学,149674,01,物理、化学(2科必选),082007T,飞行器适航技术,1,5800,四年,https://static-data.gaokao.cn/www/2.0/schoolspecialplan/88/2024/31.json?a=www.gaokao.cn,data/shanghai/raw/plan_api/static/2024/88.json,1
2024,综合,88,中国民航大学,149116,02,物理必选,120407T,交通管理,8,5200,四年,https://static-data.gaokao.cn/www/2.0/schoolspecialplan/88/2024/31.json?a=www.gaokao.cn,data/shanghai/raw/plan_api/static/2024/88.json,1
2024,综合,88,中国民航大学,148555,04,不限,1202,工商管理类,8,5200,四年,https://static-data.gaokao.cn/www/2.0/schoolspecialplan/88/2024/31.json?a=www.gaokao.cn,data/shanghai/raw/plan_api/static/2024/88.json,1
2024,综合,88,中国民航大学,148555,04,不限,050201,英语,4,5800,四年,https://static-data.gaokao.cn/www/2.0/schoolspecialplan/88/2024/31.json?a=www.gaokao.cn,data/shanghai/raw/plan_api/static/2024/88.json,1
2024,综合,88,中国民航大学,149116,02,物理必选,120601,物流管理,2,5200,四年,https://static-data.gaokao.cn/www/2.0/schoolspecialplan/88/2024/31.json?a=www.gaokao.cn,data/shanghai/raw/plan_api/static/2024/88.json,1
2024,综合,88,中国民航大学,148555,04,不限,030101K,法学,1,5200,四年,https://static-data.gaokao.cn/www/2.0/schoolspecialplan/88/2024/31.json?a=www.gaokao.cn,data/shanghai/raw/plan_api/static/2024/88.json,1
2024,综合,88,中国民航大学,148555,04,不限,071102,应用心理学,1,5800,四年,https://static-data.gaokao.cn/www/2.0/schoolspecialplan/88/2024/31.json?a=www.gaokao.cn,data/shanghai/raw/plan_api/static/2024/88.json,1
2024,综合,88,中国民航大学,148739,03,思想政治必选,030503,思想政治教育,1,5200,四年,https://static-data.gaokao.cn/www/2.0/schoolspecialplan/88/2024/31.json?a=www.gaokao.cn,data/shanghai/raw/plan_api/static/2024/88.json,1
2024,综合,88,中国民航大学,148555,04,不限,050261,翻译,1,5800,四年,https://static-data.gaokao.cn/www/2.0/schoolspecialplan/88/2024/31.json?a=www.gaokao.cn,data/shanghai/raw/plan_api/static/2024/88.json,1
2024,综合,88,中国民航大学,148555,04,不限,120419TK,航空安防管理,1,5200,四年,https://static-data.gaokao.cn/www/2.0/schoolspecialplan/88/2024/31.json?a=www.gaokao.cn,data/shanghai/raw/plan_api/static/2024/88.json,1
2024,综合,89,天津中医药大学,149671,01,物理、化学(2科必选),071202,应用统计学,2,5400,四年,https://static-data.gaokao.cn/www/2.0/schoolspecialplan/89/2024/31.json?a=www.gaokao.cn,data/shanghai/raw/plan_api/static/2024/89.json,1
2024,综合,89,天津中医药大学,149671,01,物理、化学(2科必选),100401K,预防医学,2,5800,五年,https://static-data.gaokao.cn/www/2.0/schoolspecialplan/89/2024/31.json?a=www.gaokao.cn,data/shanghai/raw/plan_api/static/2024/89.json,1
2024,综合,89,天津中医药大学,149113,02,物理、化学(2科必选),1005,中医学类,7,5800,五年,https://static-data.gaokao.cn/www/2.0/schoolspecialplan/89/2024/31.json?a=www.gaokao.cn,data/shanghai/raw/plan_api/static/2024/89.json,1
2024,综合,89,天津中医药大学,148553,04,不限,071102,应用心理学,2,5400,四年,https://static-data.gaokao.cn/www/2.0/schoolspecialplan/89/2024/31.json?a=www.gaokao.cn,data/shanghai/raw/plan_api/static/2024/89.json,1
2024,综合,89,天津中医药大学,148737,03,物理、化学(2科必选),100703TK,临床药学,2,5800,五年,https://static-data.gaokao.cn/www/2.0/schoolspecialplan/89/2024/31.json?a=www.gaokao.cn,data/shanghai/raw/plan_api/static/2024/89.json,1
2024,综合,89,天津中医药大学,148487,05,物理、化学(2科必选),100703TK,临床药学,2,28000,五年,https://static-data.gaokao.cn/www/2.0/schoolspecialplan/89/2024/31.json?a=www.gaokao.cn,data/shanghai/raw/plan_api/static/2024/89.json,1
2024,综合,89,天津中医药大学,148737,03,物理、化学(2科必选),1008,中药学类,2,5800,四年,https://static-data.gaokao.cn/www/2.0/schoolspecialplan/89/2024/31.json?a=www.gaokao.cn,data/shanghai/raw/plan_api/static/2024/89.json,1
2024,综合,89,天津中医药大学,149113,02,物理、化学(2科必选),100501K,中医学,2,5800,五年,https://static-data.gaokao.cn/www/2.0/schoolspecialplan/89/2024/31.json?a=www.gaokao.cn,data/shanghai/raw/plan_api/static/2024/89.json,1
2024,综合,89,天津中医药大学,148737,03,物理、化学(2科必选),1007,药学类,2,5800,四年,https://static-data.gaokao.cn/www/2.0/schoolspecialplan/89/2024/31.json?a=www.gaokao.cn,data/shanghai/raw/plan_api/static/2024/89.json,1
2024,综合,89,天津中医药大学,148553,04,不限,1202,工商管理类,2,4400,四年,https://static-data.gaokao.cn/www/2.0/schoolspecialplan/89/2024/31.json?a=www.gaokao.cn,data/shanghai/raw/plan_api/static/2024/89.json,1
2024,综合,91,天津城建大学,149667,01,物理、化学(2科必选),081001,土木工程,1,5400,四年,https://static-data.gaokao.cn/www/2.0/schoolspecialplan/91/2024/31.json?a=www.gaokao.cn,data/shanghai/raw/plan_api/static/2024/91.json,1
2024,综合,91,天津城建大学,149667,01,物理、化学(2科必选),081103,港口航道与海岸工程,1,5400,四年,https://static-data.gaokao.cn/www/2.0/schoolspecialplan/91/2024/31.json?a=www.gaokao.cn,data/shanghai/raw/plan_api/static/2024/91.json,1
2024,综合,91,天津城建大学,149667,01,物理、化学(2科必选),081005T,城市地下空间工程,1,5400,四年,https://static-data.gaokao.cn/www/2.0/schoolspecialplan/91/2024/31.json?a=www.gaokao.cn,data/shanghai/raw/plan_api/static/2024/91.json,1
2024,综合,91,天津城建大学,149667,01,物理、化学(2科必选),081004,建筑电气与智能化,1,5400,四年,https://static-data.gaokao.cn/www/2.0/schoolspecialplan/91/2024/31.json?a=www.gaokao.cn,data/shanghai/raw/plan_api/static/2024/91.json,1
2024,综合,91,天津城建大学,149667,01,物理、化学(2科必选),081003,给排水科学与工程,1,5400,四年,https://static-data.gaokao.cn/www/2.0/schoolspecialplan/91/2024/31.json?a=www.gaokao.cn,data/shanghai/raw/plan_api/static/2024/91.json,1
2024,综合,91,天津城建大学,149667,01,物理、化学(2科必选),080213T,智能制造工程,1,5400,四年,https://static-data.gaokao.cn/www/2.0/schoolspecialplan/91/2024/31.json?a=www.gaokao.cn,data/shanghai/raw/plan_api/static/2024/91.json,1
2024,综合,91,天津城建大学,149667,01,物理、化学(2科必选),080717T,人工智能,1,5400,四年,https://static-data.gaokao.cn/www/2.0/schoolspecialplan/91/2024/31.json?a=www.gaokao.cn,data/shanghai/raw/plan_api/static/2024/91.json,1
2024,综合,91,天津城建大学,149667,01,物理、化学(2科必选),081202,遥感科学与技术,1,5400,四年,https://static-data.gaokao.cn/www/2.0/schoolspecialplan/91/2024/31.json?a=www.gaokao.cn,data/shanghai/raw/plan_api/static/2024/91.json,1
2024,综合,91,天津城建大学,149109,02,不限,082801,建筑学,1,5400,五年,https://static-data.gaokao.cn/www/2.0/schoolspecialplan/91/2024/31.json?a=www.gaokao.cn,data/shanghai/raw/plan_api/static/2024/91.json,1
2024,综合,91,天津城建大学,149109,02,不限,082803,风景园林,1,5400,四年,https://static-data.gaokao.cn/www/2.0/schoolspecialplan/91/2024/31.json?a=www.gaokao.cn,data/shanghai/raw/plan_api/static/2024/91.json,1
2024,综合,91,天津城建大学,149109,02,不限,020304,投资学,1,4400,四年,https://static-data.gaokao.cn/www/2.0/schoolspecialplan/91/2024/31.json?a=www.gaokao.cn,data/shanghai/raw/plan_api/static/2024/91.json,1
2024,综合,96,广西大学,149295,01,物理必选,020301K,金融学,5,5984,四年,https://static-data.gaokao.cn/www/2.0/schoolspecialplan/96/2024/31.json?a=www.gaokao.cn,data/shanghai/raw/plan_api/static/2024/96.json,1
2024,综合,96,广西大学,149295,01,物理必选,120201K,工商管理,5,5971,四年,https://static-data.gaokao.cn/www/2.0/schoolspecialplan/96/2024/31.json?a=www.gaokao.cn,data/shanghai/raw/plan_api/static/2024/96.json,1
2024,综合,97,兰州大学,149209,01,物理、化学(2科必选),100201K,临床医学,3,6200,五年,https://static-data.gaokao.cn/www/2.0/schoolspecialplan/97/2024/31.json?a=www.gaokao.cn,data/shanghai/raw/plan_api/static/2024/97.json,1
2024,综合,97,兰州大学,149209,01,物理、化学(2科必选),0702,物理学类,3,5800,四年,https://static-data.gaokao.cn/www/2.0/schoolspecialplan/97/2024/31.json?a=www.gaokao.cn,data/shanghai/raw/plan_api/static/2024/97.json,1
2024,综合,97,兰州大学,149209,01,物理、化学(2科必选),0804,材料类,3,5800,四年,https://static-data.gaokao.cn/www/2.0/schoolspecialplan/97/2024/31.json?a=www.gaokao.cn,data/shanghai/raw/plan_api/static/2024/97.json,1
2024,综合,97,兰州大学,149209,01,物理、化学(2科必选),0807,电子信息类,3,5800,四年,https://static-data.gaokao.cn/www/2.0/schoolspecialplan/97/2024/31.json?a=www.gaokao.cn,data/shanghai/raw/plan_api/static/2024/97.json,1
2024,综合,97,兰州大学,149209,01,物理、化学(2科必选),0809,计算机类,3,5800,四年,https://static-data.gaokao.cn/www/2.0/schoolspecialplan/97/2024/31.json?a=www.gaokao.cn,data/shanghai/raw/plan_api/static/2024/97.json,1
2024,综合,97,兰州大学,149209,01,物理、化学(2科必选),0701,数学类,2,5800,四年,https://static-data.gaokao.cn/www/2.0/schoolspecialplan/97/2024/31.json?a=www.gaokao.cn,data/shanghai/raw/plan_api/static/2024/97.json,1
2024,综合,97,兰州大学,148591,03,不限,1202,工商管理类,4,5500,四年,https://static-data.gaokao.cn/www/2.0/schoolspecialplan/97/2024/31.json?a=www.gaokao.cn,data/shanghai/raw/plan_api/static/2024/97.json,1
2024,综合,97,兰州大学,148800,02,历史必选,050101,汉语言文学,3,5000,四年,https://static-data.gaokao.cn/www/2.0/schoolspecialplan/97/2024/31.json?a=www.gaokao.cn,data/shanghai/raw/plan_api/static/2024/97.json,1
2024,综合,97,兰州大学,148591,03,不限,0503,新闻传播学类,3,5500,四年,https://static-data.gaokao.cn/www/2.0/schoolspecialplan/97/2024/31.json?a=www.gaokao.cn,data/shanghai/raw/plan_api/static/2024/97.json,1
2024,综合,97,兰州大学,148591,03,不限,0201,经济学类,3,5500,四年,https://static-data.gaokao.cn/www/2.0/schoolspecialplan/97/2024/31.json?a=www.gaokao.cn,data/shanghai/raw/plan_api/static/2024/97.json,1
2024,综合,98,华南师范大学,149313,01,物理必选,071101,心理学,3,6850,四年,https://static-data.gaokao.cn/www/2.0/schoolspecialplan/98/2024/31.json?a=www.gaokao.cn,data/shanghai/raw/plan_api/static/2024/98.json,1
2024,综合,98,华南师范大学,148862,02,不限,050304,传播学,2,6060,四年,https://static-data.gaokao.cn/www/2.0/schoolspecialplan/98/2024/31.json?a=www.gaokao.cn,data/shanghai/raw/plan_api/static/2024/98.json,1
2024,综合,99,四川大学,149269,01,物理、化学(2科必选),100201K,临床医学,2,7250,五年,https://static-data.gaokao.cn/www/2.0/schoolspecialplan/99/2024/31.json?a=www.gaokao.cn,data/shanghai/raw/plan_api/static/2024/99.json,1
2024,综合,99,四川大学,149269,01,物理、化学(2科必选),100301K,口腔医学,1,7250,八年,https://static-data.gaokao.cn/www/2.0/schoolspecialplan/99/2024/31.json?a=www.gaokao.cn,data/shanghai/raw/plan_api/static/2024/99.json,1
2024,综合,99,四川大学,148515,04,物理、化学(2科必选),080202,机械设计制造及其自动化,4,85000,四年,https://static-data.gaokao.cn/www/2.0/schoolspecialplan/99/2024/31.json?a=www.gaokao.cn,data/shanghai/raw/plan_api/static/2024/99.json,1
2024,综合,99,四川大学,148515,04,物理、化学(2科必选),080701,电子信息工程,4,85000,四年,https://static-data.gaokao.cn/www/2.0/schoolspecialplan/99/2024/31.json?a=www.gaokao.cn,data/shanghai/raw/plan_api/static/2024/99.json,1
2024,综合,99,四川大学,148610,03,不限,2046978,人文科学试验班,4,6000,四年,https://static-data.gaokao.cn/www/2.0/schoolspecialplan/99/2024/31.json?a=www.gaokao.cn,data/shanghai/raw/plan_api/static/2024/99.json,1
2024,综合,99,四川大学,148515,04,物理、化学(2科必选),080901,计算机科学与技术,3,85000,四年,https://static-data.gaokao.cn/www/2.0/schoolspecialplan/99/2024/31.json?a=www.gaokao.cn,data/shanghai/raw/plan_api/static/2024/99.json,1
2024,综合,99,四川大学,148835,02,物理、化学(2科必选),0807,电子信息类,3,6500,四年,https://static-data.gaokao.cn/www/2.0/schoolspecialplan/99/2024/31.json?a=www.gaokao.cn,data/shanghai/raw/plan_api/static/2024/99.json,1
2024,综合,99,四川大学,148515,04,物理、化学(2科必选),080401,材料科学与工程,3,85000,四年,https://static-data.gaokao.cn/www/2.0/schoolspecialplan/99/2024/31.json?a=www.gaokao.cn,data/shanghai/raw/plan_api/static/2024/99.json,1
2024,综合,99,四川大学,148835,02,物理、化学(2科必选),0806,电气类,3,6500,四年,https://static-data.gaokao.cn/www/2.0/schoolspecialplan/99/2024/31.json?a=www.gaokao.cn,data/shanghai/raw/plan_api/static/2024/99.json,1
2024,综合,99,四川大学,148610,03,不限,1204,公共管理类,2,6000,四年,https://static-data.gaokao.cn/www/2.0/schoolspecialplan/99/2024/31.json?a=www.gaokao.cn,data/shanghai/raw/plan_api/static/2024/99.json,1
2024,综合,99,四川大学,148610,03,不限,0502,外国语言文学类,2,6000,四年,https://static-data.gaokao.cn/www/2.0/schoolspecialplan/99/2024/31.json?a=www.gaokao.cn,data/shanghai/raw/plan_api/static/2024/99.json,1
2024,综合,100,四川农业大学,149254,01,物理、化学(2科必选),090401,动物医学,3,5760,五年,https://static-data.gaokao.cn/www/2.0/schoolspecialplan/100/2024/31.json?a=www.gaokao.cn,data/shanghai/raw/plan_api/static/2024/100.json,1
2024,综合,100,四川农业大学,149254,01,物理、化学(2科必选),082702,食品质量与安全,2,6240,四年,https://static-data.gaokao.cn/www/2.0/schoolspecialplan/100/2024/31.json?a=www.gaokao.cn,data/shanghai/raw/plan_api/static/2024/100.json,1
2024,综合,100,四川农业大学,149254,01,物理、化学(2科必选),090107T,茶学,2,5760,四年,https://static-data.gaokao.cn/www/2.0/schoolspecialplan/100/2024/31.json?a=www.gaokao.cn,data/shanghai/raw/plan_api/static/2024/100.json,1
2024,综合,101,西南财经大学,149266,01,物理必选,020302,金融工程,2,5760,四年,https://static-data.gaokao.cn/www/2.0/schoolspecialplan/101/2024/31.json?a=www.gaokao.cn,data/shanghai/raw/plan_api/static/2024/101.json,1
2024,综合,101,西南财经大学,149266,01,物理必选,020305T,金融数学,2,5760,四年,https://static-data.gaokao.cn/www/2.0/schoolspecialplan/101/2024/31.json?a=www.gaokao.cn,data/shanghai/raw/plan_api/static/2024/101.json,1
2024,综合,101,西南财经大学,149266,01,物理必选,020308T,精算学,1,5760,四年,https://static-data.gaokao.cn/www/2.0/schoolspecialplan/101/2024/31.json?a=www.gaokao.cn,data/shanghai/raw/plan_api/static/2024/101.json,1
2024,综合,101,西南财经大学,149266,01,物理必选,020310T,金融科技,1,5760,四年,https://static-data.gaokao.cn/www/2.0/schoolspecialplan/101/2024/31.json?a=www.gaokao.cn,data/shanghai/raw/plan_api/static/2024/101.json,1
2024,综合,101,西南财经大学,148608,03,物理必选,120601,物流管理,4,76000,四年,https://static-data.gaokao.cn/www/2.0/schoolspecialplan/101/2024/31.json?a=www.gaokao.cn,data/shanghai/raw/plan_api/static/2024/101.json,1
2024,综合,101,西南财经大学,148608,03,物理必选,120102,信息管理与信息系统,3,76000,四年,https://static-data.gaokao.cn/www/2.0/schoolspecialplan/101/2024/31.json?a=www.gaokao.cn,data/shanghai/raw/plan_api/static/2024/101.json,1
2024,综合,101,西南财经大学,148513,04,不限,120203K,会计学,3,69000,四年,https://static-data.gaokao.cn/www/2.0/schoolspecialplan/101/2024/31.json?a=www.gaokao.cn,data/shanghai/raw/plan_api/static/2024/101.json,1
2024,综合,101,西南财经大学,148833,02,不限,020301K,金融学,2,8000,四年,https://static-data.gaokao.cn/www/2.0/schoolspecialplan/101/2024/31.json?a=www.gaokao.cn,data/shanghai/raw/plan_api/static/2024/101.json,1
2024,综合,101,西南财经大学,148513,04,不限,120202,市场营销,2,69000,四年,https://static-data.gaokao.cn/www/2.0/schoolspecialplan/101/2024/31.json?a=www.gaokao.cn,data/shanghai/raw/plan_api/static/2024/101.json,1
2024,综合,101,西南财经大学,148833,02,不限,120203K,会计学,1,5760,四年,https://static-data.gaokao.cn/www/2.0/schoolspecialplan/101/2024/31.json?a=www.gaokao.cn,data/shanghai/raw/plan_api/static/2024/101.json,1
2024,综合,101,西南财经大学,148608,03,物理必选,020305T,金融数学,2,76000,四年,https://static-data.gaokao.cn/www/2.0/schoolspecialplan/101/2024/31.json?a=www.gaokao.cn,data/shanghai/raw/plan_api/static/2024/101.json,1
2024,综合,101,西南财经大学,148833,02,不限,0203,金融学类,2,5760,四年,https://static-data.gaokao.cn/www/2.0/schoolspecialplan/101/2024/31.json?a=www.gaokao.cn,data/shanghai/raw/plan_api/static/2024/101.json,1
2024,综合,101,西南财经大学,148833,02,不限,030101K,法学,1,5760,四年,https://static-data.gaokao.cn/www/2.0/schoolspecialplan/101/2024/31.json?a=www.gaokao.cn,data/shanghai/raw/plan_api/static/2024/101.json,1
2024,综合,101,西南财经大学,148833,02,不限,1202,工商管理类,1,5760,四年,https://static-data.gaokao.cn/www/2.0/schoolspecialplan/101/2024/31.json?a=www.gaokao.cn,data/shanghai/raw/plan_api/static/2024/101.json,1
2024,综合,102,厦门大学,149469,01,物理、化学(2科必选),1748622,理科试验班,2,5460,四年,https://static-data.gaokao.cn/www/2.0/schoolspecialplan/102/2024/31.json?a=www.gaokao.cn,data/shanghai/raw/plan_api/static/2024/102.json,1
2024,综合,102,厦门大学,149469,01,物理、化学(2科必选),0701,数学类,2,5460,四年,https://static-data.gaokao.cn/www/2.0/schoolspecialplan/102/2024/31.json?a=www.gaokao.cn,data/shanghai/raw/plan_api/static/2024/102.json,1
2024,综合,102,厦门大学,149469,01,物理、化学(2科必选),0807,电子信息类,2,5460,四年,https://static-data.gaokao.cn/www/2.0/schoolspecialplan/102/2024/31.json?a=www.gaokao.cn,data/shanghai/raw/plan_api/static/2024/102.json,1
2024,综合,102,厦门大学,149469,01,物理、化学(2科必选),0809,计算机类,2,5460,四年,https://static-data.gaokao.cn/www/2.0/schoolspecialplan/102/2024/31.json?a=www.gaokao.cn,data/shanghai/raw/plan_api/static/2024/102.json,1
2024,综合,102,厦门大学,149469,01,物理、化学(2科必选),080910T,数据科学与大数据技术,2,5460,四年,https://static-data.gaokao.cn/www/2.0/schoolspecialplan/102/2024/31.json?a=www.gaokao.cn,data/shanghai/raw/plan_api/static/2024/102.json,1
2024,综合,102,厦门大学,149469,01,物理、化学(2科必选),0712,统计学类,2,5460,四年,https://static-data.gaokao.cn/www/2.0/schoolspecialplan/102/2024/31.json?a=www.gaokao.cn,data/shanghai/raw/plan_api/static/2024/102.json,1
2024,综合,102,厦门大学,148670,03,不限,0201,经济学类,4,5460,四年,https://static-data.gaokao.cn/www/2.0/schoolspecialplan/102/2024/31.json?a=www.gaokao.cn,data/shanghai/raw/plan_api/static/2024/102.json,1
2024,综合,102,厦门大学,148533,04,物理、化学(2科必选),070101,数学与应用数学,2,,四年,https://static-data.gaokao.cn/www/2.0/schoolspecialplan/102/2024/31.json?a=www.gaokao.cn,data/shanghai/raw/plan_api/static/2024/102.json,1
2024,综合,102,厦门大学,148670,03,不限,120203K,会计学,2,5460,四年,https://static-data.gaokao.cn/www/2.0/schoolspecialplan/102/2024/31.json?a=www.gaokao.cn,data/shanghai/raw/plan_api/static/2024/102.json,1
2024,综合,102,厦门大学,148533,04,物理、化学(2科必选),080902,软件工程,2,,四年,https://static-data.gaokao.cn/www/2.0/schoolspecialplan/102/2024/31.json?a=www.gaokao.cn,data/shanghai/raw/plan_api/static/2024/102.json,1
2024,综合,102,厦门大学,148964,02,不限,0502,外国语言文学类,1,5460,四年,https://static-data.gaokao.cn/www/2.0/schoolspecialplan/102/2024/31.json?a=www.gaokao.cn,data/shanghai/raw/plan_api/static/2024/102.json,1
2024,综合,102,厦门大学,148533,04,物理、化学(2科必选),080911TK,网络空间安全,1,,四年,https://static-data.gaokao.cn/www/2.0/schoolspecialplan/102/2024/31.json?a=www.gaokao.cn,data/shanghai/raw/plan_api/static/2024/102.json,1
2024,综合,102,厦门大学,148964,02,不限,0301,法学类,1,5460,四年,https://static-data.gaokao.cn/www/2.0/schoolspecialplan/102/2024/31.json?a=www.gaokao.cn,data/shanghai/raw/plan_api/static/2024/102.json,1
2024,综合,102,厦门大学,148964,02,不限,0503,新闻传播学类,1,5460,四年,https://static-data.gaokao.cn/www/2.0/schoolspecialplan/102/2024/31.json?a=www.gaokao.cn,data/shanghai/raw/plan_api/static/2024/102.json,1
2024,综合,102,厦门大学,148964,02,不限,96733,人文科学试验班,1,5460,四年,https://static-data.gaokao.cn/www/2.0/schoolspecialplan/102/2024/31.json?a=www.gaokao.cn,data/shanghai/raw/plan_api/static/2024/102.json,1
2024,综合,103,福州大学,149467,01,物理、化学(2科必选),080902,软件工程,4,5460,四年,https://static-data.gaokao.cn/www/2.0/schoolspecialplan/103/2024/31.json?a=www.gaokao.cn,data/shanghai/raw/plan_api/static/2024/103.json,1
2024,综合,103,福州大学,149467,01,物理、化学(2科必选),080202,机械设计制造及其自动化,4,5460,四年,https://static-data.gaokao.cn/www/2.0/schoolspecialplan/103/2024/31.json?a=www.gaokao.cn,data/shanghai/raw/plan_api/static/2024/103.json,1
2024,综合,103,福州大学,149467,01,物理、化学(2科必选),0807,电子信息类,3,5460,四年,https://static-data.gaokao.cn/www/2.0/schoolspecialplan/103/2024/31.json?a=www.gaokao.cn,data/shanghai/raw/plan_api/static/2024/103.json,1
2024,综合,103,福州大学,149467,01,物理、化学(2科必选),080602T,智能电网信息工程,3,5460,四年,https://static-data.gaokao.cn/www/2.0/schoolspecialplan/103/2024/31.json?a=www.gaokao.cn,data/shanghai/raw/plan_api/static/2024/103.json,1
2024,综合,103,福州大学,149467,01,物理、化学(2科必选),080717T,人工智能,3,5460,四年,https://static-data.gaokao.cn/www/2.0/schoolspecialplan/103/2024/31.json?a=www.gaokao.cn,data/shanghai/raw/plan_api/static/2024/103.json,1
2024,综合,103,福州大学,148963,02,不限,120203K,会计学,3,5460,四年,https://static-data.gaokao.cn/www/2.0/schoolspecialplan/103/2024/31.json?a=www.gaokao.cn,data/shanghai/raw/plan_api/static/2024/103.json,1
2024,综合,103,福州大学,148963,02,不限,120401,公共事业管理,3,5460,四年,https://static-data.gaokao.cn/www/2.0/schoolspecialplan/103/2024/31.json?a=www.gaokao.cn,data/shanghai/raw/plan_api/static/2024/103.json,1
2024,综合,103,福州大学,148963,02,不限,030102T,知识产权,3,5460,四年,https://static-data.gaokao.cn/www/2.0/schoolspecialplan/103/2024/31.json?a=www.gaokao.cn,data/shanghai/raw/plan_api/static/2024/103.json,1
2024,综合,104,中山大学,149319,01,物理、化学(2科必选),0807,电子信息类,7,6850,四年,https://static-data.gaokao.cn/www/2.0/schoolspecialplan/104/2024/31.json?a=www.gaokao.cn,data/shanghai/raw/plan_api/static/2024/104.json,1
2024,综合,104,中山大学,149319,01,物理、化学(2科必选),100201K,临床医学,5,7660,五年,https://static-data.gaokao.cn/www/2.0/schoolspecialplan/104/2024/31.json?a=www.gaokao.cn,data/shanghai/raw/plan_api/static/2024/104.json,1
2024,综合,104,中山大学,149319,01,物理、化学(2科必选),080911TK,网络空间安全,4,6850,四年,https://static-data.gaokao.cn/www/2.0/schoolspecialplan/104/2024/31.json?a=www.gaokao.cn,data/shanghai/raw/plan_api/static/2024/104.json,1
2024,综合,104,中山大学,149319,01,物理、化学(2科必选),070201,物理学,3,6850,四年,https://static-data.gaokao.cn/www/2.0/schoolspecialplan/104/2024/31.json?a=www.gaokao.cn,data/shanghai/raw/plan_api/static/2024/104.json,1
2024,综合,104,中山大学,149319,01,物理、化学(2科必选),082601,生物医学工程,3,6850,四年,https://static-data.gaokao.cn/www/2.0/schoolspecialplan/104/2024/31.json?a=www.gaokao.cn,data/shanghai/raw/plan_api/static/2024/104.json,1
2024,综合,104,中山大学,149319,01,物理、化学(2科必选),0701,数学类,3,6850,四年,https://static-data.gaokao.cn/www/2.0/schoolspecialplan/104/2024/31.json?a=www.gaokao.cn,data/shanghai/raw/plan_api/static/2024/104.json,1
2024,综合,104,中山大学,149319,01,物理、化学(2科必选),071004,生态学,2,6850,四年,https://static-data.gaokao.cn/www/2.0/schoolspecialplan/104/2024/31.json?a=www.gaokao.cn,data/shanghai/raw/plan_api/static/2024/104.json,1
2024,综合,104,中山大学,148866,02,不限,020101,经济学,3,6060,四年,https://static-data.gaokao.cn/www/2.0/schoolspecialplan/104/2024/31.json?a=www.gaokao.cn,data/shanghai/raw/plan_api/static/2024/104.json,1
2024,综合,104,中山大学,148866,02,不限,030101K,法学,2,6060,四年,https://static-data.gaokao.cn/www/2.0/schoolspecialplan/104/2024/31.json?a=www.gaokao.cn,data/shanghai/raw/plan_api/static/2024/104.json,1
2024,综合,104,中山大学,148866,02,不限,050101,汉语言文学,2,6060,四年,https://static-data.gaokao.cn/www/2.0/schoolspecialplan/104/2024/31.json?a=www.gaokao.cn,data/shanghai/raw/plan_api/static/2024/104.json,1
2024,综合,104,中山大学,148866,02,不限,0503,新闻传播学类,2,6060,四年,https://static-data.gaokao.cn/www/2.0/schoolspecialplan/104/2024/31.json?a=www.gaokao.cn,data/shanghai/raw/plan_api/static/2024/104.json,1
2024,综合,104,中山大学,148866,02,不限,0303,社会学类,2,6060,四年,https://static-data.gaokao.cn/www/2.0/schoolspecialplan/104/2024/31.json?a=www.gaokao.cn,data/shanghai/raw/plan_api/static/2024/104.json,1
2024,综合,105,华南理工大学,149318,01,物理、化学(2科必选),0809,计算机类,2,6850,四年,https://static-data.gaokao.cn/www/2.0/schoolspecialplan/105/2024/31.json?a=www.gaokao.cn,data/shanghai/raw/plan_api/static/2024/105.json,1
2024,综合,105,华南理工大学,149318,01,物理、化学(2科必选),2152607,工科试验班,2,6850,四年,https://static-data.gaokao.cn/www/2.0/schoolspecialplan/105/2024/31.json?a=www.gaokao.cn,data/shanghai/raw/plan_api/static/2024/105.json,1
2024,综合,105,华南理工大学,149318,01,物理、化学(2科必选),080501,能源与动力工程,1,6850,四年,https://static-data.gaokao.cn/www/2.0/schoolspecialplan/105/2024/31.json?a=www.gaokao.cn,data/shanghai/raw/plan_api/static/2024/105.json,1
2024,综合,105,华南理工大学,149318,01,物理、化学(2科必选),080706,信息工程,1,6850,四年,https://static-data.gaokao.cn/www/2.0/schoolspecialplan/105/2024/31.json?a=www.gaokao.cn,data/shanghai/raw/plan_api/static/2024/105.json,1
2024,综合,105,华南理工大学,148865,02,不限,1202,工商管理类,1,6060,四年,https://static-data.gaokao.cn/www/2.0/schoolspecialplan/105/2024/31.json?a=www.gaokao.cn,data/shanghai/raw/plan_api/static/2024/105.json,1
2024,综合,105,华南理工大学,148865,02,不限,0201,经济学类,1,6060,四年,https://static-data.gaokao.cn/www/2.0/schoolspecialplan/105/2024/31.json?a=www.gaokao.cn,data/shanghai/raw/plan_api/static/2024/105.json,1
2024,综合,106,暨南大学,149317,01,物理、化学(2科必选),080705,光电信息科学与工程,3,6850,四年,https://static-data.gaokao.cn/www/2.0/schoolspecialplan/106/2024/31.json?a=www.gaokao.cn,data/shanghai/raw/plan_api/static/2024/106.json,1
2024,综合,106,暨南大学,149317,01,物理、化学(2科必选),070302,应用化学,2,6850,四年,https://static-data.gaokao.cn/www/2.0/schoolspecialplan/106/2024/31.json?a=www.gaokao.cn,data/shanghai/raw/plan_api/static/2024/106.json,1
2024,综合,106,暨南大学,149317,01,物理、化学(2科必选),080601,电气工程及其自动化,2,6850,四年,https://static-data.gaokao.cn/www/2.0/schoolspecialplan/106/2024/31.json?a=www.gaokao.cn,data/shanghai/raw/plan_api/static/2024/106.json,1
2024,综合,106,暨南大学,149317,01,物理、化学(2科必选),100301K,口腔医学,2,7660,五年,https://static-data.gaokao.cn/www/2.0/schoolspecialplan/106/2024/31.json?a=www.gaokao.cn,data/shanghai/raw/plan_api/static/2024/106.json,1
2024,综合,106,暨南大学,149317,01,物理、化学(2科必选),082701,食品科学与工程,2,6850,四年,https://static-data.gaokao.cn/www/2.0/schoolspecialplan/106/2024/31.json?a=www.gaokao.cn,data/shanghai/raw/plan_api/static/2024/106.json,1
2024,综合,106,暨南大学,148623,03,不限,050103,汉语国际教育,2,6060,四年,https://static-data.gaokao.cn/www/2.0/schoolspecialplan/106/2024/31.json?a=www.gaokao.cn,data/shanghai/raw/plan_api/static/2024/106.json,1
2024,综合,106,暨南大学,148623,03,不限,120201K,工商管理,2,6060,四年,https://static-data.gaokao.cn/www/2.0/schoolspecialplan/106/2024/31.json?a=www.gaokao.cn,data/shanghai/raw/plan_api/static/2024/106.json,1
2024,综合,106,暨南大学,148864,02,物理必选,120102,信息管理与信息系统,2,6850,四年,https://static-data.gaokao.cn/www/2.0/schoolspecialplan/106/2024/31.json?a=www.gaokao.cn,data/shanghai/raw/plan_api/static/2024/106.json,1
2024,综合,106,暨南大学,148623,03,不限,050261,翻译,2,6850,四年,https://static-data.gaokao.cn/www/2.0/schoolspecialplan/106/2024/31.json?a=www.gaokao.cn,data/shanghai/raw/plan_api/static/2024/106.json,1
2024,综合,106,暨南大学,148623,03,不限,120203K,会计学,2,18000,四年,https://static-data.gaokao.cn/www/2.0/schoolspecialplan/106/2024/31.json?a=www.gaokao.cn,data/shanghai/raw/plan_api/static/2024/106.json,1
2024,综合,106,暨南大学,148623,03,不限,050309T,国际新闻与传播,2,12000,四年,https://static-data.gaokao.cn/www/2.0/schoolspecialplan/106/2024/31.json?a=www.gaokao.cn,data/shanghai/raw/plan_api/static/2024/106.json,1
2024,综合,107,西北工业大学,149229,01,物理、化学(2科必选),0809,计算机类,5,6600,四年,https://static-data.gaokao.cn/www/2.0/schoolspecialplan/107/2024/31.json?a=www.gaokao.cn,data/shanghai/raw/plan_api/static/2024/107.json,1
2024,综合,107,西北工业大学,149229,01,物理、化学(2科必选),0807,电子信息类,4,6600,四年,https://static-data.gaokao.cn/www/2.0/schoolspecialplan/107/2024/31.json?a=www.gaokao.cn,data/shanghai/raw/plan_api/static/2024/107.json,1
2024,综合,107,西北工业大学,149229,01,物理、化学(2科必选),0820,航空航天类,1,6600,四年,https://static-data.gaokao.cn/www/2.0/schoolspecialplan/107/2024/31.json?a=www.gaokao.cn,data/shanghai/raw/plan_api/static/2024/107.json,1
2024,综合,107,西北工业大学,149229,01,物理、化学(2科必选),0805,能源动力类,2,6600,四年,https://static-data.gaokao.cn/www/2.0/schoolspecialplan/107/2024/31.json?a=www.gaokao.cn,data/shanghai/raw/plan_api/static/2024/107.json,1
2024,综合,107,西北工业大学,149229,01,物理、化学(2科必选),0819,海洋工程类,2,6600,四年,https://static-data.gaokao.cn/www/2.0/schoolspecialplan/107/2024/31.json?a=www.gaokao.cn,data/shanghai/raw/plan_api/static/2024/107.json,1
2024,综合,107,西北工业大学,149229,01,物理、化学(2科必选),0802,机械类,2,6600,四年,https://static-data.gaokao.cn/www/2.0/schoolspecialplan/107/2024/31.json?a=www.gaokao.cn,data/shanghai/raw/plan_api/static/2024/107.json,1
2024,综合,107,西北工业大学,148812,02,物理、化学(2科必选),080401,材料科学与工程,5,90000,四年,https://static-data.gaokao.cn/www/2.0/schoolspecialplan/107/2024/31.json?a=www.gaokao.cn,data/shanghai/raw/plan_api/static/2024/107.json,1
2024,综合,107,西北工业大学,148812,02,物理、化学(2科必选),080407,高分子材料与工程,4,90000,四年,https://static-data.gaokao.cn/www/2.0/schoolspecialplan/107/2024/31.json?a=www.gaokao.cn,data/shanghai/raw/plan_api/static/2024/107.json,1
2024,综合,108,南昌大学,149455,01,物理、化学(2科必选),071001,生物科学,2,5250,四年,https://static-data.gaokao.cn/www/2.0/schoolspecialplan/108/2024/31.json?a=www.gaokao.cn,data/shanghai/raw/plan_api/static/2024/108.json,1
2024,综合,108,南昌大学,149455,01,物理、化学(2科必选),080601,电气工程及其自动化,2,5550,四年,https://static-data.gaokao.cn/www/2.0/schoolspecialplan/108/2024/31.json?a=www.gaokao.cn,data/shanghai/raw/plan_api/static/2024/108.json,1
2024,综合,108,南昌大学,148665,03,物理、化学(2科必选),100201K,临床医学,4,80000,五年,https://static-data.gaokao.cn/www/2.0/schoolspecialplan/108/2024/31.json?a=www.gaokao.cn,data/shanghai/raw/plan_api/static/2024/108.json,1
2024,综合,108,南昌大学,148957,02,不限,020301K,金融学,2,4950,四年,https://static-data.gaokao.cn/www/2.0/schoolspecialplan/108/2024/31.json?a=www.gaokao.cn,data/shanghai/raw/plan_api/static/2024/108.json,1
2024,综合,109,东南大学,149560,01,物理、化学(2科必选),0807,电子信息类,16,6380,四年,https://static-data.gaokao.cn/www/2.0/schoolspecialplan/109/2024/31.json?a=www.gaokao.cn,data/shanghai/raw/plan_api/static/2024/109.json,1
2024,综合,109,东南大学,149560,01,物理、化学(2科必选),563992,工科试验班,6,6380,四年,https://static-data.gaokao.cn/www/2.0/schoolspecialplan/109/2024/31.json?a=www.gaokao.cn,data/shanghai/raw/plan_api/static/2024/109.json,1
2024,综合,109,东南大学,149560,01,物理、化学(2科必选),0809,计算机类,9,6380,四年,https://static-data.gaokao.cn/www/2.0/schoolspecialplan/109/2024/31.json?a=www.gaokao.cn,data/shanghai/raw/plan_api/static/2024/109.json,1
2024,综合,111,南京大学,149561,01,物理、化学(2科必选),1864687,技术科学试验班,10,6380,四年,https://static-data.gaokao.cn/www/2.0/schoolspecialplan/111/2024/31.json?a=www.gaokao.cn,data/shanghai/raw/plan_api/static/2024/111.json,1
2024,综合,111,南京大学,149561,01,物理、化学(2科必选),96891,理科试验班类,3,6050,四年,https://static-data.gaokao.cn/www/2.0/schoolspecialplan/111/2024/31.json?a=www.gaokao.cn,data/shanghai/raw/plan_api/static/2024/111.json,1
2024,综合,111,南京大学,149561,01,物理、化学(2科必选),080901,计算机科学与技术,4,6050,四年,https://static-data.gaokao.cn/www/2.0/schoolspecialplan/111/2024/31.json?a=www.gaokao.cn,data/shanghai/raw/plan_api/static/2024/111.json,1
2024,综合,111,南京大学,149561,01,物理、化学(2科必选),080902,软件工程,4,6380,四年,https://static-data.gaokao.cn/www/2.0/schoolspecialplan/111/2024/31.json?a=www.gaokao.cn,data/shanghai/raw/plan_api/static/2024/111.json,1
2024,综合,111,南京大学,149561,01,物理、化学(2科必选),0807,电子信息类,3,6380,四年,https://static-data.gaokao.cn/www/2.0/schoolspecialplan/111/2024/31.json?a=www.gaokao.cn,data/shanghai/raw/plan_api/static/2024/111.json,1
2024,综合,111,南京大学,149561,01,物理、化学(2科必选),080717T,人工智能,3,6380,四年,https://static-data.gaokao.cn/www/2.0/schoolspecialplan/111/2024/31.json?a=www.gaokao.cn,data/shanghai/raw/plan_api/static/2024/111.json,1
2024,综合,111,南京大学,149561,01,物理、化学(2科必选),96928,理科试验班,2,6050,四年,https://static-data.gaokao.cn/www/2.0/schoolspecialplan/111/2024/31.json?a=www.gaokao.cn,data/shanghai/raw/plan_api/static/2024/111.json,1
2024,综合,111,南京大学,148431,Q4,物理、化学(2科必选),070601,大气科学,8,75000,四年,https://static-data.gaokao.cn/www/2.0/schoolspecialplan/111/2024/31.json?a=www.gaokao.cn,data/shanghai/raw/plan_api/static/2024/111.json,0
2024,综合,111,南京大学,148434,Q3,不限,130304,戏剧影视文学,5,7480,四年,https://static-data.gaokao.cn/www/2.0/schoolspecialplan/111/2024/31.json?a=www.gaokao.cn,data/shanghai/raw/plan_api/static/2024/111.json,0
2024,综合,111,南京大学,149033,02,不限,96861,经济管理试验班,3,5720,四年,https://static-data.gaokao.cn/www/2.0/schoolspecialplan/111/2024/31.json?a=www.gaokao.cn,data/shanghai/raw/plan_api/static/2024/111.json,1
2024,综合,111,南京大学,149033,02,不限,050101,汉语言文学,1,5720,四年,https://static-data.gaokao.cn/www/2.0/schoolspecialplan/111/2024/31.json?a=www.gaokao.cn,data/shanghai/raw/plan_api/static/2024/111.json,1
2024,综合,111,南京大学,149033,02,不限,050201,英语,1,5720,四年,https://static-data.gaokao.cn/www/2.0/schoolspecialplan/111/2024/31.json?a=www.gaokao.cn,data/shanghai/raw/plan_api/static/2024/111.json,1
2024,综合,112,南京理工大学,149552,01,物理、化学(2科必选),0807,电子信息类,5,6380,四年,https://static-data.gaokao.cn/www/2.0/schoolspecialplan/112/2024/31.json?a=www.gaokao.cn,data/shanghai/raw/plan_api/static/2024/112.json,1
2024,综合,112,南京理工大学,149552,01,物理、化学(2科必选),0804,材料类,5,6380,四年,https://static-data.gaokao.cn/www/2.0/schoolspecialplan/112/2024/31.json?a=www.gaokao.cn,data/shanghai/raw/plan_api/static/2024/112.json,1
2024,综合,112,南京理工大学,149552,01,物理、化学(2科必选),0809,计算机类,3,6380,四年,https://static-data.gaokao.cn/www/2.0/schoolspecialplan/112/2024/31.json?a=www.gaokao.cn,data/shanghai/raw/plan_api/static/2024/112.json,1
2024,综合,112,南京理工大学,149552,01,物理、化学(2科必选),080704,微电子科学与工程,2,6380,四年,https://static-data.gaokao.cn/www/2.0/schoolspecialplan/112/2024/31.json?a=www.gaokao.cn,data/shanghai/raw/plan_api/static/2024/112.json,1
2024,综合,112,南京理工大学,149552,01,物理、化学(2科必选),0805,能源动力类,2,5800,四年,https://static-data.gaokao.cn/www/2.0/schoolspecialplan/112/2024/31.json?a=www.gaokao.cn,data/shanghai/raw/plan_api/static/2024/112.json,1
2024,综合,112,南京理工大学,149552,01,物理、化学(2科必选),0802,机械类,2,6380,四年,https://static-data.gaokao.cn/www/2.0/schoolspecialplan/112/2024/31.json?a=www.gaokao.cn,data/shanghai/raw/plan_api/static/2024/112.json,1
2024,综合,112,南京理工大学,149025,02,物理必选,0201,经济学类,4,5720,四年,https://static-data.gaokao.cn/www/2.0/schoolspecialplan/112/2024/31.json?a=www.gaokao.cn,data/shanghai/raw/plan_api/static/2024/112.json,1
2024,综合,112,南京理工大学,149025,02,物理必选,1202,工商管理类,4,5720,四年,https://static-data.gaokao.cn/www/2.0/schoolspecialplan/112/2024/31.json?a=www.gaokao.cn,data/shanghai/raw/plan_api/static/2024/112.json,1
2024,综合,113,南京农业大学,149556,01,物理、化学(2科必选),0904,动物医学类,9,2500,五年,https://static-data.gaokao.cn/www/2.0/schoolspecialplan/113/2024/31.json?a=www.gaokao.cn,data/shanghai/raw/plan_api/static/2024/113.json,1
2024,综合,113,南京农业大学,149556,01,物理、化学(2科必选),0827,食品科学与工程类,8,5800,四年,https://static-data.gaokao.cn/www/2.0/schoolspecialplan/113/2024/31.json?a=www.gaokao.cn,data/shanghai/raw/plan_api/static/2024/113.json,1
2024,综合,113,南京农业大学,149556,01,物理、化学(2科必选),0825,环境科学与工程类,7,2750,四年,https://static-data.gaokao.cn/www/2.0/schoolspecialplan/113/2024/31.json?a=www.gaokao.cn,data/shanghai/raw/plan_api/static/2024/113.json,1
2024,综合,113,南京农业大学,149556,01,物理、化学(2科必选),090301,动物科学,6,2750,四年,https://static-data.gaokao.cn/www/2.0/schoolspecialplan/113/2024/31.json?a=www.gaokao.cn,data/shanghai/raw/plan_api/static/2024/113.json,1
2024,综合,113,南京农业大学,149556,01,物理、化学(2科必选),090103,植物保护,5,2750,四年,https://static-data.gaokao.cn/www/2.0/schoolspecialplan/113/2024/31.json?a=www.gaokao.cn,data/shanghai/raw/plan_api/static/2024/113.json,1
2024,综合,113,南京农业大学,149556,01,物理、化学(2科必选),090102,园艺,4,2750,四年,https://static-data.gaokao.cn/www/2.0/schoolspecialplan/113/2024/31.json?a=www.gaokao.cn,data/shanghai/raw/plan_api/static/2024/113.json,1
2024,综合,113,南京农业大学,149029,02,不限,020301K,金融学,3,5200,四年,https://static-data.gaokao.cn/www/2.0/schoolspecialplan/113/2024/31.json?a=www.gaokao.cn,data/shanghai/raw/plan_api/static/2024/113.json,1
2024,综合,113,南京农业大学,149029,02,不限,020401,国际经济与贸易,3,5200,四年,https://static-data.gaokao.cn/www/2.0/schoolspecialplan/113/2024/31.json?a=www.gaokao.cn,data/shanghai/raw/plan_api/static/2024/113.json,1
2024,综合,113,南京农业大学,149029,02,不限,120203K,会计学,2,5200,四年,https://static-data.gaokao.cn/www/2.0/schoolspecialplan/113/2024/31.json?a=www.gaokao.cn,data/shanghai/raw/plan_api/static/2024/113.json,1
2024,综合,113,南京农业大学,149029,02,不限,020304,投资学,2,5200,四年,https://static-data.gaokao.cn/www/2.0/schoolspecialplan/113/2024/31.json?a=www.gaokao.cn,data/shanghai/raw/plan_api/static/2024/113.json,1
2024,综合,113,南京农业大学,149029,02,不限,050201,英语,2,5200,四年,https://static-data.gaokao.cn/www/2.0/schoolspecialplan/113/2024/31.json?a=www.gaokao.cn,data/shanghai/raw/plan_api/static/2024/113.json,1
2024,综合,113,南京农业大学,149029,02,不限,0303,社会学类,2,5200,四年,https://static-data.gaokao.cn/www/2.0/schoolspecialplan/113/2024/31.json?a=www.gaokao.cn,data/shanghai/raw/plan_api/static/2024/113.json,1
2024,综合,113,南京农业大学,149029,02,不限,1202,工商管理类,2,5200,四年,https://static-data.gaokao.cn/www/2.0/schoolspecialplan/113/2024/31.json?a=www.gaokao.cn,data/shanghai/raw/plan_api/static/2024/113.json,1
2024,综合,113,南京农业大学,149029,02,不限,1204,公共管理类,2,5720,四年,https://static-data.gaokao.cn/www/2.0/schoolspecialplan/113/2024/31.json?a=www.gaokao.cn,data/shanghai/raw/plan_api/static/2024/113.json,1
2024,综合,114,浙江大学,149512,01,物理、化学(2科必选),96199,工科试验班,2,6900,四年,https://static-data.gaokao.cn/www/2.0/schoolspecialplan/114/2024/31.json?a=www.gaokao.cn,data/shanghai/raw/plan_api/static/2024/114.json,1
2024,综合,114,浙江大学,149512,01,物理、化学(2科必选),96125,理科试验班类,2,5300,四年,https://static-data.gaokao.cn/www/2.0/schoolspecialplan/114/2024/31.json?a=www.gaokao.cn,data/shanghai/raw/plan_api/static/2024/114.json,1
2024,综合,114,浙江大学,149512,01,物理、化学(2科必选),080717T,人工智能,1,6900,四年,https://static-data.gaokao.cn/www/2.0/schoolspecialplan/114/2024/31.json?a=www.gaokao.cn,data/shanghai/raw/plan_api/static/2024/114.json,1
2024,综合,114,浙江大学,148996,02,不限,96104,社会科学试验班,2,6000,四年,https://static-data.gaokao.cn/www/2.0/schoolspecialplan/114/2024/31.json?a=www.gaokao.cn,data/shanghai/raw/plan_api/static/2024/114.json,1
2024,综合,115,上海海大,149545,01,物理、化学(2科必选),070703T,海洋资源与环境,3,6050,四年,https://static-data.gaokao.cn/www/2.0/schoolspecialplan/115/2024/31.json?a=www.gaokao.cn,data/shanghai/raw/plan_api/static/2024/115.json,1
2024,综合,115,上海海大,149545,01,物理、化学(2科必选),0703,化学类,2,6050,四年,https://static-data.gaokao.cn/www/2.0/schoolspecialplan/115/2024/31.json?a=www.gaokao.cn,data/shanghai/raw/plan_api/static/2024/115.json,1
2024,综合,115,上海海大,148694,03,不限,040107,小学教育,3,5720,四年,https://static-data.gaokao.cn/www/2.0/schoolspecialplan/115/2024/31.json?a=www.gaokao.cn,data/shanghai/raw/plan_api/static/2024/115.json,1
2024,综合,115,上海海大,149019,02,历史必选,0601,历史学类,3,5200,四年,https://static-data.gaokao.cn/www/2.0/schoolspecialplan/115/2024/31.json?a=www.gaokao.cn,data/shanghai/raw/plan_api/static/2024/115.json,1
2024,综合,115,上海海大,148694,03,不限,040106,学前教育,2,5720,四年,https://static-data.gaokao.cn/www/2.0/schoolspecialplan/115/2024/31.json?a=www.gaokao.cn,data/shanghai/raw/plan_api/static/2024/115.json,1
2024,综合,116,河海大学,149558,01,物理、化学(2科必选),081102,水文与水资源工程,3,6380,四年,https://static-data.gaokao.cn/www/2.0/schoolspecialplan/116/2024/31.json?a=www.gaokao.cn,data/shanghai/raw/plan_api/static/2024/116.json,1
2024,综合,116,河海大学,149558,01,物理、化学(2科必选),081101,水利水电工程,3,6380,四年,https://static-data.gaokao.cn/www/2.0/schoolspecialplan/116/2024/31.json?a=www.gaokao.cn,data/shanghai/raw/plan_api/static/2024/116.json,1
2024,综合,116,河海大学,149558,01,物理、化学(2科必选),080901,计算机科学与技术,2,6380,四年,https://static-data.gaokao.cn/www/2.0/schoolspecialplan/116/2024/31.json?a=www.gaokao.cn,data/shanghai/raw/plan_api/static/2024/116.json,1
2024,综合,116,河海大学,149558,01,物理、化学(2科必选),080601,电气工程及其自动化,2,6380,四年,https://static-data.gaokao.cn/www/2.0/schoolspecialplan/116/2024/31.json?a=www.gaokao.cn,data/shanghai/raw/plan_api/static/2024/116.json,1
2024,综合,116,河海大学,149558,01,物理、化学(2科必选),081103,港口航道与海岸工程,2,6380,四年,https://static-data.gaokao.cn/www/2.0/schoolspecialplan/116/2024/31.json?a=www.gaokao.cn,data/shanghai/raw/plan_api/static/2024/116.json,1
2024,综合,116,河海大学,149558,01,物理、化学(2科必选),080803T,机器人工程,2,5800,四年,https://static-data.gaokao.cn/www/2.0/schoolspecialplan/116/2024/31.json?a=www.gaokao.cn,data/shanghai/raw/plan_api/static/2024/116.json,1
2024,综合,116,河海大学,149558,01,物理、化学(2科必选),080201,机械工程,2,5800,四年,https://static-data.gaokao.cn/www/2.0/schoolspecialplan/116/2024/31.json?a=www.gaokao.cn,data/shanghai/raw/plan_api/static/2024/116.json,1
2024,综合,116,河海大学,149558,01,物理、化学(2科必选),080905,物联网工程,2,6380,四年,https://static-data.gaokao.cn/www/2.0/schoolspecialplan/116/2024/31.json?a=www.gaokao.cn,data/shanghai/raw/plan_api/static/2024/116.json,1
2024,综合,116,河海大学,149558,01,物理、化学(2科必选),080907T,智能科学与技术,2,6380,四年,https://static-data.gaokao.cn/www/2.0/schoolspecialplan/116/2024/31.json?a=www.gaokao.cn,data/shanghai/raw/plan_api/static/2024/116.json,1
2024,综合,116,河海大学,149558,01,物理、化学(2科必选),081901,船舶与海洋工程,2,5800,四年,https://static-data.gaokao.cn/www/2.0/schoolspecialplan/116/2024/31.json?a=www.gaokao.cn,data/shanghai/raw/plan_api/static/2024/116.json,1
2024,综合,116,河海大学,148700,03,不限,050201,英语,2,5200,四年,https://static-data.gaokao.cn/www/2.0/schoolspecialplan/116/2024/31.json?a=www.gaokao.cn,data/shanghai/raw/plan_api/static/2024/116.json,1
2024,综合,116,河海大学,148700,03,不限,120206,人力资源管理,2,5720,四年,https://static-data.gaokao.cn/www/2.0/schoolspecialplan/116/2024/31.json?a=www.gaokao.cn,data/shanghai/raw/plan_api/static/2024/116.json,1
2024,综合,116,河海大学,148544,04,物理、化学(2科必选),081001,土木工程,2,58000,四年,https://static-data.gaokao.cn/www/2.0/schoolspecialplan/116/2024/31.json?a=www.gaokao.cn,data/shanghai/raw/plan_api/static/2024/116.json,1
2024,综合,116,河海大学,149031,02,物理必选,120102,信息管理与信息系统,2,5720,四年,https://static-data.gaokao.cn/www/2.0/schoolspecialplan/116/2024/31.json?a=www.gaokao.cn,data/shanghai/raw/plan_api/static/2024/116.json,1
2024,综合,116,河海大学,148544,04,物理、化学(2科必选),080201,机械工程,2,58000,四年,https://static-data.gaokao.cn/www/2.0/schoolspecialplan/116/2024/31.json?a=www.gaokao.cn,data/shanghai/raw/plan_api/static/2024/116.json,1
2024,综合,116,河海大学,149031,02,物理必选,020302,金融工程,2,5200,四年,https://static-data.gaokao.cn/www/2.0/schoolspecialplan/116/2024/31.json?a=www.gaokao.cn,data/shanghai/raw/plan_api/static/2024/116.json,1
2024,综合,117,中国药科大学,149555,01,物理、化学(2科必选),1007,药学类,5,7480,四年,https://static-data.gaokao.cn/www/2.0/schoolspecialplan/117/2024/31.json?a=www.gaokao.cn,data/shanghai/raw/plan_api/static/2024/117.json,1
2024,综合,117,中国药科大学,149555,01,物理、化学(2科必选),100704T,药事管理,1,6800,四年,https://static-data.gaokao.cn/www/2.0/schoolspecialplan/117/2024/31.json?a=www.gaokao.cn,data/shanghai/raw/plan_api/static/2024/117.json,1
2024,综合,117,中国药科大学,149555,01,物理、化学(2科必选),083002T,生物制药,1,6380,四年,https://static-data.gaokao.cn/www/2.0/schoolspecialplan/117/2024/31.json?a=www.gaokao.cn,data/shanghai/raw/plan_api/static/2024/117.json,1
2024,综合,117,中国药科大学,149555,01,物理、化学(2科必选),100707T,海洋药学,1,7480,四年,https://static-data.gaokao.cn/www/2.0/schoolspecialplan/117/2024/31.json?a=www.gaokao.cn,data/shanghai/raw/plan_api/static/2024/117.json,1
2024,综合,117,中国药科大学,149555,01,物理、化学(2科必选),0813,化工与制药类,1,5800,四年,https://static-data.gaokao.cn/www/2.0/schoolspecialplan/117/2024/31.json?a=www.gaokao.cn,data/shanghai/raw/plan_api/static/2024/117.json,1
2024,综合,117,中国药科大学,149555,01,物理、化学(2科必选),1008,中药学类,1,7480,四年,https://static-data.gaokao.cn/www/2.0/schoolspecialplan/117/2024/31.json?a=www.gaokao.cn,data/shanghai/raw/plan_api/static/2024/117.json,1
2024,综合,117,中国药科大学,149555,01,物理、化学(2科必选),101012T,生物医药数据科学,1,6800,四年,https://static-data.gaokao.cn/www/2.0/schoolspecialplan/117/2024/31.json?a=www.gaokao.cn,data/shanghai/raw/plan_api/static/2024/117.json,1
2024,综合,117,中国药科大学,149555,01,物理、化学(2科必选),071204T,生物统计学,1,5200,四年,https://static-data.gaokao.cn/www/2.0/schoolspecialplan/117/2024/31.json?a=www.gaokao.cn,data/shanghai/raw/plan_api/static/2024/117.json,1
2024,综合,117,中国药科大学,149028,02,物理、化学(2科必选),100703TK,临床药学,4,26400,五年,https://static-data.gaokao.cn/www/2.0/schoolspecialplan/117/2024/31.json?a=www.gaokao.cn,data/shanghai/raw/plan_api/static/2024/117.json,1
2024,综合,118,苏州大学,149551,01,物理、化学(2科必选),080705,光电信息科学与工程,2,6380,四年,https://static-data.gaokao.cn/www/2.0/schoolspecialplan/118/2024/31.json?a=www.gaokao.cn,data/shanghai/raw/plan_api/static/2024/118.json,1
2024,综合,118,苏州大学,149551,01,物理、化学(2科必选),080902,软件工程,2,6380,四年,https://static-data.gaokao.cn/www/2.0/schoolspecialplan/118/2024/31.json?a=www.gaokao.cn,data/shanghai/raw/plan_api/static/2024/118.json,1
2024,综合,118,苏州大学,149551,01,物理、化学(2科必选),071002,生物技术,2,5500,四年,https://static-data.gaokao.cn/www/2.0/schoolspecialplan/118/2024/31.json?a=www.gaokao.cn,data/shanghai/raw/plan_api/static/2024/118.json,1
2024,综合,118,苏州大学,149551,01,物理、化学(2科必选),0804,材料类,2,6380,四年,https://static-data.gaokao.cn/www/2.0/schoolspecialplan/118/2024/31.json?a=www.gaokao.cn,data/shanghai/raw/plan_api/static/2024/118.json,1
2024,综合,118,苏州大学,149551,01,物理、化学(2科必选),100701,药学,1,7480,四年,https://static-data.gaokao.cn/www/2.0/schoolspecialplan/118/2024/31.json?a=www.gaokao.cn,data/shanghai/raw/plan_api/static/2024/118.json,1
2024,综合,118,苏州大学,149551,01,物理、化学(2科必选),080414T,新能源材料与器件,1,5800,四年,https://static-data.gaokao.cn/www/2.0/schoolspecialplan/118/2024/31.json?a=www.gaokao.cn,data/shanghai/raw/plan_api/static/2024/118.json,1
2024,综合,118,苏州大学,149551,01,物理、化学(2科必选),080413T,纳米材料与技术,1,6380,四年,https://static-data.gaokao.cn/www/2.0/schoolspecialplan/118/2024/31.json?a=www.gaokao.cn,data/shanghai/raw/plan_api/static/2024/118.json,1
2024,综合,118,苏州大学,149551,01,物理、化学(2科必选),080703,通信工程,1,6380,四年,https://static-data.gaokao.cn/www/2.0/schoolspecialplan/118/2024/31.json?a=www.gaokao.cn,data/shanghai/raw/plan_api/static/2024/118.json,1
2024,综合,118,苏州大学,149551,01,物理、化学(2科必选),080201,机械工程,1,5800,四年,https://static-data.gaokao.cn/www/2.0/schoolspecialplan/118/2024/31.json?a=www.gaokao.cn,data/shanghai/raw/plan_api/static/2024/118.json,1
2024,综合,118,苏州大学,149551,01,物理、化学(2科必选),080204,机械电子工程,1,5800,四年,https://static-data.gaokao.cn/www/2.0/schoolspecialplan/118/2024/31.json?a=www.gaokao.cn,data/shanghai/raw/plan_api/static/2024/118.json,1
2024,综合,118,苏州大学,149551,01,物理、化学(2科必选),081602,服装设计与工程,1,6380,四年,https://static-data.gaokao.cn/www/2.0/schoolspecialplan/118/2024/31.json?a=www.gaokao.cn,data/shanghai/raw/plan_api/static/2024/118.json,1
2024,综合,118,苏州大学,149551,01,物理、化学(2科必选),100201K,临床医学,1,7480,五年,https://static-data.gaokao.cn/www/2.0/schoolspecialplan/118/2024/31.json?a=www.gaokao.cn,data/shanghai/raw/plan_api/static/2024/118.json,1
2024,综合,118,苏州大学,149551,01,物理、化学(2科必选),100206TK,放射医学,1,7480,五年,https://static-data.gaokao.cn/www/2.0/schoolspecialplan/118/2024/31.json?a=www.gaokao.cn,data/shanghai/raw/plan_api/static/2024/118.json,1
2024,综合,118,苏州大学,149551,01,物理、化学(2科必选),0701,数学类,1,6050,四年,https://static-data.gaokao.cn/www/2.0/schoolspecialplan/118/2024/31.json?a=www.gaokao.cn,data/shanghai/raw/plan_api/static/2024/118.json,1
2024,综合,118,苏州大学,149551,01,物理、化学(2科必选),080213T,智能制造工程,1,5800,四年,https://static-data.gaokao.cn/www/2.0/schoolspecialplan/118/2024/31.json?a=www.gaokao.cn,data/shanghai/raw/plan_api/static/2024/118.json,1
2024,综合,118,苏州大学,149551,01,物理、化学(2科必选),080803T,机器人工程,1,5800,四年,https://static-data.gaokao.cn/www/2.0/schoolspecialplan/118/2024/31.json?a=www.gaokao.cn,data/shanghai/raw/plan_api/static/2024/118.json,1
2024,综合,118,苏州大学,149551,01,物理、化学(2科必选),080910T,数据科学与大数据技术,1,6380,四年,https://static-data.gaokao.cn/www/2.0/schoolspecialplan/118/2024/31.json?a=www.gaokao.cn,data/shanghai/raw/plan_api/static/2024/118.json,1
2024,综合,118,苏州大学,149551,01,物理、化学(2科必选),080720T,智能测控工程,1,6380,四年,https://static-data.gaokao.cn/www/2.0/schoolspecialplan/118/2024/31.json?a=www.gaokao.cn,data/shanghai/raw/plan_api/static/2024/118.json,1
2024,综合,118,苏州大学,148483,05,不限,050306T,网络与新媒体,1,5720,四年,https://static-data.gaokao.cn/www/2.0/schoolspecialplan/118/2024/31.json?a=www.gaokao.cn,data/shanghai/raw/plan_api/static/2024/118.json,1
2024,综合,118,苏州大学,148483,05,不限,030302,社会工作,1,5200,四年,https://static-data.gaokao.cn/www/2.0/schoolspecialplan/118/2024/31.json?a=www.gaokao.cn,data/shanghai/raw/plan_api/static/2024/118.json,1
2024,综合,118,苏州大学,148698,03,生物必选,101101K,护理学,1,6800,四年,https://static-data.gaokao.cn/www/2.0/schoolspecialplan/118/2024/31.json?a=www.gaokao.cn,data/shanghai/raw/plan_api/static/2024/118.json,1
2024,综合,118,苏州大学,148483,05,不限,020201K,财政学,1,5200,四年,https://static-data.gaokao.cn/www/2.0/schoolspecialplan/118/2024/31.json?a=www.gaokao.cn,data/shanghai/raw/plan_api/static/2024/118.json,1
2024,综合,118,苏州大学,148483,05,不限,030101K,法学,1,5720,四年,https://static-data.gaokao.cn/www/2.0/schoolspecialplan/118/2024/31.json?a=www.gaokao.cn,data/shanghai/raw/plan_api/static/2024/118.json,1
2024,综合,118,苏州大学,148483,05,不限,082801,建筑学,1,5800,五年,https://static-data.gaokao.cn/www/2.0/schoolspecialplan/118/2024/31.json?a=www.gaokao.cn,data/shanghai/raw/plan_api/static/2024/118.json,1
2024,综合,118,苏州大学,149024,02,物理必选,040206T,运动康复,1,5830,四年,https://static-data.gaokao.cn/www/2.0/schoolspecialplan/118/2024/31.json?a=www.gaokao.cn,data/shanghai/raw/plan_api/static/2024/118.json,1
2024,综合,118,苏州大学,148542,04,史、政、地(3科必选),050101,汉语言文学,1,5720,四年,https://static-data.gaokao.cn/www/2.0/schoolspecialplan/118/2024/31.json?a=www.gaokao.cn,data/shanghai/raw/plan_api/static/2024/118.json,1
2024,综合,119,重庆大学,149286,01,物理、化学(2科必选),1500085,理科试验班,5,5625,四年,https://static-data.gaokao.cn/www/2.0/schoolspecialplan/119/2024/31.json?a=www.gaokao.cn,data/shanghai/raw/plan_api/static/2024/119.json,1
2024,综合,119,重庆大学,149286,01,物理、化学(2科必选),94014,工科试验班,3,5625,四年,https://static-data.gaokao.cn/www/2.0/schoolspecialplan/119/2024/31.json?a=www.gaokao.cn,data/shanghai/raw/plan_api/static/2024/119.json,1
2024,综合,119,重庆大学,148849,02,历史必选,050101,汉语言文学,2,4500,四年,https://static-data.gaokao.cn/www/2.0/schoolspecialplan/119/2024/31.json?a=www.gaokao.cn,data/shanghai/raw/plan_api/static/2024/119.json,1
2024,综合,119,重庆大学,148617,03,不限,93998,人文科学试验班,2,5625,四年,https://static-data.gaokao.cn/www/2.0/schoolspecialplan/119/2024/31.json?a=www.gaokao.cn,data/shanghai/raw/plan_api/static/2024/119.json,1
2024,综合,119,重庆大学,148430,Q4,不限,1303,戏剧与影视学类,2,15000,四年,https://static-data.gaokao.cn/www/2.0/schoolspecialplan/119/2024/31.json?a=www.gaokao.cn,data/shanghai/raw/plan_api/static/2024/119.json,0
2024,综合,120,交大医学,149420,01,物理、化学(2科必选),080705,光电信息科学与工程,2,6600,四年,https://static-data.gaokao.cn/www/2.0/schoolspecialplan/120/2024/31.json?a=www.gaokao.cn,data/shanghai/raw/plan_api/static/2024/120.json,1
2024,综合,120,交大医学,149420,01,物理、化学(2科必选),080907T,智能科学与技术,2,6600,四年,https://static-data.gaokao.cn/www/2.0/schoolspecialplan/120/2024/31.json?a=www.gaokao.cn,data/shanghai/raw/plan_api/static/2024/120.json,1
2024,综合,120,交大医学,149420,01,物理、化学(2科必选),0802,机械类,2,6600,四年,https://static-data.gaokao.cn/www/2.0/schoolspecialplan/120/2024/31.json?a=www.gaokao.cn,data/shanghai/raw/plan_api/static/2024/120.json,1
2024,综合,120,交大医学,148930,02,物理必选,1201,管理科学与工程类,2,6600,四年,https://static-data.gaokao.cn/www/2.0/schoolspecialplan/120/2024/31.json?a=www.gaokao.cn,data/shanghai/raw/plan_api/static/2024/120.json,0
2024,综合,120,交大医学,148652,03,不限,1202,工商管理类,2,6600,四年,https://static-data.gaokao.cn/www/2.0/schoolspecialplan/120/2024/31.json?a=www.gaokao.cn,data/shanghai/raw/plan_api/static/2024/120.json,0
2024,综合,122,上应大,149592,01,物理、化学(2科必选),0702,物理学类,3,6320,四年,https://static-data.gaokao.cn/www/2.0/schoolspecialplan/122/2024/31.json?a=www.gaokao.cn,data/shanghai/raw/plan_api/static/2024/122.json,1
2024,综合,122,上应大,149592,01,物理、化学(2科必选),080703,通信工程,2,6830,四年,https://static-data.gaokao.cn/www/2.0/schoolspecialplan/122/2024/31.json?a=www.gaokao.cn,data/shanghai/raw/plan_api/static/2024/122.json,1
2024,综合,122,上应大,149592,01,物理、化学(2科必选),0701,数学类,2,6320,四年,https://static-data.gaokao.cn/www/2.0/schoolspecialplan/122/2024/31.json?a=www.gaokao.cn,data/shanghai/raw/plan_api/static/2024/122.json,1
2024,综合,122,上应大,149592,01,物理、化学(2科必选),0710,生物科学类,2,6320,四年,https://static-data.gaokao.cn/www/2.0/schoolspecialplan/122/2024/31.json?a=www.gaokao.cn,data/shanghai/raw/plan_api/static/2024/122.json,1
2024,综合,122,上应大,149592,01,物理、化学(2科必选),100201K,临床医学,2,7080,五年,https://static-data.gaokao.cn/www/2.0/schoolspecialplan/122/2024/31.json?a=www.gaokao.cn,data/shanghai/raw/plan_api/static/2024/122.json,1
2024,综合,122,上应大,149592,01,物理、化学(2科必选),080717T,人工智能,2,6830,四年,https://static-data.gaokao.cn/www/2.0/schoolspecialplan/122/2024/31.json?a=www.gaokao.cn,data/shanghai/raw/plan_api/static/2024/122.json,1
2024,综合,122,上应大,149592,01,物理、化学(2科必选),080901,计算机科学与技术,2,6830,四年,https://static-data.gaokao.cn/www/2.0/schoolspecialplan/122/2024/31.json?a=www.gaokao.cn,data/shanghai/raw/plan_api/static/2024/122.json,1
2024,综合,122,上应大,149592,01,物理、化学(2科必选),080201,机械工程,2,6830,四年,https://static-data.gaokao.cn/www/2.0/schoolspecialplan/122/2024/31.json?a=www.gaokao.cn,data/shanghai/raw/plan_api/static/2024/122.json,1
2024,综合,122,上应大,149592,01,物理、化学(2科必选),080207,车辆工程,1,6830,四年,https://static-data.gaokao.cn/www/2.0/schoolspecialplan/122/2024/31.json?a=www.gaokao.cn,data/shanghai/raw/plan_api/static/2024/122.json,1
2024,综合,122,上应大,149055,02,历史必选,050101,汉语言文学,2,5810,四年,https://static-data.gaokao.cn/www/2.0/schoolspecialplan/122/2024/31.json?a=www.gaokao.cn,data/shanghai/raw/plan_api/static/2024/122.json,1
2024,综合,122,上应大,149055,02,历史必选,060103,考古学,1,5810,四年,https://static-data.gaokao.cn/www/2.0/schoolspecialplan/122/2024/31.json?a=www.gaokao.cn,data/shanghai/raw/plan_api/static/2024/122.json,1
2024,综合,122,上应大,148713,03,不限,030101K,法学,1,6070,四年,https://static-data.gaokao.cn/www/2.0/schoolspecialplan/122/2024/31.json?a=www.gaokao.cn,data/shanghai/raw/plan_api/static/2024/122.json,1
2024,综合,123,中南大学,149341,01,物理、化学(2科必选),070101,数学与应用数学,2,69000,四年,https://static-data.gaokao.cn/www/2.0/schoolspecialplan/123/2024/31.json?a=www.gaokao.cn,data/shanghai/raw/plan_api/static/2024/123.json,1
2024,综合,123,中南大学,149341,01,物理、化学(2科必选),080901,计算机科学与技术,2,69000,四年,https://static-data.gaokao.cn/www/2.0/schoolspecialplan/123/2024/31.json?a=www.gaokao.cn,data/shanghai/raw/plan_api/static/2024/123.json,1
2024,综合,123,中南大学,148884,02,物、化、生(3科必选),1002,临床医学类,5,7800,五年,https://static-data.gaokao.cn/www/2.0/schoolspecialplan/123/2024/31.json?a=www.gaokao.cn,data/shanghai/raw/plan_api/static/2024/123.json,1
2024,综合,123,中南大学,148884,02,物、化、生(3科必选),100201K,临床医学,3,7800,八年,https://static-data.gaokao.cn/www/2.0/schoolspecialplan/123/2024/31.json?a=www.gaokao.cn,data/shanghai/raw/plan_api/static/2024/123.json,1
2024,综合,124,上工程,149575,01,物理、化学(2科必选),0808,自动化类,2,5500,四年,https://static-data.gaokao.cn/www/2.0/schoolspecialplan/124/2024/31.json?a=www.gaokao.cn,data/shanghai/raw/plan_api/static/2024/124.json,1
2024,综合,124,上工程,149575,01,物理、化学(2科必选),0809,计算机类,2,5500,四年,https://static-data.gaokao.cn/www/2.0/schoolspecialplan/124/2024/31.json?a=www.gaokao.cn,data/shanghai/raw/plan_api/static/2024/124.json,1
2024,综合,124,上工程,149575,01,物理、化学(2科必选),0819,海洋工程类,2,5500,四年,https://static-data.gaokao.cn/www/2.0/schoolspecialplan/124/2024/31.json?a=www.gaokao.cn,data/shanghai/raw/plan_api/static/2024/124.json,1
2024,综合,124,上工程,149575,01,物理、化学(2科必选),080213T,智能制造工程,2,5500,四年,https://static-data.gaokao.cn/www/2.0/schoolspecialplan/124/2024/31.json?a=www.gaokao.cn,data/shanghai/raw/plan_api/static/2024/124.json,1
2024,综合,124,上工程,149043,02,物理、化学(2科必选),080202,机械设计制造及其自动化,1,44300,四年,https://static-data.gaokao.cn/www/2.0/schoolspecialplan/124/2024/31.json?a=www.gaokao.cn,data/shanghai/raw/plan_api/static/2024/124.json,1
2024,综合,124,上工程,149043,02,物理、化学(2科必选),081001,土木工程,1,45000,四年,https://static-data.gaokao.cn/www/2.0/schoolspecialplan/124/2024/31.json?a=www.gaokao.cn,data/shanghai/raw/plan_api/static/2024/124.json,1
2024,综合,125,上海交通大学,149760,01,物理、化学(2科必选),0802,机械类,2,7000,四年,https://static-data.gaokao.cn/www/2.0/schoolspecialplan/125/2024/31.json?a=www.gaokao.cn,data/shanghai/raw/plan_api/static/2024/125.json,1
2024,综合,125,上海交通大学,149760,01,物理、化学(2科必选),0807,电子信息类,1,75000,四年,https://static-data.gaokao.cn/www/2.0/schoolspecialplan/125/2024/31.json?a=www.gaokao.cn,data/shanghai/raw/plan_api/static/2024/125.json,1
2024,综合,125,上海交通大学,149760,01,物理、化学(2科必选),96042,经济管理试验班,1,6500,四年,https://static-data.gaokao.cn/www/2.0/schoolspecialplan/125/2024/31.json?a=www.gaokao.cn,data/shanghai/raw/plan_api/static/2024/125.json,1
2024,综合,125,上海交通大学,149760,01,物理、化学(2科必选),96048,理科试验班类,1,7000,四年,https://static-data.gaokao.cn/www/2.0/schoolspecialplan/125/2024/31.json?a=www.gaokao.cn,data/shanghai/raw/plan_api/static/2024/125.json,1
2024,综合,125,上海交通大学,149760,01,物理、化学(2科必选),080717T,人工智能,1,7000,四年,https://static-data.gaokao.cn/www/2.0/schoolspecialplan/125/2024/31.json?a=www.gaokao.cn,data/shanghai/raw/plan_api/static/2024/125.json,1
2024,综合,125,上海交通大学,149760,01,物理、化学(2科必选),020301K,金融学,1,6500,四年,https://static-data.gaokao.cn/www/2.0/schoolspecialplan/125/2024/31.json?a=www.gaokao.cn,data/shanghai/raw/plan_api/static/2024/125.json,1
2024,综合,125,上海交通大学,148438,Q3,物理、化学(2科必选),1377513,自然科学试验班,72,7000,四年,https://static-data.gaokao.cn/www/2.0/schoolspecialplan/125/2024/31.json?a=www.gaokao.cn,data/shanghai/raw/plan_api/static/2024/125.json,0
2024,综合,125,上海交通大学,148443,Q2,物理、化学(2科必选),96052,工科试验班类,4,7000,四年,https://static-data.gaokao.cn/www/2.0/schoolspecialplan/125/2024/31.json?a=www.gaokao.cn,data/shanghai/raw/plan_api/static/2024/125.json,0
2024,综合,125,上海交通大学,148443,Q2,物理、化学(2科必选),080401,材料科学与工程,4,7000,四年,https://static-data.gaokao.cn/www/2.0/schoolspecialplan/125/2024/31.json?a=www.gaokao.cn,data/shanghai/raw/plan_api/static/2024/125.json,0
2024,综合,125,上海交通大学,148443,Q2,物理、化学(2科必选),081901,船舶与海洋工程,4,7000,四年,https://static-data.gaokao.cn/www/2.0/schoolspecialplan/125/2024/31.json?a=www.gaokao.cn,data/shanghai/raw/plan_api/static/2024/125.json,0
2024,综合,126,海医大,149422,01,物理、化学(2科必选),0809,计算机类,4,12000,四年,https://static-data.gaokao.cn/www/2.0/schoolspecialplan/126/2024/31.json?a=www.gaokao.cn,data/shanghai/raw/plan_api/static/2024/126.json,1
2024,综合,126,海医大,149422,01,物理、化学(2科必选),100301K,口腔医学,2,7920,五年,https://static-data.gaokao.cn/www/2.0/schoolspecialplan/126/2024/31.json?a=www.gaokao.cn,data/shanghai/raw/plan_api/static/2024/126.json,1
2024,综合,126,海医大,149422,01,物理、化学(2科必选),0807,电子信息类,2,6600,四年,https://static-data.gaokao.cn/www/2.0/schoolspecialplan/126/2024/31.json?a=www.gaokao.cn,data/shanghai/raw/plan_api/static/2024/126.json,1
2024,综合,126,海医大,149422,01,物理、化学(2科必选),080601,电气工程及其自动化,2,6600,四年,https://static-data.gaokao.cn/www/2.0/schoolspecialplan/126/2024/31.json?a=www.gaokao.cn,data/shanghai/raw/plan_api/static/2024/126.json,1
2024,综合,126,海医大,149422,01,物理、化学(2科必选),0701,数学类,2,6600,四年,https://static-data.gaokao.cn/www/2.0/schoolspecialplan/126/2024/31.json?a=www.gaokao.cn,data/shanghai/raw/plan_api/static/2024/126.json,1
2024,综合,126,海医大,149422,01,物理、化学(2科必选),0702,物理学类,2,6600,四年,https://static-data.gaokao.cn/www/2.0/schoolspecialplan/126/2024/31.json?a=www.gaokao.cn,data/shanghai/raw/plan_api/static/2024/126.json,1
2024,综合,126,海医大,149422,01,物理、化学(2科必选),080911TK,网络空间安全,2,6600,四年,https://static-data.gaokao.cn/www/2.0/schoolspecialplan/126/2024/31.json?a=www.gaokao.cn,data/shanghai/raw/plan_api/static/2024/126.json,1
2024,综合,126,海医大,149422,01,物理、化学(2科必选),080717T,人工智能,2,6600,四年,https://static-data.gaokao.cn/www/2.0/schoolspecialplan/126/2024/31.json?a=www.gaokao.cn,data/shanghai/raw/plan_api/static/2024/126.json,1
2024,综合,126,海医大,148932,02,不限,1202,工商管理类,2,6600,四年,https://static-data.gaokao.cn/www/2.0/schoolspecialplan/126/2024/31.json?a=www.gaokao.cn,data/shanghai/raw/plan_api/static/2024/126.json,1
2024,综合,126,海医大,148932,02,不限,0501,中国语言文学类,2,5280,四年,https://static-data.gaokao.cn/www/2.0/schoolspecialplan/126/2024/31.json?a=www.gaokao.cn,data/shanghai/raw/plan_api/static/2024/126.json,1
2024,综合,126,海医大,148932,02,不限,0201,经济学类,2,6600,四年,https://static-data.gaokao.cn/www/2.0/schoolspecialplan/126/2024/31.json?a=www.gaokao.cn,data/shanghai/raw/plan_api/static/2024/126.json,1
2024,综合,126,海医大,148932,02,不限,0503,新闻传播学类,2,5280,四年,https://static-data.gaokao.cn/www/2.0/schoolspecialplan/126/2024/31.json?a=www.gaokao.cn,data/shanghai/raw/plan_api/static/2024/126.json,1
2024,综合,126,海医大,148932,02,不限,060103,考古学,2,5280,四年,https://static-data.gaokao.cn/www/2.0/schoolspecialplan/126/2024/31.json?a=www.gaokao.cn,data/shanghai/raw/plan_api/static/2024/126.json,1
2024,综合,127,立信金融,149366,01,物理、化学(2科必选),0802,机械类,6,5850,四年,https://static-data.gaokao.cn/www/2.0/schoolspecialplan/127/2024/31.json?a=www.gaokao.cn,data/shanghai/raw/plan_api/static/2024/127.json,1
2024,综合,127,立信金融,149366,01,物理、化学(2科必选),0807,电子信息类,2,5850,四年,https://static-data.gaokao.cn/www/2.0/schoolspecialplan/127/2024/31.json?a=www.gaokao.cn,data/shanghai/raw/plan_api/static/2024/127.json,1
2024,综合,127,立信金融,149366,01,物理、化学(2科必选),080601,电气工程及其自动化,4,5850,四年,https://static-data.gaokao.cn/www/2.0/schoolspecialplan/127/2024/31.json?a=www.gaokao.cn,data/shanghai/raw/plan_api/static/2024/127.json,1
2024,综合,127,立信金融,149366,01,物理、化学(2科必选),0809,计算机类,3,5850,四年,https://static-data.gaokao.cn/www/2.0/schoolspecialplan/127/2024/31.json?a=www.gaokao.cn,data/shanghai/raw/plan_api/static/2024/127.json,1
2024,综合,127,立信金融,149366,01,物理、化学(2科必选),0701,数学类,3,4500,四年,https://static-data.gaokao.cn/www/2.0/schoolspecialplan/127/2024/31.json?a=www.gaokao.cn,data/shanghai/raw/plan_api/static/2024/127.json,1
2024,综合,127,立信金融,149366,01,物理、化学(2科必选),0702,物理学类,3,4500,四年,https://static-data.gaokao.cn/www/2.0/schoolspecialplan/127/2024/31.json?a=www.gaokao.cn,data/shanghai/raw/plan_api/static/2024/127.json,1
2024,综合,127,立信金融,149366,01,物理、化学(2科必选),0808,自动化类,3,5850,四年,https://static-data.gaokao.cn/www/2.0/schoolspecialplan/127/2024/31.json?a=www.gaokao.cn,data/shanghai/raw/plan_api/static/2024/127.json,1
2024,综合,127,立信金融,149366,01,物理、化学(2科必选),080705,光电信息科学与工程,2,5850,四年,https://static-data.gaokao.cn/www/2.0/schoolspecialplan/127/2024/31.json?a=www.gaokao.cn,data/shanghai/raw/plan_api/static/2024/127.json,1
2024,综合,127,立信金融,149366,01,物理、化学(2科必选),080717T,人工智能,2,5850,四年,https://static-data.gaokao.cn/www/2.0/schoolspecialplan/127/2024/31.json?a=www.gaokao.cn,data/shanghai/raw/plan_api/static/2024/127.json,1
2024,综合,127,立信金融,149366,01,物理、化学(2科必选),020109T,数字经济,2,5850,四年,https://static-data.gaokao.cn/www/2.0/schoolspecialplan/127/2024/31.json?a=www.gaokao.cn,data/shanghai/raw/plan_api/static/2024/127.json,1
2024,综合,127,立信金融,148899,02,物理、化学(2科必选),100201K,临床医学,2,5850,八年,https://static-data.gaokao.cn/www/2.0/schoolspecialplan/127/2024/31.json?a=www.gaokao.cn,data/shanghai/raw/plan_api/static/2024/127.json,1
2024,综合,128,二工大,149364,01,物理、化学(2科必选),0804,材料类,3,4500,四年,https://static-data.gaokao.cn/www/2.0/schoolspecialplan/128/2024/31.json?a=www.gaokao.cn,data/shanghai/raw/plan_api/static/2024/128.json,1
2024,综合,128,二工大,149364,01,物理、化学(2科必选),0809,计算机类,2,5850,四年,https://static-data.gaokao.cn/www/2.0/schoolspecialplan/128/2024/31.json?a=www.gaokao.cn,data/shanghai/raw/plan_api/static/2024/128.json,1
2024,综合,128,二工大,149364,01,物理、化学(2科必选),0807,电子信息类,2,5850,四年,https://static-data.gaokao.cn/www/2.0/schoolspecialplan/128/2024/31.json?a=www.gaokao.cn,data/shanghai/raw/plan_api/static/2024/128.json,1
2024,综合,128,二工大,149364,01,物理、化学(2科必选),0802,机械类,2,5850,四年,https://static-data.gaokao.cn/www/2.0/schoolspecialplan/128/2024/31.json?a=www.gaokao.cn,data/shanghai/raw/plan_api/static/2024/128.json,1
2024,综合,128,二工大,149364,01,物理、化学(2科必选),0808,自动化类,2,5850,四年,https://static-data.gaokao.cn/www/2.0/schoolspecialplan/128/2024/31.json?a=www.gaokao.cn,data/shanghai/raw/plan_api/static/2024/128.json,1
2024,综合,128,二工大,149364,01,物理、化学(2科必选),0701,数学类,1,4500,四年,https://static-data.gaokao.cn/www/2.0/schoolspecialplan/128/2024/31.json?a=www.gaokao.cn,data/shanghai/raw/plan_api/static/2024/128.json,1
2024,综合,128,二工大,149364,01,物理、化学(2科必选),1201,管理科学与工程类,1,4500,四年,https://static-data.gaokao.cn/www/2.0/schoolspecialplan/128/2024/31.json?a=www.gaokao.cn,data/shanghai/raw/plan_api/static/2024/128.json,1
2024,综合,128,二工大,148897,02,不限,1202,工商管理类,4,4500,四年,https://static-data.gaokao.cn/www/2.0/schoolspecialplan/128/2024/31.json?a=www.gaokao.cn,data/shanghai/raw/plan_api/static/2024/128.json,1
2024,综合,128,二工大,148897,02,不限,0201,经济学类,3,4500,四年,https://static-data.gaokao.cn/www/2.0/schoolspecialplan/128/2024/31.json?a=www.gaokao.cn,data/shanghai/raw/plan_api/static/2024/128.json,1
2024,综合,129,上海商院,149590,01,物理、化学(2科必选),080202,机械设计制造及其自动化,2,5400,四年,https://static-data.gaokao.cn/www/2.0/schoolspecialplan/129/2024/31.json?a=www.gaokao.cn,data/shanghai/raw/plan_api/static/2024/129.json,1
2024,综合,129,上海商院,149590,01,物理、化学(2科必选),080701,电子信息工程,2,5940,四年,https://static-data.gaokao.cn/www/2.0/schoolspecialplan/129/2024/31.json?a=www.gaokao.cn,data/shanghai/raw/plan_api/static/2024/129.json,1
2024,综合,129,上海商院,149590,01,物理、化学(2科必选),100201K,临床医学,2,6160,五年,https://static-data.gaokao.cn/www/2.0/schoolspecialplan/129/2024/31.json?a=www.gaokao.cn,data/shanghai/raw/plan_api/static/2024/129.json,1
2024,综合,129,上海商院,149590,01,物理、化学(2科必选),100202TK,麻醉学,2,5600,五年,https://static-data.gaokao.cn/www/2.0/schoolspecialplan/129/2024/31.json?a=www.gaokao.cn,data/shanghai/raw/plan_api/static/2024/129.json,1
2024,综合,129,上海商院,149053,02,不限,120201K,工商管理,2,5280,四年,https://static-data.gaokao.cn/www/2.0/schoolspecialplan/129/2024/31.json?a=www.gaokao.cn,data/shanghai/raw/plan_api/static/2024/129.json,1
2024,综合,130,上海财经大学,149755,01,不限,120204,财务管理,22,6500,四年,https://static-data.gaokao.cn/www/2.0/schoolspecialplan/130/2024/31.json?a=www.gaokao.cn,data/shanghai/raw/plan_api/static/2024/130.json,1
2024,综合,130,上海财经大学,149755,01,不限,1202,工商管理类,22,6500,四年,https://static-data.gaokao.cn/www/2.0/schoolspecialplan/130/2024/31.json?a=www.gaokao.cn,data/shanghai/raw/plan_api/static/2024/130.json,1
2024,综合,130,上海财经大学,149755,01,不限,120203K,会计学,12,6500,四年,https://static-data.gaokao.cn/www/2.0/schoolspecialplan/130/2024/31.json?a=www.gaokao.cn,data/shanghai/raw/plan_api/static/2024/130.json,1
2024,综合,130,上海财经大学,149755,01,不限,020401,国际经济与贸易,10,7150,四年,https://static-data.gaokao.cn/www/2.0/schoolspecialplan/130/2024/31.json?a=www.gaokao.cn,data/shanghai/raw/plan_api/static/2024/130.json,1
2024,综合,130,上海财经大学,149755,01,不限,020304,投资学,4,7150,四年,https://static-data.gaokao.cn/www/2.0/schoolspecialplan/130/2024/31.json?a=www.gaokao.cn,data/shanghai/raw/plan_api/static/2024/130.json,1
2024,综合,130,上海财经大学,149755,01,不限,0202,财政学类,7,7150,四年,https://static-data.gaokao.cn/www/2.0/schoolspecialplan/130/2024/31.json?a=www.gaokao.cn,data/shanghai/raw/plan_api/static/2024/130.json,1
2024,综合,130,上海财经大学,149755,01,不限,1204,公共管理类,3,6500,四年,https://static-data.gaokao.cn/www/2.0/schoolspecialplan/130/2024/31.json?a=www.gaokao.cn,data/shanghai/raw/plan_api/static/2024/130.json,1
2024,综合,130,上海财经大学,148583,04,物理、化学(2科必选),0712,统计学类,1,7000,四年,https://static-data.gaokao.cn/www/2.0/schoolspecialplan/130/2024/31.json?a=www.gaokao.cn,data/shanghai/raw/plan_api/static/2024/130.json,1
2024,综合,130,上海财经大学,149173,02,不限,020301K,金融学,5,7150,四年,https://static-data.gaokao.cn/www/2.0/schoolspecialplan/130/2024/31.json?a=www.gaokao.cn,data/shanghai/raw/plan_api/static/2024/130.json,1
2024,综合,130,上海财经大学,149173,02,不限,020101,经济学,1,6500,四年,https://static-data.gaokao.cn/www/2.0/schoolspecialplan/130/2024/31.json?a=www.gaokao.cn,data/shanghai/raw/plan_api/static/2024/130.json,1
2024,综合,130,上海财经大学,148583,04,物理、化学(2科必选),080910T,数据科学与大数据技术,1,7000,四年,https://static-data.gaokao.cn/www/2.0/schoolspecialplan/130/2024/31.json?a=www.gaokao.cn,data/shanghai/raw/plan_api/static/2024/130.json,1
2024,综合,130,上海财经大学,149173,02,不限,030101K,法学,2,6500,四年,https://static-data.gaokao.cn/www/2.0/schoolspecialplan/130/2024/31.json?a=www.gaokao.cn,data/shanghai/raw/plan_api/static/2024/130.json,1
2024,综合,130,上海财经大学,149173,02,不限,050262,商务英语,8,6500,四年,https://static-data.gaokao.cn/www/2.0/schoolspecialplan/130/2024/31.json?a=www.gaokao.cn,data/shanghai/raw/plan_api/static/2024/130.json,1
2024,综合,130,上海财经大学,148583,04,物理、化学(2科必选),080901,计算机科学与技术,8,7000,四年,https://static-data.gaokao.cn/www/2.0/schoolspecialplan/130/2024/31.json?a=www.gaokao.cn,data/shanghai/raw/plan_api/static/2024/130.json,1
2024,综合,130,上海财经大学,148583,04,物理、化学(2科必选),070101,数学与应用数学,7,7000,四年,https://static-data.gaokao.cn/www/2.0/schoolspecialplan/130/2024/31.json?a=www.gaokao.cn,data/shanghai/raw/plan_api/static/2024/130.json,1
2024,综合,130,上海财经大学,149173,02,不限,050301,新闻学,7,6500,四年,https://static-data.gaokao.cn/www/2.0/schoolspecialplan/130/2024/31.json?a=www.gaokao.cn,data/shanghai/raw/plan_api/static/2024/130.json,1
2024,综合,130,上海财经大学,148776,03,物理必选,020109T,数字经济,6,7150,四年,https://static-data.gaokao.cn/www/2.0/schoolspecialplan/130/2024/31.json?a=www.gaokao.cn,data/shanghai/raw/plan_api/static/2024/130.json,1
2024,综合,130,上海财经大学,149173,02,不限,030301,社会学,3,6500,四年,https://static-data.gaokao.cn/www/2.0/schoolspecialplan/130/2024/31.json?a=www.gaokao.cn,data/shanghai/raw/plan_api/static/2024/130.json,1
2024,综合,130,上海财经大学,148583,04,物理、化学(2科必选),0701,数学类,4,7000,四年,https://static-data.gaokao.cn/www/2.0/schoolspecialplan/130/2024/31.json?a=www.gaokao.cn,data/shanghai/raw/plan_api/static/2024/130.json,1
2024,综合,130,上海财经大学,148776,03,物理必选,020303,保险学,4,7150,四年,https://static-data.gaokao.cn/www/2.0/schoolspecialplan/130/2024/31.json?a=www.gaokao.cn,data/shanghai/raw/plan_api/static/2024/130.json,1
2024,综合,130,上海财经大学,148583,04,物理、化学(2科必选),071201,统计学,4,7000,四年,https://static-data.gaokao.cn/www/2.0/schoolspecialplan/130/2024/31.json?a=www.gaokao.cn,data/shanghai/raw/plan_api/static/2024/130.json,1
2024,综合,130,上海财经大学,148776,03,物理必选,120102,信息管理与信息系统,3,6500,四年,https://static-data.gaokao.cn/www/2.0/schoolspecialplan/130/2024/31.json?a=www.gaokao.cn,data/shanghai/raw/plan_api/static/2024/130.json,1
2024,综合,130,上海财经大学,148776,03,物理必选,120801,电子商务,2,6500,四年,https://static-data.gaokao.cn/www/2.0/schoolspecialplan/130/2024/31.json?a=www.gaokao.cn,data/shanghai/raw/plan_api/static/2024/130.json,1
2024,综合,131,华东师范大学,149758,01,不限,050101,汉语言文学,7,6500,四年,https://static-data.gaokao.cn/www/2.0/schoolspecialplan/131/2024/31.json?a=www.gaokao.cn,data/shanghai/raw/plan_api/static/2024/131.json,1
2024,综合,131,华东师范大学,149758,01,不限,050103,汉语国际教育,6,6500,四年,https://static-data.gaokao.cn/www/2.0/schoolspecialplan/131/2024/31.json?a=www.gaokao.cn,data/shanghai/raw/plan_api/static/2024/131.json,1
2024,综合,131,华东师范大学,149758,01,不限,060101,历史学,5,6500,四年,https://static-data.gaokao.cn/www/2.0/schoolspecialplan/131/2024/31.json?a=www.gaokao.cn,data/shanghai/raw/plan_api/static/2024/131.json,1
2024,综合,131,华东师范大学,149758,01,不限,0503,新闻传播学类,4,6500,四年,https://static-data.gaokao.cn/www/2.0/schoolspecialplan/131/2024/31.json?a=www.gaokao.cn,data/shanghai/raw/plan_api/static/2024/131.json,1
2024,综合,131,华东师范大学,149758,01,不限,050201,英语,3,6500,四年,https://static-data.gaokao.cn/www/2.0/schoolspecialplan/131/2024/31.json?a=www.gaokao.cn,data/shanghai/raw/plan_api/static/2024/131.json,1
2024,综合,131,华东师范大学,149758,01,不限,010101,哲学,3,6500,四年,https://static-data.gaokao.cn/www/2.0/schoolspecialplan/131/2024/31.json?a=www.gaokao.cn,data/shanghai/raw/plan_api/static/2024/131.json,1
2024,综合,131,华东师范大学,149758,01,不限,050301,新闻学,3,6500,四年,https://static-data.gaokao.cn/www/2.0/schoolspecialplan/131/2024/31.json?a=www.gaokao.cn,data/shanghai/raw/plan_api/static/2024/131.json,1
2024,综合,131,华东师范大学,148779,03,物理、化学(2科必选),080902,软件工程,21,7000,四年,https://static-data.gaokao.cn/www/2.0/schoolspecialplan/131/2024/31.json?a=www.gaokao.cn,data/shanghai/raw/plan_api/static/2024/131.json,1
2024,综合,131,华东师范大学,148779,03,物理、化学(2科必选),080901,计算机科学与技术,15,7000,四年,https://static-data.gaokao.cn/www/2.0/schoolspecialplan/131/2024/31.json?a=www.gaokao.cn,data/shanghai/raw/plan_api/static/2024/131.json,1
2024,综合,131,华东师范大学,148779,03,物理、化学(2科必选),0712,统计学类,11,7700,四年,https://static-data.gaokao.cn/www/2.0/schoolspecialplan/131/2024/31.json?a=www.gaokao.cn,data/shanghai/raw/plan_api/static/2024/131.json,1
2024,综合,131,华东师范大学,148779,03,物理、化学(2科必选),080910T,数据科学与大数据技术,11,7000,四年,https://static-data.gaokao.cn/www/2.0/schoolspecialplan/131/2024/31.json?a=www.gaokao.cn,data/shanghai/raw/plan_api/static/2024/131.json,1
2024,综合,131,华东师范大学,148779,03,物理、化学(2科必选),080704,微电子科学与工程,10,7000,四年,https://static-data.gaokao.cn/www/2.0/schoolspecialplan/131/2024/31.json?a=www.gaokao.cn,data/shanghai/raw/plan_api/static/2024/131.json,1
2024,综合,131,华东师范大学,148427,Q5,物理、化学(2科必选),101008T,听力与言语康复学,10,7400,四年,https://static-data.gaokao.cn/www/2.0/schoolspecialplan/131/2024/31.json?a=www.gaokao.cn,data/shanghai/raw/plan_api/static/2024/131.json,0
2024,综合,131,华东师范大学,148779,03,物理、化学(2科必选),070101,数学与应用数学,9,7000,四年,https://static-data.gaokao.cn/www/2.0/schoolspecialplan/131/2024/31.json?a=www.gaokao.cn,data/shanghai/raw/plan_api/static/2024/131.json,1
2024,综合,131,华东师范大学,149176,02,不限,0401,教育学类,8,7150,四年,https://static-data.gaokao.cn/www/2.0/schoolspecialplan/131/2024/31.json?a=www.gaokao.cn,data/shanghai/raw/plan_api/static/2024/131.json,1
2024,综合,131,华东师范大学,149176,02,不限,0203,金融学类,8,6500,四年,https://static-data.gaokao.cn/www/2.0/schoolspecialplan/131/2024/31.json?a=www.gaokao.cn,data/shanghai/raw/plan_api/static/2024/131.json,1
2024,综合,131,华东师范大学,148584,04,物理、化学(2科必选),0711,心理学类,6,7000,四年,https://static-data.gaokao.cn/www/2.0/schoolspecialplan/131/2024/31.json?a=www.gaokao.cn,data/shanghai/raw/plan_api/static/2024/131.json,1
2024,综合,131,华东师范大学,148779,03,物理、化学(2科必选),080703,通信工程,3,7000,四年,https://static-data.gaokao.cn/www/2.0/schoolspecialplan/131/2024/31.json?a=www.gaokao.cn,data/shanghai/raw/plan_api/static/2024/131.json,1
2024,综合,131,华东师范大学,148584,04,物理、化学(2科必选),070301,化学,1,7000,四年,https://static-data.gaokao.cn/www/2.0/schoolspecialplan/131/2024/31.json?a=www.gaokao.cn,data/shanghai/raw/plan_api/static/2024/131.json,1
2024,综合,131,华东师范大学,149176,02,不限,020301K,金融学,5,6500,四年,https://static-data.gaokao.cn/www/2.0/schoolspecialplan/131/2024/31.json?a=www.gaokao.cn,data/shanghai/raw/plan_api/static/2024/131.json,1
2024,综合,131,华东师范大学,148779,03,物理、化学(2科必选),071201,统计学,5,7700,四年,https://static-data.gaokao.cn/www/2.0/schoolspecialplan/131/2024/31.json?a=www.gaokao.cn,data/shanghai/raw/plan_api/static/2024/131.json,1
2024,综合,131,华东师范大学,148779,03,物理、化学(2科必选),070201,物理学,4,7000,四年,https://static-data.gaokao.cn/www/2.0/schoolspecialplan/131/2024/31.json?a=www.gaokao.cn,data/shanghai/raw/plan_api/static/2024/131.json,1
2024,综合,131,华东师范大学,148584,04,物理、化学(2科必选),070501,地理科学,4,7000,四年,https://static-data.gaokao.cn/www/2.0/schoolspecialplan/131/2024/31.json?a=www.gaokao.cn,data/shanghai/raw/plan_api/static/2024/131.json,1
2024,综合,131,华东师范大学,149176,02,不限,120201K,工商管理,4,6500,四年,https://static-data.gaokao.cn/www/2.0/schoolspecialplan/131/2024/31.json?a=www.gaokao.cn,data/shanghai/raw/plan_api/static/2024/131.json,1
2024,综合,131,华东师范大学,148422,Q6,不限,130305,广播电视编导,4,13000,四年,https://static-data.gaokao.cn/www/2.0/schoolspecialplan/131/2024/31.json?a=www.gaokao.cn,data/shanghai/raw/plan_api/static/2024/131.json,0
2024,综合,131,华东师范大学,149176,02,不限,030101K,法学,2,6500,四年,https://static-data.gaokao.cn/www/2.0/schoolspecialplan/131/2024/31.json?a=www.gaokao.cn,data/shanghai/raw/plan_api/static/2024/131.json,1
2024,综合,131,华东师范大学,149176,02,不限,1202,工商管理类,3,6500,四年,https://static-data.gaokao.cn/www/2.0/schoolspecialplan/131/2024/31.json?a=www.gaokao.cn,data/shanghai/raw/plan_api/static/2024/131.json,1
2024,综合,131,华东师范大学,148584,04,物理、化学(2科必选),0825,环境科学与工程类,3,7000,四年,https://static-data.gaokao.cn/www/2.0/schoolspecialplan/131/2024/31.json?a=www.gaokao.cn,data/shanghai/raw/plan_api/static/2024/131.json,1
2024,综合,131,华东师范大学,149176,02,不限,0303,社会学类,3,6500,四年,https://static-data.gaokao.cn/www/2.0/schoolspecialplan/131/2024/31.json?a=www.gaokao.cn,data/shanghai/raw/plan_api/static/2024/131.json,1
2024,综合,131,华东师范大学,148584,04,物理、化学(2科必选),070504,地理信息科学,1,7000,四年,https://static-data.gaokao.cn/www/2.0/schoolspecialplan/131/2024/31.json?a=www.gaokao.cn,data/shanghai/raw/plan_api/static/2024/131.json,1
2024,综合,131,华东师范大学,148584,04,物理、化学(2科必选),071101,心理学,3,7000,四年,https://static-data.gaokao.cn/www/2.0/schoolspecialplan/131/2024/31.json?a=www.gaokao.cn,data/shanghai/raw/plan_api/static/2024/131.json,1
2024,综合,131,华东师范大学,148584,04,物理、化学(2科必选),0710,生物科学类,2,7000,四年,https://static-data.gaokao.cn/www/2.0/schoolspecialplan/131/2024/31.json?a=www.gaokao.cn,data/shanghai/raw/plan_api/static/2024/131.json,1
2024,综合,131,华东师范大学,149176,02,不限,1204,公共管理类,2,6500,四年,https://static-data.gaokao.cn/www/2.0/schoolspecialplan/131/2024/31.json?a=www.gaokao.cn,data/shanghai/raw/plan_api/static/2024/131.json,1
2024,综合,131,华东师范大学,148584,04,物理、化学(2科必选),071004,生态学,2,7700,四年,https://static-data.gaokao.cn/www/2.0/schoolspecialplan/131/2024/31.json?a=www.gaokao.cn,data/shanghai/raw/plan_api/static/2024/131.json,1
2024,综合,131,华东师范大学,148779,03,物理、化学(2科必选),080714T,电子信息科学与技术,2,7000,四年,https://static-data.gaokao.cn/www/2.0/schoolspecialplan/131/2024/31.json?a=www.gaokao.cn,data/shanghai/raw/plan_api/static/2024/131.json,1
2024,综合,131,华东师范大学,149176,02,不限,120206,人力资源管理,2,6500,四年,https://static-data.gaokao.cn/www/2.0/schoolspecialplan/131/2024/31.json?a=www.gaokao.cn,data/shanghai/raw/plan_api/static/2024/131.json,1
2024,综合,132,复旦大学,149761,01,不限,0201,经济学类,12,6500,四年,https://static-data.gaokao.cn/www/2.0/schoolspecialplan/132/2024/31.json?a=www.gaokao.cn,data/shanghai/raw/plan_api/static/2024/132.json,1
2024,综合,132,复旦大学,149761,01,不限,020301K,金融学,3,6500,四年,https://static-data.gaokao.cn/www/2.0/schoolspecialplan/132/2024/31.json?a=www.gaokao.cn,data/shanghai/raw/plan_api/static/2024/132.json,1
2024,综合,132,复旦大学,148585,04,物理、化学(2科必选),96005,技术科学试验班,10,7000,四年,https://static-data.gaokao.cn/www/2.0/schoolspecialplan/132/2024/31.json?a=www.gaokao.cn,data/shanghai/raw/plan_api/static/2024/132.json,1
2024,综合,132,复旦大学,148429,Q5,物理、化学(2科必选),082201,核工程与核技术,7,7000,四年,https://static-data.gaokao.cn/www/2.0/schoolspecialplan/132/2024/31.json?a=www.gaokao.cn,data/shanghai/raw/plan_api/static/2024/132.json,0
2024,综合,132,复旦大学,149178,02,不限,0503,新闻传播学类,6,6500,四年,https://static-data.gaokao.cn/www/2.0/schoolspecialplan/132/2024/31.json?a=www.gaokao.cn,data/shanghai/raw/plan_api/static/2024/132.json,1
2024,综合,132,复旦大学,148585,04,物理、化学(2科必选),95968,经济管理试验班,6,6500,四年,https://static-data.gaokao.cn/www/2.0/schoolspecialplan/132/2024/31.json?a=www.gaokao.cn,data/shanghai/raw/plan_api/static/2024/132.json,1
2024,综合,132,复旦大学,149178,02,不限,95970,社会科学试验班,6,6500,四年,https://static-data.gaokao.cn/www/2.0/schoolspecialplan/132/2024/31.json?a=www.gaokao.cn,data/shanghai/raw/plan_api/static/2024/132.json,1
2024,综合,132,复旦大学,149178,02,不限,95990,人文科学试验班,5,6500,四年,https://static-data.gaokao.cn/www/2.0/schoolspecialplan/132/2024/31.json?a=www.gaokao.cn,data/shanghai/raw/plan_api/static/2024/132.json,1
2024,综合,132,复旦大学,148585,04,物理、化学(2科必选),202866,工科试验班,1,7000,四年,https://static-data.gaokao.cn/www/2.0/schoolspecialplan/132/2024/31.json?a=www.gaokao.cn,data/shanghai/raw/plan_api/static/2024/132.json,1
2024,综合,132,复旦大学,148585,04,物理、化学(2科必选),080901,计算机科学与技术,5,7000,四年,https://static-data.gaokao.cn/www/2.0/schoolspecialplan/132/2024/31.json?a=www.gaokao.cn,data/shanghai/raw/plan_api/static/2024/132.json,1
2024,综合,132,复旦大学,148585,04,物理、化学(2科必选),96006,自然科学试验班,4,7000,四年,https://static-data.gaokao.cn/www/2.0/schoolspecialplan/132/2024/31.json?a=www.gaokao.cn,data/shanghai/raw/plan_api/static/2024/132.json,1
2024,综合,132,复旦大学,149178,02,不限,030101K,法学,2,6500,四年,https://static-data.gaokao.cn/www/2.0/schoolspecialplan/132/2024/31.json?a=www.gaokao.cn,data/shanghai/raw/plan_api/static/2024/132.json,1
2024,综合,132,复旦大学,149178,02,不限,050201,英语,3,6500,四年,https://static-data.gaokao.cn/www/2.0/schoolspecialplan/132/2024/31.json?a=www.gaokao.cn,data/shanghai/raw/plan_api/static/2024/132.json,1
2024,综合,132,复旦大学,148585,04,物理、化学(2科必选),0701,数学类,2,7000,四年,https://static-data.gaokao.cn/www/2.0/schoolspecialplan/132/2024/31.json?a=www.gaokao.cn,data/shanghai/raw/plan_api/static/2024/132.json,1
2024,综合,132,复旦大学,148780,03,物理、化学(2科必选),202866,工科试验班,2,7000,四年,https://static-data.gaokao.cn/www/2.0/schoolspecialplan/132/2024/31.json?a=www.gaokao.cn,data/shanghai/raw/plan_api/static/2024/132.json,1
2024,综合,132,复旦大学,148780,03,物理、化学(2科必选),858857,理科试验班,2,7000,四年,https://static-data.gaokao.cn/www/2.0/schoolspecialplan/132/2024/31.json?a=www.gaokao.cn,data/shanghai/raw/plan_api/static/2024/132.json,1
2024,综合,133,华东理工大学,149757,01,物理、化学(2科必选),1376469,工科试验班,7,7000,四年,https://static-data.gaokao.cn/www/2.0/schoolspecialplan/133/2024/31.json?a=www.gaokao.cn,data/shanghai/raw/plan_api/static/2024/133.json,1
2024,综合,133,华东理工大学,149757,01,物理、化学(2科必选),0804,材料类,43,7700,四年,https://static-data.gaokao.cn/www/2.0/schoolspecialplan/133/2024/31.json?a=www.gaokao.cn,data/shanghai/raw/plan_api/static/2024/133.json,1
2024,综合,133,华东理工大学,149757,01,物理、化学(2科必选),0703,化学类,35,7700,四年,https://static-data.gaokao.cn/www/2.0/schoolspecialplan/133/2024/31.json?a=www.gaokao.cn,data/shanghai/raw/plan_api/static/2024/133.json,1
2024,综合,133,华东理工大学,149757,01,物理、化学(2科必选),0830,生物工程类,25,7000,四年,https://static-data.gaokao.cn/www/2.0/schoolspecialplan/133/2024/31.json?a=www.gaokao.cn,data/shanghai/raw/plan_api/static/2024/133.json,1
2024,综合,133,华东理工大学,149757,01,物理、化学(2科必选),1201,管理科学与工程类,12,6500,四年,https://static-data.gaokao.cn/www/2.0/schoolspecialplan/133/2024/31.json?a=www.gaokao.cn,data/shanghai/raw/plan_api/static/2024/133.json,1
2024,综合,133,华东理工大学,149757,01,物理、化学(2科必选),100701,药学,12,7000,四年,https://static-data.gaokao.cn/www/2.0/schoolspecialplan/133/2024/31.json?a=www.gaokao.cn,data/shanghai/raw/plan_api/static/2024/133.json,1
2024,综合,133,华东理工大学,149757,01,物理、化学(2科必选),080501,能源与动力工程,8,7000,四年,https://static-data.gaokao.cn/www/2.0/schoolspecialplan/133/2024/31.json?a=www.gaokao.cn,data/shanghai/raw/plan_api/static/2024/133.json,1
2024,综合,133,华东理工大学,149757,01,物理、化学(2科必选),081301,化学工程与工艺,1,21000,四年,https://static-data.gaokao.cn/www/2.0/schoolspecialplan/133/2024/31.json?a=www.gaokao.cn,data/shanghai/raw/plan_api/static/2024/133.json,1
2024,综合,133,华东理工大学,149757,01,物理、化学(2科必选),082502,环境工程,2,21000,四年,https://static-data.gaokao.cn/www/2.0/schoolspecialplan/133/2024/31.json?a=www.gaokao.cn,data/shanghai/raw/plan_api/static/2024/133.json,1
2024,综合,133,华东理工大学,149757,01,物理、化学(2科必选),080407,高分子材料与工程,3,21000,四年,https://static-data.gaokao.cn/www/2.0/schoolspecialplan/133/2024/31.json?a=www.gaokao.cn,data/shanghai/raw/plan_api/static/2024/133.json,1
2024,综合,133,华东理工大学,149757,01,物理、化学(2科必选),070302,应用化学,2,21000,四年,https://static-data.gaokao.cn/www/2.0/schoolspecialplan/133/2024/31.json?a=www.gaokao.cn,data/shanghai/raw/plan_api/static/2024/133.json,1
2024,综合,133,华东理工大学,149175,02,物理、化学(2科必选),0807,电子信息类,38,7000,四年,https://static-data.gaokao.cn/www/2.0/schoolspecialplan/133/2024/31.json?a=www.gaokao.cn,data/shanghai/raw/plan_api/static/2024/133.json,1
2024,综合,133,华东理工大学,149175,02,物理、化学(2科必选),0809,计算机类,38,7000,四年,https://static-data.gaokao.cn/www/2.0/schoolspecialplan/133/2024/31.json?a=www.gaokao.cn,data/shanghai/raw/plan_api/static/2024/133.json,1
2024,综合,133,华东理工大学,148778,03,不限,1202,工商管理类,35,6500,四年,https://static-data.gaokao.cn/www/2.0/schoolspecialplan/133/2024/31.json?a=www.gaokao.cn,data/shanghai/raw/plan_api/static/2024/133.json,1
2024,综合,133,华东理工大学,148778,03,不限,0201,经济学类,34,6500,四年,https://static-data.gaokao.cn/www/2.0/schoolspecialplan/133/2024/31.json?a=www.gaokao.cn,data/shanghai/raw/plan_api/static/2024/133.json,1
2024,综合,133,华东理工大学,149175,02,物理、化学(2科必选),0802,机械类,29,7000,四年,https://static-data.gaokao.cn/www/2.0/schoolspecialplan/133/2024/31.json?a=www.gaokao.cn,data/shanghai/raw/plan_api/static/2024/133.json,1
2024,综合,133,华东理工大学,148778,03,不限,1204,公共管理类,25,6500,四年,https://static-data.gaokao.cn/www/2.0/schoolspecialplan/133/2024/31.json?a=www.gaokao.cn,data/shanghai/raw/plan_api/static/2024/133.json,1
2024,综合,133,华东理工大学,149175,02,物理、化学(2科必选),0701,数学类,25,7000,四年,https://static-data.gaokao.cn/www/2.0/schoolspecialplan/133/2024/31.json?a=www.gaokao.cn,data/shanghai/raw/plan_api/static/2024/133.json,1
2024,综合,133,华东理工大学,149175,02,物理、化学(2科必选),1376469,工科试验班,23,7000,四年,https://static-data.gaokao.cn/www/2.0/schoolspecialplan/133/2024/31.json?a=www.gaokao.cn,data/shanghai/raw/plan_api/static/2024/133.json,1
2024,综合,133,华东理工大学,149175,02,物理、化学(2科必选),0702,物理学类,15,7000,四年,https://static-data.gaokao.cn/www/2.0/schoolspecialplan/133/2024/31.json?a=www.gaokao.cn,data/shanghai/raw/plan_api/static/2024/133.json,1
2024,综合,133,华东理工大学,148778,03,不限,030101K,法学,12,6500,四年,https://static-data.gaokao.cn/www/2.0/schoolspecialplan/133/2024/31.json?a=www.gaokao.cn,data/shanghai/raw/plan_api/static/2024/133.json,1
2024,综合,133,华东理工大学,148778,03,不限,0502,外国语言文学类,12,6500,四年,https://static-data.gaokao.cn/www/2.0/schoolspecialplan/133/2024/31.json?a=www.gaokao.cn,data/shanghai/raw/plan_api/static/2024/133.json,1
2024,综合,133,华东理工大学,148778,03,不限,020401,国际经济与贸易,8,6500,四年,https://static-data.gaokao.cn/www/2.0/schoolspecialplan/133/2024/31.json?a=www.gaokao.cn,data/shanghai/raw/plan_api/static/2024/133.json,1
2024,综合,133,华东理工大学,149175,02,物理、化学(2科必选),080901,计算机科学与技术,6,7000,四年,https://static-data.gaokao.cn/www/2.0/schoolspecialplan/133/2024/31.json?a=www.gaokao.cn,data/shanghai/raw/plan_api/static/2024/133.json,1
2024,综合,133,华东理工大学,148778,03,不限,082803,风景园林,6,7000,四年,https://static-data.gaokao.cn/www/2.0/schoolspecialplan/133/2024/31.json?a=www.gaokao.cn,data/shanghai/raw/plan_api/static/2024/133.json,1
2024,综合,133,华东理工大学,149175,02,物理、化学(2科必选),080205,工业设计,4,7000,四年,https://static-data.gaokao.cn/www/2.0/schoolspecialplan/133/2024/31.json?a=www.gaokao.cn,data/shanghai/raw/plan_api/static/2024/133.json,1
2024,综合,134,建桥学院,149620,01,物理、化学(2科必选),0809,计算机类,3,,四年,https://static-data.gaokao.cn/www/2.0/schoolspecialplan/134/2024/31.json?a=www.gaokao.cn,data/shanghai/raw/plan_api/static/2024/134.json,1
2024,综合,134,建桥学院,149620,01,物理、化学(2科必选),0802,机械类,2,6240,四年,https://static-data.gaokao.cn/www/2.0/schoolspecialplan/134/2024/31.json?a=www.gaokao.cn,data/shanghai/raw/plan_api/static/2024/134.json,1
2024,综合,134,建桥学院,149620,01,物理、化学(2科必选),080213T,智能制造工程,2,6240,四年,https://static-data.gaokao.cn/www/2.0/schoolspecialplan/134/2024/31.json?a=www.gaokao.cn,data/shanghai/raw/plan_api/static/2024/134.json,1
2024,综合,135,东华大学,149756,01,物理、化学(2科必选),0804,材料类,15,7700,四年,https://static-data.gaokao.cn/www/2.0/schoolspecialplan/135/2024/31.json?a=www.gaokao.cn,data/shanghai/raw/plan_api/static/2024/135.json,1
2024,综合,135,东华大学,149756,01,物理、化学(2科必选),081602,服装设计与工程,11,7700,四年,https://static-data.gaokao.cn/www/2.0/schoolspecialplan/135/2024/31.json?a=www.gaokao.cn,data/shanghai/raw/plan_api/static/2024/135.json,1
2024,综合,135,东华大学,149756,01,物理、化学(2科必选),95550,理科试验班,9,7000,四年,https://static-data.gaokao.cn/www/2.0/schoolspecialplan/135/2024/31.json?a=www.gaokao.cn,data/shanghai/raw/plan_api/static/2024/135.json,1
2024,综合,135,东华大学,149756,01,物理、化学(2科必选),080412T,功能材料,8,7700,四年,https://static-data.gaokao.cn/www/2.0/schoolspecialplan/135/2024/31.json?a=www.gaokao.cn,data/shanghai/raw/plan_api/static/2024/135.json,1
2024,综合,135,东华大学,149756,01,物理、化学(2科必选),083001,生物工程,6,7000,四年,https://static-data.gaokao.cn/www/2.0/schoolspecialplan/135/2024/31.json?a=www.gaokao.cn,data/shanghai/raw/plan_api/static/2024/135.json,1
2024,综合,135,东华大学,149756,01,物理、化学(2科必选),081601,纺织工程,6,7700,四年,https://static-data.gaokao.cn/www/2.0/schoolspecialplan/135/2024/31.json?a=www.gaokao.cn,data/shanghai/raw/plan_api/static/2024/135.json,1
2024,综合,135,东华大学,149756,01,物理、化学(2科必选),0816,纺织类,4,7700,四年,https://static-data.gaokao.cn/www/2.0/schoolspecialplan/135/2024/31.json?a=www.gaokao.cn,data/shanghai/raw/plan_api/static/2024/135.json,1
2024,综合,135,东华大学,149756,01,物理、化学(2科必选),0703,化学类,3,7000,四年,https://static-data.gaokao.cn/www/2.0/schoolspecialplan/135/2024/31.json?a=www.gaokao.cn,data/shanghai/raw/plan_api/static/2024/135.json,1
2024,综合,135,东华大学,148777,03,物理、化学(2科必选),0807,电子信息类,39,7000,四年,https://static-data.gaokao.cn/www/2.0/schoolspecialplan/135/2024/31.json?a=www.gaokao.cn,data/shanghai/raw/plan_api/static/2024/135.json,1
2024,综合,135,东华大学,149174,02,不限,95539,经济管理试验班,30,6500,四年,https://static-data.gaokao.cn/www/2.0/schoolspecialplan/135/2024/31.json?a=www.gaokao.cn,data/shanghai/raw/plan_api/static/2024/135.json,1
2024,综合,135,东华大学,149174,02,不限,0503,新闻传播学类,23,6500,四年,https://static-data.gaokao.cn/www/2.0/schoolspecialplan/135/2024/31.json?a=www.gaokao.cn,data/shanghai/raw/plan_api/static/2024/135.json,1
2024,综合,135,东华大学,149174,02,不限,0204,经济与贸易类,23,6500,四年,https://static-data.gaokao.cn/www/2.0/schoolspecialplan/135/2024/31.json?a=www.gaokao.cn,data/shanghai/raw/plan_api/static/2024/135.json,1
2024,综合,135,东华大学,148777,03,物理、化学(2科必选),0809,计算机类,23,7000,四年,https://static-data.gaokao.cn/www/2.0/schoolspecialplan/135/2024/31.json?a=www.gaokao.cn,data/shanghai/raw/plan_api/static/2024/135.json,1
2024,综合,135,东华大学,148777,03,物理、化学(2科必选),0701,数学类,19,7000,四年,https://static-data.gaokao.cn/www/2.0/schoolspecialplan/135/2024/31.json?a=www.gaokao.cn,data/shanghai/raw/plan_api/static/2024/135.json,1
2024,综合,135,东华大学,148777,03,物理、化学(2科必选),080205,工业设计,17,7000,四年,https://static-data.gaokao.cn/www/2.0/schoolspecialplan/135/2024/31.json?a=www.gaokao.cn,data/shanghai/raw/plan_api/static/2024/135.json,1
2024,综合,135,东华大学,148777,03,物理、化学(2科必选),1201,管理科学与工程类,16,6500,四年,https://static-data.gaokao.cn/www/2.0/schoolspecialplan/135/2024/31.json?a=www.gaokao.cn,data/shanghai/raw/plan_api/static/2024/135.json,1
2024,综合,135,东华大学,149174,02,不限,95540,社会科学试验班,12,6500,四年,https://static-data.gaokao.cn/www/2.0/schoolspecialplan/135/2024/31.json?a=www.gaokao.cn,data/shanghai/raw/plan_api/static/2024/135.json,1
2024,综合,135,东华大学,148777,03,物理、化学(2科必选),1375718,理科试验班类,11,7000,四年,https://static-data.gaokao.cn/www/2.0/schoolspecialplan/135/2024/31.json?a=www.gaokao.cn,data/shanghai/raw/plan_api/static/2024/135.json,1
2024,综合,135,东华大学,149174,02,不限,050201,英语,10,6500,四年,https://static-data.gaokao.cn/www/2.0/schoolspecialplan/135/2024/31.json?a=www.gaokao.cn,data/shanghai/raw/plan_api/static/2024/135.json,1
2024,综合,135,东华大学,149174,02,不限,050207,日语,8,6500,四年,https://static-data.gaokao.cn/www/2.0/schoolspecialplan/135/2024/31.json?a=www.gaokao.cn,data/shanghai/raw/plan_api/static/2024/135.json,1
2024,综合,135,东华大学,148777,03,物理、化学(2科必选),0702,物理学类,8,7000,四年,https://static-data.gaokao.cn/www/2.0/schoolspecialplan/135/2024/31.json?a=www.gaokao.cn,data/shanghai/raw/plan_api/static/2024/135.json,1
2024,综合,135,东华大学,148777,03,物理、化学(2科必选),080717T,人工智能,8,7000,四年,https://static-data.gaokao.cn/www/2.0/schoolspecialplan/135/2024/31.json?a=www.gaokao.cn,data/shanghai/raw/plan_api/static/2024/135.json,1
2024,综合,135,东华大学,148777,03,物理、化学(2科必选),080201,机械工程,7,7000,四年,https://static-data.gaokao.cn/www/2.0/schoolspecialplan/135/2024/31.json?a=www.gaokao.cn,data/shanghai/raw/plan_api/static/2024/135.json,1
2024,综合,135,东华大学,148777,03,物理、化学(2科必选),080213T,智能制造工程,7,7000,四年,https://static-data.gaokao.cn/www/2.0/schoolspecialplan/135/2024/31.json?a=www.gaokao.cn,data/shanghai/raw/plan_api/static/2024/135.json,1
2024,综合,135,东华大学,148777,03,物理、化学(2科必选),081002,建筑环境与能源应用工程,6,7000,四年,https://static-data.gaokao.cn/www/2.0/schoolspecialplan/135/2024/31.json?a=www.gaokao.cn,data/shanghai/raw/plan_api/static/2024/135.json,1
2024,综合,135,东华大学,148777,03,物理、化学(2科必选),080502T,能源与环境系统工程,3,7000,四年,https://static-data.gaokao.cn/www/2.0/schoolspecialplan/135/2024/31.json?a=www.gaokao.cn,data/shanghai/raw/plan_api/static/2024/135.json,1
2024,综合,135,东华大学,148777,03,物理、化学(2科必选),080907T,智能科学与技术,3,7000,四年,https://static-data.gaokao.cn/www/2.0/schoolspecialplan/135/2024/31.json?a=www.gaokao.cn,data/shanghai/raw/plan_api/static/2024/135.json,1
2024,综合,135,东华大学,148777,03,物理、化学(2科必选),080910T,数据科学与大数据技术,2,7000,四年,https://static-data.gaokao.cn/www/2.0/schoolspecialplan/135/2024/31.json?a=www.gaokao.cn,data/shanghai/raw/plan_api/static/2024/135.json,1
2024,综合,136,上海外国语大学,149754,01,不限,0503,新闻传播学类,12,6500,四年,https://static-data.gaokao.cn/www/2.0/schoolspecialplan/136/2024/31.json?a=www.gaokao.cn,data/shanghai/raw/plan_api/static/2024/136.json,1
2024,综合,136,上海外国语大学,149754,01,不限,050203,德语,8,7150,四年,https://static-data.gaokao.cn/www/2.0/schoolspecialplan/136/2024/31.json?a=www.gaokao.cn,data/shanghai/raw/plan_api/static/2024/136.json,1
2024,综合,136,上海外国语大学,149754,01,不限,020301K,金融学,8,6500,四年,https://static-data.gaokao.cn/www/2.0/schoolspecialplan/136/2024/31.json?a=www.gaokao.cn,data/shanghai/raw/plan_api/static/2024/136.json,1
2024,综合,136,上海外国语大学,149754,01,不限,050204,法语,8,7150,四年,https://static-data.gaokao.cn/www/2.0/schoolspecialplan/136/2024/31.json?a=www.gaokao.cn,data/shanghai/raw/plan_api/static/2024/136.json,1
2024,综合,136,上海外国语大学,149754,01,不限,050201,英语,8,7150,四年,https://static-data.gaokao.cn/www/2.0/schoolspecialplan/136/2024/31.json?a=www.gaokao.cn,data/shanghai/raw/plan_api/static/2024/136.json,1
2024,综合,136,上海外国语大学,149754,01,不限,030101K,法学,8,6500,四年,https://static-data.gaokao.cn/www/2.0/schoolspecialplan/136/2024/31.json?a=www.gaokao.cn,data/shanghai/raw/plan_api/static/2024/136.json,1
2024,综合,136,上海外国语大学,149754,01,不限,050261,翻译,6,7150,四年,https://static-data.gaokao.cn/www/2.0/schoolspecialplan/136/2024/31.json?a=www.gaokao.cn,data/shanghai/raw/plan_api/static/2024/136.json,1
2024,综合,136,上海外国语大学,149754,01,不限,120203K,会计学,6,6500,四年,https://static-data.gaokao.cn/www/2.0/schoolspecialplan/136/2024/31.json?a=www.gaokao.cn,data/shanghai/raw/plan_api/static/2024/136.json,1
2024,综合,136,上海外国语大学,149754,01,不限,050262,商务英语,5,7150,四年,https://static-data.gaokao.cn/www/2.0/schoolspecialplan/136/2024/31.json?a=www.gaokao.cn,data/shanghai/raw/plan_api/static/2024/136.json,1
2024,综合,136,上海外国语大学,149754,01,不限,1202,工商管理类,5,6500,四年,https://static-data.gaokao.cn/www/2.0/schoolspecialplan/136/2024/31.json?a=www.gaokao.cn,data/shanghai/raw/plan_api/static/2024/136.json,1
2024,综合,136,上海外国语大学,149754,01,不限,020401,国际经济与贸易,2,6500,四年,https://static-data.gaokao.cn/www/2.0/schoolspecialplan/136/2024/31.json?a=www.gaokao.cn,data/shanghai/raw/plan_api/static/2024/136.json,1
2024,综合,136,上海外国语大学,149754,01,不限,050103,汉语国际教育,2,6500,四年,https://static-data.gaokao.cn/www/2.0/schoolspecialplan/136/2024/31.json?a=www.gaokao.cn,data/shanghai/raw/plan_api/static/2024/136.json,1
2024,综合,136,上海外国语大学,149754,01,不限,050205,西班牙语,2,7150,四年,https://static-data.gaokao.cn/www/2.0/schoolspecialplan/136/2024/31.json?a=www.gaokao.cn,data/shanghai/raw/plan_api/static/2024/136.json,1
2024,综合,136,上海外国语大学,148775,03,物理必选,1201,管理科学与工程类,8,6500,四年,https://static-data.gaokao.cn/www/2.0/schoolspecialplan/136/2024/31.json?a=www.gaokao.cn,data/shanghai/raw/plan_api/static/2024/136.json,1
2024,综合,136,上海外国语大学,148775,03,物理必选,020308T,精算学,8,6500,四年,https://static-data.gaokao.cn/www/2.0/schoolspecialplan/136/2024/31.json?a=www.gaokao.cn,data/shanghai/raw/plan_api/static/2024/136.json,1
2024,综合,136,上海外国语大学,148582,04,物理、化学(2科必选),080910T,数据科学与大数据技术,6,7000,四年,https://static-data.gaokao.cn/www/2.0/schoolspecialplan/136/2024/31.json?a=www.gaokao.cn,data/shanghai/raw/plan_api/static/2024/136.json,1
2024,综合,136,上海外国语大学,149172,02,思想政治必选,030202,国际思想政治,2,6500,四年,https://static-data.gaokao.cn/www/2.0/schoolspecialplan/136/2024/31.json?a=www.gaokao.cn,data/shanghai/raw/plan_api/static/2024/136.json,1
2024,综合,136,上海外国语大学,149172,02,思想政治必选,030203,外交学,2,7310,四年,https://static-data.gaokao.cn/www/2.0/schoolspecialplan/136/2024/31.json?a=www.gaokao.cn,data/shanghai/raw/plan_api/static/2024/136.json,1
2024,综合,137,东北农业大学,149569,01,物理、化学(2科必选),0827,食品科学与工程类,2,5500,四年,https://static-data.gaokao.cn/www/2.0/schoolspecialplan/137/2024/31.json?a=www.gaokao.cn,data/shanghai/raw/plan_api/static/2024/137.json,1
2024,综合,137,东北农业大学,149040,02,不限,0203,金融学类,2,3500,四年,https://static-data.gaokao.cn/www/2.0/schoolspecialplan/137/2024/31.json?a=www.gaokao.cn,data/shanghai/raw/plan_api/static/2024/137.json,1
2024,综合,137,东北农业大学,148706,03,不限,120201K,工商管理,1,,四年,https://static-data.gaokao.cn/www/2.0/schoolspecialplan/137/2024/31.json?a=www.gaokao.cn,data/shanghai/raw/plan_api/static/2024/137.json,1
2024,综合,138,大连理工大学,149621,01,物理、化学(2科必选),080717T,人工智能,3,6240,四年,https://static-data.gaokao.cn/www/2.0/schoolspecialplan/138/2024/31.json?a=www.gaokao.cn,data/shanghai/raw/plan_api/static/2024/138.json,1
2024,综合,138,大连理工大学,149073,02,物理、化学(2科必选),080202,机械设计制造及其自动化,3,85000,四年,https://static-data.gaokao.cn/www/2.0/schoolspecialplan/138/2024/31.json?a=www.gaokao.cn,data/shanghai/raw/plan_api/static/2024/138.json,1
2024,综合,139,太原理工大学,149636,01,不限,020401,国际经济与贸易,2,5100,四年,https://static-data.gaokao.cn/www/2.0/schoolspecialplan/139/2024/31.json?a=www.gaokao.cn,data/shanghai/raw/plan_api/static/2024/139.json,1
2024,综合,139,太原理工大学,149084,02,物理、化学(2科必选),080202,机械设计制造及其自动化,2,5500,四年,https://static-data.gaokao.cn/www/2.0/schoolspecialplan/139/2024/31.json?a=www.gaokao.cn,data/shanghai/raw/plan_api/static/2024/139.json,1
2024,综合,139,太原理工大学,149084,02,物理、化学(2科必选),080801,自动化,2,5500,四年,https://static-data.gaokao.cn/www/2.0/schoolspecialplan/139/2024/31.json?a=www.gaokao.cn,data/shanghai/raw/plan_api/static/2024/139.json,1
2024,综合,139,太原理工大学,149084,02,物理、化学(2科必选),080910T,数据科学与大数据技术,2,5500,四年,https://static-data.gaokao.cn/www/2.0/schoolspecialplan/139/2024/31.json?a=www.gaokao.cn,data/shanghai/raw/plan_api/static/2024/139.json,1
2024,综合,142,东北师范大学,149591,01,物理、化学(2科必选),0702,物理学类,2,6320,四年,https://static-data.gaokao.cn/www/2.0/schoolspecialplan/142/2024/31.json?a=www.gaokao.cn,data/shanghai/raw/plan_api/static/2024/142.json,1
2024,综合,142,东北师范大学,149591,01,物理、化学(2科必选),0710,生物科学类,1,6320,四年,https://static-data.gaokao.cn/www/2.0/schoolspecialplan/142/2024/31.json?a=www.gaokao.cn,data/shanghai/raw/plan_api/static/2024/142.json,1
2024,综合,142,东北师范大学,149054,02,不限,0201,经济学类,3,6070,四年,https://static-data.gaokao.cn/www/2.0/schoolspecialplan/142/2024/31.json?a=www.gaokao.cn,data/shanghai/raw/plan_api/static/2024/142.json,1
2024,综合,142,东北师范大学,148712,03,不限,120203K,会计学,2,37000,四年,https://static-data.gaokao.cn/www/2.0/schoolspecialplan/142/2024/31.json?a=www.gaokao.cn,data/shanghai/raw/plan_api/static/2024/142.json,1
2024,综合,142,东北师范大学,149054,02,不限,050203,德语,2,5290,四年,https://static-data.gaokao.cn/www/2.0/schoolspecialplan/142/2024/31.json?a=www.gaokao.cn,data/shanghai/raw/plan_api/static/2024/142.json,1
2024,综合,142,东北师范大学,149054,02,不限,050101,汉语言文学,1,5810,四年,https://static-data.gaokao.cn/www/2.0/schoolspecialplan/142/2024/31.json?a=www.gaokao.cn,data/shanghai/raw/plan_api/static/2024/142.json,1
2024,综合,143,北京理工大学,149700,01,物理、化学(2科必选),97772,工科试验班,2,5500,四年,https://static-data.gaokao.cn/www/2.0/schoolspecialplan/143/2024/31.json?a=www.gaokao.cn,data/shanghai/raw/plan_api/static/2024/143.json,1
2024,综合,143,北京理工大学,148439,Q2,物理、化学(2科必选),97764,理科试验班,22,5500,四年,https://static-data.gaokao.cn/www/2.0/schoolspecialplan/143/2024/31.json?a=www.gaokao.cn,data/shanghai/raw/plan_api/static/2024/143.json,0
2024,综合,144,北京科技大学,149718,01,物理、化学(2科必选),080401,材料科学与工程,1,5000,四年,https://static-data.gaokao.cn/www/2.0/schoolspecialplan/144/2024/31.json?a=www.gaokao.cn,data/shanghai/raw/plan_api/static/2024/144.json,1
2024,综合,144,北京科技大学,149718,01,物理、化学(2科必选),0802,机械类,3,5000,四年,https://static-data.gaokao.cn/www/2.0/schoolspecialplan/144/2024/31.json?a=www.gaokao.cn,data/shanghai/raw/plan_api/static/2024/144.json,1
2024,综合,144,北京科技大学,149718,01,物理、化学(2科必选),0809,计算机类,1,5000,四年,https://static-data.gaokao.cn/www/2.0/schoolspecialplan/144/2024/31.json?a=www.gaokao.cn,data/shanghai/raw/plan_api/static/2024/144.json,1
2024,综合,144,北京科技大学,148749,03,不限,1202,工商管理类,3,5000,四年,https://static-data.gaokao.cn/www/2.0/schoolspecialplan/144/2024/31.json?a=www.gaokao.cn,data/shanghai/raw/plan_api/static/2024/144.json,1
2024,综合,144,北京科技大学,149141,02,物理必选,120108T,大数据管理与应用,2,5000,四年,https://static-data.gaokao.cn/www/2.0/schoolspecialplan/144/2024/31.json?a=www.gaokao.cn,data/shanghai/raw/plan_api/static/2024/144.json,1
2024,综合,146,南京工程学院,149535,01,物理、化学(2科必选),080701,电子信息工程,3,5800,四年,https://static-data.gaokao.cn/www/2.0/schoolspecialplan/146/2024/31.json?a=www.gaokao.cn,data/shanghai/raw/plan_api/static/2024/146.json,1
2024,综合,146,南京工程学院,149535,01,物理、化学(2科必选),080803T,机器人工程,3,5800,四年,https://static-data.gaokao.cn/www/2.0/schoolspecialplan/146/2024/31.json?a=www.gaokao.cn,data/shanghai/raw/plan_api/static/2024/146.json,1
2024,综合,146,南京工程学院,149535,01,物理、化学(2科必选),080901,计算机科学与技术,3,5800,四年,https://static-data.gaokao.cn/www/2.0/schoolspecialplan/146/2024/31.json?a=www.gaokao.cn,data/shanghai/raw/plan_api/static/2024/146.json,1
2024,综合,146,南京工程学院,149535,01,物理、化学(2科必选),080717T,人工智能,3,5800,四年,https://static-data.gaokao.cn/www/2.0/schoolspecialplan/146/2024/31.json?a=www.gaokao.cn,data/shanghai/raw/plan_api/static/2024/146.json,1
2024,综合,146,南京工程学院,148539,04,物理、化学(2科必选),080902,软件工程,4,51000,四年,https://static-data.gaokao.cn/www/2.0/schoolspecialplan/146/2024/31.json?a=www.gaokao.cn,data/shanghai/raw/plan_api/static/2024/146.json,1
2024,综合,146,南京工程学院,148691,03,不限,020401,国际经济与贸易,3,5200,四年,https://static-data.gaokao.cn/www/2.0/schoolspecialplan/146/2024/31.json?a=www.gaokao.cn,data/shanghai/raw/plan_api/static/2024/146.json,1
2024,综合,146,南京工程学院,149013,02,物理必选,120103,工程管理,3,5200,四年,https://static-data.gaokao.cn/www/2.0/schoolspecialplan/146/2024/31.json?a=www.gaokao.cn,data/shanghai/raw/plan_api/static/2024/146.json,1
2024,综合,146,南京工程学院,148691,03,不限,120203K,会计学,3,5200,四年,https://static-data.gaokao.cn/www/2.0/schoolspecialplan/146/2024/31.json?a=www.gaokao.cn,data/shanghai/raw/plan_api/static/2024/146.json,1
2024,综合,146,南京工程学院,148691,03,不限,120601,物流管理,3,5200,四年,https://static-data.gaokao.cn/www/2.0/schoolspecialplan/146/2024/31.json?a=www.gaokao.cn,data/shanghai/raw/plan_api/static/2024/146.json,1
2024,综合,146,南京工程学院,149013,02,物理必选,120108T,大数据管理与应用,3,5200,四年,https://static-data.gaokao.cn/www/2.0/schoolspecialplan/146/2024/31.json?a=www.gaokao.cn,data/shanghai/raw/plan_api/static/2024/146.json,1
2024,综合,146,南京工程学院,148691,03,不限,120204,财务管理,2,5200,四年,https://static-data.gaokao.cn/www/2.0/schoolspecialplan/146/2024/31.json?a=www.gaokao.cn,data/shanghai/raw/plan_api/static/2024/146.json,1
2024,综合,147,南京晓庄学院,149514,01,不限,040107,小学教育,2,5200,四年,https://static-data.gaokao.cn/www/2.0/schoolspecialplan/147/2024/31.json?a=www.gaokao.cn,data/shanghai/raw/plan_api/static/2024/147.json,1
2024,综合,147,南京晓庄学院,149514,01,不限,040106,学前教育,2,5200,四年,https://static-data.gaokao.cn/www/2.0/schoolspecialplan/147/2024/31.json?a=www.gaokao.cn,data/shanghai/raw/plan_api/static/2024/147.json,1
2024,综合,147,南京晓庄学院,149514,01,不限,050262,商务英语,1,5200,四年,https://static-data.gaokao.cn/www/2.0/schoolspecialplan/147/2024/31.json?a=www.gaokao.cn,data/shanghai/raw/plan_api/static/2024/147.json,1
2024,综合,149,南京艺术学院,149515,01,物理、化学(2科必选),080218T,智能交互设计,1,10000,四年,https://static-data.gaokao.cn/www/2.0/schoolspecialplan/149/2024/31.json?a=www.gaokao.cn,data/shanghai/raw/plan_api/static/2024/149.json,1
2024,综合,149,南京艺术学院,148998,02,不限,130501,艺术设计学,1,9900,四年,https://static-data.gaokao.cn/www/2.0/schoolspecialplan/149/2024/31.json?a=www.gaokao.cn,data/shanghai/raw/plan_api/static/2024/149.json,1
2024,综合,149,南京艺术学院,148998,02,不限,120210,文化产业管理,1,5200,四年,https://static-data.gaokao.cn/www/2.0/schoolspecialplan/149/2024/31.json?a=www.gaokao.cn,data/shanghai/raw/plan_api/static/2024/149.json,1
2024,综合,149,南京艺术学院,148998,02,不限,130102T,艺术管理,1,9900,四年,https://static-data.gaokao.cn/www/2.0/schoolspecialplan/149/2024/31.json?a=www.gaokao.cn,data/shanghai/raw/plan_api/static/2024/149.json,1
2024,综合,149,南京艺术学院,148998,02,不限,130304,戏剧影视文学,1,9900,四年,https://static-data.gaokao.cn/www/2.0/schoolspecialplan/149/2024/31.json?a=www.gaokao.cn,data/shanghai/raw/plan_api/static/2024/149.json,1
2024,综合,149,南京艺术学院,148998,02,不限,130311T,影视摄影与制作,1,11000,四年,https://static-data.gaokao.cn/www/2.0/schoolspecialplan/149/2024/31.json?a=www.gaokao.cn,data/shanghai/raw/plan_api/static/2024/149.json,1
2024,综合,151,南京审计大学,149534,01,不限,020201K,财政学,3,5200,四年,https://static-data.gaokao.cn/www/2.0/schoolspecialplan/151/2024/31.json?a=www.gaokao.cn,data/shanghai/raw/plan_api/static/2024/151.json,1
2024,综合,153,盐城师范学院,149543,01,不限,071102,应用心理学,6,5500,四年,https://static-data.gaokao.cn/www/2.0/schoolspecialplan/153/2024/31.json?a=www.gaokao.cn,data/shanghai/raw/plan_api/static/2024/153.json,1
2024,综合,156,常州大学,149548,01,物理、化学(2科必选),081301,化学工程与工艺,2,5800,四年,https://static-data.gaokao.cn/www/2.0/schoolspecialplan/156/2024/31.json?a=www.gaokao.cn,data/shanghai/raw/plan_api/static/2024/156.json,1
2024,综合,156,常州大学,149548,01,物理、化学(2科必选),082901,安全工程,2,5800,四年,https://static-data.gaokao.cn/www/2.0/schoolspecialplan/156/2024/31.json?a=www.gaokao.cn,data/shanghai/raw/plan_api/static/2024/156.json,1
2024,综合,156,常州大学,149548,01,物理、化学(2科必选),080407,高分子材料与工程,2,5800,四年,https://static-data.gaokao.cn/www/2.0/schoolspecialplan/156/2024/31.json?a=www.gaokao.cn,data/shanghai/raw/plan_api/static/2024/156.json,1
2024,综合,156,常州大学,149021,02,不限,120206,人力资源管理,2,5200,四年,https://static-data.gaokao.cn/www/2.0/schoolspecialplan/156/2024/31.json?a=www.gaokao.cn,data/shanghai/raw/plan_api/static/2024/156.json,1
2024,综合,156,常州大学,149021,02,不限,120202,市场营销,2,5200,四年,https://static-data.gaokao.cn/www/2.0/schoolspecialplan/156/2024/31.json?a=www.gaokao.cn,data/shanghai/raw/plan_api/static/2024/156.json,1
2024,综合,157,华东交通大学,149454,01,物理、化学(2科必选),080601,电气工程及其自动化,3,5220,四年,https://static-data.gaokao.cn/www/2.0/schoolspecialplan/157/2024/31.json?a=www.gaokao.cn,data/shanghai/raw/plan_api/static/2024/157.json,1
2024,综合,157,华东交通大学,149454,01,物理、化学(2科必选),081001,土木工程,3,5220,四年,https://static-data.gaokao.cn/www/2.0/schoolspecialplan/157/2024/31.json?a=www.gaokao.cn,data/shanghai/raw/plan_api/static/2024/157.json,1
2024,综合,157,华东交通大学,149454,01,物理、化学(2科必选),080202,机械设计制造及其自动化,2,4940,四年,https://static-data.gaokao.cn/www/2.0/schoolspecialplan/157/2024/31.json?a=www.gaokao.cn,data/shanghai/raw/plan_api/static/2024/157.json,1
2024,综合,157,华东交通大学,148956,02,不限,020301K,金融学,1,4660,四年,https://static-data.gaokao.cn/www/2.0/schoolspecialplan/157/2024/31.json?a=www.gaokao.cn,data/shanghai/raw/plan_api/static/2024/157.json,1
2024,综合,157,华东交通大学,148956,02,不限,120203K,会计学,1,4660,四年,https://static-data.gaokao.cn/www/2.0/schoolspecialplan/157/2024/31.json?a=www.gaokao.cn,data/shanghai/raw/plan_api/static/2024/157.json,1
2024,综合,158,徐州医科大学,149516,01,物理、化学(2科必选),100201K,临床医学,5,7480,五年,https://static-data.gaokao.cn/www/2.0/schoolspecialplan/158/2024/31.json?a=www.gaokao.cn,data/shanghai/raw/plan_api/static/2024/158.json,1
2024,综合,158,徐州医科大学,149516,01,物理、化学(2科必选),100202TK,麻醉学,3,7480,五年,https://static-data.gaokao.cn/www/2.0/schoolspecialplan/158/2024/31.json?a=www.gaokao.cn,data/shanghai/raw/plan_api/static/2024/158.json,1
2024,综合,158,徐州医科大学,149516,01,物理、化学(2科必选),100701,药学,2,6800,四年,https://static-data.gaokao.cn/www/2.0/schoolspecialplan/158/2024/31.json?a=www.gaokao.cn,data/shanghai/raw/plan_api/static/2024/158.json,1
2024,综合,160,南京邮电大学,149547,01,物理、化学(2科必选),080703,通信工程,3,6380,四年,https://static-data.gaokao.cn/www/2.0/schoolspecialplan/160/2024/31.json?a=www.gaokao.cn,data/shanghai/raw/plan_api/static/2024/160.json,1
2024,综合,160,南京邮电大学,149547,01,物理、化学(2科必选),080701,电子信息工程,3,6380,四年,https://static-data.gaokao.cn/www/2.0/schoolspecialplan/160/2024/31.json?a=www.gaokao.cn,data/shanghai/raw/plan_api/static/2024/160.json,1
2024,综合,160,南京邮电大学,149547,01,物理、化学(2科必选),080903,网络工程,2,6380,四年,https://static-data.gaokao.cn/www/2.0/schoolspecialplan/160/2024/31.json?a=www.gaokao.cn,data/shanghai/raw/plan_api/static/2024/160.json,1
2024,综合,160,南京邮电大学,149547,01,物理、化学(2科必选),080705,光电信息科学与工程,2,6380,四年,https://static-data.gaokao.cn/www/2.0/schoolspecialplan/160/2024/31.json?a=www.gaokao.cn,data/shanghai/raw/plan_api/static/2024/160.json,1
2024,综合,160,南京邮电大学,149547,01,物理、化学(2科必选),080702,电子科学与技术,2,6380,四年,https://static-data.gaokao.cn/www/2.0/schoolspecialplan/160/2024/31.json?a=www.gaokao.cn,data/shanghai/raw/plan_api/static/2024/160.json,1
2024,综合,160,南京邮电大学,149547,01,物理、化学(2科必选),080904K,信息安全,2,6380,四年,https://static-data.gaokao.cn/www/2.0/schoolspecialplan/160/2024/31.json?a=www.gaokao.cn,data/shanghai/raw/plan_api/static/2024/160.json,1
2024,综合,161,江苏科技大学,149550,01,物理、化学(2科必选),0819,海洋工程类,4,6380,四年,https://static-data.gaokao.cn/www/2.0/schoolspecialplan/161/2024/31.json?a=www.gaokao.cn,data/shanghai/raw/plan_api/static/2024/161.json,1
2024,综合,161,江苏科技大学,149550,01,物理、化学(2科必选),081103,港口航道与海岸工程,3,5800,四年,https://static-data.gaokao.cn/www/2.0/schoolspecialplan/161/2024/31.json?a=www.gaokao.cn,data/shanghai/raw/plan_api/static/2024/161.json,1
2024,综合,161,江苏科技大学,149550,01,物理、化学(2科必选),0809,计算机类,3,5800,四年,https://static-data.gaokao.cn/www/2.0/schoolspecialplan/161/2024/31.json?a=www.gaokao.cn,data/shanghai/raw/plan_api/static/2024/161.json,1
2024,综合,161,江苏科技大学,149550,01,物理、化学(2科必选),071202,应用统计学,2,5500,四年,https://static-data.gaokao.cn/www/2.0/schoolspecialplan/161/2024/31.json?a=www.gaokao.cn,data/shanghai/raw/plan_api/static/2024/161.json,1
2024,综合,161,江苏科技大学,149550,01,物理、化学(2科必选),083001,生物工程,2,5800,四年,https://static-data.gaokao.cn/www/2.0/schoolspecialplan/161/2024/31.json?a=www.gaokao.cn,data/shanghai/raw/plan_api/static/2024/161.json,1
2024,综合,161,江苏科技大学,149023,02,不限,120401,公共事业管理,2,5200,四年,https://static-data.gaokao.cn/www/2.0/schoolspecialplan/161/2024/31.json?a=www.gaokao.cn,data/shanghai/raw/plan_api/static/2024/161.json,1
2024,综合,161,江苏科技大学,149023,02,不限,120901K,旅游管理,2,5200,四年,https://static-data.gaokao.cn/www/2.0/schoolspecialplan/161/2024/31.json?a=www.gaokao.cn,data/shanghai/raw/plan_api/static/2024/161.json,1
2024,综合,162,中侨大学,149020,02,物理、化学(2科必选),101005,康复治疗学,5,6800,四年,https://static-data.gaokao.cn/www/2.0/schoolspecialplan/162/2024/31.json?a=www.gaokao.cn,data/shanghai/raw/plan_api/static/2024/162.json,1
2024,综合,162,中侨大学,149020,02,物理、化学(2科必选),1008,中药学类,5,7400,四年,https://static-data.gaokao.cn/www/2.0/schoolspecialplan/162/2024/31.json?a=www.gaokao.cn,data/shanghai/raw/plan_api/static/2024/162.json,1
2024,综合,162,中侨大学,148695,03,不限,071102,应用心理学,3,5500,四年,https://static-data.gaokao.cn/www/2.0/schoolspecialplan/162/2024/31.json?a=www.gaokao.cn,data/shanghai/raw/plan_api/static/2024/162.json,1
2024,综合,163,苏州科技大学,149541,01,物理、化学(2科必选),081001,土木工程,4,6380,四年,https://static-data.gaokao.cn/www/2.0/schoolspecialplan/163/2024/31.json?a=www.gaokao.cn,data/shanghai/raw/plan_api/static/2024/163.json,1
2024,综合,163,苏州科技大学,149541,01,物理、化学(2科必选),080412T,功能材料,2,6380,四年,https://static-data.gaokao.cn/www/2.0/schoolspecialplan/163/2024/31.json?a=www.gaokao.cn,data/shanghai/raw/plan_api/static/2024/163.json,1
2024,综合,163,苏州科技大学,149541,01,物理、化学(2科必选),081002,建筑环境与能源应用工程,2,6380,四年,https://static-data.gaokao.cn/www/2.0/schoolspecialplan/163/2024/31.json?a=www.gaokao.cn,data/shanghai/raw/plan_api/static/2024/163.json,1
2024,综合,163,苏州科技大学,149541,01,物理、化学(2科必选),080202,机械设计制造及其自动化,2,5800,四年,https://static-data.gaokao.cn/www/2.0/schoolspecialplan/163/2024/31.json?a=www.gaokao.cn,data/shanghai/raw/plan_api/static/2024/163.json,1
2024,综合,163,苏州科技大学,149541,01,物理、化学(2科必选),071002,生物技术,2,5500,四年,https://static-data.gaokao.cn/www/2.0/schoolspecialplan/163/2024/31.json?a=www.gaokao.cn,data/shanghai/raw/plan_api/static/2024/163.json,1
2024,综合,163,苏州科技大学,149541,01,物理、化学(2科必选),080204,机械电子工程,2,5800,四年,https://static-data.gaokao.cn/www/2.0/schoolspecialplan/163/2024/31.json?a=www.gaokao.cn,data/shanghai/raw/plan_api/static/2024/163.json,1
2024,综合,163,苏州科技大学,149541,01,物理、化学(2科必选),080403,材料化学,2,5800,四年,https://static-data.gaokao.cn/www/2.0/schoolspecialplan/163/2024/31.json?a=www.gaokao.cn,data/shanghai/raw/plan_api/static/2024/163.json,1
2024,综合,163,苏州科技大学,149541,01,物理、化学(2科必选),081008T,智能建造,2,5800,四年,https://static-data.gaokao.cn/www/2.0/schoolspecialplan/163/2024/31.json?a=www.gaokao.cn,data/shanghai/raw/plan_api/static/2024/163.json,1
2024,综合,163,苏州科技大学,148693,03,物理、化学(2科必选),081001,土木工程,5,26000,四年,https://static-data.gaokao.cn/www/2.0/schoolspecialplan/163/2024/31.json?a=www.gaokao.cn,data/shanghai/raw/plan_api/static/2024/163.json,1
2024,综合,163,苏州科技大学,148540,04,物理必选,120103,工程管理,4,26000,四年,https://static-data.gaokao.cn/www/2.0/schoolspecialplan/163/2024/31.json?a=www.gaokao.cn,data/shanghai/raw/plan_api/static/2024/163.json,1
2024,综合,163,苏州科技大学,148693,03,物理、化学(2科必选),080202,机械设计制造及其自动化,2,26000,四年,https://static-data.gaokao.cn/www/2.0/schoolspecialplan/163/2024/31.json?a=www.gaokao.cn,data/shanghai/raw/plan_api/static/2024/163.json,1
2024,综合,163,苏州科技大学,148482,05,不限,120601,物流管理,2,26000,四年,https://static-data.gaokao.cn/www/2.0/schoolspecialplan/163/2024/31.json?a=www.gaokao.cn,data/shanghai/raw/plan_api/static/2024/163.json,1
2024,综合,163,苏州科技大学,149017,02,不限,050201,英语,2,5200,四年,https://static-data.gaokao.cn/www/2.0/schoolspecialplan/163/2024/31.json?a=www.gaokao.cn,data/shanghai/raw/plan_api/static/2024/163.json,1
2024,综合,163,苏州科技大学,149017,02,不限,050207,日语,2,5200,四年,https://static-data.gaokao.cn/www/2.0/schoolspecialplan/163/2024/31.json?a=www.gaokao.cn,data/shanghai/raw/plan_api/static/2024/163.json,1
2024,综合,163,苏州科技大学,149017,02,不限,082801,建筑学,2,6380,五年,https://static-data.gaokao.cn/www/2.0/schoolspecialplan/163/2024/31.json?a=www.gaokao.cn,data/shanghai/raw/plan_api/static/2024/163.json,1
2024,综合,164,南京财经大学,149542,01,不限,120601,物流管理,4,5200,四年,https://static-data.gaokao.cn/www/2.0/schoolspecialplan/164/2024/31.json?a=www.gaokao.cn,data/shanghai/raw/plan_api/static/2024/164.json,1
2024,综合,164,南京财经大学,149542,01,不限,120402,行政管理,4,5200,四年,https://static-data.gaokao.cn/www/2.0/schoolspecialplan/164/2024/31.json?a=www.gaokao.cn,data/shanghai/raw/plan_api/static/2024/164.json,1
2024,综合,164,南京财经大学,149542,01,不限,050303,广告学,3,5200,四年,https://static-data.gaokao.cn/www/2.0/schoolspecialplan/164/2024/31.json?a=www.gaokao.cn,data/shanghai/raw/plan_api/static/2024/164.json,1
2024,综合,164,南京财经大学,149542,01,不限,030302,社会工作,3,5200,四年,https://static-data.gaokao.cn/www/2.0/schoolspecialplan/164/2024/31.json?a=www.gaokao.cn,data/shanghai/raw/plan_api/static/2024/164.json,1
2024,综合,164,南京财经大学,149542,01,不限,120403,劳动与社会保障,3,5200,四年,https://static-data.gaokao.cn/www/2.0/schoolspecialplan/164/2024/31.json?a=www.gaokao.cn,data/shanghai/raw/plan_api/static/2024/164.json,1
2024,综合,164,南京财经大学,149542,01,不限,120901K,旅游管理,2,5200,四年,https://static-data.gaokao.cn/www/2.0/schoolspecialplan/164/2024/31.json?a=www.gaokao.cn,data/shanghai/raw/plan_api/static/2024/164.json,1
2024,综合,164,南京财经大学,149542,01,不限,050204,法语,2,5200,四年,https://static-data.gaokao.cn/www/2.0/schoolspecialplan/164/2024/31.json?a=www.gaokao.cn,data/shanghai/raw/plan_api/static/2024/164.json,1
2024,综合,164,南京财经大学,149542,01,不限,050201,英语,2,5200,四年,https://static-data.gaokao.cn/www/2.0/schoolspecialplan/164/2024/31.json?a=www.gaokao.cn,data/shanghai/raw/plan_api/static/2024/164.json,1
2024,综合,164,南京财经大学,149542,01,不限,120201K,工商管理,2,26400,五年,https://static-data.gaokao.cn/www/2.0/schoolspecialplan/164/2024/31.json?a=www.gaokao.cn,data/shanghai/raw/plan_api/static/2024/164.json,1
2024,综合,164,南京财经大学,149542,01,不限,020101,经济学,2,5200,四年,https://static-data.gaokao.cn/www/2.0/schoolspecialplan/164/2024/31.json?a=www.gaokao.cn,data/shanghai/raw/plan_api/static/2024/164.json,1
2024,综合,164,南京财经大学,149542,01,不限,020401,国际经济与贸易,2,5200,四年,https://static-data.gaokao.cn/www/2.0/schoolspecialplan/164/2024/31.json?a=www.gaokao.cn,data/shanghai/raw/plan_api/static/2024/164.json,1
2024,综合,164,南京财经大学,149542,01,不限,1202,工商管理类,2,5700,四年,https://static-data.gaokao.cn/www/2.0/schoolspecialplan/164/2024/31.json?a=www.gaokao.cn,data/shanghai/raw/plan_api/static/2024/164.json,1
2024,综合,164,南京财经大学,149542,01,不限,0202,财政学类,2,5200,四年,https://static-data.gaokao.cn/www/2.0/schoolspecialplan/164/2024/31.json?a=www.gaokao.cn,data/shanghai/raw/plan_api/static/2024/164.json,1
2024,综合,164,南京财经大学,149018,02,物理必选,020302,金融工程,4,5700,四年,https://static-data.gaokao.cn/www/2.0/schoolspecialplan/164/2024/31.json?a=www.gaokao.cn,data/shanghai/raw/plan_api/static/2024/164.json,1
2024,综合,164,南京财经大学,149018,02,物理必选,120101,管理科学,2,5200,四年,https://static-data.gaokao.cn/www/2.0/schoolspecialplan/164/2024/31.json?a=www.gaokao.cn,data/shanghai/raw/plan_api/static/2024/164.json,1
2024,综合,164,南京财经大学,149018,02,物理必选,120108T,大数据管理与应用,2,5200,四年,https://static-data.gaokao.cn/www/2.0/schoolspecialplan/164/2024/31.json?a=www.gaokao.cn,data/shanghai/raw/plan_api/static/2024/164.json,1
2024,综合,165,立达学院,149451,01,物理、化学(2科必选),081001,土木工程,2,5220,四年,https://static-data.gaokao.cn/www/2.0/schoolspecialplan/165/2024/31.json?a=www.gaokao.cn,data/shanghai/raw/plan_api/static/2024/165.json,1
2024,综合,165,立达学院,149451,01,物理、化学(2科必选),080717T,人工智能,2,5220,四年,https://static-data.gaokao.cn/www/2.0/schoolspecialplan/165/2024/31.json?a=www.gaokao.cn,data/shanghai/raw/plan_api/static/2024/165.json,1
2024,综合,165,立达学院,149451,01,物理、化学(2科必选),081008T,智能建造,2,5220,四年,https://static-data.gaokao.cn/www/2.0/schoolspecialplan/165/2024/31.json?a=www.gaokao.cn,data/shanghai/raw/plan_api/static/2024/165.json,1
2024,综合,165,立达学院,148478,05,不限,020401,国际经济与贸易,2,4660,四年,https://static-data.gaokao.cn/www/2.0/schoolspecialplan/165/2024/31.json?a=www.gaokao.cn,data/shanghai/raw/plan_api/static/2024/165.json,1
2024,综合,165,立达学院,148478,05,不限,050207,日语,2,4660,四年,https://static-data.gaokao.cn/www/2.0/schoolspecialplan/165/2024/31.json?a=www.gaokao.cn,data/shanghai/raw/plan_api/static/2024/165.json,1
2024,综合,165,立达学院,148532,04,历史必选,050103,汉语国际教育,2,4380,四年,https://static-data.gaokao.cn/www/2.0/schoolspecialplan/165/2024/31.json?a=www.gaokao.cn,data/shanghai/raw/plan_api/static/2024/165.json,1
2024,综合,165,立达学院,148664,03,物理必选,120105,工程造价,2,4660,四年,https://static-data.gaokao.cn/www/2.0/schoolspecialplan/165/2024/31.json?a=www.gaokao.cn,data/shanghai/raw/plan_api/static/2024/165.json,1
2024,综合,165,立达学院,148458,06,物理、化学(2科必选),080702,电子科学与技术,2,14000,四年,https://static-data.gaokao.cn/www/2.0/schoolspecialplan/165/2024/31.json?a=www.gaokao.cn,data/shanghai/raw/plan_api/static/2024/165.json,1
2024,综合,165,立达学院,148478,05,不限,120206,人力资源管理,2,4660,四年,https://static-data.gaokao.cn/www/2.0/schoolspecialplan/165/2024/31.json?a=www.gaokao.cn,data/shanghai/raw/plan_api/static/2024/165.json,1
2024,综合,165,立达学院,148478,05,不限,082802,城乡规划,2,5220,五年,https://static-data.gaokao.cn/www/2.0/schoolspecialplan/165/2024/31.json?a=www.gaokao.cn,data/shanghai/raw/plan_api/static/2024/165.json,1
2024,综合,165,立达学院,148953,02,物理、化学(2科必选),080902,软件工程,2,10000,四年,https://static-data.gaokao.cn/www/2.0/schoolspecialplan/165/2024/31.json?a=www.gaokao.cn,data/shanghai/raw/plan_api/static/2024/165.json,1
2024,综合,165,立达学院,148664,03,物理必选,120111T,应急管理,2,4660,四年,https://static-data.gaokao.cn/www/2.0/schoolspecialplan/165/2024/31.json?a=www.gaokao.cn,data/shanghai/raw/plan_api/static/2024/165.json,1
2024,综合,165,立达学院,148664,03,物理必选,020109T,数字经济,2,4660,四年,https://static-data.gaokao.cn/www/2.0/schoolspecialplan/165/2024/31.json?a=www.gaokao.cn,data/shanghai/raw/plan_api/static/2024/165.json,1
2024,综合,169,南京林业大学,149546,01,物理、化学(2科必选),082502,环境工程,2,6380,四年,https://static-data.gaokao.cn/www/2.0/schoolspecialplan/169/2024/31.json?a=www.gaokao.cn,data/shanghai/raw/plan_api/static/2024/169.json,1
2024,综合,169,南京林业大学,149546,01,物理、化学(2科必选),080205,工业设计,2,5800,四年,https://static-data.gaokao.cn/www/2.0/schoolspecialplan/169/2024/31.json?a=www.gaokao.cn,data/shanghai/raw/plan_api/static/2024/169.json,1
2024,综合,169,南京林业大学,149546,01,物理、化学(2科必选),080901,计算机科学与技术,2,5800,四年,https://static-data.gaokao.cn/www/2.0/schoolspecialplan/169/2024/31.json?a=www.gaokao.cn,data/shanghai/raw/plan_api/static/2024/169.json,1
2024,综合,169,南京林业大学,149546,01,物理、化学(2科必选),071002,生物技术,2,6050,四年,https://static-data.gaokao.cn/www/2.0/schoolspecialplan/169/2024/31.json?a=www.gaokao.cn,data/shanghai/raw/plan_api/static/2024/169.json,1
2024,综合,171,南京工业大学,149549,01,物理、化学(2科必选),081301,化学工程与工艺,5,6380,四年,https://static-data.gaokao.cn/www/2.0/schoolspecialplan/171/2024/31.json?a=www.gaokao.cn,data/shanghai/raw/plan_api/static/2024/171.json,1
2024,综合,171,南京工业大学,149549,01,物理、化学(2科必选),080601,电气工程及其自动化,3,6380,四年,https://static-data.gaokao.cn/www/2.0/schoolspecialplan/171/2024/31.json?a=www.gaokao.cn,data/shanghai/raw/plan_api/static/2024/171.json,1
2024,综合,171,南京工业大学,149549,01,物理、化学(2科必选),081302,制药工程,3,26400,四年,https://static-data.gaokao.cn/www/2.0/schoolspecialplan/171/2024/31.json?a=www.gaokao.cn,data/shanghai/raw/plan_api/static/2024/171.json,1
2024,综合,171,南京工业大学,149549,01,物理、化学(2科必选),081004,建筑电气与智能化,2,5800,四年,https://static-data.gaokao.cn/www/2.0/schoolspecialplan/171/2024/31.json?a=www.gaokao.cn,data/shanghai/raw/plan_api/static/2024/171.json,1
2024,综合,171,南京工业大学,149549,01,物理、化学(2科必选),080301,测控技术与仪器,2,5800,四年,https://static-data.gaokao.cn/www/2.0/schoolspecialplan/171/2024/31.json?a=www.gaokao.cn,data/shanghai/raw/plan_api/static/2024/171.json,1
2024,综合,171,南京工业大学,149549,01,物理、化学(2科必选),080705,光电信息科学与工程,2,6380,四年,https://static-data.gaokao.cn/www/2.0/schoolspecialplan/171/2024/31.json?a=www.gaokao.cn,data/shanghai/raw/plan_api/static/2024/171.json,1
2024,综合,171,南京工业大学,149549,01,物理、化学(2科必选),080703,通信工程,2,5800,四年,https://static-data.gaokao.cn/www/2.0/schoolspecialplan/171/2024/31.json?a=www.gaokao.cn,data/shanghai/raw/plan_api/static/2024/171.json,1
2024,综合,171,南京工业大学,149549,01,物理、化学(2科必选),080406,无机非金属材料工程,2,6380,四年,https://static-data.gaokao.cn/www/2.0/schoolspecialplan/171/2024/31.json?a=www.gaokao.cn,data/shanghai/raw/plan_api/static/2024/171.json,1
2024,综合,171,南京工业大学,149549,01,物理、化学(2科必选),080213T,智能制造工程,2,5800,四年,https://static-data.gaokao.cn/www/2.0/schoolspecialplan/171/2024/31.json?a=www.gaokao.cn,data/shanghai/raw/plan_api/static/2024/171.json,1
2024,综合,171,南京工业大学,149549,01,物理、化学(2科必选),081008T,智能建造,2,6380,四年,https://static-data.gaokao.cn/www/2.0/schoolspecialplan/171/2024/31.json?a=www.gaokao.cn,data/shanghai/raw/plan_api/static/2024/171.json,1
2024,综合,171,南京工业大学,148696,03,不限,030101K,法学,2,5200,四年,https://static-data.gaokao.cn/www/2.0/schoolspecialplan/171/2024/31.json?a=www.gaokao.cn,data/shanghai/raw/plan_api/static/2024/171.json,1
2024,综合,171,南京工业大学,149022,02,物理必选,120701,工业工程,2,5200,四年,https://static-data.gaokao.cn/www/2.0/schoolspecialplan/171/2024/31.json?a=www.gaokao.cn,data/shanghai/raw/plan_api/static/2024/171.json,1
2024,综合,171,南京工业大学,148696,03,不限,020301K,金融学,2,5200,四年,https://static-data.gaokao.cn/www/2.0/schoolspecialplan/171/2024/31.json?a=www.gaokao.cn,data/shanghai/raw/plan_api/static/2024/171.json,1
2024,综合,171,南京工业大学,148696,03,不限,050103,汉语国际教育,2,5200,四年,https://static-data.gaokao.cn/www/2.0/schoolspecialplan/171/2024/31.json?a=www.gaokao.cn,data/shanghai/raw/plan_api/static/2024/171.json,1
2024,综合,171,南京工业大学,148696,03,不限,120203K,会计学,2,5200,四年,https://static-data.gaokao.cn/www/2.0/schoolspecialplan/171/2024/31.json?a=www.gaokao.cn,data/shanghai/raw/plan_api/static/2024/171.json,1
2024,综合,171,南京工业大学,149022,02,物理必选,120103,工程管理,2,5200,四年,https://static-data.gaokao.cn/www/2.0/schoolspecialplan/171/2024/31.json?a=www.gaokao.cn,data/shanghai/raw/plan_api/static/2024/171.json,1
2024,综合,171,南京工业大学,149022,02,物理必选,120102,信息管理与信息系统,2,5200,四年,https://static-data.gaokao.cn/www/2.0/schoolspecialplan/171/2024/31.json?a=www.gaokao.cn,data/shanghai/raw/plan_api/static/2024/171.json,1
2024,综合,171,南京工业大学,148696,03,不限,120201K,工商管理,2,5200,四年,https://static-data.gaokao.cn/www/2.0/schoolspecialplan/171/2024/31.json?a=www.gaokao.cn,data/shanghai/raw/plan_api/static/2024/171.json,1
2024,综合,171,南京工业大学,148696,03,不限,050205,西班牙语,2,5200,四年,https://static-data.gaokao.cn/www/2.0/schoolspecialplan/171/2024/31.json?a=www.gaokao.cn,data/shanghai/raw/plan_api/static/2024/171.json,1
2024,综合,171,南京工业大学,148696,03,不限,082804T,历史建筑保护工程,2,5800,四年,https://static-data.gaokao.cn/www/2.0/schoolspecialplan/171/2024/31.json?a=www.gaokao.cn,data/shanghai/raw/plan_api/static/2024/171.json,1
2024,综合,172,上师天华,149449,01,物理、化学(2科必选),120801,电子商务,3,5220,四年,https://static-data.gaokao.cn/www/2.0/schoolspecialplan/172/2024/31.json?a=www.gaokao.cn,data/shanghai/raw/plan_api/static/2024/172.json,1
2024,综合,172,上师天华,149449,01,物理、化学(2科必选),090402,动物药学,3,4090,四年,https://static-data.gaokao.cn/www/2.0/schoolspecialplan/172/2024/31.json?a=www.gaokao.cn,data/shanghai/raw/plan_api/static/2024/172.json,1
2024,综合,172,上师天华,149449,01,物理、化学(2科必选),090601,水产养殖学,3,4090,四年,https://static-data.gaokao.cn/www/2.0/schoolspecialplan/172/2024/31.json?a=www.gaokao.cn,data/shanghai/raw/plan_api/static/2024/172.json,1
2024,综合,172,上师天华,149449,01,物理、化学(2科必选),090103,植物保护,2,4090,四年,https://static-data.gaokao.cn/www/2.0/schoolspecialplan/172/2024/31.json?a=www.gaokao.cn,data/shanghai/raw/plan_api/static/2024/172.json,1
2024,综合,172,上师天华,149449,01,物理、化学(2科必选),070302,应用化学,2,4940,四年,https://static-data.gaokao.cn/www/2.0/schoolspecialplan/172/2024/31.json?a=www.gaokao.cn,data/shanghai/raw/plan_api/static/2024/172.json,1
2024,综合,172,上师天华,149449,01,物理、化学(2科必选),071002,生物技术,2,4940,四年,https://static-data.gaokao.cn/www/2.0/schoolspecialplan/172/2024/31.json?a=www.gaokao.cn,data/shanghai/raw/plan_api/static/2024/172.json,1
2024,综合,172,上师天华,149449,01,物理、化学(2科必选),082702,食品质量与安全,2,4940,四年,https://static-data.gaokao.cn/www/2.0/schoolspecialplan/172/2024/31.json?a=www.gaokao.cn,data/shanghai/raw/plan_api/static/2024/172.json,1
2024,综合,172,上师天华,149449,01,物理、化学(2科必选),090403T,动植物检疫,2,4090,四年,https://static-data.gaokao.cn/www/2.0/schoolspecialplan/172/2024/31.json?a=www.gaokao.cn,data/shanghai/raw/plan_api/static/2024/172.json,1
2024,综合,172,上师天华,149449,01,物理、化学(2科必选),090105,种子科学与工程,2,4090,四年,https://static-data.gaokao.cn/www/2.0/schoolspecialplan/172/2024/31.json?a=www.gaokao.cn,data/shanghai/raw/plan_api/static/2024/172.json,1
2024,综合,172,上师天华,149449,01,物理、化学(2科必选),080403,材料化学,2,4940,四年,https://static-data.gaokao.cn/www/2.0/schoolspecialplan/172/2024/31.json?a=www.gaokao.cn,data/shanghai/raw/plan_api/static/2024/172.json,1
2024,综合,172,上师天华,148662,03,不限,120404,土地资源管理,3,4660,四年,https://static-data.gaokao.cn/www/2.0/schoolspecialplan/172/2024/31.json?a=www.gaokao.cn,data/shanghai/raw/plan_api/static/2024/172.json,1
2024,综合,172,上师天华,148951,02,生物必选,090502,园林,2,4090,四年,https://static-data.gaokao.cn/www/2.0/schoolspecialplan/172/2024/31.json?a=www.gaokao.cn,data/shanghai/raw/plan_api/static/2024/172.json,1
2024,综合,172,上师天华,148662,03,不限,082803,风景园林,2,5220,四年,https://static-data.gaokao.cn/www/2.0/schoolspecialplan/172/2024/31.json?a=www.gaokao.cn,data/shanghai/raw/plan_api/static/2024/172.json,1
2024,综合,173,扬州大学,149536,01,物理、化学(2科必选),082502,环境工程,2,5800,四年,https://static-data.gaokao.cn/www/2.0/schoolspecialplan/173/2024/31.json?a=www.gaokao.cn,data/shanghai/raw/plan_api/static/2024/173.json,1
2024,综合,173,扬州大学,149536,01,物理、化学(2科必选),071002,生物技术,2,5500,四年,https://static-data.gaokao.cn/www/2.0/schoolspecialplan/173/2024/31.json?a=www.gaokao.cn,data/shanghai/raw/plan_api/static/2024/173.json,1
2024,综合,173,扬州大学,149536,01,物理、化学(2科必选),080407,高分子材料与工程,2,6380,四年,https://static-data.gaokao.cn/www/2.0/schoolspecialplan/173/2024/31.json?a=www.gaokao.cn,data/shanghai/raw/plan_api/static/2024/173.json,1
2024,综合,173,扬州大学,149536,01,物理、化学(2科必选),081003,给排水科学与工程,1,5800,四年,https://static-data.gaokao.cn/www/2.0/schoolspecialplan/173/2024/31.json?a=www.gaokao.cn,data/shanghai/raw/plan_api/static/2024/173.json,1
2024,综合,173,扬州大学,149536,01,物理、化学(2科必选),090401,动物医学,1,2750,五年,https://static-data.gaokao.cn/www/2.0/schoolspecialplan/173/2024/31.json?a=www.gaokao.cn,data/shanghai/raw/plan_api/static/2024/173.json,1
2024,综合,173,扬州大学,149536,01,物理、化学(2科必选),081102,水文与水资源工程,1,6380,四年,https://static-data.gaokao.cn/www/2.0/schoolspecialplan/173/2024/31.json?a=www.gaokao.cn,data/shanghai/raw/plan_api/static/2024/173.json,1
2024,综合,173,扬州大学,149536,01,物理、化学(2科必选),080601,电气工程及其自动化,1,5800,四年,https://static-data.gaokao.cn/www/2.0/schoolspecialplan/173/2024/31.json?a=www.gaokao.cn,data/shanghai/raw/plan_api/static/2024/173.json,1
2024,综合,173,扬州大学,149536,01,物理、化学(2科必选),080701,电子信息工程,1,5800,四年,https://static-data.gaokao.cn/www/2.0/schoolspecialplan/173/2024/31.json?a=www.gaokao.cn,data/shanghai/raw/plan_api/static/2024/173.json,1
2024,综合,173,扬州大学,149536,01,物理、化学(2科必选),070101,数学与应用数学,1,5500,四年,https://static-data.gaokao.cn/www/2.0/schoolspecialplan/173/2024/31.json?a=www.gaokao.cn,data/shanghai/raw/plan_api/static/2024/173.json,1
2024,综合,173,扬州大学,149536,01,物理、化学(2科必选),083002T,生物制药,1,5800,四年,https://static-data.gaokao.cn/www/2.0/schoolspecialplan/173/2024/31.json?a=www.gaokao.cn,data/shanghai/raw/plan_api/static/2024/173.json,1
2024,综合,173,扬州大学,149014,02,不限,050302,广播电视学,2,5200,四年,https://static-data.gaokao.cn/www/2.0/schoolspecialplan/173/2024/31.json?a=www.gaokao.cn,data/shanghai/raw/plan_api/static/2024/173.json,1
2024,综合,173,扬州大学,149014,02,不限,120201K,工商管理,1,5200,四年,https://static-data.gaokao.cn/www/2.0/schoolspecialplan/173/2024/31.json?a=www.gaokao.cn,data/shanghai/raw/plan_api/static/2024/173.json,1
2024,综合,173,扬州大学,149014,02,不限,020101,经济学,1,5200,四年,https://static-data.gaokao.cn/www/2.0/schoolspecialplan/173/2024/31.json?a=www.gaokao.cn,data/shanghai/raw/plan_api/static/2024/173.json,1
2024,综合,173,扬州大学,149014,02,不限,030101K,法学,1,5720,四年,https://static-data.gaokao.cn/www/2.0/schoolspecialplan/173/2024/31.json?a=www.gaokao.cn,data/shanghai/raw/plan_api/static/2024/173.json,1
2024,综合,173,扬州大学,149014,02,不限,050103,汉语国际教育,1,5720,四年,https://static-data.gaokao.cn/www/2.0/schoolspecialplan/173/2024/31.json?a=www.gaokao.cn,data/shanghai/raw/plan_api/static/2024/173.json,1
2024,综合,173,扬州大学,149014,02,不限,050101,汉语言文学,1,5720,四年,https://static-data.gaokao.cn/www/2.0/schoolspecialplan/173/2024/31.json?a=www.gaokao.cn,data/shanghai/raw/plan_api/static/2024/173.json,1
2024,综合,174,江西师范大学,149446,01,物理、化学(2科必选),070201,物理学,1,4940,四年,https://static-data.gaokao.cn/www/2.0/schoolspecialplan/174/2024/31.json?a=www.gaokao.cn,data/shanghai/raw/plan_api/static/2024/174.json,1
2024,综合,174,江西师范大学,149446,01,物理、化学(2科必选),070101,数学与应用数学,1,4940,四年,https://static-data.gaokao.cn/www/2.0/schoolspecialplan/174/2024/31.json?a=www.gaokao.cn,data/shanghai/raw/plan_api/static/2024/174.json,1
2024,综合,174,江西师范大学,149446,01,物理、化学(2科必选),071001,生物科学,1,4940,四年,https://static-data.gaokao.cn/www/2.0/schoolspecialplan/174/2024/31.json?a=www.gaokao.cn,data/shanghai/raw/plan_api/static/2024/174.json,1
2024,综合,174,江西师范大学,149446,01,物理、化学(2科必选),0703,化学类,1,4940,四年,https://static-data.gaokao.cn/www/2.0/schoolspecialplan/174/2024/31.json?a=www.gaokao.cn,data/shanghai/raw/plan_api/static/2024/174.json,1
2024,综合,174,江西师范大学,148948,02,历史、思想政治(2科必选),030503,思想政治教育,2,4660,四年,https://static-data.gaokao.cn/www/2.0/schoolspecialplan/174/2024/31.json?a=www.gaokao.cn,data/shanghai/raw/plan_api/static/2024/174.json,1
2024,综合,174,江西师范大学,148531,04,不限,050101,汉语言文学,1,4380,四年,https://static-data.gaokao.cn/www/2.0/schoolspecialplan/174/2024/31.json?a=www.gaokao.cn,data/shanghai/raw/plan_api/static/2024/174.json,1
2024,综合,174,江西师范大学,148531,04,不限,050201,英语,1,4660,四年,https://static-data.gaokao.cn/www/2.0/schoolspecialplan/174/2024/31.json?a=www.gaokao.cn,data/shanghai/raw/plan_api/static/2024/174.json,1
2024,综合,174,江西师范大学,148531,04,不限,0503,新闻传播学类,1,4660,四年,https://static-data.gaokao.cn/www/2.0/schoolspecialplan/174/2024/31.json?a=www.gaokao.cn,data/shanghai/raw/plan_api/static/2024/174.json,1
2024,综合,174,江西师范大学,148531,04,不限,0711,心理学类,1,4660,四年,https://static-data.gaokao.cn/www/2.0/schoolspecialplan/174/2024/31.json?a=www.gaokao.cn,data/shanghai/raw/plan_api/static/2024/174.json,1
2024,综合,174,江西师范大学,148661,03,地理必选,0705,地理科学类,1,4940,四年,https://static-data.gaokao.cn/www/2.0/schoolspecialplan/174/2024/31.json?a=www.gaokao.cn,data/shanghai/raw/plan_api/static/2024/174.json,1
2024,综合,175,江西财经大学,149441,01,物理、化学(2科必选),080902,软件工程,2,10000,四年,https://static-data.gaokao.cn/www/2.0/schoolspecialplan/175/2024/31.json?a=www.gaokao.cn,data/shanghai/raw/plan_api/static/2024/175.json,1
2024,综合,175,江西财经大学,149441,01,物理、化学(2科必选),080905,物联网工程,1,5220,四年,https://static-data.gaokao.cn/www/2.0/schoolspecialplan/175/2024/31.json?a=www.gaokao.cn,data/shanghai/raw/plan_api/static/2024/175.json,1
2024,综合,175,江西财经大学,149441,01,物理、化学(2科必选),080901,计算机科学与技术,1,5220,四年,https://static-data.gaokao.cn/www/2.0/schoolspecialplan/175/2024/31.json?a=www.gaokao.cn,data/shanghai/raw/plan_api/static/2024/175.json,1
2024,综合,175,江西财经大学,149441,01,物理、化学(2科必选),071202,应用统计学,1,4940,四年,https://static-data.gaokao.cn/www/2.0/schoolspecialplan/175/2024/31.json?a=www.gaokao.cn,data/shanghai/raw/plan_api/static/2024/175.json,1
2024,综合,175,江西财经大学,149441,01,物理、化学(2科必选),080916T,虚拟现实技术,1,5220,四年,https://static-data.gaokao.cn/www/2.0/schoolspecialplan/175/2024/31.json?a=www.gaokao.cn,data/shanghai/raw/plan_api/static/2024/175.json,1
2024,综合,175,江西财经大学,149441,01,物理、化学(2科必选),080911TK,网络空间安全,1,5220,四年,https://static-data.gaokao.cn/www/2.0/schoolspecialplan/175/2024/31.json?a=www.gaokao.cn,data/shanghai/raw/plan_api/static/2024/175.json,1
2024,综合,175,江西财经大学,149441,01,物理、化学(2科必选),071203T,数据科学,1,5220,四年,https://static-data.gaokao.cn/www/2.0/schoolspecialplan/175/2024/31.json?a=www.gaokao.cn,data/shanghai/raw/plan_api/static/2024/175.json,1
2024,综合,175,江西财经大学,148475,05,不限,120203K,会计学,1,14000,四年,https://static-data.gaokao.cn/www/2.0/schoolspecialplan/175/2024/31.json?a=www.gaokao.cn,data/shanghai/raw/plan_api/static/2024/175.json,1
2024,综合,175,江西财经大学,148475,05,不限,020301K,金融学,3,14000,四年,https://static-data.gaokao.cn/www/2.0/schoolspecialplan/175/2024/31.json?a=www.gaokao.cn,data/shanghai/raw/plan_api/static/2024/175.json,1
2024,综合,175,江西财经大学,148658,03,不限,120203K,会计学,2,4660,四年,https://static-data.gaokao.cn/www/2.0/schoolspecialplan/175/2024/31.json?a=www.gaokao.cn,data/shanghai/raw/plan_api/static/2024/175.json,1
2024,综合,175,江西财经大学,148475,05,不限,030101K,法学,2,14000,四年,https://static-data.gaokao.cn/www/2.0/schoolspecialplan/175/2024/31.json?a=www.gaokao.cn,data/shanghai/raw/plan_api/static/2024/175.json,1
2024,综合,175,江西财经大学,148658,03,不限,020301K,金融学,2,4660,四年,https://static-data.gaokao.cn/www/2.0/schoolspecialplan/175/2024/31.json?a=www.gaokao.cn,data/shanghai/raw/plan_api/static/2024/175.json,1
2024,综合,175,江西财经大学,148451,07,物理必选,020109T,数字经济,2,27000,四年,https://static-data.gaokao.cn/www/2.0/schoolspecialplan/175/2024/31.json?a=www.gaokao.cn,data/shanghai/raw/plan_api/static/2024/175.json,1
2024,综合,175,江西财经大学,148528,04,不限,120203K,会计学,1,4660,四年,https://static-data.gaokao.cn/www/2.0/schoolspecialplan/175/2024/31.json?a=www.gaokao.cn,data/shanghai/raw/plan_api/static/2024/175.json,1
2024,综合,175,江西财经大学,148528,04,不限,120204,财务管理,1,4660,四年,https://static-data.gaokao.cn/www/2.0/schoolspecialplan/175/2024/31.json?a=www.gaokao.cn,data/shanghai/raw/plan_api/static/2024/175.json,1
2024,综合,175,江西财经大学,148457,06,物理、化学(2科必选),080902,软件工程,1,27000,四年,https://static-data.gaokao.cn/www/2.0/schoolspecialplan/175/2024/31.json?a=www.gaokao.cn,data/shanghai/raw/plan_api/static/2024/175.json,1
2024,综合,175,江西财经大学,148658,03,不限,030101K,法学,1,4660,四年,https://static-data.gaokao.cn/www/2.0/schoolspecialplan/175/2024/31.json?a=www.gaokao.cn,data/shanghai/raw/plan_api/static/2024/175.json,1
2024,综合,175,江西财经大学,148528,04,不限,030101K,法学,1,4660,四年,https://static-data.gaokao.cn/www/2.0/schoolspecialplan/175/2024/31.json?a=www.gaokao.cn,data/shanghai/raw/plan_api/static/2024/175.json,1
2024,综合,175,江西财经大学,148943,02,物理必选,020102,经济统计学,1,4660,四年,https://static-data.gaokao.cn/www/2.0/schoolspecialplan/175/2024/31.json?a=www.gaokao.cn,data/shanghai/raw/plan_api/static/2024/175.json,1
2024,综合,175,江西财经大学,148528,04,不限,020303,保险学,1,4660,四年,https://static-data.gaokao.cn/www/2.0/schoolspecialplan/175/2024/31.json?a=www.gaokao.cn,data/shanghai/raw/plan_api/static/2024/175.json,1
2024,综合,175,江西财经大学,148943,02,物理必选,020302,金融工程,1,4660,四年,https://static-data.gaokao.cn/www/2.0/schoolspecialplan/175/2024/31.json?a=www.gaokao.cn,data/shanghai/raw/plan_api/static/2024/175.json,1
2024,综合,175,江西财经大学,148528,04,不限,020101,经济学,1,4660,四年,https://static-data.gaokao.cn/www/2.0/schoolspecialplan/175/2024/31.json?a=www.gaokao.cn,data/shanghai/raw/plan_api/static/2024/175.json,1
2024,综合,175,江西财经大学,148475,05,不限,020401,国际经济与贸易,1,14000,四年,https://static-data.gaokao.cn/www/2.0/schoolspecialplan/175/2024/31.json?a=www.gaokao.cn,data/shanghai/raw/plan_api/static/2024/175.json,1
2024,综合,175,江西财经大学,148658,03,不限,020201K,财政学,1,4660,四年,https://static-data.gaokao.cn/www/2.0/schoolspecialplan/175/2024/31.json?a=www.gaokao.cn,data/shanghai/raw/plan_api/static/2024/175.json,1
2024,综合,175,江西财经大学,148528,04,不限,020201K,财政学,1,4660,四年,https://static-data.gaokao.cn/www/2.0/schoolspecialplan/175/2024/31.json?a=www.gaokao.cn,data/shanghai/raw/plan_api/static/2024/175.json,1
2024,综合,175,江西财经大学,148475,05,不限,120202,市场营销,1,14000,四年,https://static-data.gaokao.cn/www/2.0/schoolspecialplan/175/2024/31.json?a=www.gaokao.cn,data/shanghai/raw/plan_api/static/2024/175.json,1
2024,综合,175,江西财经大学,148943,02,物理必选,120102,信息管理与信息系统,1,5220,四年,https://static-data.gaokao.cn/www/2.0/schoolspecialplan/175/2024/31.json?a=www.gaokao.cn,data/shanghai/raw/plan_api/static/2024/175.json,1
2024,综合,175,江西财经大学,148943,02,物理必选,020308T,精算学,1,4660,四年,https://static-data.gaokao.cn/www/2.0/schoolspecialplan/175/2024/31.json?a=www.gaokao.cn,data/shanghai/raw/plan_api/static/2024/175.json,1
2024,综合,175,江西财经大学,148943,02,物理必选,020310T,金融科技,1,4660,四年,https://static-data.gaokao.cn/www/2.0/schoolspecialplan/175/2024/31.json?a=www.gaokao.cn,data/shanghai/raw/plan_api/static/2024/175.json,1
2024,综合,175,江西财经大学,148943,02,物理必选,020109T,数字经济,1,4660,四年,https://static-data.gaokao.cn/www/2.0/schoolspecialplan/175/2024/31.json?a=www.gaokao.cn,data/shanghai/raw/plan_api/static/2024/175.json,1
2024,综合,176,东华理工大学,149453,01,物理、化学(2科必选),080901,计算机科学与技术,2,5220,四年,https://static-data.gaokao.cn/www/2.0/schoolspecialplan/176/2024/31.json?a=www.gaokao.cn,data/shanghai/raw/plan_api/static/2024/176.json,1
2024,综合,176,东华理工大学,149453,01,物理、化学(2科必选),081201,测绘工程,2,5220,四年,https://static-data.gaokao.cn/www/2.0/schoolspecialplan/176/2024/31.json?a=www.gaokao.cn,data/shanghai/raw/plan_api/static/2024/176.json,1
2024,综合,176,东华理工大学,149453,01,物理、化学(2科必选),081202,遥感科学与技术,2,5220,四年,https://static-data.gaokao.cn/www/2.0/schoolspecialplan/176/2024/31.json?a=www.gaokao.cn,data/shanghai/raw/plan_api/static/2024/176.json,1
2024,综合,176,东华理工大学,149453,01,物理、化学(2科必选),080910T,数据科学与大数据技术,2,5220,四年,https://static-data.gaokao.cn/www/2.0/schoolspecialplan/176/2024/31.json?a=www.gaokao.cn,data/shanghai/raw/plan_api/static/2024/176.json,1
2024,综合,176,东华理工大学,149453,01,物理、化学(2科必选),080911TK,网络空间安全,2,5220,四年,https://static-data.gaokao.cn/www/2.0/schoolspecialplan/176/2024/31.json?a=www.gaokao.cn,data/shanghai/raw/plan_api/static/2024/176.json,1
2024,综合,176,东华理工大学,148955,02,不限,020401,国际经济与贸易,5,4660,四年,https://static-data.gaokao.cn/www/2.0/schoolspecialplan/176/2024/31.json?a=www.gaokao.cn,data/shanghai/raw/plan_api/static/2024/176.json,1
2024,综合,176,东华理工大学,148955,02,不限,120202,市场营销,5,4660,四年,https://static-data.gaokao.cn/www/2.0/schoolspecialplan/176/2024/31.json?a=www.gaokao.cn,data/shanghai/raw/plan_api/static/2024/176.json,1
2024,综合,176,东华理工大学,148955,02,不限,120204,财务管理,5,4660,四年,https://static-data.gaokao.cn/www/2.0/schoolspecialplan/176/2024/31.json?a=www.gaokao.cn,data/shanghai/raw/plan_api/static/2024/176.json,1
2024,综合,176,东华理工大学,148955,02,不限,120203K,会计学,5,4660,四年,https://static-data.gaokao.cn/www/2.0/schoolspecialplan/176/2024/31.json?a=www.gaokao.cn,data/shanghai/raw/plan_api/static/2024/176.json,1
2024,综合,178,重庆医科大学,149282,01,物理、化学(2科必选),100201K,临床医学,1,6250,五年,https://static-data.gaokao.cn/www/2.0/schoolspecialplan/178/2024/31.json?a=www.gaokao.cn,data/shanghai/raw/plan_api/static/2024/178.json,1
2024,综合,178,重庆医科大学,149282,01,物理、化学(2科必选),100203TK,医学影像学,2,6250,五年,https://static-data.gaokao.cn/www/2.0/schoolspecialplan/178/2024/31.json?a=www.gaokao.cn,data/shanghai/raw/plan_api/static/2024/178.json,1
2024,综合,178,重庆医科大学,149282,01,物理、化学(2科必选),100301K,口腔医学,2,6250,五年,https://static-data.gaokao.cn/www/2.0/schoolspecialplan/178/2024/31.json?a=www.gaokao.cn,data/shanghai/raw/plan_api/static/2024/178.json,1
2024,综合,178,重庆医科大学,149282,01,物理、化学(2科必选),100202TK,麻醉学,1,6250,五年,https://static-data.gaokao.cn/www/2.0/schoolspecialplan/178/2024/31.json?a=www.gaokao.cn,data/shanghai/raw/plan_api/static/2024/178.json,1
2024,综合,178,重庆医科大学,149282,01,物理、化学(2科必选),100205TK,精神医学,1,6250,五年,https://static-data.gaokao.cn/www/2.0/schoolspecialplan/178/2024/31.json?a=www.gaokao.cn,data/shanghai/raw/plan_api/static/2024/178.json,1
2024,综合,178,重庆医科大学,149282,01,物理、化学(2科必选),100207TK,儿科学,1,6250,五年,https://static-data.gaokao.cn/www/2.0/schoolspecialplan/178/2024/31.json?a=www.gaokao.cn,data/shanghai/raw/plan_api/static/2024/178.json,1
2024,综合,178,重庆医科大学,149282,01,物理、化学(2科必选),100204TK,眼视光医学,1,6250,五年,https://static-data.gaokao.cn/www/2.0/schoolspecialplan/178/2024/31.json?a=www.gaokao.cn,data/shanghai/raw/plan_api/static/2024/178.json,1
2024,综合,178,重庆医科大学,148471,05,物理、化学(2科必选),100201K,临床医学,8,62000,五年,https://static-data.gaokao.cn/www/2.0/schoolspecialplan/178/2024/31.json?a=www.gaokao.cn,data/shanghai/raw/plan_api/static/2024/178.json,1
2024,综合,178,重庆医科大学,148846,02,物理、化学(2科必选),100401K,预防医学,2,6250,五年,https://static-data.gaokao.cn/www/2.0/schoolspecialplan/178/2024/31.json?a=www.gaokao.cn,data/shanghai/raw/plan_api/static/2024/178.json,1
2024,综合,178,重庆医科大学,148615,03,物理、化学(2科必选),101007,卫生检验与检疫,2,6250,四年,https://static-data.gaokao.cn/www/2.0/schoolspecialplan/178/2024/31.json?a=www.gaokao.cn,data/shanghai/raw/plan_api/static/2024/178.json,1
2024,综合,178,重庆医科大学,148615,03,物理、化学(2科必选),080711T,医学信息工程,2,4625,四年,https://static-data.gaokao.cn/www/2.0/schoolspecialplan/178/2024/31.json?a=www.gaokao.cn,data/shanghai/raw/plan_api/static/2024/178.json,1
2024,综合,178,重庆医科大学,148846,02,物理、化学(2科必选),101001,医学检验技术,2,6250,四年,https://static-data.gaokao.cn/www/2.0/schoolspecialplan/178/2024/31.json?a=www.gaokao.cn,data/shanghai/raw/plan_api/static/2024/178.json,1
2024,综合,178,重庆医科大学,148516,04,化学必选,101101K,护理学,2,6250,四年,https://static-data.gaokao.cn/www/2.0/schoolspecialplan/178/2024/31.json?a=www.gaokao.cn,data/shanghai/raw/plan_api/static/2024/178.json,1
2024,综合,178,重庆医科大学,148846,02,物理、化学(2科必选),100701,药学,1,6250,四年,https://static-data.gaokao.cn/www/2.0/schoolspecialplan/178/2024/31.json?a=www.gaokao.cn,data/shanghai/raw/plan_api/static/2024/178.json,1
2024,综合,178,重庆医科大学,148615,03,物理、化学(2科必选),071003,生物信息学,1,4625,四年,https://static-data.gaokao.cn/www/2.0/schoolspecialplan/178/2024/31.json?a=www.gaokao.cn,data/shanghai/raw/plan_api/static/2024/178.json,1
2024,综合,178,重庆医科大学,148846,02,物理、化学(2科必选),082601,生物医学工程,1,4625,五年,https://static-data.gaokao.cn/www/2.0/schoolspecialplan/178/2024/31.json?a=www.gaokao.cn,data/shanghai/raw/plan_api/static/2024/178.json,1
2024,综合,178,重庆医科大学,148846,02,物理、化学(2科必选),101005,康复治疗学,1,6250,四年,https://static-data.gaokao.cn/www/2.0/schoolspecialplan/178/2024/31.json?a=www.gaokao.cn,data/shanghai/raw/plan_api/static/2024/178.json,1
2024,综合,179,重庆师范大学,149281,01,物理、化学(2科必选),070301,化学,3,3750,四年,https://static-data.gaokao.cn/www/2.0/schoolspecialplan/179/2024/31.json?a=www.gaokao.cn,data/shanghai/raw/plan_api/static/2024/179.json,1
2024,综合,179,重庆师范大学,149281,01,物理、化学(2科必选),070101,数学与应用数学,3,3750,四年,https://static-data.gaokao.cn/www/2.0/schoolspecialplan/179/2024/31.json?a=www.gaokao.cn,data/shanghai/raw/plan_api/static/2024/179.json,1
2024,综合,179,重庆师范大学,149281,01,物理、化学(2科必选),071201,统计学,3,5600,四年,https://static-data.gaokao.cn/www/2.0/schoolspecialplan/179/2024/31.json?a=www.gaokao.cn,data/shanghai/raw/plan_api/static/2024/179.json,1
2024,综合,179,重庆师范大学,149281,01,物理、化学(2科必选),0804,材料类,3,4600,四年,https://static-data.gaokao.cn/www/2.0/schoolspecialplan/179/2024/31.json?a=www.gaokao.cn,data/shanghai/raw/plan_api/static/2024/179.json,1
2024,综合,179,重庆师范大学,149281,01,物理、化学(2科必选),080714T,电子信息科学与技术,2,5600,四年,https://static-data.gaokao.cn/www/2.0/schoolspecialplan/179/2024/31.json?a=www.gaokao.cn,data/shanghai/raw/plan_api/static/2024/179.json,1
2024,综合,179,重庆师范大学,148614,03,不限,020101,经济学,5,5600,四年,https://static-data.gaokao.cn/www/2.0/schoolspecialplan/179/2024/31.json?a=www.gaokao.cn,data/shanghai/raw/plan_api/static/2024/179.json,1
2024,综合,179,重庆师范大学,148614,03,不限,050201,英语,3,4375,四年,https://static-data.gaokao.cn/www/2.0/schoolspecialplan/179/2024/31.json?a=www.gaokao.cn,data/shanghai/raw/plan_api/static/2024/179.json,1
2024,综合,179,重庆师范大学,148845,02,历史必选,0501,中国语言文学类,2,5600,四年,https://static-data.gaokao.cn/www/2.0/schoolspecialplan/179/2024/31.json?a=www.gaokao.cn,data/shanghai/raw/plan_api/static/2024/179.json,1
2024,综合,180,西南政法大学,149279,01,不限,030101K,法学,2,6800,四年,https://static-data.gaokao.cn/www/2.0/schoolspecialplan/180/2024/31.json?a=www.gaokao.cn,data/shanghai/raw/plan_api/static/2024/180.json,1
2024,综合,180,西南政法大学,149279,01,不限,030102T,知识产权,3,5600,四年,https://static-data.gaokao.cn/www/2.0/schoolspecialplan/180/2024/31.json?a=www.gaokao.cn,data/shanghai/raw/plan_api/static/2024/180.json,1
2024,综合,184,重庆邮电大学,149284,01,物理、化学(2科必选),0809,计算机类,4,5600,四年,https://static-data.gaokao.cn/www/2.0/schoolspecialplan/184/2024/31.json?a=www.gaokao.cn,data/shanghai/raw/plan_api/static/2024/184.json,1
2024,综合,184,重庆邮电大学,149284,01,物理、化学(2科必选),0807,电子信息类,4,5600,四年,https://static-data.gaokao.cn/www/2.0/schoolspecialplan/184/2024/31.json?a=www.gaokao.cn,data/shanghai/raw/plan_api/static/2024/184.json,1
2024,综合,185,江西中医药大学,149448,01,物理、化学(2科必选),100701,药学,2,5220,四年,https://static-data.gaokao.cn/www/2.0/schoolspecialplan/185/2024/31.json?a=www.gaokao.cn,data/shanghai/raw/plan_api/static/2024/185.json,1
2024,综合,185,江西中医药大学,149448,01,物理、化学(2科必选),100805T,中药制药,2,5220,四年,https://static-data.gaokao.cn/www/2.0/schoolspecialplan/185/2024/31.json?a=www.gaokao.cn,data/shanghai/raw/plan_api/static/2024/185.json,1
2024,综合,185,江西中医药大学,148950,02,物理、生物(2科必选),100501K,中医学,2,5220,五年,https://static-data.gaokao.cn/www/2.0/schoolspecialplan/185/2024/31.json?a=www.gaokao.cn,data/shanghai/raw/plan_api/static/2024/185.json,1
2024,综合,185,江西中医药大学,148950,02,物理、生物(2科必选),100502K,针灸推拿学,2,5220,五年,https://static-data.gaokao.cn/www/2.0/schoolspecialplan/185/2024/31.json?a=www.gaokao.cn,data/shanghai/raw/plan_api/static/2024/185.json,1
2024,综合,185,江西中医药大学,148950,02,物理、生物(2科必选),100601K,中西医临床医学,2,5220,五年,https://static-data.gaokao.cn/www/2.0/schoolspecialplan/185/2024/31.json?a=www.gaokao.cn,data/shanghai/raw/plan_api/static/2024/185.json,1
2024,综合,185,江西中医药大学,148950,02,物理、生物(2科必选),100513TK,中医骨伤科学,2,5220,五年,https://static-data.gaokao.cn/www/2.0/schoolspecialplan/185/2024/31.json?a=www.gaokao.cn,data/shanghai/raw/plan_api/static/2024/185.json,1
2024,综合,186,上饶师范学院,149445,01,物理、化学(2科必选),071001,生物科学,2,4120,四年,https://static-data.gaokao.cn/www/2.0/schoolspecialplan/186/2024/31.json?a=www.gaokao.cn,data/shanghai/raw/plan_api/static/2024/186.json,0
2024,综合,186,上饶师范学院,148947,02,不限,040106,学前教育,2,3880,四年,https://static-data.gaokao.cn/www/2.0/schoolspecialplan/186/2024/31.json?a=www.gaokao.cn,data/shanghai/raw/plan_api/static/2024/186.json,1
2024,综合,187,重庆理工大学,149277,01,物理、化学(2科必选),080705,光电信息科学与工程,2,5600,四年,https://static-data.gaokao.cn/www/2.0/schoolspecialplan/187/2024/31.json?a=www.gaokao.cn,data/shanghai/raw/plan_api/static/2024/187.json,1
2024,综合,187,重庆理工大学,149277,01,物理、化学(2科必选),080213T,智能制造工程,2,5600,四年,https://static-data.gaokao.cn/www/2.0/schoolspecialplan/187/2024/31.json?a=www.gaokao.cn,data/shanghai/raw/plan_api/static/2024/187.json,1
2024,综合,187,重庆理工大学,148612,03,不限,120201K,工商管理,3,5600,四年,https://static-data.gaokao.cn/www/2.0/schoolspecialplan/187/2024/31.json?a=www.gaokao.cn,data/shanghai/raw/plan_api/static/2024/187.json,1
2024,综合,187,重庆理工大学,148612,03,不限,120203K,会计学,3,5600,四年,https://static-data.gaokao.cn/www/2.0/schoolspecialplan/187/2024/31.json?a=www.gaokao.cn,data/shanghai/raw/plan_api/static/2024/187.json,1
2024,综合,187,重庆理工大学,148842,02,物理必选,020109T,数字经济,3,,四年,https://static-data.gaokao.cn/www/2.0/schoolspecialplan/187/2024/31.json?a=www.gaokao.cn,data/shanghai/raw/plan_api/static/2024/187.json,1
2024,综合,189,赣南师范大学,149443,01,物理必选,040104,教育技术学,1,4270,四年,https://static-data.gaokao.cn/www/2.0/schoolspecialplan/189/2024/31.json?a=www.gaokao.cn,data/shanghai/raw/plan_api/static/2024/189.json,1
2024,综合,189,赣南师范大学,148529,04,不限,030101K,法学,2,4270,四年,https://static-data.gaokao.cn/www/2.0/schoolspecialplan/189/2024/31.json?a=www.gaokao.cn,data/shanghai/raw/plan_api/static/2024/189.json,1
2024,综合,189,赣南师范大学,148945,02,历史必选,050101,汉语言文学,2,4010,四年,https://static-data.gaokao.cn/www/2.0/schoolspecialplan/189/2024/31.json?a=www.gaokao.cn,data/shanghai/raw/plan_api/static/2024/189.json,1
2024,综合,189,赣南师范大学,148476,05,不限,130305,广播电视编导,2,8800,四年,https://static-data.gaokao.cn/www/2.0/schoolspecialplan/189/2024/31.json?a=www.gaokao.cn,data/shanghai/raw/plan_api/static/2024/189.json,1
2024,综合,189,赣南师范大学,148659,03,地理必选,070501,地理科学,1,4530,四年,https://static-data.gaokao.cn/www/2.0/schoolspecialplan/189/2024/31.json?a=www.gaokao.cn,data/shanghai/raw/plan_api/static/2024/189.json,1
2024,综合,189,赣南师范大学,148659,03,地理必选,070504,地理信息科学,1,4530,四年,https://static-data.gaokao.cn/www/2.0/schoolspecialplan/189/2024/31.json?a=www.gaokao.cn,data/shanghai/raw/plan_api/static/2024/189.json,1
2024,综合,189,赣南师范大学,148659,03,地理必选,070503,人文地理与城乡规划,1,4530,四年,https://static-data.gaokao.cn/www/2.0/schoolspecialplan/189/2024/31.json?a=www.gaokao.cn,data/shanghai/raw/plan_api/static/2024/189.json,1
2024,综合,189,赣南师范大学,148945,02,历史必选,050103,汉语国际教育,1,4010,四年,https://static-data.gaokao.cn/www/2.0/schoolspecialplan/189/2024/31.json?a=www.gaokao.cn,data/shanghai/raw/plan_api/static/2024/189.json,1
2024,综合,189,赣南师范大学,148529,04,不限,120203K,会计学,1,4270,四年,https://static-data.gaokao.cn/www/2.0/schoolspecialplan/189/2024/31.json?a=www.gaokao.cn,data/shanghai/raw/plan_api/static/2024/189.json,1
2024,综合,189,赣南师范大学,148529,04,不限,050207,日语,1,4270,四年,https://static-data.gaokao.cn/www/2.0/schoolspecialplan/189/2024/31.json?a=www.gaokao.cn,data/shanghai/raw/plan_api/static/2024/189.json,1
2024,综合,189,赣南师范大学,148529,04,不限,020301K,金融学,1,4270,四年,https://static-data.gaokao.cn/www/2.0/schoolspecialplan/189/2024/31.json?a=www.gaokao.cn,data/shanghai/raw/plan_api/static/2024/189.json,1
2024,综合,189,赣南师范大学,148529,04,不限,071102,应用心理学,1,4270,四年,https://static-data.gaokao.cn/www/2.0/schoolspecialplan/189/2024/31.json?a=www.gaokao.cn,data/shanghai/raw/plan_api/static/2024/189.json,1
2024,综合,189,赣南师范大学,148529,04,不限,040107,小学教育,1,4270,四年,https://static-data.gaokao.cn/www/2.0/schoolspecialplan/189/2024/31.json?a=www.gaokao.cn,data/shanghai/raw/plan_api/static/2024/189.json,1
2024,综合,192,宜春学院,149444,01,物理、化学(2科必选),100701,药学,1,4790,四年,https://static-data.gaokao.cn/www/2.0/schoolspecialplan/192/2024/31.json?a=www.gaokao.cn,data/shanghai/raw/plan_api/static/2024/192.json,1
2024,综合,192,宜春学院,148946,02,物、化、生(3科必选),100201K,临床医学,2,4790,五年,https://static-data.gaokao.cn/www/2.0/schoolspecialplan/192/2024/31.json?a=www.gaokao.cn,data/shanghai/raw/plan_api/static/2024/192.json,1
2024,综合,192,宜春学院,148660,03,生物必选,101101K,护理学,2,4790,四年,https://static-data.gaokao.cn/www/2.0/schoolspecialplan/192/2024/31.json?a=www.gaokao.cn,data/shanghai/raw/plan_api/static/2024/192.json,1
2024,综合,192,宜春学院,148477,05,不限,050204,法语,2,4270,四年,https://static-data.gaokao.cn/www/2.0/schoolspecialplan/192/2024/31.json?a=www.gaokao.cn,data/shanghai/raw/plan_api/static/2024/192.json,1
2024,综合,192,宜春学院,148477,05,不限,050101,汉语言文学,2,4010,四年,https://static-data.gaokao.cn/www/2.0/schoolspecialplan/192/2024/31.json?a=www.gaokao.cn,data/shanghai/raw/plan_api/static/2024/192.json,1
2024,综合,192,宜春学院,148477,05,不限,050303,广告学,2,4270,四年,https://static-data.gaokao.cn/www/2.0/schoolspecialplan/192/2024/31.json?a=www.gaokao.cn,data/shanghai/raw/plan_api/static/2024/192.json,1
2024,综合,192,宜春学院,148946,02,物、化、生(3科必选),100202TK,麻醉学,2,4790,五年,https://static-data.gaokao.cn/www/2.0/schoolspecialplan/192/2024/31.json?a=www.gaokao.cn,data/shanghai/raw/plan_api/static/2024/192.json,1
2024,综合,192,宜春学院,148477,05,不限,120204,财务管理,2,4270,四年,https://static-data.gaokao.cn/www/2.0/schoolspecialplan/192/2024/31.json?a=www.gaokao.cn,data/shanghai/raw/plan_api/static/2024/192.json,1
2024,综合,192,宜春学院,148530,04,物理必选,020109T,数字经济,2,4270,四年,https://static-data.gaokao.cn/www/2.0/schoolspecialplan/192/2024/31.json?a=www.gaokao.cn,data/shanghai/raw/plan_api/static/2024/192.json,1
2024,综合,192,宜春学院,148946,02,物、化、生(3科必选),100401K,预防医学,1,4790,五年,https://static-data.gaokao.cn/www/2.0/schoolspecialplan/192/2024/31.json?a=www.gaokao.cn,data/shanghai/raw/plan_api/static/2024/192.json,1
2024,综合,192,宜春学院,148477,05,不限,030102T,知识产权,1,4270,四年,https://static-data.gaokao.cn/www/2.0/schoolspecialplan/192/2024/31.json?a=www.gaokao.cn,data/shanghai/raw/plan_api/static/2024/192.json,1
2024,综合,192,宜春学院,148477,05,不限,050201,英语,1,4270,四年,https://static-data.gaokao.cn/www/2.0/schoolspecialplan/192/2024/31.json?a=www.gaokao.cn,data/shanghai/raw/plan_api/static/2024/192.json,1
2024,综合,192,宜春学院,148477,05,不限,050261,翻译,1,4270,四年,https://static-data.gaokao.cn/www/2.0/schoolspecialplan/192/2024/31.json?a=www.gaokao.cn,data/shanghai/raw/plan_api/static/2024/192.json,1
2024,综合,192,宜春学院,148946,02,物、化、生(3科必选),083002T,生物制药,1,4530,四年,https://static-data.gaokao.cn/www/2.0/schoolspecialplan/192/2024/31.json?a=www.gaokao.cn,data/shanghai/raw/plan_api/static/2024/192.json,1
2024,综合,194,九江学院,149437,01,物理、化学(2科必选),080910T,数据科学与大数据技术,2,4350,四年,https://static-data.gaokao.cn/www/2.0/schoolspecialplan/194/2024/31.json?a=www.gaokao.cn,data/shanghai/raw/plan_api/static/2024/194.json,1
2024,综合,194,九江学院,148939,02,不限,120203K,会计学,3,3880,四年,https://static-data.gaokao.cn/www/2.0/schoolspecialplan/194/2024/31.json?a=www.gaokao.cn,data/shanghai/raw/plan_api/static/2024/194.json,1
2024,综合,194,九江学院,148939,02,不限,120207,审计学,3,3880,四年,https://static-data.gaokao.cn/www/2.0/schoolspecialplan/194/2024/31.json?a=www.gaokao.cn,data/shanghai/raw/plan_api/static/2024/194.json,1
2024,综合,194,九江学院,148939,02,不限,020401,国际经济与贸易,3,3880,四年,https://static-data.gaokao.cn/www/2.0/schoolspecialplan/194/2024/31.json?a=www.gaokao.cn,data/shanghai/raw/plan_api/static/2024/194.json,1
2024,综合,195,赣南医科大学,149447,01,物理、化学(2科必选),100201K,临床医学,2,4790,五年,https://static-data.gaokao.cn/www/2.0/schoolspecialplan/195/2024/31.json?a=www.gaokao.cn,data/shanghai/raw/plan_api/static/2024/195.json,1
2024,综合,195,赣南医科大学,149447,01,物理、化学(2科必选),100901K,法医学,2,4790,五年,https://static-data.gaokao.cn/www/2.0/schoolspecialplan/195/2024/31.json?a=www.gaokao.cn,data/shanghai/raw/plan_api/static/2024/195.json,1
2024,综合,195,赣南医科大学,149447,01,物理、化学(2科必选),100202TK,麻醉学,2,4790,五年,https://static-data.gaokao.cn/www/2.0/schoolspecialplan/195/2024/31.json?a=www.gaokao.cn,data/shanghai/raw/plan_api/static/2024/195.json,1
2024,综合,195,赣南医科大学,149447,01,物理、化学(2科必选),071002,生物技术,2,4530,四年,https://static-data.gaokao.cn/www/2.0/schoolspecialplan/195/2024/31.json?a=www.gaokao.cn,data/shanghai/raw/plan_api/static/2024/195.json,1
2024,综合,195,赣南医科大学,149447,01,物理、化学(2科必选),101003,医学影像技术,2,4790,四年,https://static-data.gaokao.cn/www/2.0/schoolspecialplan/195/2024/31.json?a=www.gaokao.cn,data/shanghai/raw/plan_api/static/2024/195.json,1
2024,综合,195,赣南医科大学,149447,01,物理、化学(2科必选),100402,食品卫生与营养学,2,4790,四年,https://static-data.gaokao.cn/www/2.0/schoolspecialplan/195/2024/31.json?a=www.gaokao.cn,data/shanghai/raw/plan_api/static/2024/195.json,1
2024,综合,195,赣南医科大学,149447,01,物理、化学(2科必选),082601,生物医学工程,1,4790,四年,https://static-data.gaokao.cn/www/2.0/schoolspecialplan/195/2024/31.json?a=www.gaokao.cn,data/shanghai/raw/plan_api/static/2024/195.json,1
2024,综合,195,赣南医科大学,149447,01,物理、化学(2科必选),082602T,假肢矫形工程,1,4790,四年,https://static-data.gaokao.cn/www/2.0/schoolspecialplan/195/2024/31.json?a=www.gaokao.cn,data/shanghai/raw/plan_api/static/2024/195.json,1
2024,综合,195,赣南医科大学,148949,02,不限,030101K,法学,2,4270,四年,https://static-data.gaokao.cn/www/2.0/schoolspecialplan/195/2024/31.json?a=www.gaokao.cn,data/shanghai/raw/plan_api/static/2024/195.json,1
2024,综合,195,赣南医科大学,148949,02,不限,071102,应用心理学,2,4270,四年,https://static-data.gaokao.cn/www/2.0/schoolspecialplan/195/2024/31.json?a=www.gaokao.cn,data/shanghai/raw/plan_api/static/2024/195.json,1
2024,综合,195,赣南医科大学,148949,02,不限,120410T,健康服务与管理,2,4270,四年,https://static-data.gaokao.cn/www/2.0/schoolspecialplan/195/2024/31.json?a=www.gaokao.cn,data/shanghai/raw/plan_api/static/2024/195.json,1
2024,综合,199,石河子大学,149197,01,物理、化学(2科必选),100201K,临床医学,4,4000,五年,https://static-data.gaokao.cn/www/2.0/schoolspecialplan/199/2024/31.json?a=www.gaokao.cn,data/shanghai/raw/plan_api/static/2024/199.json,1
2024,综合,199,石河子大学,149197,01,物理、化学(2科必选),080701,电子信息工程,2,3500,四年,https://static-data.gaokao.cn/www/2.0/schoolspecialplan/199/2024/31.json?a=www.gaokao.cn,data/shanghai/raw/plan_api/static/2024/199.json,1
2024,综合,199,石河子大学,149197,01,物理、化学(2科必选),100301K,口腔医学,2,4000,五年,https://static-data.gaokao.cn/www/2.0/schoolspecialplan/199/2024/31.json?a=www.gaokao.cn,data/shanghai/raw/plan_api/static/2024/199.json,1
2024,综合,199,石河子大学,149197,01,物理、化学(2科必选),0809,计算机类,2,3500,四年,https://static-data.gaokao.cn/www/2.0/schoolspecialplan/199/2024/31.json?a=www.gaokao.cn,data/shanghai/raw/plan_api/static/2024/199.json,1
2024,综合,199,石河子大学,148791,02,物理必选,0201,经济学类,4,3200,四年,https://static-data.gaokao.cn/www/2.0/schoolspecialplan/199/2024/31.json?a=www.gaokao.cn,data/shanghai/raw/plan_api/static/2024/199.json,1
2024,综合,199,石河子大学,148588,03,不限,050101,汉语言文学,2,3100,四年,https://static-data.gaokao.cn/www/2.0/schoolspecialplan/199/2024/31.json?a=www.gaokao.cn,data/shanghai/raw/plan_api/static/2024/199.json,1
2024,综合,199,石河子大学,148506,04,物理、化学(2科必选),080902,软件工程,2,12000,四年,https://static-data.gaokao.cn/www/2.0/schoolspecialplan/199/2024/31.json?a=www.gaokao.cn,data/shanghai/raw/plan_api/static/2024/199.json,1
2024,综合,199,石河子大学,148588,03,不限,040106,学前教育,2,3100,四年,https://static-data.gaokao.cn/www/2.0/schoolspecialplan/199/2024/31.json?a=www.gaokao.cn,data/shanghai/raw/plan_api/static/2024/199.json,1
2024,综合,199,石河子大学,148588,03,不限,1202,工商管理类,2,3200,四年,https://static-data.gaokao.cn/www/2.0/schoolspecialplan/199/2024/31.json?a=www.gaokao.cn,data/shanghai/raw/plan_api/static/2024/199.json,1
2024,综合,199,石河子大学,148791,02,物理必选,020109T,数字经济,2,3200,四年,https://static-data.gaokao.cn/www/2.0/schoolspecialplan/199/2024/31.json?a=www.gaokao.cn,data/shanghai/raw/plan_api/static/2024/199.json,1
2024,综合,205,辽宁中医药大学,149593,01,物理、化学(2科必选),100501K,中医学,10,5500,五年,https://static-data.gaokao.cn/www/2.0/schoolspecialplan/205/2024/31.json?a=www.gaokao.cn,data/shanghai/raw/plan_api/static/2024/205.json,1
2024,综合,207,锦州医科大学,149605,01,物理、化学(2科必选),100201K,临床医学,4,5500,五年,https://static-data.gaokao.cn/www/2.0/schoolspecialplan/207/2024/31.json?a=www.gaokao.cn,data/shanghai/raw/plan_api/static/2024/207.json,1
2024,综合,207,锦州医科大学,149605,01,物理、化学(2科必选),100301K,口腔医学,2,5500,五年,https://static-data.gaokao.cn/www/2.0/schoolspecialplan/207/2024/31.json?a=www.gaokao.cn,data/shanghai/raw/plan_api/static/2024/207.json,1
2024,综合,207,锦州医科大学,149605,01,物理、化学(2科必选),100203TK,医学影像学,2,5500,五年,https://static-data.gaokao.cn/www/2.0/schoolspecialplan/207/2024/31.json?a=www.gaokao.cn,data/shanghai/raw/plan_api/static/2024/207.json,1
2024,综合,207,锦州医科大学,149605,01,物理、化学(2科必选),100202TK,麻醉学,1,5500,五年,https://static-data.gaokao.cn/www/2.0/schoolspecialplan/207/2024/31.json?a=www.gaokao.cn,data/shanghai/raw/plan_api/static/2024/207.json,1
2024,综合,207,锦州医科大学,149063,02,物理、生物(2科必选),040206T,运动康复,1,32000,四年,https://static-data.gaokao.cn/www/2.0/schoolspecialplan/207/2024/31.json?a=www.gaokao.cn,data/shanghai/raw/plan_api/static/2024/207.json,1
2024,综合,208,大连民族大学,149623,01,不限,120201K,工商管理,6,5200,四年,https://static-data.gaokao.cn/www/2.0/schoolspecialplan/208/2024/31.json?a=www.gaokao.cn,data/shanghai/raw/plan_api/static/2024/208.json,1
2024,综合,208,大连民族大学,149623,01,不限,120202,市场营销,4,5200,四年,https://static-data.gaokao.cn/www/2.0/schoolspecialplan/208/2024/31.json?a=www.gaokao.cn,data/shanghai/raw/plan_api/static/2024/208.json,1
2024,综合,210,北师大,149607,01,物理、化学(2科必选),081901,船舶与海洋工程,2,5200,四年,https://static-data.gaokao.cn/www/2.0/schoolspecialplan/210/2024/31.json?a=www.gaokao.cn,data/shanghai/raw/plan_api/static/2024/210.json,1
2024,综合,210,北师大,149607,01,物理、化学(2科必选),080501,能源与动力工程,2,5200,四年,https://static-data.gaokao.cn/www/2.0/schoolspecialplan/210/2024/31.json?a=www.gaokao.cn,data/shanghai/raw/plan_api/static/2024/210.json,1
2024,综合,210,北师大,149607,01,物理、化学(2科必选),080202,机械设计制造及其自动化,2,5200,四年,https://static-data.gaokao.cn/www/2.0/schoolspecialplan/210/2024/31.json?a=www.gaokao.cn,data/shanghai/raw/plan_api/static/2024/210.json,1
2024,综合,210,北师大,149065,02,不限,020307T,经济与金融,2,5200,四年,https://static-data.gaokao.cn/www/2.0/schoolspecialplan/210/2024/31.json?a=www.gaokao.cn,data/shanghai/raw/plan_api/static/2024/210.json,1
2024,综合,210,北师大,148717,03,不限,120206,人力资源管理,2,5200,四年,https://static-data.gaokao.cn/www/2.0/schoolspecialplan/210/2024/31.json?a=www.gaokao.cn,data/shanghai/raw/plan_api/static/2024/210.json,1
2024,综合,212,沈阳建筑大学,149609,01,物理、化学(2科必选),080601,电气工程及其自动化,1,5200,四年,https://static-data.gaokao.cn/www/2.0/schoolspecialplan/212/2024/31.json?a=www.gaokao.cn,data/shanghai/raw/plan_api/static/2024/212.json,1
2024,综合,212,沈阳建筑大学,149609,01,物理、化学(2科必选),080901,计算机科学与技术,1,5200,四年,https://static-data.gaokao.cn/www/2.0/schoolspecialplan/212/2024/31.json?a=www.gaokao.cn,data/shanghai/raw/plan_api/static/2024/212.json,1
2024,综合,212,沈阳建筑大学,149609,01,物理、化学(2科必选),081001,土木工程,1,5200,四年,https://static-data.gaokao.cn/www/2.0/schoolspecialplan/212/2024/31.json?a=www.gaokao.cn,data/shanghai/raw/plan_api/static/2024/212.json,1
2024,综合,212,沈阳建筑大学,149609,01,物理、化学(2科必选),081003,给排水科学与工程,1,5200,四年,https://static-data.gaokao.cn/www/2.0/schoolspecialplan/212/2024/31.json?a=www.gaokao.cn,data/shanghai/raw/plan_api/static/2024/212.json,1
2024,综合,212,沈阳建筑大学,149609,01,物理、化学(2科必选),080213T,智能制造工程,1,5200,四年,https://static-data.gaokao.cn/www/2.0/schoolspecialplan/212/2024/31.json?a=www.gaokao.cn,data/shanghai/raw/plan_api/static/2024/212.json,1
2024,综合,212,沈阳建筑大学,149609,01,物理、化学(2科必选),080717T,人工智能,1,5200,四年,https://static-data.gaokao.cn/www/2.0/schoolspecialplan/212/2024/31.json?a=www.gaokao.cn,data/shanghai/raw/plan_api/static/2024/212.json,1
2024,综合,212,沈阳建筑大学,148718,03,物理必选,082801,建筑学,1,5200,五年,https://static-data.gaokao.cn/www/2.0/schoolspecialplan/212/2024/31.json?a=www.gaokao.cn,data/shanghai/raw/plan_api/static/2024/212.json,1
2024,综合,212,沈阳建筑大学,148718,03,物理必选,082802,城乡规划,1,5200,五年,https://static-data.gaokao.cn/www/2.0/schoolspecialplan/212/2024/31.json?a=www.gaokao.cn,data/shanghai/raw/plan_api/static/2024/212.json,1
2024,综合,212,沈阳建筑大学,149066,02,物理必选,120103,工程管理,1,5200,四年,https://static-data.gaokao.cn/www/2.0/schoolspecialplan/212/2024/31.json?a=www.gaokao.cn,data/shanghai/raw/plan_api/static/2024/212.json,1
2024,综合,212,沈阳建筑大学,149066,02,物理必选,120104,房地产开发与管理,1,5200,四年,https://static-data.gaokao.cn/www/2.0/schoolspecialplan/212/2024/31.json?a=www.gaokao.cn,data/shanghai/raw/plan_api/static/2024/212.json,1
2024,综合,215,沈阳化工大学,149611,01,物理、化学(2科必选),070302,应用化学,2,5200,四年,https://static-data.gaokao.cn/www/2.0/schoolspecialplan/215/2024/31.json?a=www.gaokao.cn,data/shanghai/raw/plan_api/static/2024/215.json,1
2024,综合,215,沈阳化工大学,149611,01,物理、化学(2科必选),080407,高分子材料与工程,2,5200,四年,https://static-data.gaokao.cn/www/2.0/schoolspecialplan/215/2024/31.json?a=www.gaokao.cn,data/shanghai/raw/plan_api/static/2024/215.json,1
2024,综合,215,沈阳化工大学,149611,01,物理、化学(2科必选),080903,网络工程,2,5200,四年,https://static-data.gaokao.cn/www/2.0/schoolspecialplan/215/2024/31.json?a=www.gaokao.cn,data/shanghai/raw/plan_api/static/2024/215.json,1
2024,综合,215,沈阳化工大学,149611,01,物理、化学(2科必选),081301,化学工程与工艺,2,5200,四年,https://static-data.gaokao.cn/www/2.0/schoolspecialplan/215/2024/31.json?a=www.gaokao.cn,data/shanghai/raw/plan_api/static/2024/215.json,1
2024,综合,215,沈阳化工大学,149611,01,物理、化学(2科必选),080901,计算机科学与技术,2,5200,四年,https://static-data.gaokao.cn/www/2.0/schoolspecialplan/215/2024/31.json?a=www.gaokao.cn,data/shanghai/raw/plan_api/static/2024/215.json,1
2024,综合,217,石油北京,149615,01,物理、化学(2科必选),080301,测控技术与仪器,1,5200,四年,https://static-data.gaokao.cn/www/2.0/schoolspecialplan/217/2024/31.json?a=www.gaokao.cn,data/shanghai/raw/plan_api/static/2024/217.json,1
2024,综合,217,石油北京,149615,01,物理、化学(2科必选),080801,自动化,1,5200,四年,https://static-data.gaokao.cn/www/2.0/schoolspecialplan/217/2024/31.json?a=www.gaokao.cn,data/shanghai/raw/plan_api/static/2024/217.json,1
2024,综合,217,石油北京,149615,01,物理、化学(2科必选),080601,电气工程及其自动化,1,5200,四年,https://static-data.gaokao.cn/www/2.0/schoolspecialplan/217/2024/31.json?a=www.gaokao.cn,data/shanghai/raw/plan_api/static/2024/217.json,1
2024,综合,217,石油北京,149615,01,物理、化学(2科必选),080202,机械设计制造及其自动化,1,5200,四年,https://static-data.gaokao.cn/www/2.0/schoolspecialplan/217/2024/31.json?a=www.gaokao.cn,data/shanghai/raw/plan_api/static/2024/217.json,1
2024,综合,217,石油北京,149615,01,物理、化学(2科必选),080204,机械电子工程,1,5200,四年,https://static-data.gaokao.cn/www/2.0/schoolspecialplan/217/2024/31.json?a=www.gaokao.cn,data/shanghai/raw/plan_api/static/2024/217.json,1
2024,综合,217,石油北京,149615,01,物理、化学(2科必选),080803T,机器人工程,1,5200,四年,https://static-data.gaokao.cn/www/2.0/schoolspecialplan/217/2024/31.json?a=www.gaokao.cn,data/shanghai/raw/plan_api/static/2024/217.json,1
2024,综合,217,石油北京,149615,01,物理、化学(2科必选),080207,车辆工程,1,5200,四年,https://static-data.gaokao.cn/www/2.0/schoolspecialplan/217/2024/31.json?a=www.gaokao.cn,data/shanghai/raw/plan_api/static/2024/217.json,1
2024,综合,217,石油北京,149615,01,物理、化学(2科必选),070302,应用化学,1,5200,四年,https://static-data.gaokao.cn/www/2.0/schoolspecialplan/217/2024/31.json?a=www.gaokao.cn,data/shanghai/raw/plan_api/static/2024/217.json,1
2024,综合,217,石油北京,149615,01,物理、化学(2科必选),080705,光电信息科学与工程,1,5200,四年,https://static-data.gaokao.cn/www/2.0/schoolspecialplan/217/2024/31.json?a=www.gaokao.cn,data/shanghai/raw/plan_api/static/2024/217.json,1
2024,综合,217,石油北京,149615,01,物理、化学(2科必选),080701,电子信息工程,1,5200,四年,https://static-data.gaokao.cn/www/2.0/schoolspecialplan/217/2024/31.json?a=www.gaokao.cn,data/shanghai/raw/plan_api/static/2024/217.json,1
2024,综合,217,石油北京,149615,01,物理、化学(2科必选),080703,通信工程,1,5200,四年,https://static-data.gaokao.cn/www/2.0/schoolspecialplan/217/2024/31.json?a=www.gaokao.cn,data/shanghai/raw/plan_api/static/2024/217.json,1
2024,综合,217,石油北京,149615,01,物理、化学(2科必选),080901,计算机科学与技术,1,5200,四年,https://static-data.gaokao.cn/www/2.0/schoolspecialplan/217/2024/31.json?a=www.gaokao.cn,data/shanghai/raw/plan_api/static/2024/217.json,1
2024,综合,217,石油北京,149615,01,物理、化学(2科必选),080903,网络工程,1,5200,四年,https://static-data.gaokao.cn/www/2.0/schoolspecialplan/217/2024/31.json?a=www.gaokao.cn,data/shanghai/raw/plan_api/static/2024/217.json,1
2024,综合,217,石油北京,149615,01,物理、化学(2科必选),080203,材料成型及控制工程,1,5200,四年,https://static-data.gaokao.cn/www/2.0/schoolspecialplan/217/2024/31.json?a=www.gaokao.cn,data/shanghai/raw/plan_api/static/2024/217.json,1
2024,综合,217,石油北京,149615,01,物理、化学(2科必选),080405,金属材料工程,1,5200,四年,https://static-data.gaokao.cn/www/2.0/schoolspecialplan/217/2024/31.json?a=www.gaokao.cn,data/shanghai/raw/plan_api/static/2024/217.json,1
2024,综合,217,石油北京,149615,01,物理、化学(2科必选),080406,无机非金属材料工程,1,5200,四年,https://static-data.gaokao.cn/www/2.0/schoolspecialplan/217/2024/31.json?a=www.gaokao.cn,data/shanghai/raw/plan_api/static/2024/217.json,1
2024,综合,217,石油北京,149615,01,物理、化学(2科必选),080409T,粉体材料科学与工程,1,5200,四年,https://static-data.gaokao.cn/www/2.0/schoolspecialplan/217/2024/31.json?a=www.gaokao.cn,data/shanghai/raw/plan_api/static/2024/217.json,1
2024,综合,217,石油北京,149615,01,物理、化学(2科必选),080205,工业设计,1,5200,四年,https://static-data.gaokao.cn/www/2.0/schoolspecialplan/217/2024/31.json?a=www.gaokao.cn,data/shanghai/raw/plan_api/static/2024/217.json,1
2024,综合,217,石油北京,149615,01,物理、化学(2科必选),080907T,智能科学与技术,1,5200,四年,https://static-data.gaokao.cn/www/2.0/schoolspecialplan/217/2024/31.json?a=www.gaokao.cn,data/shanghai/raw/plan_api/static/2024/217.json,1
2024,综合,217,石油北京,149615,01,物理、化学(2科必选),082108T,智能无人系统技术,1,5200,四年,https://static-data.gaokao.cn/www/2.0/schoolspecialplan/217/2024/31.json?a=www.gaokao.cn,data/shanghai/raw/plan_api/static/2024/217.json,1
2024,综合,217,石油北京,149615,01,物理、化学(2科必选),080213T,智能制造工程,1,5200,四年,https://static-data.gaokao.cn/www/2.0/schoolspecialplan/217/2024/31.json?a=www.gaokao.cn,data/shanghai/raw/plan_api/static/2024/217.json,1
2024,综合,217,石油北京,148719,03,不限,120203K,会计学,1,5200,四年,https://static-data.gaokao.cn/www/2.0/schoolspecialplan/217/2024/31.json?a=www.gaokao.cn,data/shanghai/raw/plan_api/static/2024/217.json,1
2024,综合,217,石油北京,148719,03,不限,020301K,金融学,1,5200,四年,https://static-data.gaokao.cn/www/2.0/schoolspecialplan/217/2024/31.json?a=www.gaokao.cn,data/shanghai/raw/plan_api/static/2024/217.json,1
2024,综合,217,石油北京,148719,03,不限,050201,英语,1,4800,四年,https://static-data.gaokao.cn/www/2.0/schoolspecialplan/217/2024/31.json?a=www.gaokao.cn,data/shanghai/raw/plan_api/static/2024/217.json,1
2024,综合,217,石油北京,149069,02,物理必选,120102,信息管理与信息系统,1,5200,四年,https://static-data.gaokao.cn/www/2.0/schoolspecialplan/217/2024/31.json?a=www.gaokao.cn,data/shanghai/raw/plan_api/static/2024/217.json,1
2024,综合,218,地大北京,149599,01,物理、化学(2科必选),083001,生物工程,2,5200,四年,https://static-data.gaokao.cn/www/2.0/schoolspecialplan/218/2024/31.json?a=www.gaokao.cn,data/shanghai/raw/plan_api/static/2024/218.json,1
2024,综合,218,地大北京,149599,01,物理、化学(2科必选),080205,工业设计,1,5200,四年,https://static-data.gaokao.cn/www/2.0/schoolspecialplan/218/2024/31.json?a=www.gaokao.cn,data/shanghai/raw/plan_api/static/2024/218.json,1
2024,综合,218,地大北京,149059,02,不限,120203K,会计学,2,5200,四年,https://static-data.gaokao.cn/www/2.0/schoolspecialplan/218/2024/31.json?a=www.gaokao.cn,data/shanghai/raw/plan_api/static/2024/218.json,1
2024,综合,219,北邮宏福,149604,01,物理、化学(2科必选),100201K,临床医学,5,5500,五年,https://static-data.gaokao.cn/www/2.0/schoolspecialplan/219/2024/31.json?a=www.gaokao.cn,data/shanghai/raw/plan_api/static/2024/219.json,1
2024,综合,219,北邮宏福,149062,02,物理、化学(2科必选),100201K,临床医学,2,5500,五年,https://static-data.gaokao.cn/www/2.0/schoolspecialplan/219/2024/31.json?a=www.gaokao.cn,data/shanghai/raw/plan_api/static/2024/219.json,1
2024,综合,219,北邮宏福,148716,03,物理、化学(2科必选),100601K,中西医临床医学,2,5500,五年,https://static-data.gaokao.cn/www/2.0/schoolspecialplan/219/2024/31.json?a=www.gaokao.cn,data/shanghai/raw/plan_api/static/2024/219.json,1
2024,综合,220,大连交通大学,149610,01,物理、化学(2科必选),080207,车辆工程,2,5200,四年,https://static-data.gaokao.cn/www/2.0/schoolspecialplan/220/2024/31.json?a=www.gaokao.cn,data/shanghai/raw/plan_api/static/2024/220.json,1
2024,综合,220,大连交通大学,149610,01,物理、化学(2科必选),080601,电气工程及其自动化,2,5200,四年,https://static-data.gaokao.cn/www/2.0/schoolspecialplan/220/2024/31.json?a=www.gaokao.cn,data/shanghai/raw/plan_api/static/2024/220.json,1
2024,综合,220,大连交通大学,149610,01,物理、化学(2科必选),080201,机械工程,2,5200,四年,https://static-data.gaokao.cn/www/2.0/schoolspecialplan/220/2024/31.json?a=www.gaokao.cn,data/shanghai/raw/plan_api/static/2024/220.json,1
2024,综合,220,大连交通大学,149610,01,物理、化学(2科必选),081001,土木工程,1,5200,四年,https://static-data.gaokao.cn/www/2.0/schoolspecialplan/220/2024/31.json?a=www.gaokao.cn,data/shanghai/raw/plan_api/static/2024/220.json,1
2024,综合,220,大连交通大学,149610,01,物理、化学(2科必选),080701,电子信息工程,1,5200,四年,https://static-data.gaokao.cn/www/2.0/schoolspecialplan/220/2024/31.json?a=www.gaokao.cn,data/shanghai/raw/plan_api/static/2024/220.json,1
2024,综合,220,大连交通大学,149067,02,不限,120201K,工商管理,2,5200,四年,https://static-data.gaokao.cn/www/2.0/schoolspecialplan/220/2024/31.json?a=www.gaokao.cn,data/shanghai/raw/plan_api/static/2024/220.json,1
2024,综合,222,辽宁科技大学,149614,01,物理、化学(2科必选),081301,化学工程与工艺,3,5200,四年,https://static-data.gaokao.cn/www/2.0/schoolspecialplan/222/2024/31.json?a=www.gaokao.cn,data/shanghai/raw/plan_api/static/2024/222.json,1
2024,综合,222,辽宁科技大学,149614,01,物理、化学(2科必选),080404,冶金工程,2,5200,四年,https://static-data.gaokao.cn/www/2.0/schoolspecialplan/222/2024/31.json?a=www.gaokao.cn,data/shanghai/raw/plan_api/static/2024/222.json,1
2024,综合,222,辽宁科技大学,149614,01,物理、化学(2科必选),080501,能源与动力工程,1,5200,四年,https://static-data.gaokao.cn/www/2.0/schoolspecialplan/222/2024/31.json?a=www.gaokao.cn,data/shanghai/raw/plan_api/static/2024/222.json,1
2024,综合,222,辽宁科技大学,149614,01,物理、化学(2科必选),080902,软件工程,1,4600,四年,https://static-data.gaokao.cn/www/2.0/schoolspecialplan/222/2024/31.json?a=www.gaokao.cn,data/shanghai/raw/plan_api/static/2024/222.json,1
2024,综合,222,辽宁科技大学,149614,01,物理、化学(2科必选),080204,机械电子工程,1,5200,四年,https://static-data.gaokao.cn/www/2.0/schoolspecialplan/222/2024/31.json?a=www.gaokao.cn,data/shanghai/raw/plan_api/static/2024/222.json,1
2024,综合,222,辽宁科技大学,149614,01,物理、化学(2科必选),080905,物联网工程,1,5200,四年,https://static-data.gaokao.cn/www/2.0/schoolspecialplan/222/2024/31.json?a=www.gaokao.cn,data/shanghai/raw/plan_api/static/2024/222.json,1
2024,综合,222,辽宁科技大学,149614,01,物理、化学(2科必选),070104T,数据计算及应用,1,5200,四年,https://static-data.gaokao.cn/www/2.0/schoolspecialplan/222/2024/31.json?a=www.gaokao.cn,data/shanghai/raw/plan_api/static/2024/222.json,1
2024,综合,223,中国劳关,149612,01,物理、化学(2科必选),081504,油气储运工程,3,5200,四年,https://static-data.gaokao.cn/www/2.0/schoolspecialplan/223/2024/31.json?a=www.gaokao.cn,data/shanghai/raw/plan_api/static/2024/223.json,1
2024,综合,223,中国劳关,149612,01,物理、化学(2科必选),082502,环境工程,3,5200,四年,https://static-data.gaokao.cn/www/2.0/schoolspecialplan/223/2024/31.json?a=www.gaokao.cn,data/shanghai/raw/plan_api/static/2024/223.json,1
2024,综合,223,中国劳关,149612,01,物理、化学(2科必选),080407,高分子材料与工程,3,5200,四年,https://static-data.gaokao.cn/www/2.0/schoolspecialplan/223/2024/31.json?a=www.gaokao.cn,data/shanghai/raw/plan_api/static/2024/223.json,1
2024,综合,223,中国劳关,149612,01,物理、化学(2科必选),070101,数学与应用数学,1,5200,四年,https://static-data.gaokao.cn/www/2.0/schoolspecialplan/223/2024/31.json?a=www.gaokao.cn,data/shanghai/raw/plan_api/static/2024/223.json,1
2024,综合,225,辽宁师范大学,149602,01,物理、化学(2科必选),080901,计算机科学与技术,2,5200,四年,https://static-data.gaokao.cn/www/2.0/schoolspecialplan/225/2024/31.json?a=www.gaokao.cn,data/shanghai/raw/plan_api/static/2024/225.json,1
2024,综合,225,辽宁师范大学,149061,02,不限,050201,英语,5,40000,四年,https://static-data.gaokao.cn/www/2.0/schoolspecialplan/225/2024/31.json?a=www.gaokao.cn,data/shanghai/raw/plan_api/static/2024/225.json,1
2024,综合,225,辽宁师范大学,148715,03,不限,120205,国际商务,4,39000,四年,https://static-data.gaokao.cn/www/2.0/schoolspecialplan/225/2024/31.json?a=www.gaokao.cn,data/shanghai/raw/plan_api/static/2024/225.json,1
2024,综合,227,沈阳工业大学,149617,01,物理、化学(2科必选),080202,机械设计制造及其自动化,3,5700,四年,https://static-data.gaokao.cn/www/2.0/schoolspecialplan/227/2024/31.json?a=www.gaokao.cn,data/shanghai/raw/plan_api/static/2024/227.json,1
2024,综合,227,沈阳工业大学,149617,01,物理、化学(2科必选),080601,电气工程及其自动化,2,5700,四年,https://static-data.gaokao.cn/www/2.0/schoolspecialplan/227/2024/31.json?a=www.gaokao.cn,data/shanghai/raw/plan_api/static/2024/227.json,1
2024,综合,227,沈阳工业大学,148720,03,不限,020301K,金融学,3,5200,四年,https://static-data.gaokao.cn/www/2.0/schoolspecialplan/227/2024/31.json?a=www.gaokao.cn,data/shanghai/raw/plan_api/static/2024/227.json,1
2024,综合,227,沈阳工业大学,149070,02,物理必选,120203K,会计学,2,5200,四年,https://static-data.gaokao.cn/www/2.0/schoolspecialplan/227/2024/31.json?a=www.gaokao.cn,data/shanghai/raw/plan_api/static/2024/227.json,1
2024,综合,228,北京二外,149608,01,物理、化学(2科必选),082503,环境科学,6,5200,四年,https://static-data.gaokao.cn/www/2.0/schoolspecialplan/228/2024/31.json?a=www.gaokao.cn,data/shanghai/raw/plan_api/static/2024/228.json,1
2024,综合,228,北京二外,149608,01,物理、化学(2科必选),080701,电子信息工程,4,5700,四年,https://static-data.gaokao.cn/www/2.0/schoolspecialplan/228/2024/31.json?a=www.gaokao.cn,data/shanghai/raw/plan_api/static/2024/228.json,1
2024,综合,228,北京二外,149608,01,物理、化学(2科必选),082701,食品科学与工程,3,5200,四年,https://static-data.gaokao.cn/www/2.0/schoolspecialplan/228/2024/31.json?a=www.gaokao.cn,data/shanghai/raw/plan_api/static/2024/228.json,1
2024,综合,228,北京二外,149608,01,物理、化学(2科必选),090401,动物医学,3,5200,五年,https://static-data.gaokao.cn/www/2.0/schoolspecialplan/228/2024/31.json?a=www.gaokao.cn,data/shanghai/raw/plan_api/static/2024/228.json,1
2024,综合,228,北京二外,149608,01,物理、化学(2科必选),070601,大气科学,3,5700,四年,https://static-data.gaokao.cn/www/2.0/schoolspecialplan/228/2024/31.json?a=www.gaokao.cn,data/shanghai/raw/plan_api/static/2024/228.json,1
2024,综合,228,北京二外,149608,01,物理、化学(2科必选),080202,机械设计制造及其自动化,2,5200,四年,https://static-data.gaokao.cn/www/2.0/schoolspecialplan/228/2024/31.json?a=www.gaokao.cn,data/shanghai/raw/plan_api/static/2024/228.json,1
2024,综合,228,北京二外,149608,01,物理、化学(2科必选),090102,园艺,2,5200,四年,https://static-data.gaokao.cn/www/2.0/schoolspecialplan/228/2024/31.json?a=www.gaokao.cn,data/shanghai/raw/plan_api/static/2024/228.json,1
2024,综合,228,北京二外,149608,01,物理、化学(2科必选),090106,设施农业科学与工程,2,5200,四年,https://static-data.gaokao.cn/www/2.0/schoolspecialplan/228/2024/31.json?a=www.gaokao.cn,data/shanghai/raw/plan_api/static/2024/228.json,1
2024,综合,229,东北财经大学,149601,01,不限,120203K,会计学,1,5720,四年,https://static-data.gaokao.cn/www/2.0/schoolspecialplan/229/2024/31.json?a=www.gaokao.cn,data/shanghai/raw/plan_api/static/2024/229.json,1
2024,综合,229,东北财经大学,149601,01,不限,0203,金融学类,2,5720,四年,https://static-data.gaokao.cn/www/2.0/schoolspecialplan/229/2024/31.json?a=www.gaokao.cn,data/shanghai/raw/plan_api/static/2024/229.json,1
2024,综合,229,东北财经大学,149601,01,不限,0202,财政学类,2,5720,四年,https://static-data.gaokao.cn/www/2.0/schoolspecialplan/229/2024/31.json?a=www.gaokao.cn,data/shanghai/raw/plan_api/static/2024/229.json,1
2024,综合,229,东北财经大学,149601,01,不限,020303,保险学,1,5200,四年,https://static-data.gaokao.cn/www/2.0/schoolspecialplan/229/2024/31.json?a=www.gaokao.cn,data/shanghai/raw/plan_api/static/2024/229.json,1
2024,综合,229,东北财经大学,149060,02,不限,120203K,会计学,2,48000,四年,https://static-data.gaokao.cn/www/2.0/schoolspecialplan/229/2024/31.json?a=www.gaokao.cn,data/shanghai/raw/plan_api/static/2024/229.json,1
2024,综合,229,东北财经大学,149060,02,不限,020301K,金融学,2,48000,四年,https://static-data.gaokao.cn/www/2.0/schoolspecialplan/229/2024/31.json?a=www.gaokao.cn,data/shanghai/raw/plan_api/static/2024/229.json,1
2024,综合,230,首都经贸,149606,01,物理、化学(2科必选),100201K,临床医学,4,6050,五年,https://static-data.gaokao.cn/www/2.0/schoolspecialplan/230/2024/31.json?a=www.gaokao.cn,data/shanghai/raw/plan_api/static/2024/230.json,1
2024,综合,230,首都经贸,149606,01,物理、化学(2科必选),100203TK,医学影像学,2,6050,五年,https://static-data.gaokao.cn/www/2.0/schoolspecialplan/230/2024/31.json?a=www.gaokao.cn,data/shanghai/raw/plan_api/static/2024/230.json,1
2024,综合,230,首都经贸,149064,02,物理、化学(2科必选),100702,药物制剂,4,69000,四年,https://static-data.gaokao.cn/www/2.0/schoolspecialplan/230/2024/31.json?a=www.gaokao.cn,data/shanghai/raw/plan_api/static/2024/230.json,1
2024,综合,231,北京联大,149270,01,物理、化学(2科必选),080701,电子信息工程,2,6240,四年,https://static-data.gaokao.cn/www/2.0/schoolspecialplan/231/2024/31.json?a=www.gaokao.cn,data/shanghai/raw/plan_api/static/2024/231.json,1
2024,综合,231,北京联大,149270,01,物理、化学(2科必选),0809,计算机类,2,6240,四年,https://static-data.gaokao.cn/www/2.0/schoolspecialplan/231/2024/31.json?a=www.gaokao.cn,data/shanghai/raw/plan_api/static/2024/231.json,1
2024,综合,231,北京联大,149270,01,物理、化学(2科必选),0825,环境科学与工程类,2,6240,四年,https://static-data.gaokao.cn/www/2.0/schoolspecialplan/231/2024/31.json?a=www.gaokao.cn,data/shanghai/raw/plan_api/static/2024/231.json,1
2024,综合,231,北京联大,148836,02,不限,020301K,金融学,2,5760,四年,https://static-data.gaokao.cn/www/2.0/schoolspecialplan/231/2024/31.json?a=www.gaokao.cn,data/shanghai/raw/plan_api/static/2024/231.json,1
2024,综合,231,北京联大,148836,02,不限,050201,英语,2,5760,四年,https://static-data.gaokao.cn/www/2.0/schoolspecialplan/231/2024/31.json?a=www.gaokao.cn,data/shanghai/raw/plan_api/static/2024/231.json,1
2024,综合,231,北京联大,148836,02,不限,071102,应用心理学,2,6240,四年,https://static-data.gaokao.cn/www/2.0/schoolspecialplan/231/2024/31.json?a=www.gaokao.cn,data/shanghai/raw/plan_api/static/2024/231.json,1
2024,综合,232,中国公安,149263,01,物理、化学(2科必选),080901,计算机科学与技术,3,6240,四年,https://static-data.gaokao.cn/www/2.0/schoolspecialplan/232/2024/31.json?a=www.gaokao.cn,data/shanghai/raw/plan_api/static/2024/232.json,1
2024,综合,232,中国公安,148830,02,不限,0503,新闻传播学类,6,5760,四年,https://static-data.gaokao.cn/www/2.0/schoolspecialplan/232/2024/31.json?a=www.gaokao.cn,data/shanghai/raw/plan_api/static/2024/232.json,1
2024,综合,232,中国公安,148830,02,不限,120203K,会计学,4,5760,四年,https://static-data.gaokao.cn/www/2.0/schoolspecialplan/232/2024/31.json?a=www.gaokao.cn,data/shanghai/raw/plan_api/static/2024/232.json,1
2024,综合,232,中国公安,148830,02,不限,050261,翻译,3,5760,四年,https://static-data.gaokao.cn/www/2.0/schoolspecialplan/232/2024/31.json?a=www.gaokao.cn,data/shanghai/raw/plan_api/static/2024/232.json,1
2024,综合,232,中国公安,148830,02,不限,120201K,工商管理,2,5760,四年,https://static-data.gaokao.cn/www/2.0/schoolspecialplan/232/2024/31.json?a=www.gaokao.cn,data/shanghai/raw/plan_api/static/2024/232.json,1
2024,综合,232,中国公安,148830,02,不限,120202,市场营销,2,5760,四年,https://static-data.gaokao.cn/www/2.0/schoolspecialplan/232/2024/31.json?a=www.gaokao.cn,data/shanghai/raw/plan_api/static/2024/232.json,1
2024,综合,233,新疆农业大学,149194,01,物理、化学(2科必选),080714T,电子信息科学与技术,5,3500,四年,https://static-data.gaokao.cn/www/2.0/schoolspecialplan/233/2024/31.json?a=www.gaokao.cn,data/shanghai/raw/plan_api/static/2024/233.json,1
2024,综合,233,新疆农业大学,149194,01,物理、化学(2科必选),081101,水利水电工程,5,3500,四年,https://static-data.gaokao.cn/www/2.0/schoolspecialplan/233/2024/31.json?a=www.gaokao.cn,data/shanghai/raw/plan_api/static/2024/233.json,1
2024,综合,233,新疆农业大学,148789,02,不限,1202,工商管理类,5,18000,四年,https://static-data.gaokao.cn/www/2.0/schoolspecialplan/233/2024/31.json?a=www.gaokao.cn,data/shanghai/raw/plan_api/static/2024/233.json,1
2024,综合,233,新疆农业大学,148789,02,不限,0204,经济与贸易类,5,18000,四年,https://static-data.gaokao.cn/www/2.0/schoolspecialplan/233/2024/31.json?a=www.gaokao.cn,data/shanghai/raw/plan_api/static/2024/233.json,1
2024,综合,236,喀什大学,149193,01,物理、化学(2科必选),070101,数学与应用数学,2,3500,四年,https://static-data.gaokao.cn/www/2.0/schoolspecialplan/236/2024/31.json?a=www.gaokao.cn,data/shanghai/raw/plan_api/static/2024/236.json,1
2024,综合,236,喀什大学,149193,01,物理、化学(2科必选),070301,化学,2,3500,四年,https://static-data.gaokao.cn/www/2.0/schoolspecialplan/236/2024/31.json?a=www.gaokao.cn,data/shanghai/raw/plan_api/static/2024/236.json,1
2024,综合,236,喀什大学,149193,01,物理、化学(2科必选),071001,生物科学,2,3500,四年,https://static-data.gaokao.cn/www/2.0/schoolspecialplan/236/2024/31.json?a=www.gaokao.cn,data/shanghai/raw/plan_api/static/2024/236.json,1
2024,综合,236,喀什大学,149193,01,物理、化学(2科必选),070201,物理学,2,3500,四年,https://static-data.gaokao.cn/www/2.0/schoolspecialplan/236/2024/31.json?a=www.gaokao.cn,data/shanghai/raw/plan_api/static/2024/236.json,1
2024,综合,236,喀什大学,148788,02,思想政治必选,030503,思想政治教育,2,3100,四年,https://static-data.gaokao.cn/www/2.0/schoolspecialplan/236/2024/31.json?a=www.gaokao.cn,data/shanghai/raw/plan_api/static/2024/236.json,1
2024,综合,237,新疆财经大学,149188,01,物理必选,020302,金融工程,1,3500,四年,https://static-data.gaokao.cn/www/2.0/schoolspecialplan/237/2024/31.json?a=www.gaokao.cn,data/shanghai/raw/plan_api/static/2024/237.json,1
2024,综合,237,新疆财经大学,149188,01,物理必选,020310T,金融科技,1,3500,四年,https://static-data.gaokao.cn/www/2.0/schoolspecialplan/237/2024/31.json?a=www.gaokao.cn,data/shanghai/raw/plan_api/static/2024/237.json,1
2024,综合,237,新疆财经大学,148786,02,不限,020301K,金融学,2,3200,四年,https://static-data.gaokao.cn/www/2.0/schoolspecialplan/237/2024/31.json?a=www.gaokao.cn,data/shanghai/raw/plan_api/static/2024/237.json,1
2024,综合,239,首都体院,149186,01,物理、化学(2科必选),070101,数学与应用数学,1,3500,四年,https://static-data.gaokao.cn/www/2.0/schoolspecialplan/239/2024/31.json?a=www.gaokao.cn,data/shanghai/raw/plan_api/static/2024/239.json,1
2024,综合,239,首都体院,149186,01,物理、化学(2科必选),080604T,电气工程与智能控制,1,3500,四年,https://static-data.gaokao.cn/www/2.0/schoolspecialplan/239/2024/31.json?a=www.gaokao.cn,data/shanghai/raw/plan_api/static/2024/239.json,1
2024,综合,239,首都体院,148784,02,不限,050101,汉语言文学,1,3100,四年,https://static-data.gaokao.cn/www/2.0/schoolspecialplan/239/2024/31.json?a=www.gaokao.cn,data/shanghai/raw/plan_api/static/2024/239.json,1
2024,综合,239,首都体院,148784,02,不限,050201,英语,1,3800,四年,https://static-data.gaokao.cn/www/2.0/schoolspecialplan/239/2024/31.json?a=www.gaokao.cn,data/shanghai/raw/plan_api/static/2024/239.json,1
2024,综合,241,中央美院,149505,01,物理、化学(2科必选),040102,科学教育,4,5300,四年,https://static-data.gaokao.cn/www/2.0/schoolspecialplan/241/2024/31.json?a=www.gaokao.cn,data/shanghai/raw/plan_api/static/2024/241.json,1
2024,综合,241,中央美院,149505,01,物理、化学(2科必选),070101,数学与应用数学,3,6095,四年,https://static-data.gaokao.cn/www/2.0/schoolspecialplan/241/2024/31.json?a=www.gaokao.cn,data/shanghai/raw/plan_api/static/2024/241.json,1
2024,综合,241,中央美院,149505,01,物理、化学(2科必选),082501,环境科学与工程,3,6000,四年,https://static-data.gaokao.cn/www/2.0/schoolspecialplan/241/2024/31.json?a=www.gaokao.cn,data/shanghai/raw/plan_api/static/2024/241.json,1
2024,综合,241,中央美院,149505,01,物理、化学(2科必选),080205,工业设计,3,6000,四年,https://static-data.gaokao.cn/www/2.0/schoolspecialplan/241/2024/31.json?a=www.gaokao.cn,data/shanghai/raw/plan_api/static/2024/241.json,1
2024,综合,241,中央美院,149505,01,物理、化学(2科必选),081801,交通运输,2,6000,四年,https://static-data.gaokao.cn/www/2.0/schoolspecialplan/241/2024/31.json?a=www.gaokao.cn,data/shanghai/raw/plan_api/static/2024/241.json,1
2024,综合,241,中央美院,149505,01,物理、化学(2科必选),080705,光电信息科学与工程,2,6000,四年,https://static-data.gaokao.cn/www/2.0/schoolspecialplan/241/2024/31.json?a=www.gaokao.cn,data/shanghai/raw/plan_api/static/2024/241.json,1
2024,综合,241,中央美院,149505,01,物理、化学(2科必选),0809,计算机类,2,6000,四年,https://static-data.gaokao.cn/www/2.0/schoolspecialplan/241/2024/31.json?a=www.gaokao.cn,data/shanghai/raw/plan_api/static/2024/241.json,1
2024,综合,241,中央美院,149505,01,物理、化学(2科必选),080803T,机器人工程,2,6000,四年,https://static-data.gaokao.cn/www/2.0/schoolspecialplan/241/2024/31.json?a=www.gaokao.cn,data/shanghai/raw/plan_api/static/2024/241.json,1
2024,综合,241,中央美院,149505,01,物理、化学(2科必选),080213T,智能制造工程,2,6000,四年,https://static-data.gaokao.cn/www/2.0/schoolspecialplan/241/2024/31.json?a=www.gaokao.cn,data/shanghai/raw/plan_api/static/2024/241.json,1
2024,综合,241,中央美院,149505,01,物理、化学(2科必选),100701,药学,2,5300,四年,https://static-data.gaokao.cn/www/2.0/schoolspecialplan/241/2024/31.json?a=www.gaokao.cn,data/shanghai/raw/plan_api/static/2024/241.json,1
2024,综合,241,中央美院,148685,03,不限,040107,小学教育,10,63000,四年,https://static-data.gaokao.cn/www/2.0/schoolspecialplan/241/2024/31.json?a=www.gaokao.cn,data/shanghai/raw/plan_api/static/2024/241.json,1
2024,综合,241,中央美院,148990,02,不限,1202,工商管理类,3,5300,四年,https://static-data.gaokao.cn/www/2.0/schoolspecialplan/241/2024/31.json?a=www.gaokao.cn,data/shanghai/raw/plan_api/static/2024/241.json,1
2024,综合,241,中央美院,148990,02,不限,050207,日语,2,5300,四年,https://static-data.gaokao.cn/www/2.0/schoolspecialplan/241/2024/31.json?a=www.gaokao.cn,data/shanghai/raw/plan_api/static/2024/241.json,1
2024,综合,242,首师科德,149510,01,物理、化学(2科必选),0809,计算机类,5,6000,四年,https://static-data.gaokao.cn/www/2.0/schoolspecialplan/242/2024/31.json?a=www.gaokao.cn,data/shanghai/raw/plan_api/static/2024/242.json,1
2024,综合,242,首师科德,149510,01,物理、化学(2科必选),080205,工业设计,5,6900,四年,https://static-data.gaokao.cn/www/2.0/schoolspecialplan/242/2024/31.json?a=www.gaokao.cn,data/shanghai/raw/plan_api/static/2024/242.json,1
2024,综合,242,首师科德,148538,04,物理、化学(2科必选),080902,软件工程,8,25000,四年,https://static-data.gaokao.cn/www/2.0/schoolspecialplan/242/2024/31.json?a=www.gaokao.cn,data/shanghai/raw/plan_api/static/2024/242.json,1
2024,综合,242,首师科德,148994,02,不限,030101K,法学,5,5300,四年,https://static-data.gaokao.cn/www/2.0/schoolspecialplan/242/2024/31.json?a=www.gaokao.cn,data/shanghai/raw/plan_api/static/2024/242.json,1
2024,综合,242,首师科德,148687,03,不限,0828,建筑类,3,6900,五年,https://static-data.gaokao.cn/www/2.0/schoolspecialplan/242/2024/31.json?a=www.gaokao.cn,data/shanghai/raw/plan_api/static/2024/242.json,1
2024,综合,242,首师科德,148994,02,不限,020301K,金融学,3,5300,四年,https://static-data.gaokao.cn/www/2.0/schoolspecialplan/242/2024/31.json?a=www.gaokao.cn,data/shanghai/raw/plan_api/static/2024/242.json,1
2024,综合,242,首师科德,148994,02,不限,020401,国际经济与贸易,2,5300,四年,https://static-data.gaokao.cn/www/2.0/schoolspecialplan/242/2024/31.json?a=www.gaokao.cn,data/shanghai/raw/plan_api/static/2024/242.json,1
2024,综合,243,浙江理工大学,149509,01,物理、化学(2科必选),0804,材料类,5,6000,四年,https://static-data.gaokao.cn/www/2.0/schoolspecialplan/243/2024/31.json?a=www.gaokao.cn,data/shanghai/raw/plan_api/static/2024/243.json,1
2024,综合,243,浙江理工大学,149509,01,物理、化学(2科必选),0710,生物科学类,3,5300,四年,https://static-data.gaokao.cn/www/2.0/schoolspecialplan/243/2024/31.json?a=www.gaokao.cn,data/shanghai/raw/plan_api/static/2024/243.json,1
2024,综合,243,浙江理工大学,149509,01,物理、化学(2科必选),0816,纺织类,2,6000,四年,https://static-data.gaokao.cn/www/2.0/schoolspecialplan/243/2024/31.json?a=www.gaokao.cn,data/shanghai/raw/plan_api/static/2024/243.json,1
2024,综合,243,浙江理工大学,148686,03,不限,0204,经济与贸易类,3,6000,四年,https://static-data.gaokao.cn/www/2.0/schoolspecialplan/243/2024/31.json?a=www.gaokao.cn,data/shanghai/raw/plan_api/static/2024/243.json,1
2024,综合,243,浙江理工大学,148686,03,不限,1202,工商管理类,3,5300,四年,https://static-data.gaokao.cn/www/2.0/schoolspecialplan/243/2024/31.json?a=www.gaokao.cn,data/shanghai/raw/plan_api/static/2024/243.json,1
2024,综合,243,浙江理工大学,148993,02,物理必选,081602,服装设计与工程,2,6000,四年,https://static-data.gaokao.cn/www/2.0/schoolspecialplan/243/2024/31.json?a=www.gaokao.cn,data/shanghai/raw/plan_api/static/2024/243.json,1
2024,综合,243,浙江理工大学,148686,03,不限,120402,行政管理,2,5300,四年,https://static-data.gaokao.cn/www/2.0/schoolspecialplan/243/2024/31.json?a=www.gaokao.cn,data/shanghai/raw/plan_api/static/2024/243.json,1
2024,综合,244,嘉兴大学,149501,01,物理、化学(2科必选),080910T,数据科学与大数据技术,6,5500,四年,https://static-data.gaokao.cn/www/2.0/schoolspecialplan/244/2024/31.json?a=www.gaokao.cn,data/shanghai/raw/plan_api/static/2024/244.json,1
2024,综合,244,嘉兴大学,149501,01,物理、化学(2科必选),081001,土木工程,5,6325,四年,https://static-data.gaokao.cn/www/2.0/schoolspecialplan/244/2024/31.json?a=www.gaokao.cn,data/shanghai/raw/plan_api/static/2024/244.json,1
2024,综合,244,嘉兴大学,149501,01,物理、化学(2科必选),080703,通信工程,4,5500,四年,https://static-data.gaokao.cn/www/2.0/schoolspecialplan/244/2024/31.json?a=www.gaokao.cn,data/shanghai/raw/plan_api/static/2024/244.json,1
2024,综合,244,嘉兴大学,149501,01,物理、化学(2科必选),080205,工业设计,3,5500,四年,https://static-data.gaokao.cn/www/2.0/schoolspecialplan/244/2024/31.json?a=www.gaokao.cn,data/shanghai/raw/plan_api/static/2024/244.json,1
2024,综合,244,嘉兴大学,149501,01,物理、化学(2科必选),080901,计算机科学与技术,3,6325,四年,https://static-data.gaokao.cn/www/2.0/schoolspecialplan/244/2024/31.json?a=www.gaokao.cn,data/shanghai/raw/plan_api/static/2024/244.json,1
2024,综合,244,嘉兴大学,149501,01,物理、化学(2科必选),080903,网络工程,3,5500,四年,https://static-data.gaokao.cn/www/2.0/schoolspecialplan/244/2024/31.json?a=www.gaokao.cn,data/shanghai/raw/plan_api/static/2024/244.json,1
2024,综合,244,嘉兴大学,149501,01,物理、化学(2科必选),080202,机械设计制造及其自动化,2,6325,四年,https://static-data.gaokao.cn/www/2.0/schoolspecialplan/244/2024/31.json?a=www.gaokao.cn,data/shanghai/raw/plan_api/static/2024/244.json,1
2024,综合,244,嘉兴大学,149501,01,物理、化学(2科必选),080902,软件工程,2,5500,四年,https://static-data.gaokao.cn/www/2.0/schoolspecialplan/244/2024/31.json?a=www.gaokao.cn,data/shanghai/raw/plan_api/static/2024/244.json,1
2024,综合,244,嘉兴大学,149501,01,物理、化学(2科必选),081002,建筑环境与能源应用工程,2,5500,四年,https://static-data.gaokao.cn/www/2.0/schoolspecialplan/244/2024/31.json?a=www.gaokao.cn,data/shanghai/raw/plan_api/static/2024/244.json,1
2024,综合,244,嘉兴大学,148986,02,不限,050207,日语,4,4800,四年,https://static-data.gaokao.cn/www/2.0/schoolspecialplan/244/2024/31.json?a=www.gaokao.cn,data/shanghai/raw/plan_api/static/2024/244.json,1
2024,综合,244,嘉兴大学,148986,02,不限,020401,国际经济与贸易,2,4800,四年,https://static-data.gaokao.cn/www/2.0/schoolspecialplan/244/2024/31.json?a=www.gaokao.cn,data/shanghai/raw/plan_api/static/2024/244.json,1
2024,综合,244,嘉兴大学,148986,02,不限,020301K,金融学,2,5520,四年,https://static-data.gaokao.cn/www/2.0/schoolspecialplan/244/2024/31.json?a=www.gaokao.cn,data/shanghai/raw/plan_api/static/2024/244.json,1
2024,综合,244,嘉兴大学,148986,02,不限,120206,人力资源管理,2,4800,四年,https://static-data.gaokao.cn/www/2.0/schoolspecialplan/244/2024/31.json?a=www.gaokao.cn,data/shanghai/raw/plan_api/static/2024/244.json,1
2024,综合,244,嘉兴大学,148986,02,不限,120202,市场营销,2,4800,四年,https://static-data.gaokao.cn/www/2.0/schoolspecialplan/244/2024/31.json?a=www.gaokao.cn,data/shanghai/raw/plan_api/static/2024/244.json,1
2024,综合,244,嘉兴大学,148986,02,不限,120204,财务管理,2,5520,四年,https://static-data.gaokao.cn/www/2.0/schoolspecialplan/244/2024/31.json?a=www.gaokao.cn,data/shanghai/raw/plan_api/static/2024/244.json,1
2024,综合,245,西华大学,149260,01,不限,120201K,工商管理,4,5520,四年,https://static-data.gaokao.cn/www/2.0/schoolspecialplan/245/2024/31.json?a=www.gaokao.cn,data/shanghai/raw/plan_api/static/2024/245.json,1
2024,综合,245,西华大学,149260,01,不限,030101K,法学,3,5520,四年,https://static-data.gaokao.cn/www/2.0/schoolspecialplan/245/2024/31.json?a=www.gaokao.cn,data/shanghai/raw/plan_api/static/2024/245.json,1
2024,综合,245,西华大学,149260,01,不限,120204,财务管理,3,5520,四年,https://static-data.gaokao.cn/www/2.0/schoolspecialplan/245/2024/31.json?a=www.gaokao.cn,data/shanghai/raw/plan_api/static/2024/245.json,1
2024,综合,247,矿大北京,149500,01,物理、化学(2科必选),080704,微电子科学与工程,4,5500,四年,https://static-data.gaokao.cn/www/2.0/schoolspecialplan/247/2024/31.json?a=www.gaokao.cn,data/shanghai/raw/plan_api/static/2024/247.json,1
2024,综合,247,矿大北京,149500,01,物理、化学(2科必选),080705,光电信息科学与工程,4,6325,四年,https://static-data.gaokao.cn/www/2.0/schoolspecialplan/247/2024/31.json?a=www.gaokao.cn,data/shanghai/raw/plan_api/static/2024/247.json,1
2024,综合,247,矿大北京,149500,01,物理、化学(2科必选),080301,测控技术与仪器,3,6325,四年,https://static-data.gaokao.cn/www/2.0/schoolspecialplan/247/2024/31.json?a=www.gaokao.cn,data/shanghai/raw/plan_api/static/2024/247.json,1
2024,综合,247,矿大北京,149500,01,物理、化学(2科必选),070101,数学与应用数学,2,4800,四年,https://static-data.gaokao.cn/www/2.0/schoolspecialplan/247/2024/31.json?a=www.gaokao.cn,data/shanghai/raw/plan_api/static/2024/247.json,1
2024,综合,247,矿大北京,149500,01,物理、化学(2科必选),070202,应用物理学,2,4800,四年,https://static-data.gaokao.cn/www/2.0/schoolspecialplan/247/2024/31.json?a=www.gaokao.cn,data/shanghai/raw/plan_api/static/2024/247.json,1
2024,综合,247,矿大北京,149500,01,物理、化学(2科必选),080202,机械设计制造及其自动化,2,6325,四年,https://static-data.gaokao.cn/www/2.0/schoolspecialplan/247/2024/31.json?a=www.gaokao.cn,data/shanghai/raw/plan_api/static/2024/247.json,1
2024,综合,247,矿大北京,149500,01,物理、化学(2科必选),080205,工业设计,2,5500,四年,https://static-data.gaokao.cn/www/2.0/schoolspecialplan/247/2024/31.json?a=www.gaokao.cn,data/shanghai/raw/plan_api/static/2024/247.json,1
2024,综合,247,矿大北京,149500,01,物理、化学(2科必选),080701,电子信息工程,2,5500,四年,https://static-data.gaokao.cn/www/2.0/schoolspecialplan/247/2024/31.json?a=www.gaokao.cn,data/shanghai/raw/plan_api/static/2024/247.json,1
2024,综合,247,矿大北京,149500,01,物理、化学(2科必选),080703,通信工程,2,5500,四年,https://static-data.gaokao.cn/www/2.0/schoolspecialplan/247/2024/31.json?a=www.gaokao.cn,data/shanghai/raw/plan_api/static/2024/247.json,1
2024,综合,247,矿大北京,149500,01,物理、化学(2科必选),080601,电气工程及其自动化,2,6325,四年,https://static-data.gaokao.cn/www/2.0/schoolspecialplan/247/2024/31.json?a=www.gaokao.cn,data/shanghai/raw/plan_api/static/2024/247.json,1
2024,综合,247,矿大北京,149500,01,物理、化学(2科必选),080702,电子科学与技术,2,5500,四年,https://static-data.gaokao.cn/www/2.0/schoolspecialplan/247/2024/31.json?a=www.gaokao.cn,data/shanghai/raw/plan_api/static/2024/247.json,1
2024,综合,247,矿大北京,149500,01,物理、化学(2科必选),080204,机械电子工程,2,5500,四年,https://static-data.gaokao.cn/www/2.0/schoolspecialplan/247/2024/31.json?a=www.gaokao.cn,data/shanghai/raw/plan_api/static/2024/247.json,1
2024,综合,247,矿大北京,149500,01,物理、化学(2科必选),080303T,智能感知工程,2,5500,四年,https://static-data.gaokao.cn/www/2.0/schoolspecialplan/247/2024/31.json?a=www.gaokao.cn,data/shanghai/raw/plan_api/static/2024/247.json,1
2024,综合,247,矿大北京,149500,01,物理、化学(2科必选),080501,能源与动力工程,1,5500,四年,https://static-data.gaokao.cn/www/2.0/schoolspecialplan/247/2024/31.json?a=www.gaokao.cn,data/shanghai/raw/plan_api/static/2024/247.json,1
2024,综合,248,浙江海洋大学,149508,01,物理、化学(2科必选),080202,机械设计制造及其自动化,2,6300,四年,https://static-data.gaokao.cn/www/2.0/schoolspecialplan/248/2024/31.json?a=www.gaokao.cn,data/shanghai/raw/plan_api/static/2024/248.json,1
2024,综合,248,浙江海洋大学,149508,01,物理、化学(2科必选),080701,电子信息工程,2,5500,四年,https://static-data.gaokao.cn/www/2.0/schoolspecialplan/248/2024/31.json?a=www.gaokao.cn,data/shanghai/raw/plan_api/static/2024/248.json,1
2024,综合,248,浙江海洋大学,149508,01,物理、化学(2科必选),081901,船舶与海洋工程,2,5500,四年,https://static-data.gaokao.cn/www/2.0/schoolspecialplan/248/2024/31.json?a=www.gaokao.cn,data/shanghai/raw/plan_api/static/2024/248.json,1
2024,综合,248,浙江海洋大学,149508,01,物理、化学(2科必选),082701,食品科学与工程,2,6300,四年,https://static-data.gaokao.cn/www/2.0/schoolspecialplan/248/2024/31.json?a=www.gaokao.cn,data/shanghai/raw/plan_api/static/2024/248.json,1
2024,综合,248,浙江海洋大学,149508,01,物理、化学(2科必选),071001,生物科学,2,4800,四年,https://static-data.gaokao.cn/www/2.0/schoolspecialplan/248/2024/31.json?a=www.gaokao.cn,data/shanghai/raw/plan_api/static/2024/248.json,1
2024,综合,248,浙江海洋大学,149508,01,物理、化学(2科必选),080601,电气工程及其自动化,2,5500,四年,https://static-data.gaokao.cn/www/2.0/schoolspecialplan/248/2024/31.json?a=www.gaokao.cn,data/shanghai/raw/plan_api/static/2024/248.json,1
2024,综合,248,浙江海洋大学,149508,01,物理、化学(2科必选),100701,药学,2,5500,四年,https://static-data.gaokao.cn/www/2.0/schoolspecialplan/248/2024/31.json?a=www.gaokao.cn,data/shanghai/raw/plan_api/static/2024/248.json,1
2024,综合,248,浙江海洋大学,149508,01,物理、化学(2科必选),080501,能源与动力工程,2,5500,四年,https://static-data.gaokao.cn/www/2.0/schoolspecialplan/248/2024/31.json?a=www.gaokao.cn,data/shanghai/raw/plan_api/static/2024/248.json,1
2024,综合,248,浙江海洋大学,149508,01,物理、化学(2科必选),080910T,数据科学与大数据技术,2,5500,四年,https://static-data.gaokao.cn/www/2.0/schoolspecialplan/248/2024/31.json?a=www.gaokao.cn,data/shanghai/raw/plan_api/static/2024/248.json,1
2024,综合,248,浙江海洋大学,149508,01,物理、化学(2科必选),080803T,机器人工程,2,5500,四年,https://static-data.gaokao.cn/www/2.0/schoolspecialplan/248/2024/31.json?a=www.gaokao.cn,data/shanghai/raw/plan_api/static/2024/248.json,1
2024,综合,249,浙江农林大学,149507,01,物理、化学(2科必选),071202,应用统计学,1,5300,四年,https://static-data.gaokao.cn/www/2.0/schoolspecialplan/249/2024/31.json?a=www.gaokao.cn,data/shanghai/raw/plan_api/static/2024/249.json,1
2024,综合,249,浙江农林大学,149507,01,物理、化学(2科必选),090301,动物科学,1,5500,四年,https://static-data.gaokao.cn/www/2.0/schoolspecialplan/249/2024/31.json?a=www.gaokao.cn,data/shanghai/raw/plan_api/static/2024/249.json,1
2024,综合,249,浙江农林大学,149507,01,物理、化学(2科必选),082701,食品科学与工程,1,6000,四年,https://static-data.gaokao.cn/www/2.0/schoolspecialplan/249/2024/31.json?a=www.gaokao.cn,data/shanghai/raw/plan_api/static/2024/249.json,1
2024,综合,249,浙江农林大学,149507,01,物理、化学(2科必选),070302,应用化学,1,5300,四年,https://static-data.gaokao.cn/www/2.0/schoolspecialplan/249/2024/31.json?a=www.gaokao.cn,data/shanghai/raw/plan_api/static/2024/249.json,1
2024,综合,249,浙江农林大学,149507,01,物理、化学(2科必选),082702,食品质量与安全,1,6000,四年,https://static-data.gaokao.cn/www/2.0/schoolspecialplan/249/2024/31.json?a=www.gaokao.cn,data/shanghai/raw/plan_api/static/2024/249.json,1
2024,综合,249,浙江农林大学,149507,01,物理、化学(2科必选),090401,动物医学,1,5500,五年,https://static-data.gaokao.cn/www/2.0/schoolspecialplan/249/2024/31.json?a=www.gaokao.cn,data/shanghai/raw/plan_api/static/2024/249.json,1
2024,综合,249,浙江农林大学,149507,01,物理、化学(2科必选),080407,高分子材料与工程,1,6000,四年,https://static-data.gaokao.cn/www/2.0/schoolspecialplan/249/2024/31.json?a=www.gaokao.cn,data/shanghai/raw/plan_api/static/2024/249.json,1
2024,综合,249,浙江农林大学,149507,01,物理、化学(2科必选),083002T,生物制药,1,6000,四年,https://static-data.gaokao.cn/www/2.0/schoolspecialplan/249/2024/31.json?a=www.gaokao.cn,data/shanghai/raw/plan_api/static/2024/249.json,1
2024,综合,249,浙江农林大学,149507,01,物理、化学(2科必选),082501,环境科学与工程,1,6000,四年,https://static-data.gaokao.cn/www/2.0/schoolspecialplan/249/2024/31.json?a=www.gaokao.cn,data/shanghai/raw/plan_api/static/2024/249.json,1
2024,综合,249,浙江农林大学,148992,02,不限,082803,风景园林,2,6900,四年,https://static-data.gaokao.cn/www/2.0/schoolspecialplan/249/2024/31.json?a=www.gaokao.cn,data/shanghai/raw/plan_api/static/2024/249.json,1
2024,综合,249,浙江农林大学,148992,02,不限,120210,文化产业管理,2,5300,四年,https://static-data.gaokao.cn/www/2.0/schoolspecialplan/249/2024/31.json?a=www.gaokao.cn,data/shanghai/raw/plan_api/static/2024/249.json,1
2024,综合,249,浙江农林大学,148992,02,不限,020401,国际经济与贸易,1,5300,四年,https://static-data.gaokao.cn/www/2.0/schoolspecialplan/249/2024/31.json?a=www.gaokao.cn,data/shanghai/raw/plan_api/static/2024/249.json,1
2024,综合,249,浙江农林大学,148992,02,不限,082802,城乡规划,1,6000,五年,https://static-data.gaokao.cn/www/2.0/schoolspecialplan/249/2024/31.json?a=www.gaokao.cn,data/shanghai/raw/plan_api/static/2024/249.json,1
2024,综合,250,浙江中医药大学,149491,01,物理、化学(2科必选),100501K,中医学,1,6900,五年,https://static-data.gaokao.cn/www/2.0/schoolspecialplan/250/2024/31.json?a=www.gaokao.cn,data/shanghai/raw/plan_api/static/2024/250.json,1
2024,综合,250,浙江中医药大学,149491,01,物理、化学(2科必选),100601K,中西医临床医学,1,6000,五年,https://static-data.gaokao.cn/www/2.0/schoolspecialplan/250/2024/31.json?a=www.gaokao.cn,data/shanghai/raw/plan_api/static/2024/250.json,1
2024,综合,250,浙江中医药大学,148980,02,物理、化学(2科必选),100201K,临床医学,2,6900,五年,https://static-data.gaokao.cn/www/2.0/schoolspecialplan/250/2024/31.json?a=www.gaokao.cn,data/shanghai/raw/plan_api/static/2024/250.json,1
2024,综合,250,浙江中医药大学,148452,07,化学必选,101101K,护理学,2,6000,四年,https://static-data.gaokao.cn/www/2.0/schoolspecialplan/250/2024/31.json?a=www.gaokao.cn,data/shanghai/raw/plan_api/static/2024/250.json,1
2024,综合,250,浙江中医药大学,148535,04,物理、化学(2科必选),100701,药学,2,6000,四年,https://static-data.gaokao.cn/www/2.0/schoolspecialplan/250/2024/31.json?a=www.gaokao.cn,data/shanghai/raw/plan_api/static/2024/250.json,1
2024,综合,250,浙江中医药大学,148459,06,物理、化学(2科必选),071001,生物科学,2,5300,四年,https://static-data.gaokao.cn/www/2.0/schoolspecialplan/250/2024/31.json?a=www.gaokao.cn,data/shanghai/raw/plan_api/static/2024/250.json,1
2024,综合,250,浙江中医药大学,148678,03,物理、化学(2科必选),101008T,听力与言语康复学,2,6000,四年,https://static-data.gaokao.cn/www/2.0/schoolspecialplan/250/2024/31.json?a=www.gaokao.cn,data/shanghai/raw/plan_api/static/2024/250.json,1
2024,综合,250,浙江中医药大学,148447,08,不限,120410T,健康服务与管理,2,5300,四年,https://static-data.gaokao.cn/www/2.0/schoolspecialplan/250/2024/31.json?a=www.gaokao.cn,data/shanghai/raw/plan_api/static/2024/250.json,1
2024,综合,250,浙江中医药大学,148479,05,物理、化学(2科必选),080901,计算机科学与技术,1,6000,四年,https://static-data.gaokao.cn/www/2.0/schoolspecialplan/250/2024/31.json?a=www.gaokao.cn,data/shanghai/raw/plan_api/static/2024/250.json,1
2024,综合,250,浙江中医药大学,148678,03,物理、化学(2科必选),101005,康复治疗学,1,6000,四年,https://static-data.gaokao.cn/www/2.0/schoolspecialplan/250/2024/31.json?a=www.gaokao.cn,data/shanghai/raw/plan_api/static/2024/250.json,1
2024,综合,250,浙江中医药大学,148535,04,物理、化学(2科必选),100801,中药学,1,6000,四年,https://static-data.gaokao.cn/www/2.0/schoolspecialplan/250/2024/31.json?a=www.gaokao.cn,data/shanghai/raw/plan_api/static/2024/250.json,1
2024,综合,250,浙江中医药大学,148459,06,物理、化学(2科必选),101002,医学实验技术,1,6000,四年,https://static-data.gaokao.cn/www/2.0/schoolspecialplan/250/2024/31.json?a=www.gaokao.cn,data/shanghai/raw/plan_api/static/2024/250.json,1
2024,综合,250,浙江中医药大学,148535,04,物理、化学(2科必选),100402,食品卫生与营养学,1,6000,四年,https://static-data.gaokao.cn/www/2.0/schoolspecialplan/250/2024/31.json?a=www.gaokao.cn,data/shanghai/raw/plan_api/static/2024/250.json,1
2024,综合,251,温州医科大学,149506,01,物理、化学(2科必选),100204TK,眼视光医学,3,6900,五年,https://static-data.gaokao.cn/www/2.0/schoolspecialplan/251/2024/31.json?a=www.gaokao.cn,data/shanghai/raw/plan_api/static/2024/251.json,1
2024,综合,251,温州医科大学,149506,01,物理、化学(2科必选),100201K,临床医学,1,6900,五年,https://static-data.gaokao.cn/www/2.0/schoolspecialplan/251/2024/31.json?a=www.gaokao.cn,data/shanghai/raw/plan_api/static/2024/251.json,1
2024,综合,251,温州医科大学,149506,01,物理、化学(2科必选),100207TK,儿科学,3,6900,五年,https://static-data.gaokao.cn/www/2.0/schoolspecialplan/251/2024/31.json?a=www.gaokao.cn,data/shanghai/raw/plan_api/static/2024/251.json,1
2024,综合,251,温州医科大学,149506,01,物理、化学(2科必选),100101K,基础医学,3,6000,五年,https://static-data.gaokao.cn/www/2.0/schoolspecialplan/251/2024/31.json?a=www.gaokao.cn,data/shanghai/raw/plan_api/static/2024/251.json,1
2024,综合,251,温州医科大学,149506,01,物理、化学(2科必选),100301K,口腔医学,2,6900,五年,https://static-data.gaokao.cn/www/2.0/schoolspecialplan/251/2024/31.json?a=www.gaokao.cn,data/shanghai/raw/plan_api/static/2024/251.json,1
2024,综合,251,温州医科大学,149506,01,物理、化学(2科必选),100205TK,精神医学,2,6000,五年,https://static-data.gaokao.cn/www/2.0/schoolspecialplan/251/2024/31.json?a=www.gaokao.cn,data/shanghai/raw/plan_api/static/2024/251.json,1
2024,综合,251,温州医科大学,148991,02,物理、化学(2科必选),100201K,临床医学,3,75000,五年,https://static-data.gaokao.cn/www/2.0/schoolspecialplan/251/2024/31.json?a=www.gaokao.cn,data/shanghai/raw/plan_api/static/2024/251.json,1
2024,综合,252,杭州师范大学,149504,01,物理、化学(2科必选),080910T,数据科学与大数据技术,3,5300,四年,https://static-data.gaokao.cn/www/2.0/schoolspecialplan/252/2024/31.json?a=www.gaokao.cn,data/shanghai/raw/plan_api/static/2024/252.json,1
2024,综合,252,杭州师范大学,149504,01,物理、化学(2科必选),071201,统计学,2,5300,四年,https://static-data.gaokao.cn/www/2.0/schoolspecialplan/252/2024/31.json?a=www.gaokao.cn,data/shanghai/raw/plan_api/static/2024/252.json,1
2024,综合,252,杭州师范大学,148989,02,物理必选,120801,电子商务,4,5300,四年,https://static-data.gaokao.cn/www/2.0/schoolspecialplan/252/2024/31.json?a=www.gaokao.cn,data/shanghai/raw/plan_api/static/2024/252.json,1
2024,综合,252,杭州师范大学,148684,03,不限,120205,国际商务,4,5300,四年,https://static-data.gaokao.cn/www/2.0/schoolspecialplan/252/2024/31.json?a=www.gaokao.cn,data/shanghai/raw/plan_api/static/2024/252.json,1
2024,综合,252,杭州师范大学,148989,02,物理必选,120108T,大数据管理与应用,4,5300,四年,https://static-data.gaokao.cn/www/2.0/schoolspecialplan/252/2024/31.json?a=www.gaokao.cn,data/shanghai/raw/plan_api/static/2024/252.json,1
2024,综合,252,杭州师范大学,148684,03,不限,020101,经济学,3,5300,四年,https://static-data.gaokao.cn/www/2.0/schoolspecialplan/252/2024/31.json?a=www.gaokao.cn,data/shanghai/raw/plan_api/static/2024/252.json,1
2024,综合,252,杭州师范大学,148989,02,物理必选,020302,金融工程,3,5300,四年,https://static-data.gaokao.cn/www/2.0/schoolspecialplan/252/2024/31.json?a=www.gaokao.cn,data/shanghai/raw/plan_api/static/2024/252.json,1
2024,综合,252,杭州师范大学,148684,03,不限,030101K,法学,2,5300,四年,https://static-data.gaokao.cn/www/2.0/schoolspecialplan/252/2024/31.json?a=www.gaokao.cn,data/shanghai/raw/plan_api/static/2024/252.json,1
2024,综合,252,杭州师范大学,148684,03,不限,030302,社会工作,2,5300,四年,https://static-data.gaokao.cn/www/2.0/schoolspecialplan/252/2024/31.json?a=www.gaokao.cn,data/shanghai/raw/plan_api/static/2024/252.json,1
2024,综合,252,杭州师范大学,148989,02,物理必选,040104,教育技术学,2,5300,四年,https://static-data.gaokao.cn/www/2.0/schoolspecialplan/252/2024/31.json?a=www.gaokao.cn,data/shanghai/raw/plan_api/static/2024/252.json,1
2024,综合,252,杭州师范大学,148684,03,不限,120401,公共事业管理,2,5300,四年,https://static-data.gaokao.cn/www/2.0/schoolspecialplan/252/2024/31.json?a=www.gaokao.cn,data/shanghai/raw/plan_api/static/2024/252.json,1
2024,综合,252,杭州师范大学,148684,03,不限,050207,日语,2,5300,四年,https://static-data.gaokao.cn/www/2.0/schoolspecialplan/252/2024/31.json?a=www.gaokao.cn,data/shanghai/raw/plan_api/static/2024/252.json,1
2024,综合,252,杭州师范大学,148684,03,不限,030102T,知识产权,2,5300,四年,https://static-data.gaokao.cn/www/2.0/schoolspecialplan/252/2024/31.json?a=www.gaokao.cn,data/shanghai/raw/plan_api/static/2024/252.json,1
2024,综合,252,杭州师范大学,148684,03,不限,120410T,健康服务与管理,2,5300,四年,https://static-data.gaokao.cn/www/2.0/schoolspecialplan/252/2024/31.json?a=www.gaokao.cn,data/shanghai/raw/plan_api/static/2024/252.json,1
2024,综合,252,杭州师范大学,148684,03,不限,120402,行政管理,2,5300,四年,https://static-data.gaokao.cn/www/2.0/schoolspecialplan/252/2024/31.json?a=www.gaokao.cn,data/shanghai/raw/plan_api/static/2024/252.json,1
2024,综合,252,杭州师范大学,148989,02,物理必选,020109T,数字经济,2,5300,四年,https://static-data.gaokao.cn/www/2.0/schoolspecialplan/252/2024/31.json?a=www.gaokao.cn,data/shanghai/raw/plan_api/static/2024/252.json,1
2024,综合,253,湖州师范大学,149503,01,物理、化学(2科必选),080701,电子信息工程,6,5500,四年,https://static-data.gaokao.cn/www/2.0/schoolspecialplan/253/2024/31.json?a=www.gaokao.cn,data/shanghai/raw/plan_api/static/2024/253.json,1
2024,综合,253,湖州师范大学,149503,01,物理、化学(2科必选),080901,计算机科学与技术,4,5500,四年,https://static-data.gaokao.cn/www/2.0/schoolspecialplan/253/2024/31.json?a=www.gaokao.cn,data/shanghai/raw/plan_api/static/2024/253.json,1
2024,综合,253,湖州师范大学,149503,01,物理、化学(2科必选),080910T,数据科学与大数据技术,4,5500,四年,https://static-data.gaokao.cn/www/2.0/schoolspecialplan/253/2024/31.json?a=www.gaokao.cn,data/shanghai/raw/plan_api/static/2024/253.json,1
2024,综合,253,湖州师范大学,149503,01,物理、化学(2科必选),083001,生物工程,3,5500,四年,https://static-data.gaokao.cn/www/2.0/schoolspecialplan/253/2024/31.json?a=www.gaokao.cn,data/shanghai/raw/plan_api/static/2024/253.json,1
2024,综合,253,湖州师范大学,149503,01,物理、化学(2科必选),081302,制药工程,3,5500,四年,https://static-data.gaokao.cn/www/2.0/schoolspecialplan/253/2024/31.json?a=www.gaokao.cn,data/shanghai/raw/plan_api/static/2024/253.json,1
2024,综合,253,湖州师范大学,148537,04,化学必选,101101K,护理学,6,6300,四年,https://static-data.gaokao.cn/www/2.0/schoolspecialplan/253/2024/31.json?a=www.gaokao.cn,data/shanghai/raw/plan_api/static/2024/253.json,1
2024,综合,253,湖州师范大学,148683,03,物理必选,082801,建筑学,4,5500,五年,https://static-data.gaokao.cn/www/2.0/schoolspecialplan/253/2024/31.json?a=www.gaokao.cn,data/shanghai/raw/plan_api/static/2024/253.json,1
2024,综合,253,湖州师范大学,148481,05,不限,120801,电子商务,4,4800,四年,https://static-data.gaokao.cn/www/2.0/schoolspecialplan/253/2024/31.json?a=www.gaokao.cn,data/shanghai/raw/plan_api/static/2024/253.json,1
2024,综合,253,湖州师范大学,148481,05,不限,030102T,知识产权,3,4800,四年,https://static-data.gaokao.cn/www/2.0/schoolspecialplan/253/2024/31.json?a=www.gaokao.cn,data/shanghai/raw/plan_api/static/2024/253.json,1
2024,综合,253,湖州师范大学,148683,03,物理必选,020302,金融工程,3,4800,四年,https://static-data.gaokao.cn/www/2.0/schoolspecialplan/253/2024/31.json?a=www.gaokao.cn,data/shanghai/raw/plan_api/static/2024/253.json,1
2024,综合,253,湖州师范大学,148481,05,不限,040107,小学教育,2,5500,四年,https://static-data.gaokao.cn/www/2.0/schoolspecialplan/253/2024/31.json?a=www.gaokao.cn,data/shanghai/raw/plan_api/static/2024/253.json,1
2024,综合,253,湖州师范大学,148481,05,不限,050301,新闻学,2,4800,四年,https://static-data.gaokao.cn/www/2.0/schoolspecialplan/253/2024/31.json?a=www.gaokao.cn,data/shanghai/raw/plan_api/static/2024/253.json,1
2024,综合,253,湖州师范大学,148988,02,物理、化学(2科必选),100301K,口腔医学,2,6300,五年,https://static-data.gaokao.cn/www/2.0/schoolspecialplan/253/2024/31.json?a=www.gaokao.cn,data/shanghai/raw/plan_api/static/2024/253.json,1
2024,综合,253,湖州师范大学,148481,05,不限,120204,财务管理,2,4800,四年,https://static-data.gaokao.cn/www/2.0/schoolspecialplan/253/2024/31.json?a=www.gaokao.cn,data/shanghai/raw/plan_api/static/2024/253.json,1
2024,综合,253,湖州师范大学,148481,05,不限,050201,英语,2,4800,四年,https://static-data.gaokao.cn/www/2.0/schoolspecialplan/253/2024/31.json?a=www.gaokao.cn,data/shanghai/raw/plan_api/static/2024/253.json,1
2024,综合,253,湖州师范大学,148481,05,不限,040106,学前教育,2,5500,四年,https://static-data.gaokao.cn/www/2.0/schoolspecialplan/253/2024/31.json?a=www.gaokao.cn,data/shanghai/raw/plan_api/static/2024/253.json,1
2024,综合,253,湖州师范大学,148988,02,物理、化学(2科必选),100201K,临床医学,2,6300,五年,https://static-data.gaokao.cn/www/2.0/schoolspecialplan/253/2024/31.json?a=www.gaokao.cn,data/shanghai/raw/plan_api/static/2024/253.json,1
2024,综合,253,湖州师范大学,148481,05,不限,050202,俄语,2,4800,四年,https://static-data.gaokao.cn/www/2.0/schoolspecialplan/253/2024/31.json?a=www.gaokao.cn,data/shanghai/raw/plan_api/static/2024/253.json,1
2024,综合,256,温州大学,149490,01,物理必选,020302,金融工程,2,5520,四年,https://static-data.gaokao.cn/www/2.0/schoolspecialplan/256/2024/31.json?a=www.gaokao.cn,data/shanghai/raw/plan_api/static/2024/256.json,1
2024,综合,256,温州大学,148677,03,不限,050261,翻译,3,4800,四年,https://static-data.gaokao.cn/www/2.0/schoolspecialplan/256/2024/31.json?a=www.gaokao.cn,data/shanghai/raw/plan_api/static/2024/256.json,1
2024,综合,256,温州大学,148677,03,不限,020401,国际经济与贸易,2,4800,四年,https://static-data.gaokao.cn/www/2.0/schoolspecialplan/256/2024/31.json?a=www.gaokao.cn,data/shanghai/raw/plan_api/static/2024/256.json,1
2024,综合,256,温州大学,148677,03,不限,030101K,法学,2,4800,四年,https://static-data.gaokao.cn/www/2.0/schoolspecialplan/256/2024/31.json?a=www.gaokao.cn,data/shanghai/raw/plan_api/static/2024/256.json,1
2024,综合,256,温州大学,148677,03,不限,120201K,工商管理,2,4800,四年,https://static-data.gaokao.cn/www/2.0/schoolspecialplan/256/2024/31.json?a=www.gaokao.cn,data/shanghai/raw/plan_api/static/2024/256.json,1
2024,综合,256,温州大学,148677,03,不限,050303,广告学,2,4800,四年,https://static-data.gaokao.cn/www/2.0/schoolspecialplan/256/2024/31.json?a=www.gaokao.cn,data/shanghai/raw/plan_api/static/2024/256.json,1
2024,综合,256,温州大学,148677,03,不限,082801,建筑学,2,5500,五年,https://static-data.gaokao.cn/www/2.0/schoolspecialplan/256/2024/31.json?a=www.gaokao.cn,data/shanghai/raw/plan_api/static/2024/256.json,1
2024,综合,256,温州大学,148677,03,不限,120204,财务管理,2,4800,四年,https://static-data.gaokao.cn/www/2.0/schoolspecialplan/256/2024/31.json?a=www.gaokao.cn,data/shanghai/raw/plan_api/static/2024/256.json,1
2024,综合,256,温州大学,148979,02,思想政治必选,030503,思想政治教育,2,4800,四年,https://static-data.gaokao.cn/www/2.0/schoolspecialplan/256/2024/31.json?a=www.gaokao.cn,data/shanghai/raw/plan_api/static/2024/256.json,1
2024,综合,256,温州大学,148677,03,不限,040106,学前教育,2,4800,四年,https://static-data.gaokao.cn/www/2.0/schoolspecialplan/256/2024/31.json?a=www.gaokao.cn,data/shanghai/raw/plan_api/static/2024/256.json,1
2024,综合,256,温州大学,148677,03,不限,050101,汉语言文学,2,4800,四年,https://static-data.gaokao.cn/www/2.0/schoolspecialplan/256/2024/31.json?a=www.gaokao.cn,data/shanghai/raw/plan_api/static/2024/256.json,1
2024,综合,256,温州大学,148677,03,不限,050207,日语,2,4800,四年,https://static-data.gaokao.cn/www/2.0/schoolspecialplan/256/2024/31.json?a=www.gaokao.cn,data/shanghai/raw/plan_api/static/2024/256.json,1
2024,综合,257,天津职师,149502,01,物理、化学(2科必选),0827,食品科学与工程类,4,6000,四年,https://static-data.gaokao.cn/www/2.0/schoolspecialplan/257/2024/31.json?a=www.gaokao.cn,data/shanghai/raw/plan_api/static/2024/257.json,1
2024,综合,257,天津职师,149502,01,物理、化学(2科必选),0807,电子信息类,3,6000,四年,https://static-data.gaokao.cn/www/2.0/schoolspecialplan/257/2024/31.json?a=www.gaokao.cn,data/shanghai/raw/plan_api/static/2024/257.json,1
2024,综合,257,天津职师,149502,01,物理、化学(2科必选),0809,计算机类,3,6000,四年,https://static-data.gaokao.cn/www/2.0/schoolspecialplan/257/2024/31.json?a=www.gaokao.cn,data/shanghai/raw/plan_api/static/2024/257.json,1
2024,综合,257,天津职师,148987,02,不限,1209,旅游管理类,6,5300,四年,https://static-data.gaokao.cn/www/2.0/schoolspecialplan/257/2024/31.json?a=www.gaokao.cn,data/shanghai/raw/plan_api/static/2024/257.json,1
2024,综合,257,天津职师,148987,02,不限,0301,法学类,4,6095,四年,https://static-data.gaokao.cn/www/2.0/schoolspecialplan/257/2024/31.json?a=www.gaokao.cn,data/shanghai/raw/plan_api/static/2024/257.json,1
2024,综合,257,天津职师,148987,02,不限,050206,阿拉伯语,3,5300,四年,https://static-data.gaokao.cn/www/2.0/schoolspecialplan/257/2024/31.json?a=www.gaokao.cn,data/shanghai/raw/plan_api/static/2024/257.json,1
2024,综合,257,天津职师,148987,02,不限,0503,新闻传播学类,3,5300,四年,https://static-data.gaokao.cn/www/2.0/schoolspecialplan/257/2024/31.json?a=www.gaokao.cn,data/shanghai/raw/plan_api/static/2024/257.json,1
2024,综合,257,天津职师,148987,02,不限,050101,汉语言文学,2,5300,四年,https://static-data.gaokao.cn/www/2.0/schoolspecialplan/257/2024/31.json?a=www.gaokao.cn,data/shanghai/raw/plan_api/static/2024/257.json,1
2024,综合,257,天津职师,148987,02,不限,050204,法语,2,5300,四年,https://static-data.gaokao.cn/www/2.0/schoolspecialplan/257/2024/31.json?a=www.gaokao.cn,data/shanghai/raw/plan_api/static/2024/257.json,1
2024,综合,262,津医临床,149627,01,物理、化学(2科必选),080601,电气工程及其自动化,1,5520,四年,https://static-data.gaokao.cn/www/2.0/schoolspecialplan/262/2024/31.json?a=www.gaokao.cn,data/shanghai/raw/plan_api/static/2024/262.json,1
2024,综合,262,津医临床,149627,01,物理、化学(2科必选),080901,计算机科学与技术,1,5520,四年,https://static-data.gaokao.cn/www/2.0/schoolspecialplan/262/2024/31.json?a=www.gaokao.cn,data/shanghai/raw/plan_api/static/2024/262.json,1
2024,综合,262,津医临床,149077,02,不限,060101,历史学,1,5175,四年,https://static-data.gaokao.cn/www/2.0/schoolspecialplan/262/2024/31.json?a=www.gaokao.cn,data/shanghai/raw/plan_api/static/2024/262.json,1
2024,综合,262,津医临床,149077,02,不限,050101,汉语言文学,1,5175,四年,https://static-data.gaokao.cn/www/2.0/schoolspecialplan/262/2024/31.json?a=www.gaokao.cn,data/shanghai/raw/plan_api/static/2024/262.json,1
2024,综合,263,津理中环,149262,01,物理、化学(2科必选),083001,生物工程,4,6240,四年,https://static-data.gaokao.cn/www/2.0/schoolspecialplan/263/2024/31.json?a=www.gaokao.cn,data/shanghai/raw/plan_api/static/2024/263.json,1
2024,综合,263,津理中环,149262,01,物理、化学(2科必选),0809,计算机类,3,6240,四年,https://static-data.gaokao.cn/www/2.0/schoolspecialplan/263/2024/31.json?a=www.gaokao.cn,data/shanghai/raw/plan_api/static/2024/263.json,1
2024,综合,263,津理中环,148605,03,不限,0501,中国语言文学类,8,5760,四年,https://static-data.gaokao.cn/www/2.0/schoolspecialplan/263/2024/31.json?a=www.gaokao.cn,data/shanghai/raw/plan_api/static/2024/263.json,1
2024,综合,263,津理中环,148605,03,不限,050207,日语,7,5760,四年,https://static-data.gaokao.cn/www/2.0/schoolspecialplan/263/2024/31.json?a=www.gaokao.cn,data/shanghai/raw/plan_api/static/2024/263.json,1
2024,综合,263,津理中环,148829,02,物理必选,120102,信息管理与信息系统,3,5760,四年,https://static-data.gaokao.cn/www/2.0/schoolspecialplan/263/2024/31.json?a=www.gaokao.cn,data/shanghai/raw/plan_api/static/2024/263.json,1
2024,综合,263,津理中环,148829,02,物理必选,120103,工程管理,3,5760,四年,https://static-data.gaokao.cn/www/2.0/schoolspecialplan/263/2024/31.json?a=www.gaokao.cn,data/shanghai/raw/plan_api/static/2024/263.json,1
2024,综合,264,京科天津,149252,01,物理、化学(2科必选),100501K,中医学,2,6960,九年,https://static-data.gaokao.cn/www/2.0/schoolspecialplan/264/2024/31.json?a=www.gaokao.cn,data/shanghai/raw/plan_api/static/2024/264.json,1
2024,综合,264,京科天津,149252,01,物理、化学(2科必选),100502K,针灸推拿学,2,6960,五年,https://static-data.gaokao.cn/www/2.0/schoolspecialplan/264/2024/31.json?a=www.gaokao.cn,data/shanghai/raw/plan_api/static/2024/264.json,1
2024,综合,265,津财珠江,149253,01,历史、思想政治(2科必选),050101,汉语言文学,2,5760,四年,https://static-data.gaokao.cn/www/2.0/schoolspecialplan/265/2024/31.json?a=www.gaokao.cn,data/shanghai/raw/plan_api/static/2024/265.json,1
2024,综合,265,津财珠江,148826,02,不限,040107,小学教育,2,5760,四年,https://static-data.gaokao.cn/www/2.0/schoolspecialplan/265/2024/31.json?a=www.gaokao.cn,data/shanghai/raw/plan_api/static/2024/265.json,1
2024,综合,265,津财珠江,148826,02,不限,050201,英语,2,5760,四年,https://static-data.gaokao.cn/www/2.0/schoolspecialplan/265/2024/31.json?a=www.gaokao.cn,data/shanghai/raw/plan_api/static/2024/265.json,1
2024,综合,266,西华师范大学,149258,01,物理、化学(2科必选),080701,电子信息工程,4,5980,四年,https://static-data.gaokao.cn/www/2.0/schoolspecialplan/266/2024/31.json?a=www.gaokao.cn,data/shanghai/raw/plan_api/static/2024/266.json,1
2024,综合,268,西南石油大学,149264,01,物理、化学(2科必选),081502,石油工程,2,6240,四年,https://static-data.gaokao.cn/www/2.0/schoolspecialplan/268/2024/31.json?a=www.gaokao.cn,data/shanghai/raw/plan_api/static/2024/268.json,1
2024,综合,268,西南石油大学,149264,01,物理、化学(2科必选),081504,油气储运工程,2,6240,四年,https://static-data.gaokao.cn/www/2.0/schoolspecialplan/268/2024/31.json?a=www.gaokao.cn,data/shanghai/raw/plan_api/static/2024/268.json,1
2024,综合,268,西南石油大学,148606,03,不限,020401,国际经济与贸易,2,5760,四年,https://static-data.gaokao.cn/www/2.0/schoolspecialplan/268/2024/31.json?a=www.gaokao.cn,data/shanghai/raw/plan_api/static/2024/268.json,1
2024,综合,268,西南石油大学,148606,03,不限,020101,经济学,2,5760,四年,https://static-data.gaokao.cn/www/2.0/schoolspecialplan/268/2024/31.json?a=www.gaokao.cn,data/shanghai/raw/plan_api/static/2024/268.json,1
2024,综合,268,西南石油大学,148606,03,不限,120203K,会计学,2,5760,四年,https://static-data.gaokao.cn/www/2.0/schoolspecialplan/268/2024/31.json?a=www.gaokao.cn,data/shanghai/raw/plan_api/static/2024/268.json,1
2024,综合,268,西南石油大学,148831,02,历史、思想政治(2科必选),030503,思想政治教育,2,5760,四年,https://static-data.gaokao.cn/www/2.0/schoolspecialplan/268/2024/31.json?a=www.gaokao.cn,data/shanghai/raw/plan_api/static/2024/268.json,1
2024,综合,269,天津美院,149635,01,物理、化学(2科必选),0710,生物科学类,2,5175,四年,https://static-data.gaokao.cn/www/2.0/schoolspecialplan/269/2024/31.json?a=www.gaokao.cn,data/shanghai/raw/plan_api/static/2024/269.json,1
2024,综合,269,天津美院,148549,04,不限,020401,国际经济与贸易,2,5175,四年,https://static-data.gaokao.cn/www/2.0/schoolspecialplan/269/2024/31.json?a=www.gaokao.cn,data/shanghai/raw/plan_api/static/2024/269.json,1
2024,综合,269,天津美院,149083,02,物、化、生(3科必选),090401,动物医学,2,4500,五年,https://static-data.gaokao.cn/www/2.0/schoolspecialplan/269/2024/31.json?a=www.gaokao.cn,data/shanghai/raw/plan_api/static/2024/269.json,1
2024,综合,269,天津美院,149083,02,物、化、生(3科必选),090102,园艺,2,4500,四年,https://static-data.gaokao.cn/www/2.0/schoolspecialplan/269/2024/31.json?a=www.gaokao.cn,data/shanghai/raw/plan_api/static/2024/269.json,1
2024,综合,269,天津美院,148725,03,历史、思想政治(2科必选),120402,行政管理,1,5175,四年,https://static-data.gaokao.cn/www/2.0/schoolspecialplan/269/2024/31.json?a=www.gaokao.cn,data/shanghai/raw/plan_api/static/2024/269.json,1
2024,综合,269,天津美院,149083,02,物、化、生(3科必选),090101,农学,1,4500,四年,https://static-data.gaokao.cn/www/2.0/schoolspecialplan/269/2024/31.json?a=www.gaokao.cn,data/shanghai/raw/plan_api/static/2024/269.json,1
2024,综合,271,山西医科大学,149634,01,物、化、生(3科必选),100201K,临床医学,2,5600,5,https://static-data.gaokao.cn/www/2.0/schoolspecialplan/271/2024/31.json?a=www.gaokao.cn,data/shanghai/raw/plan_api/static/2024/271.json,1
2024,综合,271,山西医科大学,149634,01,物、化、生(3科必选),100301K,口腔医学,2,5600,5,https://static-data.gaokao.cn/www/2.0/schoolspecialplan/271/2024/31.json?a=www.gaokao.cn,data/shanghai/raw/plan_api/static/2024/271.json,1
2024,综合,271,山西医科大学,149634,01,物、化、生(3科必选),100401K,预防医学,2,5600,5,https://static-data.gaokao.cn/www/2.0/schoolspecialplan/271/2024/31.json?a=www.gaokao.cn,data/shanghai/raw/plan_api/static/2024/271.json,1
2024,综合,271,山西医科大学,149634,01,物、化、生(3科必选),100901K,法医学,2,5600,5,https://static-data.gaokao.cn/www/2.0/schoolspecialplan/271/2024/31.json?a=www.gaokao.cn,data/shanghai/raw/plan_api/static/2024/271.json,1
2024,综合,271,山西医科大学,149634,01,物、化、生(3科必选),100101K,基础医学,2,5600,5,https://static-data.gaokao.cn/www/2.0/schoolspecialplan/271/2024/31.json?a=www.gaokao.cn,data/shanghai/raw/plan_api/static/2024/271.json,1
2024,综合,274,西南医科大学,149259,01,物理、化学(2科必选),100201K,临床医学,6,6960,五年,https://static-data.gaokao.cn/www/2.0/schoolspecialplan/274/2024/31.json?a=www.gaokao.cn,data/shanghai/raw/plan_api/static/2024/274.json,1
2024,综合,275,山西财经大学,149631,01,物理、化学(2科必选),070102,信息与计算科学,1,5000,四年,https://static-data.gaokao.cn/www/2.0/schoolspecialplan/275/2024/31.json?a=www.gaokao.cn,data/shanghai/raw/plan_api/static/2024/275.json,1
2024,综合,275,山西财经大学,149631,01,物理、化学(2科必选),071203T,数据科学,1,5000,四年,https://static-data.gaokao.cn/www/2.0/schoolspecialplan/275/2024/31.json?a=www.gaokao.cn,data/shanghai/raw/plan_api/static/2024/275.json,1
2024,综合,275,山西财经大学,149080,02,物理必选,020106T,能源经济,2,5100,四年,https://static-data.gaokao.cn/www/2.0/schoolspecialplan/275/2024/31.json?a=www.gaokao.cn,data/shanghai/raw/plan_api/static/2024/275.json,1
2024,综合,275,山西财经大学,148723,03,不限,020301K,金融学,1,5100,四年,https://static-data.gaokao.cn/www/2.0/schoolspecialplan/275/2024/31.json?a=www.gaokao.cn,data/shanghai/raw/plan_api/static/2024/275.json,1
2024,综合,275,山西财经大学,148723,03,不限,050301,新闻学,1,5000,四年,https://static-data.gaokao.cn/www/2.0/schoolspecialplan/275/2024/31.json?a=www.gaokao.cn,data/shanghai/raw/plan_api/static/2024/275.json,1
2024,综合,275,山西财经大学,148723,03,不限,120202,市场营销,1,5100,四年,https://static-data.gaokao.cn/www/2.0/schoolspecialplan/275/2024/31.json?a=www.gaokao.cn,data/shanghai/raw/plan_api/static/2024/275.json,1
2024,综合,275,山西财经大学,148723,03,不限,120204,财务管理,1,5100,四年,https://static-data.gaokao.cn/www/2.0/schoolspecialplan/275/2024/31.json?a=www.gaokao.cn,data/shanghai/raw/plan_api/static/2024/275.json,1
2024,综合,275,山西财经大学,149080,02,物理必选,120801,电子商务,1,5100,四年,https://static-data.gaokao.cn/www/2.0/schoolspecialplan/275/2024/31.json?a=www.gaokao.cn,data/shanghai/raw/plan_api/static/2024/275.json,1
2024,综合,275,山西财经大学,148723,03,不限,120210,文化产业管理,1,5100,四年,https://static-data.gaokao.cn/www/2.0/schoolspecialplan/275/2024/31.json?a=www.gaokao.cn,data/shanghai/raw/plan_api/static/2024/275.json,1
2024,综合,275,山西财经大学,148723,03,不限,020201K,财政学,1,5100,四年,https://static-data.gaokao.cn/www/2.0/schoolspecialplan/275/2024/31.json?a=www.gaokao.cn,data/shanghai/raw/plan_api/static/2024/275.json,1
2024,综合,275,山西财经大学,149080,02,物理必选,020305T,金融数学,1,5100,四年,https://static-data.gaokao.cn/www/2.0/schoolspecialplan/275/2024/31.json?a=www.gaokao.cn,data/shanghai/raw/plan_api/static/2024/275.json,1
2024,综合,275,山西财经大学,148723,03,不限,050262,商务英语,1,5000,四年,https://static-data.gaokao.cn/www/2.0/schoolspecialplan/275/2024/31.json?a=www.gaokao.cn,data/shanghai/raw/plan_api/static/2024/275.json,1
2024,综合,277,中北大学,149637,01,物理、化学(2科必选),082502,环境工程,2,5500,四年,https://static-data.gaokao.cn/www/2.0/schoolspecialplan/277/2024/31.json?a=www.gaokao.cn,data/shanghai/raw/plan_api/static/2024/277.json,1
2024,综合,277,中北大学,149637,01,物理、化学(2科必选),080301,测控技术与仪器,1,5500,四年,https://static-data.gaokao.cn/www/2.0/schoolspecialplan/277/2024/31.json?a=www.gaokao.cn,data/shanghai/raw/plan_api/static/2024/277.json,1
2024,综合,277,中北大学,149637,01,物理、化学(2科必选),080801,自动化,1,5500,四年,https://static-data.gaokao.cn/www/2.0/schoolspecialplan/277/2024/31.json?a=www.gaokao.cn,data/shanghai/raw/plan_api/static/2024/277.json,1
2024,综合,277,中北大学,149637,01,物理、化学(2科必选),082003,飞行器制造工程,1,5500,四年,https://static-data.gaokao.cn/www/2.0/schoolspecialplan/277/2024/31.json?a=www.gaokao.cn,data/shanghai/raw/plan_api/static/2024/277.json,1
2024,综合,277,中北大学,149637,01,物理、化学(2科必选),080802T,轨道交通信号与控制,1,5500,四年,https://static-data.gaokao.cn/www/2.0/schoolspecialplan/277/2024/31.json?a=www.gaokao.cn,data/shanghai/raw/plan_api/static/2024/277.json,1
2024,综合,277,中北大学,149637,01,物理、化学(2科必选),080702,电子科学与技术,1,5500,四年,https://static-data.gaokao.cn/www/2.0/schoolspecialplan/277/2024/31.json?a=www.gaokao.cn,data/shanghai/raw/plan_api/static/2024/277.json,1
2024,综合,277,中北大学,149637,01,物理、化学(2科必选),082002,飞行器设计与工程,1,5500,四年,https://static-data.gaokao.cn/www/2.0/schoolspecialplan/277/2024/31.json?a=www.gaokao.cn,data/shanghai/raw/plan_api/static/2024/277.json,1
2024,综合,277,中北大学,149637,01,物理、化学(2科必选),080905,物联网工程,1,5500,四年,https://static-data.gaokao.cn/www/2.0/schoolspecialplan/277/2024/31.json?a=www.gaokao.cn,data/shanghai/raw/plan_api/static/2024/277.json,1
2024,综合,277,中北大学,149637,01,物理、化学(2科必选),080910T,数据科学与大数据技术,1,5500,四年,https://static-data.gaokao.cn/www/2.0/schoolspecialplan/277/2024/31.json?a=www.gaokao.cn,data/shanghai/raw/plan_api/static/2024/277.json,1
2024,综合,277,中北大学,149637,01,物理、化学(2科必选),080717T,人工智能,1,5500,四年,https://static-data.gaokao.cn/www/2.0/schoolspecialplan/277/2024/31.json?a=www.gaokao.cn,data/shanghai/raw/plan_api/static/2024/277.json,1
2024,综合,277,中北大学,149637,01,物理、化学(2科必选),080216T,新能源汽车工程,1,5500,四年,https://static-data.gaokao.cn/www/2.0/schoolspecialplan/277/2024/31.json?a=www.gaokao.cn,data/shanghai/raw/plan_api/static/2024/277.json,1
2024,综合,277,中北大学,149637,01,物理、化学(2科必选),080803T,机器人工程,1,5500,四年,https://static-data.gaokao.cn/www/2.0/schoolspecialplan/277/2024/31.json?a=www.gaokao.cn,data/shanghai/raw/plan_api/static/2024/277.json,1
2024,综合,277,中北大学,149637,01,物理、化学(2科必选),080213T,智能制造工程,1,5500,四年,https://static-data.gaokao.cn/www/2.0/schoolspecialplan/277/2024/31.json?a=www.gaokao.cn,data/shanghai/raw/plan_api/static/2024/277.json,1
2024,综合,277,中北大学,149637,01,物理、化学(2科必选),080710T,集成电路设计与集成系统,1,5500,四年,https://static-data.gaokao.cn/www/2.0/schoolspecialplan/277/2024/31.json?a=www.gaokao.cn,data/shanghai/raw/plan_api/static/2024/277.json,1
2024,综合,277,中北大学,149085,02,不限,020401,国际经济与贸易,2,5100,四年,https://static-data.gaokao.cn/www/2.0/schoolspecialplan/277/2024/31.json?a=www.gaokao.cn,data/shanghai/raw/plan_api/static/2024/277.json,1
2024,综合,277,中北大学,149085,02,不限,050302,广播电视学,2,5100,四年,https://static-data.gaokao.cn/www/2.0/schoolspecialplan/277/2024/31.json?a=www.gaokao.cn,data/shanghai/raw/plan_api/static/2024/277.json,1
2024,综合,277,中北大学,149085,02,不限,050201,英语,2,5100,四年,https://static-data.gaokao.cn/www/2.0/schoolspecialplan/277/2024/31.json?a=www.gaokao.cn,data/shanghai/raw/plan_api/static/2024/277.json,1
2024,综合,278,太原科技大学,149638,01,物理、化学(2科必选),080202,机械设计制造及其自动化,1,5500,四年,https://static-data.gaokao.cn/www/2.0/schoolspecialplan/278/2024/31.json?a=www.gaokao.cn,data/shanghai/raw/plan_api/static/2024/278.json,1
2024,综合,278,太原科技大学,149638,01,物理、化学(2科必选),080601,电气工程及其自动化,1,5500,四年,https://static-data.gaokao.cn/www/2.0/schoolspecialplan/278/2024/31.json?a=www.gaokao.cn,data/shanghai/raw/plan_api/static/2024/278.json,1
2024,综合,278,太原科技大学,149638,01,物理、化学(2科必选),080701,电子信息工程,1,5500,四年,https://static-data.gaokao.cn/www/2.0/schoolspecialplan/278/2024/31.json?a=www.gaokao.cn,data/shanghai/raw/plan_api/static/2024/278.json,1
2024,综合,278,太原科技大学,149638,01,物理、化学(2科必选),080901,计算机科学与技术,1,5500,四年,https://static-data.gaokao.cn/www/2.0/schoolspecialplan/278/2024/31.json?a=www.gaokao.cn,data/shanghai/raw/plan_api/static/2024/278.json,1
2024,综合,280,忻州师范学院,149632,01,思想政治必选,030503,思想政治教育,1,4950,四年,https://static-data.gaokao.cn/www/2.0/schoolspecialplan/280/2024/31.json?a=www.gaokao.cn,data/shanghai/raw/plan_api/static/2024/280.json,1
2024,综合,280,忻州师范学院,149081,02,历史必选,050101,汉语言文学,1,4950,四年,https://static-data.gaokao.cn/www/2.0/schoolspecialplan/280/2024/31.json?a=www.gaokao.cn,data/shanghai/raw/plan_api/static/2024/280.json,1
2024,综合,280,忻州师范学院,149081,02,历史必选,060101,历史学,1,4950,四年,https://static-data.gaokao.cn/www/2.0/schoolspecialplan/280/2024/31.json?a=www.gaokao.cn,data/shanghai/raw/plan_api/static/2024/280.json,1
2024,综合,280,忻州师范学院,148724,03,地理必选,070501,地理科学,1,4950,四年,https://static-data.gaokao.cn/www/2.0/schoolspecialplan/280/2024/31.json?a=www.gaokao.cn,data/shanghai/raw/plan_api/static/2024/280.json,1
2024,综合,280,忻州师范学院,148548,04,不限,040106,学前教育,1,4950,四年,https://static-data.gaokao.cn/www/2.0/schoolspecialplan/280/2024/31.json?a=www.gaokao.cn,data/shanghai/raw/plan_api/static/2024/280.json,1
2024,综合,281,华电保定,149633,01,物、化、生(3科必选),100201K,临床医学,5,5480,五年,https://static-data.gaokao.cn/www/2.0/schoolspecialplan/281/2024/31.json?a=www.gaokao.cn,data/shanghai/raw/plan_api/static/2024/281.json,1
2024,综合,281,华电保定,149082,02,不限,050306T,网络与新媒体,6,5040,四年,https://static-data.gaokao.cn/www/2.0/schoolspecialplan/281/2024/31.json?a=www.gaokao.cn,data/shanghai/raw/plan_api/static/2024/281.json,1
2024,综合,283,汕头大学,149303,01,不限,050220,泰语,3,6230,四年,https://static-data.gaokao.cn/www/2.0/schoolspecialplan/283/2024/31.json?a=www.gaokao.cn,data/shanghai/raw/plan_api/static/2024/283.json,1
2024,综合,283,汕头大学,149303,01,不限,020301K,金融学,2,5510,四年,https://static-data.gaokao.cn/www/2.0/schoolspecialplan/283/2024/31.json?a=www.gaokao.cn,data/shanghai/raw/plan_api/static/2024/283.json,1
2024,综合,283,汕头大学,149303,01,不限,050201,英语,2,6230,四年,https://static-data.gaokao.cn/www/2.0/schoolspecialplan/283/2024/31.json?a=www.gaokao.cn,data/shanghai/raw/plan_api/static/2024/283.json,1
2024,综合,283,汕头大学,149303,01,不限,030101K,法学,2,5510,四年,https://static-data.gaokao.cn/www/2.0/schoolspecialplan/283/2024/31.json?a=www.gaokao.cn,data/shanghai/raw/plan_api/static/2024/283.json,1
2024,综合,283,汕头大学,149303,01,不限,050101,汉语言文学,2,5510,四年,https://static-data.gaokao.cn/www/2.0/schoolspecialplan/283/2024/31.json?a=www.gaokao.cn,data/shanghai/raw/plan_api/static/2024/283.json,1
2024,综合,283,汕头大学,149303,01,不限,120201K,工商管理,2,5510,四年,https://static-data.gaokao.cn/www/2.0/schoolspecialplan/283/2024/31.json?a=www.gaokao.cn,data/shanghai/raw/plan_api/static/2024/283.json,1
2024,综合,283,汕头大学,149303,01,不限,120402,行政管理,2,5510,四年,https://static-data.gaokao.cn/www/2.0/schoolspecialplan/283/2024/31.json?a=www.gaokao.cn,data/shanghai/raw/plan_api/static/2024/283.json,1
2024,综合,284,深圳大学,149307,01,物理、化学(2科必选),080701,电子信息工程,2,6853,四年,https://static-data.gaokao.cn/www/2.0/schoolspecialplan/284/2024/31.json?a=www.gaokao.cn,data/shanghai/raw/plan_api/static/2024/284.json,1
2024,综合,284,深圳大学,149307,01,物理、化学(2科必选),080901,计算机科学与技术,2,6853,四年,https://static-data.gaokao.cn/www/2.0/schoolspecialplan/284/2024/31.json?a=www.gaokao.cn,data/shanghai/raw/plan_api/static/2024/284.json,1
2024,综合,284,深圳大学,148859,02,不限,020401,国际经济与贸易,2,5510,四年,https://static-data.gaokao.cn/www/2.0/schoolspecialplan/284/2024/31.json?a=www.gaokao.cn,data/shanghai/raw/plan_api/static/2024/284.json,1
2024,综合,284,深圳大学,148859,02,不限,050303,广告学,2,5510,四年,https://static-data.gaokao.cn/www/2.0/schoolspecialplan/284/2024/31.json?a=www.gaokao.cn,data/shanghai/raw/plan_api/static/2024/284.json,1
2024,综合,284,深圳大学,148859,02,不限,082801,建筑学,1,6230,五年,https://static-data.gaokao.cn/www/2.0/schoolspecialplan/284/2024/31.json?a=www.gaokao.cn,data/shanghai/raw/plan_api/static/2024/284.json,1
2024,综合,284,深圳大学,148859,02,不限,030101K,法学,1,5510,四年,https://static-data.gaokao.cn/www/2.0/schoolspecialplan/284/2024/31.json?a=www.gaokao.cn,data/shanghai/raw/plan_api/static/2024/284.json,1
2024,综合,287,承德医学,149310,01,物理、化学(2科必选),090401,动物医学,7,5480,五年,https://static-data.gaokao.cn/www/2.0/schoolspecialplan/287/2024/31.json?a=www.gaokao.cn,data/shanghai/raw/plan_api/static/2024/287.json,1
2024,综合,287,承德医学,149310,01,物理、化学(2科必选),090103,植物保护,3,5480,四年,https://static-data.gaokao.cn/www/2.0/schoolspecialplan/287/2024/31.json?a=www.gaokao.cn,data/shanghai/raw/plan_api/static/2024/287.json,1
2024,综合,288,广东海洋大学,149316,01,物理、化学(2科必选),070701,海洋科学,1,6850,四年,https://static-data.gaokao.cn/www/2.0/schoolspecialplan/288/2024/31.json?a=www.gaokao.cn,data/shanghai/raw/plan_api/static/2024/288.json,1
2024,综合,288,广东海洋大学,149316,01,物理、化学(2科必选),070601,大气科学,1,6850,四年,https://static-data.gaokao.cn/www/2.0/schoolspecialplan/288/2024/31.json?a=www.gaokao.cn,data/shanghai/raw/plan_api/static/2024/288.json,1
2024,综合,288,广东海洋大学,148622,03,物理、化学(2科必选),080901,计算机科学与技术,2,6850,四年,https://static-data.gaokao.cn/www/2.0/schoolspecialplan/288/2024/31.json?a=www.gaokao.cn,data/shanghai/raw/plan_api/static/2024/288.json,1
2024,综合,288,广东海洋大学,148863,02,物理、化学(2科必选),080601,电气工程及其自动化,1,6850,四年,https://static-data.gaokao.cn/www/2.0/schoolspecialplan/288/2024/31.json?a=www.gaokao.cn,data/shanghai/raw/plan_api/static/2024/288.json,1
2024,综合,288,广东海洋大学,148519,04,物、化、生(3科必选),082701,食品科学与工程,1,6850,四年,https://static-data.gaokao.cn/www/2.0/schoolspecialplan/288/2024/31.json?a=www.gaokao.cn,data/shanghai/raw/plan_api/static/2024/288.json,1
2024,综合,288,广东海洋大学,148863,02,物理、化学(2科必选),080501,能源与动力工程,1,6850,四年,https://static-data.gaokao.cn/www/2.0/schoolspecialplan/288/2024/31.json?a=www.gaokao.cn,data/shanghai/raw/plan_api/static/2024/288.json,1
2024,综合,289,广州中医药大学,149315,01,物理、化学(2科必选),100501K,中医学,1,7660,五年,https://static-data.gaokao.cn/www/2.0/schoolspecialplan/289/2024/31.json?a=www.gaokao.cn,data/shanghai/raw/plan_api/static/2024/289.json,1
2024,综合,289,广州中医药大学,149315,01,物理、化学(2科必选),100701,药学,1,7660,四年,https://static-data.gaokao.cn/www/2.0/schoolspecialplan/289/2024/31.json?a=www.gaokao.cn,data/shanghai/raw/plan_api/static/2024/289.json,1
2024,综合,289,广州中医药大学,149315,01,物理、化学(2科必选),100502K,针灸推拿学,1,7660,五年,https://static-data.gaokao.cn/www/2.0/schoolspecialplan/289/2024/31.json?a=www.gaokao.cn,data/shanghai/raw/plan_api/static/2024/289.json,1
2024,综合,289,广州中医药大学,149315,01,物理、化学(2科必选),1008,中药学类,1,7660,四年,https://static-data.gaokao.cn/www/2.0/schoolspecialplan/289/2024/31.json?a=www.gaokao.cn,data/shanghai/raw/plan_api/static/2024/289.json,1
2024,综合,293,石铁四方,149300,01,物理、化学(2科必选),083002T,生物制药,2,6850,四年,https://static-data.gaokao.cn/www/2.0/schoolspecialplan/293/2024/31.json?a=www.gaokao.cn,data/shanghai/raw/plan_api/static/2024/293.json,1
2024,综合,293,石铁四方,149300,01,物理、化学(2科必选),080904K,信息安全,2,6850,四年,https://static-data.gaokao.cn/www/2.0/schoolspecialplan/293/2024/31.json?a=www.gaokao.cn,data/shanghai/raw/plan_api/static/2024/293.json,1
2024,综合,293,石铁四方,149300,01,物理、化学(2科必选),080717T,人工智能,2,6850,四年,https://static-data.gaokao.cn/www/2.0/schoolspecialplan/293/2024/31.json?a=www.gaokao.cn,data/shanghai/raw/plan_api/static/2024/293.json,1
2024,综合,293,石铁四方,149300,01,物理、化学(2科必选),081008T,智能建造,2,6850,四年,https://static-data.gaokao.cn/www/2.0/schoolspecialplan/293/2024/31.json?a=www.gaokao.cn,data/shanghai/raw/plan_api/static/2024/293.json,1
2024,综合,294,广东医科大学,149302,01,物理、化学(2科必选),100201K,临床医学,2,7656,五年,https://static-data.gaokao.cn/www/2.0/schoolspecialplan/294/2024/31.json?a=www.gaokao.cn,data/shanghai/raw/plan_api/static/2024/294.json,1
2024,综合,294,广东医科大学,148857,02,物理、化学(2科必选),100401K,预防医学,3,7656,五年,https://static-data.gaokao.cn/www/2.0/schoolspecialplan/294/2024/31.json?a=www.gaokao.cn,data/shanghai/raw/plan_api/static/2024/294.json,1
2024,综合,295,京中东方,149305,01,物理、化学(2科必选),100201K,临床医学,3,7656,五年,https://static-data.gaokao.cn/www/2.0/schoolspecialplan/295/2024/31.json?a=www.gaokao.cn,data/shanghai/raw/plan_api/static/2024/295.json,1
2024,综合,295,京中东方,149305,01,物理、化学(2科必选),100301K,口腔医学,2,7656,五年,https://static-data.gaokao.cn/www/2.0/schoolspecialplan/295/2024/31.json?a=www.gaokao.cn,data/shanghai/raw/plan_api/static/2024/295.json,1
2024,综合,295,京中东方,149305,01,物理、化学(2科必选),100101K,基础医学,1,6230,五年,https://static-data.gaokao.cn/www/2.0/schoolspecialplan/295/2024/31.json?a=www.gaokao.cn,data/shanghai/raw/plan_api/static/2024/295.json,1
2024,综合,296,广东药科大学,149314,01,物理、化学(2科必选),100401K,预防医学,4,6960,五年,https://static-data.gaokao.cn/www/2.0/schoolspecialplan/296/2024/31.json?a=www.gaokao.cn,data/shanghai/raw/plan_api/static/2024/296.json,1
2024,综合,296,广东药科大学,149314,01,物理、化学(2科必选),100702,药物制剂,3,6960,四年,https://static-data.gaokao.cn/www/2.0/schoolspecialplan/296/2024/31.json?a=www.gaokao.cn,data/shanghai/raw/plan_api/static/2024/296.json,1
2024,综合,296,广东药科大学,149314,01,物理、化学(2科必选),100701,药学,3,6960,四年,https://static-data.gaokao.cn/www/2.0/schoolspecialplan/296/2024/31.json?a=www.gaokao.cn,data/shanghai/raw/plan_api/static/2024/296.json,1
2024,综合,298,河北建工,149301,01,物理、化学(2科必选),090102,园艺,5,4150,四年,https://static-data.gaokao.cn/www/2.0/schoolspecialplan/298/2024/31.json?a=www.gaokao.cn,data/shanghai/raw/plan_api/static/2024/298.json,1
2024,综合,298,河北建工,148856,02,不限,050101,汉语言文学,5,4590,四年,https://static-data.gaokao.cn/www/2.0/schoolspecialplan/298/2024/31.json?a=www.gaokao.cn,data/shanghai/raw/plan_api/static/2024/298.json,1
2024,综合,299,中国警察,149304,01,物理、化学(2科必选),070102,信息与计算科学,3,,四年,https://static-data.gaokao.cn/www/2.0/schoolspecialplan/299/2024/31.json?a=www.gaokao.cn,data/shanghai/raw/plan_api/static/2024/299.json,1
2024,综合,299,中国警察,148518,04,不限,020401,国际经济与贸易,3,,四年,https://static-data.gaokao.cn/www/2.0/schoolspecialplan/299/2024/31.json?a=www.gaokao.cn,data/shanghai/raw/plan_api/static/2024/299.json,1
2024,综合,299,中国警察,148620,03,历史必选,050101,汉语言文学,3,,四年,https://static-data.gaokao.cn/www/2.0/schoolspecialplan/299/2024/31.json?a=www.gaokao.cn,data/shanghai/raw/plan_api/static/2024/299.json,1
2024,综合,299,中国警察,148858,02,物理必选,040104,教育技术学,3,,四年,https://static-data.gaokao.cn/www/2.0/schoolspecialplan/299/2024/31.json?a=www.gaokao.cn,data/shanghai/raw/plan_api/static/2024/299.json,1
2024,综合,307,上海理工大学,149752,01,物理、化学(2科必选),080501,能源与动力工程,20,7000,四年,https://static-data.gaokao.cn/www/2.0/schoolspecialplan/307/2024/31.json?a=www.gaokao.cn,data/shanghai/raw/plan_api/static/2024/307.json,1
2024,综合,307,上海理工大学,149752,01,物理、化学(2科必选),080705,光电信息科学与工程,18,7000,四年,https://static-data.gaokao.cn/www/2.0/schoolspecialplan/307/2024/31.json?a=www.gaokao.cn,data/shanghai/raw/plan_api/static/2024/307.json,1
2024,综合,307,上海理工大学,149752,01,物理、化学(2科必选),080202,机械设计制造及其自动化,15,7000,四年,https://static-data.gaokao.cn/www/2.0/schoolspecialplan/307/2024/31.json?a=www.gaokao.cn,data/shanghai/raw/plan_api/static/2024/307.json,1
2024,综合,307,上海理工大学,149752,01,物理、化学(2科必选),080701,电子信息工程,12,7000,四年,https://static-data.gaokao.cn/www/2.0/schoolspecialplan/307/2024/31.json?a=www.gaokao.cn,data/shanghai/raw/plan_api/static/2024/307.json,1
2024,综合,307,上海理工大学,149752,01,物理、化学(2科必选),080901,计算机科学与技术,8,7000,四年,https://static-data.gaokao.cn/www/2.0/schoolspecialplan/307/2024/31.json?a=www.gaokao.cn,data/shanghai/raw/plan_api/static/2024/307.json,1
2024,综合,307,上海理工大学,149752,01,物理、化学(2科必选),080910T,数据科学与大数据技术,7,7000,四年,https://static-data.gaokao.cn/www/2.0/schoolspecialplan/307/2024/31.json?a=www.gaokao.cn,data/shanghai/raw/plan_api/static/2024/307.json,1
2024,综合,307,上海理工大学,149752,01,物理、化学(2科必选),080803T,机器人工程,5,7000,四年,https://static-data.gaokao.cn/www/2.0/schoolspecialplan/307/2024/31.json?a=www.gaokao.cn,data/shanghai/raw/plan_api/static/2024/307.json,1
2024,综合,307,上海理工大学,149752,01,物理、化学(2科必选),080703,通信工程,5,7000,四年,https://static-data.gaokao.cn/www/2.0/schoolspecialplan/307/2024/31.json?a=www.gaokao.cn,data/shanghai/raw/plan_api/static/2024/307.json,1
2024,综合,307,上海理工大学,148773,03,物理、化学(2科必选),1376470,工科试验班,149,7000,四年,https://static-data.gaokao.cn/www/2.0/schoolspecialplan/307/2024/31.json?a=www.gaokao.cn,data/shanghai/raw/plan_api/static/2024/307.json,1
2024,综合,307,上海理工大学,148503,05,不限,1368242,经济管理试验班,46,6500,四年,https://static-data.gaokao.cn/www/2.0/schoolspecialplan/307/2024/31.json?a=www.gaokao.cn,data/shanghai/raw/plan_api/static/2024/307.json,1
2024,综合,307,上海理工大学,148503,05,不限,0503,新闻传播学类,31,6500,四年,https://static-data.gaokao.cn/www/2.0/schoolspecialplan/307/2024/31.json?a=www.gaokao.cn,data/shanghai/raw/plan_api/static/2024/307.json,1
2024,综合,307,上海理工大学,148503,05,不限,050201,英语,30,6500,四年,https://static-data.gaokao.cn/www/2.0/schoolspecialplan/307/2024/31.json?a=www.gaokao.cn,data/shanghai/raw/plan_api/static/2024/307.json,1
2024,综合,307,上海理工大学,148773,03,物理、化学(2科必选),1368240,理科试验班,25,7000,四年,https://static-data.gaokao.cn/www/2.0/schoolspecialplan/307/2024/31.json?a=www.gaokao.cn,data/shanghai/raw/plan_api/static/2024/307.json,1
2024,综合,307,上海理工大学,148773,03,物理、化学(2科必选),080601,电气工程及其自动化,23,21000,四年,https://static-data.gaokao.cn/www/2.0/schoolspecialplan/307/2024/31.json?a=www.gaokao.cn,data/shanghai/raw/plan_api/static/2024/307.json,1
2024,综合,307,上海理工大学,148773,03,物理、化学(2科必选),080202,机械设计制造及其自动化,5,21000,四年,https://static-data.gaokao.cn/www/2.0/schoolspecialplan/307/2024/31.json?a=www.gaokao.cn,data/shanghai/raw/plan_api/static/2024/307.json,1
2024,综合,307,上海理工大学,149170,02,不限,020301K,金融学,20,6500,四年,https://static-data.gaokao.cn/www/2.0/schoolspecialplan/307/2024/31.json?a=www.gaokao.cn,data/shanghai/raw/plan_api/static/2024/307.json,1
2024,综合,307,上海理工大学,149170,02,不限,120203K,会计学,20,6500,四年,https://static-data.gaokao.cn/www/2.0/schoolspecialplan/307/2024/31.json?a=www.gaokao.cn,data/shanghai/raw/plan_api/static/2024/307.json,1
2024,综合,307,上海理工大学,148773,03,物理、化学(2科必选),080714T,电子信息科学与技术,19,30000,四年,https://static-data.gaokao.cn/www/2.0/schoolspecialplan/307/2024/31.json?a=www.gaokao.cn,data/shanghai/raw/plan_api/static/2024/307.json,1
2024,综合,307,上海理工大学,148503,05,不限,120201K,工商管理,15,25000,四年,https://static-data.gaokao.cn/www/2.0/schoolspecialplan/307/2024/31.json?a=www.gaokao.cn,data/shanghai/raw/plan_api/static/2024/307.json,1
2024,综合,307,上海理工大学,148773,03,物理、化学(2科必选),080705,光电信息科学与工程,15,21000,四年,https://static-data.gaokao.cn/www/2.0/schoolspecialplan/307/2024/31.json?a=www.gaokao.cn,data/shanghai/raw/plan_api/static/2024/307.json,1
2024,综合,307,上海理工大学,148503,05,不限,120903,会展经济与管理,15,25000,四年,https://static-data.gaokao.cn/www/2.0/schoolspecialplan/307/2024/31.json?a=www.gaokao.cn,data/shanghai/raw/plan_api/static/2024/307.json,1
2024,综合,307,上海理工大学,148503,05,不限,020401,国际经济与贸易,14,19500,四年,https://static-data.gaokao.cn/www/2.0/schoolspecialplan/307/2024/31.json?a=www.gaokao.cn,data/shanghai/raw/plan_api/static/2024/307.json,1
2024,综合,307,上海理工大学,148580,04,物理必选,120701,工业工程,10,6500,四年,https://static-data.gaokao.cn/www/2.0/schoolspecialplan/307/2024/31.json?a=www.gaokao.cn,data/shanghai/raw/plan_api/static/2024/307.json,1
2024,综合,307,上海理工大学,148503,05,不限,050203,德语,10,6500,四年,https://static-data.gaokao.cn/www/2.0/schoolspecialplan/307/2024/31.json?a=www.gaokao.cn,data/shanghai/raw/plan_api/static/2024/307.json,1
2024,综合,307,上海理工大学,148580,04,物理必选,120101,管理科学,5,6500,四年,https://static-data.gaokao.cn/www/2.0/schoolspecialplan/307/2024/31.json?a=www.gaokao.cn,data/shanghai/raw/plan_api/static/2024/307.json,1
2024,综合,307,上海理工大学,148580,04,物理必选,120102,信息管理与信息系统,5,6500,四年,https://static-data.gaokao.cn/www/2.0/schoolspecialplan/307/2024/31.json?a=www.gaokao.cn,data/shanghai/raw/plan_api/static/2024/307.json,1
2024,综合,307,上海理工大学,148503,05,不限,050207,日语,3,6500,四年,https://static-data.gaokao.cn/www/2.0/schoolspecialplan/307/2024/31.json?a=www.gaokao.cn,data/shanghai/raw/plan_api/static/2024/307.json,1
2024,综合,310,上海中医药大学,149741,01,物理、化学(2科必选),100501K,中医学,3,8100,五年,https://static-data.gaokao.cn/www/2.0/schoolspecialplan/310/2024/31.json?a=www.gaokao.cn,data/shanghai/raw/plan_api/static/2024/310.json,1
2024,综合,310,上海中医药大学,148466,06,化学必选,101101K,护理学,39,7400,四年,https://static-data.gaokao.cn/www/2.0/schoolspecialplan/310/2024/31.json?a=www.gaokao.cn,data/shanghai/raw/plan_api/static/2024/310.json,1
2024,综合,310,上海中医药大学,148766,03,物理、化学(2科必选),100801,中药学,38,8100,四年,https://static-data.gaokao.cn/www/2.0/schoolspecialplan/310/2024/31.json?a=www.gaokao.cn,data/shanghai/raw/plan_api/static/2024/310.json,1
2024,综合,310,上海中医药大学,148573,04,物理、化学(2科必选),100701,药学,34,22000,四年,https://static-data.gaokao.cn/www/2.0/schoolspecialplan/310/2024/31.json?a=www.gaokao.cn,data/shanghai/raw/plan_api/static/2024/310.json,1
2024,综合,310,上海中医药大学,148766,03,物理、化学(2科必选),100401K,预防医学,26,7400,五年,https://static-data.gaokao.cn/www/2.0/schoolspecialplan/310/2024/31.json?a=www.gaokao.cn,data/shanghai/raw/plan_api/static/2024/310.json,1
2024,综合,310,上海中医药大学,148766,03,物理、化学(2科必选),100502K,针灸推拿学,20,8100,五年,https://static-data.gaokao.cn/www/2.0/schoolspecialplan/310/2024/31.json?a=www.gaokao.cn,data/shanghai/raw/plan_api/static/2024/310.json,1
2024,综合,310,上海中医药大学,148573,04,物理、化学(2科必选),101008T,听力与言语康复学,19,7400,四年,https://static-data.gaokao.cn/www/2.0/schoolspecialplan/310/2024/31.json?a=www.gaokao.cn,data/shanghai/raw/plan_api/static/2024/310.json,1
2024,综合,310,上海中医药大学,148498,05,不限,120401,公共事业管理,18,6500,四年,https://static-data.gaokao.cn/www/2.0/schoolspecialplan/310/2024/31.json?a=www.gaokao.cn,data/shanghai/raw/plan_api/static/2024/310.json,1
2024,综合,310,上海中医药大学,148766,03,物理、化学(2科必选),100501K,中医学,18,8100,五年,https://static-data.gaokao.cn/www/2.0/schoolspecialplan/310/2024/31.json?a=www.gaokao.cn,data/shanghai/raw/plan_api/static/2024/310.json,1
2024,综合,310,上海中医药大学,148573,04,物理、化学(2科必选),082601,生物医学工程,13,7000,四年,https://static-data.gaokao.cn/www/2.0/schoolspecialplan/310/2024/31.json?a=www.gaokao.cn,data/shanghai/raw/plan_api/static/2024/310.json,1
2024,综合,310,上海中医药大学,148573,04,物理、化学(2科必选),101011T,智能医学工程,9,7400,四年,https://static-data.gaokao.cn/www/2.0/schoolspecialplan/310/2024/31.json?a=www.gaokao.cn,data/shanghai/raw/plan_api/static/2024/310.json,1
2024,综合,310,上海中医药大学,149162,02,物理、化学(2科必选),100801,中药学,8,8100,四年,https://static-data.gaokao.cn/www/2.0/schoolspecialplan/310/2024/31.json?a=www.gaokao.cn,data/shanghai/raw/plan_api/static/2024/310.json,1
2024,综合,310,上海中医药大学,148573,04,物理、化学(2科必选),100402,食品卫生与营养学,3,7400,四年,https://static-data.gaokao.cn/www/2.0/schoolspecialplan/310/2024/31.json?a=www.gaokao.cn,data/shanghai/raw/plan_api/static/2024/310.json,1
2024,综合,311,上海师范大学,149739,01,不限,0503,新闻传播学类,40,6500,四年,https://static-data.gaokao.cn/www/2.0/schoolspecialplan/311/2024/31.json?a=www.gaokao.cn,data/shanghai/raw/plan_api/static/2024/311.json,1
2024,综合,311,上海师范大学,149739,01,不限,030101K,法学,25,6500,四年,https://static-data.gaokao.cn/www/2.0/schoolspecialplan/311/2024/31.json?a=www.gaokao.cn,data/shanghai/raw/plan_api/static/2024/311.json,1
2024,综合,311,上海师范大学,149739,01,不限,120206,人力资源管理,20,6500,四年,https://static-data.gaokao.cn/www/2.0/schoolspecialplan/311/2024/31.json?a=www.gaokao.cn,data/shanghai/raw/plan_api/static/2024/311.json,1
2024,综合,311,上海师范大学,149739,01,不限,050207,日语,20,6500,四年,https://static-data.gaokao.cn/www/2.0/schoolspecialplan/311/2024/31.json?a=www.gaokao.cn,data/shanghai/raw/plan_api/static/2024/311.json,1
2024,综合,311,上海师范大学,149739,01,不限,020101,经济学,15,19500,四年,https://static-data.gaokao.cn/www/2.0/schoolspecialplan/311/2024/31.json?a=www.gaokao.cn,data/shanghai/raw/plan_api/static/2024/311.json,1
2024,综合,311,上海师范大学,149739,01,不限,071102,应用心理学,20,7000,四年,https://static-data.gaokao.cn/www/2.0/schoolspecialplan/311/2024/31.json?a=www.gaokao.cn,data/shanghai/raw/plan_api/static/2024/311.json,1
2024,综合,311,上海师范大学,149739,01,不限,120402,行政管理,20,6500,四年,https://static-data.gaokao.cn/www/2.0/schoolspecialplan/311/2024/31.json?a=www.gaokao.cn,data/shanghai/raw/plan_api/static/2024/311.json,1
2024,综合,311,上海师范大学,149739,01,不限,1209,旅游管理类,19,6500,四年,https://static-data.gaokao.cn/www/2.0/schoolspecialplan/311/2024/31.json?a=www.gaokao.cn,data/shanghai/raw/plan_api/static/2024/311.json,1
2024,综合,311,上海师范大学,149739,01,不限,010101,哲学,15,6500,四年,https://static-data.gaokao.cn/www/2.0/schoolspecialplan/311/2024/31.json?a=www.gaokao.cn,data/shanghai/raw/plan_api/static/2024/311.json,1
2024,综合,311,上海师范大学,149739,01,不限,050201,英语,15,6500,四年,https://static-data.gaokao.cn/www/2.0/schoolspecialplan/311/2024/31.json?a=www.gaokao.cn,data/shanghai/raw/plan_api/static/2024/311.json,1
2024,综合,311,上海师范大学,149739,01,不限,030302,社会工作,15,6500,四年,https://static-data.gaokao.cn/www/2.0/schoolspecialplan/311/2024/31.json?a=www.gaokao.cn,data/shanghai/raw/plan_api/static/2024/311.json,1
2024,综合,311,上海师范大学,149739,01,不限,060102,世界史,15,6500,四年,https://static-data.gaokao.cn/www/2.0/schoolspecialplan/311/2024/31.json?a=www.gaokao.cn,data/shanghai/raw/plan_api/static/2024/311.json,1
2024,综合,311,上海师范大学,149739,01,不限,050105,古典文献学,14,6500,四年,https://static-data.gaokao.cn/www/2.0/schoolspecialplan/311/2024/31.json?a=www.gaokao.cn,data/shanghai/raw/plan_api/static/2024/311.json,1
2024,综合,311,上海师范大学,149739,01,不限,050204,法语,10,6500,四年,https://static-data.gaokao.cn/www/2.0/schoolspecialplan/311/2024/31.json?a=www.gaokao.cn,data/shanghai/raw/plan_api/static/2024/311.json,1
2024,综合,311,上海师范大学,149739,01,不限,120502,档案学,10,6500,四年,https://static-data.gaokao.cn/www/2.0/schoolspecialplan/311/2024/31.json?a=www.gaokao.cn,data/shanghai/raw/plan_api/static/2024/311.json,1
2024,综合,311,上海师范大学,149739,01,不限,050101,汉语言文学,10,6500,四年,https://static-data.gaokao.cn/www/2.0/schoolspecialplan/311/2024/31.json?a=www.gaokao.cn,data/shanghai/raw/plan_api/static/2024/311.json,1
2024,综合,311,上海师范大学,149739,01,不限,050303,广告学,10,19500,四年,https://static-data.gaokao.cn/www/2.0/schoolspecialplan/311/2024/31.json?a=www.gaokao.cn,data/shanghai/raw/plan_api/static/2024/311.json,1
2024,综合,311,上海师范大学,148571,04,物理、化学(2科必选),0807,电子信息类,100,7000,四年,https://static-data.gaokao.cn/www/2.0/schoolspecialplan/311/2024/31.json?a=www.gaokao.cn,data/shanghai/raw/plan_api/static/2024/311.json,1
2024,综合,311,上海师范大学,148571,04,物理、化学(2科必选),0703,化学类,50,7000,四年,https://static-data.gaokao.cn/www/2.0/schoolspecialplan/311/2024/31.json?a=www.gaokao.cn,data/shanghai/raw/plan_api/static/2024/311.json,1
2024,综合,311,上海师范大学,148764,03,物理必选,0203,金融学类,50,6500,四年,https://static-data.gaokao.cn/www/2.0/schoolspecialplan/311/2024/31.json?a=www.gaokao.cn,data/shanghai/raw/plan_api/static/2024/311.json,1
2024,综合,311,上海师范大学,148571,04,物理、化学(2科必选),070101,数学与应用数学,50,7000,四年,https://static-data.gaokao.cn/www/2.0/schoolspecialplan/311/2024/31.json?a=www.gaokao.cn,data/shanghai/raw/plan_api/static/2024/311.json,1
2024,综合,311,上海师范大学,148571,04,物理、化学(2科必选),071001,生物科学,40,7000,四年,https://static-data.gaokao.cn/www/2.0/schoolspecialplan/311/2024/31.json?a=www.gaokao.cn,data/shanghai/raw/plan_api/static/2024/311.json,1
2024,综合,311,上海师范大学,148764,03,物理必选,120204,财务管理,35,6500,四年,https://static-data.gaokao.cn/www/2.0/schoolspecialplan/311/2024/31.json?a=www.gaokao.cn,data/shanghai/raw/plan_api/static/2024/311.json,1
2024,综合,311,上海师范大学,148571,04,物理、化学(2科必选),0701,数学类,25,7000,四年,https://static-data.gaokao.cn/www/2.0/schoolspecialplan/311/2024/31.json?a=www.gaokao.cn,data/shanghai/raw/plan_api/static/2024/311.json,1
2024,综合,311,上海师范大学,148764,03,物理必选,120103,工程管理,24,6500,四年,https://static-data.gaokao.cn/www/2.0/schoolspecialplan/311/2024/31.json?a=www.gaokao.cn,data/shanghai/raw/plan_api/static/2024/311.json,1
2024,综合,311,上海师范大学,148571,04,物理、化学(2科必选),082502,环境工程,20,7000,四年,https://static-data.gaokao.cn/www/2.0/schoolspecialplan/311/2024/31.json?a=www.gaokao.cn,data/shanghai/raw/plan_api/static/2024/311.json,1
2024,综合,311,上海师范大学,148424,Q5,不限,130305,广播电视编导,20,13000,四年,https://static-data.gaokao.cn/www/2.0/schoolspecialplan/311/2024/31.json?a=www.gaokao.cn,data/shanghai/raw/plan_api/static/2024/311.json,0
2024,综合,311,上海师范大学,148764,03,物理必选,020101,经济学,20,6500,四年,https://static-data.gaokao.cn/www/2.0/schoolspecialplan/311/2024/31.json?a=www.gaokao.cn,data/shanghai/raw/plan_api/static/2024/311.json,1
2024,综合,311,上海师范大学,149160,02,地理必选,0705,地理科学类,20,7000,四年,https://static-data.gaokao.cn/www/2.0/schoolspecialplan/311/2024/31.json?a=www.gaokao.cn,data/shanghai/raw/plan_api/static/2024/311.json,1
2024,综合,311,上海师范大学,148571,04,物理、化学(2科必选),070201,物理学,20,7000,四年,https://static-data.gaokao.cn/www/2.0/schoolspecialplan/311/2024/31.json?a=www.gaokao.cn,data/shanghai/raw/plan_api/static/2024/311.json,1
2024,综合,311,上海师范大学,148424,Q5,不限,130304,戏剧影视文学,20,13000,四年,https://static-data.gaokao.cn/www/2.0/schoolspecialplan/311/2024/31.json?a=www.gaokao.cn,data/shanghai/raw/plan_api/static/2024/311.json,0
2024,综合,311,上海师范大学,148424,Q5,不限,130102T,艺术管理,20,13000,四年,https://static-data.gaokao.cn/www/2.0/schoolspecialplan/311/2024/31.json?a=www.gaokao.cn,data/shanghai/raw/plan_api/static/2024/311.json,0
2024,综合,311,上海师范大学,148571,04,物理、化学(2科必选),082506T,资源环境科学,20,7000,四年,https://static-data.gaokao.cn/www/2.0/schoolspecialplan/311/2024/31.json?a=www.gaokao.cn,data/shanghai/raw/plan_api/static/2024/311.json,1
2024,综合,311,上海师范大学,148571,04,物理、化学(2科必选),082709T,食品安全与检测,15,7000,四年,https://static-data.gaokao.cn/www/2.0/schoolspecialplan/311/2024/31.json?a=www.gaokao.cn,data/shanghai/raw/plan_api/static/2024/311.json,1
2024,综合,311,上海师范大学,148571,04,物理、化学(2科必选),081001,土木工程,15,21000,四年,https://static-data.gaokao.cn/www/2.0/schoolspecialplan/311/2024/31.json?a=www.gaokao.cn,data/shanghai/raw/plan_api/static/2024/311.json,1
2024,综合,311,上海师范大学,148571,04,物理、化学(2科必选),090102,园艺,15,7000,四年,https://static-data.gaokao.cn/www/2.0/schoolspecialplan/311/2024/31.json?a=www.gaokao.cn,data/shanghai/raw/plan_api/static/2024/311.json,1
2024,综合,311,上海师范大学,148571,04,物理、化学(2科必选),080202,机械设计制造及其自动化,10,21000,四年,https://static-data.gaokao.cn/www/2.0/schoolspecialplan/311/2024/31.json?a=www.gaokao.cn,data/shanghai/raw/plan_api/static/2024/311.json,1
2024,综合,311,上海师范大学,148571,04,物理、化学(2科必选),080901,计算机科学与技术,10,21000,四年,https://static-data.gaokao.cn/www/2.0/schoolspecialplan/311/2024/31.json?a=www.gaokao.cn,data/shanghai/raw/plan_api/static/2024/311.json,1
2024,综合,311,上海师范大学,148571,04,物理、化学(2科必选),080701,电子信息工程,10,21000,四年,https://static-data.gaokao.cn/www/2.0/schoolspecialplan/311/2024/31.json?a=www.gaokao.cn,data/shanghai/raw/plan_api/static/2024/311.json,1
2024,综合,311,上海师范大学,148571,04,物理、化学(2科必选),080208,汽车服务工程,10,21000,四年,https://static-data.gaokao.cn/www/2.0/schoolspecialplan/311/2024/31.json?a=www.gaokao.cn,data/shanghai/raw/plan_api/static/2024/311.json,1
2024,综合,311,上海师范大学,148764,03,物理必选,020306T,信用管理,10,6500,四年,https://static-data.gaokao.cn/www/2.0/schoolspecialplan/311/2024/31.json?a=www.gaokao.cn,data/shanghai/raw/plan_api/static/2024/311.json,1
2024,综合,311,上海师范大学,148764,03,物理必选,020310T,金融科技,10,6500,四年,https://static-data.gaokao.cn/www/2.0/schoolspecialplan/311/2024/31.json?a=www.gaokao.cn,data/shanghai/raw/plan_api/static/2024/311.json,1
2024,综合,313,上海海事大学,149753,01,不限,120407T,交通管理,15,6500,四年,https://static-data.gaokao.cn/www/2.0/schoolspecialplan/313/2024/31.json?a=www.gaokao.cn,data/shanghai/raw/plan_api/static/2024/313.json,1
2024,综合,313,上海海事大学,149753,01,不限,030101K,法学,15,6500,四年,https://static-data.gaokao.cn/www/2.0/schoolspecialplan/313/2024/31.json?a=www.gaokao.cn,data/shanghai/raw/plan_api/static/2024/313.json,1
2024,综合,313,上海海事大学,149171,02,不限,0201,经济学类,130,6500,四年,https://static-data.gaokao.cn/www/2.0/schoolspecialplan/313/2024/31.json?a=www.gaokao.cn,data/shanghai/raw/plan_api/static/2024/313.json,1
2024,综合,313,上海海事大学,149171,02,不限,0502,外国语言文学类,116,6500,四年,https://static-data.gaokao.cn/www/2.0/schoolspecialplan/313/2024/31.json?a=www.gaokao.cn,data/shanghai/raw/plan_api/static/2024/313.json,1
2024,综合,313,上海海事大学,149171,02,不限,120203K,会计学,94,6500,四年,https://static-data.gaokao.cn/www/2.0/schoolspecialplan/313/2024/31.json?a=www.gaokao.cn,data/shanghai/raw/plan_api/static/2024/313.json,1
2024,综合,313,上海海事大学,149171,02,不限,030101K,法学,63,6500,四年,https://static-data.gaokao.cn/www/2.0/schoolspecialplan/313/2024/31.json?a=www.gaokao.cn,data/shanghai/raw/plan_api/static/2024/313.json,1
2024,综合,313,上海海事大学,148504,05,物理、化学(2科必选),081801,交通运输,59,7000,四年,https://static-data.gaokao.cn/www/2.0/schoolspecialplan/313/2024/31.json?a=www.gaokao.cn,data/shanghai/raw/plan_api/static/2024/313.json,1
2024,综合,313,上海海事大学,149171,02,不限,120407T,交通管理,59,6500,四年,https://static-data.gaokao.cn/www/2.0/schoolspecialplan/313/2024/31.json?a=www.gaokao.cn,data/shanghai/raw/plan_api/static/2024/313.json,1
2024,综合,313,上海海事大学,149171,02,不限,120204,财务管理,46,6500,四年,https://static-data.gaokao.cn/www/2.0/schoolspecialplan/313/2024/31.json?a=www.gaokao.cn,data/shanghai/raw/plan_api/static/2024/313.json,1
2024,综合,313,上海海事大学,149171,02,不限,120601,物流管理,46,6500,四年,https://static-data.gaokao.cn/www/2.0/schoolspecialplan/313/2024/31.json?a=www.gaokao.cn,data/shanghai/raw/plan_api/static/2024/313.json,1
2024,综合,313,上海海事大学,148504,05,物理、化学(2科必选),081103,港口航道与海岸工程,45,7000,四年,https://static-data.gaokao.cn/www/2.0/schoolspecialplan/313/2024/31.json?a=www.gaokao.cn,data/shanghai/raw/plan_api/static/2024/313.json,1
2024,综合,313,上海海事大学,148774,03,物理、化学(2科必选),0701,数学类,44,7000,四年,https://static-data.gaokao.cn/www/2.0/schoolspecialplan/313/2024/31.json?a=www.gaokao.cn,data/shanghai/raw/plan_api/static/2024/313.json,1
2024,综合,313,上海海事大学,148504,05,物理、化学(2科必选),081901,船舶与海洋工程,41,7000,四年,https://static-data.gaokao.cn/www/2.0/schoolspecialplan/313/2024/31.json?a=www.gaokao.cn,data/shanghai/raw/plan_api/static/2024/313.json,1
2024,综合,313,上海海事大学,148581,04,物理、化学(2科必选),080202,机械设计制造及其自动化,40,7000,四年,https://static-data.gaokao.cn/www/2.0/schoolspecialplan/313/2024/31.json?a=www.gaokao.cn,data/shanghai/raw/plan_api/static/2024/313.json,1
2024,综合,313,上海海事大学,148774,03,物理、化学(2科必选),080701,电子信息工程,39,7000,四年,https://static-data.gaokao.cn/www/2.0/schoolspecialplan/313/2024/31.json?a=www.gaokao.cn,data/shanghai/raw/plan_api/static/2024/313.json,1
2024,综合,313,上海海事大学,148774,03,物理、化学(2科必选),080901,计算机科学与技术,10,7000,四年,https://static-data.gaokao.cn/www/2.0/schoolspecialplan/313/2024/31.json?a=www.gaokao.cn,data/shanghai/raw/plan_api/static/2024/313.json,1
2024,综合,313,上海海事大学,148774,03,物理、化学(2科必选),080703,通信工程,35,7000,四年,https://static-data.gaokao.cn/www/2.0/schoolspecialplan/313/2024/31.json?a=www.gaokao.cn,data/shanghai/raw/plan_api/static/2024/313.json,1
2024,综合,313,上海海事大学,149171,02,不限,120201K,工商管理,34,6500,四年,https://static-data.gaokao.cn/www/2.0/schoolspecialplan/313/2024/31.json?a=www.gaokao.cn,data/shanghai/raw/plan_api/static/2024/313.json,1
2024,综合,313,上海海事大学,149171,02,不限,020401,国际经济与贸易,32,6500,四年,https://static-data.gaokao.cn/www/2.0/schoolspecialplan/313/2024/31.json?a=www.gaokao.cn,data/shanghai/raw/plan_api/static/2024/313.json,1
2024,综合,313,上海海事大学,148581,04,物理、化学(2科必选),080601,电气工程及其自动化,31,7000,四年,https://static-data.gaokao.cn/www/2.0/schoolspecialplan/313/2024/31.json?a=www.gaokao.cn,data/shanghai/raw/plan_api/static/2024/313.json,1
2024,综合,313,上海海事大学,148504,05,物理、化学(2科必选),080501,能源与动力工程,28,7000,四年,https://static-data.gaokao.cn/www/2.0/schoolspecialplan/313/2024/31.json?a=www.gaokao.cn,data/shanghai/raw/plan_api/static/2024/313.json,1
2024,综合,313,上海海事大学,149171,02,不限,050207,日语,27,6500,四年,https://static-data.gaokao.cn/www/2.0/schoolspecialplan/313/2024/31.json?a=www.gaokao.cn,data/shanghai/raw/plan_api/static/2024/313.json,1
2024,综合,313,上海海事大学,148774,03,物理、化学(2科必选),120108T,大数据管理与应用,24,6500,四年,https://static-data.gaokao.cn/www/2.0/schoolspecialplan/313/2024/31.json?a=www.gaokao.cn,data/shanghai/raw/plan_api/static/2024/313.json,1
2024,综合,313,上海海事大学,148774,03,物理、化学(2科必选),080717T,人工智能,23,7000,四年,https://static-data.gaokao.cn/www/2.0/schoolspecialplan/313/2024/31.json?a=www.gaokao.cn,data/shanghai/raw/plan_api/static/2024/313.json,1
2024,综合,313,上海海事大学,148504,05,物理、化学(2科必选),081802,交通工程,22,7000,四年,https://static-data.gaokao.cn/www/2.0/schoolspecialplan/313/2024/31.json?a=www.gaokao.cn,data/shanghai/raw/plan_api/static/2024/313.json,1
2024,综合,313,上海海事大学,148774,03,物理、化学(2科必选),120101,管理科学,22,6500,四年,https://static-data.gaokao.cn/www/2.0/schoolspecialplan/313/2024/31.json?a=www.gaokao.cn,data/shanghai/raw/plan_api/static/2024/313.json,1
2024,综合,313,上海海事大学,149171,02,不限,120604T,供应链管理,20,6500,四年,https://static-data.gaokao.cn/www/2.0/schoolspecialplan/313/2024/31.json?a=www.gaokao.cn,data/shanghai/raw/plan_api/static/2024/313.json,1
2024,综合,313,上海海事大学,148581,04,物理、化学(2科必选),080801,自动化,19,7000,四年,https://static-data.gaokao.cn/www/2.0/schoolspecialplan/313/2024/31.json?a=www.gaokao.cn,data/shanghai/raw/plan_api/static/2024/313.json,1
2024,综合,313,上海海事大学,148774,03,物理、化学(2科必选),080903,网络工程,17,7000,四年,https://static-data.gaokao.cn/www/2.0/schoolspecialplan/313/2024/31.json?a=www.gaokao.cn,data/shanghai/raw/plan_api/static/2024/313.json,1
2024,综合,313,上海海事大学,148581,04,物理、化学(2科必选),080204,机械电子工程,16,7000,四年,https://static-data.gaokao.cn/www/2.0/schoolspecialplan/313/2024/31.json?a=www.gaokao.cn,data/shanghai/raw/plan_api/static/2024/313.json,1
2024,综合,313,上海海事大学,148504,05,物理、化学(2科必选),080401,材料科学与工程,16,7000,四年,https://static-data.gaokao.cn/www/2.0/schoolspecialplan/313/2024/31.json?a=www.gaokao.cn,data/shanghai/raw/plan_api/static/2024/313.json,1
2024,综合,313,上海海事大学,149171,02,不限,050204,法语,16,6500,四年,https://static-data.gaokao.cn/www/2.0/schoolspecialplan/313/2024/31.json?a=www.gaokao.cn,data/shanghai/raw/plan_api/static/2024/313.json,1
2024,综合,313,上海海事大学,148581,04,物理、化学(2科必选),080205,工业设计,14,7000,四年,https://static-data.gaokao.cn/www/2.0/schoolspecialplan/313/2024/31.json?a=www.gaokao.cn,data/shanghai/raw/plan_api/static/2024/313.json,1
2024,综合,313,上海海事大学,148581,04,物理、化学(2科必选),120602,物流工程,11,6500,四年,https://static-data.gaokao.cn/www/2.0/schoolspecialplan/313/2024/31.json?a=www.gaokao.cn,data/shanghai/raw/plan_api/static/2024/313.json,1
2024,综合,313,上海海事大学,148581,04,物理、化学(2科必选),080301,测控技术与仪器,8,7000,四年,https://static-data.gaokao.cn/www/2.0/schoolspecialplan/313/2024/31.json?a=www.gaokao.cn,data/shanghai/raw/plan_api/static/2024/313.json,1
2024,综合,313,上海海事大学,148504,05,物理、化学(2科必选),082502,环境工程,8,7000,四年,https://static-data.gaokao.cn/www/2.0/schoolspecialplan/313/2024/31.json?a=www.gaokao.cn,data/shanghai/raw/plan_api/static/2024/313.json,1
2024,综合,313,上海海事大学,148504,05,物理、化学(2科必选),082901,安全工程,8,7000,四年,https://static-data.gaokao.cn/www/2.0/schoolspecialplan/313/2024/31.json?a=www.gaokao.cn,data/shanghai/raw/plan_api/static/2024/313.json,1
2024,综合,313,上海海事大学,148581,04,物理、化学(2科必选),120701,工业工程,5,6500,四年,https://static-data.gaokao.cn/www/2.0/schoolspecialplan/313/2024/31.json?a=www.gaokao.cn,data/shanghai/raw/plan_api/static/2024/313.json,1
2024,综合,314,安徽师范大学,149480,01,物理、化学(2科必选),080901,计算机科学与技术,2,5720,四年,https://static-data.gaokao.cn/www/2.0/schoolspecialplan/314/2024/31.json?a=www.gaokao.cn,data/shanghai/raw/plan_api/static/2024/314.json,1
2024,综合,314,安徽师范大学,149480,01,物理、化学(2科必选),080701,电子信息工程,2,5720,四年,https://static-data.gaokao.cn/www/2.0/schoolspecialplan/314/2024/31.json?a=www.gaokao.cn,data/shanghai/raw/plan_api/static/2024/314.json,1
2024,综合,314,安徽师范大学,148674,03,不限,050301,新闻学,2,5390,四年,https://static-data.gaokao.cn/www/2.0/schoolspecialplan/314/2024/31.json?a=www.gaokao.cn,data/shanghai/raw/plan_api/static/2024/314.json,1
2024,综合,314,安徽师范大学,148674,03,不限,050103,汉语国际教育,2,4900,四年,https://static-data.gaokao.cn/www/2.0/schoolspecialplan/314/2024/31.json?a=www.gaokao.cn,data/shanghai/raw/plan_api/static/2024/314.json,1
2024,综合,314,安徽师范大学,148674,03,不限,030101K,法学,2,5390,四年,https://static-data.gaokao.cn/www/2.0/schoolspecialplan/314/2024/31.json?a=www.gaokao.cn,data/shanghai/raw/plan_api/static/2024/314.json,1
2024,综合,314,安徽师范大学,148674,03,不限,120203K,会计学,2,4900,四年,https://static-data.gaokao.cn/www/2.0/schoolspecialplan/314/2024/31.json?a=www.gaokao.cn,data/shanghai/raw/plan_api/static/2024/314.json,1
2024,综合,314,安徽师范大学,148674,03,不限,120204,财务管理,2,5390,四年,https://static-data.gaokao.cn/www/2.0/schoolspecialplan/314/2024/31.json?a=www.gaokao.cn,data/shanghai/raw/plan_api/static/2024/314.json,1
2024,综合,314,安徽师范大学,148674,03,不限,020101,经济学,2,5390,四年,https://static-data.gaokao.cn/www/2.0/schoolspecialplan/314/2024/31.json?a=www.gaokao.cn,data/shanghai/raw/plan_api/static/2024/314.json,1
2024,综合,314,安徽师范大学,148674,03,不限,040106,学前教育,2,5390,四年,https://static-data.gaokao.cn/www/2.0/schoolspecialplan/314/2024/31.json?a=www.gaokao.cn,data/shanghai/raw/plan_api/static/2024/314.json,1
2024,综合,314,安徽师范大学,148674,03,不限,050101,汉语言文学,2,5390,四年,https://static-data.gaokao.cn/www/2.0/schoolspecialplan/314/2024/31.json?a=www.gaokao.cn,data/shanghai/raw/plan_api/static/2024/314.json,1
2024,综合,314,安徽师范大学,148971,02,物理必选,020302,金融工程,2,4900,四年,https://static-data.gaokao.cn/www/2.0/schoolspecialplan/314/2024/31.json?a=www.gaokao.cn,data/shanghai/raw/plan_api/static/2024/314.json,1
2024,综合,314,安徽师范大学,148674,03,不限,120604T,供应链管理,2,4900,四年,https://static-data.gaokao.cn/www/2.0/schoolspecialplan/314/2024/31.json?a=www.gaokao.cn,data/shanghai/raw/plan_api/static/2024/314.json,1
2024,综合,316,大同大学,149470,01,物理、化学(2科必选),080203,材料成型及控制工程,1,5980,四年,https://static-data.gaokao.cn/www/2.0/schoolspecialplan/316/2024/31.json?a=www.gaokao.cn,data/shanghai/raw/plan_api/static/2024/316.json,1
2024,综合,316,大同大学,148965,02,不限,120601,物流管理,3,5200,四年,https://static-data.gaokao.cn/www/2.0/schoolspecialplan/316/2024/31.json?a=www.gaokao.cn,data/shanghai/raw/plan_api/static/2024/316.json,1
2024,综合,316,大同大学,148965,02,不限,120201K,工商管理,1,5980,四年,https://static-data.gaokao.cn/www/2.0/schoolspecialplan/316/2024/31.json?a=www.gaokao.cn,data/shanghai/raw/plan_api/static/2024/316.json,1
2024,综合,317,上海电力大学,149745,01,物理、化学(2科必选),080601,电气工程及其自动化,133,7000,四年,https://static-data.gaokao.cn/www/2.0/schoolspecialplan/317/2024/31.json?a=www.gaokao.cn,data/shanghai/raw/plan_api/static/2024/317.json,1
2024,综合,317,上海电力大学,149165,02,物理、化学(2科必选),080801,自动化,61,7000,四年,https://static-data.gaokao.cn/www/2.0/schoolspecialplan/317/2024/31.json?a=www.gaokao.cn,data/shanghai/raw/plan_api/static/2024/317.json,1
2024,综合,317,上海电力大学,148499,05,不限,020101,经济学,38,6500,四年,https://static-data.gaokao.cn/www/2.0/schoolspecialplan/317/2024/31.json?a=www.gaokao.cn,data/shanghai/raw/plan_api/static/2024/317.json,1
2024,综合,317,上海电力大学,149165,02,物理、化学(2科必选),080901,计算机科学与技术,37,7000,四年,https://static-data.gaokao.cn/www/2.0/schoolspecialplan/317/2024/31.json?a=www.gaokao.cn,data/shanghai/raw/plan_api/static/2024/317.json,1
2024,综合,317,上海电力大学,148499,05,不限,020401,国际经济与贸易,36,6500,四年,https://static-data.gaokao.cn/www/2.0/schoolspecialplan/317/2024/31.json?a=www.gaokao.cn,data/shanghai/raw/plan_api/static/2024/317.json,1
2024,综合,317,上海电力大学,148499,05,不限,050201,英语,36,6500,四年,https://static-data.gaokao.cn/www/2.0/schoolspecialplan/317/2024/31.json?a=www.gaokao.cn,data/shanghai/raw/plan_api/static/2024/317.json,1
2024,综合,317,上海电力大学,148768,03,物理、化学(2科必选),080414T,新能源材料与器件,36,7000,四年,https://static-data.gaokao.cn/www/2.0/schoolspecialplan/317/2024/31.json?a=www.gaokao.cn,data/shanghai/raw/plan_api/static/2024/317.json,1
2024,综合,317,上海电力大学,148499,05,不限,120201K,工商管理,35,6500,四年,https://static-data.gaokao.cn/www/2.0/schoolspecialplan/317/2024/31.json?a=www.gaokao.cn,data/shanghai/raw/plan_api/static/2024/317.json,1
2024,综合,317,上海电力大学,149165,02,物理、化学(2科必选),080710T,集成电路设计与集成系统,35,7000,四年,https://static-data.gaokao.cn/www/2.0/schoolspecialplan/317/2024/31.json?a=www.gaokao.cn,data/shanghai/raw/plan_api/static/2024/317.json,1
2024,综合,317,上海电力大学,149165,02,物理、化学(2科必选),080902,软件工程,32,7000,四年,https://static-data.gaokao.cn/www/2.0/schoolspecialplan/317/2024/31.json?a=www.gaokao.cn,data/shanghai/raw/plan_api/static/2024/317.json,1
2024,综合,317,上海电力大学,149165,02,物理、化学(2科必选),080202,机械设计制造及其自动化,28,7000,四年,https://static-data.gaokao.cn/www/2.0/schoolspecialplan/317/2024/31.json?a=www.gaokao.cn,data/shanghai/raw/plan_api/static/2024/317.json,1
2024,综合,317,上海电力大学,149165,02,物理、化学(2科必选),080301,测控技术与仪器,26,7000,四年,https://static-data.gaokao.cn/www/2.0/schoolspecialplan/317/2024/31.json?a=www.gaokao.cn,data/shanghai/raw/plan_api/static/2024/317.json,1
2024,综合,317,上海电力大学,149165,02,物理、化学(2科必选),080505T,能源服务工程,26,7000,四年,https://static-data.gaokao.cn/www/2.0/schoolspecialplan/317/2024/31.json?a=www.gaokao.cn,data/shanghai/raw/plan_api/static/2024/317.json,1
2024,综合,317,上海电力大学,149165,02,物理、化学(2科必选),070102,信息与计算科学,25,7000,四年,https://static-data.gaokao.cn/www/2.0/schoolspecialplan/317/2024/31.json?a=www.gaokao.cn,data/shanghai/raw/plan_api/static/2024/317.json,1
2024,综合,317,上海电力大学,148575,04,物理必选,120102,信息管理与信息系统,25,6500,四年,https://static-data.gaokao.cn/www/2.0/schoolspecialplan/317/2024/31.json?a=www.gaokao.cn,data/shanghai/raw/plan_api/static/2024/317.json,1
2024,综合,317,上海电力大学,148768,03,物理、化学(2科必选),081301,化学工程与工艺,24,7000,四年,https://static-data.gaokao.cn/www/2.0/schoolspecialplan/317/2024/31.json?a=www.gaokao.cn,data/shanghai/raw/plan_api/static/2024/317.json,1
2024,综合,317,上海电力大学,149165,02,物理、化学(2科必选),080904K,信息安全,24,7000,四年,https://static-data.gaokao.cn/www/2.0/schoolspecialplan/317/2024/31.json?a=www.gaokao.cn,data/shanghai/raw/plan_api/static/2024/317.json,1
2024,综合,317,上海电力大学,149165,02,物理、化学(2科必选),080703,通信工程,23,7000,四年,https://static-data.gaokao.cn/www/2.0/schoolspecialplan/317/2024/31.json?a=www.gaokao.cn,data/shanghai/raw/plan_api/static/2024/317.json,1
2024,综合,317,上海电力大学,149165,02,物理、化学(2科必选),080910T,数据科学与大数据技术,23,7000,四年,https://static-data.gaokao.cn/www/2.0/schoolspecialplan/317/2024/31.json?a=www.gaokao.cn,data/shanghai/raw/plan_api/static/2024/317.json,1
2024,综合,317,上海电力大学,148768,03,物理、化学(2科必选),070302,应用化学,22,7000,四年,https://static-data.gaokao.cn/www/2.0/schoolspecialplan/317/2024/31.json?a=www.gaokao.cn,data/shanghai/raw/plan_api/static/2024/317.json,1
2024,综合,317,上海电力大学,149165,02,物理、化学(2科必选),080701,电子信息工程,22,7000,四年,https://static-data.gaokao.cn/www/2.0/schoolspecialplan/317/2024/31.json?a=www.gaokao.cn,data/shanghai/raw/plan_api/static/2024/317.json,1
2024,综合,317,上海电力大学,148575,04,物理必选,120103,工程管理,21,6500,四年,https://static-data.gaokao.cn/www/2.0/schoolspecialplan/317/2024/31.json?a=www.gaokao.cn,data/shanghai/raw/plan_api/static/2024/317.json,1
2024,综合,317,上海电力大学,149165,02,物理、化学(2科必选),080601,电气工程及其自动化,21,21000,四年,https://static-data.gaokao.cn/www/2.0/schoolspecialplan/317/2024/31.json?a=www.gaokao.cn,data/shanghai/raw/plan_api/static/2024/317.json,1
2024,综合,317,上海电力大学,149165,02,物理、化学(2科必选),070202,应用物理学,20,7000,四年,https://static-data.gaokao.cn/www/2.0/schoolspecialplan/317/2024/31.json?a=www.gaokao.cn,data/shanghai/raw/plan_api/static/2024/317.json,1
2024,综合,317,上海电力大学,149165,02,物理、化学(2科必选),080702,电子科学与技术,20,7000,四年,https://static-data.gaokao.cn/www/2.0/schoolspecialplan/317/2024/31.json?a=www.gaokao.cn,data/shanghai/raw/plan_api/static/2024/317.json,1
2024,综合,317,上海电力大学,149165,02,物理、化学(2科必选),080503T,新能源科学与工程,19,7000,四年,https://static-data.gaokao.cn/www/2.0/schoolspecialplan/317/2024/31.json?a=www.gaokao.cn,data/shanghai/raw/plan_api/static/2024/317.json,1
2024,综合,317,上海电力大学,149165,02,物理、化学(2科必选),080705,光电信息科学与工程,18,7000,四年,https://static-data.gaokao.cn/www/2.0/schoolspecialplan/317/2024/31.json?a=www.gaokao.cn,data/shanghai/raw/plan_api/static/2024/317.json,1
2024,综合,317,上海电力大学,148768,03,物理、化学(2科必选),082502,环境工程,17,7000,四年,https://static-data.gaokao.cn/www/2.0/schoolspecialplan/317/2024/31.json?a=www.gaokao.cn,data/shanghai/raw/plan_api/static/2024/317.json,1
2024,综合,317,上海电力大学,149165,02,物理、化学(2科必选),080907T,智能科学与技术,17,7000,四年,https://static-data.gaokao.cn/www/2.0/schoolspecialplan/317/2024/31.json?a=www.gaokao.cn,data/shanghai/raw/plan_api/static/2024/317.json,1
2024,综合,317,上海电力大学,149165,02,物理、化学(2科必选),080504T,储能科学与工程,16,7000,四年,https://static-data.gaokao.cn/www/2.0/schoolspecialplan/317/2024/31.json?a=www.gaokao.cn,data/shanghai/raw/plan_api/static/2024/317.json,1
2024,综合,317,上海电力大学,149165,02,物理、化学(2科必选),080501,能源与动力工程,11,7000,四年,https://static-data.gaokao.cn/www/2.0/schoolspecialplan/317/2024/31.json?a=www.gaokao.cn,data/shanghai/raw/plan_api/static/2024/317.json,1
2024,综合,317,上海电力大学,149165,02,物理、化学(2科必选),080607T,能源互联网工程,10,7000,四年,https://static-data.gaokao.cn/www/2.0/schoolspecialplan/317/2024/31.json?a=www.gaokao.cn,data/shanghai/raw/plan_api/static/2024/317.json,1
2024,综合,318,上海对外经贸大学,149749,01,不限,020301K,金融学,44,6500,四年,https://static-data.gaokao.cn/www/2.0/schoolspecialplan/318/2024/31.json?a=www.gaokao.cn,data/shanghai/raw/plan_api/static/2024/318.json,1
2024,综合,318,上海对外经贸大学,149749,01,不限,020401,国际经济与贸易,32,6500,四年,https://static-data.gaokao.cn/www/2.0/schoolspecialplan/318/2024/31.json?a=www.gaokao.cn,data/shanghai/raw/plan_api/static/2024/318.json,1
2024,综合,318,上海对外经贸大学,149167,02,不限,020401,国际经济与贸易,110,6500,四年,https://static-data.gaokao.cn/www/2.0/schoolspecialplan/318/2024/31.json?a=www.gaokao.cn,data/shanghai/raw/plan_api/static/2024/318.json,1
2024,综合,318,上海对外经贸大学,148501,05,物理、化学(2科必选),080717T,人工智能,94,7000,四年,https://static-data.gaokao.cn/www/2.0/schoolspecialplan/318/2024/31.json?a=www.gaokao.cn,data/shanghai/raw/plan_api/static/2024/318.json,1
2024,综合,318,上海对外经贸大学,149167,02,不限,120203K,会计学,83,6500,四年,https://static-data.gaokao.cn/www/2.0/schoolspecialplan/318/2024/31.json?a=www.gaokao.cn,data/shanghai/raw/plan_api/static/2024/318.json,1
2024,综合,318,上海对外经贸大学,149167,02,不限,020301K,金融学,28,19500,四年,https://static-data.gaokao.cn/www/2.0/schoolspecialplan/318/2024/31.json?a=www.gaokao.cn,data/shanghai/raw/plan_api/static/2024/318.json,1
2024,综合,318,上海对外经贸大学,148501,05,物理、化学(2科必选),080910T,数据科学与大数据技术,81,7000,四年,https://static-data.gaokao.cn/www/2.0/schoolspecialplan/318/2024/31.json?a=www.gaokao.cn,data/shanghai/raw/plan_api/static/2024/318.json,1
2024,综合,318,上海对外经贸大学,148501,05,物理、化学(2科必选),071202,应用统计学,75,7000,四年,https://static-data.gaokao.cn/www/2.0/schoolspecialplan/318/2024/31.json?a=www.gaokao.cn,data/shanghai/raw/plan_api/static/2024/318.json,1
2024,综合,318,上海对外经贸大学,149167,02,不限,120207,审计学,71,6500,四年,https://static-data.gaokao.cn/www/2.0/schoolspecialplan/318/2024/31.json?a=www.gaokao.cn,data/shanghai/raw/plan_api/static/2024/318.json,1
2024,综合,318,上海对外经贸大学,149167,02,不限,020101,经济学,47,6500,四年,https://static-data.gaokao.cn/www/2.0/schoolspecialplan/318/2024/31.json?a=www.gaokao.cn,data/shanghai/raw/plan_api/static/2024/318.json,1
2024,综合,318,上海对外经贸大学,148577,04,物理必选,020302,金融工程,42,6500,四年,https://static-data.gaokao.cn/www/2.0/schoolspecialplan/318/2024/31.json?a=www.gaokao.cn,data/shanghai/raw/plan_api/static/2024/318.json,1
2024,综合,318,上海对外经贸大学,149167,02,不限,120204,财务管理,11,19500,四年,https://static-data.gaokao.cn/www/2.0/schoolspecialplan/318/2024/31.json?a=www.gaokao.cn,data/shanghai/raw/plan_api/static/2024/318.json,1
2024,综合,318,上海对外经贸大学,149167,02,不限,120206,人力资源管理,30,6500,四年,https://static-data.gaokao.cn/www/2.0/schoolspecialplan/318/2024/31.json?a=www.gaokao.cn,data/shanghai/raw/plan_api/static/2024/318.json,1
2024,综合,318,上海对外经贸大学,149167,02,不限,120202,市场营销,28,6500,四年,https://static-data.gaokao.cn/www/2.0/schoolspecialplan/318/2024/31.json?a=www.gaokao.cn,data/shanghai/raw/plan_api/static/2024/318.json,1
2024,综合,318,上海对外经贸大学,149167,02,不限,020304,投资学,26,6500,四年,https://static-data.gaokao.cn/www/2.0/schoolspecialplan/318/2024/31.json?a=www.gaokao.cn,data/shanghai/raw/plan_api/static/2024/318.json,1
2024,综合,318,上海对外经贸大学,148770,03,不限,050201,英语,6,19500,四年,https://static-data.gaokao.cn/www/2.0/schoolspecialplan/318/2024/31.json?a=www.gaokao.cn,data/shanghai/raw/plan_api/static/2024/318.json,1
2024,综合,318,上海对外经贸大学,148577,04,物理必选,020102,经济统计学,23,6500,四年,https://static-data.gaokao.cn/www/2.0/schoolspecialplan/318/2024/31.json?a=www.gaokao.cn,data/shanghai/raw/plan_api/static/2024/318.json,1
2024,综合,318,上海对外经贸大学,149167,02,不限,120201K,工商管理,19,6500,四年,https://static-data.gaokao.cn/www/2.0/schoolspecialplan/318/2024/31.json?a=www.gaokao.cn,data/shanghai/raw/plan_api/static/2024/318.json,1
2024,综合,318,上海对外经贸大学,149167,02,不限,120801,电子商务,18,6500,四年,https://static-data.gaokao.cn/www/2.0/schoolspecialplan/318/2024/31.json?a=www.gaokao.cn,data/shanghai/raw/plan_api/static/2024/318.json,1
2024,综合,318,上海对外经贸大学,149167,02,不限,120210,文化产业管理,16,6500,四年,https://static-data.gaokao.cn/www/2.0/schoolspecialplan/318/2024/31.json?a=www.gaokao.cn,data/shanghai/raw/plan_api/static/2024/318.json,1
2024,综合,318,上海对外经贸大学,149167,02,不限,120208,资产评估,16,6500,四年,https://static-data.gaokao.cn/www/2.0/schoolspecialplan/318/2024/31.json?a=www.gaokao.cn,data/shanghai/raw/plan_api/static/2024/318.json,1
2024,综合,318,上海对外经贸大学,148770,03,不限,030105T,国际经贸规则,16,6500,四年,https://static-data.gaokao.cn/www/2.0/schoolspecialplan/318/2024/31.json?a=www.gaokao.cn,data/shanghai/raw/plan_api/static/2024/318.json,1
2024,综合,318,上海对外经贸大学,148770,03,不限,050207,日语,16,6500,四年,https://static-data.gaokao.cn/www/2.0/schoolspecialplan/318/2024/31.json?a=www.gaokao.cn,data/shanghai/raw/plan_api/static/2024/318.json,1
2024,综合,318,上海对外经贸大学,148770,03,不限,050204,法语,15,6500,四年,https://static-data.gaokao.cn/www/2.0/schoolspecialplan/318/2024/31.json?a=www.gaokao.cn,data/shanghai/raw/plan_api/static/2024/318.json,1
2024,综合,318,上海对外经贸大学,149167,02,不限,120601,物流管理,15,19500,四年,https://static-data.gaokao.cn/www/2.0/schoolspecialplan/318/2024/31.json?a=www.gaokao.cn,data/shanghai/raw/plan_api/static/2024/318.json,1
2024,综合,318,上海对外经贸大学,148577,04,物理必选,120102,信息管理与信息系统,13,6500,四年,https://static-data.gaokao.cn/www/2.0/schoolspecialplan/318/2024/31.json?a=www.gaokao.cn,data/shanghai/raw/plan_api/static/2024/318.json,1
2024,综合,318,上海对外经贸大学,148770,03,不限,030101K,法学,11,6500,四年,https://static-data.gaokao.cn/www/2.0/schoolspecialplan/318/2024/31.json?a=www.gaokao.cn,data/shanghai/raw/plan_api/static/2024/318.json,1
2024,综合,318,上海对外经贸大学,148770,03,不限,050301,新闻学,11,6500,四年,https://static-data.gaokao.cn/www/2.0/schoolspecialplan/318/2024/31.json?a=www.gaokao.cn,data/shanghai/raw/plan_api/static/2024/318.json,1
2024,综合,318,上海对外经贸大学,149167,02,不限,120205,国际商务,11,19500,四年,https://static-data.gaokao.cn/www/2.0/schoolspecialplan/318/2024/31.json?a=www.gaokao.cn,data/shanghai/raw/plan_api/static/2024/318.json,1
2024,综合,318,上海对外经贸大学,149167,02,不限,120903,会展经济与管理,9,19500,四年,https://static-data.gaokao.cn/www/2.0/schoolspecialplan/318/2024/31.json?a=www.gaokao.cn,data/shanghai/raw/plan_api/static/2024/318.json,1
2024,综合,318,上海对外经贸大学,149167,02,不限,020403T,国际经济发展合作,8,6500,四年,https://static-data.gaokao.cn/www/2.0/schoolspecialplan/318/2024/31.json?a=www.gaokao.cn,data/shanghai/raw/plan_api/static/2024/318.json,1
2024,综合,318,上海对外经贸大学,149167,02,不限,020303,保险学,7,6500,四年,https://static-data.gaokao.cn/www/2.0/schoolspecialplan/318/2024/31.json?a=www.gaokao.cn,data/shanghai/raw/plan_api/static/2024/318.json,1
2024,综合,318,上海对外经贸大学,148770,03,不限,050103,汉语国际教育,6,6500,四年,https://static-data.gaokao.cn/www/2.0/schoolspecialplan/318/2024/31.json?a=www.gaokao.cn,data/shanghai/raw/plan_api/static/2024/318.json,1
2024,综合,318,上海对外经贸大学,149167,02,不限,120901K,旅游管理,4,6500,四年,https://static-data.gaokao.cn/www/2.0/schoolspecialplan/318/2024/31.json?a=www.gaokao.cn,data/shanghai/raw/plan_api/static/2024/318.json,1
2024,综合,322,山西工院,149475,01,物理、化学(2科必选),080407,高分子材料与工程,2,5980,四年,https://static-data.gaokao.cn/www/2.0/schoolspecialplan/322/2024/31.json?a=www.gaokao.cn,data/shanghai/raw/plan_api/static/2024/322.json,1
2024,综合,322,山西工院,149475,01,物理、化学(2科必选),070302,应用化学,2,5980,四年,https://static-data.gaokao.cn/www/2.0/schoolspecialplan/322/2024/31.json?a=www.gaokao.cn,data/shanghai/raw/plan_api/static/2024/322.json,1
2024,综合,322,山西工院,148968,02,物理、地理(2科必选),070504,地理信息科学,3,5720,四年,https://static-data.gaokao.cn/www/2.0/schoolspecialplan/322/2024/31.json?a=www.gaokao.cn,data/shanghai/raw/plan_api/static/2024/322.json,1
2024,综合,322,山西工院,148534,04,不限,020101,经济学,2,5390,四年,https://static-data.gaokao.cn/www/2.0/schoolspecialplan/322/2024/31.json?a=www.gaokao.cn,data/shanghai/raw/plan_api/static/2024/322.json,1
2024,综合,322,山西工院,148672,03,物理必选,120105,工程造价,2,4900,四年,https://static-data.gaokao.cn/www/2.0/schoolspecialplan/322/2024/31.json?a=www.gaokao.cn,data/shanghai/raw/plan_api/static/2024/322.json,1
2024,综合,322,山西工院,148534,04,不限,120203K,会计学,2,5390,四年,https://static-data.gaokao.cn/www/2.0/schoolspecialplan/322/2024/31.json?a=www.gaokao.cn,data/shanghai/raw/plan_api/static/2024/322.json,1
2024,综合,322,山西工院,148534,04,不限,120204,财务管理,2,4900,四年,https://static-data.gaokao.cn/www/2.0/schoolspecialplan/322/2024/31.json?a=www.gaokao.cn,data/shanghai/raw/plan_api/static/2024/322.json,1
2024,综合,322,山西工院,148672,03,物理必选,082801,建筑学,2,5980,五年,https://static-data.gaokao.cn/www/2.0/schoolspecialplan/322/2024/31.json?a=www.gaokao.cn,data/shanghai/raw/plan_api/static/2024/322.json,1
2024,综合,322,山西工院,148672,03,物理必选,082803,风景园林,2,5200,四年,https://static-data.gaokao.cn/www/2.0/schoolspecialplan/322/2024/31.json?a=www.gaokao.cn,data/shanghai/raw/plan_api/static/2024/322.json,1
2024,综合,322,山西工院,148534,04,不限,120404,土地资源管理,1,4900,四年,https://static-data.gaokao.cn/www/2.0/schoolspecialplan/322/2024/31.json?a=www.gaokao.cn,data/shanghai/raw/plan_api/static/2024/322.json,1
2024,综合,322,山西工院,148534,04,不限,120403,劳动与社会保障,1,4900,四年,https://static-data.gaokao.cn/www/2.0/schoolspecialplan/322/2024/31.json?a=www.gaokao.cn,data/shanghai/raw/plan_api/static/2024/322.json,1
2024,综合,322,山西工院,148534,04,不限,120206,人力资源管理,1,5635,四年,https://static-data.gaokao.cn/www/2.0/schoolspecialplan/322/2024/31.json?a=www.gaokao.cn,data/shanghai/raw/plan_api/static/2024/322.json,1
2024,综合,322,山西工院,148534,04,不限,030101K,法学,1,5390,四年,https://static-data.gaokao.cn/www/2.0/schoolspecialplan/322/2024/31.json?a=www.gaokao.cn,data/shanghai/raw/plan_api/static/2024/322.json,1
2024,综合,322,山西工院,148672,03,物理必选,120104,房地产开发与管理,1,5635,四年,https://static-data.gaokao.cn/www/2.0/schoolspecialplan/322/2024/31.json?a=www.gaokao.cn,data/shanghai/raw/plan_api/static/2024/322.json,1
2024,综合,322,山西工院,148672,03,物理必选,020302,金融工程,1,4900,四年,https://static-data.gaokao.cn/www/2.0/schoolspecialplan/322/2024/31.json?a=www.gaokao.cn,data/shanghai/raw/plan_api/static/2024/322.json,1
2024,综合,322,山西工院,148534,04,不限,120405,城市管理,1,4900,四年,https://static-data.gaokao.cn/www/2.0/schoolspecialplan/322/2024/31.json?a=www.gaokao.cn,data/shanghai/raw/plan_api/static/2024/322.json,1
2024,综合,323,华东政法大学,149750,01,不限,030101K,法学,7,6500,四年,https://static-data.gaokao.cn/www/2.0/schoolspecialplan/323/2024/31.json?a=www.gaokao.cn,data/shanghai/raw/plan_api/static/2024/323.json,1
2024,综合,323,华东政法大学,148771,03,不限,0201,经济学类,103,6500,四年,https://static-data.gaokao.cn/www/2.0/schoolspecialplan/323/2024/31.json?a=www.gaokao.cn,data/shanghai/raw/plan_api/static/2024/323.json,1
2024,综合,323,华东政法大学,149168,02,不限,030101K,法学,6,6500,四年,https://static-data.gaokao.cn/www/2.0/schoolspecialplan/323/2024/31.json?a=www.gaokao.cn,data/shanghai/raw/plan_api/static/2024/323.json,1
2024,综合,323,华东政法大学,148771,03,不限,0303,社会学类,53,6500,四年,https://static-data.gaokao.cn/www/2.0/schoolspecialplan/323/2024/31.json?a=www.gaokao.cn,data/shanghai/raw/plan_api/static/2024/323.json,1
2024,综合,323,华东政法大学,148771,03,不限,050201,英语,50,6500,四年,https://static-data.gaokao.cn/www/2.0/schoolspecialplan/323/2024/31.json?a=www.gaokao.cn,data/shanghai/raw/plan_api/static/2024/323.json,1
2024,综合,323,华东政法大学,148771,03,不限,1204,公共管理类,48,6500,四年,https://static-data.gaokao.cn/www/2.0/schoolspecialplan/323/2024/31.json?a=www.gaokao.cn,data/shanghai/raw/plan_api/static/2024/323.json,1
2024,综合,323,华东政法大学,149168,02,不限,030102T,知识产权,45,6500,四年,https://static-data.gaokao.cn/www/2.0/schoolspecialplan/323/2024/31.json?a=www.gaokao.cn,data/shanghai/raw/plan_api/static/2024/323.json,1
2024,综合,323,华东政法大学,148578,04,物理、化学(2科必选),080901,计算机科学与技术,32,7000,四年,https://static-data.gaokao.cn/www/2.0/schoolspecialplan/323/2024/31.json?a=www.gaokao.cn,data/shanghai/raw/plan_api/static/2024/323.json,1
2024,综合,323,华东政法大学,148771,03,不限,050261,翻译,22,6500,四年,https://static-data.gaokao.cn/www/2.0/schoolspecialplan/323/2024/31.json?a=www.gaokao.cn,data/shanghai/raw/plan_api/static/2024/323.json,1
2024,综合,323,华东政法大学,148426,Q5,不限,050207,日语,21,6500,四年,https://static-data.gaokao.cn/www/2.0/schoolspecialplan/323/2024/31.json?a=www.gaokao.cn,data/shanghai/raw/plan_api/static/2024/323.json,0
2024,综合,323,华东政法大学,148771,03,不限,050306T,网络与新媒体,20,6500,四年,https://static-data.gaokao.cn/www/2.0/schoolspecialplan/323/2024/31.json?a=www.gaokao.cn,data/shanghai/raw/plan_api/static/2024/323.json,1
2024,综合,323,华东政法大学,148426,Q5,不限,050203,德语,19,6500,四年,https://static-data.gaokao.cn/www/2.0/schoolspecialplan/323/2024/31.json?a=www.gaokao.cn,data/shanghai/raw/plan_api/static/2024/323.json,0
2024,综合,323,华东政法大学,148771,03,不限,050101,汉语言文学,16,6500,四年,https://static-data.gaokao.cn/www/2.0/schoolspecialplan/323/2024/31.json?a=www.gaokao.cn,data/shanghai/raw/plan_api/static/2024/323.json,1
2024,综合,323,华东政法大学,148771,03,不限,050301,新闻学,5,6500,四年,https://static-data.gaokao.cn/www/2.0/schoolspecialplan/323/2024/31.json?a=www.gaokao.cn,data/shanghai/raw/plan_api/static/2024/323.json,1
2024,综合,323,华东政法大学,148771,03,不限,120401,公共事业管理,14,6500,四年,https://static-data.gaokao.cn/www/2.0/schoolspecialplan/323/2024/31.json?a=www.gaokao.cn,data/shanghai/raw/plan_api/static/2024/323.json,1
2024,综合,323,华东政法大学,149168,02,不限,030110TK,司法鉴定学,10,6500,四年,https://static-data.gaokao.cn/www/2.0/schoolspecialplan/323/2024/31.json?a=www.gaokao.cn,data/shanghai/raw/plan_api/static/2024/323.json,1
2024,综合,323,华东政法大学,148771,03,不限,120210,文化产业管理,8,6500,四年,https://static-data.gaokao.cn/www/2.0/schoolspecialplan/323/2024/31.json?a=www.gaokao.cn,data/shanghai/raw/plan_api/static/2024/323.json,1
2024,综合,324,运城职大,149737,01,不限,050301,新闻学,10,6500,四年,https://static-data.gaokao.cn/www/2.0/schoolspecialplan/324/2024/31.json?a=www.gaokao.cn,data/shanghai/raw/plan_api/static/2024/324.json,1
2024,综合,324,运城职大,148495,05,物理、化学(2科必选),1010,医学技术类,75,7000,四年,https://static-data.gaokao.cn/www/2.0/schoolspecialplan/324/2024/31.json?a=www.gaokao.cn,data/shanghai/raw/plan_api/static/2024/324.json,0
2024,综合,324,运城职大,148569,04,不限,1202,工商管理类,40,6500,四年,https://static-data.gaokao.cn/www/2.0/schoolspecialplan/324/2024/31.json?a=www.gaokao.cn,data/shanghai/raw/plan_api/static/2024/324.json,0
2024,综合,324,运城职大,148464,06,物理、化学(2科必选),080910T,数据科学与大数据技术,20,7000,四年,https://static-data.gaokao.cn/www/2.0/schoolspecialplan/324/2024/31.json?a=www.gaokao.cn,data/shanghai/raw/plan_api/static/2024/324.json,0
2024,综合,324,运城职大,149158,02,不限,050201,英语,10,6500,四年,https://static-data.gaokao.cn/www/2.0/schoolspecialplan/324/2024/31.json?a=www.gaokao.cn,data/shanghai/raw/plan_api/static/2024/324.json,1
2024,综合,324,运城职大,148762,03,不限,050103,汉语国际教育,10,6500,四年,https://static-data.gaokao.cn/www/2.0/schoolspecialplan/324/2024/31.json?a=www.gaokao.cn,data/shanghai/raw/plan_api/static/2024/324.json,0
2024,综合,326,上海音乐学院,149744,01,历史必选,130102T,艺术管理,37,13000,四年,https://static-data.gaokao.cn/www/2.0/schoolspecialplan/326/2024/31.json?a=www.gaokao.cn,data/shanghai/raw/plan_api/static/2024/326.json,1
2024,综合,326,上海音乐学院,149164,02,不限,130509T,艺术与科技,40,13000,四年,https://static-data.gaokao.cn/www/2.0/schoolspecialplan/326/2024/31.json?a=www.gaokao.cn,data/shanghai/raw/plan_api/static/2024/326.json,1
2024,综合,327,上海戏剧学院,149746,01,不限,130102T,艺术管理,8,13000,四年,https://static-data.gaokao.cn/www/2.0/schoolspecialplan/327/2024/31.json?a=www.gaokao.cn,data/shanghai/raw/plan_api/static/2024/327.json,1
2024,综合,327,上海戏剧学院,149746,01,不限,130305,广播电视编导,4,13000,四年,https://static-data.gaokao.cn/www/2.0/schoolspecialplan/327/2024/31.json?a=www.gaokao.cn,data/shanghai/raw/plan_api/static/2024/327.json,1
2024,综合,327,上海戏剧学院,149746,01,不限,130311T,影视摄影与制作,4,13000,四年,https://static-data.gaokao.cn/www/2.0/schoolspecialplan/327/2024/31.json?a=www.gaokao.cn,data/shanghai/raw/plan_api/static/2024/327.json,1
2024,综合,327,上海戏剧学院,149746,01,不限,130304,戏剧影视文学,4,13000,四年,https://static-data.gaokao.cn/www/2.0/schoolspecialplan/327/2024/31.json?a=www.gaokao.cn,data/shanghai/raw/plan_api/static/2024/327.json,1
2024,综合,327,上海戏剧学院,149746,01,不限,130313T,戏剧教育,4,13000,四年,https://static-data.gaokao.cn/www/2.0/schoolspecialplan/327/2024/31.json?a=www.gaokao.cn,data/shanghai/raw/plan_api/static/2024/327.json,1
2024,综合,327,上海戏剧学院,149746,01,不限,130302,戏剧学,3,13000,四年,https://static-data.gaokao.cn/www/2.0/schoolspecialplan/327/2024/31.json?a=www.gaokao.cn,data/shanghai/raw/plan_api/static/2024/327.json,1
2024,综合,328,内蒙大学,149479,01,物、化、生(3科必选),080703,通信工程,1,5200,四年,https://static-data.gaokao.cn/www/2.0/schoolspecialplan/328/2024/31.json?a=www.gaokao.cn,data/shanghai/raw/plan_api/static/2024/328.json,1
2024,综合,328,内蒙大学,149479,01,物、化、生(3科必选),071102,应用心理学,1,5200,四年,https://static-data.gaokao.cn/www/2.0/schoolspecialplan/328/2024/31.json?a=www.gaokao.cn,data/shanghai/raw/plan_api/static/2024/328.json,1
2024,综合,328,内蒙大学,149479,01,物、化、生(3科必选),080903,网络工程,1,5200,四年,https://static-data.gaokao.cn/www/2.0/schoolspecialplan/328/2024/31.json?a=www.gaokao.cn,data/shanghai/raw/plan_api/static/2024/328.json,1
2024,综合,328,内蒙大学,149479,01,物、化、生(3科必选),080904K,信息安全,1,5200,四年,https://static-data.gaokao.cn/www/2.0/schoolspecialplan/328/2024/31.json?a=www.gaokao.cn,data/shanghai/raw/plan_api/static/2024/328.json,1
2024,综合,328,内蒙大学,149479,01,物、化、生(3科必选),080705,光电信息科学与工程,1,5200,四年,https://static-data.gaokao.cn/www/2.0/schoolspecialplan/328/2024/31.json?a=www.gaokao.cn,data/shanghai/raw/plan_api/static/2024/328.json,1
2024,综合,328,内蒙大学,149479,01,物、化、生(3科必选),083001,生物工程,1,5720,四年,https://static-data.gaokao.cn/www/2.0/schoolspecialplan/328/2024/31.json?a=www.gaokao.cn,data/shanghai/raw/plan_api/static/2024/328.json,1
2024,综合,328,内蒙大学,149479,01,物、化、生(3科必选),070301,化学,1,5200,四年,https://static-data.gaokao.cn/www/2.0/schoolspecialplan/328/2024/31.json?a=www.gaokao.cn,data/shanghai/raw/plan_api/static/2024/328.json,1
2024,综合,328,内蒙大学,149479,01,物、化、生(3科必选),071001,生物科学,1,5200,四年,https://static-data.gaokao.cn/www/2.0/schoolspecialplan/328/2024/31.json?a=www.gaokao.cn,data/shanghai/raw/plan_api/static/2024/328.json,1
2024,综合,328,内蒙大学,149479,01,物、化、生(3科必选),080910T,数据科学与大数据技术,1,5200,四年,https://static-data.gaokao.cn/www/2.0/schoolspecialplan/328/2024/31.json?a=www.gaokao.cn,data/shanghai/raw/plan_api/static/2024/328.json,1
2024,综合,328,内蒙大学,149479,01,物、化、生(3科必选),080402,材料物理,1,5200,四年,https://static-data.gaokao.cn/www/2.0/schoolspecialplan/328/2024/31.json?a=www.gaokao.cn,data/shanghai/raw/plan_api/static/2024/328.json,1
2024,综合,328,内蒙大学,148970,02,不限,020101,经济学,2,4900,四年,https://static-data.gaokao.cn/www/2.0/schoolspecialplan/328/2024/31.json?a=www.gaokao.cn,data/shanghai/raw/plan_api/static/2024/328.json,1
2024,综合,328,内蒙大学,148970,02,不限,120203K,会计学,2,4900,四年,https://static-data.gaokao.cn/www/2.0/schoolspecialplan/328/2024/31.json?a=www.gaokao.cn,data/shanghai/raw/plan_api/static/2024/328.json,1
2024,综合,328,内蒙大学,148970,02,不限,050262,商务英语,2,4900,四年,https://static-data.gaokao.cn/www/2.0/schoolspecialplan/328/2024/31.json?a=www.gaokao.cn,data/shanghai/raw/plan_api/static/2024/328.json,1
2024,综合,328,内蒙大学,148970,02,不限,120206,人力资源管理,1,4900,四年,https://static-data.gaokao.cn/www/2.0/schoolspecialplan/328/2024/31.json?a=www.gaokao.cn,data/shanghai/raw/plan_api/static/2024/328.json,1
2024,综合,328,内蒙大学,148970,02,不限,050207,日语,1,4900,四年,https://static-data.gaokao.cn/www/2.0/schoolspecialplan/328/2024/31.json?a=www.gaokao.cn,data/shanghai/raw/plan_api/static/2024/328.json,1
2024,综合,328,内蒙大学,148970,02,不限,040108,特殊教育,1,5390,四年,https://static-data.gaokao.cn/www/2.0/schoolspecialplan/328/2024/31.json?a=www.gaokao.cn,data/shanghai/raw/plan_api/static/2024/328.json,1
2024,综合,328,内蒙大学,148970,02,不限,050201,英语,1,5390,四年,https://static-data.gaokao.cn/www/2.0/schoolspecialplan/328/2024/31.json?a=www.gaokao.cn,data/shanghai/raw/plan_api/static/2024/328.json,1
2024,综合,329,上海杉达学院,149751,01,不限,050201,英语,28,35000,四年,https://static-data.gaokao.cn/www/2.0/schoolspecialplan/329/2024/31.json?a=www.gaokao.cn,data/shanghai/raw/plan_api/static/2024/329.json,1
2024,综合,329,上海杉达学院,149751,01,不限,120902,酒店管理,25,35000,四年,https://static-data.gaokao.cn/www/2.0/schoolspecialplan/329/2024/31.json?a=www.gaokao.cn,data/shanghai/raw/plan_api/static/2024/329.json,1
2024,综合,329,上海杉达学院,149751,01,不限,120403,劳动与社会保障,25,35000,四年,https://static-data.gaokao.cn/www/2.0/schoolspecialplan/329/2024/31.json?a=www.gaokao.cn,data/shanghai/raw/plan_api/static/2024/329.json,1
2024,综合,329,上海杉达学院,149751,01,不限,082803,风景园林,23,35000,四年,https://static-data.gaokao.cn/www/2.0/schoolspecialplan/329/2024/31.json?a=www.gaokao.cn,data/shanghai/raw/plan_api/static/2024/329.json,1
2024,综合,329,上海杉达学院,149751,01,不限,030101K,法学,21,35000,四年,https://static-data.gaokao.cn/www/2.0/schoolspecialplan/329/2024/31.json?a=www.gaokao.cn,data/shanghai/raw/plan_api/static/2024/329.json,1
2024,综合,329,上海杉达学院,149751,01,不限,020401,国际经济与贸易,21,35000,四年,https://static-data.gaokao.cn/www/2.0/schoolspecialplan/329/2024/31.json?a=www.gaokao.cn,data/shanghai/raw/plan_api/static/2024/329.json,1
2024,综合,329,上海杉达学院,149751,01,不限,050103,汉语国际教育,21,35000,四年,https://static-data.gaokao.cn/www/2.0/schoolspecialplan/329/2024/31.json?a=www.gaokao.cn,data/shanghai/raw/plan_api/static/2024/329.json,1
2024,综合,329,上海杉达学院,149751,01,不限,120206,人力资源管理,21,35000,四年,https://static-data.gaokao.cn/www/2.0/schoolspecialplan/329/2024/31.json?a=www.gaokao.cn,data/shanghai/raw/plan_api/static/2024/329.json,1
2024,综合,329,上海杉达学院,149751,01,不限,050205,西班牙语,20,35000,四年,https://static-data.gaokao.cn/www/2.0/schoolspecialplan/329/2024/31.json?a=www.gaokao.cn,data/shanghai/raw/plan_api/static/2024/329.json,1
2024,综合,329,上海杉达学院,149751,01,不限,120203K,会计学,19,35000,四年,https://static-data.gaokao.cn/www/2.0/schoolspecialplan/329/2024/31.json?a=www.gaokao.cn,data/shanghai/raw/plan_api/static/2024/329.json,1
2024,综合,329,上海杉达学院,149751,01,不限,120901K,旅游管理,17,35000,四年,https://static-data.gaokao.cn/www/2.0/schoolspecialplan/329/2024/31.json?a=www.gaokao.cn,data/shanghai/raw/plan_api/static/2024/329.json,1
2024,综合,329,上海杉达学院,149751,01,不限,020301K,金融学,17,35000,四年,https://static-data.gaokao.cn/www/2.0/schoolspecialplan/329/2024/31.json?a=www.gaokao.cn,data/shanghai/raw/plan_api/static/2024/329.json,1
2024,综合,329,上海杉达学院,149751,01,不限,120204,财务管理,15,35000,四年,https://static-data.gaokao.cn/www/2.0/schoolspecialplan/329/2024/31.json?a=www.gaokao.cn,data/shanghai/raw/plan_api/static/2024/329.json,1
2024,综合,329,上海杉达学院,149751,01,不限,120202,市场营销,12,35000,四年,https://static-data.gaokao.cn/www/2.0/schoolspecialplan/329/2024/31.json?a=www.gaokao.cn,data/shanghai/raw/plan_api/static/2024/329.json,1
2024,综合,329,上海杉达学院,149751,01,不限,050306T,网络与新媒体,8,35000,四年,https://static-data.gaokao.cn/www/2.0/schoolspecialplan/329/2024/31.json?a=www.gaokao.cn,data/shanghai/raw/plan_api/static/2024/329.json,1
2024,综合,329,上海杉达学院,149751,01,不限,050308T,时尚传播,7,35000,四年,https://static-data.gaokao.cn/www/2.0/schoolspecialplan/329/2024/31.json?a=www.gaokao.cn,data/shanghai/raw/plan_api/static/2024/329.json,1
2024,综合,329,上海杉达学院,149751,01,不限,050301,新闻学,4,35000,四年,https://static-data.gaokao.cn/www/2.0/schoolspecialplan/329/2024/31.json?a=www.gaokao.cn,data/shanghai/raw/plan_api/static/2024/329.json,1
2024,综合,329,上海杉达学院,149751,01,不限,050207,日语,2,35000,四年,https://static-data.gaokao.cn/www/2.0/schoolspecialplan/329/2024/31.json?a=www.gaokao.cn,data/shanghai/raw/plan_api/static/2024/329.json,1
2024,综合,329,上海杉达学院,149751,01,不限,120801,电子商务,1,35000,四年,https://static-data.gaokao.cn/www/2.0/schoolspecialplan/329/2024/31.json?a=www.gaokao.cn,data/shanghai/raw/plan_api/static/2024/329.json,1
2024,综合,329,上海杉达学院,148772,03,化学必选,101101K,护理学,75,35000,四年,https://static-data.gaokao.cn/www/2.0/schoolspecialplan/329/2024/31.json?a=www.gaokao.cn,data/shanghai/raw/plan_api/static/2024/329.json,1
2024,综合,329,上海杉达学院,149169,02,物理、化学(2科必选),080901,计算机科学与技术,66,35000,四年,https://static-data.gaokao.cn/www/2.0/schoolspecialplan/329/2024/31.json?a=www.gaokao.cn,data/shanghai/raw/plan_api/static/2024/329.json,1
2024,综合,329,上海杉达学院,149169,02,物理、化学(2科必选),080910T,数据科学与大数据技术,65,35000,四年,https://static-data.gaokao.cn/www/2.0/schoolspecialplan/329/2024/31.json?a=www.gaokao.cn,data/shanghai/raw/plan_api/static/2024/329.json,1
2024,综合,329,上海杉达学院,149169,02,物理、化学(2科必选),080204,机械电子工程,52,35000,四年,https://static-data.gaokao.cn/www/2.0/schoolspecialplan/329/2024/31.json?a=www.gaokao.cn,data/shanghai/raw/plan_api/static/2024/329.json,1
2024,综合,329,上海杉达学院,149169,02,物理、化学(2科必选),080902,软件工程,46,35000,四年,https://static-data.gaokao.cn/www/2.0/schoolspecialplan/329/2024/31.json?a=www.gaokao.cn,data/shanghai/raw/plan_api/static/2024/329.json,1
2024,综合,329,上海杉达学院,149169,02,物理、化学(2科必选),082702,食品质量与安全,37,35000,四年,https://static-data.gaokao.cn/www/2.0/schoolspecialplan/329/2024/31.json?a=www.gaokao.cn,data/shanghai/raw/plan_api/static/2024/329.json,1
2024,综合,329,上海杉达学院,149169,02,物理、化学(2科必选),080604T,电气工程与智能控制,27,35000,四年,https://static-data.gaokao.cn/www/2.0/schoolspecialplan/329/2024/31.json?a=www.gaokao.cn,data/shanghai/raw/plan_api/static/2024/329.json,1
2024,综合,329,上海杉达学院,149169,02,物理、化学(2科必选),081001,土木工程,26,35000,四年,https://static-data.gaokao.cn/www/2.0/schoolspecialplan/329/2024/31.json?a=www.gaokao.cn,data/shanghai/raw/plan_api/static/2024/329.json,1
2024,综合,329,上海杉达学院,149169,02,物理、化学(2科必选),081004,建筑电气与智能化,24,35000,四年,https://static-data.gaokao.cn/www/2.0/schoolspecialplan/329/2024/31.json?a=www.gaokao.cn,data/shanghai/raw/plan_api/static/2024/329.json,1
2024,综合,329,上海杉达学院,148502,05,不限,020301K,金融学,11,45000,四年,https://static-data.gaokao.cn/www/2.0/schoolspecialplan/329/2024/31.json?a=www.gaokao.cn,data/shanghai/raw/plan_api/static/2024/329.json,1
2024,综合,329,上海杉达学院,148502,05,不限,120203K,会计学,13,60000,四年,https://static-data.gaokao.cn/www/2.0/schoolspecialplan/329/2024/31.json?a=www.gaokao.cn,data/shanghai/raw/plan_api/static/2024/329.json,1
2024,综合,329,上海杉达学院,148579,04,物理必选,120103,工程管理,11,35000,四年,https://static-data.gaokao.cn/www/2.0/schoolspecialplan/329/2024/31.json?a=www.gaokao.cn,data/shanghai/raw/plan_api/static/2024/329.json,1
2024,综合,329,上海杉达学院,149169,02,物理、化学(2科必选),101005,康复治疗学,9,35000,四年,https://static-data.gaokao.cn/www/2.0/schoolspecialplan/329/2024/31.json?a=www.gaokao.cn,data/shanghai/raw/plan_api/static/2024/329.json,1
2024,综合,329,上海杉达学院,148502,05,不限,120901K,旅游管理,4,60000,四年,https://static-data.gaokao.cn/www/2.0/schoolspecialplan/329/2024/31.json?a=www.gaokao.cn,data/shanghai/raw/plan_api/static/2024/329.json,1
2024,综合,329,上海杉达学院,148502,05,不限,120902,酒店管理,4,60000,四年,https://static-data.gaokao.cn/www/2.0/schoolspecialplan/329/2024/31.json?a=www.gaokao.cn,data/shanghai/raw/plan_api/static/2024/329.json,1
2024,综合,329,上海杉达学院,148502,05,不限,050308T,时尚传播,4,60000,四年,https://static-data.gaokao.cn/www/2.0/schoolspecialplan/329/2024/31.json?a=www.gaokao.cn,data/shanghai/raw/plan_api/static/2024/329.json,1
2024,综合,329,上海杉达学院,148502,05,不限,120204,财务管理,3,45000,四年,https://static-data.gaokao.cn/www/2.0/schoolspecialplan/329/2024/31.json?a=www.gaokao.cn,data/shanghai/raw/plan_api/static/2024/329.json,1
2024,综合,330,西安交通大学,149234,01,物理、化学(2科必选),080704,微电子科学与工程,3,6600,四年,https://static-data.gaokao.cn/www/2.0/schoolspecialplan/330/2024/31.json?a=www.gaokao.cn,data/shanghai/raw/plan_api/static/2024/330.json,1
2024,综合,330,西安交通大学,149234,01,物理、化学(2科必选),97698,工科试验班,1,6600,四年,https://static-data.gaokao.cn/www/2.0/schoolspecialplan/330/2024/31.json?a=www.gaokao.cn,data/shanghai/raw/plan_api/static/2024/330.json,1
2024,综合,330,西安交通大学,149234,01,物理、化学(2科必选),080801,自动化,2,6600,四年,https://static-data.gaokao.cn/www/2.0/schoolspecialplan/330/2024/31.json?a=www.gaokao.cn,data/shanghai/raw/plan_api/static/2024/330.json,1
2024,综合,330,西安交通大学,149234,01,物理、化学(2科必选),080706,信息工程,2,6600,四年,https://static-data.gaokao.cn/www/2.0/schoolspecialplan/330/2024/31.json?a=www.gaokao.cn,data/shanghai/raw/plan_api/static/2024/330.json,1
2024,综合,330,西安交通大学,149234,01,物理、化学(2科必选),080902,软件工程,2,6600,四年,https://static-data.gaokao.cn/www/2.0/schoolspecialplan/330/2024/31.json?a=www.gaokao.cn,data/shanghai/raw/plan_api/static/2024/330.json,1
2024,综合,330,西安交通大学,149234,01,物理、化学(2科必选),120203K,会计学,1,5500,四年,https://static-data.gaokao.cn/www/2.0/schoolspecialplan/330/2024/31.json?a=www.gaokao.cn,data/shanghai/raw/plan_api/static/2024/330.json,1
2024,综合,330,西安交通大学,149234,01,物理、化学(2科必选),97655,理科试验班,1,6600,四年,https://static-data.gaokao.cn/www/2.0/schoolspecialplan/330/2024/31.json?a=www.gaokao.cn,data/shanghai/raw/plan_api/static/2024/330.json,1
2024,综合,330,西安交通大学,149234,01,物理、化学(2科必选),080504T,储能科学与工程,1,6600,四年,https://static-data.gaokao.cn/www/2.0/schoolspecialplan/330/2024/31.json?a=www.gaokao.cn,data/shanghai/raw/plan_api/static/2024/330.json,1
2024,综合,330,西安交通大学,148816,02,物理、化学(2科必选),080205,工业设计,4,90000,四年,https://static-data.gaokao.cn/www/2.0/schoolspecialplan/330/2024/31.json?a=www.gaokao.cn,data/shanghai/raw/plan_api/static/2024/330.json,1
2024,综合,330,西安交通大学,148816,02,物理、化学(2科必选),082801,建筑学,4,90000,五年,https://static-data.gaokao.cn/www/2.0/schoolspecialplan/330/2024/31.json?a=www.gaokao.cn,data/shanghai/raw/plan_api/static/2024/330.json,1
2024,综合,332,西北农林科技大学,149231,01,物理、化学(2科必选),082710T,食品营养与健康,2,6600,四年,https://static-data.gaokao.cn/www/2.0/schoolspecialplan/332/2024/31.json?a=www.gaokao.cn,data/shanghai/raw/plan_api/static/2024/332.json,1
2024,综合,332,西北农林科技大学,149231,01,物理、化学(2科必选),0904,动物医学类,2,6600,-,https://static-data.gaokao.cn/www/2.0/schoolspecialplan/332/2024/31.json?a=www.gaokao.cn,data/shanghai/raw/plan_api/static/2024/332.json,1
2024,综合,332,西北农林科技大学,148814,02,物、化、生(3科必选),0710,生物科学类,3,6600,四年,https://static-data.gaokao.cn/www/2.0/schoolspecialplan/332/2024/31.json?a=www.gaokao.cn,data/shanghai/raw/plan_api/static/2024/332.json,1
2024,综合,332,西北农林科技大学,148509,04,不限,030101K,法学,2,5500,四年,https://static-data.gaokao.cn/www/2.0/schoolspecialplan/332/2024/31.json?a=www.gaokao.cn,data/shanghai/raw/plan_api/static/2024/332.json,1
2024,综合,332,西北农林科技大学,148597,03,物理必选,082803,风景园林,2,6600,四年,https://static-data.gaokao.cn/www/2.0/schoolspecialplan/332/2024/31.json?a=www.gaokao.cn,data/shanghai/raw/plan_api/static/2024/332.json,1
2024,综合,332,西北农林科技大学,148509,04,不限,0201,经济学类,2,5500,四年,https://static-data.gaokao.cn/www/2.0/schoolspecialplan/332/2024/31.json?a=www.gaokao.cn,data/shanghai/raw/plan_api/static/2024/332.json,1
2024,综合,332,西北农林科技大学,148509,04,不限,1202,工商管理类,2,5500,四年,https://static-data.gaokao.cn/www/2.0/schoolspecialplan/332/2024/31.json?a=www.gaokao.cn,data/shanghai/raw/plan_api/static/2024/332.json,1
2024,综合,333,淮南师范学院,149476,01,物理、化学(2科必选),080717T,人工智能,2,4900,四年,https://static-data.gaokao.cn/www/2.0/schoolspecialplan/333/2024/31.json?a=www.gaokao.cn,data/shanghai/raw/plan_api/static/2024/333.json,1
2024,综合,333,淮南师范学院,148673,03,不限,040106,学前教育,2,4600,四年,https://static-data.gaokao.cn/www/2.0/schoolspecialplan/333/2024/31.json?a=www.gaokao.cn,data/shanghai/raw/plan_api/static/2024/333.json,1
2024,综合,333,淮南师范学院,148673,03,不限,050301,新闻学,2,4600,四年,https://static-data.gaokao.cn/www/2.0/schoolspecialplan/333/2024/31.json?a=www.gaokao.cn,data/shanghai/raw/plan_api/static/2024/333.json,1
2024,综合,333,淮南师范学院,148673,03,不限,050262,商务英语,2,4600,四年,https://static-data.gaokao.cn/www/2.0/schoolspecialplan/333/2024/31.json?a=www.gaokao.cn,data/shanghai/raw/plan_api/static/2024/333.json,1
2024,综合,333,淮南师范学院,148673,03,不限,050201,英语,2,5060,四年,https://static-data.gaokao.cn/www/2.0/schoolspecialplan/333/2024/31.json?a=www.gaokao.cn,data/shanghai/raw/plan_api/static/2024/333.json,1
2024,综合,333,淮南师范学院,148969,02,物理必选,020302,金融工程,2,4600,四年,https://static-data.gaokao.cn/www/2.0/schoolspecialplan/333/2024/31.json?a=www.gaokao.cn,data/shanghai/raw/plan_api/static/2024/333.json,1
2024,综合,333,淮南师范学院,148673,03,不限,050303,广告学,2,4600,四年,https://static-data.gaokao.cn/www/2.0/schoolspecialplan/333/2024/31.json?a=www.gaokao.cn,data/shanghai/raw/plan_api/static/2024/333.json,1
2024,综合,333,淮南师范学院,148673,03,不限,071102,应用心理学,2,4900,四年,https://static-data.gaokao.cn/www/2.0/schoolspecialplan/333/2024/31.json?a=www.gaokao.cn,data/shanghai/raw/plan_api/static/2024/333.json,1
2024,综合,333,淮南师范学院,148969,02,物理必选,020109T,数字经济,2,4600,四年,https://static-data.gaokao.cn/www/2.0/schoolspecialplan/333/2024/31.json?a=www.gaokao.cn,data/shanghai/raw/plan_api/static/2024/333.json,1
2024,综合,333,淮南师范学院,148969,02,物理必选,120108T,大数据管理与应用,2,4600,四年,https://static-data.gaokao.cn/www/2.0/schoolspecialplan/333/2024/31.json?a=www.gaokao.cn,data/shanghai/raw/plan_api/static/2024/333.json,1
2024,综合,334,陕西师范大学,149230,01,物理、化学(2科必选),0809,计算机类,2,6600,四年,https://static-data.gaokao.cn/www/2.0/schoolspecialplan/334/2024/31.json?a=www.gaokao.cn,data/shanghai/raw/plan_api/static/2024/334.json,1
2024,综合,334,陕西师范大学,149230,01,物理、化学(2科必选),0710,生物科学类,2,6600,四年,https://static-data.gaokao.cn/www/2.0/schoolspecialplan/334/2024/31.json?a=www.gaokao.cn,data/shanghai/raw/plan_api/static/2024/334.json,1
2024,综合,334,陕西师范大学,149230,01,物理、化学(2科必选),0804,材料类,2,6600,四年,https://static-data.gaokao.cn/www/2.0/schoolspecialplan/334/2024/31.json?a=www.gaokao.cn,data/shanghai/raw/plan_api/static/2024/334.json,1
2024,综合,334,陕西师范大学,148813,02,历史必选,0501,中国语言文学类,3,5500,四年,https://static-data.gaokao.cn/www/2.0/schoolspecialplan/334/2024/31.json?a=www.gaokao.cn,data/shanghai/raw/plan_api/static/2024/334.json,1
2024,综合,334,陕西师范大学,148596,03,不限,0503,新闻传播学类,2,5500,四年,https://static-data.gaokao.cn/www/2.0/schoolspecialplan/334/2024/31.json?a=www.gaokao.cn,data/shanghai/raw/plan_api/static/2024/334.json,1
2024,综合,335,理工盘锦,149477,01,不限,120203K,会计学,4,5635,四年,https://static-data.gaokao.cn/www/2.0/schoolspecialplan/335/2024/31.json?a=www.gaokao.cn,data/shanghai/raw/plan_api/static/2024/335.json,1
2024,综合,335,理工盘锦,149477,01,不限,020301K,金融学,4,5635,四年,https://static-data.gaokao.cn/www/2.0/schoolspecialplan/335/2024/31.json?a=www.gaokao.cn,data/shanghai/raw/plan_api/static/2024/335.json,1
2024,综合,335,理工盘锦,149477,01,不限,0204,经济与贸易类,4,5635,四年,https://static-data.gaokao.cn/www/2.0/schoolspecialplan/335/2024/31.json?a=www.gaokao.cn,data/shanghai/raw/plan_api/static/2024/335.json,1
2024,综合,335,理工盘锦,149477,01,不限,120604T,供应链管理,3,4900,四年,https://static-data.gaokao.cn/www/2.0/schoolspecialplan/335/2024/31.json?a=www.gaokao.cn,data/shanghai/raw/plan_api/static/2024/335.json,1
2024,综合,336,延安大学,149211,01,物理必选,040206T,运动康复,2,5000,四年,https://static-data.gaokao.cn/www/2.0/schoolspecialplan/336/2024/31.json?a=www.gaokao.cn,data/shanghai/raw/plan_api/static/2024/336.json,1
2024,综合,336,延安大学,148802,02,不限,120201K,工商管理,3,5000,四年,https://static-data.gaokao.cn/www/2.0/schoolspecialplan/336/2024/31.json?a=www.gaokao.cn,data/shanghai/raw/plan_api/static/2024/336.json,1
2024,综合,336,延安大学,148802,02,不限,030302,社会工作,3,5000,四年,https://static-data.gaokao.cn/www/2.0/schoolspecialplan/336/2024/31.json?a=www.gaokao.cn,data/shanghai/raw/plan_api/static/2024/336.json,1
2024,综合,336,延安大学,148802,02,不限,030101K,法学,2,5000,四年,https://static-data.gaokao.cn/www/2.0/schoolspecialplan/336/2024/31.json?a=www.gaokao.cn,data/shanghai/raw/plan_api/static/2024/336.json,1
2024,综合,342,昆明理工大学,149250,01,物理、化学(2科必选),080401,材料科学与工程,3,4500,四年,https://static-data.gaokao.cn/www/2.0/schoolspecialplan/342/2024/31.json?a=www.gaokao.cn,data/shanghai/raw/plan_api/static/2024/342.json,1
2024,综合,342,昆明理工大学,149250,01,物理、化学(2科必选),080601,电气工程及其自动化,2,4500,四年,https://static-data.gaokao.cn/www/2.0/schoolspecialplan/342/2024/31.json?a=www.gaokao.cn,data/shanghai/raw/plan_api/static/2024/342.json,1
2024,综合,342,昆明理工大学,149250,01,物理、化学(2科必选),080201,机械工程,2,4500,四年,https://static-data.gaokao.cn/www/2.0/schoolspecialplan/342/2024/31.json?a=www.gaokao.cn,data/shanghai/raw/plan_api/static/2024/342.json,1
2024,综合,342,昆明理工大学,148824,02,物、化、生(3科必选),080801,自动化,2,4500,四年,https://static-data.gaokao.cn/www/2.0/schoolspecialplan/342/2024/31.json?a=www.gaokao.cn,data/shanghai/raw/plan_api/static/2024/342.json,1
2024,综合,343,云南农业大学,149249,01,物理、化学(2科必选),082702,食品质量与安全,1,4500,四年,https://static-data.gaokao.cn/www/2.0/schoolspecialplan/343/2024/31.json?a=www.gaokao.cn,data/shanghai/raw/plan_api/static/2024/343.json,1
2024,综合,343,云南农业大学,149249,01,物理、化学(2科必选),090101,农学,1,4500,四年,https://static-data.gaokao.cn/www/2.0/schoolspecialplan/343/2024/31.json?a=www.gaokao.cn,data/shanghai/raw/plan_api/static/2024/343.json,1
2024,综合,343,云南农业大学,149249,01,物理、化学(2科必选),090401,动物医学,1,4500,五年,https://static-data.gaokao.cn/www/2.0/schoolspecialplan/343/2024/31.json?a=www.gaokao.cn,data/shanghai/raw/plan_api/static/2024/343.json,1
2024,综合,343,云南农业大学,149249,01,物理、化学(2科必选),071002,生物技术,1,4500,四年,https://static-data.gaokao.cn/www/2.0/schoolspecialplan/343/2024/31.json?a=www.gaokao.cn,data/shanghai/raw/plan_api/static/2024/343.json,1
2024,综合,343,云南农业大学,149249,01,物理、化学(2科必选),090403T,动植物检疫,1,4500,四年,https://static-data.gaokao.cn/www/2.0/schoolspecialplan/343/2024/31.json?a=www.gaokao.cn,data/shanghai/raw/plan_api/static/2024/343.json,1
2024,综合,344,云南师范大学,149246,01,历史、思想政治(2科必选),050101,汉语言文学,2,3400,四年,https://static-data.gaokao.cn/www/2.0/schoolspecialplan/344/2024/31.json?a=www.gaokao.cn,data/shanghai/raw/plan_api/static/2024/344.json,1
2024,综合,344,云南师范大学,148822,02,物理、化学(2科必选),070101,数学与应用数学,2,4500,四年,https://static-data.gaokao.cn/www/2.0/schoolspecialplan/344/2024/31.json?a=www.gaokao.cn,data/shanghai/raw/plan_api/static/2024/344.json,1
2024,综合,347,昆明医科大学,149248,01,物理、化学(2科必选),100201K,临床医学,3,5000,五年,https://static-data.gaokao.cn/www/2.0/schoolspecialplan/347/2024/31.json?a=www.gaokao.cn,data/shanghai/raw/plan_api/static/2024/347.json,1
2024,综合,347,昆明医科大学,149248,01,物理、化学(2科必选),101009T,康复物理治疗,1,5000,四年,https://static-data.gaokao.cn/www/2.0/schoolspecialplan/347/2024/31.json?a=www.gaokao.cn,data/shanghai/raw/plan_api/static/2024/347.json,1
2024,综合,347,昆明医科大学,149248,01,物理、化学(2科必选),100703TK,临床药学,1,5000,五年,https://static-data.gaokao.cn/www/2.0/schoolspecialplan/347/2024/31.json?a=www.gaokao.cn,data/shanghai/raw/plan_api/static/2024/347.json,1
2024,综合,347,昆明医科大学,149248,01,物理、化学(2科必选),100203TK,医学影像学,1,5000,五年,https://static-data.gaokao.cn/www/2.0/schoolspecialplan/347/2024/31.json?a=www.gaokao.cn,data/shanghai/raw/plan_api/static/2024/347.json,1
2024,综合,347,昆明医科大学,149248,01,物理、化学(2科必选),100301K,口腔医学,1,5000,五年,https://static-data.gaokao.cn/www/2.0/schoolspecialplan/347/2024/31.json?a=www.gaokao.cn,data/shanghai/raw/plan_api/static/2024/347.json,1
2024,综合,347,昆明医科大学,149248,01,物理、化学(2科必选),100202TK,麻醉学,1,5000,五年,https://static-data.gaokao.cn/www/2.0/schoolspecialplan/347/2024/31.json?a=www.gaokao.cn,data/shanghai/raw/plan_api/static/2024/347.json,1
2024,综合,349,西安理工大学,149227,01,物理、化学(2科必选),070102,信息与计算科学,2,6480,四年,https://static-data.gaokao.cn/www/2.0/schoolspecialplan/349/2024/31.json?a=www.gaokao.cn,data/shanghai/raw/plan_api/static/2024/349.json,1
2024,综合,349,西安理工大学,149227,01,物理、化学(2科必选),080401,材料科学与工程,2,6480,四年,https://static-data.gaokao.cn/www/2.0/schoolspecialplan/349/2024/31.json?a=www.gaokao.cn,data/shanghai/raw/plan_api/static/2024/349.json,1
2024,综合,349,西安理工大学,149227,01,物理、化学(2科必选),080905,物联网工程,1,6000,四年,https://static-data.gaokao.cn/www/2.0/schoolspecialplan/349/2024/31.json?a=www.gaokao.cn,data/shanghai/raw/plan_api/static/2024/349.json,1
2024,综合,352,沈阳药大,149224,01,物理、化学(2科必选),080704,微电子科学与工程,2,6480,四年,https://static-data.gaokao.cn/www/2.0/schoolspecialplan/352/2024/31.json?a=www.gaokao.cn,data/shanghai/raw/plan_api/static/2024/352.json,1
2024,综合,352,沈阳药大,149224,01,物理、化学(2科必选),080901,计算机科学与技术,2,6480,四年,https://static-data.gaokao.cn/www/2.0/schoolspecialplan/352/2024/31.json?a=www.gaokao.cn,data/shanghai/raw/plan_api/static/2024/352.json,1
2024,综合,352,沈阳药大,148808,02,物理必选,020109T,数字经济,2,5000,四年,https://static-data.gaokao.cn/www/2.0/schoolspecialplan/352/2024/31.json?a=www.gaokao.cn,data/shanghai/raw/plan_api/static/2024/352.json,1
2024,综合,354,西安石油大学,149223,01,物理、化学(2科必选),081301,化学工程与工艺,2,6480,四年,https://static-data.gaokao.cn/www/2.0/schoolspecialplan/354/2024/31.json?a=www.gaokao.cn,data/shanghai/raw/plan_api/static/2024/354.json,1
2024,综合,354,西安石油大学,149223,01,物理、化学(2科必选),080601,电气工程及其自动化,2,6480,四年,https://static-data.gaokao.cn/www/2.0/schoolspecialplan/354/2024/31.json?a=www.gaokao.cn,data/shanghai/raw/plan_api/static/2024/354.json,1
2024,综合,354,西安石油大学,149223,01,物理、化学(2科必选),0809,计算机类,2,6480,四年,https://static-data.gaokao.cn/www/2.0/schoolspecialplan/354/2024/31.json?a=www.gaokao.cn,data/shanghai/raw/plan_api/static/2024/354.json,1
2024,综合,354,西安石油大学,148807,02,不限,050201,英语,2,5400,四年,https://static-data.gaokao.cn/www/2.0/schoolspecialplan/354/2024/31.json?a=www.gaokao.cn,data/shanghai/raw/plan_api/static/2024/354.json,1
2024,综合,354,西安石油大学,148807,02,不限,1202,工商管理类,2,5000,四年,https://static-data.gaokao.cn/www/2.0/schoolspecialplan/354/2024/31.json?a=www.gaokao.cn,data/shanghai/raw/plan_api/static/2024/354.json,1
2024,综合,356,云南财经大学,149245,01,不限,020301K,金融学,5,4000,四年,https://static-data.gaokao.cn/www/2.0/schoolspecialplan/356/2024/31.json?a=www.gaokao.cn,data/shanghai/raw/plan_api/static/2024/356.json,1
2024,综合,356,云南财经大学,149245,01,不限,120203K,会计学,5,4000,四年,https://static-data.gaokao.cn/www/2.0/schoolspecialplan/356/2024/31.json?a=www.gaokao.cn,data/shanghai/raw/plan_api/static/2024/356.json,1
2024,综合,357,陕西科技大学,149222,01,物理、化学(2科必选),080701,电子信息工程,2,6480,四年,https://static-data.gaokao.cn/www/2.0/schoolspecialplan/357/2024/31.json?a=www.gaokao.cn,data/shanghai/raw/plan_api/static/2024/357.json,1
2024,综合,357,陕西科技大学,149222,01,物理、化学(2科必选),0804,材料类,2,6480,四年,https://static-data.gaokao.cn/www/2.0/schoolspecialplan/357/2024/31.json?a=www.gaokao.cn,data/shanghai/raw/plan_api/static/2024/357.json,1
2024,综合,357,陕西科技大学,149222,01,物理、化学(2科必选),0809,计算机类,2,6480,四年,https://static-data.gaokao.cn/www/2.0/schoolspecialplan/357/2024/31.json?a=www.gaokao.cn,data/shanghai/raw/plan_api/static/2024/357.json,1
2024,综合,357,陕西科技大学,148806,02,不限,130305,广播电视编导,2,15120,四年,https://static-data.gaokao.cn/www/2.0/schoolspecialplan/357/2024/31.json?a=www.gaokao.cn,data/shanghai/raw/plan_api/static/2024/357.json,1
2024,综合,357,陕西科技大学,148594,03,物理、化学(2科必选),080205,工业设计,1,60000,四年,https://static-data.gaokao.cn/www/2.0/schoolspecialplan/357/2024/31.json?a=www.gaokao.cn,data/shanghai/raw/plan_api/static/2024/357.json,1
2024,综合,359,云南警官学院,149244,01,历史、思想政治(2科必选),030101K,法学,2,4000,四年,https://static-data.gaokao.cn/www/2.0/schoolspecialplan/359/2024/31.json?a=www.gaokao.cn,data/shanghai/raw/plan_api/static/2024/359.json,1
2024,综合,361,大连东软,149226,01,物理、化学(2科必选),080601,电气工程及其自动化,3,6480,四年,https://static-data.gaokao.cn/www/2.0/schoolspecialplan/361/2024/31.json?a=www.gaokao.cn,data/shanghai/raw/plan_api/static/2024/361.json,1
2024,综合,361,大连东软,148810,02,不限,1202,工商管理类,2,5400,四年,https://static-data.gaokao.cn/www/2.0/schoolspecialplan/361/2024/31.json?a=www.gaokao.cn,data/shanghai/raw/plan_api/static/2024/361.json,1
2024,综合,362,大理大学,149247,01,物理、化学(2科必选),100203TK,医学影像学,2,5000,五年,https://static-data.gaokao.cn/www/2.0/schoolspecialplan/362/2024/31.json?a=www.gaokao.cn,data/shanghai/raw/plan_api/static/2024/362.json,1
2024,综合,362,大理大学,149247,01,物理、化学(2科必选),100201K,临床医学,2,5000,五年,https://static-data.gaokao.cn/www/2.0/schoolspecialplan/362/2024/31.json?a=www.gaokao.cn,data/shanghai/raw/plan_api/static/2024/362.json,1
2024,综合,362,大理大学,149247,01,物理、化学(2科必选),100301K,口腔医学,2,5000,五年,https://static-data.gaokao.cn/www/2.0/schoolspecialplan/362/2024/31.json?a=www.gaokao.cn,data/shanghai/raw/plan_api/static/2024/362.json,1
2024,综合,362,大理大学,148823,02,不限,020101,经济学,2,4000,四年,https://static-data.gaokao.cn/www/2.0/schoolspecialplan/362/2024/31.json?a=www.gaokao.cn,data/shanghai/raw/plan_api/static/2024/362.json,1
2024,综合,362,大理大学,148823,02,不限,1202,工商管理类,2,4000,四年,https://static-data.gaokao.cn/www/2.0/schoolspecialplan/362/2024/31.json?a=www.gaokao.cn,data/shanghai/raw/plan_api/static/2024/362.json,1
2024,综合,363,西安邮电大学,149214,01,物理、化学(2科必选),080703,通信工程,2,6480,四年,https://static-data.gaokao.cn/www/2.0/schoolspecialplan/363/2024/31.json?a=www.gaokao.cn,data/shanghai/raw/plan_api/static/2024/363.json,1
2024,综合,363,西安邮电大学,149214,01,物理、化学(2科必选),070102,信息与计算科学,1,6000,四年,https://static-data.gaokao.cn/www/2.0/schoolspecialplan/363/2024/31.json?a=www.gaokao.cn,data/shanghai/raw/plan_api/static/2024/363.json,1
2024,综合,363,西安邮电大学,149214,01,物理、化学(2科必选),080904K,信息安全,1,6480,四年,https://static-data.gaokao.cn/www/2.0/schoolspecialplan/363/2024/31.json?a=www.gaokao.cn,data/shanghai/raw/plan_api/static/2024/363.json,1
2024,综合,363,西安邮电大学,149214,01,物理、化学(2科必选),080303T,智能感知工程,1,6000,四年,https://static-data.gaokao.cn/www/2.0/schoolspecialplan/363/2024/31.json?a=www.gaokao.cn,data/shanghai/raw/plan_api/static/2024/363.json,1
2024,综合,364,西藏大学,149179,01,物理、化学(2科必选),101101K,护理学,1,3360,四年,https://static-data.gaokao.cn/www/2.0/schoolspecialplan/364/2024/31.json?a=www.gaokao.cn,data/shanghai/raw/plan_api/static/2024/364.json,1
2024,综合,364,西藏大学,148505,04,历史、思想政治(2科必选),030101K,法学,2,3360,四年,https://static-data.gaokao.cn/www/2.0/schoolspecialplan/364/2024/31.json?a=www.gaokao.cn,data/shanghai/raw/plan_api/static/2024/364.json,1
2024,综合,364,西藏大学,148468,05,不限,120204,财务管理,2,2800,四年,https://static-data.gaokao.cn/www/2.0/schoolspecialplan/364/2024/31.json?a=www.gaokao.cn,data/shanghai/raw/plan_api/static/2024/364.json,1
2024,综合,364,西藏大学,148468,05,不限,020301K,金融学,2,2800,四年,https://static-data.gaokao.cn/www/2.0/schoolspecialplan/364/2024/31.json?a=www.gaokao.cn,data/shanghai/raw/plan_api/static/2024/364.json,1
2024,综合,364,西藏大学,148586,03,历史必选,050101,汉语言文学,1,3360,四年,https://static-data.gaokao.cn/www/2.0/schoolspecialplan/364/2024/31.json?a=www.gaokao.cn,data/shanghai/raw/plan_api/static/2024/364.json,1
2024,综合,364,西藏大学,148781,02,物、化、生(3科必选),071001,生物科学,1,,四年,https://static-data.gaokao.cn/www/2.0/schoolspecialplan/364/2024/31.json?a=www.gaokao.cn,data/shanghai/raw/plan_api/static/2024/364.json,1
2024,综合,364,西藏大学,148505,04,历史、思想政治(2科必选),030503,思想政治教育,1,,四年,https://static-data.gaokao.cn/www/2.0/schoolspecialplan/364/2024/31.json?a=www.gaokao.cn,data/shanghai/raw/plan_api/static/2024/364.json,1
2024,综合,367,青海大学,149202,01,物理、化学(2科必选),080901,计算机科学与技术,1,,四年,https://static-data.gaokao.cn/www/2.0/schoolspecialplan/367/2024/31.json?a=www.gaokao.cn,data/shanghai/raw/plan_api/static/2024/367.json,1
2024,综合,367,青海大学,149202,01,物理、化学(2科必选),080601,电气工程及其自动化,1,,四年,https://static-data.gaokao.cn/www/2.0/schoolspecialplan/367/2024/31.json?a=www.gaokao.cn,data/shanghai/raw/plan_api/static/2024/367.json,1
2024,综合,367,青海大学,148795,02,物、化、生(3科必选),100301K,口腔医学,1,,五年,https://static-data.gaokao.cn/www/2.0/schoolspecialplan/367/2024/31.json?a=www.gaokao.cn,data/shanghai/raw/plan_api/static/2024/367.json,1
2024,综合,367,青海大学,148589,03,不限,020101,经济学,1,,四年,https://static-data.gaokao.cn/www/2.0/schoolspecialplan/367/2024/31.json?a=www.gaokao.cn,data/shanghai/raw/plan_api/static/2024/367.json,1
2024,综合,367,青海大学,148795,02,物、化、生(3科必选),100201K,临床医学,1,,五年,https://static-data.gaokao.cn/www/2.0/schoolspecialplan/367/2024/31.json?a=www.gaokao.cn,data/shanghai/raw/plan_api/static/2024/367.json,1
2024,综合,367,青海大学,148589,03,不限,020301K,金融学,1,,四年,https://static-data.gaokao.cn/www/2.0/schoolspecialplan/367/2024/31.json?a=www.gaokao.cn,data/shanghai/raw/plan_api/static/2024/367.json,1
2024,综合,368,渭南师范学院,149219,01,不限,040106,学前教育,5,29600,四年,https://static-data.gaokao.cn/www/2.0/schoolspecialplan/368/2024/31.json?a=www.gaokao.cn,data/shanghai/raw/plan_api/static/2024/368.json,1
2024,综合,369,宝鸡文理学院,149220,01,不限,060101,历史学,3,4250,四年,https://static-data.gaokao.cn/www/2.0/schoolspecialplan/369/2024/31.json?a=www.gaokao.cn,data/shanghai/raw/plan_api/static/2024/369.json,1
2024,综合,369,宝鸡文理学院,149220,01,不限,0502,外国语言文学类,2,5000,四年,https://static-data.gaokao.cn/www/2.0/schoolspecialplan/369/2024/31.json?a=www.gaokao.cn,data/shanghai/raw/plan_api/static/2024/369.json,1
2024,综合,371,陕西理工大学,149221,01,物理、化学(2科必选),080601,电气工程及其自动化,1,50000,四年,https://static-data.gaokao.cn/www/2.0/schoolspecialplan/371/2024/31.json?a=www.gaokao.cn,data/shanghai/raw/plan_api/static/2024/371.json,1
2024,综合,371,陕西理工大学,149221,01,物理、化学(2科必选),080202,机械设计制造及其自动化,1,50000,四年,https://static-data.gaokao.cn/www/2.0/schoolspecialplan/371/2024/31.json?a=www.gaokao.cn,data/shanghai/raw/plan_api/static/2024/371.json,1
2024,综合,371,陕西理工大学,149221,01,物理、化学(2科必选),080903,网络工程,1,50000,四年,https://static-data.gaokao.cn/www/2.0/schoolspecialplan/371/2024/31.json?a=www.gaokao.cn,data/shanghai/raw/plan_api/static/2024/371.json,1
2024,综合,371,陕西理工大学,148805,02,不限,120601,物流管理,1,5000,四年,https://static-data.gaokao.cn/www/2.0/schoolspecialplan/371/2024/31.json?a=www.gaokao.cn,data/shanghai/raw/plan_api/static/2024/371.json,1
2024,综合,371,陕西理工大学,148805,02,不限,020101,经济学,1,5000,四年,https://static-data.gaokao.cn/www/2.0/schoolspecialplan/371/2024/31.json?a=www.gaokao.cn,data/shanghai/raw/plan_api/static/2024/371.json,1
2024,综合,373,西安外国语大学,149218,01,不限,050201,英语,2,5400,四年,https://static-data.gaokao.cn/www/2.0/schoolspecialplan/373/2024/31.json?a=www.gaokao.cn,data/shanghai/raw/plan_api/static/2024/373.json,1
2024,综合,373,西安外国语大学,149218,01,不限,050207,日语,2,5400,四年,https://static-data.gaokao.cn/www/2.0/schoolspecialplan/373/2024/31.json?a=www.gaokao.cn,data/shanghai/raw/plan_api/static/2024/373.json,1
2024,综合,373,西安外国语大学,149218,01,不限,050203,德语,1,5400,四年,https://static-data.gaokao.cn/www/2.0/schoolspecialplan/373/2024/31.json?a=www.gaokao.cn,data/shanghai/raw/plan_api/static/2024/373.json,1
2024,综合,373,西安外国语大学,149218,01,不限,020301K,金融学,1,5000,四年,https://static-data.gaokao.cn/www/2.0/schoolspecialplan/373/2024/31.json?a=www.gaokao.cn,data/shanghai/raw/plan_api/static/2024/373.json,1
2024,综合,373,西安外国语大学,149218,01,不限,050205,西班牙语,1,5400,四年,https://static-data.gaokao.cn/www/2.0/schoolspecialplan/373/2024/31.json?a=www.gaokao.cn,data/shanghai/raw/plan_api/static/2024/373.json,1
2024,综合,373,西安外国语大学,149218,01,不限,050232,葡萄牙语,1,5400,四年,https://static-data.gaokao.cn/www/2.0/schoolspecialplan/373/2024/31.json?a=www.gaokao.cn,data/shanghai/raw/plan_api/static/2024/373.json,1
2024,综合,373,西安外国语大学,149218,01,不限,050206,阿拉伯语,1,5400,四年,https://static-data.gaokao.cn/www/2.0/schoolspecialplan/373/2024/31.json?a=www.gaokao.cn,data/shanghai/raw/plan_api/static/2024/373.json,1
2024,综合,373,西安外国语大学,149218,01,不限,050262,商务英语,1,5400,四年,https://static-data.gaokao.cn/www/2.0/schoolspecialplan/373/2024/31.json?a=www.gaokao.cn,data/shanghai/raw/plan_api/static/2024/373.json,1
2024,综合,374,北华大学,149586,01,物理、化学(2科必选),080601,电气工程及其自动化,1,5940,四年,https://static-data.gaokao.cn/www/2.0/schoolspecialplan/374/2024/31.json?a=www.gaokao.cn,data/shanghai/raw/plan_api/static/2024/374.json,1
2024,综合,374,北华大学,149051,02,不限,040107,小学教育,2,5280,四年,https://static-data.gaokao.cn/www/2.0/schoolspecialplan/374/2024/31.json?a=www.gaokao.cn,data/shanghai/raw/plan_api/static/2024/374.json,1
2024,综合,374,北华大学,149051,02,不限,050306T,网络与新媒体,1,6820,四年,https://static-data.gaokao.cn/www/2.0/schoolspecialplan/374/2024/31.json?a=www.gaokao.cn,data/shanghai/raw/plan_api/static/2024/374.json,1
2024,综合,375,西安财经大学,149215,01,不限,050101,汉语言文学,2,5000,四年,https://static-data.gaokao.cn/www/2.0/schoolspecialplan/375/2024/31.json?a=www.gaokao.cn,data/shanghai/raw/plan_api/static/2024/375.json,1
2024,综合,375,西安财经大学,149215,01,不限,020201K,财政学,2,5000,四年,https://static-data.gaokao.cn/www/2.0/schoolspecialplan/375/2024/31.json?a=www.gaokao.cn,data/shanghai/raw/plan_api/static/2024/375.json,1
2024,综合,375,西安财经大学,149215,01,不限,120207,审计学,2,5000,四年,https://static-data.gaokao.cn/www/2.0/schoolspecialplan/375/2024/31.json?a=www.gaokao.cn,data/shanghai/raw/plan_api/static/2024/375.json,1
2024,综合,375,西安财经大学,149215,01,不限,120201K,工商管理,2,5000,四年,https://static-data.gaokao.cn/www/2.0/schoolspecialplan/375/2024/31.json?a=www.gaokao.cn,data/shanghai/raw/plan_api/static/2024/375.json,1
2024,综合,375,西安财经大学,149215,01,不限,020101,经济学,2,5350,四年,https://static-data.gaokao.cn/www/2.0/schoolspecialplan/375/2024/31.json?a=www.gaokao.cn,data/shanghai/raw/plan_api/static/2024/375.json,1
2024,综合,376,西北政法大学,149217,01,不限,030101K,法学,2,5350,四年,https://static-data.gaokao.cn/www/2.0/schoolspecialplan/376/2024/31.json?a=www.gaokao.cn,data/shanghai/raw/plan_api/static/2024/376.json,1
2024,综合,379,长春理工大学,149589,01,物理、化学(2科必选),080705,光电信息科学与工程,1,5940,四年,https://static-data.gaokao.cn/www/2.0/schoolspecialplan/379/2024/31.json?a=www.gaokao.cn,data/shanghai/raw/plan_api/static/2024/379.json,1
2024,综合,379,长春理工大学,149589,01,物理、化学(2科必选),070202,应用物理学,1,5500,四年,https://static-data.gaokao.cn/www/2.0/schoolspecialplan/379/2024/31.json?a=www.gaokao.cn,data/shanghai/raw/plan_api/static/2024/379.json,1
2024,综合,379,长春理工大学,149589,01,物理、化学(2科必选),080601,电气工程及其自动化,1,5400,四年,https://static-data.gaokao.cn/www/2.0/schoolspecialplan/379/2024/31.json?a=www.gaokao.cn,data/shanghai/raw/plan_api/static/2024/379.json,1
2024,综合,379,长春理工大学,149589,01,物理、化学(2科必选),082103,探测制导与控制技术,1,5940,四年,https://static-data.gaokao.cn/www/2.0/schoolspecialplan/379/2024/31.json?a=www.gaokao.cn,data/shanghai/raw/plan_api/static/2024/379.json,1
2024,综合,379,长春理工大学,149589,01,物理、化学(2科必选),080301,测控技术与仪器,1,5940,四年,https://static-data.gaokao.cn/www/2.0/schoolspecialplan/379/2024/31.json?a=www.gaokao.cn,data/shanghai/raw/plan_api/static/2024/379.json,1
2024,综合,379,长春理工大学,149589,01,物理、化学(2科必选),080206,过程装备与控制工程,1,5940,四年,https://static-data.gaokao.cn/www/2.0/schoolspecialplan/379/2024/31.json?a=www.gaokao.cn,data/shanghai/raw/plan_api/static/2024/379.json,1
2024,综合,379,长春理工大学,149589,01,物理、化学(2科必选),080202,机械设计制造及其自动化,1,5940,四年,https://static-data.gaokao.cn/www/2.0/schoolspecialplan/379/2024/31.json?a=www.gaokao.cn,data/shanghai/raw/plan_api/static/2024/379.json,1
2024,综合,379,长春理工大学,149589,01,物理、化学(2科必选),080701,电子信息工程,1,5940,四年,https://static-data.gaokao.cn/www/2.0/schoolspecialplan/379/2024/31.json?a=www.gaokao.cn,data/shanghai/raw/plan_api/static/2024/379.json,1
2024,综合,379,长春理工大学,149589,01,物理、化学(2科必选),080901,计算机科学与技术,1,5940,四年,https://static-data.gaokao.cn/www/2.0/schoolspecialplan/379/2024/31.json?a=www.gaokao.cn,data/shanghai/raw/plan_api/static/2024/379.json,1
2024,综合,379,长春理工大学,149589,01,物理、化学(2科必选),080703,通信工程,1,5940,四年,https://static-data.gaokao.cn/www/2.0/schoolspecialplan/379/2024/31.json?a=www.gaokao.cn,data/shanghai/raw/plan_api/static/2024/379.json,1
2024,综合,379,长春理工大学,149589,01,物理、化学(2科必选),080204,机械电子工程,1,5940,四年,https://static-data.gaokao.cn/www/2.0/schoolspecialplan/379/2024/31.json?a=www.gaokao.cn,data/shanghai/raw/plan_api/static/2024/379.json,1
2024,综合,379,长春理工大学,149589,01,物理、化学(2科必选),080414T,新能源材料与器件,1,5400,四年,https://static-data.gaokao.cn/www/2.0/schoolspecialplan/379/2024/31.json?a=www.gaokao.cn,data/shanghai/raw/plan_api/static/2024/379.json,1
2024,综合,379,长春理工大学,149589,01,物理、化学(2科必选),0701,数学类,1,5000,四年,https://static-data.gaokao.cn/www/2.0/schoolspecialplan/379/2024/31.json?a=www.gaokao.cn,data/shanghai/raw/plan_api/static/2024/379.json,1
2024,综合,379,长春理工大学,148711,03,不限,1202,工商管理类,2,4800,四年,https://static-data.gaokao.cn/www/2.0/schoolspecialplan/379/2024/31.json?a=www.gaokao.cn,data/shanghai/raw/plan_api/static/2024/379.json,1
2024,综合,379,长春理工大学,149052,02,物理必选,020302,金融工程,1,5280,四年,https://static-data.gaokao.cn/www/2.0/schoolspecialplan/379/2024/31.json?a=www.gaokao.cn,data/shanghai/raw/plan_api/static/2024/379.json,1
2024,综合,379,长春理工大学,148711,03,不限,050207,日语,1,4600,四年,https://static-data.gaokao.cn/www/2.0/schoolspecialplan/379/2024/31.json?a=www.gaokao.cn,data/shanghai/raw/plan_api/static/2024/379.json,1
2024,综合,379,长春理工大学,148711,03,不限,020401,国际经济与贸易,1,4800,四年,https://static-data.gaokao.cn/www/2.0/schoolspecialplan/379/2024/31.json?a=www.gaokao.cn,data/shanghai/raw/plan_api/static/2024/379.json,1
2024,综合,379,长春理工大学,148711,03,不限,030101K,法学,1,5280,四年,https://static-data.gaokao.cn/www/2.0/schoolspecialplan/379/2024/31.json?a=www.gaokao.cn,data/shanghai/raw/plan_api/static/2024/379.json,1
2024,综合,379,长春理工大学,148711,03,不限,050101,汉语言文学,1,5060,四年,https://static-data.gaokao.cn/www/2.0/schoolspecialplan/379/2024/31.json?a=www.gaokao.cn,data/shanghai/raw/plan_api/static/2024/379.json,1
2024,综合,379,长春理工大学,148711,03,不限,050103,汉语国际教育,1,4600,四年,https://static-data.gaokao.cn/www/2.0/schoolspecialplan/379/2024/31.json?a=www.gaokao.cn,data/shanghai/raw/plan_api/static/2024/379.json,1
2024,综合,379,长春理工大学,148711,03,不限,050303,广告学,1,6820,四年,https://static-data.gaokao.cn/www/2.0/schoolspecialplan/379/2024/31.json?a=www.gaokao.cn,data/shanghai/raw/plan_api/static/2024/379.json,1
2024,综合,379,长春理工大学,148711,03,不限,050201,英语,1,5060,四年,https://static-data.gaokao.cn/www/2.0/schoolspecialplan/379/2024/31.json?a=www.gaokao.cn,data/shanghai/raw/plan_api/static/2024/379.json,1
2024,综合,381,长春工业大学,149587,01,物理、化学(2科必选),080407,高分子材料与工程,10,5940,四年,https://static-data.gaokao.cn/www/2.0/schoolspecialplan/381/2024/31.json?a=www.gaokao.cn,data/shanghai/raw/plan_api/static/2024/381.json,1
2024,综合,381,长春工业大学,149587,01,物理、化学(2科必选),081301,化学工程与工艺,10,5940,四年,https://static-data.gaokao.cn/www/2.0/schoolspecialplan/381/2024/31.json?a=www.gaokao.cn,data/shanghai/raw/plan_api/static/2024/381.json,1
2024,综合,383,西安培华学院,149216,01,物理、化学(2科必选),080901,计算机科学与技术,1,21780,四年,https://static-data.gaokao.cn/www/2.0/schoolspecialplan/383/2024/31.json?a=www.gaokao.cn,data/shanghai/raw/plan_api/static/2024/383.json,1
2024,综合,383,西安培华学院,149216,01,物理、化学(2科必选),101006,口腔医学技术,1,22880,四年,https://static-data.gaokao.cn/www/2.0/schoolspecialplan/383/2024/31.json?a=www.gaokao.cn,data/shanghai/raw/plan_api/static/2024/383.json,1
2024,综合,383,西安培华学院,149216,01,物理、化学(2科必选),101005,康复治疗学,1,22880,四年,https://static-data.gaokao.cn/www/2.0/schoolspecialplan/383/2024/31.json?a=www.gaokao.cn,data/shanghai/raw/plan_api/static/2024/383.json,1
2024,综合,383,西安培华学院,148593,03,不限,050306T,网络与新媒体,2,20680,四年,https://static-data.gaokao.cn/www/2.0/schoolspecialplan/383/2024/31.json?a=www.gaokao.cn,data/shanghai/raw/plan_api/static/2024/383.json,1
2024,综合,383,西安培华学院,148804,02,生物必选,101101K,护理学,2,22880,四年,https://static-data.gaokao.cn/www/2.0/schoolspecialplan/383/2024/31.json?a=www.gaokao.cn,data/shanghai/raw/plan_api/static/2024/383.json,1
2024,综合,383,西安培华学院,148593,03,不限,050207,日语,2,20900,四年,https://static-data.gaokao.cn/www/2.0/schoolspecialplan/383/2024/31.json?a=www.gaokao.cn,data/shanghai/raw/plan_api/static/2024/383.json,1
2024,综合,383,西安培华学院,148593,03,不限,050101,汉语言文学,2,21780,四年,https://static-data.gaokao.cn/www/2.0/schoolspecialplan/383/2024/31.json?a=www.gaokao.cn,data/shanghai/raw/plan_api/static/2024/383.json,1
2024,综合,383,西安培华学院,148593,03,不限,120208,资产评估,2,21780,四年,https://static-data.gaokao.cn/www/2.0/schoolspecialplan/383/2024/31.json?a=www.gaokao.cn,data/shanghai/raw/plan_api/static/2024/383.json,1
2024,综合,383,西安培华学院,148593,03,不限,050201,英语,1,21780,四年,https://static-data.gaokao.cn/www/2.0/schoolspecialplan/383/2024/31.json?a=www.gaokao.cn,data/shanghai/raw/plan_api/static/2024/383.json,1
2024,综合,383,西安培华学院,148593,03,不限,120801,电子商务,1,20680,四年,https://static-data.gaokao.cn/www/2.0/schoolspecialplan/383/2024/31.json?a=www.gaokao.cn,data/shanghai/raw/plan_api/static/2024/383.json,1
2024,综合,385,湘潭大学,149340,01,不限,030101K,法学,4,5500,四年,https://static-data.gaokao.cn/www/2.0/schoolspecialplan/385/2024/31.json?a=www.gaokao.cn,data/shanghai/raw/plan_api/static/2024/385.json,1
2024,综合,385,湘潭大学,149340,01,不限,050204,法语,2,5300,四年,https://static-data.gaokao.cn/www/2.0/schoolspecialplan/385/2024/31.json?a=www.gaokao.cn,data/shanghai/raw/plan_api/static/2024/385.json,1
2024,综合,385,湘潭大学,149340,01,不限,020301K,金融学,2,5500,四年,https://static-data.gaokao.cn/www/2.0/schoolspecialplan/385/2024/31.json?a=www.gaokao.cn,data/shanghai/raw/plan_api/static/2024/385.json,1
2024,综合,385,湘潭大学,149340,01,不限,120203K,会计学,2,5500,四年,https://static-data.gaokao.cn/www/2.0/schoolspecialplan/385/2024/31.json?a=www.gaokao.cn,data/shanghai/raw/plan_api/static/2024/385.json,1
2024,综合,385,湘潭大学,149340,01,不限,050205,西班牙语,2,5300,四年,https://static-data.gaokao.cn/www/2.0/schoolspecialplan/385/2024/31.json?a=www.gaokao.cn,data/shanghai/raw/plan_api/static/2024/385.json,1
2024,综合,388,湖南科技大学,149339,01,物理、化学(2科必选),080401,材料科学与工程,3,5900,四年,https://static-data.gaokao.cn/www/2.0/schoolspecialplan/388/2024/31.json?a=www.gaokao.cn,data/shanghai/raw/plan_api/static/2024/388.json,1
2024,综合,388,湖南科技大学,149339,01,物理、化学(2科必选),070102,信息与计算科学,2,4500,四年,https://static-data.gaokao.cn/www/2.0/schoolspecialplan/388/2024/31.json?a=www.gaokao.cn,data/shanghai/raw/plan_api/static/2024/388.json,1
2024,综合,388,湖南科技大学,149339,01,物理、化学(2科必选),083001,生物工程,2,5900,四年,https://static-data.gaokao.cn/www/2.0/schoolspecialplan/388/2024/31.json?a=www.gaokao.cn,data/shanghai/raw/plan_api/static/2024/388.json,1
2024,综合,388,湖南科技大学,149339,01,物理、化学(2科必选),080801,自动化,2,5900,四年,https://static-data.gaokao.cn/www/2.0/schoolspecialplan/388/2024/31.json?a=www.gaokao.cn,data/shanghai/raw/plan_api/static/2024/388.json,1
2024,综合,388,湖南科技大学,149339,01,物理、化学(2科必选),080901,计算机科学与技术,2,5900,四年,https://static-data.gaokao.cn/www/2.0/schoolspecialplan/388/2024/31.json?a=www.gaokao.cn,data/shanghai/raw/plan_api/static/2024/388.json,1
2024,综合,388,湖南科技大学,149339,01,物理、化学(2科必选),080207,车辆工程,2,5900,四年,https://static-data.gaokao.cn/www/2.0/schoolspecialplan/388/2024/31.json?a=www.gaokao.cn,data/shanghai/raw/plan_api/static/2024/388.json,1
2024,综合,388,湖南科技大学,149339,01,物理、化学(2科必选),080202,机械设计制造及其自动化,2,5900,四年,https://static-data.gaokao.cn/www/2.0/schoolspecialplan/388/2024/31.json?a=www.gaokao.cn,data/shanghai/raw/plan_api/static/2024/388.json,1
2024,综合,388,湖南科技大学,149339,01,物理、化学(2科必选),080803T,机器人工程,2,5900,四年,https://static-data.gaokao.cn/www/2.0/schoolspecialplan/388/2024/31.json?a=www.gaokao.cn,data/shanghai/raw/plan_api/static/2024/388.json,1
2024,综合,388,湖南科技大学,149339,01,物理、化学(2科必选),071001,生物科学,2,4000,四年,https://static-data.gaokao.cn/www/2.0/schoolspecialplan/388/2024/31.json?a=www.gaokao.cn,data/shanghai/raw/plan_api/static/2024/388.json,1
2024,综合,388,湖南科技大学,149339,01,物理、化学(2科必选),080213T,智能制造工程,2,5900,四年,https://static-data.gaokao.cn/www/2.0/schoolspecialplan/388/2024/31.json?a=www.gaokao.cn,data/shanghai/raw/plan_api/static/2024/388.json,1
2024,综合,388,湖南科技大学,149339,01,物理、化学(2科必选),081301,化学工程与工艺,1,5900,四年,https://static-data.gaokao.cn/www/2.0/schoolspecialplan/388/2024/31.json?a=www.gaokao.cn,data/shanghai/raw/plan_api/static/2024/388.json,1
2024,综合,388,湖南科技大学,149339,01,物理、化学(2科必选),070301,化学,1,4000,四年,https://static-data.gaokao.cn/www/2.0/schoolspecialplan/388/2024/31.json?a=www.gaokao.cn,data/shanghai/raw/plan_api/static/2024/388.json,1
2024,综合,388,湖南科技大学,149339,01,物理、化学(2科必选),081302,制药工程,1,5900,四年,https://static-data.gaokao.cn/www/2.0/schoolspecialplan/388/2024/31.json?a=www.gaokao.cn,data/shanghai/raw/plan_api/static/2024/388.json,1
2024,综合,388,湖南科技大学,149339,01,物理、化学(2科必选),081304T,能源化学工程,1,5900,四年,https://static-data.gaokao.cn/www/2.0/schoolspecialplan/388/2024/31.json?a=www.gaokao.cn,data/shanghai/raw/plan_api/static/2024/388.json,1
2024,综合,388,湖南科技大学,149339,01,物理、化学(2科必选),080910T,数据科学与大数据技术,1,5900,四年,https://static-data.gaokao.cn/www/2.0/schoolspecialplan/388/2024/31.json?a=www.gaokao.cn,data/shanghai/raw/plan_api/static/2024/388.json,1
2024,综合,388,湖南科技大学,148635,03,地理必选,070504,地理信息科学,3,4500,四年,https://static-data.gaokao.cn/www/2.0/schoolspecialplan/388/2024/31.json?a=www.gaokao.cn,data/shanghai/raw/plan_api/static/2024/388.json,1
2024,综合,388,湖南科技大学,148521,04,不限,050201,英语,2,4500,四年,https://static-data.gaokao.cn/www/2.0/schoolspecialplan/388/2024/31.json?a=www.gaokao.cn,data/shanghai/raw/plan_api/static/2024/388.json,1
2024,综合,388,湖南科技大学,148521,04,不限,020401,国际经济与贸易,2,5000,四年,https://static-data.gaokao.cn/www/2.0/schoolspecialplan/388/2024/31.json?a=www.gaokao.cn,data/shanghai/raw/plan_api/static/2024/388.json,1
2024,综合,388,湖南科技大学,148521,04,不限,120204,财务管理,2,5000,四年,https://static-data.gaokao.cn/www/2.0/schoolspecialplan/388/2024/31.json?a=www.gaokao.cn,data/shanghai/raw/plan_api/static/2024/388.json,1
2024,综合,388,湖南科技大学,148521,04,不限,020101,经济学,2,5000,四年,https://static-data.gaokao.cn/www/2.0/schoolspecialplan/388/2024/31.json?a=www.gaokao.cn,data/shanghai/raw/plan_api/static/2024/388.json,1
2024,综合,388,湖南科技大学,148521,04,不限,120203K,会计学,2,5000,四年,https://static-data.gaokao.cn/www/2.0/schoolspecialplan/388/2024/31.json?a=www.gaokao.cn,data/shanghai/raw/plan_api/static/2024/388.json,1
2024,综合,388,湖南科技大学,148521,04,不限,082803,风景园林,2,5900,四年,https://static-data.gaokao.cn/www/2.0/schoolspecialplan/388/2024/31.json?a=www.gaokao.cn,data/shanghai/raw/plan_api/static/2024/388.json,1
2024,综合,388,湖南科技大学,148883,02,物理必选,020302,金融工程,2,5000,四年,https://static-data.gaokao.cn/www/2.0/schoolspecialplan/388/2024/31.json?a=www.gaokao.cn,data/shanghai/raw/plan_api/static/2024/388.json,1
2024,综合,388,湖南科技大学,148521,04,不限,050101,汉语言文学,2,4000,四年,https://static-data.gaokao.cn/www/2.0/schoolspecialplan/388/2024/31.json?a=www.gaokao.cn,data/shanghai/raw/plan_api/static/2024/388.json,1
2024,综合,389,长沙理工大学,149338,01,物理、化学(2科必选),080601,电气工程及其自动化,2,5900,四年,https://static-data.gaokao.cn/www/2.0/schoolspecialplan/389/2024/31.json?a=www.gaokao.cn,data/shanghai/raw/plan_api/static/2024/389.json,1
2024,综合,389,长沙理工大学,149338,01,物理、化学(2科必选),080901,计算机科学与技术,2,5900,四年,https://static-data.gaokao.cn/www/2.0/schoolspecialplan/389/2024/31.json?a=www.gaokao.cn,data/shanghai/raw/plan_api/static/2024/389.json,1
2024,综合,389,长沙理工大学,149338,01,物理、化学(2科必选),081901,船舶与海洋工程,2,5900,四年,https://static-data.gaokao.cn/www/2.0/schoolspecialplan/389/2024/31.json?a=www.gaokao.cn,data/shanghai/raw/plan_api/static/2024/389.json,1
2024,综合,389,长沙理工大学,149338,01,物理、化学(2科必选),070101,数学与应用数学,1,4500,四年,https://static-data.gaokao.cn/www/2.0/schoolspecialplan/389/2024/31.json?a=www.gaokao.cn,data/shanghai/raw/plan_api/static/2024/389.json,1
2024,综合,389,长沙理工大学,149338,01,物理、化学(2科必选),070102,信息与计算科学,1,4500,四年,https://static-data.gaokao.cn/www/2.0/schoolspecialplan/389/2024/31.json?a=www.gaokao.cn,data/shanghai/raw/plan_api/static/2024/389.json,1
2024,综合,389,长沙理工大学,149338,01,物理、化学(2科必选),080602T,智能电网信息工程,1,5900,四年,https://static-data.gaokao.cn/www/2.0/schoolspecialplan/389/2024/31.json?a=www.gaokao.cn,data/shanghai/raw/plan_api/static/2024/389.json,1
2024,综合,389,长沙理工大学,148634,03,不限,120203K,会计学,2,5000,四年,https://static-data.gaokao.cn/www/2.0/schoolspecialplan/389/2024/31.json?a=www.gaokao.cn,data/shanghai/raw/plan_api/static/2024/389.json,1
2024,综合,389,长沙理工大学,148634,03,不限,120206,人力资源管理,2,5000,四年,https://static-data.gaokao.cn/www/2.0/schoolspecialplan/389/2024/31.json?a=www.gaokao.cn,data/shanghai/raw/plan_api/static/2024/389.json,1
2024,综合,389,长沙理工大学,148882,02,物理必选,020109T,数字经济,2,5000,四年,https://static-data.gaokao.cn/www/2.0/schoolspecialplan/389/2024/31.json?a=www.gaokao.cn,data/shanghai/raw/plan_api/static/2024/389.json,1
2024,综合,390,吉林师范大学,149585,01,物理、化学(2科必选),080911TK,网络空间安全,1,5400,四年,https://static-data.gaokao.cn/www/2.0/schoolspecialplan/390/2024/31.json?a=www.gaokao.cn,data/shanghai/raw/plan_api/static/2024/390.json,1
2024,综合,390,吉林师范大学,148710,03,不限,050203,德语,5,4600,四年,https://static-data.gaokao.cn/www/2.0/schoolspecialplan/390/2024/31.json?a=www.gaokao.cn,data/shanghai/raw/plan_api/static/2024/390.json,1
2024,综合,390,吉林师范大学,149050,02,不限,020401,国际经济与贸易,1,4800,四年,https://static-data.gaokao.cn/www/2.0/schoolspecialplan/390/2024/31.json?a=www.gaokao.cn,data/shanghai/raw/plan_api/static/2024/390.json,1
2024,综合,390,吉林师范大学,149050,02,不限,040101,教育学,1,4800,四年,https://static-data.gaokao.cn/www/2.0/schoolspecialplan/390/2024/31.json?a=www.gaokao.cn,data/shanghai/raw/plan_api/static/2024/390.json,1
2024,综合,390,吉林师范大学,149050,02,不限,040107,小学教育,1,5280,四年,https://static-data.gaokao.cn/www/2.0/schoolspecialplan/390/2024/31.json?a=www.gaokao.cn,data/shanghai/raw/plan_api/static/2024/390.json,1
2024,综合,390,吉林师范大学,149050,02,不限,050305,编辑出版学,1,7500,四年,https://static-data.gaokao.cn/www/2.0/schoolspecialplan/390/2024/31.json?a=www.gaokao.cn,data/shanghai/raw/plan_api/static/2024/390.json,1
2024,综合,390,吉林师范大学,149050,02,不限,050301,新闻学,1,7500,四年,https://static-data.gaokao.cn/www/2.0/schoolspecialplan/390/2024/31.json?a=www.gaokao.cn,data/shanghai/raw/plan_api/static/2024/390.json,1
2024,综合,391,南华大学,149327,01,物理、化学(2科必选),080202,机械设计制造及其自动化,2,5900,四年,https://static-data.gaokao.cn/www/2.0/schoolspecialplan/391/2024/31.json?a=www.gaokao.cn,data/shanghai/raw/plan_api/static/2024/391.json,1
2024,综合,391,南华大学,149327,01,物理、化学(2科必选),081001,土木工程,2,5900,四年,https://static-data.gaokao.cn/www/2.0/schoolspecialplan/391/2024/31.json?a=www.gaokao.cn,data/shanghai/raw/plan_api/static/2024/391.json,1
2024,综合,391,南华大学,149327,01,物理、化学(2科必选),0822,核工程类,2,5900,四年,https://static-data.gaokao.cn/www/2.0/schoolspecialplan/391/2024/31.json?a=www.gaokao.cn,data/shanghai/raw/plan_api/static/2024/391.json,1
2024,综合,391,南华大学,148628,03,化学必选,101101K,护理学,4,7500,四年,https://static-data.gaokao.cn/www/2.0/schoolspecialplan/391/2024/31.json?a=www.gaokao.cn,data/shanghai/raw/plan_api/static/2024/391.json,1
2024,综合,391,南华大学,148520,04,不限,020401,国际经济与贸易,2,5000,四年,https://static-data.gaokao.cn/www/2.0/schoolspecialplan/391/2024/31.json?a=www.gaokao.cn,data/shanghai/raw/plan_api/static/2024/391.json,1
2024,综合,391,南华大学,148520,04,不限,120801,电子商务,2,5000,四年,https://static-data.gaokao.cn/www/2.0/schoolspecialplan/391/2024/31.json?a=www.gaokao.cn,data/shanghai/raw/plan_api/static/2024/391.json,1
2024,综合,391,南华大学,148872,02,物理必选,120602,物流工程,2,5000,四年,https://static-data.gaokao.cn/www/2.0/schoolspecialplan/391/2024/31.json?a=www.gaokao.cn,data/shanghai/raw/plan_api/static/2024/391.json,1
2024,综合,391,南华大学,148520,04,不限,020101,经济学,2,5000,四年,https://static-data.gaokao.cn/www/2.0/schoolspecialplan/391/2024/31.json?a=www.gaokao.cn,data/shanghai/raw/plan_api/static/2024/391.json,1
2024,综合,391,南华大学,148520,04,不限,050261,翻译,2,4500,四年,https://static-data.gaokao.cn/www/2.0/schoolspecialplan/391/2024/31.json?a=www.gaokao.cn,data/shanghai/raw/plan_api/static/2024/391.json,1
2024,综合,392,湖南农业大学,149337,01,物理、化学(2科必选),071002,生物技术,3,4500,四年,https://static-data.gaokao.cn/www/2.0/schoolspecialplan/392/2024/31.json?a=www.gaokao.cn,data/shanghai/raw/plan_api/static/2024/392.json,1
2024,综合,392,湖南农业大学,148881,02,不限,1204,公共管理类,3,5000,四年,https://static-data.gaokao.cn/www/2.0/schoolspecialplan/392/2024/31.json?a=www.gaokao.cn,data/shanghai/raw/plan_api/static/2024/392.json,1
2024,综合,392,湖南农业大学,148881,02,不限,030101K,法学,2,5000,四年,https://static-data.gaokao.cn/www/2.0/schoolspecialplan/392/2024/31.json?a=www.gaokao.cn,data/shanghai/raw/plan_api/static/2024/392.json,1
2024,综合,393,东北电力大学,149588,01,物理、化学(2科必选),080601,电气工程及其自动化,3,5940,四年,https://static-data.gaokao.cn/www/2.0/schoolspecialplan/393/2024/31.json?a=www.gaokao.cn,data/shanghai/raw/plan_api/static/2024/393.json,1
2024,综合,393,东北电力大学,149588,01,物理、化学(2科必选),080602T,智能电网信息工程,2,5940,四年,https://static-data.gaokao.cn/www/2.0/schoolspecialplan/393/2024/31.json?a=www.gaokao.cn,data/shanghai/raw/plan_api/static/2024/393.json,1
2024,综合,394,长春工程学院,149581,01,物理、化学(2科必选),080901,计算机科学与技术,3,5940,四年,https://static-data.gaokao.cn/www/2.0/schoolspecialplan/394/2024/31.json?a=www.gaokao.cn,data/shanghai/raw/plan_api/static/2024/394.json,1
2024,综合,394,长春工程学院,149581,01,物理、化学(2科必选),080701,电子信息工程,2,5940,四年,https://static-data.gaokao.cn/www/2.0/schoolspecialplan/394/2024/31.json?a=www.gaokao.cn,data/shanghai/raw/plan_api/static/2024/394.json,1
2024,综合,394,长春工程学院,149581,01,物理、化学(2科必选),080902,软件工程,2,5940,四年,https://static-data.gaokao.cn/www/2.0/schoolspecialplan/394/2024/31.json?a=www.gaokao.cn,data/shanghai/raw/plan_api/static/2024/394.json,1
2024,综合,394,长春工程学院,149581,01,物理、化学(2科必选),080601,电气工程及其自动化,1,5940,四年,https://static-data.gaokao.cn/www/2.0/schoolspecialplan/394/2024/31.json?a=www.gaokao.cn,data/shanghai/raw/plan_api/static/2024/394.json,1
2024,综合,394,长春工程学院,149048,02,不限,120201K,工商管理,2,4800,四年,https://static-data.gaokao.cn/www/2.0/schoolspecialplan/394/2024/31.json?a=www.gaokao.cn,data/shanghai/raw/plan_api/static/2024/394.json,1
2024,综合,394,长春工程学院,149048,02,不限,120204,财务管理,2,4800,四年,https://static-data.gaokao.cn/www/2.0/schoolspecialplan/394/2024/31.json?a=www.gaokao.cn,data/shanghai/raw/plan_api/static/2024/394.json,1
2024,综合,396,黑科大,149334,01,物理、化学(2科必选),080702,电子科学与技术,6,5900,四年,https://static-data.gaokao.cn/www/2.0/schoolspecialplan/396/2024/31.json?a=www.gaokao.cn,data/shanghai/raw/plan_api/static/2024/396.json,1
2024,综合,396,黑科大,149334,01,物理、化学(2科必选),081001,土木工程,4,5900,四年,https://static-data.gaokao.cn/www/2.0/schoolspecialplan/396/2024/31.json?a=www.gaokao.cn,data/shanghai/raw/plan_api/static/2024/396.json,1
2024,综合,396,黑科大,149334,01,物理、化学(2科必选),070302,应用化学,3,5900,四年,https://static-data.gaokao.cn/www/2.0/schoolspecialplan/396/2024/31.json?a=www.gaokao.cn,data/shanghai/raw/plan_api/static/2024/396.json,1
2024,综合,396,黑科大,149334,01,物理、化学(2科必选),080202,机械设计制造及其自动化,3,5900,四年,https://static-data.gaokao.cn/www/2.0/schoolspecialplan/396/2024/31.json?a=www.gaokao.cn,data/shanghai/raw/plan_api/static/2024/396.json,1
2024,综合,396,黑科大,149334,01,物理、化学(2科必选),080901,计算机科学与技术,2,5900,四年,https://static-data.gaokao.cn/www/2.0/schoolspecialplan/396/2024/31.json?a=www.gaokao.cn,data/shanghai/raw/plan_api/static/2024/396.json,1
2024,综合,396,黑科大,149334,01,物理、化学(2科必选),080703,通信工程,2,5900,四年,https://static-data.gaokao.cn/www/2.0/schoolspecialplan/396/2024/31.json?a=www.gaokao.cn,data/shanghai/raw/plan_api/static/2024/396.json,1
2024,综合,396,黑科大,149334,01,物理、化学(2科必选),080203,材料成型及控制工程,2,5900,四年,https://static-data.gaokao.cn/www/2.0/schoolspecialplan/396/2024/31.json?a=www.gaokao.cn,data/shanghai/raw/plan_api/static/2024/396.json,1
2024,综合,396,黑科大,148878,02,不限,050303,广告学,10,6000,四年,https://static-data.gaokao.cn/www/2.0/schoolspecialplan/396/2024/31.json?a=www.gaokao.cn,data/shanghai/raw/plan_api/static/2024/396.json,0
2024,综合,396,黑科大,148878,02,不限,050209,朝鲜语,7,4500,四年,https://static-data.gaokao.cn/www/2.0/schoolspecialplan/396/2024/31.json?a=www.gaokao.cn,data/shanghai/raw/plan_api/static/2024/396.json,0
2024,综合,396,黑科大,148878,02,不限,020401,国际经济与贸易,5,5000,四年,https://static-data.gaokao.cn/www/2.0/schoolspecialplan/396/2024/31.json?a=www.gaokao.cn,data/shanghai/raw/plan_api/static/2024/396.json,0
2024,综合,396,黑科大,148632,03,物理、化学(2科必选),070302,应用化学,5,23600,四年,https://static-data.gaokao.cn/www/2.0/schoolspecialplan/396/2024/31.json?a=www.gaokao.cn,data/shanghai/raw/plan_api/static/2024/396.json,0
2024,综合,396,黑科大,148878,02,不限,050101,汉语言文学,3,4000,四年,https://static-data.gaokao.cn/www/2.0/schoolspecialplan/396/2024/31.json?a=www.gaokao.cn,data/shanghai/raw/plan_api/static/2024/396.json,0
2024,综合,396,黑科大,148878,02,不限,120206,人力资源管理,3,5000,四年,https://static-data.gaokao.cn/www/2.0/schoolspecialplan/396/2024/31.json?a=www.gaokao.cn,data/shanghai/raw/plan_api/static/2024/396.json,0
2024,综合,396,黑科大,148878,02,不限,050201,英语,3,4500,四年,https://static-data.gaokao.cn/www/2.0/schoolspecialplan/396/2024/31.json?a=www.gaokao.cn,data/shanghai/raw/plan_api/static/2024/396.json,0
2024,综合,396,黑科大,148878,02,不限,030101K,法学,2,5000,四年,https://static-data.gaokao.cn/www/2.0/schoolspecialplan/396/2024/31.json?a=www.gaokao.cn,data/shanghai/raw/plan_api/static/2024/396.json,0
2024,综合,398,佳木斯大,149320,01,物理、化学(2科必选),082601,生物医学工程,3,5900,四年,https://static-data.gaokao.cn/www/2.0/schoolspecialplan/398/2024/31.json?a=www.gaokao.cn,data/shanghai/raw/plan_api/static/2024/398.json,1
2024,综合,398,佳木斯大,149320,01,物理、化学(2科必选),080602T,智能电网信息工程,2,5900,四年,https://static-data.gaokao.cn/www/2.0/schoolspecialplan/398/2024/31.json?a=www.gaokao.cn,data/shanghai/raw/plan_api/static/2024/398.json,1
2024,综合,398,佳木斯大,148624,03,不限,120203K,会计学,2,5000,四年,https://static-data.gaokao.cn/www/2.0/schoolspecialplan/398/2024/31.json?a=www.gaokao.cn,data/shanghai/raw/plan_api/static/2024/398.json,1
2024,综合,398,佳木斯大,148624,03,不限,050201,英语,2,4500,四年,https://static-data.gaokao.cn/www/2.0/schoolspecialplan/398/2024/31.json?a=www.gaokao.cn,data/shanghai/raw/plan_api/static/2024/398.json,1
2024,综合,398,佳木斯大,148867,02,物理必选,020302,金融工程,2,5000,四年,https://static-data.gaokao.cn/www/2.0/schoolspecialplan/398/2024/31.json?a=www.gaokao.cn,data/shanghai/raw/plan_api/static/2024/398.json,1
2024,综合,402,齐齐哈尔,149336,01,物理、化学(2科必选),100201K,临床医学,1,7500,五年,https://static-data.gaokao.cn/www/2.0/schoolspecialplan/402/2024/31.json?a=www.gaokao.cn,data/shanghai/raw/plan_api/static/2024/402.json,1
2024,综合,402,齐齐哈尔,149336,01,物理、化学(2科必选),100502K,针灸推拿学,1,7500,五年,https://static-data.gaokao.cn/www/2.0/schoolspecialplan/402/2024/31.json?a=www.gaokao.cn,data/shanghai/raw/plan_api/static/2024/402.json,1
2024,综合,402,齐齐哈尔,149336,01,物理、化学(2科必选),100601K,中西医临床医学,1,7500,五年,https://static-data.gaokao.cn/www/2.0/schoolspecialplan/402/2024/31.json?a=www.gaokao.cn,data/shanghai/raw/plan_api/static/2024/402.json,1
2024,综合,402,齐齐哈尔,149336,01,物理、化学(2科必选),100301K,口腔医学,1,7500,五年,https://static-data.gaokao.cn/www/2.0/schoolspecialplan/402/2024/31.json?a=www.gaokao.cn,data/shanghai/raw/plan_api/static/2024/402.json,1
2024,综合,402,齐齐哈尔,149336,01,物理、化学(2科必选),100801,中药学,1,7500,四年,https://static-data.gaokao.cn/www/2.0/schoolspecialplan/402/2024/31.json?a=www.gaokao.cn,data/shanghai/raw/plan_api/static/2024/402.json,1
2024,综合,402,齐齐哈尔,149336,01,物理、化学(2科必选),100701,药学,1,7500,四年,https://static-data.gaokao.cn/www/2.0/schoolspecialplan/402/2024/31.json?a=www.gaokao.cn,data/shanghai/raw/plan_api/static/2024/402.json,1
2024,综合,402,齐齐哈尔,149336,01,物理、化学(2科必选),101005,康复治疗学,1,7500,四年,https://static-data.gaokao.cn/www/2.0/schoolspecialplan/402/2024/31.json?a=www.gaokao.cn,data/shanghai/raw/plan_api/static/2024/402.json,1
2024,综合,402,齐齐哈尔,149336,01,物理、化学(2科必选),100501K,中医学,1,7500,五年,https://static-data.gaokao.cn/www/2.0/schoolspecialplan/402/2024/31.json?a=www.gaokao.cn,data/shanghai/raw/plan_api/static/2024/402.json,1
2024,综合,402,齐齐哈尔,148880,02,化学必选,101101K,护理学,1,7500,四年,https://static-data.gaokao.cn/www/2.0/schoolspecialplan/402/2024/31.json?a=www.gaokao.cn,data/shanghai/raw/plan_api/static/2024/402.json,1
2024,综合,403,哈商大,149333,01,物理、化学(2科必选),100201K,临床医学,3,7150,五年,https://static-data.gaokao.cn/www/2.0/schoolspecialplan/403/2024/31.json?a=www.gaokao.cn,data/shanghai/raw/plan_api/static/2024/403.json,1
2024,综合,403,哈商大,149333,01,物理、化学(2科必选),070101,数学与应用数学,1,4000,四年,https://static-data.gaokao.cn/www/2.0/schoolspecialplan/403/2024/31.json?a=www.gaokao.cn,data/shanghai/raw/plan_api/static/2024/403.json,1
2024,综合,403,哈商大,149333,01,物理、化学(2科必选),080601,电气工程及其自动化,1,5900,四年,https://static-data.gaokao.cn/www/2.0/schoolspecialplan/403/2024/31.json?a=www.gaokao.cn,data/shanghai/raw/plan_api/static/2024/403.json,1
2024,综合,403,哈商大,149333,01,物理、化学(2科必选),080905,物联网工程,1,4800,四年,https://static-data.gaokao.cn/www/2.0/schoolspecialplan/403/2024/31.json?a=www.gaokao.cn,data/shanghai/raw/plan_api/static/2024/403.json,1
2024,综合,403,哈商大,148631,03,不限,050201,英语,1,4000,四年,https://static-data.gaokao.cn/www/2.0/schoolspecialplan/403/2024/31.json?a=www.gaokao.cn,data/shanghai/raw/plan_api/static/2024/403.json,1
2024,综合,403,哈商大,148877,02,化学必选,101101K,护理学,1,7150,四年,https://static-data.gaokao.cn/www/2.0/schoolspecialplan/403/2024/31.json?a=www.gaokao.cn,data/shanghai/raw/plan_api/static/2024/403.json,1
2024,综合,403,哈商大,148631,03,不限,020401,国际经济与贸易,1,4000,四年,https://static-data.gaokao.cn/www/2.0/schoolspecialplan/403/2024/31.json?a=www.gaokao.cn,data/shanghai/raw/plan_api/static/2024/403.json,1
2024,综合,403,哈商大,148631,03,不限,050301,新闻学,1,6000,四年,https://static-data.gaokao.cn/www/2.0/schoolspecialplan/403/2024/31.json?a=www.gaokao.cn,data/shanghai/raw/plan_api/static/2024/403.json,1
2024,综合,403,哈商大,148631,03,不限,050262,商务英语,1,3800,四年,https://static-data.gaokao.cn/www/2.0/schoolspecialplan/403/2024/31.json?a=www.gaokao.cn,data/shanghai/raw/plan_api/static/2024/403.json,1
2024,综合,403,哈商大,148631,03,不限,120204,财务管理,1,4000,四年,https://static-data.gaokao.cn/www/2.0/schoolspecialplan/403/2024/31.json?a=www.gaokao.cn,data/shanghai/raw/plan_api/static/2024/403.json,1
2024,综合,404,长春中医药大学,149579,01,物理、化学(2科必选),100501K,中医学,5,6160,五年,https://static-data.gaokao.cn/www/2.0/schoolspecialplan/404/2024/31.json?a=www.gaokao.cn,data/shanghai/raw/plan_api/static/2024/404.json,1
2024,综合,404,长春中医药大学,149579,01,物理、化学(2科必选),100502K,针灸推拿学,3,6160,五年,https://static-data.gaokao.cn/www/2.0/schoolspecialplan/404/2024/31.json?a=www.gaokao.cn,data/shanghai/raw/plan_api/static/2024/404.json,1
2024,综合,404,长春中医药大学,149579,01,物理、化学(2科必选),100801,中药学,3,6160,四年,https://static-data.gaokao.cn/www/2.0/schoolspecialplan/404/2024/31.json?a=www.gaokao.cn,data/shanghai/raw/plan_api/static/2024/404.json,1
2024,综合,404,长春中医药大学,149579,01,物理、化学(2科必选),100201K,临床医学,3,6160,五年,https://static-data.gaokao.cn/www/2.0/schoolspecialplan/404/2024/31.json?a=www.gaokao.cn,data/shanghai/raw/plan_api/static/2024/404.json,1
2024,综合,404,长春中医药大学,149579,01,物理、化学(2科必选),101005,康复治疗学,2,6160,四年,https://static-data.gaokao.cn/www/2.0/schoolspecialplan/404/2024/31.json?a=www.gaokao.cn,data/shanghai/raw/plan_api/static/2024/404.json,1
2024,综合,406,衡阳师范学院,149332,01,思想政治必选,030503,思想政治教育,2,4000,四年,https://static-data.gaokao.cn/www/2.0/schoolspecialplan/406/2024/31.json?a=www.gaokao.cn,data/shanghai/raw/plan_api/static/2024/406.json,1
2024,综合,406,衡阳师范学院,148630,03,不限,050101,汉语言文学,2,4000,四年,https://static-data.gaokao.cn/www/2.0/schoolspecialplan/406/2024/31.json?a=www.gaokao.cn,data/shanghai/raw/plan_api/static/2024/406.json,1
2024,综合,406,衡阳师范学院,148630,03,不限,020401,国际经济与贸易,2,5000,四年,https://static-data.gaokao.cn/www/2.0/schoolspecialplan/406/2024/31.json?a=www.gaokao.cn,data/shanghai/raw/plan_api/static/2024/406.json,1
2024,综合,406,衡阳师范学院,148630,03,不限,050306T,网络与新媒体,2,6000,四年,https://static-data.gaokao.cn/www/2.0/schoolspecialplan/406/2024/31.json?a=www.gaokao.cn,data/shanghai/raw/plan_api/static/2024/406.json,1
2024,综合,406,衡阳师范学院,148876,02,地理必选,070503,人文地理与城乡规划,1,4500,四年,https://static-data.gaokao.cn/www/2.0/schoolspecialplan/406/2024/31.json?a=www.gaokao.cn,data/shanghai/raw/plan_api/static/2024/406.json,1
2024,综合,407,湖南工商大学,149328,01,物理、化学(2科必选),080717T,人工智能,1,5900,四年,https://static-data.gaokao.cn/www/2.0/schoolspecialplan/407/2024/31.json?a=www.gaokao.cn,data/shanghai/raw/plan_api/static/2024/407.json,1
2024,综合,407,湖南工商大学,148873,02,不限,020401,国际经济与贸易,1,5000,四年,https://static-data.gaokao.cn/www/2.0/schoolspecialplan/407/2024/31.json?a=www.gaokao.cn,data/shanghai/raw/plan_api/static/2024/407.json,1
2024,综合,407,湖南工商大学,148873,02,不限,120201K,工商管理,1,5000,四年,https://static-data.gaokao.cn/www/2.0/schoolspecialplan/407/2024/31.json?a=www.gaokao.cn,data/shanghai/raw/plan_api/static/2024/407.json,1
2024,综合,407,湖南工商大学,148873,02,不限,050201,英语,1,4500,四年,https://static-data.gaokao.cn/www/2.0/schoolspecialplan/407/2024/31.json?a=www.gaokao.cn,data/shanghai/raw/plan_api/static/2024/407.json,1
2024,综合,407,湖南工商大学,148873,02,不限,120203K,会计学,1,5000,四年,https://static-data.gaokao.cn/www/2.0/schoolspecialplan/407/2024/31.json?a=www.gaokao.cn,data/shanghai/raw/plan_api/static/2024/407.json,1
2024,综合,407,湖南工商大学,148873,02,不限,030101K,法学,1,5000,四年,https://static-data.gaokao.cn/www/2.0/schoolspecialplan/407/2024/31.json?a=www.gaokao.cn,data/shanghai/raw/plan_api/static/2024/407.json,1
2024,综合,407,湖南工商大学,148873,02,不限,0203,金融学类,1,5000,四年,https://static-data.gaokao.cn/www/2.0/schoolspecialplan/407/2024/31.json?a=www.gaokao.cn,data/shanghai/raw/plan_api/static/2024/407.json,1
2024,综合,407,湖南工商大学,148873,02,不限,120803T,跨境电子商务,1,5000,四年,https://static-data.gaokao.cn/www/2.0/schoolspecialplan/407/2024/31.json?a=www.gaokao.cn,data/shanghai/raw/plan_api/static/2024/407.json,1
2024,综合,412,吉林财经大学,149584,01,物理、化学(2科必选),071201,统计学,1,5500,四年,https://static-data.gaokao.cn/www/2.0/schoolspecialplan/412/2024/31.json?a=www.gaokao.cn,data/shanghai/raw/plan_api/static/2024/412.json,1
2024,综合,412,吉林财经大学,149584,01,物理、化学(2科必选),080901,计算机科学与技术,1,5400,四年,https://static-data.gaokao.cn/www/2.0/schoolspecialplan/412/2024/31.json?a=www.gaokao.cn,data/shanghai/raw/plan_api/static/2024/412.json,1
2024,综合,412,吉林财经大学,148709,03,不限,120203K,会计学,2,5280,四年,https://static-data.gaokao.cn/www/2.0/schoolspecialplan/412/2024/31.json?a=www.gaokao.cn,data/shanghai/raw/plan_api/static/2024/412.json,1
2024,综合,412,吉林财经大学,148709,03,不限,020101,经济学,1,5280,四年,https://static-data.gaokao.cn/www/2.0/schoolspecialplan/412/2024/31.json?a=www.gaokao.cn,data/shanghai/raw/plan_api/static/2024/412.json,1
2024,综合,412,吉林财经大学,148709,03,不限,020201K,财政学,1,5280,四年,https://static-data.gaokao.cn/www/2.0/schoolspecialplan/412/2024/31.json?a=www.gaokao.cn,data/shanghai/raw/plan_api/static/2024/412.json,1
2024,综合,412,吉林财经大学,148709,03,不限,020301K,金融学,1,5280,四年,https://static-data.gaokao.cn/www/2.0/schoolspecialplan/412/2024/31.json?a=www.gaokao.cn,data/shanghai/raw/plan_api/static/2024/412.json,1
2024,综合,412,吉林财经大学,148709,03,不限,030101K,法学,1,5280,四年,https://static-data.gaokao.cn/www/2.0/schoolspecialplan/412/2024/31.json?a=www.gaokao.cn,data/shanghai/raw/plan_api/static/2024/412.json,1
2024,综合,412,吉林财经大学,148709,03,不限,120803T,跨境电子商务,1,4800,四年,https://static-data.gaokao.cn/www/2.0/schoolspecialplan/412/2024/31.json?a=www.gaokao.cn,data/shanghai/raw/plan_api/static/2024/412.json,1
2024,综合,412,吉林财经大学,148709,03,不限,020203TK,国际税收,1,4800,四年,https://static-data.gaokao.cn/www/2.0/schoolspecialplan/412/2024/31.json?a=www.gaokao.cn,data/shanghai/raw/plan_api/static/2024/412.json,1
2024,综合,412,吉林财经大学,149049,02,物理必选,020305T,金融数学,1,4800,四年,https://static-data.gaokao.cn/www/2.0/schoolspecialplan/412/2024/31.json?a=www.gaokao.cn,data/shanghai/raw/plan_api/static/2024/412.json,1
2024,综合,415,湖南文理学院,149330,01,物理、化学(2科必选),082701,食品科学与工程,2,5900,四年,https://static-data.gaokao.cn/www/2.0/schoolspecialplan/415/2024/31.json?a=www.gaokao.cn,data/shanghai/raw/plan_api/static/2024/415.json,1
2024,综合,415,湖南文理学院,149330,01,物理、化学(2科必选),081001,土木工程,2,5900,四年,https://static-data.gaokao.cn/www/2.0/schoolspecialplan/415/2024/31.json?a=www.gaokao.cn,data/shanghai/raw/plan_api/static/2024/415.json,1
2024,综合,415,湖南文理学院,149330,01,物理、化学(2科必选),080202,机械设计制造及其自动化,2,5900,四年,https://static-data.gaokao.cn/www/2.0/schoolspecialplan/415/2024/31.json?a=www.gaokao.cn,data/shanghai/raw/plan_api/static/2024/415.json,1
2024,综合,415,湖南文理学院,149330,01,物理、化学(2科必选),101001,医学检验技术,2,7500,四年,https://static-data.gaokao.cn/www/2.0/schoolspecialplan/415/2024/31.json?a=www.gaokao.cn,data/shanghai/raw/plan_api/static/2024/415.json,1
2024,综合,415,湖南文理学院,148629,03,不限,120203K,会计学,2,5000,四年,https://static-data.gaokao.cn/www/2.0/schoolspecialplan/415/2024/31.json?a=www.gaokao.cn,data/shanghai/raw/plan_api/static/2024/415.json,1
2024,综合,415,湖南文理学院,148629,03,不限,050101,汉语言文学,2,4000,四年,https://static-data.gaokao.cn/www/2.0/schoolspecialplan/415/2024/31.json?a=www.gaokao.cn,data/shanghai/raw/plan_api/static/2024/415.json,1
2024,综合,415,湖南文理学院,148629,03,不限,020401,国际经济与贸易,2,5000,四年,https://static-data.gaokao.cn/www/2.0/schoolspecialplan/415/2024/31.json?a=www.gaokao.cn,data/shanghai/raw/plan_api/static/2024/415.json,1
2024,综合,415,湖南文理学院,148875,02,思想政治必选,030503,思想政治教育,2,4000,四年,https://static-data.gaokao.cn/www/2.0/schoolspecialplan/415/2024/31.json?a=www.gaokao.cn,data/shanghai/raw/plan_api/static/2024/415.json,1
2024,综合,415,湖南文理学院,148629,03,不限,040106,学前教育,2,5000,四年,https://static-data.gaokao.cn/www/2.0/schoolspecialplan/415/2024/31.json?a=www.gaokao.cn,data/shanghai/raw/plan_api/static/2024/415.json,1
2024,综合,415,湖南文理学院,148629,03,不限,120802T,电子商务及法律,2,5000,四年,https://static-data.gaokao.cn/www/2.0/schoolspecialplan/415/2024/31.json?a=www.gaokao.cn,data/shanghai/raw/plan_api/static/2024/415.json,1
2024,综合,417,华中农业大学,149363,01,物理、化学(2科必选),083001,生物工程,3,5850,四年,https://static-data.gaokao.cn/www/2.0/schoolspecialplan/417/2024/31.json?a=www.gaokao.cn,data/shanghai/raw/plan_api/static/2024/417.json,1
2024,综合,417,华中农业大学,149363,01,物理、化学(2科必选),090301,动物科学,2,4500,四年,https://static-data.gaokao.cn/www/2.0/schoolspecialplan/417/2024/31.json?a=www.gaokao.cn,data/shanghai/raw/plan_api/static/2024/417.json,1
2024,综合,417,华中农业大学,149363,01,物理、化学(2科必选),0901,植物生产类,2,4500,四年,https://static-data.gaokao.cn/www/2.0/schoolspecialplan/417/2024/31.json?a=www.gaokao.cn,data/shanghai/raw/plan_api/static/2024/417.json,1
2024,综合,417,华中农业大学,149363,01,物理、化学(2科必选),0802,机械类,2,4500,四年,https://static-data.gaokao.cn/www/2.0/schoolspecialplan/417/2024/31.json?a=www.gaokao.cn,data/shanghai/raw/plan_api/static/2024/417.json,1
2024,综合,417,华中农业大学,149363,01,物理、化学(2科必选),090102,园艺,1,4500,四年,https://static-data.gaokao.cn/www/2.0/schoolspecialplan/417/2024/31.json?a=www.gaokao.cn,data/shanghai/raw/plan_api/static/2024/417.json,1
2024,综合,417,华中农业大学,148896,02,物理必选,120108T,大数据管理与应用,2,4500,四年,https://static-data.gaokao.cn/www/2.0/schoolspecialplan/417/2024/31.json?a=www.gaokao.cn,data/shanghai/raw/plan_api/static/2024/417.json,1
2024,综合,418,邵阳学院,149331,01,不限,020401,国际经济与贸易,5,4000,四年,https://static-data.gaokao.cn/www/2.0/schoolspecialplan/418/2024/31.json?a=www.gaokao.cn,data/shanghai/raw/plan_api/static/2024/418.json,1
2024,综合,418,邵阳学院,149331,01,不限,120203K,会计学,5,5000,四年,https://static-data.gaokao.cn/www/2.0/schoolspecialplan/418/2024/31.json?a=www.gaokao.cn,data/shanghai/raw/plan_api/static/2024/418.json,1
2024,综合,419,东北林业大学,149577,01,物理、化学(2科必选),082701,食品科学与工程,2,3500,四年,https://static-data.gaokao.cn/www/2.0/schoolspecialplan/419/2024/31.json?a=www.gaokao.cn,data/shanghai/raw/plan_api/static/2024/419.json,1
2024,综合,419,东北林业大学,149577,01,物理、化学(2科必选),0710,生物科学类,2,5400,四年,https://static-data.gaokao.cn/www/2.0/schoolspecialplan/419/2024/31.json?a=www.gaokao.cn,data/shanghai/raw/plan_api/static/2024/419.json,1
2024,综合,419,东北林业大学,149577,01,物理、化学(2科必选),0905,林学类,2,3000,四年,https://static-data.gaokao.cn/www/2.0/schoolspecialplan/419/2024/31.json?a=www.gaokao.cn,data/shanghai/raw/plan_api/static/2024/419.json,1
2024,综合,419,东北林业大学,149045,02,物理、化学(2科必选),071002,生物技术,1,60000,四年,https://static-data.gaokao.cn/www/2.0/schoolspecialplan/419/2024/31.json?a=www.gaokao.cn,data/shanghai/raw/plan_api/static/2024/419.json,1
2024,综合,419,东北林业大学,149045,02,物理、化学(2科必选),070301,化学,1,60000,四年,https://static-data.gaokao.cn/www/2.0/schoolspecialplan/419/2024/31.json?a=www.gaokao.cn,data/shanghai/raw/plan_api/static/2024/419.json,1
2024,综合,420,华中师范大学,149362,01,物理、化学(2科必选),071201,统计学,2,5850,四年,https://static-data.gaokao.cn/www/2.0/schoolspecialplan/420/2024/31.json?a=www.gaokao.cn,data/shanghai/raw/plan_api/static/2024/420.json,1
2024,综合,420,华中师范大学,149362,01,物理、化学(2科必选),0703,化学类,2,5850,四年,https://static-data.gaokao.cn/www/2.0/schoolspecialplan/420/2024/31.json?a=www.gaokao.cn,data/shanghai/raw/plan_api/static/2024/420.json,1
2024,综合,420,华中师范大学,148895,02,历史必选,0501,中国语言文学类,3,5850,四年,https://static-data.gaokao.cn/www/2.0/schoolspecialplan/420/2024/31.json?a=www.gaokao.cn,data/shanghai/raw/plan_api/static/2024/420.json,1
2024,综合,420,华中师范大学,148641,03,不限,0401,教育学类,3,4500,四年,https://static-data.gaokao.cn/www/2.0/schoolspecialplan/420/2024/31.json?a=www.gaokao.cn,data/shanghai/raw/plan_api/static/2024/420.json,1
2024,综合,420,华中师范大学,148641,03,不限,0303,社会学类,2,4500,四年,https://static-data.gaokao.cn/www/2.0/schoolspecialplan/420/2024/31.json?a=www.gaokao.cn,data/shanghai/raw/plan_api/static/2024/420.json,1
2024,综合,423,中国矿大,149368,01,物理、化学(2科必选),0826,生物医学工程类,3,5850,四年,https://static-data.gaokao.cn/www/2.0/schoolspecialplan/423/2024/31.json?a=www.gaokao.cn,data/shanghai/raw/plan_api/static/2024/423.json,1
2024,综合,423,中国矿大,148901,02,不限,040101,教育学,2,4500,四年,https://static-data.gaokao.cn/www/2.0/schoolspecialplan/423/2024/31.json?a=www.gaokao.cn,data/shanghai/raw/plan_api/static/2024/423.json,1
2024,综合,423,中国矿大,148901,02,不限,0502,外国语言文学类,2,4500,四年,https://static-data.gaokao.cn/www/2.0/schoolspecialplan/423/2024/31.json?a=www.gaokao.cn,data/shanghai/raw/plan_api/static/2024/423.json,1
2024,综合,425,湖北大学,149355,01,物理、化学(2科必选),082502,环境工程,6,25000,四年,https://static-data.gaokao.cn/www/2.0/schoolspecialplan/425/2024/31.json?a=www.gaokao.cn,data/shanghai/raw/plan_api/static/2024/425.json,1
2024,综合,425,湖北大学,148637,03,不限,1202,工商管理类,1,5850,四年,https://static-data.gaokao.cn/www/2.0/schoolspecialplan/425/2024/31.json?a=www.gaokao.cn,data/shanghai/raw/plan_api/static/2024/425.json,1
2024,综合,425,湖北大学,148891,02,物理必选,120108T,大数据管理与应用,1,5850,四年,https://static-data.gaokao.cn/www/2.0/schoolspecialplan/425/2024/31.json?a=www.gaokao.cn,data/shanghai/raw/plan_api/static/2024/425.json,1
2024,综合,425,湖北大学,148637,03,不限,0201,经济学类,1,4500,四年,https://static-data.gaokao.cn/www/2.0/schoolspecialplan/425/2024/31.json?a=www.gaokao.cn,data/shanghai/raw/plan_api/static/2024/425.json,1
2024,综合,428,人大苏州,149359,01,物理、化学(2科必选),0809,计算机类,1,4500,四年,https://static-data.gaokao.cn/www/2.0/schoolspecialplan/428/2024/31.json?a=www.gaokao.cn,data/shanghai/raw/plan_api/static/2024/428.json,1
2024,综合,428,人大苏州,149359,01,物理、化学(2科必选),100401K,预防医学,1,5850,五年,https://static-data.gaokao.cn/www/2.0/schoolspecialplan/428/2024/31.json?a=www.gaokao.cn,data/shanghai/raw/plan_api/static/2024/428.json,1
2024,综合,428,人大苏州,148523,04,不限,050207,日语,1,4500,四年,https://static-data.gaokao.cn/www/2.0/schoolspecialplan/428/2024/31.json?a=www.gaokao.cn,data/shanghai/raw/plan_api/static/2024/428.json,1
2024,综合,428,人大苏州,148639,03,生物必选,090502,园林,1,4500,四年,https://static-data.gaokao.cn/www/2.0/schoolspecialplan/428/2024/31.json?a=www.gaokao.cn,data/shanghai/raw/plan_api/static/2024/428.json,1
2024,综合,428,人大苏州,148893,02,物理、生物(2科必选),100601K,中西医临床医学,1,5850,五年,https://static-data.gaokao.cn/www/2.0/schoolspecialplan/428/2024/31.json?a=www.gaokao.cn,data/shanghai/raw/plan_api/static/2024/428.json,1
2024,综合,428,人大苏州,148523,04,不限,0503,新闻传播学类,1,4500,四年,https://static-data.gaokao.cn/www/2.0/schoolspecialplan/428/2024/31.json?a=www.gaokao.cn,data/shanghai/raw/plan_api/static/2024/428.json,1
2024,综合,429,南京航大,149568,01,物理、化学(2科必选),100205TK,精神医学,3,4000,五年,https://static-data.gaokao.cn/www/2.0/schoolspecialplan/429/2024/31.json?a=www.gaokao.cn,data/shanghai/raw/plan_api/static/2024/429.json,1
2024,综合,429,南京航大,149039,02,物理、化学(2科必选),101001,医学检验技术,4,4000,四年,https://static-data.gaokao.cn/www/2.0/schoolspecialplan/429/2024/31.json?a=www.gaokao.cn,data/shanghai/raw/plan_api/static/2024/429.json,1
2024,综合,429,南京航大,148705,03,物、化、生(3科必选),100201K,临床医学,2,4800,五年,https://static-data.gaokao.cn/www/2.0/schoolspecialplan/429/2024/31.json?a=www.gaokao.cn,data/shanghai/raw/plan_api/static/2024/429.json,0
2024,综合,429,南京航大,149039,02,物理、化学(2科必选),101005,康复治疗学,3,4800,四年,https://static-data.gaokao.cn/www/2.0/schoolspecialplan/429/2024/31.json?a=www.gaokao.cn,data/shanghai/raw/plan_api/static/2024/429.json,1
2024,综合,429,南京航大,148546,04,生物必选,101101K,护理学,3,4000,四年,https://static-data.gaokao.cn/www/2.0/schoolspecialplan/429/2024/31.json?a=www.gaokao.cn,data/shanghai/raw/plan_api/static/2024/429.json,0
2024,综合,429,南京航大,149039,02,物理、化学(2科必选),101003,医学影像技术,3,5000,四年,https://static-data.gaokao.cn/www/2.0/schoolspecialplan/429/2024/31.json?a=www.gaokao.cn,data/shanghai/raw/plan_api/static/2024/429.json,1
2024,综合,429,南京航大,149039,02,物理、化学(2科必选),100801,中药学,2,4800,四年,https://static-data.gaokao.cn/www/2.0/schoolspecialplan/429/2024/31.json?a=www.gaokao.cn,data/shanghai/raw/plan_api/static/2024/429.json,1
2024,综合,429,南京航大,148486,05,生物必选,101101K,护理学,2,4000,四年,https://static-data.gaokao.cn/www/2.0/schoolspecialplan/429/2024/31.json?a=www.gaokao.cn,data/shanghai/raw/plan_api/static/2024/429.json,0
2024,综合,429,南京航大,149039,02,物理、化学(2科必选),100702,药物制剂,2,5000,四年,https://static-data.gaokao.cn/www/2.0/schoolspecialplan/429/2024/31.json?a=www.gaokao.cn,data/shanghai/raw/plan_api/static/2024/429.json,1
2024,综合,429,南京航大,148705,03,物、化、生(3科必选),100203TK,医学影像学,1,5000,五年,https://static-data.gaokao.cn/www/2.0/schoolspecialplan/429/2024/31.json?a=www.gaokao.cn,data/shanghai/raw/plan_api/static/2024/429.json,0
2024,综合,429,南京航大,148705,03,物、化、生(3科必选),100301K,口腔医学,1,4800,五年,https://static-data.gaokao.cn/www/2.0/schoolspecialplan/429/2024/31.json?a=www.gaokao.cn,data/shanghai/raw/plan_api/static/2024/429.json,0
2024,综合,431,三峡大学,149353,01,物理、化学(2科必选),080601,电气工程及其自动化,2,5850,四年,https://static-data.gaokao.cn/www/2.0/schoolspecialplan/431/2024/31.json?a=www.gaokao.cn,data/shanghai/raw/plan_api/static/2024/431.json,1
2024,综合,431,三峡大学,149353,01,物理、化学(2科必选),081101,水利水电工程,2,5850,四年,https://static-data.gaokao.cn/www/2.0/schoolspecialplan/431/2024/31.json?a=www.gaokao.cn,data/shanghai/raw/plan_api/static/2024/431.json,1
2024,综合,431,三峡大学,149353,01,物理、化学(2科必选),083001,生物工程,2,5850,四年,https://static-data.gaokao.cn/www/2.0/schoolspecialplan/431/2024/31.json?a=www.gaokao.cn,data/shanghai/raw/plan_api/static/2024/431.json,1
2024,综合,431,三峡大学,149353,01,物理、化学(2科必选),071001,生物科学,2,4500,四年,https://static-data.gaokao.cn/www/2.0/schoolspecialplan/431/2024/31.json?a=www.gaokao.cn,data/shanghai/raw/plan_api/static/2024/431.json,1
2024,综合,431,三峡大学,149353,01,物理、化学(2科必选),080602T,智能电网信息工程,2,5850,四年,https://static-data.gaokao.cn/www/2.0/schoolspecialplan/431/2024/31.json?a=www.gaokao.cn,data/shanghai/raw/plan_api/static/2024/431.json,1
2024,综合,431,三峡大学,148890,02,物理、化学(2科必选),080601,电气工程及其自动化,2,50000,四年,https://static-data.gaokao.cn/www/2.0/schoolspecialplan/431/2024/31.json?a=www.gaokao.cn,data/shanghai/raw/plan_api/static/2024/431.json,1
2024,综合,436,武汉轻工大学,149357,01,物理、化学(2科必选),071002,生物技术,2,4000,四年,https://static-data.gaokao.cn/www/2.0/schoolspecialplan/436/2024/31.json?a=www.gaokao.cn,data/shanghai/raw/plan_api/static/2024/436.json,1
2024,综合,436,武汉轻工大学,149357,01,物理、化学(2科必选),0802,机械类,2,5200,四年,https://static-data.gaokao.cn/www/2.0/schoolspecialplan/436/2024/31.json?a=www.gaokao.cn,data/shanghai/raw/plan_api/static/2024/436.json,1
2024,综合,436,武汉轻工大学,149357,01,物理、化学(2科必选),0827,食品科学与工程类,2,5200,四年,https://static-data.gaokao.cn/www/2.0/schoolspecialplan/436/2024/31.json?a=www.gaokao.cn,data/shanghai/raw/plan_api/static/2024/436.json,1
2024,综合,436,武汉轻工大学,149357,01,物理、化学(2科必选),080412T,功能材料,2,4000,四年,https://static-data.gaokao.cn/www/2.0/schoolspecialplan/436/2024/31.json?a=www.gaokao.cn,data/shanghai/raw/plan_api/static/2024/436.json,1
2024,综合,437,湖北中医药大学,149356,01,物理、化学(2科必选),100501K,中医学,2,5200,五年,https://static-data.gaokao.cn/www/2.0/schoolspecialplan/437/2024/31.json?a=www.gaokao.cn,data/shanghai/raw/plan_api/static/2024/437.json,1
2024,综合,437,湖北中医药大学,149356,01,物理、化学(2科必选),101007,卫生检验与检疫,1,5200,四年,https://static-data.gaokao.cn/www/2.0/schoolspecialplan/437/2024/31.json?a=www.gaokao.cn,data/shanghai/raw/plan_api/static/2024/437.json,1
2024,综合,437,湖北中医药大学,149356,01,物理、化学(2科必选),100701,药学,1,5200,四年,https://static-data.gaokao.cn/www/2.0/schoolspecialplan/437/2024/31.json?a=www.gaokao.cn,data/shanghai/raw/plan_api/static/2024/437.json,1
2024,综合,437,湖北中医药大学,149356,01,物理、化学(2科必选),100601K,中西医临床医学,1,5200,五年,https://static-data.gaokao.cn/www/2.0/schoolspecialplan/437/2024/31.json?a=www.gaokao.cn,data/shanghai/raw/plan_api/static/2024/437.json,1
2024,综合,437,湖北中医药大学,149356,01,物理、化学(2科必选),100802,中药资源与开发,1,4000,四年,https://static-data.gaokao.cn/www/2.0/schoolspecialplan/437/2024/31.json?a=www.gaokao.cn,data/shanghai/raw/plan_api/static/2024/437.json,1
2024,综合,437,湖北中医药大学,149356,01,物理、化学(2科必选),080905,物联网工程,1,4000,四年,https://static-data.gaokao.cn/www/2.0/schoolspecialplan/437/2024/31.json?a=www.gaokao.cn,data/shanghai/raw/plan_api/static/2024/437.json,1
2024,综合,437,湖北中医药大学,148638,03,不限,050201,英语,1,4000,四年,https://static-data.gaokao.cn/www/2.0/schoolspecialplan/437/2024/31.json?a=www.gaokao.cn,data/shanghai/raw/plan_api/static/2024/437.json,1
2024,综合,437,湖北中医药大学,148638,03,不限,050262,商务英语,1,4000,四年,https://static-data.gaokao.cn/www/2.0/schoolspecialplan/437/2024/31.json?a=www.gaokao.cn,data/shanghai/raw/plan_api/static/2024/437.json,1
2024,综合,437,湖北中医药大学,148892,02,化学必选,101101K,护理学,1,5200,四年,https://static-data.gaokao.cn/www/2.0/schoolspecialplan/437/2024/31.json?a=www.gaokao.cn,data/shanghai/raw/plan_api/static/2024/437.json,1
2024,综合,437,湖北中医药大学,148638,03,不限,120202,市场营销,1,4000,四年,https://static-data.gaokao.cn/www/2.0/schoolspecialplan/437/2024/31.json?a=www.gaokao.cn,data/shanghai/raw/plan_api/static/2024/437.json,1
2024,综合,437,湖北中医药大学,148638,03,不限,120205,国际商务,1,4000,四年,https://static-data.gaokao.cn/www/2.0/schoolspecialplan/437/2024/31.json?a=www.gaokao.cn,data/shanghai/raw/plan_api/static/2024/437.json,1
2024,综合,438,湖北医药学院,149354,01,物理、化学(2科必选),100201K,临床医学,2,5200,五年,https://static-data.gaokao.cn/www/2.0/schoolspecialplan/438/2024/31.json?a=www.gaokao.cn,data/shanghai/raw/plan_api/static/2024/438.json,1
2024,综合,438,湖北医药学院,149354,01,物理、化学(2科必选),100202TK,麻醉学,1,5200,五年,https://static-data.gaokao.cn/www/2.0/schoolspecialplan/438/2024/31.json?a=www.gaokao.cn,data/shanghai/raw/plan_api/static/2024/438.json,1
2024,综合,438,湖北医药学院,149354,01,物理、化学(2科必选),100203TK,医学影像学,1,5200,五年,https://static-data.gaokao.cn/www/2.0/schoolspecialplan/438/2024/31.json?a=www.gaokao.cn,data/shanghai/raw/plan_api/static/2024/438.json,1
2024,综合,438,湖北医药学院,149354,01,物理、化学(2科必选),101001,医学检验技术,1,4000,四年,https://static-data.gaokao.cn/www/2.0/schoolspecialplan/438/2024/31.json?a=www.gaokao.cn,data/shanghai/raw/plan_api/static/2024/438.json,1
2024,综合,438,湖北医药学院,149354,01,物理、化学(2科必选),100205TK,精神医学,1,5200,五年,https://static-data.gaokao.cn/www/2.0/schoolspecialplan/438/2024/31.json?a=www.gaokao.cn,data/shanghai/raw/plan_api/static/2024/438.json,1
2024,综合,446,东北石油大学,149571,01,物理、化学(2科必选),080501,能源与动力工程,2,4800,四年,https://static-data.gaokao.cn/www/2.0/schoolspecialplan/446/2024/31.json?a=www.gaokao.cn,data/shanghai/raw/plan_api/static/2024/446.json,1
2024,综合,446,东北石油大学,149571,01,物理、化学(2科必选),082502,环境工程,2,4500,四年,https://static-data.gaokao.cn/www/2.0/schoolspecialplan/446/2024/31.json?a=www.gaokao.cn,data/shanghai/raw/plan_api/static/2024/446.json,1
2024,综合,446,东北石油大学,149571,01,物理、化学(2科必选),070301,化学,1,3800,四年,https://static-data.gaokao.cn/www/2.0/schoolspecialplan/446/2024/31.json?a=www.gaokao.cn,data/shanghai/raw/plan_api/static/2024/446.json,1
2024,综合,446,东北石油大学,149571,01,物理、化学(2科必选),081301,化学工程与工艺,1,4500,四年,https://static-data.gaokao.cn/www/2.0/schoolspecialplan/446/2024/31.json?a=www.gaokao.cn,data/shanghai/raw/plan_api/static/2024/446.json,1
2024,综合,446,东北石油大学,149571,01,物理、化学(2科必选),080911TK,网络空间安全,1,5000,四年,https://static-data.gaokao.cn/www/2.0/schoolspecialplan/446/2024/31.json?a=www.gaokao.cn,data/shanghai/raw/plan_api/static/2024/446.json,1
2024,综合,446,东北石油大学,149041,02,不限,120402,行政管理,2,4000,四年,https://static-data.gaokao.cn/www/2.0/schoolspecialplan/446/2024/31.json?a=www.gaokao.cn,data/shanghai/raw/plan_api/static/2024/446.json,1
2024,综合,446,东北石油大学,149041,02,不限,050201,英语,2,4000,四年,https://static-data.gaokao.cn/www/2.0/schoolspecialplan/446/2024/31.json?a=www.gaokao.cn,data/shanghai/raw/plan_api/static/2024/446.json,1
2024,综合,446,东北石油大学,149041,02,不限,120201K,工商管理,1,4500,四年,https://static-data.gaokao.cn/www/2.0/schoolspecialplan/446/2024/31.json?a=www.gaokao.cn,data/shanghai/raw/plan_api/static/2024/446.json,1
2024,综合,446,东北石油大学,149041,02,不限,020401,国际经济与贸易,1,3500,四年,https://static-data.gaokao.cn/www/2.0/schoolspecialplan/446/2024/31.json?a=www.gaokao.cn,data/shanghai/raw/plan_api/static/2024/446.json,1
2024,综合,446,东北石油大学,149041,02,不限,120203K,会计学,1,4500,四年,https://static-data.gaokao.cn/www/2.0/schoolspecialplan/446/2024/31.json?a=www.gaokao.cn,data/shanghai/raw/plan_api/static/2024/446.json,1
2024,综合,458,南京特师,149387,01,物理、化学(2科必选),081301,化学工程与工艺,4,5000,四年,https://static-data.gaokao.cn/www/2.0/schoolspecialplan/458/2024/31.json?a=www.gaokao.cn,data/shanghai/raw/plan_api/static/2024/458.json,1
2024,综合,458,南京特师,149387,01,物理、化学(2科必选),082702,食品质量与安全,4,5000,四年,https://static-data.gaokao.cn/www/2.0/schoolspecialplan/458/2024/31.json?a=www.gaokao.cn,data/shanghai/raw/plan_api/static/2024/458.json,1
2024,综合,458,南京特师,148910,02,不限,120801,电子商务,6,4400,四年,https://static-data.gaokao.cn/www/2.0/schoolspecialplan/458/2024/31.json?a=www.gaokao.cn,data/shanghai/raw/plan_api/static/2024/458.json,1
2024,综合,458,南京特师,148910,02,不限,120201K,工商管理,2,4400,四年,https://static-data.gaokao.cn/www/2.0/schoolspecialplan/458/2024/31.json?a=www.gaokao.cn,data/shanghai/raw/plan_api/static/2024/458.json,1
2024,综合,458,南京特师,148910,02,不限,120203K,会计学,2,4400,四年,https://static-data.gaokao.cn/www/2.0/schoolspecialplan/458/2024/31.json?a=www.gaokao.cn,data/shanghai/raw/plan_api/static/2024/458.json,1
2024,综合,458,南京特师,148910,02,不限,030302,社会工作,2,4400,四年,https://static-data.gaokao.cn/www/2.0/schoolspecialplan/458/2024/31.json?a=www.gaokao.cn,data/shanghai/raw/plan_api/static/2024/458.json,1
2024,综合,459,河南大学,149380,01,物理、化学(2科必选),071001,生物科学,3,5750,四年,https://static-data.gaokao.cn/www/2.0/schoolspecialplan/459/2024/31.json?a=www.gaokao.cn,data/shanghai/raw/plan_api/static/2024/459.json,1
2024,综合,459,河南大学,149380,01,物理、化学(2科必选),0701,数学类,3,5750,四年,https://static-data.gaokao.cn/www/2.0/schoolspecialplan/459/2024/31.json?a=www.gaokao.cn,data/shanghai/raw/plan_api/static/2024/459.json,1
2024,综合,459,河南大学,148472,05,物理、化学(2科必选),080902,软件工程,10,15000,四年,https://static-data.gaokao.cn/www/2.0/schoolspecialplan/459/2024/31.json?a=www.gaokao.cn,data/shanghai/raw/plan_api/static/2024/459.json,1
2024,综合,459,河南大学,148524,04,不限,071102,应用心理学,5,5000,四年,https://static-data.gaokao.cn/www/2.0/schoolspecialplan/459/2024/31.json?a=www.gaokao.cn,data/shanghai/raw/plan_api/static/2024/459.json,1
2024,综合,459,河南大学,148524,04,不限,030101K,法学,4,5060,四年,https://static-data.gaokao.cn/www/2.0/schoolspecialplan/459/2024/31.json?a=www.gaokao.cn,data/shanghai/raw/plan_api/static/2024/459.json,1
2024,综合,459,河南大学,148524,04,不限,0201,经济学类,4,5060,四年,https://static-data.gaokao.cn/www/2.0/schoolspecialplan/459/2024/31.json?a=www.gaokao.cn,data/shanghai/raw/plan_api/static/2024/459.json,1
2024,综合,459,河南大学,148907,02,历史必选,0501,中国语言文学类,4,5060,四年,https://static-data.gaokao.cn/www/2.0/schoolspecialplan/459/2024/31.json?a=www.gaokao.cn,data/shanghai/raw/plan_api/static/2024/459.json,1
2024,综合,459,河南大学,148643,03,地理必选,0705,地理科学类,4,5750,四年,https://static-data.gaokao.cn/www/2.0/schoolspecialplan/459/2024/31.json?a=www.gaokao.cn,data/shanghai/raw/plan_api/static/2024/459.json,1
2024,综合,459,河南大学,148524,04,不限,050261,翻译,3,4400,四年,https://static-data.gaokao.cn/www/2.0/schoolspecialplan/459/2024/31.json?a=www.gaokao.cn,data/shanghai/raw/plan_api/static/2024/459.json,1
2024,综合,459,河南大学,148524,04,不限,1204,公共管理类,3,4400,四年,https://static-data.gaokao.cn/www/2.0/schoolspecialplan/459/2024/31.json?a=www.gaokao.cn,data/shanghai/raw/plan_api/static/2024/459.json,1
2024,综合,459,河南大学,148524,04,不限,120201K,工商管理,3,4400,四年,https://static-data.gaokao.cn/www/2.0/schoolspecialplan/459/2024/31.json?a=www.gaokao.cn,data/shanghai/raw/plan_api/static/2024/459.json,1
2024,综合,459,河南大学,148524,04,不限,120203K,会计学,2,5060,四年,https://static-data.gaokao.cn/www/2.0/schoolspecialplan/459/2024/31.json?a=www.gaokao.cn,data/shanghai/raw/plan_api/static/2024/459.json,1
2024,综合,459,河南大学,148524,04,不限,040101,教育学,2,5060,四年,https://static-data.gaokao.cn/www/2.0/schoolspecialplan/459/2024/31.json?a=www.gaokao.cn,data/shanghai/raw/plan_api/static/2024/459.json,1
2024,综合,460,东南成贤,149385,01,不限,050201,英语,2,4400,四年,https://static-data.gaokao.cn/www/2.0/schoolspecialplan/460/2024/31.json?a=www.gaokao.cn,data/shanghai/raw/plan_api/static/2024/460.json,1
2024,综合,460,东南成贤,149385,01,不限,020401,国际经济与贸易,2,4400,四年,https://static-data.gaokao.cn/www/2.0/schoolspecialplan/460/2024/31.json?a=www.gaokao.cn,data/shanghai/raw/plan_api/static/2024/460.json,1
2024,综合,462,南理紫金,149383,01,物理、化学(2科必选),0817,轻工类,2,5500,四年,https://static-data.gaokao.cn/www/2.0/schoolspecialplan/462/2024/31.json?a=www.gaokao.cn,data/shanghai/raw/plan_api/static/2024/462.json,1
2024,综合,462,南理紫金,148908,02,物理、化学(2科必选),082504,环境生态工程,2,5000,四年,https://static-data.gaokao.cn/www/2.0/schoolspecialplan/462/2024/31.json?a=www.gaokao.cn,data/shanghai/raw/plan_api/static/2024/462.json,1
2024,综合,462,南理紫金,148644,03,不限,020101,经济学,1,4400,四年,https://static-data.gaokao.cn/www/2.0/schoolspecialplan/462/2024/31.json?a=www.gaokao.cn,data/shanghai/raw/plan_api/static/2024/462.json,1
2024,综合,462,南理紫金,148644,03,不限,020307T,经济与金融,1,4400,四年,https://static-data.gaokao.cn/www/2.0/schoolspecialplan/462/2024/31.json?a=www.gaokao.cn,data/shanghai/raw/plan_api/static/2024/462.json,1
2024,综合,463,南航金城,149388,01,物理、化学(2科必选),080703,通信工程,2,5500,四年,https://static-data.gaokao.cn/www/2.0/schoolspecialplan/463/2024/31.json?a=www.gaokao.cn,data/shanghai/raw/plan_api/static/2024/463.json,1
2024,综合,463,南航金城,149388,01,物理、化学(2科必选),080202,机械设计制造及其自动化,2,5500,四年,https://static-data.gaokao.cn/www/2.0/schoolspecialplan/463/2024/31.json?a=www.gaokao.cn,data/shanghai/raw/plan_api/static/2024/463.json,1
2024,综合,463,南航金城,149388,01,物理、化学(2科必选),081001,土木工程,2,5000,四年,https://static-data.gaokao.cn/www/2.0/schoolspecialplan/463/2024/31.json?a=www.gaokao.cn,data/shanghai/raw/plan_api/static/2024/463.json,1
2024,综合,463,南航金城,149388,01,物理、化学(2科必选),081201,测绘工程,2,5000,四年,https://static-data.gaokao.cn/www/2.0/schoolspecialplan/463/2024/31.json?a=www.gaokao.cn,data/shanghai/raw/plan_api/static/2024/463.json,1
2024,综合,463,南航金城,149388,01,物理、化学(2科必选),080401,材料科学与工程,2,5000,四年,https://static-data.gaokao.cn/www/2.0/schoolspecialplan/463/2024/31.json?a=www.gaokao.cn,data/shanghai/raw/plan_api/static/2024/463.json,1
2024,综合,463,南航金城,148911,02,物理必选,120701,工业工程,2,5000,四年,https://static-data.gaokao.cn/www/2.0/schoolspecialplan/463/2024/31.json?a=www.gaokao.cn,data/shanghai/raw/plan_api/static/2024/463.json,1
2024,综合,463,南航金城,148646,03,不限,120203K,会计学,2,4800,四年,https://static-data.gaokao.cn/www/2.0/schoolspecialplan/463/2024/31.json?a=www.gaokao.cn,data/shanghai/raw/plan_api/static/2024/463.json,1
2024,综合,463,南航金城,148646,03,不限,020301K,金融学,2,4400,四年,https://static-data.gaokao.cn/www/2.0/schoolspecialplan/463/2024/31.json?a=www.gaokao.cn,data/shanghai/raw/plan_api/static/2024/463.json,1
2024,综合,465,南师泰州,149468,01,不限,0201,经济学类,4,28000,四年,https://static-data.gaokao.cn/www/2.0/schoolspecialplan/465/2024/31.json?a=www.gaokao.cn,data/shanghai/raw/plan_api/static/2024/465.json,1
2024,综合,465,南师泰州,149468,01,不限,120402,行政管理,3,5460,四年,https://static-data.gaokao.cn/www/2.0/schoolspecialplan/465/2024/31.json?a=www.gaokao.cn,data/shanghai/raw/plan_api/static/2024/465.json,1
2024,综合,465,南师泰州,149468,01,不限,030101K,法学,2,5460,四年,https://static-data.gaokao.cn/www/2.0/schoolspecialplan/465/2024/31.json?a=www.gaokao.cn,data/shanghai/raw/plan_api/static/2024/465.json,1
2024,综合,466,南工浦江,149386,01,物理、化学(2科必选),080908T,空间信息与数字技术,4,5000,四年,https://static-data.gaokao.cn/www/2.0/schoolspecialplan/466/2024/31.json?a=www.gaokao.cn,data/shanghai/raw/plan_api/static/2024/466.json,1
2024,综合,466,南工浦江,149386,01,物理、化学(2科必选),080703,通信工程,4,5000,四年,https://static-data.gaokao.cn/www/2.0/schoolspecialplan/466/2024/31.json?a=www.gaokao.cn,data/shanghai/raw/plan_api/static/2024/466.json,1
2024,综合,466,南工浦江,148645,03,物理、化学(2科必选),071002,生物技术,12,18000,四年,https://static-data.gaokao.cn/www/2.0/schoolspecialplan/466/2024/31.json?a=www.gaokao.cn,data/shanghai/raw/plan_api/static/2024/466.json,1
2024,综合,466,南工浦江,148645,03,物理、化学(2科必选),080905,物联网工程,12,18000,四年,https://static-data.gaokao.cn/www/2.0/schoolspecialplan/466/2024/31.json?a=www.gaokao.cn,data/shanghai/raw/plan_api/static/2024/466.json,1
2024,综合,466,南工浦江,148645,03,物理、化学(2科必选),082701,食品科学与工程,8,18000,四年,https://static-data.gaokao.cn/www/2.0/schoolspecialplan/466/2024/31.json?a=www.gaokao.cn,data/shanghai/raw/plan_api/static/2024/466.json,1
2024,综合,466,南工浦江,148909,02,不限,120203K,会计学,8,4400,四年,https://static-data.gaokao.cn/www/2.0/schoolspecialplan/466/2024/31.json?a=www.gaokao.cn,data/shanghai/raw/plan_api/static/2024/466.json,1
2024,综合,466,南工浦江,148909,02,不限,050201,英语,4,4400,四年,https://static-data.gaokao.cn/www/2.0/schoolspecialplan/466/2024/31.json?a=www.gaokao.cn,data/shanghai/raw/plan_api/static/2024/466.json,1
2024,综合,466,南工浦江,148909,02,不限,050261,翻译,4,4400,四年,https://static-data.gaokao.cn/www/2.0/schoolspecialplan/466/2024/31.json?a=www.gaokao.cn,data/shanghai/raw/plan_api/static/2024/466.json,1
2024,综合,466,南工浦江,148909,02,不限,050306T,网络与新媒体,4,4400,四年,https://static-data.gaokao.cn/www/2.0/schoolspecialplan/466/2024/31.json?a=www.gaokao.cn,data/shanghai/raw/plan_api/static/2024/466.json,1
2024,综合,466,南工浦江,148909,02,不限,030101K,法学,4,4840,四年,https://static-data.gaokao.cn/www/2.0/schoolspecialplan/466/2024/31.json?a=www.gaokao.cn,data/shanghai/raw/plan_api/static/2024/466.json,1
2024,综合,466,南工浦江,148909,02,不限,050301,新闻学,4,4400,四年,https://static-data.gaokao.cn/www/2.0/schoolspecialplan/466/2024/31.json?a=www.gaokao.cn,data/shanghai/raw/plan_api/static/2024/466.json,1
2024,综合,466,南工浦江,148909,02,不限,020201K,财政学,3,4400,四年,https://static-data.gaokao.cn/www/2.0/schoolspecialplan/466/2024/31.json?a=www.gaokao.cn,data/shanghai/raw/plan_api/static/2024/466.json,1
2024,综合,466,南工浦江,148909,02,不限,020301K,金融学,3,4840,四年,https://static-data.gaokao.cn/www/2.0/schoolspecialplan/466/2024/31.json?a=www.gaokao.cn,data/shanghai/raw/plan_api/static/2024/466.json,1
2024,综合,466,南工浦江,148909,02,不限,020401,国际经济与贸易,3,4400,四年,https://static-data.gaokao.cn/www/2.0/schoolspecialplan/466/2024/31.json?a=www.gaokao.cn,data/shanghai/raw/plan_api/static/2024/466.json,1
2024,综合,466,南工浦江,148909,02,不限,020101,经济学,3,4400,四年,https://static-data.gaokao.cn/www/2.0/schoolspecialplan/466/2024/31.json?a=www.gaokao.cn,data/shanghai/raw/plan_api/static/2024/466.json,1
2024,综合,468,福建农林大学,149465,01,不限,1204,公共管理类,4,5460,四年,https://static-data.gaokao.cn/www/2.0/schoolspecialplan/468/2024/31.json?a=www.gaokao.cn,data/shanghai/raw/plan_api/static/2024/468.json,1
2024,综合,468,福建农林大学,149465,01,不限,082802,城乡规划,2,5460,五年,https://static-data.gaokao.cn/www/2.0/schoolspecialplan/468/2024/31.json?a=www.gaokao.cn,data/shanghai/raw/plan_api/static/2024/468.json,1
2024,综合,471,苏大应用,149464,01,物理、化学(2科必选),080703,通信工程,3,5460,四年,https://static-data.gaokao.cn/www/2.0/schoolspecialplan/471/2024/31.json?a=www.gaokao.cn,data/shanghai/raw/plan_api/static/2024/471.json,1
2024,综合,471,苏大应用,149464,01,物理、化学(2科必选),081901,船舶与海洋工程,3,5460,四年,https://static-data.gaokao.cn/www/2.0/schoolspecialplan/471/2024/31.json?a=www.gaokao.cn,data/shanghai/raw/plan_api/static/2024/471.json,1
2024,综合,471,苏大应用,149464,01,物理、化学(2科必选),081103,港口航道与海岸工程,3,5460,四年,https://static-data.gaokao.cn/www/2.0/schoolspecialplan/471/2024/31.json?a=www.gaokao.cn,data/shanghai/raw/plan_api/static/2024/471.json,1
2024,综合,471,苏大应用,149464,01,物理、化学(2科必选),080202,机械设计制造及其自动化,2,5460,四年,https://static-data.gaokao.cn/www/2.0/schoolspecialplan/471/2024/31.json?a=www.gaokao.cn,data/shanghai/raw/plan_api/static/2024/471.json,1
2024,综合,471,苏大应用,149464,01,物理、化学(2科必选),081801,交通运输,2,5460,四年,https://static-data.gaokao.cn/www/2.0/schoolspecialplan/471/2024/31.json?a=www.gaokao.cn,data/shanghai/raw/plan_api/static/2024/471.json,1
2024,综合,471,苏大应用,149464,01,物理、化学(2科必选),080901,计算机科学与技术,2,5460,四年,https://static-data.gaokao.cn/www/2.0/schoolspecialplan/471/2024/31.json?a=www.gaokao.cn,data/shanghai/raw/plan_api/static/2024/471.json,1
2024,综合,471,苏大应用,149464,01,物理、化学(2科必选),080910T,数据科学与大数据技术,2,5460,四年,https://static-data.gaokao.cn/www/2.0/schoolspecialplan/471/2024/31.json?a=www.gaokao.cn,data/shanghai/raw/plan_api/static/2024/471.json,1
2024,综合,471,苏大应用,149464,01,物理、化学(2科必选),080717T,人工智能,2,5460,四年,https://static-data.gaokao.cn/www/2.0/schoolspecialplan/471/2024/31.json?a=www.gaokao.cn,data/shanghai/raw/plan_api/static/2024/471.json,1
2024,综合,471,苏大应用,149464,01,物理、化学(2科必选),081811T,智慧交通,2,5460,四年,https://static-data.gaokao.cn/www/2.0/schoolspecialplan/471/2024/31.json?a=www.gaokao.cn,data/shanghai/raw/plan_api/static/2024/471.json,1
2024,综合,471,苏大应用,148962,02,物理必选,120801,电子商务,3,5460,四年,https://static-data.gaokao.cn/www/2.0/schoolspecialplan/471/2024/31.json?a=www.gaokao.cn,data/shanghai/raw/plan_api/static/2024/471.json,1
2024,综合,471,苏大应用,148669,03,不限,120601,物流管理,3,5460,四年,https://static-data.gaokao.cn/www/2.0/schoolspecialplan/471/2024/31.json?a=www.gaokao.cn,data/shanghai/raw/plan_api/static/2024/471.json,1
2024,综合,471,苏大应用,148669,03,不限,120207,审计学,3,5460,四年,https://static-data.gaokao.cn/www/2.0/schoolspecialplan/471/2024/31.json?a=www.gaokao.cn,data/shanghai/raw/plan_api/static/2024/471.json,1
2024,综合,471,苏大应用,148669,03,不限,050207,日语,2,5460,四年,https://static-data.gaokao.cn/www/2.0/schoolspecialplan/471/2024/31.json?a=www.gaokao.cn,data/shanghai/raw/plan_api/static/2024/471.json,1
2024,综合,471,苏大应用,148669,03,不限,050261,翻译,2,5460,四年,https://static-data.gaokao.cn/www/2.0/schoolspecialplan/471/2024/31.json?a=www.gaokao.cn,data/shanghai/raw/plan_api/static/2024/471.json,1
2024,综合,471,苏大应用,148669,03,不限,030101K,法学,2,5460,四年,https://static-data.gaokao.cn/www/2.0/schoolspecialplan/471/2024/31.json?a=www.gaokao.cn,data/shanghai/raw/plan_api/static/2024/471.json,1
2024,综合,471,苏大应用,148669,03,不限,120203K,会计学,2,5460,四年,https://static-data.gaokao.cn/www/2.0/schoolspecialplan/471/2024/31.json?a=www.gaokao.cn,data/shanghai/raw/plan_api/static/2024/471.json,1
2024,综合,471,苏大应用,148669,03,不限,020301K,金融学,2,5460,四年,https://static-data.gaokao.cn/www/2.0/schoolspecialplan/471/2024/31.json?a=www.gaokao.cn,data/shanghai/raw/plan_api/static/2024/471.json,1
2024,综合,471,苏大应用,148669,03,不限,020401,国际经济与贸易,2,5460,四年,https://static-data.gaokao.cn/www/2.0/schoolspecialplan/471/2024/31.json?a=www.gaokao.cn,data/shanghai/raw/plan_api/static/2024/471.json,1
2024,综合,471,苏大应用,148962,02,物理必选,120103,工程管理,2,5460,四年,https://static-data.gaokao.cn/www/2.0/schoolspecialplan/471/2024/31.json?a=www.gaokao.cn,data/shanghai/raw/plan_api/static/2024/471.json,1
2024,综合,471,苏大应用,148962,02,物理必选,020109T,数字经济,2,5460,四年,https://static-data.gaokao.cn/www/2.0/schoolspecialplan/471/2024/31.json?a=www.gaokao.cn,data/shanghai/raw/plan_api/static/2024/471.json,1
2024,综合,471,苏大应用,148962,02,物理必选,120111T,应急管理,2,5460,四年,https://static-data.gaokao.cn/www/2.0/schoolspecialplan/471/2024/31.json?a=www.gaokao.cn,data/shanghai/raw/plan_api/static/2024/471.json,1
2024,综合,474,南邮通达,149466,01,不限,050101,汉语言文学,4,5460,四年,https://static-data.gaokao.cn/www/2.0/schoolspecialplan/474/2024/31.json?a=www.gaokao.cn,data/shanghai/raw/plan_api/static/2024/474.json,1
2024,综合,474,南邮通达,149466,01,不限,120203K,会计学,4,5460,四年,https://static-data.gaokao.cn/www/2.0/schoolspecialplan/474/2024/31.json?a=www.gaokao.cn,data/shanghai/raw/plan_api/static/2024/474.json,1
2024,综合,474,南邮通达,149466,01,不限,030101K,法学,2,5460,四年,https://static-data.gaokao.cn/www/2.0/schoolspecialplan/474/2024/31.json?a=www.gaokao.cn,data/shanghai/raw/plan_api/static/2024/474.json,1
2024,综合,475,江科苏理,149461,01,物理、化学(2科必选),082503,环境科学,2,5040,四年,https://static-data.gaokao.cn/www/2.0/schoolspecialplan/475/2024/31.json?a=www.gaokao.cn,data/shanghai/raw/plan_api/static/2024/475.json,1
2024,综合,475,江科苏理,149461,01,物理、化学(2科必选),080901,计算机科学与技术,2,5040,四年,https://static-data.gaokao.cn/www/2.0/schoolspecialplan/475/2024/31.json?a=www.gaokao.cn,data/shanghai/raw/plan_api/static/2024/475.json,1
2024,综合,475,江科苏理,149461,01,物理、化学(2科必选),082701,食品科学与工程,2,5040,四年,https://static-data.gaokao.cn/www/2.0/schoolspecialplan/475/2024/31.json?a=www.gaokao.cn,data/shanghai/raw/plan_api/static/2024/475.json,1
2024,综合,475,江科苏理,149461,01,物理、化学(2科必选),080905,物联网工程,2,5040,四年,https://static-data.gaokao.cn/www/2.0/schoolspecialplan/475/2024/31.json?a=www.gaokao.cn,data/shanghai/raw/plan_api/static/2024/475.json,1
2024,综合,475,江科苏理,148961,02,不限,050201,英语,2,5040,四年,https://static-data.gaokao.cn/www/2.0/schoolspecialplan/475/2024/31.json?a=www.gaokao.cn,data/shanghai/raw/plan_api/static/2024/475.json,1
2024,综合,480,西北民族大学,149210,01,化学必选,060105T,文物保护技术,2,3800,四年,https://static-data.gaokao.cn/www/2.0/schoolspecialplan/480/2024/31.json?a=www.gaokao.cn,data/shanghai/raw/plan_api/static/2024/480.json,1
2024,综合,480,西北民族大学,148592,03,不限,120201K,工商管理,2,3800,四年,https://static-data.gaokao.cn/www/2.0/schoolspecialplan/480/2024/31.json?a=www.gaokao.cn,data/shanghai/raw/plan_api/static/2024/480.json,1
2024,综合,480,西北民族大学,148507,04,不限,050206,阿拉伯语,1,4400,四年,https://static-data.gaokao.cn/www/2.0/schoolspecialplan/480/2024/31.json?a=www.gaokao.cn,data/shanghai/raw/plan_api/static/2024/480.json,1
2024,综合,480,西北民族大学,148801,02,历史必选,030401,民族学,1,3800,四年,https://static-data.gaokao.cn/www/2.0/schoolspecialplan/480/2024/31.json?a=www.gaokao.cn,data/shanghai/raw/plan_api/static/2024/480.json,1
2024,综合,483,兰州理工大学,149208,01,物理、化学(2科必选),080203,材料成型及控制工程,4,4700,四年,https://static-data.gaokao.cn/www/2.0/schoolspecialplan/483/2024/31.json?a=www.gaokao.cn,data/shanghai/raw/plan_api/static/2024/483.json,1
2024,综合,483,兰州理工大学,149208,01,物理、化学(2科必选),080202,机械设计制造及其自动化,3,4700,四年,https://static-data.gaokao.cn/www/2.0/schoolspecialplan/483/2024/31.json?a=www.gaokao.cn,data/shanghai/raw/plan_api/static/2024/483.json,1
2024,综合,483,兰州理工大学,149208,01,物理、化学(2科必选),080501,能源与动力工程,2,4700,四年,https://static-data.gaokao.cn/www/2.0/schoolspecialplan/483/2024/31.json?a=www.gaokao.cn,data/shanghai/raw/plan_api/static/2024/483.json,1
2024,综合,483,兰州理工大学,149208,01,物理、化学(2科必选),080601,电气工程及其自动化,2,4700,四年,https://static-data.gaokao.cn/www/2.0/schoolspecialplan/483/2024/31.json?a=www.gaokao.cn,data/shanghai/raw/plan_api/static/2024/483.json,1
2024,综合,483,兰州理工大学,148799,02,物理必选,120108T,大数据管理与应用,4,4000,四年,https://static-data.gaokao.cn/www/2.0/schoolspecialplan/483/2024/31.json?a=www.gaokao.cn,data/shanghai/raw/plan_api/static/2024/483.json,1
2024,综合,483,兰州理工大学,148590,03,不限,120203K,会计学,2,4000,四年,https://static-data.gaokao.cn/www/2.0/schoolspecialplan/483/2024/31.json?a=www.gaokao.cn,data/shanghai/raw/plan_api/static/2024/483.json,1
2024,综合,487,南阳师范学院,149379,01,物理必选,020109T,数字经济,4,4400,四年,https://static-data.gaokao.cn/www/2.0/schoolspecialplan/487/2024/31.json?a=www.gaokao.cn,data/shanghai/raw/plan_api/static/2024/487.json,1
2024,综合,487,南阳师范学院,148906,02,不限,050103,汉语国际教育,4,4400,四年,https://static-data.gaokao.cn/www/2.0/schoolspecialplan/487/2024/31.json?a=www.gaokao.cn,data/shanghai/raw/plan_api/static/2024/487.json,1
2024,综合,488,兰州交通大学,149207,01,不限,120204,财务管理,2,4000,四年,https://static-data.gaokao.cn/www/2.0/schoolspecialplan/488/2024/31.json?a=www.gaokao.cn,data/shanghai/raw/plan_api/static/2024/488.json,1
2024,综合,488,兰州交通大学,149207,01,不限,120202,市场营销,2,4000,四年,https://static-data.gaokao.cn/www/2.0/schoolspecialplan/488/2024/31.json?a=www.gaokao.cn,data/shanghai/raw/plan_api/static/2024/488.json,1
2024,综合,488,兰州交通大学,149207,01,不限,120203K,会计学,2,4000,四年,https://static-data.gaokao.cn/www/2.0/schoolspecialplan/488/2024/31.json?a=www.gaokao.cn,data/shanghai/raw/plan_api/static/2024/488.json,1
2024,综合,488,兰州交通大学,149207,01,不限,120201K,工商管理,2,4000,四年,https://static-data.gaokao.cn/www/2.0/schoolspecialplan/488/2024/31.json?a=www.gaokao.cn,data/shanghai/raw/plan_api/static/2024/488.json,1
2024,综合,488,兰州交通大学,149207,01,不限,020401,国际经济与贸易,2,4000,四年,https://static-data.gaokao.cn/www/2.0/schoolspecialplan/488/2024/31.json?a=www.gaokao.cn,data/shanghai/raw/plan_api/static/2024/488.json,1
2024,综合,489,商丘师范学院,149378,01,物理、化学(2科必选),081004,建筑电气与智能化,1,5000,四年,https://static-data.gaokao.cn/www/2.0/schoolspecialplan/489/2024/31.json?a=www.gaokao.cn,data/shanghai/raw/plan_api/static/2024/489.json,1
2024,综合,489,商丘师范学院,149378,01,物理、化学(2科必选),080717T,人工智能,1,5000,四年,https://static-data.gaokao.cn/www/2.0/schoolspecialplan/489/2024/31.json?a=www.gaokao.cn,data/shanghai/raw/plan_api/static/2024/489.json,1
2024,综合,489,商丘师范学院,148642,03,不限,120204,财务管理,2,4400,四年,https://static-data.gaokao.cn/www/2.0/schoolspecialplan/489/2024/31.json?a=www.gaokao.cn,data/shanghai/raw/plan_api/static/2024/489.json,1
2024,综合,489,商丘师范学院,148642,03,不限,020401,国际经济与贸易,2,4400,四年,https://static-data.gaokao.cn/www/2.0/schoolspecialplan/489/2024/31.json?a=www.gaokao.cn,data/shanghai/raw/plan_api/static/2024/489.json,1
2024,综合,489,商丘师范学院,148642,03,不限,030302,社会工作,2,4400,四年,https://static-data.gaokao.cn/www/2.0/schoolspecialplan/489/2024/31.json?a=www.gaokao.cn,data/shanghai/raw/plan_api/static/2024/489.json,1
2024,综合,489,商丘师范学院,148905,02,物理必选,120801,电子商务,1,5000,四年,https://static-data.gaokao.cn/www/2.0/schoolspecialplan/489/2024/31.json?a=www.gaokao.cn,data/shanghai/raw/plan_api/static/2024/489.json,1
2024,综合,489,商丘师范学院,148905,02,物理必选,020305T,金融数学,1,5000,四年,https://static-data.gaokao.cn/www/2.0/schoolspecialplan/489/2024/31.json?a=www.gaokao.cn,data/shanghai/raw/plan_api/static/2024/489.json,1
2024,综合,491,青岛农业大学,149411,01,物理、化学(2科必选),090601,水产养殖学,3,6600,四年,https://static-data.gaokao.cn/www/2.0/schoolspecialplan/491/2024/31.json?a=www.gaokao.cn,data/shanghai/raw/plan_api/static/2024/491.json,1
2024,综合,491,青岛农业大学,149411,01,物理、化学(2科必选),090305T,马业科学,2,5500,四年,https://static-data.gaokao.cn/www/2.0/schoolspecialplan/491/2024/31.json?a=www.gaokao.cn,data/shanghai/raw/plan_api/static/2024/491.json,1
2024,综合,491,青岛农业大学,149411,01,物理、化学(2科必选),080907T,智能科学与技术,2,5500,四年,https://static-data.gaokao.cn/www/2.0/schoolspecialplan/491/2024/31.json?a=www.gaokao.cn,data/shanghai/raw/plan_api/static/2024/491.json,1
2024,综合,491,青岛农业大学,149411,01,物理、化学(2科必选),090205T,土地科学与技术,2,5500,四年,https://static-data.gaokao.cn/www/2.0/schoolspecialplan/491/2024/31.json?a=www.gaokao.cn,data/shanghai/raw/plan_api/static/2024/491.json,1
2024,综合,491,青岛农业大学,149411,01,物理、化学(2科必选),090116TK,生物育种科学,2,5500,四年,https://static-data.gaokao.cn/www/2.0/schoolspecialplan/491/2024/31.json?a=www.gaokao.cn,data/shanghai/raw/plan_api/static/2024/491.json,1
2024,综合,491,青岛农业大学,149411,01,物理、化学(2科必选),090604TK,水生动物医学,1,6325,四年,https://static-data.gaokao.cn/www/2.0/schoolspecialplan/491/2024/31.json?a=www.gaokao.cn,data/shanghai/raw/plan_api/static/2024/491.json,1
2024,综合,491,青岛农业大学,148923,02,不限,120601,物流管理,2,58000,四年,https://static-data.gaokao.cn/www/2.0/schoolspecialplan/491/2024/31.json?a=www.gaokao.cn,data/shanghai/raw/plan_api/static/2024/491.json,0
2024,综合,495,西北师范大学,149206,01,物理、化学(2科必选),081301,化学工程与工艺,5,4500,四年,https://static-data.gaokao.cn/www/2.0/schoolspecialplan/495/2024/31.json?a=www.gaokao.cn,data/shanghai/raw/plan_api/static/2024/495.json,1
2024,综合,495,西北师范大学,148798,02,不限,020301K,金融学,5,3800,四年,https://static-data.gaokao.cn/www/2.0/schoolspecialplan/495/2024/31.json?a=www.gaokao.cn,data/shanghai/raw/plan_api/static/2024/495.json,1
2024,综合,495,西北师范大学,148798,02,不限,050301,新闻学,5,3800,四年,https://static-data.gaokao.cn/www/2.0/schoolspecialplan/495/2024/31.json?a=www.gaokao.cn,data/shanghai/raw/plan_api/static/2024/495.json,1
2024,综合,495,西北师范大学,148798,02,不限,050103,汉语国际教育,5,3800,四年,https://static-data.gaokao.cn/www/2.0/schoolspecialplan/495/2024/31.json?a=www.gaokao.cn,data/shanghai/raw/plan_api/static/2024/495.json,1
2024,综合,495,西北师范大学,148798,02,不限,050261,翻译,5,4400,四年,https://static-data.gaokao.cn/www/2.0/schoolspecialplan/495/2024/31.json?a=www.gaokao.cn,data/shanghai/raw/plan_api/static/2024/495.json,1
2024,综合,499,青岛大学,149397,01,物理、化学(2科必选),080901,计算机科学与技术,2,6600,四年,https://static-data.gaokao.cn/www/2.0/schoolspecialplan/499/2024/31.json?a=www.gaokao.cn,data/shanghai/raw/plan_api/static/2024/499.json,1
2024,综合,499,青岛大学,149397,01,物理、化学(2科必选),080601,电气工程及其自动化,2,6600,四年,https://static-data.gaokao.cn/www/2.0/schoolspecialplan/499/2024/31.json?a=www.gaokao.cn,data/shanghai/raw/plan_api/static/2024/499.json,1
2024,综合,499,青岛大学,149397,01,物理、化学(2科必选),100201K,临床医学,2,7920,五年,https://static-data.gaokao.cn/www/2.0/schoolspecialplan/499/2024/31.json?a=www.gaokao.cn,data/shanghai/raw/plan_api/static/2024/499.json,1
2024,综合,499,青岛大学,148917,02,物理必选,020101,经济学,1,6600,四年,https://static-data.gaokao.cn/www/2.0/schoolspecialplan/499/2024/31.json?a=www.gaokao.cn,data/shanghai/raw/plan_api/static/2024/499.json,1
2024,综合,499,青岛大学,148649,03,不限,030101K,法学,1,5280,四年,https://static-data.gaokao.cn/www/2.0/schoolspecialplan/499/2024/31.json?a=www.gaokao.cn,data/shanghai/raw/plan_api/static/2024/499.json,1
2024,综合,499,青岛大学,148649,03,不限,050205,西班牙语,1,4400,四年,https://static-data.gaokao.cn/www/2.0/schoolspecialplan/499/2024/31.json?a=www.gaokao.cn,data/shanghai/raw/plan_api/static/2024/499.json,1
2024,综合,499,青岛大学,148649,03,不限,050203,德语,1,5280,四年,https://static-data.gaokao.cn/www/2.0/schoolspecialplan/499/2024/31.json?a=www.gaokao.cn,data/shanghai/raw/plan_api/static/2024/499.json,1
2024,综合,500,兰州财经大学,149205,01,不限,120208,资产评估,2,3800,四年,https://static-data.gaokao.cn/www/2.0/schoolspecialplan/500/2024/31.json?a=www.gaokao.cn,data/shanghai/raw/plan_api/static/2024/500.json,1
2024,综合,500,兰州财经大学,149205,01,不限,120203K,会计学,2,3800,四年,https://static-data.gaokao.cn/www/2.0/schoolspecialplan/500/2024/31.json?a=www.gaokao.cn,data/shanghai/raw/plan_api/static/2024/500.json,1
2024,综合,500,兰州财经大学,149205,01,不限,020301K,金融学,2,3800,四年,https://static-data.gaokao.cn/www/2.0/schoolspecialplan/500/2024/31.json?a=www.gaokao.cn,data/shanghai/raw/plan_api/static/2024/500.json,1
2024,综合,500,兰州财经大学,149205,01,不限,020401,国际经济与贸易,2,3800,四年,https://static-data.gaokao.cn/www/2.0/schoolspecialplan/500/2024/31.json?a=www.gaokao.cn,data/shanghai/raw/plan_api/static/2024/500.json,1
2024,综合,500,兰州财经大学,149205,01,不限,020202,税收学,2,3800,四年,https://static-data.gaokao.cn/www/2.0/schoolspecialplan/500/2024/31.json?a=www.gaokao.cn,data/shanghai/raw/plan_api/static/2024/500.json,1
2024,综合,500,兰州财经大学,149205,01,不限,050101,汉语言文学,2,3800,四年,https://static-data.gaokao.cn/www/2.0/schoolspecialplan/500/2024/31.json?a=www.gaokao.cn,data/shanghai/raw/plan_api/static/2024/500.json,1
2024,综合,500,兰州财经大学,149205,01,不限,120901K,旅游管理,1,3800,四年,https://static-data.gaokao.cn/www/2.0/schoolspecialplan/500/2024/31.json?a=www.gaokao.cn,data/shanghai/raw/plan_api/static/2024/500.json,1
2024,综合,500,兰州财经大学,148797,02,不限,120203K,会计学,2,12000,四年,https://static-data.gaokao.cn/www/2.0/schoolspecialplan/500/2024/31.json?a=www.gaokao.cn,data/shanghai/raw/plan_api/static/2024/500.json,1
2024,综合,501,浙江工商,149204,01,物理、化学(2科必选),080911TK,网络空间安全,2,4500,四年,https://static-data.gaokao.cn/www/2.0/schoolspecialplan/501/2024/31.json?a=www.gaokao.cn,data/shanghai/raw/plan_api/static/2024/501.json,1
2024,综合,501,浙江工商,148796,02,不限,030101K,法学,7,4300,四年,https://static-data.gaokao.cn/www/2.0/schoolspecialplan/501/2024/31.json?a=www.gaokao.cn,data/shanghai/raw/plan_api/static/2024/501.json,1
2024,综合,501,浙江工商,148796,02,不限,030102T,知识产权,1,4300,四年,https://static-data.gaokao.cn/www/2.0/schoolspecialplan/501/2024/31.json?a=www.gaokao.cn,data/shanghai/raw/plan_api/static/2024/501.json,1
2024,综合,504,海南大学,149291,01,物理、化学(2科必选),071001,生物科学,2,4600,四年,https://static-data.gaokao.cn/www/2.0/schoolspecialplan/504/2024/31.json?a=www.gaokao.cn,data/shanghai/raw/plan_api/static/2024/504.json,1
2024,综合,504,海南大学,149291,01,物理、化学(2科必选),080904K,信息安全,2,4600,四年,https://static-data.gaokao.cn/www/2.0/schoolspecialplan/504/2024/31.json?a=www.gaokao.cn,data/shanghai/raw/plan_api/static/2024/504.json,1
2024,综合,504,海南大学,149291,01,物理、化学(2科必选),082701,食品科学与工程,2,4600,四年,https://static-data.gaokao.cn/www/2.0/schoolspecialplan/504/2024/31.json?a=www.gaokao.cn,data/shanghai/raw/plan_api/static/2024/504.json,1
2024,综合,504,海南大学,149291,01,物理、化学(2科必选),082601,生物医学工程,2,4600,四年,https://static-data.gaokao.cn/www/2.0/schoolspecialplan/504/2024/31.json?a=www.gaokao.cn,data/shanghai/raw/plan_api/static/2024/504.json,1
2024,综合,507,温医仁济,149416,01,物理、化学(2科必选),080407,高分子材料与工程,3,6600,四年,https://static-data.gaokao.cn/www/2.0/schoolspecialplan/507/2024/31.json?a=www.gaokao.cn,data/shanghai/raw/plan_api/static/2024/507.json,1
2024,综合,507,温医仁济,149416,01,物理、化学(2科必选),080714T,电子信息科学与技术,2,6325,四年,https://static-data.gaokao.cn/www/2.0/schoolspecialplan/507/2024/31.json?a=www.gaokao.cn,data/shanghai/raw/plan_api/static/2024/507.json,1
2024,综合,507,温医仁济,148927,02,不限,050303,广告学,2,4400,四年,https://static-data.gaokao.cn/www/2.0/schoolspecialplan/507/2024/31.json?a=www.gaokao.cn,data/shanghai/raw/plan_api/static/2024/507.json,1
2024,综合,507,温医仁济,148927,02,不限,050203,德语,2,4400,四年,https://static-data.gaokao.cn/www/2.0/schoolspecialplan/507/2024/31.json?a=www.gaokao.cn,data/shanghai/raw/plan_api/static/2024/507.json,1
2024,综合,509,南湖学院,149414,01,物理、化学(2科必选),080901,计算机科学与技术,1,6600,四年,https://static-data.gaokao.cn/www/2.0/schoolspecialplan/509/2024/31.json?a=www.gaokao.cn,data/shanghai/raw/plan_api/static/2024/509.json,1
2024,综合,509,南湖学院,149414,01,物理、化学(2科必选),081003,给排水科学与工程,1,6600,四年,https://static-data.gaokao.cn/www/2.0/schoolspecialplan/509/2024/31.json?a=www.gaokao.cn,data/shanghai/raw/plan_api/static/2024/509.json,1
2024,综合,509,南湖学院,149414,01,物理、化学(2科必选),080102,工程力学,1,5500,四年,https://static-data.gaokao.cn/www/2.0/schoolspecialplan/509/2024/31.json?a=www.gaokao.cn,data/shanghai/raw/plan_api/static/2024/509.json,1
2024,综合,509,南湖学院,149414,01,物理、化学(2科必选),080911TK,网络空间安全,1,5500,四年,https://static-data.gaokao.cn/www/2.0/schoolspecialplan/509/2024/31.json?a=www.gaokao.cn,data/shanghai/raw/plan_api/static/2024/509.json,1
2024,综合,509,南湖学院,149414,01,物理、化学(2科必选),082505T,环保设备工程,1,5500,四年,https://static-data.gaokao.cn/www/2.0/schoolspecialplan/509/2024/31.json?a=www.gaokao.cn,data/shanghai/raw/plan_api/static/2024/509.json,1
2024,综合,509,南湖学院,148651,03,不限,030302,社会工作,1,4400,四年,https://static-data.gaokao.cn/www/2.0/schoolspecialplan/509/2024/31.json?a=www.gaokao.cn,data/shanghai/raw/plan_api/static/2024/509.json,1
2024,综合,509,南湖学院,148651,03,不限,120203K,会计学,1,6600,四年,https://static-data.gaokao.cn/www/2.0/schoolspecialplan/509/2024/31.json?a=www.gaokao.cn,data/shanghai/raw/plan_api/static/2024/509.json,1
2024,综合,509,南湖学院,148651,03,不限,050207,日语,1,4400,四年,https://static-data.gaokao.cn/www/2.0/schoolspecialplan/509/2024/31.json?a=www.gaokao.cn,data/shanghai/raw/plan_api/static/2024/509.json,1
2024,综合,509,南湖学院,148925,02,物理必选,082801,建筑学,1,6600,五年,https://static-data.gaokao.cn/www/2.0/schoolspecialplan/509/2024/31.json?a=www.gaokao.cn,data/shanghai/raw/plan_api/static/2024/509.json,1
2024,综合,510,中计现代,149406,01,物理、化学(2科必选),071001,生物科学,2,6600,四年,https://static-data.gaokao.cn/www/2.0/schoolspecialplan/510/2024/31.json?a=www.gaokao.cn,data/shanghai/raw/plan_api/static/2024/510.json,1
2024,综合,510,中计现代,148921,02,不限,050101,汉语言文学,2,5280,四年,https://static-data.gaokao.cn/www/2.0/schoolspecialplan/510/2024/31.json?a=www.gaokao.cn,data/shanghai/raw/plan_api/static/2024/510.json,1
2024,综合,511,海南师范大学,149290,01,物理、化学(2科必选),070101,数学与应用数学,3,4620,四年,https://static-data.gaokao.cn/www/2.0/schoolspecialplan/511/2024/31.json?a=www.gaokao.cn,data/shanghai/raw/plan_api/static/2024/511.json,1
2024,综合,511,海南师范大学,148852,02,不限,040106,学前教育,2,42000,四年,https://static-data.gaokao.cn/www/2.0/schoolspecialplan/511/2024/31.json?a=www.gaokao.cn,data/shanghai/raw/plan_api/static/2024/511.json,0
2024,综合,512,上财浙院,149289,01,物理、化学(2科必选),100201K,临床医学,2,6000,五年,https://static-data.gaokao.cn/www/2.0/schoolspecialplan/512/2024/31.json?a=www.gaokao.cn,data/shanghai/raw/plan_api/static/2024/512.json,1
2024,综合,512,上财浙院,148851,02,物理、化学(2科必选),101001,医学检验技术,3,6000,四年,https://static-data.gaokao.cn/www/2.0/schoolspecialplan/512/2024/31.json?a=www.gaokao.cn,data/shanghai/raw/plan_api/static/2024/512.json,1
2024,综合,520,贵州财经大学,149236,01,物理必选,120202,市场营销,3,60000,四年,https://static-data.gaokao.cn/www/2.0/schoolspecialplan/520/2024/31.json?a=www.gaokao.cn,data/shanghai/raw/plan_api/static/2024/520.json,1
2024,综合,520,贵州财经大学,149236,01,物理必选,120204,财务管理,3,60000,四年,https://static-data.gaokao.cn/www/2.0/schoolspecialplan/520/2024/31.json?a=www.gaokao.cn,data/shanghai/raw/plan_api/static/2024/520.json,1
2024,综合,520,贵州财经大学,149236,01,物理必选,120203K,会计学,3,60000,四年,https://static-data.gaokao.cn/www/2.0/schoolspecialplan/520/2024/31.json?a=www.gaokao.cn,data/shanghai/raw/plan_api/static/2024/520.json,1
2024,综合,520,贵州财经大学,148817,02,不限,020301K,金融学,3,22000,四年,https://static-data.gaokao.cn/www/2.0/schoolspecialplan/520/2024/31.json?a=www.gaokao.cn,data/shanghai/raw/plan_api/static/2024/520.json,1
2024,综合,520,贵州财经大学,148817,02,不限,120801,电子商务,1,22000,四年,https://static-data.gaokao.cn/www/2.0/schoolspecialplan/520/2024/31.json?a=www.gaokao.cn,data/shanghai/raw/plan_api/static/2024/520.json,1
2024,综合,521,贵州中医药大学,149235,01,物理、化学(2科必选),100801,中药学,2,4200,四年,https://static-data.gaokao.cn/www/2.0/schoolspecialplan/521/2024/31.json?a=www.gaokao.cn,data/shanghai/raw/plan_api/static/2024/521.json,1
2024,综合,521,贵州中医药大学,149235,01,物理、化学(2科必选),100501K,中医学,2,4500,五年,https://static-data.gaokao.cn/www/2.0/schoolspecialplan/521/2024/31.json?a=www.gaokao.cn,data/shanghai/raw/plan_api/static/2024/521.json,1
2024,综合,526,山东工商学院,149400,01,不限,020101,经济学,3,6325,四年,https://static-data.gaokao.cn/www/2.0/schoolspecialplan/526/2024/31.json?a=www.gaokao.cn,data/shanghai/raw/plan_api/static/2024/526.json,1
2024,综合,526,山东工商学院,149400,01,不限,120203K,会计学,1,6600,四年,https://static-data.gaokao.cn/www/2.0/schoolspecialplan/526/2024/31.json?a=www.gaokao.cn,data/shanghai/raw/plan_api/static/2024/526.json,1
2024,综合,526,山东工商学院,149400,01,不限,120201K,工商管理,1,6600,四年,https://static-data.gaokao.cn/www/2.0/schoolspecialplan/526/2024/31.json?a=www.gaokao.cn,data/shanghai/raw/plan_api/static/2024/526.json,1
2024,综合,526,山东工商学院,149400,01,不限,120206,人力资源管理,1,5500,四年,https://static-data.gaokao.cn/www/2.0/schoolspecialplan/526/2024/31.json?a=www.gaokao.cn,data/shanghai/raw/plan_api/static/2024/526.json,1
2024,综合,528,山东建筑大学,149413,01,物理必选,120105,工程造价,2,6600,四年,https://static-data.gaokao.cn/www/2.0/schoolspecialplan/528/2024/31.json?a=www.gaokao.cn,data/shanghai/raw/plan_api/static/2024/528.json,1
2024,综合,528,山东建筑大学,148924,02,不限,120203K,会计学,2,6325,四年,https://static-data.gaokao.cn/www/2.0/schoolspecialplan/528/2024/31.json?a=www.gaokao.cn,data/shanghai/raw/plan_api/static/2024/528.json,1
2024,综合,528,山东建筑大学,148924,02,不限,082801,建筑学,2,50000,五年,https://static-data.gaokao.cn/www/2.0/schoolspecialplan/528/2024/31.json?a=www.gaokao.cn,data/shanghai/raw/plan_api/static/2024/528.json,1
2024,综合,528,山东建筑大学,148924,02,不限,082802,城乡规划,1,6600,五年,https://static-data.gaokao.cn/www/2.0/schoolspecialplan/528/2024/31.json?a=www.gaokao.cn,data/shanghai/raw/plan_api/static/2024/528.json,1
2024,综合,531,广西师范大学,149296,01,物理、化学(2科必选),082503,环境科学,2,5500,四年,https://static-data.gaokao.cn/www/2.0/schoolspecialplan/531/2024/31.json?a=www.gaokao.cn,data/shanghai/raw/plan_api/static/2024/531.json,1
2024,综合,531,广西师范大学,149296,01,物理、化学(2科必选),070101,数学与应用数学,1,5500,四年,https://static-data.gaokao.cn/www/2.0/schoolspecialplan/531/2024/31.json?a=www.gaokao.cn,data/shanghai/raw/plan_api/static/2024/531.json,1
2024,综合,531,广西师范大学,148619,03,不限,030101K,法学,2,6100,四年,https://static-data.gaokao.cn/www/2.0/schoolspecialplan/531/2024/31.json?a=www.gaokao.cn,data/shanghai/raw/plan_api/static/2024/531.json,1
2024,综合,531,广西师范大学,148854,02,历史必选,050101,汉语言文学,2,5100,四年,https://static-data.gaokao.cn/www/2.0/schoolspecialplan/531/2024/31.json?a=www.gaokao.cn,data/shanghai/raw/plan_api/static/2024/531.json,1
2024,综合,531,广西师范大学,148619,03,不限,050207,日语,2,5000,四年,https://static-data.gaokao.cn/www/2.0/schoolspecialplan/531/2024/31.json?a=www.gaokao.cn,data/shanghai/raw/plan_api/static/2024/531.json,1
2024,综合,531,广西师范大学,148854,02,历史必选,060101,历史学,2,5100,四年,https://static-data.gaokao.cn/www/2.0/schoolspecialplan/531/2024/31.json?a=www.gaokao.cn,data/shanghai/raw/plan_api/static/2024/531.json,1
2024,综合,531,广西师范大学,148854,02,历史必选,050301,新闻学,2,5100,四年,https://static-data.gaokao.cn/www/2.0/schoolspecialplan/531/2024/31.json?a=www.gaokao.cn,data/shanghai/raw/plan_api/static/2024/531.json,1
2024,综合,532,中国科大,149298,01,物理、化学(2科必选),080703,通信工程,2,6000,四年,https://static-data.gaokao.cn/www/2.0/schoolspecialplan/532/2024/31.json?a=www.gaokao.cn,data/shanghai/raw/plan_api/static/2024/532.json,1
2024,综合,532,中国科大,149298,01,物理、化学(2科必选),080902,软件工程,2,6000,四年,https://static-data.gaokao.cn/www/2.0/schoolspecialplan/532/2024/31.json?a=www.gaokao.cn,data/shanghai/raw/plan_api/static/2024/532.json,1
2024,综合,532,中国科大,149298,01,物理、化学(2科必选),080901,计算机科学与技术,2,6000,四年,https://static-data.gaokao.cn/www/2.0/schoolspecialplan/532/2024/31.json?a=www.gaokao.cn,data/shanghai/raw/plan_api/static/2024/532.json,1
2024,综合,532,中国科大,149298,01,物理、化学(2科必选),080701,电子信息工程,2,6000,四年,https://static-data.gaokao.cn/www/2.0/schoolspecialplan/532/2024/31.json?a=www.gaokao.cn,data/shanghai/raw/plan_api/static/2024/532.json,1
2024,综合,532,中国科大,148855,02,不限,050201,英语,2,6000,四年,https://static-data.gaokao.cn/www/2.0/schoolspecialplan/532/2024/31.json?a=www.gaokao.cn,data/shanghai/raw/plan_api/static/2024/532.json,0
2024,综合,533,桂林理工大学,149297,01,不限,120901K,旅游管理,3,6000,四年,https://static-data.gaokao.cn/www/2.0/schoolspecialplan/533/2024/31.json?a=www.gaokao.cn,data/shanghai/raw/plan_api/static/2024/533.json,1
2024,综合,533,桂林理工大学,149297,01,不限,050303,广告学,2,5500,四年,https://static-data.gaokao.cn/www/2.0/schoolspecialplan/533/2024/31.json?a=www.gaokao.cn,data/shanghai/raw/plan_api/static/2024/533.json,1
2024,综合,533,桂林理工大学,149297,01,不限,120902,酒店管理,2,6000,四年,https://static-data.gaokao.cn/www/2.0/schoolspecialplan/533/2024/31.json?a=www.gaokao.cn,data/shanghai/raw/plan_api/static/2024/533.json,1
2024,综合,533,桂林理工大学,149297,01,不限,1202,工商管理类,2,6000,四年,https://static-data.gaokao.cn/www/2.0/schoolspecialplan/533/2024/31.json?a=www.gaokao.cn,data/shanghai/raw/plan_api/static/2024/533.json,1
2024,综合,534,山东交通学院,149401,01,不限,030101K,法学,3,4400,四年,https://static-data.gaokao.cn/www/2.0/schoolspecialplan/534/2024/31.json?a=www.gaokao.cn,data/shanghai/raw/plan_api/static/2024/534.json,1
2024,综合,534,山东交通学院,149401,01,不限,120204,财务管理,2,6325,四年,https://static-data.gaokao.cn/www/2.0/schoolspecialplan/534/2024/31.json?a=www.gaokao.cn,data/shanghai/raw/plan_api/static/2024/534.json,1
2024,综合,537,山东科技大学,149417,01,物理、化学(2科必选),080601,电气工程及其自动化,2,6600,四年,https://static-data.gaokao.cn/www/2.0/schoolspecialplan/537/2024/31.json?a=www.gaokao.cn,data/shanghai/raw/plan_api/static/2024/537.json,1
2024,综合,537,山东科技大学,149417,01,物理、化学(2科必选),080905,物联网工程,2,6600,四年,https://static-data.gaokao.cn/www/2.0/schoolspecialplan/537/2024/31.json?a=www.gaokao.cn,data/shanghai/raw/plan_api/static/2024/537.json,1
2024,综合,537,山东科技大学,149417,01,物理、化学(2科必选),081901,船舶与海洋工程,2,5500,四年,https://static-data.gaokao.cn/www/2.0/schoolspecialplan/537/2024/31.json?a=www.gaokao.cn,data/shanghai/raw/plan_api/static/2024/537.json,1
2024,综合,537,山东科技大学,148928,02,物理必选,020301K,金融学,2,5500,四年,https://static-data.gaokao.cn/www/2.0/schoolspecialplan/537/2024/31.json?a=www.gaokao.cn,data/shanghai/raw/plan_api/static/2024/537.json,1
2024,综合,537,山东科技大学,148928,02,物理必选,020401,国际经济与贸易,2,6325,四年,https://static-data.gaokao.cn/www/2.0/schoolspecialplan/537/2024/31.json?a=www.gaokao.cn,data/shanghai/raw/plan_api/static/2024/537.json,1
2024,综合,540,山东理工大学,149412,01,不限,020301K,金融学,2,5500,四年,https://static-data.gaokao.cn/www/2.0/schoolspecialplan/540/2024/31.json?a=www.gaokao.cn,data/shanghai/raw/plan_api/static/2024/540.json,1
2024,综合,541,南宁师范大学,149294,01,物理必选,020305T,金融数学,3,4598,四年,https://static-data.gaokao.cn/www/2.0/schoolspecialplan/541/2024/31.json?a=www.gaokao.cn,data/shanghai/raw/plan_api/static/2024/541.json,1
2024,综合,544,安徽科技,149199,01,物理、化学(2科必选),080901,计算机科学与技术,3,4800,四年,https://static-data.gaokao.cn/www/2.0/schoolspecialplan/544/2024/31.json?a=www.gaokao.cn,data/shanghai/raw/plan_api/static/2024/544.json,1
2024,综合,544,安徽科技,149199,01,物理、化学(2科必选),080701,电子信息工程,2,4800,四年,https://static-data.gaokao.cn/www/2.0/schoolspecialplan/544/2024/31.json?a=www.gaokao.cn,data/shanghai/raw/plan_api/static/2024/544.json,1
2024,综合,544,安徽科技,148792,02,不限,120201K,工商管理,3,4800,四年,https://static-data.gaokao.cn/www/2.0/schoolspecialplan/544/2024/31.json?a=www.gaokao.cn,data/shanghai/raw/plan_api/static/2024/544.json,1
2024,综合,544,安徽科技,148792,02,不限,020301K,金融学,2,4800,四年,https://static-data.gaokao.cn/www/2.0/schoolspecialplan/544/2024/31.json?a=www.gaokao.cn,data/shanghai/raw/plan_api/static/2024/544.json,1
2024,综合,545,合肥城院,149200,01,历史必选,050101,汉语言文学,1,4000,四年,https://static-data.gaokao.cn/www/2.0/schoolspecialplan/545/2024/31.json?a=www.gaokao.cn,data/shanghai/raw/plan_api/static/2024/545.json,1
2024,综合,545,合肥城院,148793,02,不限,030101K,法学,1,4400,四年,https://static-data.gaokao.cn/www/2.0/schoolspecialplan/545/2024/31.json?a=www.gaokao.cn,data/shanghai/raw/plan_api/static/2024/545.json,1
2024,综合,545,合肥城院,148793,02,不限,120801,电子商务,1,4400,四年,https://static-data.gaokao.cn/www/2.0/schoolspecialplan/545/2024/31.json?a=www.gaokao.cn,data/shanghai/raw/plan_api/static/2024/545.json,1
2024,综合,545,合肥城院,148793,02,不限,0201,经济学类,1,4400,四年,https://static-data.gaokao.cn/www/2.0/schoolspecialplan/545/2024/31.json?a=www.gaokao.cn,data/shanghai/raw/plan_api/static/2024/545.json,1
2024,综合,546,安医临床,149198,01,物理、化学(2科必选),100201K,临床医学,1,5800,五年,https://static-data.gaokao.cn/www/2.0/schoolspecialplan/546/2024/31.json?a=www.gaokao.cn,data/shanghai/raw/plan_api/static/2024/546.json,1
2024,综合,546,安医临床,149198,01,物理、化学(2科必选),100203TK,医学影像学,2,5800,五年,https://static-data.gaokao.cn/www/2.0/schoolspecialplan/546/2024/31.json?a=www.gaokao.cn,data/shanghai/raw/plan_api/static/2024/546.json,1
2024,综合,546,安医临床,149198,01,物理、化学(2科必选),100301K,口腔医学,1,5800,五年,https://static-data.gaokao.cn/www/2.0/schoolspecialplan/546/2024/31.json?a=www.gaokao.cn,data/shanghai/raw/plan_api/static/2024/546.json,1
2024,综合,546,安医临床,149198,01,物理、化学(2科必选),100207TK,儿科学,1,5800,五年,https://static-data.gaokao.cn/www/2.0/schoolspecialplan/546/2024/31.json?a=www.gaokao.cn,data/shanghai/raw/plan_api/static/2024/546.json,1
2024,综合,546,安医临床,149198,01,物理、化学(2科必选),100204TK,眼视光医学,1,5800,五年,https://static-data.gaokao.cn/www/2.0/schoolspecialplan/546/2024/31.json?a=www.gaokao.cn,data/shanghai/raw/plan_api/static/2024/546.json,1
2024,综合,547,齐鲁工业大学,149394,01,不限,030101K,法学,3,4400,四年,https://static-data.gaokao.cn/www/2.0/schoolspecialplan/547/2024/31.json?a=www.gaokao.cn,data/shanghai/raw/plan_api/static/2024/547.json,1
2024,综合,547,齐鲁工业大学,149394,01,不限,020301K,金融学,2,6325,四年,https://static-data.gaokao.cn/www/2.0/schoolspecialplan/547/2024/31.json?a=www.gaokao.cn,data/shanghai/raw/plan_api/static/2024/547.json,1
2024,综合,552,潍坊学院,149402,01,不限,050207,日语,5,4400,四年,https://static-data.gaokao.cn/www/2.0/schoolspecialplan/552/2024/31.json?a=www.gaokao.cn,data/shanghai/raw/plan_api/static/2024/552.json,1
2024,综合,552,潍坊学院,149402,01,不限,050201,英语,5,4400,四年,https://static-data.gaokao.cn/www/2.0/schoolspecialplan/552/2024/31.json?a=www.gaokao.cn,data/shanghai/raw/plan_api/static/2024/552.json,1
2024,综合,554,烟台大学,149395,01,物理、化学(2科必选),080714T,电子信息科学与技术,2,6600,四年,https://static-data.gaokao.cn/www/2.0/schoolspecialplan/554/2024/31.json?a=www.gaokao.cn,data/shanghai/raw/plan_api/static/2024/554.json,1
2024,综合,554,烟台大学,149395,01,物理、化学(2科必选),080717T,人工智能,2,5500,四年,https://static-data.gaokao.cn/www/2.0/schoolspecialplan/554/2024/31.json?a=www.gaokao.cn,data/shanghai/raw/plan_api/static/2024/554.json,1
2024,综合,554,烟台大学,148915,02,不限,020304,投资学,2,5500,四年,https://static-data.gaokao.cn/www/2.0/schoolspecialplan/554/2024/31.json?a=www.gaokao.cn,data/shanghai/raw/plan_api/static/2024/554.json,1
2024,综合,554,烟台大学,148915,02,不限,020401,国际经济与贸易,2,5500,四年,https://static-data.gaokao.cn/www/2.0/schoolspecialplan/554/2024/31.json?a=www.gaokao.cn,data/shanghai/raw/plan_api/static/2024/554.json,1
2024,综合,554,烟台大学,148915,02,不限,030102T,知识产权,2,5280,四年,https://static-data.gaokao.cn/www/2.0/schoolspecialplan/554/2024/31.json?a=www.gaokao.cn,data/shanghai/raw/plan_api/static/2024/554.json,1
2024,综合,555,鲁东大学,149405,01,物理、化学(2科必选),070501,地理科学,2,6600,四年,https://static-data.gaokao.cn/www/2.0/schoolspecialplan/555/2024/31.json?a=www.gaokao.cn,data/shanghai/raw/plan_api/static/2024/555.json,1
2024,综合,555,鲁东大学,149405,01,物理、化学(2科必选),070504,地理信息科学,2,6600,四年,https://static-data.gaokao.cn/www/2.0/schoolspecialplan/555/2024/31.json?a=www.gaokao.cn,data/shanghai/raw/plan_api/static/2024/555.json,1
2024,综合,555,鲁东大学,148920,02,不限,020101,经济学,3,6320,四年,https://static-data.gaokao.cn/www/2.0/schoolspecialplan/555/2024/31.json?a=www.gaokao.cn,data/shanghai/raw/plan_api/static/2024/555.json,1
2024,综合,555,鲁东大学,148920,02,不限,050103,汉语国际教育,3,5060,四年,https://static-data.gaokao.cn/www/2.0/schoolspecialplan/555/2024/31.json?a=www.gaokao.cn,data/shanghai/raw/plan_api/static/2024/555.json,1
2024,综合,556,北京化工大学,149717,01,物理、化学(2科必选),99549,工科试验班,6,5000,四年,https://static-data.gaokao.cn/www/2.0/schoolspecialplan/556/2024/31.json?a=www.gaokao.cn,data/shanghai/raw/plan_api/static/2024/556.json,1
2024,综合,556,北京化工大学,149717,01,物理、化学(2科必选),99463,理科试验班,5,5000,四年,https://static-data.gaokao.cn/www/2.0/schoolspecialplan/556/2024/31.json?a=www.gaokao.cn,data/shanghai/raw/plan_api/static/2024/556.json,1
2024,综合,556,北京化工大学,149140,02,物理、化学(2科必选),0808,自动化类,4,5000,四年,https://static-data.gaokao.cn/www/2.0/schoolspecialplan/556/2024/31.json?a=www.gaokao.cn,data/shanghai/raw/plan_api/static/2024/556.json,1
2024,综合,556,北京化工大学,149140,02,物理、化学(2科必选),99463,理科试验班,4,5000,四年,https://static-data.gaokao.cn/www/2.0/schoolspecialplan/556/2024/31.json?a=www.gaokao.cn,data/shanghai/raw/plan_api/static/2024/556.json,1
2024,综合,556,北京化工大学,149140,02,物理、化学(2科必选),0809,计算机类,3,5000,四年,https://static-data.gaokao.cn/www/2.0/schoolspecialplan/556/2024/31.json?a=www.gaokao.cn,data/shanghai/raw/plan_api/static/2024/556.json,1
2024,综合,557,中国农业大学,149715,01,物理、化学(2科必选),0827,食品科学与工程类,2,5000,四年,https://static-data.gaokao.cn/www/2.0/schoolspecialplan/557/2024/31.json?a=www.gaokao.cn,data/shanghai/raw/plan_api/static/2024/557.json,1
2024,综合,557,中国农业大学,149715,01,物理、化学(2科必选),0904,动物医学类,2,3000,五年,https://static-data.gaokao.cn/www/2.0/schoolspecialplan/557/2024/31.json?a=www.gaokao.cn,data/shanghai/raw/plan_api/static/2024/557.json,1
2024,综合,557,中国农业大学,149715,01,物理、化学(2科必选),090701,草业科学,1,3000,四年,https://static-data.gaokao.cn/www/2.0/schoolspecialplan/557/2024/31.json?a=www.gaokao.cn,data/shanghai/raw/plan_api/static/2024/557.json,1
2024,综合,557,中国农业大学,149715,01,物理、化学(2科必选),090101,农学,1,3000,四年,https://static-data.gaokao.cn/www/2.0/schoolspecialplan/557/2024/31.json?a=www.gaokao.cn,data/shanghai/raw/plan_api/static/2024/557.json,1
2024,综合,557,中国农业大学,149715,01,物理、化学(2科必选),090102,园艺,1,3000,四年,https://static-data.gaokao.cn/www/2.0/schoolspecialplan/557/2024/31.json?a=www.gaokao.cn,data/shanghai/raw/plan_api/static/2024/557.json,1
2024,综合,557,中国农业大学,149715,01,物理、化学(2科必选),090103,植物保护,1,3000,四年,https://static-data.gaokao.cn/www/2.0/schoolspecialplan/557/2024/31.json?a=www.gaokao.cn,data/shanghai/raw/plan_api/static/2024/557.json,1
2024,综合,557,中国农业大学,149715,01,物理、化学(2科必选),0703,化学类,1,5000,四年,https://static-data.gaokao.cn/www/2.0/schoolspecialplan/557/2024/31.json?a=www.gaokao.cn,data/shanghai/raw/plan_api/static/2024/557.json,1
2024,综合,557,中国农业大学,149715,01,物理、化学(2科必选),0710,生物科学类,1,5000,四年,https://static-data.gaokao.cn/www/2.0/schoolspecialplan/557/2024/31.json?a=www.gaokao.cn,data/shanghai/raw/plan_api/static/2024/557.json,1
2024,综合,558,中国传媒大学,149710,01,物理、化学(2科必选),080901,计算机科学与技术,2,5500,四年,https://static-data.gaokao.cn/www/2.0/schoolspecialplan/558/2024/31.json?a=www.gaokao.cn,data/shanghai/raw/plan_api/static/2024/558.json,1
2024,综合,558,中国传媒大学,149710,01,物理、化学(2科必选),080707T,广播电视工程,2,5500,四年,https://static-data.gaokao.cn/www/2.0/schoolspecialplan/558/2024/31.json?a=www.gaokao.cn,data/shanghai/raw/plan_api/static/2024/558.json,1
2024,综合,558,中国传媒大学,149710,01,物理、化学(2科必选),080906,数字媒体技术,2,5500,四年,https://static-data.gaokao.cn/www/2.0/schoolspecialplan/558/2024/31.json?a=www.gaokao.cn,data/shanghai/raw/plan_api/static/2024/558.json,1
2024,综合,558,中国传媒大学,149710,01,物理、化学(2科必选),080717T,人工智能,2,5500,四年,https://static-data.gaokao.cn/www/2.0/schoolspecialplan/558/2024/31.json?a=www.gaokao.cn,data/shanghai/raw/plan_api/static/2024/558.json,1
2024,综合,558,中国传媒大学,148559,04,物理、化学(2科必选),080906,数字媒体技术,6,100000,四年,https://static-data.gaokao.cn/www/2.0/schoolspecialplan/558/2024/31.json?a=www.gaokao.cn,data/shanghai/raw/plan_api/static/2024/558.json,1
2024,综合,558,中国传媒大学,148559,04,物理、化学(2科必选),080907T,智能科学与技术,5,100000,四年,https://static-data.gaokao.cn/www/2.0/schoolspecialplan/558/2024/31.json?a=www.gaokao.cn,data/shanghai/raw/plan_api/static/2024/558.json,1
2024,综合,558,中国传媒大学,149137,02,不限,050303,广告学,3,5000,四年,https://static-data.gaokao.cn/www/2.0/schoolspecialplan/558/2024/31.json?a=www.gaokao.cn,data/shanghai/raw/plan_api/static/2024/558.json,1
2024,综合,558,中国传媒大学,148489,05,不限,050303,广告学,3,71000,四年,https://static-data.gaokao.cn/www/2.0/schoolspecialplan/558/2024/31.json?a=www.gaokao.cn,data/shanghai/raw/plan_api/static/2024/558.json,1
2024,综合,558,中国传媒大学,148489,05,不限,050304,传播学,3,65000,四年,https://static-data.gaokao.cn/www/2.0/schoolspecialplan/558/2024/31.json?a=www.gaokao.cn,data/shanghai/raw/plan_api/static/2024/558.json,1
2024,综合,558,中国传媒大学,149137,02,不限,050301,新闻学,2,5000,四年,https://static-data.gaokao.cn/www/2.0/schoolspecialplan/558/2024/31.json?a=www.gaokao.cn,data/shanghai/raw/plan_api/static/2024/558.json,1
2024,综合,558,中国传媒大学,149137,02,不限,120210,文化产业管理,2,5000,四年,https://static-data.gaokao.cn/www/2.0/schoolspecialplan/558/2024/31.json?a=www.gaokao.cn,data/shanghai/raw/plan_api/static/2024/558.json,1
2024,综合,558,中国传媒大学,148747,03,不限,130304,戏剧影视文学,2,8000,四年,https://static-data.gaokao.cn/www/2.0/schoolspecialplan/558/2024/31.json?a=www.gaokao.cn,data/shanghai/raw/plan_api/static/2024/558.json,1
2024,综合,558,中国传媒大学,148747,03,不限,130305,广播电视编导,2,10000,四年,https://static-data.gaokao.cn/www/2.0/schoolspecialplan/558/2024/31.json?a=www.gaokao.cn,data/shanghai/raw/plan_api/static/2024/558.json,1
2024,综合,558,中国传媒大学,149137,02,不限,050309T,国际新闻与传播,2,5000,四年,https://static-data.gaokao.cn/www/2.0/schoolspecialplan/558/2024/31.json?a=www.gaokao.cn,data/shanghai/raw/plan_api/static/2024/558.json,1
2024,综合,558,中国传媒大学,149137,02,不限,050307T,数字出版,2,5000,四年,https://static-data.gaokao.cn/www/2.0/schoolspecialplan/558/2024/31.json?a=www.gaokao.cn,data/shanghai/raw/plan_api/static/2024/558.json,1
2024,综合,559,北京城市学院,149687,01,物理必选,020310T,金融科技,1,32800,四年,https://static-data.gaokao.cn/www/2.0/schoolspecialplan/559/2024/31.json?a=www.gaokao.cn,data/shanghai/raw/plan_api/static/2024/559.json,0
2024,综合,559,北京城市学院,148743,03,不限,130305,广播电视编导,2,35800,四年,https://static-data.gaokao.cn/www/2.0/schoolspecialplan/559/2024/31.json?a=www.gaokao.cn,data/shanghai/raw/plan_api/static/2024/559.json,1
2024,综合,559,北京城市学院,149125,02,不限,050304,传播学,1,48800,四年,https://static-data.gaokao.cn/www/2.0/schoolspecialplan/559/2024/31.json?a=www.gaokao.cn,data/shanghai/raw/plan_api/static/2024/559.json,1
2024,综合,559,北京城市学院,149125,02,不限,1202,工商管理类,1,32800,四年,https://static-data.gaokao.cn/www/2.0/schoolspecialplan/559/2024/31.json?a=www.gaokao.cn,data/shanghai/raw/plan_api/static/2024/559.json,1
2024,综合,559,北京城市学院,149125,02,不限,060104,文物与博物馆学,1,32800,四年,https://static-data.gaokao.cn/www/2.0/schoolspecialplan/559/2024/31.json?a=www.gaokao.cn,data/shanghai/raw/plan_api/static/2024/559.json,1
2024,综合,559,北京城市学院,149125,02,不限,120203K,会计学,1,48800,四年,https://static-data.gaokao.cn/www/2.0/schoolspecialplan/559/2024/31.json?a=www.gaokao.cn,data/shanghai/raw/plan_api/static/2024/559.json,1
2024,综合,559,北京城市学院,149125,02,不限,020301K,金融学,1,32800,四年,https://static-data.gaokao.cn/www/2.0/schoolspecialplan/559/2024/31.json?a=www.gaokao.cn,data/shanghai/raw/plan_api/static/2024/559.json,1
2024,综合,559,北京城市学院,149125,02,不限,082803,风景园林,1,33800,四年,https://static-data.gaokao.cn/www/2.0/schoolspecialplan/559/2024/31.json?a=www.gaokao.cn,data/shanghai/raw/plan_api/static/2024/559.json,1
2024,综合,559,北京城市学院,149125,02,不限,082802,城乡规划,1,33800,四年,https://static-data.gaokao.cn/www/2.0/schoolspecialplan/559/2024/31.json?a=www.gaokao.cn,data/shanghai/raw/plan_api/static/2024/559.json,1
2024,综合,559,北京城市学院,149125,02,不限,120210,文化产业管理,1,32800,四年,https://static-data.gaokao.cn/www/2.0/schoolspecialplan/559/2024/31.json?a=www.gaokao.cn,data/shanghai/raw/plan_api/static/2024/559.json,1
2024,综合,559,北京城市学院,149125,02,不限,120604T,供应链管理,1,32800,四年,https://static-data.gaokao.cn/www/2.0/schoolspecialplan/559/2024/31.json?a=www.gaokao.cn,data/shanghai/raw/plan_api/static/2024/559.json,1
2024,综合,559,北京城市学院,149125,02,不限,0502,外国语言文学类,1,33800,四年,https://static-data.gaokao.cn/www/2.0/schoolspecialplan/559/2024/31.json?a=www.gaokao.cn,data/shanghai/raw/plan_api/static/2024/559.json,1
2024,综合,559,北京城市学院,149125,02,不限,120803T,跨境电子商务,1,32800,四年,https://static-data.gaokao.cn/www/2.0/schoolspecialplan/559/2024/31.json?a=www.gaokao.cn,data/shanghai/raw/plan_api/static/2024/559.json,1
2024,综合,562,中央戏剧学院,149679,01,不限,130313T,戏剧教育,3,8000,四年,https://static-data.gaokao.cn/www/2.0/schoolspecialplan/562/2024/31.json?a=www.gaokao.cn,data/shanghai/raw/plan_api/static/2024/562.json,1
2024,综合,562,中央戏剧学院,149679,01,不限,130102T,艺术管理,2,8000,四年,https://static-data.gaokao.cn/www/2.0/schoolspecialplan/562/2024/31.json?a=www.gaokao.cn,data/shanghai/raw/plan_api/static/2024/562.json,1
2024,综合,562,中央戏剧学院,149679,01,不限,130302,戏剧学,2,8000,四年,https://static-data.gaokao.cn/www/2.0/schoolspecialplan/562/2024/31.json?a=www.gaokao.cn,data/shanghai/raw/plan_api/static/2024/562.json,1
2024,综合,562,中央戏剧学院,149679,01,不限,130304,戏剧影视文学,2,8000,四年,https://static-data.gaokao.cn/www/2.0/schoolspecialplan/562/2024/31.json?a=www.gaokao.cn,data/shanghai/raw/plan_api/static/2024/562.json,1
2024,综合,563,北京电影学院,149678,01,历史必选,120210,文化产业管理,2,6000,四年,https://static-data.gaokao.cn/www/2.0/schoolspecialplan/563/2024/31.json?a=www.gaokao.cn,data/shanghai/raw/plan_api/static/2024/563.json,1
2024,综合,563,北京电影学院,149120,02,不限,130303,电影学,3,8000,四年,https://static-data.gaokao.cn/www/2.0/schoolspecialplan/563/2024/31.json?a=www.gaokao.cn,data/shanghai/raw/plan_api/static/2024/563.json,1
2024,综合,563,北京电影学院,148740,03,不限,130304,戏剧影视文学,2,8000,四年,https://static-data.gaokao.cn/www/2.0/schoolspecialplan/563/2024/31.json?a=www.gaokao.cn,data/shanghai/raw/plan_api/static/2024/563.json,1
2024,综合,563,北京电影学院,148488,05,不限,130312T,影视技术,2,10000,四年,https://static-data.gaokao.cn/www/2.0/schoolspecialplan/563/2024/31.json?a=www.gaokao.cn,data/shanghai/raw/plan_api/static/2024/563.json,1
2024,综合,563,北京电影学院,148556,04,不限,130304,戏剧影视文学,1,8000,四年,https://static-data.gaokao.cn/www/2.0/schoolspecialplan/563/2024/31.json?a=www.gaokao.cn,data/shanghai/raw/plan_api/static/2024/563.json,1
2024,综合,566,中央财经大学,149709,01,物理必选,020303,保险学,1,5000,四年,https://static-data.gaokao.cn/www/2.0/schoolspecialplan/566/2024/31.json?a=www.gaokao.cn,data/shanghai/raw/plan_api/static/2024/566.json,1
2024,综合,566,中央财经大学,149709,01,物理必选,0203,金融学类,2,5000,四年,https://static-data.gaokao.cn/www/2.0/schoolspecialplan/566/2024/31.json?a=www.gaokao.cn,data/shanghai/raw/plan_api/static/2024/566.json,1
2024,综合,566,中央财经大学,149709,01,物理必选,120108T,大数据管理与应用,2,5000,四年,https://static-data.gaokao.cn/www/2.0/schoolspecialplan/566/2024/31.json?a=www.gaokao.cn,data/shanghai/raw/plan_api/static/2024/566.json,1
2024,综合,566,中央财经大学,149709,01,物理必选,1208,电子商务类,1,5000,四年,https://static-data.gaokao.cn/www/2.0/schoolspecialplan/566/2024/31.json?a=www.gaokao.cn,data/shanghai/raw/plan_api/static/2024/566.json,1
2024,综合,566,中央财经大学,149136,02,不限,0202,财政学类,4,5000,四年,https://static-data.gaokao.cn/www/2.0/schoolspecialplan/566/2024/31.json?a=www.gaokao.cn,data/shanghai/raw/plan_api/static/2024/566.json,1
2024,综合,566,中央财经大学,149136,02,不限,020101,经济学,3,5000,四年,https://static-data.gaokao.cn/www/2.0/schoolspecialplan/566/2024/31.json?a=www.gaokao.cn,data/shanghai/raw/plan_api/static/2024/566.json,1
2024,综合,566,中央财经大学,149136,02,不限,020301K,金融学,1,5000,四年,https://static-data.gaokao.cn/www/2.0/schoolspecialplan/566/2024/31.json?a=www.gaokao.cn,data/shanghai/raw/plan_api/static/2024/566.json,1
2024,综合,566,中央财经大学,149136,02,不限,1202,工商管理类,2,5000,四年,https://static-data.gaokao.cn/www/2.0/schoolspecialplan/566/2024/31.json?a=www.gaokao.cn,data/shanghai/raw/plan_api/static/2024/566.json,1
2024,综合,566,中央财经大学,149136,02,不限,0201,经济学类,2,5000,四年,https://static-data.gaokao.cn/www/2.0/schoolspecialplan/566/2024/31.json?a=www.gaokao.cn,data/shanghai/raw/plan_api/static/2024/566.json,1
2024,综合,566,中央财经大学,149136,02,不限,030101K,法学,1,5000,四年,https://static-data.gaokao.cn/www/2.0/schoolspecialplan/566/2024/31.json?a=www.gaokao.cn,data/shanghai/raw/plan_api/static/2024/566.json,1
2024,综合,566,中央财经大学,149136,02,不限,0503,新闻传播学类,1,5000,四年,https://static-data.gaokao.cn/www/2.0/schoolspecialplan/566/2024/31.json?a=www.gaokao.cn,data/shanghai/raw/plan_api/static/2024/566.json,1
2024,综合,566,中央财经大学,149136,02,不限,1204,公共管理类,1,5000,四年,https://static-data.gaokao.cn/www/2.0/schoolspecialplan/566/2024/31.json?a=www.gaokao.cn,data/shanghai/raw/plan_api/static/2024/566.json,1
2024,综合,568,中华女子学院,149698,01,不限,040106,学前教育,25,4200,四年,https://static-data.gaokao.cn/www/2.0/schoolspecialplan/568/2024/31.json?a=www.gaokao.cn,data/shanghai/raw/plan_api/static/2024/568.json,1
2024,综合,568,中华女子学院,149698,01,不限,050103,汉语国际教育,3,4200,四年,https://static-data.gaokao.cn/www/2.0/schoolspecialplan/568/2024/31.json?a=www.gaokao.cn,data/shanghai/raw/plan_api/static/2024/568.json,1
2024,综合,568,中华女子学院,149698,01,不限,120414T,养老服务管理,3,4200,四年,https://static-data.gaokao.cn/www/2.0/schoolspecialplan/568/2024/31.json?a=www.gaokao.cn,data/shanghai/raw/plan_api/static/2024/568.json,1
2024,综合,568,中华女子学院,149698,01,不限,071102,应用心理学,2,4200,四年,https://static-data.gaokao.cn/www/2.0/schoolspecialplan/568/2024/31.json?a=www.gaokao.cn,data/shanghai/raw/plan_api/static/2024/568.json,1
2024,综合,568,中华女子学院,149698,01,不限,040115T,家庭教育,2,4200,四年,https://static-data.gaokao.cn/www/2.0/schoolspecialplan/568/2024/31.json?a=www.gaokao.cn,data/shanghai/raw/plan_api/static/2024/568.json,1
2024,综合,569,中国政法大学,149707,01,不限,030101K,法学,2,5000,四年,https://static-data.gaokao.cn/www/2.0/schoolspecialplan/569/2024/31.json?a=www.gaokao.cn,data/shanghai/raw/plan_api/static/2024/569.json,1
2024,综合,569,中国政法大学,149707,01,不限,120201K,工商管理,1,5000,四年,https://static-data.gaokao.cn/www/2.0/schoolspecialplan/569/2024/31.json?a=www.gaokao.cn,data/shanghai/raw/plan_api/static/2024/569.json,1
2024,综合,569,中国政法大学,149707,01,不限,120205,国际商务,1,5000,四年,https://static-data.gaokao.cn/www/2.0/schoolspecialplan/569/2024/31.json?a=www.gaokao.cn,data/shanghai/raw/plan_api/static/2024/569.json,1
2024,综合,569,中国政法大学,149707,01,不限,120402,行政管理,1,5000,四年,https://static-data.gaokao.cn/www/2.0/schoolspecialplan/569/2024/31.json?a=www.gaokao.cn,data/shanghai/raw/plan_api/static/2024/569.json,1
2024,综合,569,中国政法大学,149707,01,不限,050203,德语,1,6000,四年,https://static-data.gaokao.cn/www/2.0/schoolspecialplan/569/2024/31.json?a=www.gaokao.cn,data/shanghai/raw/plan_api/static/2024/569.json,1
2024,综合,569,中国政法大学,149707,01,不限,050261,翻译,1,6000,四年,https://static-data.gaokao.cn/www/2.0/schoolspecialplan/569/2024/31.json?a=www.gaokao.cn,data/shanghai/raw/plan_api/static/2024/569.json,1
2024,综合,570,北京工商大学,149697,01,物理必选,020201K,财政学,5,4200,四年,https://static-data.gaokao.cn/www/2.0/schoolspecialplan/570/2024/31.json?a=www.gaokao.cn,data/shanghai/raw/plan_api/static/2024/570.json,1
2024,综合,570,北京工商大学,149129,02,不限,120203K,会计学,5,4200,四年,https://static-data.gaokao.cn/www/2.0/schoolspecialplan/570/2024/31.json?a=www.gaokao.cn,data/shanghai/raw/plan_api/static/2024/570.json,1
2024,综合,571,中国音乐学院,149685,01,不限,130102T,艺术管理,2,8000,四年,https://static-data.gaokao.cn/www/2.0/schoolspecialplan/571/2024/31.json?a=www.gaokao.cn,data/shanghai/raw/plan_api/static/2024/571.json,1
2024,综合,573,北京协和医学院,149696,01,物理、化学(2科必选),101101K,护理学,4,4800,四年,https://static-data.gaokao.cn/www/2.0/schoolspecialplan/573/2024/31.json?a=www.gaokao.cn,data/shanghai/raw/plan_api/static/2024/573.json,1
2024,综合,574,中国戏曲学院,149690,01,不限,130304,戏剧影视文学,1,8000,四年,https://static-data.gaokao.cn/www/2.0/schoolspecialplan/574/2024/31.json?a=www.gaokao.cn,data/shanghai/raw/plan_api/static/2024/574.json,1
2024,综合,586,北京物资学院,149694,01,物理必选,020310T,金融科技,1,4200,四年,https://static-data.gaokao.cn/www/2.0/schoolspecialplan/586/2024/31.json?a=www.gaokao.cn,data/shanghai/raw/plan_api/static/2024/586.json,1
2024,综合,586,北京物资学院,149128,02,不限,020301K,金融学,1,4200,四年,https://static-data.gaokao.cn/www/2.0/schoolspecialplan/586/2024/31.json?a=www.gaokao.cn,data/shanghai/raw/plan_api/static/2024/586.json,1
2024,综合,590,北京印刷学院,149686,01,不限,050306T,网络与新媒体,2,4200,四年,https://static-data.gaokao.cn/www/2.0/schoolspecialplan/590/2024/31.json?a=www.gaokao.cn,data/shanghai/raw/plan_api/static/2024/590.json,1
2024,综合,590,北京印刷学院,149686,01,不限,120210,文化产业管理,1,4200,四年,https://static-data.gaokao.cn/www/2.0/schoolspecialplan/590/2024/31.json?a=www.gaokao.cn,data/shanghai/raw/plan_api/static/2024/590.json,1
2024,综合,590,北京印刷学院,149686,01,不限,050304,传播学,1,4200,四年,https://static-data.gaokao.cn/www/2.0/schoolspecialplan/590/2024/31.json?a=www.gaokao.cn,data/shanghai/raw/plan_api/static/2024/590.json,1
2024,综合,592,北京语言大学,149683,01,物理、化学(2科必选),0809,计算机类,2,5500,四年,https://static-data.gaokao.cn/www/2.0/schoolspecialplan/592/2024/31.json?a=www.gaokao.cn,data/shanghai/raw/plan_api/static/2024/592.json,1
2024,综合,592,北京语言大学,148557,04,不限,050101,汉语言文学,3,5000,四年,https://static-data.gaokao.cn/www/2.0/schoolspecialplan/592/2024/31.json?a=www.gaokao.cn,data/shanghai/raw/plan_api/static/2024/592.json,1
2024,综合,592,北京语言大学,148557,04,不限,020301K,金融学,2,5000,四年,https://static-data.gaokao.cn/www/2.0/schoolspecialplan/592/2024/31.json?a=www.gaokao.cn,data/shanghai/raw/plan_api/static/2024/592.json,1
2024,综合,592,北京语言大学,148557,04,不限,050103,汉语国际教育,2,5000,四年,https://static-data.gaokao.cn/www/2.0/schoolspecialplan/592/2024/31.json?a=www.gaokao.cn,data/shanghai/raw/plan_api/static/2024/592.json,1
2024,综合,592,北京语言大学,148557,04,不限,120203K,会计学,2,5000,四年,https://static-data.gaokao.cn/www/2.0/schoolspecialplan/592/2024/31.json?a=www.gaokao.cn,data/shanghai/raw/plan_api/static/2024/592.json,1
2024,综合,592,北京语言大学,148557,04,不限,050261,翻译,1,6000,四年,https://static-data.gaokao.cn/www/2.0/schoolspecialplan/592/2024/31.json?a=www.gaokao.cn,data/shanghai/raw/plan_api/static/2024/592.json,1
2024,综合,592,北京语言大学,148557,04,不限,020101,经济学,2,5000,四年,https://static-data.gaokao.cn/www/2.0/schoolspecialplan/592/2024/31.json?a=www.gaokao.cn,data/shanghai/raw/plan_api/static/2024/592.json,1
2024,综合,592,北京语言大学,148557,04,不限,0502,外国语言文学类,2,6000,四年,https://static-data.gaokao.cn/www/2.0/schoolspecialplan/592/2024/31.json?a=www.gaokao.cn,data/shanghai/raw/plan_api/static/2024/592.json,1
2024,综合,592,北京语言大学,148557,04,不限,020401,国际经济与贸易,1,5000,四年,https://static-data.gaokao.cn/www/2.0/schoolspecialplan/592/2024/31.json?a=www.gaokao.cn,data/shanghai/raw/plan_api/static/2024/592.json,1
2024,综合,592,北京语言大学,148742,03,思想政治必选,030202,国际思想政治,1,5000,四年,https://static-data.gaokao.cn/www/2.0/schoolspecialplan/592/2024/31.json?a=www.gaokao.cn,data/shanghai/raw/plan_api/static/2024/592.json,1
2024,综合,592,北京语言大学,148557,04,不限,050301,新闻学,1,5000,四年,https://static-data.gaokao.cn/www/2.0/schoolspecialplan/592/2024/31.json?a=www.gaokao.cn,data/shanghai/raw/plan_api/static/2024/592.json,1
2024,综合,592,北京语言大学,148742,03,思想政治必选,030204T,国际事务与国际关系,1,5000,四年,https://static-data.gaokao.cn/www/2.0/schoolspecialplan/592/2024/31.json?a=www.gaokao.cn,data/shanghai/raw/plan_api/static/2024/592.json,1
2024,综合,592,北京语言大学,149123,02,物理必选,0502100T,语言学,1,5000,四年,https://static-data.gaokao.cn/www/2.0/schoolspecialplan/592/2024/31.json?a=www.gaokao.cn,data/shanghai/raw/plan_api/static/2024/592.json,1
2024,综合,592,北京语言大学,148557,04,不限,050306T,网络与新媒体,1,5000,四年,https://static-data.gaokao.cn/www/2.0/schoolspecialplan/592/2024/31.json?a=www.gaokao.cn,data/shanghai/raw/plan_api/static/2024/592.json,1
2024,综合,592,北京语言大学,149123,02,物理必选,071101,心理学,1,5000,四年,https://static-data.gaokao.cn/www/2.0/schoolspecialplan/592/2024/31.json?a=www.gaokao.cn,data/shanghai/raw/plan_api/static/2024/592.json,1
2024,综合,592,北京语言大学,148557,04,不限,050304,传播学,1,5000,四年,https://static-data.gaokao.cn/www/2.0/schoolspecialplan/592/2024/31.json?a=www.gaokao.cn,data/shanghai/raw/plan_api/static/2024/592.json,1
2024,综合,592,北京语言大学,148742,03,思想政治必选,030206TK,国际组织与全球治理,1,5000,四年,https://static-data.gaokao.cn/www/2.0/schoolspecialplan/592/2024/31.json?a=www.gaokao.cn,data/shanghai/raw/plan_api/static/2024/592.json,1
2024,综合,596,河北医科大学,149652,01,物理、化学(2科必选),1007,药学类,4,5200,四年,https://static-data.gaokao.cn/www/2.0/schoolspecialplan/596/2024/31.json?a=www.gaokao.cn,data/shanghai/raw/plan_api/static/2024/596.json,1
2024,综合,596,河北医科大学,149652,01,物理、化学(2科必选),1004,公共卫生与预防医学类,3,5200,五年,https://static-data.gaokao.cn/www/2.0/schoolspecialplan/596/2024/31.json?a=www.gaokao.cn,data/shanghai/raw/plan_api/static/2024/596.json,1
2024,综合,596,河北医科大学,149652,01,物理、化学(2科必选),100801,中药学,2,5200,四年,https://static-data.gaokao.cn/www/2.0/schoolspecialplan/596/2024/31.json?a=www.gaokao.cn,data/shanghai/raw/plan_api/static/2024/596.json,1
2024,综合,596,河北医科大学,149097,02,物、化、生(3科必选),101001,医学检验技术,3,5200,四年,https://static-data.gaokao.cn/www/2.0/schoolspecialplan/596/2024/31.json?a=www.gaokao.cn,data/shanghai/raw/plan_api/static/2024/596.json,1
2024,综合,596,河北医科大学,149097,02,物、化、生(3科必选),100201K,临床医学,3,5700,五年,https://static-data.gaokao.cn/www/2.0/schoolspecialplan/596/2024/31.json?a=www.gaokao.cn,data/shanghai/raw/plan_api/static/2024/596.json,1
2024,综合,597,华北理工大学,149653,01,物理、化学(2科必选),081304T,能源化学工程,4,4900,四年,https://static-data.gaokao.cn/www/2.0/schoolspecialplan/597/2024/31.json?a=www.gaokao.cn,data/shanghai/raw/plan_api/static/2024/597.json,1
2024,综合,597,华北理工大学,149653,01,物理、化学(2科必选),081508TK,碳储科学与工程,3,4900,四年,https://static-data.gaokao.cn/www/2.0/schoolspecialplan/597/2024/31.json?a=www.gaokao.cn,data/shanghai/raw/plan_api/static/2024/597.json,1
2024,综合,597,华北理工大学,149098,02,物理、化学(2科必选),100205TK,精神医学,3,5200,五年,https://static-data.gaokao.cn/www/2.0/schoolspecialplan/597/2024/31.json?a=www.gaokao.cn,data/shanghai/raw/plan_api/static/2024/597.json,1
2024,综合,597,华北理工大学,148732,03,物、化、生(3科必选),100201K,临床医学,2,5700,五年,https://static-data.gaokao.cn/www/2.0/schoolspecialplan/597/2024/31.json?a=www.gaokao.cn,data/shanghai/raw/plan_api/static/2024/597.json,1
2024,综合,599,燕山大学,149649,01,物理、化学(2科必选),080902,软件工程,2,10000,四年,https://static-data.gaokao.cn/www/2.0/schoolspecialplan/599/2024/31.json?a=www.gaokao.cn,data/shanghai/raw/plan_api/static/2024/599.json,1
2024,综合,599,燕山大学,149649,01,物理、化学(2科必选),0802,机械类,2,5390,四年,https://static-data.gaokao.cn/www/2.0/schoolspecialplan/599/2024/31.json?a=www.gaokao.cn,data/shanghai/raw/plan_api/static/2024/599.json,1
2024,综合,599,燕山大学,149649,01,物理、化学(2科必选),0806,电气类,2,5390,四年,https://static-data.gaokao.cn/www/2.0/schoolspecialplan/599/2024/31.json?a=www.gaokao.cn,data/shanghai/raw/plan_api/static/2024/599.json,1
2024,综合,599,燕山大学,149094,02,不限,020307T,经济与金融,2,5060,四年,https://static-data.gaokao.cn/www/2.0/schoolspecialplan/599/2024/31.json?a=www.gaokao.cn,data/shanghai/raw/plan_api/static/2024/599.json,1
2024,综合,602,河北工程大学,149655,01,物理、化学(2科必选),081001,土木工程,2,5300,四年,https://static-data.gaokao.cn/www/2.0/schoolspecialplan/602/2024/31.json?a=www.gaokao.cn,data/shanghai/raw/plan_api/static/2024/602.json,1
2024,综合,602,河北工程大学,149655,01,物理、化学(2科必选),080207,车辆工程,2,5300,四年,https://static-data.gaokao.cn/www/2.0/schoolspecialplan/602/2024/31.json?a=www.gaokao.cn,data/shanghai/raw/plan_api/static/2024/602.json,1
2024,综合,602,河北工程大学,149655,01,物理、化学(2科必选),080503T,新能源科学与工程,2,4900,四年,https://static-data.gaokao.cn/www/2.0/schoolspecialplan/602/2024/31.json?a=www.gaokao.cn,data/shanghai/raw/plan_api/static/2024/602.json,1
2024,综合,602,河北工程大学,149100,02,不限,120201K,工商管理,2,4600,四年,https://static-data.gaokao.cn/www/2.0/schoolspecialplan/602/2024/31.json?a=www.gaokao.cn,data/shanghai/raw/plan_api/static/2024/602.json,1
2024,综合,602,河北工程大学,149100,02,不限,120203K,会计学,2,5000,四年,https://static-data.gaokao.cn/www/2.0/schoolspecialplan/602/2024/31.json?a=www.gaokao.cn,data/shanghai/raw/plan_api/static/2024/602.json,1
2024,综合,606,河北地质大学,149654,01,不限,1202,工商管理类,4,5060,四年,https://static-data.gaokao.cn/www/2.0/schoolspecialplan/606/2024/31.json?a=www.gaokao.cn,data/shanghai/raw/plan_api/static/2024/606.json,1
2024,综合,606,河北地质大学,149654,01,不限,050303,广告学,2,4600,四年,https://static-data.gaokao.cn/www/2.0/schoolspecialplan/606/2024/31.json?a=www.gaokao.cn,data/shanghai/raw/plan_api/static/2024/606.json,1
2024,综合,606,河北地质大学,149654,01,不限,050204,法语,2,4900,四年,https://static-data.gaokao.cn/www/2.0/schoolspecialplan/606/2024/31.json?a=www.gaokao.cn,data/shanghai/raw/plan_api/static/2024/606.json,1
2024,综合,606,河北地质大学,149654,01,不限,1204,公共管理类,2,4600,四年,https://static-data.gaokao.cn/www/2.0/schoolspecialplan/606/2024/31.json?a=www.gaokao.cn,data/shanghai/raw/plan_api/static/2024/606.json,1
2024,综合,606,河北地质大学,149099,02,物理、化学(2科必选),080901,计算机科学与技术,2,8000,四年,https://static-data.gaokao.cn/www/2.0/schoolspecialplan/606/2024/31.json?a=www.gaokao.cn,data/shanghai/raw/plan_api/static/2024/606.json,1
2024,综合,606,河北地质大学,149099,02,物理、化学(2科必选),082502,环境工程,2,4900,四年,https://static-data.gaokao.cn/www/2.0/schoolspecialplan/606/2024/31.json?a=www.gaokao.cn,data/shanghai/raw/plan_api/static/2024/606.json,1
2024,综合,606,河北地质大学,149099,02,物理、化学(2科必选),0810,土木类,2,4900,四年,https://static-data.gaokao.cn/www/2.0/schoolspecialplan/606/2024/31.json?a=www.gaokao.cn,data/shanghai/raw/plan_api/static/2024/606.json,1
2024,综合,607,江西科师,149640,01,物理、化学(2科必选),081002,建筑环境与能源应用工程,2,4900,四年,https://static-data.gaokao.cn/www/2.0/schoolspecialplan/607/2024/31.json?a=www.gaokao.cn,data/shanghai/raw/plan_api/static/2024/607.json,1
2024,综合,607,江西科师,149087,02,物理必选,120103,工程管理,2,5060,四年,https://static-data.gaokao.cn/www/2.0/schoolspecialplan/607/2024/31.json?a=www.gaokao.cn,data/shanghai/raw/plan_api/static/2024/607.json,1
2024,综合,607,江西科师,148726,03,不限,120601,物流管理,1,4600,四年,https://static-data.gaokao.cn/www/2.0/schoolspecialplan/607/2024/31.json?a=www.gaokao.cn,data/shanghai/raw/plan_api/static/2024/607.json,1
2024,综合,622,江师科技,149407,01,物理、化学(2科必选),070301,化学,2,6600,四年,https://static-data.gaokao.cn/www/2.0/schoolspecialplan/622/2024/31.json?a=www.gaokao.cn,data/shanghai/raw/plan_api/static/2024/622.json,1
2024,综合,622,江师科技,149407,01,物理、化学(2科必选),0809,计算机类,2,6600,四年,https://static-data.gaokao.cn/www/2.0/schoolspecialplan/622/2024/31.json?a=www.gaokao.cn,data/shanghai/raw/plan_api/static/2024/622.json,1
2024,综合,622,江师科技,149407,01,物理、化学(2科必选),0710,生物科学类,1,6600,四年,https://static-data.gaokao.cn/www/2.0/schoolspecialplan/622/2024/31.json?a=www.gaokao.cn,data/shanghai/raw/plan_api/static/2024/622.json,1
2024,综合,622,江师科技,148473,05,不限,1204,公共管理类,3,6600,四年,https://static-data.gaokao.cn/www/2.0/schoolspecialplan/622/2024/31.json?a=www.gaokao.cn,data/shanghai/raw/plan_api/static/2024/622.json,1
2024,综合,622,江师科技,148473,05,不限,0203,金融学类,3,6600,四年,https://static-data.gaokao.cn/www/2.0/schoolspecialplan/622/2024/31.json?a=www.gaokao.cn,data/shanghai/raw/plan_api/static/2024/622.json,1
2024,综合,622,江师科技,148473,05,不限,030101K,法学,2,5280,四年,https://static-data.gaokao.cn/www/2.0/schoolspecialplan/622/2024/31.json?a=www.gaokao.cn,data/shanghai/raw/plan_api/static/2024/622.json,1
2024,综合,622,江师科技,148473,05,不限,050201,英语,2,5280,四年,https://static-data.gaokao.cn/www/2.0/schoolspecialplan/622/2024/31.json?a=www.gaokao.cn,data/shanghai/raw/plan_api/static/2024/622.json,1
2024,综合,622,江师科技,148525,04,地理必选,0705,地理科学类,2,6600,四年,https://static-data.gaokao.cn/www/2.0/schoolspecialplan/622/2024/31.json?a=www.gaokao.cn,data/shanghai/raw/plan_api/static/2024/622.json,1
2024,综合,622,江师科技,148473,05,不限,1202,工商管理类,2,6600,四年,https://static-data.gaokao.cn/www/2.0/schoolspecialplan/622/2024/31.json?a=www.gaokao.cn,data/shanghai/raw/plan_api/static/2024/622.json,1
2024,综合,622,江师科技,148473,05,不限,060101,历史学,2,5280,四年,https://static-data.gaokao.cn/www/2.0/schoolspecialplan/622/2024/31.json?a=www.gaokao.cn,data/shanghai/raw/plan_api/static/2024/622.json,1
2024,综合,622,江师科技,148455,06,不限,130305,广播电视编导,1,10560,四年,https://static-data.gaokao.cn/www/2.0/schoolspecialplan/622/2024/31.json?a=www.gaokao.cn,data/shanghai/raw/plan_api/static/2024/622.json,1
2024,综合,622,江师科技,148922,02,物理必选,120102,信息管理与信息系统,1,6600,四年,https://static-data.gaokao.cn/www/2.0/schoolspecialplan/622/2024/31.json?a=www.gaokao.cn,data/shanghai/raw/plan_api/static/2024/622.json,1
2024,综合,622,江师科技,148473,05,不限,050207,日语,1,5280,四年,https://static-data.gaokao.cn/www/2.0/schoolspecialplan/622/2024/31.json?a=www.gaokao.cn,data/shanghai/raw/plan_api/static/2024/622.json,1
2024,综合,622,江师科技,148473,05,不限,010101,哲学,1,5060,四年,https://static-data.gaokao.cn/www/2.0/schoolspecialplan/622/2024/31.json?a=www.gaokao.cn,data/shanghai/raw/plan_api/static/2024/622.json,1
2024,综合,622,江师科技,148473,05,不限,0501,中国语言文学类,1,5280,四年,https://static-data.gaokao.cn/www/2.0/schoolspecialplan/622/2024/31.json?a=www.gaokao.cn,data/shanghai/raw/plan_api/static/2024/622.json,1
2024,综合,622,江师科技,148922,02,物理必选,0711,心理学类,1,6600,四年,https://static-data.gaokao.cn/www/2.0/schoolspecialplan/622/2024/31.json?a=www.gaokao.cn,data/shanghai/raw/plan_api/static/2024/622.json,1
2024,综合,622,江师科技,148650,03,思想政治必选,030503,思想政治教育,1,5280,四年,https://static-data.gaokao.cn/www/2.0/schoolspecialplan/622/2024/31.json?a=www.gaokao.cn,data/shanghai/raw/plan_api/static/2024/622.json,1
2024,综合,622,江师科技,148473,05,不限,0503,新闻传播学类,1,5280,四年,https://static-data.gaokao.cn/www/2.0/schoolspecialplan/622/2024/31.json?a=www.gaokao.cn,data/shanghai/raw/plan_api/static/2024/622.json,1
2024,综合,627,衡水学院,149650,01,物理、化学(2科必选),101011T,智能医学工程,1,5200,四年,https://static-data.gaokao.cn/www/2.0/schoolspecialplan/627/2024/31.json?a=www.gaokao.cn,data/shanghai/raw/plan_api/static/2024/627.json,1
2024,综合,627,衡水学院,149095,02,不限,040106,学前教育,2,5060,四年,https://static-data.gaokao.cn/www/2.0/schoolspecialplan/627/2024/31.json?a=www.gaokao.cn,data/shanghai/raw/plan_api/static/2024/627.json,1
2024,综合,627,衡水学院,149095,02,不限,050261,翻译,2,5390,四年,https://static-data.gaokao.cn/www/2.0/schoolspecialplan/627/2024/31.json?a=www.gaokao.cn,data/shanghai/raw/plan_api/static/2024/627.json,1
2024,综合,627,衡水学院,149095,02,不限,120204,财务管理,2,5060,四年,https://static-data.gaokao.cn/www/2.0/schoolspecialplan/627/2024/31.json?a=www.gaokao.cn,data/shanghai/raw/plan_api/static/2024/627.json,1
2024,综合,627,衡水学院,149095,02,不限,020307T,经济与金融,2,4600,四年,https://static-data.gaokao.cn/www/2.0/schoolspecialplan/627/2024/31.json?a=www.gaokao.cn,data/shanghai/raw/plan_api/static/2024/627.json,1
2024,综合,655,济宁医学,149727,01,不限,020202,税收学,6,6500,四年,https://static-data.gaokao.cn/www/2.0/schoolspecialplan/655/2024/31.json?a=www.gaokao.cn,data/shanghai/raw/plan_api/static/2024/655.json,1
2024,综合,655,济宁医学,149727,01,不限,120205,国际商务,6,6500,四年,https://static-data.gaokao.cn/www/2.0/schoolspecialplan/655/2024/31.json?a=www.gaokao.cn,data/shanghai/raw/plan_api/static/2024/655.json,1
2024,综合,655,济宁医学,149727,01,不限,120601,物流管理,6,6500,四年,https://static-data.gaokao.cn/www/2.0/schoolspecialplan/655/2024/31.json?a=www.gaokao.cn,data/shanghai/raw/plan_api/static/2024/655.json,1
2024,综合,655,济宁医学,149727,01,不限,030101K,法学,6,6500,四年,https://static-data.gaokao.cn/www/2.0/schoolspecialplan/655/2024/31.json?a=www.gaokao.cn,data/shanghai/raw/plan_api/static/2024/655.json,1
2024,综合,655,济宁医学,149148,02,物理必选,020102,经济统计学,6,6500,四年,https://static-data.gaokao.cn/www/2.0/schoolspecialplan/655/2024/31.json?a=www.gaokao.cn,data/shanghai/raw/plan_api/static/2024/655.json,0
2024,综合,661,电子科技大学,149267,01,物理、化学(2科必选),0807,电子信息类,2,6500,四年,https://static-data.gaokao.cn/www/2.0/schoolspecialplan/661/2024/31.json?a=www.gaokao.cn,data/shanghai/raw/plan_api/static/2024/661.json,1
2024,综合,661,电子科技大学,149267,01,物理、化学(2科必选),94681,经济管理试验班,2,6500,四年,https://static-data.gaokao.cn/www/2.0/schoolspecialplan/661/2024/31.json?a=www.gaokao.cn,data/shanghai/raw/plan_api/static/2024/661.json,1
2024,综合,661,电子科技大学,149267,01,物理、化学(2科必选),94689,工科试验班,2,6500,四年,https://static-data.gaokao.cn/www/2.0/schoolspecialplan/661/2024/31.json?a=www.gaokao.cn,data/shanghai/raw/plan_api/static/2024/661.json,1
2024,综合,684,郑州轻工,149722,01,不限,120205,国际商务,48,149985,四年,https://static-data.gaokao.cn/www/2.0/schoolspecialplan/684/2024/31.json?a=www.gaokao.cn,data/shanghai/raw/plan_api/static/2024/684.json,1
2024,综合,684,郑州轻工,149722,01,不限,050201,英语,47,149985,四年,https://static-data.gaokao.cn/www/2.0/schoolspecialplan/684/2024/31.json?a=www.gaokao.cn,data/shanghai/raw/plan_api/static/2024/684.json,1
2024,综合,687,中原工院,149648,01,物理、化学(2科必选),080202,机械设计制造及其自动化,1,5390,四年,https://static-data.gaokao.cn/www/2.0/schoolspecialplan/687/2024/31.json?a=www.gaokao.cn,data/shanghai/raw/plan_api/static/2024/687.json,1
2024,综合,687,中原工院,149648,01,物理、化学(2科必选),080203,材料成型及控制工程,1,5390,四年,https://static-data.gaokao.cn/www/2.0/schoolspecialplan/687/2024/31.json?a=www.gaokao.cn,data/shanghai/raw/plan_api/static/2024/687.json,1
2024,综合,687,中原工院,149648,01,物理、化学(2科必选),080701,电子信息工程,1,5390,四年,https://static-data.gaokao.cn/www/2.0/schoolspecialplan/687/2024/31.json?a=www.gaokao.cn,data/shanghai/raw/plan_api/static/2024/687.json,1
2024,综合,687,中原工院,149648,01,物理、化学(2科必选),080901,计算机科学与技术,1,5390,四年,https://static-data.gaokao.cn/www/2.0/schoolspecialplan/687/2024/31.json?a=www.gaokao.cn,data/shanghai/raw/plan_api/static/2024/687.json,1
2024,综合,687,中原工院,149648,01,物理、化学(2科必选),081001,土木工程,1,4900,四年,https://static-data.gaokao.cn/www/2.0/schoolspecialplan/687/2024/31.json?a=www.gaokao.cn,data/shanghai/raw/plan_api/static/2024/687.json,1
2024,综合,687,中原工院,149648,01,物理、化学(2科必选),082003,飞行器制造工程,1,5390,四年,https://static-data.gaokao.cn/www/2.0/schoolspecialplan/687/2024/31.json?a=www.gaokao.cn,data/shanghai/raw/plan_api/static/2024/687.json,1
2024,综合,687,中原工院,149093,02,不限,120203K,会计学,1,4600,四年,https://static-data.gaokao.cn/www/2.0/schoolspecialplan/687/2024/31.json?a=www.gaokao.cn,data/shanghai/raw/plan_api/static/2024/687.json,0
2024,综合,687,中原工院,149093,02,不限,120601,物流管理,1,5060,四年,https://static-data.gaokao.cn/www/2.0/schoolspecialplan/687/2024/31.json?a=www.gaokao.cn,data/shanghai/raw/plan_api/static/2024/687.json,0
2024,综合,687,中原工院,149093,02,不限,050201,英语,1,4900,四年,https://static-data.gaokao.cn/www/2.0/schoolspecialplan/687/2024/31.json?a=www.gaokao.cn,data/shanghai/raw/plan_api/static/2024/687.json,0
2024,综合,687,中原工院,149093,02,不限,020401,国际经济与贸易,1,4600,四年,https://static-data.gaokao.cn/www/2.0/schoolspecialplan/687/2024/31.json?a=www.gaokao.cn,data/shanghai/raw/plan_api/static/2024/687.json,0
2024,综合,770,成都东软学院,149257,01,物理、化学(2科必选),080902,软件工程,2,19080,四年,https://static-data.gaokao.cn/www/2.0/schoolspecialplan/770/2024/31.json?a=www.gaokao.cn,data/shanghai/raw/plan_api/static/2024/770.json,1
2024,综合,770,成都东软学院,149257,01,物理、化学(2科必选),0809,计算机类,2,19080,四年,https://static-data.gaokao.cn/www/2.0/schoolspecialplan/770/2024/31.json?a=www.gaokao.cn,data/shanghai/raw/plan_api/static/2024/770.json,1
2024,综合,770,成都东软学院,148827,02,不限,120801,电子商务,1,19080,四年,https://static-data.gaokao.cn/www/2.0/schoolspecialplan/770/2024/31.json?a=www.gaokao.cn,data/shanghai/raw/plan_api/static/2024/770.json,1
2024,综合,770,成都东软学院,148827,02,不限,120204,财务管理,1,19080,四年,https://static-data.gaokao.cn/www/2.0/schoolspecialplan/770/2024/31.json?a=www.gaokao.cn,data/shanghai/raw/plan_api/static/2024/770.json,1
2024,综合,787,南通大学,211725,01,物理、化学(2科必选),100401K,预防医学,3,7480,5,https://static-data.gaokao.cn/www/2.0/schoolspecialplan/787/2024/31.json?a=www.gaokao.cn,data/shanghai/raw/plan_api/static/2024/787.json,1
2024,综合,787,南通大学,211725,01,物理、化学(2科必选),101001,医学检验技术,3,6800,4,https://static-data.gaokao.cn/www/2.0/schoolspecialplan/787/2024/31.json?a=www.gaokao.cn,data/shanghai/raw/plan_api/static/2024/787.json,1
2024,综合,787,南通大学,211725,01,物理、化学(2科必选),100201K,临床医学,2,7480,5,https://static-data.gaokao.cn/www/2.0/schoolspecialplan/787/2024/31.json?a=www.gaokao.cn,data/shanghai/raw/plan_api/static/2024/787.json,1
2024,综合,787,南通大学,211727,03,不限,040107,小学教育,3,5200,4,https://static-data.gaokao.cn/www/2.0/schoolspecialplan/787/2024/31.json?a=www.gaokao.cn,data/shanghai/raw/plan_api/static/2024/787.json,1
2024,综合,787,南通大学,211727,03,不限,040106,学前教育,3,5200,4,https://static-data.gaokao.cn/www/2.0/schoolspecialplan/787/2024/31.json?a=www.gaokao.cn,data/shanghai/raw/plan_api/static/2024/787.json,1
2024,综合,787,南通大学,211727,03,不限,050262,商务英语,2,5200,4,https://static-data.gaokao.cn/www/2.0/schoolspecialplan/787/2024/31.json?a=www.gaokao.cn,data/shanghai/raw/plan_api/static/2024/787.json,1
2024,综合,787,南通大学,211726,02,物理必选,040104,教育技术学,2,5200,4,https://static-data.gaokao.cn/www/2.0/schoolspecialplan/787/2024/31.json?a=www.gaokao.cn,data/shanghai/raw/plan_api/static/2024/787.json,1
2024,综合,822,吉利学院,149183,01,物理、化学(2科必选),080207,车辆工程,3,26800,四年,https://static-data.gaokao.cn/www/2.0/schoolspecialplan/822/2024/31.json?a=www.gaokao.cn,data/shanghai/raw/plan_api/static/2024/822.json,1
2024,综合,822,吉利学院,149183,01,物理、化学(2科必选),0809,计算机类,2,26800,四年,https://static-data.gaokao.cn/www/2.0/schoolspecialplan/822/2024/31.json?a=www.gaokao.cn,data/shanghai/raw/plan_api/static/2024/822.json,1
2024,综合,833,河南师范大学,149372,01,物理、化学(2科必选),070201,物理学,5,5500,四年,https://static-data.gaokao.cn/www/2.0/schoolspecialplan/833/2024/31.json?a=www.gaokao.cn,data/shanghai/raw/plan_api/static/2024/833.json,1
2024,综合,833,河南师范大学,148902,02,不限,060101,历史学,5,4840,四年,https://static-data.gaokao.cn/www/2.0/schoolspecialplan/833/2024/31.json?a=www.gaokao.cn,data/shanghai/raw/plan_api/static/2024/833.json,1
2024,综合,863,西安思源学院,149213,01,物理、化学(2科必选),080217T,增材制造工程,2,19000,四年,https://static-data.gaokao.cn/www/2.0/schoolspecialplan/863/2024/31.json?a=www.gaokao.cn,data/shanghai/raw/plan_api/static/2024/863.json,1
2024,综合,863,西安思源学院,149213,01,物理、化学(2科必选),080717T,人工智能,2,20900,四年,https://static-data.gaokao.cn/www/2.0/schoolspecialplan/863/2024/31.json?a=www.gaokao.cn,data/shanghai/raw/plan_api/static/2024/863.json,1
2024,综合,863,西安思源学院,148803,02,不限,040105,艺术教育,1,23100,四年,https://static-data.gaokao.cn/www/2.0/schoolspecialplan/863/2024/31.json?a=www.gaokao.cn,data/shanghai/raw/plan_api/static/2024/863.json,0
2024,综合,866,北京体育大学,149702,01,不限,120901K,旅游管理,1,75000,四年,https://static-data.gaokao.cn/www/2.0/schoolspecialplan/866/2024/31.json?a=www.gaokao.cn,data/shanghai/raw/plan_api/static/2024/866.json,1
2024,综合,869,江西科技学院,149440,01,物理、化学(2科必选),080213T,智能制造工程,2,25000,四年,https://static-data.gaokao.cn/www/2.0/schoolspecialplan/869/2024/31.json?a=www.gaokao.cn,data/shanghai/raw/plan_api/static/2024/869.json,1
2024,综合,869,江西科技学院,149440,01,物理、化学(2科必选),080717T,人工智能,2,25000,四年,https://static-data.gaokao.cn/www/2.0/schoolspecialplan/869/2024/31.json?a=www.gaokao.cn,data/shanghai/raw/plan_api/static/2024/869.json,1
2024,综合,869,江西科技学院,148942,02,不限,120203K,会计学,3,25000,四年,https://static-data.gaokao.cn/www/2.0/schoolspecialplan/869/2024/31.json?a=www.gaokao.cn,data/shanghai/raw/plan_api/static/2024/869.json,1
2024,综合,869,江西科技学院,148942,02,不限,130305,广播电视编导,2,29500,四年,https://static-data.gaokao.cn/www/2.0/schoolspecialplan/869/2024/31.json?a=www.gaokao.cn,data/shanghai/raw/plan_api/static/2024/869.json,1
2024,综合,873,河南中医药大学,149382,01,物理、化学(2科必选),100601K,中西医临床医学,5,6000,五年,https://static-data.gaokao.cn/www/2.0/schoolspecialplan/873/2024/31.json?a=www.gaokao.cn,data/shanghai/raw/plan_api/static/2024/873.json,1
2024,综合,873,河南中医药大学,149382,01,物理、化学(2科必选),1008,中药学类,5,5500,四年,https://static-data.gaokao.cn/www/2.0/schoolspecialplan/873/2024/31.json?a=www.gaokao.cn,data/shanghai/raw/plan_api/static/2024/873.json,1
2024,综合,880,西安建科,149371,01,不限,020401,国际经济与贸易,4,4400,四年,https://static-data.gaokao.cn/www/2.0/schoolspecialplan/880/2024/31.json?a=www.gaokao.cn,data/shanghai/raw/plan_api/static/2024/880.json,1
2024,综合,880,西安建科,149371,01,不限,050262,商务英语,4,4400,四年,https://static-data.gaokao.cn/www/2.0/schoolspecialplan/880/2024/31.json?a=www.gaokao.cn,data/shanghai/raw/plan_api/static/2024/880.json,1
2024,综合,919,山西中医药大学,149630,01,物理、化学(2科必选),100801,中药学,1,5488,四年,https://static-data.gaokao.cn/www/2.0/schoolspecialplan/919/2024/31.json?a=www.gaokao.cn,data/shanghai/raw/plan_api/static/2024/919.json,1
2024,综合,919,山西中医药大学,149630,01,物理、化学(2科必选),101005,康复治疗学,1,5488,四年,https://static-data.gaokao.cn/www/2.0/schoolspecialplan/919/2024/31.json?a=www.gaokao.cn,data/shanghai/raw/plan_api/static/2024/919.json,1
2024,综合,919,山西中医药大学,149079,02,物理、生物(2科必选),100601K,中西医临床医学,2,5488,五年,https://static-data.gaokao.cn/www/2.0/schoolspecialplan/919/2024/31.json?a=www.gaokao.cn,data/shanghai/raw/plan_api/static/2024/919.json,1
2024,综合,919,山西中医药大学,149079,02,物理、生物(2科必选),100502K,针灸推拿学,2,5488,五年,https://static-data.gaokao.cn/www/2.0/schoolspecialplan/919/2024/31.json?a=www.gaokao.cn,data/shanghai/raw/plan_api/static/2024/919.json,1
2024,综合,919,山西中医药大学,149079,02,物理、生物(2科必选),100501K,中医学,2,5488,五年,https://static-data.gaokao.cn/www/2.0/schoolspecialplan/919/2024/31.json?a=www.gaokao.cn,data/shanghai/raw/plan_api/static/2024/919.json,1
2024,综合,932,攀枝花学院,149184,01,物理、化学(2科必选),100201K,临床医学,2,6670,五年,https://static-data.gaokao.cn/www/2.0/schoolspecialplan/932/2024/31.json?a=www.gaokao.cn,data/shanghai/raw/plan_api/static/2024/932.json,1
2024,综合,932,攀枝花学院,148783,02,不限,020401,国际经济与贸易,1,5520,四年,https://static-data.gaokao.cn/www/2.0/schoolspecialplan/932/2024/31.json?a=www.gaokao.cn,data/shanghai/raw/plan_api/static/2024/932.json,1
2024,综合,934,西南大学,149285,01,物理、化学(2科必选),100701,药学,2,5000,四年,https://static-data.gaokao.cn/www/2.0/schoolspecialplan/934/2024/31.json?a=www.gaokao.cn,data/shanghai/raw/plan_api/static/2024/934.json,1
2024,综合,934,西南大学,149285,01,物理、化学(2科必选),0807,电子信息类,2,4500,四年,https://static-data.gaokao.cn/www/2.0/schoolspecialplan/934/2024/31.json?a=www.gaokao.cn,data/shanghai/raw/plan_api/static/2024/934.json,1
2024,综合,934,西南大学,149285,01,物理、化学(2科必选),080907T,智能科学与技术,2,4500,四年,https://static-data.gaokao.cn/www/2.0/schoolspecialplan/934/2024/31.json?a=www.gaokao.cn,data/shanghai/raw/plan_api/static/2024/934.json,1
2024,综合,934,西南大学,149285,01,物理、化学(2科必选),080902,软件工程,1,4500,四年,https://static-data.gaokao.cn/www/2.0/schoolspecialplan/934/2024/31.json?a=www.gaokao.cn,data/shanghai/raw/plan_api/static/2024/934.json,1
2024,综合,934,西南大学,149285,01,物理、化学(2科必选),081302,制药工程,1,5000,四年,https://static-data.gaokao.cn/www/2.0/schoolspecialplan/934/2024/31.json?a=www.gaokao.cn,data/shanghai/raw/plan_api/static/2024/934.json,1
2024,综合,934,西南大学,148848,02,不限,071102,应用心理学,2,4500,四年,https://static-data.gaokao.cn/www/2.0/schoolspecialplan/934/2024/31.json?a=www.gaokao.cn,data/shanghai/raw/plan_api/static/2024/934.json,1
2024,综合,934,西南大学,148616,03,物理、化学(2科必选),080801,自动化,1,50000,四年,https://static-data.gaokao.cn/www/2.0/schoolspecialplan/934/2024/31.json?a=www.gaokao.cn,data/shanghai/raw/plan_api/static/2024/934.json,1
2024,综合,934,西南大学,148616,03,物理、化学(2科必选),080901,计算机科学与技术,1,50000,四年,https://static-data.gaokao.cn/www/2.0/schoolspecialplan/934/2024/31.json?a=www.gaokao.cn,data/shanghai/raw/plan_api/static/2024/934.json,1
2024,综合,934,西南大学,148616,03,物理、化学(2科必选),080902,软件工程,1,50000,四年,https://static-data.gaokao.cn/www/2.0/schoolspecialplan/934/2024/31.json?a=www.gaokao.cn,data/shanghai/raw/plan_api/static/2024/934.json,1
2024,综合,934,西南大学,148848,02,不限,0201,经济学类,1,4500,四年,https://static-data.gaokao.cn/www/2.0/schoolspecialplan/934/2024/31.json?a=www.gaokao.cn,data/shanghai/raw/plan_api/static/2024/934.json,1
2024,综合,934,西南大学,148848,02,不限,1202,工商管理类,1,4500,四年,https://static-data.gaokao.cn/www/2.0/schoolspecialplan/934/2024/31.json?a=www.gaokao.cn,data/shanghai/raw/plan_api/static/2024/934.json,1
2024,综合,935,贵州大学,149237,01,物理、化学(2科必选),080910T,数据科学与大数据技术,2,5040,四年,https://static-data.gaokao.cn/www/2.0/schoolspecialplan/935/2024/31.json?a=www.gaokao.cn,data/shanghai/raw/plan_api/static/2024/935.json,1
2024,综合,935,贵州大学,148599,03,物理、化学(2科必选),081301,化学工程与工艺,2,60000,四年,https://static-data.gaokao.cn/www/2.0/schoolspecialplan/935/2024/31.json?a=www.gaokao.cn,data/shanghai/raw/plan_api/static/2024/935.json,1
2024,综合,935,贵州大学,148470,05,不限,120901K,旅游管理,2,24000,四年,https://static-data.gaokao.cn/www/2.0/schoolspecialplan/935/2024/31.json?a=www.gaokao.cn,data/shanghai/raw/plan_api/static/2024/935.json,1
2024,综合,935,贵州大学,148510,04,物理、化学(2科必选),082503,环境科学,2,60000,四年,https://static-data.gaokao.cn/www/2.0/schoolspecialplan/935/2024/31.json?a=www.gaokao.cn,data/shanghai/raw/plan_api/static/2024/935.json,1
2024,综合,935,贵州大学,148818,02,物理、化学(2科必选),080202,机械设计制造及其自动化,2,60000,四年,https://static-data.gaokao.cn/www/2.0/schoolspecialplan/935/2024/31.json?a=www.gaokao.cn,data/shanghai/raw/plan_api/static/2024/935.json,1
2024,综合,957,江西工程学院,149423,01,物理、化学(2科必选),080803T,机器人工程,2,18000,四年,https://static-data.gaokao.cn/www/2.0/schoolspecialplan/957/2024/31.json?a=www.gaokao.cn,data/shanghai/raw/plan_api/static/2024/957.json,1
2024,综合,957,江西工程学院,148933,02,不限,120206,人力资源管理,2,18000,四年,https://static-data.gaokao.cn/www/2.0/schoolspecialplan/957/2024/31.json?a=www.gaokao.cn,data/shanghai/raw/plan_api/static/2024/957.json,1
2024,综合,960,南方医科大学,149311,01,物理、化学(2科必选),101001,医学检验技术,4,7660,四年,https://static-data.gaokao.cn/www/2.0/schoolspecialplan/960/2024/31.json?a=www.gaokao.cn,data/shanghai/raw/plan_api/static/2024/960.json,1
2024,综合,960,南方医科大学,149311,01,物理、化学(2科必选),101005,康复治疗学,3,7660,四年,https://static-data.gaokao.cn/www/2.0/schoolspecialplan/960/2024/31.json?a=www.gaokao.cn,data/shanghai/raw/plan_api/static/2024/960.json,1
2024,综合,960,南方医科大学,149311,01,物理、化学(2科必选),100201K,临床医学,1,7660,八年,https://static-data.gaokao.cn/www/2.0/schoolspecialplan/960/2024/31.json?a=www.gaokao.cn,data/shanghai/raw/plan_api/static/2024/960.json,1
2024,综合,960,南方医科大学,149311,01,物理、化学(2科必选),100701,药学,3,7660,四年,https://static-data.gaokao.cn/www/2.0/schoolspecialplan/960/2024/31.json?a=www.gaokao.cn,data/shanghai/raw/plan_api/static/2024/960.json,1
2024,综合,960,南方医科大学,149311,01,物理、化学(2科必选),100401K,预防医学,3,7660,五年,https://static-data.gaokao.cn/www/2.0/schoolspecialplan/960/2024/31.json?a=www.gaokao.cn,data/shanghai/raw/plan_api/static/2024/960.json,1
2024,综合,960,南方医科大学,149311,01,物理、化学(2科必选),071002,生物技术,2,6850,四年,https://static-data.gaokao.cn/www/2.0/schoolspecialplan/960/2024/31.json?a=www.gaokao.cn,data/shanghai/raw/plan_api/static/2024/960.json,1
2024,综合,960,南方医科大学,149311,01,物理、化学(2科必选),100601K,中西医临床医学,2,7660,五年,https://static-data.gaokao.cn/www/2.0/schoolspecialplan/960/2024/31.json?a=www.gaokao.cn,data/shanghai/raw/plan_api/static/2024/960.json,1
2024,综合,960,南方医科大学,149311,01,物理、化学(2科必选),082601,生物医学工程,2,6850,四年,https://static-data.gaokao.cn/www/2.0/schoolspecialplan/960/2024/31.json?a=www.gaokao.cn,data/shanghai/raw/plan_api/static/2024/960.json,1
2024,综合,960,南方医科大学,149311,01,物理、化学(2科必选),100301K,口腔医学,2,7660,五年,https://static-data.gaokao.cn/www/2.0/schoolspecialplan/960/2024/31.json?a=www.gaokao.cn,data/shanghai/raw/plan_api/static/2024/960.json,1
2024,综合,1007,武汉科技大学,149360,01,物理、化学(2科必选),0808,自动化类,4,5850,四年,https://static-data.gaokao.cn/www/2.0/schoolspecialplan/1007/2024/31.json?a=www.gaokao.cn,data/shanghai/raw/plan_api/static/2024/1007.json,1
2024,综合,1007,武汉科技大学,149360,01,物理、化学(2科必选),0802,机械类,3,4500,四年,https://static-data.gaokao.cn/www/2.0/schoolspecialplan/1007/2024/31.json?a=www.gaokao.cn,data/shanghai/raw/plan_api/static/2024/1007.json,1
2024,综合,1007,武汉科技大学,149360,01,物理、化学(2科必选),0809,计算机类,3,5850,四年,https://static-data.gaokao.cn/www/2.0/schoolspecialplan/1007/2024/31.json?a=www.gaokao.cn,data/shanghai/raw/plan_api/static/2024/1007.json,1
2024,综合,1009,重庆科技大学,149278,01,物理、化学(2科必选),0802,机械类,1,5625,四年,https://static-data.gaokao.cn/www/2.0/schoolspecialplan/1009/2024/31.json?a=www.gaokao.cn,data/shanghai/raw/plan_api/static/2024/1009.json,1
2024,综合,1009,重庆科技大学,148843,02,不限,120203K,会计学,4,5625,四年,https://static-data.gaokao.cn/www/2.0/schoolspecialplan/1009/2024/31.json?a=www.gaokao.cn,data/shanghai/raw/plan_api/static/2024/1009.json,1
2024,综合,1011,上海政法学院,149731,01,不限,030101K,法学,8,6500,四年,https://static-data.gaokao.cn/www/2.0/schoolspecialplan/1011/2024/31.json?a=www.gaokao.cn,data/shanghai/raw/plan_api/static/2024/1011.json,1
2024,综合,1011,上海政法学院,148756,03,不限,120207,审计学,40,6500,四年,https://static-data.gaokao.cn/www/2.0/schoolspecialplan/1011/2024/31.json?a=www.gaokao.cn,data/shanghai/raw/plan_api/static/2024/1011.json,1
2024,综合,1011,上海政法学院,149152,02,不限,030101K,法学,10,6500,四年,https://static-data.gaokao.cn/www/2.0/schoolspecialplan/1011/2024/31.json?a=www.gaokao.cn,data/shanghai/raw/plan_api/static/2024/1011.json,1
2024,综合,1011,上海政法学院,148756,03,不限,120204,财务管理,33,6500,四年,https://static-data.gaokao.cn/www/2.0/schoolspecialplan/1011/2024/31.json?a=www.gaokao.cn,data/shanghai/raw/plan_api/static/2024/1011.json,1
2024,综合,1011,上海政法学院,148756,03,不限,120802T,电子商务及法律,33,6500,四年,https://static-data.gaokao.cn/www/2.0/schoolspecialplan/1011/2024/31.json?a=www.gaokao.cn,data/shanghai/raw/plan_api/static/2024/1011.json,1
2024,综合,1011,上海政法学院,148756,03,不限,020401,国际经济与贸易,30,6500,四年,https://static-data.gaokao.cn/www/2.0/schoolspecialplan/1011/2024/31.json?a=www.gaokao.cn,data/shanghai/raw/plan_api/static/2024/1011.json,1
2024,综合,1011,上海政法学院,148756,03,不限,020307T,经济与金融,25,6500,四年,https://static-data.gaokao.cn/www/2.0/schoolspecialplan/1011/2024/31.json?a=www.gaokao.cn,data/shanghai/raw/plan_api/static/2024/1011.json,1
2024,综合,1011,上海政法学院,148565,04,不限,050101,汉语言文学,22,6500,四年,https://static-data.gaokao.cn/www/2.0/schoolspecialplan/1011/2024/31.json?a=www.gaokao.cn,data/shanghai/raw/plan_api/static/2024/1011.json,1
2024,综合,1011,上海政法学院,148565,04,不限,071102,应用心理学,21,6500,四年,https://static-data.gaokao.cn/www/2.0/schoolspecialplan/1011/2024/31.json?a=www.gaokao.cn,data/shanghai/raw/plan_api/static/2024/1011.json,1
2024,综合,1011,上海政法学院,148463,06,不限,030103T,监狱学,21,6500,四年,https://static-data.gaokao.cn/www/2.0/schoolspecialplan/1011/2024/31.json?a=www.gaokao.cn,data/shanghai/raw/plan_api/static/2024/1011.json,1
2024,综合,1011,上海政法学院,148565,04,不限,050201,英语,20,6500,四年,https://static-data.gaokao.cn/www/2.0/schoolspecialplan/1011/2024/31.json?a=www.gaokao.cn,data/shanghai/raw/plan_api/static/2024/1011.json,1
2024,综合,1011,上海政法学院,148756,03,不限,020202,税收学,20,6500,四年,https://static-data.gaokao.cn/www/2.0/schoolspecialplan/1011/2024/31.json?a=www.gaokao.cn,data/shanghai/raw/plan_api/static/2024/1011.json,1
2024,综合,1011,上海政法学院,148756,03,不限,120201K,工商管理,20,6500,四年,https://static-data.gaokao.cn/www/2.0/schoolspecialplan/1011/2024/31.json?a=www.gaokao.cn,data/shanghai/raw/plan_api/static/2024/1011.json,1
2024,综合,1011,上海政法学院,148565,04,不限,050103,汉语国际教育,20,6500,四年,https://static-data.gaokao.cn/www/2.0/schoolspecialplan/1011/2024/31.json?a=www.gaokao.cn,data/shanghai/raw/plan_api/static/2024/1011.json,1
2024,综合,1011,上海政法学院,148565,04,不限,050261,翻译,20,6500,四年,https://static-data.gaokao.cn/www/2.0/schoolspecialplan/1011/2024/31.json?a=www.gaokao.cn,data/shanghai/raw/plan_api/static/2024/1011.json,1
2024,综合,1011,上海政法学院,148463,06,不限,030107TK,社区矫正,20,6500,四年,https://static-data.gaokao.cn/www/2.0/schoolspecialplan/1011/2024/31.json?a=www.gaokao.cn,data/shanghai/raw/plan_api/static/2024/1011.json,1
2024,综合,1011,上海政法学院,148756,03,不限,020101,经济学,18,6500,四年,https://static-data.gaokao.cn/www/2.0/schoolspecialplan/1011/2024/31.json?a=www.gaokao.cn,data/shanghai/raw/plan_api/static/2024/1011.json,1
2024,综合,1011,上海政法学院,148493,05,思想政治必选,030503,思想政治教育,17,6500,四年,https://static-data.gaokao.cn/www/2.0/schoolspecialplan/1011/2024/31.json?a=www.gaokao.cn,data/shanghai/raw/plan_api/static/2024/1011.json,1
2024,综合,1011,上海政法学院,148565,04,不限,050301,新闻学,17,6500,四年,https://static-data.gaokao.cn/www/2.0/schoolspecialplan/1011/2024/31.json?a=www.gaokao.cn,data/shanghai/raw/plan_api/static/2024/1011.json,1
2024,综合,1011,上海政法学院,148565,04,不限,050306T,网络与新媒体,17,6500,四年,https://static-data.gaokao.cn/www/2.0/schoolspecialplan/1011/2024/31.json?a=www.gaokao.cn,data/shanghai/raw/plan_api/static/2024/1011.json,1
2024,综合,1011,上海政法学院,148565,04,不限,120403,劳动与社会保障,16,6500,四年,https://static-data.gaokao.cn/www/2.0/schoolspecialplan/1011/2024/31.json?a=www.gaokao.cn,data/shanghai/raw/plan_api/static/2024/1011.json,1
2024,综合,1011,上海政法学院,148565,04,不限,050302,广播电视学,16,6500,四年,https://static-data.gaokao.cn/www/2.0/schoolspecialplan/1011/2024/31.json?a=www.gaokao.cn,data/shanghai/raw/plan_api/static/2024/1011.json,1
2024,综合,1011,上海政法学院,148493,05,思想政治必选,030202,国际思想政治,15,6500,四年,https://static-data.gaokao.cn/www/2.0/schoolspecialplan/1011/2024/31.json?a=www.gaokao.cn,data/shanghai/raw/plan_api/static/2024/1011.json,1
2024,综合,1011,上海政法学院,149152,02,不限,030102T,知识产权,15,6500,四年,https://static-data.gaokao.cn/www/2.0/schoolspecialplan/1011/2024/31.json?a=www.gaokao.cn,data/shanghai/raw/plan_api/static/2024/1011.json,1
2024,综合,1011,上海政法学院,148565,04,不限,120402,行政管理,15,6500,四年,https://static-data.gaokao.cn/www/2.0/schoolspecialplan/1011/2024/31.json?a=www.gaokao.cn,data/shanghai/raw/plan_api/static/2024/1011.json,1
2024,综合,1011,上海政法学院,148565,04,不限,030301,社会学,12,6500,四年,https://static-data.gaokao.cn/www/2.0/schoolspecialplan/1011/2024/31.json?a=www.gaokao.cn,data/shanghai/raw/plan_api/static/2024/1011.json,1
2024,综合,1011,上海政法学院,148565,04,不限,030302,社会工作,12,6500,四年,https://static-data.gaokao.cn/www/2.0/schoolspecialplan/1011/2024/31.json?a=www.gaokao.cn,data/shanghai/raw/plan_api/static/2024/1011.json,1
2024,综合,1011,上海政法学院,148420,Q7,不限,130305,广播电视编导,11,13000,四年,https://static-data.gaokao.cn/www/2.0/schoolspecialplan/1011/2024/31.json?a=www.gaokao.cn,data/shanghai/raw/plan_api/static/2024/1011.json,0
2024,综合,1011,上海政法学院,148493,05,思想政治必选,030201,思想政治学与行政学,10,6500,四年,https://static-data.gaokao.cn/www/2.0/schoolspecialplan/1011/2024/31.json?a=www.gaokao.cn,data/shanghai/raw/plan_api/static/2024/1011.json,1
2024,综合,1018,重庆交通大学,149283,01,物理、化学(2科必选),0807,电子信息类,2,5560,四年,https://static-data.gaokao.cn/www/2.0/schoolspecialplan/1018/2024/31.json?a=www.gaokao.cn,data/shanghai/raw/plan_api/static/2024/1018.json,1
2024,综合,1018,重庆交通大学,148847,02,不限,1202,工商管理类,2,5580,四年,https://static-data.gaokao.cn/www/2.0/schoolspecialplan/1018/2024/31.json?a=www.gaokao.cn,data/shanghai/raw/plan_api/static/2024/1018.json,1
2024,综合,1020,福建医科大学,149463,01,物、化、生(3科必选),101001,医学检验技术,2,6240,四年,https://static-data.gaokao.cn/www/2.0/schoolspecialplan/1020/2024/31.json?a=www.gaokao.cn,data/shanghai/raw/plan_api/static/2024/1020.json,1
2024,综合,1020,福建医科大学,149463,01,物、化、生(3科必选),100201K,临床医学,2,6760,五年,https://static-data.gaokao.cn/www/2.0/schoolspecialplan/1020/2024/31.json?a=www.gaokao.cn,data/shanghai/raw/plan_api/static/2024/1020.json,1
2024,综合,1029,长沙学院,149325,01,物理必选,020109T,数字经济,2,5000,四年,https://static-data.gaokao.cn/www/2.0/schoolspecialplan/1029/2024/31.json?a=www.gaokao.cn,data/shanghai/raw/plan_api/static/2024/1029.json,1
2024,综合,1029,长沙学院,148627,03,不限,120204,财务管理,4,5000,四年,https://static-data.gaokao.cn/www/2.0/schoolspecialplan/1029/2024/31.json?a=www.gaokao.cn,data/shanghai/raw/plan_api/static/2024/1029.json,1
2024,综合,1029,长沙学院,148627,03,不限,030101K,法学,2,5000,四年,https://static-data.gaokao.cn/www/2.0/schoolspecialplan/1029/2024/31.json?a=www.gaokao.cn,data/shanghai/raw/plan_api/static/2024/1029.json,1
2024,综合,1029,长沙学院,148871,02,思想政治必选,050306T,网络与新媒体,2,6000,四年,https://static-data.gaokao.cn/www/2.0/schoolspecialplan/1029/2024/31.json?a=www.gaokao.cn,data/shanghai/raw/plan_api/static/2024/1029.json,1
2024,综合,1031,广东金融学院,149312,01,不限,020301K,金融学,1,5050,四年,https://static-data.gaokao.cn/www/2.0/schoolspecialplan/1031/2024/31.json?a=www.gaokao.cn,data/shanghai/raw/plan_api/static/2024/1031.json,1
2024,综合,1031,广东金融学院,149312,01,不限,120203K,会计学,1,5050,四年,https://static-data.gaokao.cn/www/2.0/schoolspecialplan/1031/2024/31.json?a=www.gaokao.cn,data/shanghai/raw/plan_api/static/2024/1031.json,1
2024,综合,1031,广东金融学院,149312,01,不限,020401,国际经济与贸易,1,5050,四年,https://static-data.gaokao.cn/www/2.0/schoolspecialplan/1031/2024/31.json?a=www.gaokao.cn,data/shanghai/raw/plan_api/static/2024/1031.json,1
2024,综合,1031,广东金融学院,149312,01,不限,020304,投资学,1,5050,四年,https://static-data.gaokao.cn/www/2.0/schoolspecialplan/1031/2024/31.json?a=www.gaokao.cn,data/shanghai/raw/plan_api/static/2024/1031.json,1
2024,综合,1031,广东金融学院,149312,01,不限,120204,财务管理,1,5050,四年,https://static-data.gaokao.cn/www/2.0/schoolspecialplan/1031/2024/31.json?a=www.gaokao.cn,data/shanghai/raw/plan_api/static/2024/1031.json,1
2024,综合,1036,伊犁师范大学,149189,01,物理、化学(2科必选),080803T,机器人工程,5,3500,四年,https://static-data.gaokao.cn/www/2.0/schoolspecialplan/1036/2024/31.json?a=www.gaokao.cn,data/shanghai/raw/plan_api/static/2024/1036.json,1
2024,综合,1041,沈阳工程学院,149598,01,物理、化学(2科必选),080501,能源与动力工程,2,25000,四年,https://static-data.gaokao.cn/www/2.0/schoolspecialplan/1041/2024/31.json?a=www.gaokao.cn,data/shanghai/raw/plan_api/static/2024/1041.json,1
2024,综合,1041,沈阳工程学院,149058,02,物理、化学(2科必选),080501,能源与动力工程,2,5200,四年,https://static-data.gaokao.cn/www/2.0/schoolspecialplan/1041/2024/31.json?a=www.gaokao.cn,data/shanghai/raw/plan_api/static/2024/1041.json,1
2024,综合,1041,沈阳工程学院,149058,02,物理、化学(2科必选),080601,电气工程及其自动化,2,5200,四年,https://static-data.gaokao.cn/www/2.0/schoolspecialplan/1041/2024/31.json?a=www.gaokao.cn,data/shanghai/raw/plan_api/static/2024/1041.json,1
2024,综合,1041,沈阳工程学院,148714,03,物理、化学(2科必选),080601,电气工程及其自动化,2,32000,四年,https://static-data.gaokao.cn/www/2.0/schoolspecialplan/1041/2024/31.json?a=www.gaokao.cn,data/shanghai/raw/plan_api/static/2024/1041.json,1
2024,综合,1041,沈阳工程学院,149058,02,物理、化学(2科必选),080503T,新能源科学与工程,2,5200,四年,https://static-data.gaokao.cn/www/2.0/schoolspecialplan/1041/2024/31.json?a=www.gaokao.cn,data/shanghai/raw/plan_api/static/2024/1041.json,1
2024,综合,1041,沈阳工程学院,149058,02,物理、化学(2科必选),080504T,储能科学与工程,2,5200,四年,https://static-data.gaokao.cn/www/2.0/schoolspecialplan/1041/2024/31.json?a=www.gaokao.cn,data/shanghai/raw/plan_api/static/2024/1041.json,1
2024,综合,1048,金陵科技学院,149539,01,物理、化学(2科必选),080902,软件工程,1,5800,四年,https://static-data.gaokao.cn/www/2.0/schoolspecialplan/1048/2024/31.json?a=www.gaokao.cn,data/shanghai/raw/plan_api/static/2024/1048.json,1
2024,综合,1048,金陵科技学院,149539,01,物理、化学(2科必选),082701,食品科学与工程,1,5800,四年,https://static-data.gaokao.cn/www/2.0/schoolspecialplan/1048/2024/31.json?a=www.gaokao.cn,data/shanghai/raw/plan_api/static/2024/1048.json,1
2024,综合,1048,金陵科技学院,149539,01,物理、化学(2科必选),080905,物联网工程,1,5800,四年,https://static-data.gaokao.cn/www/2.0/schoolspecialplan/1048/2024/31.json?a=www.gaokao.cn,data/shanghai/raw/plan_api/static/2024/1048.json,1
2024,综合,1048,金陵科技学院,149539,01,物理、化学(2科必选),080207,车辆工程,1,5800,四年,https://static-data.gaokao.cn/www/2.0/schoolspecialplan/1048/2024/31.json?a=www.gaokao.cn,data/shanghai/raw/plan_api/static/2024/1048.json,1
2024,综合,1048,金陵科技学院,149539,01,物理、化学(2科必选),081004,建筑电气与智能化,1,5800,四年,https://static-data.gaokao.cn/www/2.0/schoolspecialplan/1048/2024/31.json?a=www.gaokao.cn,data/shanghai/raw/plan_api/static/2024/1048.json,1
2024,综合,1048,金陵科技学院,149539,01,物理、化学(2科必选),080202,机械设计制造及其自动化,1,5800,四年,https://static-data.gaokao.cn/www/2.0/schoolspecialplan/1048/2024/31.json?a=www.gaokao.cn,data/shanghai/raw/plan_api/static/2024/1048.json,1
2024,综合,1048,金陵科技学院,149016,02,不限,120203K,会计学,2,5200,四年,https://static-data.gaokao.cn/www/2.0/schoolspecialplan/1048/2024/31.json?a=www.gaokao.cn,data/shanghai/raw/plan_api/static/2024/1048.json,1
2024,综合,1048,金陵科技学院,149016,02,不限,120202,市场营销,2,5200,四年,https://static-data.gaokao.cn/www/2.0/schoolspecialplan/1048/2024/31.json?a=www.gaokao.cn,data/shanghai/raw/plan_api/static/2024/1048.json,1
2024,综合,1048,金陵科技学院,149016,02,不限,082802,城乡规划,1,5800,四年,https://static-data.gaokao.cn/www/2.0/schoolspecialplan/1048/2024/31.json?a=www.gaokao.cn,data/shanghai/raw/plan_api/static/2024/1048.json,1
2024,综合,1048,金陵科技学院,149016,02,不限,050105,古典文献学,1,5200,四年,https://static-data.gaokao.cn/www/2.0/schoolspecialplan/1048/2024/31.json?a=www.gaokao.cn,data/shanghai/raw/plan_api/static/2024/1048.json,1
2024,综合,1048,金陵科技学院,149016,02,不限,050201,英语,1,5200,四年,https://static-data.gaokao.cn/www/2.0/schoolspecialplan/1048/2024/31.json?a=www.gaokao.cn,data/shanghai/raw/plan_api/static/2024/1048.json,1
2024,综合,1049,徐州工程学院,149538,01,物理、化学(2科必选),080202,机械设计制造及其自动化,2,5800,四年,https://static-data.gaokao.cn/www/2.0/schoolspecialplan/1049/2024/31.json?a=www.gaokao.cn,data/shanghai/raw/plan_api/static/2024/1049.json,1
2024,综合,1049,徐州工程学院,148692,03,不限,120203K,会计学,2,5200,四年,https://static-data.gaokao.cn/www/2.0/schoolspecialplan/1049/2024/31.json?a=www.gaokao.cn,data/shanghai/raw/plan_api/static/2024/1049.json,1
2024,综合,1049,徐州工程学院,149015,02,物理必选,120103,工程管理,1,5200,四年,https://static-data.gaokao.cn/www/2.0/schoolspecialplan/1049/2024/31.json?a=www.gaokao.cn,data/shanghai/raw/plan_api/static/2024/1049.json,1
2024,综合,1049,徐州工程学院,149015,02,物理必选,120602,物流工程,1,5200,四年,https://static-data.gaokao.cn/www/2.0/schoolspecialplan/1049/2024/31.json?a=www.gaokao.cn,data/shanghai/raw/plan_api/static/2024/1049.json,1
2024,综合,1049,徐州工程学院,148692,03,不限,020307T,经济与金融,1,5200,四年,https://static-data.gaokao.cn/www/2.0/schoolspecialplan/1049/2024/31.json?a=www.gaokao.cn,data/shanghai/raw/plan_api/static/2024/1049.json,1
2024,综合,1049,徐州工程学院,148692,03,不限,020401,国际经济与贸易,1,5200,四年,https://static-data.gaokao.cn/www/2.0/schoolspecialplan/1049/2024/31.json?a=www.gaokao.cn,data/shanghai/raw/plan_api/static/2024/1049.json,1
2024,综合,1061,厦门理工学院,149460,01,物理、化学(2科必选),080414T,新能源材料与器件,2,5460,四年,https://static-data.gaokao.cn/www/2.0/schoolspecialplan/1061/2024/31.json?a=www.gaokao.cn,data/shanghai/raw/plan_api/static/2024/1061.json,1
2024,综合,1061,厦门理工学院,149460,01,物理、化学(2科必选),080213T,智能制造工程,2,5460,四年,https://static-data.gaokao.cn/www/2.0/schoolspecialplan/1061/2024/31.json?a=www.gaokao.cn,data/shanghai/raw/plan_api/static/2024/1061.json,1
2024,综合,1061,厦门理工学院,149460,01,物理、化学(2科必选),080717T,人工智能,1,5460,四年,https://static-data.gaokao.cn/www/2.0/schoolspecialplan/1061/2024/31.json?a=www.gaokao.cn,data/shanghai/raw/plan_api/static/2024/1061.json,1
2024,综合,1061,厦门理工学院,148668,03,不限,120903,会展经济与管理,2,5040,四年,https://static-data.gaokao.cn/www/2.0/schoolspecialplan/1061/2024/31.json?a=www.gaokao.cn,data/shanghai/raw/plan_api/static/2024/1061.json,1
2024,综合,1061,厦门理工学院,148960,02,物理必选,020302,金融工程,2,5040,四年,https://static-data.gaokao.cn/www/2.0/schoolspecialplan/1061/2024/31.json?a=www.gaokao.cn,data/shanghai/raw/plan_api/static/2024/1061.json,1
2024,综合,1061,厦门理工学院,148668,03,不限,120405,城市管理,1,5040,四年,https://static-data.gaokao.cn/www/2.0/schoolspecialplan/1061/2024/31.json?a=www.gaokao.cn,data/shanghai/raw/plan_api/static/2024/1061.json,1
2024,综合,1064,淮阴师范学院,149544,01,不限,050103,汉语国际教育,5,5200,四年,https://static-data.gaokao.cn/www/2.0/schoolspecialplan/1064/2024/31.json?a=www.gaokao.cn,data/shanghai/raw/plan_api/static/2024/1064.json,1
2024,综合,1064,淮阴师范学院,149544,01,不限,040106,学前教育,5,5200,四年,https://static-data.gaokao.cn/www/2.0/schoolspecialplan/1064/2024/31.json?a=www.gaokao.cn,data/shanghai/raw/plan_api/static/2024/1064.json,1
2024,综合,1064,淮阴师范学院,149544,01,不限,050303,广告学,4,5200,四年,https://static-data.gaokao.cn/www/2.0/schoolspecialplan/1064/2024/31.json?a=www.gaokao.cn,data/shanghai/raw/plan_api/static/2024/1064.json,1
2024,综合,1064,淮阴师范学院,149544,01,不限,030102T,知识产权,4,5200,四年,https://static-data.gaokao.cn/www/2.0/schoolspecialplan/1064/2024/31.json?a=www.gaokao.cn,data/shanghai/raw/plan_api/static/2024/1064.json,1
2024,综合,1066,浙江传媒学院,148682,03,不限,050302,广播电视学,1,5500,四年,https://static-data.gaokao.cn/www/2.0/schoolspecialplan/1066/2024/31.json?a=www.gaokao.cn,data/shanghai/raw/plan_api/static/2024/1066.json,1
2024,综合,1066,浙江传媒学院,148480,05,不限,050304,传播学,4,28000,四年,https://static-data.gaokao.cn/www/2.0/schoolspecialplan/1066/2024/31.json?a=www.gaokao.cn,data/shanghai/raw/plan_api/static/2024/1066.json,1
2024,综合,1066,浙江传媒学院,148536,04,不限,130304,戏剧影视文学,2,9000,四年,https://static-data.gaokao.cn/www/2.0/schoolspecialplan/1066/2024/31.json?a=www.gaokao.cn,data/shanghai/raw/plan_api/static/2024/1066.json,1
2024,综合,1066,浙江传媒学院,148536,04,不限,130305,广播电视编导,2,10300,四年,https://static-data.gaokao.cn/www/2.0/schoolspecialplan/1066/2024/31.json?a=www.gaokao.cn,data/shanghai/raw/plan_api/static/2024/1066.json,1
2024,综合,1066,浙江传媒学院,148536,04,不限,130508,数字媒体艺术,1,10300,四年,https://static-data.gaokao.cn/www/2.0/schoolspecialplan/1066/2024/31.json?a=www.gaokao.cn,data/shanghai/raw/plan_api/static/2024/1066.json,1
2024,综合,1066,浙江传媒学院,148536,04,不限,130404,摄影,1,10300,四年,https://static-data.gaokao.cn/www/2.0/schoolspecialplan/1066/2024/31.json?a=www.gaokao.cn,data/shanghai/raw/plan_api/static/2024/1066.json,1
2024,综合,1073,重庆工商大学,149276,01,物理必选,020302,金融工程,2,4500,四年,https://static-data.gaokao.cn/www/2.0/schoolspecialplan/1073/2024/31.json?a=www.gaokao.cn,data/shanghai/raw/plan_api/static/2024/1073.json,1
2024,综合,1073,重庆工商大学,149276,01,物理必选,020109T,数字经济,2,4500,四年,https://static-data.gaokao.cn/www/2.0/schoolspecialplan/1073/2024/31.json?a=www.gaokao.cn,data/shanghai/raw/plan_api/static/2024/1073.json,1
2024,综合,1073,重庆工商大学,148841,02,不限,120801,电子商务,3,4500,四年,https://static-data.gaokao.cn/www/2.0/schoolspecialplan/1073/2024/31.json?a=www.gaokao.cn,data/shanghai/raw/plan_api/static/2024/1073.json,1
2024,综合,1073,重庆工商大学,148841,02,不限,020101,经济学,2,4500,四年,https://static-data.gaokao.cn/www/2.0/schoolspecialplan/1073/2024/31.json?a=www.gaokao.cn,data/shanghai/raw/plan_api/static/2024/1073.json,1
2024,综合,1073,重庆工商大学,148841,02,不限,1202,工商管理类,2,4500,四年,https://static-data.gaokao.cn/www/2.0/schoolspecialplan/1073/2024/31.json?a=www.gaokao.cn,data/shanghai/raw/plan_api/static/2024/1073.json,1
2024,综合,1073,重庆工商大学,148841,02,不限,0203,金融学类,2,4500,四年,https://static-data.gaokao.cn/www/2.0/schoolspecialplan/1073/2024/31.json?a=www.gaokao.cn,data/shanghai/raw/plan_api/static/2024/1073.json,1
2024,综合,1077,文华学院,149347,01,物理、化学(2科必选),080901,计算机科学与技术,2,22800,四年,https://static-data.gaokao.cn/www/2.0/schoolspecialplan/1077/2024/31.json?a=www.gaokao.cn,data/shanghai/raw/plan_api/static/2024/1077.json,1
2024,综合,1077,文华学院,149347,01,物理、化学(2科必选),080501,能源与动力工程,2,22000,四年,https://static-data.gaokao.cn/www/2.0/schoolspecialplan/1077/2024/31.json?a=www.gaokao.cn,data/shanghai/raw/plan_api/static/2024/1077.json,1
2024,综合,1077,文华学院,149347,01,物理、化学(2科必选),080905,物联网工程,2,22000,四年,https://static-data.gaokao.cn/www/2.0/schoolspecialplan/1077/2024/31.json?a=www.gaokao.cn,data/shanghai/raw/plan_api/static/2024/1077.json,1
2024,综合,1077,文华学院,148887,02,不限,020301K,金融学,2,22000,四年,https://static-data.gaokao.cn/www/2.0/schoolspecialplan/1077/2024/31.json?a=www.gaokao.cn,data/shanghai/raw/plan_api/static/2024/1077.json,1
2024,综合,1077,文华学院,148887,02,不限,120203K,会计学,2,22800,四年,https://static-data.gaokao.cn/www/2.0/schoolspecialplan/1077/2024/31.json?a=www.gaokao.cn,data/shanghai/raw/plan_api/static/2024/1077.json,1
2024,综合,1083,内江师范学院,149185,01,物理、化学(2科必选),070101,数学与应用数学,1,5200,四年,https://static-data.gaokao.cn/www/2.0/schoolspecialplan/1083/2024/31.json?a=www.gaokao.cn,data/shanghai/raw/plan_api/static/2024/1083.json,1
2024,综合,1083,内江师范学院,149185,01,物理、化学(2科必选),070201,物理学,1,5200,四年,https://static-data.gaokao.cn/www/2.0/schoolspecialplan/1083/2024/31.json?a=www.gaokao.cn,data/shanghai/raw/plan_api/static/2024/1083.json,1
2024,综合,1083,内江师范学院,149185,01,物理、化学(2科必选),0703,化学类,1,5200,四年,https://static-data.gaokao.cn/www/2.0/schoolspecialplan/1083/2024/31.json?a=www.gaokao.cn,data/shanghai/raw/plan_api/static/2024/1083.json,1
2024,综合,1092,上海电机学院,149732,01,物理、化学(2科必选),080601,电气工程及其自动化,30,7000,四年,https://static-data.gaokao.cn/www/2.0/schoolspecialplan/1092/2024/31.json?a=www.gaokao.cn,data/shanghai/raw/plan_api/static/2024/1092.json,1
2024,综合,1092,上海电机学院,149732,01,物理、化学(2科必选),080202,机械设计制造及其自动化,19,7000,四年,https://static-data.gaokao.cn/www/2.0/schoolspecialplan/1092/2024/31.json?a=www.gaokao.cn,data/shanghai/raw/plan_api/static/2024/1092.json,1
2024,综合,1092,上海电机学院,149732,01,物理、化学(2科必选),080203,材料成型及控制工程,13,7000,四年,https://static-data.gaokao.cn/www/2.0/schoolspecialplan/1092/2024/31.json?a=www.gaokao.cn,data/shanghai/raw/plan_api/static/2024/1092.json,1
2024,综合,1092,上海电机学院,148757,03,不限,1202,工商管理类,189,6500,四年,https://static-data.gaokao.cn/www/2.0/schoolspecialplan/1092/2024/31.json?a=www.gaokao.cn,data/shanghai/raw/plan_api/static/2024/1092.json,1
2024,综合,1092,上海电机学院,148757,03,不限,0201,经济学类,136,6500,四年,https://static-data.gaokao.cn/www/2.0/schoolspecialplan/1092/2024/31.json?a=www.gaokao.cn,data/shanghai/raw/plan_api/static/2024/1092.json,1
2024,综合,1092,上海电机学院,149153,02,物理、化学(2科必选),0809,计算机类,128,7000,四年,https://static-data.gaokao.cn/www/2.0/schoolspecialplan/1092/2024/31.json?a=www.gaokao.cn,data/shanghai/raw/plan_api/static/2024/1092.json,1
2024,综合,1092,上海电机学院,149153,02,物理、化学(2科必选),0806,电气类,62,7000,四年,https://static-data.gaokao.cn/www/2.0/schoolspecialplan/1092/2024/31.json?a=www.gaokao.cn,data/shanghai/raw/plan_api/static/2024/1092.json,1
2024,综合,1092,上海电机学院,148757,03,不限,050203,德语,52,6500,四年,https://static-data.gaokao.cn/www/2.0/schoolspecialplan/1092/2024/31.json?a=www.gaokao.cn,data/shanghai/raw/plan_api/static/2024/1092.json,1
2024,综合,1092,上海电机学院,148757,03,不限,050201,英语,51,6500,四年,https://static-data.gaokao.cn/www/2.0/schoolspecialplan/1092/2024/31.json?a=www.gaokao.cn,data/shanghai/raw/plan_api/static/2024/1092.json,1
2024,综合,1092,上海电机学院,148757,03,不限,120601,物流管理,42,19500,四年,https://static-data.gaokao.cn/www/2.0/schoolspecialplan/1092/2024/31.json?a=www.gaokao.cn,data/shanghai/raw/plan_api/static/2024/1092.json,1
2024,综合,1092,上海电机学院,149153,02,物理、化学(2科必选),082003,飞行器制造工程,42,7000,四年,https://static-data.gaokao.cn/www/2.0/schoolspecialplan/1092/2024/31.json?a=www.gaokao.cn,data/shanghai/raw/plan_api/static/2024/1092.json,1
2024,综合,1092,上海电机学院,148757,03,不限,020401,国际经济与贸易,33,19500,四年,https://static-data.gaokao.cn/www/2.0/schoolspecialplan/1092/2024/31.json?a=www.gaokao.cn,data/shanghai/raw/plan_api/static/2024/1092.json,1
2024,综合,1092,上海电机学院,149153,02,物理、化学(2科必选),080801,自动化,28,7000,四年,https://static-data.gaokao.cn/www/2.0/schoolspecialplan/1092/2024/31.json?a=www.gaokao.cn,data/shanghai/raw/plan_api/static/2024/1092.json,1
2024,综合,1092,上海电机学院,149153,02,物理、化学(2科必选),080703,通信工程,25,7000,四年,https://static-data.gaokao.cn/www/2.0/schoolspecialplan/1092/2024/31.json?a=www.gaokao.cn,data/shanghai/raw/plan_api/static/2024/1092.json,1
2024,综合,1092,上海电机学院,149153,02,物理、化学(2科必选),080803T,机器人工程,25,7000,四年,https://static-data.gaokao.cn/www/2.0/schoolspecialplan/1092/2024/31.json?a=www.gaokao.cn,data/shanghai/raw/plan_api/static/2024/1092.json,1
2024,综合,1092,上海电机学院,149153,02,物理、化学(2科必选),080601,电气工程及其自动化,24,21000,四年,https://static-data.gaokao.cn/www/2.0/schoolspecialplan/1092/2024/31.json?a=www.gaokao.cn,data/shanghai/raw/plan_api/static/2024/1092.json,1
2024,综合,1092,上海电机学院,149153,02,物理、化学(2科必选),080701,电子信息工程,22,7000,四年,https://static-data.gaokao.cn/www/2.0/schoolspecialplan/1092/2024/31.json?a=www.gaokao.cn,data/shanghai/raw/plan_api/static/2024/1092.json,1
2024,综合,1092,上海电机学院,149153,02,物理、化学(2科必选),080204,机械电子工程,20,21000,四年,https://static-data.gaokao.cn/www/2.0/schoolspecialplan/1092/2024/31.json?a=www.gaokao.cn,data/shanghai/raw/plan_api/static/2024/1092.json,1
2024,综合,1092,上海电机学院,149153,02,物理、化学(2科必选),080216T,新能源汽车工程,21,7000,四年,https://static-data.gaokao.cn/www/2.0/schoolspecialplan/1092/2024/31.json?a=www.gaokao.cn,data/shanghai/raw/plan_api/static/2024/1092.json,1
2024,综合,1092,上海电机学院,149153,02,物理、化学(2科必选),080207,车辆工程,19,7000,四年,https://static-data.gaokao.cn/www/2.0/schoolspecialplan/1092/2024/31.json?a=www.gaokao.cn,data/shanghai/raw/plan_api/static/2024/1092.json,1
2024,综合,1092,上海电机学院,149153,02,物理、化学(2科必选),080213T,智能制造工程,19,7000,四年,https://static-data.gaokao.cn/www/2.0/schoolspecialplan/1092/2024/31.json?a=www.gaokao.cn,data/shanghai/raw/plan_api/static/2024/1092.json,1
2024,综合,1092,上海电机学院,149153,02,物理、化学(2科必选),080705,光电信息科学与工程,19,7000,四年,https://static-data.gaokao.cn/www/2.0/schoolspecialplan/1092/2024/31.json?a=www.gaokao.cn,data/shanghai/raw/plan_api/static/2024/1092.json,1
2024,综合,1092,上海电机学院,149153,02,物理、化学(2科必选),080401,材料科学与工程,14,7000,四年,https://static-data.gaokao.cn/www/2.0/schoolspecialplan/1092/2024/31.json?a=www.gaokao.cn,data/shanghai/raw/plan_api/static/2024/1092.json,1
2024,综合,1092,上海电机学院,149153,02,物理、化学(2科必选),080709T,电子封装技术,10,7000,四年,https://static-data.gaokao.cn/www/2.0/schoolspecialplan/1092/2024/31.json?a=www.gaokao.cn,data/shanghai/raw/plan_api/static/2024/1092.json,1
2024,综合,1092,上海电机学院,149153,02,物理、化学(2科必选),080205,工业设计,10,7000,四年,https://static-data.gaokao.cn/www/2.0/schoolspecialplan/1092/2024/31.json?a=www.gaokao.cn,data/shanghai/raw/plan_api/static/2024/1092.json,1
2024,综合,1104,武昌首义学院,149352,01,物理、化学(2科必选),080901,计算机科学与技术,2,22800,四年,https://static-data.gaokao.cn/www/2.0/schoolspecialplan/1104/2024/31.json?a=www.gaokao.cn,data/shanghai/raw/plan_api/static/2024/1104.json,1
2024,综合,1104,武昌首义学院,149352,01,物理、化学(2科必选),080717T,人工智能,2,22800,四年,https://static-data.gaokao.cn/www/2.0/schoolspecialplan/1104/2024/31.json?a=www.gaokao.cn,data/shanghai/raw/plan_api/static/2024/1104.json,1
2024,综合,1104,武昌首义学院,149352,01,物理、化学(2科必选),080601,电气工程及其自动化,1,22800,四年,https://static-data.gaokao.cn/www/2.0/schoolspecialplan/1104/2024/31.json?a=www.gaokao.cn,data/shanghai/raw/plan_api/static/2024/1104.json,1
2024,综合,1104,武昌首义学院,148889,02,不限,050101,汉语言文学,2,22800,四年,https://static-data.gaokao.cn/www/2.0/schoolspecialplan/1104/2024/31.json?a=www.gaokao.cn,data/shanghai/raw/plan_api/static/2024/1104.json,1
2024,综合,1104,武昌首义学院,148889,02,不限,050306T,网络与新媒体,2,22800,四年,https://static-data.gaokao.cn/www/2.0/schoolspecialplan/1104/2024/31.json?a=www.gaokao.cn,data/shanghai/raw/plan_api/static/2024/1104.json,1
2024,综合,1104,武昌首义学院,148889,02,不限,120203K,会计学,1,22800,四年,https://static-data.gaokao.cn/www/2.0/schoolspecialplan/1104/2024/31.json?a=www.gaokao.cn,data/shanghai/raw/plan_api/static/2024/1104.json,1
2024,综合,1142,山东中医药大学,149392,01,物理、化学(2科必选),100601K,中西医临床医学,1,7900,五年,https://static-data.gaokao.cn/www/2.0/schoolspecialplan/1142/2024/31.json?a=www.gaokao.cn,data/shanghai/raw/plan_api/static/2024/1142.json,1
2024,综合,1142,山东中医药大学,149392,01,物理、化学(2科必选),100502K,针灸推拿学,1,7900,五年,https://static-data.gaokao.cn/www/2.0/schoolspecialplan/1142/2024/31.json?a=www.gaokao.cn,data/shanghai/raw/plan_api/static/2024/1142.json,1
2024,综合,1142,山东中医药大学,149392,01,物理、化学(2科必选),100801,中药学,1,7900,四年,https://static-data.gaokao.cn/www/2.0/schoolspecialplan/1142/2024/31.json?a=www.gaokao.cn,data/shanghai/raw/plan_api/static/2024/1142.json,1
2024,综合,1142,山东中医药大学,149392,01,物理、化学(2科必选),100701,药学,1,7500,四年,https://static-data.gaokao.cn/www/2.0/schoolspecialplan/1142/2024/31.json?a=www.gaokao.cn,data/shanghai/raw/plan_api/static/2024/1142.json,1
2024,综合,1142,山东中医药大学,149392,01,物理、化学(2科必选),100501K,中医学,1,7900,五年,https://static-data.gaokao.cn/www/2.0/schoolspecialplan/1142/2024/31.json?a=www.gaokao.cn,data/shanghai/raw/plan_api/static/2024/1142.json,1
2024,综合,1157,武昌理工学院,149351,01,不限,020304,投资学,2,22800,四年,https://static-data.gaokao.cn/www/2.0/schoolspecialplan/1157/2024/31.json?a=www.gaokao.cn,data/shanghai/raw/plan_api/static/2024/1157.json,1
2024,综合,1170,宿迁学院,149513,01,物理、化学(2科必选),080202,机械设计制造及其自动化,1,5800,四年,https://static-data.gaokao.cn/www/2.0/schoolspecialplan/1170/2024/31.json?a=www.gaokao.cn,data/shanghai/raw/plan_api/static/2024/1170.json,1
2024,综合,1170,宿迁学院,149513,01,物理、化学(2科必选),080801,自动化,1,5800,四年,https://static-data.gaokao.cn/www/2.0/schoolspecialplan/1170/2024/31.json?a=www.gaokao.cn,data/shanghai/raw/plan_api/static/2024/1170.json,1
2024,综合,1170,宿迁学院,149513,01,物理、化学(2科必选),080401,材料科学与工程,1,5800,四年,https://static-data.gaokao.cn/www/2.0/schoolspecialplan/1170/2024/31.json?a=www.gaokao.cn,data/shanghai/raw/plan_api/static/2024/1170.json,1
2024,综合,1170,宿迁学院,149513,01,物理、化学(2科必选),080203,材料成型及控制工程,1,5800,四年,https://static-data.gaokao.cn/www/2.0/schoolspecialplan/1170/2024/31.json?a=www.gaokao.cn,data/shanghai/raw/plan_api/static/2024/1170.json,1
2024,综合,1170,宿迁学院,148997,02,不限,120402,行政管理,1,5200,四年,https://static-data.gaokao.cn/www/2.0/schoolspecialplan/1170/2024/31.json?a=www.gaokao.cn,data/shanghai/raw/plan_api/static/2024/1170.json,1
2024,综合,1178,洛阳理工学院,149375,01,不限,120201K,工商管理,4,4400,四年,https://static-data.gaokao.cn/www/2.0/schoolspecialplan/1178/2024/31.json?a=www.gaokao.cn,data/shanghai/raw/plan_api/static/2024/1178.json,1
2024,综合,1178,洛阳理工学院,149375,01,不限,120204,财务管理,4,4400,四年,https://static-data.gaokao.cn/www/2.0/schoolspecialplan/1178/2024/31.json?a=www.gaokao.cn,data/shanghai/raw/plan_api/static/2024/1178.json,1
2024,综合,1196,安徽中医药大学,149471,01,物理、化学(2科必选),100501K,中医学,1,6325,五年,https://static-data.gaokao.cn/www/2.0/schoolspecialplan/1196/2024/31.json?a=www.gaokao.cn,data/shanghai/raw/plan_api/static/2024/1196.json,1
2024,综合,1196,安徽中医药大学,149471,01,物理、化学(2科必选),100502K,针灸推拿学,1,6325,五年,https://static-data.gaokao.cn/www/2.0/schoolspecialplan/1196/2024/31.json?a=www.gaokao.cn,data/shanghai/raw/plan_api/static/2024/1196.json,1
2024,综合,1210,山东航空学院,149393,01,物理、化学(2科必选),081801,交通运输,3,5500,四年,https://static-data.gaokao.cn/www/2.0/schoolspecialplan/1210/2024/31.json?a=www.gaokao.cn,data/shanghai/raw/plan_api/static/2024/1210.json,1
2024,综合,1210,山东航空学院,148914,02,不限,120204,财务管理,2,5500,四年,https://static-data.gaokao.cn/www/2.0/schoolspecialplan/1210/2024/31.json?a=www.gaokao.cn,data/shanghai/raw/plan_api/static/2024/1210.json,1
2024,综合,1247,滁州学院,149478,01,不限,120201K,工商管理,3,4600,四年,https://static-data.gaokao.cn/www/2.0/schoolspecialplan/1247/2024/31.json?a=www.gaokao.cn,data/shanghai/raw/plan_api/static/2024/1247.json,1
2024,综合,1247,滁州学院,149478,01,不限,120202,市场营销,3,4600,四年,https://static-data.gaokao.cn/www/2.0/schoolspecialplan/1247/2024/31.json?a=www.gaokao.cn,data/shanghai/raw/plan_api/static/2024/1247.json,1
2024,综合,1247,滁州学院,149478,01,不限,020401,国际经济与贸易,3,4600,四年,https://static-data.gaokao.cn/www/2.0/schoolspecialplan/1247/2024/31.json?a=www.gaokao.cn,data/shanghai/raw/plan_api/static/2024/1247.json,1
2024,综合,1247,滁州学院,149478,01,不限,120901K,旅游管理,2,4600,四年,https://static-data.gaokao.cn/www/2.0/schoolspecialplan/1247/2024/31.json?a=www.gaokao.cn,data/shanghai/raw/plan_api/static/2024/1247.json,1
2024,综合,1247,滁州学院,149478,01,不限,120204,财务管理,2,5060,四年,https://static-data.gaokao.cn/www/2.0/schoolspecialplan/1247/2024/31.json?a=www.gaokao.cn,data/shanghai/raw/plan_api/static/2024/1247.json,1
2024,综合,1247,滁州学院,149478,01,不限,050201,英语,1,4600,四年,https://static-data.gaokao.cn/www/2.0/schoolspecialplan/1247/2024/31.json?a=www.gaokao.cn,data/shanghai/raw/plan_api/static/2024/1247.json,1
2024,综合,1247,滁州学院,149478,01,不限,050262,商务英语,1,5060,四年,https://static-data.gaokao.cn/www/2.0/schoolspecialplan/1247/2024/31.json?a=www.gaokao.cn,data/shanghai/raw/plan_api/static/2024/1247.json,1
2024,综合,1251,梧州学院,149292,01,物理、化学(2科必选),080705,光电信息科学与工程,1,4594,四年,https://static-data.gaokao.cn/www/2.0/schoolspecialplan/1251/2024/31.json?a=www.gaokao.cn,data/shanghai/raw/plan_api/static/2024/1251.json,1
2024,综合,1251,梧州学院,149292,01,物理、化学(2科必选),080701,电子信息工程,1,4594,四年,https://static-data.gaokao.cn/www/2.0/schoolspecialplan/1251/2024/31.json?a=www.gaokao.cn,data/shanghai/raw/plan_api/static/2024/1251.json,1
2024,综合,1251,梧州学院,149292,01,物理、化学(2科必选),080910T,数据科学与大数据技术,1,4590,四年,https://static-data.gaokao.cn/www/2.0/schoolspecialplan/1251/2024/31.json?a=www.gaokao.cn,data/shanghai/raw/plan_api/static/2024/1251.json,1
2024,综合,1251,梧州学院,148853,02,不限,050101,汉语言文学,1,4200,四年,https://static-data.gaokao.cn/www/2.0/schoolspecialplan/1251/2024/31.json?a=www.gaokao.cn,data/shanghai/raw/plan_api/static/2024/1251.json,1
2024,综合,1251,梧州学院,148853,02,不限,030101K,法学,1,4200,四年,https://static-data.gaokao.cn/www/2.0/schoolspecialplan/1251/2024/31.json?a=www.gaokao.cn,data/shanghai/raw/plan_api/static/2024/1251.json,1
2024,综合,1291,吉林艺术学院,149578,01,不限,130102T,艺术管理,4,12000,四年,https://static-data.gaokao.cn/www/2.0/schoolspecialplan/1291/2024/31.json?a=www.gaokao.cn,data/shanghai/raw/plan_api/static/2024/1291.json,1
2024,综合,1291,吉林艺术学院,149046,02,不限,130305,广播电视编导,2,9900,四年,https://static-data.gaokao.cn/www/2.0/schoolspecialplan/1291/2024/31.json?a=www.gaokao.cn,data/shanghai/raw/plan_api/static/2024/1291.json,1
2024,综合,1291,吉林艺术学院,149046,02,不限,130304,戏剧影视文学,1,7000,四年,https://static-data.gaokao.cn/www/2.0/schoolspecialplan/1291/2024/31.json?a=www.gaokao.cn,data/shanghai/raw/plan_api/static/2024/1291.json,1
2024,综合,1304,上海外国语大学贤达经济人文学院,149730,01,不限,050204,法语,10,56000,四年,https://static-data.gaokao.cn/www/2.0/schoolspecialplan/1304/2024/31.json?a=www.gaokao.cn,data/shanghai/raw/plan_api/static/2024/1304.json,1
2024,综合,1304,上海外国语大学贤达经济人文学院,149730,01,不限,050262,商务英语,20,68000,四年,https://static-data.gaokao.cn/www/2.0/schoolspecialplan/1304/2024/31.json?a=www.gaokao.cn,data/shanghai/raw/plan_api/static/2024/1304.json,1
2024,综合,1304,上海外国语大学贤达经济人文学院,149730,01,不限,050203,德语,10,56000,四年,https://static-data.gaokao.cn/www/2.0/schoolspecialplan/1304/2024/31.json?a=www.gaokao.cn,data/shanghai/raw/plan_api/static/2024/1304.json,1
2024,综合,1304,上海外国语大学贤达经济人文学院,149730,01,不限,050207,日语,12,38000,四年,https://static-data.gaokao.cn/www/2.0/schoolspecialplan/1304/2024/31.json?a=www.gaokao.cn,data/shanghai/raw/plan_api/static/2024/1304.json,1
2024,综合,1304,上海外国语大学贤达经济人文学院,149730,01,不限,050201,英语,11,38000,四年,https://static-data.gaokao.cn/www/2.0/schoolspecialplan/1304/2024/31.json?a=www.gaokao.cn,data/shanghai/raw/plan_api/static/2024/1304.json,1
2024,综合,1304,上海外国语大学贤达经济人文学院,149730,01,不限,050261,翻译,11,56000,四年,https://static-data.gaokao.cn/www/2.0/schoolspecialplan/1304/2024/31.json?a=www.gaokao.cn,data/shanghai/raw/plan_api/static/2024/1304.json,1
2024,综合,1304,上海外国语大学贤达经济人文学院,149730,01,不限,050205,西班牙语,5,56000,四年,https://static-data.gaokao.cn/www/2.0/schoolspecialplan/1304/2024/31.json?a=www.gaokao.cn,data/shanghai/raw/plan_api/static/2024/1304.json,1
2024,综合,1304,上海外国语大学贤达经济人文学院,149730,01,不限,050206,阿拉伯语,7,38000,四年,https://static-data.gaokao.cn/www/2.0/schoolspecialplan/1304/2024/31.json?a=www.gaokao.cn,data/shanghai/raw/plan_api/static/2024/1304.json,1
2024,综合,1304,上海外国语大学贤达经济人文学院,149730,01,不限,050209,朝鲜语,4,38000,四年,https://static-data.gaokao.cn/www/2.0/schoolspecialplan/1304/2024/31.json?a=www.gaokao.cn,data/shanghai/raw/plan_api/static/2024/1304.json,1
2024,综合,1304,上海外国语大学贤达经济人文学院,148755,03,不限,040106,学前教育,63,45000,四年,https://static-data.gaokao.cn/www/2.0/schoolspecialplan/1304/2024/31.json?a=www.gaokao.cn,data/shanghai/raw/plan_api/static/2024/1304.json,1
2024,综合,1304,上海外国语大学贤达经济人文学院,148564,04,物理必选,120108T,大数据管理与应用,40,56000,四年,https://static-data.gaokao.cn/www/2.0/schoolspecialplan/1304/2024/31.json?a=www.gaokao.cn,data/shanghai/raw/plan_api/static/2024/1304.json,1
2024,综合,1304,上海外国语大学贤达经济人文学院,148755,03,不限,020401,国际经济与贸易,29,68000,四年,https://static-data.gaokao.cn/www/2.0/schoolspecialplan/1304/2024/31.json?a=www.gaokao.cn,data/shanghai/raw/plan_api/static/2024/1304.json,1
2024,综合,1304,上海外国语大学贤达经济人文学院,148755,03,不限,020301K,金融学,25,68000,四年,https://static-data.gaokao.cn/www/2.0/schoolspecialplan/1304/2024/31.json?a=www.gaokao.cn,data/shanghai/raw/plan_api/static/2024/1304.json,1
2024,综合,1304,上海外国语大学贤达经济人文学院,148755,03,不限,120203K,会计学,16,56000,四年,https://static-data.gaokao.cn/www/2.0/schoolspecialplan/1304/2024/31.json?a=www.gaokao.cn,data/shanghai/raw/plan_api/static/2024/1304.json,1
2024,综合,1304,上海外国语大学贤达经济人文学院,148755,03,不限,030101K,法学,20,56000,四年,https://static-data.gaokao.cn/www/2.0/schoolspecialplan/1304/2024/31.json?a=www.gaokao.cn,data/shanghai/raw/plan_api/static/2024/1304.json,1
2024,综合,1304,上海外国语大学贤达经济人文学院,149151,02,不限,050301,新闻学,16,38000,四年,https://static-data.gaokao.cn/www/2.0/schoolspecialplan/1304/2024/31.json?a=www.gaokao.cn,data/shanghai/raw/plan_api/static/2024/1304.json,1
2024,综合,1304,上海外国语大学贤达经济人文学院,149151,02,不限,020401,国际经济与贸易,13,38000,四年,https://static-data.gaokao.cn/www/2.0/schoolspecialplan/1304/2024/31.json?a=www.gaokao.cn,data/shanghai/raw/plan_api/static/2024/1304.json,1
2024,综合,1304,上海外国语大学贤达经济人文学院,148755,03,不限,050301,新闻学,13,56000,四年,https://static-data.gaokao.cn/www/2.0/schoolspecialplan/1304/2024/31.json?a=www.gaokao.cn,data/shanghai/raw/plan_api/static/2024/1304.json,1
2024,综合,1304,上海外国语大学贤达经济人文学院,149151,02,不限,120201K,工商管理,12,38000,四年,https://static-data.gaokao.cn/www/2.0/schoolspecialplan/1304/2024/31.json?a=www.gaokao.cn,data/shanghai/raw/plan_api/static/2024/1304.json,1
2024,综合,1304,上海外国语大学贤达经济人文学院,148755,03,不限,120903,会展经济与管理,12,56000,四年,https://static-data.gaokao.cn/www/2.0/schoolspecialplan/1304/2024/31.json?a=www.gaokao.cn,data/shanghai/raw/plan_api/static/2024/1304.json,1
2024,综合,1304,上海外国语大学贤达经济人文学院,149151,02,不限,050303,广告学,11,38000,四年,https://static-data.gaokao.cn/www/2.0/schoolspecialplan/1304/2024/31.json?a=www.gaokao.cn,data/shanghai/raw/plan_api/static/2024/1304.json,1
2024,综合,1304,上海外国语大学贤达经济人文学院,149151,02,不限,030101K,法学,11,38000,四年,https://static-data.gaokao.cn/www/2.0/schoolspecialplan/1304/2024/31.json?a=www.gaokao.cn,data/shanghai/raw/plan_api/static/2024/1304.json,1
2024,综合,1304,上海外国语大学贤达经济人文学院,148755,03,不限,120201K,工商管理,10,68000,四年,https://static-data.gaokao.cn/www/2.0/schoolspecialplan/1304/2024/31.json?a=www.gaokao.cn,data/shanghai/raw/plan_api/static/2024/1304.json,1
2024,综合,1304,上海外国语大学贤达经济人文学院,149151,02,不限,120210,文化产业管理,10,38000,四年,https://static-data.gaokao.cn/www/2.0/schoolspecialplan/1304/2024/31.json?a=www.gaokao.cn,data/shanghai/raw/plan_api/static/2024/1304.json,1
2024,综合,1304,上海外国语大学贤达经济人文学院,149151,02,不限,020301K,金融学,10,38000,四年,https://static-data.gaokao.cn/www/2.0/schoolspecialplan/1304/2024/31.json?a=www.gaokao.cn,data/shanghai/raw/plan_api/static/2024/1304.json,1
2024,综合,1304,上海外国语大学贤达经济人文学院,149151,02,不限,120203K,会计学,10,38000,四年,https://static-data.gaokao.cn/www/2.0/schoolspecialplan/1304/2024/31.json?a=www.gaokao.cn,data/shanghai/raw/plan_api/static/2024/1304.json,1
2024,综合,1304,上海外国语大学贤达经济人文学院,149151,02,不限,120902,酒店管理,10,38000,四年,https://static-data.gaokao.cn/www/2.0/schoolspecialplan/1304/2024/31.json?a=www.gaokao.cn,data/shanghai/raw/plan_api/static/2024/1304.json,1
2024,综合,1304,上海外国语大学贤达经济人文学院,148564,04,物理必选,020310T,金融科技,10,56000,四年,https://static-data.gaokao.cn/www/2.0/schoolspecialplan/1304/2024/31.json?a=www.gaokao.cn,data/shanghai/raw/plan_api/static/2024/1304.json,1
2024,综合,1304,上海外国语大学贤达经济人文学院,149151,02,不限,120901K,旅游管理,5,38000,四年,https://static-data.gaokao.cn/www/2.0/schoolspecialplan/1304/2024/31.json?a=www.gaokao.cn,data/shanghai/raw/plan_api/static/2024/1304.json,1
2024,综合,1329,三亚学院,149288,01,历史、思想政治(2科必选),030503,思想政治教育,2,33900,四年,https://static-data.gaokao.cn/www/2.0/schoolspecialplan/1329/2024/31.json?a=www.gaokao.cn,data/shanghai/raw/plan_api/static/2024/1329.json,0
2024,综合,1329,三亚学院,148618,03,不限,020401,国际经济与贸易,2,60000,四年,https://static-data.gaokao.cn/www/2.0/schoolspecialplan/1329/2024/31.json?a=www.gaokao.cn,data/shanghai/raw/plan_api/static/2024/1329.json,1
2024,综合,1329,三亚学院,148517,04,不限,030301,社会学,1,33900,四年,https://static-data.gaokao.cn/www/2.0/schoolspecialplan/1329/2024/31.json?a=www.gaokao.cn,data/shanghai/raw/plan_api/static/2024/1329.json,0
2024,综合,1329,三亚学院,148517,04,不限,030302,社会工作,1,33900,四年,https://static-data.gaokao.cn/www/2.0/schoolspecialplan/1329/2024/31.json?a=www.gaokao.cn,data/shanghai/raw/plan_api/static/2024/1329.json,0
2024,综合,1329,三亚学院,148517,04,不限,120903,会展经济与管理,1,31900,四年,https://static-data.gaokao.cn/www/2.0/schoolspecialplan/1329/2024/31.json?a=www.gaokao.cn,data/shanghai/raw/plan_api/static/2024/1329.json,0
2024,综合,1329,三亚学院,148517,04,不限,120901K,旅游管理,1,33900,四年,https://static-data.gaokao.cn/www/2.0/schoolspecialplan/1329/2024/31.json?a=www.gaokao.cn,data/shanghai/raw/plan_api/static/2024/1329.json,0
2024,综合,1329,三亚学院,148517,04,不限,050202,俄语,1,31900,四年,https://static-data.gaokao.cn/www/2.0/schoolspecialplan/1329/2024/31.json?a=www.gaokao.cn,data/shanghai/raw/plan_api/static/2024/1329.json,0
2024,综合,1329,三亚学院,148850,02,物理必选,020310T,金融科技,1,48000,四年,https://static-data.gaokao.cn/www/2.0/schoolspecialplan/1329/2024/31.json?a=www.gaokao.cn,data/shanghai/raw/plan_api/static/2024/1329.json,0
2024,综合,1329,三亚学院,148618,03,不限,020304,投资学,1,48000,四年,https://static-data.gaokao.cn/www/2.0/schoolspecialplan/1329/2024/31.json?a=www.gaokao.cn,data/shanghai/raw/plan_api/static/2024/1329.json,1
2024,综合,1329,三亚学院,148850,02,物理必选,020109T,数字经济,1,48000,四年,https://static-data.gaokao.cn/www/2.0/schoolspecialplan/1329/2024/31.json?a=www.gaokao.cn,data/shanghai/raw/plan_api/static/2024/1329.json,0
2024,综合,1403,无锡学院,149525,01,物理、化学(2科必选),082501,环境科学与工程,3,5800,四年,https://static-data.gaokao.cn/www/2.0/schoolspecialplan/1403/2024/31.json?a=www.gaokao.cn,data/shanghai/raw/plan_api/static/2024/1403.json,1
2024,综合,1403,无锡学院,149525,01,物理、化学(2科必选),080903,网络工程,2,5800,四年,https://static-data.gaokao.cn/www/2.0/schoolspecialplan/1403/2024/31.json?a=www.gaokao.cn,data/shanghai/raw/plan_api/static/2024/1403.json,1
2024,综合,1403,无锡学院,149525,01,物理、化学(2科必选),080901,计算机科学与技术,2,5800,四年,https://static-data.gaokao.cn/www/2.0/schoolspecialplan/1403/2024/31.json?a=www.gaokao.cn,data/shanghai/raw/plan_api/static/2024/1403.json,1
2024,综合,1403,无锡学院,149525,01,物理、化学(2科必选),080702,电子科学与技术,2,5800,四年,https://static-data.gaokao.cn/www/2.0/schoolspecialplan/1403/2024/31.json?a=www.gaokao.cn,data/shanghai/raw/plan_api/static/2024/1403.json,1
2024,综合,1403,无锡学院,149525,01,物理、化学(2科必选),080601,电气工程及其自动化,2,5800,四年,https://static-data.gaokao.cn/www/2.0/schoolspecialplan/1403/2024/31.json?a=www.gaokao.cn,data/shanghai/raw/plan_api/static/2024/1403.json,1
2024,综合,1403,无锡学院,149525,01,物理、化学(2科必选),080905,物联网工程,1,5800,四年,https://static-data.gaokao.cn/www/2.0/schoolspecialplan/1403/2024/31.json?a=www.gaokao.cn,data/shanghai/raw/plan_api/static/2024/1403.json,1
2024,综合,1403,无锡学院,149525,01,物理、化学(2科必选),070601,大气科学,1,5500,四年,https://static-data.gaokao.cn/www/2.0/schoolspecialplan/1403/2024/31.json?a=www.gaokao.cn,data/shanghai/raw/plan_api/static/2024/1403.json,1
2024,综合,1403,无锡学院,149004,02,不限,120204,财务管理,2,5200,四年,https://static-data.gaokao.cn/www/2.0/schoolspecialplan/1403/2024/31.json?a=www.gaokao.cn,data/shanghai/raw/plan_api/static/2024/1403.json,1
2024,综合,1403,无锡学院,149004,02,不限,120203K,会计学,2,5200,四年,https://static-data.gaokao.cn/www/2.0/schoolspecialplan/1403/2024/31.json?a=www.gaokao.cn,data/shanghai/raw/plan_api/static/2024/1403.json,1
2024,综合,1403,无锡学院,149004,02,不限,020401,国际经济与贸易,1,5200,四年,https://static-data.gaokao.cn/www/2.0/schoolspecialplan/1403/2024/31.json?a=www.gaokao.cn,data/shanghai/raw/plan_api/static/2024/1403.json,1
2024,综合,1403,无锡学院,149004,02,不限,030101K,法学,1,5200,四年,https://static-data.gaokao.cn/www/2.0/schoolspecialplan/1403/2024/31.json?a=www.gaokao.cn,data/shanghai/raw/plan_api/static/2024/1403.json,1
2024,综合,1469,上海视觉艺术学院,149724,01,不限,120210,文化产业管理,15,30000,四年,https://static-data.gaokao.cn/www/2.0/schoolspecialplan/1469/2024/31.json?a=www.gaokao.cn,data/shanghai/raw/plan_api/static/2024/1469.json,1
2024,综合,1469,上海视觉艺术学院,148440,Q2,不限,130304,戏剧影视文学,19,50000,四年,https://static-data.gaokao.cn/www/2.0/schoolspecialplan/1469/2024/31.json?a=www.gaokao.cn,data/shanghai/raw/plan_api/static/2024/1469.json,0
2024,综合,1469,上海视觉艺术学院,148440,Q2,不限,130305,广播电视编导,8,50000,四年,https://static-data.gaokao.cn/www/2.0/schoolspecialplan/1469/2024/31.json?a=www.gaokao.cn,data/shanghai/raw/plan_api/static/2024/1469.json,0
2024,综合,1476,重庆移通学院,149273,01,物理、化学(2科必选),080601,电气工程及其自动化,2,45000,四年,https://static-data.gaokao.cn/www/2.0/schoolspecialplan/1476/2024/31.json?a=www.gaokao.cn,data/shanghai/raw/plan_api/static/2024/1476.json,1
2024,综合,1476,重庆移通学院,148839,02,不限,020309T,互联网金融,3,15000,四年,https://static-data.gaokao.cn/www/2.0/schoolspecialplan/1476/2024/31.json?a=www.gaokao.cn,data/shanghai/raw/plan_api/static/2024/1476.json,1
2024,综合,1518,河南城建学院,149373,01,不限,082802,城乡规划,5,5000,五年,https://static-data.gaokao.cn/www/2.0/schoolspecialplan/1518/2024/31.json?a=www.gaokao.cn,data/shanghai/raw/plan_api/static/2024/1518.json,1
2024,综合,1518,河南城建学院,148903,02,不限,120204,财务管理,5,4400,四年,https://static-data.gaokao.cn/www/2.0/schoolspecialplan/1518/2024/31.json?a=www.gaokao.cn,data/shanghai/raw/plan_api/static/2024/1518.json,1
2024,综合,1544,南通理工学院,149012,02,不限,120202,市场营销,4,22500,四年,https://static-data.gaokao.cn/www/2.0/schoolspecialplan/1544/2024/31.json?a=www.gaokao.cn,data/shanghai/raw/plan_api/static/2024/1544.json,1
2024,综合,1544,南通理工学院,149012,02,不限,120902,酒店管理,4,22500,四年,https://static-data.gaokao.cn/www/2.0/schoolspecialplan/1544/2024/31.json?a=www.gaokao.cn,data/shanghai/raw/plan_api/static/2024/1544.json,1
2024,综合,1544,南通理工学院,149012,02,不限,120204,财务管理,4,25000,四年,https://static-data.gaokao.cn/www/2.0/schoolspecialplan/1544/2024/31.json?a=www.gaokao.cn,data/shanghai/raw/plan_api/static/2024/1544.json,1
2024,综合,1549,大连财经学院,149596,01,物理必选,120105,工程造价,1,29000,四年,https://static-data.gaokao.cn/www/2.0/schoolspecialplan/1549/2024/31.json?a=www.gaokao.cn,data/shanghai/raw/plan_api/static/2024/1549.json,1
2024,综合,1549,大连财经学院,149596,01,物理必选,120108T,大数据管理与应用,1,29000,四年,https://static-data.gaokao.cn/www/2.0/schoolspecialplan/1549/2024/31.json?a=www.gaokao.cn,data/shanghai/raw/plan_api/static/2024/1549.json,1
2024,综合,1549,大连财经学院,149596,01,物理必选,020109T,数字经济,1,29000,四年,https://static-data.gaokao.cn/www/2.0/schoolspecialplan/1549/2024/31.json?a=www.gaokao.cn,data/shanghai/raw/plan_api/static/2024/1549.json,1
2024,综合,1549,大连财经学院,149056,02,不限,020301K,金融学,1,29000,四年,https://static-data.gaokao.cn/www/2.0/schoolspecialplan/1549/2024/31.json?a=www.gaokao.cn,data/shanghai/raw/plan_api/static/2024/1549.json,1
2024,综合,1549,大连财经学院,149056,02,不限,120203K,会计学,1,29000,四年,https://static-data.gaokao.cn/www/2.0/schoolspecialplan/1549/2024/31.json?a=www.gaokao.cn,data/shanghai/raw/plan_api/static/2024/1549.json,1
2024,综合,1549,大连财经学院,149056,02,不限,030101K,法学,1,29000,四年,https://static-data.gaokao.cn/www/2.0/schoolspecialplan/1549/2024/31.json?a=www.gaokao.cn,data/shanghai/raw/plan_api/static/2024/1549.json,1
2024,综合,1549,大连财经学院,149056,02,不限,020304,投资学,1,29000,四年,https://static-data.gaokao.cn/www/2.0/schoolspecialplan/1549/2024/31.json?a=www.gaokao.cn,data/shanghai/raw/plan_api/static/2024/1549.json,1
2024,综合,1549,大连财经学院,149056,02,不限,050102,汉语言,1,29000,四年,https://static-data.gaokao.cn/www/2.0/schoolspecialplan/1549/2024/31.json?a=www.gaokao.cn,data/shanghai/raw/plan_api/static/2024/1549.json,1
2024,综合,1549,大连财经学院,149056,02,不限,020309T,互联网金融,1,29000,四年,https://static-data.gaokao.cn/www/2.0/schoolspecialplan/1549/2024/31.json?a=www.gaokao.cn,data/shanghai/raw/plan_api/static/2024/1549.json,1
2024,综合,1549,大连财经学院,149056,02,不限,120803T,跨境电子商务,1,29000,四年,https://static-data.gaokao.cn/www/2.0/schoolspecialplan/1549/2024/31.json?a=www.gaokao.cn,data/shanghai/raw/plan_api/static/2024/1549.json,1
2024,综合,1604,吉林工商学院,149580,01,物理、化学(2科必选),080901,计算机科学与技术,1,5400,四年,https://static-data.gaokao.cn/www/2.0/schoolspecialplan/1604/2024/31.json?a=www.gaokao.cn,data/shanghai/raw/plan_api/static/2024/1604.json,1
2024,综合,1604,吉林工商学院,149047,02,不限,020301K,金融学,2,5280,四年,https://static-data.gaokao.cn/www/2.0/schoolspecialplan/1604/2024/31.json?a=www.gaokao.cn,data/shanghai/raw/plan_api/static/2024/1604.json,1
2024,综合,1604,吉林工商学院,149047,02,不限,120201K,工商管理,1,4800,四年,https://static-data.gaokao.cn/www/2.0/schoolspecialplan/1604/2024/31.json?a=www.gaokao.cn,data/shanghai/raw/plan_api/static/2024/1604.json,1
2024,综合,1604,吉林工商学院,149047,02,不限,120203K,会计学,1,7000,四年,https://static-data.gaokao.cn/www/2.0/schoolspecialplan/1604/2024/31.json?a=www.gaokao.cn,data/shanghai/raw/plan_api/static/2024/1604.json,1
2024,综合,1604,吉林工商学院,149047,02,不限,020101,经济学,1,4800,四年,https://static-data.gaokao.cn/www/2.0/schoolspecialplan/1604/2024/31.json?a=www.gaokao.cn,data/shanghai/raw/plan_api/static/2024/1604.json,1
2024,综合,1604,吉林工商学院,149047,02,不限,120208,资产评估,1,4800,四年,https://static-data.gaokao.cn/www/2.0/schoolspecialplan/1604/2024/31.json?a=www.gaokao.cn,data/shanghai/raw/plan_api/static/2024/1604.json,1
2024,综合,1638,吕梁学院,149629,01,物理、化学(2科必选),080901,计算机科学与技术,2,4950,四年,https://static-data.gaokao.cn/www/2.0/schoolspecialplan/1638/2024/31.json?a=www.gaokao.cn,data/shanghai/raw/plan_api/static/2024/1638.json,1
2024,综合,1638,吕梁学院,149629,01,物理、化学(2科必选),081302,制药工程,1,5280,四年,https://static-data.gaokao.cn/www/2.0/schoolspecialplan/1638/2024/31.json?a=www.gaokao.cn,data/shanghai/raw/plan_api/static/2024/1638.json,1
2024,综合,1638,吕梁学院,149078,02,历史必选,050101,汉语言文学,1,4950,四年,https://static-data.gaokao.cn/www/2.0/schoolspecialplan/1638/2024/31.json?a=www.gaokao.cn,data/shanghai/raw/plan_api/static/2024/1638.json,1
2024,综合,1638,吕梁学院,149078,02,历史必选,050301,新闻学,1,4950,四年,https://static-data.gaokao.cn/www/2.0/schoolspecialplan/1638/2024/31.json?a=www.gaokao.cn,data/shanghai/raw/plan_api/static/2024/1638.json,1
2024,综合,1919,新乡学院,149369,01,物理、化学(2科必选),080217T,增材制造工程,2,5000,四年,https://static-data.gaokao.cn/www/2.0/schoolspecialplan/1919/2024/31.json?a=www.gaokao.cn,data/shanghai/raw/plan_api/static/2024/1919.json,1
2024,综合,1919,新乡学院,149369,01,物理、化学(2科必选),080803T,机器人工程,1,5000,四年,https://static-data.gaokao.cn/www/2.0/schoolspecialplan/1919/2024/31.json?a=www.gaokao.cn,data/shanghai/raw/plan_api/static/2024/1919.json,1
2024,综合,2093,济宁学院,149404,01,物理、化学(2科必选),083002T,生物制药,5,5500,四年,https://static-data.gaokao.cn/www/2.0/schoolspecialplan/2093/2024/31.json?a=www.gaokao.cn,data/shanghai/raw/plan_api/static/2024/2093.json,1
2024,综合,2093,济宁学院,148919,02,不限,050101,汉语言文学,5,4400,四年,https://static-data.gaokao.cn/www/2.0/schoolspecialplan/2093/2024/31.json?a=www.gaokao.cn,data/shanghai/raw/plan_api/static/2024/2093.json,1
2024,综合,2135,齐鲁医药学院,149403,01,物理、化学(2科必选),100201K,临床医学,2,22500,五年,https://static-data.gaokao.cn/www/2.0/schoolspecialplan/2135/2024/31.json?a=www.gaokao.cn,data/shanghai/raw/plan_api/static/2024/2135.json,1
2024,综合,2135,齐鲁医药学院,149403,01,物理、化学(2科必选),083002T,生物制药,2,18500,四年,https://static-data.gaokao.cn/www/2.0/schoolspecialplan/2135/2024/31.json?a=www.gaokao.cn,data/shanghai/raw/plan_api/static/2024/2135.json,1
2024,综合,2135,齐鲁医药学院,149403,01,物理、化学(2科必选),082701,食品科学与工程,1,17500,四年,https://static-data.gaokao.cn/www/2.0/schoolspecialplan/2135/2024/31.json?a=www.gaokao.cn,data/shanghai/raw/plan_api/static/2024/2135.json,1
2024,综合,2135,齐鲁医药学院,149403,01,物理、化学(2科必选),100702,药物制剂,1,19000,四年,https://static-data.gaokao.cn/www/2.0/schoolspecialplan/2135/2024/31.json?a=www.gaokao.cn,data/shanghai/raw/plan_api/static/2024/2135.json,1
2024,综合,2135,齐鲁医药学院,149403,01,物理、化学(2科必选),100301K,口腔医学,1,29800,五年,https://static-data.gaokao.cn/www/2.0/schoolspecialplan/2135/2024/31.json?a=www.gaokao.cn,data/shanghai/raw/plan_api/static/2024/2135.json,1
2024,综合,2135,齐鲁医药学院,148918,02,化学必选,101101K,护理学,2,19000,四年,https://static-data.gaokao.cn/www/2.0/schoolspecialplan/2135/2024/31.json?a=www.gaokao.cn,data/shanghai/raw/plan_api/static/2024/2135.json,1
2024,综合,2135,齐鲁医药学院,148918,02,化学必选,101102TK,助产学,1,19000,四年,https://static-data.gaokao.cn/www/2.0/schoolspecialplan/2135/2024/31.json?a=www.gaokao.cn,data/shanghai/raw/plan_api/static/2024/2135.json,1
2024,综合,2314,长春财经学院,149583,01,不限,020301K,金融学,2,26800,四年,https://static-data.gaokao.cn/www/2.0/schoolspecialplan/2314/2024/31.json?a=www.gaokao.cn,data/shanghai/raw/plan_api/static/2024/2314.json,1
2024,综合,2346,辽宁何氏医学院,149595,01,物理、化学(2科必选),100201K,临床医学,4,29000,五年,https://static-data.gaokao.cn/www/2.0/schoolspecialplan/2346/2024/31.json?a=www.gaokao.cn,data/shanghai/raw/plan_api/static/2024/2346.json,1
2024,综合,2346,辽宁何氏医学院,149595,01,物理、化学(2科必选),101004,眼视光学,4,29000,四年,https://static-data.gaokao.cn/www/2.0/schoolspecialplan/2346/2024/31.json?a=www.gaokao.cn,data/shanghai/raw/plan_api/static/2024/2346.json,1
2024,综合,2346,辽宁何氏医学院,149595,01,物理、化学(2科必选),100701,药学,3,29000,四年,https://static-data.gaokao.cn/www/2.0/schoolspecialplan/2346/2024/31.json?a=www.gaokao.cn,data/shanghai/raw/plan_api/static/2024/2346.json,1
2024,综合,2346,辽宁何氏医学院,149595,01,物理、化学(2科必选),082601,生物医学工程,2,29000,四年,https://static-data.gaokao.cn/www/2.0/schoolspecialplan/2346/2024/31.json?a=www.gaokao.cn,data/shanghai/raw/plan_api/static/2024/2346.json,1
2024,综合,2346,辽宁何氏医学院,149595,01,物理、化学(2科必选),101011T,智能医学工程,2,29000,四年,https://static-data.gaokao.cn/www/2.0/schoolspecialplan/2346/2024/31.json?a=www.gaokao.cn,data/shanghai/raw/plan_api/static/2024/2346.json,1
2024,综合,2391,湖州学院,149498,01,不限,050101,汉语言文学,10,5500,四年,https://static-data.gaokao.cn/www/2.0/schoolspecialplan/2391/2024/31.json?a=www.gaokao.cn,data/shanghai/raw/plan_api/static/2024/2391.json,1
2024,综合,2391,湖州学院,149498,01,不限,050303,广告学,10,4800,四年,https://static-data.gaokao.cn/www/2.0/schoolspecialplan/2391/2024/31.json?a=www.gaokao.cn,data/shanghai/raw/plan_api/static/2024/2391.json,1
2024,综合,2391,湖州学院,149498,01,不限,120803T,跨境电子商务,10,4800,四年,https://static-data.gaokao.cn/www/2.0/schoolspecialplan/2391/2024/31.json?a=www.gaokao.cn,data/shanghai/raw/plan_api/static/2024/2391.json,1
2024,综合,2391,湖州学院,149498,01,不限,120604T,供应链管理,10,4800,四年,https://static-data.gaokao.cn/www/2.0/schoolspecialplan/2391/2024/31.json?a=www.gaokao.cn,data/shanghai/raw/plan_api/static/2024/2391.json,1
2024,综合,2391,湖州学院,149498,01,不限,050306T,网络与新媒体,5,4800,四年,https://static-data.gaokao.cn/www/2.0/schoolspecialplan/2391/2024/31.json?a=www.gaokao.cn,data/shanghai/raw/plan_api/static/2024/2391.json,1
2024,综合,2391,湖州学院,149498,01,不限,120904T,旅游管理与服务教育,5,4800,四年,https://static-data.gaokao.cn/www/2.0/schoolspecialplan/2391/2024/31.json?a=www.gaokao.cn,data/shanghai/raw/plan_api/static/2024/2391.json,1
2024,综合,2432,赣东学院,149433,01,不限,020401,国际经济与贸易,2,3880,四年,https://static-data.gaokao.cn/www/2.0/schoolspecialplan/2432/2024/31.json?a=www.gaokao.cn,data/shanghai/raw/plan_api/static/2024/2432.json,1
2024,综合,2432,赣东学院,149433,01,不限,120203K,会计学,2,3880,四年,https://static-data.gaokao.cn/www/2.0/schoolspecialplan/2432/2024/31.json?a=www.gaokao.cn,data/shanghai/raw/plan_api/static/2024/2432.json,1
2024,综合,2432,赣东学院,149433,01,不限,120204,财务管理,2,3880,四年,https://static-data.gaokao.cn/www/2.0/schoolspecialplan/2432/2024/31.json?a=www.gaokao.cn,data/shanghai/raw/plan_api/static/2024/2432.json,1
2024,综合,2432,赣东学院,149433,01,不限,030101K,法学,2,3880,四年,https://static-data.gaokao.cn/www/2.0/schoolspecialplan/2432/2024/31.json?a=www.gaokao.cn,data/shanghai/raw/plan_api/static/2024/2432.json,1
2024,综合,2432,赣东学院,149433,01,不限,050306T,网络与新媒体,2,3880,四年,https://static-data.gaokao.cn/www/2.0/schoolspecialplan/2432/2024/31.json?a=www.gaokao.cn,data/shanghai/raw/plan_api/static/2024/2432.json,1
2024,综合,2459,武汉文理学院,149348,01,物理、化学(2科必选),080701,电子信息工程,1,17000,四年,https://static-data.gaokao.cn/www/2.0/schoolspecialplan/2459/2024/31.json?a=www.gaokao.cn,data/shanghai/raw/plan_api/static/2024/2459.json,1
2024,综合,2459,武汉文理学院,149348,01,物理、化学(2科必选),101003,医学影像技术,1,23000,四年,https://static-data.gaokao.cn/www/2.0/schoolspecialplan/2459/2024/31.json?a=www.gaokao.cn,data/shanghai/raw/plan_api/static/2024/2459.json,1
2024,综合,2459,武汉文理学院,149348,01,物理、化学(2科必选),080202,机械设计制造及其自动化,1,18000,四年,https://static-data.gaokao.cn/www/2.0/schoolspecialplan/2459/2024/31.json?a=www.gaokao.cn,data/shanghai/raw/plan_api/static/2024/2459.json,1
2024,综合,2459,武汉文理学院,149348,01,物理、化学(2科必选),101006,口腔医学技术,1,23000,四年,https://static-data.gaokao.cn/www/2.0/schoolspecialplan/2459/2024/31.json?a=www.gaokao.cn,data/shanghai/raw/plan_api/static/2024/2459.json,1
2024,综合,2459,武汉文理学院,148888,02,不限,030101K,法学,2,18700,四年,https://static-data.gaokao.cn/www/2.0/schoolspecialplan/2459/2024/31.json?a=www.gaokao.cn,data/shanghai/raw/plan_api/static/2024/2459.json,1
2024,综合,2459,武汉文理学院,148888,02,不限,040106,学前教育,2,20000,四年,https://static-data.gaokao.cn/www/2.0/schoolspecialplan/2459/2024/31.json?a=www.gaokao.cn,data/shanghai/raw/plan_api/static/2024/2459.json,1
2024,综合,2487,新疆理工学院,149187,01,物理、化学(2科必选),080601,电气工程及其自动化,1,3500,四年,https://static-data.gaokao.cn/www/2.0/schoolspecialplan/2487/2024/31.json?a=www.gaokao.cn,data/shanghai/raw/plan_api/static/2024/2487.json,1
2024,综合,2487,新疆理工学院,149187,01,物理、化学(2科必选),080703,通信工程,1,3500,四年,https://static-data.gaokao.cn/www/2.0/schoolspecialplan/2487/2024/31.json?a=www.gaokao.cn,data/shanghai/raw/plan_api/static/2024/2487.json,1
2024,综合,2487,新疆理工学院,149187,01,物理、化学(2科必选),080906,数字媒体技术,1,3500,四年,https://static-data.gaokao.cn/www/2.0/schoolspecialplan/2487/2024/31.json?a=www.gaokao.cn,data/shanghai/raw/plan_api/static/2024/2487.json,1
2024,综合,2487,新疆理工学院,149187,01,物理、化学(2科必选),080711T,医学信息工程,1,3500,四年,https://static-data.gaokao.cn/www/2.0/schoolspecialplan/2487/2024/31.json?a=www.gaokao.cn,data/shanghai/raw/plan_api/static/2024/2487.json,1
2024,综合,2487,新疆理工学院,148785,02,物理必选,120103,工程管理,1,3500,四年,https://static-data.gaokao.cn/www/2.0/schoolspecialplan/2487/2024/31.json?a=www.gaokao.cn,data/shanghai/raw/plan_api/static/2024/2487.json,1
2024,综合,2491,成都大学,149251,01,物理、化学(2科必选),080701,电子信息工程,2,5980,四年,https://static-data.gaokao.cn/www/2.0/schoolspecialplan/2491/2024/31.json?a=www.gaokao.cn,data/shanghai/raw/plan_api/static/2024/2491.json,1
2024,综合,2491,成都大学,149251,01,物理、化学(2科必选),080902,软件工程,2,5980,四年,https://static-data.gaokao.cn/www/2.0/schoolspecialplan/2491/2024/31.json?a=www.gaokao.cn,data/shanghai/raw/plan_api/static/2024/2491.json,1
2024,综合,2491,成都大学,148825,02,历史必选,050101,汉语言文学,2,5520,四年,https://static-data.gaokao.cn/www/2.0/schoolspecialplan/2491/2024/31.json?a=www.gaokao.cn,data/shanghai/raw/plan_api/static/2024/2491.json,1
2024,综合,2491,成都大学,148603,03,不限,120203K,会计学,2,5520,四年,https://static-data.gaokao.cn/www/2.0/schoolspecialplan/2491/2024/31.json?a=www.gaokao.cn,data/shanghai/raw/plan_api/static/2024/2491.json,1
2024,综合,2494,四川传媒学院,149180,01,物理、化学(2科必选),080707T,广播电视工程,1,18020,四年,https://static-data.gaokao.cn/www/2.0/schoolspecialplan/2494/2024/31.json?a=www.gaokao.cn,data/shanghai/raw/plan_api/static/2024/2494.json,1
2024,综合,2494,四川传媒学院,149180,01,物理、化学(2科必选),080913T,电影制作,1,17000,四年,https://static-data.gaokao.cn/www/2.0/schoolspecialplan/2494/2024/31.json?a=www.gaokao.cn,data/shanghai/raw/plan_api/static/2024/2494.json,1
2024,综合,2494,四川传媒学院,148782,02,不限,050301,新闻学,2,18020,四年,https://static-data.gaokao.cn/www/2.0/schoolspecialplan/2494/2024/31.json?a=www.gaokao.cn,data/shanghai/raw/plan_api/static/2024/2494.json,1
2024,综合,2494,四川传媒学院,148587,03,不限,130305,广播电视编导,2,20000,四年,https://static-data.gaokao.cn/www/2.0/schoolspecialplan/2494/2024/31.json?a=www.gaokao.cn,data/shanghai/raw/plan_api/static/2024/2494.json,1
2024,综合,2494,四川传媒学院,148782,02,不限,050107T,秘书学,1,18020,四年,https://static-data.gaokao.cn/www/2.0/schoolspecialplan/2494/2024/31.json?a=www.gaokao.cn,data/shanghai/raw/plan_api/static/2024/2494.json,1
2024,综合,2523,滇池学院,149243,01,物理、化学(2科必选),080902,软件工程,2,22000,四年,https://static-data.gaokao.cn/www/2.0/schoolspecialplan/2523/2024/31.json?a=www.gaokao.cn,data/shanghai/raw/plan_api/static/2024/2523.json,1
2024,综合,2523,滇池学院,148602,03,不限,030101K,法学,2,22000,四年,https://static-data.gaokao.cn/www/2.0/schoolspecialplan/2523/2024/31.json?a=www.gaokao.cn,data/shanghai/raw/plan_api/static/2024/2523.json,0
2024,综合,2523,滇池学院,148602,03,不限,050201,英语,2,20000,四年,https://static-data.gaokao.cn/www/2.0/schoolspecialplan/2523/2024/31.json?a=www.gaokao.cn,data/shanghai/raw/plan_api/static/2024/2523.json,0
2024,综合,2523,滇池学院,148602,03,不限,020301K,金融学,1,22000,四年,https://static-data.gaokao.cn/www/2.0/schoolspecialplan/2523/2024/31.json?a=www.gaokao.cn,data/shanghai/raw/plan_api/static/2024/2523.json,0
2024,综合,2523,滇池学院,148602,03,不限,020401,国际经济与贸易,1,22000,四年,https://static-data.gaokao.cn/www/2.0/schoolspecialplan/2523/2024/31.json?a=www.gaokao.cn,data/shanghai/raw/plan_api/static/2024/2523.json,0
2024,综合,2523,滇池学院,148602,03,不限,030302,社会工作,1,22000,四年,https://static-data.gaokao.cn/www/2.0/schoolspecialplan/2523/2024/31.json?a=www.gaokao.cn,data/shanghai/raw/plan_api/static/2024/2523.json,0
2024,综合,2523,滇池学院,148821,02,历史必选,050101,汉语言文学,1,20000,四年,https://static-data.gaokao.cn/www/2.0/schoolspecialplan/2523/2024/31.json?a=www.gaokao.cn,data/shanghai/raw/plan_api/static/2024/2523.json,0
2024,综合,2523,滇池学院,148602,03,不限,120201K,工商管理,1,22000,四年,https://static-data.gaokao.cn/www/2.0/schoolspecialplan/2523/2024/31.json?a=www.gaokao.cn,data/shanghai/raw/plan_api/static/2024/2523.json,0
2024,综合,2523,滇池学院,148602,03,不限,120206,人力资源管理,1,22000,四年,https://static-data.gaokao.cn/www/2.0/schoolspecialplan/2523/2024/31.json?a=www.gaokao.cn,data/shanghai/raw/plan_api/static/2024/2523.json,0
2024,综合,2543,南京传媒学院,149529,01,不限,130305,广播电视编导,12,25000,四年,https://static-data.gaokao.cn/www/2.0/schoolspecialplan/2543/2024/31.json?a=www.gaokao.cn,data/shanghai/raw/plan_api/static/2024/2543.json,1
2024,综合,2543,南京传媒学院,149529,01,不限,050308T,时尚传播,4,18200,四年,https://static-data.gaokao.cn/www/2.0/schoolspecialplan/2543/2024/31.json?a=www.gaokao.cn,data/shanghai/raw/plan_api/static/2024/2543.json,1
2024,综合,2543,南京传媒学院,149529,01,不限,130304,戏剧影视文学,2,21400,四年,https://static-data.gaokao.cn/www/2.0/schoolspecialplan/2543/2024/31.json?a=www.gaokao.cn,data/shanghai/raw/plan_api/static/2024/2543.json,1
2024,综合,2543,南京传媒学院,149529,01,不限,120210,文化产业管理,2,18200,四年,https://static-data.gaokao.cn/www/2.0/schoolspecialplan/2543/2024/31.json?a=www.gaokao.cn,data/shanghai/raw/plan_api/static/2024/2543.json,1
2024,综合,2543,南京传媒学院,149529,01,不限,0503,新闻传播学类,2,18200,四年,https://static-data.gaokao.cn/www/2.0/schoolspecialplan/2543/2024/31.json?a=www.gaokao.cn,data/shanghai/raw/plan_api/static/2024/2543.json,1
2024,综合,2543,南京传媒学院,149529,01,不限,130303,电影学,2,21400,四年,https://static-data.gaokao.cn/www/2.0/schoolspecialplan/2543/2024/31.json?a=www.gaokao.cn,data/shanghai/raw/plan_api/static/2024/2543.json,1
2024,综合,2543,南京传媒学院,149529,01,不限,050309T,国际新闻与传播,2,18200,四年,https://static-data.gaokao.cn/www/2.0/schoolspecialplan/2543/2024/31.json?a=www.gaokao.cn,data/shanghai/raw/plan_api/static/2024/2543.json,1
2024,综合,2543,南京传媒学院,149529,01,不限,120803T,跨境电子商务,2,18200,四年,https://static-data.gaokao.cn/www/2.0/schoolspecialplan/2543/2024/31.json?a=www.gaokao.cn,data/shanghai/raw/plan_api/static/2024/2543.json,1
2024,综合,2543,南京传媒学院,149008,02,不限,130305,广播电视编导,8,27600,四年,https://static-data.gaokao.cn/www/2.0/schoolspecialplan/2543/2024/31.json?a=www.gaokao.cn,data/shanghai/raw/plan_api/static/2024/2543.json,1
2024,综合,2604,衢州学院,149488,01,物理、化学(2科必选),080407,高分子材料与工程,2,5500,四年,https://static-data.gaokao.cn/www/2.0/schoolspecialplan/2604/2024/31.json?a=www.gaokao.cn,data/shanghai/raw/plan_api/static/2024/2604.json,1
2024,综合,2604,衢州学院,149488,01,物理、化学(2科必选),080803T,机器人工程,2,5500,四年,https://static-data.gaokao.cn/www/2.0/schoolspecialplan/2604/2024/31.json?a=www.gaokao.cn,data/shanghai/raw/plan_api/static/2024/2604.json,1
2024,综合,2604,衢州学院,148977,02,物理必选,020309T,互联网金融,3,4800,四年,https://static-data.gaokao.cn/www/2.0/schoolspecialplan/2604/2024/31.json?a=www.gaokao.cn,data/shanghai/raw/plan_api/static/2024/2604.json,1
2024,综合,2631,新疆政法学院,149191,01,物理、化学(2科必选),080901,计算机科学与技术,2,3500,四年,https://static-data.gaokao.cn/www/2.0/schoolspecialplan/2631/2024/31.json?a=www.gaokao.cn,data/shanghai/raw/plan_api/static/2024/2631.json,1
2024,综合,2631,新疆政法学院,148787,02,不限,030101K,法学,2,3100,四年,https://static-data.gaokao.cn/www/2.0/schoolspecialplan/2631/2024/31.json?a=www.gaokao.cn,data/shanghai/raw/plan_api/static/2024/2631.json,1
2024,综合,2631,新疆政法学院,148787,02,不限,120201K,工商管理,2,3200,四年,https://static-data.gaokao.cn/www/2.0/schoolspecialplan/2631/2024/31.json?a=www.gaokao.cn,data/shanghai/raw/plan_api/static/2024/2631.json,1
2024,综合,2889,南昌师范学院,149425,01,不限,120801,电子商务,2,3880,四年,https://static-data.gaokao.cn/www/2.0/schoolspecialplan/2889/2024/31.json?a=www.gaokao.cn,data/shanghai/raw/plan_api/static/2024/2889.json,1
2024,综合,3188,温州肯恩大学,149493,01,不限,020301K,金融学,3,75000,四年,https://static-data.gaokao.cn/www/2.0/schoolspecialplan/3188/2024/31.json?a=www.gaokao.cn,data/shanghai/raw/plan_api/static/2024/3188.json,1
2024,综合,3188,温州肯恩大学,149493,01,不限,120203K,会计学,3,75000,四年,https://static-data.gaokao.cn/www/2.0/schoolspecialplan/3188/2024/31.json?a=www.gaokao.cn,data/shanghai/raw/plan_api/static/2024/3188.json,1
2024,综合,3188,温州肯恩大学,149493,01,不限,120205,国际商务,2,75000,四年,https://static-data.gaokao.cn/www/2.0/schoolspecialplan/3188/2024/31.json?a=www.gaokao.cn,data/shanghai/raw/plan_api/static/2024/3188.json,1
2024,综合,3188,温州肯恩大学,149493,01,不限,071101,心理学,2,75000,四年,https://static-data.gaokao.cn/www/2.0/schoolspecialplan/3188/2024/31.json?a=www.gaokao.cn,data/shanghai/raw/plan_api/static/2024/3188.json,1
2024,综合,3188,温州肯恩大学,149493,01,不限,020101,经济学,2,75000,四年,https://static-data.gaokao.cn/www/2.0/schoolspecialplan/3188/2024/31.json?a=www.gaokao.cn,data/shanghai/raw/plan_api/static/2024/3188.json,1
2024,综合,3188,温州肯恩大学,149493,01,不限,050304,传播学,1,75000,四年,https://static-data.gaokao.cn/www/2.0/schoolspecialplan/3188/2024/31.json?a=www.gaokao.cn,data/shanghai/raw/plan_api/static/2024/3188.json,1
2024,综合,3427,复旦大学上海医学院,149748,01,物理、化学(2科必选),100201K,临床医学,5,7400,八年,https://static-data.gaokao.cn/www/2.0/schoolspecialplan/3427/2024/31.json?a=www.gaokao.cn,data/shanghai/raw/plan_api/static/2024/3427.json,1
2024,综合,3427,复旦大学上海医学院,148442,Q2,生物必选,101101K,护理学,20,7400,四年,https://static-data.gaokao.cn/www/2.0/schoolspecialplan/3427/2024/31.json?a=www.gaokao.cn,data/shanghai/raw/plan_api/static/2024/3427.json,0
2024,综合,3731,青海理工学院,211692,02,物理必选,020109T,数字经济,2,4500,4,https://static-data.gaokao.cn/www/2.0/schoolspecialplan/3731/2024/31.json?a=www.gaokao.cn,data/shanghai/raw/plan_api/static/2024/3731.json,1
2024,综合,3731,青海理工学院,211692,02,物理必选,020101,经济学,2,4500,4,https://static-data.gaokao.cn/www/2.0/schoolspecialplan/3731/2024/31.json?a=www.gaokao.cn,data/shanghai/raw/plan_api/static/2024/3731.json,1
2024,综合,3731,青海理工学院,211692,02,物理必选,020310T,金融科技,2,4500,4,https://static-data.gaokao.cn/www/2.0/schoolspecialplan/3731/2024/31.json?a=www.gaokao.cn,data/shanghai/raw/plan_api/static/2024/3731.json,1
2024,综合,3731,青海理工学院,211696,01,物理、化学(2科必选),080401,材料科学与工程,2,5200,4,https://static-data.gaokao.cn/www/2.0/schoolspecialplan/3731/2024/31.json?a=www.gaokao.cn,data/shanghai/raw/plan_api/static/2024/3731.json,1
2024,综合,3731,青海理工学院,211696,01,物理、化学(2科必选),081202,遥感科学与技术,2,5200,4,https://static-data.gaokao.cn/www/2.0/schoolspecialplan/3731/2024/31.json?a=www.gaokao.cn,data/shanghai/raw/plan_api/static/2024/3731.json,1
