year,subject_category,school_code,school_name,special_group,sg_name,sg_info,major_code,major_name,plan_count,tuition,duration,source_url,source_file,matched_official_group
2023,综合,33,大连海事大学,107460,01,物理必选,0802,机械类,4,5200,四年,https://static-data.gaokao.cn/www/2.0/schoolspecialplan/33/2023/31.json?a=www.gaokao.cn,data/shanghai/raw/plan_api/static/2023/33.json,1
2023,综合,33,大连海事大学,107460,01,物理必选,0809,计算机类,4,5200,四年,https://static-data.gaokao.cn/www/2.0/schoolspecialplan/33/2023/31.json?a=www.gaokao.cn,data/shanghai/raw/plan_api/static/2023/33.json,1
2023,综合,33,大连海事大学,107460,01,物理必选,0818,交通运输类,4,5980,四年,https://static-data.gaokao.cn/www/2.0/schoolspecialplan/33/2023/31.json?a=www.gaokao.cn,data/shanghai/raw/plan_api/static/2023/33.json,1
2023,综合,33,大连海事大学,107460,01,物理必选,0701,数学类,3,5200,四年,https://static-data.gaokao.cn/www/2.0/schoolspecialplan/33/2023/31.json?a=www.gaokao.cn,data/shanghai/raw/plan_api/static/2023/33.json,1
2023,综合,33,大连海事大学,107460,01,物理必选,0807,电子信息类,3,5980,四年,https://static-data.gaokao.cn/www/2.0/schoolspecialplan/33/2023/31.json?a=www.gaokao.cn,data/shanghai/raw/plan_api/static/2023/33.json,1
2023,综合,33,大连海事大学,107460,01,物理必选,0808,自动化类,3,5200,四年,https://static-data.gaokao.cn/www/2.0/schoolspecialplan/33/2023/31.json?a=www.gaokao.cn,data/shanghai/raw/plan_api/static/2023/33.json,1
2023,综合,33,大连海事大学,107460,01,物理必选,120408T,海事管理,3,5200,四年,https://static-data.gaokao.cn/www/2.0/schoolspecialplan/33/2023/31.json?a=www.gaokao.cn,data/shanghai/raw/plan_api/static/2023/33.json,1
2023,综合,33,大连海事大学,107458,03,不限,030101K,法学,5,5520,四年,https://static-data.gaokao.cn/www/2.0/schoolspecialplan/33/2023/31.json?a=www.gaokao.cn,data/shanghai/raw/plan_api/static/2023/33.json,1
2023,综合,33,大连海事大学,107459,02,物/化/生(3选1),0825,环境科学与工程类,5,5200,四年,https://static-data.gaokao.cn/www/2.0/schoolspecialplan/33/2023/31.json?a=www.gaokao.cn,data/shanghai/raw/plan_api/static/2023/33.json,1
2023,综合,33,大连海事大学,107458,03,不限,020302,金融工程,4,5200,四年,https://static-data.gaokao.cn/www/2.0/schoolspecialplan/33/2023/31.json?a=www.gaokao.cn,data/shanghai/raw/plan_api/static/2023/33.json,1
2023,综合,33,大连海事大学,107458,03,不限,120601,物流管理,4,5200,四年,https://static-data.gaokao.cn/www/2.0/schoolspecialplan/33/2023/31.json?a=www.gaokao.cn,data/shanghai/raw/plan_api/static/2023/33.json,1
2023,综合,34,哈尔滨工业大学,107371,01,物理必选,2091039,工科试验班,5,5500,四年,https://static-data.gaokao.cn/www/2.0/schoolspecialplan/34/2023/31.json?a=www.gaokao.cn,data/shanghai/raw/plan_api/static/2023/34.json,1
2023,综合,34,哈尔滨工业大学,107371,01,物理必选,2091040,工科试验班,2,5500,四年,https://static-data.gaokao.cn/www/2.0/schoolspecialplan/34/2023/31.json?a=www.gaokao.cn,data/shanghai/raw/plan_api/static/2023/34.json,1
2023,综合,34,哈尔滨工业大学,107371,01,物理必选,2091041,工科试验班,2,5500,四年,https://static-data.gaokao.cn/www/2.0/schoolspecialplan/34/2023/31.json?a=www.gaokao.cn,data/shanghai/raw/plan_api/static/2023/34.json,1
2023,综合,34,哈尔滨工业大学,107371,01,物理必选,2091042,工科试验班,2,5500,四年,https://static-data.gaokao.cn/www/2.0/schoolspecialplan/34/2023/31.json?a=www.gaokao.cn,data/shanghai/raw/plan_api/static/2023/34.json,1
2023,综合,34,哈尔滨工业大学,107368,04,物理必选,120108T,大数据管理与应用,4,78000,四年,https://static-data.gaokao.cn/www/2.0/schoolspecialplan/34/2023/31.json?a=www.gaokao.cn,data/shanghai/raw/plan_api/static/2023/34.json,1
2023,综合,34,哈尔滨工业大学,107370,02,物理必选,070101,数学与应用数学,2,68000,四年,https://static-data.gaokao.cn/www/2.0/schoolspecialplan/34/2023/31.json?a=www.gaokao.cn,data/shanghai/raw/plan_api/static/2023/34.json,1
2023,综合,34,哈尔滨工业大学,107370,02,物理必选,070202,应用物理学,2,68000,四年,https://static-data.gaokao.cn/www/2.0/schoolspecialplan/34/2023/31.json?a=www.gaokao.cn,data/shanghai/raw/plan_api/static/2023/34.json,1
2023,综合,34,哈尔滨工业大学,107369,03,物理必选,080205,工业设计,2,100000,四年,https://static-data.gaokao.cn/www/2.0/schoolspecialplan/34/2023/31.json?a=www.gaokao.cn,data/shanghai/raw/plan_api/static/2023/34.json,1
2023,综合,35,云南大学,106547,01,化学必选,0703,化学类,2,4500,四年,https://static-data.gaokao.cn/www/2.0/schoolspecialplan/35/2023/31.json?a=www.gaokao.cn,data/shanghai/raw/plan_api/static/2023/35.json,1
2023,综合,35,云南大学,106544,04,物理必选,0809,计算机类,4,4500,四年,https://static-data.gaokao.cn/www/2.0/schoolspecialplan/35/2023/31.json?a=www.gaokao.cn,data/shanghai/raw/plan_api/static/2023/35.json,1
2023,综合,35,云南大学,106546,02,历史必选,030101K,法学,3,4000,四年,https://static-data.gaokao.cn/www/2.0/schoolspecialplan/35/2023/31.json?a=www.gaokao.cn,data/shanghai/raw/plan_api/static/2023/35.json,1
2023,综合,35,云南大学,106544,04,物理必选,0201,经济学类,2,4000,四年,https://static-data.gaokao.cn/www/2.0/schoolspecialplan/35/2023/31.json?a=www.gaokao.cn,data/shanghai/raw/plan_api/static/2023/35.json,1
2023,综合,35,云南大学,106544,04,物理必选,0807,电子信息类,2,4500,四年,https://static-data.gaokao.cn/www/2.0/schoolspecialplan/35/2023/31.json?a=www.gaokao.cn,data/shanghai/raw/plan_api/static/2023/35.json,1
2023,综合,35,云南大学,106544,04,物理必选,080910T,数据科学与大数据技术,2,4500,四年,https://static-data.gaokao.cn/www/2.0/schoolspecialplan/35/2023/31.json?a=www.gaokao.cn,data/shanghai/raw/plan_api/static/2023/35.json,1
2023,综合,35,云南大学,106543,05,物/化/生(3选1),071002,生物技术,2,4500,四年,https://static-data.gaokao.cn/www/2.0/schoolspecialplan/35/2023/31.json?a=www.gaokao.cn,data/shanghai/raw/plan_api/static/2023/35.json,1
2023,综合,35,云南大学,106545,03,思想政治/历史(2选1),030201,思想政治学与行政学,1,4000,四年,https://static-data.gaokao.cn/www/2.0/schoolspecialplan/35/2023/31.json?a=www.gaokao.cn,data/shanghai/raw/plan_api/static/2023/35.json,1
2023,综合,35,云南大学,106543,05,物/化/生(3选1),0710,生物科学类,1,4500,四年,https://static-data.gaokao.cn/www/2.0/schoolspecialplan/35/2023/31.json?a=www.gaokao.cn,data/shanghai/raw/plan_api/static/2023/35.json,1
2023,综合,35,云南大学,106543,05,物/化/生(3选1),071004,生态学,1,4500,四年,https://static-data.gaokao.cn/www/2.0/schoolspecialplan/35/2023/31.json?a=www.gaokao.cn,data/shanghai/raw/plan_api/static/2023/35.json,1
2023,综合,36,长安大学,106527,01,不限,0503,新闻传播学类,2,5500,四年,https://static-data.gaokao.cn/www/2.0/schoolspecialplan/36/2023/31.json?a=www.gaokao.cn,data/shanghai/raw/plan_api/static/2023/36.json,1
2023,综合,36,长安大学,106527,01,不限,1202,工商管理类,2,5500,四年,https://static-data.gaokao.cn/www/2.0/schoolspecialplan/36/2023/31.json?a=www.gaokao.cn,data/shanghai/raw/plan_api/static/2023/36.json,1
2023,综合,36,长安大学,106527,01,不限,0201,经济学类,1,5500,四年,https://static-data.gaokao.cn/www/2.0/schoolspecialplan/36/2023/31.json?a=www.gaokao.cn,data/shanghai/raw/plan_api/static/2023/36.json,1
2023,综合,36,长安大学,106526,02,物理必选,080601,电气工程及其自动化,2,6600,四年,https://static-data.gaokao.cn/www/2.0/schoolspecialplan/36/2023/31.json?a=www.gaokao.cn,data/shanghai/raw/plan_api/static/2023/36.json,1
2023,综合,36,长安大学,106526,02,物理必选,0809,计算机类,2,6600,四年,https://static-data.gaokao.cn/www/2.0/schoolspecialplan/36/2023/31.json?a=www.gaokao.cn,data/shanghai/raw/plan_api/static/2023/36.json,1
2023,综合,36,长安大学,106526,02,物理必选,081006T,道路桥梁与渡河工程,1,6600,四年,https://static-data.gaokao.cn/www/2.0/schoolspecialplan/36/2023/31.json?a=www.gaokao.cn,data/shanghai/raw/plan_api/static/2023/36.json,1
2023,综合,36,长安大学,106525,03,物理/化学(2选1),080501,能源与动力工程,1,6600,四年,https://static-data.gaokao.cn/www/2.0/schoolspecialplan/36/2023/31.json?a=www.gaokao.cn,data/shanghai/raw/plan_api/static/2023/36.json,1
2023,综合,36,长安大学,106526,02,物理必选,080214T,智能车辆工程,1,6600,四年,https://static-data.gaokao.cn/www/2.0/schoolspecialplan/36/2023/31.json?a=www.gaokao.cn,data/shanghai/raw/plan_api/static/2023/36.json,1
2023,综合,37,西北大学,106514,01,不限,0502,外国语言文学类,1,5500,四年,https://static-data.gaokao.cn/www/2.0/schoolspecialplan/37/2023/31.json?a=www.gaokao.cn,data/shanghai/raw/plan_api/static/2023/37.json,1
2023,综合,37,西北大学,106512,03,物/政/史(3选1),020302,金融工程,2,5500,四年,https://static-data.gaokao.cn/www/2.0/schoolspecialplan/37/2023/31.json?a=www.gaokao.cn,data/shanghai/raw/plan_api/static/2023/37.json,1
2023,综合,37,西北大学,106513,02,地理/历史(2选1),060103,考古学,1,4250,四年,https://static-data.gaokao.cn/www/2.0/schoolspecialplan/37/2023/31.json?a=www.gaokao.cn,data/shanghai/raw/plan_api/static/2023/37.json,1
2023,综合,38,北京交通大学,107639,01,不限,0503,新闻传播学类,3,5000,四年,https://static-data.gaokao.cn/www/2.0/schoolspecialplan/38/2023/31.json?a=www.gaokao.cn,data/shanghai/raw/plan_api/static/2023/38.json,1
2023,综合,38,北京交通大学,107639,01,不限,0502,外国语言文学类,1,5500,四年,https://static-data.gaokao.cn/www/2.0/schoolspecialplan/38/2023/31.json?a=www.gaokao.cn,data/shanghai/raw/plan_api/static/2023/38.json,1
2023,综合,38,北京交通大学,107637,03,物理必选,080204,机械电子工程,2,60000,四年,https://static-data.gaokao.cn/www/2.0/schoolspecialplan/38/2023/31.json?a=www.gaokao.cn,data/shanghai/raw/plan_api/static/2023/38.json,1
2023,综合,38,北京交通大学,107636,04,物理必选,080413T,纳米材料与技术,2,60000,四年,https://static-data.gaokao.cn/www/2.0/schoolspecialplan/38/2023/31.json?a=www.gaokao.cn,data/shanghai/raw/plan_api/static/2023/38.json,1
2023,综合,38,北京交通大学,106863,01,不限,120201K,工商管理,2,80000,四年,https://static-data.gaokao.cn/www/2.0/schoolspecialplan/38/2023/31.json?a=www.gaokao.cn,data/shanghai/raw/plan_api/static/2023/38.json,1
2023,综合,38,北京交通大学,107638,02,物理必选,2090573,经济管理试验班,1,5000,四年,https://static-data.gaokao.cn/www/2.0/schoolspecialplan/38/2023/31.json?a=www.gaokao.cn,data/shanghai/raw/plan_api/static/2023/38.json,1
2023,综合,38,北京交通大学,107638,02,物理必选,2090574,理科试验班类,1,5500,四年,https://static-data.gaokao.cn/www/2.0/schoolspecialplan/38/2023/31.json?a=www.gaokao.cn,data/shanghai/raw/plan_api/static/2023/38.json,1
2023,综合,38,北京交通大学,107638,02,物理必选,2090575,理科试验班,1,5500,四年,https://static-data.gaokao.cn/www/2.0/schoolspecialplan/38/2023/31.json?a=www.gaokao.cn,data/shanghai/raw/plan_api/static/2023/38.json,1
2023,综合,38,北京交通大学,107638,02,物理必选,0807,电子信息类,1,5500,四年,https://static-data.gaokao.cn/www/2.0/schoolspecialplan/38/2023/31.json?a=www.gaokao.cn,data/shanghai/raw/plan_api/static/2023/38.json,1
2023,综合,38,北京交通大学,107638,02,物理必选,0809,计算机类,1,5500,四年,https://static-data.gaokao.cn/www/2.0/schoolspecialplan/38/2023/31.json?a=www.gaokao.cn,data/shanghai/raw/plan_api/static/2023/38.json,1
2023,综合,38,北京交通大学,107638,02,物理必选,080902,软件工程,1,5500,四年,https://static-data.gaokao.cn/www/2.0/schoolspecialplan/38/2023/31.json?a=www.gaokao.cn,data/shanghai/raw/plan_api/static/2023/38.json,1
2023,综合,38,北京交通大学,107638,02,物理必选,0818,交通运输类,1,5500,四年,https://static-data.gaokao.cn/www/2.0/schoolspecialplan/38/2023/31.json?a=www.gaokao.cn,data/shanghai/raw/plan_api/static/2023/38.json,1
2023,综合,41,河北工业大学,107530,01,物理必选,020101,经济学,2,5000,四年,https://static-data.gaokao.cn/www/2.0/schoolspecialplan/41/2023/31.json?a=www.gaokao.cn,data/shanghai/raw/plan_api/static/2023/41.json,1
2023,综合,41,河北工业大学,107530,01,物理必选,080202,机械设计制造及其自动化,2,5800,四年,https://static-data.gaokao.cn/www/2.0/schoolspecialplan/41/2023/31.json?a=www.gaokao.cn,data/shanghai/raw/plan_api/static/2023/41.json,1
2023,综合,41,河北工业大学,107530,01,物理必选,080902,软件工程,2,5800,四年,https://static-data.gaokao.cn/www/2.0/schoolspecialplan/41/2023/31.json?a=www.gaokao.cn,data/shanghai/raw/plan_api/static/2023/41.json,1
2023,综合,41,河北工业大学,107530,01,物理必选,081008T,智能建造,2,5800,四年,https://static-data.gaokao.cn/www/2.0/schoolspecialplan/41/2023/31.json?a=www.gaokao.cn,data/shanghai/raw/plan_api/static/2023/41.json,1
2023,综合,42,武汉大学,106819,01,物理必选,0807,电子信息类,5,5850,四年,https://static-data.gaokao.cn/www/2.0/schoolspecialplan/42/2023/31.json?a=www.gaokao.cn,data/shanghai/raw/plan_api/static/2023/42.json,1
2023,综合,42,武汉大学,106819,01,物理必选,0809,计算机类,3,5850,四年,https://static-data.gaokao.cn/www/2.0/schoolspecialplan/42/2023/31.json?a=www.gaokao.cn,data/shanghai/raw/plan_api/static/2023/42.json,1
2023,综合,42,武汉大学,106819,01,物理必选,2092342,工科试验班,2,4500,四年,https://static-data.gaokao.cn/www/2.0/schoolspecialplan/42/2023/31.json?a=www.gaokao.cn,data/shanghai/raw/plan_api/static/2023/42.json,1
2023,综合,42,武汉大学,106819,01,物理必选,070801,地球物理学,2,4500,四年,https://static-data.gaokao.cn/www/2.0/schoolspecialplan/42/2023/31.json?a=www.gaokao.cn,data/shanghai/raw/plan_api/static/2023/42.json,1
2023,综合,42,武汉大学,106819,01,物理必选,080901,计算机科学与技术,2,5850,四年,https://static-data.gaokao.cn/www/2.0/schoolspecialplan/42/2023/31.json?a=www.gaokao.cn,data/shanghai/raw/plan_api/static/2023/42.json,1
2023,综合,42,武汉大学,106819,01,物理必选,0812,测绘类,2,4500,四年,https://static-data.gaokao.cn/www/2.0/schoolspecialplan/42/2023/31.json?a=www.gaokao.cn,data/shanghai/raw/plan_api/static/2023/42.json,1
2023,综合,42,武汉大学,106819,01,物理必选,081202,遥感科学与技术,2,5850,四年,https://static-data.gaokao.cn/www/2.0/schoolspecialplan/42/2023/31.json?a=www.gaokao.cn,data/shanghai/raw/plan_api/static/2023/42.json,1
2023,综合,42,武汉大学,106819,01,物理必选,120102,信息管理与信息系统,2,4500,四年,https://static-data.gaokao.cn/www/2.0/schoolspecialplan/42/2023/31.json?a=www.gaokao.cn,data/shanghai/raw/plan_api/static/2023/42.json,1
2023,综合,42,武汉大学,106816,04,物理/历史(2选1),0503,新闻传播学类,4,5850,四年,https://static-data.gaokao.cn/www/2.0/schoolspecialplan/42/2023/31.json?a=www.gaokao.cn,data/shanghai/raw/plan_api/static/2023/42.json,1
2023,综合,42,武汉大学,106818,02,历史必选,071101,心理学,3,4500,四年,https://static-data.gaokao.cn/www/2.0/schoolspecialplan/42/2023/31.json?a=www.gaokao.cn,data/shanghai/raw/plan_api/static/2023/42.json,1
2023,综合,42,武汉大学,106817,03,物理、化学(2科必选),2092356,理科试验班,3,4500,四年,https://static-data.gaokao.cn/www/2.0/schoolspecialplan/42/2023/31.json?a=www.gaokao.cn,data/shanghai/raw/plan_api/static/2023/42.json,1
2023,综合,42,武汉大学,106818,02,历史必选,2092351,人文科学试验班,2,4500,四年,https://static-data.gaokao.cn/www/2.0/schoolspecialplan/42/2023/31.json?a=www.gaokao.cn,data/shanghai/raw/plan_api/static/2023/42.json,1
2023,综合,42,武汉大学,106818,02,历史必选,030101K,法学,2,5850,四年,https://static-data.gaokao.cn/www/2.0/schoolspecialplan/42/2023/31.json?a=www.gaokao.cn,data/shanghai/raw/plan_api/static/2023/42.json,1
2023,综合,42,武汉大学,106818,02,历史必选,0501,中国语言文学类,2,4500,四年,https://static-data.gaokao.cn/www/2.0/schoolspecialplan/42/2023/31.json?a=www.gaokao.cn,data/shanghai/raw/plan_api/static/2023/42.json,1
2023,综合,42,武汉大学,106817,03,物理、化学(2科必选),2092355,理科试验班,2,4500,四年,https://static-data.gaokao.cn/www/2.0/schoolspecialplan/42/2023/31.json?a=www.gaokao.cn,data/shanghai/raw/plan_api/static/2023/42.json,1
2023,综合,42,武汉大学,106817,03,物理、化学(2科必选),0701,数学类,2,4500,四年,https://static-data.gaokao.cn/www/2.0/schoolspecialplan/42/2023/31.json?a=www.gaokao.cn,data/shanghai/raw/plan_api/static/2023/42.json,1
2023,综合,42,武汉大学,106817,03,物理、化学(2科必选),0702,物理学类,2,4500,四年,https://static-data.gaokao.cn/www/2.0/schoolspecialplan/42/2023/31.json?a=www.gaokao.cn,data/shanghai/raw/plan_api/static/2023/42.json,1
2023,综合,42,武汉大学,106817,03,物理、化学(2科必选),0703,化学类,2,4500,四年,https://static-data.gaokao.cn/www/2.0/schoolspecialplan/42/2023/31.json?a=www.gaokao.cn,data/shanghai/raw/plan_api/static/2023/42.json,1
2023,综合,42,武汉大学,106817,03,物理、化学(2科必选),0710,生物科学类,2,4500,四年,https://static-data.gaokao.cn/www/2.0/schoolspecialplan/42/2023/31.json?a=www.gaokao.cn,data/shanghai/raw/plan_api/static/2023/42.json,1
2023,综合,42,武汉大学,106817,03,物理、化学(2科必选),100301K,口腔医学,2,5850,五年,https://static-data.gaokao.cn/www/2.0/schoolspecialplan/42/2023/31.json?a=www.gaokao.cn,data/shanghai/raw/plan_api/static/2023/42.json,1
2023,综合,42,武汉大学,106816,04,物理/历史(2选1),2092362,文科试验班类,2,5850,四年,https://static-data.gaokao.cn/www/2.0/schoolspecialplan/42/2023/31.json?a=www.gaokao.cn,data/shanghai/raw/plan_api/static/2023/42.json,1
2023,综合,42,武汉大学,106816,04,物理/历史(2选1),0201,经济学类,2,5850,四年,https://static-data.gaokao.cn/www/2.0/schoolspecialplan/42/2023/31.json?a=www.gaokao.cn,data/shanghai/raw/plan_api/static/2023/42.json,1
2023,综合,42,武汉大学,106816,04,物理/历史(2选1),0502,外国语言文学类,2,4500,四年,https://static-data.gaokao.cn/www/2.0/schoolspecialplan/42/2023/31.json?a=www.gaokao.cn,data/shanghai/raw/plan_api/static/2023/42.json,1
2023,综合,43,北京林业大学,107628,01,不限,050201,英语,2,6000,四年,https://static-data.gaokao.cn/www/2.0/schoolspecialplan/43/2023/31.json?a=www.gaokao.cn,data/shanghai/raw/plan_api/static/2023/43.json,1
2023,综合,43,北京林业大学,107628,01,不限,071102,应用心理学,2,5500,四年,https://static-data.gaokao.cn/www/2.0/schoolspecialplan/43/2023/31.json?a=www.gaokao.cn,data/shanghai/raw/plan_api/static/2023/43.json,1
2023,综合,43,北京林业大学,107628,01,不限,1202,工商管理类,2,5500,四年,https://static-data.gaokao.cn/www/2.0/schoolspecialplan/43/2023/31.json?a=www.gaokao.cn,data/shanghai/raw/plan_api/static/2023/43.json,1
2023,综合,43,北京林业大学,107627,02,物理必选,080601,电气工程及其自动化,2,5500,四年,https://static-data.gaokao.cn/www/2.0/schoolspecialplan/43/2023/31.json?a=www.gaokao.cn,data/shanghai/raw/plan_api/static/2023/43.json,1
2023,综合,43,北京林业大学,107627,02,物理必选,0809,计算机类,2,5500,四年,https://static-data.gaokao.cn/www/2.0/schoolspecialplan/43/2023/31.json?a=www.gaokao.cn,data/shanghai/raw/plan_api/static/2023/43.json,1
2023,综合,43,北京林业大学,107626,03,物/化/生(3选1),082402,木材科学与工程,2,,五年,https://static-data.gaokao.cn/www/2.0/schoolspecialplan/43/2023/31.json?a=www.gaokao.cn,data/shanghai/raw/plan_api/static/2023/43.json,1
2023,综合,43,北京林业大学,107626,03,物/化/生(3选1),090502,园林,2,5000,四年,https://static-data.gaokao.cn/www/2.0/schoolspecialplan/43/2023/31.json?a=www.gaokao.cn,data/shanghai/raw/plan_api/static/2023/43.json,1
2023,综合,43,北京林业大学,107625,04,物/地/生(3选1),082803,风景园林,2,5500,四年,https://static-data.gaokao.cn/www/2.0/schoolspecialplan/43/2023/31.json?a=www.gaokao.cn,data/shanghai/raw/plan_api/static/2023/43.json,1
2023,综合,43,北京林业大学,107624,05,化学/生物(2选1),071002,生物技术,2,,五年,https://static-data.gaokao.cn/www/2.0/schoolspecialplan/43/2023/31.json?a=www.gaokao.cn,data/shanghai/raw/plan_api/static/2023/43.json,1
2023,综合,43,北京林业大学,107624,05,化学/生物(2选1),090102,园艺,2,5000,四年,https://static-data.gaokao.cn/www/2.0/schoolspecialplan/43/2023/31.json?a=www.gaokao.cn,data/shanghai/raw/plan_api/static/2023/43.json,1
2023,综合,43,北京林业大学,107624,05,化学/生物(2选1),0905,林学类,1,2500,四年,https://static-data.gaokao.cn/www/2.0/schoolspecialplan/43/2023/31.json?a=www.gaokao.cn,data/shanghai/raw/plan_api/static/2023/43.json,1
2023,综合,43,北京林业大学,107627,02,物理必选,080714T,电子信息科学与技术,1,5500,四年,https://static-data.gaokao.cn/www/2.0/schoolspecialplan/43/2023/31.json?a=www.gaokao.cn,data/shanghai/raw/plan_api/static/2023/43.json,1
2023,综合,43,北京林业大学,107626,03,物/化/生(3选1),020401,国际经济与贸易,1,5000,四年,https://static-data.gaokao.cn/www/2.0/schoolspecialplan/43/2023/31.json?a=www.gaokao.cn,data/shanghai/raw/plan_api/static/2023/43.json,1
2023,综合,43,北京林业大学,107626,03,物/化/生(3选1),071201,统计学,1,5000,四年,https://static-data.gaokao.cn/www/2.0/schoolspecialplan/43/2023/31.json?a=www.gaokao.cn,data/shanghai/raw/plan_api/static/2023/43.json,1
2023,综合,44,湖南大学,106766,01,不限,0201,经济学类,3,5500,四年,https://static-data.gaokao.cn/www/2.0/schoolspecialplan/44/2023/31.json?a=www.gaokao.cn,data/shanghai/raw/plan_api/static/2023/44.json,1
2023,综合,44,湖南大学,106766,01,不限,020401,国际经济与贸易,2,5500,四年,https://static-data.gaokao.cn/www/2.0/schoolspecialplan/44/2023/31.json?a=www.gaokao.cn,data/shanghai/raw/plan_api/static/2023/44.json,1
2023,综合,44,湖南大学,106766,01,不限,020301K,金融学,2,5500,四年,https://static-data.gaokao.cn/www/2.0/schoolspecialplan/44/2023/31.json?a=www.gaokao.cn,data/shanghai/raw/plan_api/static/2023/44.json,1
2023,综合,44,湖南大学,106766,01,不限,080205,工业设计,2,6500,四年,https://static-data.gaokao.cn/www/2.0/schoolspecialplan/44/2023/31.json?a=www.gaokao.cn,data/shanghai/raw/plan_api/static/2023/44.json,1
2023,综合,44,湖南大学,106766,01,不限,120201K,工商管理,2,5500,四年,https://static-data.gaokao.cn/www/2.0/schoolspecialplan/44/2023/31.json?a=www.gaokao.cn,data/shanghai/raw/plan_api/static/2023/44.json,1
2023,综合,44,湖南大学,106766,01,不限,020308T,精算学,1,5500,四年,https://static-data.gaokao.cn/www/2.0/schoolspecialplan/44/2023/31.json?a=www.gaokao.cn,data/shanghai/raw/plan_api/static/2023/44.json,1
2023,综合,44,湖南大学,106766,01,不限,120203K,会计学,1,5500,四年,https://static-data.gaokao.cn/www/2.0/schoolspecialplan/44/2023/31.json?a=www.gaokao.cn,data/shanghai/raw/plan_api/static/2023/44.json,1
2023,综合,44,湖南大学,106764,03,物理必选,080717T,人工智能,3,6500,四年,https://static-data.gaokao.cn/www/2.0/schoolspecialplan/44/2023/31.json?a=www.gaokao.cn,data/shanghai/raw/plan_api/static/2023/44.json,1
2023,综合,44,湖南大学,106765,02,历史必选,060101,历史学,2,5300,四年,https://static-data.gaokao.cn/www/2.0/schoolspecialplan/44/2023/31.json?a=www.gaokao.cn,data/shanghai/raw/plan_api/static/2023/44.json,1
2023,综合,44,湖南大学,106764,03,物理必选,080213T,智能制造工程,2,6500,四年,https://static-data.gaokao.cn/www/2.0/schoolspecialplan/44/2023/31.json?a=www.gaokao.cn,data/shanghai/raw/plan_api/static/2023/44.json,1
2023,综合,44,湖南大学,106765,02,历史必选,050201,英语,2,5300,四年,https://static-data.gaokao.cn/www/2.0/schoolspecialplan/44/2023/31.json?a=www.gaokao.cn,data/shanghai/raw/plan_api/static/2023/44.json,1
2023,综合,44,湖南大学,106764,03,物理必选,080102,工程力学,2,6500,四年,https://static-data.gaokao.cn/www/2.0/schoolspecialplan/44/2023/31.json?a=www.gaokao.cn,data/shanghai/raw/plan_api/static/2023/44.json,1
2023,综合,44,湖南大学,106764,03,物理必选,081001,土木工程,2,6500,四年,https://static-data.gaokao.cn/www/2.0/schoolspecialplan/44/2023/31.json?a=www.gaokao.cn,data/shanghai/raw/plan_api/static/2023/44.json,1
2023,综合,45,中央民族大学,107645,01,不限,0201,经济学类,2,5000,四年,https://static-data.gaokao.cn/www/2.0/schoolspecialplan/45/2023/31.json?a=www.gaokao.cn,data/shanghai/raw/plan_api/static/2023/45.json,1
2023,综合,45,中央民族大学,107645,01,不限,0303,社会学类,2,5000,四年,https://static-data.gaokao.cn/www/2.0/schoolspecialplan/45/2023/31.json?a=www.gaokao.cn,data/shanghai/raw/plan_api/static/2023/45.json,1
2023,综合,45,中央民族大学,107645,01,不限,050101,汉语言文学,1,5000,四年,https://static-data.gaokao.cn/www/2.0/schoolspecialplan/45/2023/31.json?a=www.gaokao.cn,data/shanghai/raw/plan_api/static/2023/45.json,1
2023,综合,45,中央民族大学,107645,01,不限,0503,新闻传播学类,2,5000,四年,https://static-data.gaokao.cn/www/2.0/schoolspecialplan/45/2023/31.json?a=www.gaokao.cn,data/shanghai/raw/plan_api/static/2023/45.json,1
2023,综合,45,中央民族大学,107645,01,不限,0101,哲学类,1,5000,四年,https://static-data.gaokao.cn/www/2.0/schoolspecialplan/45/2023/31.json?a=www.gaokao.cn,data/shanghai/raw/plan_api/static/2023/45.json,1
2023,综合,45,中央民族大学,107645,01,不限,050103,汉语国际教育,1,5000,四年,https://static-data.gaokao.cn/www/2.0/schoolspecialplan/45/2023/31.json?a=www.gaokao.cn,data/shanghai/raw/plan_api/static/2023/45.json,1
2023,综合,45,中央民族大学,107645,01,不限,050207,日语,1,6000,四年,https://static-data.gaokao.cn/www/2.0/schoolspecialplan/45/2023/31.json?a=www.gaokao.cn,data/shanghai/raw/plan_api/static/2023/45.json,1
2023,综合,45,中央民族大学,107643,03,物理必选,080910T,数据科学与大数据技术,4,70000,四年,https://static-data.gaokao.cn/www/2.0/schoolspecialplan/45/2023/31.json?a=www.gaokao.cn,data/shanghai/raw/plan_api/static/2023/45.json,1
2023,综合,45,中央民族大学,107644,02,历史必选,060101,历史学,2,5000,四年,https://static-data.gaokao.cn/www/2.0/schoolspecialplan/45/2023/31.json?a=www.gaokao.cn,data/shanghai/raw/plan_api/static/2023/45.json,1
2023,综合,45,中央民族大学,107644,02,历史必选,030401,民族学,1,5000,四年,https://static-data.gaokao.cn/www/2.0/schoolspecialplan/45/2023/31.json?a=www.gaokao.cn,data/shanghai/raw/plan_api/static/2023/45.json,1
2023,综合,45,中央民族大学,107644,02,历史必选,0601,历史学类,1,5000,四年,https://static-data.gaokao.cn/www/2.0/schoolspecialplan/45/2023/31.json?a=www.gaokao.cn,data/shanghai/raw/plan_api/static/2023/45.json,1
2023,综合,48,北京邮电大学,107632,01,物理必选,0807,电子信息类,2,5500,四年,https://static-data.gaokao.cn/www/2.0/schoolspecialplan/48/2023/31.json?a=www.gaokao.cn,data/shanghai/raw/plan_api/static/2023/48.json,1
2023,综合,48,北京邮电大学,107632,01,物理必选,0809,计算机类,2,5500,四年,https://static-data.gaokao.cn/www/2.0/schoolspecialplan/48/2023/31.json?a=www.gaokao.cn,data/shanghai/raw/plan_api/static/2023/48.json,1
2023,综合,48,北京邮电大学,107631,02,物理必选,080703,通信工程,5,5500,四年,https://static-data.gaokao.cn/www/2.0/schoolspecialplan/48/2023/31.json?a=www.gaokao.cn,data/shanghai/raw/plan_api/static/2023/48.json,1
2023,综合,48,北京邮电大学,107631,02,物理必选,080717T,人工智能,4,5500,四年,https://static-data.gaokao.cn/www/2.0/schoolspecialplan/48/2023/31.json?a=www.gaokao.cn,data/shanghai/raw/plan_api/static/2023/48.json,1
2023,综合,48,北京邮电大学,107631,02,物理必选,0809,计算机类,4,5500,四年,https://static-data.gaokao.cn/www/2.0/schoolspecialplan/48/2023/31.json?a=www.gaokao.cn,data/shanghai/raw/plan_api/static/2023/48.json,1
2023,综合,48,北京邮电大学,107631,02,物理必选,2090608,理科试验班,3,5500,四年,https://static-data.gaokao.cn/www/2.0/schoolspecialplan/48/2023/31.json?a=www.gaokao.cn,data/shanghai/raw/plan_api/static/2023/48.json,1
2023,综合,48,北京邮电大学,107631,02,物理必选,0807,电子信息类,3,5500,四年,https://static-data.gaokao.cn/www/2.0/schoolspecialplan/48/2023/31.json?a=www.gaokao.cn,data/shanghai/raw/plan_api/static/2023/48.json,1
2023,综合,48,北京邮电大学,107631,02,物理必选,080902,软件工程,3,5500,四年,https://static-data.gaokao.cn/www/2.0/schoolspecialplan/48/2023/31.json?a=www.gaokao.cn,data/shanghai/raw/plan_api/static/2023/48.json,1
2023,综合,48,北京邮电大学,107631,02,物理必选,080218T,智能交互设计,2,5500,四年,https://static-data.gaokao.cn/www/2.0/schoolspecialplan/48/2023/31.json?a=www.gaokao.cn,data/shanghai/raw/plan_api/static/2023/48.json,1
2023,综合,48,北京邮电大学,107604,01,物理必选,080715T,电信工程及管理,2,70000,四年,https://static-data.gaokao.cn/www/2.0/schoolspecialplan/48/2023/31.json?a=www.gaokao.cn,data/shanghai/raw/plan_api/static/2023/48.json,1
2023,综合,48,北京邮电大学,107603,02,物理必选,070102,信息与计算科学,2,100000,四年,https://static-data.gaokao.cn/www/2.0/schoolspecialplan/48/2023/31.json?a=www.gaokao.cn,data/shanghai/raw/plan_api/static/2023/48.json,1
2023,综合,48,北京邮电大学,107604,01,物理必选,080905,物联网工程,1,70000,四年,https://static-data.gaokao.cn/www/2.0/schoolspecialplan/48/2023/31.json?a=www.gaokao.cn,data/shanghai/raw/plan_api/static/2023/48.json,1
2023,综合,48,北京邮电大学,107603,02,物理必选,080906,数字媒体技术,1,100000,四年,https://static-data.gaokao.cn/www/2.0/schoolspecialplan/48/2023/31.json?a=www.gaokao.cn,data/shanghai/raw/plan_api/static/2023/48.json,1
2023,综合,49,北京中医药大学,107623,01,物/化/生(3选1),100501K,中医学,1,5800,-,https://static-data.gaokao.cn/www/2.0/schoolspecialplan/49/2023/31.json?a=www.gaokao.cn,data/shanghai/raw/plan_api/static/2023/49.json,1
2023,综合,49,北京中医药大学,107623,01,物/化/生(3选1),100601K,中西医临床医学,1,5800,-,https://static-data.gaokao.cn/www/2.0/schoolspecialplan/49/2023/31.json?a=www.gaokao.cn,data/shanghai/raw/plan_api/static/2023/49.json,1
2023,综合,50,辽宁大学,107453,01,不限,020301K,金融学,10,33000,四年,https://static-data.gaokao.cn/www/2.0/schoolspecialplan/50/2023/31.json?a=www.gaokao.cn,data/shanghai/raw/plan_api/static/2023/50.json,1
2023,综合,51,西南交通大学,106601,01,物理必选,080601,电气工程及其自动化,1,4900,四年,https://static-data.gaokao.cn/www/2.0/schoolspecialplan/51/2023/31.json?a=www.gaokao.cn,data/shanghai/raw/plan_api/static/2023/51.json,1
2023,综合,51,西南交通大学,106601,01,物理必选,0802,机械类,1,4900,四年,https://static-data.gaokao.cn/www/2.0/schoolspecialplan/51/2023/31.json?a=www.gaokao.cn,data/shanghai/raw/plan_api/static/2023/51.json,1
2023,综合,51,西南交通大学,106601,01,物理必选,080213T,智能制造工程,1,4900,四年,https://static-data.gaokao.cn/www/2.0/schoolspecialplan/51/2023/31.json?a=www.gaokao.cn,data/shanghai/raw/plan_api/static/2023/51.json,1
2023,综合,51,西南交通大学,106601,01,物理必选,0818,交通运输类,1,4900,四年,https://static-data.gaokao.cn/www/2.0/schoolspecialplan/51/2023/31.json?a=www.gaokao.cn,data/shanghai/raw/plan_api/static/2023/51.json,1
2023,综合,51,西南交通大学,106600,02,物理必选,080202,机械设计制造及其自动化,1,100000,四年,https://static-data.gaokao.cn/www/2.0/schoolspecialplan/51/2023/31.json?a=www.gaokao.cn,data/shanghai/raw/plan_api/static/2023/51.json,1
2023,综合,51,西南交通大学,106600,02,物理必选,080401,材料科学与工程,1,100000,四年,https://static-data.gaokao.cn/www/2.0/schoolspecialplan/51/2023/31.json?a=www.gaokao.cn,data/shanghai/raw/plan_api/static/2023/51.json,1
2023,综合,51,西南交通大学,106600,02,物理必选,080701,电子信息工程,1,100000,四年,https://static-data.gaokao.cn/www/2.0/schoolspecialplan/51/2023/31.json?a=www.gaokao.cn,data/shanghai/raw/plan_api/static/2023/51.json,1
2023,综合,51,西南交通大学,106600,02,物理必选,080901,计算机科学与技术,1,100000,四年,https://static-data.gaokao.cn/www/2.0/schoolspecialplan/51/2023/31.json?a=www.gaokao.cn,data/shanghai/raw/plan_api/static/2023/51.json,1
2023,综合,51,西南交通大学,106600,02,物理必选,081001,土木工程,1,100000,四年,https://static-data.gaokao.cn/www/2.0/schoolspecialplan/51/2023/31.json?a=www.gaokao.cn,data/shanghai/raw/plan_api/static/2023/51.json,1
2023,综合,51,西南交通大学,106599,03,物理必选,082502,环境工程,1,65000,四年,https://static-data.gaokao.cn/www/2.0/schoolspecialplan/51/2023/31.json?a=www.gaokao.cn,data/shanghai/raw/plan_api/static/2023/51.json,1
2023,综合,51,西南交通大学,106599,03,物理必选,082901,安全工程,1,65000,四年,https://static-data.gaokao.cn/www/2.0/schoolspecialplan/51/2023/31.json?a=www.gaokao.cn,data/shanghai/raw/plan_api/static/2023/51.json,1
2023,综合,51,西南交通大学,106598,04,物/化/生(3选1),083001,生物工程,1,65000,四年,https://static-data.gaokao.cn/www/2.0/schoolspecialplan/51/2023/31.json?a=www.gaokao.cn,data/shanghai/raw/plan_api/static/2023/51.json,1
2023,综合,58,湖南师范大学,106746,01,不限,0502,外国语言文学类,4,4000,四年,https://static-data.gaokao.cn/www/2.0/schoolspecialplan/58/2023/31.json?a=www.gaokao.cn,data/shanghai/raw/plan_api/static/2023/58.json,1
2023,综合,58,湖南师范大学,106745,02,物理必选,080902,软件工程,2,6500,四年,https://static-data.gaokao.cn/www/2.0/schoolspecialplan/58/2023/31.json?a=www.gaokao.cn,data/shanghai/raw/plan_api/static/2023/58.json,1
2023,综合,58,湖南师范大学,106744,03,物/化/生(3选1),0710,生物科学类,2,4000,四年,https://static-data.gaokao.cn/www/2.0/schoolspecialplan/58/2023/31.json?a=www.gaokao.cn,data/shanghai/raw/plan_api/static/2023/58.json,1
2023,综合,59,南开大学,107568,01,不限,0203,金融学类,3,5200,四年,https://static-data.gaokao.cn/www/2.0/schoolspecialplan/59/2023/31.json?a=www.gaokao.cn,data/shanghai/raw/plan_api/static/2023/59.json,1
2023,综合,59,南开大学,107568,01,不限,0201,经济学类,2,5200,四年,https://static-data.gaokao.cn/www/2.0/schoolspecialplan/59/2023/31.json?a=www.gaokao.cn,data/shanghai/raw/plan_api/static/2023/59.json,1
2023,综合,59,南开大学,107568,01,不限,0501,中国语言文学类,2,5200,四年,https://static-data.gaokao.cn/www/2.0/schoolspecialplan/59/2023/31.json?a=www.gaokao.cn,data/shanghai/raw/plan_api/static/2023/59.json,1
2023,综合,59,南开大学,107568,01,不限,0101,哲学类,1,5200,四年,https://static-data.gaokao.cn/www/2.0/schoolspecialplan/59/2023/31.json?a=www.gaokao.cn,data/shanghai/raw/plan_api/static/2023/59.json,1
2023,综合,59,南开大学,107568,01,不限,1204,公共管理类,1,5200,四年,https://static-data.gaokao.cn/www/2.0/schoolspecialplan/59/2023/31.json?a=www.gaokao.cn,data/shanghai/raw/plan_api/static/2023/59.json,1
2023,综合,59,南开大学,107567,02,物理必选,2090738,理科试验班,3,5800,四年,https://static-data.gaokao.cn/www/2.0/schoolspecialplan/59/2023/31.json?a=www.gaokao.cn,data/shanghai/raw/plan_api/static/2023/59.json,1
2023,综合,59,南开大学,107567,02,物理必选,2090736,工科试验班,1,5800,四年,https://static-data.gaokao.cn/www/2.0/schoolspecialplan/59/2023/31.json?a=www.gaokao.cn,data/shanghai/raw/plan_api/static/2023/59.json,1
2023,综合,59,南开大学,107567,02,物理必选,2090737,理科试验班,1,5800,四年,https://static-data.gaokao.cn/www/2.0/schoolspecialplan/59/2023/31.json?a=www.gaokao.cn,data/shanghai/raw/plan_api/static/2023/59.json,1
2023,综合,60,天津大学,107566,01,物理必选,2090739,工科试验班,4,5800,四年,https://static-data.gaokao.cn/www/2.0/schoolspecialplan/60/2023/31.json?a=www.gaokao.cn,data/shanghai/raw/plan_api/static/2023/60.json,1
2023,综合,60,天津大学,107566,01,物理必选,2090740,工科试验班,3,5800,四年,https://static-data.gaokao.cn/www/2.0/schoolspecialplan/60/2023/31.json?a=www.gaokao.cn,data/shanghai/raw/plan_api/static/2023/60.json,1
2023,综合,60,天津大学,107562,05,物/化/生(3选1),0813,化工与制药类,5,5800,四年,https://static-data.gaokao.cn/www/2.0/schoolspecialplan/60/2023/31.json?a=www.gaokao.cn,data/shanghai/raw/plan_api/static/2023/60.json,0
2023,综合,60,天津大学,107565,02,物/地/史(3选1),0828,建筑类,4,5800,五年,https://static-data.gaokao.cn/www/2.0/schoolspecialplan/60/2023/31.json?a=www.gaokao.cn,data/shanghai/raw/plan_api/static/2023/60.json,1
2023,综合,60,天津大学,107564,03,物/地/史(3选1),082801,建筑学,4,,五年,https://static-data.gaokao.cn/www/2.0/schoolspecialplan/60/2023/31.json?a=www.gaokao.cn,data/shanghai/raw/plan_api/static/2023/60.json,1
2023,综合,60,天津大学,107563,04,化学必选,070304T,分子科学与工程,4,5800,四年,https://static-data.gaokao.cn/www/2.0/schoolspecialplan/60/2023/31.json?a=www.gaokao.cn,data/shanghai/raw/plan_api/static/2023/60.json,1
2023,综合,61,中国海洋大学,106921,01,不限,020401,国际经济与贸易,2,6600,四年,https://static-data.gaokao.cn/www/2.0/schoolspecialplan/61/2023/31.json?a=www.gaokao.cn,data/shanghai/raw/plan_api/static/2023/61.json,1
2023,综合,61,中国海洋大学,106921,01,不限,0503,新闻传播学类,2,5280,四年,https://static-data.gaokao.cn/www/2.0/schoolspecialplan/61/2023/31.json?a=www.gaokao.cn,data/shanghai/raw/plan_api/static/2023/61.json,1
2023,综合,61,中国海洋大学,106920,02,物/化/生(3选1),0710,生物科学类,2,6600,四年,https://static-data.gaokao.cn/www/2.0/schoolspecialplan/61/2023/31.json?a=www.gaokao.cn,data/shanghai/raw/plan_api/static/2023/61.json,1
2023,综合,61,中国海洋大学,106920,02,物/化/生(3选1),100701,药学,2,7920,四年,https://static-data.gaokao.cn/www/2.0/schoolspecialplan/61/2023/31.json?a=www.gaokao.cn,data/shanghai/raw/plan_api/static/2023/61.json,1
2023,综合,61,中国海洋大学,106919,03,物理必选,070701,海洋科学,2,6600,四年,https://static-data.gaokao.cn/www/2.0/schoolspecialplan/61/2023/31.json?a=www.gaokao.cn,data/shanghai/raw/plan_api/static/2023/61.json,1
2023,综合,61,中国海洋大学,106919,03,物理必选,0809,计算机类,2,6600,四年,https://static-data.gaokao.cn/www/2.0/schoolspecialplan/61/2023/31.json?a=www.gaokao.cn,data/shanghai/raw/plan_api/static/2023/61.json,1
2023,综合,61,中国海洋大学,106919,03,物理必选,0827,食品科学与工程类,2,6600,四年,https://static-data.gaokao.cn/www/2.0/schoolspecialplan/61/2023/31.json?a=www.gaokao.cn,data/shanghai/raw/plan_api/static/2023/61.json,1
2023,综合,61,中国海洋大学,106918,04,物理必选,070101,数学与应用数学,2,60000,四年,https://static-data.gaokao.cn/www/2.0/schoolspecialplan/61/2023/31.json?a=www.gaokao.cn,data/shanghai/raw/plan_api/static/2023/61.json,1
2023,综合,61,中国海洋大学,106917,05,化学必选,0804,材料类,2,6600,四年,https://static-data.gaokao.cn/www/2.0/schoolspecialplan/61/2023/31.json?a=www.gaokao.cn,data/shanghai/raw/plan_api/static/2023/61.json,1
2023,综合,62,郑州大学,106860,01,不限,0201,经济学类,2,4400,四年,https://static-data.gaokao.cn/www/2.0/schoolspecialplan/62/2023/31.json?a=www.gaokao.cn,data/shanghai/raw/plan_api/static/2023/62.json,1
2023,综合,62,郑州大学,106860,01,不限,030101K,法学,2,4400,四年,https://static-data.gaokao.cn/www/2.0/schoolspecialplan/62/2023/31.json?a=www.gaokao.cn,data/shanghai/raw/plan_api/static/2023/62.json,1
2023,综合,62,郑州大学,106860,01,不限,0503,新闻传播学类,2,4400,四年,https://static-data.gaokao.cn/www/2.0/schoolspecialplan/62/2023/31.json?a=www.gaokao.cn,data/shanghai/raw/plan_api/static/2023/62.json,1
2023,综合,62,郑州大学,106859,02,物理必选,0808,自动化类,4,5700,四年,https://static-data.gaokao.cn/www/2.0/schoolspecialplan/62/2023/31.json?a=www.gaokao.cn,data/shanghai/raw/plan_api/static/2023/62.json,1
2023,综合,62,郑州大学,106859,02,物理必选,0710,生物科学类,2,5000,四年,https://static-data.gaokao.cn/www/2.0/schoolspecialplan/62/2023/31.json?a=www.gaokao.cn,data/shanghai/raw/plan_api/static/2023/62.json,1
2023,综合,63,合肥工业大学,107087,01,不限,020401,国际经济与贸易,4,50000,四年,https://static-data.gaokao.cn/www/2.0/schoolspecialplan/63/2023/31.json?a=www.gaokao.cn,data/shanghai/raw/plan_api/static/2023/63.json,1
2023,综合,63,合肥工业大学,107084,04,物理必选,0810,土木类,3,5500,四年,https://static-data.gaokao.cn/www/2.0/schoolspecialplan/63/2023/31.json?a=www.gaokao.cn,data/shanghai/raw/plan_api/static/2023/63.json,1
2023,综合,63,合肥工业大学,107086,02,物理、化学(2科必选),080407,高分子材料与工程,2,5500,四年,https://static-data.gaokao.cn/www/2.0/schoolspecialplan/63/2023/31.json?a=www.gaokao.cn,data/shanghai/raw/plan_api/static/2023/63.json,1
2023,综合,63,合肥工业大学,107085,03,化学必选,0827,食品科学与工程类,2,5500,四年,https://static-data.gaokao.cn/www/2.0/schoolspecialplan/63/2023/31.json?a=www.gaokao.cn,data/shanghai/raw/plan_api/static/2023/63.json,1
2023,综合,63,合肥工业大学,107084,04,物理必选,0802,机械类,2,6050,四年,https://static-data.gaokao.cn/www/2.0/schoolspecialplan/63/2023/31.json?a=www.gaokao.cn,data/shanghai/raw/plan_api/static/2023/63.json,1
2023,综合,63,合肥工业大学,107084,04,物理必选,080207,车辆工程,2,6050,四年,https://static-data.gaokao.cn/www/2.0/schoolspecialplan/63/2023/31.json?a=www.gaokao.cn,data/shanghai/raw/plan_api/static/2023/63.json,1
2023,综合,63,合肥工业大学,107084,04,物理必选,080601,电气工程及其自动化,2,5500,四年,https://static-data.gaokao.cn/www/2.0/schoolspecialplan/63/2023/31.json?a=www.gaokao.cn,data/shanghai/raw/plan_api/static/2023/63.json,1
2023,综合,63,合肥工业大学,107084,04,物理必选,080704,微电子科学与工程,2,6050,四年,https://static-data.gaokao.cn/www/2.0/schoolspecialplan/63/2023/31.json?a=www.gaokao.cn,data/shanghai/raw/plan_api/static/2023/63.json,1
2023,综合,63,合肥工业大学,107084,04,物理必选,080801,自动化,2,6050,四年,https://static-data.gaokao.cn/www/2.0/schoolspecialplan/63/2023/31.json?a=www.gaokao.cn,data/shanghai/raw/plan_api/static/2023/63.json,1
2023,综合,63,合肥工业大学,107084,04,物理必选,080901,计算机科学与技术,2,6050,四年,https://static-data.gaokao.cn/www/2.0/schoolspecialplan/63/2023/31.json?a=www.gaokao.cn,data/shanghai/raw/plan_api/static/2023/63.json,1
2023,综合,63,合肥工业大学,107084,04,物理必选,080902,软件工程,2,12500,四年,https://static-data.gaokao.cn/www/2.0/schoolspecialplan/63/2023/31.json?a=www.gaokao.cn,data/shanghai/raw/plan_api/static/2023/63.json,1
2023,综合,63,合肥工业大学,107084,04,物理必选,081202,遥感科学与技术,2,5500,四年,https://static-data.gaokao.cn/www/2.0/schoolspecialplan/63/2023/31.json?a=www.gaokao.cn,data/shanghai/raw/plan_api/static/2023/63.json,1
2023,综合,67,安徽大学,107082,01,物理必选,080601,电气工程及其自动化,3,5400,四年,https://static-data.gaokao.cn/www/2.0/schoolspecialplan/67/2023/31.json?a=www.gaokao.cn,data/shanghai/raw/plan_api/static/2023/67.json,1
2023,综合,67,安徽大学,107082,01,物理必选,080701,电子信息工程,3,6480,四年,https://static-data.gaokao.cn/www/2.0/schoolspecialplan/67/2023/31.json?a=www.gaokao.cn,data/shanghai/raw/plan_api/static/2023/67.json,1
2023,综合,67,安徽大学,107082,01,物理必选,080910T,数据科学与大数据技术,2,5400,四年,https://static-data.gaokao.cn/www/2.0/schoolspecialplan/67/2023/31.json?a=www.gaokao.cn,data/shanghai/raw/plan_api/static/2023/67.json,1
2023,综合,67,安徽大学,107081,02,不限,020301K,金融学,3,5000,四年,https://static-data.gaokao.cn/www/2.0/schoolspecialplan/67/2023/31.json?a=www.gaokao.cn,data/shanghai/raw/plan_api/static/2023/67.json,1
2023,综合,67,安徽大学,107081,02,不限,0301,法学类,3,5500,四年,https://static-data.gaokao.cn/www/2.0/schoolspecialplan/67/2023/31.json?a=www.gaokao.cn,data/shanghai/raw/plan_api/static/2023/67.json,1
2023,综合,67,安徽大学,107081,02,不限,1202,工商管理类,2,5000,四年,https://static-data.gaokao.cn/www/2.0/schoolspecialplan/67/2023/31.json?a=www.gaokao.cn,data/shanghai/raw/plan_api/static/2023/67.json,1
2023,综合,68,安徽理工大学,107075,01,不限,030201,思想政治学与行政学,4,,-,https://static-data.gaokao.cn/www/2.0/schoolspecialplan/68/2023/31.json?a=www.gaokao.cn,data/shanghai/raw/plan_api/static/2023/68.json,1
2023,综合,68,安徽理工大学,107075,01,不限,120801,电子商务,4,,-,https://static-data.gaokao.cn/www/2.0/schoolspecialplan/68/2023/31.json?a=www.gaokao.cn,data/shanghai/raw/plan_api/static/2023/68.json,1
2023,综合,68,安徽理工大学,107075,01,不限,020301K,金融学,3,,-,https://static-data.gaokao.cn/www/2.0/schoolspecialplan/68/2023/31.json?a=www.gaokao.cn,data/shanghai/raw/plan_api/static/2023/68.json,1
2023,综合,68,安徽理工大学,107075,01,不限,050201,英语,3,,-,https://static-data.gaokao.cn/www/2.0/schoolspecialplan/68/2023/31.json?a=www.gaokao.cn,data/shanghai/raw/plan_api/static/2023/68.json,1
2023,综合,68,安徽理工大学,107075,01,不限,050207,日语,2,,-,https://static-data.gaokao.cn/www/2.0/schoolspecialplan/68/2023/31.json?a=www.gaokao.cn,data/shanghai/raw/plan_api/static/2023/68.json,1
2023,综合,68,安徽理工大学,107075,01,不限,050306T,网络与新媒体,2,,-,https://static-data.gaokao.cn/www/2.0/schoolspecialplan/68/2023/31.json?a=www.gaokao.cn,data/shanghai/raw/plan_api/static/2023/68.json,1
2023,综合,68,安徽理工大学,107075,01,不限,120202,市场营销,2,,-,https://static-data.gaokao.cn/www/2.0/schoolspecialplan/68/2023/31.json?a=www.gaokao.cn,data/shanghai/raw/plan_api/static/2023/68.json,1
2023,综合,68,安徽理工大学,107075,01,不限,120204,财务管理,2,,-,https://static-data.gaokao.cn/www/2.0/schoolspecialplan/68/2023/31.json?a=www.gaokao.cn,data/shanghai/raw/plan_api/static/2023/68.json,1
2023,综合,68,安徽理工大学,107075,01,不限,120206,人力资源管理,2,,-,https://static-data.gaokao.cn/www/2.0/schoolspecialplan/68/2023/31.json?a=www.gaokao.cn,data/shanghai/raw/plan_api/static/2023/68.json,1
2023,综合,69,安徽工业大学,107079,01,不限,0502,外国语言文学类,4,4900,四年,https://static-data.gaokao.cn/www/2.0/schoolspecialplan/69/2023/31.json?a=www.gaokao.cn,data/shanghai/raw/plan_api/static/2023/69.json,1
2023,综合,69,安徽工业大学,107079,01,不限,020101,经济学,3,4900,四年,https://static-data.gaokao.cn/www/2.0/schoolspecialplan/69/2023/31.json?a=www.gaokao.cn,data/shanghai/raw/plan_api/static/2023/69.json,1
2023,综合,69,安徽工业大学,107079,01,不限,020301K,金融学,3,4900,四年,https://static-data.gaokao.cn/www/2.0/schoolspecialplan/69/2023/31.json?a=www.gaokao.cn,data/shanghai/raw/plan_api/static/2023/69.json,1
2023,综合,69,安徽工业大学,107079,01,不限,020309T,互联网金融,3,4900,四年,https://static-data.gaokao.cn/www/2.0/schoolspecialplan/69/2023/31.json?a=www.gaokao.cn,data/shanghai/raw/plan_api/static/2023/69.json,1
2023,综合,69,安徽工业大学,107079,01,不限,020401,国际经济与贸易,3,4900,四年,https://static-data.gaokao.cn/www/2.0/schoolspecialplan/69/2023/31.json?a=www.gaokao.cn,data/shanghai/raw/plan_api/static/2023/69.json,1
2023,综合,69,安徽工业大学,107079,01,不限,120204,财务管理,3,4900,四年,https://static-data.gaokao.cn/www/2.0/schoolspecialplan/69/2023/31.json?a=www.gaokao.cn,data/shanghai/raw/plan_api/static/2023/69.json,1
2023,综合,69,安徽工业大学,107079,01,不限,120206,人力资源管理,3,4900,四年,https://static-data.gaokao.cn/www/2.0/schoolspecialplan/69/2023/31.json?a=www.gaokao.cn,data/shanghai/raw/plan_api/static/2023/69.json,1
2023,综合,69,安徽工业大学,107079,01,不限,120203K,会计学,2,5390,四年,https://static-data.gaokao.cn/www/2.0/schoolspecialplan/69/2023/31.json?a=www.gaokao.cn,data/shanghai/raw/plan_api/static/2023/69.json,1
2023,综合,69,安徽工业大学,107079,01,不限,030101K,法学,1,4900,四年,https://static-data.gaokao.cn/www/2.0/schoolspecialplan/69/2023/31.json?a=www.gaokao.cn,data/shanghai/raw/plan_api/static/2023/69.json,1
2023,综合,69,安徽工业大学,107076,04,物/化/生(3选1),081301,化学工程与工艺,3,5720,四年,https://static-data.gaokao.cn/www/2.0/schoolspecialplan/69/2023/31.json?a=www.gaokao.cn,data/shanghai/raw/plan_api/static/2023/69.json,1
2023,综合,69,安徽工业大学,107078,02,物理必选,080401,材料科学与工程,2,5200,四年,https://static-data.gaokao.cn/www/2.0/schoolspecialplan/69/2023/31.json?a=www.gaokao.cn,data/shanghai/raw/plan_api/static/2023/69.json,1
2023,综合,69,安徽工业大学,107078,02,物理必选,080717T,人工智能,2,5200,四年,https://static-data.gaokao.cn/www/2.0/schoolspecialplan/69/2023/31.json?a=www.gaokao.cn,data/shanghai/raw/plan_api/static/2023/69.json,1
2023,综合,69,安徽工业大学,107078,02,物理必选,080901,计算机科学与技术,2,5720,四年,https://static-data.gaokao.cn/www/2.0/schoolspecialplan/69/2023/31.json?a=www.gaokao.cn,data/shanghai/raw/plan_api/static/2023/69.json,1
2023,综合,69,安徽工业大学,107078,02,物理必选,080902,软件工程,2,5720,四年,https://static-data.gaokao.cn/www/2.0/schoolspecialplan/69/2023/31.json?a=www.gaokao.cn,data/shanghai/raw/plan_api/static/2023/69.json,1
2023,综合,69,安徽工业大学,107078,02,物理必选,080910T,数据科学与大数据技术,2,5200,四年,https://static-data.gaokao.cn/www/2.0/schoolspecialplan/69/2023/31.json?a=www.gaokao.cn,data/shanghai/raw/plan_api/static/2023/69.json,1
2023,综合,69,安徽工业大学,107077,03,化学必选,080404,冶金工程,2,5720,四年,https://static-data.gaokao.cn/www/2.0/schoolspecialplan/69/2023/31.json?a=www.gaokao.cn,data/shanghai/raw/plan_api/static/2023/69.json,1
2023,综合,70,安徽农业大学,107074,01,物/化/生(3选1),090102,园艺,4,5980,四年,https://static-data.gaokao.cn/www/2.0/schoolspecialplan/70/2023/31.json?a=www.gaokao.cn,data/shanghai/raw/plan_api/static/2023/70.json,1
2023,综合,70,安徽农业大学,107074,01,物/化/生(3选1),082302,农业机械化及其自动化,3,5980,四年,https://static-data.gaokao.cn/www/2.0/schoolspecialplan/70/2023/31.json?a=www.gaokao.cn,data/shanghai/raw/plan_api/static/2023/70.json,1
2023,综合,70,安徽农业大学,107074,01,物/化/生(3选1),090105,种子科学与工程,3,5200,四年,https://static-data.gaokao.cn/www/2.0/schoolspecialplan/70/2023/31.json?a=www.gaokao.cn,data/shanghai/raw/plan_api/static/2023/70.json,1
2023,综合,70,安徽农业大学,107074,01,物/化/生(3选1),090107T,茶学,2,5980,四年,https://static-data.gaokao.cn/www/2.0/schoolspecialplan/70/2023/31.json?a=www.gaokao.cn,data/shanghai/raw/plan_api/static/2023/70.json,1
2023,综合,70,安徽农业大学,107074,01,物/化/生(3选1),090501,林学,2,5980,四年,https://static-data.gaokao.cn/www/2.0/schoolspecialplan/70/2023/31.json?a=www.gaokao.cn,data/shanghai/raw/plan_api/static/2023/70.json,1
2023,综合,70,安徽农业大学,107074,01,物/化/生(3选1),0710,生物科学类,2,5200,四年,https://static-data.gaokao.cn/www/2.0/schoolspecialplan/70/2023/31.json?a=www.gaokao.cn,data/shanghai/raw/plan_api/static/2023/70.json,1
2023,综合,70,安徽农业大学,107074,01,物/化/生(3选1),090101,农学,2,5980,四年,https://static-data.gaokao.cn/www/2.0/schoolspecialplan/70/2023/31.json?a=www.gaokao.cn,data/shanghai/raw/plan_api/static/2023/70.json,1
2023,综合,70,安徽农业大学,107074,01,物/化/生(3选1),090112T,智慧农业,2,5200,四年,https://static-data.gaokao.cn/www/2.0/schoolspecialplan/70/2023/31.json?a=www.gaokao.cn,data/shanghai/raw/plan_api/static/2023/70.json,1
2023,综合,70,安徽农业大学,107074,01,物/化/生(3选1),100402,食品卫生与营养学,2,5200,四年,https://static-data.gaokao.cn/www/2.0/schoolspecialplan/70/2023/31.json?a=www.gaokao.cn,data/shanghai/raw/plan_api/static/2023/70.json,1
2023,综合,70,安徽农业大学,107073,02,不限,030302,社会工作,2,4900,四年,https://static-data.gaokao.cn/www/2.0/schoolspecialplan/70/2023/31.json?a=www.gaokao.cn,data/shanghai/raw/plan_api/static/2023/70.json,1
2023,综合,70,安徽农业大学,107073,02,不限,071102,应用心理学,2,5200,四年,https://static-data.gaokao.cn/www/2.0/schoolspecialplan/70/2023/31.json?a=www.gaokao.cn,data/shanghai/raw/plan_api/static/2023/70.json,1
2023,综合,70,安徽农业大学,107073,02,不限,1202,工商管理类,2,4900,四年,https://static-data.gaokao.cn/www/2.0/schoolspecialplan/70/2023/31.json?a=www.gaokao.cn,data/shanghai/raw/plan_api/static/2023/70.json,1
2023,综合,70,安徽农业大学,107073,02,不限,050101,汉语言文学,1,5390,四年,https://static-data.gaokao.cn/www/2.0/schoolspecialplan/70/2023/31.json?a=www.gaokao.cn,data/shanghai/raw/plan_api/static/2023/70.json,1
2023,综合,70,安徽农业大学,107073,02,不限,020101,经济学,1,4900,四年,https://static-data.gaokao.cn/www/2.0/schoolspecialplan/70/2023/31.json?a=www.gaokao.cn,data/shanghai/raw/plan_api/static/2023/70.json,1
2023,综合,71,济南大学,106907,01,不限,0201,经济学类,3,6600,四年,https://static-data.gaokao.cn/www/2.0/schoolspecialplan/71/2023/31.json?a=www.gaokao.cn,data/shanghai/raw/plan_api/static/2023/71.json,1
2023,综合,71,济南大学,106907,01,不限,0503,新闻传播学类,3,5060,四年,https://static-data.gaokao.cn/www/2.0/schoolspecialplan/71/2023/31.json?a=www.gaokao.cn,data/shanghai/raw/plan_api/static/2023/71.json,1
2023,综合,71,济南大学,106907,01,不限,050101,汉语言文学,2,5280,四年,https://static-data.gaokao.cn/www/2.0/schoolspecialplan/71/2023/31.json?a=www.gaokao.cn,data/shanghai/raw/plan_api/static/2023/71.json,1
2023,综合,71,济南大学,106907,01,不限,1209,旅游管理类,2,5500,四年,https://static-data.gaokao.cn/www/2.0/schoolspecialplan/71/2023/31.json?a=www.gaokao.cn,data/shanghai/raw/plan_api/static/2023/71.json,1
2023,综合,72,安徽医科大学,107072,01,化学、生物(2科必选),100201K,临床医学,6,6050,五年,https://static-data.gaokao.cn/www/2.0/schoolspecialplan/72/2023/31.json?a=www.gaokao.cn,data/shanghai/raw/plan_api/static/2023/72.json,1
2023,综合,73,同济大学,107791,01,物理必选,2091127,工科试验班,41,7000,四年,https://static-data.gaokao.cn/www/2.0/schoolspecialplan/73/2023/31.json?a=www.gaokao.cn,data/shanghai/raw/plan_api/static/2023/73.json,1
2023,综合,73,同济大学,107791,01,物理必选,2091123,工科试验班,18,7700,四年,https://static-data.gaokao.cn/www/2.0/schoolspecialplan/73/2023/31.json?a=www.gaokao.cn,data/shanghai/raw/plan_api/static/2023/73.json,1
2023,综合,73,同济大学,107791,01,物理必选,2091122,经济管理试验班,12,6500,四年,https://static-data.gaokao.cn/www/2.0/schoolspecialplan/73/2023/31.json?a=www.gaokao.cn,data/shanghai/raw/plan_api/static/2023/73.json,1
2023,综合,73,同济大学,107791,01,物理必选,2091125,工科试验班,11,7000,四年,https://static-data.gaokao.cn/www/2.0/schoolspecialplan/73/2023/31.json?a=www.gaokao.cn,data/shanghai/raw/plan_api/static/2023/73.json,1
2023,综合,73,同济大学,107791,01,物理必选,2091126,工科试验班,8,7000,四年,https://static-data.gaokao.cn/www/2.0/schoolspecialplan/73/2023/31.json?a=www.gaokao.cn,data/shanghai/raw/plan_api/static/2023/73.json,1
2023,综合,73,同济大学,107791,01,物理必选,2091121,工科试验班,6,7000,四年,https://static-data.gaokao.cn/www/2.0/schoolspecialplan/73/2023/31.json?a=www.gaokao.cn,data/shanghai/raw/plan_api/static/2023/73.json,1
2023,综合,73,同济大学,107791,01,物理必选,2091124,工科试验班,5,7700,四年,https://static-data.gaokao.cn/www/2.0/schoolspecialplan/73/2023/31.json?a=www.gaokao.cn,data/shanghai/raw/plan_api/static/2023/73.json,1
2023,综合,73,同济大学,107788,04,物/化/生(3选1),101009T,康复物理治疗,33,7400,四年,https://static-data.gaokao.cn/www/2.0/schoolspecialplan/73/2023/31.json?a=www.gaokao.cn,data/shanghai/raw/plan_api/static/2023/73.json,0
2023,综合,73,同济大学,107790,02,不限,2091128,人文科学试验班,27,6500,四年,https://static-data.gaokao.cn/www/2.0/schoolspecialplan/73/2023/31.json?a=www.gaokao.cn,data/shanghai/raw/plan_api/static/2023/73.json,1
2023,综合,73,同济大学,107789,03,物/化/生(3选1),101101K,护理学,23,7400,四年,https://static-data.gaokao.cn/www/2.0/schoolspecialplan/73/2023/31.json?a=www.gaokao.cn,data/shanghai/raw/plan_api/static/2023/73.json,0
2023,综合,73,同济大学,107790,02,不限,2091129,社会科学试验班,18,6500,四年,https://static-data.gaokao.cn/www/2.0/schoolspecialplan/73/2023/31.json?a=www.gaokao.cn,data/shanghai/raw/plan_api/static/2023/73.json,1
2023,综合,74,新疆大学,106442,01,不限,020401,国际经济与贸易,1,3500,四年,https://static-data.gaokao.cn/www/2.0/schoolspecialplan/74/2023/31.json?a=www.gaokao.cn,data/shanghai/raw/plan_api/static/2023/74.json,1
2023,综合,74,新疆大学,106442,01,不限,1202,工商管理类,1,3500,四年,https://static-data.gaokao.cn/www/2.0/schoolspecialplan/74/2023/31.json?a=www.gaokao.cn,data/shanghai/raw/plan_api/static/2023/74.json,1
2023,综合,74,新疆大学,106441,02,物理必选,070101,数学与应用数学,3,3500,四年,https://static-data.gaokao.cn/www/2.0/schoolspecialplan/74/2023/31.json?a=www.gaokao.cn,data/shanghai/raw/plan_api/static/2023/74.json,1
2023,综合,74,新疆大学,106441,02,物理必选,070102,信息与计算科学,1,3500,四年,https://static-data.gaokao.cn/www/2.0/schoolspecialplan/74/2023/31.json?a=www.gaokao.cn,data/shanghai/raw/plan_api/static/2023/74.json,1
2023,综合,74,新疆大学,106441,02,物理必选,0802,机械类,1,3500,四年,https://static-data.gaokao.cn/www/2.0/schoolspecialplan/74/2023/31.json?a=www.gaokao.cn,data/shanghai/raw/plan_api/static/2023/74.json,1
2023,综合,74,新疆大学,106441,02,物理必选,080901,计算机科学与技术,1,3500,四年,https://static-data.gaokao.cn/www/2.0/schoolspecialplan/74/2023/31.json?a=www.gaokao.cn,data/shanghai/raw/plan_api/static/2023/74.json,1
2023,综合,74,新疆大学,106441,02,物理必选,080902,软件工程,1,9000,四年,https://static-data.gaokao.cn/www/2.0/schoolspecialplan/74/2023/31.json?a=www.gaokao.cn,data/shanghai/raw/plan_api/static/2023/74.json,1
2023,综合,74,新疆大学,106441,02,物理必选,080910T,数据科学与大数据技术,1,3500,四年,https://static-data.gaokao.cn/www/2.0/schoolspecialplan/74/2023/31.json?a=www.gaokao.cn,data/shanghai/raw/plan_api/static/2023/74.json,1
2023,综合,76,上海大学,107732,01,物理必选,080901,计算机科学与技术,70,7000,四年,https://static-data.gaokao.cn/www/2.0/schoolspecialplan/76/2023/31.json?a=www.gaokao.cn,data/shanghai/raw/plan_api/static/2023/76.json,1
2023,综合,76,上海大学,107732,01,物理必选,080703,通信工程,45,7000,四年,https://static-data.gaokao.cn/www/2.0/schoolspecialplan/76/2023/31.json?a=www.gaokao.cn,data/shanghai/raw/plan_api/static/2023/76.json,1
2023,综合,76,上海大学,107732,01,物理必选,070101,数学与应用数学,40,7000,四年,https://static-data.gaokao.cn/www/2.0/schoolspecialplan/76/2023/31.json?a=www.gaokao.cn,data/shanghai/raw/plan_api/static/2023/76.json,1
2023,综合,76,上海大学,107732,01,物理必选,080213T,智能制造工程,35,7700,四年,https://static-data.gaokao.cn/www/2.0/schoolspecialplan/76/2023/31.json?a=www.gaokao.cn,data/shanghai/raw/plan_api/static/2023/76.json,1
2023,综合,76,上海大学,107732,01,物理必选,080701,电子信息工程,30,7000,四年,https://static-data.gaokao.cn/www/2.0/schoolspecialplan/76/2023/31.json?a=www.gaokao.cn,data/shanghai/raw/plan_api/static/2023/76.json,1
2023,综合,76,上海大学,107732,01,物理必选,080910T,数据科学与大数据技术,30,7000,四年,https://static-data.gaokao.cn/www/2.0/schoolspecialplan/76/2023/31.json?a=www.gaokao.cn,data/shanghai/raw/plan_api/static/2023/76.json,1
2023,综合,76,上海大学,107732,01,物理必选,080907T,智能科学与技术,30,7000,四年,https://static-data.gaokao.cn/www/2.0/schoolspecialplan/76/2023/31.json?a=www.gaokao.cn,data/shanghai/raw/plan_api/static/2023/76.json,1
2023,综合,76,上海大学,107732,01,物理必选,080717T,人工智能,25,7000,四年,https://static-data.gaokao.cn/www/2.0/schoolspecialplan/76/2023/31.json?a=www.gaokao.cn,data/shanghai/raw/plan_api/static/2023/76.json,1
2023,综合,76,上海大学,107732,01,物理必选,080704,微电子科学与工程,25,7000,四年,https://static-data.gaokao.cn/www/2.0/schoolspecialplan/76/2023/31.json?a=www.gaokao.cn,data/shanghai/raw/plan_api/static/2023/76.json,1
2023,综合,76,上海大学,107732,01,物理必选,2091586,理科试验班类,10,7000,四年,https://static-data.gaokao.cn/www/2.0/schoolspecialplan/76/2023/31.json?a=www.gaokao.cn,data/shanghai/raw/plan_api/static/2023/76.json,1
2023,综合,76,上海大学,107732,01,物理必选,080911TK,网络空间安全,10,7000,四年,https://static-data.gaokao.cn/www/2.0/schoolspecialplan/76/2023/31.json?a=www.gaokao.cn,data/shanghai/raw/plan_api/static/2023/76.json,1
2023,综合,76,上海大学,107731,02,物理必选,0806,电气类,290,7000,四年,https://static-data.gaokao.cn/www/2.0/schoolspecialplan/76/2023/31.json?a=www.gaokao.cn,data/shanghai/raw/plan_api/static/2023/76.json,1
2023,综合,76,上海大学,107728,05,不限,0303,社会学类,165,6500,四年,https://static-data.gaokao.cn/www/2.0/schoolspecialplan/76/2023/31.json?a=www.gaokao.cn,data/shanghai/raw/plan_api/static/2023/76.json,1
2023,综合,76,上海大学,107730,03,化学必选,0804,材料类,119,7000,四年,https://static-data.gaokao.cn/www/2.0/schoolspecialplan/76/2023/31.json?a=www.gaokao.cn,data/shanghai/raw/plan_api/static/2023/76.json,1
2023,综合,76,上海大学,107729,04,不限,0201,经济学类,106,6500,四年,https://static-data.gaokao.cn/www/2.0/schoolspecialplan/76/2023/31.json?a=www.gaokao.cn,data/shanghai/raw/plan_api/static/2023/76.json,1
2023,综合,76,上海大学,107729,04,不限,020301K,金融学,20,6500,四年,https://static-data.gaokao.cn/www/2.0/schoolspecialplan/76/2023/31.json?a=www.gaokao.cn,data/shanghai/raw/plan_api/static/2023/76.json,1
2023,综合,76,上海大学,107731,02,物理必选,080706,信息工程,35,25000,四年,https://static-data.gaokao.cn/www/2.0/schoolspecialplan/76/2023/31.json?a=www.gaokao.cn,data/shanghai/raw/plan_api/static/2023/76.json,1
2023,综合,76,上海大学,107731,02,物理必选,080201,机械工程,25,25000,四年,https://static-data.gaokao.cn/www/2.0/schoolspecialplan/76/2023/31.json?a=www.gaokao.cn,data/shanghai/raw/plan_api/static/2023/76.json,1
2023,综合,76,上海大学,107731,02,物理必选,120102,信息管理与信息系统,23,30000,四年,https://static-data.gaokao.cn/www/2.0/schoolspecialplan/76/2023/31.json?a=www.gaokao.cn,data/shanghai/raw/plan_api/static/2023/76.json,1
2023,综合,76,上海大学,107731,02,物理必选,0807,电子信息类,20,7000,四年,https://static-data.gaokao.cn/www/2.0/schoolspecialplan/76/2023/31.json?a=www.gaokao.cn,data/shanghai/raw/plan_api/static/2023/76.json,1
2023,综合,76,上海大学,107729,04,不限,120203K,会计学,20,6500,四年,https://static-data.gaokao.cn/www/2.0/schoolspecialplan/76/2023/31.json?a=www.gaokao.cn,data/shanghai/raw/plan_api/static/2023/76.json,1
2023,综合,76,上海大学,107729,04,不限,120201K,工商管理,20,30000,四年,https://static-data.gaokao.cn/www/2.0/schoolspecialplan/76/2023/31.json?a=www.gaokao.cn,data/shanghai/raw/plan_api/static/2023/76.json,1
2023,综合,76,上海大学,107728,05,不限,050201,英语,20,6500,四年,https://static-data.gaokao.cn/www/2.0/schoolspecialplan/76/2023/31.json?a=www.gaokao.cn,data/shanghai/raw/plan_api/static/2023/76.json,1
2023,综合,76,上海大学,107729,04,不限,020401,国际经济与贸易,19,30000,四年,https://static-data.gaokao.cn/www/2.0/schoolspecialplan/76/2023/31.json?a=www.gaokao.cn,data/shanghai/raw/plan_api/static/2023/76.json,1
2023,综合,76,上海大学,107731,02,物理必选,1201,管理科学与工程类,15,6500,四年,https://static-data.gaokao.cn/www/2.0/schoolspecialplan/76/2023/31.json?a=www.gaokao.cn,data/shanghai/raw/plan_api/static/2023/76.json,1
2023,综合,76,上海大学,107731,02,物理必选,080601,电气工程及其自动化,15,30000,四年,https://static-data.gaokao.cn/www/2.0/schoolspecialplan/76/2023/31.json?a=www.gaokao.cn,data/shanghai/raw/plan_api/static/2023/76.json,1
2023,综合,76,上海大学,107731,02,物理必选,081001,土木工程,15,30000,四年,https://static-data.gaokao.cn/www/2.0/schoolspecialplan/76/2023/31.json?a=www.gaokao.cn,data/shanghai/raw/plan_api/static/2023/76.json,1
2023,综合,76,上海大学,107730,03,化学必选,082502,环境工程,15,30000,四年,https://static-data.gaokao.cn/www/2.0/schoolspecialplan/76/2023/31.json?a=www.gaokao.cn,data/shanghai/raw/plan_api/static/2023/76.json,1
2023,综合,76,上海大学,107731,02,物理必选,080703,通信工程,10,7000,四年,https://static-data.gaokao.cn/www/2.0/schoolspecialplan/76/2023/31.json?a=www.gaokao.cn,data/shanghai/raw/plan_api/static/2023/76.json,1
2023,综合,76,上海大学,107731,02,物理必选,080701,电子信息工程,10,7000,四年,https://static-data.gaokao.cn/www/2.0/schoolspecialplan/76/2023/31.json?a=www.gaokao.cn,data/shanghai/raw/plan_api/static/2023/76.json,1
2023,综合,76,上海大学,107731,02,物理必选,080401,材料科学与工程,10,25000,四年,https://static-data.gaokao.cn/www/2.0/schoolspecialplan/76/2023/31.json?a=www.gaokao.cn,data/shanghai/raw/plan_api/static/2023/76.json,1
2023,综合,76,上海大学,107728,05,不限,030301,社会学,10,6500,四年,https://static-data.gaokao.cn/www/2.0/schoolspecialplan/76/2023/31.json?a=www.gaokao.cn,data/shanghai/raw/plan_api/static/2023/76.json,1
2023,综合,76,上海大学,107728,05,不限,050207,日语,10,6500,四年,https://static-data.gaokao.cn/www/2.0/schoolspecialplan/76/2023/31.json?a=www.gaokao.cn,data/shanghai/raw/plan_api/static/2023/76.json,1
2023,综合,76,上海大学,107730,03,化学必选,2091608,理科试验班,5,7000,四年,https://static-data.gaokao.cn/www/2.0/schoolspecialplan/76/2023/31.json?a=www.gaokao.cn,data/shanghai/raw/plan_api/static/2023/76.json,1
2023,综合,76,上海大学,107728,05,不限,050204,法语,5,6500,四年,https://static-data.gaokao.cn/www/2.0/schoolspecialplan/76/2023/31.json?a=www.gaokao.cn,data/shanghai/raw/plan_api/static/2023/76.json,1
2023,综合,80,天津工业大学,107553,01,不限,020301K,金融学,3,4400,四年,https://static-data.gaokao.cn/www/2.0/schoolspecialplan/80/2023/31.json?a=www.gaokao.cn,data/shanghai/raw/plan_api/static/2023/80.json,1
2023,综合,80,天津工业大学,107552,02,物理必选,080902,软件工程,3,8000,四年,https://static-data.gaokao.cn/www/2.0/schoolspecialplan/80/2023/31.json?a=www.gaokao.cn,data/shanghai/raw/plan_api/static/2023/80.json,1
2023,综合,80,天津工业大学,107552,02,物理必选,080213T,智能制造工程,2,5400,四年,https://static-data.gaokao.cn/www/2.0/schoolspecialplan/80/2023/31.json?a=www.gaokao.cn,data/shanghai/raw/plan_api/static/2023/80.json,1
2023,综合,81,天津理工大学,107529,01,物理必选,080213T,智能制造工程,2,5400,四年,https://static-data.gaokao.cn/www/2.0/schoolspecialplan/81/2023/31.json?a=www.gaokao.cn,data/shanghai/raw/plan_api/static/2023/81.json,1
2023,综合,81,天津理工大学,107529,01,物理必选,080717T,人工智能,2,5400,四年,https://static-data.gaokao.cn/www/2.0/schoolspecialplan/81/2023/31.json?a=www.gaokao.cn,data/shanghai/raw/plan_api/static/2023/81.json,1
2023,综合,81,天津理工大学,107529,01,物理必选,080905,物联网工程,2,5400,四年,https://static-data.gaokao.cn/www/2.0/schoolspecialplan/81/2023/31.json?a=www.gaokao.cn,data/shanghai/raw/plan_api/static/2023/81.json,1
2023,综合,81,天津理工大学,107529,01,物理必选,120103,工程管理,2,4400,四年,https://static-data.gaokao.cn/www/2.0/schoolspecialplan/81/2023/31.json?a=www.gaokao.cn,data/shanghai/raw/plan_api/static/2023/81.json,1
2023,综合,82,天津科技大学,107557,01,不限,050103,汉语国际教育,2,4400,四年,https://static-data.gaokao.cn/www/2.0/schoolspecialplan/82/2023/31.json?a=www.gaokao.cn,data/shanghai/raw/plan_api/static/2023/82.json,1
2023,综合,82,天津科技大学,107557,01,不限,020302,金融工程,1,4400,四年,https://static-data.gaokao.cn/www/2.0/schoolspecialplan/82/2023/31.json?a=www.gaokao.cn,data/shanghai/raw/plan_api/static/2023/82.json,1
2023,综合,82,天津科技大学,107557,01,不限,020304,投资学,1,4400,四年,https://static-data.gaokao.cn/www/2.0/schoolspecialplan/82/2023/31.json?a=www.gaokao.cn,data/shanghai/raw/plan_api/static/2023/82.json,1
2023,综合,82,天津科技大学,107557,01,不限,020401,国际经济与贸易,1,4400,四年,https://static-data.gaokao.cn/www/2.0/schoolspecialplan/82/2023/31.json?a=www.gaokao.cn,data/shanghai/raw/plan_api/static/2023/82.json,1
2023,综合,82,天津科技大学,107557,01,不限,050207,日语,1,5400,四年,https://static-data.gaokao.cn/www/2.0/schoolspecialplan/82/2023/31.json?a=www.gaokao.cn,data/shanghai/raw/plan_api/static/2023/82.json,1
2023,综合,82,天津科技大学,107557,01,不限,050261,翻译,1,5400,四年,https://static-data.gaokao.cn/www/2.0/schoolspecialplan/82/2023/31.json?a=www.gaokao.cn,data/shanghai/raw/plan_api/static/2023/82.json,1
2023,综合,82,天津科技大学,107557,01,不限,120204,财务管理,1,25000,四年,https://static-data.gaokao.cn/www/2.0/schoolspecialplan/82/2023/31.json?a=www.gaokao.cn,data/shanghai/raw/plan_api/static/2023/82.json,1
2023,综合,82,天津科技大学,107556,02,物理必选,080901,计算机科学与技术,2,22000,四年,https://static-data.gaokao.cn/www/2.0/schoolspecialplan/82/2023/31.json?a=www.gaokao.cn,data/shanghai/raw/plan_api/static/2023/82.json,1
2023,综合,82,天津科技大学,107555,03,化学/生物(2选1),082701,食品科学与工程,2,5400,四年,https://static-data.gaokao.cn/www/2.0/schoolspecialplan/82/2023/31.json?a=www.gaokao.cn,data/shanghai/raw/plan_api/static/2023/82.json,1
2023,综合,82,天津科技大学,107556,02,物理必选,080206,过程装备与控制工程,1,5400,四年,https://static-data.gaokao.cn/www/2.0/schoolspecialplan/82/2023/31.json?a=www.gaokao.cn,data/shanghai/raw/plan_api/static/2023/82.json,1
2023,综合,82,天津科技大学,107556,02,物理必选,080703,通信工程,1,5400,四年,https://static-data.gaokao.cn/www/2.0/schoolspecialplan/82/2023/31.json?a=www.gaokao.cn,data/shanghai/raw/plan_api/static/2023/82.json,1
2023,综合,82,天津科技大学,107556,02,物理必选,080717T,人工智能,1,5400,四年,https://static-data.gaokao.cn/www/2.0/schoolspecialplan/82/2023/31.json?a=www.gaokao.cn,data/shanghai/raw/plan_api/static/2023/82.json,1
2023,综合,82,天津科技大学,107556,02,物理必选,080801,自动化,1,5400,四年,https://static-data.gaokao.cn/www/2.0/schoolspecialplan/82/2023/31.json?a=www.gaokao.cn,data/shanghai/raw/plan_api/static/2023/82.json,1
2023,综合,82,天津科技大学,107556,02,物理必选,080902,软件工程,1,5400,四年,https://static-data.gaokao.cn/www/2.0/schoolspecialplan/82/2023/31.json?a=www.gaokao.cn,data/shanghai/raw/plan_api/static/2023/82.json,1
2023,综合,82,天津科技大学,107556,02,物理必选,080905,物联网工程,1,5400,四年,https://static-data.gaokao.cn/www/2.0/schoolspecialplan/82/2023/31.json?a=www.gaokao.cn,data/shanghai/raw/plan_api/static/2023/82.json,1
2023,综合,82,天津科技大学,107556,02,物理必选,080906,数字媒体技术,1,5400,四年,https://static-data.gaokao.cn/www/2.0/schoolspecialplan/82/2023/31.json?a=www.gaokao.cn,data/shanghai/raw/plan_api/static/2023/82.json,1
2023,综合,82,天津科技大学,107556,02,物理必选,120701,工业工程,1,4400,四年,https://static-data.gaokao.cn/www/2.0/schoolspecialplan/82/2023/31.json?a=www.gaokao.cn,data/shanghai/raw/plan_api/static/2023/82.json,1
2023,综合,82,天津科技大学,107555,03,化学/生物(2选1),082702,食品质量与安全,1,5400,四年,https://static-data.gaokao.cn/www/2.0/schoolspecialplan/82/2023/31.json?a=www.gaokao.cn,data/shanghai/raw/plan_api/static/2023/82.json,1
2023,综合,82,天津科技大学,107554,04,物/化/生(3选1),081302,制药工程,1,5400,四年,https://static-data.gaokao.cn/www/2.0/schoolspecialplan/82/2023/31.json?a=www.gaokao.cn,data/shanghai/raw/plan_api/static/2023/82.json,1
2023,综合,82,天津科技大学,107554,04,物/化/生(3选1),082502,环境工程,1,5400,四年,https://static-data.gaokao.cn/www/2.0/schoolspecialplan/82/2023/31.json?a=www.gaokao.cn,data/shanghai/raw/plan_api/static/2023/82.json,1
2023,综合,82,天津科技大学,107554,04,物/化/生(3选1),083001,生物工程,1,24000,四年,https://static-data.gaokao.cn/www/2.0/schoolspecialplan/82/2023/31.json?a=www.gaokao.cn,data/shanghai/raw/plan_api/static/2023/82.json,1
2023,综合,84,天津财经大学,107542,01,不限,020101,经济学,3,4400,四年,https://static-data.gaokao.cn/www/2.0/schoolspecialplan/84/2023/31.json?a=www.gaokao.cn,data/shanghai/raw/plan_api/static/2023/84.json,1
2023,综合,84,天津财经大学,107542,01,不限,0203,金融学类,3,4400,四年,https://static-data.gaokao.cn/www/2.0/schoolspecialplan/84/2023/31.json?a=www.gaokao.cn,data/shanghai/raw/plan_api/static/2023/84.json,1
2023,综合,84,天津财经大学,107542,01,不限,120203K,会计学,2,4400,四年,https://static-data.gaokao.cn/www/2.0/schoolspecialplan/84/2023/31.json?a=www.gaokao.cn,data/shanghai/raw/plan_api/static/2023/84.json,1
2023,综合,84,天津财经大学,107542,01,不限,020109T,数字经济,2,4400,四年,https://static-data.gaokao.cn/www/2.0/schoolspecialplan/84/2023/31.json?a=www.gaokao.cn,data/shanghai/raw/plan_api/static/2023/84.json,1
2023,综合,84,天津财经大学,107542,01,不限,0202,财政学类,2,4400,四年,https://static-data.gaokao.cn/www/2.0/schoolspecialplan/84/2023/31.json?a=www.gaokao.cn,data/shanghai/raw/plan_api/static/2023/84.json,1
2023,综合,84,天津财经大学,107541,02,物/化/生(3选1),020102,经济统计学,4,4400,四年,https://static-data.gaokao.cn/www/2.0/schoolspecialplan/84/2023/31.json?a=www.gaokao.cn,data/shanghai/raw/plan_api/static/2023/84.json,1
2023,综合,86,江南大学,107313,01,物理必选,080901,计算机科学与技术,3,6380,四年,https://static-data.gaokao.cn/www/2.0/schoolspecialplan/86/2023/31.json?a=www.gaokao.cn,data/shanghai/raw/plan_api/static/2023/86.json,1
2023,综合,86,江南大学,107313,01,物理必选,080905,物联网工程,3,6380,四年,https://static-data.gaokao.cn/www/2.0/schoolspecialplan/86/2023/31.json?a=www.gaokao.cn,data/shanghai/raw/plan_api/static/2023/86.json,1
2023,综合,86,江南大学,107313,01,物理必选,080906,数字媒体技术,2,5800,四年,https://static-data.gaokao.cn/www/2.0/schoolspecialplan/86/2023/31.json?a=www.gaokao.cn,data/shanghai/raw/plan_api/static/2023/86.json,1
2023,综合,86,江南大学,107310,04,物理、化学(2科必选),082701,食品科学与工程,8,26400,四年,https://static-data.gaokao.cn/www/2.0/schoolspecialplan/86/2023/31.json?a=www.gaokao.cn,data/shanghai/raw/plan_api/static/2023/86.json,1
2023,综合,86,江南大学,107312,02,物理、化学(2科必选),082701,食品科学与工程,6,6380,四年,https://static-data.gaokao.cn/www/2.0/schoolspecialplan/86/2023/31.json?a=www.gaokao.cn,data/shanghai/raw/plan_api/static/2023/86.json,1
2023,综合,86,江南大学,107311,03,不限,020401,国际经济与贸易,5,5200,四年,https://static-data.gaokao.cn/www/2.0/schoolspecialplan/86/2023/31.json?a=www.gaokao.cn,data/shanghai/raw/plan_api/static/2023/86.json,1
2023,综合,86,江南大学,107309,05,不限,120201K,工商管理,5,26400,四年,https://static-data.gaokao.cn/www/2.0/schoolspecialplan/86/2023/31.json?a=www.gaokao.cn,data/shanghai/raw/plan_api/static/2023/86.json,1
2023,综合,86,江南大学,107312,02,物理、化学(2科必选),082702,食品质量与安全,4,6380,四年,https://static-data.gaokao.cn/www/2.0/schoolspecialplan/86/2023/31.json?a=www.gaokao.cn,data/shanghai/raw/plan_api/static/2023/86.json,1
2023,综合,86,江南大学,107312,02,物理、化学(2科必选),082710T,食品营养与健康,2,5800,四年,https://static-data.gaokao.cn/www/2.0/schoolspecialplan/86/2023/31.json?a=www.gaokao.cn,data/shanghai/raw/plan_api/static/2023/86.json,1
2023,综合,86,江南大学,107311,03,不限,030101K,法学,2,5200,四年,https://static-data.gaokao.cn/www/2.0/schoolspecialplan/86/2023/31.json?a=www.gaokao.cn,data/shanghai/raw/plan_api/static/2023/86.json,1
2023,综合,86,江南大学,107311,03,不限,050201,英语,2,5200,四年,https://static-data.gaokao.cn/www/2.0/schoolspecialplan/86/2023/31.json?a=www.gaokao.cn,data/shanghai/raw/plan_api/static/2023/86.json,1
2023,综合,86,江南大学,107311,03,不限,120203K,会计学,2,5200,四年,https://static-data.gaokao.cn/www/2.0/schoolspecialplan/86/2023/31.json?a=www.gaokao.cn,data/shanghai/raw/plan_api/static/2023/86.json,1
2023,综合,87,天津外国语大学,107528,01,不限,050225,斯瓦希里语,1,5400,四年,https://static-data.gaokao.cn/www/2.0/schoolspecialplan/87/2023/31.json?a=www.gaokao.cn,data/shanghai/raw/plan_api/static/2023/87.json,1
2023,综合,87,天津外国语大学,107528,01,不限,050227,保加利亚语,1,5400,四年,https://static-data.gaokao.cn/www/2.0/schoolspecialplan/87/2023/31.json?a=www.gaokao.cn,data/shanghai/raw/plan_api/static/2023/87.json,1
2023,综合,87,天津外国语大学,107528,01,不限,050247,乌克兰语,1,5400,四年,https://static-data.gaokao.cn/www/2.0/schoolspecialplan/87/2023/31.json?a=www.gaokao.cn,data/shanghai/raw/plan_api/static/2023/87.json,1
2023,综合,88,中国民航大学,107561,01,物理必选,2090771,工科试验班,11,5800,四年,https://static-data.gaokao.cn/www/2.0/schoolspecialplan/88/2023/31.json?a=www.gaokao.cn,data/shanghai/raw/plan_api/static/2023/88.json,1
2023,综合,88,中国民航大学,107561,01,物理必选,2090769,工科试验班,10,5800,四年,https://static-data.gaokao.cn/www/2.0/schoolspecialplan/88/2023/31.json?a=www.gaokao.cn,data/shanghai/raw/plan_api/static/2023/88.json,1
2023,综合,88,中国民航大学,107561,01,物理必选,2090773,工科试验班,10,5800,四年,https://static-data.gaokao.cn/www/2.0/schoolspecialplan/88/2023/31.json?a=www.gaokao.cn,data/shanghai/raw/plan_api/static/2023/88.json,1
2023,综合,88,中国民航大学,107561,01,物理必选,2090772,工科试验班,8,5800,四年,https://static-data.gaokao.cn/www/2.0/schoolspecialplan/88/2023/31.json?a=www.gaokao.cn,data/shanghai/raw/plan_api/static/2023/88.json,1
2023,综合,88,中国民航大学,107561,01,物理必选,070602,应用气象学,8,5800,四年,https://static-data.gaokao.cn/www/2.0/schoolspecialplan/88/2023/31.json?a=www.gaokao.cn,data/shanghai/raw/plan_api/static/2023/88.json,1
2023,综合,88,中国民航大学,107561,01,物理必选,120407T,交通管理,7,5200,四年,https://static-data.gaokao.cn/www/2.0/schoolspecialplan/88/2023/31.json?a=www.gaokao.cn,data/shanghai/raw/plan_api/static/2023/88.json,1
2023,综合,88,中国民航大学,107561,01,物理必选,080904K,信息安全,5,5800,四年,https://static-data.gaokao.cn/www/2.0/schoolspecialplan/88/2023/31.json?a=www.gaokao.cn,data/shanghai/raw/plan_api/static/2023/88.json,1
2023,综合,88,中国民航大学,107561,01,物理必选,2090770,工科试验班,4,5800,四年,https://static-data.gaokao.cn/www/2.0/schoolspecialplan/88/2023/31.json?a=www.gaokao.cn,data/shanghai/raw/plan_api/static/2023/88.json,1
2023,综合,88,中国民航大学,107561,01,物理必选,082012T,飞行器运维工程,4,5800,四年,https://static-data.gaokao.cn/www/2.0/schoolspecialplan/88/2023/31.json?a=www.gaokao.cn,data/shanghai/raw/plan_api/static/2023/88.json,1
2023,综合,88,中国民航大学,107561,01,物理必选,070102,信息与计算科学,3,5800,四年,https://static-data.gaokao.cn/www/2.0/schoolspecialplan/88/2023/31.json?a=www.gaokao.cn,data/shanghai/raw/plan_api/static/2023/88.json,1
2023,综合,88,中国民航大学,107561,01,物理必选,082009T,无人驾驶航空器系统工程,3,5800,四年,https://static-data.gaokao.cn/www/2.0/schoolspecialplan/88/2023/31.json?a=www.gaokao.cn,data/shanghai/raw/plan_api/static/2023/88.json,1
2023,综合,88,中国民航大学,107561,01,物理必选,081001,土木工程,2,5800,四年,https://static-data.gaokao.cn/www/2.0/schoolspecialplan/88/2023/31.json?a=www.gaokao.cn,data/shanghai/raw/plan_api/static/2023/88.json,1
2023,综合,88,中国民航大学,107561,01,物理必选,120701,工业工程,2,5800,四年,https://static-data.gaokao.cn/www/2.0/schoolspecialplan/88/2023/31.json?a=www.gaokao.cn,data/shanghai/raw/plan_api/static/2023/88.json,1
2023,综合,88,中国民航大学,107561,01,物理必选,2090768,工科试验班,1,5800,四年,https://static-data.gaokao.cn/www/2.0/schoolspecialplan/88/2023/31.json?a=www.gaokao.cn,data/shanghai/raw/plan_api/static/2023/88.json,1
2023,综合,88,中国民航大学,107561,01,物理必选,080402,材料物理,1,5800,四年,https://static-data.gaokao.cn/www/2.0/schoolspecialplan/88/2023/31.json?a=www.gaokao.cn,data/shanghai/raw/plan_api/static/2023/88.json,1
2023,综合,88,中国民航大学,107561,01,物理必选,080403,材料化学,1,5800,四年,https://static-data.gaokao.cn/www/2.0/schoolspecialplan/88/2023/31.json?a=www.gaokao.cn,data/shanghai/raw/plan_api/static/2023/88.json,1
2023,综合,88,中国民航大学,107561,01,物理必选,082007T,飞行器适航技术,1,5800,四年,https://static-data.gaokao.cn/www/2.0/schoolspecialplan/88/2023/31.json?a=www.gaokao.cn,data/shanghai/raw/plan_api/static/2023/88.json,1
2023,综合,88,中国民航大学,107559,03,不限,1202,工商管理类,13,5200,四年,https://static-data.gaokao.cn/www/2.0/schoolspecialplan/88/2023/31.json?a=www.gaokao.cn,data/shanghai/raw/plan_api/static/2023/88.json,1
2023,综合,88,中国民航大学,107560,02,物理/化学(2选1),071201,统计学,5,5800,四年,https://static-data.gaokao.cn/www/2.0/schoolspecialplan/88/2023/31.json?a=www.gaokao.cn,data/shanghai/raw/plan_api/static/2023/88.json,1
2023,综合,88,中国民航大学,107559,03,不限,050201,英语,4,5800,四年,https://static-data.gaokao.cn/www/2.0/schoolspecialplan/88/2023/31.json?a=www.gaokao.cn,data/shanghai/raw/plan_api/static/2023/88.json,1
2023,综合,88,中国民航大学,107560,02,物理/化学(2选1),081802,交通工程,3,5800,四年,https://static-data.gaokao.cn/www/2.0/schoolspecialplan/88/2023/31.json?a=www.gaokao.cn,data/shanghai/raw/plan_api/static/2023/88.json,1
2023,综合,88,中国民航大学,107559,03,不限,030101K,法学,2,5200,四年,https://static-data.gaokao.cn/www/2.0/schoolspecialplan/88/2023/31.json?a=www.gaokao.cn,data/shanghai/raw/plan_api/static/2023/88.json,1
2023,综合,88,中国民航大学,107559,03,不限,050261,翻译,2,5800,四年,https://static-data.gaokao.cn/www/2.0/schoolspecialplan/88/2023/31.json?a=www.gaokao.cn,data/shanghai/raw/plan_api/static/2023/88.json,1
2023,综合,88,中国民航大学,107559,03,不限,120601,物流管理,2,5200,四年,https://static-data.gaokao.cn/www/2.0/schoolspecialplan/88/2023/31.json?a=www.gaokao.cn,data/shanghai/raw/plan_api/static/2023/88.json,1
2023,综合,88,中国民航大学,107560,02,物理/化学(2选1),081504,油气储运工程,1,5800,四年,https://static-data.gaokao.cn/www/2.0/schoolspecialplan/88/2023/31.json?a=www.gaokao.cn,data/shanghai/raw/plan_api/static/2023/88.json,1
2023,综合,88,中国民航大学,107559,03,不限,071102,应用心理学,1,5800,四年,https://static-data.gaokao.cn/www/2.0/schoolspecialplan/88/2023/31.json?a=www.gaokao.cn,data/shanghai/raw/plan_api/static/2023/88.json,1
2023,综合,88,中国民航大学,107559,03,不限,120419TK,航空安防管理,1,5200,四年,https://static-data.gaokao.cn/www/2.0/schoolspecialplan/88/2023/31.json?a=www.gaokao.cn,data/shanghai/raw/plan_api/static/2023/88.json,1
2023,综合,88,中国民航大学,107558,04,思想政治必选,030503,思想政治教育,1,5200,四年,https://static-data.gaokao.cn/www/2.0/schoolspecialplan/88/2023/31.json?a=www.gaokao.cn,data/shanghai/raw/plan_api/static/2023/88.json,1
2023,综合,89,天津中医药大学,107551,01,不限,071102,应用心理学,2,5400,四年,https://static-data.gaokao.cn/www/2.0/schoolspecialplan/89/2023/31.json?a=www.gaokao.cn,data/shanghai/raw/plan_api/static/2023/89.json,1
2023,综合,89,天津中医药大学,107551,01,不限,1202,工商管理类,2,4400,四年,https://static-data.gaokao.cn/www/2.0/schoolspecialplan/89/2023/31.json?a=www.gaokao.cn,data/shanghai/raw/plan_api/static/2023/89.json,1
2023,综合,89,天津中医药大学,107550,02,物/化/生(3选1),1005,中医学类,9,5800,五年,https://static-data.gaokao.cn/www/2.0/schoolspecialplan/89/2023/31.json?a=www.gaokao.cn,data/shanghai/raw/plan_api/static/2023/89.json,1
2023,综合,89,天津中医药大学,107550,02,物/化/生(3选1),100703TK,临床药学,2,5800,五年,https://static-data.gaokao.cn/www/2.0/schoolspecialplan/89/2023/31.json?a=www.gaokao.cn,data/shanghai/raw/plan_api/static/2023/89.json,1
2023,综合,89,天津中医药大学,107550,02,物/化/生(3选1),1007,药学类,2,5800,四年,https://static-data.gaokao.cn/www/2.0/schoolspecialplan/89/2023/31.json?a=www.gaokao.cn,data/shanghai/raw/plan_api/static/2023/89.json,1
2023,综合,89,天津中医药大学,107550,02,物/化/生(3选1),1008,中药学类,2,5800,四年,https://static-data.gaokao.cn/www/2.0/schoolspecialplan/89/2023/31.json?a=www.gaokao.cn,data/shanghai/raw/plan_api/static/2023/89.json,1
2023,综合,89,天津中医药大学,107549,03,物/化/生(3选1),100703TK,临床药学,2,28000,五年,https://static-data.gaokao.cn/www/2.0/schoolspecialplan/89/2023/31.json?a=www.gaokao.cn,data/shanghai/raw/plan_api/static/2023/89.json,1
2023,综合,89,天津中医药大学,107548,04,化学、生物(2科必选),100401K,预防医学,2,5800,五年,https://static-data.gaokao.cn/www/2.0/schoolspecialplan/89/2023/31.json?a=www.gaokao.cn,data/shanghai/raw/plan_api/static/2023/89.json,1
2023,综合,89,天津中医药大学,107547,05,物理必选,071202,应用统计学,2,5400,四年,https://static-data.gaokao.cn/www/2.0/schoolspecialplan/89/2023/31.json?a=www.gaokao.cn,data/shanghai/raw/plan_api/static/2023/89.json,1
2023,综合,91,天津城建大学,107540,01,物理必选,081002,建筑环境与能源应用工程,1,5400,四年,https://static-data.gaokao.cn/www/2.0/schoolspecialplan/91/2023/31.json?a=www.gaokao.cn,data/shanghai/raw/plan_api/static/2023/91.json,1
2023,综合,91,天津城建大学,107540,01,物理必选,081003,给排水科学与工程,1,5400,四年,https://static-data.gaokao.cn/www/2.0/schoolspecialplan/91/2023/31.json?a=www.gaokao.cn,data/shanghai/raw/plan_api/static/2023/91.json,1
2023,综合,91,天津城建大学,107540,01,物理必选,081201,测绘工程,1,5400,四年,https://static-data.gaokao.cn/www/2.0/schoolspecialplan/91/2023/31.json?a=www.gaokao.cn,data/shanghai/raw/plan_api/static/2023/91.json,1
2023,综合,91,天津城建大学,107540,01,物理必选,080213T,智能制造工程,1,5400,四年,https://static-data.gaokao.cn/www/2.0/schoolspecialplan/91/2023/31.json?a=www.gaokao.cn,data/shanghai/raw/plan_api/static/2023/91.json,1
2023,综合,91,天津城建大学,107540,01,物理必选,080717T,人工智能,1,5400,四年,https://static-data.gaokao.cn/www/2.0/schoolspecialplan/91/2023/31.json?a=www.gaokao.cn,data/shanghai/raw/plan_api/static/2023/91.json,1
2023,综合,91,天津城建大学,107540,01,物理必选,081008T,智能建造,1,5400,四年,https://static-data.gaokao.cn/www/2.0/schoolspecialplan/91/2023/31.json?a=www.gaokao.cn,data/shanghai/raw/plan_api/static/2023/91.json,1
2023,综合,91,天津城建大学,107540,01,物理必选,081001,土木工程,1,5400,四年,https://static-data.gaokao.cn/www/2.0/schoolspecialplan/91/2023/31.json?a=www.gaokao.cn,data/shanghai/raw/plan_api/static/2023/91.json,1
2023,综合,91,天津城建大学,107540,01,物理必选,081004,建筑电气与智能化,1,5400,四年,https://static-data.gaokao.cn/www/2.0/schoolspecialplan/91/2023/31.json?a=www.gaokao.cn,data/shanghai/raw/plan_api/static/2023/91.json,1
2023,综合,91,天津城建大学,107540,01,物理必选,082801,建筑学,1,5400,五年,https://static-data.gaokao.cn/www/2.0/schoolspecialplan/91/2023/31.json?a=www.gaokao.cn,data/shanghai/raw/plan_api/static/2023/91.json,1
2023,综合,91,天津城建大学,107540,01,物理必选,082802,城乡规划,1,5400,五年,https://static-data.gaokao.cn/www/2.0/schoolspecialplan/91/2023/31.json?a=www.gaokao.cn,data/shanghai/raw/plan_api/static/2023/91.json,1
2023,综合,91,天津城建大学,107540,01,物理必选,1201,管理科学与工程类,1,4400,四年,https://static-data.gaokao.cn/www/2.0/schoolspecialplan/91/2023/31.json?a=www.gaokao.cn,data/shanghai/raw/plan_api/static/2023/91.json,1
2023,综合,96,广西大学,106661,01,物/化/生(3选1),070701,海洋科学,5,5965,四年,https://static-data.gaokao.cn/www/2.0/schoolspecialplan/96/2023/31.json?a=www.gaokao.cn,data/shanghai/raw/plan_api/static/2023/96.json,1
2023,综合,96,广西大学,106661,01,物/化/生(3选1),071002,生物技术,5,5965,四年,https://static-data.gaokao.cn/www/2.0/schoolspecialplan/96/2023/31.json?a=www.gaokao.cn,data/shanghai/raw/plan_api/static/2023/96.json,1
2023,综合,97,兰州大学,106472,01,不限,0201,经济学类,5,5500,四年,https://static-data.gaokao.cn/www/2.0/schoolspecialplan/97/2023/31.json?a=www.gaokao.cn,data/shanghai/raw/plan_api/static/2023/97.json,1
2023,综合,97,兰州大学,106472,01,不限,0503,新闻传播学类,4,5500,四年,https://static-data.gaokao.cn/www/2.0/schoolspecialplan/97/2023/31.json?a=www.gaokao.cn,data/shanghai/raw/plan_api/static/2023/97.json,1
2023,综合,97,兰州大学,106471,02,物理必选,0807,电子信息类,6,5800,四年,https://static-data.gaokao.cn/www/2.0/schoolspecialplan/97/2023/31.json?a=www.gaokao.cn,data/shanghai/raw/plan_api/static/2023/97.json,1
2023,综合,97,兰州大学,106471,02,物理必选,0702,物理学类,5,5800,四年,https://static-data.gaokao.cn/www/2.0/schoolspecialplan/97/2023/31.json?a=www.gaokao.cn,data/shanghai/raw/plan_api/static/2023/97.json,1
2023,综合,97,兰州大学,106470,03,物理、化学(2科必选),0804,材料类,5,5800,四年,https://static-data.gaokao.cn/www/2.0/schoolspecialplan/97/2023/31.json?a=www.gaokao.cn,data/shanghai/raw/plan_api/static/2023/97.json,1
2023,综合,97,兰州大学,106469,04,物/化/生(3选1),1202,工商管理类,5,5500,四年,https://static-data.gaokao.cn/www/2.0/schoolspecialplan/97/2023/31.json?a=www.gaokao.cn,data/shanghai/raw/plan_api/static/2023/97.json,1
2023,综合,99,四川大学,106606,01,不限,0203,金融学类,3,4440,四年,https://static-data.gaokao.cn/www/2.0/schoolspecialplan/99/2023/31.json?a=www.gaokao.cn,data/shanghai/raw/plan_api/static/2023/99.json,1
2023,综合,99,四川大学,106606,01,不限,0201,经济学类,2,4440,四年,https://static-data.gaokao.cn/www/2.0/schoolspecialplan/99/2023/31.json?a=www.gaokao.cn,data/shanghai/raw/plan_api/static/2023/99.json,1
2023,综合,99,四川大学,106606,01,不限,0501,中国语言文学类,2,4440,四年,https://static-data.gaokao.cn/www/2.0/schoolspecialplan/99/2023/31.json?a=www.gaokao.cn,data/shanghai/raw/plan_api/static/2023/99.json,1
2023,综合,99,四川大学,106606,01,不限,120203K,会计学,2,4440,四年,https://static-data.gaokao.cn/www/2.0/schoolspecialplan/99/2023/31.json?a=www.gaokao.cn,data/shanghai/raw/plan_api/static/2023/99.json,1
2023,综合,99,四川大学,106605,02,物理必选,0804,材料类,3,4920,四年,https://static-data.gaokao.cn/www/2.0/schoolspecialplan/99/2023/31.json?a=www.gaokao.cn,data/shanghai/raw/plan_api/static/2023/99.json,1
2023,综合,99,四川大学,106605,02,物理必选,2092606,工科试验班,2,4920,四年,https://static-data.gaokao.cn/www/2.0/schoolspecialplan/99/2023/31.json?a=www.gaokao.cn,data/shanghai/raw/plan_api/static/2023/99.json,1
2023,综合,99,四川大学,106605,02,物理必选,0807,电子信息类,2,4920,四年,https://static-data.gaokao.cn/www/2.0/schoolspecialplan/99/2023/31.json?a=www.gaokao.cn,data/shanghai/raw/plan_api/static/2023/99.json,1
2023,综合,99,四川大学,106605,02,物理必选,0809,计算机类,2,4920,四年,https://static-data.gaokao.cn/www/2.0/schoolspecialplan/99/2023/31.json?a=www.gaokao.cn,data/shanghai/raw/plan_api/static/2023/99.json,1
2023,综合,99,四川大学,106605,02,物理必选,080902,软件工程,2,9960,四年,https://static-data.gaokao.cn/www/2.0/schoolspecialplan/99/2023/31.json?a=www.gaokao.cn,data/shanghai/raw/plan_api/static/2023/99.json,1
2023,综合,99,四川大学,106603,04,物理、化学(2科必选),100201K,临床医学,2,6000,五年,https://static-data.gaokao.cn/www/2.0/schoolspecialplan/99/2023/31.json?a=www.gaokao.cn,data/shanghai/raw/plan_api/static/2023/99.json,1
2023,综合,99,四川大学,106602,05,物理必选,080401,材料科学与工程,2,65000,四年,https://static-data.gaokao.cn/www/2.0/schoolspecialplan/99/2023/31.json?a=www.gaokao.cn,data/shanghai/raw/plan_api/static/2023/99.json,1
2023,综合,99,四川大学,106602,05,物理必选,080701,电子信息工程,2,65000,四年,https://static-data.gaokao.cn/www/2.0/schoolspecialplan/99/2023/31.json?a=www.gaokao.cn,data/shanghai/raw/plan_api/static/2023/99.json,1
2023,综合,99,四川大学,106602,05,物理必选,080901,计算机科学与技术,2,65000,四年,https://static-data.gaokao.cn/www/2.0/schoolspecialplan/99/2023/31.json?a=www.gaokao.cn,data/shanghai/raw/plan_api/static/2023/99.json,1
2023,综合,99,四川大学,106602,05,物理必选,120701,工业工程,2,65000,四年,https://static-data.gaokao.cn/www/2.0/schoolspecialplan/99/2023/31.json?a=www.gaokao.cn,data/shanghai/raw/plan_api/static/2023/99.json,1
2023,综合,99,四川大学,106604,03,物/化/生(3选1),100301K,口腔医学,1,6000,五年,https://static-data.gaokao.cn/www/2.0/schoolspecialplan/99/2023/31.json?a=www.gaokao.cn,data/shanghai/raw/plan_api/static/2023/99.json,1
2023,综合,100,四川农业大学,106571,01,物/化/生(3选1),090401,动物医学,3,,五年,https://static-data.gaokao.cn/www/2.0/schoolspecialplan/100/2023/31.json?a=www.gaokao.cn,data/shanghai/raw/plan_api/static/2023/100.json,1
2023,综合,100,四川农业大学,106571,01,物/化/生(3选1),082702,食品质量与安全,2,,四年,https://static-data.gaokao.cn/www/2.0/schoolspecialplan/100/2023/31.json?a=www.gaokao.cn,data/shanghai/raw/plan_api/static/2023/100.json,1
2023,综合,100,四川农业大学,106571,01,物/化/生(3选1),090107T,茶学,2,,四年,https://static-data.gaokao.cn/www/2.0/schoolspecialplan/100/2023/31.json?a=www.gaokao.cn,data/shanghai/raw/plan_api/static/2023/100.json,1
2023,综合,101,西南财经大学,106596,01,不限,020101,经济学,2,4600,四年,https://static-data.gaokao.cn/www/2.0/schoolspecialplan/101/2023/31.json?a=www.gaokao.cn,data/shanghai/raw/plan_api/static/2023/101.json,1
2023,综合,101,西南财经大学,106596,01,不限,0203,金融学类,2,4600,四年,https://static-data.gaokao.cn/www/2.0/schoolspecialplan/101/2023/31.json?a=www.gaokao.cn,data/shanghai/raw/plan_api/static/2023/101.json,1
2023,综合,101,西南财经大学,106596,01,不限,1202,工商管理类,1,4400,四年,https://static-data.gaokao.cn/www/2.0/schoolspecialplan/101/2023/31.json?a=www.gaokao.cn,data/shanghai/raw/plan_api/static/2023/101.json,1
2023,综合,101,西南财经大学,106596,01,不限,120203K,会计学,1,4600,四年,https://static-data.gaokao.cn/www/2.0/schoolspecialplan/101/2023/31.json?a=www.gaokao.cn,data/shanghai/raw/plan_api/static/2023/101.json,1
2023,综合,101,西南财经大学,106596,01,不限,120201K,工商管理,1,8000,四年,https://static-data.gaokao.cn/www/2.0/schoolspecialplan/101/2023/31.json?a=www.gaokao.cn,data/shanghai/raw/plan_api/static/2023/101.json,1
2023,综合,101,西南财经大学,106596,01,不限,020301K,金融学,1,8000,四年,https://static-data.gaokao.cn/www/2.0/schoolspecialplan/101/2023/31.json?a=www.gaokao.cn,data/shanghai/raw/plan_api/static/2023/101.json,1
2023,综合,101,西南财经大学,106596,01,不限,030101K,法学,1,4600,四年,https://static-data.gaokao.cn/www/2.0/schoolspecialplan/101/2023/31.json?a=www.gaokao.cn,data/shanghai/raw/plan_api/static/2023/101.json,1
2023,综合,101,西南财经大学,106596,01,不限,020310T,金融科技,1,4600,四年,https://static-data.gaokao.cn/www/2.0/schoolspecialplan/101/2023/31.json?a=www.gaokao.cn,data/shanghai/raw/plan_api/static/2023/101.json,1
2023,综合,101,西南财经大学,106594,03,不限,120203K,会计学,3,69000,四年,https://static-data.gaokao.cn/www/2.0/schoolspecialplan/101/2023/31.json?a=www.gaokao.cn,data/shanghai/raw/plan_api/static/2023/101.json,1
2023,综合,101,西南财经大学,106593,04,物理必选,120102,信息管理与信息系统,3,76000,四年,https://static-data.gaokao.cn/www/2.0/schoolspecialplan/101/2023/31.json?a=www.gaokao.cn,data/shanghai/raw/plan_api/static/2023/101.json,1
2023,综合,101,西南财经大学,106594,03,不限,120202,市场营销,2,69000,四年,https://static-data.gaokao.cn/www/2.0/schoolspecialplan/101/2023/31.json?a=www.gaokao.cn,data/shanghai/raw/plan_api/static/2023/101.json,1
2023,综合,101,西南财经大学,106593,04,物理必选,020305T,金融数学,2,76000,四年,https://static-data.gaokao.cn/www/2.0/schoolspecialplan/101/2023/31.json?a=www.gaokao.cn,data/shanghai/raw/plan_api/static/2023/101.json,1
2023,综合,101,西南财经大学,106593,04,物理必选,120601,物流管理,2,76000,四年,https://static-data.gaokao.cn/www/2.0/schoolspecialplan/101/2023/31.json?a=www.gaokao.cn,data/shanghai/raw/plan_api/static/2023/101.json,1
2023,综合,101,西南财经大学,106595,02,物理必选,020305T,金融数学,1,4600,四年,https://static-data.gaokao.cn/www/2.0/schoolspecialplan/101/2023/31.json?a=www.gaokao.cn,data/shanghai/raw/plan_api/static/2023/101.json,1
2023,综合,101,西南财经大学,106595,02,物理必选,120110T,计算金融,1,4600,四年,https://static-data.gaokao.cn/www/2.0/schoolspecialplan/101/2023/31.json?a=www.gaokao.cn,data/shanghai/raw/plan_api/static/2023/101.json,1
2023,综合,101,西南财经大学,106595,02,物理必选,020109T,数字经济,1,4600,四年,https://static-data.gaokao.cn/www/2.0/schoolspecialplan/101/2023/31.json?a=www.gaokao.cn,data/shanghai/raw/plan_api/static/2023/101.json,1
2023,综合,101,西南财经大学,106595,02,物理必选,070101,数学与应用数学,1,4600,四年,https://static-data.gaokao.cn/www/2.0/schoolspecialplan/101/2023/31.json?a=www.gaokao.cn,data/shanghai/raw/plan_api/static/2023/101.json,1
2023,综合,101,西南财经大学,106595,02,物理必选,0712,统计学类,1,4600,四年,https://static-data.gaokao.cn/www/2.0/schoolspecialplan/101/2023/31.json?a=www.gaokao.cn,data/shanghai/raw/plan_api/static/2023/101.json,1
2023,综合,102,厦门大学,107041,01,不限,0201,经济学类,6,5460,四年,https://static-data.gaokao.cn/www/2.0/schoolspecialplan/102/2023/31.json?a=www.gaokao.cn,data/shanghai/raw/plan_api/static/2023/102.json,1
2023,综合,102,厦门大学,107041,01,不限,0301,法学类,2,5460,四年,https://static-data.gaokao.cn/www/2.0/schoolspecialplan/102/2023/31.json?a=www.gaokao.cn,data/shanghai/raw/plan_api/static/2023/102.json,1
2023,综合,102,厦门大学,107041,01,不限,120203K,会计学,2,5460,四年,https://static-data.gaokao.cn/www/2.0/schoolspecialplan/102/2023/31.json?a=www.gaokao.cn,data/shanghai/raw/plan_api/static/2023/102.json,1
2023,综合,102,厦门大学,107041,01,不限,0502,外国语言文学类,1,5460,四年,https://static-data.gaokao.cn/www/2.0/schoolspecialplan/102/2023/31.json?a=www.gaokao.cn,data/shanghai/raw/plan_api/static/2023/102.json,1
2023,综合,102,厦门大学,107041,01,不限,0503,新闻传播学类,1,5460,四年,https://static-data.gaokao.cn/www/2.0/schoolspecialplan/102/2023/31.json?a=www.gaokao.cn,data/shanghai/raw/plan_api/static/2023/102.json,1
2023,综合,102,厦门大学,107038,04,物/化/生(3选1),2092070,理科试验班,3,5460,四年,https://static-data.gaokao.cn/www/2.0/schoolspecialplan/102/2023/31.json?a=www.gaokao.cn,data/shanghai/raw/plan_api/static/2023/102.json,1
2023,综合,102,厦门大学,107040,02,物理必选,0701,数学类,2,5460,四年,https://static-data.gaokao.cn/www/2.0/schoolspecialplan/102/2023/31.json?a=www.gaokao.cn,data/shanghai/raw/plan_api/static/2023/102.json,1
2023,综合,102,厦门大学,107040,02,物理必选,0807,电子信息类,2,5460,四年,https://static-data.gaokao.cn/www/2.0/schoolspecialplan/102/2023/31.json?a=www.gaokao.cn,data/shanghai/raw/plan_api/static/2023/102.json,1
2023,综合,102,厦门大学,107040,02,物理必选,0809,计算机类,2,5460,四年,https://static-data.gaokao.cn/www/2.0/schoolspecialplan/102/2023/31.json?a=www.gaokao.cn,data/shanghai/raw/plan_api/static/2023/102.json,1
2023,综合,102,厦门大学,107039,03,物理、化学(2科必选),0710,生物科学类,2,5460,四年,https://static-data.gaokao.cn/www/2.0/schoolspecialplan/102/2023/31.json?a=www.gaokao.cn,data/shanghai/raw/plan_api/static/2023/102.json,1
2023,综合,102,厦门大学,107040,02,物理必选,0712,统计学类,1,5460,四年,https://static-data.gaokao.cn/www/2.0/schoolspecialplan/102/2023/31.json?a=www.gaokao.cn,data/shanghai/raw/plan_api/static/2023/102.json,1
2023,综合,102,厦门大学,107040,02,物理必选,080910T,数据科学与大数据技术,1,5460,四年,https://static-data.gaokao.cn/www/2.0/schoolspecialplan/102/2023/31.json?a=www.gaokao.cn,data/shanghai/raw/plan_api/static/2023/102.json,1
2023,综合,103,福州大学,107036,01,物理必选,080202,机械设计制造及其自动化,4,5460,四年,https://static-data.gaokao.cn/www/2.0/schoolspecialplan/103/2023/31.json?a=www.gaokao.cn,data/shanghai/raw/plan_api/static/2023/103.json,1
2023,综合,103,福州大学,107036,01,物理必选,080902,软件工程,4,5460,四年,https://static-data.gaokao.cn/www/2.0/schoolspecialplan/103/2023/31.json?a=www.gaokao.cn,data/shanghai/raw/plan_api/static/2023/103.json,1
2023,综合,103,福州大学,107036,01,物理必选,080602T,智能电网信息工程,3,5460,四年,https://static-data.gaokao.cn/www/2.0/schoolspecialplan/103/2023/31.json?a=www.gaokao.cn,data/shanghai/raw/plan_api/static/2023/103.json,1
2023,综合,103,福州大学,107036,01,物理必选,0807,电子信息类,3,5460,四年,https://static-data.gaokao.cn/www/2.0/schoolspecialplan/103/2023/31.json?a=www.gaokao.cn,data/shanghai/raw/plan_api/static/2023/103.json,1
2023,综合,103,福州大学,107036,01,物理必选,080717T,人工智能,3,5460,四年,https://static-data.gaokao.cn/www/2.0/schoolspecialplan/103/2023/31.json?a=www.gaokao.cn,data/shanghai/raw/plan_api/static/2023/103.json,1
2023,综合,103,福州大学,107035,02,不限,050101,汉语言文学,3,5460,四年,https://static-data.gaokao.cn/www/2.0/schoolspecialplan/103/2023/31.json?a=www.gaokao.cn,data/shanghai/raw/plan_api/static/2023/103.json,1
2023,综合,103,福州大学,107035,02,不限,120203K,会计学,3,5460,四年,https://static-data.gaokao.cn/www/2.0/schoolspecialplan/103/2023/31.json?a=www.gaokao.cn,data/shanghai/raw/plan_api/static/2023/103.json,1
2023,综合,103,福州大学,107035,02,不限,120401,公共事业管理,3,5460,四年,https://static-data.gaokao.cn/www/2.0/schoolspecialplan/103/2023/31.json?a=www.gaokao.cn,data/shanghai/raw/plan_api/static/2023/103.json,1
2023,综合,104,中山大学,106708,01,不限,020101,经济学,3,6060,四年,https://static-data.gaokao.cn/www/2.0/schoolspecialplan/104/2023/31.json?a=www.gaokao.cn,data/shanghai/raw/plan_api/static/2023/104.json,1
2023,综合,104,中山大学,106708,01,不限,030101K,法学,2,6060,四年,https://static-data.gaokao.cn/www/2.0/schoolspecialplan/104/2023/31.json?a=www.gaokao.cn,data/shanghai/raw/plan_api/static/2023/104.json,1
2023,综合,104,中山大学,106708,01,不限,050101,汉语言文学,2,6060,四年,https://static-data.gaokao.cn/www/2.0/schoolspecialplan/104/2023/31.json?a=www.gaokao.cn,data/shanghai/raw/plan_api/static/2023/104.json,1
2023,综合,104,中山大学,106708,01,不限,0503,新闻传播学类,2,6060,四年,https://static-data.gaokao.cn/www/2.0/schoolspecialplan/104/2023/31.json?a=www.gaokao.cn,data/shanghai/raw/plan_api/static/2023/104.json,1
2023,综合,104,中山大学,106708,01,不限,1204,公共管理类,2,6060,四年,https://static-data.gaokao.cn/www/2.0/schoolspecialplan/104/2023/31.json?a=www.gaokao.cn,data/shanghai/raw/plan_api/static/2023/104.json,1
2023,综合,104,中山大学,106707,02,物理、化学(2科必选),100201K,临床医学,7,7660,五年,https://static-data.gaokao.cn/www/2.0/schoolspecialplan/104/2023/31.json?a=www.gaokao.cn,data/shanghai/raw/plan_api/static/2023/104.json,1
2023,综合,104,中山大学,106706,03,物理必选,0807,电子信息类,5,6850,四年,https://static-data.gaokao.cn/www/2.0/schoolspecialplan/104/2023/31.json?a=www.gaokao.cn,data/shanghai/raw/plan_api/static/2023/104.json,1
2023,综合,104,中山大学,106706,03,物理必选,0701,数学类,3,6850,四年,https://static-data.gaokao.cn/www/2.0/schoolspecialplan/104/2023/31.json?a=www.gaokao.cn,data/shanghai/raw/plan_api/static/2023/104.json,1
2023,综合,104,中山大学,106706,03,物理必选,070201,物理学,3,6850,四年,https://static-data.gaokao.cn/www/2.0/schoolspecialplan/104/2023/31.json?a=www.gaokao.cn,data/shanghai/raw/plan_api/static/2023/104.json,1
2023,综合,104,中山大学,106706,03,物理必选,082601,生物医学工程,3,6850,四年,https://static-data.gaokao.cn/www/2.0/schoolspecialplan/104/2023/31.json?a=www.gaokao.cn,data/shanghai/raw/plan_api/static/2023/104.json,1
2023,综合,104,中山大学,106706,03,物理必选,071004,生态学,2,6850,四年,https://static-data.gaokao.cn/www/2.0/schoolspecialplan/104/2023/31.json?a=www.gaokao.cn,data/shanghai/raw/plan_api/static/2023/104.json,1
2023,综合,104,中山大学,106706,03,物理必选,071101,心理学,2,6850,四年,https://static-data.gaokao.cn/www/2.0/schoolspecialplan/104/2023/31.json?a=www.gaokao.cn,data/shanghai/raw/plan_api/static/2023/104.json,1
2023,综合,104,中山大学,106706,03,物理必选,0825,环境科学与工程类,2,6850,四年,https://static-data.gaokao.cn/www/2.0/schoolspecialplan/104/2023/31.json?a=www.gaokao.cn,data/shanghai/raw/plan_api/static/2023/104.json,1
2023,综合,105,华南理工大学,106705,01,物理必选,2016942,工科试验班,2,6850,4,https://static-data.gaokao.cn/www/2.0/schoolspecialplan/105/2023/31.json?a=www.gaokao.cn,data/shanghai/raw/plan_api/static/2023/105.json,1
2023,综合,105,华南理工大学,106705,01,物理必选,080706,信息工程,1,6850,4,https://static-data.gaokao.cn/www/2.0/schoolspecialplan/105/2023/31.json?a=www.gaokao.cn,data/shanghai/raw/plan_api/static/2023/105.json,1
2023,综合,105,华南理工大学,106705,01,物理必选,020310T,金融科技,1,6060,4,https://static-data.gaokao.cn/www/2.0/schoolspecialplan/105/2023/31.json?a=www.gaokao.cn,data/shanghai/raw/plan_api/static/2023/105.json,1
2023,综合,105,华南理工大学,106705,01,物理必选,120108T,大数据管理与应用,1,6060,4,https://static-data.gaokao.cn/www/2.0/schoolspecialplan/105/2023/31.json?a=www.gaokao.cn,data/shanghai/raw/plan_api/static/2023/105.json,1
2023,综合,105,华南理工大学,106705,01,物理必选,0806,电气类,1,6850,4,https://static-data.gaokao.cn/www/2.0/schoolspecialplan/105/2023/31.json?a=www.gaokao.cn,data/shanghai/raw/plan_api/static/2023/105.json,1
2023,综合,105,华南理工大学,106705,01,物理必选,0809,计算机类,1,6850,4,https://static-data.gaokao.cn/www/2.0/schoolspecialplan/105/2023/31.json?a=www.gaokao.cn,data/shanghai/raw/plan_api/static/2023/105.json,1
2023,综合,105,华南理工大学,106704,02,物/化/生(3选1),0827,食品科学与工程类,1,6850,4,https://static-data.gaokao.cn/www/2.0/schoolspecialplan/105/2023/31.json?a=www.gaokao.cn,data/shanghai/raw/plan_api/static/2023/105.json,1
2023,综合,106,暨南大学,106703,01,不限,050103,汉语国际教育,2,6060,四年,https://static-data.gaokao.cn/www/2.0/schoolspecialplan/106/2023/31.json?a=www.gaokao.cn,data/shanghai/raw/plan_api/static/2023/106.json,1
2023,综合,106,暨南大学,106703,01,不限,050261,翻译,2,6850,四年,https://static-data.gaokao.cn/www/2.0/schoolspecialplan/106/2023/31.json?a=www.gaokao.cn,data/shanghai/raw/plan_api/static/2023/106.json,1
2023,综合,106,暨南大学,106703,01,不限,050309T,国际新闻与传播,2,12000,四年,https://static-data.gaokao.cn/www/2.0/schoolspecialplan/106/2023/31.json?a=www.gaokao.cn,data/shanghai/raw/plan_api/static/2023/106.json,1
2023,综合,106,暨南大学,106703,01,不限,120201K,工商管理,2,6060,四年,https://static-data.gaokao.cn/www/2.0/schoolspecialplan/106/2023/31.json?a=www.gaokao.cn,data/shanghai/raw/plan_api/static/2023/106.json,1
2023,综合,106,暨南大学,106703,01,不限,120203K,会计学,2,18000,四年,https://static-data.gaokao.cn/www/2.0/schoolspecialplan/106/2023/31.json?a=www.gaokao.cn,data/shanghai/raw/plan_api/static/2023/106.json,1
2023,综合,106,暨南大学,106702,02,化学必选,070302,应用化学,2,6850,四年,https://static-data.gaokao.cn/www/2.0/schoolspecialplan/106/2023/31.json?a=www.gaokao.cn,data/shanghai/raw/plan_api/static/2023/106.json,1
2023,综合,106,暨南大学,106701,03,物理必选,080601,电气工程及其自动化,2,6850,四年,https://static-data.gaokao.cn/www/2.0/schoolspecialplan/106/2023/31.json?a=www.gaokao.cn,data/shanghai/raw/plan_api/static/2023/106.json,1
2023,综合,106,暨南大学,106701,03,物理必选,080705,光电信息科学与工程,2,6850,四年,https://static-data.gaokao.cn/www/2.0/schoolspecialplan/106/2023/31.json?a=www.gaokao.cn,data/shanghai/raw/plan_api/static/2023/106.json,1
2023,综合,106,暨南大学,106701,03,物理必选,120102,信息管理与信息系统,2,6850,四年,https://static-data.gaokao.cn/www/2.0/schoolspecialplan/106/2023/31.json?a=www.gaokao.cn,data/shanghai/raw/plan_api/static/2023/106.json,1
2023,综合,106,暨南大学,106700,04,物/化/生(3选1),082701,食品科学与工程,2,6850,四年,https://static-data.gaokao.cn/www/2.0/schoolspecialplan/106/2023/31.json?a=www.gaokao.cn,data/shanghai/raw/plan_api/static/2023/106.json,1
2023,综合,106,暨南大学,106700,04,物/化/生(3选1),100301K,口腔医学,2,7660,五年,https://static-data.gaokao.cn/www/2.0/schoolspecialplan/106/2023/31.json?a=www.gaokao.cn,data/shanghai/raw/plan_api/static/2023/106.json,1
2023,综合,107,西北工业大学,106518,01,物理必选,0819,海洋工程类,2,6600,四年,https://static-data.gaokao.cn/www/2.0/schoolspecialplan/107/2023/31.json?a=www.gaokao.cn,data/shanghai/raw/plan_api/static/2023/107.json,1
2023,综合,107,西北工业大学,106518,01,物理必选,0804,材料类,2,6600,四年,https://static-data.gaokao.cn/www/2.0/schoolspecialplan/107/2023/31.json?a=www.gaokao.cn,data/shanghai/raw/plan_api/static/2023/107.json,1
2023,综合,107,西北工业大学,106518,01,物理必选,0805,能源动力类,2,6600,四年,https://static-data.gaokao.cn/www/2.0/schoolspecialplan/107/2023/31.json?a=www.gaokao.cn,data/shanghai/raw/plan_api/static/2023/107.json,1
2023,综合,107,西北工业大学,106518,01,物理必选,0807,电子信息类,2,6600,四年,https://static-data.gaokao.cn/www/2.0/schoolspecialplan/107/2023/31.json?a=www.gaokao.cn,data/shanghai/raw/plan_api/static/2023/107.json,1
2023,综合,107,西北工业大学,106518,01,物理必选,0809,计算机类,2,6600,四年,https://static-data.gaokao.cn/www/2.0/schoolspecialplan/107/2023/31.json?a=www.gaokao.cn,data/shanghai/raw/plan_api/static/2023/107.json,1
2023,综合,107,西北工业大学,106518,01,物理必选,0820,航空航天类,1,6600,四年,https://static-data.gaokao.cn/www/2.0/schoolspecialplan/107/2023/31.json?a=www.gaokao.cn,data/shanghai/raw/plan_api/static/2023/107.json,1
2023,综合,107,西北工业大学,106515,04,物理必选,080401,材料科学与工程,4,70000,四年,https://static-data.gaokao.cn/www/2.0/schoolspecialplan/107/2023/31.json?a=www.gaokao.cn,data/shanghai/raw/plan_api/static/2023/107.json,1
2023,综合,107,西北工业大学,106516,03,物/化/生(3选1),071002,生物技术,3,6600,四年,https://static-data.gaokao.cn/www/2.0/schoolspecialplan/107/2023/31.json?a=www.gaokao.cn,data/shanghai/raw/plan_api/static/2023/107.json,1
2023,综合,107,西北工业大学,106515,04,物理必选,080407,高分子材料与工程,3,70000,四年,https://static-data.gaokao.cn/www/2.0/schoolspecialplan/107/2023/31.json?a=www.gaokao.cn,data/shanghai/raw/plan_api/static/2023/107.json,1
2023,综合,107,西北工业大学,106517,02,不限,1202,工商管理类,2,5500,四年,https://static-data.gaokao.cn/www/2.0/schoolspecialplan/107/2023/31.json?a=www.gaokao.cn,data/shanghai/raw/plan_api/static/2023/107.json,1
2023,综合,107,西北工业大学,106516,03,物/化/生(3选1),071004,生态学,1,6600,四年,https://static-data.gaokao.cn/www/2.0/schoolspecialplan/107/2023/31.json?a=www.gaokao.cn,data/shanghai/raw/plan_api/static/2023/107.json,1
2023,综合,108,南昌大学,107013,01,物/化/生(3选1),0710,生物科学类,2,5250,四年,https://static-data.gaokao.cn/www/2.0/schoolspecialplan/108/2023/31.json?a=www.gaokao.cn,data/shanghai/raw/plan_api/static/2023/108.json,1
2023,综合,108,南昌大学,107010,04,化学、生物(2科必选),100201K,临床医学,2,5550,五年,https://static-data.gaokao.cn/www/2.0/schoolspecialplan/108/2023/31.json?a=www.gaokao.cn,data/shanghai/raw/plan_api/static/2023/108.json,1
2023,综合,108,南昌大学,107012,02,物理必选,080601,电气工程及其自动化,2,5550,四年,https://static-data.gaokao.cn/www/2.0/schoolspecialplan/108/2023/31.json?a=www.gaokao.cn,data/shanghai/raw/plan_api/static/2023/108.json,1
2023,综合,108,南昌大学,107011,03,不限,020301K,金融学,2,4950,四年,https://static-data.gaokao.cn/www/2.0/schoolspecialplan/108/2023/31.json?a=www.gaokao.cn,data/shanghai/raw/plan_api/static/2023/108.json,1
2023,综合,108,南昌大学,107009,05,化学、生物(2科必选),100201K,临床医学,2,60000,五年,https://static-data.gaokao.cn/www/2.0/schoolspecialplan/108/2023/31.json?a=www.gaokao.cn,data/shanghai/raw/plan_api/static/2023/108.json,1
2023,综合,109,东南大学,107320,01,物/地/史(3选1),0828,建筑类,3,6380,五年,https://static-data.gaokao.cn/www/2.0/schoolspecialplan/109/2023/31.json?a=www.gaokao.cn,data/shanghai/raw/plan_api/static/2023/109.json,1
2023,综合,109,东南大学,107319,02,物理必选,2091647,工科试验班,15,6380,四年,https://static-data.gaokao.cn/www/2.0/schoolspecialplan/109/2023/31.json?a=www.gaokao.cn,data/shanghai/raw/plan_api/static/2023/109.json,1
2023,综合,109,东南大学,107319,02,物理必选,0807,电子信息类,15,6380,四年,https://static-data.gaokao.cn/www/2.0/schoolspecialplan/109/2023/31.json?a=www.gaokao.cn,data/shanghai/raw/plan_api/static/2023/109.json,1
2023,综合,109,东南大学,107319,02,物理必选,0809,计算机类,8,6380,四年,https://static-data.gaokao.cn/www/2.0/schoolspecialplan/109/2023/31.json?a=www.gaokao.cn,data/shanghai/raw/plan_api/static/2023/109.json,1
2023,综合,109,东南大学,107319,02,物理必选,2091646,工科试验班,3,6380,四年,https://static-data.gaokao.cn/www/2.0/schoolspecialplan/109/2023/31.json?a=www.gaokao.cn,data/shanghai/raw/plan_api/static/2023/109.json,1
2023,综合,111,南京大学,107325,01,不限,2091623,经济管理试验班,5,5720,四年,https://static-data.gaokao.cn/www/2.0/schoolspecialplan/111/2023/31.json?a=www.gaokao.cn,data/shanghai/raw/plan_api/static/2023/111.json,1
2023,综合,111,南京大学,107325,01,不限,2091622,社会科学试验班,1,5720,四年,https://static-data.gaokao.cn/www/2.0/schoolspecialplan/111/2023/31.json?a=www.gaokao.cn,data/shanghai/raw/plan_api/static/2023/111.json,1
2023,综合,111,南京大学,107325,01,不限,0502,外国语言文学类,1,5720,四年,https://static-data.gaokao.cn/www/2.0/schoolspecialplan/111/2023/31.json?a=www.gaokao.cn,data/shanghai/raw/plan_api/static/2023/111.json,1
2023,综合,111,南京大学,107323,03,物理、化学(2科必选),2091627,技术科学试验班,9,6380,四年,https://static-data.gaokao.cn/www/2.0/schoolspecialplan/111/2023/31.json?a=www.gaokao.cn,data/shanghai/raw/plan_api/static/2023/111.json,1
2023,综合,111,南京大学,107324,02,物理必选,080902,软件工程,8,6380,四年,https://static-data.gaokao.cn/www/2.0/schoolspecialplan/111/2023/31.json?a=www.gaokao.cn,data/shanghai/raw/plan_api/static/2023/111.json,1
2023,综合,111,南京大学,107321,05,物理必选,070601,大气科学,8,75000,四年,https://static-data.gaokao.cn/www/2.0/schoolspecialplan/111/2023/31.json?a=www.gaokao.cn,data/shanghai/raw/plan_api/static/2023/111.json,0
2023,综合,111,南京大学,107324,02,物理必选,2091625,理科试验班,7,6050,四年,https://static-data.gaokao.cn/www/2.0/schoolspecialplan/111/2023/31.json?a=www.gaokao.cn,data/shanghai/raw/plan_api/static/2023/111.json,1
2023,综合,111,南京大学,107324,02,物理必选,080901,计算机科学与技术,4,6050,四年,https://static-data.gaokao.cn/www/2.0/schoolspecialplan/111/2023/31.json?a=www.gaokao.cn,data/shanghai/raw/plan_api/static/2023/111.json,1
2023,综合,111,南京大学,107324,02,物理必选,080717T,人工智能,3,6380,四年,https://static-data.gaokao.cn/www/2.0/schoolspecialplan/111/2023/31.json?a=www.gaokao.cn,data/shanghai/raw/plan_api/static/2023/111.json,1
2023,综合,111,南京大学,107324,02,物理必选,0807,电子信息类,3,6380,四年,https://static-data.gaokao.cn/www/2.0/schoolspecialplan/111/2023/31.json?a=www.gaokao.cn,data/shanghai/raw/plan_api/static/2023/111.json,1
2023,综合,111,南京大学,107322,04,不限,130304,戏剧影视文学,3,7480,四年,https://static-data.gaokao.cn/www/2.0/schoolspecialplan/111/2023/31.json?a=www.gaokao.cn,data/shanghai/raw/plan_api/static/2023/111.json,0
2023,综合,111,南京大学,107323,03,物理、化学(2科必选),2091628,理科试验班类,1,6050,四年,https://static-data.gaokao.cn/www/2.0/schoolspecialplan/111/2023/31.json?a=www.gaokao.cn,data/shanghai/raw/plan_api/static/2023/111.json,1
2023,综合,112,南京理工大学,107298,01,物理必选,0804,材料类,8,6380,四年,https://static-data.gaokao.cn/www/2.0/schoolspecialplan/112/2023/31.json?a=www.gaokao.cn,data/shanghai/raw/plan_api/static/2023/112.json,1
2023,综合,112,南京理工大学,107298,01,物理必选,0807,电子信息类,6,5800,四年,https://static-data.gaokao.cn/www/2.0/schoolspecialplan/112/2023/31.json?a=www.gaokao.cn,data/shanghai/raw/plan_api/static/2023/112.json,1
2023,综合,112,南京理工大学,107298,01,物理必选,0802,机械类,2,6380,四年,https://static-data.gaokao.cn/www/2.0/schoolspecialplan/112/2023/31.json?a=www.gaokao.cn,data/shanghai/raw/plan_api/static/2023/112.json,1
2023,综合,112,南京理工大学,107298,01,物理必选,0805,能源动力类,3,5800,四年,https://static-data.gaokao.cn/www/2.0/schoolspecialplan/112/2023/31.json?a=www.gaokao.cn,data/shanghai/raw/plan_api/static/2023/112.json,1
2023,综合,112,南京理工大学,107298,01,物理必选,0809,计算机类,3,6380,四年,https://static-data.gaokao.cn/www/2.0/schoolspecialplan/112/2023/31.json?a=www.gaokao.cn,data/shanghai/raw/plan_api/static/2023/112.json,1
2023,综合,112,南京理工大学,107298,01,物理必选,080704,微电子科学与工程,2,5800,四年,https://static-data.gaokao.cn/www/2.0/schoolspecialplan/112/2023/31.json?a=www.gaokao.cn,data/shanghai/raw/plan_api/static/2023/112.json,1
2023,综合,113,南京农业大学,107308,01,不限,120203K,会计学,3,5200,四年,https://static-data.gaokao.cn/www/2.0/schoolspecialplan/113/2023/31.json?a=www.gaokao.cn,data/shanghai/raw/plan_api/static/2023/113.json,1
2023,综合,113,南京农业大学,107308,01,不限,020301K,金融学,3,5200,四年,https://static-data.gaokao.cn/www/2.0/schoolspecialplan/113/2023/31.json?a=www.gaokao.cn,data/shanghai/raw/plan_api/static/2023/113.json,1
2023,综合,113,南京农业大学,107308,01,不限,020304,投资学,2,5200,四年,https://static-data.gaokao.cn/www/2.0/schoolspecialplan/113/2023/31.json?a=www.gaokao.cn,data/shanghai/raw/plan_api/static/2023/113.json,1
2023,综合,113,南京农业大学,107308,01,不限,020401,国际经济与贸易,2,5200,四年,https://static-data.gaokao.cn/www/2.0/schoolspecialplan/113/2023/31.json?a=www.gaokao.cn,data/shanghai/raw/plan_api/static/2023/113.json,1
2023,综合,113,南京农业大学,107308,01,不限,0303,社会学类,2,5200,四年,https://static-data.gaokao.cn/www/2.0/schoolspecialplan/113/2023/31.json?a=www.gaokao.cn,data/shanghai/raw/plan_api/static/2023/113.json,1
2023,综合,113,南京农业大学,107308,01,不限,050201,英语,2,5200,四年,https://static-data.gaokao.cn/www/2.0/schoolspecialplan/113/2023/31.json?a=www.gaokao.cn,data/shanghai/raw/plan_api/static/2023/113.json,1
2023,综合,113,南京农业大学,107308,01,不限,050207,日语,2,5200,四年,https://static-data.gaokao.cn/www/2.0/schoolspecialplan/113/2023/31.json?a=www.gaokao.cn,data/shanghai/raw/plan_api/static/2023/113.json,1
2023,综合,113,南京农业大学,107308,01,不限,1202,工商管理类,2,5200,四年,https://static-data.gaokao.cn/www/2.0/schoolspecialplan/113/2023/31.json?a=www.gaokao.cn,data/shanghai/raw/plan_api/static/2023/113.json,1
2023,综合,113,南京农业大学,107308,01,不限,1204,公共管理类,2,5720,四年,https://static-data.gaokao.cn/www/2.0/schoolspecialplan/113/2023/31.json?a=www.gaokao.cn,data/shanghai/raw/plan_api/static/2023/113.json,1
2023,综合,113,南京农业大学,107307,02,物/化/生(3选1),0904,动物医学类,10,2750,五年,https://static-data.gaokao.cn/www/2.0/schoolspecialplan/113/2023/31.json?a=www.gaokao.cn,data/shanghai/raw/plan_api/static/2023/113.json,1
2023,综合,113,南京农业大学,107307,02,物/化/生(3选1),0827,食品科学与工程类,7,5800,四年,https://static-data.gaokao.cn/www/2.0/schoolspecialplan/113/2023/31.json?a=www.gaokao.cn,data/shanghai/raw/plan_api/static/2023/113.json,1
2023,综合,113,南京农业大学,107307,02,物/化/生(3选1),090103,植物保护,6,2750,四年,https://static-data.gaokao.cn/www/2.0/schoolspecialplan/113/2023/31.json?a=www.gaokao.cn,data/shanghai/raw/plan_api/static/2023/113.json,1
2023,综合,113,南京农业大学,107307,02,物/化/生(3选1),0825,环境科学与工程类,6,2750,四年,https://static-data.gaokao.cn/www/2.0/schoolspecialplan/113/2023/31.json?a=www.gaokao.cn,data/shanghai/raw/plan_api/static/2023/113.json,1
2023,综合,113,南京农业大学,107307,02,物/化/生(3选1),090102,园艺,4,2750,四年,https://static-data.gaokao.cn/www/2.0/schoolspecialplan/113/2023/31.json?a=www.gaokao.cn,data/shanghai/raw/plan_api/static/2023/113.json,1
2023,综合,113,南京农业大学,107307,02,物/化/生(3选1),090301,动物科学,2,2750,四年,https://static-data.gaokao.cn/www/2.0/schoolspecialplan/113/2023/31.json?a=www.gaokao.cn,data/shanghai/raw/plan_api/static/2023/113.json,1
2023,综合,114,浙江大学,107184,01,不限,2091797,社会科学试验班,7,5300,四年,https://static-data.gaokao.cn/www/2.0/schoolspecialplan/114/2023/31.json?a=www.gaokao.cn,data/shanghai/raw/plan_api/static/2023/114.json,1
2023,综合,114,浙江大学,107184,01,不限,2091798,社会科学试验班,3,5300,四年,https://static-data.gaokao.cn/www/2.0/schoolspecialplan/114/2023/31.json?a=www.gaokao.cn,data/shanghai/raw/plan_api/static/2023/114.json,1
2023,综合,114,浙江大学,107183,02,物理必选,2091800,工科试验班,5,6000,四年,https://static-data.gaokao.cn/www/2.0/schoolspecialplan/114/2023/31.json?a=www.gaokao.cn,data/shanghai/raw/plan_api/static/2023/114.json,1
2023,综合,114,浙江大学,107183,02,物理必选,2091799,工科试验班,2,6900,四年,https://static-data.gaokao.cn/www/2.0/schoolspecialplan/114/2023/31.json?a=www.gaokao.cn,data/shanghai/raw/plan_api/static/2023/114.json,1
2023,综合,114,浙江大学,107183,02,物理必选,2091801,理科试验班类,2,5300,四年,https://static-data.gaokao.cn/www/2.0/schoolspecialplan/114/2023/31.json?a=www.gaokao.cn,data/shanghai/raw/plan_api/static/2023/114.json,1
2023,综合,115,上海海大,107261,01,不限,040107,小学教育,3,5720,四年,https://static-data.gaokao.cn/www/2.0/schoolspecialplan/115/2023/31.json?a=www.gaokao.cn,data/shanghai/raw/plan_api/static/2023/115.json,1
2023,综合,115,上海海大,107261,01,不限,040106,学前教育,2,5720,四年,https://static-data.gaokao.cn/www/2.0/schoolspecialplan/115/2023/31.json?a=www.gaokao.cn,data/shanghai/raw/plan_api/static/2023/115.json,1
2023,综合,115,上海海大,107260,02,历史必选,0601,历史学类,3,5200,四年,https://static-data.gaokao.cn/www/2.0/schoolspecialplan/115/2023/31.json?a=www.gaokao.cn,data/shanghai/raw/plan_api/static/2023/115.json,1
2023,综合,115,上海海大,107258,04,物理必选,070703T,海洋资源与环境,3,6050,四年,https://static-data.gaokao.cn/www/2.0/schoolspecialplan/115/2023/31.json?a=www.gaokao.cn,data/shanghai/raw/plan_api/static/2023/115.json,1
2023,综合,115,上海海大,107259,03,物理、化学(2科必选),0703,化学类,2,6050,四年,https://static-data.gaokao.cn/www/2.0/schoolspecialplan/115/2023/31.json?a=www.gaokao.cn,data/shanghai/raw/plan_api/static/2023/115.json,1
2023,综合,116,河海大学,107316,01,物理必选,081101,水利水电工程,3,6380,四年,https://static-data.gaokao.cn/www/2.0/schoolspecialplan/116/2023/31.json?a=www.gaokao.cn,data/shanghai/raw/plan_api/static/2023/116.json,1
2023,综合,116,河海大学,107316,01,物理必选,081102,水文与水资源工程,3,6380,四年,https://static-data.gaokao.cn/www/2.0/schoolspecialplan/116/2023/31.json?a=www.gaokao.cn,data/shanghai/raw/plan_api/static/2023/116.json,1
2023,综合,116,河海大学,107316,01,物理必选,081103,港口航道与海岸工程,3,6380,四年,https://static-data.gaokao.cn/www/2.0/schoolspecialplan/116/2023/31.json?a=www.gaokao.cn,data/shanghai/raw/plan_api/static/2023/116.json,1
2023,综合,116,河海大学,107316,01,物理必选,081901,船舶与海洋工程,3,5800,四年,https://static-data.gaokao.cn/www/2.0/schoolspecialplan/116/2023/31.json?a=www.gaokao.cn,data/shanghai/raw/plan_api/static/2023/116.json,1
2023,综合,116,河海大学,107316,01,物理必选,080201,机械工程,2,5800,四年,https://static-data.gaokao.cn/www/2.0/schoolspecialplan/116/2023/31.json?a=www.gaokao.cn,data/shanghai/raw/plan_api/static/2023/116.json,1
2023,综合,116,河海大学,107316,01,物理必选,080601,电气工程及其自动化,2,6380,四年,https://static-data.gaokao.cn/www/2.0/schoolspecialplan/116/2023/31.json?a=www.gaokao.cn,data/shanghai/raw/plan_api/static/2023/116.json,1
2023,综合,116,河海大学,107316,01,物理必选,080803T,机器人工程,2,5800,四年,https://static-data.gaokao.cn/www/2.0/schoolspecialplan/116/2023/31.json?a=www.gaokao.cn,data/shanghai/raw/plan_api/static/2023/116.json,1
2023,综合,116,河海大学,107316,01,物理必选,080905,物联网工程,2,6380,四年,https://static-data.gaokao.cn/www/2.0/schoolspecialplan/116/2023/31.json?a=www.gaokao.cn,data/shanghai/raw/plan_api/static/2023/116.json,1
2023,综合,116,河海大学,107316,01,物理必选,080907T,智能科学与技术,2,6380,四年,https://static-data.gaokao.cn/www/2.0/schoolspecialplan/116/2023/31.json?a=www.gaokao.cn,data/shanghai/raw/plan_api/static/2023/116.json,1
2023,综合,116,河海大学,107315,02,物理/化学(2选1),082503,环境科学,5,26400,四年,https://static-data.gaokao.cn/www/2.0/schoolspecialplan/116/2023/31.json?a=www.gaokao.cn,data/shanghai/raw/plan_api/static/2023/116.json,1
2023,综合,116,河海大学,107314,03,不限,020302,金融工程,2,5200,四年,https://static-data.gaokao.cn/www/2.0/schoolspecialplan/116/2023/31.json?a=www.gaokao.cn,data/shanghai/raw/plan_api/static/2023/116.json,1
2023,综合,116,河海大学,107314,03,不限,050201,英语,2,5200,四年,https://static-data.gaokao.cn/www/2.0/schoolspecialplan/116/2023/31.json?a=www.gaokao.cn,data/shanghai/raw/plan_api/static/2023/116.json,1
2023,综合,117,中国药科大学,107306,01,物理/化学(2选1),1007,药学类,5,7480,四年,https://static-data.gaokao.cn/www/2.0/schoolspecialplan/117/2023/31.json?a=www.gaokao.cn,data/shanghai/raw/plan_api/static/2023/117.json,1
2023,综合,117,中国药科大学,107306,01,物理/化学(2选1),0813,化工与制药类,1,5800,四年,https://static-data.gaokao.cn/www/2.0/schoolspecialplan/117/2023/31.json?a=www.gaokao.cn,data/shanghai/raw/plan_api/static/2023/117.json,1
2023,综合,117,中国药科大学,107306,01,物理/化学(2选1),100707T,海洋药学,1,7480,四年,https://static-data.gaokao.cn/www/2.0/schoolspecialplan/117/2023/31.json?a=www.gaokao.cn,data/shanghai/raw/plan_api/static/2023/117.json,1
2023,综合,117,中国药科大学,107306,01,物理/化学(2选1),101012T,生物医药数据科学,1,6800,四年,https://static-data.gaokao.cn/www/2.0/schoolspecialplan/117/2023/31.json?a=www.gaokao.cn,data/shanghai/raw/plan_api/static/2023/117.json,1
2023,综合,117,中国药科大学,107304,03,物理/化学(2选1),100703TK,临床药学,5,26400,五年,https://static-data.gaokao.cn/www/2.0/schoolspecialplan/117/2023/31.json?a=www.gaokao.cn,data/shanghai/raw/plan_api/static/2023/117.json,1
2023,综合,117,中国药科大学,107305,02,物/化/生(3选1),071204T,生物统计学,1,5200,四年,https://static-data.gaokao.cn/www/2.0/schoolspecialplan/117/2023/31.json?a=www.gaokao.cn,data/shanghai/raw/plan_api/static/2023/117.json,1
2023,综合,117,中国药科大学,107305,02,物/化/生(3选1),083002T,生物制药,1,6380,四年,https://static-data.gaokao.cn/www/2.0/schoolspecialplan/117/2023/31.json?a=www.gaokao.cn,data/shanghai/raw/plan_api/static/2023/117.json,1
2023,综合,117,中国药科大学,107305,02,物/化/生(3选1),1008,中药学类,1,7480,四年,https://static-data.gaokao.cn/www/2.0/schoolspecialplan/117/2023/31.json?a=www.gaokao.cn,data/shanghai/raw/plan_api/static/2023/117.json,1
2023,综合,118,苏州大学,107297,01,不限,030101K,法学,1,5720,四年,https://static-data.gaokao.cn/www/2.0/schoolspecialplan/118/2023/31.json?a=www.gaokao.cn,data/shanghai/raw/plan_api/static/2023/118.json,1
2023,综合,118,苏州大学,107297,01,不限,120403,劳动与社会保障,1,5200,四年,https://static-data.gaokao.cn/www/2.0/schoolspecialplan/118/2023/31.json?a=www.gaokao.cn,data/shanghai/raw/plan_api/static/2023/118.json,1
2023,综合,118,苏州大学,107297,01,不限,020201K,财政学,1,5200,四年,https://static-data.gaokao.cn/www/2.0/schoolspecialplan/118/2023/31.json?a=www.gaokao.cn,data/shanghai/raw/plan_api/static/2023/118.json,1
2023,综合,118,苏州大学,107297,01,不限,050101,汉语言文学,1,5200,四年,https://static-data.gaokao.cn/www/2.0/schoolspecialplan/118/2023/31.json?a=www.gaokao.cn,data/shanghai/raw/plan_api/static/2023/118.json,1
2023,综合,118,苏州大学,107297,01,不限,0503,新闻传播学类,1,5200,四年,https://static-data.gaokao.cn/www/2.0/schoolspecialplan/118/2023/31.json?a=www.gaokao.cn,data/shanghai/raw/plan_api/static/2023/118.json,1
2023,综合,118,苏州大学,107293,05,物/化/生(3选1),071002,生物技术,2,5500,四年,https://static-data.gaokao.cn/www/2.0/schoolspecialplan/118/2023/31.json?a=www.gaokao.cn,data/shanghai/raw/plan_api/static/2023/118.json,1
2023,综合,118,苏州大学,107294,04,物理必选,080902,软件工程,2,6380,四年,https://static-data.gaokao.cn/www/2.0/schoolspecialplan/118/2023/31.json?a=www.gaokao.cn,data/shanghai/raw/plan_api/static/2023/118.json,1
2023,综合,118,苏州大学,107294,04,物理必选,080705,光电信息科学与工程,2,6380,四年,https://static-data.gaokao.cn/www/2.0/schoolspecialplan/118/2023/31.json?a=www.gaokao.cn,data/shanghai/raw/plan_api/static/2023/118.json,1
2023,综合,118,苏州大学,107296,02,化学必选,0804,材料类,2,6380,四年,https://static-data.gaokao.cn/www/2.0/schoolspecialplan/118/2023/31.json?a=www.gaokao.cn,data/shanghai/raw/plan_api/static/2023/118.json,1
2023,综合,118,苏州大学,107295,03,化学、生物(2科必选),100201K,临床医学,1,7480,五年,https://static-data.gaokao.cn/www/2.0/schoolspecialplan/118/2023/31.json?a=www.gaokao.cn,data/shanghai/raw/plan_api/static/2023/118.json,1
2023,综合,118,苏州大学,107292,06,不限,101101K,护理学,1,6800,四年,https://static-data.gaokao.cn/www/2.0/schoolspecialplan/118/2023/31.json?a=www.gaokao.cn,data/shanghai/raw/plan_api/static/2023/118.json,1
2023,综合,118,苏州大学,107294,04,物理必选,080204,机械电子工程,1,5800,四年,https://static-data.gaokao.cn/www/2.0/schoolspecialplan/118/2023/31.json?a=www.gaokao.cn,data/shanghai/raw/plan_api/static/2023/118.json,1
2023,综合,118,苏州大学,107296,02,化学必选,080414T,新能源材料与器件,1,5800,四年,https://static-data.gaokao.cn/www/2.0/schoolspecialplan/118/2023/31.json?a=www.gaokao.cn,data/shanghai/raw/plan_api/static/2023/118.json,1
2023,综合,118,苏州大学,107294,04,物理必选,080213T,智能制造工程,1,5800,四年,https://static-data.gaokao.cn/www/2.0/schoolspecialplan/118/2023/31.json?a=www.gaokao.cn,data/shanghai/raw/plan_api/static/2023/118.json,1
2023,综合,118,苏州大学,107294,04,物理必选,080201,机械工程,1,5800,四年,https://static-data.gaokao.cn/www/2.0/schoolspecialplan/118/2023/31.json?a=www.gaokao.cn,data/shanghai/raw/plan_api/static/2023/118.json,1
2023,综合,118,苏州大学,107296,02,化学必选,080413T,纳米材料与技术,1,5800,四年,https://static-data.gaokao.cn/www/2.0/schoolspecialplan/118/2023/31.json?a=www.gaokao.cn,data/shanghai/raw/plan_api/static/2023/118.json,1
2023,综合,118,苏州大学,107296,02,化学必选,081602,服装设计与工程,1,6380,四年,https://static-data.gaokao.cn/www/2.0/schoolspecialplan/118/2023/31.json?a=www.gaokao.cn,data/shanghai/raw/plan_api/static/2023/118.json,1
2023,综合,118,苏州大学,107294,04,物理必选,0701,数学类,1,5500,四年,https://static-data.gaokao.cn/www/2.0/schoolspecialplan/118/2023/31.json?a=www.gaokao.cn,data/shanghai/raw/plan_api/static/2023/118.json,1
2023,综合,118,苏州大学,107294,04,物理必选,080703,通信工程,1,6380,四年,https://static-data.gaokao.cn/www/2.0/schoolspecialplan/118/2023/31.json?a=www.gaokao.cn,data/shanghai/raw/plan_api/static/2023/118.json,1
2023,综合,118,苏州大学,107294,04,物理必选,080720T,智能测控工程,1,,四年,https://static-data.gaokao.cn/www/2.0/schoolspecialplan/118/2023/31.json?a=www.gaokao.cn,data/shanghai/raw/plan_api/static/2023/118.json,1
2023,综合,118,苏州大学,107294,04,物理必选,080803T,机器人工程,1,5800,四年,https://static-data.gaokao.cn/www/2.0/schoolspecialplan/118/2023/31.json?a=www.gaokao.cn,data/shanghai/raw/plan_api/static/2023/118.json,1
2023,综合,118,苏州大学,107294,04,物理必选,080910T,数据科学与大数据技术,1,6380,四年,https://static-data.gaokao.cn/www/2.0/schoolspecialplan/118/2023/31.json?a=www.gaokao.cn,data/shanghai/raw/plan_api/static/2023/118.json,1
2023,综合,118,苏州大学,107293,05,物/化/生(3选1),082801,建筑学,1,5800,五年,https://static-data.gaokao.cn/www/2.0/schoolspecialplan/118/2023/31.json?a=www.gaokao.cn,data/shanghai/raw/plan_api/static/2023/118.json,1
2023,综合,118,苏州大学,107293,05,物/化/生(3选1),100701,药学,1,6800,四年,https://static-data.gaokao.cn/www/2.0/schoolspecialplan/118/2023/31.json?a=www.gaokao.cn,data/shanghai/raw/plan_api/static/2023/118.json,1
2023,综合,119,重庆大学,106647,01,物理必选,2092619,工科试验班,4,5625,四年,https://static-data.gaokao.cn/www/2.0/schoolspecialplan/119/2023/31.json?a=www.gaokao.cn,data/shanghai/raw/plan_api/static/2023/119.json,1
2023,综合,119,重庆大学,106647,01,物理必选,2092620,工科试验班,4,5625,四年,https://static-data.gaokao.cn/www/2.0/schoolspecialplan/119/2023/31.json?a=www.gaokao.cn,data/shanghai/raw/plan_api/static/2023/119.json,1
2023,综合,119,重庆大学,106647,01,物理必选,2092621,理科试验班,4,5625,四年,https://static-data.gaokao.cn/www/2.0/schoolspecialplan/119/2023/31.json?a=www.gaokao.cn,data/shanghai/raw/plan_api/static/2023/119.json,1
2023,综合,119,重庆大学,106647,01,物理必选,0828,建筑类,3,5500,五年,https://static-data.gaokao.cn/www/2.0/schoolspecialplan/119/2023/31.json?a=www.gaokao.cn,data/shanghai/raw/plan_api/static/2023/119.json,1
2023,综合,119,重庆大学,106646,02,不限,2092623,人文科学试验班,3,5625,四年,https://static-data.gaokao.cn/www/2.0/schoolspecialplan/119/2023/31.json?a=www.gaokao.cn,data/shanghai/raw/plan_api/static/2023/119.json,1
2023,综合,119,重庆大学,106646,02,不限,2092624,人文科学试验班,2,4500,四年,https://static-data.gaokao.cn/www/2.0/schoolspecialplan/119/2023/31.json?a=www.gaokao.cn,data/shanghai/raw/plan_api/static/2023/119.json,1
2023,综合,120,交大医学,106916,01,物理必选,080601,电气工程及其自动化,2,6600,四年,https://static-data.gaokao.cn/www/2.0/schoolspecialplan/120/2023/31.json?a=www.gaokao.cn,data/shanghai/raw/plan_api/static/2023/120.json,1
2023,综合,120,交大医学,106916,01,物理必选,0802,机械类,2,6600,四年,https://static-data.gaokao.cn/www/2.0/schoolspecialplan/120/2023/31.json?a=www.gaokao.cn,data/shanghai/raw/plan_api/static/2023/120.json,1
2023,综合,120,交大医学,106916,01,物理必选,080902,软件工程,2,12000,四年,https://static-data.gaokao.cn/www/2.0/schoolspecialplan/120/2023/31.json?a=www.gaokao.cn,data/shanghai/raw/plan_api/static/2023/120.json,1
2023,综合,120,交大医学,106916,01,物理必选,1201,管理科学与工程类,2,6600,四年,https://static-data.gaokao.cn/www/2.0/schoolspecialplan/120/2023/31.json?a=www.gaokao.cn,data/shanghai/raw/plan_api/static/2023/120.json,1
2023,综合,120,交大医学,106915,02,物理/历史(2选1),120202,市场营销,2,6600,四年,https://static-data.gaokao.cn/www/2.0/schoolspecialplan/120/2023/31.json?a=www.gaokao.cn,data/shanghai/raw/plan_api/static/2023/120.json,0
2023,综合,122,上应大,107400,01,化学、生物(2科必选),100201K,临床医学,2,7080,五年,https://static-data.gaokao.cn/www/2.0/schoolspecialplan/122/2023/31.json?a=www.gaokao.cn,data/shanghai/raw/plan_api/static/2023/122.json,1
2023,综合,122,上应大,107398,03,物理必选,0702,物理学类,3,5750,四年,https://static-data.gaokao.cn/www/2.0/schoolspecialplan/122/2023/31.json?a=www.gaokao.cn,data/shanghai/raw/plan_api/static/2023/122.json,1
2023,综合,122,上应大,107395,06,不限,030101K,法学,2,6070,四年,https://static-data.gaokao.cn/www/2.0/schoolspecialplan/122/2023/31.json?a=www.gaokao.cn,data/shanghai/raw/plan_api/static/2023/122.json,1
2023,综合,122,上应大,107399,02,地理/历史(2选1),060103,考古学,2,5810,四年,https://static-data.gaokao.cn/www/2.0/schoolspecialplan/122/2023/31.json?a=www.gaokao.cn,data/shanghai/raw/plan_api/static/2023/122.json,1
2023,综合,122,上应大,107398,03,物理必选,080703,通信工程,2,6830,四年,https://static-data.gaokao.cn/www/2.0/schoolspecialplan/122/2023/31.json?a=www.gaokao.cn,data/shanghai/raw/plan_api/static/2023/122.json,1
2023,综合,122,上应大,107398,03,物理必选,080901,计算机科学与技术,2,6830,四年,https://static-data.gaokao.cn/www/2.0/schoolspecialplan/122/2023/31.json?a=www.gaokao.cn,data/shanghai/raw/plan_api/static/2023/122.json,1
2023,综合,122,上应大,107397,04,物理、化学(2科必选),0701,数学类,2,6320,四年,https://static-data.gaokao.cn/www/2.0/schoolspecialplan/122/2023/31.json?a=www.gaokao.cn,data/shanghai/raw/plan_api/static/2023/122.json,1
2023,综合,122,上应大,107397,04,物理、化学(2科必选),080201,机械工程,2,6830,四年,https://static-data.gaokao.cn/www/2.0/schoolspecialplan/122/2023/31.json?a=www.gaokao.cn,data/shanghai/raw/plan_api/static/2023/122.json,1
2023,综合,122,上应大,107397,04,物理、化学(2科必选),080207,车辆工程,1,6830,四年,https://static-data.gaokao.cn/www/2.0/schoolspecialplan/122/2023/31.json?a=www.gaokao.cn,data/shanghai/raw/plan_api/static/2023/122.json,1
2023,综合,122,上应大,107396,05,物/化/生(3选1),0827,食品科学与工程类,2,6830,四年,https://static-data.gaokao.cn/www/2.0/schoolspecialplan/122/2023/31.json?a=www.gaokao.cn,data/shanghai/raw/plan_api/static/2023/122.json,1
2023,综合,122,上应大,107396,05,物/化/生(3选1),0830,生物工程类,2,6440,四年,https://static-data.gaokao.cn/www/2.0/schoolspecialplan/122/2023/31.json?a=www.gaokao.cn,data/shanghai/raw/plan_api/static/2023/122.json,1
2023,综合,122,上应大,107395,06,不限,050101,汉语言文学,2,5810,四年,https://static-data.gaokao.cn/www/2.0/schoolspecialplan/122/2023/31.json?a=www.gaokao.cn,data/shanghai/raw/plan_api/static/2023/122.json,1
2023,综合,123,中南大学,106763,01,化学、生物(2科必选),100201K,临床医学,3,7800,-,https://static-data.gaokao.cn/www/2.0/schoolspecialplan/123/2023/31.json?a=www.gaokao.cn,data/shanghai/raw/plan_api/static/2023/123.json,1
2023,综合,123,中南大学,106762,02,化学、生物(2科必选),1002,临床医学类,3,7800,五年,https://static-data.gaokao.cn/www/2.0/schoolspecialplan/123/2023/31.json?a=www.gaokao.cn,data/shanghai/raw/plan_api/static/2023/123.json,1
2023,综合,123,中南大学,106761,03,物理必选,070101,数学与应用数学,2,69000,四年,https://static-data.gaokao.cn/www/2.0/schoolspecialplan/123/2023/31.json?a=www.gaokao.cn,data/shanghai/raw/plan_api/static/2023/123.json,1
2023,综合,123,中南大学,106761,03,物理必选,080901,计算机科学与技术,2,69000,四年,https://static-data.gaokao.cn/www/2.0/schoolspecialplan/123/2023/31.json?a=www.gaokao.cn,data/shanghai/raw/plan_api/static/2023/123.json,1
2023,综合,124,工程大,107367,01,物理必选,0808,自动化类,3,5500,四年,https://static-data.gaokao.cn/www/2.0/schoolspecialplan/124/2023/31.json?a=www.gaokao.cn,data/shanghai/raw/plan_api/static/2023/124.json,1
2023,综合,124,工程大,107367,01,物理必选,0819,海洋工程类,3,5500,四年,https://static-data.gaokao.cn/www/2.0/schoolspecialplan/124/2023/31.json?a=www.gaokao.cn,data/shanghai/raw/plan_api/static/2023/124.json,1
2023,综合,124,工程大,107367,01,物理必选,080213T,智能制造工程,2,5500,四年,https://static-data.gaokao.cn/www/2.0/schoolspecialplan/124/2023/31.json?a=www.gaokao.cn,data/shanghai/raw/plan_api/static/2023/124.json,1
2023,综合,124,工程大,107367,01,物理必选,0809,计算机类,2,5500,四年,https://static-data.gaokao.cn/www/2.0/schoolspecialplan/124/2023/31.json?a=www.gaokao.cn,data/shanghai/raw/plan_api/static/2023/124.json,1
2023,综合,125,上海交通大学,107794,01,物理必选,080717T,人工智能,2,7000,四年,https://static-data.gaokao.cn/www/2.0/schoolspecialplan/125/2023/31.json?a=www.gaokao.cn,data/shanghai/raw/plan_api/static/2023/125.json,1
2023,综合,125,上海交通大学,107794,01,物理必选,0807,电子信息类,1,75000,四年,https://static-data.gaokao.cn/www/2.0/schoolspecialplan/125/2023/31.json?a=www.gaokao.cn,data/shanghai/raw/plan_api/static/2023/125.json,1
2023,综合,125,上海交通大学,107794,01,物理必选,2091136,经济管理试验班,2,6500,四年,https://static-data.gaokao.cn/www/2.0/schoolspecialplan/125/2023/31.json?a=www.gaokao.cn,data/shanghai/raw/plan_api/static/2023/125.json,1
2023,综合,125,上海交通大学,107794,01,物理必选,0802,机械类,1,7000,四年,https://static-data.gaokao.cn/www/2.0/schoolspecialplan/125/2023/31.json?a=www.gaokao.cn,data/shanghai/raw/plan_api/static/2023/125.json,1
2023,综合,125,上海交通大学,107794,01,物理必选,020301K,金融学,1,6500,四年,https://static-data.gaokao.cn/www/2.0/schoolspecialplan/125/2023/31.json?a=www.gaokao.cn,data/shanghai/raw/plan_api/static/2023/125.json,1
2023,综合,125,上海交通大学,107794,01,物理必选,2091137,理科试验班类,1,7000,四年,https://static-data.gaokao.cn/www/2.0/schoolspecialplan/125/2023/31.json?a=www.gaokao.cn,data/shanghai/raw/plan_api/static/2023/125.json,1
2023,综合,125,上海交通大学,107792,03,物理/化学(2选1),2091142,自然科学试验班,68,7000,四年,https://static-data.gaokao.cn/www/2.0/schoolspecialplan/125/2023/31.json?a=www.gaokao.cn,data/shanghai/raw/plan_api/static/2023/125.json,1
2023,综合,125,上海交通大学,107793,02,物理必选,2091139,工科试验班类,15,7000,四年,https://static-data.gaokao.cn/www/2.0/schoolspecialplan/125/2023/31.json?a=www.gaokao.cn,data/shanghai/raw/plan_api/static/2023/125.json,1
2023,综合,125,上海交通大学,107793,02,物理必选,2091140,工科试验班类,9,7000,四年,https://static-data.gaokao.cn/www/2.0/schoolspecialplan/125/2023/31.json?a=www.gaokao.cn,data/shanghai/raw/plan_api/static/2023/125.json,1
2023,综合,125,上海交通大学,107793,02,物理必选,2091141,工科试验班类,2,7000,四年,https://static-data.gaokao.cn/www/2.0/schoolspecialplan/125/2023/31.json?a=www.gaokao.cn,data/shanghai/raw/plan_api/static/2023/125.json,1
2023,综合,126,海医大,106925,01,不限,0101,哲学类,2,5000,四年,https://static-data.gaokao.cn/www/2.0/schoolspecialplan/126/2023/31.json?a=www.gaokao.cn,data/shanghai/raw/plan_api/static/2023/126.json,1
2023,综合,126,海医大,106925,01,不限,0201,经济学类,2,5800,四年,https://static-data.gaokao.cn/www/2.0/schoolspecialplan/126/2023/31.json?a=www.gaokao.cn,data/shanghai/raw/plan_api/static/2023/126.json,1
2023,综合,126,海医大,106925,01,不限,0302,思想政治学类,2,5000,四年,https://static-data.gaokao.cn/www/2.0/schoolspecialplan/126/2023/31.json?a=www.gaokao.cn,data/shanghai/raw/plan_api/static/2023/126.json,1
2023,综合,126,海医大,106925,01,不限,0501,中国语言文学类,2,5100,四年,https://static-data.gaokao.cn/www/2.0/schoolspecialplan/126/2023/31.json?a=www.gaokao.cn,data/shanghai/raw/plan_api/static/2023/126.json,1
2023,综合,126,海医大,106925,01,不限,0503,新闻传播学类,2,5100,四年,https://static-data.gaokao.cn/www/2.0/schoolspecialplan/126/2023/31.json?a=www.gaokao.cn,data/shanghai/raw/plan_api/static/2023/126.json,1
2023,综合,126,海医大,106925,01,不限,1202,工商管理类,2,5800,四年,https://static-data.gaokao.cn/www/2.0/schoolspecialplan/126/2023/31.json?a=www.gaokao.cn,data/shanghai/raw/plan_api/static/2023/126.json,1
2023,综合,126,海医大,106924,02,物理必选,0809,计算机类,4,12000,四年,https://static-data.gaokao.cn/www/2.0/schoolspecialplan/126/2023/31.json?a=www.gaokao.cn,data/shanghai/raw/plan_api/static/2023/126.json,1
2023,综合,126,海医大,106924,02,物理必选,0701,数学类,2,6000,四年,https://static-data.gaokao.cn/www/2.0/schoolspecialplan/126/2023/31.json?a=www.gaokao.cn,data/shanghai/raw/plan_api/static/2023/126.json,1
2023,综合,126,海医大,106924,02,物理必选,0702,物理学类,2,6000,四年,https://static-data.gaokao.cn/www/2.0/schoolspecialplan/126/2023/31.json?a=www.gaokao.cn,data/shanghai/raw/plan_api/static/2023/126.json,1
2023,综合,126,海医大,106924,02,物理必选,080601,电气工程及其自动化,2,6000,四年,https://static-data.gaokao.cn/www/2.0/schoolspecialplan/126/2023/31.json?a=www.gaokao.cn,data/shanghai/raw/plan_api/static/2023/126.json,1
2023,综合,126,海医大,106924,02,物理必选,080911TK,网络空间安全,2,6000,四年,https://static-data.gaokao.cn/www/2.0/schoolspecialplan/126/2023/31.json?a=www.gaokao.cn,data/shanghai/raw/plan_api/static/2023/126.json,1
2023,综合,126,海医大,106923,03,地理/历史(2选1),0601,历史学类,2,5000,四年,https://static-data.gaokao.cn/www/2.0/schoolspecialplan/126/2023/31.json?a=www.gaokao.cn,data/shanghai/raw/plan_api/static/2023/126.json,1
2023,综合,126,海医大,106922,04,物/化/生(3选1),100301K,口腔医学,2,7500,五年,https://static-data.gaokao.cn/www/2.0/schoolspecialplan/126/2023/31.json?a=www.gaokao.cn,data/shanghai/raw/plan_api/static/2023/126.json,1
2023,综合,127,立信金融,106815,01,物理必选,0802,机械类,6,5850,四年,https://static-data.gaokao.cn/www/2.0/schoolspecialplan/127/2023/31.json?a=www.gaokao.cn,data/shanghai/raw/plan_api/static/2023/127.json,1
2023,综合,127,立信金融,106815,01,物理必选,0807,电子信息类,2,5850,四年,https://static-data.gaokao.cn/www/2.0/schoolspecialplan/127/2023/31.json?a=www.gaokao.cn,data/shanghai/raw/plan_api/static/2023/127.json,1
2023,综合,127,立信金融,106815,01,物理必选,080601,电气工程及其自动化,4,5850,四年,https://static-data.gaokao.cn/www/2.0/schoolspecialplan/127/2023/31.json?a=www.gaokao.cn,data/shanghai/raw/plan_api/static/2023/127.json,1
2023,综合,127,立信金融,106815,01,物理必选,0701,数学类,4,4500,四年,https://static-data.gaokao.cn/www/2.0/schoolspecialplan/127/2023/31.json?a=www.gaokao.cn,data/shanghai/raw/plan_api/static/2023/127.json,1
2023,综合,127,立信金融,106815,01,物理必选,0809,计算机类,3,5850,四年,https://static-data.gaokao.cn/www/2.0/schoolspecialplan/127/2023/31.json?a=www.gaokao.cn,data/shanghai/raw/plan_api/static/2023/127.json,1
2023,综合,127,立信金融,106815,01,物理必选,0808,自动化类,3,5850,四年,https://static-data.gaokao.cn/www/2.0/schoolspecialplan/127/2023/31.json?a=www.gaokao.cn,data/shanghai/raw/plan_api/static/2023/127.json,1
2023,综合,127,立信金融,106815,01,物理必选,0702,物理学类,2,4500,四年,https://static-data.gaokao.cn/www/2.0/schoolspecialplan/127/2023/31.json?a=www.gaokao.cn,data/shanghai/raw/plan_api/static/2023/127.json,1
2023,综合,127,立信金融,106815,01,物理必选,080717T,人工智能,2,5850,四年,https://static-data.gaokao.cn/www/2.0/schoolspecialplan/127/2023/31.json?a=www.gaokao.cn,data/shanghai/raw/plan_api/static/2023/127.json,1
2023,综合,127,立信金融,106814,02,化学、生物(2科必选),1002,临床医学类,4,5850,五年,https://static-data.gaokao.cn/www/2.0/schoolspecialplan/127/2023/31.json?a=www.gaokao.cn,data/shanghai/raw/plan_api/static/2023/127.json,1
2023,综合,127,立信金融,106814,02,化学、生物(2科必选),100201K,临床医学,2,5850,-,https://static-data.gaokao.cn/www/2.0/schoolspecialplan/127/2023/31.json?a=www.gaokao.cn,data/shanghai/raw/plan_api/static/2023/127.json,1
2023,综合,128,二工大,106811,01,物理必选,0701,数学类,2,4500,四年,https://static-data.gaokao.cn/www/2.0/schoolspecialplan/128/2023/31.json?a=www.gaokao.cn,data/shanghai/raw/plan_api/static/2023/128.json,1
2023,综合,128,二工大,106811,01,物理必选,0802,机械类,2,5850,四年,https://static-data.gaokao.cn/www/2.0/schoolspecialplan/128/2023/31.json?a=www.gaokao.cn,data/shanghai/raw/plan_api/static/2023/128.json,1
2023,综合,128,二工大,106811,01,物理必选,0804,材料类,2,4500,四年,https://static-data.gaokao.cn/www/2.0/schoolspecialplan/128/2023/31.json?a=www.gaokao.cn,data/shanghai/raw/plan_api/static/2023/128.json,1
2023,综合,128,二工大,106811,01,物理必选,0807,电子信息类,2,5850,四年,https://static-data.gaokao.cn/www/2.0/schoolspecialplan/128/2023/31.json?a=www.gaokao.cn,data/shanghai/raw/plan_api/static/2023/128.json,1
2023,综合,128,二工大,106811,01,物理必选,0808,自动化类,2,5850,四年,https://static-data.gaokao.cn/www/2.0/schoolspecialplan/128/2023/31.json?a=www.gaokao.cn,data/shanghai/raw/plan_api/static/2023/128.json,1
2023,综合,128,二工大,106811,01,物理必选,0809,计算机类,2,5850,四年,https://static-data.gaokao.cn/www/2.0/schoolspecialplan/128/2023/31.json?a=www.gaokao.cn,data/shanghai/raw/plan_api/static/2023/128.json,1
2023,综合,128,二工大,106811,01,物理必选,0810,土木类,2,5850,四年,https://static-data.gaokao.cn/www/2.0/schoolspecialplan/128/2023/31.json?a=www.gaokao.cn,data/shanghai/raw/plan_api/static/2023/128.json,1
2023,综合,128,二工大,106811,01,物理必选,1201,管理科学与工程类,1,4500,四年,https://static-data.gaokao.cn/www/2.0/schoolspecialplan/128/2023/31.json?a=www.gaokao.cn,data/shanghai/raw/plan_api/static/2023/128.json,1
2023,综合,128,二工大,106810,02,不限,0201,经济学类,3,4500,四年,https://static-data.gaokao.cn/www/2.0/schoolspecialplan/128/2023/31.json?a=www.gaokao.cn,data/shanghai/raw/plan_api/static/2023/128.json,1
2023,综合,128,二工大,106810,02,不限,1202,工商管理类,2,4500,四年,https://static-data.gaokao.cn/www/2.0/schoolspecialplan/128/2023/31.json?a=www.gaokao.cn,data/shanghai/raw/plan_api/static/2023/128.json,1
2023,综合,129,上海商院,107391,01,不限,1202,工商管理类,2,4800,四年,https://static-data.gaokao.cn/www/2.0/schoolspecialplan/129/2023/31.json?a=www.gaokao.cn,data/shanghai/raw/plan_api/static/2023/129.json,1
2023,综合,129,上海商院,107390,02,物理必选,0802,机械类,2,5400,四年,https://static-data.gaokao.cn/www/2.0/schoolspecialplan/129/2023/31.json?a=www.gaokao.cn,data/shanghai/raw/plan_api/static/2023/129.json,1
2023,综合,129,上海商院,107390,02,物理必选,0807,电子信息类,2,5400,四年,https://static-data.gaokao.cn/www/2.0/schoolspecialplan/129/2023/31.json?a=www.gaokao.cn,data/shanghai/raw/plan_api/static/2023/129.json,1
2023,综合,129,上海商院,107389,03,物理、化学(2科必选),100201K,临床医学,2,6160,五年,https://static-data.gaokao.cn/www/2.0/schoolspecialplan/129/2023/31.json?a=www.gaokao.cn,data/shanghai/raw/plan_api/static/2023/129.json,1
2023,综合,129,上海商院,107389,03,物理、化学(2科必选),100202TK,麻醉学,2,5600,五年,https://static-data.gaokao.cn/www/2.0/schoolspecialplan/129/2023/31.json?a=www.gaokao.cn,data/shanghai/raw/plan_api/static/2023/129.json,1
2023,综合,130,上海财经大学,107774,01,不限,120204,财务管理,22,6500,四年,https://static-data.gaokao.cn/www/2.0/schoolspecialplan/130/2023/31.json?a=www.gaokao.cn,data/shanghai/raw/plan_api/static/2023/130.json,1
2023,综合,130,上海财经大学,107774,01,不限,1202,工商管理类,19,6500,四年,https://static-data.gaokao.cn/www/2.0/schoolspecialplan/130/2023/31.json?a=www.gaokao.cn,data/shanghai/raw/plan_api/static/2023/130.json,1
2023,综合,130,上海财经大学,107774,01,不限,120201K,工商管理,16,19500,四年,https://static-data.gaokao.cn/www/2.0/schoolspecialplan/130/2023/31.json?a=www.gaokao.cn,data/shanghai/raw/plan_api/static/2023/130.json,1
2023,综合,130,上海财经大学,107774,01,不限,120203K,会计学,13,6500,四年,https://static-data.gaokao.cn/www/2.0/schoolspecialplan/130/2023/31.json?a=www.gaokao.cn,data/shanghai/raw/plan_api/static/2023/130.json,1
2023,综合,130,上海财经大学,107774,01,不限,020401,国际经济与贸易,10,7150,四年,https://static-data.gaokao.cn/www/2.0/schoolspecialplan/130/2023/31.json?a=www.gaokao.cn,data/shanghai/raw/plan_api/static/2023/130.json,1
2023,综合,130,上海财经大学,107774,01,不限,020304,投资学,4,7150,四年,https://static-data.gaokao.cn/www/2.0/schoolspecialplan/130/2023/31.json?a=www.gaokao.cn,data/shanghai/raw/plan_api/static/2023/130.json,1
2023,综合,130,上海财经大学,107774,01,不限,0202,财政学类,7,7150,四年,https://static-data.gaokao.cn/www/2.0/schoolspecialplan/130/2023/31.json?a=www.gaokao.cn,data/shanghai/raw/plan_api/static/2023/130.json,1
2023,综合,130,上海财经大学,107774,01,不限,1204,公共管理类,3,6500,四年,https://static-data.gaokao.cn/www/2.0/schoolspecialplan/130/2023/31.json?a=www.gaokao.cn,data/shanghai/raw/plan_api/static/2023/130.json,1
2023,综合,130,上海财经大学,107772,03,物理必选,0712,统计学类,1,7000,四年,https://static-data.gaokao.cn/www/2.0/schoolspecialplan/130/2023/31.json?a=www.gaokao.cn,data/shanghai/raw/plan_api/static/2023/130.json,1
2023,综合,130,上海财经大学,107773,02,不限,020101,经济学,1,6500,四年,https://static-data.gaokao.cn/www/2.0/schoolspecialplan/130/2023/31.json?a=www.gaokao.cn,data/shanghai/raw/plan_api/static/2023/130.json,1
2023,综合,130,上海财经大学,107773,02,不限,020301K,金融学,5,7150,四年,https://static-data.gaokao.cn/www/2.0/schoolspecialplan/130/2023/31.json?a=www.gaokao.cn,data/shanghai/raw/plan_api/static/2023/130.json,1
2023,综合,130,上海财经大学,107772,03,物理必选,080910T,数据科学与大数据技术,1,7000,四年,https://static-data.gaokao.cn/www/2.0/schoolspecialplan/130/2023/31.json?a=www.gaokao.cn,data/shanghai/raw/plan_api/static/2023/130.json,1
2023,综合,130,上海财经大学,107773,02,不限,030101K,法学,2,6500,四年,https://static-data.gaokao.cn/www/2.0/schoolspecialplan/130/2023/31.json?a=www.gaokao.cn,data/shanghai/raw/plan_api/static/2023/130.json,1
2023,综合,130,上海财经大学,107772,03,物理必选,020101,经济学,10,19500,四年,https://static-data.gaokao.cn/www/2.0/schoolspecialplan/130/2023/31.json?a=www.gaokao.cn,data/shanghai/raw/plan_api/static/2023/130.json,1
2023,综合,130,上海财经大学,107772,03,物理必选,020303,保险学,8,7150,四年,https://static-data.gaokao.cn/www/2.0/schoolspecialplan/130/2023/31.json?a=www.gaokao.cn,data/shanghai/raw/plan_api/static/2023/130.json,1
2023,综合,130,上海财经大学,107773,02,不限,050301,新闻学,7,6500,四年,https://static-data.gaokao.cn/www/2.0/schoolspecialplan/130/2023/31.json?a=www.gaokao.cn,data/shanghai/raw/plan_api/static/2023/130.json,1
2023,综合,130,上海财经大学,107772,03,物理必选,070101,数学与应用数学,7,7000,四年,https://static-data.gaokao.cn/www/2.0/schoolspecialplan/130/2023/31.json?a=www.gaokao.cn,data/shanghai/raw/plan_api/static/2023/130.json,1
2023,综合,130,上海财经大学,107772,03,物理必选,080901,计算机科学与技术,6,7000,四年,https://static-data.gaokao.cn/www/2.0/schoolspecialplan/130/2023/31.json?a=www.gaokao.cn,data/shanghai/raw/plan_api/static/2023/130.json,1
2023,综合,130,上海财经大学,107773,02,不限,030301,社会学,2,6500,四年,https://static-data.gaokao.cn/www/2.0/schoolspecialplan/130/2023/31.json?a=www.gaokao.cn,data/shanghai/raw/plan_api/static/2023/130.json,1
2023,综合,130,上海财经大学,107772,03,物理必选,0701,数学类,5,7000,四年,https://static-data.gaokao.cn/www/2.0/schoolspecialplan/130/2023/31.json?a=www.gaokao.cn,data/shanghai/raw/plan_api/static/2023/130.json,1
2023,综合,130,上海财经大学,107772,03,物理必选,071201,统计学,5,7000,四年,https://static-data.gaokao.cn/www/2.0/schoolspecialplan/130/2023/31.json?a=www.gaokao.cn,data/shanghai/raw/plan_api/static/2023/130.json,1
2023,综合,130,上海财经大学,107772,03,物理必选,120102,信息管理与信息系统,3,6500,四年,https://static-data.gaokao.cn/www/2.0/schoolspecialplan/130/2023/31.json?a=www.gaokao.cn,data/shanghai/raw/plan_api/static/2023/130.json,1
2023,综合,130,上海财经大学,107772,03,物理必选,120801,电子商务,2,6500,四年,https://static-data.gaokao.cn/www/2.0/schoolspecialplan/130/2023/31.json?a=www.gaokao.cn,data/shanghai/raw/plan_api/static/2023/130.json,1
2023,综合,131,华东师范大学,107787,01,不限,050103,汉语国际教育,6,6500,四年,https://static-data.gaokao.cn/www/2.0/schoolspecialplan/131/2023/31.json?a=www.gaokao.cn,data/shanghai/raw/plan_api/static/2023/131.json,1
2023,综合,131,华东师范大学,107787,01,不限,050101,汉语言文学,5,6500,四年,https://static-data.gaokao.cn/www/2.0/schoolspecialplan/131/2023/31.json?a=www.gaokao.cn,data/shanghai/raw/plan_api/static/2023/131.json,1
2023,综合,131,华东师范大学,107787,01,不限,0503,新闻传播学类,4,6500,四年,https://static-data.gaokao.cn/www/2.0/schoolspecialplan/131/2023/31.json?a=www.gaokao.cn,data/shanghai/raw/plan_api/static/2023/131.json,1
2023,综合,131,华东师范大学,107787,01,不限,050201,英语,3,6500,四年,https://static-data.gaokao.cn/www/2.0/schoolspecialplan/131/2023/31.json?a=www.gaokao.cn,data/shanghai/raw/plan_api/static/2023/131.json,1
2023,综合,131,华东师范大学,107787,01,不限,060101,历史学,3,6500,四年,https://static-data.gaokao.cn/www/2.0/schoolspecialplan/131/2023/31.json?a=www.gaokao.cn,data/shanghai/raw/plan_api/static/2023/131.json,1
2023,综合,131,华东师范大学,107787,01,不限,010101,哲学,3,6500,四年,https://static-data.gaokao.cn/www/2.0/schoolspecialplan/131/2023/31.json?a=www.gaokao.cn,data/shanghai/raw/plan_api/static/2023/131.json,1
2023,综合,131,华东师范大学,107787,01,不限,030201,思想政治学与行政学,2,6500,四年,https://static-data.gaokao.cn/www/2.0/schoolspecialplan/131/2023/31.json?a=www.gaokao.cn,data/shanghai/raw/plan_api/static/2023/131.json,1
2023,综合,131,华东师范大学,107787,01,不限,050203,德语,2,6500,四年,https://static-data.gaokao.cn/www/2.0/schoolspecialplan/131/2023/31.json?a=www.gaokao.cn,data/shanghai/raw/plan_api/static/2023/131.json,1
2023,综合,131,华东师范大学,107787,01,不限,050204,法语,2,6500,四年,https://static-data.gaokao.cn/www/2.0/schoolspecialplan/131/2023/31.json?a=www.gaokao.cn,data/shanghai/raw/plan_api/static/2023/131.json,1
2023,综合,131,华东师范大学,107787,01,不限,050205,西班牙语,2,6500,四年,https://static-data.gaokao.cn/www/2.0/schoolspecialplan/131/2023/31.json?a=www.gaokao.cn,data/shanghai/raw/plan_api/static/2023/131.json,1
2023,综合,131,华东师范大学,107787,01,不限,050301,新闻学,2,6500,四年,https://static-data.gaokao.cn/www/2.0/schoolspecialplan/131/2023/31.json?a=www.gaokao.cn,data/shanghai/raw/plan_api/static/2023/131.json,1
2023,综合,131,华东师范大学,107787,01,不限,050261,翻译,1,6500,四年,https://static-data.gaokao.cn/www/2.0/schoolspecialplan/131/2023/31.json?a=www.gaokao.cn,data/shanghai/raw/plan_api/static/2023/131.json,1
2023,综合,131,华东师范大学,107785,03,物理必选,080901,计算机科学与技术,15,7000,四年,https://static-data.gaokao.cn/www/2.0/schoolspecialplan/131/2023/31.json?a=www.gaokao.cn,data/shanghai/raw/plan_api/static/2023/131.json,1
2023,综合,131,华东师范大学,107785,03,物理必选,080902,软件工程,14,7000,四年,https://static-data.gaokao.cn/www/2.0/schoolspecialplan/131/2023/31.json?a=www.gaokao.cn,data/shanghai/raw/plan_api/static/2023/131.json,1
2023,综合,131,华东师范大学,107785,03,物理必选,0712,统计学类,10,7700,四年,https://static-data.gaokao.cn/www/2.0/schoolspecialplan/131/2023/31.json?a=www.gaokao.cn,data/shanghai/raw/plan_api/static/2023/131.json,1
2023,综合,131,华东师范大学,107783,05,物理/化学(2选1),101008T,听力与言语康复学,10,7400,四年,https://static-data.gaokao.cn/www/2.0/schoolspecialplan/131/2023/31.json?a=www.gaokao.cn,data/shanghai/raw/plan_api/static/2023/131.json,0
2023,综合,131,华东师范大学,107786,02,不限,0203,金融学类,8,6500,四年,https://static-data.gaokao.cn/www/2.0/schoolspecialplan/131/2023/31.json?a=www.gaokao.cn,data/shanghai/raw/plan_api/static/2023/131.json,1
2023,综合,131,华东师范大学,107785,03,物理必选,070101,数学与应用数学,8,7000,四年,https://static-data.gaokao.cn/www/2.0/schoolspecialplan/131/2023/31.json?a=www.gaokao.cn,data/shanghai/raw/plan_api/static/2023/131.json,1
2023,综合,131,华东师范大学,107785,03,物理必选,080910T,数据科学与大数据技术,7,7000,四年,https://static-data.gaokao.cn/www/2.0/schoolspecialplan/131/2023/31.json?a=www.gaokao.cn,data/shanghai/raw/plan_api/static/2023/131.json,1
2023,综合,131,华东师范大学,107785,03,物理必选,080704,微电子科学与工程,6,7000,四年,https://static-data.gaokao.cn/www/2.0/schoolspecialplan/131/2023/31.json?a=www.gaokao.cn,data/shanghai/raw/plan_api/static/2023/131.json,1
2023,综合,131,华东师范大学,107784,04,物理/化学(2选1),0711,心理学类,6,7000,四年,https://static-data.gaokao.cn/www/2.0/schoolspecialplan/131/2023/31.json?a=www.gaokao.cn,data/shanghai/raw/plan_api/static/2023/131.json,1
2023,综合,131,华东师范大学,107786,02,不限,0401,教育学类,5,7150,四年,https://static-data.gaokao.cn/www/2.0/schoolspecialplan/131/2023/31.json?a=www.gaokao.cn,data/shanghai/raw/plan_api/static/2023/131.json,1
2023,综合,131,华东师范大学,107785,03,物理必选,080703,通信工程,2,7000,四年,https://static-data.gaokao.cn/www/2.0/schoolspecialplan/131/2023/31.json?a=www.gaokao.cn,data/shanghai/raw/plan_api/static/2023/131.json,1
2023,综合,131,华东师范大学,107784,04,物理/化学(2选1),070301,化学,1,7000,四年,https://static-data.gaokao.cn/www/2.0/schoolspecialplan/131/2023/31.json?a=www.gaokao.cn,data/shanghai/raw/plan_api/static/2023/131.json,1
2023,综合,131,华东师范大学,107786,02,不限,120201K,工商管理,4,6500,四年,https://static-data.gaokao.cn/www/2.0/schoolspecialplan/131/2023/31.json?a=www.gaokao.cn,data/shanghai/raw/plan_api/static/2023/131.json,1
2023,综合,131,华东师范大学,107786,02,不限,020301K,金融学,4,6500,四年,https://static-data.gaokao.cn/www/2.0/schoolspecialplan/131/2023/31.json?a=www.gaokao.cn,data/shanghai/raw/plan_api/static/2023/131.json,1
2023,综合,131,华东师范大学,107785,03,物理必选,071201,统计学,4,7700,四年,https://static-data.gaokao.cn/www/2.0/schoolspecialplan/131/2023/31.json?a=www.gaokao.cn,data/shanghai/raw/plan_api/static/2023/131.json,1
2023,综合,131,华东师范大学,107785,03,物理必选,070201,物理学,4,7000,四年,https://static-data.gaokao.cn/www/2.0/schoolspecialplan/131/2023/31.json?a=www.gaokao.cn,data/shanghai/raw/plan_api/static/2023/131.json,1
2023,综合,131,华东师范大学,107784,04,物理/化学(2选1),0825,环境科学与工程类,4,7000,四年,https://static-data.gaokao.cn/www/2.0/schoolspecialplan/131/2023/31.json?a=www.gaokao.cn,data/shanghai/raw/plan_api/static/2023/131.json,1
2023,综合,131,华东师范大学,107786,02,不限,1202,工商管理类,3,6500,四年,https://static-data.gaokao.cn/www/2.0/schoolspecialplan/131/2023/31.json?a=www.gaokao.cn,data/shanghai/raw/plan_api/static/2023/131.json,1
2023,综合,131,华东师范大学,107786,02,不限,0303,社会学类,3,6500,四年,https://static-data.gaokao.cn/www/2.0/schoolspecialplan/131/2023/31.json?a=www.gaokao.cn,data/shanghai/raw/plan_api/static/2023/131.json,1
2023,综合,131,华东师范大学,107784,04,物理/化学(2选1),070501,地理科学,3,7000,四年,https://static-data.gaokao.cn/www/2.0/schoolspecialplan/131/2023/31.json?a=www.gaokao.cn,data/shanghai/raw/plan_api/static/2023/131.json,1
2023,综合,131,华东师范大学,107784,04,物理/化学(2选1),070504,地理信息科学,3,7000,四年,https://static-data.gaokao.cn/www/2.0/schoolspecialplan/131/2023/31.json?a=www.gaokao.cn,data/shanghai/raw/plan_api/static/2023/131.json,1
2023,综合,131,华东师范大学,107784,04,物理/化学(2选1),070503,人文地理与城乡规划,3,7000,四年,https://static-data.gaokao.cn/www/2.0/schoolspecialplan/131/2023/31.json?a=www.gaokao.cn,data/shanghai/raw/plan_api/static/2023/131.json,1
2023,综合,131,华东师范大学,107786,02,不限,120206,人力资源管理,2,6500,四年,https://static-data.gaokao.cn/www/2.0/schoolspecialplan/131/2023/31.json?a=www.gaokao.cn,data/shanghai/raw/plan_api/static/2023/131.json,1
2023,综合,131,华东师范大学,107786,02,不限,030101K,法学,2,6500,四年,https://static-data.gaokao.cn/www/2.0/schoolspecialplan/131/2023/31.json?a=www.gaokao.cn,data/shanghai/raw/plan_api/static/2023/131.json,1
2023,综合,131,华东师范大学,107785,03,物理必选,080714T,电子信息科学与技术,2,7000,四年,https://static-data.gaokao.cn/www/2.0/schoolspecialplan/131/2023/31.json?a=www.gaokao.cn,data/shanghai/raw/plan_api/static/2023/131.json,1
2023,综合,131,华东师范大学,107785,03,物理必选,120102,信息管理与信息系统,2,6500,四年,https://static-data.gaokao.cn/www/2.0/schoolspecialplan/131/2023/31.json?a=www.gaokao.cn,data/shanghai/raw/plan_api/static/2023/131.json,1
2023,综合,131,华东师范大学,107784,04,物理/化学(2选1),071101,心理学,2,7000,四年,https://static-data.gaokao.cn/www/2.0/schoolspecialplan/131/2023/31.json?a=www.gaokao.cn,data/shanghai/raw/plan_api/static/2023/131.json,1
2023,综合,131,华东师范大学,107784,04,物理/化学(2选1),0710,生物科学类,2,7000,四年,https://static-data.gaokao.cn/www/2.0/schoolspecialplan/131/2023/31.json?a=www.gaokao.cn,data/shanghai/raw/plan_api/static/2023/131.json,1
2023,综合,131,华东师范大学,107786,02,不限,1204,公共管理类,1,6500,四年,https://static-data.gaokao.cn/www/2.0/schoolspecialplan/131/2023/31.json?a=www.gaokao.cn,data/shanghai/raw/plan_api/static/2023/131.json,1
2023,综合,131,华东师范大学,107784,04,物理/化学(2选1),071004,生态学,1,7700,四年,https://static-data.gaokao.cn/www/2.0/schoolspecialplan/131/2023/31.json?a=www.gaokao.cn,data/shanghai/raw/plan_api/static/2023/131.json,1
2023,综合,132,复旦大学,107798,01,不限,2091110,社会科学试验班,6,6500,四年,https://static-data.gaokao.cn/www/2.0/schoolspecialplan/132/2023/31.json?a=www.gaokao.cn,data/shanghai/raw/plan_api/static/2023/132.json,1
2023,综合,132,复旦大学,107798,01,不限,0503,新闻传播学类,5,6500,四年,https://static-data.gaokao.cn/www/2.0/schoolspecialplan/132/2023/31.json?a=www.gaokao.cn,data/shanghai/raw/plan_api/static/2023/132.json,1
2023,综合,132,复旦大学,107798,01,不限,030101K,法学,4,6500,四年,https://static-data.gaokao.cn/www/2.0/schoolspecialplan/132/2023/31.json?a=www.gaokao.cn,data/shanghai/raw/plan_api/static/2023/132.json,1
2023,综合,132,复旦大学,107798,01,不限,0501,中国语言文学类,2,6500,四年,https://static-data.gaokao.cn/www/2.0/schoolspecialplan/132/2023/31.json?a=www.gaokao.cn,data/shanghai/raw/plan_api/static/2023/132.json,1
2023,综合,132,复旦大学,107798,01,不限,050201,英语,2,6500,四年,https://static-data.gaokao.cn/www/2.0/schoolspecialplan/132/2023/31.json?a=www.gaokao.cn,data/shanghai/raw/plan_api/static/2023/132.json,1
2023,综合,132,复旦大学,107798,01,不限,0601,历史学类,2,6500,四年,https://static-data.gaokao.cn/www/2.0/schoolspecialplan/132/2023/31.json?a=www.gaokao.cn,data/shanghai/raw/plan_api/static/2023/132.json,1
2023,综合,132,复旦大学,107798,01,不限,0101,哲学类,2,6500,四年,https://static-data.gaokao.cn/www/2.0/schoolspecialplan/132/2023/31.json?a=www.gaokao.cn,data/shanghai/raw/plan_api/static/2023/132.json,1
2023,综合,132,复旦大学,107797,02,物理/化学(2选1),0201,经济学类,10,6500,四年,https://static-data.gaokao.cn/www/2.0/schoolspecialplan/132/2023/31.json?a=www.gaokao.cn,data/shanghai/raw/plan_api/static/2023/132.json,1
2023,综合,132,复旦大学,107797,02,物理/化学(2选1),2091112,经济管理试验班,9,6500,四年,https://static-data.gaokao.cn/www/2.0/schoolspecialplan/132/2023/31.json?a=www.gaokao.cn,data/shanghai/raw/plan_api/static/2023/132.json,1
2023,综合,132,复旦大学,107796,03,物理必选,2091115,技术科学试验班,8,7000,四年,https://static-data.gaokao.cn/www/2.0/schoolspecialplan/132/2023/31.json?a=www.gaokao.cn,data/shanghai/raw/plan_api/static/2023/132.json,1
2023,综合,132,复旦大学,107796,03,物理必选,2091118,自然科学试验班,8,7000,四年,https://static-data.gaokao.cn/www/2.0/schoolspecialplan/132/2023/31.json?a=www.gaokao.cn,data/shanghai/raw/plan_api/static/2023/132.json,1
2023,综合,132,复旦大学,107795,04,物理必选,082201,核工程与核技术,7,7000,四年,https://static-data.gaokao.cn/www/2.0/schoolspecialplan/132/2023/31.json?a=www.gaokao.cn,data/shanghai/raw/plan_api/static/2023/132.json,0
2023,综合,132,复旦大学,107797,02,物理/化学(2选1),0710,生物科学类,5,7000,四年,https://static-data.gaokao.cn/www/2.0/schoolspecialplan/132/2023/31.json?a=www.gaokao.cn,data/shanghai/raw/plan_api/static/2023/132.json,1
2023,综合,132,复旦大学,107796,03,物理必选,0701,数学类,4,7000,四年,https://static-data.gaokao.cn/www/2.0/schoolspecialplan/132/2023/31.json?a=www.gaokao.cn,data/shanghai/raw/plan_api/static/2023/132.json,1
2023,综合,132,复旦大学,107796,03,物理必选,2091116,工科试验班,3,7000,四年,https://static-data.gaokao.cn/www/2.0/schoolspecialplan/132/2023/31.json?a=www.gaokao.cn,data/shanghai/raw/plan_api/static/2023/132.json,1
2023,综合,132,复旦大学,107796,03,物理必选,080902,软件工程,2,7000,四年,https://static-data.gaokao.cn/www/2.0/schoolspecialplan/132/2023/31.json?a=www.gaokao.cn,data/shanghai/raw/plan_api/static/2023/132.json,1
2023,综合,132,复旦大学,107796,03,物理必选,080901,计算机科学与技术,2,7000,四年,https://static-data.gaokao.cn/www/2.0/schoolspecialplan/132/2023/31.json?a=www.gaokao.cn,data/shanghai/raw/plan_api/static/2023/132.json,1
2023,综合,133,华东理工大学,107782,01,物理/化学(2选1),2091144,工科试验班,43,7000,四年,https://static-data.gaokao.cn/www/2.0/schoolspecialplan/133/2023/31.json?a=www.gaokao.cn,data/shanghai/raw/plan_api/static/2023/133.json,1
2023,综合,133,华东理工大学,107782,01,物理/化学(2选1),0830,生物工程类,25,7000,四年,https://static-data.gaokao.cn/www/2.0/schoolspecialplan/133/2023/31.json?a=www.gaokao.cn,data/shanghai/raw/plan_api/static/2023/133.json,1
2023,综合,133,华东理工大学,107782,01,物理/化学(2选1),0703,化学类,24,7000,四年,https://static-data.gaokao.cn/www/2.0/schoolspecialplan/133/2023/31.json?a=www.gaokao.cn,data/shanghai/raw/plan_api/static/2023/133.json,1
2023,综合,133,华东理工大学,107782,01,物理/化学(2选1),2091143,工科试验班,20,7000,四年,https://static-data.gaokao.cn/www/2.0/schoolspecialplan/133/2023/31.json?a=www.gaokao.cn,data/shanghai/raw/plan_api/static/2023/133.json,1
2023,综合,133,华东理工大学,107782,01,物理/化学(2选1),100701,药学,12,7000,四年,https://static-data.gaokao.cn/www/2.0/schoolspecialplan/133/2023/31.json?a=www.gaokao.cn,data/shanghai/raw/plan_api/static/2023/133.json,1
2023,综合,133,华东理工大学,107782,01,物理/化学(2选1),1201,管理科学与工程类,12,6500,四年,https://static-data.gaokao.cn/www/2.0/schoolspecialplan/133/2023/31.json?a=www.gaokao.cn,data/shanghai/raw/plan_api/static/2023/133.json,1
2023,综合,133,华东理工大学,107782,01,物理/化学(2选1),2091145,工科试验班,7,7000,四年,https://static-data.gaokao.cn/www/2.0/schoolspecialplan/133/2023/31.json?a=www.gaokao.cn,data/shanghai/raw/plan_api/static/2023/133.json,1
2023,综合,133,华东理工大学,107782,01,物理/化学(2选1),080501,能源与动力工程,6,7000,四年,https://static-data.gaokao.cn/www/2.0/schoolspecialplan/133/2023/31.json?a=www.gaokao.cn,data/shanghai/raw/plan_api/static/2023/133.json,1
2023,综合,133,华东理工大学,107782,01,物理/化学(2选1),070302,应用化学,6,21000,四年,https://static-data.gaokao.cn/www/2.0/schoolspecialplan/133/2023/31.json?a=www.gaokao.cn,data/shanghai/raw/plan_api/static/2023/133.json,1
2023,综合,133,华东理工大学,107782,01,物理/化学(2选1),082803,风景园林,4,7000,四年,https://static-data.gaokao.cn/www/2.0/schoolspecialplan/133/2023/31.json?a=www.gaokao.cn,data/shanghai/raw/plan_api/static/2023/133.json,1
2023,综合,133,华东理工大学,107782,01,物理/化学(2选1),082502,环境工程,3,21000,四年,https://static-data.gaokao.cn/www/2.0/schoolspecialplan/133/2023/31.json?a=www.gaokao.cn,data/shanghai/raw/plan_api/static/2023/133.json,1
2023,综合,133,华东理工大学,107782,01,物理/化学(2选1),081301,化学工程与工艺,2,7700,四年,https://static-data.gaokao.cn/www/2.0/schoolspecialplan/133/2023/31.json?a=www.gaokao.cn,data/shanghai/raw/plan_api/static/2023/133.json,1
2023,综合,133,华东理工大学,107781,02,物理必选,0804,材料类,52,7700,四年,https://static-data.gaokao.cn/www/2.0/schoolspecialplan/133/2023/31.json?a=www.gaokao.cn,data/shanghai/raw/plan_api/static/2023/133.json,1
2023,综合,133,华东理工大学,107781,02,物理必选,0807,电子信息类,23,7000,四年,https://static-data.gaokao.cn/www/2.0/schoolspecialplan/133/2023/31.json?a=www.gaokao.cn,data/shanghai/raw/plan_api/static/2023/133.json,1
2023,综合,133,华东理工大学,107781,02,物理必选,0809,计算机类,38,7000,四年,https://static-data.gaokao.cn/www/2.0/schoolspecialplan/133/2023/31.json?a=www.gaokao.cn,data/shanghai/raw/plan_api/static/2023/133.json,1
2023,综合,133,华东理工大学,107780,03,不限,1202,工商管理类,35,6500,四年,https://static-data.gaokao.cn/www/2.0/schoolspecialplan/133/2023/31.json?a=www.gaokao.cn,data/shanghai/raw/plan_api/static/2023/133.json,1
2023,综合,133,华东理工大学,107780,03,不限,0201,经济学类,34,6500,四年,https://static-data.gaokao.cn/www/2.0/schoolspecialplan/133/2023/31.json?a=www.gaokao.cn,data/shanghai/raw/plan_api/static/2023/133.json,1
2023,综合,133,华东理工大学,107781,02,物理必选,0802,机械类,29,7000,四年,https://static-data.gaokao.cn/www/2.0/schoolspecialplan/133/2023/31.json?a=www.gaokao.cn,data/shanghai/raw/plan_api/static/2023/133.json,1
2023,综合,133,华东理工大学,107780,03,不限,1204,公共管理类,25,6500,四年,https://static-data.gaokao.cn/www/2.0/schoolspecialplan/133/2023/31.json?a=www.gaokao.cn,data/shanghai/raw/plan_api/static/2023/133.json,1
2023,综合,133,华东理工大学,107780,03,不限,0502,外国语言文学类,24,6500,四年,https://static-data.gaokao.cn/www/2.0/schoolspecialplan/133/2023/31.json?a=www.gaokao.cn,data/shanghai/raw/plan_api/static/2023/133.json,1
2023,综合,133,华东理工大学,107781,02,物理必选,0701,数学类,21,7000,四年,https://static-data.gaokao.cn/www/2.0/schoolspecialplan/133/2023/31.json?a=www.gaokao.cn,data/shanghai/raw/plan_api/static/2023/133.json,1
2023,综合,133,华东理工大学,107781,02,物理必选,0702,物理学类,12,7000,四年,https://static-data.gaokao.cn/www/2.0/schoolspecialplan/133/2023/31.json?a=www.gaokao.cn,data/shanghai/raw/plan_api/static/2023/133.json,1
2023,综合,133,华东理工大学,107780,03,不限,030101K,法学,12,6500,四年,https://static-data.gaokao.cn/www/2.0/schoolspecialplan/133/2023/31.json?a=www.gaokao.cn,data/shanghai/raw/plan_api/static/2023/133.json,1
2023,综合,133,华东理工大学,107780,03,不限,020401,国际经济与贸易,8,6500,四年,https://static-data.gaokao.cn/www/2.0/schoolspecialplan/133/2023/31.json?a=www.gaokao.cn,data/shanghai/raw/plan_api/static/2023/133.json,1
2023,综合,133,华东理工大学,107781,02,物理必选,080901,计算机科学与技术,6,7000,四年,https://static-data.gaokao.cn/www/2.0/schoolspecialplan/133/2023/31.json?a=www.gaokao.cn,data/shanghai/raw/plan_api/static/2023/133.json,1
2023,综合,133,华东理工大学,107781,02,物理必选,080205,工业设计,4,7000,四年,https://static-data.gaokao.cn/www/2.0/schoolspecialplan/133/2023/31.json?a=www.gaokao.cn,data/shanghai/raw/plan_api/static/2023/133.json,1
2023,综合,133,华东理工大学,107781,02,物理必选,080407,高分子材料与工程,4,21000,四年,https://static-data.gaokao.cn/www/2.0/schoolspecialplan/133/2023/31.json?a=www.gaokao.cn,data/shanghai/raw/plan_api/static/2023/133.json,1
2023,综合,134,建桥学院,107455,01,物理必选,0809,计算机类,3,,四年,https://static-data.gaokao.cn/www/2.0/schoolspecialplan/134/2023/31.json?a=www.gaokao.cn,data/shanghai/raw/plan_api/static/2023/134.json,1
2023,综合,134,建桥学院,107455,01,物理必选,080213T,智能制造工程,2,6240,四年,https://static-data.gaokao.cn/www/2.0/schoolspecialplan/134/2023/31.json?a=www.gaokao.cn,data/shanghai/raw/plan_api/static/2023/134.json,1
2023,综合,134,建桥学院,107455,01,物理必选,0802,机械类,2,6240,四年,https://static-data.gaokao.cn/www/2.0/schoolspecialplan/134/2023/31.json?a=www.gaokao.cn,data/shanghai/raw/plan_api/static/2023/134.json,1
2023,综合,135,东华大学,107779,01,不限,2091223,经济管理试验班,38,6500,四年,https://static-data.gaokao.cn/www/2.0/schoolspecialplan/135/2023/31.json?a=www.gaokao.cn,data/shanghai/raw/plan_api/static/2023/135.json,1
2023,综合,135,东华大学,107779,01,不限,0204,经济与贸易类,35,6500,四年,https://static-data.gaokao.cn/www/2.0/schoolspecialplan/135/2023/31.json?a=www.gaokao.cn,data/shanghai/raw/plan_api/static/2023/135.json,1
2023,综合,135,东华大学,107779,01,不限,0503,新闻传播学类,23,6500,四年,https://static-data.gaokao.cn/www/2.0/schoolspecialplan/135/2023/31.json?a=www.gaokao.cn,data/shanghai/raw/plan_api/static/2023/135.json,1
2023,综合,135,东华大学,107779,01,不限,2091225,社会科学试验班,19,6500,四年,https://static-data.gaokao.cn/www/2.0/schoolspecialplan/135/2023/31.json?a=www.gaokao.cn,data/shanghai/raw/plan_api/static/2023/135.json,1
2023,综合,135,东华大学,107779,01,不限,050201,英语,13,6500,四年,https://static-data.gaokao.cn/www/2.0/schoolspecialplan/135/2023/31.json?a=www.gaokao.cn,data/shanghai/raw/plan_api/static/2023/135.json,1
2023,综合,135,东华大学,107778,02,物理必选,0809,计算机类,18,7000,四年,https://static-data.gaokao.cn/www/2.0/schoolspecialplan/135/2023/31.json?a=www.gaokao.cn,data/shanghai/raw/plan_api/static/2023/135.json,1
2023,综合,135,东华大学,107778,02,物理必选,080205,工业设计,17,7000,四年,https://static-data.gaokao.cn/www/2.0/schoolspecialplan/135/2023/31.json?a=www.gaokao.cn,data/shanghai/raw/plan_api/static/2023/135.json,1
2023,综合,135,东华大学,107778,02,物理必选,0807,电子信息类,17,7000,四年,https://static-data.gaokao.cn/www/2.0/schoolspecialplan/135/2023/31.json?a=www.gaokao.cn,data/shanghai/raw/plan_api/static/2023/135.json,1
2023,综合,135,东华大学,107778,02,物理必选,0701,数学类,16,7000,四年,https://static-data.gaokao.cn/www/2.0/schoolspecialplan/135/2023/31.json?a=www.gaokao.cn,data/shanghai/raw/plan_api/static/2023/135.json,1
2023,综合,135,东华大学,107778,02,物理必选,1201,管理科学与工程类,15,6500,四年,https://static-data.gaokao.cn/www/2.0/schoolspecialplan/135/2023/31.json?a=www.gaokao.cn,data/shanghai/raw/plan_api/static/2023/135.json,1
2023,综合,135,东华大学,107776,04,物理/化学(2选1),081602,服装设计与工程,15,7700,四年,https://static-data.gaokao.cn/www/2.0/schoolspecialplan/135/2023/31.json?a=www.gaokao.cn,data/shanghai/raw/plan_api/static/2023/135.json,1
2023,综合,135,东华大学,107777,03,化学必选,0804,材料类,12,7700,四年,https://static-data.gaokao.cn/www/2.0/schoolspecialplan/135/2023/31.json?a=www.gaokao.cn,data/shanghai/raw/plan_api/static/2023/135.json,1
2023,综合,135,东华大学,107778,02,物理必选,080717T,人工智能,10,7000,四年,https://static-data.gaokao.cn/www/2.0/schoolspecialplan/135/2023/31.json?a=www.gaokao.cn,data/shanghai/raw/plan_api/static/2023/135.json,1
2023,综合,135,东华大学,107775,05,不限,050207,日语,10,6500,四年,https://static-data.gaokao.cn/www/2.0/schoolspecialplan/135/2023/31.json?a=www.gaokao.cn,data/shanghai/raw/plan_api/static/2023/135.json,1
2023,综合,135,东华大学,107778,02,物理必选,2091230,理科试验班类,9,7000,四年,https://static-data.gaokao.cn/www/2.0/schoolspecialplan/135/2023/31.json?a=www.gaokao.cn,data/shanghai/raw/plan_api/static/2023/135.json,1
2023,综合,135,东华大学,107776,04,物理/化学(2选1),2091245,理科试验班,9,7000,四年,https://static-data.gaokao.cn/www/2.0/schoolspecialplan/135/2023/31.json?a=www.gaokao.cn,data/shanghai/raw/plan_api/static/2023/135.json,1
2023,综合,135,东华大学,107777,03,化学必选,080412T,功能材料,8,7700,四年,https://static-data.gaokao.cn/www/2.0/schoolspecialplan/135/2023/31.json?a=www.gaokao.cn,data/shanghai/raw/plan_api/static/2023/135.json,1
2023,综合,135,东华大学,107778,02,物理必选,080201,机械工程,6,7000,四年,https://static-data.gaokao.cn/www/2.0/schoolspecialplan/135/2023/31.json?a=www.gaokao.cn,data/shanghai/raw/plan_api/static/2023/135.json,1
2023,综合,135,东华大学,107778,02,物理必选,0702,物理学类,6,7000,四年,https://static-data.gaokao.cn/www/2.0/schoolspecialplan/135/2023/31.json?a=www.gaokao.cn,data/shanghai/raw/plan_api/static/2023/135.json,1
2023,综合,135,东华大学,107778,02,物理必选,081002,建筑环境与能源应用工程,6,7000,四年,https://static-data.gaokao.cn/www/2.0/schoolspecialplan/135/2023/31.json?a=www.gaokao.cn,data/shanghai/raw/plan_api/static/2023/135.json,1
2023,综合,135,东华大学,107778,02,物理必选,080213T,智能制造工程,6,7000,四年,https://static-data.gaokao.cn/www/2.0/schoolspecialplan/135/2023/31.json?a=www.gaokao.cn,data/shanghai/raw/plan_api/static/2023/135.json,1
2023,综合,135,东华大学,107776,04,物理/化学(2选1),083001,生物工程,6,7000,四年,https://static-data.gaokao.cn/www/2.0/schoolspecialplan/135/2023/31.json?a=www.gaokao.cn,data/shanghai/raw/plan_api/static/2023/135.json,1
2023,综合,135,东华大学,107776,04,物理/化学(2选1),0816,纺织类,4,7700,四年,https://static-data.gaokao.cn/www/2.0/schoolspecialplan/135/2023/31.json?a=www.gaokao.cn,data/shanghai/raw/plan_api/static/2023/135.json,1
2023,综合,135,东华大学,107778,02,物理必选,080907T,智能科学与技术,3,7000,四年,https://static-data.gaokao.cn/www/2.0/schoolspecialplan/135/2023/31.json?a=www.gaokao.cn,data/shanghai/raw/plan_api/static/2023/135.json,1
2023,综合,135,东华大学,107778,02,物理必选,080910T,数据科学与大数据技术,3,7000,四年,https://static-data.gaokao.cn/www/2.0/schoolspecialplan/135/2023/31.json?a=www.gaokao.cn,data/shanghai/raw/plan_api/static/2023/135.json,1
2023,综合,135,东华大学,107778,02,物理必选,080502T,能源与环境系统工程,3,7000,四年,https://static-data.gaokao.cn/www/2.0/schoolspecialplan/135/2023/31.json?a=www.gaokao.cn,data/shanghai/raw/plan_api/static/2023/135.json,1
2023,综合,135,东华大学,107776,04,物理/化学(2选1),0703,化学类,3,7000,四年,https://static-data.gaokao.cn/www/2.0/schoolspecialplan/135/2023/31.json?a=www.gaokao.cn,data/shanghai/raw/plan_api/static/2023/135.json,1
2023,综合,135,东华大学,107776,04,物理/化学(2选1),081601,纺织工程,2,7700,四年,https://static-data.gaokao.cn/www/2.0/schoolspecialplan/135/2023/31.json?a=www.gaokao.cn,data/shanghai/raw/plan_api/static/2023/135.json,1
2023,综合,136,上海外国语大学,107771,01,不限,0503,新闻传播学类,10,6500,四年,https://static-data.gaokao.cn/www/2.0/schoolspecialplan/136/2023/31.json?a=www.gaokao.cn,data/shanghai/raw/plan_api/static/2023/136.json,1
2023,综合,136,上海外国语大学,107771,01,不限,050203,德语,8,7150,四年,https://static-data.gaokao.cn/www/2.0/schoolspecialplan/136/2023/31.json?a=www.gaokao.cn,data/shanghai/raw/plan_api/static/2023/136.json,1
2023,综合,136,上海外国语大学,107771,01,不限,050204,法语,8,7150,四年,https://static-data.gaokao.cn/www/2.0/schoolspecialplan/136/2023/31.json?a=www.gaokao.cn,data/shanghai/raw/plan_api/static/2023/136.json,1
2023,综合,136,上海外国语大学,107771,01,不限,050201,英语,2,7150,四年,https://static-data.gaokao.cn/www/2.0/schoolspecialplan/136/2023/31.json?a=www.gaokao.cn,data/shanghai/raw/plan_api/static/2023/136.json,1
2023,综合,136,上海外国语大学,107771,01,不限,050261,翻译,6,7150,四年,https://static-data.gaokao.cn/www/2.0/schoolspecialplan/136/2023/31.json?a=www.gaokao.cn,data/shanghai/raw/plan_api/static/2023/136.json,1
2023,综合,136,上海外国语大学,107771,01,不限,020301K,金融学,5,6500,四年,https://static-data.gaokao.cn/www/2.0/schoolspecialplan/136/2023/31.json?a=www.gaokao.cn,data/shanghai/raw/plan_api/static/2023/136.json,1
2023,综合,136,上海外国语大学,107771,01,不限,020401,国际经济与贸易,2,6500,四年,https://static-data.gaokao.cn/www/2.0/schoolspecialplan/136/2023/31.json?a=www.gaokao.cn,data/shanghai/raw/plan_api/static/2023/136.json,1
2023,综合,136,上海外国语大学,107771,01,不限,030101K,法学,5,6500,四年,https://static-data.gaokao.cn/www/2.0/schoolspecialplan/136/2023/31.json?a=www.gaokao.cn,data/shanghai/raw/plan_api/static/2023/136.json,1
2023,综合,136,上海外国语大学,107771,01,不限,120203K,会计学,5,6500,四年,https://static-data.gaokao.cn/www/2.0/schoolspecialplan/136/2023/31.json?a=www.gaokao.cn,data/shanghai/raw/plan_api/static/2023/136.json,1
2023,综合,136,上海外国语大学,107771,01,不限,1202,工商管理类,5,6500,四年,https://static-data.gaokao.cn/www/2.0/schoolspecialplan/136/2023/31.json?a=www.gaokao.cn,data/shanghai/raw/plan_api/static/2023/136.json,1
2023,综合,136,上海外国语大学,107771,01,不限,050205,西班牙语,2,7150,四年,https://static-data.gaokao.cn/www/2.0/schoolspecialplan/136/2023/31.json?a=www.gaokao.cn,data/shanghai/raw/plan_api/static/2023/136.json,1
2023,综合,136,上海外国语大学,107771,01,不限,050103,汉语国际教育,2,6500,四年,https://static-data.gaokao.cn/www/2.0/schoolspecialplan/136/2023/31.json?a=www.gaokao.cn,data/shanghai/raw/plan_api/static/2023/136.json,1
2023,综合,136,上海外国语大学,107771,01,不限,050232,葡萄牙语,2,7150,四年,https://static-data.gaokao.cn/www/2.0/schoolspecialplan/136/2023/31.json?a=www.gaokao.cn,data/shanghai/raw/plan_api/static/2023/136.json,1
2023,综合,136,上海外国语大学,107771,01,不限,050238,意大利语,2,7150,四年,https://static-data.gaokao.cn/www/2.0/schoolspecialplan/136/2023/31.json?a=www.gaokao.cn,data/shanghai/raw/plan_api/static/2023/136.json,1
2023,综合,136,上海外国语大学,107771,01,不限,050262,商务英语,2,7150,四年,https://static-data.gaokao.cn/www/2.0/schoolspecialplan/136/2023/31.json?a=www.gaokao.cn,data/shanghai/raw/plan_api/static/2023/136.json,1
2023,综合,136,上海外国语大学,107771,01,不限,0502100T,语言学,2,7150,四年,https://static-data.gaokao.cn/www/2.0/schoolspecialplan/136/2023/31.json?a=www.gaokao.cn,data/shanghai/raw/plan_api/static/2023/136.json,1
2023,综合,136,上海外国语大学,107771,01,不限,030202,国际思想政治,2,6500,四年,https://static-data.gaokao.cn/www/2.0/schoolspecialplan/136/2023/31.json?a=www.gaokao.cn,data/shanghai/raw/plan_api/static/2023/136.json,1
2023,综合,136,上海外国语大学,107771,01,不限,030203,外交学,2,7310,四年,https://static-data.gaokao.cn/www/2.0/schoolspecialplan/136/2023/31.json?a=www.gaokao.cn,data/shanghai/raw/plan_api/static/2023/136.json,1
2023,综合,136,上海外国语大学,107770,02,物理必选,020308T,精算学,5,6500,四年,https://static-data.gaokao.cn/www/2.0/schoolspecialplan/136/2023/31.json?a=www.gaokao.cn,data/shanghai/raw/plan_api/static/2023/136.json,1
2023,综合,136,上海外国语大学,107770,02,物理必选,080910T,数据科学与大数据技术,5,7000,四年,https://static-data.gaokao.cn/www/2.0/schoolspecialplan/136/2023/31.json?a=www.gaokao.cn,data/shanghai/raw/plan_api/static/2023/136.json,1
2023,综合,136,上海外国语大学,107770,02,物理必选,1201,管理科学与工程类,4,6500,四年,https://static-data.gaokao.cn/www/2.0/schoolspecialplan/136/2023/31.json?a=www.gaokao.cn,data/shanghai/raw/plan_api/static/2023/136.json,1
2023,综合,137,东北农业大学,107351,01,不限,0203,金融学类,3,3500,四年,https://static-data.gaokao.cn/www/2.0/schoolspecialplan/137/2023/31.json?a=www.gaokao.cn,data/shanghai/raw/plan_api/static/2023/137.json,1
2023,综合,137,东北农业大学,107350,02,物/化/生(3选1),0827,食品科学与工程类,2,,四年,https://static-data.gaokao.cn/www/2.0/schoolspecialplan/137/2023/31.json?a=www.gaokao.cn,data/shanghai/raw/plan_api/static/2023/137.json,1
2023,综合,138,大连理工大学,107457,01,物理必选,0701,数学类,2,6240,四年,https://static-data.gaokao.cn/www/2.0/schoolspecialplan/138/2023/31.json?a=www.gaokao.cn,data/shanghai/raw/plan_api/static/2023/138.json,1
2023,综合,138,大连理工大学,107457,01,物理必选,0807,电子信息类,2,6240,四年,https://static-data.gaokao.cn/www/2.0/schoolspecialplan/138/2023/31.json?a=www.gaokao.cn,data/shanghai/raw/plan_api/static/2023/138.json,1
2023,综合,138,大连理工大学,107457,01,物理必选,080717T,人工智能,2,6240,四年,https://static-data.gaokao.cn/www/2.0/schoolspecialplan/138/2023/31.json?a=www.gaokao.cn,data/shanghai/raw/plan_api/static/2023/138.json,1
2023,综合,138,大连理工大学,107456,02,物理必选,080202,机械设计制造及其自动化,2,68000,四年,https://static-data.gaokao.cn/www/2.0/schoolspecialplan/138/2023/31.json?a=www.gaokao.cn,data/shanghai/raw/plan_api/static/2023/138.json,1
2023,综合,139,太原理工大学,107487,01,物理必选,080202,机械设计制造及其自动化,2,5500,四年,https://static-data.gaokao.cn/www/2.0/schoolspecialplan/139/2023/31.json?a=www.gaokao.cn,data/shanghai/raw/plan_api/static/2023/139.json,1
2023,综合,139,太原理工大学,107487,01,物理必选,080801,自动化,2,5500,四年,https://static-data.gaokao.cn/www/2.0/schoolspecialplan/139/2023/31.json?a=www.gaokao.cn,data/shanghai/raw/plan_api/static/2023/139.json,1
2023,综合,139,太原理工大学,107487,01,物理必选,080910T,数据科学与大数据技术,2,5500,四年,https://static-data.gaokao.cn/www/2.0/schoolspecialplan/139/2023/31.json?a=www.gaokao.cn,data/shanghai/raw/plan_api/static/2023/139.json,1
2023,综合,139,太原理工大学,107486,02,不限,020401,国际经济与贸易,2,5100,四年,https://static-data.gaokao.cn/www/2.0/schoolspecialplan/139/2023/31.json?a=www.gaokao.cn,data/shanghai/raw/plan_api/static/2023/139.json,1
2023,综合,142,东北师范大学,107394,01,不限,0201,经济学类,3,6070,四年,https://static-data.gaokao.cn/www/2.0/schoolspecialplan/142/2023/31.json?a=www.gaokao.cn,data/shanghai/raw/plan_api/static/2023/142.json,1
2023,综合,142,东北师范大学,107394,01,不限,050203,德语,2,5290,四年,https://static-data.gaokao.cn/www/2.0/schoolspecialplan/142/2023/31.json?a=www.gaokao.cn,data/shanghai/raw/plan_api/static/2023/142.json,1
2023,综合,142,东北师范大学,107394,01,不限,050101,汉语言文学,1,5810,四年,https://static-data.gaokao.cn/www/2.0/schoolspecialplan/142/2023/31.json?a=www.gaokao.cn,data/shanghai/raw/plan_api/static/2023/142.json,1
2023,综合,142,东北师范大学,107392,03,物理、化学(2科必选),0825,环境科学与工程类,3,6320,四年,https://static-data.gaokao.cn/www/2.0/schoolspecialplan/142/2023/31.json?a=www.gaokao.cn,data/shanghai/raw/plan_api/static/2023/142.json,1
2023,综合,142,东北师范大学,107393,02,物理必选,0702,物理学类,2,6320,四年,https://static-data.gaokao.cn/www/2.0/schoolspecialplan/142/2023/31.json?a=www.gaokao.cn,data/shanghai/raw/plan_api/static/2023/142.json,1
2023,综合,143,北京理工大学,107597,01,物理必选,2090590,工科试验班,5,5500,四年,https://static-data.gaokao.cn/www/2.0/schoolspecialplan/143/2023/31.json?a=www.gaokao.cn,data/shanghai/raw/plan_api/static/2023/143.json,1
2023,综合,143,北京理工大学,107597,01,物理必选,2090591,工科试验班,4,5500,四年,https://static-data.gaokao.cn/www/2.0/schoolspecialplan/143/2023/31.json?a=www.gaokao.cn,data/shanghai/raw/plan_api/static/2023/143.json,1
2023,综合,143,北京理工大学,107597,01,物理必选,2090594,工科试验班,4,5500,四年,https://static-data.gaokao.cn/www/2.0/schoolspecialplan/143/2023/31.json?a=www.gaokao.cn,data/shanghai/raw/plan_api/static/2023/143.json,1
2023,综合,143,北京理工大学,107597,01,物理必选,2090592,工科试验班,2,5500,四年,https://static-data.gaokao.cn/www/2.0/schoolspecialplan/143/2023/31.json?a=www.gaokao.cn,data/shanghai/raw/plan_api/static/2023/143.json,1
2023,综合,143,北京理工大学,107597,01,物理必选,2090593,工科试验班,2,5500,四年,https://static-data.gaokao.cn/www/2.0/schoolspecialplan/143/2023/31.json?a=www.gaokao.cn,data/shanghai/raw/plan_api/static/2023/143.json,1
2023,综合,143,北京理工大学,107597,01,物理必选,2090589,工科试验班,1,5500,四年,https://static-data.gaokao.cn/www/2.0/schoolspecialplan/143/2023/31.json?a=www.gaokao.cn,data/shanghai/raw/plan_api/static/2023/143.json,1
2023,综合,143,北京理工大学,107596,02,物理必选,2090595,理科试验班,14,5500,四年,https://static-data.gaokao.cn/www/2.0/schoolspecialplan/143/2023/31.json?a=www.gaokao.cn,data/shanghai/raw/plan_api/static/2023/143.json,0
2023,综合,144,北京科技大学,107635,01,物理必选,0802,机械类,3,5000,四年,https://static-data.gaokao.cn/www/2.0/schoolspecialplan/144/2023/31.json?a=www.gaokao.cn,data/shanghai/raw/plan_api/static/2023/144.json,1
2023,综合,144,北京科技大学,107635,01,物理必选,080401,材料科学与工程,1,5000,四年,https://static-data.gaokao.cn/www/2.0/schoolspecialplan/144/2023/31.json?a=www.gaokao.cn,data/shanghai/raw/plan_api/static/2023/144.json,1
2023,综合,144,北京科技大学,107635,01,物理必选,1201,管理科学与工程类,2,5000,四年,https://static-data.gaokao.cn/www/2.0/schoolspecialplan/144/2023/31.json?a=www.gaokao.cn,data/shanghai/raw/plan_api/static/2023/144.json,1
2023,综合,144,北京科技大学,107635,01,物理必选,0809,计算机类,1,5000,四年,https://static-data.gaokao.cn/www/2.0/schoolspecialplan/144/2023/31.json?a=www.gaokao.cn,data/shanghai/raw/plan_api/static/2023/144.json,1
2023,综合,144,北京科技大学,107634,02,不限,1202,工商管理类,3,5000,四年,https://static-data.gaokao.cn/www/2.0/schoolspecialplan/144/2023/31.json?a=www.gaokao.cn,data/shanghai/raw/plan_api/static/2023/144.json,1
2023,综合,146,南京工程学院,107241,01,物理必选,120103,工程管理,3,5200,四年,https://static-data.gaokao.cn/www/2.0/schoolspecialplan/146/2023/31.json?a=www.gaokao.cn,data/shanghai/raw/plan_api/static/2023/146.json,1
2023,综合,146,南京工程学院,107241,01,物理必选,120108T,大数据管理与应用,3,5200,四年,https://static-data.gaokao.cn/www/2.0/schoolspecialplan/146/2023/31.json?a=www.gaokao.cn,data/shanghai/raw/plan_api/static/2023/146.json,1
2023,综合,146,南京工程学院,107241,01,物理必选,080803T,机器人工程,3,5800,四年,https://static-data.gaokao.cn/www/2.0/schoolspecialplan/146/2023/31.json?a=www.gaokao.cn,data/shanghai/raw/plan_api/static/2023/146.json,1
2023,综合,146,南京工程学院,107241,01,物理必选,080701,电子信息工程,3,5800,四年,https://static-data.gaokao.cn/www/2.0/schoolspecialplan/146/2023/31.json?a=www.gaokao.cn,data/shanghai/raw/plan_api/static/2023/146.json,1
2023,综合,146,南京工程学院,107241,01,物理必选,080717T,人工智能,3,5800,四年,https://static-data.gaokao.cn/www/2.0/schoolspecialplan/146/2023/31.json?a=www.gaokao.cn,data/shanghai/raw/plan_api/static/2023/146.json,1
2023,综合,146,南京工程学院,107241,01,物理必选,080901,计算机科学与技术,3,5800,四年,https://static-data.gaokao.cn/www/2.0/schoolspecialplan/146/2023/31.json?a=www.gaokao.cn,data/shanghai/raw/plan_api/static/2023/146.json,1
2023,综合,146,南京工程学院,107239,03,物理必选,080902,软件工程,4,51000,四年,https://static-data.gaokao.cn/www/2.0/schoolspecialplan/146/2023/31.json?a=www.gaokao.cn,data/shanghai/raw/plan_api/static/2023/146.json,1
2023,综合,146,南京工程学院,107240,02,不限,120601,物流管理,3,5200,四年,https://static-data.gaokao.cn/www/2.0/schoolspecialplan/146/2023/31.json?a=www.gaokao.cn,data/shanghai/raw/plan_api/static/2023/146.json,1
2023,综合,146,南京工程学院,107240,02,不限,020401,国际经济与贸易,3,5200,四年,https://static-data.gaokao.cn/www/2.0/schoolspecialplan/146/2023/31.json?a=www.gaokao.cn,data/shanghai/raw/plan_api/static/2023/146.json,1
2023,综合,146,南京工程学院,107240,02,不限,120203K,会计学,3,5200,四年,https://static-data.gaokao.cn/www/2.0/schoolspecialplan/146/2023/31.json?a=www.gaokao.cn,data/shanghai/raw/plan_api/static/2023/146.json,1
2023,综合,146,南京工程学院,107240,02,不限,120204,财务管理,2,5200,四年,https://static-data.gaokao.cn/www/2.0/schoolspecialplan/146/2023/31.json?a=www.gaokao.cn,data/shanghai/raw/plan_api/static/2023/146.json,1
2023,综合,147,南京晓庄学院,107187,01,不限,040106,学前教育,2,5200,四年,https://static-data.gaokao.cn/www/2.0/schoolspecialplan/147/2023/31.json?a=www.gaokao.cn,data/shanghai/raw/plan_api/static/2023/147.json,1
2023,综合,147,南京晓庄学院,107187,01,不限,040107,小学教育,2,5200,四年,https://static-data.gaokao.cn/www/2.0/schoolspecialplan/147/2023/31.json?a=www.gaokao.cn,data/shanghai/raw/plan_api/static/2023/147.json,1
2023,综合,147,南京晓庄学院,107187,01,不限,050262,商务英语,1,5200,四年,https://static-data.gaokao.cn/www/2.0/schoolspecialplan/147/2023/31.json?a=www.gaokao.cn,data/shanghai/raw/plan_api/static/2023/147.json,1
2023,综合,149,南京艺术学院,107188,01,不限,120210,文化产业管理,1,5200,四年,https://static-data.gaokao.cn/www/2.0/schoolspecialplan/149/2023/31.json?a=www.gaokao.cn,data/shanghai/raw/plan_api/static/2023/149.json,1
2023,综合,149,南京艺术学院,107188,01,不限,130102T,艺术管理,1,9900,四年,https://static-data.gaokao.cn/www/2.0/schoolspecialplan/149/2023/31.json?a=www.gaokao.cn,data/shanghai/raw/plan_api/static/2023/149.json,1
2023,综合,149,南京艺术学院,107188,01,不限,130304,戏剧影视文学,1,9000,四年,https://static-data.gaokao.cn/www/2.0/schoolspecialplan/149/2023/31.json?a=www.gaokao.cn,data/shanghai/raw/plan_api/static/2023/149.json,1
2023,综合,149,南京艺术学院,107188,01,不限,130311T,影视摄影与制作,1,10000,四年,https://static-data.gaokao.cn/www/2.0/schoolspecialplan/149/2023/31.json?a=www.gaokao.cn,data/shanghai/raw/plan_api/static/2023/149.json,1
2023,综合,149,南京艺术学院,107188,01,不限,130409T,文物保护与修复,1,10000,四年,https://static-data.gaokao.cn/www/2.0/schoolspecialplan/149/2023/31.json?a=www.gaokao.cn,data/shanghai/raw/plan_api/static/2023/149.json,1
2023,综合,149,南京艺术学院,107188,01,不限,130501,艺术设计学,1,9000,四年,https://static-data.gaokao.cn/www/2.0/schoolspecialplan/149/2023/31.json?a=www.gaokao.cn,data/shanghai/raw/plan_api/static/2023/149.json,1
2023,综合,150,江苏理工学院,107235,01,物理必选,080905,物联网工程,2,5800,四年,https://static-data.gaokao.cn/www/2.0/schoolspecialplan/150/2023/31.json?a=www.gaokao.cn,data/shanghai/raw/plan_api/static/2023/150.json,1
2023,综合,150,江苏理工学院,107234,02,不限,120203K,会计学,2,5200,四年,https://static-data.gaokao.cn/www/2.0/schoolspecialplan/150/2023/31.json?a=www.gaokao.cn,data/shanghai/raw/plan_api/static/2023/150.json,1
2023,综合,150,江苏理工学院,107234,02,不限,020301K,金融学,2,5200,四年,https://static-data.gaokao.cn/www/2.0/schoolspecialplan/150/2023/31.json?a=www.gaokao.cn,data/shanghai/raw/plan_api/static/2023/150.json,1
2023,综合,150,江苏理工学院,107234,02,不限,050201,英语,2,5200,四年,https://static-data.gaokao.cn/www/2.0/schoolspecialplan/150/2023/31.json?a=www.gaokao.cn,data/shanghai/raw/plan_api/static/2023/150.json,1
2023,综合,150,江苏理工学院,107233,03,化学/生物(2选1),082502,环境工程,2,26400,四年,https://static-data.gaokao.cn/www/2.0/schoolspecialplan/150/2023/31.json?a=www.gaokao.cn,data/shanghai/raw/plan_api/static/2023/150.json,1
2023,综合,151,南京审计大学,107238,01,不限,050201,英语,4,5200,四年,https://static-data.gaokao.cn/www/2.0/schoolspecialplan/151/2023/31.json?a=www.gaokao.cn,data/shanghai/raw/plan_api/static/2023/151.json,1
2023,综合,151,南京审计大学,107238,01,不限,120203K,会计学,4,5720,四年,https://static-data.gaokao.cn/www/2.0/schoolspecialplan/151/2023/31.json?a=www.gaokao.cn,data/shanghai/raw/plan_api/static/2023/151.json,1
2023,综合,151,南京审计大学,107238,01,不限,120207,审计学,4,5720,四年,https://static-data.gaokao.cn/www/2.0/schoolspecialplan/151/2023/31.json?a=www.gaokao.cn,data/shanghai/raw/plan_api/static/2023/151.json,1
2023,综合,151,南京审计大学,107238,01,不限,020201K,财政学,3,5200,四年,https://static-data.gaokao.cn/www/2.0/schoolspecialplan/151/2023/31.json?a=www.gaokao.cn,data/shanghai/raw/plan_api/static/2023/151.json,1
2023,综合,151,南京审计大学,107238,01,不限,020202,税收学,3,5200,四年,https://static-data.gaokao.cn/www/2.0/schoolspecialplan/151/2023/31.json?a=www.gaokao.cn,data/shanghai/raw/plan_api/static/2023/151.json,1
2023,综合,151,南京审计大学,107238,01,不限,020304,投资学,3,5200,四年,https://static-data.gaokao.cn/www/2.0/schoolspecialplan/151/2023/31.json?a=www.gaokao.cn,data/shanghai/raw/plan_api/static/2023/151.json,1
2023,综合,151,南京审计大学,107238,01,不限,020401,国际经济与贸易,3,5200,四年,https://static-data.gaokao.cn/www/2.0/schoolspecialplan/151/2023/31.json?a=www.gaokao.cn,data/shanghai/raw/plan_api/static/2023/151.json,1
2023,综合,151,南京审计大学,107238,01,不限,030101K,法学,3,5200,四年,https://static-data.gaokao.cn/www/2.0/schoolspecialplan/151/2023/31.json?a=www.gaokao.cn,data/shanghai/raw/plan_api/static/2023/151.json,1
2023,综合,151,南京审计大学,107238,01,不限,120204,财务管理,3,5720,四年,https://static-data.gaokao.cn/www/2.0/schoolspecialplan/151/2023/31.json?a=www.gaokao.cn,data/shanghai/raw/plan_api/static/2023/151.json,1
2023,综合,151,南京审计大学,107238,01,不限,120206,人力资源管理,3,5200,四年,https://static-data.gaokao.cn/www/2.0/schoolspecialplan/151/2023/31.json?a=www.gaokao.cn,data/shanghai/raw/plan_api/static/2023/151.json,1
2023,综合,151,南京审计大学,107238,01,不限,020311TK,金融审计,2,5200,四年,https://static-data.gaokao.cn/www/2.0/schoolspecialplan/151/2023/31.json?a=www.gaokao.cn,data/shanghai/raw/plan_api/static/2023/151.json,1
2023,综合,151,南京审计大学,107238,01,不限,050103,汉语国际教育,2,5200,四年,https://static-data.gaokao.cn/www/2.0/schoolspecialplan/151/2023/31.json?a=www.gaokao.cn,data/shanghai/raw/plan_api/static/2023/151.json,1
2023,综合,151,南京审计大学,107237,02,不限,020302,金融工程,5,56000,四年,https://static-data.gaokao.cn/www/2.0/schoolspecialplan/151/2023/31.json?a=www.gaokao.cn,data/shanghai/raw/plan_api/static/2023/151.json,1
2023,综合,151,南京审计大学,107237,02,不限,120207,审计学,5,56000,四年,https://static-data.gaokao.cn/www/2.0/schoolspecialplan/151/2023/31.json?a=www.gaokao.cn,data/shanghai/raw/plan_api/static/2023/151.json,1
2023,综合,151,南京审计大学,107236,03,物理必选,120102,信息管理与信息系统,2,56000,四年,https://static-data.gaokao.cn/www/2.0/schoolspecialplan/151/2023/31.json?a=www.gaokao.cn,data/shanghai/raw/plan_api/static/2023/151.json,1
2023,综合,153,盐城师范学院,107256,01,不限,071102,应用心理学,6,5500,四年,https://static-data.gaokao.cn/www/2.0/schoolspecialplan/153/2023/31.json?a=www.gaokao.cn,data/shanghai/raw/plan_api/static/2023/153.json,1
2023,综合,156,常州大学,107284,01,不限,120202,市场营销,2,5200,四年,https://static-data.gaokao.cn/www/2.0/schoolspecialplan/156/2023/31.json?a=www.gaokao.cn,data/shanghai/raw/plan_api/static/2023/156.json,1
2023,综合,156,常州大学,107284,01,不限,120206,人力资源管理,2,5200,四年,https://static-data.gaokao.cn/www/2.0/schoolspecialplan/156/2023/31.json?a=www.gaokao.cn,data/shanghai/raw/plan_api/static/2023/156.json,1
2023,综合,156,常州大学,107283,02,物理必选,080601,电气工程及其自动化,2,5800,四年,https://static-data.gaokao.cn/www/2.0/schoolspecialplan/156/2023/31.json?a=www.gaokao.cn,data/shanghai/raw/plan_api/static/2023/156.json,1
2023,综合,156,常州大学,107282,03,化学必选,080407,高分子材料与工程,2,5800,四年,https://static-data.gaokao.cn/www/2.0/schoolspecialplan/156/2023/31.json?a=www.gaokao.cn,data/shanghai/raw/plan_api/static/2023/156.json,1
2023,综合,156,常州大学,107281,04,物理、化学(2科必选),082901,安全工程,2,5800,四年,https://static-data.gaokao.cn/www/2.0/schoolspecialplan/156/2023/31.json?a=www.gaokao.cn,data/shanghai/raw/plan_api/static/2023/156.json,1
2023,综合,157,华东交通大学,107008,01,不限,120203K,会计学,1,4660,四年,https://static-data.gaokao.cn/www/2.0/schoolspecialplan/157/2023/31.json?a=www.gaokao.cn,data/shanghai/raw/plan_api/static/2023/157.json,1
2023,综合,157,华东交通大学,107008,01,不限,020301K,金融学,1,4660,四年,https://static-data.gaokao.cn/www/2.0/schoolspecialplan/157/2023/31.json?a=www.gaokao.cn,data/shanghai/raw/plan_api/static/2023/157.json,1
2023,综合,157,华东交通大学,107007,02,物理必选,081001,土木工程,3,5220,四年,https://static-data.gaokao.cn/www/2.0/schoolspecialplan/157/2023/31.json?a=www.gaokao.cn,data/shanghai/raw/plan_api/static/2023/157.json,1
2023,综合,157,华东交通大学,107007,02,物理必选,080601,电气工程及其自动化,3,5220,四年,https://static-data.gaokao.cn/www/2.0/schoolspecialplan/157/2023/31.json?a=www.gaokao.cn,data/shanghai/raw/plan_api/static/2023/157.json,1
2023,综合,157,华东交通大学,107007,02,物理必选,080202,机械设计制造及其自动化,2,4940,四年,https://static-data.gaokao.cn/www/2.0/schoolspecialplan/157/2023/31.json?a=www.gaokao.cn,data/shanghai/raw/plan_api/static/2023/157.json,1
2023,综合,158,徐州医科大学,107189,01,物理、化学(2科必选),100201K,临床医学,7,6800,五年,https://static-data.gaokao.cn/www/2.0/schoolspecialplan/158/2023/31.json?a=www.gaokao.cn,data/shanghai/raw/plan_api/static/2023/158.json,1
2023,综合,158,徐州医科大学,107189,01,物理、化学(2科必选),100202TK,麻醉学,3,6800,五年,https://static-data.gaokao.cn/www/2.0/schoolspecialplan/158/2023/31.json?a=www.gaokao.cn,data/shanghai/raw/plan_api/static/2023/158.json,1
2023,综合,160,南京邮电大学,107280,01,物理必选,080703,通信工程,3,6380,四年,https://static-data.gaokao.cn/www/2.0/schoolspecialplan/160/2023/31.json?a=www.gaokao.cn,data/shanghai/raw/plan_api/static/2023/160.json,1
2023,综合,160,南京邮电大学,107280,01,物理必选,080701,电子信息工程,3,6380,四年,https://static-data.gaokao.cn/www/2.0/schoolspecialplan/160/2023/31.json?a=www.gaokao.cn,data/shanghai/raw/plan_api/static/2023/160.json,1
2023,综合,160,南京邮电大学,107280,01,物理必选,080705,光电信息科学与工程,2,6380,四年,https://static-data.gaokao.cn/www/2.0/schoolspecialplan/160/2023/31.json?a=www.gaokao.cn,data/shanghai/raw/plan_api/static/2023/160.json,1
2023,综合,160,南京邮电大学,107280,01,物理必选,080702,电子科学与技术,2,6380,四年,https://static-data.gaokao.cn/www/2.0/schoolspecialplan/160/2023/31.json?a=www.gaokao.cn,data/shanghai/raw/plan_api/static/2023/160.json,1
2023,综合,160,南京邮电大学,107280,01,物理必选,080903,网络工程,2,6380,四年,https://static-data.gaokao.cn/www/2.0/schoolspecialplan/160/2023/31.json?a=www.gaokao.cn,data/shanghai/raw/plan_api/static/2023/160.json,1
2023,综合,160,南京邮电大学,107280,01,物理必选,080904K,信息安全,2,6380,四年,https://static-data.gaokao.cn/www/2.0/schoolspecialplan/160/2023/31.json?a=www.gaokao.cn,data/shanghai/raw/plan_api/static/2023/160.json,1
2023,综合,161,江苏科技大学,107291,01,不限,120401,公共事业管理,2,5200,四年,https://static-data.gaokao.cn/www/2.0/schoolspecialplan/161/2023/31.json?a=www.gaokao.cn,data/shanghai/raw/plan_api/static/2023/161.json,1
2023,综合,161,江苏科技大学,107291,01,不限,120901K,旅游管理,2,5200,四年,https://static-data.gaokao.cn/www/2.0/schoolspecialplan/161/2023/31.json?a=www.gaokao.cn,data/shanghai/raw/plan_api/static/2023/161.json,1
2023,综合,161,江苏科技大学,107290,02,物理必选,0819,海洋工程类,4,6380,四年,https://static-data.gaokao.cn/www/2.0/schoolspecialplan/161/2023/31.json?a=www.gaokao.cn,data/shanghai/raw/plan_api/static/2023/161.json,1
2023,综合,161,江苏科技大学,107290,02,物理必选,081103,港口航道与海岸工程,3,5800,四年,https://static-data.gaokao.cn/www/2.0/schoolspecialplan/161/2023/31.json?a=www.gaokao.cn,data/shanghai/raw/plan_api/static/2023/161.json,1
2023,综合,161,江苏科技大学,107290,02,物理必选,0809,计算机类,3,5800,四年,https://static-data.gaokao.cn/www/2.0/schoolspecialplan/161/2023/31.json?a=www.gaokao.cn,data/shanghai/raw/plan_api/static/2023/161.json,1
2023,综合,161,江苏科技大学,107289,03,物/化/生(3选1),083001,生物工程,2,5800,四年,https://static-data.gaokao.cn/www/2.0/schoolspecialplan/161/2023/31.json?a=www.gaokao.cn,data/shanghai/raw/plan_api/static/2023/161.json,1
2023,综合,161,江苏科技大学,107289,03,物/化/生(3选1),071202,应用统计学,2,5500,四年,https://static-data.gaokao.cn/www/2.0/schoolspecialplan/161/2023/31.json?a=www.gaokao.cn,data/shanghai/raw/plan_api/static/2023/161.json,1
2023,综合,162,中侨大学,107263,01,化学/生物(2选1),100501K,中医学,2,7400,五年,https://static-data.gaokao.cn/www/2.0/schoolspecialplan/162/2023/31.json?a=www.gaokao.cn,data/shanghai/raw/plan_api/static/2023/162.json,1
2023,综合,162,中侨大学,107263,01,化学/生物(2选1),101005,康复治疗学,5,6800,四年,https://static-data.gaokao.cn/www/2.0/schoolspecialplan/162/2023/31.json?a=www.gaokao.cn,data/shanghai/raw/plan_api/static/2023/162.json,1
2023,综合,162,中侨大学,107262,02,化学必选,1008,中药学类,8,7400,四年,https://static-data.gaokao.cn/www/2.0/schoolspecialplan/162/2023/31.json?a=www.gaokao.cn,data/shanghai/raw/plan_api/static/2023/162.json,1
2023,综合,163,苏州科技大学,131220,01,史/地/物(3选1),082801,建筑学,2,6380,4,https://static-data.gaokao.cn/www/2.0/schoolspecialplan/163/2023/31.json?a=www.gaokao.cn,data/shanghai/raw/plan_api/static/2023/163.json,1
2023,综合,163,苏州科技大学,131208,06,物理必选,081001,土木工程,5,6380,4,https://static-data.gaokao.cn/www/2.0/schoolspecialplan/163/2023/31.json?a=www.gaokao.cn,data/shanghai/raw/plan_api/static/2023/163.json,1
2023,综合,163,苏州科技大学,131208,06,物理必选,120103,工程管理,4,6380,4,https://static-data.gaokao.cn/www/2.0/schoolspecialplan/163/2023/31.json?a=www.gaokao.cn,data/shanghai/raw/plan_api/static/2023/163.json,1
2023,综合,163,苏州科技大学,131214,03,物理必选,081001,土木工程,4,6380,4,https://static-data.gaokao.cn/www/2.0/schoolspecialplan/163/2023/31.json?a=www.gaokao.cn,data/shanghai/raw/plan_api/static/2023/163.json,1
2023,综合,163,苏州科技大学,131212,04,化学必选,080412T,功能材料,2,6380,4,https://static-data.gaokao.cn/www/2.0/schoolspecialplan/163/2023/31.json?a=www.gaokao.cn,data/shanghai/raw/plan_api/static/2023/163.json,1
2023,综合,163,苏州科技大学,131214,03,物理必选,081002,建筑环境与能源应用工程,2,6380,4,https://static-data.gaokao.cn/www/2.0/schoolspecialplan/163/2023/31.json?a=www.gaokao.cn,data/shanghai/raw/plan_api/static/2023/163.json,1
2023,综合,163,苏州科技大学,131214,03,物理必选,080202,机械设计制造及其自动化,2,6380,4,https://static-data.gaokao.cn/www/2.0/schoolspecialplan/163/2023/31.json?a=www.gaokao.cn,data/shanghai/raw/plan_api/static/2023/163.json,1
2023,综合,163,苏州科技大学,131208,06,物理必选,080202,机械设计制造及其自动化,2,6380,4,https://static-data.gaokao.cn/www/2.0/schoolspecialplan/163/2023/31.json?a=www.gaokao.cn,data/shanghai/raw/plan_api/static/2023/163.json,1
2023,综合,163,苏州科技大学,131216,02,物/化/生(3选1),071002,生物技术,2,6380,4,https://static-data.gaokao.cn/www/2.0/schoolspecialplan/163/2023/31.json?a=www.gaokao.cn,data/shanghai/raw/plan_api/static/2023/163.json,1
2023,综合,163,苏州科技大学,131212,04,化学必选,080406,无机非金属材料工程,2,6380,4,https://static-data.gaokao.cn/www/2.0/schoolspecialplan/163/2023/31.json?a=www.gaokao.cn,data/shanghai/raw/plan_api/static/2023/163.json,1
2023,综合,163,苏州科技大学,131214,03,物理必选,080204,机械电子工程,2,6380,4,https://static-data.gaokao.cn/www/2.0/schoolspecialplan/163/2023/31.json?a=www.gaokao.cn,data/shanghai/raw/plan_api/static/2023/163.json,1
2023,综合,163,苏州科技大学,131210,05,不限,050201,英语,2,6380,4,https://static-data.gaokao.cn/www/2.0/schoolspecialplan/163/2023/31.json?a=www.gaokao.cn,data/shanghai/raw/plan_api/static/2023/163.json,1
2023,综合,163,苏州科技大学,131212,04,化学必选,080403,材料化学,2,6380,4,https://static-data.gaokao.cn/www/2.0/schoolspecialplan/163/2023/31.json?a=www.gaokao.cn,data/shanghai/raw/plan_api/static/2023/163.json,1
2023,综合,163,苏州科技大学,131210,05,不限,050207,日语,2,6380,4,https://static-data.gaokao.cn/www/2.0/schoolspecialplan/163/2023/31.json?a=www.gaokao.cn,data/shanghai/raw/plan_api/static/2023/163.json,1
2023,综合,163,苏州科技大学,131214,03,物理必选,070101,数学与应用数学,2,6380,4,https://static-data.gaokao.cn/www/2.0/schoolspecialplan/163/2023/31.json?a=www.gaokao.cn,data/shanghai/raw/plan_api/static/2023/163.json,1
2023,综合,164,南京财经大学,107255,01,不限,120601,物流管理,4,5200,四年,https://static-data.gaokao.cn/www/2.0/schoolspecialplan/164/2023/31.json?a=www.gaokao.cn,data/shanghai/raw/plan_api/static/2023/164.json,1
2023,综合,164,南京财经大学,107255,01,不限,120403,劳动与社会保障,3,5200,四年,https://static-data.gaokao.cn/www/2.0/schoolspecialplan/164/2023/31.json?a=www.gaokao.cn,data/shanghai/raw/plan_api/static/2023/164.json,1
2023,综合,164,南京财经大学,107255,01,不限,030302,社会工作,3,5200,四年,https://static-data.gaokao.cn/www/2.0/schoolspecialplan/164/2023/31.json?a=www.gaokao.cn,data/shanghai/raw/plan_api/static/2023/164.json,1
2023,综合,164,南京财经大学,107255,01,不限,050201,英语,3,5200,四年,https://static-data.gaokao.cn/www/2.0/schoolspecialplan/164/2023/31.json?a=www.gaokao.cn,data/shanghai/raw/plan_api/static/2023/164.json,1
2023,综合,164,南京财经大学,107255,01,不限,120901K,旅游管理,2,5200,四年,https://static-data.gaokao.cn/www/2.0/schoolspecialplan/164/2023/31.json?a=www.gaokao.cn,data/shanghai/raw/plan_api/static/2023/164.json,1
2023,综合,164,南京财经大学,107255,01,不限,120201K,工商管理,2,26400,五年,https://static-data.gaokao.cn/www/2.0/schoolspecialplan/164/2023/31.json?a=www.gaokao.cn,data/shanghai/raw/plan_api/static/2023/164.json,1
2023,综合,164,南京财经大学,107255,01,不限,050303,广告学,2,5200,四年,https://static-data.gaokao.cn/www/2.0/schoolspecialplan/164/2023/31.json?a=www.gaokao.cn,data/shanghai/raw/plan_api/static/2023/164.json,1
2023,综合,164,南京财经大学,107255,01,不限,020401,国际经济与贸易,2,5200,四年,https://static-data.gaokao.cn/www/2.0/schoolspecialplan/164/2023/31.json?a=www.gaokao.cn,data/shanghai/raw/plan_api/static/2023/164.json,1
2023,综合,164,南京财经大学,107255,01,不限,0201,经济学类,2,5200,四年,https://static-data.gaokao.cn/www/2.0/schoolspecialplan/164/2023/31.json?a=www.gaokao.cn,data/shanghai/raw/plan_api/static/2023/164.json,1
2023,综合,164,南京财经大学,107255,01,不限,0202,财政学类,2,5200,四年,https://static-data.gaokao.cn/www/2.0/schoolspecialplan/164/2023/31.json?a=www.gaokao.cn,data/shanghai/raw/plan_api/static/2023/164.json,1
2023,综合,164,南京财经大学,107255,01,不限,0203,金融学类,2,5700,四年,https://static-data.gaokao.cn/www/2.0/schoolspecialplan/164/2023/31.json?a=www.gaokao.cn,data/shanghai/raw/plan_api/static/2023/164.json,1
2023,综合,164,南京财经大学,107255,01,不限,1202,工商管理类,2,5700,四年,https://static-data.gaokao.cn/www/2.0/schoolspecialplan/164/2023/31.json?a=www.gaokao.cn,data/shanghai/raw/plan_api/static/2023/164.json,1
2023,综合,164,南京财经大学,107255,01,不限,120402,行政管理,2,5200,四年,https://static-data.gaokao.cn/www/2.0/schoolspecialplan/164/2023/31.json?a=www.gaokao.cn,data/shanghai/raw/plan_api/static/2023/164.json,1
2023,综合,164,南京财经大学,107254,02,物理必选,120104,房地产开发与管理,4,5200,四年,https://static-data.gaokao.cn/www/2.0/schoolspecialplan/164/2023/31.json?a=www.gaokao.cn,data/shanghai/raw/plan_api/static/2023/164.json,1
2023,综合,164,南京财经大学,107254,02,物理必选,120108T,大数据管理与应用,2,5200,四年,https://static-data.gaokao.cn/www/2.0/schoolspecialplan/164/2023/31.json?a=www.gaokao.cn,data/shanghai/raw/plan_api/static/2023/164.json,1
2023,综合,164,南京财经大学,107254,02,物理必选,120101,管理科学,2,5200,四年,https://static-data.gaokao.cn/www/2.0/schoolspecialplan/164/2023/31.json?a=www.gaokao.cn,data/shanghai/raw/plan_api/static/2023/164.json,1
2023,综合,164,南京财经大学,107254,02,物理必选,080905,物联网工程,2,5800,四年,https://static-data.gaokao.cn/www/2.0/schoolspecialplan/164/2023/31.json?a=www.gaokao.cn,data/shanghai/raw/plan_api/static/2023/164.json,1
2023,综合,165,立达学院,107001,01,不限,120206,人力资源管理,3,4660,四年,https://static-data.gaokao.cn/www/2.0/schoolspecialplan/165/2023/31.json?a=www.gaokao.cn,data/shanghai/raw/plan_api/static/2023/165.json,1
2023,综合,165,立达学院,107001,01,不限,020301K,金融学,2,4660,四年,https://static-data.gaokao.cn/www/2.0/schoolspecialplan/165/2023/31.json?a=www.gaokao.cn,data/shanghai/raw/plan_api/static/2023/165.json,1
2023,综合,165,立达学院,107001,01,不限,020401,国际经济与贸易,2,4660,四年,https://static-data.gaokao.cn/www/2.0/schoolspecialplan/165/2023/31.json?a=www.gaokao.cn,data/shanghai/raw/plan_api/static/2023/165.json,1
2023,综合,165,立达学院,107001,01,不限,120204,财务管理,2,4660,四年,https://static-data.gaokao.cn/www/2.0/schoolspecialplan/165/2023/31.json?a=www.gaokao.cn,data/shanghai/raw/plan_api/static/2023/165.json,1
2023,综合,165,立达学院,107001,01,不限,050103,汉语国际教育,1,4380,四年,https://static-data.gaokao.cn/www/2.0/schoolspecialplan/165/2023/31.json?a=www.gaokao.cn,data/shanghai/raw/plan_api/static/2023/165.json,1
2023,综合,165,立达学院,107001,01,不限,050201,英语,1,4660,四年,https://static-data.gaokao.cn/www/2.0/schoolspecialplan/165/2023/31.json?a=www.gaokao.cn,data/shanghai/raw/plan_api/static/2023/165.json,1
2023,综合,165,立达学院,107000,02,物理必选,080601,电气工程及其自动化,2,5220,四年,https://static-data.gaokao.cn/www/2.0/schoolspecialplan/165/2023/31.json?a=www.gaokao.cn,data/shanghai/raw/plan_api/static/2023/165.json,1
2023,综合,165,立达学院,107000,02,物理必选,0807,电子信息类,2,5220,四年,https://static-data.gaokao.cn/www/2.0/schoolspecialplan/165/2023/31.json?a=www.gaokao.cn,data/shanghai/raw/plan_api/static/2023/165.json,1
2023,综合,165,立达学院,107000,02,物理必选,0810,土木类,2,5220,四年,https://static-data.gaokao.cn/www/2.0/schoolspecialplan/165/2023/31.json?a=www.gaokao.cn,data/shanghai/raw/plan_api/static/2023/165.json,1
2023,综合,165,立达学院,107000,02,物理必选,120111T,应急管理,2,4660,四年,https://static-data.gaokao.cn/www/2.0/schoolspecialplan/165/2023/31.json?a=www.gaokao.cn,data/shanghai/raw/plan_api/static/2023/165.json,1
2023,综合,165,立达学院,106999,03,物理必选,080902,软件工程,1,10000,四年,https://static-data.gaokao.cn/www/2.0/schoolspecialplan/165/2023/31.json?a=www.gaokao.cn,data/shanghai/raw/plan_api/static/2023/165.json,1
2023,综合,165,立达学院,106998,04,物理必选,080702,电子科学与技术,2,14000,四年,https://static-data.gaokao.cn/www/2.0/schoolspecialplan/165/2023/31.json?a=www.gaokao.cn,data/shanghai/raw/plan_api/static/2023/165.json,1
2023,综合,165,立达学院,107000,02,物理必选,120105,工程造价,1,4660,四年,https://static-data.gaokao.cn/www/2.0/schoolspecialplan/165/2023/31.json?a=www.gaokao.cn,data/shanghai/raw/plan_api/static/2023/165.json,1
2023,综合,165,立达学院,106997,05,物/地/史(3选1),082802,城乡规划,1,5220,五年,https://static-data.gaokao.cn/www/2.0/schoolspecialplan/165/2023/31.json?a=www.gaokao.cn,data/shanghai/raw/plan_api/static/2023/165.json,1
2023,综合,168,南京医科大学,107266,01,物理、化学(2科必选),100201K,临床医学,2,7480,五年,https://static-data.gaokao.cn/www/2.0/schoolspecialplan/168/2023/31.json?a=www.gaokao.cn,data/shanghai/raw/plan_api/static/2023/168.json,1
2023,综合,168,南京医科大学,107266,01,物理、化学(2科必选),071204T,生物统计学,2,5500,四年,https://static-data.gaokao.cn/www/2.0/schoolspecialplan/168/2023/31.json?a=www.gaokao.cn,data/shanghai/raw/plan_api/static/2023/168.json,1
2023,综合,168,南京医科大学,107266,01,物理、化学(2科必选),100301K,口腔医学,2,7480,五年,https://static-data.gaokao.cn/www/2.0/schoolspecialplan/168/2023/31.json?a=www.gaokao.cn,data/shanghai/raw/plan_api/static/2023/168.json,1
2023,综合,168,南京医科大学,107266,01,物理、化学(2科必选),100401K,预防医学,2,6800,五年,https://static-data.gaokao.cn/www/2.0/schoolspecialplan/168/2023/31.json?a=www.gaokao.cn,data/shanghai/raw/plan_api/static/2023/168.json,1
2023,综合,168,南京医科大学,107266,01,物理、化学(2科必选),101005,康复治疗学,2,6800,四年,https://static-data.gaokao.cn/www/2.0/schoolspecialplan/168/2023/31.json?a=www.gaokao.cn,data/shanghai/raw/plan_api/static/2023/168.json,1
2023,综合,168,南京医科大学,107266,01,物理、化学(2科必选),101007,卫生检验与检疫,2,6800,四年,https://static-data.gaokao.cn/www/2.0/schoolspecialplan/168/2023/31.json?a=www.gaokao.cn,data/shanghai/raw/plan_api/static/2023/168.json,1
2023,综合,168,南京医科大学,107266,01,物理、化学(2科必选),101011T,智能医学工程,2,6800,四年,https://static-data.gaokao.cn/www/2.0/schoolspecialplan/168/2023/31.json?a=www.gaokao.cn,data/shanghai/raw/plan_api/static/2023/168.json,1
2023,综合,168,南京医科大学,107265,02,化学必选,101101K,护理学,4,6800,四年,https://static-data.gaokao.cn/www/2.0/schoolspecialplan/168/2023/31.json?a=www.gaokao.cn,data/shanghai/raw/plan_api/static/2023/168.json,1
2023,综合,168,南京医科大学,107265,02,化学必选,100703TK,临床药学,2,6800,五年,https://static-data.gaokao.cn/www/2.0/schoolspecialplan/168/2023/31.json?a=www.gaokao.cn,data/shanghai/raw/plan_api/static/2023/168.json,1
2023,综合,168,南京医科大学,107264,03,不限,120401,公共事业管理,2,5200,四年,https://static-data.gaokao.cn/www/2.0/schoolspecialplan/168/2023/31.json?a=www.gaokao.cn,data/shanghai/raw/plan_api/static/2023/168.json,1
2023,综合,169,南京林业大学,107279,01,物理必选,080701,电子信息工程,3,5800,四年,https://static-data.gaokao.cn/www/2.0/schoolspecialplan/169/2023/31.json?a=www.gaokao.cn,data/shanghai/raw/plan_api/static/2023/169.json,1
2023,综合,169,南京林业大学,107279,01,物理必选,080205,工业设计,2,5800,四年,https://static-data.gaokao.cn/www/2.0/schoolspecialplan/169/2023/31.json?a=www.gaokao.cn,data/shanghai/raw/plan_api/static/2023/169.json,1
2023,综合,169,南京林业大学,107279,01,物理必选,080202,机械设计制造及其自动化,2,5800,四年,https://static-data.gaokao.cn/www/2.0/schoolspecialplan/169/2023/31.json?a=www.gaokao.cn,data/shanghai/raw/plan_api/static/2023/169.json,1
2023,综合,169,南京林业大学,107279,01,物理必选,080901,计算机科学与技术,2,5800,四年,https://static-data.gaokao.cn/www/2.0/schoolspecialplan/169/2023/31.json?a=www.gaokao.cn,data/shanghai/raw/plan_api/static/2023/169.json,1
2023,综合,169,南京林业大学,107279,01,物理必选,0810,土木类,2,5800,四年,https://static-data.gaokao.cn/www/2.0/schoolspecialplan/169/2023/31.json?a=www.gaokao.cn,data/shanghai/raw/plan_api/static/2023/169.json,1
2023,综合,169,南京林业大学,107279,01,物理必选,081201,测绘工程,2,5800,四年,https://static-data.gaokao.cn/www/2.0/schoolspecialplan/169/2023/31.json?a=www.gaokao.cn,data/shanghai/raw/plan_api/static/2023/169.json,1
2023,综合,169,南京林业大学,107278,02,物/化/生(3选1),090502,园林,2,2750,四年,https://static-data.gaokao.cn/www/2.0/schoolspecialplan/169/2023/31.json?a=www.gaokao.cn,data/shanghai/raw/plan_api/static/2023/169.json,1
2023,综合,169,南京林业大学,107278,02,物/化/生(3选1),082502,环境工程,2,6380,四年,https://static-data.gaokao.cn/www/2.0/schoolspecialplan/169/2023/31.json?a=www.gaokao.cn,data/shanghai/raw/plan_api/static/2023/169.json,1
2023,综合,169,南京林业大学,107278,02,物/化/生(3选1),071002,生物技术,2,6050,四年,https://static-data.gaokao.cn/www/2.0/schoolspecialplan/169/2023/31.json?a=www.gaokao.cn,data/shanghai/raw/plan_api/static/2023/169.json,1
2023,综合,169,南京林业大学,107277,03,不限,030101K,法学,2,5200,四年,https://static-data.gaokao.cn/www/2.0/schoolspecialplan/169/2023/31.json?a=www.gaokao.cn,data/shanghai/raw/plan_api/static/2023/169.json,1
2023,综合,170,江苏大学,107276,01,物理/历史(2选1),050201,英语,2,5200,四年,https://static-data.gaokao.cn/www/2.0/schoolspecialplan/170/2023/31.json?a=www.gaokao.cn,data/shanghai/raw/plan_api/static/2023/170.json,1
2023,综合,170,江苏大学,107276,01,物理/历史(2选1),120601,物流管理,2,5720,四年,https://static-data.gaokao.cn/www/2.0/schoolspecialplan/170/2023/31.json?a=www.gaokao.cn,data/shanghai/raw/plan_api/static/2023/170.json,1
2023,综合,170,江苏大学,107276,01,物理/历史(2选1),120201K,工商管理,2,5720,四年,https://static-data.gaokao.cn/www/2.0/schoolspecialplan/170/2023/31.json?a=www.gaokao.cn,data/shanghai/raw/plan_api/static/2023/170.json,1
2023,综合,170,江苏大学,107276,01,物理/历史(2选1),050207,日语,2,5200,四年,https://static-data.gaokao.cn/www/2.0/schoolspecialplan/170/2023/31.json?a=www.gaokao.cn,data/shanghai/raw/plan_api/static/2023/170.json,1
2023,综合,170,江苏大学,107276,01,物理/历史(2选1),120206,人力资源管理,1,5200,四年,https://static-data.gaokao.cn/www/2.0/schoolspecialplan/170/2023/31.json?a=www.gaokao.cn,data/shanghai/raw/plan_api/static/2023/170.json,1
2023,综合,170,江苏大学,107276,01,物理/历史(2选1),020301K,金融学,1,5200,四年,https://static-data.gaokao.cn/www/2.0/schoolspecialplan/170/2023/31.json?a=www.gaokao.cn,data/shanghai/raw/plan_api/static/2023/170.json,1
2023,综合,170,江苏大学,107276,01,物理/历史(2选1),120203K,会计学,1,5200,四年,https://static-data.gaokao.cn/www/2.0/schoolspecialplan/170/2023/31.json?a=www.gaokao.cn,data/shanghai/raw/plan_api/static/2023/170.json,1
2023,综合,170,江苏大学,107275,02,物理必选,080801,自动化,3,6380,四年,https://static-data.gaokao.cn/www/2.0/schoolspecialplan/170/2023/31.json?a=www.gaokao.cn,data/shanghai/raw/plan_api/static/2023/170.json,1
2023,综合,170,江苏大学,107275,02,物理必选,080213T,智能制造工程,2,6380,四年,https://static-data.gaokao.cn/www/2.0/schoolspecialplan/170/2023/31.json?a=www.gaokao.cn,data/shanghai/raw/plan_api/static/2023/170.json,1
2023,综合,170,江苏大学,107275,02,物理必选,080901,计算机科学与技术,2,6380,四年,https://static-data.gaokao.cn/www/2.0/schoolspecialplan/170/2023/31.json?a=www.gaokao.cn,data/shanghai/raw/plan_api/static/2023/170.json,1
2023,综合,170,江苏大学,107275,02,物理必选,080204,机械电子工程,2,6380,四年,https://static-data.gaokao.cn/www/2.0/schoolspecialplan/170/2023/31.json?a=www.gaokao.cn,data/shanghai/raw/plan_api/static/2023/170.json,1
2023,综合,170,江苏大学,107275,02,物理必选,080701,电子信息工程,2,5800,四年,https://static-data.gaokao.cn/www/2.0/schoolspecialplan/170/2023/31.json?a=www.gaokao.cn,data/shanghai/raw/plan_api/static/2023/170.json,1
2023,综合,170,江苏大学,107275,02,物理必选,070201,物理学,2,5500,四年,https://static-data.gaokao.cn/www/2.0/schoolspecialplan/170/2023/31.json?a=www.gaokao.cn,data/shanghai/raw/plan_api/static/2023/170.json,1
2023,综合,170,江苏大学,107275,02,物理必选,080902,软件工程,2,6380,四年,https://static-data.gaokao.cn/www/2.0/schoolspecialplan/170/2023/31.json?a=www.gaokao.cn,data/shanghai/raw/plan_api/static/2023/170.json,1
2023,综合,170,江苏大学,107275,02,物理必选,100401K,预防医学,2,6800,五年,https://static-data.gaokao.cn/www/2.0/schoolspecialplan/170/2023/31.json?a=www.gaokao.cn,data/shanghai/raw/plan_api/static/2023/170.json,1
2023,综合,171,南京工业大学,107288,01,不限,030101K,法学,3,5200,四年,https://static-data.gaokao.cn/www/2.0/schoolspecialplan/171/2023/31.json?a=www.gaokao.cn,data/shanghai/raw/plan_api/static/2023/171.json,1
2023,综合,171,南京工业大学,107288,01,不限,120203K,会计学,3,5200,四年,https://static-data.gaokao.cn/www/2.0/schoolspecialplan/171/2023/31.json?a=www.gaokao.cn,data/shanghai/raw/plan_api/static/2023/171.json,1
2023,综合,171,南京工业大学,107288,01,不限,020301K,金融学,2,5200,四年,https://static-data.gaokao.cn/www/2.0/schoolspecialplan/171/2023/31.json?a=www.gaokao.cn,data/shanghai/raw/plan_api/static/2023/171.json,1
2023,综合,171,南京工业大学,107288,01,不限,020401,国际经济与贸易,2,5200,四年,https://static-data.gaokao.cn/www/2.0/schoolspecialplan/171/2023/31.json?a=www.gaokao.cn,data/shanghai/raw/plan_api/static/2023/171.json,1
2023,综合,171,南京工业大学,107288,01,不限,050103,汉语国际教育,2,5200,四年,https://static-data.gaokao.cn/www/2.0/schoolspecialplan/171/2023/31.json?a=www.gaokao.cn,data/shanghai/raw/plan_api/static/2023/171.json,1
2023,综合,171,南京工业大学,107288,01,不限,050201,英语,2,5200,四年,https://static-data.gaokao.cn/www/2.0/schoolspecialplan/171/2023/31.json?a=www.gaokao.cn,data/shanghai/raw/plan_api/static/2023/171.json,1
2023,综合,171,南京工业大学,107286,03,物/化/生(3选1),081301,化学工程与工艺,5,6380,四年,https://static-data.gaokao.cn/www/2.0/schoolspecialplan/171/2023/31.json?a=www.gaokao.cn,data/shanghai/raw/plan_api/static/2023/171.json,1
2023,综合,171,南京工业大学,107287,02,物理必选,080201,机械工程,3,6380,四年,https://static-data.gaokao.cn/www/2.0/schoolspecialplan/171/2023/31.json?a=www.gaokao.cn,data/shanghai/raw/plan_api/static/2023/171.json,1
2023,综合,171,南京工业大学,107286,03,物/化/生(3选1),100701,药学,3,6800,四年,https://static-data.gaokao.cn/www/2.0/schoolspecialplan/171/2023/31.json?a=www.gaokao.cn,data/shanghai/raw/plan_api/static/2023/171.json,1
2023,综合,171,南京工业大学,107286,03,物/化/生(3选1),082801,建筑学,2,5800,五年,https://static-data.gaokao.cn/www/2.0/schoolspecialplan/171/2023/31.json?a=www.gaokao.cn,data/shanghai/raw/plan_api/static/2023/171.json,1
2023,综合,171,南京工业大学,107287,02,物理必选,080705,光电信息科学与工程,2,6380,四年,https://static-data.gaokao.cn/www/2.0/schoolspecialplan/171/2023/31.json?a=www.gaokao.cn,data/shanghai/raw/plan_api/static/2023/171.json,1
2023,综合,171,南京工业大学,107287,02,物理必选,080801,自动化,2,5800,四年,https://static-data.gaokao.cn/www/2.0/schoolspecialplan/171/2023/31.json?a=www.gaokao.cn,data/shanghai/raw/plan_api/static/2023/171.json,1
2023,综合,171,南京工业大学,107286,03,物/化/生(3选1),083001,生物工程,2,6380,四年,https://static-data.gaokao.cn/www/2.0/schoolspecialplan/171/2023/31.json?a=www.gaokao.cn,data/shanghai/raw/plan_api/static/2023/171.json,1
2023,综合,171,南京工业大学,107287,02,物理必选,080401,材料科学与工程,2,6380,四年,https://static-data.gaokao.cn/www/2.0/schoolspecialplan/171/2023/31.json?a=www.gaokao.cn,data/shanghai/raw/plan_api/static/2023/171.json,1
2023,综合,171,南京工业大学,107287,02,物理必选,080703,通信工程,2,5800,四年,https://static-data.gaokao.cn/www/2.0/schoolspecialplan/171/2023/31.json?a=www.gaokao.cn,data/shanghai/raw/plan_api/static/2023/171.json,1
2023,综合,171,南京工业大学,107287,02,物理必选,081005T,城市地下空间工程,2,5800,四年,https://static-data.gaokao.cn/www/2.0/schoolspecialplan/171/2023/31.json?a=www.gaokao.cn,data/shanghai/raw/plan_api/static/2023/171.json,1
2023,综合,171,南京工业大学,107287,02,物理必选,081008T,智能建造,2,6380,四年,https://static-data.gaokao.cn/www/2.0/schoolspecialplan/171/2023/31.json?a=www.gaokao.cn,data/shanghai/raw/plan_api/static/2023/171.json,1
2023,综合,171,南京工业大学,107286,03,物/化/生(3选1),082702,食品质量与安全,2,6380,四年,https://static-data.gaokao.cn/www/2.0/schoolspecialplan/171/2023/31.json?a=www.gaokao.cn,data/shanghai/raw/plan_api/static/2023/171.json,1
2023,综合,171,南京工业大学,107285,04,物理/化学(2选1),080501,能源与动力工程,2,6380,四年,https://static-data.gaokao.cn/www/2.0/schoolspecialplan/171/2023/31.json?a=www.gaokao.cn,data/shanghai/raw/plan_api/static/2023/171.json,1
2023,综合,172,上师天华,106993,01,不限,120203K,会计学,3,4660,四年,https://static-data.gaokao.cn/www/2.0/schoolspecialplan/172/2023/31.json?a=www.gaokao.cn,data/shanghai/raw/plan_api/static/2023/172.json,1
2023,综合,172,上师天华,106991,03,地理必选,120404,土地资源管理,4,4660,四年,https://static-data.gaokao.cn/www/2.0/schoolspecialplan/172/2023/31.json?a=www.gaokao.cn,data/shanghai/raw/plan_api/static/2023/172.json,1
2023,综合,172,上师天华,106990,04,化学/生物(2选1),082501,环境科学与工程,3,4940,四年,https://static-data.gaokao.cn/www/2.0/schoolspecialplan/172/2023/31.json?a=www.gaokao.cn,data/shanghai/raw/plan_api/static/2023/172.json,1
2023,综合,172,上师天华,106992,02,物理必选,080403,材料化学,2,4940,四年,https://static-data.gaokao.cn/www/2.0/schoolspecialplan/172/2023/31.json?a=www.gaokao.cn,data/shanghai/raw/plan_api/static/2023/172.json,1
2023,综合,172,上师天华,106990,04,化学/生物(2选1),090103,植物保护,2,4090,四年,https://static-data.gaokao.cn/www/2.0/schoolspecialplan/172/2023/31.json?a=www.gaokao.cn,data/shanghai/raw/plan_api/static/2023/172.json,1
2023,综合,172,上师天华,106990,04,化学/生物(2选1),090402,动物药学,2,4090,四年,https://static-data.gaokao.cn/www/2.0/schoolspecialplan/172/2023/31.json?a=www.gaokao.cn,data/shanghai/raw/plan_api/static/2023/172.json,1
2023,综合,172,上师天华,106990,04,化学/生物(2选1),090403T,动植物检疫,2,4090,四年,https://static-data.gaokao.cn/www/2.0/schoolspecialplan/172/2023/31.json?a=www.gaokao.cn,data/shanghai/raw/plan_api/static/2023/172.json,1
2023,综合,172,上师天华,106990,04,化学/生物(2选1),090601,水产养殖学,2,4090,四年,https://static-data.gaokao.cn/www/2.0/schoolspecialplan/172/2023/31.json?a=www.gaokao.cn,data/shanghai/raw/plan_api/static/2023/172.json,1
2023,综合,172,上师天华,106989,05,物理/化学(2选1),070302,应用化学,2,4940,四年,https://static-data.gaokao.cn/www/2.0/schoolspecialplan/172/2023/31.json?a=www.gaokao.cn,data/shanghai/raw/plan_api/static/2023/172.json,1
2023,综合,172,上师天华,106988,06,物理、化学(2科必选),071002,生物技术,2,4940,四年,https://static-data.gaokao.cn/www/2.0/schoolspecialplan/172/2023/31.json?a=www.gaokao.cn,data/shanghai/raw/plan_api/static/2023/172.json,1
2023,综合,172,上师天华,106988,06,物理、化学(2科必选),081302,制药工程,2,4940,四年,https://static-data.gaokao.cn/www/2.0/schoolspecialplan/172/2023/31.json?a=www.gaokao.cn,data/shanghai/raw/plan_api/static/2023/172.json,1
2023,综合,173,扬州大学,107245,01,不限,050302,广播电视学,2,5200,四年,https://static-data.gaokao.cn/www/2.0/schoolspecialplan/173/2023/31.json?a=www.gaokao.cn,data/shanghai/raw/plan_api/static/2023/173.json,1
2023,综合,173,扬州大学,107245,01,不限,020101,经济学,1,5200,四年,https://static-data.gaokao.cn/www/2.0/schoolspecialplan/173/2023/31.json?a=www.gaokao.cn,data/shanghai/raw/plan_api/static/2023/173.json,1
2023,综合,173,扬州大学,107245,01,不限,120201K,工商管理,1,5200,四年,https://static-data.gaokao.cn/www/2.0/schoolspecialplan/173/2023/31.json?a=www.gaokao.cn,data/shanghai/raw/plan_api/static/2023/173.json,1
2023,综合,173,扬州大学,107245,01,不限,030101K,法学,1,5720,四年,https://static-data.gaokao.cn/www/2.0/schoolspecialplan/173/2023/31.json?a=www.gaokao.cn,data/shanghai/raw/plan_api/static/2023/173.json,1
2023,综合,173,扬州大学,107245,01,不限,050103,汉语国际教育,1,5720,四年,https://static-data.gaokao.cn/www/2.0/schoolspecialplan/173/2023/31.json?a=www.gaokao.cn,data/shanghai/raw/plan_api/static/2023/173.json,1
2023,综合,173,扬州大学,107245,01,不限,050101,汉语言文学,1,5720,四年,https://static-data.gaokao.cn/www/2.0/schoolspecialplan/173/2023/31.json?a=www.gaokao.cn,data/shanghai/raw/plan_api/static/2023/173.json,1
2023,综合,173,扬州大学,107242,04,物/化/生(3选1),082502,环境工程,2,5800,四年,https://static-data.gaokao.cn/www/2.0/schoolspecialplan/173/2023/31.json?a=www.gaokao.cn,data/shanghai/raw/plan_api/static/2023/173.json,1
2023,综合,173,扬州大学,107242,04,物/化/生(3选1),071002,生物技术,2,5500,四年,https://static-data.gaokao.cn/www/2.0/schoolspecialplan/173/2023/31.json?a=www.gaokao.cn,data/shanghai/raw/plan_api/static/2023/173.json,1
2023,综合,173,扬州大学,107243,03,化学必选,080407,高分子材料与工程,2,6380,四年,https://static-data.gaokao.cn/www/2.0/schoolspecialplan/173/2023/31.json?a=www.gaokao.cn,data/shanghai/raw/plan_api/static/2023/173.json,1
2023,综合,173,扬州大学,107244,02,物理必选,080601,电气工程及其自动化,1,5800,四年,https://static-data.gaokao.cn/www/2.0/schoolspecialplan/173/2023/31.json?a=www.gaokao.cn,data/shanghai/raw/plan_api/static/2023/173.json,1
2023,综合,173,扬州大学,107242,04,物/化/生(3选1),090401,动物医学,1,2750,五年,https://static-data.gaokao.cn/www/2.0/schoolspecialplan/173/2023/31.json?a=www.gaokao.cn,data/shanghai/raw/plan_api/static/2023/173.json,1
2023,综合,173,扬州大学,107244,02,物理必选,081003,给排水科学与工程,1,5800,四年,https://static-data.gaokao.cn/www/2.0/schoolspecialplan/173/2023/31.json?a=www.gaokao.cn,data/shanghai/raw/plan_api/static/2023/173.json,1
2023,综合,173,扬州大学,107242,04,物/化/生(3选1),083002T,生物制药,1,5800,四年,https://static-data.gaokao.cn/www/2.0/schoolspecialplan/173/2023/31.json?a=www.gaokao.cn,data/shanghai/raw/plan_api/static/2023/173.json,1
2023,综合,173,扬州大学,107244,02,物理必选,080701,电子信息工程,1,5800,四年,https://static-data.gaokao.cn/www/2.0/schoolspecialplan/173/2023/31.json?a=www.gaokao.cn,data/shanghai/raw/plan_api/static/2023/173.json,1
2023,综合,173,扬州大学,107244,02,物理必选,070101,数学与应用数学,1,5500,四年,https://static-data.gaokao.cn/www/2.0/schoolspecialplan/173/2023/31.json?a=www.gaokao.cn,data/shanghai/raw/plan_api/static/2023/173.json,1
2023,综合,173,扬州大学,107244,02,物理必选,081102,水文与水资源工程,1,6380,四年,https://static-data.gaokao.cn/www/2.0/schoolspecialplan/173/2023/31.json?a=www.gaokao.cn,data/shanghai/raw/plan_api/static/2023/173.json,1
2023,综合,174,江西师范大学,106982,01,不限,050101,汉语言文学,1,4380,四年,https://static-data.gaokao.cn/www/2.0/schoolspecialplan/174/2023/31.json?a=www.gaokao.cn,data/shanghai/raw/plan_api/static/2023/174.json,1
2023,综合,174,江西师范大学,106982,01,不限,050201,英语,1,4660,四年,https://static-data.gaokao.cn/www/2.0/schoolspecialplan/174/2023/31.json?a=www.gaokao.cn,data/shanghai/raw/plan_api/static/2023/174.json,1
2023,综合,174,江西师范大学,106982,01,不限,0503,新闻传播学类,1,4660,四年,https://static-data.gaokao.cn/www/2.0/schoolspecialplan/174/2023/31.json?a=www.gaokao.cn,data/shanghai/raw/plan_api/static/2023/174.json,1
2023,综合,174,江西师范大学,106982,01,不限,0711,心理学类,1,4660,四年,https://static-data.gaokao.cn/www/2.0/schoolspecialplan/174/2023/31.json?a=www.gaokao.cn,data/shanghai/raw/plan_api/static/2023/174.json,1
2023,综合,174,江西师范大学,106979,04,思想政治必选,030503,思想政治教育,2,4660,四年,https://static-data.gaokao.cn/www/2.0/schoolspecialplan/174/2023/31.json?a=www.gaokao.cn,data/shanghai/raw/plan_api/static/2023/174.json,1
2023,综合,174,江西师范大学,106981,02,物理必选,070101,数学与应用数学,1,4940,四年,https://static-data.gaokao.cn/www/2.0/schoolspecialplan/174/2023/31.json?a=www.gaokao.cn,data/shanghai/raw/plan_api/static/2023/174.json,1
2023,综合,174,江西师范大学,106981,02,物理必选,070201,物理学,1,4940,四年,https://static-data.gaokao.cn/www/2.0/schoolspecialplan/174/2023/31.json?a=www.gaokao.cn,data/shanghai/raw/plan_api/static/2023/174.json,1
2023,综合,174,江西师范大学,106980,03,化学必选,0703,化学类,1,4940,四年,https://static-data.gaokao.cn/www/2.0/schoolspecialplan/174/2023/31.json?a=www.gaokao.cn,data/shanghai/raw/plan_api/static/2023/174.json,1
2023,综合,174,江西师范大学,106978,05,物/化/生(3选1),071001,生物科学,1,4940,四年,https://static-data.gaokao.cn/www/2.0/schoolspecialplan/174/2023/31.json?a=www.gaokao.cn,data/shanghai/raw/plan_api/static/2023/174.json,1
2023,综合,174,江西师范大学,106977,06,物/化/地(3选1),0705,地理科学类,1,4940,四年,https://static-data.gaokao.cn/www/2.0/schoolspecialplan/174/2023/31.json?a=www.gaokao.cn,data/shanghai/raw/plan_api/static/2023/174.json,1
2023,综合,175,江西财经大学,106961,01,不限,020301K,金融学,2,4660,四年,https://static-data.gaokao.cn/www/2.0/schoolspecialplan/175/2023/31.json?a=www.gaokao.cn,data/shanghai/raw/plan_api/static/2023/175.json,1
2023,综合,175,江西财经大学,106961,01,不限,020202,税收学,3,4660,四年,https://static-data.gaokao.cn/www/2.0/schoolspecialplan/175/2023/31.json?a=www.gaokao.cn,data/shanghai/raw/plan_api/static/2023/175.json,1
2023,综合,175,江西财经大学,106961,01,不限,120203K,会计学,2,4660,四年,https://static-data.gaokao.cn/www/2.0/schoolspecialplan/175/2023/31.json?a=www.gaokao.cn,data/shanghai/raw/plan_api/static/2023/175.json,1
2023,综合,175,江西财经大学,106961,01,不限,020103T,国民经济管理,2,4660,四年,https://static-data.gaokao.cn/www/2.0/schoolspecialplan/175/2023/31.json?a=www.gaokao.cn,data/shanghai/raw/plan_api/static/2023/175.json,1
2023,综合,175,江西财经大学,106961,01,不限,020109T,数字经济,2,4660,四年,https://static-data.gaokao.cn/www/2.0/schoolspecialplan/175/2023/31.json?a=www.gaokao.cn,data/shanghai/raw/plan_api/static/2023/175.json,1
2023,综合,175,江西财经大学,106961,01,不限,020302,金融工程,2,4660,四年,https://static-data.gaokao.cn/www/2.0/schoolspecialplan/175/2023/31.json?a=www.gaokao.cn,data/shanghai/raw/plan_api/static/2023/175.json,1
2023,综合,175,江西财经大学,106961,01,不限,020401,国际经济与贸易,2,4660,四年,https://static-data.gaokao.cn/www/2.0/schoolspecialplan/175/2023/31.json?a=www.gaokao.cn,data/shanghai/raw/plan_api/static/2023/175.json,1
2023,综合,175,江西财经大学,106961,01,不限,030101K,法学,2,4660,四年,https://static-data.gaokao.cn/www/2.0/schoolspecialplan/175/2023/31.json?a=www.gaokao.cn,data/shanghai/raw/plan_api/static/2023/175.json,1
2023,综合,175,江西财经大学,106961,01,不限,120201K,工商管理,2,4660,四年,https://static-data.gaokao.cn/www/2.0/schoolspecialplan/175/2023/31.json?a=www.gaokao.cn,data/shanghai/raw/plan_api/static/2023/175.json,1
2023,综合,175,江西财经大学,106961,01,不限,120204,财务管理,2,4660,四年,https://static-data.gaokao.cn/www/2.0/schoolspecialplan/175/2023/31.json?a=www.gaokao.cn,data/shanghai/raw/plan_api/static/2023/175.json,1
2023,综合,175,江西财经大学,106961,01,不限,120206,人力资源管理,2,4660,四年,https://static-data.gaokao.cn/www/2.0/schoolspecialplan/175/2023/31.json?a=www.gaokao.cn,data/shanghai/raw/plan_api/static/2023/175.json,1
2023,综合,175,江西财经大学,106961,01,不限,020102,经济统计学,1,4660,四年,https://static-data.gaokao.cn/www/2.0/schoolspecialplan/175/2023/31.json?a=www.gaokao.cn,data/shanghai/raw/plan_api/static/2023/175.json,1
2023,综合,175,江西财经大学,106961,01,不限,020101,经济学,1,4660,四年,https://static-data.gaokao.cn/www/2.0/schoolspecialplan/175/2023/31.json?a=www.gaokao.cn,data/shanghai/raw/plan_api/static/2023/175.json,1
2023,综合,175,江西财经大学,106961,01,不限,020201K,财政学,1,4660,四年,https://static-data.gaokao.cn/www/2.0/schoolspecialplan/175/2023/31.json?a=www.gaokao.cn,data/shanghai/raw/plan_api/static/2023/175.json,1
2023,综合,175,江西财经大学,106960,02,不限,020109T,数字经济,1,27000,四年,https://static-data.gaokao.cn/www/2.0/schoolspecialplan/175/2023/31.json?a=www.gaokao.cn,data/shanghai/raw/plan_api/static/2023/175.json,1
2023,综合,176,东华理工大学,107006,01,不限,1202,工商管理类,8,4660,四年,https://static-data.gaokao.cn/www/2.0/schoolspecialplan/176/2023/31.json?a=www.gaokao.cn,data/shanghai/raw/plan_api/static/2023/176.json,1
2023,综合,176,东华理工大学,107006,01,不限,020401,国际经济与贸易,4,4660,四年,https://static-data.gaokao.cn/www/2.0/schoolspecialplan/176/2023/31.json?a=www.gaokao.cn,data/shanghai/raw/plan_api/static/2023/176.json,1
2023,综合,176,东华理工大学,107005,02,物/化/生(3选1),081301,化学工程与工艺,7,4940,四年,https://static-data.gaokao.cn/www/2.0/schoolspecialplan/176/2023/31.json?a=www.gaokao.cn,data/shanghai/raw/plan_api/static/2023/176.json,1
2023,综合,176,东华理工大学,107005,02,物/化/生(3选1),082502,环境工程,6,4940,四年,https://static-data.gaokao.cn/www/2.0/schoolspecialplan/176/2023/31.json?a=www.gaokao.cn,data/shanghai/raw/plan_api/static/2023/176.json,1
2023,综合,176,东华理工大学,107005,02,物/化/生(3选1),071201,统计学,5,4940,四年,https://static-data.gaokao.cn/www/2.0/schoolspecialplan/176/2023/31.json?a=www.gaokao.cn,data/shanghai/raw/plan_api/static/2023/176.json,1
2023,综合,178,重庆医科大学,106638,01,化学、生物(2科必选),100201K,临床医学,1,6250,五年,https://static-data.gaokao.cn/www/2.0/schoolspecialplan/178/2023/31.json?a=www.gaokao.cn,data/shanghai/raw/plan_api/static/2023/178.json,1
2023,综合,178,重庆医科大学,106638,01,化学、生物(2科必选),101001,医学检验技术,2,6250,四年,https://static-data.gaokao.cn/www/2.0/schoolspecialplan/178/2023/31.json?a=www.gaokao.cn,data/shanghai/raw/plan_api/static/2023/178.json,1
2023,综合,178,重庆医科大学,106638,01,化学、生物(2科必选),100203TK,医学影像学,2,6250,五年,https://static-data.gaokao.cn/www/2.0/schoolspecialplan/178/2023/31.json?a=www.gaokao.cn,data/shanghai/raw/plan_api/static/2023/178.json,1
2023,综合,178,重庆医科大学,106638,01,化学、生物(2科必选),100207TK,儿科学,1,6250,五年,https://static-data.gaokao.cn/www/2.0/schoolspecialplan/178/2023/31.json?a=www.gaokao.cn,data/shanghai/raw/plan_api/static/2023/178.json,1
2023,综合,178,重庆医科大学,106638,01,化学、生物(2科必选),100202TK,麻醉学,1,6250,五年,https://static-data.gaokao.cn/www/2.0/schoolspecialplan/178/2023/31.json?a=www.gaokao.cn,data/shanghai/raw/plan_api/static/2023/178.json,1
2023,综合,178,重庆医科大学,106638,01,化学、生物(2科必选),100205TK,精神医学,1,6250,五年,https://static-data.gaokao.cn/www/2.0/schoolspecialplan/178/2023/31.json?a=www.gaokao.cn,data/shanghai/raw/plan_api/static/2023/178.json,1
2023,综合,178,重庆医科大学,106638,01,化学、生物(2科必选),100204TK,眼视光医学,1,6250,五年,https://static-data.gaokao.cn/www/2.0/schoolspecialplan/178/2023/31.json?a=www.gaokao.cn,data/shanghai/raw/plan_api/static/2023/178.json,1
2023,综合,178,重庆医科大学,106632,07,化学、生物(2科必选),100201K,临床医学,5,62000,五年,https://static-data.gaokao.cn/www/2.0/schoolspecialplan/178/2023/31.json?a=www.gaokao.cn,data/shanghai/raw/plan_api/static/2023/178.json,1
2023,综合,178,重庆医科大学,106637,02,物/化/生(3选1),100301K,口腔医学,2,6250,五年,https://static-data.gaokao.cn/www/2.0/schoolspecialplan/178/2023/31.json?a=www.gaokao.cn,data/shanghai/raw/plan_api/static/2023/178.json,1
2023,综合,178,重庆医科大学,106636,03,物/化/生(3选1),100401K,预防医学,2,6250,五年,https://static-data.gaokao.cn/www/2.0/schoolspecialplan/178/2023/31.json?a=www.gaokao.cn,data/shanghai/raw/plan_api/static/2023/178.json,1
2023,综合,178,重庆医科大学,106633,06,不限,101101K,护理学,2,6250,四年,https://static-data.gaokao.cn/www/2.0/schoolspecialplan/178/2023/31.json?a=www.gaokao.cn,data/shanghai/raw/plan_api/static/2023/178.json,1
2023,综合,178,重庆医科大学,106636,03,物/化/生(3选1),101005,康复治疗学,2,6250,四年,https://static-data.gaokao.cn/www/2.0/schoolspecialplan/178/2023/31.json?a=www.gaokao.cn,data/shanghai/raw/plan_api/static/2023/178.json,1
2023,综合,178,重庆医科大学,106634,05,物理必选,080711T,医学信息工程,2,4625,四年,https://static-data.gaokao.cn/www/2.0/schoolspecialplan/178/2023/31.json?a=www.gaokao.cn,data/shanghai/raw/plan_api/static/2023/178.json,1
2023,综合,178,重庆医科大学,106635,04,化学必选,100703TK,临床药学,1,6250,五年,https://static-data.gaokao.cn/www/2.0/schoolspecialplan/178/2023/31.json?a=www.gaokao.cn,data/shanghai/raw/plan_api/static/2023/178.json,1
2023,综合,178,重庆医科大学,106636,03,物/化/生(3选1),100901K,法医学,1,6250,五年,https://static-data.gaokao.cn/www/2.0/schoolspecialplan/178/2023/31.json?a=www.gaokao.cn,data/shanghai/raw/plan_api/static/2023/178.json,1
2023,综合,178,重庆医科大学,106636,03,物/化/生(3选1),101007,卫生检验与检疫,1,6250,四年,https://static-data.gaokao.cn/www/2.0/schoolspecialplan/178/2023/31.json?a=www.gaokao.cn,data/shanghai/raw/plan_api/static/2023/178.json,1
2023,综合,178,重庆医科大学,106636,03,物/化/生(3选1),082601,生物医学工程,1,4625,五年,https://static-data.gaokao.cn/www/2.0/schoolspecialplan/178/2023/31.json?a=www.gaokao.cn,data/shanghai/raw/plan_api/static/2023/178.json,1
2023,综合,178,重庆医科大学,106636,03,物/化/生(3选1),101006,口腔医学技术,1,6250,四年,https://static-data.gaokao.cn/www/2.0/schoolspecialplan/178/2023/31.json?a=www.gaokao.cn,data/shanghai/raw/plan_api/static/2023/178.json,1
2023,综合,178,重庆医科大学,106635,04,化学必选,100701,药学,1,6250,四年,https://static-data.gaokao.cn/www/2.0/schoolspecialplan/178/2023/31.json?a=www.gaokao.cn,data/shanghai/raw/plan_api/static/2023/178.json,1
2023,综合,178,重庆医科大学,106636,03,物/化/生(3选1),100402,食品卫生与营养学,1,6250,四年,https://static-data.gaokao.cn/www/2.0/schoolspecialplan/178/2023/31.json?a=www.gaokao.cn,data/shanghai/raw/plan_api/static/2023/178.json,1
2023,综合,179,重庆师范大学,106631,01,不限,020101,经济学,2,5600,四年,https://static-data.gaokao.cn/www/2.0/schoolspecialplan/179/2023/31.json?a=www.gaokao.cn,data/shanghai/raw/plan_api/static/2023/179.json,1
2023,综合,179,重庆师范大学,106631,01,不限,020302,金融工程,2,5600,四年,https://static-data.gaokao.cn/www/2.0/schoolspecialplan/179/2023/31.json?a=www.gaokao.cn,data/shanghai/raw/plan_api/static/2023/179.json,1
2023,综合,179,重庆师范大学,106631,01,不限,050201,英语,2,4375,四年,https://static-data.gaokao.cn/www/2.0/schoolspecialplan/179/2023/31.json?a=www.gaokao.cn,data/shanghai/raw/plan_api/static/2023/179.json,1
2023,综合,179,重庆师范大学,106631,01,不限,071102,应用心理学,2,4600,四年,https://static-data.gaokao.cn/www/2.0/schoolspecialplan/179/2023/31.json?a=www.gaokao.cn,data/shanghai/raw/plan_api/static/2023/179.json,1
2023,综合,179,重庆师范大学,106627,05,化学必选,070301,化学,3,3750,四年,https://static-data.gaokao.cn/www/2.0/schoolspecialplan/179/2023/31.json?a=www.gaokao.cn,data/shanghai/raw/plan_api/static/2023/179.json,1
2023,综合,179,重庆师范大学,106627,05,化学必选,0804,材料类,3,4600,四年,https://static-data.gaokao.cn/www/2.0/schoolspecialplan/179/2023/31.json?a=www.gaokao.cn,data/shanghai/raw/plan_api/static/2023/179.json,1
2023,综合,179,重庆师范大学,106628,04,物理必选,071201,统计学,2,5600,四年,https://static-data.gaokao.cn/www/2.0/schoolspecialplan/179/2023/31.json?a=www.gaokao.cn,data/shanghai/raw/plan_api/static/2023/179.json,1
2023,综合,179,重庆师范大学,106630,02,政、地、史(3科必选),0501,中国语言文学类,2,5600,四年,https://static-data.gaokao.cn/www/2.0/schoolspecialplan/179/2023/31.json?a=www.gaokao.cn,data/shanghai/raw/plan_api/static/2023/179.json,1
2023,综合,179,重庆师范大学,106629,03,历史必选,060101,历史学,2,3100,四年,https://static-data.gaokao.cn/www/2.0/schoolspecialplan/179/2023/31.json?a=www.gaokao.cn,data/shanghai/raw/plan_api/static/2023/179.json,1
2023,综合,179,重庆师范大学,106628,04,物理必选,070101,数学与应用数学,2,3750,四年,https://static-data.gaokao.cn/www/2.0/schoolspecialplan/179/2023/31.json?a=www.gaokao.cn,data/shanghai/raw/plan_api/static/2023/179.json,1
2023,综合,179,重庆师范大学,106628,04,物理必选,080714T,电子信息科学与技术,2,5600,四年,https://static-data.gaokao.cn/www/2.0/schoolspecialplan/179/2023/31.json?a=www.gaokao.cn,data/shanghai/raw/plan_api/static/2023/179.json,1
2023,综合,180,西南政法大学,106622,01,不限,030101K,法学,2,,4,https://static-data.gaokao.cn/www/2.0/schoolspecialplan/180/2023/31.json?a=www.gaokao.cn,data/shanghai/raw/plan_api/static/2023/180.json,1
2023,综合,180,西南政法大学,106622,01,不限,030102T,知识产权,3,,4,https://static-data.gaokao.cn/www/2.0/schoolspecialplan/180/2023/31.json?a=www.gaokao.cn,data/shanghai/raw/plan_api/static/2023/180.json,1
2023,综合,184,重庆邮电大学,106641,01,物理必选,0807,电子信息类,4,5600,四年,https://static-data.gaokao.cn/www/2.0/schoolspecialplan/184/2023/31.json?a=www.gaokao.cn,data/shanghai/raw/plan_api/static/2023/184.json,1
2023,综合,184,重庆邮电大学,106641,01,物理必选,0809,计算机类,4,5600,四年,https://static-data.gaokao.cn/www/2.0/schoolspecialplan/184/2023/31.json?a=www.gaokao.cn,data/shanghai/raw/plan_api/static/2023/184.json,1
2023,综合,185,江西中医药大学,106987,01,物/化/生(3选1),100501K,中医学,4,5220,五年,https://static-data.gaokao.cn/www/2.0/schoolspecialplan/185/2023/31.json?a=www.gaokao.cn,data/shanghai/raw/plan_api/static/2023/185.json,1
2023,综合,185,江西中医药大学,106987,01,物/化/生(3选1),100601K,中西医临床医学,2,5220,五年,https://static-data.gaokao.cn/www/2.0/schoolspecialplan/185/2023/31.json?a=www.gaokao.cn,data/shanghai/raw/plan_api/static/2023/185.json,1
2023,综合,185,江西中医药大学,106987,01,物/化/生(3选1),100513TK,中医骨伤科学,2,5220,五年,https://static-data.gaokao.cn/www/2.0/schoolspecialplan/185/2023/31.json?a=www.gaokao.cn,data/shanghai/raw/plan_api/static/2023/185.json,1
2023,综合,185,江西中医药大学,106987,01,物/化/生(3选1),100502K,针灸推拿学,1,5220,五年,https://static-data.gaokao.cn/www/2.0/schoolspecialplan/185/2023/31.json?a=www.gaokao.cn,data/shanghai/raw/plan_api/static/2023/185.json,1
2023,综合,185,江西中医药大学,106986,02,物理、化学(2科必选),100805T,中药制药,2,5220,四年,https://static-data.gaokao.cn/www/2.0/schoolspecialplan/185/2023/31.json?a=www.gaokao.cn,data/shanghai/raw/plan_api/static/2023/185.json,1
2023,综合,185,江西中医药大学,106986,02,物理、化学(2科必选),100701,药学,1,5220,四年,https://static-data.gaokao.cn/www/2.0/schoolspecialplan/185/2023/31.json?a=www.gaokao.cn,data/shanghai/raw/plan_api/static/2023/185.json,1
2023,综合,186,上饶师范学院,106976,01,不限,040106,学前教育,2,3880,四年,https://static-data.gaokao.cn/www/2.0/schoolspecialplan/186/2023/31.json?a=www.gaokao.cn,data/shanghai/raw/plan_api/static/2023/186.json,1
2023,综合,186,上饶师范学院,106975,02,物/化/生(3选1),071001,生物科学,2,4120,四年,https://static-data.gaokao.cn/www/2.0/schoolspecialplan/186/2023/31.json?a=www.gaokao.cn,data/shanghai/raw/plan_api/static/2023/186.json,1
2023,综合,187,重庆理工大学,106619,01,不限,020101,经济学,3,5600,四年,https://static-data.gaokao.cn/www/2.0/schoolspecialplan/187/2023/31.json?a=www.gaokao.cn,data/shanghai/raw/plan_api/static/2023/187.json,1
2023,综合,187,重庆理工大学,106619,01,不限,120201K,工商管理,3,5600,四年,https://static-data.gaokao.cn/www/2.0/schoolspecialplan/187/2023/31.json?a=www.gaokao.cn,data/shanghai/raw/plan_api/static/2023/187.json,1
2023,综合,187,重庆理工大学,106619,01,不限,120203K,会计学,3,5600,四年,https://static-data.gaokao.cn/www/2.0/schoolspecialplan/187/2023/31.json?a=www.gaokao.cn,data/shanghai/raw/plan_api/static/2023/187.json,1
2023,综合,187,重庆理工大学,106618,02,物理必选,080213T,智能制造工程,2,5600,四年,https://static-data.gaokao.cn/www/2.0/schoolspecialplan/187/2023/31.json?a=www.gaokao.cn,data/shanghai/raw/plan_api/static/2023/187.json,1
2023,综合,187,重庆理工大学,106618,02,物理必选,080705,光电信息科学与工程,2,5600,四年,https://static-data.gaokao.cn/www/2.0/schoolspecialplan/187/2023/31.json?a=www.gaokao.cn,data/shanghai/raw/plan_api/static/2023/187.json,1
2023,综合,189,赣南师范大学,106970,01,不限,030101K,法学,2,4270,四年,https://static-data.gaokao.cn/www/2.0/schoolspecialplan/189/2023/31.json?a=www.gaokao.cn,data/shanghai/raw/plan_api/static/2023/189.json,1
2023,综合,189,赣南师范大学,106970,01,不限,050101,汉语言文学,2,4010,四年,https://static-data.gaokao.cn/www/2.0/schoolspecialplan/189/2023/31.json?a=www.gaokao.cn,data/shanghai/raw/plan_api/static/2023/189.json,1
2023,综合,189,赣南师范大学,106970,01,不限,050207,日语,1,4270,四年,https://static-data.gaokao.cn/www/2.0/schoolspecialplan/189/2023/31.json?a=www.gaokao.cn,data/shanghai/raw/plan_api/static/2023/189.json,1
2023,综合,189,赣南师范大学,106970,01,不限,040106,学前教育,1,4270,四年,https://static-data.gaokao.cn/www/2.0/schoolspecialplan/189/2023/31.json?a=www.gaokao.cn,data/shanghai/raw/plan_api/static/2023/189.json,1
2023,综合,189,赣南师范大学,106969,02,物理必选,080701,电子信息工程,1,4790,四年,https://static-data.gaokao.cn/www/2.0/schoolspecialplan/189/2023/31.json?a=www.gaokao.cn,data/shanghai/raw/plan_api/static/2023/189.json,1
2023,综合,189,赣南师范大学,106969,02,物理必选,070101,数学与应用数学,1,4530,四年,https://static-data.gaokao.cn/www/2.0/schoolspecialplan/189/2023/31.json?a=www.gaokao.cn,data/shanghai/raw/plan_api/static/2023/189.json,1
2023,综合,189,赣南师范大学,106969,02,物理必选,070201,物理学,1,4530,四年,https://static-data.gaokao.cn/www/2.0/schoolspecialplan/189/2023/31.json?a=www.gaokao.cn,data/shanghai/raw/plan_api/static/2023/189.json,1
2023,综合,189,赣南师范大学,106969,02,物理必选,080910T,数据科学与大数据技术,1,4790,四年,https://static-data.gaokao.cn/www/2.0/schoolspecialplan/189/2023/31.json?a=www.gaokao.cn,data/shanghai/raw/plan_api/static/2023/189.json,1
2023,综合,189,赣南师范大学,106968,03,思想政治必选,030503,思想政治教育,1,4270,四年,https://static-data.gaokao.cn/www/2.0/schoolspecialplan/189/2023/31.json?a=www.gaokao.cn,data/shanghai/raw/plan_api/static/2023/189.json,1
2023,综合,189,赣南师范大学,106967,04,化学必选,070301,化学,1,4530,四年,https://static-data.gaokao.cn/www/2.0/schoolspecialplan/189/2023/31.json?a=www.gaokao.cn,data/shanghai/raw/plan_api/static/2023/189.json,1
2023,综合,189,赣南师范大学,106966,05,物/化/地(3选1),070501,地理科学,1,4530,四年,https://static-data.gaokao.cn/www/2.0/schoolspecialplan/189/2023/31.json?a=www.gaokao.cn,data/shanghai/raw/plan_api/static/2023/189.json,1
2023,综合,189,赣南师范大学,106965,06,物/化/生(3选1),040104,教育技术学,1,4270,四年,https://static-data.gaokao.cn/www/2.0/schoolspecialplan/189/2023/31.json?a=www.gaokao.cn,data/shanghai/raw/plan_api/static/2023/189.json,1
2023,综合,192,宜春学院,106974,01,不限,020109T,数字经济,2,4270,四年,https://static-data.gaokao.cn/www/2.0/schoolspecialplan/192/2023/31.json?a=www.gaokao.cn,data/shanghai/raw/plan_api/static/2023/192.json,1
2023,综合,192,宜春学院,106974,01,不限,050101,汉语言文学,2,4010,四年,https://static-data.gaokao.cn/www/2.0/schoolspecialplan/192/2023/31.json?a=www.gaokao.cn,data/shanghai/raw/plan_api/static/2023/192.json,1
2023,综合,192,宜春学院,106974,01,不限,050204,法语,2,4270,四年,https://static-data.gaokao.cn/www/2.0/schoolspecialplan/192/2023/31.json?a=www.gaokao.cn,data/shanghai/raw/plan_api/static/2023/192.json,1
2023,综合,192,宜春学院,106974,01,不限,050303,广告学,2,4270,四年,https://static-data.gaokao.cn/www/2.0/schoolspecialplan/192/2023/31.json?a=www.gaokao.cn,data/shanghai/raw/plan_api/static/2023/192.json,1
2023,综合,192,宜春学院,106974,01,不限,120204,财务管理,2,4270,四年,https://static-data.gaokao.cn/www/2.0/schoolspecialplan/192/2023/31.json?a=www.gaokao.cn,data/shanghai/raw/plan_api/static/2023/192.json,1
2023,综合,192,宜春学院,106974,01,不限,030101K,法学,1,4270,四年,https://static-data.gaokao.cn/www/2.0/schoolspecialplan/192/2023/31.json?a=www.gaokao.cn,data/shanghai/raw/plan_api/static/2023/192.json,1
2023,综合,192,宜春学院,106974,01,不限,050261,翻译,1,4270,四年,https://static-data.gaokao.cn/www/2.0/schoolspecialplan/192/2023/31.json?a=www.gaokao.cn,data/shanghai/raw/plan_api/static/2023/192.json,1
2023,综合,192,宜春学院,106972,03,化/政/生(3选1),101101K,护理学,2,4790,四年,https://static-data.gaokao.cn/www/2.0/schoolspecialplan/192/2023/31.json?a=www.gaokao.cn,data/shanghai/raw/plan_api/static/2023/192.json,1
2023,综合,192,宜春学院,106971,04,化学、生物(2科必选),100201K,临床医学,2,4790,五年,https://static-data.gaokao.cn/www/2.0/schoolspecialplan/192/2023/31.json?a=www.gaokao.cn,data/shanghai/raw/plan_api/static/2023/192.json,1
2023,综合,192,宜春学院,106973,02,物/化/生(3选1),100401K,预防医学,2,4790,五年,https://static-data.gaokao.cn/www/2.0/schoolspecialplan/192/2023/31.json?a=www.gaokao.cn,data/shanghai/raw/plan_api/static/2023/192.json,1
2023,综合,192,宜春学院,106971,04,化学、生物(2科必选),100202TK,麻醉学,2,4790,五年,https://static-data.gaokao.cn/www/2.0/schoolspecialplan/192/2023/31.json?a=www.gaokao.cn,data/shanghai/raw/plan_api/static/2023/192.json,1
2023,综合,192,宜春学院,106973,02,物/化/生(3选1),081302,制药工程,1,4530,四年,https://static-data.gaokao.cn/www/2.0/schoolspecialplan/192/2023/31.json?a=www.gaokao.cn,data/shanghai/raw/plan_api/static/2023/192.json,1
2023,综合,192,宜春学院,106973,02,物/化/生(3选1),100701,药学,1,4790,四年,https://static-data.gaokao.cn/www/2.0/schoolspecialplan/192/2023/31.json?a=www.gaokao.cn,data/shanghai/raw/plan_api/static/2023/192.json,1
2023,综合,194,九江学院,106948,01,不限,020302,金融工程,3,3880,四年,https://static-data.gaokao.cn/www/2.0/schoolspecialplan/194/2023/31.json?a=www.gaokao.cn,data/shanghai/raw/plan_api/static/2023/194.json,1
2023,综合,194,九江学院,106948,01,不限,120203K,会计学,3,3880,四年,https://static-data.gaokao.cn/www/2.0/schoolspecialplan/194/2023/31.json?a=www.gaokao.cn,data/shanghai/raw/plan_api/static/2023/194.json,1
2023,综合,194,九江学院,106948,01,不限,020401,国际经济与贸易,3,3880,四年,https://static-data.gaokao.cn/www/2.0/schoolspecialplan/194/2023/31.json?a=www.gaokao.cn,data/shanghai/raw/plan_api/static/2023/194.json,1
2023,综合,194,九江学院,106947,02,物理必选,080910T,数据科学与大数据技术,2,4350,四年,https://static-data.gaokao.cn/www/2.0/schoolspecialplan/194/2023/31.json?a=www.gaokao.cn,data/shanghai/raw/plan_api/static/2023/194.json,1
2023,综合,199,石河子大学,106446,01,物理必选,070102,信息与计算科学,2,3500,四年,https://static-data.gaokao.cn/www/2.0/schoolspecialplan/199/2023/31.json?a=www.gaokao.cn,data/shanghai/raw/plan_api/static/2023/199.json,1
2023,综合,199,石河子大学,106446,01,物理必选,070202,应用物理学,2,3500,四年,https://static-data.gaokao.cn/www/2.0/schoolspecialplan/199/2023/31.json?a=www.gaokao.cn,data/shanghai/raw/plan_api/static/2023/199.json,1
2023,综合,199,石河子大学,106446,01,物理必选,080701,电子信息工程,2,3500,四年,https://static-data.gaokao.cn/www/2.0/schoolspecialplan/199/2023/31.json?a=www.gaokao.cn,data/shanghai/raw/plan_api/static/2023/199.json,1
2023,综合,199,石河子大学,106446,01,物理必选,0809,计算机类,2,3500,四年,https://static-data.gaokao.cn/www/2.0/schoolspecialplan/199/2023/31.json?a=www.gaokao.cn,data/shanghai/raw/plan_api/static/2023/199.json,1
2023,综合,199,石河子大学,106444,03,不限,0201,经济学类,4,3200,四年,https://static-data.gaokao.cn/www/2.0/schoolspecialplan/199/2023/31.json?a=www.gaokao.cn,data/shanghai/raw/plan_api/static/2023/199.json,1
2023,综合,199,石河子大学,106445,02,化学、生物(2科必选),100201K,临床医学,2,4000,五年,https://static-data.gaokao.cn/www/2.0/schoolspecialplan/199/2023/31.json?a=www.gaokao.cn,data/shanghai/raw/plan_api/static/2023/199.json,1
2023,综合,199,石河子大学,106445,02,化学、生物(2科必选),100301K,口腔医学,2,4000,五年,https://static-data.gaokao.cn/www/2.0/schoolspecialplan/199/2023/31.json?a=www.gaokao.cn,data/shanghai/raw/plan_api/static/2023/199.json,1
2023,综合,199,石河子大学,106444,03,不限,040106,学前教育,2,3100,四年,https://static-data.gaokao.cn/www/2.0/schoolspecialplan/199/2023/31.json?a=www.gaokao.cn,data/shanghai/raw/plan_api/static/2023/199.json,1
2023,综合,199,石河子大学,106444,03,不限,050101,汉语言文学,2,3100,四年,https://static-data.gaokao.cn/www/2.0/schoolspecialplan/199/2023/31.json?a=www.gaokao.cn,data/shanghai/raw/plan_api/static/2023/199.json,1
2023,综合,199,石河子大学,106444,03,不限,1202,工商管理类,2,3200,四年,https://static-data.gaokao.cn/www/2.0/schoolspecialplan/199/2023/31.json?a=www.gaokao.cn,data/shanghai/raw/plan_api/static/2023/199.json,1
2023,综合,205,辽宁中医药大学,107401,01,化学/生物(2选1),100501K,中医学,10,5500,五年,https://static-data.gaokao.cn/www/2.0/schoolspecialplan/205/2023/31.json?a=www.gaokao.cn,data/shanghai/raw/plan_api/static/2023/205.json,1
2023,综合,207,锦州医科大学,107421,01,化学、生物(2科必选),100201K,临床医学,4,5500,五年,https://static-data.gaokao.cn/www/2.0/schoolspecialplan/207/2023/31.json?a=www.gaokao.cn,data/shanghai/raw/plan_api/static/2023/207.json,1
2023,综合,207,锦州医科大学,107421,01,化学、生物(2科必选),100203TK,医学影像学,2,5500,五年,https://static-data.gaokao.cn/www/2.0/schoolspecialplan/207/2023/31.json?a=www.gaokao.cn,data/shanghai/raw/plan_api/static/2023/207.json,1
2023,综合,207,锦州医科大学,107421,01,化学、生物(2科必选),100301K,口腔医学,2,5500,五年,https://static-data.gaokao.cn/www/2.0/schoolspecialplan/207/2023/31.json?a=www.gaokao.cn,data/shanghai/raw/plan_api/static/2023/207.json,1
2023,综合,207,锦州医科大学,107421,01,化学、生物(2科必选),100202TK,麻醉学,1,5500,五年,https://static-data.gaokao.cn/www/2.0/schoolspecialplan/207/2023/31.json?a=www.gaokao.cn,data/shanghai/raw/plan_api/static/2023/207.json,1
2023,综合,207,锦州医科大学,107420,02,物/化/生(3选1),040206T,运动康复,1,32000,四年,https://static-data.gaokao.cn/www/2.0/schoolspecialplan/207/2023/31.json?a=www.gaokao.cn,data/shanghai/raw/plan_api/static/2023/207.json,1
2023,综合,208,大连民族大学,107461,01,不限,120201K,工商管理,6,5200,四年,https://static-data.gaokao.cn/www/2.0/schoolspecialplan/208/2023/31.json?a=www.gaokao.cn,data/shanghai/raw/plan_api/static/2023/208.json,1
2023,综合,208,大连民族大学,107461,01,不限,120202,市场营销,4,5200,四年,https://static-data.gaokao.cn/www/2.0/schoolspecialplan/208/2023/31.json?a=www.gaokao.cn,data/shanghai/raw/plan_api/static/2023/208.json,1
2023,综合,210,北师大,107425,01,物理必选,081901,船舶与海洋工程,2,5200,四年,https://static-data.gaokao.cn/www/2.0/schoolspecialplan/210/2023/31.json?a=www.gaokao.cn,data/shanghai/raw/plan_api/static/2023/210.json,1
2023,综合,210,北师大,107425,01,物理必选,080202,机械设计制造及其自动化,2,5200,四年,https://static-data.gaokao.cn/www/2.0/schoolspecialplan/210/2023/31.json?a=www.gaokao.cn,data/shanghai/raw/plan_api/static/2023/210.json,1
2023,综合,210,北师大,107425,01,物理必选,080501,能源与动力工程,2,5200,四年,https://static-data.gaokao.cn/www/2.0/schoolspecialplan/210/2023/31.json?a=www.gaokao.cn,data/shanghai/raw/plan_api/static/2023/210.json,1
2023,综合,210,北师大,107424,02,不限,020307T,经济与金融,2,5200,四年,https://static-data.gaokao.cn/www/2.0/schoolspecialplan/210/2023/31.json?a=www.gaokao.cn,data/shanghai/raw/plan_api/static/2023/210.json,1
2023,综合,210,北师大,107424,02,不限,120206,人力资源管理,2,5200,四年,https://static-data.gaokao.cn/www/2.0/schoolspecialplan/210/2023/31.json?a=www.gaokao.cn,data/shanghai/raw/plan_api/static/2023/210.json,1
2023,综合,212,沈阳建筑大学,107429,01,物/地/史(3选1),082801,建筑学,1,5200,五年,https://static-data.gaokao.cn/www/2.0/schoolspecialplan/212/2023/31.json?a=www.gaokao.cn,data/shanghai/raw/plan_api/static/2023/212.json,1
2023,综合,212,沈阳建筑大学,107429,01,物/地/史(3选1),082802,城乡规划,1,5200,五年,https://static-data.gaokao.cn/www/2.0/schoolspecialplan/212/2023/31.json?a=www.gaokao.cn,data/shanghai/raw/plan_api/static/2023/212.json,1
2023,综合,212,沈阳建筑大学,107428,02,物理必选,081001,土木工程,1,5200,四年,https://static-data.gaokao.cn/www/2.0/schoolspecialplan/212/2023/31.json?a=www.gaokao.cn,data/shanghai/raw/plan_api/static/2023/212.json,1
2023,综合,212,沈阳建筑大学,107428,02,物理必选,081003,给排水科学与工程,1,5200,四年,https://static-data.gaokao.cn/www/2.0/schoolspecialplan/212/2023/31.json?a=www.gaokao.cn,data/shanghai/raw/plan_api/static/2023/212.json,1
2023,综合,212,沈阳建筑大学,107428,02,物理必选,080601,电气工程及其自动化,1,5200,四年,https://static-data.gaokao.cn/www/2.0/schoolspecialplan/212/2023/31.json?a=www.gaokao.cn,data/shanghai/raw/plan_api/static/2023/212.json,1
2023,综合,212,沈阳建筑大学,107428,02,物理必选,080901,计算机科学与技术,1,5200,四年,https://static-data.gaokao.cn/www/2.0/schoolspecialplan/212/2023/31.json?a=www.gaokao.cn,data/shanghai/raw/plan_api/static/2023/212.json,1
2023,综合,212,沈阳建筑大学,107428,02,物理必选,120104,房地产开发与管理,1,5200,四年,https://static-data.gaokao.cn/www/2.0/schoolspecialplan/212/2023/31.json?a=www.gaokao.cn,data/shanghai/raw/plan_api/static/2023/212.json,1
2023,综合,212,沈阳建筑大学,107428,02,物理必选,120103,工程管理,1,5200,四年,https://static-data.gaokao.cn/www/2.0/schoolspecialplan/212/2023/31.json?a=www.gaokao.cn,data/shanghai/raw/plan_api/static/2023/212.json,1
2023,综合,212,沈阳建筑大学,107428,02,物理必选,080213T,智能制造工程,1,5200,四年,https://static-data.gaokao.cn/www/2.0/schoolspecialplan/212/2023/31.json?a=www.gaokao.cn,data/shanghai/raw/plan_api/static/2023/212.json,1
2023,综合,212,沈阳建筑大学,107428,02,物理必选,080717T,人工智能,1,5200,四年,https://static-data.gaokao.cn/www/2.0/schoolspecialplan/212/2023/31.json?a=www.gaokao.cn,data/shanghai/raw/plan_api/static/2023/212.json,1
2023,综合,215,沈阳化工大学,107435,01,物理必选,080903,网络工程,2,5200,四年,https://static-data.gaokao.cn/www/2.0/schoolspecialplan/215/2023/31.json?a=www.gaokao.cn,data/shanghai/raw/plan_api/static/2023/215.json,1
2023,综合,215,沈阳化工大学,107435,01,物理必选,080901,计算机科学与技术,2,5200,四年,https://static-data.gaokao.cn/www/2.0/schoolspecialplan/215/2023/31.json?a=www.gaokao.cn,data/shanghai/raw/plan_api/static/2023/215.json,1
2023,综合,215,沈阳化工大学,107434,02,物理/化学(2选1),070302,应用化学,2,5200,四年,https://static-data.gaokao.cn/www/2.0/schoolspecialplan/215/2023/31.json?a=www.gaokao.cn,data/shanghai/raw/plan_api/static/2023/215.json,1
2023,综合,215,沈阳化工大学,107433,03,物/化/生(3选1),081301,化学工程与工艺,2,5200,四年,https://static-data.gaokao.cn/www/2.0/schoolspecialplan/215/2023/31.json?a=www.gaokao.cn,data/shanghai/raw/plan_api/static/2023/215.json,1
2023,综合,215,沈阳化工大学,107432,04,化学必选,080407,高分子材料与工程,2,5200,四年,https://static-data.gaokao.cn/www/2.0/schoolspecialplan/215/2023/31.json?a=www.gaokao.cn,data/shanghai/raw/plan_api/static/2023/215.json,1
2023,综合,217,石油北京,107449,01,物理必选,080202,机械设计制造及其自动化,1,5200,四年,https://static-data.gaokao.cn/www/2.0/schoolspecialplan/217/2023/31.json?a=www.gaokao.cn,data/shanghai/raw/plan_api/static/2023/217.json,1
2023,综合,217,石油北京,107449,01,物理必选,080203,材料成型及控制工程,1,5200,四年,https://static-data.gaokao.cn/www/2.0/schoolspecialplan/217/2023/31.json?a=www.gaokao.cn,data/shanghai/raw/plan_api/static/2023/217.json,1
2023,综合,217,石油北京,107449,01,物理必选,080204,机械电子工程,1,5200,四年,https://static-data.gaokao.cn/www/2.0/schoolspecialplan/217/2023/31.json?a=www.gaokao.cn,data/shanghai/raw/plan_api/static/2023/217.json,1
2023,综合,217,石油北京,107449,01,物理必选,080205,工业设计,1,5200,四年,https://static-data.gaokao.cn/www/2.0/schoolspecialplan/217/2023/31.json?a=www.gaokao.cn,data/shanghai/raw/plan_api/static/2023/217.json,1
2023,综合,217,石油北京,107449,01,物理必选,080207,车辆工程,1,5200,四年,https://static-data.gaokao.cn/www/2.0/schoolspecialplan/217/2023/31.json?a=www.gaokao.cn,data/shanghai/raw/plan_api/static/2023/217.json,1
2023,综合,217,石油北京,107449,01,物理必选,080301,测控技术与仪器,1,5200,四年,https://static-data.gaokao.cn/www/2.0/schoolspecialplan/217/2023/31.json?a=www.gaokao.cn,data/shanghai/raw/plan_api/static/2023/217.json,1
2023,综合,217,石油北京,107449,01,物理必选,080601,电气工程及其自动化,1,5200,四年,https://static-data.gaokao.cn/www/2.0/schoolspecialplan/217/2023/31.json?a=www.gaokao.cn,data/shanghai/raw/plan_api/static/2023/217.json,1
2023,综合,217,石油北京,107449,01,物理必选,080701,电子信息工程,1,5200,四年,https://static-data.gaokao.cn/www/2.0/schoolspecialplan/217/2023/31.json?a=www.gaokao.cn,data/shanghai/raw/plan_api/static/2023/217.json,1
2023,综合,217,石油北京,107449,01,物理必选,080703,通信工程,1,5200,四年,https://static-data.gaokao.cn/www/2.0/schoolspecialplan/217/2023/31.json?a=www.gaokao.cn,data/shanghai/raw/plan_api/static/2023/217.json,1
2023,综合,217,石油北京,107449,01,物理必选,080705,光电信息科学与工程,1,5200,四年,https://static-data.gaokao.cn/www/2.0/schoolspecialplan/217/2023/31.json?a=www.gaokao.cn,data/shanghai/raw/plan_api/static/2023/217.json,1
2023,综合,217,石油北京,107449,01,物理必选,080801,自动化,1,5200,四年,https://static-data.gaokao.cn/www/2.0/schoolspecialplan/217/2023/31.json?a=www.gaokao.cn,data/shanghai/raw/plan_api/static/2023/217.json,1
2023,综合,217,石油北京,107449,01,物理必选,080803T,机器人工程,1,5200,四年,https://static-data.gaokao.cn/www/2.0/schoolspecialplan/217/2023/31.json?a=www.gaokao.cn,data/shanghai/raw/plan_api/static/2023/217.json,1
2023,综合,217,石油北京,107449,01,物理必选,080901,计算机科学与技术,1,5200,四年,https://static-data.gaokao.cn/www/2.0/schoolspecialplan/217/2023/31.json?a=www.gaokao.cn,data/shanghai/raw/plan_api/static/2023/217.json,1
2023,综合,217,石油北京,107449,01,物理必选,080903,网络工程,1,5200,四年,https://static-data.gaokao.cn/www/2.0/schoolspecialplan/217/2023/31.json?a=www.gaokao.cn,data/shanghai/raw/plan_api/static/2023/217.json,1
2023,综合,217,石油北京,107449,01,物理必选,120102,信息管理与信息系统,1,5200,四年,https://static-data.gaokao.cn/www/2.0/schoolspecialplan/217/2023/31.json?a=www.gaokao.cn,data/shanghai/raw/plan_api/static/2023/217.json,1
2023,综合,217,石油北京,107449,01,物理必选,080907T,智能科学与技术,1,5200,四年,https://static-data.gaokao.cn/www/2.0/schoolspecialplan/217/2023/31.json?a=www.gaokao.cn,data/shanghai/raw/plan_api/static/2023/217.json,1
2023,综合,217,石油北京,107449,01,物理必选,080213T,智能制造工程,1,,四年,https://static-data.gaokao.cn/www/2.0/schoolspecialplan/217/2023/31.json?a=www.gaokao.cn,data/shanghai/raw/plan_api/static/2023/217.json,1
2023,综合,217,石油北京,107449,01,物理必选,082108T,智能无人系统技术,1,5200,四年,https://static-data.gaokao.cn/www/2.0/schoolspecialplan/217/2023/31.json?a=www.gaokao.cn,data/shanghai/raw/plan_api/static/2023/217.json,1
2023,综合,217,石油北京,107447,03,不限,020301K,金融学,1,5200,四年,https://static-data.gaokao.cn/www/2.0/schoolspecialplan/217/2023/31.json?a=www.gaokao.cn,data/shanghai/raw/plan_api/static/2023/217.json,1
2023,综合,217,石油北京,107448,02,化学必选,070302,应用化学,1,5200,四年,https://static-data.gaokao.cn/www/2.0/schoolspecialplan/217/2023/31.json?a=www.gaokao.cn,data/shanghai/raw/plan_api/static/2023/217.json,1
2023,综合,217,石油北京,107448,02,化学必选,080405,金属材料工程,1,5200,四年,https://static-data.gaokao.cn/www/2.0/schoolspecialplan/217/2023/31.json?a=www.gaokao.cn,data/shanghai/raw/plan_api/static/2023/217.json,1
2023,综合,217,石油北京,107448,02,化学必选,080406,无机非金属材料工程,1,5200,四年,https://static-data.gaokao.cn/www/2.0/schoolspecialplan/217/2023/31.json?a=www.gaokao.cn,data/shanghai/raw/plan_api/static/2023/217.json,1
2023,综合,217,石油北京,107448,02,化学必选,080409T,粉体材料科学与工程,1,5200,四年,https://static-data.gaokao.cn/www/2.0/schoolspecialplan/217/2023/31.json?a=www.gaokao.cn,data/shanghai/raw/plan_api/static/2023/217.json,1
2023,综合,217,石油北京,107447,03,不限,120203K,会计学,1,5200,四年,https://static-data.gaokao.cn/www/2.0/schoolspecialplan/217/2023/31.json?a=www.gaokao.cn,data/shanghai/raw/plan_api/static/2023/217.json,1
2023,综合,217,石油北京,107447,03,不限,050201,英语,1,4800,四年,https://static-data.gaokao.cn/www/2.0/schoolspecialplan/217/2023/31.json?a=www.gaokao.cn,data/shanghai/raw/plan_api/static/2023/217.json,1
2023,综合,218,地大北京,107412,01,不限,120203K,会计学,2,,-,https://static-data.gaokao.cn/www/2.0/schoolspecialplan/218/2023/31.json?a=www.gaokao.cn,data/shanghai/raw/plan_api/static/2023/218.json,1
2023,综合,218,地大北京,107411,02,物/化/生(3选1),083001,生物工程,2,,-,https://static-data.gaokao.cn/www/2.0/schoolspecialplan/218/2023/31.json?a=www.gaokao.cn,data/shanghai/raw/plan_api/static/2023/218.json,1
2023,综合,218,地大北京,107410,03,物理必选,080205,工业设计,1,,-,https://static-data.gaokao.cn/www/2.0/schoolspecialplan/218/2023/31.json?a=www.gaokao.cn,data/shanghai/raw/plan_api/static/2023/218.json,1
2023,综合,219,北邮宏福,107419,01,化学、生物(2科必选),100201K,临床医学,4,5500,五年,https://static-data.gaokao.cn/www/2.0/schoolspecialplan/219/2023/31.json?a=www.gaokao.cn,data/shanghai/raw/plan_api/static/2023/219.json,1
2023,综合,220,大连交通大学,107431,01,不限,120201K,工商管理,2,,-,https://static-data.gaokao.cn/www/2.0/schoolspecialplan/220/2023/31.json?a=www.gaokao.cn,data/shanghai/raw/plan_api/static/2023/220.json,1
2023,综合,220,大连交通大学,107430,02,物理必选,080201,机械工程,2,,-,https://static-data.gaokao.cn/www/2.0/schoolspecialplan/220/2023/31.json?a=www.gaokao.cn,data/shanghai/raw/plan_api/static/2023/220.json,1
2023,综合,220,大连交通大学,107430,02,物理必选,080207,车辆工程,2,,-,https://static-data.gaokao.cn/www/2.0/schoolspecialplan/220/2023/31.json?a=www.gaokao.cn,data/shanghai/raw/plan_api/static/2023/220.json,1
2023,综合,220,大连交通大学,107430,02,物理必选,080601,电气工程及其自动化,2,,-,https://static-data.gaokao.cn/www/2.0/schoolspecialplan/220/2023/31.json?a=www.gaokao.cn,data/shanghai/raw/plan_api/static/2023/220.json,1
2023,综合,220,大连交通大学,107430,02,物理必选,080701,电子信息工程,1,,-,https://static-data.gaokao.cn/www/2.0/schoolspecialplan/220/2023/31.json?a=www.gaokao.cn,data/shanghai/raw/plan_api/static/2023/220.json,1
2023,综合,220,大连交通大学,107430,02,物理必选,081001,土木工程,1,,-,https://static-data.gaokao.cn/www/2.0/schoolspecialplan/220/2023/31.json?a=www.gaokao.cn,data/shanghai/raw/plan_api/static/2023/220.json,1
2023,综合,222,辽宁科技大学,107446,01,化学必选,080404,冶金工程,2,5200,四年,https://static-data.gaokao.cn/www/2.0/schoolspecialplan/222/2023/31.json?a=www.gaokao.cn,data/shanghai/raw/plan_api/static/2023/222.json,1
2023,综合,222,辽宁科技大学,107443,04,物/化/生(3选1),081301,化学工程与工艺,3,5200,四年,https://static-data.gaokao.cn/www/2.0/schoolspecialplan/222/2023/31.json?a=www.gaokao.cn,data/shanghai/raw/plan_api/static/2023/222.json,1
2023,综合,222,辽宁科技大学,107445,02,物理必选,080204,机械电子工程,1,5200,四年,https://static-data.gaokao.cn/www/2.0/schoolspecialplan/222/2023/31.json?a=www.gaokao.cn,data/shanghai/raw/plan_api/static/2023/222.json,1
2023,综合,222,辽宁科技大学,107444,03,物理/化学(2选1),080501,能源与动力工程,1,5200,四年,https://static-data.gaokao.cn/www/2.0/schoolspecialplan/222/2023/31.json?a=www.gaokao.cn,data/shanghai/raw/plan_api/static/2023/222.json,1
2023,综合,222,辽宁科技大学,107445,02,物理必选,070104T,数据计算及应用,1,5200,四年,https://static-data.gaokao.cn/www/2.0/schoolspecialplan/222/2023/31.json?a=www.gaokao.cn,data/shanghai/raw/plan_api/static/2023/222.json,1
2023,综合,222,辽宁科技大学,107445,02,物理必选,080902,软件工程,1,4600,四年,https://static-data.gaokao.cn/www/2.0/schoolspecialplan/222/2023/31.json?a=www.gaokao.cn,data/shanghai/raw/plan_api/static/2023/222.json,1
2023,综合,222,辽宁科技大学,107445,02,物理必选,080905,物联网工程,1,5200,四年,https://static-data.gaokao.cn/www/2.0/schoolspecialplan/222/2023/31.json?a=www.gaokao.cn,data/shanghai/raw/plan_api/static/2023/222.json,1
2023,综合,223,中国劳关,107438,01,物/化/生(3选1),082502,环境工程,3,5200,四年,https://static-data.gaokao.cn/www/2.0/schoolspecialplan/223/2023/31.json?a=www.gaokao.cn,data/shanghai/raw/plan_api/static/2023/223.json,1
2023,综合,223,中国劳关,107437,02,物理/化学(2选1),081301,化学工程与工艺,3,5200,四年,https://static-data.gaokao.cn/www/2.0/schoolspecialplan/223/2023/31.json?a=www.gaokao.cn,data/shanghai/raw/plan_api/static/2023/223.json,0
2023,综合,223,中国劳关,107437,02,物理/化学(2选1),081504,油气储运工程,2,5200,四年,https://static-data.gaokao.cn/www/2.0/schoolspecialplan/223/2023/31.json?a=www.gaokao.cn,data/shanghai/raw/plan_api/static/2023/223.json,0
2023,综合,223,中国劳关,107436,03,物/化/史(3选1),120202,市场营销,2,5200,四年,https://static-data.gaokao.cn/www/2.0/schoolspecialplan/223/2023/31.json?a=www.gaokao.cn,data/shanghai/raw/plan_api/static/2023/223.json,0
2023,综合,225,辽宁师范大学,107417,01,思想政治/历史(2选1),030101K,法学,5,,-,https://static-data.gaokao.cn/www/2.0/schoolspecialplan/225/2023/31.json?a=www.gaokao.cn,data/shanghai/raw/plan_api/static/2023/225.json,1
2023,综合,225,辽宁师范大学,107416,02,不限,120205,国际商务,6,,-,https://static-data.gaokao.cn/www/2.0/schoolspecialplan/225/2023/31.json?a=www.gaokao.cn,data/shanghai/raw/plan_api/static/2023/225.json,1
2023,综合,227,沈阳工业大学,107452,01,物理必选,080202,机械设计制造及其自动化,3,5700,四年,https://static-data.gaokao.cn/www/2.0/schoolspecialplan/227/2023/31.json?a=www.gaokao.cn,data/shanghai/raw/plan_api/static/2023/227.json,1
2023,综合,227,沈阳工业大学,107452,01,物理必选,080601,电气工程及其自动化,2,5700,四年,https://static-data.gaokao.cn/www/2.0/schoolspecialplan/227/2023/31.json?a=www.gaokao.cn,data/shanghai/raw/plan_api/static/2023/227.json,1
2023,综合,227,沈阳工业大学,107451,02,不限,020301K,金融学,3,5200,四年,https://static-data.gaokao.cn/www/2.0/schoolspecialplan/227/2023/31.json?a=www.gaokao.cn,data/shanghai/raw/plan_api/static/2023/227.json,1
2023,综合,227,沈阳工业大学,107451,02,不限,120203K,会计学,2,5200,四年,https://static-data.gaokao.cn/www/2.0/schoolspecialplan/227/2023/31.json?a=www.gaokao.cn,data/shanghai/raw/plan_api/static/2023/227.json,1
2023,综合,228,北京二外,107427,01,物/化/生(3选1),082503,环境科学,6,5200,四年,https://static-data.gaokao.cn/www/2.0/schoolspecialplan/228/2023/31.json?a=www.gaokao.cn,data/shanghai/raw/plan_api/static/2023/228.json,1
2023,综合,228,北京二外,107427,01,物/化/生(3选1),082701,食品科学与工程,3,5200,四年,https://static-data.gaokao.cn/www/2.0/schoolspecialplan/228/2023/31.json?a=www.gaokao.cn,data/shanghai/raw/plan_api/static/2023/228.json,1
2023,综合,228,北京二外,107427,01,物/化/生(3选1),090401,动物医学,3,5200,五年,https://static-data.gaokao.cn/www/2.0/schoolspecialplan/228/2023/31.json?a=www.gaokao.cn,data/shanghai/raw/plan_api/static/2023/228.json,1
2023,综合,228,北京二外,107427,01,物/化/生(3选1),090102,园艺,2,5200,四年,https://static-data.gaokao.cn/www/2.0/schoolspecialplan/228/2023/31.json?a=www.gaokao.cn,data/shanghai/raw/plan_api/static/2023/228.json,1
2023,综合,228,北京二外,107427,01,物/化/生(3选1),090106,设施农业科学与工程,2,5200,四年,https://static-data.gaokao.cn/www/2.0/schoolspecialplan/228/2023/31.json?a=www.gaokao.cn,data/shanghai/raw/plan_api/static/2023/228.json,1
2023,综合,228,北京二外,107426,02,物理必选,080701,电子信息工程,4,5700,四年,https://static-data.gaokao.cn/www/2.0/schoolspecialplan/228/2023/31.json?a=www.gaokao.cn,data/shanghai/raw/plan_api/static/2023/228.json,1
2023,综合,228,北京二外,107426,02,物理必选,070601,大气科学,3,5700,四年,https://static-data.gaokao.cn/www/2.0/schoolspecialplan/228/2023/31.json?a=www.gaokao.cn,data/shanghai/raw/plan_api/static/2023/228.json,1
2023,综合,228,北京二外,107426,02,物理必选,080202,机械设计制造及其自动化,2,5200,四年,https://static-data.gaokao.cn/www/2.0/schoolspecialplan/228/2023/31.json?a=www.gaokao.cn,data/shanghai/raw/plan_api/static/2023/228.json,1
2023,综合,229,东北财经大学,107415,01,不限,0202,财政学类,2,5720,四年,https://static-data.gaokao.cn/www/2.0/schoolspecialplan/229/2023/31.json?a=www.gaokao.cn,data/shanghai/raw/plan_api/static/2023/229.json,1
2023,综合,229,东北财经大学,107415,01,不限,0203,金融学类,2,5720,四年,https://static-data.gaokao.cn/www/2.0/schoolspecialplan/229/2023/31.json?a=www.gaokao.cn,data/shanghai/raw/plan_api/static/2023/229.json,1
2023,综合,229,东北财经大学,107415,01,不限,1202,工商管理类,2,5720,四年,https://static-data.gaokao.cn/www/2.0/schoolspecialplan/229/2023/31.json?a=www.gaokao.cn,data/shanghai/raw/plan_api/static/2023/229.json,1
2023,综合,229,东北财经大学,107415,01,不限,020401,国际经济与贸易,1,5720,四年,https://static-data.gaokao.cn/www/2.0/schoolspecialplan/229/2023/31.json?a=www.gaokao.cn,data/shanghai/raw/plan_api/static/2023/229.json,1
2023,综合,229,东北财经大学,107415,01,不限,120203K,会计学,1,5720,四年,https://static-data.gaokao.cn/www/2.0/schoolspecialplan/229/2023/31.json?a=www.gaokao.cn,data/shanghai/raw/plan_api/static/2023/229.json,1
2023,综合,229,东北财经大学,107414,02,不限,020301K,金融学,2,48000,四年,https://static-data.gaokao.cn/www/2.0/schoolspecialplan/229/2023/31.json?a=www.gaokao.cn,data/shanghai/raw/plan_api/static/2023/229.json,1
2023,综合,229,东北财经大学,107414,02,不限,120203K,会计学,2,48000,四年,https://static-data.gaokao.cn/www/2.0/schoolspecialplan/229/2023/31.json?a=www.gaokao.cn,data/shanghai/raw/plan_api/static/2023/229.json,1
2023,综合,230,首都经贸,107423,01,化学、生物(2科必选),100201K,临床医学,4,6050,五年,https://static-data.gaokao.cn/www/2.0/schoolspecialplan/230/2023/31.json?a=www.gaokao.cn,data/shanghai/raw/plan_api/static/2023/230.json,1
2023,综合,230,首都经贸,107423,01,化学、生物(2科必选),100203TK,医学影像学,2,6050,五年,https://static-data.gaokao.cn/www/2.0/schoolspecialplan/230/2023/31.json?a=www.gaokao.cn,data/shanghai/raw/plan_api/static/2023/230.json,1
2023,综合,230,首都经贸,107422,02,化学必选,100702,药物制剂,4,69000,四年,https://static-data.gaokao.cn/www/2.0/schoolspecialplan/230/2023/31.json?a=www.gaokao.cn,data/shanghai/raw/plan_api/static/2023/230.json,1
2023,综合,231,北京联大,106609,01,不限,0203,金融学类,2,4400,四年,https://static-data.gaokao.cn/www/2.0/schoolspecialplan/231/2023/31.json?a=www.gaokao.cn,data/shanghai/raw/plan_api/static/2023/231.json,1
2023,综合,231,北京联大,106609,01,不限,0303,社会学类,2,4400,四年,https://static-data.gaokao.cn/www/2.0/schoolspecialplan/231/2023/31.json?a=www.gaokao.cn,data/shanghai/raw/plan_api/static/2023/231.json,1
2023,综合,231,北京联大,106608,02,物/化/生(3选1),0825,环境科学与工程类,2,4900,四年,https://static-data.gaokao.cn/www/2.0/schoolspecialplan/231/2023/31.json?a=www.gaokao.cn,data/shanghai/raw/plan_api/static/2023/231.json,1
2023,综合,231,北京联大,106608,02,物/化/生(3选1),1007,药学类,2,4900,四年,https://static-data.gaokao.cn/www/2.0/schoolspecialplan/231/2023/31.json?a=www.gaokao.cn,data/shanghai/raw/plan_api/static/2023/231.json,1
2023,综合,231,北京联大,106607,03,物理必选,0807,电子信息类,2,4900,四年,https://static-data.gaokao.cn/www/2.0/schoolspecialplan/231/2023/31.json?a=www.gaokao.cn,data/shanghai/raw/plan_api/static/2023/231.json,1
2023,综合,231,北京联大,106607,03,物理必选,0809,计算机类,2,4900,四年,https://static-data.gaokao.cn/www/2.0/schoolspecialplan/231/2023/31.json?a=www.gaokao.cn,data/shanghai/raw/plan_api/static/2023/231.json,1
2023,综合,232,中国公安,106585,01,不限,0503,新闻传播学类,6,4800,四年,https://static-data.gaokao.cn/www/2.0/schoolspecialplan/232/2023/31.json?a=www.gaokao.cn,data/shanghai/raw/plan_api/static/2023/232.json,1
2023,综合,232,中国公安,106585,01,不限,120203K,会计学,4,4800,四年,https://static-data.gaokao.cn/www/2.0/schoolspecialplan/232/2023/31.json?a=www.gaokao.cn,data/shanghai/raw/plan_api/static/2023/232.json,1
2023,综合,232,中国公安,106585,01,不限,050261,翻译,3,4800,四年,https://static-data.gaokao.cn/www/2.0/schoolspecialplan/232/2023/31.json?a=www.gaokao.cn,data/shanghai/raw/plan_api/static/2023/232.json,1
2023,综合,232,中国公安,106585,01,不限,120202,市场营销,2,4800,四年,https://static-data.gaokao.cn/www/2.0/schoolspecialplan/232/2023/31.json?a=www.gaokao.cn,data/shanghai/raw/plan_api/static/2023/232.json,1
2023,综合,232,中国公安,106585,01,不限,120201K,工商管理,2,4800,四年,https://static-data.gaokao.cn/www/2.0/schoolspecialplan/232/2023/31.json?a=www.gaokao.cn,data/shanghai/raw/plan_api/static/2023/232.json,1
2023,综合,232,中国公安,106584,02,物理必选,0809,计算机类,3,5200,四年,https://static-data.gaokao.cn/www/2.0/schoolspecialplan/232/2023/31.json?a=www.gaokao.cn,data/shanghai/raw/plan_api/static/2023/232.json,1
2023,综合,233,新疆农业大学,106440,01,不限,0204,经济与贸易类,5,18000,四年,https://static-data.gaokao.cn/www/2.0/schoolspecialplan/233/2023/31.json?a=www.gaokao.cn,data/shanghai/raw/plan_api/static/2023/233.json,1
2023,综合,233,新疆农业大学,106440,01,不限,1202,工商管理类,5,18000,四年,https://static-data.gaokao.cn/www/2.0/schoolspecialplan/233/2023/31.json?a=www.gaokao.cn,data/shanghai/raw/plan_api/static/2023/233.json,1
2023,综合,233,新疆农业大学,106439,02,物理必选,080714T,电子信息科学与技术,5,3500,四年,https://static-data.gaokao.cn/www/2.0/schoolspecialplan/233/2023/31.json?a=www.gaokao.cn,data/shanghai/raw/plan_api/static/2023/233.json,1
2023,综合,233,新疆农业大学,106439,02,物理必选,081001,土木工程,5,3500,四年,https://static-data.gaokao.cn/www/2.0/schoolspecialplan/233/2023/31.json?a=www.gaokao.cn,data/shanghai/raw/plan_api/static/2023/233.json,1
2023,综合,236,喀什大学,106438,01,不限,040101,教育学,1,3100,四年,https://static-data.gaokao.cn/www/2.0/schoolspecialplan/236/2023/31.json?a=www.gaokao.cn,data/shanghai/raw/plan_api/static/2023/236.json,1
2023,综合,236,喀什大学,106438,01,不限,040106,学前教育,1,3100,四年,https://static-data.gaokao.cn/www/2.0/schoolspecialplan/236/2023/31.json?a=www.gaokao.cn,data/shanghai/raw/plan_api/static/2023/236.json,1
2023,综合,236,喀什大学,106438,01,不限,120901K,旅游管理,1,3500,四年,https://static-data.gaokao.cn/www/2.0/schoolspecialplan/236/2023/31.json?a=www.gaokao.cn,data/shanghai/raw/plan_api/static/2023/236.json,1
2023,综合,236,喀什大学,106433,06,物/化/生(3选1),071001,生物科学,2,3500,四年,https://static-data.gaokao.cn/www/2.0/schoolspecialplan/236/2023/31.json?a=www.gaokao.cn,data/shanghai/raw/plan_api/static/2023/236.json,1
2023,综合,236,喀什大学,106437,02,物理必选,070101,数学与应用数学,1,3500,四年,https://static-data.gaokao.cn/www/2.0/schoolspecialplan/236/2023/31.json?a=www.gaokao.cn,data/shanghai/raw/plan_api/static/2023/236.json,1
2023,综合,236,喀什大学,106437,02,物理必选,070201,物理学,1,3500,四年,https://static-data.gaokao.cn/www/2.0/schoolspecialplan/236/2023/31.json?a=www.gaokao.cn,data/shanghai/raw/plan_api/static/2023/236.json,1
2023,综合,236,喀什大学,106437,02,物理必选,080601,电气工程及其自动化,1,3500,四年,https://static-data.gaokao.cn/www/2.0/schoolspecialplan/236/2023/31.json?a=www.gaokao.cn,data/shanghai/raw/plan_api/static/2023/236.json,1
2023,综合,236,喀什大学,106437,02,物理必选,080903,网络工程,1,3500,四年,https://static-data.gaokao.cn/www/2.0/schoolspecialplan/236/2023/31.json?a=www.gaokao.cn,data/shanghai/raw/plan_api/static/2023/236.json,1
2023,综合,236,喀什大学,106436,03,思想政治必选,030503,思想政治教育,1,3100,四年,https://static-data.gaokao.cn/www/2.0/schoolspecialplan/236/2023/31.json?a=www.gaokao.cn,data/shanghai/raw/plan_api/static/2023/236.json,1
2023,综合,236,喀什大学,106435,04,思想政治/历史(2选1),050101,汉语言文学,1,3100,四年,https://static-data.gaokao.cn/www/2.0/schoolspecialplan/236/2023/31.json?a=www.gaokao.cn,data/shanghai/raw/plan_api/static/2023/236.json,1
2023,综合,236,喀什大学,106434,05,物理/化学(2选1),070301,化学,1,3500,四年,https://static-data.gaokao.cn/www/2.0/schoolspecialplan/236/2023/31.json?a=www.gaokao.cn,data/shanghai/raw/plan_api/static/2023/236.json,1
2023,综合,240,宁波大学,107128,01,不限,0201,经济学类,2,5300,四年,https://static-data.gaokao.cn/www/2.0/schoolspecialplan/240/2023/31.json?a=www.gaokao.cn,data/shanghai/raw/plan_api/static/2023/240.json,1
2023,综合,240,宁波大学,107127,02,不限,050201,英语,8,6000,四年,https://static-data.gaokao.cn/www/2.0/schoolspecialplan/240/2023/31.json?a=www.gaokao.cn,data/shanghai/raw/plan_api/static/2023/240.json,1
2023,综合,240,宁波大学,107126,03,不限,120901K,旅游管理,2,28800,四年,https://static-data.gaokao.cn/www/2.0/schoolspecialplan/240/2023/31.json?a=www.gaokao.cn,data/shanghai/raw/plan_api/static/2023/240.json,1
2023,综合,241,浙江师范大学,107159,01,不限,1202,工商管理类,3,5300,四年,https://static-data.gaokao.cn/www/2.0/schoolspecialplan/241/2023/31.json?a=www.gaokao.cn,data/shanghai/raw/plan_api/static/2023/241.json,1
2023,综合,241,浙江师范大学,107159,01,不限,050207,日语,2,5300,四年,https://static-data.gaokao.cn/www/2.0/schoolspecialplan/241/2023/31.json?a=www.gaokao.cn,data/shanghai/raw/plan_api/static/2023/241.json,1
2023,综合,241,浙江师范大学,107155,05,不限,040107,小学教育,6,80000,四年,https://static-data.gaokao.cn/www/2.0/schoolspecialplan/241/2023/31.json?a=www.gaokao.cn,data/shanghai/raw/plan_api/static/2023/241.json,1
2023,综合,241,浙江师范大学,107156,04,物/化/生(3选1),082501,环境科学与工程,4,6000,四年,https://static-data.gaokao.cn/www/2.0/schoolspecialplan/241/2023/31.json?a=www.gaokao.cn,data/shanghai/raw/plan_api/static/2023/241.json,1
2023,综合,241,浙江师范大学,107158,02,物理必选,080205,工业设计,3,6000,四年,https://static-data.gaokao.cn/www/2.0/schoolspecialplan/241/2023/31.json?a=www.gaokao.cn,data/shanghai/raw/plan_api/static/2023/241.json,1
2023,综合,241,浙江师范大学,107158,02,物理必选,080213T,智能制造工程,3,6000,四年,https://static-data.gaokao.cn/www/2.0/schoolspecialplan/241/2023/31.json?a=www.gaokao.cn,data/shanghai/raw/plan_api/static/2023/241.json,1
2023,综合,241,浙江师范大学,107158,02,物理必选,0807,电子信息类,3,6000,四年,https://static-data.gaokao.cn/www/2.0/schoolspecialplan/241/2023/31.json?a=www.gaokao.cn,data/shanghai/raw/plan_api/static/2023/241.json,1
2023,综合,241,浙江师范大学,107158,02,物理必选,080803T,机器人工程,3,6000,四年,https://static-data.gaokao.cn/www/2.0/schoolspecialplan/241/2023/31.json?a=www.gaokao.cn,data/shanghai/raw/plan_api/static/2023/241.json,1
2023,综合,241,浙江师范大学,107158,02,物理必选,0809,计算机类,3,6000,四年,https://static-data.gaokao.cn/www/2.0/schoolspecialplan/241/2023/31.json?a=www.gaokao.cn,data/shanghai/raw/plan_api/static/2023/241.json,1
2023,综合,241,浙江师范大学,107157,03,物理/化学(2选1),100701,药学,3,5300,四年,https://static-data.gaokao.cn/www/2.0/schoolspecialplan/241/2023/31.json?a=www.gaokao.cn,data/shanghai/raw/plan_api/static/2023/241.json,1
2023,综合,241,浙江师范大学,107156,04,物/化/生(3选1),0710,生物科学类,3,5300,四年,https://static-data.gaokao.cn/www/2.0/schoolspecialplan/241/2023/31.json?a=www.gaokao.cn,data/shanghai/raw/plan_api/static/2023/241.json,1
2023,综合,241,浙江师范大学,107157,03,物理/化学(2选1),081801,交通运输,2,6000,四年,https://static-data.gaokao.cn/www/2.0/schoolspecialplan/241/2023/31.json?a=www.gaokao.cn,data/shanghai/raw/plan_api/static/2023/241.json,1
2023,综合,241,浙江师范大学,107158,02,物理必选,070101,数学与应用数学,2,6095,四年,https://static-data.gaokao.cn/www/2.0/schoolspecialplan/241/2023/31.json?a=www.gaokao.cn,data/shanghai/raw/plan_api/static/2023/241.json,1
2023,综合,242,浙江工业大学,107179,01,物理必选,080205,工业设计,5,6900,四年,https://static-data.gaokao.cn/www/2.0/schoolspecialplan/242/2023/31.json?a=www.gaokao.cn,data/shanghai/raw/plan_api/static/2023/242.json,1
2023,综合,242,浙江工业大学,107179,01,物理必选,0809,计算机类,5,6000,四年,https://static-data.gaokao.cn/www/2.0/schoolspecialplan/242/2023/31.json?a=www.gaokao.cn,data/shanghai/raw/plan_api/static/2023/242.json,1
2023,综合,242,浙江工业大学,107178,02,物理必选,080902,软件工程,6,25000,四年,https://static-data.gaokao.cn/www/2.0/schoolspecialplan/242/2023/31.json?a=www.gaokao.cn,data/shanghai/raw/plan_api/static/2023/242.json,1
2023,综合,242,浙江工业大学,107177,03,物理/地理(2选1),0828,建筑类,5,6900,五年,https://static-data.gaokao.cn/www/2.0/schoolspecialplan/242/2023/31.json?a=www.gaokao.cn,data/shanghai/raw/plan_api/static/2023/242.json,1
2023,综合,242,浙江工业大学,107175,05,思想政治/历史(2选1),030101K,法学,5,5300,四年,https://static-data.gaokao.cn/www/2.0/schoolspecialplan/242/2023/31.json?a=www.gaokao.cn,data/shanghai/raw/plan_api/static/2023/242.json,1
2023,综合,242,浙江工业大学,107176,04,物/化/史(3选1),020301K,金融学,3,5300,四年,https://static-data.gaokao.cn/www/2.0/schoolspecialplan/242/2023/31.json?a=www.gaokao.cn,data/shanghai/raw/plan_api/static/2023/242.json,1
2023,综合,242,浙江工业大学,107176,04,物/化/史(3选1),020401,国际经济与贸易,2,5300,四年,https://static-data.gaokao.cn/www/2.0/schoolspecialplan/242/2023/31.json?a=www.gaokao.cn,data/shanghai/raw/plan_api/static/2023/242.json,1
2023,综合,243,浙江理工大学,107174,01,不限,0204,经济与贸易类,2,6000,四年,https://static-data.gaokao.cn/www/2.0/schoolspecialplan/243/2023/31.json?a=www.gaokao.cn,data/shanghai/raw/plan_api/static/2023/243.json,1
2023,综合,243,浙江理工大学,107174,01,不限,1202,工商管理类,2,5300,四年,https://static-data.gaokao.cn/www/2.0/schoolspecialplan/243/2023/31.json?a=www.gaokao.cn,data/shanghai/raw/plan_api/static/2023/243.json,1
2023,综合,243,浙江理工大学,107174,01,不限,030302,社会工作,1,5300,四年,https://static-data.gaokao.cn/www/2.0/schoolspecialplan/243/2023/31.json?a=www.gaokao.cn,data/shanghai/raw/plan_api/static/2023/243.json,1
2023,综合,243,浙江理工大学,107174,01,不限,120402,行政管理,1,5300,四年,https://static-data.gaokao.cn/www/2.0/schoolspecialplan/243/2023/31.json?a=www.gaokao.cn,data/shanghai/raw/plan_api/static/2023/243.json,1
2023,综合,243,浙江理工大学,107173,02,不限,120201K,工商管理,5,5300,四年,https://static-data.gaokao.cn/www/2.0/schoolspecialplan/243/2023/31.json?a=www.gaokao.cn,data/shanghai/raw/plan_api/static/2023/243.json,0
2023,综合,243,浙江理工大学,107171,04,化学必选,0804,材料类,3,6000,四年,https://static-data.gaokao.cn/www/2.0/schoolspecialplan/243/2023/31.json?a=www.gaokao.cn,data/shanghai/raw/plan_api/static/2023/243.json,1
2023,综合,243,浙江理工大学,107170,05,物理/化学(2选1),0816,纺织类,3,6000,四年,https://static-data.gaokao.cn/www/2.0/schoolspecialplan/243/2023/31.json?a=www.gaokao.cn,data/shanghai/raw/plan_api/static/2023/243.json,1
2023,综合,243,浙江理工大学,107169,06,化学/生物(2选1),0710,生物科学类,3,5300,四年,https://static-data.gaokao.cn/www/2.0/schoolspecialplan/243/2023/31.json?a=www.gaokao.cn,data/shanghai/raw/plan_api/static/2023/243.json,1
2023,综合,243,浙江理工大学,107172,03,物理必选,080205,工业设计,2,6000,四年,https://static-data.gaokao.cn/www/2.0/schoolspecialplan/243/2023/31.json?a=www.gaokao.cn,data/shanghai/raw/plan_api/static/2023/243.json,1
2023,综合,243,浙江理工大学,107171,04,化学必选,0703,化学类,2,5300,四年,https://static-data.gaokao.cn/www/2.0/schoolspecialplan/243/2023/31.json?a=www.gaokao.cn,data/shanghai/raw/plan_api/static/2023/243.json,1
2023,综合,243,浙江理工大学,107170,05,物理/化学(2选1),081602,服装设计与工程,2,6000,四年,https://static-data.gaokao.cn/www/2.0/schoolspecialplan/243/2023/31.json?a=www.gaokao.cn,data/shanghai/raw/plan_api/static/2023/243.json,1
2023,综合,244,北邮世纪,107141,01,不限,120202,市场营销,3,4800,四年,https://static-data.gaokao.cn/www/2.0/schoolspecialplan/244/2023/31.json?a=www.gaokao.cn,data/shanghai/raw/plan_api/static/2023/244.json,0
2023,综合,244,北邮世纪,107141,01,不限,120206,人力资源管理,2,4800,四年,https://static-data.gaokao.cn/www/2.0/schoolspecialplan/244/2023/31.json?a=www.gaokao.cn,data/shanghai/raw/plan_api/static/2023/244.json,0
2023,综合,244,北邮世纪,107141,01,不限,020301K,金融学,2,5520,四年,https://static-data.gaokao.cn/www/2.0/schoolspecialplan/244/2023/31.json?a=www.gaokao.cn,data/shanghai/raw/plan_api/static/2023/244.json,0
2023,综合,244,北邮世纪,107141,01,不限,120204,财务管理,2,5520,四年,https://static-data.gaokao.cn/www/2.0/schoolspecialplan/244/2023/31.json?a=www.gaokao.cn,data/shanghai/raw/plan_api/static/2023/244.json,0
2023,综合,244,北邮世纪,107141,01,不限,020401,国际经济与贸易,2,4800,四年,https://static-data.gaokao.cn/www/2.0/schoolspecialplan/244/2023/31.json?a=www.gaokao.cn,data/shanghai/raw/plan_api/static/2023/244.json,0
2023,综合,244,北邮世纪,107141,01,不限,050207,日语,2,4800,四年,https://static-data.gaokao.cn/www/2.0/schoolspecialplan/244/2023/31.json?a=www.gaokao.cn,data/shanghai/raw/plan_api/static/2023/244.json,0
2023,综合,244,北邮世纪,107140,02,物理必选,080910T,数据科学与大数据技术,6,5500,四年,https://static-data.gaokao.cn/www/2.0/schoolspecialplan/244/2023/31.json?a=www.gaokao.cn,data/shanghai/raw/plan_api/static/2023/244.json,1
2023,综合,244,北邮世纪,107140,02,物理必选,080902,软件工程,4,5500,四年,https://static-data.gaokao.cn/www/2.0/schoolspecialplan/244/2023/31.json?a=www.gaokao.cn,data/shanghai/raw/plan_api/static/2023/244.json,1
2023,综合,244,北邮世纪,107140,02,物理必选,080205,工业设计,3,5500,四年,https://static-data.gaokao.cn/www/2.0/schoolspecialplan/244/2023/31.json?a=www.gaokao.cn,data/shanghai/raw/plan_api/static/2023/244.json,1
2023,综合,244,北邮世纪,107140,02,物理必选,081001,土木工程,3,6325,四年,https://static-data.gaokao.cn/www/2.0/schoolspecialplan/244/2023/31.json?a=www.gaokao.cn,data/shanghai/raw/plan_api/static/2023/244.json,1
2023,综合,244,北邮世纪,107140,02,物理必选,080901,计算机科学与技术,3,6325,四年,https://static-data.gaokao.cn/www/2.0/schoolspecialplan/244/2023/31.json?a=www.gaokao.cn,data/shanghai/raw/plan_api/static/2023/244.json,1
2023,综合,244,北邮世纪,107140,02,物理必选,080903,网络工程,3,5500,四年,https://static-data.gaokao.cn/www/2.0/schoolspecialplan/244/2023/31.json?a=www.gaokao.cn,data/shanghai/raw/plan_api/static/2023/244.json,1
2023,综合,244,北邮世纪,107140,02,物理必选,080202,机械设计制造及其自动化,3,6325,四年,https://static-data.gaokao.cn/www/2.0/schoolspecialplan/244/2023/31.json?a=www.gaokao.cn,data/shanghai/raw/plan_api/static/2023/244.json,1
2023,综合,244,北邮世纪,107140,02,物理必选,120103,工程管理,2,4800,四年,https://static-data.gaokao.cn/www/2.0/schoolspecialplan/244/2023/31.json?a=www.gaokao.cn,data/shanghai/raw/plan_api/static/2023/244.json,1
2023,综合,244,北邮世纪,107140,02,物理必选,081002,建筑环境与能源应用工程,2,5500,四年,https://static-data.gaokao.cn/www/2.0/schoolspecialplan/244/2023/31.json?a=www.gaokao.cn,data/shanghai/raw/plan_api/static/2023/244.json,1
2023,综合,244,北邮世纪,107140,02,物理必选,080703,通信工程,2,5500,四年,https://static-data.gaokao.cn/www/2.0/schoolspecialplan/244/2023/31.json?a=www.gaokao.cn,data/shanghai/raw/plan_api/static/2023/244.json,1
2023,综合,245,西华大学,106578,01,物理/历史(2选1),120201K,工商管理,4,,四年,https://static-data.gaokao.cn/www/2.0/schoolspecialplan/245/2023/31.json?a=www.gaokao.cn,data/shanghai/raw/plan_api/static/2023/245.json,1
2023,综合,245,西华大学,106578,01,物理/历史(2选1),120204,财务管理,3,,四年,https://static-data.gaokao.cn/www/2.0/schoolspecialplan/245/2023/31.json?a=www.gaokao.cn,data/shanghai/raw/plan_api/static/2023/245.json,1
2023,综合,245,西华大学,106577,02,不限,030101K,法学,3,,四年,https://static-data.gaokao.cn/www/2.0/schoolspecialplan/245/2023/31.json?a=www.gaokao.cn,data/shanghai/raw/plan_api/static/2023/245.json,1
2023,综合,247,中国计量大学,107139,01,物理必选,080705,光电信息科学与工程,4,6325,四年,https://static-data.gaokao.cn/www/2.0/schoolspecialplan/247/2023/31.json?a=www.gaokao.cn,data/shanghai/raw/plan_api/static/2023/247.json,1
2023,综合,247,中国计量大学,107139,01,物理必选,080910T,数据科学与大数据技术,4,4800,四年,https://static-data.gaokao.cn/www/2.0/schoolspecialplan/247/2023/31.json?a=www.gaokao.cn,data/shanghai/raw/plan_api/static/2023/247.json,1
2023,综合,247,中国计量大学,107139,01,物理必选,080202,机械设计制造及其自动化,3,6325,四年,https://static-data.gaokao.cn/www/2.0/schoolspecialplan/247/2023/31.json?a=www.gaokao.cn,data/shanghai/raw/plan_api/static/2023/247.json,1
2023,综合,247,中国计量大学,107139,01,物理必选,080301,测控技术与仪器,3,6325,四年,https://static-data.gaokao.cn/www/2.0/schoolspecialplan/247/2023/31.json?a=www.gaokao.cn,data/shanghai/raw/plan_api/static/2023/247.json,1
2023,综合,247,中国计量大学,107139,01,物理必选,080702,电子科学与技术,3,5500,四年,https://static-data.gaokao.cn/www/2.0/schoolspecialplan/247/2023/31.json?a=www.gaokao.cn,data/shanghai/raw/plan_api/static/2023/247.json,1
2023,综合,247,中国计量大学,107139,01,物理必选,080801,自动化,3,6325,四年,https://static-data.gaokao.cn/www/2.0/schoolspecialplan/247/2023/31.json?a=www.gaokao.cn,data/shanghai/raw/plan_api/static/2023/247.json,1
2023,综合,247,中国计量大学,107139,01,物理必选,0702,物理学类,2,4800,四年,https://static-data.gaokao.cn/www/2.0/schoolspecialplan/247/2023/31.json?a=www.gaokao.cn,data/shanghai/raw/plan_api/static/2023/247.json,1
2023,综合,247,中国计量大学,107139,01,物理必选,080205,工业设计,2,5500,四年,https://static-data.gaokao.cn/www/2.0/schoolspecialplan/247/2023/31.json?a=www.gaokao.cn,data/shanghai/raw/plan_api/static/2023/247.json,1
2023,综合,247,中国计量大学,107139,01,物理必选,080704,微电子科学与工程,2,5500,四年,https://static-data.gaokao.cn/www/2.0/schoolspecialplan/247/2023/31.json?a=www.gaokao.cn,data/shanghai/raw/plan_api/static/2023/247.json,1
2023,综合,247,中国计量大学,107139,01,物理必选,080717T,人工智能,2,5500,四年,https://static-data.gaokao.cn/www/2.0/schoolspecialplan/247/2023/31.json?a=www.gaokao.cn,data/shanghai/raw/plan_api/static/2023/247.json,1
2023,综合,247,中国计量大学,107139,01,物理必选,120102,信息管理与信息系统,2,4800,四年,https://static-data.gaokao.cn/www/2.0/schoolspecialplan/247/2023/31.json?a=www.gaokao.cn,data/shanghai/raw/plan_api/static/2023/247.json,1
2023,综合,247,中国计量大学,107139,01,物理必选,120703T,质量管理工程,2,4800,四年,https://static-data.gaokao.cn/www/2.0/schoolspecialplan/247/2023/31.json?a=www.gaokao.cn,data/shanghai/raw/plan_api/static/2023/247.json,1
2023,综合,247,中国计量大学,107139,01,物理必选,070101,数学与应用数学,1,4800,四年,https://static-data.gaokao.cn/www/2.0/schoolspecialplan/247/2023/31.json?a=www.gaokao.cn,data/shanghai/raw/plan_api/static/2023/247.json,1
2023,综合,247,中国计量大学,107139,01,物理必选,080303T,智能感知工程,1,5500,四年,https://static-data.gaokao.cn/www/2.0/schoolspecialplan/247/2023/31.json?a=www.gaokao.cn,data/shanghai/raw/plan_api/static/2023/247.json,1
2023,综合,247,中国计量大学,107139,01,物理必选,0807,电子信息类,1,5500,四年,https://static-data.gaokao.cn/www/2.0/schoolspecialplan/247/2023/31.json?a=www.gaokao.cn,data/shanghai/raw/plan_api/static/2023/247.json,1
2023,综合,247,中国计量大学,107138,02,化学必选,080401,材料科学与工程,3,5500,四年,https://static-data.gaokao.cn/www/2.0/schoolspecialplan/247/2023/31.json?a=www.gaokao.cn,data/shanghai/raw/plan_api/static/2023/247.json,1
2023,综合,247,中国计量大学,107137,03,物理/化学(2选1),080501,能源与动力工程,2,5500,四年,https://static-data.gaokao.cn/www/2.0/schoolspecialplan/247/2023/31.json?a=www.gaokao.cn,data/shanghai/raw/plan_api/static/2023/247.json,1
2023,综合,247,中国计量大学,107136,04,物/化/生(3选1),082502,环境工程,2,5500,四年,https://static-data.gaokao.cn/www/2.0/schoolspecialplan/247/2023/31.json?a=www.gaokao.cn,data/shanghai/raw/plan_api/static/2023/247.json,1
2023,综合,247,中国计量大学,107136,04,物/化/生(3选1),083001,生物工程,2,5500,四年,https://static-data.gaokao.cn/www/2.0/schoolspecialplan/247/2023/31.json?a=www.gaokao.cn,data/shanghai/raw/plan_api/static/2023/247.json,1
2023,综合,247,中国计量大学,107137,03,物理/化学(2选1),120701,工业工程,1,4800,四年,https://static-data.gaokao.cn/www/2.0/schoolspecialplan/247/2023/31.json?a=www.gaokao.cn,data/shanghai/raw/plan_api/static/2023/247.json,1
2023,综合,247,中国计量大学,107136,04,物/化/生(3选1),100701,药学,1,5500,四年,https://static-data.gaokao.cn/www/2.0/schoolspecialplan/247/2023/31.json?a=www.gaokao.cn,data/shanghai/raw/plan_api/static/2023/247.json,1
2023,综合,247,中国计量大学,107136,04,物/化/生(3选1),101007,卫生检验与检疫,1,4800,四年,https://static-data.gaokao.cn/www/2.0/schoolspecialplan/247/2023/31.json?a=www.gaokao.cn,data/shanghai/raw/plan_api/static/2023/247.json,1
2023,综合,247,中国计量大学,107135,05,不限,0203,金融学类,1,4800,四年,https://static-data.gaokao.cn/www/2.0/schoolspecialplan/247/2023/31.json?a=www.gaokao.cn,data/shanghai/raw/plan_api/static/2023/247.json,1
2023,综合,247,中国计量大学,107135,05,不限,1202,工商管理类,1,4800,四年,https://static-data.gaokao.cn/www/2.0/schoolspecialplan/247/2023/31.json?a=www.gaokao.cn,data/shanghai/raw/plan_api/static/2023/247.json,1
2023,综合,247,中国计量大学,107135,05,不限,120402,行政管理,1,4800,四年,https://static-data.gaokao.cn/www/2.0/schoolspecialplan/247/2023/31.json?a=www.gaokao.cn,data/shanghai/raw/plan_api/static/2023/247.json,1
2023,综合,248,浙江海洋大学,107168,01,不限,050201,英语,2,,-,https://static-data.gaokao.cn/www/2.0/schoolspecialplan/248/2023/31.json?a=www.gaokao.cn,data/shanghai/raw/plan_api/static/2023/248.json,1
2023,综合,248,浙江海洋大学,107168,01,不限,050262,商务英语,2,,-,https://static-data.gaokao.cn/www/2.0/schoolspecialplan/248/2023/31.json?a=www.gaokao.cn,data/shanghai/raw/plan_api/static/2023/248.json,1
2023,综合,248,浙江海洋大学,107168,01,不限,120601,物流管理,2,,-,https://static-data.gaokao.cn/www/2.0/schoolspecialplan/248/2023/31.json?a=www.gaokao.cn,data/shanghai/raw/plan_api/static/2023/248.json,1
2023,综合,248,浙江海洋大学,107167,02,物理必选,080601,电气工程及其自动化,2,,-,https://static-data.gaokao.cn/www/2.0/schoolspecialplan/248/2023/31.json?a=www.gaokao.cn,data/shanghai/raw/plan_api/static/2023/248.json,1
2023,综合,248,浙江海洋大学,107167,02,物理必选,080701,电子信息工程,2,,-,https://static-data.gaokao.cn/www/2.0/schoolspecialplan/248/2023/31.json?a=www.gaokao.cn,data/shanghai/raw/plan_api/static/2023/248.json,1
2023,综合,248,浙江海洋大学,107167,02,物理必选,080803T,机器人工程,2,,-,https://static-data.gaokao.cn/www/2.0/schoolspecialplan/248/2023/31.json?a=www.gaokao.cn,data/shanghai/raw/plan_api/static/2023/248.json,1
2023,综合,248,浙江海洋大学,107167,02,物理必选,080901,计算机科学与技术,2,,-,https://static-data.gaokao.cn/www/2.0/schoolspecialplan/248/2023/31.json?a=www.gaokao.cn,data/shanghai/raw/plan_api/static/2023/248.json,1
2023,综合,248,浙江海洋大学,107167,02,物理必选,080910T,数据科学与大数据技术,2,,-,https://static-data.gaokao.cn/www/2.0/schoolspecialplan/248/2023/31.json?a=www.gaokao.cn,data/shanghai/raw/plan_api/static/2023/248.json,1
2023,综合,248,浙江海洋大学,107167,02,物理必选,081001,土木工程,2,,-,https://static-data.gaokao.cn/www/2.0/schoolspecialplan/248/2023/31.json?a=www.gaokao.cn,data/shanghai/raw/plan_api/static/2023/248.json,1
2023,综合,248,浙江海洋大学,107167,02,物理必选,081901,船舶与海洋工程,2,,-,https://static-data.gaokao.cn/www/2.0/schoolspecialplan/248/2023/31.json?a=www.gaokao.cn,data/shanghai/raw/plan_api/static/2023/248.json,1
2023,综合,249,浙江农林大学,107166,01,不限,120210,文化产业管理,2,5300,四年,https://static-data.gaokao.cn/www/2.0/schoolspecialplan/249/2023/31.json?a=www.gaokao.cn,data/shanghai/raw/plan_api/static/2023/249.json,1
2023,综合,249,浙江农林大学,107166,01,不限,020401,国际经济与贸易,1,5300,四年,https://static-data.gaokao.cn/www/2.0/schoolspecialplan/249/2023/31.json?a=www.gaokao.cn,data/shanghai/raw/plan_api/static/2023/249.json,1
2023,综合,249,浙江农林大学,107166,01,不限,120201K,工商管理,1,5300,四年,https://static-data.gaokao.cn/www/2.0/schoolspecialplan/249/2023/31.json?a=www.gaokao.cn,data/shanghai/raw/plan_api/static/2023/249.json,1
2023,综合,249,浙江农林大学,107164,03,物/史/生(3选1),082803,风景园林,2,6900,四年,https://static-data.gaokao.cn/www/2.0/schoolspecialplan/249/2023/31.json?a=www.gaokao.cn,data/shanghai/raw/plan_api/static/2023/249.json,1
2023,综合,249,浙江农林大学,107163,04,物/化/生(3选1),090502,园林,1,6325,四年,https://static-data.gaokao.cn/www/2.0/schoolspecialplan/249/2023/31.json?a=www.gaokao.cn,data/shanghai/raw/plan_api/static/2023/249.json,1
2023,综合,249,浙江农林大学,107165,02,物理/化学(2选1),082501,环境科学与工程,1,6000,四年,https://static-data.gaokao.cn/www/2.0/schoolspecialplan/249/2023/31.json?a=www.gaokao.cn,data/shanghai/raw/plan_api/static/2023/249.json,1
2023,综合,249,浙江农林大学,107165,02,物理/化学(2选1),070302,应用化学,1,5300,四年,https://static-data.gaokao.cn/www/2.0/schoolspecialplan/249/2023/31.json?a=www.gaokao.cn,data/shanghai/raw/plan_api/static/2023/249.json,1
2023,综合,249,浙江农林大学,107165,02,物理/化学(2选1),090301,动物科学,1,5500,四年,https://static-data.gaokao.cn/www/2.0/schoolspecialplan/249/2023/31.json?a=www.gaokao.cn,data/shanghai/raw/plan_api/static/2023/249.json,1
2023,综合,249,浙江农林大学,107163,04,物/化/生(3选1),082702,食品质量与安全,1,6000,四年,https://static-data.gaokao.cn/www/2.0/schoolspecialplan/249/2023/31.json?a=www.gaokao.cn,data/shanghai/raw/plan_api/static/2023/249.json,1
2023,综合,249,浙江农林大学,107165,02,物理/化学(2选1),090401,动物医学,1,5500,五年,https://static-data.gaokao.cn/www/2.0/schoolspecialplan/249/2023/31.json?a=www.gaokao.cn,data/shanghai/raw/plan_api/static/2023/249.json,1
2023,综合,249,浙江农林大学,107163,04,物/化/生(3选1),082701,食品科学与工程,1,6000,四年,https://static-data.gaokao.cn/www/2.0/schoolspecialplan/249/2023/31.json?a=www.gaokao.cn,data/shanghai/raw/plan_api/static/2023/249.json,1
2023,综合,249,浙江农林大学,107163,04,物/化/生(3选1),083002T,生物制药,1,6000,四年,https://static-data.gaokao.cn/www/2.0/schoolspecialplan/249/2023/31.json?a=www.gaokao.cn,data/shanghai/raw/plan_api/static/2023/249.json,1
2023,综合,249,浙江农林大学,107163,04,物/化/生(3选1),071202,应用统计学,1,5300,四年,https://static-data.gaokao.cn/www/2.0/schoolspecialplan/249/2023/31.json?a=www.gaokao.cn,data/shanghai/raw/plan_api/static/2023/249.json,1
2023,综合,250,浙江中医药大学,107102,01,不限,120410T,健康服务与管理,2,5300,四年,https://static-data.gaokao.cn/www/2.0/schoolspecialplan/250/2023/31.json?a=www.gaokao.cn,data/shanghai/raw/plan_api/static/2023/250.json,1
2023,综合,250,浙江中医药大学,107100,03,化学、生物(2科必选),100201K,临床医学,2,6900,五年,https://static-data.gaokao.cn/www/2.0/schoolspecialplan/250/2023/31.json?a=www.gaokao.cn,data/shanghai/raw/plan_api/static/2023/250.json,1
2023,综合,250,浙江中医药大学,107099,04,化学/生物(2选1),100701,药学,2,6000,四年,https://static-data.gaokao.cn/www/2.0/schoolspecialplan/250/2023/31.json?a=www.gaokao.cn,data/shanghai/raw/plan_api/static/2023/250.json,1
2023,综合,250,浙江中医药大学,107098,05,物理/生物(2选1),101008T,听力与言语康复学,2,6000,四年,https://static-data.gaokao.cn/www/2.0/schoolspecialplan/250/2023/31.json?a=www.gaokao.cn,data/shanghai/raw/plan_api/static/2023/250.json,1
2023,综合,250,浙江中医药大学,107097,06,物/化/生(3选1),071001,生物科学,2,5300,四年,https://static-data.gaokao.cn/www/2.0/schoolspecialplan/250/2023/31.json?a=www.gaokao.cn,data/shanghai/raw/plan_api/static/2023/250.json,1
2023,综合,250,浙江中医药大学,107096,07,化/史/生(3选1),101101K,护理学,2,6000,四年,https://static-data.gaokao.cn/www/2.0/schoolspecialplan/250/2023/31.json?a=www.gaokao.cn,data/shanghai/raw/plan_api/static/2023/250.json,1
2023,综合,250,浙江中医药大学,107101,02,物理必选,080901,计算机科学与技术,1,6000,四年,https://static-data.gaokao.cn/www/2.0/schoolspecialplan/250/2023/31.json?a=www.gaokao.cn,data/shanghai/raw/plan_api/static/2023/250.json,1
2023,综合,250,浙江中医药大学,107099,04,化学/生物(2选1),100501K,中医学,1,6900,五年,https://static-data.gaokao.cn/www/2.0/schoolspecialplan/250/2023/31.json?a=www.gaokao.cn,data/shanghai/raw/plan_api/static/2023/250.json,1
2023,综合,250,浙江中医药大学,107099,04,化学/生物(2选1),100601K,中西医临床医学,1,6000,五年,https://static-data.gaokao.cn/www/2.0/schoolspecialplan/250/2023/31.json?a=www.gaokao.cn,data/shanghai/raw/plan_api/static/2023/250.json,1
2023,综合,250,浙江中医药大学,107099,04,化学/生物(2选1),100801,中药学,1,6000,四年,https://static-data.gaokao.cn/www/2.0/schoolspecialplan/250/2023/31.json?a=www.gaokao.cn,data/shanghai/raw/plan_api/static/2023/250.json,1
2023,综合,250,浙江中医药大学,107098,05,物理/生物(2选1),101005,康复治疗学,1,6000,四年,https://static-data.gaokao.cn/www/2.0/schoolspecialplan/250/2023/31.json?a=www.gaokao.cn,data/shanghai/raw/plan_api/static/2023/250.json,1
2023,综合,250,浙江中医药大学,107097,06,物/化/生(3选1),100402,食品卫生与营养学,1,6000,四年,https://static-data.gaokao.cn/www/2.0/schoolspecialplan/250/2023/31.json?a=www.gaokao.cn,data/shanghai/raw/plan_api/static/2023/250.json,1
2023,综合,250,浙江中医药大学,107097,06,物/化/生(3选1),101002,医学实验技术,1,6000,四年,https://static-data.gaokao.cn/www/2.0/schoolspecialplan/250/2023/31.json?a=www.gaokao.cn,data/shanghai/raw/plan_api/static/2023/250.json,1
2023,综合,251,温州医科大学,107162,01,化学、生物(2科必选),100204TK,眼视光医学,3,6900,五年,https://static-data.gaokao.cn/www/2.0/schoolspecialplan/251/2023/31.json?a=www.gaokao.cn,data/shanghai/raw/plan_api/static/2023/251.json,1
2023,综合,251,温州医科大学,107162,01,化学、生物(2科必选),100201K,临床医学,1,6900,五年,https://static-data.gaokao.cn/www/2.0/schoolspecialplan/251/2023/31.json?a=www.gaokao.cn,data/shanghai/raw/plan_api/static/2023/251.json,1
2023,综合,251,温州医科大学,107162,01,化学、生物(2科必选),100207TK,儿科学,3,6900,五年,https://static-data.gaokao.cn/www/2.0/schoolspecialplan/251/2023/31.json?a=www.gaokao.cn,data/shanghai/raw/plan_api/static/2023/251.json,1
2023,综合,251,温州医科大学,107162,01,化学、生物(2科必选),100101K,基础医学,3,6000,五年,https://static-data.gaokao.cn/www/2.0/schoolspecialplan/251/2023/31.json?a=www.gaokao.cn,data/shanghai/raw/plan_api/static/2023/251.json,1
2023,综合,251,温州医科大学,107162,01,化学、生物(2科必选),100205TK,精神医学,2,6000,五年,https://static-data.gaokao.cn/www/2.0/schoolspecialplan/251/2023/31.json?a=www.gaokao.cn,data/shanghai/raw/plan_api/static/2023/251.json,1
2023,综合,251,温州医科大学,107160,03,化学、生物(2科必选),100201K,临床医学,3,80000,五年,https://static-data.gaokao.cn/www/2.0/schoolspecialplan/251/2023/31.json?a=www.gaokao.cn,data/shanghai/raw/plan_api/static/2023/251.json,1
2023,综合,251,温州医科大学,107161,02,物/化/生(3选1),100301K,口腔医学,2,6900,五年,https://static-data.gaokao.cn/www/2.0/schoolspecialplan/251/2023/31.json?a=www.gaokao.cn,data/shanghai/raw/plan_api/static/2023/251.json,1
2023,综合,252,杭州师范大学,107154,01,不限,020101,经济学,4,5300,四年,https://static-data.gaokao.cn/www/2.0/schoolspecialplan/252/2023/31.json?a=www.gaokao.cn,data/shanghai/raw/plan_api/static/2023/252.json,1
2023,综合,252,杭州师范大学,107154,01,不限,020302,金融工程,4,5300,四年,https://static-data.gaokao.cn/www/2.0/schoolspecialplan/252/2023/31.json?a=www.gaokao.cn,data/shanghai/raw/plan_api/static/2023/252.json,1
2023,综合,252,杭州师范大学,107154,01,不限,030101K,法学,3,5300,四年,https://static-data.gaokao.cn/www/2.0/schoolspecialplan/252/2023/31.json?a=www.gaokao.cn,data/shanghai/raw/plan_api/static/2023/252.json,1
2023,综合,252,杭州师范大学,107154,01,不限,030102T,知识产权,2,5300,四年,https://static-data.gaokao.cn/www/2.0/schoolspecialplan/252/2023/31.json?a=www.gaokao.cn,data/shanghai/raw/plan_api/static/2023/252.json,1
2023,综合,252,杭州师范大学,107154,01,不限,050209,朝鲜语,2,5300,四年,https://static-data.gaokao.cn/www/2.0/schoolspecialplan/252/2023/31.json?a=www.gaokao.cn,data/shanghai/raw/plan_api/static/2023/252.json,1
2023,综合,252,杭州师范大学,107154,01,不限,120203K,会计学,2,5300,四年,https://static-data.gaokao.cn/www/2.0/schoolspecialplan/252/2023/31.json?a=www.gaokao.cn,data/shanghai/raw/plan_api/static/2023/252.json,1
2023,综合,252,杭州师范大学,107154,01,不限,120401,公共事业管理,2,5300,四年,https://static-data.gaokao.cn/www/2.0/schoolspecialplan/252/2023/31.json?a=www.gaokao.cn,data/shanghai/raw/plan_api/static/2023/252.json,1
2023,综合,252,杭州师范大学,107154,01,不限,120410T,健康服务与管理,2,5300,四年,https://static-data.gaokao.cn/www/2.0/schoolspecialplan/252/2023/31.json?a=www.gaokao.cn,data/shanghai/raw/plan_api/static/2023/252.json,1
2023,综合,252,杭州师范大学,107152,03,物理必选,080701,电子信息工程,3,6900,四年,https://static-data.gaokao.cn/www/2.0/schoolspecialplan/252/2023/31.json?a=www.gaokao.cn,data/shanghai/raw/plan_api/static/2023/252.json,1
2023,综合,252,杭州师范大学,107152,03,物理必选,080901,计算机科学与技术,3,6900,四年,https://static-data.gaokao.cn/www/2.0/schoolspecialplan/252/2023/31.json?a=www.gaokao.cn,data/shanghai/raw/plan_api/static/2023/252.json,1
2023,综合,252,杭州师范大学,107152,03,物理必选,080902,软件工程,3,6900,四年,https://static-data.gaokao.cn/www/2.0/schoolspecialplan/252/2023/31.json?a=www.gaokao.cn,data/shanghai/raw/plan_api/static/2023/252.json,1
2023,综合,252,杭州师范大学,107152,03,物理必选,080910T,数据科学与大数据技术,3,5300,四年,https://static-data.gaokao.cn/www/2.0/schoolspecialplan/252/2023/31.json?a=www.gaokao.cn,data/shanghai/raw/plan_api/static/2023/252.json,1
2023,综合,252,杭州师范大学,107152,03,物理必选,120108T,大数据管理与应用,3,5300,四年,https://static-data.gaokao.cn/www/2.0/schoolspecialplan/252/2023/31.json?a=www.gaokao.cn,data/shanghai/raw/plan_api/static/2023/252.json,1
2023,综合,252,杭州师范大学,107152,03,物理必选,120801,电子商务,3,5300,四年,https://static-data.gaokao.cn/www/2.0/schoolspecialplan/252/2023/31.json?a=www.gaokao.cn,data/shanghai/raw/plan_api/static/2023/252.json,1
2023,综合,252,杭州师范大学,107153,02,不限,101101K,护理学,2,6000,四年,https://static-data.gaokao.cn/www/2.0/schoolspecialplan/252/2023/31.json?a=www.gaokao.cn,data/shanghai/raw/plan_api/static/2023/252.json,1
2023,综合,252,杭州师范大学,107152,03,物理必选,080202,机械设计制造及其自动化,2,6000,四年,https://static-data.gaokao.cn/www/2.0/schoolspecialplan/252/2023/31.json?a=www.gaokao.cn,data/shanghai/raw/plan_api/static/2023/252.json,1
2023,综合,252,杭州师范大学,107152,03,物理必选,080205,工业设计,2,6000,四年,https://static-data.gaokao.cn/www/2.0/schoolspecialplan/252/2023/31.json?a=www.gaokao.cn,data/shanghai/raw/plan_api/static/2023/252.json,1
2023,综合,253,湖州师范大学,107151,01,化学/生物(2选1),081302,制药工程,3,,-,https://static-data.gaokao.cn/www/2.0/schoolspecialplan/253/2023/31.json?a=www.gaokao.cn,data/shanghai/raw/plan_api/static/2023/253.json,1
2023,综合,253,湖州师范大学,107151,01,化学/生物(2选1),083001,生物工程,3,,-,https://static-data.gaokao.cn/www/2.0/schoolspecialplan/253/2023/31.json?a=www.gaokao.cn,data/shanghai/raw/plan_api/static/2023/253.json,1
2023,综合,253,湖州师范大学,107151,01,化学/生物(2选1),071001,生物科学,2,,-,https://static-data.gaokao.cn/www/2.0/schoolspecialplan/253/2023/31.json?a=www.gaokao.cn,data/shanghai/raw/plan_api/static/2023/253.json,1
2023,综合,253,湖州师范大学,107145,07,不限,101101K,护理学,6,,-,https://static-data.gaokao.cn/www/2.0/schoolspecialplan/253/2023/31.json?a=www.gaokao.cn,data/shanghai/raw/plan_api/static/2023/253.json,1
2023,综合,253,湖州师范大学,107150,02,物理必选,080901,计算机科学与技术,5,,-,https://static-data.gaokao.cn/www/2.0/schoolspecialplan/253/2023/31.json?a=www.gaokao.cn,data/shanghai/raw/plan_api/static/2023/253.json,1
2023,综合,253,湖州师范大学,107145,07,不限,120402,行政管理,4,,-,https://static-data.gaokao.cn/www/2.0/schoolspecialplan/253/2023/31.json?a=www.gaokao.cn,data/shanghai/raw/plan_api/static/2023/253.json,1
2023,综合,253,湖州师范大学,107150,02,物理必选,080701,电子信息工程,4,,-,https://static-data.gaokao.cn/www/2.0/schoolspecialplan/253/2023/31.json?a=www.gaokao.cn,data/shanghai/raw/plan_api/static/2023/253.json,1
2023,综合,253,湖州师范大学,107148,04,物理/化学(2选1),082801,建筑学,3,,-,https://static-data.gaokao.cn/www/2.0/schoolspecialplan/253/2023/31.json?a=www.gaokao.cn,data/shanghai/raw/plan_api/static/2023/253.json,1
2023,综合,253,湖州师范大学,107146,06,思想政治必选,030503,思想政治教育,3,,-,https://static-data.gaokao.cn/www/2.0/schoolspecialplan/253/2023/31.json?a=www.gaokao.cn,data/shanghai/raw/plan_api/static/2023/253.json,1
2023,综合,253,湖州师范大学,107145,07,不限,050201,英语,3,,-,https://static-data.gaokao.cn/www/2.0/schoolspecialplan/253/2023/31.json?a=www.gaokao.cn,data/shanghai/raw/plan_api/static/2023/253.json,1
2023,综合,253,湖州师范大学,107145,07,不限,050207,日语,3,,-,https://static-data.gaokao.cn/www/2.0/schoolspecialplan/253/2023/31.json?a=www.gaokao.cn,data/shanghai/raw/plan_api/static/2023/253.json,1
2023,综合,253,湖州师范大学,107150,02,物理必选,080910T,数据科学与大数据技术,2,,-,https://static-data.gaokao.cn/www/2.0/schoolspecialplan/253/2023/31.json?a=www.gaokao.cn,data/shanghai/raw/plan_api/static/2023/253.json,1
2023,综合,253,湖州师范大学,107145,07,不限,020302,金融工程,2,,-,https://static-data.gaokao.cn/www/2.0/schoolspecialplan/253/2023/31.json?a=www.gaokao.cn,data/shanghai/raw/plan_api/static/2023/253.json,1
2023,综合,253,湖州师范大学,107145,07,不限,120801,电子商务,2,,-,https://static-data.gaokao.cn/www/2.0/schoolspecialplan/253/2023/31.json?a=www.gaokao.cn,data/shanghai/raw/plan_api/static/2023/253.json,1
2023,综合,253,湖州师范大学,107145,07,不限,120204,财务管理,2,,-,https://static-data.gaokao.cn/www/2.0/schoolspecialplan/253/2023/31.json?a=www.gaokao.cn,data/shanghai/raw/plan_api/static/2023/253.json,1
2023,综合,253,湖州师范大学,107145,07,不限,050301,新闻学,2,,-,https://static-data.gaokao.cn/www/2.0/schoolspecialplan/253/2023/31.json?a=www.gaokao.cn,data/shanghai/raw/plan_api/static/2023/253.json,1
2023,综合,253,湖州师范大学,107145,07,不限,050202,俄语,2,,-,https://static-data.gaokao.cn/www/2.0/schoolspecialplan/253/2023/31.json?a=www.gaokao.cn,data/shanghai/raw/plan_api/static/2023/253.json,1
2023,综合,253,湖州师范大学,107149,03,物/化/生(3选1),100301K,口腔医学,2,,-,https://static-data.gaokao.cn/www/2.0/schoolspecialplan/253/2023/31.json?a=www.gaokao.cn,data/shanghai/raw/plan_api/static/2023/253.json,1
2023,综合,253,湖州师范大学,107147,05,化学、生物(2科必选),100201K,临床医学,2,,-,https://static-data.gaokao.cn/www/2.0/schoolspecialplan/253/2023/31.json?a=www.gaokao.cn,data/shanghai/raw/plan_api/static/2023/253.json,1
2023,综合,253,湖州师范大学,107145,07,不限,030102T,知识产权,2,,-,https://static-data.gaokao.cn/www/2.0/schoolspecialplan/253/2023/31.json?a=www.gaokao.cn,data/shanghai/raw/plan_api/static/2023/253.json,1
2023,综合,256,温州大学,107095,01,不限,050261,翻译,2,4800,四年,https://static-data.gaokao.cn/www/2.0/schoolspecialplan/256/2023/31.json?a=www.gaokao.cn,data/shanghai/raw/plan_api/static/2023/256.json,1
2023,综合,256,温州大学,107095,01,不限,050303,广告学,2,4800,四年,https://static-data.gaokao.cn/www/2.0/schoolspecialplan/256/2023/31.json?a=www.gaokao.cn,data/shanghai/raw/plan_api/static/2023/256.json,1
2023,综合,256,温州大学,107095,01,不限,030101K,法学,2,4800,四年,https://static-data.gaokao.cn/www/2.0/schoolspecialplan/256/2023/31.json?a=www.gaokao.cn,data/shanghai/raw/plan_api/static/2023/256.json,1
2023,综合,256,温州大学,107095,01,不限,120201K,工商管理,2,4800,四年,https://static-data.gaokao.cn/www/2.0/schoolspecialplan/256/2023/31.json?a=www.gaokao.cn,data/shanghai/raw/plan_api/static/2023/256.json,1
2023,综合,256,温州大学,107095,01,不限,020401,国际经济与贸易,2,4800,四年,https://static-data.gaokao.cn/www/2.0/schoolspecialplan/256/2023/31.json?a=www.gaokao.cn,data/shanghai/raw/plan_api/static/2023/256.json,1
2023,综合,256,温州大学,107095,01,不限,120204,财务管理,2,4800,四年,https://static-data.gaokao.cn/www/2.0/schoolspecialplan/256/2023/31.json?a=www.gaokao.cn,data/shanghai/raw/plan_api/static/2023/256.json,1
2023,综合,256,温州大学,107095,01,不限,050207,日语,2,4800,四年,https://static-data.gaokao.cn/www/2.0/schoolspecialplan/256/2023/31.json?a=www.gaokao.cn,data/shanghai/raw/plan_api/static/2023/256.json,1
2023,综合,256,温州大学,107095,01,不限,020302,金融工程,2,5520,四年,https://static-data.gaokao.cn/www/2.0/schoolspecialplan/256/2023/31.json?a=www.gaokao.cn,data/shanghai/raw/plan_api/static/2023/256.json,1
2023,综合,256,温州大学,107095,01,不限,050201,英语,2,5520,四年,https://static-data.gaokao.cn/www/2.0/schoolspecialplan/256/2023/31.json?a=www.gaokao.cn,data/shanghai/raw/plan_api/static/2023/256.json,1
2023,综合,256,温州大学,107095,01,不限,050101,汉语言文学,1,4800,四年,https://static-data.gaokao.cn/www/2.0/schoolspecialplan/256/2023/31.json?a=www.gaokao.cn,data/shanghai/raw/plan_api/static/2023/256.json,1
2023,综合,256,温州大学,107095,01,不限,071102,应用心理学,1,4800,四年,https://static-data.gaokao.cn/www/2.0/schoolspecialplan/256/2023/31.json?a=www.gaokao.cn,data/shanghai/raw/plan_api/static/2023/256.json,1
2023,综合,256,温州大学,107095,01,不限,120402,行政管理,1,4800,四年,https://static-data.gaokao.cn/www/2.0/schoolspecialplan/256/2023/31.json?a=www.gaokao.cn,data/shanghai/raw/plan_api/static/2023/256.json,1
2023,综合,256,温州大学,107095,01,不限,120701,工业工程,1,5500,四年,https://static-data.gaokao.cn/www/2.0/schoolspecialplan/256/2023/31.json?a=www.gaokao.cn,data/shanghai/raw/plan_api/static/2023/256.json,1
2023,综合,256,温州大学,107094,02,思想政治必选,030503,思想政治教育,1,4800,四年,https://static-data.gaokao.cn/www/2.0/schoolspecialplan/256/2023/31.json?a=www.gaokao.cn,data/shanghai/raw/plan_api/static/2023/256.json,1
2023,综合,256,温州大学,107093,03,地理/历史(2选1),060101,历史学,1,4800,四年,https://static-data.gaokao.cn/www/2.0/schoolspecialplan/256/2023/31.json?a=www.gaokao.cn,data/shanghai/raw/plan_api/static/2023/256.json,1
2023,综合,257,天津职师,107144,01,不限,0301,法学类,4,6095,四年,https://static-data.gaokao.cn/www/2.0/schoolspecialplan/257/2023/31.json?a=www.gaokao.cn,data/shanghai/raw/plan_api/static/2023/257.json,1
2023,综合,257,天津职师,107144,01,不限,050206,阿拉伯语,3,5300,四年,https://static-data.gaokao.cn/www/2.0/schoolspecialplan/257/2023/31.json?a=www.gaokao.cn,data/shanghai/raw/plan_api/static/2023/257.json,1
2023,综合,257,天津职师,107144,01,不限,0503,新闻传播学类,3,5300,四年,https://static-data.gaokao.cn/www/2.0/schoolspecialplan/257/2023/31.json?a=www.gaokao.cn,data/shanghai/raw/plan_api/static/2023/257.json,1
2023,综合,257,天津职师,107144,01,不限,050204,法语,2,5300,四年,https://static-data.gaokao.cn/www/2.0/schoolspecialplan/257/2023/31.json?a=www.gaokao.cn,data/shanghai/raw/plan_api/static/2023/257.json,1
2023,综合,257,天津职师,107144,01,不限,050101,汉语言文学,2,5300,四年,https://static-data.gaokao.cn/www/2.0/schoolspecialplan/257/2023/31.json?a=www.gaokao.cn,data/shanghai/raw/plan_api/static/2023/257.json,1
2023,综合,257,天津职师,107144,01,不限,1209,旅游管理类,2,5300,四年,https://static-data.gaokao.cn/www/2.0/schoolspecialplan/257/2023/31.json?a=www.gaokao.cn,data/shanghai/raw/plan_api/static/2023/257.json,1
2023,综合,257,天津职师,107142,03,物/化/生(3选1),0825,环境科学与工程类,4,6000,四年,https://static-data.gaokao.cn/www/2.0/schoolspecialplan/257/2023/31.json?a=www.gaokao.cn,data/shanghai/raw/plan_api/static/2023/257.json,0
2023,综合,257,天津职师,107142,03,物/化/生(3选1),0827,食品科学与工程类,4,6000,四年,https://static-data.gaokao.cn/www/2.0/schoolspecialplan/257/2023/31.json?a=www.gaokao.cn,data/shanghai/raw/plan_api/static/2023/257.json,0
2023,综合,257,天津职师,107143,02,物理必选,0807,电子信息类,3,6000,四年,https://static-data.gaokao.cn/www/2.0/schoolspecialplan/257/2023/31.json?a=www.gaokao.cn,data/shanghai/raw/plan_api/static/2023/257.json,1
2023,综合,257,天津职师,107143,02,物理必选,0809,计算机类,3,6000,四年,https://static-data.gaokao.cn/www/2.0/schoolspecialplan/257/2023/31.json?a=www.gaokao.cn,data/shanghai/raw/plan_api/static/2023/257.json,1
2023,综合,258,天津商大,107134,01,不限,0204,经济与贸易类,4,6000,四年,https://static-data.gaokao.cn/www/2.0/schoolspecialplan/258/2023/31.json?a=www.gaokao.cn,data/shanghai/raw/plan_api/static/2023/258.json,1
2023,综合,258,天津商大,107134,01,不限,1202,工商管理类,3,5300,四年,https://static-data.gaokao.cn/www/2.0/schoolspecialplan/258/2023/31.json?a=www.gaokao.cn,data/shanghai/raw/plan_api/static/2023/258.json,1
2023,综合,258,天津商大,107134,01,不限,1204,公共管理类,4,5300,四年,https://static-data.gaokao.cn/www/2.0/schoolspecialplan/258/2023/31.json?a=www.gaokao.cn,data/shanghai/raw/plan_api/static/2023/258.json,1
2023,综合,258,天津商大,107134,01,不限,0203,金融学类,3,5300,四年,https://static-data.gaokao.cn/www/2.0/schoolspecialplan/258/2023/31.json?a=www.gaokao.cn,data/shanghai/raw/plan_api/static/2023/258.json,1
2023,综合,258,天津商大,107134,01,不限,0502,外国语言文学类,3,5300,四年,https://static-data.gaokao.cn/www/2.0/schoolspecialplan/258/2023/31.json?a=www.gaokao.cn,data/shanghai/raw/plan_api/static/2023/258.json,1
2023,综合,258,天津商大,107134,01,不限,0202,财政学类,2,6000,四年,https://static-data.gaokao.cn/www/2.0/schoolspecialplan/258/2023/31.json?a=www.gaokao.cn,data/shanghai/raw/plan_api/static/2023/258.json,1
2023,综合,258,天津商大,107134,01,不限,030101K,法学,2,5300,四年,https://static-data.gaokao.cn/www/2.0/schoolspecialplan/258/2023/31.json?a=www.gaokao.cn,data/shanghai/raw/plan_api/static/2023/258.json,1
2023,综合,258,天津商大,107134,01,不限,050101,汉语言文学,2,5300,四年,https://static-data.gaokao.cn/www/2.0/schoolspecialplan/258/2023/31.json?a=www.gaokao.cn,data/shanghai/raw/plan_api/static/2023/258.json,1
2023,综合,258,天津商大,107134,01,不限,0503,新闻传播学类,2,5300,四年,https://static-data.gaokao.cn/www/2.0/schoolspecialplan/258/2023/31.json?a=www.gaokao.cn,data/shanghai/raw/plan_api/static/2023/258.json,1
2023,综合,258,天津商大,107134,01,不限,030302,社会工作,1,5300,四年,https://static-data.gaokao.cn/www/2.0/schoolspecialplan/258/2023/31.json?a=www.gaokao.cn,data/shanghai/raw/plan_api/static/2023/258.json,1
2023,综合,258,天津商大,107129,06,不限,120202,市场营销,7,28800,四年,https://static-data.gaokao.cn/www/2.0/schoolspecialplan/258/2023/31.json?a=www.gaokao.cn,data/shanghai/raw/plan_api/static/2023/258.json,1
2023,综合,258,天津商大,107133,02,物理必选,0809,计算机类,6,5300,四年,https://static-data.gaokao.cn/www/2.0/schoolspecialplan/258/2023/31.json?a=www.gaokao.cn,data/shanghai/raw/plan_api/static/2023/258.json,1
2023,综合,258,天津商大,107133,02,物理必选,1201,管理科学与工程类,4,5300,四年,https://static-data.gaokao.cn/www/2.0/schoolspecialplan/258/2023/31.json?a=www.gaokao.cn,data/shanghai/raw/plan_api/static/2023/258.json,1
2023,综合,258,天津商大,107131,04,物/化/地(3选1),1208,电子商务类,4,5300,四年,https://static-data.gaokao.cn/www/2.0/schoolspecialplan/258/2023/31.json?a=www.gaokao.cn,data/shanghai/raw/plan_api/static/2023/258.json,1
2023,综合,258,天津商大,107132,03,物/地/生(3选1),0828,建筑类,3,6000,四年,https://static-data.gaokao.cn/www/2.0/schoolspecialplan/258/2023/31.json?a=www.gaokao.cn,data/shanghai/raw/plan_api/static/2023/258.json,1
2023,综合,258,天津商大,107129,06,不限,020301K,金融学,2,28800,四年,https://static-data.gaokao.cn/www/2.0/schoolspecialplan/258/2023/31.json?a=www.gaokao.cn,data/shanghai/raw/plan_api/static/2023/258.json,1
2023,综合,258,天津商大,107129,06,不限,120203K,会计学,2,28800,四年,https://static-data.gaokao.cn/www/2.0/schoolspecialplan/258/2023/31.json?a=www.gaokao.cn,data/shanghai/raw/plan_api/static/2023/258.json,1
2023,综合,258,天津商大,107130,05,物/化/生(3选1),0712,统计学类,1,5300,四年,https://static-data.gaokao.cn/www/2.0/schoolspecialplan/258/2023/31.json?a=www.gaokao.cn,data/shanghai/raw/plan_api/static/2023/258.json,1
2023,综合,262,津医临床,107466,01,不限,0101,哲学类,1,4830,四年,https://static-data.gaokao.cn/www/2.0/schoolspecialplan/262/2023/31.json?a=www.gaokao.cn,data/shanghai/raw/plan_api/static/2023/262.json,1
2023,综合,262,津医临床,107465,02,地理/历史(2选1),060101,历史学,1,5175,四年,https://static-data.gaokao.cn/www/2.0/schoolspecialplan/262/2023/31.json?a=www.gaokao.cn,data/shanghai/raw/plan_api/static/2023/262.json,1
2023,综合,262,津医临床,107464,03,物理必选,080601,电气工程及其自动化,1,5520,四年,https://static-data.gaokao.cn/www/2.0/schoolspecialplan/262/2023/31.json?a=www.gaokao.cn,data/shanghai/raw/plan_api/static/2023/262.json,1
2023,综合,262,津医临床,107464,03,物理必选,080901,计算机科学与技术,1,5520,四年,https://static-data.gaokao.cn/www/2.0/schoolspecialplan/262/2023/31.json?a=www.gaokao.cn,data/shanghai/raw/plan_api/static/2023/262.json,1
2023,综合,263,津理中环,106583,01,不限,0501,中国语言文学类,8,,四年,https://static-data.gaokao.cn/www/2.0/schoolspecialplan/263/2023/31.json?a=www.gaokao.cn,data/shanghai/raw/plan_api/static/2023/263.json,1
2023,综合,263,津理中环,106583,01,不限,050207,日语,7,,四年,https://static-data.gaokao.cn/www/2.0/schoolspecialplan/263/2023/31.json?a=www.gaokao.cn,data/shanghai/raw/plan_api/static/2023/263.json,1
2023,综合,263,津理中环,106581,03,物/化/生(3选1),083001,生物工程,4,,四年,https://static-data.gaokao.cn/www/2.0/schoolspecialplan/263/2023/31.json?a=www.gaokao.cn,data/shanghai/raw/plan_api/static/2023/263.json,1
2023,综合,263,津理中环,106582,02,物理必选,0809,计算机类,3,,四年,https://static-data.gaokao.cn/www/2.0/schoolspecialplan/263/2023/31.json?a=www.gaokao.cn,data/shanghai/raw/plan_api/static/2023/263.json,1
2023,综合,263,津理中环,106582,02,物理必选,120102,信息管理与信息系统,3,,四年,https://static-data.gaokao.cn/www/2.0/schoolspecialplan/263/2023/31.json?a=www.gaokao.cn,data/shanghai/raw/plan_api/static/2023/263.json,1
2023,综合,263,津理中环,106582,02,物理必选,120103,工程管理,3,,四年,https://static-data.gaokao.cn/www/2.0/schoolspecialplan/263/2023/31.json?a=www.gaokao.cn,data/shanghai/raw/plan_api/static/2023/263.json,1
2023,综合,264,京科天津,106568,01,物/化/生(3选1),100501K,中医学,2,5800,-,https://static-data.gaokao.cn/www/2.0/schoolspecialplan/264/2023/31.json?a=www.gaokao.cn,data/shanghai/raw/plan_api/static/2023/264.json,1
2023,综合,264,京科天津,106568,01,物/化/生(3选1),100502K,针灸推拿学,2,5800,五年,https://static-data.gaokao.cn/www/2.0/schoolspecialplan/264/2023/31.json?a=www.gaokao.cn,data/shanghai/raw/plan_api/static/2023/264.json,1
2023,综合,265,津财珠江,106570,01,不限,040107,小学教育,2,4800,四年,https://static-data.gaokao.cn/www/2.0/schoolspecialplan/265/2023/31.json?a=www.gaokao.cn,data/shanghai/raw/plan_api/static/2023/265.json,1
2023,综合,265,津财珠江,106569,02,政/地/史(3选1),050101,汉语言文学,3,4800,四年,https://static-data.gaokao.cn/www/2.0/schoolspecialplan/265/2023/31.json?a=www.gaokao.cn,data/shanghai/raw/plan_api/static/2023/265.json,1
2023,综合,266,西华师范大学,106575,01,不限,020401,国际经济与贸易,4,,-,https://static-data.gaokao.cn/www/2.0/schoolspecialplan/266/2023/31.json?a=www.gaokao.cn,data/shanghai/raw/plan_api/static/2023/266.json,1
2023,综合,268,西南石油大学,106588,01,物理/化学(2选1),081502,石油工程,2,5200,四年,https://static-data.gaokao.cn/www/2.0/schoolspecialplan/268/2023/31.json?a=www.gaokao.cn,data/shanghai/raw/plan_api/static/2023/268.json,1
2023,综合,268,西南石油大学,106588,01,物理/化学(2选1),081504,油气储运工程,2,5200,四年,https://static-data.gaokao.cn/www/2.0/schoolspecialplan/268/2023/31.json?a=www.gaokao.cn,data/shanghai/raw/plan_api/static/2023/268.json,1
2023,综合,268,西南石油大学,106587,02,不限,120203K,会计学,2,4800,四年,https://static-data.gaokao.cn/www/2.0/schoolspecialplan/268/2023/31.json?a=www.gaokao.cn,data/shanghai/raw/plan_api/static/2023/268.json,1
2023,综合,268,西南石油大学,106587,02,不限,020101,经济学,2,4800,四年,https://static-data.gaokao.cn/www/2.0/schoolspecialplan/268/2023/31.json?a=www.gaokao.cn,data/shanghai/raw/plan_api/static/2023/268.json,1
2023,综合,268,西南石油大学,106587,02,不限,020401,国际经济与贸易,2,4800,四年,https://static-data.gaokao.cn/www/2.0/schoolspecialplan/268/2023/31.json?a=www.gaokao.cn,data/shanghai/raw/plan_api/static/2023/268.json,1
2023,综合,268,西南石油大学,106586,03,思想政治必选,030503,思想政治教育,2,4800,四年,https://static-data.gaokao.cn/www/2.0/schoolspecialplan/268/2023/31.json?a=www.gaokao.cn,data/shanghai/raw/plan_api/static/2023/268.json,1
2023,综合,269,山西农业大学,107484,02,化学必选,090102,园艺,2,4500,4,https://static-data.gaokao.cn/www/2.0/schoolspecialplan/269/2023/31.json?a=www.gaokao.cn,data/shanghai/raw/plan_api/static/2023/269.json,1
2023,综合,269,山西农业大学,107484,02,化学必选,090101,农学,1,4500,4,https://static-data.gaokao.cn/www/2.0/schoolspecialplan/269/2023/31.json?a=www.gaokao.cn,data/shanghai/raw/plan_api/static/2023/269.json,1
2023,综合,269,山西农业大学,107485,01,不限,020401,国际经济与贸易,2,5175,4,https://static-data.gaokao.cn/www/2.0/schoolspecialplan/269/2023/31.json?a=www.gaokao.cn,data/shanghai/raw/plan_api/static/2023/269.json,1
2023,综合,269,山西农业大学,107483,03,化学、生物(2科必选),090401,动物医学,2,4500,5,https://static-data.gaokao.cn/www/2.0/schoolspecialplan/269/2023/31.json?a=www.gaokao.cn,data/shanghai/raw/plan_api/static/2023/269.json,1
2023,综合,269,山西农业大学,107483,03,化学、生物(2科必选),0710,生物科学类,2,5175,4,https://static-data.gaokao.cn/www/2.0/schoolspecialplan/269/2023/31.json?a=www.gaokao.cn,data/shanghai/raw/plan_api/static/2023/269.json,1
2023,综合,269,山西农业大学,107485,01,不限,120402,行政管理,1,5175,4,https://static-data.gaokao.cn/www/2.0/schoolspecialplan/269/2023/31.json?a=www.gaokao.cn,data/shanghai/raw/plan_api/static/2023/269.json,1
2023,综合,271,山西医科大学,107482,01,物、化、生(3科必选),100101K,基础医学,2,5600,五年,https://static-data.gaokao.cn/www/2.0/schoolspecialplan/271/2023/31.json?a=www.gaokao.cn,data/shanghai/raw/plan_api/static/2023/271.json,1
2023,综合,271,山西医科大学,107482,01,物、化、生(3科必选),100201K,临床医学,2,5600,五年,https://static-data.gaokao.cn/www/2.0/schoolspecialplan/271/2023/31.json?a=www.gaokao.cn,data/shanghai/raw/plan_api/static/2023/271.json,1
2023,综合,271,山西医科大学,107482,01,物、化、生(3科必选),100301K,口腔医学,2,5600,五年,https://static-data.gaokao.cn/www/2.0/schoolspecialplan/271/2023/31.json?a=www.gaokao.cn,data/shanghai/raw/plan_api/static/2023/271.json,1
2023,综合,271,山西医科大学,107481,02,化学、生物(2科必选),100701,药学,2,5600,四年,https://static-data.gaokao.cn/www/2.0/schoolspecialplan/271/2023/31.json?a=www.gaokao.cn,data/shanghai/raw/plan_api/static/2023/271.json,1
2023,综合,271,山西医科大学,107481,02,化学、生物(2科必选),100703TK,临床药学,2,5600,五年,https://static-data.gaokao.cn/www/2.0/schoolspecialplan/271/2023/31.json?a=www.gaokao.cn,data/shanghai/raw/plan_api/static/2023/271.json,1
2023,综合,274,西南医科大学,106576,01,化学、生物(2科必选),100201K,临床医学,6,5800,五年,https://static-data.gaokao.cn/www/2.0/schoolspecialplan/274/2023/31.json?a=www.gaokao.cn,data/shanghai/raw/plan_api/static/2023/274.json,1
2023,综合,275,山西财经大学,107473,01,不限,020106T,能源经济,2,5100,四年,https://static-data.gaokao.cn/www/2.0/schoolspecialplan/275/2023/31.json?a=www.gaokao.cn,data/shanghai/raw/plan_api/static/2023/275.json,1
2023,综合,275,山西财经大学,107473,01,不限,020201K,财政学,1,5100,四年,https://static-data.gaokao.cn/www/2.0/schoolspecialplan/275/2023/31.json?a=www.gaokao.cn,data/shanghai/raw/plan_api/static/2023/275.json,1
2023,综合,275,山西财经大学,107473,01,不限,120601,物流管理,1,5100,四年,https://static-data.gaokao.cn/www/2.0/schoolspecialplan/275/2023/31.json?a=www.gaokao.cn,data/shanghai/raw/plan_api/static/2023/275.json,1
2023,综合,275,山西财经大学,107473,01,不限,020301K,金融学,1,5100,四年,https://static-data.gaokao.cn/www/2.0/schoolspecialplan/275/2023/31.json?a=www.gaokao.cn,data/shanghai/raw/plan_api/static/2023/275.json,1
2023,综合,275,山西财经大学,107473,01,不限,120202,市场营销,1,5100,四年,https://static-data.gaokao.cn/www/2.0/schoolspecialplan/275/2023/31.json?a=www.gaokao.cn,data/shanghai/raw/plan_api/static/2023/275.json,1
2023,综合,275,山西财经大学,107473,01,不限,120204,财务管理,1,5100,四年,https://static-data.gaokao.cn/www/2.0/schoolspecialplan/275/2023/31.json?a=www.gaokao.cn,data/shanghai/raw/plan_api/static/2023/275.json,1
2023,综合,275,山西财经大学,107473,01,不限,050301,新闻学,1,5000,四年,https://static-data.gaokao.cn/www/2.0/schoolspecialplan/275/2023/31.json?a=www.gaokao.cn,data/shanghai/raw/plan_api/static/2023/275.json,1
2023,综合,275,山西财经大学,107473,01,不限,050262,商务英语,1,5000,四年,https://static-data.gaokao.cn/www/2.0/schoolspecialplan/275/2023/31.json?a=www.gaokao.cn,data/shanghai/raw/plan_api/static/2023/275.json,1
2023,综合,275,山西财经大学,107473,01,不限,120210,文化产业管理,1,5100,四年,https://static-data.gaokao.cn/www/2.0/schoolspecialplan/275/2023/31.json?a=www.gaokao.cn,data/shanghai/raw/plan_api/static/2023/275.json,1
2023,综合,275,山西财经大学,107472,02,物理必选,120801,电子商务,1,5100,四年,https://static-data.gaokao.cn/www/2.0/schoolspecialplan/275/2023/31.json?a=www.gaokao.cn,data/shanghai/raw/plan_api/static/2023/275.json,1
2023,综合,275,山西财经大学,107472,02,物理必选,070102,信息与计算科学,1,5000,四年,https://static-data.gaokao.cn/www/2.0/schoolspecialplan/275/2023/31.json?a=www.gaokao.cn,data/shanghai/raw/plan_api/static/2023/275.json,1
2023,综合,275,山西财经大学,107471,03,物/化/生(3选1),020305T,金融数学,1,5100,四年,https://static-data.gaokao.cn/www/2.0/schoolspecialplan/275/2023/31.json?a=www.gaokao.cn,data/shanghai/raw/plan_api/static/2023/275.json,1
2023,综合,277,中北大学,107489,01,物理必选,082502,环境工程,2,5500,四年,https://static-data.gaokao.cn/www/2.0/schoolspecialplan/277/2023/31.json?a=www.gaokao.cn,data/shanghai/raw/plan_api/static/2023/277.json,1
2023,综合,277,中北大学,107489,01,物理必选,080213T,智能制造工程,1,5500,四年,https://static-data.gaokao.cn/www/2.0/schoolspecialplan/277/2023/31.json?a=www.gaokao.cn,data/shanghai/raw/plan_api/static/2023/277.json,1
2023,综合,277,中北大学,107489,01,物理必选,080216T,新能源汽车工程,1,5500,四年,https://static-data.gaokao.cn/www/2.0/schoolspecialplan/277/2023/31.json?a=www.gaokao.cn,data/shanghai/raw/plan_api/static/2023/277.json,1
2023,综合,277,中北大学,107489,01,物理必选,080301,测控技术与仪器,1,5500,四年,https://static-data.gaokao.cn/www/2.0/schoolspecialplan/277/2023/31.json?a=www.gaokao.cn,data/shanghai/raw/plan_api/static/2023/277.json,1
2023,综合,277,中北大学,107489,01,物理必选,080702,电子科学与技术,1,5500,四年,https://static-data.gaokao.cn/www/2.0/schoolspecialplan/277/2023/31.json?a=www.gaokao.cn,data/shanghai/raw/plan_api/static/2023/277.json,1
2023,综合,277,中北大学,107489,01,物理必选,080710T,集成电路设计与集成系统,1,5500,四年,https://static-data.gaokao.cn/www/2.0/schoolspecialplan/277/2023/31.json?a=www.gaokao.cn,data/shanghai/raw/plan_api/static/2023/277.json,1
2023,综合,277,中北大学,107489,01,物理必选,080717T,人工智能,1,5500,四年,https://static-data.gaokao.cn/www/2.0/schoolspecialplan/277/2023/31.json?a=www.gaokao.cn,data/shanghai/raw/plan_api/static/2023/277.json,1
2023,综合,277,中北大学,107489,01,物理必选,080801,自动化,1,5500,四年,https://static-data.gaokao.cn/www/2.0/schoolspecialplan/277/2023/31.json?a=www.gaokao.cn,data/shanghai/raw/plan_api/static/2023/277.json,1
2023,综合,277,中北大学,107489,01,物理必选,080802T,轨道交通信号与控制,1,5500,四年,https://static-data.gaokao.cn/www/2.0/schoolspecialplan/277/2023/31.json?a=www.gaokao.cn,data/shanghai/raw/plan_api/static/2023/277.json,1
2023,综合,277,中北大学,107489,01,物理必选,080803T,机器人工程,1,5500,四年,https://static-data.gaokao.cn/www/2.0/schoolspecialplan/277/2023/31.json?a=www.gaokao.cn,data/shanghai/raw/plan_api/static/2023/277.json,1
2023,综合,277,中北大学,107489,01,物理必选,080905,物联网工程,1,5500,四年,https://static-data.gaokao.cn/www/2.0/schoolspecialplan/277/2023/31.json?a=www.gaokao.cn,data/shanghai/raw/plan_api/static/2023/277.json,1
2023,综合,277,中北大学,107489,01,物理必选,080910T,数据科学与大数据技术,1,5500,四年,https://static-data.gaokao.cn/www/2.0/schoolspecialplan/277/2023/31.json?a=www.gaokao.cn,data/shanghai/raw/plan_api/static/2023/277.json,1
2023,综合,277,中北大学,107489,01,物理必选,082002,飞行器设计与工程,1,5500,四年,https://static-data.gaokao.cn/www/2.0/schoolspecialplan/277/2023/31.json?a=www.gaokao.cn,data/shanghai/raw/plan_api/static/2023/277.json,1
2023,综合,277,中北大学,107489,01,物理必选,082003,飞行器制造工程,1,5500,四年,https://static-data.gaokao.cn/www/2.0/schoolspecialplan/277/2023/31.json?a=www.gaokao.cn,data/shanghai/raw/plan_api/static/2023/277.json,1
2023,综合,277,中北大学,107488,02,不限,050201,英语,2,5100,四年,https://static-data.gaokao.cn/www/2.0/schoolspecialplan/277/2023/31.json?a=www.gaokao.cn,data/shanghai/raw/plan_api/static/2023/277.json,1
2023,综合,277,中北大学,107488,02,不限,020401,国际经济与贸易,2,5100,四年,https://static-data.gaokao.cn/www/2.0/schoolspecialplan/277/2023/31.json?a=www.gaokao.cn,data/shanghai/raw/plan_api/static/2023/277.json,1
2023,综合,277,中北大学,107488,02,不限,050302,广播电视学,2,5100,四年,https://static-data.gaokao.cn/www/2.0/schoolspecialplan/277/2023/31.json?a=www.gaokao.cn,data/shanghai/raw/plan_api/static/2023/277.json,1
2023,综合,278,太原科技大学,107490,01,物理必选,080202,机械设计制造及其自动化,1,5500,四年,https://static-data.gaokao.cn/www/2.0/schoolspecialplan/278/2023/31.json?a=www.gaokao.cn,data/shanghai/raw/plan_api/static/2023/278.json,1
2023,综合,278,太原科技大学,107490,01,物理必选,080601,电气工程及其自动化,1,5500,四年,https://static-data.gaokao.cn/www/2.0/schoolspecialplan/278/2023/31.json?a=www.gaokao.cn,data/shanghai/raw/plan_api/static/2023/278.json,1
2023,综合,278,太原科技大学,107490,01,物理必选,080701,电子信息工程,1,5500,四年,https://static-data.gaokao.cn/www/2.0/schoolspecialplan/278/2023/31.json?a=www.gaokao.cn,data/shanghai/raw/plan_api/static/2023/278.json,1
2023,综合,278,太原科技大学,107490,01,物理必选,080901,计算机科学与技术,1,5500,四年,https://static-data.gaokao.cn/www/2.0/schoolspecialplan/278/2023/31.json?a=www.gaokao.cn,data/shanghai/raw/plan_api/static/2023/278.json,1
2023,综合,280,忻州师范学院,107478,01,不限,040106,学前教育,1,4950,四年,https://static-data.gaokao.cn/www/2.0/schoolspecialplan/280/2023/31.json?a=www.gaokao.cn,data/shanghai/raw/plan_api/static/2023/280.json,1
2023,综合,280,忻州师范学院,107477,02,思想政治必选,030503,思想政治教育,1,4950,四年,https://static-data.gaokao.cn/www/2.0/schoolspecialplan/280/2023/31.json?a=www.gaokao.cn,data/shanghai/raw/plan_api/static/2023/280.json,1
2023,综合,280,忻州师范学院,107476,03,政/地/史(3选1),050101,汉语言文学,1,4950,四年,https://static-data.gaokao.cn/www/2.0/schoolspecialplan/280/2023/31.json?a=www.gaokao.cn,data/shanghai/raw/plan_api/static/2023/280.json,1
2023,综合,280,忻州师范学院,107475,04,地理/历史(2选1),060101,历史学,1,4950,四年,https://static-data.gaokao.cn/www/2.0/schoolspecialplan/280/2023/31.json?a=www.gaokao.cn,data/shanghai/raw/plan_api/static/2023/280.json,1
2023,综合,280,忻州师范学院,107474,05,地理必选,070501,地理科学,1,4950,四年,https://static-data.gaokao.cn/www/2.0/schoolspecialplan/280/2023/31.json?a=www.gaokao.cn,data/shanghai/raw/plan_api/static/2023/280.json,1
2023,综合,281,华电保定,107480,01,化学、生物(2科必选),100201K,临床医学,5,5480,五年,https://static-data.gaokao.cn/www/2.0/schoolspecialplan/281/2023/31.json?a=www.gaokao.cn,data/shanghai/raw/plan_api/static/2023/281.json,1
2023,综合,281,华电保定,107479,02,不限,050306T,网络与新媒体,6,5040,四年,https://static-data.gaokao.cn/www/2.0/schoolspecialplan/281/2023/31.json?a=www.gaokao.cn,data/shanghai/raw/plan_api/static/2023/281.json,0
2023,综合,283,汕头大学,106675,01,不限,050220,泰语,3,6230,四年,https://static-data.gaokao.cn/www/2.0/schoolspecialplan/283/2023/31.json?a=www.gaokao.cn,data/shanghai/raw/plan_api/static/2023/283.json,1
2023,综合,283,汕头大学,106675,01,不限,050201,英语,2,6230,四年,https://static-data.gaokao.cn/www/2.0/schoolspecialplan/283/2023/31.json?a=www.gaokao.cn,data/shanghai/raw/plan_api/static/2023/283.json,1
2023,综合,283,汕头大学,106675,01,不限,020301K,金融学,2,5510,四年,https://static-data.gaokao.cn/www/2.0/schoolspecialplan/283/2023/31.json?a=www.gaokao.cn,data/shanghai/raw/plan_api/static/2023/283.json,1
2023,综合,283,汕头大学,106675,01,不限,030101K,法学,2,5510,四年,https://static-data.gaokao.cn/www/2.0/schoolspecialplan/283/2023/31.json?a=www.gaokao.cn,data/shanghai/raw/plan_api/static/2023/283.json,1
2023,综合,283,汕头大学,106675,01,不限,050101,汉语言文学,2,5510,四年,https://static-data.gaokao.cn/www/2.0/schoolspecialplan/283/2023/31.json?a=www.gaokao.cn,data/shanghai/raw/plan_api/static/2023/283.json,1
2023,综合,283,汕头大学,106675,01,不限,120201K,工商管理,2,5510,四年,https://static-data.gaokao.cn/www/2.0/schoolspecialplan/283/2023/31.json?a=www.gaokao.cn,data/shanghai/raw/plan_api/static/2023/283.json,1
2023,综合,283,汕头大学,106675,01,不限,120402,行政管理,2,5510,四年,https://static-data.gaokao.cn/www/2.0/schoolspecialplan/283/2023/31.json?a=www.gaokao.cn,data/shanghai/raw/plan_api/static/2023/283.json,1
2023,综合,284,深圳大学,106681,01,不限,050306T,网络与新媒体,2,5510,四年,https://static-data.gaokao.cn/www/2.0/schoolspecialplan/284/2023/31.json?a=www.gaokao.cn,data/shanghai/raw/plan_api/static/2023/284.json,1
2023,综合,284,深圳大学,106681,01,不限,020401,国际经济与贸易,2,5510,四年,https://static-data.gaokao.cn/www/2.0/schoolspecialplan/284/2023/31.json?a=www.gaokao.cn,data/shanghai/raw/plan_api/static/2023/284.json,1
2023,综合,284,深圳大学,106681,01,不限,030101K,法学,1,5510,四年,https://static-data.gaokao.cn/www/2.0/schoolspecialplan/284/2023/31.json?a=www.gaokao.cn,data/shanghai/raw/plan_api/static/2023/284.json,1
2023,综合,284,深圳大学,106680,02,物理必选,080901,计算机科学与技术,2,6853,四年,https://static-data.gaokao.cn/www/2.0/schoolspecialplan/284/2023/31.json?a=www.gaokao.cn,data/shanghai/raw/plan_api/static/2023/284.json,1
2023,综合,284,深圳大学,106680,02,物理必选,080701,电子信息工程,2,6853,四年,https://static-data.gaokao.cn/www/2.0/schoolspecialplan/284/2023/31.json?a=www.gaokao.cn,data/shanghai/raw/plan_api/static/2023/284.json,1
2023,综合,284,深圳大学,106680,02,物理必选,082801,建筑学,1,6230,五年,https://static-data.gaokao.cn/www/2.0/schoolspecialplan/284/2023/31.json?a=www.gaokao.cn,data/shanghai/raw/plan_api/static/2023/284.json,1
2023,综合,287,承德医学,106687,01,物/化/生(3选1),090401,动物医学,1,5480,五年,https://static-data.gaokao.cn/www/2.0/schoolspecialplan/287/2023/31.json?a=www.gaokao.cn,data/shanghai/raw/plan_api/static/2023/287.json,1
2023,综合,287,承德医学,106687,01,物/化/生(3选1),090103,植物保护,2,5480,四年,https://static-data.gaokao.cn/www/2.0/schoolspecialplan/287/2023/31.json?a=www.gaokao.cn,data/shanghai/raw/plan_api/static/2023/287.json,1
2023,综合,288,广东海洋大学,106699,01,物理必选,070601,大气科学,1,6850,四年,https://static-data.gaokao.cn/www/2.0/schoolspecialplan/288/2023/31.json?a=www.gaokao.cn,data/shanghai/raw/plan_api/static/2023/288.json,1
2023,综合,288,广东海洋大学,106698,02,物理必选,080501,能源与动力工程,1,6850,四年,https://static-data.gaokao.cn/www/2.0/schoolspecialplan/288/2023/31.json?a=www.gaokao.cn,data/shanghai/raw/plan_api/static/2023/288.json,1
2023,综合,288,广东海洋大学,106698,02,物理必选,080601,电气工程及其自动化,1,6850,四年,https://static-data.gaokao.cn/www/2.0/schoolspecialplan/288/2023/31.json?a=www.gaokao.cn,data/shanghai/raw/plan_api/static/2023/288.json,1
2023,综合,288,广东海洋大学,106697,03,物理必选,080901,计算机科学与技术,1,6850,四年,https://static-data.gaokao.cn/www/2.0/schoolspecialplan/288/2023/31.json?a=www.gaokao.cn,data/shanghai/raw/plan_api/static/2023/288.json,1
2023,综合,288,广东海洋大学,106696,04,物/化/生(3选1),070701,海洋科学,1,6850,四年,https://static-data.gaokao.cn/www/2.0/schoolspecialplan/288/2023/31.json?a=www.gaokao.cn,data/shanghai/raw/plan_api/static/2023/288.json,1
2023,综合,288,广东海洋大学,106695,05,物/化/生(3选1),082701,食品科学与工程,1,6850,四年,https://static-data.gaokao.cn/www/2.0/schoolspecialplan/288/2023/31.json?a=www.gaokao.cn,data/shanghai/raw/plan_api/static/2023/288.json,1
2023,综合,289,广州中医药大学,106694,01,物/化/生(3选1),100501K,中医学,1,7660,五年,https://static-data.gaokao.cn/www/2.0/schoolspecialplan/289/2023/31.json?a=www.gaokao.cn,data/shanghai/raw/plan_api/static/2023/289.json,1
2023,综合,289,广州中医药大学,106694,01,物/化/生(3选1),100502K,针灸推拿学,1,7660,五年,https://static-data.gaokao.cn/www/2.0/schoolspecialplan/289/2023/31.json?a=www.gaokao.cn,data/shanghai/raw/plan_api/static/2023/289.json,1
2023,综合,289,广州中医药大学,106693,02,化学必选,1007,药学类,1,7660,四年,https://static-data.gaokao.cn/www/2.0/schoolspecialplan/289/2023/31.json?a=www.gaokao.cn,data/shanghai/raw/plan_api/static/2023/289.json,1
2023,综合,289,广州中医药大学,106693,02,化学必选,1008,中药学类,1,7660,四年,https://static-data.gaokao.cn/www/2.0/schoolspecialplan/289/2023/31.json?a=www.gaokao.cn,data/shanghai/raw/plan_api/static/2023/289.json,1
2023,综合,294,广东医科大学,106674,01,物/化/生(3选1),100401K,预防医学,3,7656,五年,https://static-data.gaokao.cn/www/2.0/schoolspecialplan/294/2023/31.json?a=www.gaokao.cn,data/shanghai/raw/plan_api/static/2023/294.json,1
2023,综合,294,广东医科大学,106673,02,化学、生物(2科必选),100201K,临床医学,2,7656,五年,https://static-data.gaokao.cn/www/2.0/schoolspecialplan/294/2023/31.json?a=www.gaokao.cn,data/shanghai/raw/plan_api/static/2023/294.json,1
2023,综合,295,京中东方,106678,01,化学、生物(2科必选),100201K,临床医学,2,7656,五年,https://static-data.gaokao.cn/www/2.0/schoolspecialplan/295/2023/31.json?a=www.gaokao.cn,data/shanghai/raw/plan_api/static/2023/295.json,1
2023,综合,295,京中东方,106678,01,化学、生物(2科必选),100207TK,儿科学,2,7656,五年,https://static-data.gaokao.cn/www/2.0/schoolspecialplan/295/2023/31.json?a=www.gaokao.cn,data/shanghai/raw/plan_api/static/2023/295.json,1
2023,综合,295,京中东方,106678,01,化学、生物(2科必选),100101K,基础医学,1,6230,五年,https://static-data.gaokao.cn/www/2.0/schoolspecialplan/295/2023/31.json?a=www.gaokao.cn,data/shanghai/raw/plan_api/static/2023/295.json,1
2023,综合,295,京中东方,106678,01,化学、生物(2科必选),100301K,口腔医学,1,7656,五年,https://static-data.gaokao.cn/www/2.0/schoolspecialplan/295/2023/31.json?a=www.gaokao.cn,data/shanghai/raw/plan_api/static/2023/295.json,1
2023,综合,296,广东药科大学,106692,01,物/化/生(3选1),1007,药学类,4,,-,https://static-data.gaokao.cn/www/2.0/schoolspecialplan/296/2023/31.json?a=www.gaokao.cn,data/shanghai/raw/plan_api/static/2023/296.json,1
2023,综合,296,广东药科大学,106692,01,物/化/生(3选1),100401K,预防医学,4,,-,https://static-data.gaokao.cn/www/2.0/schoolspecialplan/296/2023/31.json?a=www.gaokao.cn,data/shanghai/raw/plan_api/static/2023/296.json,1
2023,综合,298,河北建工,106672,01,不限,050101,汉语言文学,5,4590,四年,https://static-data.gaokao.cn/www/2.0/schoolspecialplan/298/2023/31.json?a=www.gaokao.cn,data/shanghai/raw/plan_api/static/2023/298.json,1
2023,综合,298,河北建工,106671,02,物/化/生(3选1),090102,园艺,5,4150,四年,https://static-data.gaokao.cn/www/2.0/schoolspecialplan/298/2023/31.json?a=www.gaokao.cn,data/shanghai/raw/plan_api/static/2023/298.json,1
2023,综合,299,中国警察,106677,01,不限,040104,教育技术学,4,5190,四年,https://static-data.gaokao.cn/www/2.0/schoolspecialplan/299/2023/31.json?a=www.gaokao.cn,data/shanghai/raw/plan_api/static/2023/299.json,1
2023,综合,299,中国警察,106677,01,不限,020401,国际经济与贸易,3,4590,四年,https://static-data.gaokao.cn/www/2.0/schoolspecialplan/299/2023/31.json?a=www.gaokao.cn,data/shanghai/raw/plan_api/static/2023/299.json,1
2023,综合,299,中国警察,106676,02,物理必选,070102,信息与计算科学,3,5190,四年,https://static-data.gaokao.cn/www/2.0/schoolspecialplan/299/2023/31.json?a=www.gaokao.cn,data/shanghai/raw/plan_api/static/2023/299.json,1
2023,综合,307,上海理工大学,107765,01,物理必选,080501,能源与动力工程,20,7000,四年,https://static-data.gaokao.cn/www/2.0/schoolspecialplan/307/2023/31.json?a=www.gaokao.cn,data/shanghai/raw/plan_api/static/2023/307.json,1
2023,综合,307,上海理工大学,107765,01,物理必选,080705,光电信息科学与工程,18,7000,四年,https://static-data.gaokao.cn/www/2.0/schoolspecialplan/307/2023/31.json?a=www.gaokao.cn,data/shanghai/raw/plan_api/static/2023/307.json,1
2023,综合,307,上海理工大学,107765,01,物理必选,080202,机械设计制造及其自动化,15,7000,四年,https://static-data.gaokao.cn/www/2.0/schoolspecialplan/307/2023/31.json?a=www.gaokao.cn,data/shanghai/raw/plan_api/static/2023/307.json,1
2023,综合,307,上海理工大学,107765,01,物理必选,080701,电子信息工程,12,7000,四年,https://static-data.gaokao.cn/www/2.0/schoolspecialplan/307/2023/31.json?a=www.gaokao.cn,data/shanghai/raw/plan_api/static/2023/307.json,1
2023,综合,307,上海理工大学,107765,01,物理必选,080901,计算机科学与技术,8,7000,四年,https://static-data.gaokao.cn/www/2.0/schoolspecialplan/307/2023/31.json?a=www.gaokao.cn,data/shanghai/raw/plan_api/static/2023/307.json,1
2023,综合,307,上海理工大学,107765,01,物理必选,080910T,数据科学与大数据技术,7,7000,四年,https://static-data.gaokao.cn/www/2.0/schoolspecialplan/307/2023/31.json?a=www.gaokao.cn,data/shanghai/raw/plan_api/static/2023/307.json,1
2023,综合,307,上海理工大学,107765,01,物理必选,080703,通信工程,5,7000,四年,https://static-data.gaokao.cn/www/2.0/schoolspecialplan/307/2023/31.json?a=www.gaokao.cn,data/shanghai/raw/plan_api/static/2023/307.json,1
2023,综合,307,上海理工大学,107765,01,物理必选,080803T,机器人工程,5,7000,四年,https://static-data.gaokao.cn/www/2.0/schoolspecialplan/307/2023/31.json?a=www.gaokao.cn,data/shanghai/raw/plan_api/static/2023/307.json,1
2023,综合,307,上海理工大学,107763,03,物理必选,2091183,工科试验班,259,7000,四年,https://static-data.gaokao.cn/www/2.0/schoolspecialplan/307/2023/31.json?a=www.gaokao.cn,data/shanghai/raw/plan_api/static/2023/307.json,1
2023,综合,307,上海理工大学,107763,03,物理必选,2091184,工科试验班,100,7000,四年,https://static-data.gaokao.cn/www/2.0/schoolspecialplan/307/2023/31.json?a=www.gaokao.cn,data/shanghai/raw/plan_api/static/2023/307.json,1
2023,综合,307,上海理工大学,107762,04,不限,2091193,经济管理试验班,66,6500,四年,https://static-data.gaokao.cn/www/2.0/schoolspecialplan/307/2023/31.json?a=www.gaokao.cn,data/shanghai/raw/plan_api/static/2023/307.json,1
2023,综合,307,上海理工大学,107762,04,不限,0503,新闻传播学类,57,6500,四年,https://static-data.gaokao.cn/www/2.0/schoolspecialplan/307/2023/31.json?a=www.gaokao.cn,data/shanghai/raw/plan_api/static/2023/307.json,1
2023,综合,307,上海理工大学,107762,04,不限,050201,英语,23,6500,四年,https://static-data.gaokao.cn/www/2.0/schoolspecialplan/307/2023/31.json?a=www.gaokao.cn,data/shanghai/raw/plan_api/static/2023/307.json,1
2023,综合,307,上海理工大学,107762,04,不限,120201K,工商管理,15,25000,四年,https://static-data.gaokao.cn/www/2.0/schoolspecialplan/307/2023/31.json?a=www.gaokao.cn,data/shanghai/raw/plan_api/static/2023/307.json,1
2023,综合,307,上海理工大学,107763,03,物理必选,080601,电气工程及其自动化,23,21000,四年,https://static-data.gaokao.cn/www/2.0/schoolspecialplan/307/2023/31.json?a=www.gaokao.cn,data/shanghai/raw/plan_api/static/2023/307.json,1
2023,综合,307,上海理工大学,107762,04,不限,050203,德语,23,6500,四年,https://static-data.gaokao.cn/www/2.0/schoolspecialplan/307/2023/31.json?a=www.gaokao.cn,data/shanghai/raw/plan_api/static/2023/307.json,1
2023,综合,307,上海理工大学,107763,03,物理必选,2091186,理科试验班,22,7000,四年,https://static-data.gaokao.cn/www/2.0/schoolspecialplan/307/2023/31.json?a=www.gaokao.cn,data/shanghai/raw/plan_api/static/2023/307.json,1
2023,综合,307,上海理工大学,107763,03,物理必选,080202,机械设计制造及其自动化,6,21000,四年,https://static-data.gaokao.cn/www/2.0/schoolspecialplan/307/2023/31.json?a=www.gaokao.cn,data/shanghai/raw/plan_api/static/2023/307.json,1
2023,综合,307,上海理工大学,107764,02,不限,020301K,金融学,20,6500,四年,https://static-data.gaokao.cn/www/2.0/schoolspecialplan/307/2023/31.json?a=www.gaokao.cn,data/shanghai/raw/plan_api/static/2023/307.json,1
2023,综合,307,上海理工大学,107764,02,不限,120203K,会计学,20,6500,四年,https://static-data.gaokao.cn/www/2.0/schoolspecialplan/307/2023/31.json?a=www.gaokao.cn,data/shanghai/raw/plan_api/static/2023/307.json,1
2023,综合,307,上海理工大学,107762,04,不限,050207,日语,20,6500,四年,https://static-data.gaokao.cn/www/2.0/schoolspecialplan/307/2023/31.json?a=www.gaokao.cn,data/shanghai/raw/plan_api/static/2023/307.json,1
2023,综合,307,上海理工大学,107763,03,物理必选,080714T,电子信息科学与技术,19,30000,四年,https://static-data.gaokao.cn/www/2.0/schoolspecialplan/307/2023/31.json?a=www.gaokao.cn,data/shanghai/raw/plan_api/static/2023/307.json,1
2023,综合,307,上海理工大学,107763,03,物理必选,080705,光电信息科学与工程,15,21000,四年,https://static-data.gaokao.cn/www/2.0/schoolspecialplan/307/2023/31.json?a=www.gaokao.cn,data/shanghai/raw/plan_api/static/2023/307.json,1
2023,综合,307,上海理工大学,107762,04,不限,120903,会展经济与管理,15,25000,四年,https://static-data.gaokao.cn/www/2.0/schoolspecialplan/307/2023/31.json?a=www.gaokao.cn,data/shanghai/raw/plan_api/static/2023/307.json,1
2023,综合,307,上海理工大学,107763,03,物理必选,2091185,工科试验班,10,7000,四年,https://static-data.gaokao.cn/www/2.0/schoolspecialplan/307/2023/31.json?a=www.gaokao.cn,data/shanghai/raw/plan_api/static/2023/307.json,1
2023,综合,310,上海中医药大学,107724,01,物/化/生(3选1),100501K,中医学,3,8100,五年,https://static-data.gaokao.cn/www/2.0/schoolspecialplan/310/2023/31.json?a=www.gaokao.cn,data/shanghai/raw/plan_api/static/2023/310.json,1
2023,综合,310,上海中医药大学,107720,05,不限,101101K,护理学,43,7400,四年,https://static-data.gaokao.cn/www/2.0/schoolspecialplan/310/2023/31.json?a=www.gaokao.cn,data/shanghai/raw/plan_api/static/2023/310.json,1
2023,综合,310,上海中医药大学,107722,03,物/化/生(3选1),100801,中药学,37,8100,四年,https://static-data.gaokao.cn/www/2.0/schoolspecialplan/310/2023/31.json?a=www.gaokao.cn,data/shanghai/raw/plan_api/static/2023/310.json,1
2023,综合,310,上海中医药大学,107721,04,物/化/生(3选1),100701,药学,29,19000,四年,https://static-data.gaokao.cn/www/2.0/schoolspecialplan/310/2023/31.json?a=www.gaokao.cn,data/shanghai/raw/plan_api/static/2023/310.json,1
2023,综合,310,上海中医药大学,107722,03,物/化/生(3选1),100401K,预防医学,25,7400,五年,https://static-data.gaokao.cn/www/2.0/schoolspecialplan/310/2023/31.json?a=www.gaokao.cn,data/shanghai/raw/plan_api/static/2023/310.json,1
2023,综合,310,上海中医药大学,107721,04,物/化/生(3选1),101008T,听力与言语康复学,19,7400,四年,https://static-data.gaokao.cn/www/2.0/schoolspecialplan/310/2023/31.json?a=www.gaokao.cn,data/shanghai/raw/plan_api/static/2023/310.json,1
2023,综合,310,上海中医药大学,107722,03,物/化/生(3选1),100501K,中医学,18,8100,五年,https://static-data.gaokao.cn/www/2.0/schoolspecialplan/310/2023/31.json?a=www.gaokao.cn,data/shanghai/raw/plan_api/static/2023/310.json,1
2023,综合,310,上海中医药大学,107722,03,物/化/生(3选1),100502K,针灸推拿学,17,8100,五年,https://static-data.gaokao.cn/www/2.0/schoolspecialplan/310/2023/31.json?a=www.gaokao.cn,data/shanghai/raw/plan_api/static/2023/310.json,1
2023,综合,310,上海中医药大学,107720,05,不限,120401,公共事业管理,17,6500,四年,https://static-data.gaokao.cn/www/2.0/schoolspecialplan/310/2023/31.json?a=www.gaokao.cn,data/shanghai/raw/plan_api/static/2023/310.json,1
2023,综合,310,上海中医药大学,107721,04,物/化/生(3选1),082601,生物医学工程,10,7000,四年,https://static-data.gaokao.cn/www/2.0/schoolspecialplan/310/2023/31.json?a=www.gaokao.cn,data/shanghai/raw/plan_api/static/2023/310.json,1
2023,综合,310,上海中医药大学,107721,04,物/化/生(3选1),101011T,智能医学工程,9,7400,四年,https://static-data.gaokao.cn/www/2.0/schoolspecialplan/310/2023/31.json?a=www.gaokao.cn,data/shanghai/raw/plan_api/static/2023/310.json,1
2023,综合,310,上海中医药大学,107723,02,物/化/生(3选1),100801,中药学,6,8100,四年,https://static-data.gaokao.cn/www/2.0/schoolspecialplan/310/2023/31.json?a=www.gaokao.cn,data/shanghai/raw/plan_api/static/2023/310.json,1
2023,综合,310,上海中医药大学,107721,04,物/化/生(3选1),100402,食品卫生与营养学,3,7400,四年,https://static-data.gaokao.cn/www/2.0/schoolspecialplan/310/2023/31.json?a=www.gaokao.cn,data/shanghai/raw/plan_api/static/2023/310.json,1
2023,综合,311,上海师范大学,107712,01,不限,1209,旅游管理类,33,6500,四年,https://static-data.gaokao.cn/www/2.0/schoolspecialplan/311/2023/31.json?a=www.gaokao.cn,data/shanghai/raw/plan_api/static/2023/311.json,1
2023,综合,311,上海师范大学,107712,01,不限,0503,新闻传播学类,26,6500,四年,https://static-data.gaokao.cn/www/2.0/schoolspecialplan/311/2023/31.json?a=www.gaokao.cn,data/shanghai/raw/plan_api/static/2023/311.json,1
2023,综合,311,上海师范大学,107712,01,不限,120204,财务管理,25,6500,四年,https://static-data.gaokao.cn/www/2.0/schoolspecialplan/311/2023/31.json?a=www.gaokao.cn,data/shanghai/raw/plan_api/static/2023/311.json,1
2023,综合,311,上海师范大学,107712,01,不限,030101K,法学,24,6500,四年,https://static-data.gaokao.cn/www/2.0/schoolspecialplan/311/2023/31.json?a=www.gaokao.cn,data/shanghai/raw/plan_api/static/2023/311.json,1
2023,综合,311,上海师范大学,107712,01,不限,1204,公共管理类,22,6500,四年,https://static-data.gaokao.cn/www/2.0/schoolspecialplan/311/2023/31.json?a=www.gaokao.cn,data/shanghai/raw/plan_api/static/2023/311.json,1
2023,综合,311,上海师范大学,107712,01,不限,120206,人力资源管理,20,6500,四年,https://static-data.gaokao.cn/www/2.0/schoolspecialplan/311/2023/31.json?a=www.gaokao.cn,data/shanghai/raw/plan_api/static/2023/311.json,1
2023,综合,311,上海师范大学,107712,01,不限,050207,日语,20,6500,四年,https://static-data.gaokao.cn/www/2.0/schoolspecialplan/311/2023/31.json?a=www.gaokao.cn,data/shanghai/raw/plan_api/static/2023/311.json,1
2023,综合,311,上海师范大学,107712,01,不限,020101,经济学,15,19500,四年,https://static-data.gaokao.cn/www/2.0/schoolspecialplan/311/2023/31.json?a=www.gaokao.cn,data/shanghai/raw/plan_api/static/2023/311.json,1
2023,综合,311,上海师范大学,107712,01,不限,050201,英语,15,6500,四年,https://static-data.gaokao.cn/www/2.0/schoolspecialplan/311/2023/31.json?a=www.gaokao.cn,data/shanghai/raw/plan_api/static/2023/311.json,1
2023,综合,311,上海师范大学,107712,01,不限,130102T,艺术管理,15,13000,四年,https://static-data.gaokao.cn/www/2.0/schoolspecialplan/311/2023/31.json?a=www.gaokao.cn,data/shanghai/raw/plan_api/static/2023/311.json,1
2023,综合,311,上海师范大学,107712,01,不限,050101,汉语言文学,12,6500,四年,https://static-data.gaokao.cn/www/2.0/schoolspecialplan/311/2023/31.json?a=www.gaokao.cn,data/shanghai/raw/plan_api/static/2023/311.json,1
2023,综合,311,上海师范大学,107712,01,不限,120502,档案学,12,6500,四年,https://static-data.gaokao.cn/www/2.0/schoolspecialplan/311/2023/31.json?a=www.gaokao.cn,data/shanghai/raw/plan_api/static/2023/311.json,1
2023,综合,311,上海师范大学,107712,01,不限,050204,法语,12,6500,四年,https://static-data.gaokao.cn/www/2.0/schoolspecialplan/311/2023/31.json?a=www.gaokao.cn,data/shanghai/raw/plan_api/static/2023/311.json,1
2023,综合,311,上海师范大学,107712,01,不限,050105,古典文献学,10,6500,四年,https://static-data.gaokao.cn/www/2.0/schoolspecialplan/311/2023/31.json?a=www.gaokao.cn,data/shanghai/raw/plan_api/static/2023/311.json,1
2023,综合,311,上海师范大学,107712,01,不限,030302,社会工作,10,6500,四年,https://static-data.gaokao.cn/www/2.0/schoolspecialplan/311/2023/31.json?a=www.gaokao.cn,data/shanghai/raw/plan_api/static/2023/311.json,1
2023,综合,311,上海师范大学,107712,01,不限,010101,哲学,10,6500,四年,https://static-data.gaokao.cn/www/2.0/schoolspecialplan/311/2023/31.json?a=www.gaokao.cn,data/shanghai/raw/plan_api/static/2023/311.json,1
2023,综合,311,上海师范大学,107712,01,不限,050303,广告学,10,19500,四年,https://static-data.gaokao.cn/www/2.0/schoolspecialplan/311/2023/31.json?a=www.gaokao.cn,data/shanghai/raw/plan_api/static/2023/311.json,1
2023,综合,311,上海师范大学,107709,04,物理必选,0807,电子信息类,58,7000,四年,https://static-data.gaokao.cn/www/2.0/schoolspecialplan/311/2023/31.json?a=www.gaokao.cn,data/shanghai/raw/plan_api/static/2023/311.json,1
2023,综合,311,上海师范大学,107710,03,物理/化学(2选1),0703,化学类,30,7000,四年,https://static-data.gaokao.cn/www/2.0/schoolspecialplan/311/2023/31.json?a=www.gaokao.cn,data/shanghai/raw/plan_api/static/2023/311.json,1
2023,综合,311,上海师范大学,107710,03,物理/化学(2选1),0203,金融学类,30,6500,四年,https://static-data.gaokao.cn/www/2.0/schoolspecialplan/311/2023/31.json?a=www.gaokao.cn,data/shanghai/raw/plan_api/static/2023/311.json,1
2023,综合,311,上海师范大学,107709,04,物理必选,0701,数学类,30,7000,四年,https://static-data.gaokao.cn/www/2.0/schoolspecialplan/311/2023/31.json?a=www.gaokao.cn,data/shanghai/raw/plan_api/static/2023/311.json,1
2023,综合,311,上海师范大学,107710,03,物理/化学(2选1),071001,生物科学,25,7000,四年,https://static-data.gaokao.cn/www/2.0/schoolspecialplan/311/2023/31.json?a=www.gaokao.cn,data/shanghai/raw/plan_api/static/2023/311.json,1
2023,综合,311,上海师范大学,107710,03,物理/化学(2选1),0705,地理科学类,22,7000,四年,https://static-data.gaokao.cn/www/2.0/schoolspecialplan/311/2023/31.json?a=www.gaokao.cn,data/shanghai/raw/plan_api/static/2023/311.json,1
2023,综合,311,上海师范大学,107710,03,物理/化学(2选1),071102,应用心理学,20,7000,四年,https://static-data.gaokao.cn/www/2.0/schoolspecialplan/311/2023/31.json?a=www.gaokao.cn,data/shanghai/raw/plan_api/static/2023/311.json,1
2023,综合,311,上海师范大学,107710,03,物理/化学(2选1),090102,园艺,20,7000,四年,https://static-data.gaokao.cn/www/2.0/schoolspecialplan/311/2023/31.json?a=www.gaokao.cn,data/shanghai/raw/plan_api/static/2023/311.json,1
2023,综合,311,上海师范大学,107711,02,地理/历史(2选1),060102,世界史,18,6500,四年,https://static-data.gaokao.cn/www/2.0/schoolspecialplan/311/2023/31.json?a=www.gaokao.cn,data/shanghai/raw/plan_api/static/2023/311.json,1
2023,综合,311,上海师范大学,107710,03,物理/化学(2选1),082709T,食品安全与检测,15,7000,四年,https://static-data.gaokao.cn/www/2.0/schoolspecialplan/311/2023/31.json?a=www.gaokao.cn,data/shanghai/raw/plan_api/static/2023/311.json,1
2023,综合,311,上海师范大学,107710,03,物理/化学(2选1),082502,环境工程,15,7000,四年,https://static-data.gaokao.cn/www/2.0/schoolspecialplan/311/2023/31.json?a=www.gaokao.cn,data/shanghai/raw/plan_api/static/2023/311.json,1
2023,综合,311,上海师范大学,107710,03,物理/化学(2选1),082506T,资源环境科学,15,7000,四年,https://static-data.gaokao.cn/www/2.0/schoolspecialplan/311/2023/31.json?a=www.gaokao.cn,data/shanghai/raw/plan_api/static/2023/311.json,1
2023,综合,311,上海师范大学,107709,04,物理必选,070201,物理学,15,7000,四年,https://static-data.gaokao.cn/www/2.0/schoolspecialplan/311/2023/31.json?a=www.gaokao.cn,data/shanghai/raw/plan_api/static/2023/311.json,1
2023,综合,311,上海师范大学,107709,04,物理必选,081001,土木工程,15,21000,四年,https://static-data.gaokao.cn/www/2.0/schoolspecialplan/311/2023/31.json?a=www.gaokao.cn,data/shanghai/raw/plan_api/static/2023/311.json,1
2023,综合,311,上海师范大学,107709,04,物理必选,120103,工程管理,15,6500,四年,https://static-data.gaokao.cn/www/2.0/schoolspecialplan/311/2023/31.json?a=www.gaokao.cn,data/shanghai/raw/plan_api/static/2023/311.json,1
2023,综合,311,上海师范大学,107710,03,物理/化学(2选1),020310T,金融科技,10,6500,四年,https://static-data.gaokao.cn/www/2.0/schoolspecialplan/311/2023/31.json?a=www.gaokao.cn,data/shanghai/raw/plan_api/static/2023/311.json,1
2023,综合,311,上海师范大学,107710,03,物理/化学(2选1),020306T,信用管理,10,6500,四年,https://static-data.gaokao.cn/www/2.0/schoolspecialplan/311/2023/31.json?a=www.gaokao.cn,data/shanghai/raw/plan_api/static/2023/311.json,1
2023,综合,311,上海师范大学,107709,04,物理必选,070101,数学与应用数学,10,7000,四年,https://static-data.gaokao.cn/www/2.0/schoolspecialplan/311/2023/31.json?a=www.gaokao.cn,data/shanghai/raw/plan_api/static/2023/311.json,1
2023,综合,311,上海师范大学,107709,04,物理必选,080208,汽车服务工程,10,21000,四年,https://static-data.gaokao.cn/www/2.0/schoolspecialplan/311/2023/31.json?a=www.gaokao.cn,data/shanghai/raw/plan_api/static/2023/311.json,1
2023,综合,311,上海师范大学,107709,04,物理必选,080701,电子信息工程,10,21000,四年,https://static-data.gaokao.cn/www/2.0/schoolspecialplan/311/2023/31.json?a=www.gaokao.cn,data/shanghai/raw/plan_api/static/2023/311.json,1
2023,综合,311,上海师范大学,107709,04,物理必选,080202,机械设计制造及其自动化,10,21000,四年,https://static-data.gaokao.cn/www/2.0/schoolspecialplan/311/2023/31.json?a=www.gaokao.cn,data/shanghai/raw/plan_api/static/2023/311.json,1
2023,综合,311,上海师范大学,107709,04,物理必选,080901,计算机科学与技术,10,21000,四年,https://static-data.gaokao.cn/www/2.0/schoolspecialplan/311/2023/31.json?a=www.gaokao.cn,data/shanghai/raw/plan_api/static/2023/311.json,1
2023,综合,313,上海海事大学,107767,03,物理必选,0809,计算机类,144,,4,https://static-data.gaokao.cn/www/2.0/schoolspecialplan/313/2023/31.json?a=www.gaokao.cn,data/shanghai/raw/plan_api/static/2023/313.json,1
2023,综合,313,上海海事大学,107767,03,物理必选,0807,电子信息类,71,,4,https://static-data.gaokao.cn/www/2.0/schoolspecialplan/313/2023/31.json?a=www.gaokao.cn,data/shanghai/raw/plan_api/static/2023/313.json,1
2023,综合,313,上海海事大学,107767,03,物理必选,080202,机械设计制造及其自动化,40,,4,https://static-data.gaokao.cn/www/2.0/schoolspecialplan/313/2023/31.json?a=www.gaokao.cn,data/shanghai/raw/plan_api/static/2023/313.json,1
2023,综合,313,上海海事大学,107767,03,物理必选,120108T,大数据管理与应用,32,,4,https://static-data.gaokao.cn/www/2.0/schoolspecialplan/313/2023/31.json?a=www.gaokao.cn,data/shanghai/raw/plan_api/static/2023/313.json,1
2023,综合,313,上海海事大学,107767,03,物理必选,120101,管理科学,31,,4,https://static-data.gaokao.cn/www/2.0/schoolspecialplan/313/2023/31.json?a=www.gaokao.cn,data/shanghai/raw/plan_api/static/2023/313.json,1
2023,综合,313,上海海事大学,107767,03,物理必选,0701,数学类,30,,4,https://static-data.gaokao.cn/www/2.0/schoolspecialplan/313/2023/31.json?a=www.gaokao.cn,data/shanghai/raw/plan_api/static/2023/313.json,1
2023,综合,313,上海海事大学,107767,03,物理必选,080801,自动化,27,,4,https://static-data.gaokao.cn/www/2.0/schoolspecialplan/313/2023/31.json?a=www.gaokao.cn,data/shanghai/raw/plan_api/static/2023/313.json,1
2023,综合,313,上海海事大学,107767,03,物理必选,080301,测控技术与仪器,26,,4,https://static-data.gaokao.cn/www/2.0/schoolspecialplan/313/2023/31.json?a=www.gaokao.cn,data/shanghai/raw/plan_api/static/2023/313.json,1
2023,综合,313,上海海事大学,107767,03,物理必选,080601,电气工程及其自动化,26,,4,https://static-data.gaokao.cn/www/2.0/schoolspecialplan/313/2023/31.json?a=www.gaokao.cn,data/shanghai/raw/plan_api/static/2023/313.json,1
2023,综合,313,上海海事大学,107767,03,物理必选,080401,材料科学与工程,23,,4,https://static-data.gaokao.cn/www/2.0/schoolspecialplan/313/2023/31.json?a=www.gaokao.cn,data/shanghai/raw/plan_api/static/2023/313.json,1
2023,综合,313,上海海事大学,107767,03,物理必选,082901,安全工程,18,,4,https://static-data.gaokao.cn/www/2.0/schoolspecialplan/313/2023/31.json?a=www.gaokao.cn,data/shanghai/raw/plan_api/static/2023/313.json,1
2023,综合,313,上海海事大学,107767,03,物理必选,080205,工业设计,14,,4,https://static-data.gaokao.cn/www/2.0/schoolspecialplan/313/2023/31.json?a=www.gaokao.cn,data/shanghai/raw/plan_api/static/2023/313.json,1
2023,综合,313,上海海事大学,107767,03,物理必选,082502,环境工程,14,,4,https://static-data.gaokao.cn/www/2.0/schoolspecialplan/313/2023/31.json?a=www.gaokao.cn,data/shanghai/raw/plan_api/static/2023/313.json,1
2023,综合,313,上海海事大学,107767,03,物理必选,081901,船舶与海洋工程,14,,4,https://static-data.gaokao.cn/www/2.0/schoolspecialplan/313/2023/31.json?a=www.gaokao.cn,data/shanghai/raw/plan_api/static/2023/313.json,1
2023,综合,313,上海海事大学,107767,03,物理必选,0806,电气类,12,,4,https://static-data.gaokao.cn/www/2.0/schoolspecialplan/313/2023/31.json?a=www.gaokao.cn,data/shanghai/raw/plan_api/static/2023/313.json,1
2023,综合,313,上海海事大学,107767,03,物理必选,0802,机械类,12,,4,https://static-data.gaokao.cn/www/2.0/schoolspecialplan/313/2023/31.json?a=www.gaokao.cn,data/shanghai/raw/plan_api/static/2023/313.json,1
2023,综合,313,上海海事大学,107767,03,物理必选,080204,机械电子工程,10,,4,https://static-data.gaokao.cn/www/2.0/schoolspecialplan/313/2023/31.json?a=www.gaokao.cn,data/shanghai/raw/plan_api/static/2023/313.json,1
2023,综合,313,上海海事大学,107768,02,不限,0201,经济学类,230,,4,https://static-data.gaokao.cn/www/2.0/schoolspecialplan/313/2023/31.json?a=www.gaokao.cn,data/shanghai/raw/plan_api/static/2023/313.json,1
2023,综合,313,上海海事大学,107768,02,不限,030101K,法学,61,,4,https://static-data.gaokao.cn/www/2.0/schoolspecialplan/313/2023/31.json?a=www.gaokao.cn,data/shanghai/raw/plan_api/static/2023/313.json,1
2023,综合,313,上海海事大学,107768,02,不限,0502,外国语言文学类,58,,4,https://static-data.gaokao.cn/www/2.0/schoolspecialplan/313/2023/31.json?a=www.gaokao.cn,data/shanghai/raw/plan_api/static/2023/313.json,1
2023,综合,313,上海海事大学,107769,01,不限,120407T,交通管理,54,,4,https://static-data.gaokao.cn/www/2.0/schoolspecialplan/313/2023/31.json?a=www.gaokao.cn,data/shanghai/raw/plan_api/static/2023/313.json,1
2023,综合,313,上海海事大学,107766,04,物理/化学(2选1),081801,交通运输,48,,4,https://static-data.gaokao.cn/www/2.0/schoolspecialplan/313/2023/31.json?a=www.gaokao.cn,data/shanghai/raw/plan_api/static/2023/313.json,1
2023,综合,313,上海海事大学,107766,04,物理/化学(2选1),081103,港口航道与海岸工程,43,,4,https://static-data.gaokao.cn/www/2.0/schoolspecialplan/313/2023/31.json?a=www.gaokao.cn,data/shanghai/raw/plan_api/static/2023/313.json,1
2023,综合,313,上海海事大学,107768,02,不限,120602,物流工程,41,,4,https://static-data.gaokao.cn/www/2.0/schoolspecialplan/313/2023/31.json?a=www.gaokao.cn,data/shanghai/raw/plan_api/static/2023/313.json,1
2023,综合,313,上海海事大学,107766,04,物理/化学(2选1),080501,能源与动力工程,41,,4,https://static-data.gaokao.cn/www/2.0/schoolspecialplan/313/2023/31.json?a=www.gaokao.cn,data/shanghai/raw/plan_api/static/2023/313.json,1
2023,综合,313,上海海事大学,107768,02,不限,120701,工业工程,40,,4,https://static-data.gaokao.cn/www/2.0/schoolspecialplan/313/2023/31.json?a=www.gaokao.cn,data/shanghai/raw/plan_api/static/2023/313.json,1
2023,综合,313,上海海事大学,107766,04,物理/化学(2选1),081802,交通工程,30,,4,https://static-data.gaokao.cn/www/2.0/schoolspecialplan/313/2023/31.json?a=www.gaokao.cn,data/shanghai/raw/plan_api/static/2023/313.json,1
2023,综合,313,上海海事大学,107768,02,不限,050207,日语,25,,4,https://static-data.gaokao.cn/www/2.0/schoolspecialplan/313/2023/31.json?a=www.gaokao.cn,data/shanghai/raw/plan_api/static/2023/313.json,1
2023,综合,313,上海海事大学,107769,01,不限,120203K,会计学,15,,4,https://static-data.gaokao.cn/www/2.0/schoolspecialplan/313/2023/31.json?a=www.gaokao.cn,data/shanghai/raw/plan_api/static/2023/313.json,1
2023,综合,313,上海海事大学,107768,02,不限,120407T,交通管理,15,,4,https://static-data.gaokao.cn/www/2.0/schoolspecialplan/313/2023/31.json?a=www.gaokao.cn,data/shanghai/raw/plan_api/static/2023/313.json,1
2023,综合,313,上海海事大学,107769,01,不限,120601,物流管理,15,,4,https://static-data.gaokao.cn/www/2.0/schoolspecialplan/313/2023/31.json?a=www.gaokao.cn,data/shanghai/raw/plan_api/static/2023/313.json,1
2023,综合,313,上海海事大学,107769,01,不限,030101K,法学,15,,4,https://static-data.gaokao.cn/www/2.0/schoolspecialplan/313/2023/31.json?a=www.gaokao.cn,data/shanghai/raw/plan_api/static/2023/313.json,1
2023,综合,313,上海海事大学,107768,02,不限,050204,法语,12,,4,https://static-data.gaokao.cn/www/2.0/schoolspecialplan/313/2023/31.json?a=www.gaokao.cn,data/shanghai/raw/plan_api/static/2023/313.json,1
2023,综合,314,安徽师范大学,107071,01,物理必选,080701,电子信息工程,2,,四年,https://static-data.gaokao.cn/www/2.0/schoolspecialplan/314/2023/31.json?a=www.gaokao.cn,data/shanghai/raw/plan_api/static/2023/314.json,1
2023,综合,314,安徽师范大学,107071,01,物理必选,080901,计算机科学与技术,2,,四年,https://static-data.gaokao.cn/www/2.0/schoolspecialplan/314/2023/31.json?a=www.gaokao.cn,data/shanghai/raw/plan_api/static/2023/314.json,1
2023,综合,314,安徽师范大学,107070,02,不限,020101,经济学,2,,四年,https://static-data.gaokao.cn/www/2.0/schoolspecialplan/314/2023/31.json?a=www.gaokao.cn,data/shanghai/raw/plan_api/static/2023/314.json,1
2023,综合,314,安徽师范大学,107070,02,不限,020302,金融工程,2,,四年,https://static-data.gaokao.cn/www/2.0/schoolspecialplan/314/2023/31.json?a=www.gaokao.cn,data/shanghai/raw/plan_api/static/2023/314.json,1
2023,综合,314,安徽师范大学,107070,02,不限,030101K,法学,2,,四年,https://static-data.gaokao.cn/www/2.0/schoolspecialplan/314/2023/31.json?a=www.gaokao.cn,data/shanghai/raw/plan_api/static/2023/314.json,1
2023,综合,314,安徽师范大学,107070,02,不限,040106,学前教育,2,,四年,https://static-data.gaokao.cn/www/2.0/schoolspecialplan/314/2023/31.json?a=www.gaokao.cn,data/shanghai/raw/plan_api/static/2023/314.json,1
2023,综合,314,安徽师范大学,107070,02,不限,050101,汉语言文学,2,,四年,https://static-data.gaokao.cn/www/2.0/schoolspecialplan/314/2023/31.json?a=www.gaokao.cn,data/shanghai/raw/plan_api/static/2023/314.json,1
2023,综合,314,安徽师范大学,107070,02,不限,050103,汉语国际教育,2,,四年,https://static-data.gaokao.cn/www/2.0/schoolspecialplan/314/2023/31.json?a=www.gaokao.cn,data/shanghai/raw/plan_api/static/2023/314.json,1
2023,综合,314,安徽师范大学,107070,02,不限,050301,新闻学,2,,四年,https://static-data.gaokao.cn/www/2.0/schoolspecialplan/314/2023/31.json?a=www.gaokao.cn,data/shanghai/raw/plan_api/static/2023/314.json,1
2023,综合,314,安徽师范大学,107070,02,不限,120203K,会计学,2,,四年,https://static-data.gaokao.cn/www/2.0/schoolspecialplan/314/2023/31.json?a=www.gaokao.cn,data/shanghai/raw/plan_api/static/2023/314.json,1
2023,综合,314,安徽师范大学,107070,02,不限,120204,财务管理,2,,四年,https://static-data.gaokao.cn/www/2.0/schoolspecialplan/314/2023/31.json?a=www.gaokao.cn,data/shanghai/raw/plan_api/static/2023/314.json,1
2023,综合,314,安徽师范大学,107070,02,不限,120604T,供应链管理,2,,四年,https://static-data.gaokao.cn/www/2.0/schoolspecialplan/314/2023/31.json?a=www.gaokao.cn,data/shanghai/raw/plan_api/static/2023/314.json,1
2023,综合,316,大同大学,107043,01,不限,120201K,工商管理,2,,-,https://static-data.gaokao.cn/www/2.0/schoolspecialplan/316/2023/31.json?a=www.gaokao.cn,data/shanghai/raw/plan_api/static/2023/316.json,1
2023,综合,316,大同大学,107043,01,不限,120601,物流管理,2,,-,https://static-data.gaokao.cn/www/2.0/schoolspecialplan/316/2023/31.json?a=www.gaokao.cn,data/shanghai/raw/plan_api/static/2023/316.json,1
2023,综合,316,大同大学,107042,02,物理必选,080203,材料成型及控制工程,1,,-,https://static-data.gaokao.cn/www/2.0/schoolspecialplan/316/2023/31.json?a=www.gaokao.cn,data/shanghai/raw/plan_api/static/2023/316.json,1
2023,综合,317,上海电力大学,107739,01,物理必选,080601,电气工程及其自动化,118,7000,四年,https://static-data.gaokao.cn/www/2.0/schoolspecialplan/317/2023/31.json?a=www.gaokao.cn,data/shanghai/raw/plan_api/static/2023/317.json,1
2023,综合,317,上海电力大学,107738,02,物理必选,080801,自动化,57,7000,四年,https://static-data.gaokao.cn/www/2.0/schoolspecialplan/317/2023/31.json?a=www.gaokao.cn,data/shanghai/raw/plan_api/static/2023/317.json,1
2023,综合,317,上海电力大学,107735,05,不限,020101,经济学,41,6500,四年,https://static-data.gaokao.cn/www/2.0/schoolspecialplan/317/2023/31.json?a=www.gaokao.cn,data/shanghai/raw/plan_api/static/2023/317.json,1
2023,综合,317,上海电力大学,107736,04,化学必选,080414T,新能源材料与器件,38,7000,四年,https://static-data.gaokao.cn/www/2.0/schoolspecialplan/317/2023/31.json?a=www.gaokao.cn,data/shanghai/raw/plan_api/static/2023/317.json,1
2023,综合,317,上海电力大学,107735,05,不限,050201,英语,38,6500,四年,https://static-data.gaokao.cn/www/2.0/schoolspecialplan/317/2023/31.json?a=www.gaokao.cn,data/shanghai/raw/plan_api/static/2023/317.json,1
2023,综合,317,上海电力大学,107735,05,不限,020401,国际经济与贸易,36,6500,四年,https://static-data.gaokao.cn/www/2.0/schoolspecialplan/317/2023/31.json?a=www.gaokao.cn,data/shanghai/raw/plan_api/static/2023/317.json,1
2023,综合,317,上海电力大学,107738,02,物理必选,080901,计算机科学与技术,33,7000,四年,https://static-data.gaokao.cn/www/2.0/schoolspecialplan/317/2023/31.json?a=www.gaokao.cn,data/shanghai/raw/plan_api/static/2023/317.json,1
2023,综合,317,上海电力大学,107735,05,不限,120201K,工商管理,31,6500,四年,https://static-data.gaokao.cn/www/2.0/schoolspecialplan/317/2023/31.json?a=www.gaokao.cn,data/shanghai/raw/plan_api/static/2023/317.json,1
2023,综合,317,上海电力大学,107738,02,物理必选,080902,软件工程,30,7000,四年,https://static-data.gaokao.cn/www/2.0/schoolspecialplan/317/2023/31.json?a=www.gaokao.cn,data/shanghai/raw/plan_api/static/2023/317.json,1
2023,综合,317,上海电力大学,107738,02,物理必选,080301,测控技术与仪器,29,7000,四年,https://static-data.gaokao.cn/www/2.0/schoolspecialplan/317/2023/31.json?a=www.gaokao.cn,data/shanghai/raw/plan_api/static/2023/317.json,1
2023,综合,317,上海电力大学,107738,02,物理必选,080904K,信息安全,27,7000,四年,https://static-data.gaokao.cn/www/2.0/schoolspecialplan/317/2023/31.json?a=www.gaokao.cn,data/shanghai/raw/plan_api/static/2023/317.json,1
2023,综合,317,上海电力大学,107738,02,物理必选,080202,机械设计制造及其自动化,26,7000,四年,https://static-data.gaokao.cn/www/2.0/schoolspecialplan/317/2023/31.json?a=www.gaokao.cn,data/shanghai/raw/plan_api/static/2023/317.json,1
2023,综合,317,上海电力大学,107738,02,物理必选,070102,信息与计算科学,25,7000,四年,https://static-data.gaokao.cn/www/2.0/schoolspecialplan/317/2023/31.json?a=www.gaokao.cn,data/shanghai/raw/plan_api/static/2023/317.json,1
2023,综合,317,上海电力大学,107738,02,物理必选,080503T,新能源科学与工程,22,7000,四年,https://static-data.gaokao.cn/www/2.0/schoolspecialplan/317/2023/31.json?a=www.gaokao.cn,data/shanghai/raw/plan_api/static/2023/317.json,1
2023,综合,317,上海电力大学,107738,02,物理必选,080601,电气工程及其自动化,21,21000,四年,https://static-data.gaokao.cn/www/2.0/schoolspecialplan/317/2023/31.json?a=www.gaokao.cn,data/shanghai/raw/plan_api/static/2023/317.json,1
2023,综合,317,上海电力大学,107735,05,不限,050207,日语,20,6500,四年,https://static-data.gaokao.cn/www/2.0/schoolspecialplan/317/2023/31.json?a=www.gaokao.cn,data/shanghai/raw/plan_api/static/2023/317.json,1
2023,综合,317,上海电力大学,107738,02,物理必选,070202,应用物理学,20,7000,四年,https://static-data.gaokao.cn/www/2.0/schoolspecialplan/317/2023/31.json?a=www.gaokao.cn,data/shanghai/raw/plan_api/static/2023/317.json,1
2023,综合,317,上海电力大学,107737,03,物理/化学(2选1),081301,化学工程与工艺,20,7000,四年,https://static-data.gaokao.cn/www/2.0/schoolspecialplan/317/2023/31.json?a=www.gaokao.cn,data/shanghai/raw/plan_api/static/2023/317.json,1
2023,综合,317,上海电力大学,107738,02,物理必选,080204,机械电子工程,19,7000,四年,https://static-data.gaokao.cn/www/2.0/schoolspecialplan/317/2023/31.json?a=www.gaokao.cn,data/shanghai/raw/plan_api/static/2023/317.json,1
2023,综合,317,上海电力大学,107738,02,物理必选,080703,通信工程,19,7000,四年,https://static-data.gaokao.cn/www/2.0/schoolspecialplan/317/2023/31.json?a=www.gaokao.cn,data/shanghai/raw/plan_api/static/2023/317.json,1
2023,综合,317,上海电力大学,107738,02,物理必选,080705,光电信息科学与工程,19,7000,四年,https://static-data.gaokao.cn/www/2.0/schoolspecialplan/317/2023/31.json?a=www.gaokao.cn,data/shanghai/raw/plan_api/static/2023/317.json,1
2023,综合,317,上海电力大学,107737,03,物理/化学(2选1),070302,应用化学,19,7000,四年,https://static-data.gaokao.cn/www/2.0/schoolspecialplan/317/2023/31.json?a=www.gaokao.cn,data/shanghai/raw/plan_api/static/2023/317.json,1
2023,综合,317,上海电力大学,107738,02,物理必选,080701,电子信息工程,18,7000,四年,https://static-data.gaokao.cn/www/2.0/schoolspecialplan/317/2023/31.json?a=www.gaokao.cn,data/shanghai/raw/plan_api/static/2023/317.json,1
2023,综合,317,上海电力大学,107738,02,物理必选,120103,工程管理,18,6500,四年,https://static-data.gaokao.cn/www/2.0/schoolspecialplan/317/2023/31.json?a=www.gaokao.cn,data/shanghai/raw/plan_api/static/2023/317.json,1
2023,综合,317,上海电力大学,107738,02,物理必选,080910T,数据科学与大数据技术,17,7000,四年,https://static-data.gaokao.cn/www/2.0/schoolspecialplan/317/2023/31.json?a=www.gaokao.cn,data/shanghai/raw/plan_api/static/2023/317.json,1
2023,综合,317,上海电力大学,107738,02,物理必选,080710T,集成电路设计与集成系统,17,7000,四年,https://static-data.gaokao.cn/www/2.0/schoolspecialplan/317/2023/31.json?a=www.gaokao.cn,data/shanghai/raw/plan_api/static/2023/317.json,1
2023,综合,317,上海电力大学,107738,02,物理必选,080702,电子科学与技术,16,7000,四年,https://static-data.gaokao.cn/www/2.0/schoolspecialplan/317/2023/31.json?a=www.gaokao.cn,data/shanghai/raw/plan_api/static/2023/317.json,1
2023,综合,317,上海电力大学,107736,04,化学必选,080403,材料化学,16,7000,四年,https://static-data.gaokao.cn/www/2.0/schoolspecialplan/317/2023/31.json?a=www.gaokao.cn,data/shanghai/raw/plan_api/static/2023/317.json,1
2023,综合,317,上海电力大学,107735,05,不限,120601,物流管理,16,6500,四年,https://static-data.gaokao.cn/www/2.0/schoolspecialplan/317/2023/31.json?a=www.gaokao.cn,data/shanghai/raw/plan_api/static/2023/317.json,1
2023,综合,317,上海电力大学,107738,02,物理必选,080504T,储能科学与工程,15,7000,四年,https://static-data.gaokao.cn/www/2.0/schoolspecialplan/317/2023/31.json?a=www.gaokao.cn,data/shanghai/raw/plan_api/static/2023/317.json,1
2023,综合,317,上海电力大学,107738,02,物理必选,080907T,智能科学与技术,15,7000,四年,https://static-data.gaokao.cn/www/2.0/schoolspecialplan/317/2023/31.json?a=www.gaokao.cn,data/shanghai/raw/plan_api/static/2023/317.json,1
2023,综合,317,上海电力大学,107738,02,物理必选,120102,信息管理与信息系统,15,6500,四年,https://static-data.gaokao.cn/www/2.0/schoolspecialplan/317/2023/31.json?a=www.gaokao.cn,data/shanghai/raw/plan_api/static/2023/317.json,1
2023,综合,317,上海电力大学,107738,02,物理必选,080607T,能源互联网工程,10,7000,四年,https://static-data.gaokao.cn/www/2.0/schoolspecialplan/317/2023/31.json?a=www.gaokao.cn,data/shanghai/raw/plan_api/static/2023/317.json,1
2023,综合,317,上海电力大学,107738,02,物理必选,080505T,能源服务工程,9,7000,四年,https://static-data.gaokao.cn/www/2.0/schoolspecialplan/317/2023/31.json?a=www.gaokao.cn,data/shanghai/raw/plan_api/static/2023/317.json,1
2023,综合,317,上海电力大学,107737,03,物理/化学(2选1),082502,环境工程,9,7000,四年,https://static-data.gaokao.cn/www/2.0/schoolspecialplan/317/2023/31.json?a=www.gaokao.cn,data/shanghai/raw/plan_api/static/2023/317.json,1
2023,综合,317,上海电力大学,107738,02,物理必选,080501,能源与动力工程,7,7000,四年,https://static-data.gaokao.cn/www/2.0/schoolspecialplan/317/2023/31.json?a=www.gaokao.cn,data/shanghai/raw/plan_api/static/2023/317.json,1
2023,综合,318,上海对外经贸大学,107752,01,不限,020301K,金融学,44,6500,四年,https://static-data.gaokao.cn/www/2.0/schoolspecialplan/318/2023/31.json?a=www.gaokao.cn,data/shanghai/raw/plan_api/static/2023/318.json,1
2023,综合,318,上海对外经贸大学,107752,01,不限,020401,国际经济与贸易,32,6500,四年,https://static-data.gaokao.cn/www/2.0/schoolspecialplan/318/2023/31.json?a=www.gaokao.cn,data/shanghai/raw/plan_api/static/2023/318.json,1
2023,综合,318,上海对外经贸大学,107751,02,不限,020401,国际经济与贸易,112,6500,四年,https://static-data.gaokao.cn/www/2.0/schoolspecialplan/318/2023/31.json?a=www.gaokao.cn,data/shanghai/raw/plan_api/static/2023/318.json,1
2023,综合,318,上海对外经贸大学,107751,02,不限,1202,工商管理类,88,6500,四年,https://static-data.gaokao.cn/www/2.0/schoolspecialplan/318/2023/31.json?a=www.gaokao.cn,data/shanghai/raw/plan_api/static/2023/318.json,1
2023,综合,318,上海对外经贸大学,107751,02,不限,120203K,会计学,87,6500,四年,https://static-data.gaokao.cn/www/2.0/schoolspecialplan/318/2023/31.json?a=www.gaokao.cn,data/shanghai/raw/plan_api/static/2023/318.json,1
2023,综合,318,上海对外经贸大学,107751,02,不限,020301K,金融学,28,19500,四年,https://static-data.gaokao.cn/www/2.0/schoolspecialplan/318/2023/31.json?a=www.gaokao.cn,data/shanghai/raw/plan_api/static/2023/318.json,1
2023,综合,318,上海对外经贸大学,107749,04,物理必选,080717T,人工智能,74,7000,四年,https://static-data.gaokao.cn/www/2.0/schoolspecialplan/318/2023/31.json?a=www.gaokao.cn,data/shanghai/raw/plan_api/static/2023/318.json,1
2023,综合,318,上海对外经贸大学,107751,02,不限,120207,审计学,73,6500,四年,https://static-data.gaokao.cn/www/2.0/schoolspecialplan/318/2023/31.json?a=www.gaokao.cn,data/shanghai/raw/plan_api/static/2023/318.json,1
2023,综合,318,上海对外经贸大学,107749,04,物理必选,071202,应用统计学,73,7000,四年,https://static-data.gaokao.cn/www/2.0/schoolspecialplan/318/2023/31.json?a=www.gaokao.cn,data/shanghai/raw/plan_api/static/2023/318.json,1
2023,综合,318,上海对外经贸大学,107749,04,物理必选,080910T,数据科学与大数据技术,72,7000,四年,https://static-data.gaokao.cn/www/2.0/schoolspecialplan/318/2023/31.json?a=www.gaokao.cn,data/shanghai/raw/plan_api/static/2023/318.json,1
2023,综合,318,上海对外经贸大学,107749,04,物理必选,020302,金融工程,49,6500,四年,https://static-data.gaokao.cn/www/2.0/schoolspecialplan/318/2023/31.json?a=www.gaokao.cn,data/shanghai/raw/plan_api/static/2023/318.json,1
2023,综合,318,上海对外经贸大学,107751,02,不限,020101,经济学,47,6500,四年,https://static-data.gaokao.cn/www/2.0/schoolspecialplan/318/2023/31.json?a=www.gaokao.cn,data/shanghai/raw/plan_api/static/2023/318.json,1
2023,综合,318,上海对外经贸大学,107751,02,不限,120204,财务管理,11,19500,四年,https://static-data.gaokao.cn/www/2.0/schoolspecialplan/318/2023/31.json?a=www.gaokao.cn,data/shanghai/raw/plan_api/static/2023/318.json,1
2023,综合,318,上海对外经贸大学,107750,03,不限,050201,英语,6,19500,四年,https://static-data.gaokao.cn/www/2.0/schoolspecialplan/318/2023/31.json?a=www.gaokao.cn,data/shanghai/raw/plan_api/static/2023/318.json,1
2023,综合,318,上海对外经贸大学,107751,02,不限,020304,投资学,26,6500,四年,https://static-data.gaokao.cn/www/2.0/schoolspecialplan/318/2023/31.json?a=www.gaokao.cn,data/shanghai/raw/plan_api/static/2023/318.json,1
2023,综合,318,上海对外经贸大学,107749,04,物理必选,020102,经济统计学,25,6500,四年,https://static-data.gaokao.cn/www/2.0/schoolspecialplan/318/2023/31.json?a=www.gaokao.cn,data/shanghai/raw/plan_api/static/2023/318.json,1
2023,综合,318,上海对外经贸大学,107751,02,不限,120801,电子商务,18,6500,四年,https://static-data.gaokao.cn/www/2.0/schoolspecialplan/318/2023/31.json?a=www.gaokao.cn,data/shanghai/raw/plan_api/static/2023/318.json,1
2023,综合,318,上海对外经贸大学,107751,02,不限,120208,资产评估,18,6500,四年,https://static-data.gaokao.cn/www/2.0/schoolspecialplan/318/2023/31.json?a=www.gaokao.cn,data/shanghai/raw/plan_api/static/2023/318.json,1
2023,综合,318,上海对外经贸大学,107750,03,不限,050207,日语,16,6500,四年,https://static-data.gaokao.cn/www/2.0/schoolspecialplan/318/2023/31.json?a=www.gaokao.cn,data/shanghai/raw/plan_api/static/2023/318.json,1
2023,综合,318,上海对外经贸大学,107750,03,不限,030105T,国际经贸规则,16,6500,四年,https://static-data.gaokao.cn/www/2.0/schoolspecialplan/318/2023/31.json?a=www.gaokao.cn,data/shanghai/raw/plan_api/static/2023/318.json,1
2023,综合,318,上海对外经贸大学,107750,03,不限,050204,法语,15,6500,四年,https://static-data.gaokao.cn/www/2.0/schoolspecialplan/318/2023/31.json?a=www.gaokao.cn,data/shanghai/raw/plan_api/static/2023/318.json,1
2023,综合,318,上海对外经贸大学,107751,02,不限,120601,物流管理,15,19500,四年,https://static-data.gaokao.cn/www/2.0/schoolspecialplan/318/2023/31.json?a=www.gaokao.cn,data/shanghai/raw/plan_api/static/2023/318.json,1
2023,综合,318,上海对外经贸大学,107749,04,物理必选,120102,信息管理与信息系统,13,6500,四年,https://static-data.gaokao.cn/www/2.0/schoolspecialplan/318/2023/31.json?a=www.gaokao.cn,data/shanghai/raw/plan_api/static/2023/318.json,1
2023,综合,318,上海对外经贸大学,107750,03,不限,050301,新闻学,11,6500,四年,https://static-data.gaokao.cn/www/2.0/schoolspecialplan/318/2023/31.json?a=www.gaokao.cn,data/shanghai/raw/plan_api/static/2023/318.json,1
2023,综合,318,上海对外经贸大学,107751,02,不限,120205,国际商务,11,19500,四年,https://static-data.gaokao.cn/www/2.0/schoolspecialplan/318/2023/31.json?a=www.gaokao.cn,data/shanghai/raw/plan_api/static/2023/318.json,1
2023,综合,318,上海对外经贸大学,107750,03,不限,030101K,法学,11,6500,四年,https://static-data.gaokao.cn/www/2.0/schoolspecialplan/318/2023/31.json?a=www.gaokao.cn,data/shanghai/raw/plan_api/static/2023/318.json,1
2023,综合,318,上海对外经贸大学,107751,02,不限,120903,会展经济与管理,9,19500,四年,https://static-data.gaokao.cn/www/2.0/schoolspecialplan/318/2023/31.json?a=www.gaokao.cn,data/shanghai/raw/plan_api/static/2023/318.json,1
2023,综合,318,上海对外经贸大学,107751,02,不限,020403T,国际经济发展合作,8,6500,四年,https://static-data.gaokao.cn/www/2.0/schoolspecialplan/318/2023/31.json?a=www.gaokao.cn,data/shanghai/raw/plan_api/static/2023/318.json,1
2023,综合,318,上海对外经贸大学,107751,02,不限,020303,保险学,6,6500,四年,https://static-data.gaokao.cn/www/2.0/schoolspecialplan/318/2023/31.json?a=www.gaokao.cn,data/shanghai/raw/plan_api/static/2023/318.json,1
2023,综合,318,上海对外经贸大学,107750,03,不限,050103,汉语国际教育,6,6500,四年,https://static-data.gaokao.cn/www/2.0/schoolspecialplan/318/2023/31.json?a=www.gaokao.cn,data/shanghai/raw/plan_api/static/2023/318.json,1
2023,综合,318,上海对外经贸大学,107751,02,不限,120402,行政管理,6,6500,四年,https://static-data.gaokao.cn/www/2.0/schoolspecialplan/318/2023/31.json?a=www.gaokao.cn,data/shanghai/raw/plan_api/static/2023/318.json,1
2023,综合,318,上海对外经贸大学,107751,02,不限,120901K,旅游管理,4,6500,四年,https://static-data.gaokao.cn/www/2.0/schoolspecialplan/318/2023/31.json?a=www.gaokao.cn,data/shanghai/raw/plan_api/static/2023/318.json,1
2023,综合,318,上海对外经贸大学,107750,03,不限,030202,国际思想政治,2,6500,四年,https://static-data.gaokao.cn/www/2.0/schoolspecialplan/318/2023/31.json?a=www.gaokao.cn,data/shanghai/raw/plan_api/static/2023/318.json,1
2023,综合,322,山西工院,107058,01,不限,120203K,会计学,2,4900,四年,https://static-data.gaokao.cn/www/2.0/schoolspecialplan/322/2023/31.json?a=www.gaokao.cn,data/shanghai/raw/plan_api/static/2023/322.json,1
2023,综合,322,山西工院,107058,01,不限,120204,财务管理,2,4900,四年,https://static-data.gaokao.cn/www/2.0/schoolspecialplan/322/2023/31.json?a=www.gaokao.cn,data/shanghai/raw/plan_api/static/2023/322.json,1
2023,综合,322,山西工院,107058,01,不限,030101K,法学,1,4900,四年,https://static-data.gaokao.cn/www/2.0/schoolspecialplan/322/2023/31.json?a=www.gaokao.cn,data/shanghai/raw/plan_api/static/2023/322.json,1
2023,综合,322,山西工院,107058,01,不限,120206,人力资源管理,1,4900,四年,https://static-data.gaokao.cn/www/2.0/schoolspecialplan/322/2023/31.json?a=www.gaokao.cn,data/shanghai/raw/plan_api/static/2023/322.json,1
2023,综合,322,山西工院,107058,01,不限,120403,劳动与社会保障,1,4900,四年,https://static-data.gaokao.cn/www/2.0/schoolspecialplan/322/2023/31.json?a=www.gaokao.cn,data/shanghai/raw/plan_api/static/2023/322.json,1
2023,综合,322,山西工院,107058,01,不限,120404,土地资源管理,1,4900,四年,https://static-data.gaokao.cn/www/2.0/schoolspecialplan/322/2023/31.json?a=www.gaokao.cn,data/shanghai/raw/plan_api/static/2023/322.json,1
2023,综合,322,山西工院,107058,01,不限,120405,城市管理,1,4900,四年,https://static-data.gaokao.cn/www/2.0/schoolspecialplan/322/2023/31.json?a=www.gaokao.cn,data/shanghai/raw/plan_api/static/2023/322.json,1
2023,综合,322,山西工院,107054,05,物理/地理(2选1),070504,地理信息科学,3,5200,四年,https://static-data.gaokao.cn/www/2.0/schoolspecialplan/322/2023/31.json?a=www.gaokao.cn,data/shanghai/raw/plan_api/static/2023/322.json,1
2023,综合,322,山西工院,107057,02,物理必选,082803,风景园林,2,5200,四年,https://static-data.gaokao.cn/www/2.0/schoolspecialplan/322/2023/31.json?a=www.gaokao.cn,data/shanghai/raw/plan_api/static/2023/322.json,1
2023,综合,322,山西工院,107056,03,物理/化学(2选1),070302,应用化学,2,5200,四年,https://static-data.gaokao.cn/www/2.0/schoolspecialplan/322/2023/31.json?a=www.gaokao.cn,data/shanghai/raw/plan_api/static/2023/322.json,1
2023,综合,322,山西工院,107056,03,物理/化学(2选1),080501,能源与动力工程,2,5200,四年,https://static-data.gaokao.cn/www/2.0/schoolspecialplan/322/2023/31.json?a=www.gaokao.cn,data/shanghai/raw/plan_api/static/2023/322.json,1
2023,综合,322,山西工院,107055,04,物/化/生(3选1),082502,环境工程,2,5200,四年,https://static-data.gaokao.cn/www/2.0/schoolspecialplan/322/2023/31.json?a=www.gaokao.cn,data/shanghai/raw/plan_api/static/2023/322.json,1
2023,综合,322,山西工院,107055,04,物/化/生(3选1),082504,环境生态工程,2,5200,四年,https://static-data.gaokao.cn/www/2.0/schoolspecialplan/322/2023/31.json?a=www.gaokao.cn,data/shanghai/raw/plan_api/static/2023/322.json,1
2023,综合,322,山西工院,107054,05,物理/地理(2选1),082802,城乡规划,2,5720,五年,https://static-data.gaokao.cn/www/2.0/schoolspecialplan/322/2023/31.json?a=www.gaokao.cn,data/shanghai/raw/plan_api/static/2023/322.json,1
2023,综合,322,山西工院,107053,06,化学必选,080407,高分子材料与工程,2,5720,四年,https://static-data.gaokao.cn/www/2.0/schoolspecialplan/322/2023/31.json?a=www.gaokao.cn,data/shanghai/raw/plan_api/static/2023/322.json,1
2023,综合,323,华东政法大学,107757,01,不限,030101K,法学,8,6500,四年,https://static-data.gaokao.cn/www/2.0/schoolspecialplan/323/2023/31.json?a=www.gaokao.cn,data/shanghai/raw/plan_api/static/2023/323.json,1
2023,综合,323,华东政法大学,107755,03,不限,0201,经济学类,108,6500,四年,https://static-data.gaokao.cn/www/2.0/schoolspecialplan/323/2023/31.json?a=www.gaokao.cn,data/shanghai/raw/plan_api/static/2023/323.json,1
2023,综合,323,华东政法大学,107756,02,不限,030101K,法学,4,6500,四年,https://static-data.gaokao.cn/www/2.0/schoolspecialplan/323/2023/31.json?a=www.gaokao.cn,data/shanghai/raw/plan_api/static/2023/323.json,1
2023,综合,323,华东政法大学,107755,03,不限,0303,社会学类,58,6500,四年,https://static-data.gaokao.cn/www/2.0/schoolspecialplan/323/2023/31.json?a=www.gaokao.cn,data/shanghai/raw/plan_api/static/2023/323.json,1
2023,综合,323,华东政法大学,107755,03,不限,050201,英语,48,6500,四年,https://static-data.gaokao.cn/www/2.0/schoolspecialplan/323/2023/31.json?a=www.gaokao.cn,data/shanghai/raw/plan_api/static/2023/323.json,1
2023,综合,323,华东政法大学,107756,02,不限,030102T,知识产权,46,6500,四年,https://static-data.gaokao.cn/www/2.0/schoolspecialplan/323/2023/31.json?a=www.gaokao.cn,data/shanghai/raw/plan_api/static/2023/323.json,1
2023,综合,323,华东政法大学,107755,03,不限,1204,公共管理类,38,6500,四年,https://static-data.gaokao.cn/www/2.0/schoolspecialplan/323/2023/31.json?a=www.gaokao.cn,data/shanghai/raw/plan_api/static/2023/323.json,1
2023,综合,323,华东政法大学,107755,03,不限,050261,翻译,21,6500,四年,https://static-data.gaokao.cn/www/2.0/schoolspecialplan/323/2023/31.json?a=www.gaokao.cn,data/shanghai/raw/plan_api/static/2023/323.json,1
2023,综合,323,华东政法大学,107753,05,不限,050203,德语,20,6500,四年,https://static-data.gaokao.cn/www/2.0/schoolspecialplan/323/2023/31.json?a=www.gaokao.cn,data/shanghai/raw/plan_api/static/2023/323.json,0
2023,综合,323,华东政法大学,107753,05,不限,050207,日语,20,6500,四年,https://static-data.gaokao.cn/www/2.0/schoolspecialplan/323/2023/31.json?a=www.gaokao.cn,data/shanghai/raw/plan_api/static/2023/323.json,0
2023,综合,323,华东政法大学,107755,03,不限,050306T,网络与新媒体,20,6500,四年,https://static-data.gaokao.cn/www/2.0/schoolspecialplan/323/2023/31.json?a=www.gaokao.cn,data/shanghai/raw/plan_api/static/2023/323.json,1
2023,综合,323,华东政法大学,107754,04,物理必选,080901,计算机科学与技术,15,7000,四年,https://static-data.gaokao.cn/www/2.0/schoolspecialplan/323/2023/31.json?a=www.gaokao.cn,data/shanghai/raw/plan_api/static/2023/323.json,1
2023,综合,323,华东政法大学,107755,03,不限,050301,新闻学,6,6500,四年,https://static-data.gaokao.cn/www/2.0/schoolspecialplan/323/2023/31.json?a=www.gaokao.cn,data/shanghai/raw/plan_api/static/2023/323.json,1
2023,综合,323,华东政法大学,107755,03,不限,050101,汉语言文学,11,6500,四年,https://static-data.gaokao.cn/www/2.0/schoolspecialplan/323/2023/31.json?a=www.gaokao.cn,data/shanghai/raw/plan_api/static/2023/323.json,1
2023,综合,323,华东政法大学,107755,03,不限,120210,文化产业管理,8,6500,四年,https://static-data.gaokao.cn/www/2.0/schoolspecialplan/323/2023/31.json?a=www.gaokao.cn,data/shanghai/raw/plan_api/static/2023/323.json,1
2023,综合,323,华东政法大学,107755,03,不限,120401,公共事业管理,6,6500,四年,https://static-data.gaokao.cn/www/2.0/schoolspecialplan/323/2023/31.json?a=www.gaokao.cn,data/shanghai/raw/plan_api/static/2023/323.json,1
2023,综合,323,华东政法大学,107755,03,不限,030201,思想政治学与行政学,4,6500,四年,https://static-data.gaokao.cn/www/2.0/schoolspecialplan/323/2023/31.json?a=www.gaokao.cn,data/shanghai/raw/plan_api/static/2023/323.json,1
2023,综合,324,运城职大,107703,01,不限,050301,新闻学,10,6500,四年,https://static-data.gaokao.cn/www/2.0/schoolspecialplan/324/2023/31.json?a=www.gaokao.cn,data/shanghai/raw/plan_api/static/2023/324.json,0
2023,综合,324,运城职大,107699,05,物/化/生(3选1),1010,医学技术类,65,7000,四年,https://static-data.gaokao.cn/www/2.0/schoolspecialplan/324/2023/31.json?a=www.gaokao.cn,data/shanghai/raw/plan_api/static/2023/324.json,0
2023,综合,324,运城职大,107700,04,不限,1202,工商管理类,40,6500,四年,https://static-data.gaokao.cn/www/2.0/schoolspecialplan/324/2023/31.json?a=www.gaokao.cn,data/shanghai/raw/plan_api/static/2023/324.json,0
2023,综合,324,运城职大,107702,02,不限,050201,英语,10,6500,四年,https://static-data.gaokao.cn/www/2.0/schoolspecialplan/324/2023/31.json?a=www.gaokao.cn,data/shanghai/raw/plan_api/static/2023/324.json,1
2023,综合,324,运城职大,107701,03,不限,050103,汉语国际教育,10,6500,四年,https://static-data.gaokao.cn/www/2.0/schoolspecialplan/324/2023/31.json?a=www.gaokao.cn,data/shanghai/raw/plan_api/static/2023/324.json,0
2023,综合,324,运城职大,107698,06,物理必选,080910T,数据科学与大数据技术,10,7000,四年,https://static-data.gaokao.cn/www/2.0/schoolspecialplan/324/2023/31.json?a=www.gaokao.cn,data/shanghai/raw/plan_api/static/2023/324.json,0
2023,综合,326,上海音乐学院,107734,01,不限,130102T,艺术管理,42,13000,四年,https://static-data.gaokao.cn/www/2.0/schoolspecialplan/326/2023/31.json?a=www.gaokao.cn,data/shanghai/raw/plan_api/static/2023/326.json,1
2023,综合,326,上海音乐学院,107733,02,不限,130509T,艺术与科技,35,13000,四年,https://static-data.gaokao.cn/www/2.0/schoolspecialplan/326/2023/31.json?a=www.gaokao.cn,data/shanghai/raw/plan_api/static/2023/326.json,1
2023,综合,327,上海戏剧学院,107740,01,不限,130302,戏剧学,7,13000,四年,https://static-data.gaokao.cn/www/2.0/schoolspecialplan/327/2023/31.json?a=www.gaokao.cn,data/shanghai/raw/plan_api/static/2023/327.json,1
2023,综合,327,上海戏剧学院,107740,01,不限,130313T,戏剧教育,6,13000,四年,https://static-data.gaokao.cn/www/2.0/schoolspecialplan/327/2023/31.json?a=www.gaokao.cn,data/shanghai/raw/plan_api/static/2023/327.json,1
2023,综合,327,上海戏剧学院,107740,01,不限,130305,广播电视编导,6,13000,四年,https://static-data.gaokao.cn/www/2.0/schoolspecialplan/327/2023/31.json?a=www.gaokao.cn,data/shanghai/raw/plan_api/static/2023/327.json,1
2023,综合,327,上海戏剧学院,107740,01,不限,130311T,影视摄影与制作,6,13000,四年,https://static-data.gaokao.cn/www/2.0/schoolspecialplan/327/2023/31.json?a=www.gaokao.cn,data/shanghai/raw/plan_api/static/2023/327.json,1
2023,综合,327,上海戏剧学院,107740,01,不限,130304,戏剧影视文学,4,13000,四年,https://static-data.gaokao.cn/www/2.0/schoolspecialplan/327/2023/31.json?a=www.gaokao.cn,data/shanghai/raw/plan_api/static/2023/327.json,1
2023,综合,327,上海戏剧学院,107740,01,不限,130102T,艺术管理,3,13000,四年,https://static-data.gaokao.cn/www/2.0/schoolspecialplan/327/2023/31.json?a=www.gaokao.cn,data/shanghai/raw/plan_api/static/2023/327.json,1
2023,综合,328,淮北师范大学,107069,01,不限,050262,商务英语,2,,-,https://static-data.gaokao.cn/www/2.0/schoolspecialplan/328/2023/31.json?a=www.gaokao.cn,data/shanghai/raw/plan_api/static/2023/328.json,1
2023,综合,328,淮北师范大学,107069,01,不限,020101,经济学,1,,-,https://static-data.gaokao.cn/www/2.0/schoolspecialplan/328/2023/31.json?a=www.gaokao.cn,data/shanghai/raw/plan_api/static/2023/328.json,1
2023,综合,328,淮北师范大学,107069,01,不限,020401,国际经济与贸易,1,,-,https://static-data.gaokao.cn/www/2.0/schoolspecialplan/328/2023/31.json?a=www.gaokao.cn,data/shanghai/raw/plan_api/static/2023/328.json,1
2023,综合,328,淮北师范大学,107069,01,不限,030101K,法学,1,,-,https://static-data.gaokao.cn/www/2.0/schoolspecialplan/328/2023/31.json?a=www.gaokao.cn,data/shanghai/raw/plan_api/static/2023/328.json,1
2023,综合,328,淮北师范大学,107069,01,不限,030301,社会学,1,,-,https://static-data.gaokao.cn/www/2.0/schoolspecialplan/328/2023/31.json?a=www.gaokao.cn,data/shanghai/raw/plan_api/static/2023/328.json,1
2023,综合,328,淮北师范大学,107069,01,不限,040108,特殊教育,1,,-,https://static-data.gaokao.cn/www/2.0/schoolspecialplan/328/2023/31.json?a=www.gaokao.cn,data/shanghai/raw/plan_api/static/2023/328.json,1
2023,综合,328,淮北师范大学,107069,01,不限,050301,新闻学,1,,-,https://static-data.gaokao.cn/www/2.0/schoolspecialplan/328/2023/31.json?a=www.gaokao.cn,data/shanghai/raw/plan_api/static/2023/328.json,1
2023,综合,328,淮北师范大学,107069,01,不限,120203K,会计学,1,,-,https://static-data.gaokao.cn/www/2.0/schoolspecialplan/328/2023/31.json?a=www.gaokao.cn,data/shanghai/raw/plan_api/static/2023/328.json,1
2023,综合,328,淮北师范大学,107069,01,不限,120601,物流管理,1,,-,https://static-data.gaokao.cn/www/2.0/schoolspecialplan/328/2023/31.json?a=www.gaokao.cn,data/shanghai/raw/plan_api/static/2023/328.json,1
2023,综合,328,淮北师范大学,107069,01,不限,120801,电子商务,1,,-,https://static-data.gaokao.cn/www/2.0/schoolspecialplan/328/2023/31.json?a=www.gaokao.cn,data/shanghai/raw/plan_api/static/2023/328.json,1
2023,综合,328,淮北师范大学,107068,02,政/地/史(3选1),050101,汉语言文学,2,,-,https://static-data.gaokao.cn/www/2.0/schoolspecialplan/328/2023/31.json?a=www.gaokao.cn,data/shanghai/raw/plan_api/static/2023/328.json,1
2023,综合,328,淮北师范大学,107067,03,物理/化学(2选1),070302,应用化学,1,,-,https://static-data.gaokao.cn/www/2.0/schoolspecialplan/328/2023/31.json?a=www.gaokao.cn,data/shanghai/raw/plan_api/static/2023/328.json,1
2023,综合,328,淮北师范大学,107066,04,物/化/生(3选1),071001,生物科学,1,,-,https://static-data.gaokao.cn/www/2.0/schoolspecialplan/328/2023/31.json?a=www.gaokao.cn,data/shanghai/raw/plan_api/static/2023/328.json,1
2023,综合,328,淮北师范大学,107066,04,物/化/生(3选1),071102,应用心理学,1,,-,https://static-data.gaokao.cn/www/2.0/schoolspecialplan/328/2023/31.json?a=www.gaokao.cn,data/shanghai/raw/plan_api/static/2023/328.json,1
2023,综合,328,淮北师范大学,107066,04,物/化/生(3选1),071201,统计学,1,,-,https://static-data.gaokao.cn/www/2.0/schoolspecialplan/328/2023/31.json?a=www.gaokao.cn,data/shanghai/raw/plan_api/static/2023/328.json,1
2023,综合,328,淮北师范大学,107066,04,物/化/生(3选1),082503,环境科学,1,,-,https://static-data.gaokao.cn/www/2.0/schoolspecialplan/328/2023/31.json?a=www.gaokao.cn,data/shanghai/raw/plan_api/static/2023/328.json,1
2023,综合,328,淮北师范大学,107066,04,物/化/生(3选1),082504,环境生态工程,1,,-,https://static-data.gaokao.cn/www/2.0/schoolspecialplan/328/2023/31.json?a=www.gaokao.cn,data/shanghai/raw/plan_api/static/2023/328.json,1
2023,综合,328,淮北师范大学,107066,04,物/化/生(3选1),083001,生物工程,1,,-,https://static-data.gaokao.cn/www/2.0/schoolspecialplan/328/2023/31.json?a=www.gaokao.cn,data/shanghai/raw/plan_api/static/2023/328.json,1
2023,综合,329,上海杉达学院,107761,01,不限,101101K,护理学,72,35000,四年,https://static-data.gaokao.cn/www/2.0/schoolspecialplan/329/2023/31.json?a=www.gaokao.cn,data/shanghai/raw/plan_api/static/2023/329.json,1
2023,综合,329,上海杉达学院,107761,01,不限,050201,英语,48,35000,四年,https://static-data.gaokao.cn/www/2.0/schoolspecialplan/329/2023/31.json?a=www.gaokao.cn,data/shanghai/raw/plan_api/static/2023/329.json,1
2023,综合,329,上海杉达学院,107761,01,不限,020401,国际经济与贸易,41,35000,四年,https://static-data.gaokao.cn/www/2.0/schoolspecialplan/329/2023/31.json?a=www.gaokao.cn,data/shanghai/raw/plan_api/static/2023/329.json,1
2023,综合,329,上海杉达学院,107761,01,不限,120403,劳动与社会保障,30,35000,四年,https://static-data.gaokao.cn/www/2.0/schoolspecialplan/329/2023/31.json?a=www.gaokao.cn,data/shanghai/raw/plan_api/static/2023/329.json,1
2023,综合,329,上海杉达学院,107761,01,不限,120206,人力资源管理,26,35000,四年,https://static-data.gaokao.cn/www/2.0/schoolspecialplan/329/2023/31.json?a=www.gaokao.cn,data/shanghai/raw/plan_api/static/2023/329.json,1
2023,综合,329,上海杉达学院,107761,01,不限,120901K,旅游管理,25,35000,四年,https://static-data.gaokao.cn/www/2.0/schoolspecialplan/329/2023/31.json?a=www.gaokao.cn,data/shanghai/raw/plan_api/static/2023/329.json,1
2023,综合,329,上海杉达学院,107761,01,不限,020301K,金融学,23,35000,四年,https://static-data.gaokao.cn/www/2.0/schoolspecialplan/329/2023/31.json?a=www.gaokao.cn,data/shanghai/raw/plan_api/static/2023/329.json,1
2023,综合,329,上海杉达学院,107761,01,不限,050103,汉语国际教育,21,35000,四年,https://static-data.gaokao.cn/www/2.0/schoolspecialplan/329/2023/31.json?a=www.gaokao.cn,data/shanghai/raw/plan_api/static/2023/329.json,1
2023,综合,329,上海杉达学院,107761,01,不限,050207,日语,20,35000,四年,https://static-data.gaokao.cn/www/2.0/schoolspecialplan/329/2023/31.json?a=www.gaokao.cn,data/shanghai/raw/plan_api/static/2023/329.json,1
2023,综合,329,上海杉达学院,107761,01,不限,050205,西班牙语,20,35000,四年,https://static-data.gaokao.cn/www/2.0/schoolspecialplan/329/2023/31.json?a=www.gaokao.cn,data/shanghai/raw/plan_api/static/2023/329.json,1
2023,综合,329,上海杉达学院,107761,01,不限,120203K,会计学,19,35000,四年,https://static-data.gaokao.cn/www/2.0/schoolspecialplan/329/2023/31.json?a=www.gaokao.cn,data/shanghai/raw/plan_api/static/2023/329.json,1
2023,综合,329,上海杉达学院,107761,01,不限,030101K,法学,19,35000,四年,https://static-data.gaokao.cn/www/2.0/schoolspecialplan/329/2023/31.json?a=www.gaokao.cn,data/shanghai/raw/plan_api/static/2023/329.json,1
2023,综合,329,上海杉达学院,107761,01,不限,120202,市场营销,16,35000,四年,https://static-data.gaokao.cn/www/2.0/schoolspecialplan/329/2023/31.json?a=www.gaokao.cn,data/shanghai/raw/plan_api/static/2023/329.json,1
2023,综合,329,上海杉达学院,107761,01,不限,120902,酒店管理,16,35000,四年,https://static-data.gaokao.cn/www/2.0/schoolspecialplan/329/2023/31.json?a=www.gaokao.cn,data/shanghai/raw/plan_api/static/2023/329.json,1
2023,综合,329,上海杉达学院,107761,01,不限,050261,翻译,14,35000,四年,https://static-data.gaokao.cn/www/2.0/schoolspecialplan/329/2023/31.json?a=www.gaokao.cn,data/shanghai/raw/plan_api/static/2023/329.json,1
2023,综合,329,上海杉达学院,107761,01,不限,050301,新闻学,10,35000,四年,https://static-data.gaokao.cn/www/2.0/schoolspecialplan/329/2023/31.json?a=www.gaokao.cn,data/shanghai/raw/plan_api/static/2023/329.json,1
2023,综合,329,上海杉达学院,107761,01,不限,050306T,网络与新媒体,10,35000,四年,https://static-data.gaokao.cn/www/2.0/schoolspecialplan/329/2023/31.json?a=www.gaokao.cn,data/shanghai/raw/plan_api/static/2023/329.json,1
2023,综合,329,上海杉达学院,107761,01,不限,050308T,时尚传播,7,35000,四年,https://static-data.gaokao.cn/www/2.0/schoolspecialplan/329/2023/31.json?a=www.gaokao.cn,data/shanghai/raw/plan_api/static/2023/329.json,1
2023,综合,329,上海杉达学院,107761,01,不限,120204,财务管理,6,35000,四年,https://static-data.gaokao.cn/www/2.0/schoolspecialplan/329/2023/31.json?a=www.gaokao.cn,data/shanghai/raw/plan_api/static/2023/329.json,1
2023,综合,329,上海杉达学院,107761,01,不限,120801,电子商务,2,35000,四年,https://static-data.gaokao.cn/www/2.0/schoolspecialplan/329/2023/31.json?a=www.gaokao.cn,data/shanghai/raw/plan_api/static/2023/329.json,1
2023,综合,329,上海杉达学院,107761,01,不限,050209,朝鲜语,2,35000,四年,https://static-data.gaokao.cn/www/2.0/schoolspecialplan/329/2023/31.json?a=www.gaokao.cn,data/shanghai/raw/plan_api/static/2023/329.json,1
2023,综合,329,上海杉达学院,107760,02,物理必选,080901,计算机科学与技术,45,35000,四年,https://static-data.gaokao.cn/www/2.0/schoolspecialplan/329/2023/31.json?a=www.gaokao.cn,data/shanghai/raw/plan_api/static/2023/329.json,1
2023,综合,329,上海杉达学院,107760,02,物理必选,080910T,数据科学与大数据技术,36,35000,四年,https://static-data.gaokao.cn/www/2.0/schoolspecialplan/329/2023/31.json?a=www.gaokao.cn,data/shanghai/raw/plan_api/static/2023/329.json,1
2023,综合,329,上海杉达学院,107758,04,不限,020401,国际经济与贸易,35,48000,四年,https://static-data.gaokao.cn/www/2.0/schoolspecialplan/329/2023/31.json?a=www.gaokao.cn,data/shanghai/raw/plan_api/static/2023/329.json,1
2023,综合,329,上海杉达学院,107760,02,物理必选,080902,软件工程,30,35000,四年,https://static-data.gaokao.cn/www/2.0/schoolspecialplan/329/2023/31.json?a=www.gaokao.cn,data/shanghai/raw/plan_api/static/2023/329.json,1
2023,综合,329,上海杉达学院,107758,04,不限,050103,汉语国际教育,27,60000,四年,https://static-data.gaokao.cn/www/2.0/schoolspecialplan/329/2023/31.json?a=www.gaokao.cn,data/shanghai/raw/plan_api/static/2023/329.json,1
2023,综合,329,上海杉达学院,107760,02,物理必选,080204,机械电子工程,22,35000,四年,https://static-data.gaokao.cn/www/2.0/schoolspecialplan/329/2023/31.json?a=www.gaokao.cn,data/shanghai/raw/plan_api/static/2023/329.json,1
2023,综合,329,上海杉达学院,107759,03,物/化/生(3选1),082702,食品质量与安全,22,35000,四年,https://static-data.gaokao.cn/www/2.0/schoolspecialplan/329/2023/31.json?a=www.gaokao.cn,data/shanghai/raw/plan_api/static/2023/329.json,1
2023,综合,329,上海杉达学院,107760,02,物理必选,120103,工程管理,15,35000,四年,https://static-data.gaokao.cn/www/2.0/schoolspecialplan/329/2023/31.json?a=www.gaokao.cn,data/shanghai/raw/plan_api/static/2023/329.json,1
2023,综合,329,上海杉达学院,107760,02,物理必选,081004,建筑电气与智能化,15,35000,四年,https://static-data.gaokao.cn/www/2.0/schoolspecialplan/329/2023/31.json?a=www.gaokao.cn,data/shanghai/raw/plan_api/static/2023/329.json,1
2023,综合,329,上海杉达学院,107760,02,物理必选,080604T,电气工程与智能控制,15,35000,四年,https://static-data.gaokao.cn/www/2.0/schoolspecialplan/329/2023/31.json?a=www.gaokao.cn,data/shanghai/raw/plan_api/static/2023/329.json,1
2023,综合,329,上海杉达学院,107759,03,物/化/生(3选1),082803,风景园林,15,35000,四年,https://static-data.gaokao.cn/www/2.0/schoolspecialplan/329/2023/31.json?a=www.gaokao.cn,data/shanghai/raw/plan_api/static/2023/329.json,1
2023,综合,329,上海杉达学院,107760,02,物理必选,081001,土木工程,13,35000,四年,https://static-data.gaokao.cn/www/2.0/schoolspecialplan/329/2023/31.json?a=www.gaokao.cn,data/shanghai/raw/plan_api/static/2023/329.json,1
2023,综合,329,上海杉达学院,107758,04,不限,020301K,金融学,12,45000,四年,https://static-data.gaokao.cn/www/2.0/schoolspecialplan/329/2023/31.json?a=www.gaokao.cn,data/shanghai/raw/plan_api/static/2023/329.json,1
2023,综合,329,上海杉达学院,107758,04,不限,120901K,旅游管理,12,60000,四年,https://static-data.gaokao.cn/www/2.0/schoolspecialplan/329/2023/31.json?a=www.gaokao.cn,data/shanghai/raw/plan_api/static/2023/329.json,1
2023,综合,329,上海杉达学院,107759,03,物/化/生(3选1),101005,康复治疗学,10,35000,四年,https://static-data.gaokao.cn/www/2.0/schoolspecialplan/329/2023/31.json?a=www.gaokao.cn,data/shanghai/raw/plan_api/static/2023/329.json,1
2023,综合,329,上海杉达学院,107758,04,不限,120203K,会计学,5,60000,四年,https://static-data.gaokao.cn/www/2.0/schoolspecialplan/329/2023/31.json?a=www.gaokao.cn,data/shanghai/raw/plan_api/static/2023/329.json,1
2023,综合,329,上海杉达学院,107758,04,不限,120204,财务管理,5,45000,四年,https://static-data.gaokao.cn/www/2.0/schoolspecialplan/329/2023/31.json?a=www.gaokao.cn,data/shanghai/raw/plan_api/static/2023/329.json,1
2023,综合,329,上海杉达学院,107758,04,不限,120902,酒店管理,3,60000,四年,https://static-data.gaokao.cn/www/2.0/schoolspecialplan/329/2023/31.json?a=www.gaokao.cn,data/shanghai/raw/plan_api/static/2023/329.json,1
2023,综合,329,上海杉达学院,107758,04,不限,050308T,时尚传播,3,60000,四年,https://static-data.gaokao.cn/www/2.0/schoolspecialplan/329/2023/31.json?a=www.gaokao.cn,data/shanghai/raw/plan_api/static/2023/329.json,1
2023,综合,330,西安交通大学,106530,01,物理必选,2092788,工科试验班,13,6600,四年,https://static-data.gaokao.cn/www/2.0/schoolspecialplan/330/2023/31.json?a=www.gaokao.cn,data/shanghai/raw/plan_api/static/2023/330.json,1
2023,综合,330,西安交通大学,106530,01,物理必选,2092787,工科试验班,6,6600,四年,https://static-data.gaokao.cn/www/2.0/schoolspecialplan/330/2023/31.json?a=www.gaokao.cn,data/shanghai/raw/plan_api/static/2023/330.json,1
2023,综合,330,西安交通大学,106530,01,物理必选,2092789,理科试验班,2,6600,四年,https://static-data.gaokao.cn/www/2.0/schoolspecialplan/330/2023/31.json?a=www.gaokao.cn,data/shanghai/raw/plan_api/static/2023/330.json,1
2023,综合,330,西安交通大学,106530,01,物理必选,2092786,工科试验班,1,5500,四年,https://static-data.gaokao.cn/www/2.0/schoolspecialplan/330/2023/31.json?a=www.gaokao.cn,data/shanghai/raw/plan_api/static/2023/330.json,1
2023,综合,330,西安交通大学,106530,01,物理必选,080504T,储能科学与工程,1,6600,四年,https://static-data.gaokao.cn/www/2.0/schoolspecialplan/330/2023/31.json?a=www.gaokao.cn,data/shanghai/raw/plan_api/static/2023/330.json,1
2023,综合,330,西安交通大学,106530,01,物理必选,120203K,会计学,1,5500,四年,https://static-data.gaokao.cn/www/2.0/schoolspecialplan/330/2023/31.json?a=www.gaokao.cn,data/shanghai/raw/plan_api/static/2023/330.json,1
2023,综合,330,西安交通大学,106529,02,物理必选,080205,工业设计,3,90000,四年,https://static-data.gaokao.cn/www/2.0/schoolspecialplan/330/2023/31.json?a=www.gaokao.cn,data/shanghai/raw/plan_api/static/2023/330.json,1
2023,综合,330,西安交通大学,106529,02,物理必选,082801,建筑学,3,90000,五年,https://static-data.gaokao.cn/www/2.0/schoolspecialplan/330/2023/31.json?a=www.gaokao.cn,data/shanghai/raw/plan_api/static/2023/330.json,1
2023,综合,332,西北农林科技大学,106524,01,不限,030101K,法学,2,5500,四年,https://static-data.gaokao.cn/www/2.0/schoolspecialplan/332/2023/31.json?a=www.gaokao.cn,data/shanghai/raw/plan_api/static/2023/332.json,1
2023,综合,332,西北农林科技大学,106524,01,不限,0201,经济学类,2,5500,四年,https://static-data.gaokao.cn/www/2.0/schoolspecialplan/332/2023/31.json?a=www.gaokao.cn,data/shanghai/raw/plan_api/static/2023/332.json,1
2023,综合,332,西北农林科技大学,106524,01,不限,1202,工商管理类,2,5500,四年,https://static-data.gaokao.cn/www/2.0/schoolspecialplan/332/2023/31.json?a=www.gaokao.cn,data/shanghai/raw/plan_api/static/2023/332.json,1
2023,综合,332,西北农林科技大学,106523,02,物/化/生(3选1),0710,生物科学类,3,6600,四年,https://static-data.gaokao.cn/www/2.0/schoolspecialplan/332/2023/31.json?a=www.gaokao.cn,data/shanghai/raw/plan_api/static/2023/332.json,1
2023,综合,332,西北农林科技大学,106523,02,物/化/生(3选1),082710T,食品营养与健康,2,6600,四年,https://static-data.gaokao.cn/www/2.0/schoolspecialplan/332/2023/31.json?a=www.gaokao.cn,data/shanghai/raw/plan_api/static/2023/332.json,1
2023,综合,332,西北农林科技大学,106523,02,物/化/生(3选1),082803,风景园林,2,6600,四年,https://static-data.gaokao.cn/www/2.0/schoolspecialplan/332/2023/31.json?a=www.gaokao.cn,data/shanghai/raw/plan_api/static/2023/332.json,1
2023,综合,332,西北农林科技大学,106523,02,物/化/生(3选1),0904,动物医学类,2,6600,四年,https://static-data.gaokao.cn/www/2.0/schoolspecialplan/332/2023/31.json?a=www.gaokao.cn,data/shanghai/raw/plan_api/static/2023/332.json,1
2023,综合,333,淮南师范学院,107061,01,不限,020401,国际经济与贸易,2,4600,四年,https://static-data.gaokao.cn/www/2.0/schoolspecialplan/333/2023/31.json?a=www.gaokao.cn,data/shanghai/raw/plan_api/static/2023/333.json,1
2023,综合,333,淮南师范学院,107061,01,不限,030101K,法学,2,5060,四年,https://static-data.gaokao.cn/www/2.0/schoolspecialplan/333/2023/31.json?a=www.gaokao.cn,data/shanghai/raw/plan_api/static/2023/333.json,1
2023,综合,333,淮南师范学院,107061,01,不限,040106,学前教育,2,4600,四年,https://static-data.gaokao.cn/www/2.0/schoolspecialplan/333/2023/31.json?a=www.gaokao.cn,data/shanghai/raw/plan_api/static/2023/333.json,1
2023,综合,333,淮南师范学院,107061,01,不限,050262,商务英语,2,4600,四年,https://static-data.gaokao.cn/www/2.0/schoolspecialplan/333/2023/31.json?a=www.gaokao.cn,data/shanghai/raw/plan_api/static/2023/333.json,1
2023,综合,333,淮南师范学院,107061,01,不限,120203K,会计学,2,5060,四年,https://static-data.gaokao.cn/www/2.0/schoolspecialplan/333/2023/31.json?a=www.gaokao.cn,data/shanghai/raw/plan_api/static/2023/333.json,1
2023,综合,333,淮南师范学院,107060,02,物理必选,020302,金融工程,2,4600,四年,https://static-data.gaokao.cn/www/2.0/schoolspecialplan/333/2023/31.json?a=www.gaokao.cn,data/shanghai/raw/plan_api/static/2023/333.json,1
2023,综合,333,淮南师范学院,107060,02,物理必选,080703,通信工程,2,4900,四年,https://static-data.gaokao.cn/www/2.0/schoolspecialplan/333/2023/31.json?a=www.gaokao.cn,data/shanghai/raw/plan_api/static/2023/333.json,1
2023,综合,333,淮南师范学院,107060,02,物理必选,080717T,人工智能,2,4900,四年,https://static-data.gaokao.cn/www/2.0/schoolspecialplan/333/2023/31.json?a=www.gaokao.cn,data/shanghai/raw/plan_api/static/2023/333.json,1
2023,综合,333,淮南师范学院,107060,02,物理必选,080802T,轨道交通信号与控制,2,4900,四年,https://static-data.gaokao.cn/www/2.0/schoolspecialplan/333/2023/31.json?a=www.gaokao.cn,data/shanghai/raw/plan_api/static/2023/333.json,1
2023,综合,333,淮南师范学院,107059,03,思想政治必选,030503,思想政治教育,2,5060,四年,https://static-data.gaokao.cn/www/2.0/schoolspecialplan/333/2023/31.json?a=www.gaokao.cn,data/shanghai/raw/plan_api/static/2023/333.json,1
2023,综合,334,陕西师范大学,106522,01,思想政治/历史(2选1),0501,中国语言文学类,3,5500,四年,https://static-data.gaokao.cn/www/2.0/schoolspecialplan/334/2023/31.json?a=www.gaokao.cn,data/shanghai/raw/plan_api/static/2023/334.json,1
2023,综合,334,陕西师范大学,106520,03,物/化/生(3选1),0710,生物科学类,4,6600,四年,https://static-data.gaokao.cn/www/2.0/schoolspecialplan/334/2023/31.json?a=www.gaokao.cn,data/shanghai/raw/plan_api/static/2023/334.json,1
2023,综合,334,陕西师范大学,106521,02,不限,0503,新闻传播学类,2,5500,四年,https://static-data.gaokao.cn/www/2.0/schoolspecialplan/334/2023/31.json?a=www.gaokao.cn,data/shanghai/raw/plan_api/static/2023/334.json,1
2023,综合,334,陕西师范大学,106519,04,物理必选,0809,计算机类,2,6600,四年,https://static-data.gaokao.cn/www/2.0/schoolspecialplan/334/2023/31.json?a=www.gaokao.cn,data/shanghai/raw/plan_api/static/2023/334.json,1
2023,综合,335,理工盘锦,107062,01,不限,020301K,金融学,4,5390,四年,https://static-data.gaokao.cn/www/2.0/schoolspecialplan/335/2023/31.json?a=www.gaokao.cn,data/shanghai/raw/plan_api/static/2023/335.json,1
2023,综合,335,理工盘锦,107062,01,不限,0204,经济与贸易类,4,4900,四年,https://static-data.gaokao.cn/www/2.0/schoolspecialplan/335/2023/31.json?a=www.gaokao.cn,data/shanghai/raw/plan_api/static/2023/335.json,1
2023,综合,335,理工盘锦,107062,01,不限,120203K,会计学,4,5390,四年,https://static-data.gaokao.cn/www/2.0/schoolspecialplan/335/2023/31.json?a=www.gaokao.cn,data/shanghai/raw/plan_api/static/2023/335.json,1
2023,综合,335,理工盘锦,107062,01,不限,120604T,供应链管理,3,4900,四年,https://static-data.gaokao.cn/www/2.0/schoolspecialplan/335/2023/31.json?a=www.gaokao.cn,data/shanghai/raw/plan_api/static/2023/335.json,1
2023,综合,336,延安大学,106477,01,不限,030302,社会工作,3,,-,https://static-data.gaokao.cn/www/2.0/schoolspecialplan/336/2023/31.json?a=www.gaokao.cn,data/shanghai/raw/plan_api/static/2023/336.json,1
2023,综合,336,延安大学,106477,01,不限,120201K,工商管理,3,,-,https://static-data.gaokao.cn/www/2.0/schoolspecialplan/336/2023/31.json?a=www.gaokao.cn,data/shanghai/raw/plan_api/static/2023/336.json,1
2023,综合,336,延安大学,106477,01,不限,030101K,法学,2,,-,https://static-data.gaokao.cn/www/2.0/schoolspecialplan/336/2023/31.json?a=www.gaokao.cn,data/shanghai/raw/plan_api/static/2023/336.json,1
2023,综合,336,延安大学,106476,02,物理必选,040206T,运动康复,2,,-,https://static-data.gaokao.cn/www/2.0/schoolspecialplan/336/2023/31.json?a=www.gaokao.cn,data/shanghai/raw/plan_api/static/2023/336.json,1
2023,综合,342,昆明理工大学,106565,01,物理必选,080401,材料科学与工程,3,4500,四年,https://static-data.gaokao.cn/www/2.0/schoolspecialplan/342/2023/31.json?a=www.gaokao.cn,data/shanghai/raw/plan_api/static/2023/342.json,1
2023,综合,342,昆明理工大学,106565,01,物理必选,080201,机械工程,2,4500,四年,https://static-data.gaokao.cn/www/2.0/schoolspecialplan/342/2023/31.json?a=www.gaokao.cn,data/shanghai/raw/plan_api/static/2023/342.json,1
2023,综合,342,昆明理工大学,106565,01,物理必选,080601,电气工程及其自动化,2,4500,四年,https://static-data.gaokao.cn/www/2.0/schoolspecialplan/342/2023/31.json?a=www.gaokao.cn,data/shanghai/raw/plan_api/static/2023/342.json,1
2023,综合,342,昆明理工大学,106565,01,物理必选,080801,自动化,2,4500,四年,https://static-data.gaokao.cn/www/2.0/schoolspecialplan/342/2023/31.json?a=www.gaokao.cn,data/shanghai/raw/plan_api/static/2023/342.json,1
2023,综合,343,云南农业大学,106564,01,物/化/生(3选1),071002,生物技术,1,4500,四年,https://static-data.gaokao.cn/www/2.0/schoolspecialplan/343/2023/31.json?a=www.gaokao.cn,data/shanghai/raw/plan_api/static/2023/343.json,1
2023,综合,343,云南农业大学,106564,01,物/化/生(3选1),082702,食品质量与安全,1,4500,四年,https://static-data.gaokao.cn/www/2.0/schoolspecialplan/343/2023/31.json?a=www.gaokao.cn,data/shanghai/raw/plan_api/static/2023/343.json,1
2023,综合,343,云南农业大学,106564,01,物/化/生(3选1),090101,农学,1,4500,四年,https://static-data.gaokao.cn/www/2.0/schoolspecialplan/343/2023/31.json?a=www.gaokao.cn,data/shanghai/raw/plan_api/static/2023/343.json,1
2023,综合,343,云南农业大学,106564,01,物/化/生(3选1),090401,动物医学,1,4500,五年,https://static-data.gaokao.cn/www/2.0/schoolspecialplan/343/2023/31.json?a=www.gaokao.cn,data/shanghai/raw/plan_api/static/2023/343.json,1
2023,综合,343,云南农业大学,106564,01,物/化/生(3选1),090403T,动植物检疫,1,4500,四年,https://static-data.gaokao.cn/www/2.0/schoolspecialplan/343/2023/31.json?a=www.gaokao.cn,data/shanghai/raw/plan_api/static/2023/343.json,1
2023,综合,344,云南师范大学,106557,01,地理/历史(2选1),060101,历史学,2,3400,四年,https://static-data.gaokao.cn/www/2.0/schoolspecialplan/344/2023/31.json?a=www.gaokao.cn,data/shanghai/raw/plan_api/static/2023/344.json,1
2023,综合,344,云南师范大学,106556,02,思想政治必选,030503,思想政治教育,2,4000,四年,https://static-data.gaokao.cn/www/2.0/schoolspecialplan/344/2023/31.json?a=www.gaokao.cn,data/shanghai/raw/plan_api/static/2023/344.json,1
2023,综合,347,昆明医科大学,106563,01,化学、生物(2科必选),100201K,临床医学,3,5000,五年,https://static-data.gaokao.cn/www/2.0/schoolspecialplan/347/2023/31.json?a=www.gaokao.cn,data/shanghai/raw/plan_api/static/2023/347.json,1
2023,综合,347,昆明医科大学,106563,01,化学、生物(2科必选),100203TK,医学影像学,1,5000,五年,https://static-data.gaokao.cn/www/2.0/schoolspecialplan/347/2023/31.json?a=www.gaokao.cn,data/shanghai/raw/plan_api/static/2023/347.json,1
2023,综合,347,昆明医科大学,106563,01,化学、生物(2科必选),100202TK,麻醉学,1,5000,五年,https://static-data.gaokao.cn/www/2.0/schoolspecialplan/347/2023/31.json?a=www.gaokao.cn,data/shanghai/raw/plan_api/static/2023/347.json,1
2023,综合,347,昆明医科大学,106563,01,化学、生物(2科必选),100301K,口腔医学,1,5000,五年,https://static-data.gaokao.cn/www/2.0/schoolspecialplan/347/2023/31.json?a=www.gaokao.cn,data/shanghai/raw/plan_api/static/2023/347.json,1
2023,综合,347,昆明医科大学,106562,02,物/化/生(3选1),101009T,康复物理治疗,1,5000,四年,https://static-data.gaokao.cn/www/2.0/schoolspecialplan/347/2023/31.json?a=www.gaokao.cn,data/shanghai/raw/plan_api/static/2023/347.json,1
2023,综合,347,昆明医科大学,106562,02,物/化/生(3选1),100703TK,临床药学,1,5000,五年,https://static-data.gaokao.cn/www/2.0/schoolspecialplan/347/2023/31.json?a=www.gaokao.cn,data/shanghai/raw/plan_api/static/2023/347.json,1
2023,综合,349,西安理工大学,106511,01,物理必选,080202,机械设计制造及其自动化,1,6480,四年,https://static-data.gaokao.cn/www/2.0/schoolspecialplan/349/2023/31.json?a=www.gaokao.cn,data/shanghai/raw/plan_api/static/2023/349.json,1
2023,综合,349,西安理工大学,106511,01,物理必选,080401,材料科学与工程,1,6480,四年,https://static-data.gaokao.cn/www/2.0/schoolspecialplan/349/2023/31.json?a=www.gaokao.cn,data/shanghai/raw/plan_api/static/2023/349.json,1
2023,综合,349,西安理工大学,106511,01,物理必选,080801,自动化,1,6480,四年,https://static-data.gaokao.cn/www/2.0/schoolspecialplan/349/2023/31.json?a=www.gaokao.cn,data/shanghai/raw/plan_api/static/2023/349.json,1
2023,综合,349,西安理工大学,106511,01,物理必选,080906,数字媒体技术,1,6000,四年,https://static-data.gaokao.cn/www/2.0/schoolspecialplan/349/2023/31.json?a=www.gaokao.cn,data/shanghai/raw/plan_api/static/2023/349.json,1
2023,综合,349,西安理工大学,106511,01,物理必选,081101,水利水电工程,1,6480,四年,https://static-data.gaokao.cn/www/2.0/schoolspecialplan/349/2023/31.json?a=www.gaokao.cn,data/shanghai/raw/plan_api/static/2023/349.json,1
2023,综合,352,沈阳药大,106503,01,物理必选,080901,计算机科学与技术,2,6480,四年,https://static-data.gaokao.cn/www/2.0/schoolspecialplan/352/2023/31.json?a=www.gaokao.cn,data/shanghai/raw/plan_api/static/2023/352.json,1
2023,综合,352,沈阳药大,106503,01,物理必选,080704,微电子科学与工程,2,6480,四年,https://static-data.gaokao.cn/www/2.0/schoolspecialplan/352/2023/31.json?a=www.gaokao.cn,data/shanghai/raw/plan_api/static/2023/352.json,1
2023,综合,352,沈阳药大,106502,02,不限,120201K,工商管理,2,5000,四年,https://static-data.gaokao.cn/www/2.0/schoolspecialplan/352/2023/31.json?a=www.gaokao.cn,data/shanghai/raw/plan_api/static/2023/352.json,1
2023,综合,354,西安石油大学,106501,01,不限,050201,英语,2,5400,四年,https://static-data.gaokao.cn/www/2.0/schoolspecialplan/354/2023/31.json?a=www.gaokao.cn,data/shanghai/raw/plan_api/static/2023/354.json,1
2023,综合,354,西安石油大学,106500,02,物理必选,080601,电气工程及其自动化,2,6480,四年,https://static-data.gaokao.cn/www/2.0/schoolspecialplan/354/2023/31.json?a=www.gaokao.cn,data/shanghai/raw/plan_api/static/2023/354.json,1
2023,综合,354,西安石油大学,106500,02,物理必选,0809,计算机类,2,6480,四年,https://static-data.gaokao.cn/www/2.0/schoolspecialplan/354/2023/31.json?a=www.gaokao.cn,data/shanghai/raw/plan_api/static/2023/354.json,1
2023,综合,354,西安石油大学,106499,03,化学必选,081301,化学工程与工艺,2,6480,四年,https://static-data.gaokao.cn/www/2.0/schoolspecialplan/354/2023/31.json?a=www.gaokao.cn,data/shanghai/raw/plan_api/static/2023/354.json,1
2023,综合,354,西安石油大学,106498,04,物/地/史(3选1),1202,工商管理类,2,5000,四年,https://static-data.gaokao.cn/www/2.0/schoolspecialplan/354/2023/31.json?a=www.gaokao.cn,data/shanghai/raw/plan_api/static/2023/354.json,1
2023,综合,356,云南财经大学,106555,01,不限,020301K,金融学,5,,-,https://static-data.gaokao.cn/www/2.0/schoolspecialplan/356/2023/31.json?a=www.gaokao.cn,data/shanghai/raw/plan_api/static/2023/356.json,1
2023,综合,356,云南财经大学,106555,01,不限,120203K,会计学,5,,-,https://static-data.gaokao.cn/www/2.0/schoolspecialplan/356/2023/31.json?a=www.gaokao.cn,data/shanghai/raw/plan_api/static/2023/356.json,1
2023,综合,357,陕西科技大学,106497,01,物理必选,080401,材料科学与工程,2,6000,四年,https://static-data.gaokao.cn/www/2.0/schoolspecialplan/357/2023/31.json?a=www.gaokao.cn,data/shanghai/raw/plan_api/static/2023/357.json,1
2023,综合,357,陕西科技大学,106497,01,物理必选,0807,电子信息类,2,6480,四年,https://static-data.gaokao.cn/www/2.0/schoolspecialplan/357/2023/31.json?a=www.gaokao.cn,data/shanghai/raw/plan_api/static/2023/357.json,1
2023,综合,357,陕西科技大学,106497,01,物理必选,0809,计算机类,2,6480,四年,https://static-data.gaokao.cn/www/2.0/schoolspecialplan/357/2023/31.json?a=www.gaokao.cn,data/shanghai/raw/plan_api/static/2023/357.json,1
2023,综合,357,陕西科技大学,106496,02,物理必选,080205,工业设计,1,60000,四年,https://static-data.gaokao.cn/www/2.0/schoolspecialplan/357/2023/31.json?a=www.gaokao.cn,data/shanghai/raw/plan_api/static/2023/357.json,1
2023,综合,359,云南警官学院,106554,01,思想政治必选,030101K,法学,2,4000,四年,https://static-data.gaokao.cn/www/2.0/schoolspecialplan/359/2023/31.json?a=www.gaokao.cn,data/shanghai/raw/plan_api/static/2023/359.json,1
2023,综合,361,大连东软,106510,01,不限,1202,工商管理类,2,5400,四年,https://static-data.gaokao.cn/www/2.0/schoolspecialplan/361/2023/31.json?a=www.gaokao.cn,data/shanghai/raw/plan_api/static/2023/361.json,1
2023,综合,361,大连东软,106509,02,物理必选,080601,电气工程及其自动化,3,6480,四年,https://static-data.gaokao.cn/www/2.0/schoolspecialplan/361/2023/31.json?a=www.gaokao.cn,data/shanghai/raw/plan_api/static/2023/361.json,1
2023,综合,362,大理大学,106561,01,不限,020101,经济学,2,,-,https://static-data.gaokao.cn/www/2.0/schoolspecialplan/362/2023/31.json?a=www.gaokao.cn,data/shanghai/raw/plan_api/static/2023/362.json,1
2023,综合,362,大理大学,106561,01,不限,1202,工商管理类,2,,-,https://static-data.gaokao.cn/www/2.0/schoolspecialplan/362/2023/31.json?a=www.gaokao.cn,data/shanghai/raw/plan_api/static/2023/362.json,1
2023,综合,362,大理大学,106560,02,物/化/生(3选1),100301K,口腔医学,2,,-,https://static-data.gaokao.cn/www/2.0/schoolspecialplan/362/2023/31.json?a=www.gaokao.cn,data/shanghai/raw/plan_api/static/2023/362.json,1
2023,综合,362,大理大学,106559,03,化学、生物(2科必选),100201K,临床医学,2,,-,https://static-data.gaokao.cn/www/2.0/schoolspecialplan/362/2023/31.json?a=www.gaokao.cn,data/shanghai/raw/plan_api/static/2023/362.json,1
2023,综合,362,大理大学,106558,04,物理、生物(2科必选),100203TK,医学影像学,2,,-,https://static-data.gaokao.cn/www/2.0/schoolspecialplan/362/2023/31.json?a=www.gaokao.cn,data/shanghai/raw/plan_api/static/2023/362.json,1
2023,综合,363,西安邮电大学,106482,01,物理必选,070102,信息与计算科学,1,6000,四年,https://static-data.gaokao.cn/www/2.0/schoolspecialplan/363/2023/31.json?a=www.gaokao.cn,data/shanghai/raw/plan_api/static/2023/363.json,1
2023,综合,363,西安邮电大学,106482,01,物理必选,080703,通信工程,1,6480,四年,https://static-data.gaokao.cn/www/2.0/schoolspecialplan/363/2023/31.json?a=www.gaokao.cn,data/shanghai/raw/plan_api/static/2023/363.json,1
2023,综合,363,西安邮电大学,106482,01,物理必选,080904K,信息安全,1,6480,四年,https://static-data.gaokao.cn/www/2.0/schoolspecialplan/363/2023/31.json?a=www.gaokao.cn,data/shanghai/raw/plan_api/static/2023/363.json,1
2023,综合,363,西安邮电大学,106481,02,不限,120203K,会计学,1,5400,四年,https://static-data.gaokao.cn/www/2.0/schoolspecialplan/363/2023/31.json?a=www.gaokao.cn,data/shanghai/raw/plan_api/static/2023/363.json,1
2023,综合,363,西安邮电大学,106481,02,不限,120601,物流管理,1,5400,四年,https://static-data.gaokao.cn/www/2.0/schoolspecialplan/363/2023/31.json?a=www.gaokao.cn,data/shanghai/raw/plan_api/static/2023/363.json,1
2023,综合,364,西藏大学,106428,01,不限,020301K,金融学,2,2800,四年,https://static-data.gaokao.cn/www/2.0/schoolspecialplan/364/2023/31.json?a=www.gaokao.cn,data/shanghai/raw/plan_api/static/2023/364.json,1
2023,综合,364,西藏大学,106428,01,不限,120204,财务管理,2,2800,四年,https://static-data.gaokao.cn/www/2.0/schoolspecialplan/364/2023/31.json?a=www.gaokao.cn,data/shanghai/raw/plan_api/static/2023/364.json,1
2023,综合,364,西藏大学,106428,01,不限,120901K,旅游管理,1,3360,四年,https://static-data.gaokao.cn/www/2.0/schoolspecialplan/364/2023/31.json?a=www.gaokao.cn,data/shanghai/raw/plan_api/static/2023/364.json,1
2023,综合,364,西藏大学,106427,02,思想政治必选,030503,思想政治教育,1,,四年,https://static-data.gaokao.cn/www/2.0/schoolspecialplan/364/2023/31.json?a=www.gaokao.cn,data/shanghai/raw/plan_api/static/2023/364.json,1
2023,综合,364,西藏大学,106426,03,地理必选,040106,学前教育,1,,四年,https://static-data.gaokao.cn/www/2.0/schoolspecialplan/364/2023/31.json?a=www.gaokao.cn,data/shanghai/raw/plan_api/static/2023/364.json,1
2023,综合,364,西藏大学,106425,04,化学、生物(2科必选),101101K,护理学,1,3360,四年,https://static-data.gaokao.cn/www/2.0/schoolspecialplan/364/2023/31.json?a=www.gaokao.cn,data/shanghai/raw/plan_api/static/2023/364.json,1
2023,综合,364,西藏大学,106424,05,政/地/史(3选1),050101,汉语言文学,1,3360,四年,https://static-data.gaokao.cn/www/2.0/schoolspecialplan/364/2023/31.json?a=www.gaokao.cn,data/shanghai/raw/plan_api/static/2023/364.json,1
2023,综合,364,西藏大学,106423,06,物/化/生(3选1),071001,生物科学,1,,四年,https://static-data.gaokao.cn/www/2.0/schoolspecialplan/364/2023/31.json?a=www.gaokao.cn,data/shanghai/raw/plan_api/static/2023/364.json,1
2023,综合,367,青海大学,106455,01,物理必选,080901,计算机科学与技术,1,,四年,https://static-data.gaokao.cn/www/2.0/schoolspecialplan/367/2023/31.json?a=www.gaokao.cn,data/shanghai/raw/plan_api/static/2023/367.json,1
2023,综合,367,青海大学,106455,01,物理必选,080601,电气工程及其自动化,1,,四年,https://static-data.gaokao.cn/www/2.0/schoolspecialplan/367/2023/31.json?a=www.gaokao.cn,data/shanghai/raw/plan_api/static/2023/367.json,1
2023,综合,367,青海大学,106454,02,化学、生物(2科必选),100201K,临床医学,1,,五年,https://static-data.gaokao.cn/www/2.0/schoolspecialplan/367/2023/31.json?a=www.gaokao.cn,data/shanghai/raw/plan_api/static/2023/367.json,1
2023,综合,367,青海大学,106452,04,物/政/生(3选1),020301K,金融学,1,,四年,https://static-data.gaokao.cn/www/2.0/schoolspecialplan/367/2023/31.json?a=www.gaokao.cn,data/shanghai/raw/plan_api/static/2023/367.json,1
2023,综合,367,青海大学,106451,05,物/政/地(3选1),020101,经济学,1,,四年,https://static-data.gaokao.cn/www/2.0/schoolspecialplan/367/2023/31.json?a=www.gaokao.cn,data/shanghai/raw/plan_api/static/2023/367.json,1
2023,综合,367,青海大学,106453,03,化学/生物(2选1),100301K,口腔医学,1,,五年,https://static-data.gaokao.cn/www/2.0/schoolspecialplan/367/2023/31.json?a=www.gaokao.cn,data/shanghai/raw/plan_api/static/2023/367.json,1
2023,综合,368,渭南师范学院,106492,01,不限,040106,学前教育,5,29600,四年,https://static-data.gaokao.cn/www/2.0/schoolspecialplan/368/2023/31.json?a=www.gaokao.cn,data/shanghai/raw/plan_api/static/2023/368.json,1
2023,综合,369,宝鸡文理学院,106493,01,不限,1204,公共管理类,2,5000,四年,https://static-data.gaokao.cn/www/2.0/schoolspecialplan/369/2023/31.json?a=www.gaokao.cn,data/shanghai/raw/plan_api/static/2023/369.json,1
2023,综合,369,宝鸡文理学院,106493,01,不限,120901K,旅游管理,2,5000,四年,https://static-data.gaokao.cn/www/2.0/schoolspecialplan/369/2023/31.json?a=www.gaokao.cn,data/shanghai/raw/plan_api/static/2023/369.json,1
2023,综合,369,宝鸡文理学院,106493,01,不限,040101,教育学,1,5350,四年,https://static-data.gaokao.cn/www/2.0/schoolspecialplan/369/2023/31.json?a=www.gaokao.cn,data/shanghai/raw/plan_api/static/2023/369.json,1
2023,综合,371,陕西理工大学,106495,01,不限,020101,经济学,2,,-,https://static-data.gaokao.cn/www/2.0/schoolspecialplan/371/2023/31.json?a=www.gaokao.cn,data/shanghai/raw/plan_api/static/2023/371.json,1
2023,综合,371,陕西理工大学,106495,01,不限,020401,国际经济与贸易,2,,-,https://static-data.gaokao.cn/www/2.0/schoolspecialplan/371/2023/31.json?a=www.gaokao.cn,data/shanghai/raw/plan_api/static/2023/371.json,1
2023,综合,371,陕西理工大学,106494,02,物/化/地(3选1),120601,物流管理,1,,-,https://static-data.gaokao.cn/www/2.0/schoolspecialplan/371/2023/31.json?a=www.gaokao.cn,data/shanghai/raw/plan_api/static/2023/371.json,1
2023,综合,373,西安外国语大学,106491,01,不限,050207,日语,2,5400,四年,https://static-data.gaokao.cn/www/2.0/schoolspecialplan/373/2023/31.json?a=www.gaokao.cn,data/shanghai/raw/plan_api/static/2023/373.json,1
2023,综合,373,西安外国语大学,106491,01,不限,050201,英语,2,5400,四年,https://static-data.gaokao.cn/www/2.0/schoolspecialplan/373/2023/31.json?a=www.gaokao.cn,data/shanghai/raw/plan_api/static/2023/373.json,1
2023,综合,373,西安外国语大学,106491,01,不限,050203,德语,1,5400,四年,https://static-data.gaokao.cn/www/2.0/schoolspecialplan/373/2023/31.json?a=www.gaokao.cn,data/shanghai/raw/plan_api/static/2023/373.json,1
2023,综合,373,西安外国语大学,106491,01,不限,050205,西班牙语,1,5400,四年,https://static-data.gaokao.cn/www/2.0/schoolspecialplan/373/2023/31.json?a=www.gaokao.cn,data/shanghai/raw/plan_api/static/2023/373.json,1
2023,综合,373,西安外国语大学,106491,01,不限,050232,葡萄牙语,1,5400,四年,https://static-data.gaokao.cn/www/2.0/schoolspecialplan/373/2023/31.json?a=www.gaokao.cn,data/shanghai/raw/plan_api/static/2023/373.json,1
2023,综合,373,西安外国语大学,106491,01,不限,020301K,金融学,1,5000,四年,https://static-data.gaokao.cn/www/2.0/schoolspecialplan/373/2023/31.json?a=www.gaokao.cn,data/shanghai/raw/plan_api/static/2023/373.json,1
2023,综合,373,西安外国语大学,106491,01,不限,050206,阿拉伯语,1,5400,四年,https://static-data.gaokao.cn/www/2.0/schoolspecialplan/373/2023/31.json?a=www.gaokao.cn,data/shanghai/raw/plan_api/static/2023/373.json,1
2023,综合,373,西安外国语大学,106491,01,不限,050262,商务英语,1,5400,四年,https://static-data.gaokao.cn/www/2.0/schoolspecialplan/373/2023/31.json?a=www.gaokao.cn,data/shanghai/raw/plan_api/static/2023/373.json,1
2023,综合,374,北华大学,107383,01,不限,040107,小学教育,2,5280,四年,https://static-data.gaokao.cn/www/2.0/schoolspecialplan/374/2023/31.json?a=www.gaokao.cn,data/shanghai/raw/plan_api/static/2023/374.json,1
2023,综合,374,北华大学,107383,01,不限,050306T,网络与新媒体,1,6820,四年,https://static-data.gaokao.cn/www/2.0/schoolspecialplan/374/2023/31.json?a=www.gaokao.cn,data/shanghai/raw/plan_api/static/2023/374.json,1
2023,综合,374,北华大学,107382,02,物理必选,080601,电气工程及其自动化,1,5940,四年,https://static-data.gaokao.cn/www/2.0/schoolspecialplan/374/2023/31.json?a=www.gaokao.cn,data/shanghai/raw/plan_api/static/2023/374.json,1
2023,综合,375,西安财经大学,106483,01,不限,020101,经济学,2,5350,四年,https://static-data.gaokao.cn/www/2.0/schoolspecialplan/375/2023/31.json?a=www.gaokao.cn,data/shanghai/raw/plan_api/static/2023/375.json,1
2023,综合,375,西安财经大学,106483,01,不限,120201K,工商管理,2,5000,四年,https://static-data.gaokao.cn/www/2.0/schoolspecialplan/375/2023/31.json?a=www.gaokao.cn,data/shanghai/raw/plan_api/static/2023/375.json,1
2023,综合,375,西安财经大学,106483,01,不限,020201K,财政学,2,5000,四年,https://static-data.gaokao.cn/www/2.0/schoolspecialplan/375/2023/31.json?a=www.gaokao.cn,data/shanghai/raw/plan_api/static/2023/375.json,1
2023,综合,375,西安财经大学,106483,01,不限,120207,审计学,2,5000,四年,https://static-data.gaokao.cn/www/2.0/schoolspecialplan/375/2023/31.json?a=www.gaokao.cn,data/shanghai/raw/plan_api/static/2023/375.json,1
2023,综合,375,西安财经大学,106483,01,不限,050101,汉语言文学,2,5000,四年,https://static-data.gaokao.cn/www/2.0/schoolspecialplan/375/2023/31.json?a=www.gaokao.cn,data/shanghai/raw/plan_api/static/2023/375.json,1
2023,综合,376,西北政法大学,106490,01,不限,030101K,法学,3,5350,四年,https://static-data.gaokao.cn/www/2.0/schoolspecialplan/376/2023/31.json?a=www.gaokao.cn,data/shanghai/raw/plan_api/static/2023/376.json,1
2023,综合,379,长春理工大学,107388,01,物理必选,080705,光电信息科学与工程,1,5940,四年,https://static-data.gaokao.cn/www/2.0/schoolspecialplan/379/2023/31.json?a=www.gaokao.cn,data/shanghai/raw/plan_api/static/2023/379.json,1
2023,综合,379,长春理工大学,107388,01,物理必选,080301,测控技术与仪器,1,5940,四年,https://static-data.gaokao.cn/www/2.0/schoolspecialplan/379/2023/31.json?a=www.gaokao.cn,data/shanghai/raw/plan_api/static/2023/379.json,1
2023,综合,379,长春理工大学,107388,01,物理必选,080202,机械设计制造及其自动化,1,5940,四年,https://static-data.gaokao.cn/www/2.0/schoolspecialplan/379/2023/31.json?a=www.gaokao.cn,data/shanghai/raw/plan_api/static/2023/379.json,1
2023,综合,379,长春理工大学,107388,01,物理必选,080204,机械电子工程,1,5940,四年,https://static-data.gaokao.cn/www/2.0/schoolspecialplan/379/2023/31.json?a=www.gaokao.cn,data/shanghai/raw/plan_api/static/2023/379.json,1
2023,综合,379,长春理工大学,107388,01,物理必选,080206,过程装备与控制工程,1,5940,四年,https://static-data.gaokao.cn/www/2.0/schoolspecialplan/379/2023/31.json?a=www.gaokao.cn,data/shanghai/raw/plan_api/static/2023/379.json,1
2023,综合,379,长春理工大学,107388,01,物理必选,080601,电气工程及其自动化,1,5400,四年,https://static-data.gaokao.cn/www/2.0/schoolspecialplan/379/2023/31.json?a=www.gaokao.cn,data/shanghai/raw/plan_api/static/2023/379.json,1
2023,综合,379,长春理工大学,107388,01,物理必选,080701,电子信息工程,1,5940,四年,https://static-data.gaokao.cn/www/2.0/schoolspecialplan/379/2023/31.json?a=www.gaokao.cn,data/shanghai/raw/plan_api/static/2023/379.json,1
2023,综合,379,长春理工大学,107388,01,物理必选,080703,通信工程,1,5940,四年,https://static-data.gaokao.cn/www/2.0/schoolspecialplan/379/2023/31.json?a=www.gaokao.cn,data/shanghai/raw/plan_api/static/2023/379.json,1
2023,综合,379,长春理工大学,107388,01,物理必选,0701,数学类,1,5000,四年,https://static-data.gaokao.cn/www/2.0/schoolspecialplan/379/2023/31.json?a=www.gaokao.cn,data/shanghai/raw/plan_api/static/2023/379.json,1
2023,综合,379,长春理工大学,107388,01,物理必选,070202,应用物理学,1,5500,四年,https://static-data.gaokao.cn/www/2.0/schoolspecialplan/379/2023/31.json?a=www.gaokao.cn,data/shanghai/raw/plan_api/static/2023/379.json,1
2023,综合,379,长春理工大学,107388,01,物理必选,080414T,新能源材料与器件,1,5400,四年,https://static-data.gaokao.cn/www/2.0/schoolspecialplan/379/2023/31.json?a=www.gaokao.cn,data/shanghai/raw/plan_api/static/2023/379.json,1
2023,综合,379,长春理工大学,107388,01,物理必选,080901,计算机科学与技术,1,5940,四年,https://static-data.gaokao.cn/www/2.0/schoolspecialplan/379/2023/31.json?a=www.gaokao.cn,data/shanghai/raw/plan_api/static/2023/379.json,1
2023,综合,379,长春理工大学,107388,01,物理必选,082103,探测制导与控制技术,1,5940,四年,https://static-data.gaokao.cn/www/2.0/schoolspecialplan/379/2023/31.json?a=www.gaokao.cn,data/shanghai/raw/plan_api/static/2023/379.json,1
2023,综合,379,长春理工大学,107387,02,不限,1202,工商管理类,2,4800,四年,https://static-data.gaokao.cn/www/2.0/schoolspecialplan/379/2023/31.json?a=www.gaokao.cn,data/shanghai/raw/plan_api/static/2023/379.json,1
2023,综合,379,长春理工大学,107387,02,不限,020302,金融工程,1,5280,四年,https://static-data.gaokao.cn/www/2.0/schoolspecialplan/379/2023/31.json?a=www.gaokao.cn,data/shanghai/raw/plan_api/static/2023/379.json,1
2023,综合,379,长春理工大学,107387,02,不限,020401,国际经济与贸易,1,4800,四年,https://static-data.gaokao.cn/www/2.0/schoolspecialplan/379/2023/31.json?a=www.gaokao.cn,data/shanghai/raw/plan_api/static/2023/379.json,1
2023,综合,379,长春理工大学,107387,02,不限,030101K,法学,1,5280,四年,https://static-data.gaokao.cn/www/2.0/schoolspecialplan/379/2023/31.json?a=www.gaokao.cn,data/shanghai/raw/plan_api/static/2023/379.json,1
2023,综合,379,长春理工大学,107387,02,不限,050101,汉语言文学,1,5060,四年,https://static-data.gaokao.cn/www/2.0/schoolspecialplan/379/2023/31.json?a=www.gaokao.cn,data/shanghai/raw/plan_api/static/2023/379.json,1
2023,综合,379,长春理工大学,107387,02,不限,050103,汉语国际教育,1,4600,四年,https://static-data.gaokao.cn/www/2.0/schoolspecialplan/379/2023/31.json?a=www.gaokao.cn,data/shanghai/raw/plan_api/static/2023/379.json,1
2023,综合,379,长春理工大学,107387,02,不限,050201,英语,1,5060,四年,https://static-data.gaokao.cn/www/2.0/schoolspecialplan/379/2023/31.json?a=www.gaokao.cn,data/shanghai/raw/plan_api/static/2023/379.json,1
2023,综合,379,长春理工大学,107387,02,不限,050207,日语,1,4600,四年,https://static-data.gaokao.cn/www/2.0/schoolspecialplan/379/2023/31.json?a=www.gaokao.cn,data/shanghai/raw/plan_api/static/2023/379.json,1
2023,综合,379,长春理工大学,107387,02,不限,050303,广告学,1,6820,四年,https://static-data.gaokao.cn/www/2.0/schoolspecialplan/379/2023/31.json?a=www.gaokao.cn,data/shanghai/raw/plan_api/static/2023/379.json,1
2023,综合,381,长春工业大学,107385,01,物/化/生(3选1),081301,化学工程与工艺,10,5940,四年,https://static-data.gaokao.cn/www/2.0/schoolspecialplan/381/2023/31.json?a=www.gaokao.cn,data/shanghai/raw/plan_api/static/2023/381.json,1
2023,综合,381,长春工业大学,107384,02,化学必选,080407,高分子材料与工程,10,5940,四年,https://static-data.gaokao.cn/www/2.0/schoolspecialplan/381/2023/31.json?a=www.gaokao.cn,data/shanghai/raw/plan_api/static/2023/381.json,1
2023,综合,383,西安培华学院,106484,06,政/地/生(3选1),050201,英语,1,21780,4,https://static-data.gaokao.cn/www/2.0/schoolspecialplan/383/2023/31.json?a=www.gaokao.cn,data/shanghai/raw/plan_api/static/2023/383.json,0
2023,综合,383,西安培华学院,106489,01,不限,050306T,网络与新媒体,2,20680,4,https://static-data.gaokao.cn/www/2.0/schoolspecialplan/383/2023/31.json?a=www.gaokao.cn,data/shanghai/raw/plan_api/static/2023/383.json,1
2023,综合,383,西安培华学院,106485,05,物/地/史(3选1),082801,建筑学,2,20900,4,https://static-data.gaokao.cn/www/2.0/schoolspecialplan/383/2023/31.json?a=www.gaokao.cn,data/shanghai/raw/plan_api/static/2023/383.json,1
2023,综合,383,西安培华学院,106489,01,不限,050101,汉语言文学,2,21780,4,https://static-data.gaokao.cn/www/2.0/schoolspecialplan/383/2023/31.json?a=www.gaokao.cn,data/shanghai/raw/plan_api/static/2023/383.json,1
2023,综合,383,西安培华学院,106489,01,不限,050103,汉语国际教育,2,21780,4,https://static-data.gaokao.cn/www/2.0/schoolspecialplan/383/2023/31.json?a=www.gaokao.cn,data/shanghai/raw/plan_api/static/2023/383.json,1
2023,综合,383,西安培华学院,106488,02,物理必选,080901,计算机科学与技术,1,21780,4,https://static-data.gaokao.cn/www/2.0/schoolspecialplan/383/2023/31.json?a=www.gaokao.cn,data/shanghai/raw/plan_api/static/2023/383.json,1
2023,综合,383,西安培华学院,106489,01,不限,050207,日语,1,20900,4,https://static-data.gaokao.cn/www/2.0/schoolspecialplan/383/2023/31.json?a=www.gaokao.cn,data/shanghai/raw/plan_api/static/2023/383.json,1
2023,综合,383,西安培华学院,106489,01,不限,120202,市场营销,1,20680,4,https://static-data.gaokao.cn/www/2.0/schoolspecialplan/383/2023/31.json?a=www.gaokao.cn,data/shanghai/raw/plan_api/static/2023/383.json,1
2023,综合,383,西安培华学院,106486,04,物/政/史(3选1),120203K,会计学,1,22880,4,https://static-data.gaokao.cn/www/2.0/schoolspecialplan/383/2023/31.json?a=www.gaokao.cn,data/shanghai/raw/plan_api/static/2023/383.json,1
2023,综合,383,西安培华学院,106487,03,物/化/生(3选1),101006,口腔医学技术,1,22880,4,https://static-data.gaokao.cn/www/2.0/schoolspecialplan/383/2023/31.json?a=www.gaokao.cn,data/shanghai/raw/plan_api/static/2023/383.json,1
2023,综合,383,西安培华学院,106487,03,物/化/生(3选1),101005,康复治疗学,1,22880,4,https://static-data.gaokao.cn/www/2.0/schoolspecialplan/383/2023/31.json?a=www.gaokao.cn,data/shanghai/raw/plan_api/static/2023/383.json,1
2023,综合,385,湘潭大学,106760,01,不限,0301,法学类,4,5500,四年,https://static-data.gaokao.cn/www/2.0/schoolspecialplan/385/2023/31.json?a=www.gaokao.cn,data/shanghai/raw/plan_api/static/2023/385.json,1
2023,综合,385,湘潭大学,106760,01,不限,050204,法语,2,5300,四年,https://static-data.gaokao.cn/www/2.0/schoolspecialplan/385/2023/31.json?a=www.gaokao.cn,data/shanghai/raw/plan_api/static/2023/385.json,1
2023,综合,385,湘潭大学,106760,01,不限,050205,西班牙语,2,5300,四年,https://static-data.gaokao.cn/www/2.0/schoolspecialplan/385/2023/31.json?a=www.gaokao.cn,data/shanghai/raw/plan_api/static/2023/385.json,1
2023,综合,385,湘潭大学,106760,01,不限,020301K,金融学,2,5500,四年,https://static-data.gaokao.cn/www/2.0/schoolspecialplan/385/2023/31.json?a=www.gaokao.cn,data/shanghai/raw/plan_api/static/2023/385.json,1
2023,综合,385,湘潭大学,106760,01,不限,120203K,会计学,2,5500,四年,https://static-data.gaokao.cn/www/2.0/schoolspecialplan/385/2023/31.json?a=www.gaokao.cn,data/shanghai/raw/plan_api/static/2023/385.json,1
2023,综合,388,湖南科技大学,106759,01,物理必选,080202,机械设计制造及其自动化,2,5900,四年,https://static-data.gaokao.cn/www/2.0/schoolspecialplan/388/2023/31.json?a=www.gaokao.cn,data/shanghai/raw/plan_api/static/2023/388.json,1
2023,综合,388,湖南科技大学,106759,01,物理必选,070102,信息与计算科学,2,4500,四年,https://static-data.gaokao.cn/www/2.0/schoolspecialplan/388/2023/31.json?a=www.gaokao.cn,data/shanghai/raw/plan_api/static/2023/388.json,1
2023,综合,388,湖南科技大学,106759,01,物理必选,080803T,机器人工程,2,5900,四年,https://static-data.gaokao.cn/www/2.0/schoolspecialplan/388/2023/31.json?a=www.gaokao.cn,data/shanghai/raw/plan_api/static/2023/388.json,1
2023,综合,388,湖南科技大学,106759,01,物理必选,080207,车辆工程,2,5900,四年,https://static-data.gaokao.cn/www/2.0/schoolspecialplan/388/2023/31.json?a=www.gaokao.cn,data/shanghai/raw/plan_api/static/2023/388.json,1
2023,综合,388,湖南科技大学,106759,01,物理必选,080213T,智能制造工程,2,5900,四年,https://static-data.gaokao.cn/www/2.0/schoolspecialplan/388/2023/31.json?a=www.gaokao.cn,data/shanghai/raw/plan_api/static/2023/388.json,1
2023,综合,388,湖南科技大学,106759,01,物理必选,080801,自动化,2,5900,四年,https://static-data.gaokao.cn/www/2.0/schoolspecialplan/388/2023/31.json?a=www.gaokao.cn,data/shanghai/raw/plan_api/static/2023/388.json,1
2023,综合,388,湖南科技大学,106759,01,物理必选,080901,计算机科学与技术,2,5900,四年,https://static-data.gaokao.cn/www/2.0/schoolspecialplan/388/2023/31.json?a=www.gaokao.cn,data/shanghai/raw/plan_api/static/2023/388.json,1
2023,综合,388,湖南科技大学,106759,01,物理必选,080910T,数据科学与大数据技术,1,5900,四年,https://static-data.gaokao.cn/www/2.0/schoolspecialplan/388/2023/31.json?a=www.gaokao.cn,data/shanghai/raw/plan_api/static/2023/388.json,1
2023,综合,388,湖南科技大学,106755,05,化学必选,080401,材料科学与工程,3,5900,四年,https://static-data.gaokao.cn/www/2.0/schoolspecialplan/388/2023/31.json?a=www.gaokao.cn,data/shanghai/raw/plan_api/static/2023/388.json,1
2023,综合,388,湖南科技大学,106754,06,物/化/地(3选1),070504,地理信息科学,3,5900,四年,https://static-data.gaokao.cn/www/2.0/schoolspecialplan/388/2023/31.json?a=www.gaokao.cn,data/shanghai/raw/plan_api/static/2023/388.json,1
2023,综合,388,湖南科技大学,106758,02,物/化/生(3选1),083001,生物工程,2,5900,四年,https://static-data.gaokao.cn/www/2.0/schoolspecialplan/388/2023/31.json?a=www.gaokao.cn,data/shanghai/raw/plan_api/static/2023/388.json,1
2023,综合,388,湖南科技大学,106756,04,不限,120203K,会计学,2,5000,四年,https://static-data.gaokao.cn/www/2.0/schoolspecialplan/388/2023/31.json?a=www.gaokao.cn,data/shanghai/raw/plan_api/static/2023/388.json,1
2023,综合,388,湖南科技大学,106756,04,不限,120204,财务管理,2,5000,四年,https://static-data.gaokao.cn/www/2.0/schoolspecialplan/388/2023/31.json?a=www.gaokao.cn,data/shanghai/raw/plan_api/static/2023/388.json,1
2023,综合,388,湖南科技大学,106756,04,不限,050101,汉语言文学,2,4000,四年,https://static-data.gaokao.cn/www/2.0/schoolspecialplan/388/2023/31.json?a=www.gaokao.cn,data/shanghai/raw/plan_api/static/2023/388.json,1
2023,综合,388,湖南科技大学,106758,02,物/化/生(3选1),071001,生物科学,2,4000,四年,https://static-data.gaokao.cn/www/2.0/schoolspecialplan/388/2023/31.json?a=www.gaokao.cn,data/shanghai/raw/plan_api/static/2023/388.json,1
2023,综合,388,湖南科技大学,106757,03,历史/生物(2选1),082803,风景园林,2,5900,四年,https://static-data.gaokao.cn/www/2.0/schoolspecialplan/388/2023/31.json?a=www.gaokao.cn,data/shanghai/raw/plan_api/static/2023/388.json,1
2023,综合,388,湖南科技大学,106756,04,不限,020101,经济学,2,5000,四年,https://static-data.gaokao.cn/www/2.0/schoolspecialplan/388/2023/31.json?a=www.gaokao.cn,data/shanghai/raw/plan_api/static/2023/388.json,1
2023,综合,388,湖南科技大学,106756,04,不限,020302,金融工程,2,5000,四年,https://static-data.gaokao.cn/www/2.0/schoolspecialplan/388/2023/31.json?a=www.gaokao.cn,data/shanghai/raw/plan_api/static/2023/388.json,1
2023,综合,388,湖南科技大学,106756,04,不限,020401,国际经济与贸易,2,5000,四年,https://static-data.gaokao.cn/www/2.0/schoolspecialplan/388/2023/31.json?a=www.gaokao.cn,data/shanghai/raw/plan_api/static/2023/388.json,1
2023,综合,388,湖南科技大学,106756,04,不限,050201,英语,2,4500,四年,https://static-data.gaokao.cn/www/2.0/schoolspecialplan/388/2023/31.json?a=www.gaokao.cn,data/shanghai/raw/plan_api/static/2023/388.json,1
2023,综合,388,湖南科技大学,106758,02,物/化/生(3选1),081301,化学工程与工艺,1,5900,四年,https://static-data.gaokao.cn/www/2.0/schoolspecialplan/388/2023/31.json?a=www.gaokao.cn,data/shanghai/raw/plan_api/static/2023/388.json,1
2023,综合,388,湖南科技大学,106758,02,物/化/生(3选1),081304T,能源化学工程,1,5900,四年,https://static-data.gaokao.cn/www/2.0/schoolspecialplan/388/2023/31.json?a=www.gaokao.cn,data/shanghai/raw/plan_api/static/2023/388.json,1
2023,综合,388,湖南科技大学,106758,02,物/化/生(3选1),081302,制药工程,1,5900,四年,https://static-data.gaokao.cn/www/2.0/schoolspecialplan/388/2023/31.json?a=www.gaokao.cn,data/shanghai/raw/plan_api/static/2023/388.json,1
2023,综合,388,湖南科技大学,106755,05,化学必选,070301,化学,1,4000,四年,https://static-data.gaokao.cn/www/2.0/schoolspecialplan/388/2023/31.json?a=www.gaokao.cn,data/shanghai/raw/plan_api/static/2023/388.json,1
2023,综合,389,长沙理工大学,106753,01,不限,120203K,会计学,2,5000,四年,https://static-data.gaokao.cn/www/2.0/schoolspecialplan/389/2023/31.json?a=www.gaokao.cn,data/shanghai/raw/plan_api/static/2023/389.json,1
2023,综合,389,长沙理工大学,106753,01,不限,020109T,数字经济,2,5000,四年,https://static-data.gaokao.cn/www/2.0/schoolspecialplan/389/2023/31.json?a=www.gaokao.cn,data/shanghai/raw/plan_api/static/2023/389.json,1
2023,综合,389,长沙理工大学,106753,01,不限,120206,人力资源管理,2,5000,四年,https://static-data.gaokao.cn/www/2.0/schoolspecialplan/389/2023/31.json?a=www.gaokao.cn,data/shanghai/raw/plan_api/static/2023/389.json,1
2023,综合,389,长沙理工大学,106752,02,物理必选,081001,土木工程,2,5900,四年,https://static-data.gaokao.cn/www/2.0/schoolspecialplan/389/2023/31.json?a=www.gaokao.cn,data/shanghai/raw/plan_api/static/2023/389.json,1
2023,综合,389,长沙理工大学,106752,02,物理必选,080601,电气工程及其自动化,2,5900,四年,https://static-data.gaokao.cn/www/2.0/schoolspecialplan/389/2023/31.json?a=www.gaokao.cn,data/shanghai/raw/plan_api/static/2023/389.json,1
2023,综合,389,长沙理工大学,106752,02,物理必选,080901,计算机科学与技术,2,5900,四年,https://static-data.gaokao.cn/www/2.0/schoolspecialplan/389/2023/31.json?a=www.gaokao.cn,data/shanghai/raw/plan_api/static/2023/389.json,1
2023,综合,389,长沙理工大学,106752,02,物理必选,081901,船舶与海洋工程,2,5900,四年,https://static-data.gaokao.cn/www/2.0/schoolspecialplan/389/2023/31.json?a=www.gaokao.cn,data/shanghai/raw/plan_api/static/2023/389.json,1
2023,综合,389,长沙理工大学,106752,02,物理必选,080602T,智能电网信息工程,1,5900,四年,https://static-data.gaokao.cn/www/2.0/schoolspecialplan/389/2023/31.json?a=www.gaokao.cn,data/shanghai/raw/plan_api/static/2023/389.json,1
2023,综合,390,吉林师范大学,107381,01,不限,050203,德语,5,4600,四年,https://static-data.gaokao.cn/www/2.0/schoolspecialplan/390/2023/31.json?a=www.gaokao.cn,data/shanghai/raw/plan_api/static/2023/390.json,1
2023,综合,390,吉林师范大学,107380,02,不限,020401,国际经济与贸易,1,4800,四年,https://static-data.gaokao.cn/www/2.0/schoolspecialplan/390/2023/31.json?a=www.gaokao.cn,data/shanghai/raw/plan_api/static/2023/390.json,1
2023,综合,390,吉林师范大学,107380,02,不限,040101,教育学,1,4800,四年,https://static-data.gaokao.cn/www/2.0/schoolspecialplan/390/2023/31.json?a=www.gaokao.cn,data/shanghai/raw/plan_api/static/2023/390.json,1
2023,综合,390,吉林师范大学,107380,02,不限,040107,小学教育,1,5280,四年,https://static-data.gaokao.cn/www/2.0/schoolspecialplan/390/2023/31.json?a=www.gaokao.cn,data/shanghai/raw/plan_api/static/2023/390.json,1
2023,综合,390,吉林师范大学,107380,02,不限,050301,新闻学,1,7500,四年,https://static-data.gaokao.cn/www/2.0/schoolspecialplan/390/2023/31.json?a=www.gaokao.cn,data/shanghai/raw/plan_api/static/2023/390.json,1
2023,综合,390,吉林师范大学,107380,02,不限,050305,编辑出版学,1,7500,四年,https://static-data.gaokao.cn/www/2.0/schoolspecialplan/390/2023/31.json?a=www.gaokao.cn,data/shanghai/raw/plan_api/static/2023/390.json,1
2023,综合,390,吉林师范大学,107380,02,不限,120901K,旅游管理,1,4800,四年,https://static-data.gaokao.cn/www/2.0/schoolspecialplan/390/2023/31.json?a=www.gaokao.cn,data/shanghai/raw/plan_api/static/2023/390.json,1
2023,综合,391,南华大学,106724,01,物理必选,0802,机械类,3,5900,四年,https://static-data.gaokao.cn/www/2.0/schoolspecialplan/391/2023/31.json?a=www.gaokao.cn,data/shanghai/raw/plan_api/static/2023/391.json,1
2023,综合,391,南华大学,106724,01,物理必选,0810,土木类,3,5900,四年,https://static-data.gaokao.cn/www/2.0/schoolspecialplan/391/2023/31.json?a=www.gaokao.cn,data/shanghai/raw/plan_api/static/2023/391.json,1
2023,综合,391,南华大学,106724,01,物理必选,0822,核工程类,2,5900,四年,https://static-data.gaokao.cn/www/2.0/schoolspecialplan/391/2023/31.json?a=www.gaokao.cn,data/shanghai/raw/plan_api/static/2023/391.json,1
2023,综合,391,南华大学,106723,02,不限,020101,经济学,2,5000,四年,https://static-data.gaokao.cn/www/2.0/schoolspecialplan/391/2023/31.json?a=www.gaokao.cn,data/shanghai/raw/plan_api/static/2023/391.json,1
2023,综合,391,南华大学,106723,02,不限,020401,国际经济与贸易,2,5000,四年,https://static-data.gaokao.cn/www/2.0/schoolspecialplan/391/2023/31.json?a=www.gaokao.cn,data/shanghai/raw/plan_api/static/2023/391.json,1
2023,综合,391,南华大学,106723,02,不限,0502,外国语言文学类,2,4500,四年,https://static-data.gaokao.cn/www/2.0/schoolspecialplan/391/2023/31.json?a=www.gaokao.cn,data/shanghai/raw/plan_api/static/2023/391.json,1
2023,综合,391,南华大学,106723,02,不限,101101K,护理学,2,7500,四年,https://static-data.gaokao.cn/www/2.0/schoolspecialplan/391/2023/31.json?a=www.gaokao.cn,data/shanghai/raw/plan_api/static/2023/391.json,1
2023,综合,391,南华大学,106723,02,不限,120602,物流工程,2,5000,四年,https://static-data.gaokao.cn/www/2.0/schoolspecialplan/391/2023/31.json?a=www.gaokao.cn,data/shanghai/raw/plan_api/static/2023/391.json,1
2023,综合,391,南华大学,106723,02,不限,120801,电子商务,2,5000,四年,https://static-data.gaokao.cn/www/2.0/schoolspecialplan/391/2023/31.json?a=www.gaokao.cn,data/shanghai/raw/plan_api/static/2023/391.json,1
2023,综合,392,湖南农业大学,106751,01,不限,1204,公共管理类,3,5000,四年,https://static-data.gaokao.cn/www/2.0/schoolspecialplan/392/2023/31.json?a=www.gaokao.cn,data/shanghai/raw/plan_api/static/2023/392.json,1
2023,综合,392,湖南农业大学,106751,01,不限,030101K,法学,2,5000,四年,https://static-data.gaokao.cn/www/2.0/schoolspecialplan/392/2023/31.json?a=www.gaokao.cn,data/shanghai/raw/plan_api/static/2023/392.json,1
2023,综合,392,湖南农业大学,106750,02,物/化/生(3选1),071002,生物技术,3,4500,四年,https://static-data.gaokao.cn/www/2.0/schoolspecialplan/392/2023/31.json?a=www.gaokao.cn,data/shanghai/raw/plan_api/static/2023/392.json,1
2023,综合,393,东北电力大学,107386,01,物理必选,080501,能源与动力工程,1,5940,四年,https://static-data.gaokao.cn/www/2.0/schoolspecialplan/393/2023/31.json?a=www.gaokao.cn,data/shanghai/raw/plan_api/static/2023/393.json,1
2023,综合,393,东北电力大学,107386,01,物理必选,080601,电气工程及其自动化,1,5940,四年,https://static-data.gaokao.cn/www/2.0/schoolspecialplan/393/2023/31.json?a=www.gaokao.cn,data/shanghai/raw/plan_api/static/2023/393.json,1
2023,综合,393,东北电力大学,107386,01,物理必选,080701,电子信息工程,1,5940,四年,https://static-data.gaokao.cn/www/2.0/schoolspecialplan/393/2023/31.json?a=www.gaokao.cn,data/shanghai/raw/plan_api/static/2023/393.json,1
2023,综合,393,东北电力大学,107386,01,物理必选,080801,自动化,1,5940,四年,https://static-data.gaokao.cn/www/2.0/schoolspecialplan/393/2023/31.json?a=www.gaokao.cn,data/shanghai/raw/plan_api/static/2023/393.json,1
2023,综合,393,东北电力大学,107386,01,物理必选,080901,计算机科学与技术,1,5940,四年,https://static-data.gaokao.cn/www/2.0/schoolspecialplan/393/2023/31.json?a=www.gaokao.cn,data/shanghai/raw/plan_api/static/2023/393.json,1
2023,综合,394,长春工程学院,107376,01,物理必选,080214T,智能车辆工程,2,5400,四年,https://static-data.gaokao.cn/www/2.0/schoolspecialplan/394/2023/31.json?a=www.gaokao.cn,data/shanghai/raw/plan_api/static/2023/394.json,1
2023,综合,394,长春工程学院,107376,01,物理必选,080701,电子信息工程,2,5940,四年,https://static-data.gaokao.cn/www/2.0/schoolspecialplan/394/2023/31.json?a=www.gaokao.cn,data/shanghai/raw/plan_api/static/2023/394.json,1
2023,综合,394,长春工程学院,107376,01,物理必选,080803T,机器人工程,2,5400,四年,https://static-data.gaokao.cn/www/2.0/schoolspecialplan/394/2023/31.json?a=www.gaokao.cn,data/shanghai/raw/plan_api/static/2023/394.json,1
2023,综合,394,长春工程学院,107376,01,物理必选,080901,计算机科学与技术,2,5940,四年,https://static-data.gaokao.cn/www/2.0/schoolspecialplan/394/2023/31.json?a=www.gaokao.cn,data/shanghai/raw/plan_api/static/2023/394.json,1
2023,综合,394,长春工程学院,107376,01,物理必选,080905,物联网工程,2,5400,四年,https://static-data.gaokao.cn/www/2.0/schoolspecialplan/394/2023/31.json?a=www.gaokao.cn,data/shanghai/raw/plan_api/static/2023/394.json,1
2023,综合,394,长春工程学院,107376,01,物理必选,120105,工程造价,2,5280,四年,https://static-data.gaokao.cn/www/2.0/schoolspecialplan/394/2023/31.json?a=www.gaokao.cn,data/shanghai/raw/plan_api/static/2023/394.json,1
2023,综合,396,黑科大,106743,01,不限,050303,广告学,8,,-,https://static-data.gaokao.cn/www/2.0/schoolspecialplan/396/2023/31.json?a=www.gaokao.cn,data/shanghai/raw/plan_api/static/2023/396.json,1
2023,综合,396,黑科大,106743,01,不限,030101K,法学,6,,-,https://static-data.gaokao.cn/www/2.0/schoolspecialplan/396/2023/31.json?a=www.gaokao.cn,data/shanghai/raw/plan_api/static/2023/396.json,1
2023,综合,396,黑科大,106743,01,不限,020401,国际经济与贸易,5,,-,https://static-data.gaokao.cn/www/2.0/schoolspecialplan/396/2023/31.json?a=www.gaokao.cn,data/shanghai/raw/plan_api/static/2023/396.json,1
2023,综合,396,黑科大,106743,01,不限,050101,汉语言文学,3,,-,https://static-data.gaokao.cn/www/2.0/schoolspecialplan/396/2023/31.json?a=www.gaokao.cn,data/shanghai/raw/plan_api/static/2023/396.json,1
2023,综合,396,黑科大,106743,01,不限,120206,人力资源管理,3,,-,https://static-data.gaokao.cn/www/2.0/schoolspecialplan/396/2023/31.json?a=www.gaokao.cn,data/shanghai/raw/plan_api/static/2023/396.json,1
2023,综合,396,黑科大,106743,01,不限,050209,朝鲜语,3,,-,https://static-data.gaokao.cn/www/2.0/schoolspecialplan/396/2023/31.json?a=www.gaokao.cn,data/shanghai/raw/plan_api/static/2023/396.json,1
2023,综合,396,黑科大,106742,02,物理必选,080702,电子科学与技术,6,,-,https://static-data.gaokao.cn/www/2.0/schoolspecialplan/396/2023/31.json?a=www.gaokao.cn,data/shanghai/raw/plan_api/static/2023/396.json,0
2023,综合,396,黑科大,106741,03,物理/化学(2选1),070302,应用化学,5,,-,https://static-data.gaokao.cn/www/2.0/schoolspecialplan/396/2023/31.json?a=www.gaokao.cn,data/shanghai/raw/plan_api/static/2023/396.json,0
2023,综合,396,黑科大,106742,02,物理必选,081001,土木工程,4,,-,https://static-data.gaokao.cn/www/2.0/schoolspecialplan/396/2023/31.json?a=www.gaokao.cn,data/shanghai/raw/plan_api/static/2023/396.json,0
2023,综合,396,黑科大,106742,02,物理必选,080901,计算机科学与技术,4,,-,https://static-data.gaokao.cn/www/2.0/schoolspecialplan/396/2023/31.json?a=www.gaokao.cn,data/shanghai/raw/plan_api/static/2023/396.json,0
2023,综合,396,黑科大,106742,02,物理必选,080701,电子信息工程,4,,-,https://static-data.gaokao.cn/www/2.0/schoolspecialplan/396/2023/31.json?a=www.gaokao.cn,data/shanghai/raw/plan_api/static/2023/396.json,0
2023,综合,396,黑科大,106742,02,物理必选,080703,通信工程,4,,-,https://static-data.gaokao.cn/www/2.0/schoolspecialplan/396/2023/31.json?a=www.gaokao.cn,data/shanghai/raw/plan_api/static/2023/396.json,0
2023,综合,396,黑科大,106742,02,物理必选,080801,自动化,4,,-,https://static-data.gaokao.cn/www/2.0/schoolspecialplan/396/2023/31.json?a=www.gaokao.cn,data/shanghai/raw/plan_api/static/2023/396.json,0
2023,综合,396,黑科大,106742,02,物理必选,080202,机械设计制造及其自动化,3,,-,https://static-data.gaokao.cn/www/2.0/schoolspecialplan/396/2023/31.json?a=www.gaokao.cn,data/shanghai/raw/plan_api/static/2023/396.json,0
2023,综合,396,黑科大,106742,02,物理必选,080203,材料成型及控制工程,2,,-,https://static-data.gaokao.cn/www/2.0/schoolspecialplan/396/2023/31.json?a=www.gaokao.cn,data/shanghai/raw/plan_api/static/2023/396.json,0
2023,综合,398,佳木斯大,106709,01,不限,020401,国际经济与贸易,5,5000,四年,https://static-data.gaokao.cn/www/2.0/schoolspecialplan/398/2023/31.json?a=www.gaokao.cn,data/shanghai/raw/plan_api/static/2023/398.json,1
2023,综合,398,佳木斯大,106709,01,不限,020302,金融工程,2,5000,四年,https://static-data.gaokao.cn/www/2.0/schoolspecialplan/398/2023/31.json?a=www.gaokao.cn,data/shanghai/raw/plan_api/static/2023/398.json,1
2023,综合,398,佳木斯大,106709,01,不限,050201,英语,2,4500,四年,https://static-data.gaokao.cn/www/2.0/schoolspecialplan/398/2023/31.json?a=www.gaokao.cn,data/shanghai/raw/plan_api/static/2023/398.json,1
2023,综合,398,佳木斯大,106709,01,不限,1202,工商管理类,2,5000,四年,https://static-data.gaokao.cn/www/2.0/schoolspecialplan/398/2023/31.json?a=www.gaokao.cn,data/shanghai/raw/plan_api/static/2023/398.json,1
2023,综合,398,佳木斯大,106709,01,不限,120203K,会计学,1,5000,四年,https://static-data.gaokao.cn/www/2.0/schoolspecialplan/398/2023/31.json?a=www.gaokao.cn,data/shanghai/raw/plan_api/static/2023/398.json,1
2023,综合,398,佳木斯大,106709,01,不限,120801,电子商务,1,5900,四年,https://static-data.gaokao.cn/www/2.0/schoolspecialplan/398/2023/31.json?a=www.gaokao.cn,data/shanghai/raw/plan_api/static/2023/398.json,1
2023,综合,402,齐齐哈尔,106749,01,物/化/生(3选1),100601K,中西医临床医学,1,7500,五年,https://static-data.gaokao.cn/www/2.0/schoolspecialplan/402/2023/31.json?a=www.gaokao.cn,data/shanghai/raw/plan_api/static/2023/402.json,1
2023,综合,402,齐齐哈尔,106749,01,物/化/生(3选1),100502K,针灸推拿学,1,7500,五年,https://static-data.gaokao.cn/www/2.0/schoolspecialplan/402/2023/31.json?a=www.gaokao.cn,data/shanghai/raw/plan_api/static/2023/402.json,1
2023,综合,402,齐齐哈尔,106749,01,物/化/生(3选1),100501K,中医学,1,7500,五年,https://static-data.gaokao.cn/www/2.0/schoolspecialplan/402/2023/31.json?a=www.gaokao.cn,data/shanghai/raw/plan_api/static/2023/402.json,1
2023,综合,402,齐齐哈尔,106749,01,物/化/生(3选1),100801,中药学,1,7500,四年,https://static-data.gaokao.cn/www/2.0/schoolspecialplan/402/2023/31.json?a=www.gaokao.cn,data/shanghai/raw/plan_api/static/2023/402.json,1
2023,综合,402,齐齐哈尔,106749,01,物/化/生(3选1),100701,药学,1,7500,四年,https://static-data.gaokao.cn/www/2.0/schoolspecialplan/402/2023/31.json?a=www.gaokao.cn,data/shanghai/raw/plan_api/static/2023/402.json,1
2023,综合,402,齐齐哈尔,106749,01,物/化/生(3选1),101005,康复治疗学,1,7500,四年,https://static-data.gaokao.cn/www/2.0/schoolspecialplan/402/2023/31.json?a=www.gaokao.cn,data/shanghai/raw/plan_api/static/2023/402.json,1
2023,综合,402,齐齐哈尔,106747,03,不限,101101K,护理学,1,7500,四年,https://static-data.gaokao.cn/www/2.0/schoolspecialplan/402/2023/31.json?a=www.gaokao.cn,data/shanghai/raw/plan_api/static/2023/402.json,1
2023,综合,402,齐齐哈尔,106748,02,物理、化学(2科必选),100301K,口腔医学,1,7500,五年,https://static-data.gaokao.cn/www/2.0/schoolspecialplan/402/2023/31.json?a=www.gaokao.cn,data/shanghai/raw/plan_api/static/2023/402.json,1
2023,综合,402,齐齐哈尔,106748,02,物理、化学(2科必选),100201K,临床医学,1,7500,五年,https://static-data.gaokao.cn/www/2.0/schoolspecialplan/402/2023/31.json?a=www.gaokao.cn,data/shanghai/raw/plan_api/static/2023/402.json,1
2023,综合,403,哈商大,106740,01,不限,050262,商务英语,1,3800,四年,https://static-data.gaokao.cn/www/2.0/schoolspecialplan/403/2023/31.json?a=www.gaokao.cn,data/shanghai/raw/plan_api/static/2023/403.json,1
2023,综合,403,哈商大,106740,01,不限,020401,国际经济与贸易,1,4000,四年,https://static-data.gaokao.cn/www/2.0/schoolspecialplan/403/2023/31.json?a=www.gaokao.cn,data/shanghai/raw/plan_api/static/2023/403.json,1
2023,综合,403,哈商大,106740,01,不限,050201,英语,1,4000,四年,https://static-data.gaokao.cn/www/2.0/schoolspecialplan/403/2023/31.json?a=www.gaokao.cn,data/shanghai/raw/plan_api/static/2023/403.json,1
2023,综合,403,哈商大,106740,01,不限,050301,新闻学,1,6000,四年,https://static-data.gaokao.cn/www/2.0/schoolspecialplan/403/2023/31.json?a=www.gaokao.cn,data/shanghai/raw/plan_api/static/2023/403.json,1
2023,综合,403,哈商大,106740,01,不限,101101K,护理学,1,7150,四年,https://static-data.gaokao.cn/www/2.0/schoolspecialplan/403/2023/31.json?a=www.gaokao.cn,data/shanghai/raw/plan_api/static/2023/403.json,1
2023,综合,403,哈商大,106740,01,不限,120204,财务管理,1,4000,四年,https://static-data.gaokao.cn/www/2.0/schoolspecialplan/403/2023/31.json?a=www.gaokao.cn,data/shanghai/raw/plan_api/static/2023/403.json,1
2023,综合,403,哈商大,106738,03,化学、生物(2科必选),100201K,临床医学,3,7150,五年,https://static-data.gaokao.cn/www/2.0/schoolspecialplan/403/2023/31.json?a=www.gaokao.cn,data/shanghai/raw/plan_api/static/2023/403.json,1
2023,综合,403,哈商大,106739,02,物理必选,070101,数学与应用数学,1,4000,四年,https://static-data.gaokao.cn/www/2.0/schoolspecialplan/403/2023/31.json?a=www.gaokao.cn,data/shanghai/raw/plan_api/static/2023/403.json,1
2023,综合,403,哈商大,106739,02,物理必选,080601,电气工程及其自动化,1,5900,四年,https://static-data.gaokao.cn/www/2.0/schoolspecialplan/403/2023/31.json?a=www.gaokao.cn,data/shanghai/raw/plan_api/static/2023/403.json,1
2023,综合,403,哈商大,106739,02,物理必选,080905,物联网工程,1,4800,四年,https://static-data.gaokao.cn/www/2.0/schoolspecialplan/403/2023/31.json?a=www.gaokao.cn,data/shanghai/raw/plan_api/static/2023/403.json,1
2023,综合,404,长春中医药大学,107374,01,物/化/生(3选1),100501K,中医学,2,,-,https://static-data.gaokao.cn/www/2.0/schoolspecialplan/404/2023/31.json?a=www.gaokao.cn,data/shanghai/raw/plan_api/static/2023/404.json,1
2023,综合,404,长春中医药大学,107374,01,物/化/生(3选1),100502K,针灸推拿学,2,,-,https://static-data.gaokao.cn/www/2.0/schoolspecialplan/404/2023/31.json?a=www.gaokao.cn,data/shanghai/raw/plan_api/static/2023/404.json,1
2023,综合,404,长春中医药大学,107373,02,化学必选,100801,中药学,2,,-,https://static-data.gaokao.cn/www/2.0/schoolspecialplan/404/2023/31.json?a=www.gaokao.cn,data/shanghai/raw/plan_api/static/2023/404.json,1
2023,综合,406,衡阳师范学院,106737,01,不限,020401,国际经济与贸易,2,5000,四年,https://static-data.gaokao.cn/www/2.0/schoolspecialplan/406/2023/31.json?a=www.gaokao.cn,data/shanghai/raw/plan_api/static/2023/406.json,1
2023,综合,406,衡阳师范学院,106737,01,不限,050306T,网络与新媒体,2,6000,四年,https://static-data.gaokao.cn/www/2.0/schoolspecialplan/406/2023/31.json?a=www.gaokao.cn,data/shanghai/raw/plan_api/static/2023/406.json,1
2023,综合,406,衡阳师范学院,106736,02,思想政治必选,030503,思想政治教育,2,4000,四年,https://static-data.gaokao.cn/www/2.0/schoolspecialplan/406/2023/31.json?a=www.gaokao.cn,data/shanghai/raw/plan_api/static/2023/406.json,1
2023,综合,406,衡阳师范学院,106735,03,政/地/史(3选1),050101,汉语言文学,2,4000,四年,https://static-data.gaokao.cn/www/2.0/schoolspecialplan/406/2023/31.json?a=www.gaokao.cn,data/shanghai/raw/plan_api/static/2023/406.json,1
2023,综合,406,衡阳师范学院,106734,04,物/化/地(3选1),070503,人文地理与城乡规划,1,4500,四年,https://static-data.gaokao.cn/www/2.0/schoolspecialplan/406/2023/31.json?a=www.gaokao.cn,data/shanghai/raw/plan_api/static/2023/406.json,1
2023,综合,407,湖南工商大学,106725,01,不限,0203,金融学类,6,5000,四年,https://static-data.gaokao.cn/www/2.0/schoolspecialplan/407/2023/31.json?a=www.gaokao.cn,data/shanghai/raw/plan_api/static/2023/407.json,1
2023,综合,407,湖南工商大学,106725,01,不限,030101K,法学,1,5000,四年,https://static-data.gaokao.cn/www/2.0/schoolspecialplan/407/2023/31.json?a=www.gaokao.cn,data/shanghai/raw/plan_api/static/2023/407.json,1
2023,综合,407,湖南工商大学,106725,01,不限,120803T,跨境电子商务,1,5000,四年,https://static-data.gaokao.cn/www/2.0/schoolspecialplan/407/2023/31.json?a=www.gaokao.cn,data/shanghai/raw/plan_api/static/2023/407.json,1
2023,综合,412,吉林财经大学,107379,01,不限,020101,经济学,2,,4,https://static-data.gaokao.cn/www/2.0/schoolspecialplan/412/2023/31.json?a=www.gaokao.cn,data/shanghai/raw/plan_api/static/2023/412.json,1
2023,综合,412,吉林财经大学,107379,01,不限,120203K,会计学,2,,4,https://static-data.gaokao.cn/www/2.0/schoolspecialplan/412/2023/31.json?a=www.gaokao.cn,data/shanghai/raw/plan_api/static/2023/412.json,1
2023,综合,412,吉林财经大学,107379,01,不限,020301K,金融学,2,,4,https://static-data.gaokao.cn/www/2.0/schoolspecialplan/412/2023/31.json?a=www.gaokao.cn,data/shanghai/raw/plan_api/static/2023/412.json,1
2023,综合,412,吉林财经大学,107379,01,不限,030101K,法学,2,,4,https://static-data.gaokao.cn/www/2.0/schoolspecialplan/412/2023/31.json?a=www.gaokao.cn,data/shanghai/raw/plan_api/static/2023/412.json,1
2023,综合,412,吉林财经大学,107379,01,不限,020203TK,国际税收,2,,4,https://static-data.gaokao.cn/www/2.0/schoolspecialplan/412/2023/31.json?a=www.gaokao.cn,data/shanghai/raw/plan_api/static/2023/412.json,1
2023,综合,415,湖南文理学院,106731,01,不限,020302,金融工程,2,5000,四年,https://static-data.gaokao.cn/www/2.0/schoolspecialplan/415/2023/31.json?a=www.gaokao.cn,data/shanghai/raw/plan_api/static/2023/415.json,1
2023,综合,415,湖南文理学院,106731,01,不限,020401,国际经济与贸易,2,5000,四年,https://static-data.gaokao.cn/www/2.0/schoolspecialplan/415/2023/31.json?a=www.gaokao.cn,data/shanghai/raw/plan_api/static/2023/415.json,1
2023,综合,415,湖南文理学院,106731,01,不限,040106,学前教育,2,5000,四年,https://static-data.gaokao.cn/www/2.0/schoolspecialplan/415/2023/31.json?a=www.gaokao.cn,data/shanghai/raw/plan_api/static/2023/415.json,1
2023,综合,415,湖南文理学院,106731,01,不限,050101,汉语言文学,2,4000,四年,https://static-data.gaokao.cn/www/2.0/schoolspecialplan/415/2023/31.json?a=www.gaokao.cn,data/shanghai/raw/plan_api/static/2023/415.json,1
2023,综合,415,湖南文理学院,106731,01,不限,120203K,会计学,2,5000,四年,https://static-data.gaokao.cn/www/2.0/schoolspecialplan/415/2023/31.json?a=www.gaokao.cn,data/shanghai/raw/plan_api/static/2023/415.json,1
2023,综合,415,湖南文理学院,106731,01,不限,120204,财务管理,2,5000,四年,https://static-data.gaokao.cn/www/2.0/schoolspecialplan/415/2023/31.json?a=www.gaokao.cn,data/shanghai/raw/plan_api/static/2023/415.json,1
2023,综合,415,湖南文理学院,106731,01,不限,120802T,电子商务及法律,2,5000,四年,https://static-data.gaokao.cn/www/2.0/schoolspecialplan/415/2023/31.json?a=www.gaokao.cn,data/shanghai/raw/plan_api/static/2023/415.json,1
2023,综合,415,湖南文理学院,106730,02,物/化/生(3选1),082701,食品科学与工程,2,5900,四年,https://static-data.gaokao.cn/www/2.0/schoolspecialplan/415/2023/31.json?a=www.gaokao.cn,data/shanghai/raw/plan_api/static/2023/415.json,1
2023,综合,415,湖南文理学院,106729,03,物理、化学(2科必选),101001,医学检验技术,2,7500,四年,https://static-data.gaokao.cn/www/2.0/schoolspecialplan/415/2023/31.json?a=www.gaokao.cn,data/shanghai/raw/plan_api/static/2023/415.json,1
2023,综合,415,湖南文理学院,106728,04,思想政治必选,030503,思想政治教育,2,4000,四年,https://static-data.gaokao.cn/www/2.0/schoolspecialplan/415/2023/31.json?a=www.gaokao.cn,data/shanghai/raw/plan_api/static/2023/415.json,1
2023,综合,417,华中农业大学,106809,01,物理必选,0802,机械类,2,4500,四年,https://static-data.gaokao.cn/www/2.0/schoolspecialplan/417/2023/31.json?a=www.gaokao.cn,data/shanghai/raw/plan_api/static/2023/417.json,1
2023,综合,417,华中农业大学,106809,01,物理必选,120108T,大数据管理与应用,1,4500,四年,https://static-data.gaokao.cn/www/2.0/schoolspecialplan/417/2023/31.json?a=www.gaokao.cn,data/shanghai/raw/plan_api/static/2023/417.json,1
2023,综合,417,华中农业大学,106808,02,物/化/生(3选1),090301,动物科学,2,4500,四年,https://static-data.gaokao.cn/www/2.0/schoolspecialplan/417/2023/31.json?a=www.gaokao.cn,data/shanghai/raw/plan_api/static/2023/417.json,1
2023,综合,417,华中农业大学,106808,02,物/化/生(3选1),083001,生物工程,2,5850,四年,https://static-data.gaokao.cn/www/2.0/schoolspecialplan/417/2023/31.json?a=www.gaokao.cn,data/shanghai/raw/plan_api/static/2023/417.json,1
2023,综合,417,华中农业大学,106808,02,物/化/生(3选1),0901,植物生产类,2,4500,四年,https://static-data.gaokao.cn/www/2.0/schoolspecialplan/417/2023/31.json?a=www.gaokao.cn,data/shanghai/raw/plan_api/static/2023/417.json,1
2023,综合,417,华中农业大学,106808,02,物/化/生(3选1),090102,园艺,1,4500,四年,https://static-data.gaokao.cn/www/2.0/schoolspecialplan/417/2023/31.json?a=www.gaokao.cn,data/shanghai/raw/plan_api/static/2023/417.json,1
2023,综合,418,邵阳学院,106732,02,不限,050103,汉语国际教育,5,4000,4,https://static-data.gaokao.cn/www/2.0/schoolspecialplan/418/2023/31.json?a=www.gaokao.cn,data/shanghai/raw/plan_api/static/2023/418.json,1
2023,综合,418,邵阳学院,106733,01,物/政/地(3选1),020401,国际经济与贸易,5,4000,4,https://static-data.gaokao.cn/www/2.0/schoolspecialplan/418/2023/31.json?a=www.gaokao.cn,data/shanghai/raw/plan_api/static/2023/418.json,1
2023,综合,419,东北林业大学,107372,01,物/化/生(3选1),082803,风景园林,2,4000,四年,https://static-data.gaokao.cn/www/2.0/schoolspecialplan/419/2023/31.json?a=www.gaokao.cn,data/shanghai/raw/plan_api/static/2023/419.json,1
2023,综合,419,东北林业大学,107372,01,物/化/生(3选1),0710,生物科学类,2,5400,四年,https://static-data.gaokao.cn/www/2.0/schoolspecialplan/419/2023/31.json?a=www.gaokao.cn,data/shanghai/raw/plan_api/static/2023/419.json,1
2023,综合,419,东北林业大学,107372,01,物/化/生(3选1),0905,林学类,2,3000,四年,https://static-data.gaokao.cn/www/2.0/schoolspecialplan/419/2023/31.json?a=www.gaokao.cn,data/shanghai/raw/plan_api/static/2023/419.json,1
2023,综合,420,华中师范大学,106807,01,不限,0303,社会学类,2,4500,四年,https://static-data.gaokao.cn/www/2.0/schoolspecialplan/420/2023/31.json?a=www.gaokao.cn,data/shanghai/raw/plan_api/static/2023/420.json,1
2023,综合,420,华中师范大学,106805,03,政/史/生(3选1),0401,教育学类,3,4500,四年,https://static-data.gaokao.cn/www/2.0/schoolspecialplan/420/2023/31.json?a=www.gaokao.cn,data/shanghai/raw/plan_api/static/2023/420.json,1
2023,综合,420,华中师范大学,106806,02,化学必选,0703,化学类,2,5850,四年,https://static-data.gaokao.cn/www/2.0/schoolspecialplan/420/2023/31.json?a=www.gaokao.cn,data/shanghai/raw/plan_api/static/2023/420.json,1
2023,综合,420,华中师范大学,106804,04,地理/历史(2选1),0501,中国语言文学类,2,5850,四年,https://static-data.gaokao.cn/www/2.0/schoolspecialplan/420/2023/31.json?a=www.gaokao.cn,data/shanghai/raw/plan_api/static/2023/420.json,1
2023,综合,423,中国矿大,106821,01,不限,0401,教育学类,2,4500,四年,https://static-data.gaokao.cn/www/2.0/schoolspecialplan/423/2023/31.json?a=www.gaokao.cn,data/shanghai/raw/plan_api/static/2023/423.json,1
2023,综合,423,中国矿大,106821,01,不限,050207,日语,2,4500,四年,https://static-data.gaokao.cn/www/2.0/schoolspecialplan/423/2023/31.json?a=www.gaokao.cn,data/shanghai/raw/plan_api/static/2023/423.json,1
2023,综合,423,中国矿大,106820,02,物理必选,0826,生物医学工程类,3,5850,四年,https://static-data.gaokao.cn/www/2.0/schoolspecialplan/423/2023/31.json?a=www.gaokao.cn,data/shanghai/raw/plan_api/static/2023/423.json,1
2023,综合,425,湖北大学,106788,01,不限,0201,经济学类,4,4500,四年,https://static-data.gaokao.cn/www/2.0/schoolspecialplan/425/2023/31.json?a=www.gaokao.cn,data/shanghai/raw/plan_api/static/2023/425.json,1
2023,综合,425,湖北大学,106788,01,不限,1202,工商管理类,3,5850,四年,https://static-data.gaokao.cn/www/2.0/schoolspecialplan/425/2023/31.json?a=www.gaokao.cn,data/shanghai/raw/plan_api/static/2023/425.json,1
2023,综合,425,湖北大学,106787,02,物理必选,120108T,大数据管理与应用,2,5850,四年,https://static-data.gaokao.cn/www/2.0/schoolspecialplan/425/2023/31.json?a=www.gaokao.cn,data/shanghai/raw/plan_api/static/2023/425.json,1
2023,综合,428,人大苏州,106798,01,不限,0502,外国语言文学类,1,4500,四年,https://static-data.gaokao.cn/www/2.0/schoolspecialplan/428/2023/31.json?a=www.gaokao.cn,data/shanghai/raw/plan_api/static/2023/428.json,1
2023,综合,428,人大苏州,106798,01,不限,050207,日语,1,4500,四年,https://static-data.gaokao.cn/www/2.0/schoolspecialplan/428/2023/31.json?a=www.gaokao.cn,data/shanghai/raw/plan_api/static/2023/428.json,1
2023,综合,428,人大苏州,106798,01,不限,0503,新闻传播学类,1,4500,四年,https://static-data.gaokao.cn/www/2.0/schoolspecialplan/428/2023/31.json?a=www.gaokao.cn,data/shanghai/raw/plan_api/static/2023/428.json,1
2023,综合,428,人大苏州,106797,02,物理必选,100401K,预防医学,1,5850,五年,https://static-data.gaokao.cn/www/2.0/schoolspecialplan/428/2023/31.json?a=www.gaokao.cn,data/shanghai/raw/plan_api/static/2023/428.json,1
2023,综合,428,人大苏州,106796,03,物/化/生(3选1),0710,生物科学类,1,4500,四年,https://static-data.gaokao.cn/www/2.0/schoolspecialplan/428/2023/31.json?a=www.gaokao.cn,data/shanghai/raw/plan_api/static/2023/428.json,1
2023,综合,428,人大苏州,106796,03,物/化/生(3选1),100601K,中西医临床医学,1,5850,五年,https://static-data.gaokao.cn/www/2.0/schoolspecialplan/428/2023/31.json?a=www.gaokao.cn,data/shanghai/raw/plan_api/static/2023/428.json,1
2023,综合,429,南京航大,107349,01,化学、生物(2科必选),100201K,临床医学,2,4800,五年,https://static-data.gaokao.cn/www/2.0/schoolspecialplan/429/2023/31.json?a=www.gaokao.cn,data/shanghai/raw/plan_api/static/2023/429.json,1
2023,综合,429,南京航大,107349,01,化学、生物(2科必选),100203TK,医学影像学,1,5000,五年,https://static-data.gaokao.cn/www/2.0/schoolspecialplan/429/2023/31.json?a=www.gaokao.cn,data/shanghai/raw/plan_api/static/2023/429.json,1
2023,综合,429,南京航大,107349,01,化学、生物(2科必选),100301K,口腔医学,1,4800,五年,https://static-data.gaokao.cn/www/2.0/schoolspecialplan/429/2023/31.json?a=www.gaokao.cn,data/shanghai/raw/plan_api/static/2023/429.json,1
2023,综合,429,南京航大,107347,03,化学、生物(2科必选),100205TK,精神医学,5,4000,五年,https://static-data.gaokao.cn/www/2.0/schoolspecialplan/429/2023/31.json?a=www.gaokao.cn,data/shanghai/raw/plan_api/static/2023/429.json,1
2023,综合,429,南京航大,107346,04,物/化/生(3选1),101001,医学检验技术,4,4000,四年,https://static-data.gaokao.cn/www/2.0/schoolspecialplan/429/2023/31.json?a=www.gaokao.cn,data/shanghai/raw/plan_api/static/2023/429.json,0
2023,综合,429,南京航大,107346,04,物/化/生(3选1),101005,康复治疗学,4,4800,四年,https://static-data.gaokao.cn/www/2.0/schoolspecialplan/429/2023/31.json?a=www.gaokao.cn,data/shanghai/raw/plan_api/static/2023/429.json,0
2023,综合,429,南京航大,107346,04,物/化/生(3选1),101003,医学影像技术,3,5000,四年,https://static-data.gaokao.cn/www/2.0/schoolspecialplan/429/2023/31.json?a=www.gaokao.cn,data/shanghai/raw/plan_api/static/2023/429.json,0
2023,综合,429,南京航大,107348,02,不限,101101K,护理学,2,4000,四年,https://static-data.gaokao.cn/www/2.0/schoolspecialplan/429/2023/31.json?a=www.gaokao.cn,data/shanghai/raw/plan_api/static/2023/429.json,1
2023,综合,429,南京航大,107345,05,化学/生物(2选1),100702,药物制剂,2,5000,四年,https://static-data.gaokao.cn/www/2.0/schoolspecialplan/429/2023/31.json?a=www.gaokao.cn,data/shanghai/raw/plan_api/static/2023/429.json,0
2023,综合,429,南京航大,107345,05,化学/生物(2选1),100801,中药学,2,4800,四年,https://static-data.gaokao.cn/www/2.0/schoolspecialplan/429/2023/31.json?a=www.gaokao.cn,data/shanghai/raw/plan_api/static/2023/429.json,0
2023,综合,431,三峡大学,106785,01,物理必选,080601,电气工程及其自动化,2,5850,四年,https://static-data.gaokao.cn/www/2.0/schoolspecialplan/431/2023/31.json?a=www.gaokao.cn,data/shanghai/raw/plan_api/static/2023/431.json,1
2023,综合,431,三峡大学,106785,01,物理必选,080602T,智能电网信息工程,2,5850,四年,https://static-data.gaokao.cn/www/2.0/schoolspecialplan/431/2023/31.json?a=www.gaokao.cn,data/shanghai/raw/plan_api/static/2023/431.json,1
2023,综合,431,三峡大学,106784,02,物/化/生(3选1),071001,生物科学,3,4500,四年,https://static-data.gaokao.cn/www/2.0/schoolspecialplan/431/2023/31.json?a=www.gaokao.cn,data/shanghai/raw/plan_api/static/2023/431.json,1
2023,综合,431,三峡大学,106784,02,物/化/生(3选1),083001,生物工程,3,5850,四年,https://static-data.gaokao.cn/www/2.0/schoolspecialplan/431/2023/31.json?a=www.gaokao.cn,data/shanghai/raw/plan_api/static/2023/431.json,1
2023,综合,431,三峡大学,106783,03,物理必选,080601,电气工程及其自动化,2,50000,四年,https://static-data.gaokao.cn/www/2.0/schoolspecialplan/431/2023/31.json?a=www.gaokao.cn,data/shanghai/raw/plan_api/static/2023/431.json,1
2023,综合,436,武汉轻工大学,106794,01,不限,020401,国际经济与贸易,2,4000,四年,https://static-data.gaokao.cn/www/2.0/schoolspecialplan/436/2023/31.json?a=www.gaokao.cn,data/shanghai/raw/plan_api/static/2023/436.json,1
2023,综合,436,武汉轻工大学,106794,01,不限,020301K,金融学,2,5200,四年,https://static-data.gaokao.cn/www/2.0/schoolspecialplan/436/2023/31.json?a=www.gaokao.cn,data/shanghai/raw/plan_api/static/2023/436.json,1
2023,综合,436,武汉轻工大学,106794,01,不限,0502,外国语言文学类,2,4000,四年,https://static-data.gaokao.cn/www/2.0/schoolspecialplan/436/2023/31.json?a=www.gaokao.cn,data/shanghai/raw/plan_api/static/2023/436.json,1
2023,综合,436,武汉轻工大学,106793,02,物理/历史(2选1),082801,建筑学,2,4000,五年,https://static-data.gaokao.cn/www/2.0/schoolspecialplan/436/2023/31.json?a=www.gaokao.cn,data/shanghai/raw/plan_api/static/2023/436.json,1
2023,综合,437,湖北中医药大学,106792,01,物/化/生(3选1),100501K,中医学,2,5200,五年,https://static-data.gaokao.cn/www/2.0/schoolspecialplan/437/2023/31.json?a=www.gaokao.cn,data/shanghai/raw/plan_api/static/2023/437.json,1
2023,综合,437,湖北中医药大学,106792,01,物/化/生(3选1),100502K,针灸推拿学,1,5200,五年,https://static-data.gaokao.cn/www/2.0/schoolspecialplan/437/2023/31.json?a=www.gaokao.cn,data/shanghai/raw/plan_api/static/2023/437.json,1
2023,综合,437,湖北中医药大学,106790,03,物理必选,080711T,医学信息工程,1,4000,四年,https://static-data.gaokao.cn/www/2.0/schoolspecialplan/437/2023/31.json?a=www.gaokao.cn,data/shanghai/raw/plan_api/static/2023/437.json,1
2023,综合,437,湖北中医药大学,106791,02,物理、化学(2科必选),100701,药学,1,5200,四年,https://static-data.gaokao.cn/www/2.0/schoolspecialplan/437/2023/31.json?a=www.gaokao.cn,data/shanghai/raw/plan_api/static/2023/437.json,0
2023,综合,437,湖北中医药大学,106791,02,物理、化学(2科必选),101007,卫生检验与检疫,1,5200,四年,https://static-data.gaokao.cn/www/2.0/schoolspecialplan/437/2023/31.json?a=www.gaokao.cn,data/shanghai/raw/plan_api/static/2023/437.json,0
2023,综合,437,湖北中医药大学,106789,04,不限,120601,物流管理,1,4000,四年,https://static-data.gaokao.cn/www/2.0/schoolspecialplan/437/2023/31.json?a=www.gaokao.cn,data/shanghai/raw/plan_api/static/2023/437.json,1
2023,综合,437,湖北中医药大学,106789,04,不限,120205,国际商务,1,4000,四年,https://static-data.gaokao.cn/www/2.0/schoolspecialplan/437/2023/31.json?a=www.gaokao.cn,data/shanghai/raw/plan_api/static/2023/437.json,1
2023,综合,437,湖北中医药大学,106789,04,不限,120202,市场营销,1,4000,四年,https://static-data.gaokao.cn/www/2.0/schoolspecialplan/437/2023/31.json?a=www.gaokao.cn,data/shanghai/raw/plan_api/static/2023/437.json,1
2023,综合,437,湖北中医药大学,106789,04,不限,071102,应用心理学,1,4000,四年,https://static-data.gaokao.cn/www/2.0/schoolspecialplan/437/2023/31.json?a=www.gaokao.cn,data/shanghai/raw/plan_api/static/2023/437.json,1
2023,综合,437,湖北中医药大学,106789,04,不限,050262,商务英语,1,4000,四年,https://static-data.gaokao.cn/www/2.0/schoolspecialplan/437/2023/31.json?a=www.gaokao.cn,data/shanghai/raw/plan_api/static/2023/437.json,1
2023,综合,437,湖北中医药大学,106790,03,物理必选,120102,信息管理与信息系统,1,4000,四年,https://static-data.gaokao.cn/www/2.0/schoolspecialplan/437/2023/31.json?a=www.gaokao.cn,data/shanghai/raw/plan_api/static/2023/437.json,1
2023,综合,438,湖北医药学院,106786,01,化学、生物(2科必选),100201K,临床医学,2,,-,https://static-data.gaokao.cn/www/2.0/schoolspecialplan/438/2023/31.json?a=www.gaokao.cn,data/shanghai/raw/plan_api/static/2023/438.json,1
2023,综合,438,湖北医药学院,106786,01,化学、生物(2科必选),100205TK,精神医学,2,,-,https://static-data.gaokao.cn/www/2.0/schoolspecialplan/438/2023/31.json?a=www.gaokao.cn,data/shanghai/raw/plan_api/static/2023/438.json,1
2023,综合,438,湖北医药学院,106786,01,化学、生物(2科必选),100203TK,医学影像学,1,,-,https://static-data.gaokao.cn/www/2.0/schoolspecialplan/438/2023/31.json?a=www.gaokao.cn,data/shanghai/raw/plan_api/static/2023/438.json,1
2023,综合,438,湖北医药学院,106786,01,化学、生物(2科必选),101001,医学检验技术,1,,-,https://static-data.gaokao.cn/www/2.0/schoolspecialplan/438/2023/31.json?a=www.gaokao.cn,data/shanghai/raw/plan_api/static/2023/438.json,1
2023,综合,438,湖北医药学院,106786,01,化学、生物(2科必选),100202TK,麻醉学,1,,-,https://static-data.gaokao.cn/www/2.0/schoolspecialplan/438/2023/31.json?a=www.gaokao.cn,data/shanghai/raw/plan_api/static/2023/438.json,1
2023,综合,446,东北石油大学,107358,01,不限,1202,工商管理类,2,,-,https://static-data.gaokao.cn/www/2.0/schoolspecialplan/446/2023/31.json?a=www.gaokao.cn,data/shanghai/raw/plan_api/static/2023/446.json,1
2023,综合,446,东北石油大学,107358,01,不限,020401,国际经济与贸易,1,,-,https://static-data.gaokao.cn/www/2.0/schoolspecialplan/446/2023/31.json?a=www.gaokao.cn,data/shanghai/raw/plan_api/static/2023/446.json,1
2023,综合,446,东北石油大学,107358,01,不限,050201,英语,1,,-,https://static-data.gaokao.cn/www/2.0/schoolspecialplan/446/2023/31.json?a=www.gaokao.cn,data/shanghai/raw/plan_api/static/2023/446.json,1
2023,综合,446,东北石油大学,107354,05,历史必选,120402,行政管理,2,,-,https://static-data.gaokao.cn/www/2.0/schoolspecialplan/446/2023/31.json?a=www.gaokao.cn,data/shanghai/raw/plan_api/static/2023/446.json,1
2023,综合,446,东北石油大学,107357,02,物理/化学(2选1),080501,能源与动力工程,2,,-,https://static-data.gaokao.cn/www/2.0/schoolspecialplan/446/2023/31.json?a=www.gaokao.cn,data/shanghai/raw/plan_api/static/2023/446.json,1
2023,综合,446,东北石油大学,107356,03,物/化/生(3选1),082502,环境工程,2,,-,https://static-data.gaokao.cn/www/2.0/schoolspecialplan/446/2023/31.json?a=www.gaokao.cn,data/shanghai/raw/plan_api/static/2023/446.json,1
2023,综合,446,东北石油大学,107355,04,化学必选,081301,化学工程与工艺,2,,-,https://static-data.gaokao.cn/www/2.0/schoolspecialplan/446/2023/31.json?a=www.gaokao.cn,data/shanghai/raw/plan_api/static/2023/446.json,1
2023,综合,446,东北石油大学,107355,04,化学必选,070301,化学,1,,-,https://static-data.gaokao.cn/www/2.0/schoolspecialplan/446/2023/31.json?a=www.gaokao.cn,data/shanghai/raw/plan_api/static/2023/446.json,1
2023,综合,446,东北石油大学,107353,06,物理必选,080911TK,网络空间安全,1,,-,https://static-data.gaokao.cn/www/2.0/schoolspecialplan/446/2023/31.json?a=www.gaokao.cn,data/shanghai/raw/plan_api/static/2023/446.json,1
2023,综合,458,南京特师,106855,01,物/化/生(3选1),081301,化学工程与工艺,4,,-,https://static-data.gaokao.cn/www/2.0/schoolspecialplan/458/2023/31.json?a=www.gaokao.cn,data/shanghai/raw/plan_api/static/2023/458.json,1
2023,综合,458,南京特师,106855,01,物/化/生(3选1),082702,食品质量与安全,2,,-,https://static-data.gaokao.cn/www/2.0/schoolspecialplan/458/2023/31.json?a=www.gaokao.cn,data/shanghai/raw/plan_api/static/2023/458.json,1
2023,综合,458,南京特师,106854,02,不限,120801,电子商务,4,,-,https://static-data.gaokao.cn/www/2.0/schoolspecialplan/458/2023/31.json?a=www.gaokao.cn,data/shanghai/raw/plan_api/static/2023/458.json,1
2023,综合,458,南京特师,106854,02,不限,030302,社会工作,2,,-,https://static-data.gaokao.cn/www/2.0/schoolspecialplan/458/2023/31.json?a=www.gaokao.cn,data/shanghai/raw/plan_api/static/2023/458.json,1
2023,综合,458,南京特师,106854,02,不限,050209,朝鲜语,2,,-,https://static-data.gaokao.cn/www/2.0/schoolspecialplan/458/2023/31.json?a=www.gaokao.cn,data/shanghai/raw/plan_api/static/2023/458.json,1
2023,综合,458,南京特师,106854,02,不限,120201K,工商管理,2,,-,https://static-data.gaokao.cn/www/2.0/schoolspecialplan/458/2023/31.json?a=www.gaokao.cn,data/shanghai/raw/plan_api/static/2023/458.json,1
2023,综合,458,南京特师,106854,02,不限,120202,市场营销,2,,-,https://static-data.gaokao.cn/www/2.0/schoolspecialplan/458/2023/31.json?a=www.gaokao.cn,data/shanghai/raw/plan_api/static/2023/458.json,1
2023,综合,458,南京特师,106854,02,不限,120203K,会计学,2,,-,https://static-data.gaokao.cn/www/2.0/schoolspecialplan/458/2023/31.json?a=www.gaokao.cn,data/shanghai/raw/plan_api/static/2023/458.json,1
2023,综合,459,河南大学,106842,01,不限,120201K,工商管理,5,4400,四年,https://static-data.gaokao.cn/www/2.0/schoolspecialplan/459/2023/31.json?a=www.gaokao.cn,data/shanghai/raw/plan_api/static/2023/459.json,1
2023,综合,459,河南大学,106842,01,不限,030101K,法学,4,5060,四年,https://static-data.gaokao.cn/www/2.0/schoolspecialplan/459/2023/31.json?a=www.gaokao.cn,data/shanghai/raw/plan_api/static/2023/459.json,1
2023,综合,459,河南大学,106842,01,不限,1204,公共管理类,4,4400,四年,https://static-data.gaokao.cn/www/2.0/schoolspecialplan/459/2023/31.json?a=www.gaokao.cn,data/shanghai/raw/plan_api/static/2023/459.json,1
2023,综合,459,河南大学,106842,01,不限,040101,教育学,3,5060,四年,https://static-data.gaokao.cn/www/2.0/schoolspecialplan/459/2023/31.json?a=www.gaokao.cn,data/shanghai/raw/plan_api/static/2023/459.json,1
2023,综合,459,河南大学,106842,01,不限,050261,翻译,3,4400,四年,https://static-data.gaokao.cn/www/2.0/schoolspecialplan/459/2023/31.json?a=www.gaokao.cn,data/shanghai/raw/plan_api/static/2023/459.json,1
2023,综合,459,河南大学,106842,01,不限,071102,应用心理学,3,5000,四年,https://static-data.gaokao.cn/www/2.0/schoolspecialplan/459/2023/31.json?a=www.gaokao.cn,data/shanghai/raw/plan_api/static/2023/459.json,1
2023,综合,459,河南大学,106842,01,不限,120203K,会计学,3,5060,四年,https://static-data.gaokao.cn/www/2.0/schoolspecialplan/459/2023/31.json?a=www.gaokao.cn,data/shanghai/raw/plan_api/static/2023/459.json,1
2023,综合,459,河南大学,106842,01,不限,0201,经济学类,2,5060,四年,https://static-data.gaokao.cn/www/2.0/schoolspecialplan/459/2023/31.json?a=www.gaokao.cn,data/shanghai/raw/plan_api/static/2023/459.json,1
2023,综合,459,河南大学,106842,01,不限,020102,经济统计学,2,5060,四年,https://static-data.gaokao.cn/www/2.0/schoolspecialplan/459/2023/31.json?a=www.gaokao.cn,data/shanghai/raw/plan_api/static/2023/459.json,1
2023,综合,459,河南大学,106838,05,物理必选,080902,软件工程,10,15000,四年,https://static-data.gaokao.cn/www/2.0/schoolspecialplan/459/2023/31.json?a=www.gaokao.cn,data/shanghai/raw/plan_api/static/2023/459.json,1
2023,综合,459,河南大学,106839,04,不限,120203K,会计学,5,18000,四年,https://static-data.gaokao.cn/www/2.0/schoolspecialplan/459/2023/31.json?a=www.gaokao.cn,data/shanghai/raw/plan_api/static/2023/459.json,1
2023,综合,459,河南大学,106841,02,政/地/史(3选1),0501,中国语言文学类,3,5060,四年,https://static-data.gaokao.cn/www/2.0/schoolspecialplan/459/2023/31.json?a=www.gaokao.cn,data/shanghai/raw/plan_api/static/2023/459.json,1
2023,综合,459,河南大学,106840,03,物/化/地(3选1),0705,地理科学类,3,5750,四年,https://static-data.gaokao.cn/www/2.0/schoolspecialplan/459/2023/31.json?a=www.gaokao.cn,data/shanghai/raw/plan_api/static/2023/459.json,1
2023,综合,460,东南成贤,106850,01,不限,020401,国际经济与贸易,2,4400,四年,https://static-data.gaokao.cn/www/2.0/schoolspecialplan/460/2023/31.json?a=www.gaokao.cn,data/shanghai/raw/plan_api/static/2023/460.json,1
2023,综合,460,东南成贤,106849,02,政/地/史(3选1),050201,英语,2,4400,四年,https://static-data.gaokao.cn/www/2.0/schoolspecialplan/460/2023/31.json?a=www.gaokao.cn,data/shanghai/raw/plan_api/static/2023/460.json,1
2023,综合,462,南理紫金,106847,01,物理/化学(2选1),082504,环境生态工程,2,,-,https://static-data.gaokao.cn/www/2.0/schoolspecialplan/462/2023/31.json?a=www.gaokao.cn,data/shanghai/raw/plan_api/static/2023/462.json,1
2023,综合,462,南理紫金,106845,03,化学必选,0817,轻工类,2,,-,https://static-data.gaokao.cn/www/2.0/schoolspecialplan/462/2023/31.json?a=www.gaokao.cn,data/shanghai/raw/plan_api/static/2023/462.json,1
2023,综合,462,南理紫金,106846,02,不限,020101,经济学,1,,-,https://static-data.gaokao.cn/www/2.0/schoolspecialplan/462/2023/31.json?a=www.gaokao.cn,data/shanghai/raw/plan_api/static/2023/462.json,1
2023,综合,462,南理紫金,106846,02,不限,020307T,经济与金融,1,,-,https://static-data.gaokao.cn/www/2.0/schoolspecialplan/462/2023/31.json?a=www.gaokao.cn,data/shanghai/raw/plan_api/static/2023/462.json,1
2023,综合,463,南航金城,106858,01,物理必选,0802,机械类,2,5500,四年,https://static-data.gaokao.cn/www/2.0/schoolspecialplan/463/2023/31.json?a=www.gaokao.cn,data/shanghai/raw/plan_api/static/2023/463.json,1
2023,综合,463,南航金城,106858,01,物理必选,080703,通信工程,2,5500,四年,https://static-data.gaokao.cn/www/2.0/schoolspecialplan/463/2023/31.json?a=www.gaokao.cn,data/shanghai/raw/plan_api/static/2023/463.json,1
2023,综合,463,南航金城,106858,01,物理必选,081001,土木工程,2,5000,四年,https://static-data.gaokao.cn/www/2.0/schoolspecialplan/463/2023/31.json?a=www.gaokao.cn,data/shanghai/raw/plan_api/static/2023/463.json,1
2023,综合,463,南航金城,106858,01,物理必选,081201,测绘工程,2,5000,四年,https://static-data.gaokao.cn/www/2.0/schoolspecialplan/463/2023/31.json?a=www.gaokao.cn,data/shanghai/raw/plan_api/static/2023/463.json,1
2023,综合,463,南航金城,106856,03,不限,020301K,金融学,2,4400,四年,https://static-data.gaokao.cn/www/2.0/schoolspecialplan/463/2023/31.json?a=www.gaokao.cn,data/shanghai/raw/plan_api/static/2023/463.json,1
2023,综合,463,南航金城,106857,02,化学必选,080401,材料科学与工程,2,5000,四年,https://static-data.gaokao.cn/www/2.0/schoolspecialplan/463/2023/31.json?a=www.gaokao.cn,data/shanghai/raw/plan_api/static/2023/463.json,1
2023,综合,463,南航金城,106856,03,不限,120203K,会计学,2,4800,四年,https://static-data.gaokao.cn/www/2.0/schoolspecialplan/463/2023/31.json?a=www.gaokao.cn,data/shanghai/raw/plan_api/static/2023/463.json,1
2023,综合,463,南航金城,106856,03,不限,120701,工业工程,2,5000,四年,https://static-data.gaokao.cn/www/2.0/schoolspecialplan/463/2023/31.json?a=www.gaokao.cn,data/shanghai/raw/plan_api/static/2023/463.json,1
2023,综合,465,南师泰州,107037,01,不限,120402,行政管理,3,5460,四年,https://static-data.gaokao.cn/www/2.0/schoolspecialplan/465/2023/31.json?a=www.gaokao.cn,data/shanghai/raw/plan_api/static/2023/465.json,1
2023,综合,465,南师泰州,107037,01,不限,0201,经济学类,2,28000,四年,https://static-data.gaokao.cn/www/2.0/schoolspecialplan/465/2023/31.json?a=www.gaokao.cn,data/shanghai/raw/plan_api/static/2023/465.json,1
2023,综合,465,南师泰州,107037,01,不限,030101K,法学,2,5460,四年,https://static-data.gaokao.cn/www/2.0/schoolspecialplan/465/2023/31.json?a=www.gaokao.cn,data/shanghai/raw/plan_api/static/2023/465.json,1
2023,综合,465,南师泰州,107037,01,不限,050201,英语,2,5460,四年,https://static-data.gaokao.cn/www/2.0/schoolspecialplan/465/2023/31.json?a=www.gaokao.cn,data/shanghai/raw/plan_api/static/2023/465.json,1
2023,综合,466,南工浦江,106853,01,不限,120202,市场营销,24,,-,https://static-data.gaokao.cn/www/2.0/schoolspecialplan/466/2023/31.json?a=www.gaokao.cn,data/shanghai/raw/plan_api/static/2023/466.json,1
2023,综合,466,南工浦江,106853,01,不限,120206,人力资源管理,24,,-,https://static-data.gaokao.cn/www/2.0/schoolspecialplan/466/2023/31.json?a=www.gaokao.cn,data/shanghai/raw/plan_api/static/2023/466.json,1
2023,综合,466,南工浦江,106853,01,不限,120203K,会计学,17,,-,https://static-data.gaokao.cn/www/2.0/schoolspecialplan/466/2023/31.json?a=www.gaokao.cn,data/shanghai/raw/plan_api/static/2023/466.json,1
2023,综合,466,南工浦江,106852,02,物理必选,080905,物联网工程,12,,-,https://static-data.gaokao.cn/www/2.0/schoolspecialplan/466/2023/31.json?a=www.gaokao.cn,data/shanghai/raw/plan_api/static/2023/466.json,1
2023,综合,466,南工浦江,106851,03,化学必选,071002,生物技术,3,,-,https://static-data.gaokao.cn/www/2.0/schoolspecialplan/466/2023/31.json?a=www.gaokao.cn,data/shanghai/raw/plan_api/static/2023/466.json,1
2023,综合,468,福建农林大学,107033,01,不限,1204,公共管理类,6,,-,https://static-data.gaokao.cn/www/2.0/schoolspecialplan/468/2023/31.json?a=www.gaokao.cn,data/shanghai/raw/plan_api/static/2023/468.json,1
2023,综合,471,苏大应用,107032,01,物理必选,081801,交通运输,3,5460,四年,https://static-data.gaokao.cn/www/2.0/schoolspecialplan/471/2023/31.json?a=www.gaokao.cn,data/shanghai/raw/plan_api/static/2023/471.json,1
2023,综合,471,苏大应用,107032,01,物理必选,081901,船舶与海洋工程,3,5460,四年,https://static-data.gaokao.cn/www/2.0/schoolspecialplan/471/2023/31.json?a=www.gaokao.cn,data/shanghai/raw/plan_api/static/2023/471.json,1
2023,综合,471,苏大应用,107032,01,物理必选,120801,电子商务,3,5460,四年,https://static-data.gaokao.cn/www/2.0/schoolspecialplan/471/2023/31.json?a=www.gaokao.cn,data/shanghai/raw/plan_api/static/2023/471.json,1
2023,综合,471,苏大应用,107032,01,物理必选,080703,通信工程,3,5460,四年,https://static-data.gaokao.cn/www/2.0/schoolspecialplan/471/2023/31.json?a=www.gaokao.cn,data/shanghai/raw/plan_api/static/2023/471.json,1
2023,综合,471,苏大应用,107032,01,物理必选,080901,计算机科学与技术,3,5460,四年,https://static-data.gaokao.cn/www/2.0/schoolspecialplan/471/2023/31.json?a=www.gaokao.cn,data/shanghai/raw/plan_api/static/2023/471.json,1
2023,综合,471,苏大应用,107032,01,物理必选,080202,机械设计制造及其自动化,3,5460,四年,https://static-data.gaokao.cn/www/2.0/schoolspecialplan/471/2023/31.json?a=www.gaokao.cn,data/shanghai/raw/plan_api/static/2023/471.json,1
2023,综合,471,苏大应用,107032,01,物理必选,081103,港口航道与海岸工程,3,5460,四年,https://static-data.gaokao.cn/www/2.0/schoolspecialplan/471/2023/31.json?a=www.gaokao.cn,data/shanghai/raw/plan_api/static/2023/471.json,1
2023,综合,471,苏大应用,107032,01,物理必选,120601,物流管理,3,5460,四年,https://static-data.gaokao.cn/www/2.0/schoolspecialplan/471/2023/31.json?a=www.gaokao.cn,data/shanghai/raw/plan_api/static/2023/471.json,1
2023,综合,471,苏大应用,107032,01,物理必选,120103,工程管理,3,5460,四年,https://static-data.gaokao.cn/www/2.0/schoolspecialplan/471/2023/31.json?a=www.gaokao.cn,data/shanghai/raw/plan_api/static/2023/471.json,1
2023,综合,471,苏大应用,107032,01,物理必选,080717T,人工智能,3,5460,四年,https://static-data.gaokao.cn/www/2.0/schoolspecialplan/471/2023/31.json?a=www.gaokao.cn,data/shanghai/raw/plan_api/static/2023/471.json,1
2023,综合,471,苏大应用,107032,01,物理必选,080910T,数据科学与大数据技术,3,5460,四年,https://static-data.gaokao.cn/www/2.0/schoolspecialplan/471/2023/31.json?a=www.gaokao.cn,data/shanghai/raw/plan_api/static/2023/471.json,1
2023,综合,471,苏大应用,107032,01,物理必选,120111T,应急管理,2,5460,四年,https://static-data.gaokao.cn/www/2.0/schoolspecialplan/471/2023/31.json?a=www.gaokao.cn,data/shanghai/raw/plan_api/static/2023/471.json,1
2023,综合,471,苏大应用,107031,02,不限,120207,审计学,3,5460,四年,https://static-data.gaokao.cn/www/2.0/schoolspecialplan/471/2023/31.json?a=www.gaokao.cn,data/shanghai/raw/plan_api/static/2023/471.json,1
2023,综合,471,苏大应用,107031,02,不限,020401,国际经济与贸易,2,5460,四年,https://static-data.gaokao.cn/www/2.0/schoolspecialplan/471/2023/31.json?a=www.gaokao.cn,data/shanghai/raw/plan_api/static/2023/471.json,1
2023,综合,471,苏大应用,107031,02,不限,030101K,法学,2,5460,四年,https://static-data.gaokao.cn/www/2.0/schoolspecialplan/471/2023/31.json?a=www.gaokao.cn,data/shanghai/raw/plan_api/static/2023/471.json,1
2023,综合,471,苏大应用,107031,02,不限,120203K,会计学,2,5460,四年,https://static-data.gaokao.cn/www/2.0/schoolspecialplan/471/2023/31.json?a=www.gaokao.cn,data/shanghai/raw/plan_api/static/2023/471.json,1
2023,综合,471,苏大应用,107031,02,不限,020301K,金融学,2,5460,四年,https://static-data.gaokao.cn/www/2.0/schoolspecialplan/471/2023/31.json?a=www.gaokao.cn,data/shanghai/raw/plan_api/static/2023/471.json,1
2023,综合,471,苏大应用,107031,02,不限,050207,日语,2,5460,四年,https://static-data.gaokao.cn/www/2.0/schoolspecialplan/471/2023/31.json?a=www.gaokao.cn,data/shanghai/raw/plan_api/static/2023/471.json,1
2023,综合,471,苏大应用,107031,02,不限,050261,翻译,2,5460,四年,https://static-data.gaokao.cn/www/2.0/schoolspecialplan/471/2023/31.json?a=www.gaokao.cn,data/shanghai/raw/plan_api/static/2023/471.json,1
2023,综合,474,南邮通达,107034,01,不限,050301,新闻学,3,5040,四年,https://static-data.gaokao.cn/www/2.0/schoolspecialplan/474/2023/31.json?a=www.gaokao.cn,data/shanghai/raw/plan_api/static/2023/474.json,1
2023,综合,474,南邮通达,107034,01,不限,030101K,法学,3,5460,四年,https://static-data.gaokao.cn/www/2.0/schoolspecialplan/474/2023/31.json?a=www.gaokao.cn,data/shanghai/raw/plan_api/static/2023/474.json,1
2023,综合,474,南邮通达,107034,01,不限,050306T,网络与新媒体,2,5040,四年,https://static-data.gaokao.cn/www/2.0/schoolspecialplan/474/2023/31.json?a=www.gaokao.cn,data/shanghai/raw/plan_api/static/2023/474.json,1
2023,综合,474,南邮通达,107034,01,不限,050101,汉语言文学,2,5460,四年,https://static-data.gaokao.cn/www/2.0/schoolspecialplan/474/2023/31.json?a=www.gaokao.cn,data/shanghai/raw/plan_api/static/2023/474.json,1
2023,综合,475,江科苏理,107028,01,不限,050201,英语,2,5040,四年,https://static-data.gaokao.cn/www/2.0/schoolspecialplan/475/2023/31.json?a=www.gaokao.cn,data/shanghai/raw/plan_api/static/2023/475.json,1
2023,综合,475,江科苏理,107024,05,化学/生物(2选1),082503,环境科学,2,5040,四年,https://static-data.gaokao.cn/www/2.0/schoolspecialplan/475/2023/31.json?a=www.gaokao.cn,data/shanghai/raw/plan_api/static/2023/475.json,1
2023,综合,475,江科苏理,107027,02,物理必选,080905,物联网工程,2,5040,四年,https://static-data.gaokao.cn/www/2.0/schoolspecialplan/475/2023/31.json?a=www.gaokao.cn,data/shanghai/raw/plan_api/static/2023/475.json,1
2023,综合,475,江科苏理,107027,02,物理必选,080901,计算机科学与技术,2,5040,四年,https://static-data.gaokao.cn/www/2.0/schoolspecialplan/475/2023/31.json?a=www.gaokao.cn,data/shanghai/raw/plan_api/static/2023/475.json,1
2023,综合,475,江科苏理,107026,03,物理、化学(2科必选),080407,高分子材料与工程,2,5040,四年,https://static-data.gaokao.cn/www/2.0/schoolspecialplan/475/2023/31.json?a=www.gaokao.cn,data/shanghai/raw/plan_api/static/2023/475.json,1
2023,综合,475,江科苏理,107024,05,化学/生物(2选1),071001,生物科学,2,5460,四年,https://static-data.gaokao.cn/www/2.0/schoolspecialplan/475/2023/31.json?a=www.gaokao.cn,data/shanghai/raw/plan_api/static/2023/475.json,1
2023,综合,475,江科苏理,107025,04,物/化/生(3选1),081301,化学工程与工艺,1,5040,四年,https://static-data.gaokao.cn/www/2.0/schoolspecialplan/475/2023/31.json?a=www.gaokao.cn,data/shanghai/raw/plan_api/static/2023/475.json,1
2023,综合,480,西北民族大学,106475,01,历史必选,060105T,文物保护技术,2,3800,四年,https://static-data.gaokao.cn/www/2.0/schoolspecialplan/480/2023/31.json?a=www.gaokao.cn,data/shanghai/raw/plan_api/static/2023/480.json,1
2023,综合,480,西北民族大学,106475,01,历史必选,030401,民族学,1,3800,四年,https://static-data.gaokao.cn/www/2.0/schoolspecialplan/480/2023/31.json?a=www.gaokao.cn,data/shanghai/raw/plan_api/static/2023/480.json,1
2023,综合,480,西北民族大学,106473,03,不限,120201K,工商管理,2,3800,四年,https://static-data.gaokao.cn/www/2.0/schoolspecialplan/480/2023/31.json?a=www.gaokao.cn,data/shanghai/raw/plan_api/static/2023/480.json,1
2023,综合,480,西北民族大学,106474,02,不限,050206,阿拉伯语,1,4400,四年,https://static-data.gaokao.cn/www/2.0/schoolspecialplan/480/2023/31.json?a=www.gaokao.cn,data/shanghai/raw/plan_api/static/2023/480.json,1
2023,综合,483,兰州理工大学,106468,01,物理必选,120108T,大数据管理与应用,4,,-,https://static-data.gaokao.cn/www/2.0/schoolspecialplan/483/2023/31.json?a=www.gaokao.cn,data/shanghai/raw/plan_api/static/2023/483.json,1
2023,综合,483,兰州理工大学,106468,01,物理必选,080202,机械设计制造及其自动化,2,,-,https://static-data.gaokao.cn/www/2.0/schoolspecialplan/483/2023/31.json?a=www.gaokao.cn,data/shanghai/raw/plan_api/static/2023/483.json,1
2023,综合,483,兰州理工大学,106468,01,物理必选,080203,材料成型及控制工程,2,,-,https://static-data.gaokao.cn/www/2.0/schoolspecialplan/483/2023/31.json?a=www.gaokao.cn,data/shanghai/raw/plan_api/static/2023/483.json,1
2023,综合,483,兰州理工大学,106468,01,物理必选,080501,能源与动力工程,2,,-,https://static-data.gaokao.cn/www/2.0/schoolspecialplan/483/2023/31.json?a=www.gaokao.cn,data/shanghai/raw/plan_api/static/2023/483.json,1
2023,综合,483,兰州理工大学,106468,01,物理必选,080601,电气工程及其自动化,2,,-,https://static-data.gaokao.cn/www/2.0/schoolspecialplan/483/2023/31.json?a=www.gaokao.cn,data/shanghai/raw/plan_api/static/2023/483.json,1
2023,综合,483,兰州理工大学,106468,01,物理必选,081001,土木工程,2,,-,https://static-data.gaokao.cn/www/2.0/schoolspecialplan/483/2023/31.json?a=www.gaokao.cn,data/shanghai/raw/plan_api/static/2023/483.json,1
2023,综合,483,兰州理工大学,106467,02,不限,120203K,会计学,3,,-,https://static-data.gaokao.cn/www/2.0/schoolspecialplan/483/2023/31.json?a=www.gaokao.cn,data/shanghai/raw/plan_api/static/2023/483.json,1
2023,综合,487,南阳师范学院,106837,01,不限,050103,汉语国际教育,4,4400,四年,https://static-data.gaokao.cn/www/2.0/schoolspecialplan/487/2023/31.json?a=www.gaokao.cn,data/shanghai/raw/plan_api/static/2023/487.json,1
2023,综合,487,南阳师范学院,106837,01,不限,050262,商务英语,4,4400,四年,https://static-data.gaokao.cn/www/2.0/schoolspecialplan/487/2023/31.json?a=www.gaokao.cn,data/shanghai/raw/plan_api/static/2023/487.json,1
2023,综合,488,兰州交通大学,106466,01,不限,020401,国际经济与贸易,3,,-,https://static-data.gaokao.cn/www/2.0/schoolspecialplan/488/2023/31.json?a=www.gaokao.cn,data/shanghai/raw/plan_api/static/2023/488.json,1
2023,综合,488,兰州交通大学,106466,01,不限,120203K,会计学,3,,-,https://static-data.gaokao.cn/www/2.0/schoolspecialplan/488/2023/31.json?a=www.gaokao.cn,data/shanghai/raw/plan_api/static/2023/488.json,1
2023,综合,488,兰州交通大学,106466,01,不限,120201K,工商管理,2,,-,https://static-data.gaokao.cn/www/2.0/schoolspecialplan/488/2023/31.json?a=www.gaokao.cn,data/shanghai/raw/plan_api/static/2023/488.json,1
2023,综合,488,兰州交通大学,106466,01,不限,120202,市场营销,2,,-,https://static-data.gaokao.cn/www/2.0/schoolspecialplan/488/2023/31.json?a=www.gaokao.cn,data/shanghai/raw/plan_api/static/2023/488.json,1
2023,综合,489,商丘师范学院,106836,01,不限,020401,国际经济与贸易,2,4400,四年,https://static-data.gaokao.cn/www/2.0/schoolspecialplan/489/2023/31.json?a=www.gaokao.cn,data/shanghai/raw/plan_api/static/2023/489.json,1
2023,综合,489,商丘师范学院,106836,01,不限,030302,社会工作,2,4400,四年,https://static-data.gaokao.cn/www/2.0/schoolspecialplan/489/2023/31.json?a=www.gaokao.cn,data/shanghai/raw/plan_api/static/2023/489.json,1
2023,综合,489,商丘师范学院,106836,01,不限,120204,财务管理,2,4400,四年,https://static-data.gaokao.cn/www/2.0/schoolspecialplan/489/2023/31.json?a=www.gaokao.cn,data/shanghai/raw/plan_api/static/2023/489.json,1
2023,综合,489,商丘师范学院,106836,01,不限,020304,投资学,1,4400,四年,https://static-data.gaokao.cn/www/2.0/schoolspecialplan/489/2023/31.json?a=www.gaokao.cn,data/shanghai/raw/plan_api/static/2023/489.json,1
2023,综合,489,商丘师范学院,106835,02,物理、化学(2科必选),080717T,人工智能,2,5000,四年,https://static-data.gaokao.cn/www/2.0/schoolspecialplan/489/2023/31.json?a=www.gaokao.cn,data/shanghai/raw/plan_api/static/2023/489.json,1
2023,综合,489,商丘师范学院,106834,03,物/化/生(3选1),020305T,金融数学,1,5000,四年,https://static-data.gaokao.cn/www/2.0/schoolspecialplan/489/2023/31.json?a=www.gaokao.cn,data/shanghai/raw/plan_api/static/2023/489.json,1
2023,综合,491,青岛农业大学,106902,01,不限,030102T,知识产权,1,,-,https://static-data.gaokao.cn/www/2.0/schoolspecialplan/491/2023/31.json?a=www.gaokao.cn,data/shanghai/raw/plan_api/static/2023/491.json,1
2023,综合,491,青岛农业大学,106902,01,不限,120204,财务管理,1,,-,https://static-data.gaokao.cn/www/2.0/schoolspecialplan/491/2023/31.json?a=www.gaokao.cn,data/shanghai/raw/plan_api/static/2023/491.json,1
2023,综合,491,青岛农业大学,106901,02,物/化/生(3选1),090601,水产养殖学,4,,-,https://static-data.gaokao.cn/www/2.0/schoolspecialplan/491/2023/31.json?a=www.gaokao.cn,data/shanghai/raw/plan_api/static/2023/491.json,1
2023,综合,491,青岛农业大学,106901,02,物/化/生(3选1),090305T,马业科学,2,,-,https://static-data.gaokao.cn/www/2.0/schoolspecialplan/491/2023/31.json?a=www.gaokao.cn,data/shanghai/raw/plan_api/static/2023/491.json,1
2023,综合,491,青岛农业大学,106901,02,物/化/生(3选1),090502,园林,2,,-,https://static-data.gaokao.cn/www/2.0/schoolspecialplan/491/2023/31.json?a=www.gaokao.cn,data/shanghai/raw/plan_api/static/2023/491.json,1
2023,综合,491,青岛农业大学,106901,02,物/化/生(3选1),090604TK,水生动物医学,2,,-,https://static-data.gaokao.cn/www/2.0/schoolspecialplan/491/2023/31.json?a=www.gaokao.cn,data/shanghai/raw/plan_api/static/2023/491.json,1
2023,综合,491,青岛农业大学,106901,02,物/化/生(3选1),082701,食品科学与工程,1,,-,https://static-data.gaokao.cn/www/2.0/schoolspecialplan/491/2023/31.json?a=www.gaokao.cn,data/shanghai/raw/plan_api/static/2023/491.json,1
2023,综合,491,青岛农业大学,106901,02,物/化/生(3选1),090603T,水族科学与技术,1,,-,https://static-data.gaokao.cn/www/2.0/schoolspecialplan/491/2023/31.json?a=www.gaokao.cn,data/shanghai/raw/plan_api/static/2023/491.json,1
2023,综合,495,西北师范大学,106465,01,不限,050261,翻译,2,4400,四年,https://static-data.gaokao.cn/www/2.0/schoolspecialplan/495/2023/31.json?a=www.gaokao.cn,data/shanghai/raw/plan_api/static/2023/495.json,1
2023,综合,495,西北师范大学,106465,01,不限,050101,汉语言文学,2,3800,四年,https://static-data.gaokao.cn/www/2.0/schoolspecialplan/495/2023/31.json?a=www.gaokao.cn,data/shanghai/raw/plan_api/static/2023/495.json,1
2023,综合,495,西北师范大学,106465,01,不限,050103,汉语国际教育,2,3800,四年,https://static-data.gaokao.cn/www/2.0/schoolspecialplan/495/2023/31.json?a=www.gaokao.cn,data/shanghai/raw/plan_api/static/2023/495.json,1
2023,综合,495,西北师范大学,106465,01,不限,050207,日语,2,4400,四年,https://static-data.gaokao.cn/www/2.0/schoolspecialplan/495/2023/31.json?a=www.gaokao.cn,data/shanghai/raw/plan_api/static/2023/495.json,1
2023,综合,495,西北师范大学,106465,01,不限,1202,工商管理类,2,3800,四年,https://static-data.gaokao.cn/www/2.0/schoolspecialplan/495/2023/31.json?a=www.gaokao.cn,data/shanghai/raw/plan_api/static/2023/495.json,1
2023,综合,495,西北师范大学,106465,01,不限,120203K,会计学,2,3800,四年,https://static-data.gaokao.cn/www/2.0/schoolspecialplan/495/2023/31.json?a=www.gaokao.cn,data/shanghai/raw/plan_api/static/2023/495.json,1
2023,综合,495,西北师范大学,106465,01,不限,050206,阿拉伯语,1,4400,四年,https://static-data.gaokao.cn/www/2.0/schoolspecialplan/495/2023/31.json?a=www.gaokao.cn,data/shanghai/raw/plan_api/static/2023/495.json,1
2023,综合,495,西北师范大学,106464,02,物理必选,070101,数学与应用数学,2,4300,四年,https://static-data.gaokao.cn/www/2.0/schoolspecialplan/495/2023/31.json?a=www.gaokao.cn,data/shanghai/raw/plan_api/static/2023/495.json,1
2023,综合,495,西北师范大学,106464,02,物理必选,071201,统计学,2,4300,四年,https://static-data.gaokao.cn/www/2.0/schoolspecialplan/495/2023/31.json?a=www.gaokao.cn,data/shanghai/raw/plan_api/static/2023/495.json,1
2023,综合,495,西北师范大学,106463,03,历史必选,060101,历史学,2,3800,四年,https://static-data.gaokao.cn/www/2.0/schoolspecialplan/495/2023/31.json?a=www.gaokao.cn,data/shanghai/raw/plan_api/static/2023/495.json,1
2023,综合,495,西北师范大学,106462,04,物/化/生(3选1),071001,生物科学,2,4300,四年,https://static-data.gaokao.cn/www/2.0/schoolspecialplan/495/2023/31.json?a=www.gaokao.cn,data/shanghai/raw/plan_api/static/2023/495.json,1
2023,综合,495,西北师范大学,106461,05,物/化/地(3选1),070501,地理科学,2,4300,四年,https://static-data.gaokao.cn/www/2.0/schoolspecialplan/495/2023/31.json?a=www.gaokao.cn,data/shanghai/raw/plan_api/static/2023/495.json,1
2023,综合,495,西北师范大学,106461,05,物/化/地(3选1),070504,地理信息科学,2,4300,四年,https://static-data.gaokao.cn/www/2.0/schoolspecialplan/495/2023/31.json?a=www.gaokao.cn,data/shanghai/raw/plan_api/static/2023/495.json,1
2023,综合,499,青岛大学,106875,01,不限,030101K,法学,1,5280,四年,https://static-data.gaokao.cn/www/2.0/schoolspecialplan/499/2023/31.json?a=www.gaokao.cn,data/shanghai/raw/plan_api/static/2023/499.json,1
2023,综合,499,青岛大学,106875,01,不限,050203,德语,1,5280,四年,https://static-data.gaokao.cn/www/2.0/schoolspecialplan/499/2023/31.json?a=www.gaokao.cn,data/shanghai/raw/plan_api/static/2023/499.json,1
2023,综合,499,青岛大学,106874,02,物理必选,080601,电气工程及其自动化,2,6600,四年,https://static-data.gaokao.cn/www/2.0/schoolspecialplan/499/2023/31.json?a=www.gaokao.cn,data/shanghai/raw/plan_api/static/2023/499.json,1
2023,综合,499,青岛大学,106874,02,物理必选,080901,计算机科学与技术,2,6600,四年,https://static-data.gaokao.cn/www/2.0/schoolspecialplan/499/2023/31.json?a=www.gaokao.cn,data/shanghai/raw/plan_api/static/2023/499.json,1
2023,综合,499,青岛大学,106873,03,物理、化学(2科必选),100201K,临床医学,2,7920,五年,https://static-data.gaokao.cn/www/2.0/schoolspecialplan/499/2023/31.json?a=www.gaokao.cn,data/shanghai/raw/plan_api/static/2023/499.json,1
2023,综合,499,青岛大学,106874,02,物理必选,020101,经济学,1,6600,四年,https://static-data.gaokao.cn/www/2.0/schoolspecialplan/499/2023/31.json?a=www.gaokao.cn,data/shanghai/raw/plan_api/static/2023/499.json,1
2023,综合,499,青岛大学,106872,04,化学/生物(2选1),100701,药学,1,7920,四年,https://static-data.gaokao.cn/www/2.0/schoolspecialplan/499/2023/31.json?a=www.gaokao.cn,data/shanghai/raw/plan_api/static/2023/499.json,1
2023,综合,500,兰州财经大学,106460,01,不限,020102,经济统计学,2,3800,四年,https://static-data.gaokao.cn/www/2.0/schoolspecialplan/500/2023/31.json?a=www.gaokao.cn,data/shanghai/raw/plan_api/static/2023/500.json,1
2023,综合,500,兰州财经大学,106460,01,不限,020202,税收学,2,3800,四年,https://static-data.gaokao.cn/www/2.0/schoolspecialplan/500/2023/31.json?a=www.gaokao.cn,data/shanghai/raw/plan_api/static/2023/500.json,1
2023,综合,500,兰州财经大学,106460,01,不限,020301K,金融学,2,3800,四年,https://static-data.gaokao.cn/www/2.0/schoolspecialplan/500/2023/31.json?a=www.gaokao.cn,data/shanghai/raw/plan_api/static/2023/500.json,1
2023,综合,500,兰州财经大学,106460,01,不限,020401,国际经济与贸易,2,3800,四年,https://static-data.gaokao.cn/www/2.0/schoolspecialplan/500/2023/31.json?a=www.gaokao.cn,data/shanghai/raw/plan_api/static/2023/500.json,1
2023,综合,500,兰州财经大学,106460,01,不限,050101,汉语言文学,2,3800,四年,https://static-data.gaokao.cn/www/2.0/schoolspecialplan/500/2023/31.json?a=www.gaokao.cn,data/shanghai/raw/plan_api/static/2023/500.json,1
2023,综合,500,兰州财经大学,106460,01,不限,120203K,会计学,2,3800,四年,https://static-data.gaokao.cn/www/2.0/schoolspecialplan/500/2023/31.json?a=www.gaokao.cn,data/shanghai/raw/plan_api/static/2023/500.json,1
2023,综合,500,兰州财经大学,106460,01,不限,120901K,旅游管理,1,3800,四年,https://static-data.gaokao.cn/www/2.0/schoolspecialplan/500/2023/31.json?a=www.gaokao.cn,data/shanghai/raw/plan_api/static/2023/500.json,1
2023,综合,500,兰州财经大学,106459,02,不限,120203K,会计学,2,12000,四年,https://static-data.gaokao.cn/www/2.0/schoolspecialplan/500/2023/31.json?a=www.gaokao.cn,data/shanghai/raw/plan_api/static/2023/500.json,1
2023,综合,501,浙江工商,106458,01,不限,030101K,法学,1,4300,四年,https://static-data.gaokao.cn/www/2.0/schoolspecialplan/501/2023/31.json?a=www.gaokao.cn,data/shanghai/raw/plan_api/static/2023/501.json,1
2023,综合,501,浙江工商,106458,01,不限,030102T,知识产权,1,4300,四年,https://static-data.gaokao.cn/www/2.0/schoolspecialplan/501/2023/31.json?a=www.gaokao.cn,data/shanghai/raw/plan_api/static/2023/501.json,1
2023,综合,501,浙江工商,106457,02,物理必选,080717T,人工智能,2,4500,四年,https://static-data.gaokao.cn/www/2.0/schoolspecialplan/501/2023/31.json?a=www.gaokao.cn,data/shanghai/raw/plan_api/static/2023/501.json,1
2023,综合,504,海南大学,106659,01,不限,020401,国际经济与贸易,1,4600,4,https://static-data.gaokao.cn/www/2.0/schoolspecialplan/504/2023/31.json?a=www.gaokao.cn,data/shanghai/raw/plan_api/static/2023/504.json,1
2023,综合,504,海南大学,106659,01,不限,030101K,法学,1,4600,4,https://static-data.gaokao.cn/www/2.0/schoolspecialplan/504/2023/31.json?a=www.gaokao.cn,data/shanghai/raw/plan_api/static/2023/504.json,1
2023,综合,504,海南大学,106659,01,不限,020301K,金融学,1,4600,4,https://static-data.gaokao.cn/www/2.0/schoolspecialplan/504/2023/31.json?a=www.gaokao.cn,data/shanghai/raw/plan_api/static/2023/504.json,1
2023,综合,504,海南大学,106659,01,不限,050201,英语,1,4600,4,https://static-data.gaokao.cn/www/2.0/schoolspecialplan/504/2023/31.json?a=www.gaokao.cn,data/shanghai/raw/plan_api/static/2023/504.json,1
2023,综合,504,海南大学,106658,02,物/化/生(3选1),071001,生物科学,1,4600,4,https://static-data.gaokao.cn/www/2.0/schoolspecialplan/504/2023/31.json?a=www.gaokao.cn,data/shanghai/raw/plan_api/static/2023/504.json,1
2023,综合,504,海南大学,106657,03,物理必选,080904K,信息安全,1,4600,4,https://static-data.gaokao.cn/www/2.0/schoolspecialplan/504/2023/31.json?a=www.gaokao.cn,data/shanghai/raw/plan_api/static/2023/504.json,1
2023,综合,504,海南大学,106657,03,物理必选,080717T,人工智能,1,4600,4,https://static-data.gaokao.cn/www/2.0/schoolspecialplan/504/2023/31.json?a=www.gaokao.cn,data/shanghai/raw/plan_api/static/2023/504.json,1
2023,综合,504,海南大学,106656,04,化学必选,0827,食品科学与工程类,1,4600,4,https://static-data.gaokao.cn/www/2.0/schoolspecialplan/504/2023/31.json?a=www.gaokao.cn,data/shanghai/raw/plan_api/static/2023/504.json,1
2023,综合,507,温医仁济,106910,01,不限,050303,广告学,2,4400,四年,https://static-data.gaokao.cn/www/2.0/schoolspecialplan/507/2023/31.json?a=www.gaokao.cn,data/shanghai/raw/plan_api/static/2023/507.json,1
2023,综合,507,温医仁济,106910,01,不限,050203,德语,2,4400,四年,https://static-data.gaokao.cn/www/2.0/schoolspecialplan/507/2023/31.json?a=www.gaokao.cn,data/shanghai/raw/plan_api/static/2023/507.json,1
2023,综合,507,温医仁济,106909,02,化学必选,080407,高分子材料与工程,3,6600,四年,https://static-data.gaokao.cn/www/2.0/schoolspecialplan/507/2023/31.json?a=www.gaokao.cn,data/shanghai/raw/plan_api/static/2023/507.json,1
2023,综合,507,温医仁济,106908,03,物理必选,080714T,电子信息科学与技术,2,6325,四年,https://static-data.gaokao.cn/www/2.0/schoolspecialplan/507/2023/31.json?a=www.gaokao.cn,data/shanghai/raw/plan_api/static/2023/507.json,1
2023,综合,509,南湖学院,131209,05,思想政治/历史(2选1),030302,社会工作,1,4400,4,https://static-data.gaokao.cn/www/2.0/schoolspecialplan/509/2023/31.json?a=www.gaokao.cn,data/shanghai/raw/plan_api/static/2023/509.json,1
2023,综合,509,南湖学院,131219,01,物理必选,080901,计算机科学与技术,1,4400,4,https://static-data.gaokao.cn/www/2.0/schoolspecialplan/509/2023/31.json?a=www.gaokao.cn,data/shanghai/raw/plan_api/static/2023/509.json,1
2023,综合,509,南湖学院,131215,02,不限,120203K,会计学,1,4400,4,https://static-data.gaokao.cn/www/2.0/schoolspecialplan/509/2023/31.json?a=www.gaokao.cn,data/shanghai/raw/plan_api/static/2023/509.json,1
2023,综合,509,南湖学院,131213,03,政/史/地(3选1),050207,日语,1,4400,4,https://static-data.gaokao.cn/www/2.0/schoolspecialplan/509/2023/31.json?a=www.gaokao.cn,data/shanghai/raw/plan_api/static/2023/509.json,1
2023,综合,509,南湖学院,131219,01,物理必选,081003,给排水科学与工程,1,4400,4,https://static-data.gaokao.cn/www/2.0/schoolspecialplan/509/2023/31.json?a=www.gaokao.cn,data/shanghai/raw/plan_api/static/2023/509.json,1
2023,综合,509,南湖学院,131219,01,物理必选,082801,建筑学,1,4400,4,https://static-data.gaokao.cn/www/2.0/schoolspecialplan/509/2023/31.json?a=www.gaokao.cn,data/shanghai/raw/plan_api/static/2023/509.json,1
2023,综合,509,南湖学院,131219,01,物理必选,080102,工程力学,1,4400,4,https://static-data.gaokao.cn/www/2.0/schoolspecialplan/509/2023/31.json?a=www.gaokao.cn,data/shanghai/raw/plan_api/static/2023/509.json,1
2023,综合,509,南湖学院,131219,01,物理必选,080911TK,网络空间安全,1,4400,4,https://static-data.gaokao.cn/www/2.0/schoolspecialplan/509/2023/31.json?a=www.gaokao.cn,data/shanghai/raw/plan_api/static/2023/509.json,1
2023,综合,509,南湖学院,131211,04,物/化/生(3选1),082505T,环保设备工程,1,4400,4,https://static-data.gaokao.cn/www/2.0/schoolspecialplan/509/2023/31.json?a=www.gaokao.cn,data/shanghai/raw/plan_api/static/2023/509.json,1
2023,综合,510,中计现代,106888,01,不限,050101,汉语言文学,2,5280,四年,https://static-data.gaokao.cn/www/2.0/schoolspecialplan/510/2023/31.json?a=www.gaokao.cn,data/shanghai/raw/plan_api/static/2023/510.json,1
2023,综合,510,中计现代,106887,02,物/化/生(3选1),071001,生物科学,2,6600,四年,https://static-data.gaokao.cn/www/2.0/schoolspecialplan/510/2023/31.json?a=www.gaokao.cn,data/shanghai/raw/plan_api/static/2023/510.json,1
2023,综合,511,海南师范大学,106654,02,物理必选,070101,数学与应用数学,3,4620,4,https://static-data.gaokao.cn/www/2.0/schoolspecialplan/511/2023/31.json?a=www.gaokao.cn,data/shanghai/raw/plan_api/static/2023/511.json,1
2023,综合,511,海南师范大学,106655,01,不限,040106,学前教育,2,37000,4,https://static-data.gaokao.cn/www/2.0/schoolspecialplan/511/2023/31.json?a=www.gaokao.cn,data/shanghai/raw/plan_api/static/2023/511.json,1
2023,综合,512,上财浙院,106653,01,物理、化学(2科必选),100201K,临床医学,2,6000,5,https://static-data.gaokao.cn/www/2.0/schoolspecialplan/512/2023/31.json?a=www.gaokao.cn,data/shanghai/raw/plan_api/static/2023/512.json,1
2023,综合,512,上财浙院,106652,02,化学必选,101001,医学检验技术,3,6000,4,https://static-data.gaokao.cn/www/2.0/schoolspecialplan/512/2023/31.json?a=www.gaokao.cn,data/shanghai/raw/plan_api/static/2023/512.json,1
2023,综合,520,贵州财经大学,106534,01,物理、思想政治(2科必选),020301K,金融学,10,22000,四年,https://static-data.gaokao.cn/www/2.0/schoolspecialplan/520/2023/31.json?a=www.gaokao.cn,data/shanghai/raw/plan_api/static/2023/520.json,1
2023,综合,520,贵州财经大学,106533,02,物理必选,120801,电子商务,3,22000,四年,https://static-data.gaokao.cn/www/2.0/schoolspecialplan/520/2023/31.json?a=www.gaokao.cn,data/shanghai/raw/plan_api/static/2023/520.json,0
2023,综合,521,贵州中医药大学,106532,01,物/化/生(3选1),100501K,中医学,2,,-,https://static-data.gaokao.cn/www/2.0/schoolspecialplan/521/2023/31.json?a=www.gaokao.cn,data/shanghai/raw/plan_api/static/2023/521.json,1
2023,综合,521,贵州中医药大学,106531,02,化学/生物(2选1),100801,中药学,2,,-,https://static-data.gaokao.cn/www/2.0/schoolspecialplan/521/2023/31.json?a=www.gaokao.cn,data/shanghai/raw/plan_api/static/2023/521.json,1
2023,综合,526,山东工商学院,106878,01,不限,020301K,金融学,2,6325,四年,https://static-data.gaokao.cn/www/2.0/schoolspecialplan/526/2023/31.json?a=www.gaokao.cn,data/shanghai/raw/plan_api/static/2023/526.json,1
2023,综合,526,山东工商学院,106878,01,不限,120203K,会计学,1,6600,四年,https://static-data.gaokao.cn/www/2.0/schoolspecialplan/526/2023/31.json?a=www.gaokao.cn,data/shanghai/raw/plan_api/static/2023/526.json,1
2023,综合,526,山东工商学院,106878,01,不限,120201K,工商管理,1,6600,四年,https://static-data.gaokao.cn/www/2.0/schoolspecialplan/526/2023/31.json?a=www.gaokao.cn,data/shanghai/raw/plan_api/static/2023/526.json,1
2023,综合,526,山东工商学院,106878,01,不限,120206,人力资源管理,1,5500,四年,https://static-data.gaokao.cn/www/2.0/schoolspecialplan/526/2023/31.json?a=www.gaokao.cn,data/shanghai/raw/plan_api/static/2023/526.json,1
2023,综合,526,山东工商学院,106878,01,不限,0201,经济学类,1,6325,四年,https://static-data.gaokao.cn/www/2.0/schoolspecialplan/526/2023/31.json?a=www.gaokao.cn,data/shanghai/raw/plan_api/static/2023/526.json,1
2023,综合,528,山东建筑大学,106906,01,不限,120203K,会计学,2,,-,https://static-data.gaokao.cn/www/2.0/schoolspecialplan/528/2023/31.json?a=www.gaokao.cn,data/shanghai/raw/plan_api/static/2023/528.json,1
2023,综合,528,山东建筑大学,106905,02,物理必选,120105,工程造价,2,,-,https://static-data.gaokao.cn/www/2.0/schoolspecialplan/528/2023/31.json?a=www.gaokao.cn,data/shanghai/raw/plan_api/static/2023/528.json,1
2023,综合,528,山东建筑大学,106904,03,物/地/史(3选1),082801,建筑学,2,,-,https://static-data.gaokao.cn/www/2.0/schoolspecialplan/528/2023/31.json?a=www.gaokao.cn,data/shanghai/raw/plan_api/static/2023/528.json,1
2023,综合,528,山东建筑大学,106904,03,物/地/史(3选1),082802,城乡规划,1,,-,https://static-data.gaokao.cn/www/2.0/schoolspecialplan/528/2023/31.json?a=www.gaokao.cn,data/shanghai/raw/plan_api/static/2023/528.json,1
2023,综合,531,广西师范大学,106667,01,不限,050101,汉语言文学,2,5100,四年,https://static-data.gaokao.cn/www/2.0/schoolspecialplan/531/2023/31.json?a=www.gaokao.cn,data/shanghai/raw/plan_api/static/2023/531.json,1
2023,综合,531,广西师范大学,106667,01,不限,050301,新闻学,2,5100,四年,https://static-data.gaokao.cn/www/2.0/schoolspecialplan/531/2023/31.json?a=www.gaokao.cn,data/shanghai/raw/plan_api/static/2023/531.json,1
2023,综合,531,广西师范大学,106666,02,思想政治必选,030101K,法学,2,6100,四年,https://static-data.gaokao.cn/www/2.0/schoolspecialplan/531/2023/31.json?a=www.gaokao.cn,data/shanghai/raw/plan_api/static/2023/531.json,1
2023,综合,531,广西师范大学,106665,03,历史必选,060101,历史学,2,5100,四年,https://static-data.gaokao.cn/www/2.0/schoolspecialplan/531/2023/31.json?a=www.gaokao.cn,data/shanghai/raw/plan_api/static/2023/531.json,1
2023,综合,531,广西师范大学,106663,05,政/地/史(3选1),050207,日语,2,5000,四年,https://static-data.gaokao.cn/www/2.0/schoolspecialplan/531/2023/31.json?a=www.gaokao.cn,data/shanghai/raw/plan_api/static/2023/531.json,1
2023,综合,531,广西师范大学,106662,06,物/化/生(3选1),082503,环境科学,2,5500,四年,https://static-data.gaokao.cn/www/2.0/schoolspecialplan/531/2023/31.json?a=www.gaokao.cn,data/shanghai/raw/plan_api/static/2023/531.json,1
2023,综合,531,广西师范大学,106664,04,物理必选,040102,科学教育,1,5000,四年,https://static-data.gaokao.cn/www/2.0/schoolspecialplan/531/2023/31.json?a=www.gaokao.cn,data/shanghai/raw/plan_api/static/2023/531.json,1
2023,综合,532,中国科大,106670,01,物理必选,080717T,人工智能,2,6000,四年,https://static-data.gaokao.cn/www/2.0/schoolspecialplan/532/2023/31.json?a=www.gaokao.cn,data/shanghai/raw/plan_api/static/2023/532.json,1
2023,综合,532,中国科大,106670,01,物理必选,080202,机械设计制造及其自动化,2,6000,四年,https://static-data.gaokao.cn/www/2.0/schoolspecialplan/532/2023/31.json?a=www.gaokao.cn,data/shanghai/raw/plan_api/static/2023/532.json,1
2023,综合,532,中国科大,106670,01,物理必选,080701,电子信息工程,2,6000,四年,https://static-data.gaokao.cn/www/2.0/schoolspecialplan/532/2023/31.json?a=www.gaokao.cn,data/shanghai/raw/plan_api/static/2023/532.json,1
2023,综合,532,中国科大,106670,01,物理必选,080703,通信工程,2,6000,四年,https://static-data.gaokao.cn/www/2.0/schoolspecialplan/532/2023/31.json?a=www.gaokao.cn,data/shanghai/raw/plan_api/static/2023/532.json,1
2023,综合,532,中国科大,106670,01,物理必选,080901,计算机科学与技术,2,6000,四年,https://static-data.gaokao.cn/www/2.0/schoolspecialplan/532/2023/31.json?a=www.gaokao.cn,data/shanghai/raw/plan_api/static/2023/532.json,1
2023,综合,532,中国科大,106670,01,物理必选,080902,软件工程,2,6000,四年,https://static-data.gaokao.cn/www/2.0/schoolspecialplan/532/2023/31.json?a=www.gaokao.cn,data/shanghai/raw/plan_api/static/2023/532.json,1
2023,综合,532,中国科大,106669,02,不限,050201,英语,3,6000,四年,https://static-data.gaokao.cn/www/2.0/schoolspecialplan/532/2023/31.json?a=www.gaokao.cn,data/shanghai/raw/plan_api/static/2023/532.json,0
2023,综合,533,桂林理工大学,106668,01,不限,1209,旅游管理类,3,6000,四年,https://static-data.gaokao.cn/www/2.0/schoolspecialplan/533/2023/31.json?a=www.gaokao.cn,data/shanghai/raw/plan_api/static/2023/533.json,1
2023,综合,533,桂林理工大学,106668,01,不限,120601,物流管理,2,6000,四年,https://static-data.gaokao.cn/www/2.0/schoolspecialplan/533/2023/31.json?a=www.gaokao.cn,data/shanghai/raw/plan_api/static/2023/533.json,1
2023,综合,533,桂林理工大学,106668,01,不限,0503,新闻传播学类,2,5500,四年,https://static-data.gaokao.cn/www/2.0/schoolspecialplan/533/2023/31.json?a=www.gaokao.cn,data/shanghai/raw/plan_api/static/2023/533.json,1
2023,综合,533,桂林理工大学,106668,01,不限,1202,工商管理类,2,6000,四年,https://static-data.gaokao.cn/www/2.0/schoolspecialplan/533/2023/31.json?a=www.gaokao.cn,data/shanghai/raw/plan_api/static/2023/533.json,1
2023,综合,534,山东交通学院,106879,01,不限,030101K,法学,3,4400,四年,https://static-data.gaokao.cn/www/2.0/schoolspecialplan/534/2023/31.json?a=www.gaokao.cn,data/shanghai/raw/plan_api/static/2023/534.json,1
2023,综合,534,山东交通学院,106879,01,不限,120204,财务管理,2,6325,四年,https://static-data.gaokao.cn/www/2.0/schoolspecialplan/534/2023/31.json?a=www.gaokao.cn,data/shanghai/raw/plan_api/static/2023/534.json,1
2023,综合,537,山东科技大学,106911,01,物理必选,020301K,金融学,2,5500,四年,https://static-data.gaokao.cn/www/2.0/schoolspecialplan/537/2023/31.json?a=www.gaokao.cn,data/shanghai/raw/plan_api/static/2023/537.json,1
2023,综合,537,山东科技大学,106911,01,物理必选,020401,国际经济与贸易,2,6325,四年,https://static-data.gaokao.cn/www/2.0/schoolspecialplan/537/2023/31.json?a=www.gaokao.cn,data/shanghai/raw/plan_api/static/2023/537.json,1
2023,综合,537,山东科技大学,106911,01,物理必选,080601,电气工程及其自动化,2,6600,四年,https://static-data.gaokao.cn/www/2.0/schoolspecialplan/537/2023/31.json?a=www.gaokao.cn,data/shanghai/raw/plan_api/static/2023/537.json,1
2023,综合,537,山东科技大学,106911,01,物理必选,080905,物联网工程,2,6600,四年,https://static-data.gaokao.cn/www/2.0/schoolspecialplan/537/2023/31.json?a=www.gaokao.cn,data/shanghai/raw/plan_api/static/2023/537.json,1
2023,综合,537,山东科技大学,106911,01,物理必选,081901,船舶与海洋工程,2,5500,四年,https://static-data.gaokao.cn/www/2.0/schoolspecialplan/537/2023/31.json?a=www.gaokao.cn,data/shanghai/raw/plan_api/static/2023/537.json,1
2023,综合,540,山东理工大学,106903,01,不限,020301K,金融学,2,,-,https://static-data.gaokao.cn/www/2.0/schoolspecialplan/540/2023/31.json?a=www.gaokao.cn,data/shanghai/raw/plan_api/static/2023/540.json,1
2023,综合,544,安徽科技,106449,01,物理/历史(2选1),120201K,工商管理,3,4800,四年,https://static-data.gaokao.cn/www/2.0/schoolspecialplan/544/2023/31.json?a=www.gaokao.cn,data/shanghai/raw/plan_api/static/2023/544.json,1
2023,综合,544,安徽科技,106449,01,物理/历史(2选1),020301K,金融学,2,4800,四年,https://static-data.gaokao.cn/www/2.0/schoolspecialplan/544/2023/31.json?a=www.gaokao.cn,data/shanghai/raw/plan_api/static/2023/544.json,1
2023,综合,544,安徽科技,106448,02,物理必选,080901,计算机科学与技术,3,4800,四年,https://static-data.gaokao.cn/www/2.0/schoolspecialplan/544/2023/31.json?a=www.gaokao.cn,data/shanghai/raw/plan_api/static/2023/544.json,1
2023,综合,544,安徽科技,106448,02,物理必选,080701,电子信息工程,2,4800,四年,https://static-data.gaokao.cn/www/2.0/schoolspecialplan/544/2023/31.json?a=www.gaokao.cn,data/shanghai/raw/plan_api/static/2023/544.json,1
2023,综合,545,合肥城院,106450,01,不限,0201,经济学类,1,4400,四年,https://static-data.gaokao.cn/www/2.0/schoolspecialplan/545/2023/31.json?a=www.gaokao.cn,data/shanghai/raw/plan_api/static/2023/545.json,1
2023,综合,545,合肥城院,106450,01,不限,030101K,法学,1,4400,四年,https://static-data.gaokao.cn/www/2.0/schoolspecialplan/545/2023/31.json?a=www.gaokao.cn,data/shanghai/raw/plan_api/static/2023/545.json,1
2023,综合,545,合肥城院,106450,01,不限,050101,汉语言文学,1,4000,四年,https://static-data.gaokao.cn/www/2.0/schoolspecialplan/545/2023/31.json?a=www.gaokao.cn,data/shanghai/raw/plan_api/static/2023/545.json,1
2023,综合,545,合肥城院,106450,01,不限,120801,电子商务,1,4400,四年,https://static-data.gaokao.cn/www/2.0/schoolspecialplan/545/2023/31.json?a=www.gaokao.cn,data/shanghai/raw/plan_api/static/2023/545.json,1
2023,综合,546,安医临床,106447,01,化学、生物(2科必选),100201K,临床医学,1,5800,五年,https://static-data.gaokao.cn/www/2.0/schoolspecialplan/546/2023/31.json?a=www.gaokao.cn,data/shanghai/raw/plan_api/static/2023/546.json,1
2023,综合,546,安医临床,106447,01,化学、生物(2科必选),100203TK,医学影像学,2,5800,五年,https://static-data.gaokao.cn/www/2.0/schoolspecialplan/546/2023/31.json?a=www.gaokao.cn,data/shanghai/raw/plan_api/static/2023/546.json,1
2023,综合,546,安医临床,106447,01,化学、生物(2科必选),100202TK,麻醉学,1,5800,五年,https://static-data.gaokao.cn/www/2.0/schoolspecialplan/546/2023/31.json?a=www.gaokao.cn,data/shanghai/raw/plan_api/static/2023/546.json,1
2023,综合,546,安医临床,106447,01,化学、生物(2科必选),100204TK,眼视光医学,1,5800,五年,https://static-data.gaokao.cn/www/2.0/schoolspecialplan/546/2023/31.json?a=www.gaokao.cn,data/shanghai/raw/plan_api/static/2023/546.json,1
2023,综合,546,安医临床,106447,01,化学、生物(2科必选),100207TK,儿科学,1,5800,五年,https://static-data.gaokao.cn/www/2.0/schoolspecialplan/546/2023/31.json?a=www.gaokao.cn,data/shanghai/raw/plan_api/static/2023/546.json,1
2023,综合,546,安医临床,106447,01,化学、生物(2科必选),100301K,口腔医学,1,5800,五年,https://static-data.gaokao.cn/www/2.0/schoolspecialplan/546/2023/31.json?a=www.gaokao.cn,data/shanghai/raw/plan_api/static/2023/546.json,1
2023,综合,547,齐鲁工业大学,106867,01,不限,030101K,法学,3,,-,https://static-data.gaokao.cn/www/2.0/schoolspecialplan/547/2023/31.json?a=www.gaokao.cn,data/shanghai/raw/plan_api/static/2023/547.json,1
2023,综合,547,齐鲁工业大学,106867,01,不限,020301K,金融学,2,,-,https://static-data.gaokao.cn/www/2.0/schoolspecialplan/547/2023/31.json?a=www.gaokao.cn,data/shanghai/raw/plan_api/static/2023/547.json,1
2023,综合,552,潍坊学院,106880,01,不限,050207,日语,5,4400,四年,https://static-data.gaokao.cn/www/2.0/schoolspecialplan/552/2023/31.json?a=www.gaokao.cn,data/shanghai/raw/plan_api/static/2023/552.json,1
2023,综合,552,潍坊学院,106880,01,不限,050204,法语,5,4400,四年,https://static-data.gaokao.cn/www/2.0/schoolspecialplan/552/2023/31.json?a=www.gaokao.cn,data/shanghai/raw/plan_api/static/2023/552.json,1
2023,综合,554,烟台大学,106869,01,不限,030102T,知识产权,2,5280,四年,https://static-data.gaokao.cn/www/2.0/schoolspecialplan/554/2023/31.json?a=www.gaokao.cn,data/shanghai/raw/plan_api/static/2023/554.json,1
2023,综合,554,烟台大学,106869,01,不限,020401,国际经济与贸易,2,5500,四年,https://static-data.gaokao.cn/www/2.0/schoolspecialplan/554/2023/31.json?a=www.gaokao.cn,data/shanghai/raw/plan_api/static/2023/554.json,1
2023,综合,554,烟台大学,106869,01,不限,020304,投资学,2,5500,四年,https://static-data.gaokao.cn/www/2.0/schoolspecialplan/554/2023/31.json?a=www.gaokao.cn,data/shanghai/raw/plan_api/static/2023/554.json,1
2023,综合,554,烟台大学,106868,02,物理必选,080714T,电子信息科学与技术,2,6600,四年,https://static-data.gaokao.cn/www/2.0/schoolspecialplan/554/2023/31.json?a=www.gaokao.cn,data/shanghai/raw/plan_api/static/2023/554.json,1
2023,综合,554,烟台大学,106868,02,物理必选,080717T,人工智能,2,5500,四年,https://static-data.gaokao.cn/www/2.0/schoolspecialplan/554/2023/31.json?a=www.gaokao.cn,data/shanghai/raw/plan_api/static/2023/554.json,1
2023,综合,555,鲁东大学,106886,01,不限,020101,经济学,2,,-,https://static-data.gaokao.cn/www/2.0/schoolspecialplan/555/2023/31.json?a=www.gaokao.cn,data/shanghai/raw/plan_api/static/2023/555.json,1
2023,综合,555,鲁东大学,106886,01,不限,050103,汉语国际教育,2,,-,https://static-data.gaokao.cn/www/2.0/schoolspecialplan/555/2023/31.json?a=www.gaokao.cn,data/shanghai/raw/plan_api/static/2023/555.json,1
2023,综合,555,鲁东大学,106885,02,物/化/地(3选1),070504,地理信息科学,2,,-,https://static-data.gaokao.cn/www/2.0/schoolspecialplan/555/2023/31.json?a=www.gaokao.cn,data/shanghai/raw/plan_api/static/2023/555.json,1
2023,综合,555,鲁东大学,106885,02,物/化/地(3选1),120602,物流工程,2,,-,https://static-data.gaokao.cn/www/2.0/schoolspecialplan/555/2023/31.json?a=www.gaokao.cn,data/shanghai/raw/plan_api/static/2023/555.json,1
2023,综合,555,鲁东大学,106885,02,物/化/地(3选1),070501,地理科学,2,,-,https://static-data.gaokao.cn/www/2.0/schoolspecialplan/555/2023/31.json?a=www.gaokao.cn,data/shanghai/raw/plan_api/static/2023/555.json,1
2023,综合,556,北京化工大学,107633,01,物理、化学(2科必选),2090603,工科试验班,12,5000,四年,https://static-data.gaokao.cn/www/2.0/schoolspecialplan/556/2023/31.json?a=www.gaokao.cn,data/shanghai/raw/plan_api/static/2023/556.json,1
2023,综合,556,北京化工大学,107633,01,物理、化学(2科必选),2090602,工科试验班,5,5000,四年,https://static-data.gaokao.cn/www/2.0/schoolspecialplan/556/2023/31.json?a=www.gaokao.cn,data/shanghai/raw/plan_api/static/2023/556.json,1
2023,综合,557,中国农业大学,107630,01,物/化/生(3选1),090102,园艺,1,3000,四年,https://static-data.gaokao.cn/www/2.0/schoolspecialplan/557/2023/31.json?a=www.gaokao.cn,data/shanghai/raw/plan_api/static/2023/557.json,1
2023,综合,557,中国农业大学,107630,01,物/化/生(3选1),090103,植物保护,1,3000,四年,https://static-data.gaokao.cn/www/2.0/schoolspecialplan/557/2023/31.json?a=www.gaokao.cn,data/shanghai/raw/plan_api/static/2023/557.json,1
2023,综合,557,中国农业大学,107630,01,物/化/生(3选1),0710,生物科学类,1,5000,四年,https://static-data.gaokao.cn/www/2.0/schoolspecialplan/557/2023/31.json?a=www.gaokao.cn,data/shanghai/raw/plan_api/static/2023/557.json,1
2023,综合,557,中国农业大学,107630,01,物/化/生(3选1),090101,农学,1,3000,四年,https://static-data.gaokao.cn/www/2.0/schoolspecialplan/557/2023/31.json?a=www.gaokao.cn,data/shanghai/raw/plan_api/static/2023/557.json,1
2023,综合,557,中国农业大学,107630,01,物/化/生(3选1),090701,草业科学,1,3000,四年,https://static-data.gaokao.cn/www/2.0/schoolspecialplan/557/2023/31.json?a=www.gaokao.cn,data/shanghai/raw/plan_api/static/2023/557.json,1
2023,综合,557,中国农业大学,107629,02,化学必选,0827,食品科学与工程类,2,5000,四年,https://static-data.gaokao.cn/www/2.0/schoolspecialplan/557/2023/31.json?a=www.gaokao.cn,data/shanghai/raw/plan_api/static/2023/557.json,1
2023,综合,557,中国农业大学,107629,02,化学必选,0904,动物医学类,2,3000,五年,https://static-data.gaokao.cn/www/2.0/schoolspecialplan/557/2023/31.json?a=www.gaokao.cn,data/shanghai/raw/plan_api/static/2023/557.json,1
2023,综合,557,中国农业大学,107629,02,化学必选,0703,化学类,1,5000,四年,https://static-data.gaokao.cn/www/2.0/schoolspecialplan/557/2023/31.json?a=www.gaokao.cn,data/shanghai/raw/plan_api/static/2023/557.json,1
2023,综合,558,中国传媒大学,107620,01,不限,120409T,公共关系学,2,5000,四年,https://static-data.gaokao.cn/www/2.0/schoolspecialplan/558/2023/31.json?a=www.gaokao.cn,data/shanghai/raw/plan_api/static/2023/558.json,1
2023,综合,558,中国传媒大学,107620,01,不限,120210,文化产业管理,2,5000,四年,https://static-data.gaokao.cn/www/2.0/schoolspecialplan/558/2023/31.json?a=www.gaokao.cn,data/shanghai/raw/plan_api/static/2023/558.json,1
2023,综合,558,中国传媒大学,107620,01,不限,050301,新闻学,2,5000,四年,https://static-data.gaokao.cn/www/2.0/schoolspecialplan/558/2023/31.json?a=www.gaokao.cn,data/shanghai/raw/plan_api/static/2023/558.json,1
2023,综合,558,中国传媒大学,107620,01,不限,050303,广告学,2,5000,四年,https://static-data.gaokao.cn/www/2.0/schoolspecialplan/558/2023/31.json?a=www.gaokao.cn,data/shanghai/raw/plan_api/static/2023/558.json,1
2023,综合,558,中国传媒大学,107620,01,不限,050307T,数字出版,2,5000,四年,https://static-data.gaokao.cn/www/2.0/schoolspecialplan/558/2023/31.json?a=www.gaokao.cn,data/shanghai/raw/plan_api/static/2023/558.json,1
2023,综合,558,中国传媒大学,107620,01,不限,050309T,国际新闻与传播,2,5000,四年,https://static-data.gaokao.cn/www/2.0/schoolspecialplan/558/2023/31.json?a=www.gaokao.cn,data/shanghai/raw/plan_api/static/2023/558.json,1
2023,综合,558,中国传媒大学,107617,04,物理必选,080907T,智能科学与技术,5,100000,四年,https://static-data.gaokao.cn/www/2.0/schoolspecialplan/558/2023/31.json?a=www.gaokao.cn,data/shanghai/raw/plan_api/static/2023/558.json,1
2023,综合,558,中国传媒大学,107618,03,不限,050303,广告学,3,71000,四年,https://static-data.gaokao.cn/www/2.0/schoolspecialplan/558/2023/31.json?a=www.gaokao.cn,data/shanghai/raw/plan_api/static/2023/558.json,1
2023,综合,558,中国传媒大学,107619,02,物理必选,080906,数字媒体技术,2,5500,四年,https://static-data.gaokao.cn/www/2.0/schoolspecialplan/558/2023/31.json?a=www.gaokao.cn,data/shanghai/raw/plan_api/static/2023/558.json,1
2023,综合,558,中国传媒大学,107619,02,物理必选,080911TK,网络空间安全,2,5500,四年,https://static-data.gaokao.cn/www/2.0/schoolspecialplan/558/2023/31.json?a=www.gaokao.cn,data/shanghai/raw/plan_api/static/2023/558.json,1
2023,综合,558,中国传媒大学,107619,02,物理必选,080707T,广播电视工程,2,5500,四年,https://static-data.gaokao.cn/www/2.0/schoolspecialplan/558/2023/31.json?a=www.gaokao.cn,data/shanghai/raw/plan_api/static/2023/558.json,1
2023,综合,558,中国传媒大学,107619,02,物理必选,080717T,人工智能,2,5500,四年,https://static-data.gaokao.cn/www/2.0/schoolspecialplan/558/2023/31.json?a=www.gaokao.cn,data/shanghai/raw/plan_api/static/2023/558.json,1
2023,综合,558,中国传媒大学,107618,03,不限,050304,传播学,2,65000,四年,https://static-data.gaokao.cn/www/2.0/schoolspecialplan/558/2023/31.json?a=www.gaokao.cn,data/shanghai/raw/plan_api/static/2023/558.json,1
2023,综合,559,北京城市学院,107578,01,不限,0203,金融学类,1,29800,四年,https://static-data.gaokao.cn/www/2.0/schoolspecialplan/559/2023/31.json?a=www.gaokao.cn,data/shanghai/raw/plan_api/static/2023/559.json,1
2023,综合,559,北京城市学院,107578,01,不限,0502,外国语言文学类,1,30800,四年,https://static-data.gaokao.cn/www/2.0/schoolspecialplan/559/2023/31.json?a=www.gaokao.cn,data/shanghai/raw/plan_api/static/2023/559.json,1
2023,综合,559,北京城市学院,107578,01,不限,050304,传播学,1,45800,四年,https://static-data.gaokao.cn/www/2.0/schoolspecialplan/559/2023/31.json?a=www.gaokao.cn,data/shanghai/raw/plan_api/static/2023/559.json,1
2023,综合,559,北京城市学院,107578,01,不限,1202,工商管理类,1,29800,四年,https://static-data.gaokao.cn/www/2.0/schoolspecialplan/559/2023/31.json?a=www.gaokao.cn,data/shanghai/raw/plan_api/static/2023/559.json,1
2023,综合,559,北京城市学院,107578,01,不限,120203K,会计学,1,45800,四年,https://static-data.gaokao.cn/www/2.0/schoolspecialplan/559/2023/31.json?a=www.gaokao.cn,data/shanghai/raw/plan_api/static/2023/559.json,1
2023,综合,559,北京城市学院,107578,01,不限,120210,文化产业管理,1,29800,四年,https://static-data.gaokao.cn/www/2.0/schoolspecialplan/559/2023/31.json?a=www.gaokao.cn,data/shanghai/raw/plan_api/static/2023/559.json,1
2023,综合,559,北京城市学院,107578,01,不限,120604T,供应链管理,1,29800,四年,https://static-data.gaokao.cn/www/2.0/schoolspecialplan/559/2023/31.json?a=www.gaokao.cn,data/shanghai/raw/plan_api/static/2023/559.json,1
2023,综合,559,北京城市学院,107578,01,不限,120803T,跨境电子商务,1,29800,四年,https://static-data.gaokao.cn/www/2.0/schoolspecialplan/559/2023/31.json?a=www.gaokao.cn,data/shanghai/raw/plan_api/static/2023/559.json,1
2023,综合,559,北京城市学院,107578,01,不限,120903,会展经济与管理,1,29800,四年,https://static-data.gaokao.cn/www/2.0/schoolspecialplan/559/2023/31.json?a=www.gaokao.cn,data/shanghai/raw/plan_api/static/2023/559.json,1
2023,综合,559,北京城市学院,107576,03,物/地/史(3选1),082803,风景园林,1,32800,四年,https://static-data.gaokao.cn/www/2.0/schoolspecialplan/559/2023/31.json?a=www.gaokao.cn,data/shanghai/raw/plan_api/static/2023/559.json,1
2023,综合,559,北京城市学院,107576,03,物/地/史(3选1),082802,城乡规划,1,32800,四年,https://static-data.gaokao.cn/www/2.0/schoolspecialplan/559/2023/31.json?a=www.gaokao.cn,data/shanghai/raw/plan_api/static/2023/559.json,1
2023,综合,559,北京城市学院,107577,02,地理/历史(2选1),060104,文物与博物馆学,1,29800,四年,https://static-data.gaokao.cn/www/2.0/schoolspecialplan/559/2023/31.json?a=www.gaokao.cn,data/shanghai/raw/plan_api/static/2023/559.json,1
2023,综合,566,中央财经大学,107616,01,不限,0202,财政学类,4,5000,四年,https://static-data.gaokao.cn/www/2.0/schoolspecialplan/566/2023/31.json?a=www.gaokao.cn,data/shanghai/raw/plan_api/static/2023/566.json,1
2023,综合,566,中央财经大学,107616,01,不限,020101,经济学,3,5000,四年,https://static-data.gaokao.cn/www/2.0/schoolspecialplan/566/2023/31.json?a=www.gaokao.cn,data/shanghai/raw/plan_api/static/2023/566.json,1
2023,综合,566,中央财经大学,107616,01,不限,1202,工商管理类,2,5000,四年,https://static-data.gaokao.cn/www/2.0/schoolspecialplan/566/2023/31.json?a=www.gaokao.cn,data/shanghai/raw/plan_api/static/2023/566.json,1
2023,综合,566,中央财经大学,107616,01,不限,0201,经济学类,2,5000,四年,https://static-data.gaokao.cn/www/2.0/schoolspecialplan/566/2023/31.json?a=www.gaokao.cn,data/shanghai/raw/plan_api/static/2023/566.json,1
2023,综合,566,中央财经大学,107616,01,不限,1204,公共管理类,2,5000,四年,https://static-data.gaokao.cn/www/2.0/schoolspecialplan/566/2023/31.json?a=www.gaokao.cn,data/shanghai/raw/plan_api/static/2023/566.json,1
2023,综合,566,中央财经大学,107616,01,不限,030101K,法学,1,5000,四年,https://static-data.gaokao.cn/www/2.0/schoolspecialplan/566/2023/31.json?a=www.gaokao.cn,data/shanghai/raw/plan_api/static/2023/566.json,1
2023,综合,566,中央财经大学,107616,01,不限,0503,新闻传播学类,1,5000,四年,https://static-data.gaokao.cn/www/2.0/schoolspecialplan/566/2023/31.json?a=www.gaokao.cn,data/shanghai/raw/plan_api/static/2023/566.json,1
2023,综合,566,中央财经大学,107615,02,物理必选,0203,金融学类,3,5000,四年,https://static-data.gaokao.cn/www/2.0/schoolspecialplan/566/2023/31.json?a=www.gaokao.cn,data/shanghai/raw/plan_api/static/2023/566.json,1
2023,综合,566,中央财经大学,107615,02,物理必选,020301K,金融学,3,5000,四年,https://static-data.gaokao.cn/www/2.0/schoolspecialplan/566/2023/31.json?a=www.gaokao.cn,data/shanghai/raw/plan_api/static/2023/566.json,1
2023,综合,566,中央财经大学,107615,02,物理必选,020303,保险学,2,5000,四年,https://static-data.gaokao.cn/www/2.0/schoolspecialplan/566/2023/31.json?a=www.gaokao.cn,data/shanghai/raw/plan_api/static/2023/566.json,1
2023,综合,566,中央财经大学,107615,02,物理必选,120108T,大数据管理与应用,2,5000,四年,https://static-data.gaokao.cn/www/2.0/schoolspecialplan/566/2023/31.json?a=www.gaokao.cn,data/shanghai/raw/plan_api/static/2023/566.json,1
2023,综合,566,中央财经大学,107615,02,物理必选,1208,电子商务类,1,5000,四年,https://static-data.gaokao.cn/www/2.0/schoolspecialplan/566/2023/31.json?a=www.gaokao.cn,data/shanghai/raw/plan_api/static/2023/566.json,1
2023,综合,568,中华女子学院,107594,01,不限,040106,学前教育,25,4200,四年,https://static-data.gaokao.cn/www/2.0/schoolspecialplan/568/2023/31.json?a=www.gaokao.cn,data/shanghai/raw/plan_api/static/2023/568.json,1
2023,综合,568,中华女子学院,107594,01,不限,050103,汉语国际教育,3,4200,四年,https://static-data.gaokao.cn/www/2.0/schoolspecialplan/568/2023/31.json?a=www.gaokao.cn,data/shanghai/raw/plan_api/static/2023/568.json,1
2023,综合,568,中华女子学院,107594,01,不限,120414T,养老服务管理,3,4200,四年,https://static-data.gaokao.cn/www/2.0/schoolspecialplan/568/2023/31.json?a=www.gaokao.cn,data/shanghai/raw/plan_api/static/2023/568.json,1
2023,综合,568,中华女子学院,107594,01,不限,040115T,家庭教育,2,4200,四年,https://static-data.gaokao.cn/www/2.0/schoolspecialplan/568/2023/31.json?a=www.gaokao.cn,data/shanghai/raw/plan_api/static/2023/568.json,1
2023,综合,568,中华女子学院,107594,01,不限,071102,应用心理学,2,4200,四年,https://static-data.gaokao.cn/www/2.0/schoolspecialplan/568/2023/31.json?a=www.gaokao.cn,data/shanghai/raw/plan_api/static/2023/568.json,1
2023,综合,569,中国政法大学,107612,01,不限,030101K,法学,2,5000,四年,https://static-data.gaokao.cn/www/2.0/schoolspecialplan/569/2023/31.json?a=www.gaokao.cn,data/shanghai/raw/plan_api/static/2023/569.json,1
2023,综合,569,中国政法大学,107612,01,不限,020302,金融工程,2,5000,四年,https://static-data.gaokao.cn/www/2.0/schoolspecialplan/569/2023/31.json?a=www.gaokao.cn,data/shanghai/raw/plan_api/static/2023/569.json,1
2023,综合,569,中国政法大学,107612,01,不限,120201K,工商管理,1,5000,四年,https://static-data.gaokao.cn/www/2.0/schoolspecialplan/569/2023/31.json?a=www.gaokao.cn,data/shanghai/raw/plan_api/static/2023/569.json,1
2023,综合,569,中国政法大学,107612,01,不限,120205,国际商务,1,5000,四年,https://static-data.gaokao.cn/www/2.0/schoolspecialplan/569/2023/31.json?a=www.gaokao.cn,data/shanghai/raw/plan_api/static/2023/569.json,1
2023,综合,569,中国政法大学,107612,01,不限,120402,行政管理,1,5000,四年,https://static-data.gaokao.cn/www/2.0/schoolspecialplan/569/2023/31.json?a=www.gaokao.cn,data/shanghai/raw/plan_api/static/2023/569.json,1
2023,综合,569,中国政法大学,107612,01,不限,050203,德语,1,6000,四年,https://static-data.gaokao.cn/www/2.0/schoolspecialplan/569/2023/31.json?a=www.gaokao.cn,data/shanghai/raw/plan_api/static/2023/569.json,1
2023,综合,569,中国政法大学,107612,01,不限,050261,翻译,1,6000,四年,https://static-data.gaokao.cn/www/2.0/schoolspecialplan/569/2023/31.json?a=www.gaokao.cn,data/shanghai/raw/plan_api/static/2023/569.json,1
2023,综合,570,北京工商大学,107593,01,不限,020201K,财政学,5,4200,四年,https://static-data.gaokao.cn/www/2.0/schoolspecialplan/570/2023/31.json?a=www.gaokao.cn,data/shanghai/raw/plan_api/static/2023/570.json,1
2023,综合,570,北京工商大学,107593,01,不限,120203K,会计学,5,4200,四年,https://static-data.gaokao.cn/www/2.0/schoolspecialplan/570/2023/31.json?a=www.gaokao.cn,data/shanghai/raw/plan_api/static/2023/570.json,1
2023,综合,572,北京建筑大学,107592,01,物/地/史(3选1),082801,建筑学,1,4600,五年,https://static-data.gaokao.cn/www/2.0/schoolspecialplan/572/2023/31.json?a=www.gaokao.cn,data/shanghai/raw/plan_api/static/2023/572.json,1
2023,综合,572,北京建筑大学,107590,03,物理/化学(2选1),0825,环境科学与工程类,2,4600,四年,https://static-data.gaokao.cn/www/2.0/schoolspecialplan/572/2023/31.json?a=www.gaokao.cn,data/shanghai/raw/plan_api/static/2023/572.json,1
2023,综合,572,北京建筑大学,107591,02,物理必选,081001,土木工程,1,4600,四年,https://static-data.gaokao.cn/www/2.0/schoolspecialplan/572/2023/31.json?a=www.gaokao.cn,data/shanghai/raw/plan_api/static/2023/572.json,1
2023,综合,573,北京协和医学院,107589,01,不限,101101K,护理学,5,4800,四年,https://static-data.gaokao.cn/www/2.0/schoolspecialplan/573/2023/31.json?a=www.gaokao.cn,data/shanghai/raw/plan_api/static/2023/573.json,1
2023,综合,574,中国戏曲学院,107582,01,不限,130304,戏剧影视文学,1,8000,四年,https://static-data.gaokao.cn/www/2.0/schoolspecialplan/574/2023/31.json?a=www.gaokao.cn,data/shanghai/raw/plan_api/static/2023/574.json,1
2023,综合,586,北京物资学院,107588,01,不限,020301K,金融学,1,4200,四年,https://static-data.gaokao.cn/www/2.0/schoolspecialplan/586/2023/31.json?a=www.gaokao.cn,data/shanghai/raw/plan_api/static/2023/586.json,1
2023,综合,586,北京物资学院,107588,01,不限,020310T,金融科技,1,4200,四年,https://static-data.gaokao.cn/www/2.0/schoolspecialplan/586/2023/31.json?a=www.gaokao.cn,data/shanghai/raw/plan_api/static/2023/586.json,1
2023,综合,590,北京印刷学院,107575,01,不限,1202,工商管理类,2,4200,四年,https://static-data.gaokao.cn/www/2.0/schoolspecialplan/590/2023/31.json?a=www.gaokao.cn,data/shanghai/raw/plan_api/static/2023/590.json,1
2023,综合,590,北京印刷学院,107575,01,不限,050304,传播学,1,4200,四年,https://static-data.gaokao.cn/www/2.0/schoolspecialplan/590/2023/31.json?a=www.gaokao.cn,data/shanghai/raw/plan_api/static/2023/590.json,1
2023,综合,592,北京语言大学,107573,01,不限,050101,汉语言文学,1,5000,四年,https://static-data.gaokao.cn/www/2.0/schoolspecialplan/592/2023/31.json?a=www.gaokao.cn,data/shanghai/raw/plan_api/static/2023/592.json,1
2023,综合,592,北京语言大学,107573,01,不限,0502,外国语言文学类,1,6000,四年,https://static-data.gaokao.cn/www/2.0/schoolspecialplan/592/2023/31.json?a=www.gaokao.cn,data/shanghai/raw/plan_api/static/2023/592.json,1
2023,综合,592,北京语言大学,107573,01,不限,050261,翻译,1,6000,四年,https://static-data.gaokao.cn/www/2.0/schoolspecialplan/592/2023/31.json?a=www.gaokao.cn,data/shanghai/raw/plan_api/static/2023/592.json,1
2023,综合,592,北京语言大学,107573,01,不限,050306T,网络与新媒体,1,5000,四年,https://static-data.gaokao.cn/www/2.0/schoolspecialplan/592/2023/31.json?a=www.gaokao.cn,data/shanghai/raw/plan_api/static/2023/592.json,1
2023,综合,596,河北医科大学,107514,01,化学、生物(2科必选),1004,公共卫生与预防医学类,4,5200,五年,https://static-data.gaokao.cn/www/2.0/schoolspecialplan/596/2023/31.json?a=www.gaokao.cn,data/shanghai/raw/plan_api/static/2023/596.json,1
2023,综合,596,河北医科大学,107514,01,化学、生物(2科必选),100201K,临床医学,3,5700,五年,https://static-data.gaokao.cn/www/2.0/schoolspecialplan/596/2023/31.json?a=www.gaokao.cn,data/shanghai/raw/plan_api/static/2023/596.json,1
2023,综合,596,河北医科大学,107513,02,化学必选,1007,药学类,4,5200,四年,https://static-data.gaokao.cn/www/2.0/schoolspecialplan/596/2023/31.json?a=www.gaokao.cn,data/shanghai/raw/plan_api/static/2023/596.json,1
2023,综合,596,河北医科大学,107513,02,化学必选,100703TK,临床药学,4,5200,五年,https://static-data.gaokao.cn/www/2.0/schoolspecialplan/596/2023/31.json?a=www.gaokao.cn,data/shanghai/raw/plan_api/static/2023/596.json,1
2023,综合,597,华北理工大学,107517,01,物/化/生(3选1),081304T,能源化学工程,5,4900,四年,https://static-data.gaokao.cn/www/2.0/schoolspecialplan/597/2023/31.json?a=www.gaokao.cn,data/shanghai/raw/plan_api/static/2023/597.json,1
2023,综合,597,华北理工大学,107517,01,物/化/生(3选1),0710,生物科学类,4,4900,四年,https://static-data.gaokao.cn/www/2.0/schoolspecialplan/597/2023/31.json?a=www.gaokao.cn,data/shanghai/raw/plan_api/static/2023/597.json,1
2023,综合,597,华北理工大学,107515,03,化学、生物(2科必选),100205TK,精神医学,3,5200,五年,https://static-data.gaokao.cn/www/2.0/schoolspecialplan/597/2023/31.json?a=www.gaokao.cn,data/shanghai/raw/plan_api/static/2023/597.json,1
2023,综合,597,华北理工大学,107516,02,物/化/地(3选1),081508TK,碳储科学与工程,3,4900,四年,https://static-data.gaokao.cn/www/2.0/schoolspecialplan/597/2023/31.json?a=www.gaokao.cn,data/shanghai/raw/plan_api/static/2023/597.json,1
2023,综合,597,华北理工大学,107515,03,化学、生物(2科必选),100201K,临床医学,2,5700,五年,https://static-data.gaokao.cn/www/2.0/schoolspecialplan/597/2023/31.json?a=www.gaokao.cn,data/shanghai/raw/plan_api/static/2023/597.json,1
2023,综合,599,燕山大学,107510,01,不限,020307T,经济与金融,2,5060,四年,https://static-data.gaokao.cn/www/2.0/schoolspecialplan/599/2023/31.json?a=www.gaokao.cn,data/shanghai/raw/plan_api/static/2023/599.json,1
2023,综合,599,燕山大学,107509,02,物理必选,0802,机械类,2,5390,四年,https://static-data.gaokao.cn/www/2.0/schoolspecialplan/599/2023/31.json?a=www.gaokao.cn,data/shanghai/raw/plan_api/static/2023/599.json,1
2023,综合,599,燕山大学,107509,02,物理必选,0806,电气类,2,5390,四年,https://static-data.gaokao.cn/www/2.0/schoolspecialplan/599/2023/31.json?a=www.gaokao.cn,data/shanghai/raw/plan_api/static/2023/599.json,1
2023,综合,599,燕山大学,107509,02,物理必选,080902,软件工程,2,10000,四年,https://static-data.gaokao.cn/www/2.0/schoolspecialplan/599/2023/31.json?a=www.gaokao.cn,data/shanghai/raw/plan_api/static/2023/599.json,1
2023,综合,602,河北工程大学,107523,01,不限,120201K,工商管理,2,4600,四年,https://static-data.gaokao.cn/www/2.0/schoolspecialplan/602/2023/31.json?a=www.gaokao.cn,data/shanghai/raw/plan_api/static/2023/602.json,1
2023,综合,602,河北工程大学,107523,01,不限,120203K,会计学,2,5000,四年,https://static-data.gaokao.cn/www/2.0/schoolspecialplan/602/2023/31.json?a=www.gaokao.cn,data/shanghai/raw/plan_api/static/2023/602.json,1
2023,综合,602,河北工程大学,107522,02,物理必选,081001,土木工程,2,5300,四年,https://static-data.gaokao.cn/www/2.0/schoolspecialplan/602/2023/31.json?a=www.gaokao.cn,data/shanghai/raw/plan_api/static/2023/602.json,1
2023,综合,602,河北工程大学,107522,02,物理必选,080207,车辆工程,2,5300,四年,https://static-data.gaokao.cn/www/2.0/schoolspecialplan/602/2023/31.json?a=www.gaokao.cn,data/shanghai/raw/plan_api/static/2023/602.json,1
2023,综合,602,河北工程大学,107522,02,物理必选,080503T,新能源科学与工程,2,4900,四年,https://static-data.gaokao.cn/www/2.0/schoolspecialplan/602/2023/31.json?a=www.gaokao.cn,data/shanghai/raw/plan_api/static/2023/602.json,1
2023,综合,606,河北地质大学,107521,01,不限,1202,工商管理类,4,5060,四年,https://static-data.gaokao.cn/www/2.0/schoolspecialplan/606/2023/31.json?a=www.gaokao.cn,data/shanghai/raw/plan_api/static/2023/606.json,1
2023,综合,606,河北地质大学,107521,01,不限,050204,法语,2,4900,四年,https://static-data.gaokao.cn/www/2.0/schoolspecialplan/606/2023/31.json?a=www.gaokao.cn,data/shanghai/raw/plan_api/static/2023/606.json,1
2023,综合,606,河北地质大学,107521,01,不限,050303,广告学,2,4600,四年,https://static-data.gaokao.cn/www/2.0/schoolspecialplan/606/2023/31.json?a=www.gaokao.cn,data/shanghai/raw/plan_api/static/2023/606.json,1
2023,综合,606,河北地质大学,107521,01,不限,1204,公共管理类,2,4600,四年,https://static-data.gaokao.cn/www/2.0/schoolspecialplan/606/2023/31.json?a=www.gaokao.cn,data/shanghai/raw/plan_api/static/2023/606.json,1
2023,综合,606,河北地质大学,107520,02,物理必选,0810,土木类,2,4900,四年,https://static-data.gaokao.cn/www/2.0/schoolspecialplan/606/2023/31.json?a=www.gaokao.cn,data/shanghai/raw/plan_api/static/2023/606.json,1
2023,综合,606,河北地质大学,107519,03,化学必选,0804,材料类,2,4900,四年,https://static-data.gaokao.cn/www/2.0/schoolspecialplan/606/2023/31.json?a=www.gaokao.cn,data/shanghai/raw/plan_api/static/2023/606.json,1
2023,综合,606,河北地质大学,107518,04,物理/化学(2选1),082502,环境工程,2,4900,四年,https://static-data.gaokao.cn/www/2.0/schoolspecialplan/606/2023/31.json?a=www.gaokao.cn,data/shanghai/raw/plan_api/static/2023/606.json,1
2023,综合,622,江师科技,106895,01,不限,1204,公共管理类,3,6600,四年,https://static-data.gaokao.cn/www/2.0/schoolspecialplan/622/2023/31.json?a=www.gaokao.cn,data/shanghai/raw/plan_api/static/2023/622.json,1
2023,综合,622,江师科技,106895,01,不限,030101K,法学,2,5280,四年,https://static-data.gaokao.cn/www/2.0/schoolspecialplan/622/2023/31.json?a=www.gaokao.cn,data/shanghai/raw/plan_api/static/2023/622.json,1
2023,综合,622,江师科技,106895,01,不限,0203,金融学类,2,6600,四年,https://static-data.gaokao.cn/www/2.0/schoolspecialplan/622/2023/31.json?a=www.gaokao.cn,data/shanghai/raw/plan_api/static/2023/622.json,1
2023,综合,622,江师科技,106895,01,不限,1202,工商管理类,2,6600,四年,https://static-data.gaokao.cn/www/2.0/schoolspecialplan/622/2023/31.json?a=www.gaokao.cn,data/shanghai/raw/plan_api/static/2023/622.json,1
2023,综合,622,江师科技,106895,01,不限,010101,哲学,1,5060,四年,https://static-data.gaokao.cn/www/2.0/schoolspecialplan/622/2023/31.json?a=www.gaokao.cn,data/shanghai/raw/plan_api/static/2023/622.json,1
2023,综合,622,江师科技,106895,01,不限,0501,中国语言文学类,1,5280,四年,https://static-data.gaokao.cn/www/2.0/schoolspecialplan/622/2023/31.json?a=www.gaokao.cn,data/shanghai/raw/plan_api/static/2023/622.json,1
2023,综合,622,江师科技,106895,01,不限,0503,新闻传播学类,1,5280,四年,https://static-data.gaokao.cn/www/2.0/schoolspecialplan/622/2023/31.json?a=www.gaokao.cn,data/shanghai/raw/plan_api/static/2023/622.json,1
2023,综合,622,江师科技,106893,03,地理/历史(2选1),060101,历史学,3,5280,四年,https://static-data.gaokao.cn/www/2.0/schoolspecialplan/622/2023/31.json?a=www.gaokao.cn,data/shanghai/raw/plan_api/static/2023/622.json,1
2023,综合,622,江师科技,106891,05,物理必选,0809,计算机类,3,6600,四年,https://static-data.gaokao.cn/www/2.0/schoolspecialplan/622/2023/31.json?a=www.gaokao.cn,data/shanghai/raw/plan_api/static/2023/622.json,1
2023,综合,622,江师科技,106894,02,化学必选,070301,化学,2,6600,四年,https://static-data.gaokao.cn/www/2.0/schoolspecialplan/622/2023/31.json?a=www.gaokao.cn,data/shanghai/raw/plan_api/static/2023/622.json,1
2023,综合,622,江师科技,106892,04,思想政治必选,030503,思想政治教育,2,5280,四年,https://static-data.gaokao.cn/www/2.0/schoolspecialplan/622/2023/31.json?a=www.gaokao.cn,data/shanghai/raw/plan_api/static/2023/622.json,1
2023,综合,622,江师科技,106890,06,物/化/地(3选1),0705,地理科学类,2,6600,四年,https://static-data.gaokao.cn/www/2.0/schoolspecialplan/622/2023/31.json?a=www.gaokao.cn,data/shanghai/raw/plan_api/static/2023/622.json,1
2023,综合,622,江师科技,106891,05,物理必选,120102,信息管理与信息系统,1,6600,四年,https://static-data.gaokao.cn/www/2.0/schoolspecialplan/622/2023/31.json?a=www.gaokao.cn,data/shanghai/raw/plan_api/static/2023/622.json,1
2023,综合,622,江师科技,106889,07,物/化/生(3选1),0710,生物科学类,1,6600,四年,https://static-data.gaokao.cn/www/2.0/schoolspecialplan/622/2023/31.json?a=www.gaokao.cn,data/shanghai/raw/plan_api/static/2023/622.json,1
2023,综合,622,江师科技,106889,07,物/化/生(3选1),0711,心理学类,1,6600,四年,https://static-data.gaokao.cn/www/2.0/schoolspecialplan/622/2023/31.json?a=www.gaokao.cn,data/shanghai/raw/plan_api/static/2023/622.json,1
2023,综合,627,衡水学院,107511,01,不限,120801,电子商务,3,4600,四年,https://static-data.gaokao.cn/www/2.0/schoolspecialplan/627/2023/31.json?a=www.gaokao.cn,data/shanghai/raw/plan_api/static/2023/627.json,1
2023,综合,627,衡水学院,107511,01,不限,050207,日语,2,4900,四年,https://static-data.gaokao.cn/www/2.0/schoolspecialplan/627/2023/31.json?a=www.gaokao.cn,data/shanghai/raw/plan_api/static/2023/627.json,1
2023,综合,627,衡水学院,107511,01,不限,020307T,经济与金融,2,4600,四年,https://static-data.gaokao.cn/www/2.0/schoolspecialplan/627/2023/31.json?a=www.gaokao.cn,data/shanghai/raw/plan_api/static/2023/627.json,1
2023,综合,627,衡水学院,107511,01,不限,040106,学前教育,2,5060,四年,https://static-data.gaokao.cn/www/2.0/schoolspecialplan/627/2023/31.json?a=www.gaokao.cn,data/shanghai/raw/plan_api/static/2023/627.json,1
2023,综合,655,济宁医学,107655,01,不限,020202,税收学,6,6500,四年,https://static-data.gaokao.cn/www/2.0/schoolspecialplan/655/2023/31.json?a=www.gaokao.cn,data/shanghai/raw/plan_api/static/2023/655.json,1
2023,综合,655,济宁医学,107655,01,不限,120205,国际商务,6,6500,四年,https://static-data.gaokao.cn/www/2.0/schoolspecialplan/655/2023/31.json?a=www.gaokao.cn,data/shanghai/raw/plan_api/static/2023/655.json,1
2023,综合,655,济宁医学,107655,01,不限,050201,英语,6,6500,四年,https://static-data.gaokao.cn/www/2.0/schoolspecialplan/655/2023/31.json?a=www.gaokao.cn,data/shanghai/raw/plan_api/static/2023/655.json,1
2023,综合,655,济宁医学,107655,01,不限,020102,经济统计学,6,6500,四年,https://static-data.gaokao.cn/www/2.0/schoolspecialplan/655/2023/31.json?a=www.gaokao.cn,data/shanghai/raw/plan_api/static/2023/655.json,1
2023,综合,655,济宁医学,107655,01,不限,120601,物流管理,6,6500,四年,https://static-data.gaokao.cn/www/2.0/schoolspecialplan/655/2023/31.json?a=www.gaokao.cn,data/shanghai/raw/plan_api/static/2023/655.json,1
2023,综合,661,电子科技大学,106597,01,物理必选,2092636,经济管理试验班,3,4900,四年,https://static-data.gaokao.cn/www/2.0/schoolspecialplan/661/2023/31.json?a=www.gaokao.cn,data/shanghai/raw/plan_api/static/2023/661.json,1
2023,综合,661,电子科技大学,106597,01,物理必选,0807,电子信息类,2,4900,四年,https://static-data.gaokao.cn/www/2.0/schoolspecialplan/661/2023/31.json?a=www.gaokao.cn,data/shanghai/raw/plan_api/static/2023/661.json,1
2023,综合,684,郑州轻工,107646,01,不限,050201,英语,48,149985,四年,https://static-data.gaokao.cn/www/2.0/schoolspecialplan/684/2023/31.json?a=www.gaokao.cn,data/shanghai/raw/plan_api/static/2023/684.json,1
2023,综合,684,郑州轻工,107646,01,不限,120205,国际商务,48,149985,四年,https://static-data.gaokao.cn/www/2.0/schoolspecialplan/684/2023/31.json?a=www.gaokao.cn,data/shanghai/raw/plan_api/static/2023/684.json,1
2023,综合,687,中原工院,107508,01,不限,020401,国际经济与贸易,1,4600,四年,https://static-data.gaokao.cn/www/2.0/schoolspecialplan/687/2023/31.json?a=www.gaokao.cn,data/shanghai/raw/plan_api/static/2023/687.json,1
2023,综合,687,中原工院,107508,01,不限,050201,英语,1,4900,四年,https://static-data.gaokao.cn/www/2.0/schoolspecialplan/687/2023/31.json?a=www.gaokao.cn,data/shanghai/raw/plan_api/static/2023/687.json,1
2023,综合,687,中原工院,107508,01,不限,120203K,会计学,1,4600,四年,https://static-data.gaokao.cn/www/2.0/schoolspecialplan/687/2023/31.json?a=www.gaokao.cn,data/shanghai/raw/plan_api/static/2023/687.json,1
2023,综合,687,中原工院,107508,01,不限,120601,物流管理,1,5060,四年,https://static-data.gaokao.cn/www/2.0/schoolspecialplan/687/2023/31.json?a=www.gaokao.cn,data/shanghai/raw/plan_api/static/2023/687.json,1
2023,综合,687,中原工院,107507,02,物理必选,080202,机械设计制造及其自动化,1,5390,四年,https://static-data.gaokao.cn/www/2.0/schoolspecialplan/687/2023/31.json?a=www.gaokao.cn,data/shanghai/raw/plan_api/static/2023/687.json,0
2023,综合,687,中原工院,107507,02,物理必选,082003,飞行器制造工程,1,5390,四年,https://static-data.gaokao.cn/www/2.0/schoolspecialplan/687/2023/31.json?a=www.gaokao.cn,data/shanghai/raw/plan_api/static/2023/687.json,0
2023,综合,687,中原工院,107507,02,物理必选,080901,计算机科学与技术,1,5390,四年,https://static-data.gaokao.cn/www/2.0/schoolspecialplan/687/2023/31.json?a=www.gaokao.cn,data/shanghai/raw/plan_api/static/2023/687.json,0
2023,综合,687,中原工院,107507,02,物理必选,080203,材料成型及控制工程,1,5390,四年,https://static-data.gaokao.cn/www/2.0/schoolspecialplan/687/2023/31.json?a=www.gaokao.cn,data/shanghai/raw/plan_api/static/2023/687.json,0
2023,综合,687,中原工院,107507,02,物理必选,080701,电子信息工程,1,5390,四年,https://static-data.gaokao.cn/www/2.0/schoolspecialplan/687/2023/31.json?a=www.gaokao.cn,data/shanghai/raw/plan_api/static/2023/687.json,0
2023,综合,687,中原工院,107507,02,物理必选,081001,土木工程,1,4900,四年,https://static-data.gaokao.cn/www/2.0/schoolspecialplan/687/2023/31.json?a=www.gaokao.cn,data/shanghai/raw/plan_api/static/2023/687.json,0
2023,综合,770,成都东软学院,106574,01,不限,120801,电子商务,2,18000,四年,https://static-data.gaokao.cn/www/2.0/schoolspecialplan/770/2023/31.json?a=www.gaokao.cn,data/shanghai/raw/plan_api/static/2023/770.json,0
2023,综合,770,成都东软学院,106574,01,不限,120204,财务管理,1,18000,四年,https://static-data.gaokao.cn/www/2.0/schoolspecialplan/770/2023/31.json?a=www.gaokao.cn,data/shanghai/raw/plan_api/static/2023/770.json,0
2023,综合,770,成都东软学院,106574,01,不限,050201,英语,1,18000,四年,https://static-data.gaokao.cn/www/2.0/schoolspecialplan/770/2023/31.json?a=www.gaokao.cn,data/shanghai/raw/plan_api/static/2023/770.json,0
2023,综合,770,成都东软学院,106573,02,物理必选,080902,软件工程,1,18000,四年,https://static-data.gaokao.cn/www/2.0/schoolspecialplan/770/2023/31.json?a=www.gaokao.cn,data/shanghai/raw/plan_api/static/2023/770.json,1
2023,综合,770,成都东软学院,106573,02,物理必选,0809,计算机类,1,18000,四年,https://static-data.gaokao.cn/www/2.0/schoolspecialplan/770/2023/31.json?a=www.gaokao.cn,data/shanghai/raw/plan_api/static/2023/770.json,1
2023,综合,787,南通大学,107271,01,不限,040104,教育技术学,4,5200,四年,https://static-data.gaokao.cn/www/2.0/schoolspecialplan/787/2023/31.json?a=www.gaokao.cn,data/shanghai/raw/plan_api/static/2023/787.json,1
2023,综合,787,南通大学,107271,01,不限,040106,学前教育,4,5200,四年,https://static-data.gaokao.cn/www/2.0/schoolspecialplan/787/2023/31.json?a=www.gaokao.cn,data/shanghai/raw/plan_api/static/2023/787.json,1
2023,综合,787,南通大学,107271,01,不限,040107,小学教育,3,5200,四年,https://static-data.gaokao.cn/www/2.0/schoolspecialplan/787/2023/31.json?a=www.gaokao.cn,data/shanghai/raw/plan_api/static/2023/787.json,1
2023,综合,787,南通大学,107269,03,物/化/生(3选1),101001,医学检验技术,3,6800,四年,https://static-data.gaokao.cn/www/2.0/schoolspecialplan/787/2023/31.json?a=www.gaokao.cn,data/shanghai/raw/plan_api/static/2023/787.json,1
2023,综合,787,南通大学,107270,02,化学、生物(2科必选),100201K,临床医学,3,7480,五年,https://static-data.gaokao.cn/www/2.0/schoolspecialplan/787/2023/31.json?a=www.gaokao.cn,data/shanghai/raw/plan_api/static/2023/787.json,1
2023,综合,787,南通大学,107269,03,物/化/生(3选1),100401K,预防医学,3,7480,五年,https://static-data.gaokao.cn/www/2.0/schoolspecialplan/787/2023/31.json?a=www.gaokao.cn,data/shanghai/raw/plan_api/static/2023/787.json,1
2023,综合,819,重庆科院,107572,01,不限,040106,学前教育,1,79800,四年,https://static-data.gaokao.cn/www/2.0/schoolspecialplan/819/2023/31.json?a=www.gaokao.cn,data/shanghai/raw/plan_api/static/2023/819.json,1
2023,综合,819,重庆科院,107572,01,不限,040107,小学教育,1,79800,四年,https://static-data.gaokao.cn/www/2.0/schoolspecialplan/819/2023/31.json?a=www.gaokao.cn,data/shanghai/raw/plan_api/static/2023/819.json,1
2023,综合,819,重庆科院,107572,01,不限,050101,汉语言文学,1,79800,四年,https://static-data.gaokao.cn/www/2.0/schoolspecialplan/819/2023/31.json?a=www.gaokao.cn,data/shanghai/raw/plan_api/static/2023/819.json,1
2023,综合,819,重庆科院,107572,01,不限,120903,会展经济与管理,1,79800,四年,https://static-data.gaokao.cn/www/2.0/schoolspecialplan/819/2023/31.json?a=www.gaokao.cn,data/shanghai/raw/plan_api/static/2023/819.json,1
2023,综合,833,河南师范大学,106827,01,地理/历史(2选1),060101,历史学,5,4840,四年,https://static-data.gaokao.cn/www/2.0/schoolspecialplan/833/2023/31.json?a=www.gaokao.cn,data/shanghai/raw/plan_api/static/2023/833.json,1
2023,综合,833,河南师范大学,106826,02,物理必选,070201,物理学,5,5500,四年,https://static-data.gaokao.cn/www/2.0/schoolspecialplan/833/2023/31.json?a=www.gaokao.cn,data/shanghai/raw/plan_api/static/2023/833.json,1
2023,综合,863,西安思源学院,106480,01,不限,040107,小学教育,3,20900,四年,https://static-data.gaokao.cn/www/2.0/schoolspecialplan/863/2023/31.json?a=www.gaokao.cn,data/shanghai/raw/plan_api/static/2023/863.json,1
2023,综合,863,西安思源学院,106479,02,物理必选,080717T,人工智能,2,20900,四年,https://static-data.gaokao.cn/www/2.0/schoolspecialplan/863/2023/31.json?a=www.gaokao.cn,data/shanghai/raw/plan_api/static/2023/863.json,1
2023,综合,866,北京体育大学,107602,01,不限,120901K,旅游管理,1,,四年,https://static-data.gaokao.cn/www/2.0/schoolspecialplan/866/2023/31.json?a=www.gaokao.cn,data/shanghai/raw/plan_api/static/2023/866.json,1
2023,综合,869,江西科技学院,106959,01,物理必选,080213T,智能制造工程,2,25000,四年,https://static-data.gaokao.cn/www/2.0/schoolspecialplan/869/2023/31.json?a=www.gaokao.cn,data/shanghai/raw/plan_api/static/2023/869.json,1
2023,综合,869,江西科技学院,106959,01,物理必选,120108T,大数据管理与应用,2,24600,四年,https://static-data.gaokao.cn/www/2.0/schoolspecialplan/869/2023/31.json?a=www.gaokao.cn,data/shanghai/raw/plan_api/static/2023/869.json,1
2023,综合,869,江西科技学院,106958,02,不限,120203K,会计学,2,25000,四年,https://static-data.gaokao.cn/www/2.0/schoolspecialplan/869/2023/31.json?a=www.gaokao.cn,data/shanghai/raw/plan_api/static/2023/869.json,1
2023,综合,869,江西科技学院,106958,02,不限,040101,教育学,2,24600,四年,https://static-data.gaokao.cn/www/2.0/schoolspecialplan/869/2023/31.json?a=www.gaokao.cn,data/shanghai/raw/plan_api/static/2023/869.json,1
2023,综合,869,江西科技学院,106958,02,不限,120803T,跨境电子商务,1,24600,四年,https://static-data.gaokao.cn/www/2.0/schoolspecialplan/869/2023/31.json?a=www.gaokao.cn,data/shanghai/raw/plan_api/static/2023/869.json,1
2023,综合,873,河南中医药大学,106844,01,物/化/生(3选1),100601K,中西医临床医学,5,,-,https://static-data.gaokao.cn/www/2.0/schoolspecialplan/873/2023/31.json?a=www.gaokao.cn,data/shanghai/raw/plan_api/static/2023/873.json,1
2023,综合,873,河南中医药大学,106844,01,物/化/生(3选1),1008,中药学类,5,,-,https://static-data.gaokao.cn/www/2.0/schoolspecialplan/873/2023/31.json?a=www.gaokao.cn,data/shanghai/raw/plan_api/static/2023/873.json,1
2023,综合,880,西安建科,106825,01,不限,040106,学前教育,4,4400,四年,https://static-data.gaokao.cn/www/2.0/schoolspecialplan/880/2023/31.json?a=www.gaokao.cn,data/shanghai/raw/plan_api/static/2023/880.json,1
2023,综合,880,西安建科,106824,02,政/地/史(3选1),020401,国际经济与贸易,3,4400,四年,https://static-data.gaokao.cn/www/2.0/schoolspecialplan/880/2023/31.json?a=www.gaokao.cn,data/shanghai/raw/plan_api/static/2023/880.json,1
2023,综合,919,山西中医药大学,107470,01,物/化/生(3选1),100501K,中医学,2,,-,https://static-data.gaokao.cn/www/2.0/schoolspecialplan/919/2023/31.json?a=www.gaokao.cn,data/shanghai/raw/plan_api/static/2023/919.json,1
2023,综合,919,山西中医药大学,107470,01,物/化/生(3选1),100502K,针灸推拿学,2,,-,https://static-data.gaokao.cn/www/2.0/schoolspecialplan/919/2023/31.json?a=www.gaokao.cn,data/shanghai/raw/plan_api/static/2023/919.json,1
2023,综合,919,山西中医药大学,107470,01,物/化/生(3选1),100601K,中西医临床医学,2,,-,https://static-data.gaokao.cn/www/2.0/schoolspecialplan/919/2023/31.json?a=www.gaokao.cn,data/shanghai/raw/plan_api/static/2023/919.json,1
2023,综合,919,山西中医药大学,107470,01,物/化/生(3选1),100801,中药学,1,,-,https://static-data.gaokao.cn/www/2.0/schoolspecialplan/919/2023/31.json?a=www.gaokao.cn,data/shanghai/raw/plan_api/static/2023/919.json,1
2023,综合,919,山西中医药大学,107470,01,物/化/生(3选1),101005,康复治疗学,1,,-,https://static-data.gaokao.cn/www/2.0/schoolspecialplan/919/2023/31.json?a=www.gaokao.cn,data/shanghai/raw/plan_api/static/2023/919.json,1
2023,综合,932,攀枝花学院,106422,01,不限,020401,国际经济与贸易,2,4800,四年,https://static-data.gaokao.cn/www/2.0/schoolspecialplan/932/2023/31.json?a=www.gaokao.cn,data/shanghai/raw/plan_api/static/2023/932.json,1
2023,综合,932,攀枝花学院,106421,02,物理、生物(2科必选),100201K,临床医学,1,5800,五年,https://static-data.gaokao.cn/www/2.0/schoolspecialplan/932/2023/31.json?a=www.gaokao.cn,data/shanghai/raw/plan_api/static/2023/932.json,1
2023,综合,934,西南大学,106645,01,化/地/史(3选1),0201,经济学类,1,4500,四年,https://static-data.gaokao.cn/www/2.0/schoolspecialplan/934/2023/31.json?a=www.gaokao.cn,data/shanghai/raw/plan_api/static/2023/934.json,1
2023,综合,934,西南大学,106645,01,化/地/史(3选1),1202,工商管理类,1,4500,四年,https://static-data.gaokao.cn/www/2.0/schoolspecialplan/934/2023/31.json?a=www.gaokao.cn,data/shanghai/raw/plan_api/static/2023/934.json,1
2023,综合,934,西南大学,106644,02,物理必选,0807,电子信息类,2,4500,四年,https://static-data.gaokao.cn/www/2.0/schoolspecialplan/934/2023/31.json?a=www.gaokao.cn,data/shanghai/raw/plan_api/static/2023/934.json,1
2023,综合,934,西南大学,106644,02,物理必选,080907T,智能科学与技术,2,4500,四年,https://static-data.gaokao.cn/www/2.0/schoolspecialplan/934/2023/31.json?a=www.gaokao.cn,data/shanghai/raw/plan_api/static/2023/934.json,1
2023,综合,934,西南大学,106643,03,物/化/生(3选1),071102,应用心理学,2,4500,四年,https://static-data.gaokao.cn/www/2.0/schoolspecialplan/934/2023/31.json?a=www.gaokao.cn,data/shanghai/raw/plan_api/static/2023/934.json,1
2023,综合,934,西南大学,106643,03,物/化/生(3选1),100701,药学,2,5000,四年,https://static-data.gaokao.cn/www/2.0/schoolspecialplan/934/2023/31.json?a=www.gaokao.cn,data/shanghai/raw/plan_api/static/2023/934.json,1
2023,综合,934,西南大学,106644,02,物理必选,080902,软件工程,1,4500,四年,https://static-data.gaokao.cn/www/2.0/schoolspecialplan/934/2023/31.json?a=www.gaokao.cn,data/shanghai/raw/plan_api/static/2023/934.json,1
2023,综合,934,西南大学,106643,03,物/化/生(3选1),081302,制药工程,1,5000,四年,https://static-data.gaokao.cn/www/2.0/schoolspecialplan/934/2023/31.json?a=www.gaokao.cn,data/shanghai/raw/plan_api/static/2023/934.json,1
2023,综合,934,西南大学,106642,04,物理必选,080801,自动化,1,50000,四年,https://static-data.gaokao.cn/www/2.0/schoolspecialplan/934/2023/31.json?a=www.gaokao.cn,data/shanghai/raw/plan_api/static/2023/934.json,1
2023,综合,934,西南大学,106642,04,物理必选,080901,计算机科学与技术,1,50000,四年,https://static-data.gaokao.cn/www/2.0/schoolspecialplan/934/2023/31.json?a=www.gaokao.cn,data/shanghai/raw/plan_api/static/2023/934.json,1
2023,综合,934,西南大学,106642,04,物理必选,080902,软件工程,1,50000,四年,https://static-data.gaokao.cn/www/2.0/schoolspecialplan/934/2023/31.json?a=www.gaokao.cn,data/shanghai/raw/plan_api/static/2023/934.json,1
2023,综合,935,贵州大学,106539,01,不限,050201,英语,2,4920,四年,https://static-data.gaokao.cn/www/2.0/schoolspecialplan/935/2023/31.json?a=www.gaokao.cn,data/shanghai/raw/plan_api/static/2023/935.json,1
2023,综合,935,贵州大学,106538,02,不限,120901K,旅游管理,2,24000,四年,https://static-data.gaokao.cn/www/2.0/schoolspecialplan/935/2023/31.json?a=www.gaokao.cn,data/shanghai/raw/plan_api/static/2023/935.json,1
2023,综合,935,贵州大学,106537,03,物理必选,080202,机械设计制造及其自动化,2,60000,四年,https://static-data.gaokao.cn/www/2.0/schoolspecialplan/935/2023/31.json?a=www.gaokao.cn,data/shanghai/raw/plan_api/static/2023/935.json,1
2023,综合,935,贵州大学,106536,04,物理、化学(2科必选),081301,化学工程与工艺,2,60000,四年,https://static-data.gaokao.cn/www/2.0/schoolspecialplan/935/2023/31.json?a=www.gaokao.cn,data/shanghai/raw/plan_api/static/2023/935.json,1
2023,综合,935,贵州大学,106535,05,物理、化学(2科必选),082503,环境科学,2,60000,四年,https://static-data.gaokao.cn/www/2.0/schoolspecialplan/935/2023/31.json?a=www.gaokao.cn,data/shanghai/raw/plan_api/static/2023/935.json,1
2023,综合,960,南方医科大学,106689,01,化学、生物(2科必选),100201K,临床医学,1,7660,-,https://static-data.gaokao.cn/www/2.0/schoolspecialplan/960/2023/31.json?a=www.gaokao.cn,data/shanghai/raw/plan_api/static/2023/960.json,1
2023,综合,960,南方医科大学,106688,02,物/化/生(3选1),071002,生物技术,3,6850,四年,https://static-data.gaokao.cn/www/2.0/schoolspecialplan/960/2023/31.json?a=www.gaokao.cn,data/shanghai/raw/plan_api/static/2023/960.json,1
2023,综合,960,南方医科大学,106688,02,物/化/生(3选1),082601,生物医学工程,3,6850,四年,https://static-data.gaokao.cn/www/2.0/schoolspecialplan/960/2023/31.json?a=www.gaokao.cn,data/shanghai/raw/plan_api/static/2023/960.json,1
2023,综合,960,南方医科大学,106688,02,物/化/生(3选1),100401K,预防医学,3,7660,五年,https://static-data.gaokao.cn/www/2.0/schoolspecialplan/960/2023/31.json?a=www.gaokao.cn,data/shanghai/raw/plan_api/static/2023/960.json,1
2023,综合,960,南方医科大学,106688,02,物/化/生(3选1),101001,医学检验技术,3,7660,四年,https://static-data.gaokao.cn/www/2.0/schoolspecialplan/960/2023/31.json?a=www.gaokao.cn,data/shanghai/raw/plan_api/static/2023/960.json,1
2023,综合,960,南方医科大学,106688,02,物/化/生(3选1),101005,康复治疗学,3,7660,四年,https://static-data.gaokao.cn/www/2.0/schoolspecialplan/960/2023/31.json?a=www.gaokao.cn,data/shanghai/raw/plan_api/static/2023/960.json,1
2023,综合,960,南方医科大学,106688,02,物/化/生(3选1),100301K,口腔医学,2,7660,五年,https://static-data.gaokao.cn/www/2.0/schoolspecialplan/960/2023/31.json?a=www.gaokao.cn,data/shanghai/raw/plan_api/static/2023/960.json,1
2023,综合,960,南方医科大学,106688,02,物/化/生(3选1),100601K,中西医临床医学,2,7660,五年,https://static-data.gaokao.cn/www/2.0/schoolspecialplan/960/2023/31.json?a=www.gaokao.cn,data/shanghai/raw/plan_api/static/2023/960.json,1
2023,综合,960,南方医科大学,106688,02,物/化/生(3选1),100701,药学,2,7660,四年,https://static-data.gaokao.cn/www/2.0/schoolspecialplan/960/2023/31.json?a=www.gaokao.cn,data/shanghai/raw/plan_api/static/2023/960.json,1
2023,综合,1007,武汉科技大学,106801,01,物理必选,0808,自动化类,4,5850,四年,https://static-data.gaokao.cn/www/2.0/schoolspecialplan/1007/2023/31.json?a=www.gaokao.cn,data/shanghai/raw/plan_api/static/2023/1007.json,1
2023,综合,1007,武汉科技大学,106801,01,物理必选,0802,机械类,2,4500,四年,https://static-data.gaokao.cn/www/2.0/schoolspecialplan/1007/2023/31.json?a=www.gaokao.cn,data/shanghai/raw/plan_api/static/2023/1007.json,1
2023,综合,1007,武汉科技大学,106800,02,物理、化学(2科必选),0804,材料类,2,5850,四年,https://static-data.gaokao.cn/www/2.0/schoolspecialplan/1007/2023/31.json?a=www.gaokao.cn,data/shanghai/raw/plan_api/static/2023/1007.json,1
2023,综合,1007,武汉科技大学,106799,03,物理/地理(2选1),0828,建筑类,2,4500,五年,https://static-data.gaokao.cn/www/2.0/schoolspecialplan/1007/2023/31.json?a=www.gaokao.cn,data/shanghai/raw/plan_api/static/2023/1007.json,1
2023,综合,1011,上海政法学院,107677,01,不限,030101K,法学,8,6500,四年,https://static-data.gaokao.cn/www/2.0/schoolspecialplan/1011/2023/31.json?a=www.gaokao.cn,data/shanghai/raw/plan_api/static/2023/1011.json,1
2023,综合,1011,上海政法学院,107675,03,不限,120207,审计学,40,6500,四年,https://static-data.gaokao.cn/www/2.0/schoolspecialplan/1011/2023/31.json?a=www.gaokao.cn,data/shanghai/raw/plan_api/static/2023/1011.json,1
2023,综合,1011,上海政法学院,107676,02,不限,030101K,法学,10,6500,四年,https://static-data.gaokao.cn/www/2.0/schoolspecialplan/1011/2023/31.json?a=www.gaokao.cn,data/shanghai/raw/plan_api/static/2023/1011.json,1
2023,综合,1011,上海政法学院,107675,03,不限,120204,财务管理,35,6500,四年,https://static-data.gaokao.cn/www/2.0/schoolspecialplan/1011/2023/31.json?a=www.gaokao.cn,data/shanghai/raw/plan_api/static/2023/1011.json,1
2023,综合,1011,上海政法学院,107675,03,不限,120802T,电子商务及法律,35,6500,四年,https://static-data.gaokao.cn/www/2.0/schoolspecialplan/1011/2023/31.json?a=www.gaokao.cn,data/shanghai/raw/plan_api/static/2023/1011.json,1
2023,综合,1011,上海政法学院,107675,03,不限,020401,国际经济与贸易,30,6500,四年,https://static-data.gaokao.cn/www/2.0/schoolspecialplan/1011/2023/31.json?a=www.gaokao.cn,data/shanghai/raw/plan_api/static/2023/1011.json,1
2023,综合,1011,上海政法学院,107675,03,不限,020307T,经济与金融,25,6500,四年,https://static-data.gaokao.cn/www/2.0/schoolspecialplan/1011/2023/31.json?a=www.gaokao.cn,data/shanghai/raw/plan_api/static/2023/1011.json,1
2023,综合,1011,上海政法学院,107674,04,不限,050101,汉语言文学,23,6500,四年,https://static-data.gaokao.cn/www/2.0/schoolspecialplan/1011/2023/31.json?a=www.gaokao.cn,data/shanghai/raw/plan_api/static/2023/1011.json,1
2023,综合,1011,上海政法学院,107672,06,不限,030103T,监狱学,21,6500,四年,https://static-data.gaokao.cn/www/2.0/schoolspecialplan/1011/2023/31.json?a=www.gaokao.cn,data/shanghai/raw/plan_api/static/2023/1011.json,1
2023,综合,1011,上海政法学院,107674,04,不限,050103,汉语国际教育,20,6500,四年,https://static-data.gaokao.cn/www/2.0/schoolspecialplan/1011/2023/31.json?a=www.gaokao.cn,data/shanghai/raw/plan_api/static/2023/1011.json,1
2023,综合,1011,上海政法学院,107675,03,不限,120201K,工商管理,20,6500,四年,https://static-data.gaokao.cn/www/2.0/schoolspecialplan/1011/2023/31.json?a=www.gaokao.cn,data/shanghai/raw/plan_api/static/2023/1011.json,1
2023,综合,1011,上海政法学院,107674,04,不限,050201,英语,20,6500,四年,https://static-data.gaokao.cn/www/2.0/schoolspecialplan/1011/2023/31.json?a=www.gaokao.cn,data/shanghai/raw/plan_api/static/2023/1011.json,1
2023,综合,1011,上海政法学院,107675,03,不限,020202,税收学,20,6500,四年,https://static-data.gaokao.cn/www/2.0/schoolspecialplan/1011/2023/31.json?a=www.gaokao.cn,data/shanghai/raw/plan_api/static/2023/1011.json,1
2023,综合,1011,上海政法学院,107674,04,不限,071102,应用心理学,20,6500,四年,https://static-data.gaokao.cn/www/2.0/schoolspecialplan/1011/2023/31.json?a=www.gaokao.cn,data/shanghai/raw/plan_api/static/2023/1011.json,1
2023,综合,1011,上海政法学院,107674,04,不限,050261,翻译,20,6500,四年,https://static-data.gaokao.cn/www/2.0/schoolspecialplan/1011/2023/31.json?a=www.gaokao.cn,data/shanghai/raw/plan_api/static/2023/1011.json,1
2023,综合,1011,上海政法学院,107672,06,不限,030107TK,社区矫正,20,6500,四年,https://static-data.gaokao.cn/www/2.0/schoolspecialplan/1011/2023/31.json?a=www.gaokao.cn,data/shanghai/raw/plan_api/static/2023/1011.json,1
2023,综合,1011,上海政法学院,107674,04,不限,120403,劳动与社会保障,18,6500,四年,https://static-data.gaokao.cn/www/2.0/schoolspecialplan/1011/2023/31.json?a=www.gaokao.cn,data/shanghai/raw/plan_api/static/2023/1011.json,1
2023,综合,1011,上海政法学院,107675,03,不限,020101,经济学,18,6500,四年,https://static-data.gaokao.cn/www/2.0/schoolspecialplan/1011/2023/31.json?a=www.gaokao.cn,data/shanghai/raw/plan_api/static/2023/1011.json,1
2023,综合,1011,上海政法学院,107674,04,不限,050301,新闻学,17,6500,四年,https://static-data.gaokao.cn/www/2.0/schoolspecialplan/1011/2023/31.json?a=www.gaokao.cn,data/shanghai/raw/plan_api/static/2023/1011.json,1
2023,综合,1011,上海政法学院,107674,04,不限,050306T,网络与新媒体,17,6500,四年,https://static-data.gaokao.cn/www/2.0/schoolspecialplan/1011/2023/31.json?a=www.gaokao.cn,data/shanghai/raw/plan_api/static/2023/1011.json,1
2023,综合,1011,上海政法学院,107673,05,思想政治必选,030503,思想政治教育,17,6500,四年,https://static-data.gaokao.cn/www/2.0/schoolspecialplan/1011/2023/31.json?a=www.gaokao.cn,data/shanghai/raw/plan_api/static/2023/1011.json,1
2023,综合,1011,上海政法学院,107674,04,不限,050302,广播电视学,16,6500,四年,https://static-data.gaokao.cn/www/2.0/schoolspecialplan/1011/2023/31.json?a=www.gaokao.cn,data/shanghai/raw/plan_api/static/2023/1011.json,1
2023,综合,1011,上海政法学院,107676,02,不限,030102T,知识产权,15,6500,四年,https://static-data.gaokao.cn/www/2.0/schoolspecialplan/1011/2023/31.json?a=www.gaokao.cn,data/shanghai/raw/plan_api/static/2023/1011.json,1
2023,综合,1011,上海政法学院,107674,04,不限,120402,行政管理,15,6500,四年,https://static-data.gaokao.cn/www/2.0/schoolspecialplan/1011/2023/31.json?a=www.gaokao.cn,data/shanghai/raw/plan_api/static/2023/1011.json,1
2023,综合,1011,上海政法学院,107674,04,不限,030202,国际思想政治,15,6500,四年,https://static-data.gaokao.cn/www/2.0/schoolspecialplan/1011/2023/31.json?a=www.gaokao.cn,data/shanghai/raw/plan_api/static/2023/1011.json,1
2023,综合,1011,上海政法学院,107674,04,不限,030301,社会学,12,6500,四年,https://static-data.gaokao.cn/www/2.0/schoolspecialplan/1011/2023/31.json?a=www.gaokao.cn,data/shanghai/raw/plan_api/static/2023/1011.json,1
2023,综合,1011,上海政法学院,107674,04,不限,030302,社会工作,12,6500,四年,https://static-data.gaokao.cn/www/2.0/schoolspecialplan/1011/2023/31.json?a=www.gaokao.cn,data/shanghai/raw/plan_api/static/2023/1011.json,1
2023,综合,1011,上海政法学院,107674,04,不限,050202,俄语,10,6500,四年,https://static-data.gaokao.cn/www/2.0/schoolspecialplan/1011/2023/31.json?a=www.gaokao.cn,data/shanghai/raw/plan_api/static/2023/1011.json,1
2023,综合,1011,上海政法学院,107674,04,不限,030201,思想政治学与行政学,10,6500,四年,https://static-data.gaokao.cn/www/2.0/schoolspecialplan/1011/2023/31.json?a=www.gaokao.cn,data/shanghai/raw/plan_api/static/2023/1011.json,1
2023,综合,1018,重庆交通大学,106640,01,物理必选,0809,计算机类,2,5625,四年,https://static-data.gaokao.cn/www/2.0/schoolspecialplan/1018/2023/31.json?a=www.gaokao.cn,data/shanghai/raw/plan_api/static/2023/1018.json,1
2023,综合,1018,重庆交通大学,106639,02,不限,1202,工商管理类,2,5600,四年,https://static-data.gaokao.cn/www/2.0/schoolspecialplan/1018/2023/31.json?a=www.gaokao.cn,data/shanghai/raw/plan_api/static/2023/1018.json,1
2023,综合,1020,福建医科大学,107030,01,物理、化学(2科必选),100201K,临床医学,2,6760,五年,https://static-data.gaokao.cn/www/2.0/schoolspecialplan/1020/2023/31.json?a=www.gaokao.cn,data/shanghai/raw/plan_api/static/2023/1020.json,1
2023,综合,1020,福建医科大学,107029,02,物理/化学(2选1),101001,医学检验技术,2,6240,四年,https://static-data.gaokao.cn/www/2.0/schoolspecialplan/1020/2023/31.json?a=www.gaokao.cn,data/shanghai/raw/plan_api/static/2023/1020.json,1
2023,综合,1029,长沙学院,106720,01,物理必选,080601,电气工程及其自动化,2,,-,https://static-data.gaokao.cn/www/2.0/schoolspecialplan/1029/2023/31.json?a=www.gaokao.cn,data/shanghai/raw/plan_api/static/2023/1029.json,1
2023,综合,1029,长沙学院,106720,01,物理必选,080717T,人工智能,2,,-,https://static-data.gaokao.cn/www/2.0/schoolspecialplan/1029/2023/31.json?a=www.gaokao.cn,data/shanghai/raw/plan_api/static/2023/1029.json,1
2023,综合,1029,长沙学院,106719,02,不限,120204,财务管理,4,,-,https://static-data.gaokao.cn/www/2.0/schoolspecialplan/1029/2023/31.json?a=www.gaokao.cn,data/shanghai/raw/plan_api/static/2023/1029.json,1
2023,综合,1029,长沙学院,106719,02,不限,030101K,法学,2,,-,https://static-data.gaokao.cn/www/2.0/schoolspecialplan/1029/2023/31.json?a=www.gaokao.cn,data/shanghai/raw/plan_api/static/2023/1029.json,1
2023,综合,1031,广东金融学院,106691,01,物/化/政(3选1),020301K,金融学,1,5050,四年,https://static-data.gaokao.cn/www/2.0/schoolspecialplan/1031/2023/31.json?a=www.gaokao.cn,data/shanghai/raw/plan_api/static/2023/1031.json,1
2023,综合,1031,广东金融学院,106691,01,物/化/政(3选1),020304,投资学,1,5050,四年,https://static-data.gaokao.cn/www/2.0/schoolspecialplan/1031/2023/31.json?a=www.gaokao.cn,data/shanghai/raw/plan_api/static/2023/1031.json,1
2023,综合,1031,广东金融学院,106691,01,物/化/政(3选1),120203K,会计学,1,5050,四年,https://static-data.gaokao.cn/www/2.0/schoolspecialplan/1031/2023/31.json?a=www.gaokao.cn,data/shanghai/raw/plan_api/static/2023/1031.json,1
2023,综合,1031,广东金融学院,106691,01,物/化/政(3选1),120204,财务管理,1,5050,四年,https://static-data.gaokao.cn/www/2.0/schoolspecialplan/1031/2023/31.json?a=www.gaokao.cn,data/shanghai/raw/plan_api/static/2023/1031.json,1
2023,综合,1031,广东金融学院,106690,02,不限,020401,国际经济与贸易,1,5050,四年,https://static-data.gaokao.cn/www/2.0/schoolspecialplan/1031/2023/31.json?a=www.gaokao.cn,data/shanghai/raw/plan_api/static/2023/1031.json,1
2023,综合,1041,沈阳工程学院,107409,01,物理必选,080601,电气工程及其自动化,3,5200,四年,https://static-data.gaokao.cn/www/2.0/schoolspecialplan/1041/2023/31.json?a=www.gaokao.cn,data/shanghai/raw/plan_api/static/2023/1041.json,1
2023,综合,1041,沈阳工程学院,107409,01,物理必选,080501,能源与动力工程,3,5200,四年,https://static-data.gaokao.cn/www/2.0/schoolspecialplan/1041/2023/31.json?a=www.gaokao.cn,data/shanghai/raw/plan_api/static/2023/1041.json,1
2023,综合,1041,沈阳工程学院,107409,01,物理必选,080701,电子信息工程,3,5200,四年,https://static-data.gaokao.cn/www/2.0/schoolspecialplan/1041/2023/31.json?a=www.gaokao.cn,data/shanghai/raw/plan_api/static/2023/1041.json,1
2023,综合,1041,沈阳工程学院,107409,01,物理必选,080503T,新能源科学与工程,3,5200,四年,https://static-data.gaokao.cn/www/2.0/schoolspecialplan/1041/2023/31.json?a=www.gaokao.cn,data/shanghai/raw/plan_api/static/2023/1041.json,1
2023,综合,1048,金陵科技学院,107252,01,物理必选,080202,机械设计制造及其自动化,1,,-,https://static-data.gaokao.cn/www/2.0/schoolspecialplan/1048/2023/31.json?a=www.gaokao.cn,data/shanghai/raw/plan_api/static/2023/1048.json,1
2023,综合,1048,金陵科技学院,107252,01,物理必选,080207,车辆工程,1,,-,https://static-data.gaokao.cn/www/2.0/schoolspecialplan/1048/2023/31.json?a=www.gaokao.cn,data/shanghai/raw/plan_api/static/2023/1048.json,1
2023,综合,1048,金陵科技学院,107252,01,物理必选,080902,软件工程,1,,-,https://static-data.gaokao.cn/www/2.0/schoolspecialplan/1048/2023/31.json?a=www.gaokao.cn,data/shanghai/raw/plan_api/static/2023/1048.json,1
2023,综合,1048,金陵科技学院,107252,01,物理必选,080905,物联网工程,1,,-,https://static-data.gaokao.cn/www/2.0/schoolspecialplan/1048/2023/31.json?a=www.gaokao.cn,data/shanghai/raw/plan_api/static/2023/1048.json,1
2023,综合,1048,金陵科技学院,107252,01,物理必选,081004,建筑电气与智能化,1,,-,https://static-data.gaokao.cn/www/2.0/schoolspecialplan/1048/2023/31.json?a=www.gaokao.cn,data/shanghai/raw/plan_api/static/2023/1048.json,1
2023,综合,1048,金陵科技学院,107252,01,物理必选,082701,食品科学与工程,1,,-,https://static-data.gaokao.cn/www/2.0/schoolspecialplan/1048/2023/31.json?a=www.gaokao.cn,data/shanghai/raw/plan_api/static/2023/1048.json,1
2023,综合,1048,金陵科技学院,107252,01,物理必选,082802,城乡规划,1,,-,https://static-data.gaokao.cn/www/2.0/schoolspecialplan/1048/2023/31.json?a=www.gaokao.cn,data/shanghai/raw/plan_api/static/2023/1048.json,1
2023,综合,1048,金陵科技学院,107251,02,物理/历史(2选1),120202,市场营销,2,,-,https://static-data.gaokao.cn/www/2.0/schoolspecialplan/1048/2023/31.json?a=www.gaokao.cn,data/shanghai/raw/plan_api/static/2023/1048.json,1
2023,综合,1048,金陵科技学院,107251,02,物理/历史(2选1),120203K,会计学,2,,-,https://static-data.gaokao.cn/www/2.0/schoolspecialplan/1048/2023/31.json?a=www.gaokao.cn,data/shanghai/raw/plan_api/static/2023/1048.json,1
2023,综合,1048,金陵科技学院,107251,02,物理/历史(2选1),050201,英语,1,,-,https://static-data.gaokao.cn/www/2.0/schoolspecialplan/1048/2023/31.json?a=www.gaokao.cn,data/shanghai/raw/plan_api/static/2023/1048.json,1
2023,综合,1048,金陵科技学院,107250,03,历史必选,050105,古典文献学,1,,-,https://static-data.gaokao.cn/www/2.0/schoolspecialplan/1048/2023/31.json?a=www.gaokao.cn,data/shanghai/raw/plan_api/static/2023/1048.json,1
2023,综合,1049,徐州工程学院,107249,01,物理必选,080202,机械设计制造及其自动化,2,,-,https://static-data.gaokao.cn/www/2.0/schoolspecialplan/1049/2023/31.json?a=www.gaokao.cn,data/shanghai/raw/plan_api/static/2023/1049.json,1
2023,综合,1049,徐州工程学院,107249,01,物理必选,120103,工程管理,1,,-,https://static-data.gaokao.cn/www/2.0/schoolspecialplan/1049/2023/31.json?a=www.gaokao.cn,data/shanghai/raw/plan_api/static/2023/1049.json,1
2023,综合,1049,徐州工程学院,107248,02,不限,120203K,会计学,2,,-,https://static-data.gaokao.cn/www/2.0/schoolspecialplan/1049/2023/31.json?a=www.gaokao.cn,data/shanghai/raw/plan_api/static/2023/1049.json,1
2023,综合,1049,徐州工程学院,107248,02,不限,020401,国际经济与贸易,1,,-,https://static-data.gaokao.cn/www/2.0/schoolspecialplan/1049/2023/31.json?a=www.gaokao.cn,data/shanghai/raw/plan_api/static/2023/1049.json,1
2023,综合,1049,徐州工程学院,107248,02,不限,020307T,经济与金融,1,,-,https://static-data.gaokao.cn/www/2.0/schoolspecialplan/1049/2023/31.json?a=www.gaokao.cn,data/shanghai/raw/plan_api/static/2023/1049.json,1
2023,综合,1049,徐州工程学院,107248,02,不限,120602,物流工程,1,,-,https://static-data.gaokao.cn/www/2.0/schoolspecialplan/1049/2023/31.json?a=www.gaokao.cn,data/shanghai/raw/plan_api/static/2023/1049.json,1
2023,综合,1061,厦门理工学院,107023,01,物理必选,080213T,智能制造工程,2,5460,四年,https://static-data.gaokao.cn/www/2.0/schoolspecialplan/1061/2023/31.json?a=www.gaokao.cn,data/shanghai/raw/plan_api/static/2023/1061.json,1
2023,综合,1061,厦门理工学院,107023,01,物理必选,080414T,新能源材料与器件,2,5460,四年,https://static-data.gaokao.cn/www/2.0/schoolspecialplan/1061/2023/31.json?a=www.gaokao.cn,data/shanghai/raw/plan_api/static/2023/1061.json,1
2023,综合,1061,厦门理工学院,107023,01,物理必选,080717T,人工智能,2,5460,四年,https://static-data.gaokao.cn/www/2.0/schoolspecialplan/1061/2023/31.json?a=www.gaokao.cn,data/shanghai/raw/plan_api/static/2023/1061.json,1
2023,综合,1061,厦门理工学院,107022,02,不限,120903,会展经济与管理,2,5040,四年,https://static-data.gaokao.cn/www/2.0/schoolspecialplan/1061/2023/31.json?a=www.gaokao.cn,data/shanghai/raw/plan_api/static/2023/1061.json,1
2023,综合,1061,厦门理工学院,107022,02,不限,120405,城市管理,1,5040,四年,https://static-data.gaokao.cn/www/2.0/schoolspecialplan/1061/2023/31.json?a=www.gaokao.cn,data/shanghai/raw/plan_api/static/2023/1061.json,1
2023,综合,1061,厦门理工学院,107022,02,不限,120205,国际商务,1,5040,四年,https://static-data.gaokao.cn/www/2.0/schoolspecialplan/1061/2023/31.json?a=www.gaokao.cn,data/shanghai/raw/plan_api/static/2023/1061.json,1
2023,综合,1064,淮阴师范学院,107257,01,不限,040106,学前教育,5,,-,https://static-data.gaokao.cn/www/2.0/schoolspecialplan/1064/2023/31.json?a=www.gaokao.cn,data/shanghai/raw/plan_api/static/2023/1064.json,1
2023,综合,1064,淮阴师范学院,107257,01,不限,050103,汉语国际教育,5,,-,https://static-data.gaokao.cn/www/2.0/schoolspecialplan/1064/2023/31.json?a=www.gaokao.cn,data/shanghai/raw/plan_api/static/2023/1064.json,1
2023,综合,1064,淮阴师范学院,107257,01,不限,030102T,知识产权,4,,-,https://static-data.gaokao.cn/www/2.0/schoolspecialplan/1064/2023/31.json?a=www.gaokao.cn,data/shanghai/raw/plan_api/static/2023/1064.json,1
2023,综合,1064,淮阴师范学院,107257,01,不限,050303,广告学,4,,-,https://static-data.gaokao.cn/www/2.0/schoolspecialplan/1064/2023/31.json?a=www.gaokao.cn,data/shanghai/raw/plan_api/static/2023/1064.json,1
2023,综合,1066,浙江传媒学院,107125,01,不限,050201,英语,1,4800,四年,https://static-data.gaokao.cn/www/2.0/schoolspecialplan/1066/2023/31.json?a=www.gaokao.cn,data/shanghai/raw/plan_api/static/2023/1066.json,1
2023,综合,1066,浙江传媒学院,107125,01,不限,050301,新闻学,1,4800,四年,https://static-data.gaokao.cn/www/2.0/schoolspecialplan/1066/2023/31.json?a=www.gaokao.cn,data/shanghai/raw/plan_api/static/2023/1066.json,1
2023,综合,1066,浙江传媒学院,107125,01,不限,050302,广播电视学,1,5500,四年,https://static-data.gaokao.cn/www/2.0/schoolspecialplan/1066/2023/31.json?a=www.gaokao.cn,data/shanghai/raw/plan_api/static/2023/1066.json,1
2023,综合,1066,浙江传媒学院,107125,01,不限,050303,广告学,1,4800,四年,https://static-data.gaokao.cn/www/2.0/schoolspecialplan/1066/2023/31.json?a=www.gaokao.cn,data/shanghai/raw/plan_api/static/2023/1066.json,1
2023,综合,1066,浙江传媒学院,107125,01,不限,050304,传播学,1,4800,四年,https://static-data.gaokao.cn/www/2.0/schoolspecialplan/1066/2023/31.json?a=www.gaokao.cn,data/shanghai/raw/plan_api/static/2023/1066.json,1
2023,综合,1066,浙江传媒学院,107125,01,不限,050305,编辑出版学,1,4800,四年,https://static-data.gaokao.cn/www/2.0/schoolspecialplan/1066/2023/31.json?a=www.gaokao.cn,data/shanghai/raw/plan_api/static/2023/1066.json,1
2023,综合,1066,浙江传媒学院,107125,01,不限,050306T,网络与新媒体,1,4800,四年,https://static-data.gaokao.cn/www/2.0/schoolspecialplan/1066/2023/31.json?a=www.gaokao.cn,data/shanghai/raw/plan_api/static/2023/1066.json,1
2023,综合,1066,浙江传媒学院,107125,01,不限,120210,文化产业管理,1,4800,四年,https://static-data.gaokao.cn/www/2.0/schoolspecialplan/1066/2023/31.json?a=www.gaokao.cn,data/shanghai/raw/plan_api/static/2023/1066.json,1
2023,综合,1066,浙江传媒学院,107125,01,不限,120409T,公共关系学,1,4800,四年,https://static-data.gaokao.cn/www/2.0/schoolspecialplan/1066/2023/31.json?a=www.gaokao.cn,data/shanghai/raw/plan_api/static/2023/1066.json,1
2023,综合,1066,浙江传媒学院,107125,01,不限,120903,会展经济与管理,1,4800,四年,https://static-data.gaokao.cn/www/2.0/schoolspecialplan/1066/2023/31.json?a=www.gaokao.cn,data/shanghai/raw/plan_api/static/2023/1066.json,1
2023,综合,1066,浙江传媒学院,107124,02,不限,050304,传播学,4,28000,四年,https://static-data.gaokao.cn/www/2.0/schoolspecialplan/1066/2023/31.json?a=www.gaokao.cn,data/shanghai/raw/plan_api/static/2023/1066.json,1
2023,综合,1066,浙江传媒学院,107121,05,物理必选,080913T,电影制作,3,58000,四年,https://static-data.gaokao.cn/www/2.0/schoolspecialplan/1066/2023/31.json?a=www.gaokao.cn,data/shanghai/raw/plan_api/static/2023/1066.json,1
2023,综合,1066,浙江传媒学院,107122,04,物理必选,080702,电子科学与技术,2,5500,四年,https://static-data.gaokao.cn/www/2.0/schoolspecialplan/1066/2023/31.json?a=www.gaokao.cn,data/shanghai/raw/plan_api/static/2023/1066.json,1
2023,综合,1066,浙江传媒学院,107123,03,政/地/史(3选1),050101,汉语言文学,1,4800,四年,https://static-data.gaokao.cn/www/2.0/schoolspecialplan/1066/2023/31.json?a=www.gaokao.cn,data/shanghai/raw/plan_api/static/2023/1066.json,1
2023,综合,1066,浙江传媒学院,107122,04,物理必选,080707T,广播电视工程,1,6300,四年,https://static-data.gaokao.cn/www/2.0/schoolspecialplan/1066/2023/31.json?a=www.gaokao.cn,data/shanghai/raw/plan_api/static/2023/1066.json,1
2023,综合,1066,浙江传媒学院,107122,04,物理必选,080717T,人工智能,1,5500,四年,https://static-data.gaokao.cn/www/2.0/schoolspecialplan/1066/2023/31.json?a=www.gaokao.cn,data/shanghai/raw/plan_api/static/2023/1066.json,1
2023,综合,1066,浙江传媒学院,107122,04,物理必选,080902,软件工程,1,5500,四年,https://static-data.gaokao.cn/www/2.0/schoolspecialplan/1066/2023/31.json?a=www.gaokao.cn,data/shanghai/raw/plan_api/static/2023/1066.json,1
2023,综合,1066,浙江传媒学院,107122,04,物理必选,080903,网络工程,1,5500,四年,https://static-data.gaokao.cn/www/2.0/schoolspecialplan/1066/2023/31.json?a=www.gaokao.cn,data/shanghai/raw/plan_api/static/2023/1066.json,1
2023,综合,1066,浙江传媒学院,107122,04,物理必选,080906,数字媒体技术,1,5500,四年,https://static-data.gaokao.cn/www/2.0/schoolspecialplan/1066/2023/31.json?a=www.gaokao.cn,data/shanghai/raw/plan_api/static/2023/1066.json,1
2023,综合,1073,重庆工商大学,106617,01,不限,1202,工商管理类,3,4500,四年,https://static-data.gaokao.cn/www/2.0/schoolspecialplan/1073/2023/31.json?a=www.gaokao.cn,data/shanghai/raw/plan_api/static/2023/1073.json,1
2023,综合,1073,重庆工商大学,106617,01,不限,120801,电子商务,2,4500,四年,https://static-data.gaokao.cn/www/2.0/schoolspecialplan/1073/2023/31.json?a=www.gaokao.cn,data/shanghai/raw/plan_api/static/2023/1073.json,1
2023,综合,1073,重庆工商大学,106617,01,不限,020101,经济学,2,4500,四年,https://static-data.gaokao.cn/www/2.0/schoolspecialplan/1073/2023/31.json?a=www.gaokao.cn,data/shanghai/raw/plan_api/static/2023/1073.json,1
2023,综合,1073,重庆工商大学,106617,01,不限,0203,金融学类,2,4500,四年,https://static-data.gaokao.cn/www/2.0/schoolspecialplan/1073/2023/31.json?a=www.gaokao.cn,data/shanghai/raw/plan_api/static/2023/1073.json,1
2023,综合,1073,重庆工商大学,106617,01,不限,0503,新闻传播学类,2,4500,四年,https://static-data.gaokao.cn/www/2.0/schoolspecialplan/1073/2023/31.json?a=www.gaokao.cn,data/shanghai/raw/plan_api/static/2023/1073.json,1
2023,综合,1073,重庆工商大学,106617,01,不限,1209,旅游管理类,2,4500,四年,https://static-data.gaokao.cn/www/2.0/schoolspecialplan/1073/2023/31.json?a=www.gaokao.cn,data/shanghai/raw/plan_api/static/2023/1073.json,1
2023,综合,1077,文华学院,106773,01,物理必选,080901,计算机科学与技术,2,22800,四年,https://static-data.gaokao.cn/www/2.0/schoolspecialplan/1077/2023/31.json?a=www.gaokao.cn,data/shanghai/raw/plan_api/static/2023/1077.json,1
2023,综合,1077,文华学院,106773,01,物理必选,080501,能源与动力工程,2,22000,四年,https://static-data.gaokao.cn/www/2.0/schoolspecialplan/1077/2023/31.json?a=www.gaokao.cn,data/shanghai/raw/plan_api/static/2023/1077.json,1
2023,综合,1077,文华学院,106773,01,物理必选,080905,物联网工程,2,22000,四年,https://static-data.gaokao.cn/www/2.0/schoolspecialplan/1077/2023/31.json?a=www.gaokao.cn,data/shanghai/raw/plan_api/static/2023/1077.json,1
2023,综合,1077,文华学院,106772,02,不限,020301K,金融学,2,22000,四年,https://static-data.gaokao.cn/www/2.0/schoolspecialplan/1077/2023/31.json?a=www.gaokao.cn,data/shanghai/raw/plan_api/static/2023/1077.json,1
2023,综合,1077,文华学院,106772,02,不限,120203K,会计学,2,22800,四年,https://static-data.gaokao.cn/www/2.0/schoolspecialplan/1077/2023/31.json?a=www.gaokao.cn,data/shanghai/raw/plan_api/static/2023/1077.json,1
2023,综合,1083,内江师范学院,131222,01,物理必选,070101,数学与应用数学,1,5200,4,https://static-data.gaokao.cn/www/2.0/schoolspecialplan/1083/2023/31.json?a=www.gaokao.cn,data/shanghai/raw/plan_api/static/2023/1083.json,1
2023,综合,1083,内江师范学院,131222,01,物理必选,070201,物理学,1,5200,4,https://static-data.gaokao.cn/www/2.0/schoolspecialplan/1083/2023/31.json?a=www.gaokao.cn,data/shanghai/raw/plan_api/static/2023/1083.json,1
2023,综合,1083,内江师范学院,131223,02,化学必选,0703,化学类,1,5200,4,https://static-data.gaokao.cn/www/2.0/schoolspecialplan/1083/2023/31.json?a=www.gaokao.cn,data/shanghai/raw/plan_api/static/2023/1083.json,1
2023,综合,1092,上海电机学院,107680,01,物理必选,080202,机械设计制造及其自动化,30,,-,https://static-data.gaokao.cn/www/2.0/schoolspecialplan/1092/2023/31.json?a=www.gaokao.cn,data/shanghai/raw/plan_api/static/2023/1092.json,1
2023,综合,1092,上海电机学院,107680,01,物理必选,080213T,智能制造工程,26,,-,https://static-data.gaokao.cn/www/2.0/schoolspecialplan/1092/2023/31.json?a=www.gaokao.cn,data/shanghai/raw/plan_api/static/2023/1092.json,1
2023,综合,1092,上海电机学院,107680,01,物理必选,080601,电气工程及其自动化,20,,-,https://static-data.gaokao.cn/www/2.0/schoolspecialplan/1092/2023/31.json?a=www.gaokao.cn,data/shanghai/raw/plan_api/static/2023/1092.json,1
2023,综合,1092,上海电机学院,107680,01,物理必选,080203,材料成型及控制工程,12,,-,https://static-data.gaokao.cn/www/2.0/schoolspecialplan/1092/2023/31.json?a=www.gaokao.cn,data/shanghai/raw/plan_api/static/2023/1092.json,1
2023,综合,1092,上海电机学院,107678,03,不限,0201,经济学类,169,,-,https://static-data.gaokao.cn/www/2.0/schoolspecialplan/1092/2023/31.json?a=www.gaokao.cn,data/shanghai/raw/plan_api/static/2023/1092.json,1
2023,综合,1092,上海电机学院,107678,03,不限,1202,工商管理类,166,,-,https://static-data.gaokao.cn/www/2.0/schoolspecialplan/1092/2023/31.json?a=www.gaokao.cn,data/shanghai/raw/plan_api/static/2023/1092.json,1
2023,综合,1092,上海电机学院,107679,02,物理必选,0809,计算机类,114,,-,https://static-data.gaokao.cn/www/2.0/schoolspecialplan/1092/2023/31.json?a=www.gaokao.cn,data/shanghai/raw/plan_api/static/2023/1092.json,1
2023,综合,1092,上海电机学院,107678,03,不限,050201,英语,51,,-,https://static-data.gaokao.cn/www/2.0/schoolspecialplan/1092/2023/31.json?a=www.gaokao.cn,data/shanghai/raw/plan_api/static/2023/1092.json,1
2023,综合,1092,上海电机学院,107679,02,物理必选,0806,电气类,48,,-,https://static-data.gaokao.cn/www/2.0/schoolspecialplan/1092/2023/31.json?a=www.gaokao.cn,data/shanghai/raw/plan_api/static/2023/1092.json,1
2023,综合,1092,上海电机学院,107679,02,物理必选,082003,飞行器制造工程,39,,-,https://static-data.gaokao.cn/www/2.0/schoolspecialplan/1092/2023/31.json?a=www.gaokao.cn,data/shanghai/raw/plan_api/static/2023/1092.json,1
2023,综合,1092,上海电机学院,107679,02,物理必选,080801,自动化,38,,-,https://static-data.gaokao.cn/www/2.0/schoolspecialplan/1092/2023/31.json?a=www.gaokao.cn,data/shanghai/raw/plan_api/static/2023/1092.json,1
2023,综合,1092,上海电机学院,107679,02,物理必选,1207,工业工程类,38,,-,https://static-data.gaokao.cn/www/2.0/schoolspecialplan/1092/2023/31.json?a=www.gaokao.cn,data/shanghai/raw/plan_api/static/2023/1092.json,1
2023,综合,1092,上海电机学院,107678,03,不限,120601,物流管理,38,,-,https://static-data.gaokao.cn/www/2.0/schoolspecialplan/1092/2023/31.json?a=www.gaokao.cn,data/shanghai/raw/plan_api/static/2023/1092.json,1
2023,综合,1092,上海电机学院,107678,03,不限,020102,经济统计学,35,,-,https://static-data.gaokao.cn/www/2.0/schoolspecialplan/1092/2023/31.json?a=www.gaokao.cn,data/shanghai/raw/plan_api/static/2023/1092.json,1
2023,综合,1092,上海电机学院,107678,03,不限,050203,德语,35,,-,https://static-data.gaokao.cn/www/2.0/schoolspecialplan/1092/2023/31.json?a=www.gaokao.cn,data/shanghai/raw/plan_api/static/2023/1092.json,1
2023,综合,1092,上海电机学院,107678,03,不限,020401,国际经济与贸易,33,,-,https://static-data.gaokao.cn/www/2.0/schoolspecialplan/1092/2023/31.json?a=www.gaokao.cn,data/shanghai/raw/plan_api/static/2023/1092.json,1
2023,综合,1092,上海电机学院,107679,02,物理必选,0802,机械类,31,,-,https://static-data.gaokao.cn/www/2.0/schoolspecialplan/1092/2023/31.json?a=www.gaokao.cn,data/shanghai/raw/plan_api/static/2023/1092.json,1
2023,综合,1092,上海电机学院,107679,02,物理必选,080205,工业设计,28,,-,https://static-data.gaokao.cn/www/2.0/schoolspecialplan/1092/2023/31.json?a=www.gaokao.cn,data/shanghai/raw/plan_api/static/2023/1092.json,1
2023,综合,1092,上海电机学院,107679,02,物理必选,080701,电子信息工程,22,,-,https://static-data.gaokao.cn/www/2.0/schoolspecialplan/1092/2023/31.json?a=www.gaokao.cn,data/shanghai/raw/plan_api/static/2023/1092.json,1
2023,综合,1092,上海电机学院,107679,02,物理必选,080709T,电子封装技术,22,,-,https://static-data.gaokao.cn/www/2.0/schoolspecialplan/1092/2023/31.json?a=www.gaokao.cn,data/shanghai/raw/plan_api/static/2023/1092.json,1
2023,综合,1092,上海电机学院,107679,02,物理必选,080204,机械电子工程,21,,-,https://static-data.gaokao.cn/www/2.0/schoolspecialplan/1092/2023/31.json?a=www.gaokao.cn,data/shanghai/raw/plan_api/static/2023/1092.json,1
2023,综合,1092,上海电机学院,107679,02,物理必选,080705,光电信息科学与工程,19,,-,https://static-data.gaokao.cn/www/2.0/schoolspecialplan/1092/2023/31.json?a=www.gaokao.cn,data/shanghai/raw/plan_api/static/2023/1092.json,1
2023,综合,1092,上海电机学院,107679,02,物理必选,080703,通信工程,18,,-,https://static-data.gaokao.cn/www/2.0/schoolspecialplan/1092/2023/31.json?a=www.gaokao.cn,data/shanghai/raw/plan_api/static/2023/1092.json,1
2023,综合,1092,上海电机学院,107679,02,物理必选,080401,材料科学与工程,12,,-,https://static-data.gaokao.cn/www/2.0/schoolspecialplan/1092/2023/31.json?a=www.gaokao.cn,data/shanghai/raw/plan_api/static/2023/1092.json,1
2023,综合,1092,上海电机学院,107679,02,物理必选,080411T,焊接技术与工程,11,,-,https://static-data.gaokao.cn/www/2.0/schoolspecialplan/1092/2023/31.json?a=www.gaokao.cn,data/shanghai/raw/plan_api/static/2023/1092.json,1
2023,综合,1104,武昌首义学院,106782,01,物理必选,080901,计算机科学与技术,2,22800,四年,https://static-data.gaokao.cn/www/2.0/schoolspecialplan/1104/2023/31.json?a=www.gaokao.cn,data/shanghai/raw/plan_api/static/2023/1104.json,1
2023,综合,1104,武昌首义学院,106782,01,物理必选,080717T,人工智能,2,22800,四年,https://static-data.gaokao.cn/www/2.0/schoolspecialplan/1104/2023/31.json?a=www.gaokao.cn,data/shanghai/raw/plan_api/static/2023/1104.json,1
2023,综合,1104,武昌首义学院,106782,01,物理必选,080601,电气工程及其自动化,1,22800,四年,https://static-data.gaokao.cn/www/2.0/schoolspecialplan/1104/2023/31.json?a=www.gaokao.cn,data/shanghai/raw/plan_api/static/2023/1104.json,1
2023,综合,1104,武昌首义学院,106781,02,不限,050101,汉语言文学,2,22800,四年,https://static-data.gaokao.cn/www/2.0/schoolspecialplan/1104/2023/31.json?a=www.gaokao.cn,data/shanghai/raw/plan_api/static/2023/1104.json,1
2023,综合,1104,武昌首义学院,106781,02,不限,020310T,金融科技,2,25800,四年,https://static-data.gaokao.cn/www/2.0/schoolspecialplan/1104/2023/31.json?a=www.gaokao.cn,data/shanghai/raw/plan_api/static/2023/1104.json,1
2023,综合,1104,武昌首义学院,106781,02,不限,120203K,会计学,1,22800,四年,https://static-data.gaokao.cn/www/2.0/schoolspecialplan/1104/2023/31.json?a=www.gaokao.cn,data/shanghai/raw/plan_api/static/2023/1104.json,1
2023,综合,1142,山东中医药大学,106864,01,物/化/生(3选1),100501K,中医学,1,7900,五年,https://static-data.gaokao.cn/www/2.0/schoolspecialplan/1142/2023/31.json?a=www.gaokao.cn,data/shanghai/raw/plan_api/static/2023/1142.json,1
2023,综合,1142,山东中医药大学,106864,01,物/化/生(3选1),100601K,中西医临床医学,1,7900,五年,https://static-data.gaokao.cn/www/2.0/schoolspecialplan/1142/2023/31.json?a=www.gaokao.cn,data/shanghai/raw/plan_api/static/2023/1142.json,1
2023,综合,1142,山东中医药大学,106864,01,物/化/生(3选1),100701,药学,1,7500,四年,https://static-data.gaokao.cn/www/2.0/schoolspecialplan/1142/2023/31.json?a=www.gaokao.cn,data/shanghai/raw/plan_api/static/2023/1142.json,1
2023,综合,1142,山东中医药大学,106864,01,物/化/生(3选1),100502K,针灸推拿学,1,7900,五年,https://static-data.gaokao.cn/www/2.0/schoolspecialplan/1142/2023/31.json?a=www.gaokao.cn,data/shanghai/raw/plan_api/static/2023/1142.json,1
2023,综合,1142,山东中医药大学,106864,01,物/化/生(3选1),100801,中药学,1,7900,四年,https://static-data.gaokao.cn/www/2.0/schoolspecialplan/1142/2023/31.json?a=www.gaokao.cn,data/shanghai/raw/plan_api/static/2023/1142.json,1
2023,综合,1157,武昌理工学院,106780,01,不限,020304,投资学,2,22800,四年,https://static-data.gaokao.cn/www/2.0/schoolspecialplan/1157/2023/31.json?a=www.gaokao.cn,data/shanghai/raw/plan_api/static/2023/1157.json,0
2023,综合,1157,武昌理工学院,106779,02,物理必选,080601,电气工程及其自动化,2,24800,四年,https://static-data.gaokao.cn/www/2.0/schoolspecialplan/1157/2023/31.json?a=www.gaokao.cn,data/shanghai/raw/plan_api/static/2023/1157.json,1
2023,综合,1167,保定理工学院,107503,01,不限,040106,学前教育,5,20000,四年,https://static-data.gaokao.cn/www/2.0/schoolspecialplan/1167/2023/31.json?a=www.gaokao.cn,data/shanghai/raw/plan_api/static/2023/1167.json,1
2023,综合,1167,保定理工学院,107503,01,不限,040107,小学教育,5,20000,四年,https://static-data.gaokao.cn/www/2.0/schoolspecialplan/1167/2023/31.json?a=www.gaokao.cn,data/shanghai/raw/plan_api/static/2023/1167.json,1
2023,综合,1167,保定理工学院,107503,01,不限,020101,经济学,3,22000,四年,https://static-data.gaokao.cn/www/2.0/schoolspecialplan/1167/2023/31.json?a=www.gaokao.cn,data/shanghai/raw/plan_api/static/2023/1167.json,1
2023,综合,1167,保定理工学院,107503,01,不限,120203K,会计学,3,22000,四年,https://static-data.gaokao.cn/www/2.0/schoolspecialplan/1167/2023/31.json?a=www.gaokao.cn,data/shanghai/raw/plan_api/static/2023/1167.json,1
2023,综合,1167,保定理工学院,107503,01,不限,020401,国际经济与贸易,2,22000,四年,https://static-data.gaokao.cn/www/2.0/schoolspecialplan/1167/2023/31.json?a=www.gaokao.cn,data/shanghai/raw/plan_api/static/2023/1167.json,1
2023,综合,1167,保定理工学院,107503,01,不限,120201K,工商管理,2,22000,四年,https://static-data.gaokao.cn/www/2.0/schoolspecialplan/1167/2023/31.json?a=www.gaokao.cn,data/shanghai/raw/plan_api/static/2023/1167.json,1
2023,综合,1170,宿迁学院,107186,01,不限,120202,市场营销,1,5200,四年,https://static-data.gaokao.cn/www/2.0/schoolspecialplan/1170/2023/31.json?a=www.gaokao.cn,data/shanghai/raw/plan_api/static/2023/1170.json,1
2023,综合,1170,宿迁学院,107186,01,不限,120402,行政管理,1,5200,四年,https://static-data.gaokao.cn/www/2.0/schoolspecialplan/1170/2023/31.json?a=www.gaokao.cn,data/shanghai/raw/plan_api/static/2023/1170.json,1
2023,综合,1170,宿迁学院,107186,01,不限,120403,劳动与社会保障,1,5200,四年,https://static-data.gaokao.cn/www/2.0/schoolspecialplan/1170/2023/31.json?a=www.gaokao.cn,data/shanghai/raw/plan_api/static/2023/1170.json,1
2023,综合,1170,宿迁学院,107185,02,物理必选,080203,材料成型及控制工程,1,5800,四年,https://static-data.gaokao.cn/www/2.0/schoolspecialplan/1170/2023/31.json?a=www.gaokao.cn,data/shanghai/raw/plan_api/static/2023/1170.json,1
2023,综合,1170,宿迁学院,107185,02,物理必选,080401,材料科学与工程,1,5800,四年,https://static-data.gaokao.cn/www/2.0/schoolspecialplan/1170/2023/31.json?a=www.gaokao.cn,data/shanghai/raw/plan_api/static/2023/1170.json,1
2023,综合,1178,洛阳理工学院,106831,01,不限,120201K,工商管理,4,4400,四年,https://static-data.gaokao.cn/www/2.0/schoolspecialplan/1178/2023/31.json?a=www.gaokao.cn,data/shanghai/raw/plan_api/static/2023/1178.json,1
2023,综合,1178,洛阳理工学院,106831,01,不限,120204,财务管理,2,4400,四年,https://static-data.gaokao.cn/www/2.0/schoolspecialplan/1178/2023/31.json?a=www.gaokao.cn,data/shanghai/raw/plan_api/static/2023/1178.json,1
2023,综合,1178,洛阳理工学院,106831,01,不限,020109T,数字经济,2,4400,四年,https://static-data.gaokao.cn/www/2.0/schoolspecialplan/1178/2023/31.json?a=www.gaokao.cn,data/shanghai/raw/plan_api/static/2023/1178.json,1
2023,综合,1196,安徽中医药大学,107044,01,物/化/生(3选1),100502K,针灸推拿学,1,6325,五年,https://static-data.gaokao.cn/www/2.0/schoolspecialplan/1196/2023/31.json?a=www.gaokao.cn,data/shanghai/raw/plan_api/static/2023/1196.json,1
2023,综合,1196,安徽中医药大学,107044,01,物/化/生(3选1),100501K,中医学,1,6325,五年,https://static-data.gaokao.cn/www/2.0/schoolspecialplan/1196/2023/31.json?a=www.gaokao.cn,data/shanghai/raw/plan_api/static/2023/1196.json,1
2023,综合,1247,滁州学院,107065,01,政/地/史(3选1),120901K,旅游管理,2,4600,四年,https://static-data.gaokao.cn/www/2.0/schoolspecialplan/1247/2023/31.json?a=www.gaokao.cn,data/shanghai/raw/plan_api/static/2023/1247.json,1
2023,综合,1247,滁州学院,107064,02,不限,020401,国际经济与贸易,3,4600,四年,https://static-data.gaokao.cn/www/2.0/schoolspecialplan/1247/2023/31.json?a=www.gaokao.cn,data/shanghai/raw/plan_api/static/2023/1247.json,1
2023,综合,1247,滁州学院,107064,02,不限,120201K,工商管理,3,4600,四年,https://static-data.gaokao.cn/www/2.0/schoolspecialplan/1247/2023/31.json?a=www.gaokao.cn,data/shanghai/raw/plan_api/static/2023/1247.json,1
2023,综合,1247,滁州学院,107064,02,不限,120202,市场营销,3,4600,四年,https://static-data.gaokao.cn/www/2.0/schoolspecialplan/1247/2023/31.json?a=www.gaokao.cn,data/shanghai/raw/plan_api/static/2023/1247.json,1
2023,综合,1247,滁州学院,107064,02,不限,120204,财务管理,2,5060,四年,https://static-data.gaokao.cn/www/2.0/schoolspecialplan/1247/2023/31.json?a=www.gaokao.cn,data/shanghai/raw/plan_api/static/2023/1247.json,1
2023,综合,1247,滁州学院,107063,03,不限,050201,英语,1,4600,四年,https://static-data.gaokao.cn/www/2.0/schoolspecialplan/1247/2023/31.json?a=www.gaokao.cn,data/shanghai/raw/plan_api/static/2023/1247.json,1
2023,综合,1247,滁州学院,107063,03,不限,050262,商务英语,1,5060,四年,https://static-data.gaokao.cn/www/2.0/schoolspecialplan/1247/2023/31.json?a=www.gaokao.cn,data/shanghai/raw/plan_api/static/2023/1247.json,1
2023,综合,1251,梧州学院,106660,01,物理必选,080701,电子信息工程,1,4594,四年,https://static-data.gaokao.cn/www/2.0/schoolspecialplan/1251/2023/31.json?a=www.gaokao.cn,data/shanghai/raw/plan_api/static/2023/1251.json,1
2023,综合,1251,梧州学院,106660,01,物理必选,080704,微电子科学与工程,1,4590,四年,https://static-data.gaokao.cn/www/2.0/schoolspecialplan/1251/2023/31.json?a=www.gaokao.cn,data/shanghai/raw/plan_api/static/2023/1251.json,1
2023,综合,1251,梧州学院,106660,01,物理必选,080705,光电信息科学与工程,1,4594,四年,https://static-data.gaokao.cn/www/2.0/schoolspecialplan/1251/2023/31.json?a=www.gaokao.cn,data/shanghai/raw/plan_api/static/2023/1251.json,1
2023,综合,1251,梧州学院,106660,01,物理必选,080803T,机器人工程,1,4594,四年,https://static-data.gaokao.cn/www/2.0/schoolspecialplan/1251/2023/31.json?a=www.gaokao.cn,data/shanghai/raw/plan_api/static/2023/1251.json,1
2023,综合,1251,梧州学院,106660,01,物理必选,080910T,数据科学与大数据技术,1,4590,四年,https://static-data.gaokao.cn/www/2.0/schoolspecialplan/1251/2023/31.json?a=www.gaokao.cn,data/shanghai/raw/plan_api/static/2023/1251.json,1
2023,综合,1304,上海外国语大学贤达经济人文学院,107671,01,不限,050203,德语,5,56000,四年,https://static-data.gaokao.cn/www/2.0/schoolspecialplan/1304/2023/31.json?a=www.gaokao.cn,data/shanghai/raw/plan_api/static/2023/1304.json,1
2023,综合,1304,上海外国语大学贤达经济人文学院,107671,01,不限,050201,英语,10,38000,四年,https://static-data.gaokao.cn/www/2.0/schoolspecialplan/1304/2023/31.json?a=www.gaokao.cn,data/shanghai/raw/plan_api/static/2023/1304.json,1
2023,综合,1304,上海外国语大学贤达经济人文学院,107671,01,不限,050204,法语,5,56000,四年,https://static-data.gaokao.cn/www/2.0/schoolspecialplan/1304/2023/31.json?a=www.gaokao.cn,data/shanghai/raw/plan_api/static/2023/1304.json,1
2023,综合,1304,上海外国语大学贤达经济人文学院,107671,01,不限,050207,日语,10,38000,四年,https://static-data.gaokao.cn/www/2.0/schoolspecialplan/1304/2023/31.json?a=www.gaokao.cn,data/shanghai/raw/plan_api/static/2023/1304.json,1
2023,综合,1304,上海外国语大学贤达经济人文学院,107671,01,不限,050261,翻译,10,56000,四年,https://static-data.gaokao.cn/www/2.0/schoolspecialplan/1304/2023/31.json?a=www.gaokao.cn,data/shanghai/raw/plan_api/static/2023/1304.json,1
2023,综合,1304,上海外国语大学贤达经济人文学院,107671,01,不限,050209,朝鲜语,5,38000,四年,https://static-data.gaokao.cn/www/2.0/schoolspecialplan/1304/2023/31.json?a=www.gaokao.cn,data/shanghai/raw/plan_api/static/2023/1304.json,1
2023,综合,1304,上海外国语大学贤达经济人文学院,107671,01,不限,050205,西班牙语,5,56000,四年,https://static-data.gaokao.cn/www/2.0/schoolspecialplan/1304/2023/31.json?a=www.gaokao.cn,data/shanghai/raw/plan_api/static/2023/1304.json,1
2023,综合,1304,上海外国语大学贤达经济人文学院,107671,01,不限,050206,阿拉伯语,5,38000,四年,https://static-data.gaokao.cn/www/2.0/schoolspecialplan/1304/2023/31.json?a=www.gaokao.cn,data/shanghai/raw/plan_api/static/2023/1304.json,1
2023,综合,1304,上海外国语大学贤达经济人文学院,107669,03,不限,040106,学前教育,82,45000,四年,https://static-data.gaokao.cn/www/2.0/schoolspecialplan/1304/2023/31.json?a=www.gaokao.cn,data/shanghai/raw/plan_api/static/2023/1304.json,1
2023,综合,1304,上海外国语大学贤达经济人文学院,107669,03,不限,120201K,工商管理,30,68000,四年,https://static-data.gaokao.cn/www/2.0/schoolspecialplan/1304/2023/31.json?a=www.gaokao.cn,data/shanghai/raw/plan_api/static/2023/1304.json,1
2023,综合,1304,上海外国语大学贤达经济人文学院,107669,03,不限,020401,国际经济与贸易,25,68000,四年,https://static-data.gaokao.cn/www/2.0/schoolspecialplan/1304/2023/31.json?a=www.gaokao.cn,data/shanghai/raw/plan_api/static/2023/1304.json,1
2023,综合,1304,上海外国语大学贤达经济人文学院,107668,04,物理必选,120108T,大数据管理与应用,25,56000,四年,https://static-data.gaokao.cn/www/2.0/schoolspecialplan/1304/2023/31.json?a=www.gaokao.cn,data/shanghai/raw/plan_api/static/2023/1304.json,1
2023,综合,1304,上海外国语大学贤达经济人文学院,107669,03,不限,120203K,会计学,10,56000,四年,https://static-data.gaokao.cn/www/2.0/schoolspecialplan/1304/2023/31.json?a=www.gaokao.cn,data/shanghai/raw/plan_api/static/2023/1304.json,1
2023,综合,1304,上海外国语大学贤达经济人文学院,107669,03,不限,020301K,金融学,20,68000,四年,https://static-data.gaokao.cn/www/2.0/schoolspecialplan/1304/2023/31.json?a=www.gaokao.cn,data/shanghai/raw/plan_api/static/2023/1304.json,1
2023,综合,1304,上海外国语大学贤达经济人文学院,107669,03,不限,120903,会展经济与管理,10,56000,四年,https://static-data.gaokao.cn/www/2.0/schoolspecialplan/1304/2023/31.json?a=www.gaokao.cn,data/shanghai/raw/plan_api/static/2023/1304.json,1
2023,综合,1304,上海外国语大学贤达经济人文学院,107669,03,不限,050301,新闻学,15,56000,四年,https://static-data.gaokao.cn/www/2.0/schoolspecialplan/1304/2023/31.json?a=www.gaokao.cn,data/shanghai/raw/plan_api/static/2023/1304.json,1
2023,综合,1304,上海外国语大学贤达经济人文学院,107670,02,不限,020401,国际经济与贸易,10,38000,四年,https://static-data.gaokao.cn/www/2.0/schoolspecialplan/1304/2023/31.json?a=www.gaokao.cn,data/shanghai/raw/plan_api/static/2023/1304.json,1
2023,综合,1304,上海外国语大学贤达经济人文学院,107670,02,不限,120203K,会计学,10,38000,四年,https://static-data.gaokao.cn/www/2.0/schoolspecialplan/1304/2023/31.json?a=www.gaokao.cn,data/shanghai/raw/plan_api/static/2023/1304.json,1
2023,综合,1304,上海外国语大学贤达经济人文学院,107670,02,不限,020301K,金融学,10,38000,四年,https://static-data.gaokao.cn/www/2.0/schoolspecialplan/1304/2023/31.json?a=www.gaokao.cn,data/shanghai/raw/plan_api/static/2023/1304.json,1
2023,综合,1304,上海外国语大学贤达经济人文学院,107670,02,不限,030101K,法学,10,38000,四年,https://static-data.gaokao.cn/www/2.0/schoolspecialplan/1304/2023/31.json?a=www.gaokao.cn,data/shanghai/raw/plan_api/static/2023/1304.json,1
2023,综合,1304,上海外国语大学贤达经济人文学院,107670,02,不限,120201K,工商管理,10,38000,四年,https://static-data.gaokao.cn/www/2.0/schoolspecialplan/1304/2023/31.json?a=www.gaokao.cn,data/shanghai/raw/plan_api/static/2023/1304.json,1
2023,综合,1304,上海外国语大学贤达经济人文学院,107670,02,不限,120901K,旅游管理,10,38000,四年,https://static-data.gaokao.cn/www/2.0/schoolspecialplan/1304/2023/31.json?a=www.gaokao.cn,data/shanghai/raw/plan_api/static/2023/1304.json,1
2023,综合,1304,上海外国语大学贤达经济人文学院,107670,02,不限,120210,文化产业管理,10,38000,四年,https://static-data.gaokao.cn/www/2.0/schoolspecialplan/1304/2023/31.json?a=www.gaokao.cn,data/shanghai/raw/plan_api/static/2023/1304.json,1
2023,综合,1304,上海外国语大学贤达经济人文学院,107670,02,不限,050301,新闻学,10,38000,四年,https://static-data.gaokao.cn/www/2.0/schoolspecialplan/1304/2023/31.json?a=www.gaokao.cn,data/shanghai/raw/plan_api/static/2023/1304.json,1
2023,综合,1304,上海外国语大学贤达经济人文学院,107670,02,不限,050303,广告学,10,38000,四年,https://static-data.gaokao.cn/www/2.0/schoolspecialplan/1304/2023/31.json?a=www.gaokao.cn,data/shanghai/raw/plan_api/static/2023/1304.json,1
2023,综合,1304,上海外国语大学贤达经济人文学院,107669,03,不限,030101K,法学,10,56000,四年,https://static-data.gaokao.cn/www/2.0/schoolspecialplan/1304/2023/31.json?a=www.gaokao.cn,data/shanghai/raw/plan_api/static/2023/1304.json,1
2023,综合,1304,上海外国语大学贤达经济人文学院,107669,03,不限,020310T,金融科技,10,56000,四年,https://static-data.gaokao.cn/www/2.0/schoolspecialplan/1304/2023/31.json?a=www.gaokao.cn,data/shanghai/raw/plan_api/static/2023/1304.json,1
2023,综合,1329,三亚学院,106651,01,不限,030301,社会学,1,33900,四年,https://static-data.gaokao.cn/www/2.0/schoolspecialplan/1329/2023/31.json?a=www.gaokao.cn,data/shanghai/raw/plan_api/static/2023/1329.json,1
2023,综合,1329,三亚学院,106651,01,不限,120903,会展经济与管理,1,31900,四年,https://static-data.gaokao.cn/www/2.0/schoolspecialplan/1329/2023/31.json?a=www.gaokao.cn,data/shanghai/raw/plan_api/static/2023/1329.json,1
2023,综合,1329,三亚学院,106651,01,不限,030302,社会工作,1,33900,四年,https://static-data.gaokao.cn/www/2.0/schoolspecialplan/1329/2023/31.json?a=www.gaokao.cn,data/shanghai/raw/plan_api/static/2023/1329.json,1
2023,综合,1329,三亚学院,106651,01,不限,050103,汉语国际教育,1,33900,四年,https://static-data.gaokao.cn/www/2.0/schoolspecialplan/1329/2023/31.json?a=www.gaokao.cn,data/shanghai/raw/plan_api/static/2023/1329.json,1
2023,综合,1329,三亚学院,106651,01,不限,120901K,旅游管理,1,33900,四年,https://static-data.gaokao.cn/www/2.0/schoolspecialplan/1329/2023/31.json?a=www.gaokao.cn,data/shanghai/raw/plan_api/static/2023/1329.json,1
2023,综合,1329,三亚学院,106650,02,不限,020304,投资学,2,48000,四年,https://static-data.gaokao.cn/www/2.0/schoolspecialplan/1329/2023/31.json?a=www.gaokao.cn,data/shanghai/raw/plan_api/static/2023/1329.json,0
2023,综合,1329,三亚学院,106650,02,不限,020310T,金融科技,2,48000,四年,https://static-data.gaokao.cn/www/2.0/schoolspecialplan/1329/2023/31.json?a=www.gaokao.cn,data/shanghai/raw/plan_api/static/2023/1329.json,0
2023,综合,1329,三亚学院,106649,03,思想政治必选,030503,思想政治教育,2,33900,四年,https://static-data.gaokao.cn/www/2.0/schoolspecialplan/1329/2023/31.json?a=www.gaokao.cn,data/shanghai/raw/plan_api/static/2023/1329.json,0
2023,综合,1329,三亚学院,106648,04,物理必选,080910T,数据科学与大数据技术,1,36900,四年,https://static-data.gaokao.cn/www/2.0/schoolspecialplan/1329/2023/31.json?a=www.gaokao.cn,data/shanghai/raw/plan_api/static/2023/1329.json,0
2023,综合,1329,三亚学院,106650,02,不限,020401,国际经济与贸易,1,60000,四年,https://static-data.gaokao.cn/www/2.0/schoolspecialplan/1329/2023/31.json?a=www.gaokao.cn,data/shanghai/raw/plan_api/static/2023/1329.json,0
2023,综合,1329,三亚学院,106648,04,物理必选,080503T,新能源科学与工程,1,36900,四年,https://static-data.gaokao.cn/www/2.0/schoolspecialplan/1329/2023/31.json?a=www.gaokao.cn,data/shanghai/raw/plan_api/static/2023/1329.json,0
2023,综合,1329,三亚学院,106648,04,物理必选,080916T,虚拟现实技术,1,36900,四年,https://static-data.gaokao.cn/www/2.0/schoolspecialplan/1329/2023/31.json?a=www.gaokao.cn,data/shanghai/raw/plan_api/static/2023/1329.json,0
2023,综合,1403,无锡学院,107209,01,物理必选,080702,电子科学与技术,2,,-,https://static-data.gaokao.cn/www/2.0/schoolspecialplan/1403/2023/31.json?a=www.gaokao.cn,data/shanghai/raw/plan_api/static/2023/1403.json,1
2023,综合,1403,无锡学院,107209,01,物理必选,080905,物联网工程,2,,-,https://static-data.gaokao.cn/www/2.0/schoolspecialplan/1403/2023/31.json?a=www.gaokao.cn,data/shanghai/raw/plan_api/static/2023/1403.json,1
2023,综合,1403,无锡学院,107209,01,物理必选,080601,电气工程及其自动化,2,,-,https://static-data.gaokao.cn/www/2.0/schoolspecialplan/1403/2023/31.json?a=www.gaokao.cn,data/shanghai/raw/plan_api/static/2023/1403.json,1
2023,综合,1403,无锡学院,107209,01,物理必选,120111T,应急管理,1,,-,https://static-data.gaokao.cn/www/2.0/schoolspecialplan/1403/2023/31.json?a=www.gaokao.cn,data/shanghai/raw/plan_api/static/2023/1403.json,1
2023,综合,1403,无锡学院,107208,02,物/化/生(3选1),082501,环境科学与工程,3,,-,https://static-data.gaokao.cn/www/2.0/schoolspecialplan/1403/2023/31.json?a=www.gaokao.cn,data/shanghai/raw/plan_api/static/2023/1403.json,1
2023,综合,1403,无锡学院,107207,03,不限,120203K,会计学,2,,-,https://static-data.gaokao.cn/www/2.0/schoolspecialplan/1403/2023/31.json?a=www.gaokao.cn,data/shanghai/raw/plan_api/static/2023/1403.json,1
2023,综合,1403,无锡学院,107207,03,不限,120204,财务管理,2,,-,https://static-data.gaokao.cn/www/2.0/schoolspecialplan/1403/2023/31.json?a=www.gaokao.cn,data/shanghai/raw/plan_api/static/2023/1403.json,1
2023,综合,1403,无锡学院,107207,03,不限,050201,英语,2,,-,https://static-data.gaokao.cn/www/2.0/schoolspecialplan/1403/2023/31.json?a=www.gaokao.cn,data/shanghai/raw/plan_api/static/2023/1403.json,1
2023,综合,1403,无锡学院,107207,03,不限,120206,人力资源管理,2,,-,https://static-data.gaokao.cn/www/2.0/schoolspecialplan/1403/2023/31.json?a=www.gaokao.cn,data/shanghai/raw/plan_api/static/2023/1403.json,1
2023,综合,1403,无锡学院,107207,03,不限,020401,国际经济与贸易,1,,-,https://static-data.gaokao.cn/www/2.0/schoolspecialplan/1403/2023/31.json?a=www.gaokao.cn,data/shanghai/raw/plan_api/static/2023/1403.json,1
2023,综合,1469,上海视觉艺术学院,107649,01,不限,120210,文化产业管理,62,,-,https://static-data.gaokao.cn/www/2.0/schoolspecialplan/1469/2023/31.json?a=www.gaokao.cn,data/shanghai/raw/plan_api/static/2023/1469.json,1
2023,综合,1476,重庆移通学院,106613,01,不限,1202,工商管理类,4,15000,四年,https://static-data.gaokao.cn/www/2.0/schoolspecialplan/1476/2023/31.json?a=www.gaokao.cn,data/shanghai/raw/plan_api/static/2023/1476.json,0
2023,综合,1476,重庆移通学院,106613,01,不限,020109T,数字经济,2,15000,四年,https://static-data.gaokao.cn/www/2.0/schoolspecialplan/1476/2023/31.json?a=www.gaokao.cn,data/shanghai/raw/plan_api/static/2023/1476.json,0
2023,综合,1476,重庆移通学院,106613,01,不限,020309T,互联网金融,2,15000,四年,https://static-data.gaokao.cn/www/2.0/schoolspecialplan/1476/2023/31.json?a=www.gaokao.cn,data/shanghai/raw/plan_api/static/2023/1476.json,0
2023,综合,1476,重庆移通学院,106612,02,物理必选,080902,软件工程,3,16000,四年,https://static-data.gaokao.cn/www/2.0/schoolspecialplan/1476/2023/31.json?a=www.gaokao.cn,data/shanghai/raw/plan_api/static/2023/1476.json,1
2023,综合,1476,重庆移通学院,106612,02,物理必选,080601,电气工程及其自动化,2,45000,四年,https://static-data.gaokao.cn/www/2.0/schoolspecialplan/1476/2023/31.json?a=www.gaokao.cn,data/shanghai/raw/plan_api/static/2023/1476.json,1
2023,综合,1476,重庆移通学院,106612,02,物理必选,080703,通信工程,2,16000,四年,https://static-data.gaokao.cn/www/2.0/schoolspecialplan/1476/2023/31.json?a=www.gaokao.cn,data/shanghai/raw/plan_api/static/2023/1476.json,1
2023,综合,1518,河南城建学院,106829,01,不限,120204,财务管理,5,,四年,https://static-data.gaokao.cn/www/2.0/schoolspecialplan/1518/2023/31.json?a=www.gaokao.cn,data/shanghai/raw/plan_api/static/2023/1518.json,1
2023,综合,1518,河南城建学院,106828,02,地/史/生(3选1),082802,城乡规划,5,,五年,https://static-data.gaokao.cn/www/2.0/schoolspecialplan/1518/2023/31.json?a=www.gaokao.cn,data/shanghai/raw/plan_api/static/2023/1518.json,1
2023,综合,1544,南通理工学院,107228,01,不限,020302,金融工程,4,28000,四年,https://static-data.gaokao.cn/www/2.0/schoolspecialplan/1544/2023/31.json?a=www.gaokao.cn,data/shanghai/raw/plan_api/static/2023/1544.json,1
2023,综合,1544,南通理工学院,107228,01,不限,120202,市场营销,4,26000,四年,https://static-data.gaokao.cn/www/2.0/schoolspecialplan/1544/2023/31.json?a=www.gaokao.cn,data/shanghai/raw/plan_api/static/2023/1544.json,1
2023,综合,1544,南通理工学院,107228,01,不限,120204,财务管理,4,28000,四年,https://static-data.gaokao.cn/www/2.0/schoolspecialplan/1544/2023/31.json?a=www.gaokao.cn,data/shanghai/raw/plan_api/static/2023/1544.json,1
2023,综合,1544,南通理工学院,107228,01,不限,120702T,标准化工程,4,26000,四年,https://static-data.gaokao.cn/www/2.0/schoolspecialplan/1544/2023/31.json?a=www.gaokao.cn,data/shanghai/raw/plan_api/static/2023/1544.json,1
2023,综合,1544,南通理工学院,107228,01,不限,120902,酒店管理,4,26000,四年,https://static-data.gaokao.cn/www/2.0/schoolspecialplan/1544/2023/31.json?a=www.gaokao.cn,data/shanghai/raw/plan_api/static/2023/1544.json,1
2023,综合,1544,南通理工学院,107227,02,物理必选,080910T,数据科学与大数据技术,4,30000,四年,https://static-data.gaokao.cn/www/2.0/schoolspecialplan/1544/2023/31.json?a=www.gaokao.cn,data/shanghai/raw/plan_api/static/2023/1544.json,1
2023,综合,1544,南通理工学院,107227,02,物理必选,081008T,智能建造,4,30000,四年,https://static-data.gaokao.cn/www/2.0/schoolspecialplan/1544/2023/31.json?a=www.gaokao.cn,data/shanghai/raw/plan_api/static/2023/1544.json,1
2023,综合,1604,吉林工商学院,107375,01,不限,120208,资产评估,3,4800,四年,https://static-data.gaokao.cn/www/2.0/schoolspecialplan/1604/2023/31.json?a=www.gaokao.cn,data/shanghai/raw/plan_api/static/2023/1604.json,1
2023,综合,1604,吉林工商学院,107375,01,不限,020301K,金融学,2,5280,四年,https://static-data.gaokao.cn/www/2.0/schoolspecialplan/1604/2023/31.json?a=www.gaokao.cn,data/shanghai/raw/plan_api/static/2023/1604.json,1
2023,综合,1604,吉林工商学院,107375,01,不限,120203K,会计学,2,7000,四年,https://static-data.gaokao.cn/www/2.0/schoolspecialplan/1604/2023/31.json?a=www.gaokao.cn,data/shanghai/raw/plan_api/static/2023/1604.json,1
2023,综合,1638,吕梁学院,107469,01,政/地/史(3选1),050301,新闻学,1,4950,四年,https://static-data.gaokao.cn/www/2.0/schoolspecialplan/1638/2023/31.json?a=www.gaokao.cn,data/shanghai/raw/plan_api/static/2023/1638.json,1
2023,综合,1638,吕梁学院,107469,01,政/地/史(3选1),050101,汉语言文学,1,4950,四年,https://static-data.gaokao.cn/www/2.0/schoolspecialplan/1638/2023/31.json?a=www.gaokao.cn,data/shanghai/raw/plan_api/static/2023/1638.json,1
2023,综合,1638,吕梁学院,107468,02,物理必选,080901,计算机科学与技术,3,4950,四年,https://static-data.gaokao.cn/www/2.0/schoolspecialplan/1638/2023/31.json?a=www.gaokao.cn,data/shanghai/raw/plan_api/static/2023/1638.json,1
2023,综合,1919,新乡学院,106822,01,物理必选,080217T,增材制造工程,3,5000,四年,https://static-data.gaokao.cn/www/2.0/schoolspecialplan/1919/2023/31.json?a=www.gaokao.cn,data/shanghai/raw/plan_api/static/2023/1919.json,1
2023,综合,2093,济宁学院,106884,01,政/地/史(3选1),050101,汉语言文学,5,4400,四年,https://static-data.gaokao.cn/www/2.0/schoolspecialplan/2093/2023/31.json?a=www.gaokao.cn,data/shanghai/raw/plan_api/static/2023/2093.json,1
2023,综合,2093,济宁学院,106883,02,物/化/生(3选1),083002T,生物制药,5,5500,四年,https://static-data.gaokao.cn/www/2.0/schoolspecialplan/2093/2023/31.json?a=www.gaokao.cn,data/shanghai/raw/plan_api/static/2023/2093.json,1
2023,综合,2135,齐鲁医药学院,106882,01,不限,101101K,护理学,2,19000,四年,https://static-data.gaokao.cn/www/2.0/schoolspecialplan/2135/2023/31.json?a=www.gaokao.cn,data/shanghai/raw/plan_api/static/2023/2135.json,1
2023,综合,2135,齐鲁医药学院,106882,01,不限,120414T,养老服务管理,2,18500,四年,https://static-data.gaokao.cn/www/2.0/schoolspecialplan/2135/2023/31.json?a=www.gaokao.cn,data/shanghai/raw/plan_api/static/2023/2135.json,1
2023,综合,2135,齐鲁医药学院,106882,01,不限,120410T,健康服务与管理,1,16800,四年,https://static-data.gaokao.cn/www/2.0/schoolspecialplan/2135/2023/31.json?a=www.gaokao.cn,data/shanghai/raw/plan_api/static/2023/2135.json,1
2023,综合,2135,齐鲁医药学院,106881,02,物/化/生(3选1),100301K,口腔医学,2,29800,五年,https://static-data.gaokao.cn/www/2.0/schoolspecialplan/2135/2023/31.json?a=www.gaokao.cn,data/shanghai/raw/plan_api/static/2023/2135.json,1
2023,综合,2135,齐鲁医药学院,106881,02,物/化/生(3选1),100708T,化妆品科学与技术,2,18500,四年,https://static-data.gaokao.cn/www/2.0/schoolspecialplan/2135/2023/31.json?a=www.gaokao.cn,data/shanghai/raw/plan_api/static/2023/2135.json,1
2023,综合,2135,齐鲁医药学院,106881,02,物/化/生(3选1),101002,医学实验技术,1,19000,四年,https://static-data.gaokao.cn/www/2.0/schoolspecialplan/2135/2023/31.json?a=www.gaokao.cn,data/shanghai/raw/plan_api/static/2023/2135.json,1
2023,综合,2346,辽宁何氏医学院,107404,01,化学、生物(2科必选),100201K,临床医学,4,27000,五年,https://static-data.gaokao.cn/www/2.0/schoolspecialplan/2346/2023/31.json?a=www.gaokao.cn,data/shanghai/raw/plan_api/static/2023/2346.json,1
2023,综合,2346,辽宁何氏医学院,107403,02,物/化/生(3选1),101004,眼视光学,4,24000,四年,https://static-data.gaokao.cn/www/2.0/schoolspecialplan/2346/2023/31.json?a=www.gaokao.cn,data/shanghai/raw/plan_api/static/2023/2346.json,1
2023,综合,2346,辽宁何氏医学院,107403,02,物/化/生(3选1),100701,药学,3,27000,四年,https://static-data.gaokao.cn/www/2.0/schoolspecialplan/2346/2023/31.json?a=www.gaokao.cn,data/shanghai/raw/plan_api/static/2023/2346.json,1
2023,综合,2346,辽宁何氏医学院,107403,02,物/化/生(3选1),082601,生物医学工程,2,24000,四年,https://static-data.gaokao.cn/www/2.0/schoolspecialplan/2346/2023/31.json?a=www.gaokao.cn,data/shanghai/raw/plan_api/static/2023/2346.json,1
2023,综合,2346,辽宁何氏医学院,107403,02,物/化/生(3选1),101011T,智能医学工程,2,27000,四年,https://static-data.gaokao.cn/www/2.0/schoolspecialplan/2346/2023/31.json?a=www.gaokao.cn,data/shanghai/raw/plan_api/static/2023/2346.json,1
2023,综合,2391,湖州学院,107118,01,不限,050303,广告学,3,4800,四年,https://static-data.gaokao.cn/www/2.0/schoolspecialplan/2391/2023/31.json?a=www.gaokao.cn,data/shanghai/raw/plan_api/static/2023/2391.json,1
2023,综合,2391,湖州学院,107118,01,不限,050306T,网络与新媒体,3,4800,四年,https://static-data.gaokao.cn/www/2.0/schoolspecialplan/2391/2023/31.json?a=www.gaokao.cn,data/shanghai/raw/plan_api/static/2023/2391.json,1
2023,综合,2391,湖州学院,107118,01,不限,050101,汉语言文学,2,5500,四年,https://static-data.gaokao.cn/www/2.0/schoolspecialplan/2391/2023/31.json?a=www.gaokao.cn,data/shanghai/raw/plan_api/static/2023/2391.json,1
2023,综合,2391,湖州学院,107118,01,不限,120803T,跨境电子商务,2,4800,四年,https://static-data.gaokao.cn/www/2.0/schoolspecialplan/2391/2023/31.json?a=www.gaokao.cn,data/shanghai/raw/plan_api/static/2023/2391.json,1
2023,综合,2391,湖州学院,107117,02,物理必选,080701,电子信息工程,8,5500,四年,https://static-data.gaokao.cn/www/2.0/schoolspecialplan/2391/2023/31.json?a=www.gaokao.cn,data/shanghai/raw/plan_api/static/2023/2391.json,1
2023,综合,2391,湖州学院,107117,02,物理必选,080901,计算机科学与技术,7,5500,四年,https://static-data.gaokao.cn/www/2.0/schoolspecialplan/2391/2023/31.json?a=www.gaokao.cn,data/shanghai/raw/plan_api/static/2023/2391.json,1
2023,综合,2391,湖州学院,107117,02,物理必选,080902,软件工程,7,5500,四年,https://static-data.gaokao.cn/www/2.0/schoolspecialplan/2391/2023/31.json?a=www.gaokao.cn,data/shanghai/raw/plan_api/static/2023/2391.json,1
2023,综合,2391,湖州学院,107117,02,物理必选,080705,光电信息科学与工程,6,5500,四年,https://static-data.gaokao.cn/www/2.0/schoolspecialplan/2391/2023/31.json?a=www.gaokao.cn,data/shanghai/raw/plan_api/static/2023/2391.json,1
2023,综合,2391,湖州学院,107117,02,物理必选,080202,机械设计制造及其自动化,6,5500,四年,https://static-data.gaokao.cn/www/2.0/schoolspecialplan/2391/2023/31.json?a=www.gaokao.cn,data/shanghai/raw/plan_api/static/2023/2391.json,1
2023,综合,2391,湖州学院,107117,02,物理必选,080601,电气工程及其自动化,6,5500,四年,https://static-data.gaokao.cn/www/2.0/schoolspecialplan/2391/2023/31.json?a=www.gaokao.cn,data/shanghai/raw/plan_api/static/2023/2391.json,1
2023,综合,2432,赣东学院,106942,01,不限,030101K,法学,2,3880,四年,https://static-data.gaokao.cn/www/2.0/schoolspecialplan/2432/2023/31.json?a=www.gaokao.cn,data/shanghai/raw/plan_api/static/2023/2432.json,1
2023,综合,2432,赣东学院,106942,01,不限,120204,财务管理,2,3880,四年,https://static-data.gaokao.cn/www/2.0/schoolspecialplan/2432/2023/31.json?a=www.gaokao.cn,data/shanghai/raw/plan_api/static/2023/2432.json,1
2023,综合,2432,赣东学院,106942,01,不限,120203K,会计学,2,3880,四年,https://static-data.gaokao.cn/www/2.0/schoolspecialplan/2432/2023/31.json?a=www.gaokao.cn,data/shanghai/raw/plan_api/static/2023/2432.json,1
2023,综合,2432,赣东学院,106942,01,不限,020401,国际经济与贸易,2,3880,四年,https://static-data.gaokao.cn/www/2.0/schoolspecialplan/2432/2023/31.json?a=www.gaokao.cn,data/shanghai/raw/plan_api/static/2023/2432.json,1
2023,综合,2432,赣东学院,106942,01,不限,050306T,网络与新媒体,2,3880,四年,https://static-data.gaokao.cn/www/2.0/schoolspecialplan/2432/2023/31.json?a=www.gaokao.cn,data/shanghai/raw/plan_api/static/2023/2432.json,1
2023,综合,2459,武汉文理学院,106775,01,不限,030101K,法学,4,18600,四年,https://static-data.gaokao.cn/www/2.0/schoolspecialplan/2459/2023/31.json?a=www.gaokao.cn,data/shanghai/raw/plan_api/static/2023/2459.json,1
2023,综合,2459,武汉文理学院,106775,01,不限,040106,学前教育,2,20000,四年,https://static-data.gaokao.cn/www/2.0/schoolspecialplan/2459/2023/31.json?a=www.gaokao.cn,data/shanghai/raw/plan_api/static/2023/2459.json,1
2023,综合,2459,武汉文理学院,106775,01,不限,0502,外国语言文学类,2,19800,四年,https://static-data.gaokao.cn/www/2.0/schoolspecialplan/2459/2023/31.json?a=www.gaokao.cn,data/shanghai/raw/plan_api/static/2023/2459.json,1
2023,综合,2459,武汉文理学院,106774,02,化学必选,101006,口腔医学技术,2,23000,四年,https://static-data.gaokao.cn/www/2.0/schoolspecialplan/2459/2023/31.json?a=www.gaokao.cn,data/shanghai/raw/plan_api/static/2023/2459.json,1
2023,综合,2491,成都大学,106567,01,不限,050201,英语,2,,四年,https://static-data.gaokao.cn/www/2.0/schoolspecialplan/2491/2023/31.json?a=www.gaokao.cn,data/shanghai/raw/plan_api/static/2023/2491.json,1
2023,综合,2491,成都大学,106567,01,不限,120201K,工商管理,2,,四年,https://static-data.gaokao.cn/www/2.0/schoolspecialplan/2491/2023/31.json?a=www.gaokao.cn,data/shanghai/raw/plan_api/static/2023/2491.json,1
2023,综合,2491,成都大学,106567,01,不限,120903,会展经济与管理,2,,四年,https://static-data.gaokao.cn/www/2.0/schoolspecialplan/2491/2023/31.json?a=www.gaokao.cn,data/shanghai/raw/plan_api/static/2023/2491.json,1
2023,综合,2491,成都大学,106566,02,地理/历史(2选1),050306T,网络与新媒体,2,60000,四年,https://static-data.gaokao.cn/www/2.0/schoolspecialplan/2491/2023/31.json?a=www.gaokao.cn,data/shanghai/raw/plan_api/static/2023/2491.json,1
2023,综合,2543,南京传媒学院,107219,01,不限,050308T,时尚传播,3,22000,四年,https://static-data.gaokao.cn/www/2.0/schoolspecialplan/2543/2023/31.json?a=www.gaokao.cn,data/shanghai/raw/plan_api/static/2023/2543.json,1
2023,综合,2543,南京传媒学院,107219,01,不限,050309T,国际新闻与传播,2,22000,四年,https://static-data.gaokao.cn/www/2.0/schoolspecialplan/2543/2023/31.json?a=www.gaokao.cn,data/shanghai/raw/plan_api/static/2023/2543.json,1
2023,综合,2543,南京传媒学院,107219,01,不限,050103,汉语国际教育,2,22000,四年,https://static-data.gaokao.cn/www/2.0/schoolspecialplan/2543/2023/31.json?a=www.gaokao.cn,data/shanghai/raw/plan_api/static/2023/2543.json,1
2023,综合,2543,南京传媒学院,107219,01,不限,0503,新闻传播学类,2,22000,四年,https://static-data.gaokao.cn/www/2.0/schoolspecialplan/2543/2023/31.json?a=www.gaokao.cn,data/shanghai/raw/plan_api/static/2023/2543.json,1
2023,综合,2604,衢州学院,107089,01,物/化/生(3选1),081301,化学工程与工艺,1,5500,四年,https://static-data.gaokao.cn/www/2.0/schoolspecialplan/2604/2023/31.json?a=www.gaokao.cn,data/shanghai/raw/plan_api/static/2023/2604.json,1
2023,综合,2604,衢州学院,107088,02,化学必选,080407,高分子材料与工程,1,5500,四年,https://static-data.gaokao.cn/www/2.0/schoolspecialplan/2604/2023/31.json?a=www.gaokao.cn,data/shanghai/raw/plan_api/static/2023/2604.json,1
2023,综合,2631,新疆政法学院,106431,01,不限,030101K,法学,4,3100,四年,https://static-data.gaokao.cn/www/2.0/schoolspecialplan/2631/2023/31.json?a=www.gaokao.cn,data/shanghai/raw/plan_api/static/2023/2631.json,1
2023,综合,2631,新疆政法学院,106430,02,物理必选,080901,计算机科学与技术,2,3500,四年,https://static-data.gaokao.cn/www/2.0/schoolspecialplan/2631/2023/31.json?a=www.gaokao.cn,data/shanghai/raw/plan_api/static/2023/2631.json,1
2023,综合,2889,南昌师范学院,106927,01,不限,120801,电子商务,2,,-,https://static-data.gaokao.cn/www/2.0/schoolspecialplan/2889/2023/31.json?a=www.gaokao.cn,data/shanghai/raw/plan_api/static/2023/2889.json,1
2023,综合,2889,南昌师范学院,106927,01,不限,050107T,秘书学,2,,-,https://static-data.gaokao.cn/www/2.0/schoolspecialplan/2889/2023/31.json?a=www.gaokao.cn,data/shanghai/raw/plan_api/static/2023/2889.json,1
2023,综合,3188,温州肯恩大学,107104,01,不限,120203K,会计学,4,65000,四年,https://static-data.gaokao.cn/www/2.0/schoolspecialplan/3188/2023/31.json?a=www.gaokao.cn,data/shanghai/raw/plan_api/static/2023/3188.json,1
2023,综合,3188,温州肯恩大学,107104,01,不限,020301K,金融学,4,65000,四年,https://static-data.gaokao.cn/www/2.0/schoolspecialplan/3188/2023/31.json?a=www.gaokao.cn,data/shanghai/raw/plan_api/static/2023/3188.json,1
2023,综合,3188,温州肯恩大学,107104,01,不限,071101,心理学,2,65000,四年,https://static-data.gaokao.cn/www/2.0/schoolspecialplan/3188/2023/31.json?a=www.gaokao.cn,data/shanghai/raw/plan_api/static/2023/3188.json,1
2023,综合,3188,温州肯恩大学,107104,01,不限,120205,国际商务,2,65000,四年,https://static-data.gaokao.cn/www/2.0/schoolspecialplan/3188/2023/31.json?a=www.gaokao.cn,data/shanghai/raw/plan_api/static/2023/3188.json,1
2023,综合,3188,温州肯恩大学,107104,01,不限,050304,传播学,1,65000,四年,https://static-data.gaokao.cn/www/2.0/schoolspecialplan/3188/2023/31.json?a=www.gaokao.cn,data/shanghai/raw/plan_api/static/2023/3188.json,1
2023,综合,3427,复旦大学上海医学院,107748,01,物理、化学(2科必选),100201K,临床医学,5,7400,-,https://static-data.gaokao.cn/www/2.0/schoolspecialplan/3427/2023/31.json?a=www.gaokao.cn,data/shanghai/raw/plan_api/static/2023/3427.json,1
2023,综合,3427,复旦大学上海医学院,107747,02,物/化/生(3选1),101101K,护理学,30,7400,四年,https://static-data.gaokao.cn/www/2.0/schoolspecialplan/3427/2023/31.json?a=www.gaokao.cn,data/shanghai/raw/plan_api/static/2023/3427.json,0
