year,subject_category,school_code,school_name,special_group,sg_name,sg_info,major_code,major_name,plan_count,tuition,duration,source_url,source_file,matched_official_group
2025,综合,33,大连海事大学,422870,03,物理、化学(2科必选),080202,机械设计制造及其自动化,4,80000,四年,https://static-data.gaokao.cn/www/2.0/schoolspecialplan/33/2025/31.json?a=www.gaokao.cn,data/shanghai/raw/plan_api/static/2025/33.json,0
2025,综合,33,大连海事大学,422870,03,物理、化学(2科必选),080701,电子信息工程,2,80000,四年,https://static-data.gaokao.cn/www/2.0/schoolspecialplan/33/2025/31.json?a=www.gaokao.cn,data/shanghai/raw/plan_api/static/2025/33.json,0
2025,综合,33,大连海事大学,422870,03,物理、化学(2科必选),081001,土木工程,2,80000,四年,https://static-data.gaokao.cn/www/2.0/schoolspecialplan/33/2025/31.json?a=www.gaokao.cn,data/shanghai/raw/plan_api/static/2025/33.json,0
2025,综合,33,大连海事大学,422892,02,不限,030101K,法学,5,5520,四年,https://static-data.gaokao.cn/www/2.0/schoolspecialplan/33/2025/31.json?a=www.gaokao.cn,data/shanghai/raw/plan_api/static/2025/33.json,1
2025,综合,33,大连海事大学,422892,02,不限,120407T,交通管理,4,5980,四年,https://static-data.gaokao.cn/www/2.0/schoolspecialplan/33/2025/31.json?a=www.gaokao.cn,data/shanghai/raw/plan_api/static/2025/33.json,1
2025,综合,33,大连海事大学,422899,04,不限,030101K,法学,4,90000,四年,https://static-data.gaokao.cn/www/2.0/schoolspecialplan/33/2025/31.json?a=www.gaokao.cn,data/shanghai/raw/plan_api/static/2025/33.json,0
2025,综合,33,大连海事大学,422879,01,物理、化学(2科必选),0809,计算机类,4,5200,四年,https://static-data.gaokao.cn/www/2.0/schoolspecialplan/33/2025/31.json?a=www.gaokao.cn,data/shanghai/raw/plan_api/static/2025/33.json,1
2025,综合,33,大连海事大学,422892,02,不限,0201,经济学类,4,5200,四年,https://static-data.gaokao.cn/www/2.0/schoolspecialplan/33/2025/31.json?a=www.gaokao.cn,data/shanghai/raw/plan_api/static/2025/33.json,1
2025,综合,33,大连海事大学,422892,02,不限,120408T,海事管理,3,5200,四年,https://static-data.gaokao.cn/www/2.0/schoolspecialplan/33/2025/31.json?a=www.gaokao.cn,data/shanghai/raw/plan_api/static/2025/33.json,1
2025,综合,33,大连海事大学,422879,01,物理、化学(2科必选),0808,自动化类,3,5200,四年,https://static-data.gaokao.cn/www/2.0/schoolspecialplan/33/2025/31.json?a=www.gaokao.cn,data/shanghai/raw/plan_api/static/2025/33.json,1
2025,综合,33,大连海事大学,422879,01,物理、化学(2科必选),0807,电子信息类,3,5980,四年,https://static-data.gaokao.cn/www/2.0/schoolspecialplan/33/2025/31.json?a=www.gaokao.cn,data/shanghai/raw/plan_api/static/2025/33.json,1
2025,综合,33,大连海事大学,422879,01,物理、化学(2科必选),0802,机械类,3,5200,四年,https://static-data.gaokao.cn/www/2.0/schoolspecialplan/33/2025/31.json?a=www.gaokao.cn,data/shanghai/raw/plan_api/static/2025/33.json,1
2025,综合,33,大连海事大学,422879,01,物理、化学(2科必选),0818,交通运输类,2,5980,四年,https://static-data.gaokao.cn/www/2.0/schoolspecialplan/33/2025/31.json?a=www.gaokao.cn,data/shanghai/raw/plan_api/static/2025/33.json,1
2025,综合,33,大连海事大学,422879,01,物理、化学(2科必选),0701,数学类,2,5200,四年,https://static-data.gaokao.cn/www/2.0/schoolspecialplan/33/2025/31.json?a=www.gaokao.cn,data/shanghai/raw/plan_api/static/2025/33.json,1
2025,综合,34,哈尔滨工业大学,422872,02,物理、化学(2科必选),98360,工科试验班,1,6230,四年,https://static-data.gaokao.cn/www/2.0/schoolspecialplan/34/2025/31.json?a=www.gaokao.cn,data/shanghai/raw/plan_api/static/2025/34.json,1
2025,综合,34,哈尔滨工业大学,422885,03,物理必选,120108T,大数据管理与应用,9,78000,四年,https://static-data.gaokao.cn/www/2.0/schoolspecialplan/34/2025/31.json?a=www.gaokao.cn,data/shanghai/raw/plan_api/static/2025/34.json,0
2025,综合,34,哈尔滨工业大学,422896,05,物理、化学(2科必选),070202,应用物理学,3,68000,四年,https://static-data.gaokao.cn/www/2.0/schoolspecialplan/34/2025/31.json?a=www.gaokao.cn,data/shanghai/raw/plan_api/static/2025/34.json,0
2025,综合,34,哈尔滨工业大学,422884,06,物理、化学(2科必选),070301,化学,3,68000,四年,https://static-data.gaokao.cn/www/2.0/schoolspecialplan/34/2025/31.json?a=www.gaokao.cn,data/shanghai/raw/plan_api/static/2025/34.json,0
2025,综合,34,哈尔滨工业大学,422887,04,物理、化学(2科必选),070101,数学与应用数学,2,68000,四年,https://static-data.gaokao.cn/www/2.0/schoolspecialplan/34/2025/31.json?a=www.gaokao.cn,data/shanghai/raw/plan_api/static/2025/34.json,0
2025,综合,34,哈尔滨工业大学,422900,01,物理、化学(2科必选),98360,工科试验班,1,5500,四年,https://static-data.gaokao.cn/www/2.0/schoolspecialplan/34/2025/31.json?a=www.gaokao.cn,data/shanghai/raw/plan_api/static/2025/34.json,1
2025,综合,35,云南大学,422869,04,物理、化学(2科必选),071201,统计学,1,5600,四年,https://static-data.gaokao.cn/www/2.0/schoolspecialplan/35/2025/31.json?a=www.gaokao.cn,data/shanghai/raw/plan_api/static/2025/35.json,1
2025,综合,35,云南大学,422869,04,物理、化学(2科必选),071004,生态学,1,5600,四年,https://static-data.gaokao.cn/www/2.0/schoolspecialplan/35/2025/31.json?a=www.gaokao.cn,data/shanghai/raw/plan_api/static/2025/35.json,1
2025,综合,35,云南大学,422869,04,物理、化学(2科必选),071002,生物技术,1,5600,四年,https://static-data.gaokao.cn/www/2.0/schoolspecialplan/35/2025/31.json?a=www.gaokao.cn,data/shanghai/raw/plan_api/static/2025/35.json,1
2025,综合,35,云南大学,422869,04,物理、化学(2科必选),0710,生物科学类,1,5600,四年,https://static-data.gaokao.cn/www/2.0/schoolspecialplan/35/2025/31.json?a=www.gaokao.cn,data/shanghai/raw/plan_api/static/2025/35.json,1
2025,综合,35,云南大学,422869,04,物理、化学(2科必选),080503T,新能源科学与工程,1,5000,四年,https://static-data.gaokao.cn/www/2.0/schoolspecialplan/35/2025/31.json?a=www.gaokao.cn,data/shanghai/raw/plan_api/static/2025/35.json,1
2025,综合,35,云南大学,422877,05,物、化、生(3科必选),080910T,数据科学与大数据技术,2,5600,四年,https://static-data.gaokao.cn/www/2.0/schoolspecialplan/35/2025/31.json?a=www.gaokao.cn,data/shanghai/raw/plan_api/static/2025/35.json,1
2025,综合,35,云南大学,422893,06,物、化、生(3科必选),080717T,人工智能,2,65000,四年,https://static-data.gaokao.cn/www/2.0/schoolspecialplan/35/2025/31.json?a=www.gaokao.cn,data/shanghai/raw/plan_api/static/2025/35.json,0
2025,综合,35,云南大学,422883,01,历史必选,060101,历史学,1,4200,四年,https://static-data.gaokao.cn/www/2.0/schoolspecialplan/35/2025/31.json?a=www.gaokao.cn,data/shanghai/raw/plan_api/static/2025/35.json,1
2025,综合,35,云南大学,422871,03,物理必选,020301K,金融学,1,8700,四年,https://static-data.gaokao.cn/www/2.0/schoolspecialplan/35/2025/31.json?a=www.gaokao.cn,data/shanghai/raw/plan_api/static/2025/35.json,1
2025,综合,35,云南大学,422883,01,历史必选,050101,汉语言文学,1,4200,四年,https://static-data.gaokao.cn/www/2.0/schoolspecialplan/35/2025/31.json?a=www.gaokao.cn,data/shanghai/raw/plan_api/static/2025/35.json,1
2025,综合,35,云南大学,422877,05,物、化、生(3科必选),080705,光电信息科学与工程,1,5000,四年,https://static-data.gaokao.cn/www/2.0/schoolspecialplan/35/2025/31.json?a=www.gaokao.cn,data/shanghai/raw/plan_api/static/2025/35.json,1
2025,综合,35,云南大学,422877,05,物、化、生(3科必选),080901,计算机科学与技术,1,5600,四年,https://static-data.gaokao.cn/www/2.0/schoolspecialplan/35/2025/31.json?a=www.gaokao.cn,data/shanghai/raw/plan_api/static/2025/35.json,1
2025,综合,35,云南大学,422890,02,思想政治必选,030101K,法学,1,5000,四年,https://static-data.gaokao.cn/www/2.0/schoolspecialplan/35/2025/31.json?a=www.gaokao.cn,data/shanghai/raw/plan_api/static/2025/35.json,1
2025,综合,35,云南大学,422877,05,物、化、生(3科必选),080701,电子信息工程,1,5600,四年,https://static-data.gaokao.cn/www/2.0/schoolspecialplan/35/2025/31.json?a=www.gaokao.cn,data/shanghai/raw/plan_api/static/2025/35.json,1
2025,综合,35,云南大学,422877,05,物、化、生(3科必选),080902,软件工程,1,5000,四年,https://static-data.gaokao.cn/www/2.0/schoolspecialplan/35/2025/31.json?a=www.gaokao.cn,data/shanghai/raw/plan_api/static/2025/35.json,1
2025,综合,35,云南大学,422871,03,物理必选,0201,经济学类,1,4500,四年,https://static-data.gaokao.cn/www/2.0/schoolspecialplan/35/2025/31.json?a=www.gaokao.cn,data/shanghai/raw/plan_api/static/2025/35.json,1
2025,综合,35,云南大学,422877,05,物、化、生(3科必选),080717T,人工智能,1,5000,四年,https://static-data.gaokao.cn/www/2.0/schoolspecialplan/35/2025/31.json?a=www.gaokao.cn,data/shanghai/raw/plan_api/static/2025/35.json,1
2025,综合,35,云南大学,422890,02,思想政治必选,030504T,马克思主义理论,1,4500,四年,https://static-data.gaokao.cn/www/2.0/schoolspecialplan/35/2025/31.json?a=www.gaokao.cn,data/shanghai/raw/plan_api/static/2025/35.json,1
2025,综合,36,长安大学,422866,02,物理、化学(2科必选),081006T,道路桥梁与渡河工程,2,75000,四年,https://static-data.gaokao.cn/www/2.0/schoolspecialplan/36/2025/31.json?a=www.gaokao.cn,data/shanghai/raw/plan_api/static/2025/36.json,0
2025,综合,36,长安大学,422866,02,物理、化学(2科必选),080207,车辆工程,1,75000,四年,https://static-data.gaokao.cn/www/2.0/schoolspecialplan/36/2025/31.json?a=www.gaokao.cn,data/shanghai/raw/plan_api/static/2025/36.json,0
2025,综合,36,长安大学,422878,01,物理、化学(2科必选),080601,电气工程及其自动化,2,6600,四年,https://static-data.gaokao.cn/www/2.0/schoolspecialplan/36/2025/31.json?a=www.gaokao.cn,data/shanghai/raw/plan_api/static/2025/36.json,1
2025,综合,36,长安大学,422878,01,物理、化学(2科必选),081006T,道路桥梁与渡河工程,1,6600,四年,https://static-data.gaokao.cn/www/2.0/schoolspecialplan/36/2025/31.json?a=www.gaokao.cn,data/shanghai/raw/plan_api/static/2025/36.json,1
2025,综合,36,长安大学,422878,01,物理、化学(2科必选),080501,能源与动力工程,1,6600,四年,https://static-data.gaokao.cn/www/2.0/schoolspecialplan/36/2025/31.json?a=www.gaokao.cn,data/shanghai/raw/plan_api/static/2025/36.json,1
2025,综合,36,长安大学,422878,01,物理、化学(2科必选),162426,工科试验班,1,6600,四年,https://static-data.gaokao.cn/www/2.0/schoolspecialplan/36/2025/31.json?a=www.gaokao.cn,data/shanghai/raw/plan_api/static/2025/36.json,1
2025,综合,36,长安大学,422878,01,物理、化学(2科必选),080901,计算机科学与技术,1,6600,四年,https://static-data.gaokao.cn/www/2.0/schoolspecialplan/36/2025/31.json?a=www.gaokao.cn,data/shanghai/raw/plan_api/static/2025/36.json,1
2025,综合,36,长安大学,422878,01,物理、化学(2科必选),081801,交通运输,1,6600,四年,https://static-data.gaokao.cn/www/2.0/schoolspecialplan/36/2025/31.json?a=www.gaokao.cn,data/shanghai/raw/plan_api/static/2025/36.json,1
2025,综合,36,长安大学,422878,01,物理、化学(2科必选),0808,自动化类,1,6600,四年,https://static-data.gaokao.cn/www/2.0/schoolspecialplan/36/2025/31.json?a=www.gaokao.cn,data/shanghai/raw/plan_api/static/2025/36.json,1
2025,综合,36,长安大学,422878,01,物理、化学(2科必选),080214T,智能车辆工程,1,6600,四年,https://static-data.gaokao.cn/www/2.0/schoolspecialplan/36/2025/31.json?a=www.gaokao.cn,data/shanghai/raw/plan_api/static/2025/36.json,1
2025,综合,37,西北大学,422882,04,物理必选,020305T,金融数学,1,5500,四年,https://static-data.gaokao.cn/www/2.0/schoolspecialplan/37/2025/31.json?a=www.gaokao.cn,data/shanghai/raw/plan_api/static/2025/37.json,1
2025,综合,37,西北大学,422898,02,历史必选,060103,考古学,1,4250,四年,https://static-data.gaokao.cn/www/2.0/schoolspecialplan/37/2025/31.json?a=www.gaokao.cn,data/shanghai/raw/plan_api/static/2025/37.json,1
2025,综合,37,西北大学,422888,01,不限,020301K,金融学,1,5500,四年,https://static-data.gaokao.cn/www/2.0/schoolspecialplan/37/2025/31.json?a=www.gaokao.cn,data/shanghai/raw/plan_api/static/2025/37.json,1
2025,综合,37,西北大学,422894,03,历史必选,0502,外国语言文学类,1,5500,四年,https://static-data.gaokao.cn/www/2.0/schoolspecialplan/37/2025/31.json?a=www.gaokao.cn,data/shanghai/raw/plan_api/static/2025/37.json,1
2025,综合,38,北京交通大学,422891,06,物理、化学(2科必选),080413T,纳米材料与技术,3,80000,四年,https://static-data.gaokao.cn/www/2.0/schoolspecialplan/38/2025/31.json?a=www.gaokao.cn,data/shanghai/raw/plan_api/static/2025/38.json,0
2025,综合,38,北京交通大学,422901,05,物理、化学(2科必选),080204,机械电子工程,3,80000,四年,https://static-data.gaokao.cn/www/2.0/schoolspecialplan/38/2025/31.json?a=www.gaokao.cn,data/shanghai/raw/plan_api/static/2025/38.json,0
2025,综合,38,北京交通大学,422889,04,物理、化学(2科必选),081801,交通运输,2,80000,四年,https://static-data.gaokao.cn/www/2.0/schoolspecialplan/38/2025/31.json?a=www.gaokao.cn,data/shanghai/raw/plan_api/static/2025/38.json,0
2025,综合,38,北京交通大学,422886,01,不限,0503,新闻传播学类,2,5000,四年,https://static-data.gaokao.cn/www/2.0/schoolspecialplan/38/2025/31.json?a=www.gaokao.cn,data/shanghai/raw/plan_api/static/2025/38.json,1
2025,综合,38,北京交通大学,422881,03,物理、化学(2科必选),0807,电子信息类,1,5500,四年,https://static-data.gaokao.cn/www/2.0/schoolspecialplan/38/2025/31.json?a=www.gaokao.cn,data/shanghai/raw/plan_api/static/2025/38.json,1
2025,综合,38,北京交通大学,422881,03,物理、化学(2科必选),0809,计算机类,1,5500,四年,https://static-data.gaokao.cn/www/2.0/schoolspecialplan/38/2025/31.json?a=www.gaokao.cn,data/shanghai/raw/plan_api/static/2025/38.json,1
2025,综合,38,北京交通大学,422902,02,物理、化学(2科必选),93693,理科试验班类,1,5500,四年,https://static-data.gaokao.cn/www/2.0/schoolspecialplan/38/2025/31.json?a=www.gaokao.cn,data/shanghai/raw/plan_api/static/2025/38.json,1
2025,综合,38,北京交通大学,422881,03,物理、化学(2科必选),0818,交通运输类,1,5500,四年,https://static-data.gaokao.cn/www/2.0/schoolspecialplan/38/2025/31.json?a=www.gaokao.cn,data/shanghai/raw/plan_api/static/2025/38.json,1
2025,综合,38,北京交通大学,422881,03,物理、化学(2科必选),0808,自动化类,1,5500,四年,https://static-data.gaokao.cn/www/2.0/schoolspecialplan/38/2025/31.json?a=www.gaokao.cn,data/shanghai/raw/plan_api/static/2025/38.json,1
2025,综合,38,北京交通大学,422881,03,物理、化学(2科必选),983606,理科试验班,1,5500,四年,https://static-data.gaokao.cn/www/2.0/schoolspecialplan/38/2025/31.json?a=www.gaokao.cn,data/shanghai/raw/plan_api/static/2025/38.json,1
2025,综合,41,河北工业大学,422916,01,物理、化学(2科必选),080202,机械设计制造及其自动化,2,5800,四年,https://static-data.gaokao.cn/www/2.0/schoolspecialplan/41/2025/31.json?a=www.gaokao.cn,data/shanghai/raw/plan_api/static/2025/41.json,1
2025,综合,41,河北工业大学,422916,01,物理、化学(2科必选),081008T,智能建造,2,5800,四年,https://static-data.gaokao.cn/www/2.0/schoolspecialplan/41/2025/31.json?a=www.gaokao.cn,data/shanghai/raw/plan_api/static/2025/41.json,1
2025,综合,41,河北工业大学,422916,01,物理、化学(2科必选),080803T,机器人工程,2,5800,四年,https://static-data.gaokao.cn/www/2.0/schoolspecialplan/41/2025/31.json?a=www.gaokao.cn,data/shanghai/raw/plan_api/static/2025/41.json,1
2025,综合,41,河北工业大学,422921,02,物理、化学(2科必选),080402,材料物理,2,70000,四年,https://static-data.gaokao.cn/www/2.0/schoolspecialplan/41/2025/31.json?a=www.gaokao.cn,data/shanghai/raw/plan_api/static/2025/41.json,0
2025,综合,42,武汉大学,422904,01,物理、化学(2科必选),081202,遥感科学与技术,2,5850,四年,https://static-data.gaokao.cn/www/2.0/schoolspecialplan/42/2025/31.json?a=www.gaokao.cn,data/shanghai/raw/plan_api/static/2025/42.json,1
2025,综合,42,武汉大学,422904,01,物理、化学(2科必选),0809,计算机类,3,5850,四年,https://static-data.gaokao.cn/www/2.0/schoolspecialplan/42/2025/31.json?a=www.gaokao.cn,data/shanghai/raw/plan_api/static/2025/42.json,1
2025,综合,42,武汉大学,422904,01,物理、化学(2科必选),080704,微电子科学与工程,2,4500,四年,https://static-data.gaokao.cn/www/2.0/schoolspecialplan/42/2025/31.json?a=www.gaokao.cn,data/shanghai/raw/plan_api/static/2025/42.json,1
2025,综合,42,武汉大学,422904,01,物理、化学(2科必选),0701,数学类,2,4500,四年,https://static-data.gaokao.cn/www/2.0/schoolspecialplan/42/2025/31.json?a=www.gaokao.cn,data/shanghai/raw/plan_api/static/2025/42.json,1
2025,综合,42,武汉大学,422904,01,物理、化学(2科必选),0702,物理学类,2,4500,四年,https://static-data.gaokao.cn/www/2.0/schoolspecialplan/42/2025/31.json?a=www.gaokao.cn,data/shanghai/raw/plan_api/static/2025/42.json,1
2025,综合,42,武汉大学,422904,01,物理、化学(2科必选),0703,化学类,2,4500,四年,https://static-data.gaokao.cn/www/2.0/schoolspecialplan/42/2025/31.json?a=www.gaokao.cn,data/shanghai/raw/plan_api/static/2025/42.json,1
2025,综合,42,武汉大学,422904,01,物理、化学(2科必选),97324,工科试验班,2,4500,四年,https://static-data.gaokao.cn/www/2.0/schoolspecialplan/42/2025/31.json?a=www.gaokao.cn,data/shanghai/raw/plan_api/static/2025/42.json,1
2025,综合,42,武汉大学,422904,01,物理、化学(2科必选),97326,理科试验班,2,5850,四年,https://static-data.gaokao.cn/www/2.0/schoolspecialplan/42/2025/31.json?a=www.gaokao.cn,data/shanghai/raw/plan_api/static/2025/42.json,1
2025,综合,42,武汉大学,422904,01,物理、化学(2科必选),080803T,机器人工程,2,5850,四年,https://static-data.gaokao.cn/www/2.0/schoolspecialplan/42/2025/31.json?a=www.gaokao.cn,data/shanghai/raw/plan_api/static/2025/42.json,1
2025,综合,42,武汉大学,422904,01,物理、化学(2科必选),080717T,人工智能,1,5850,四年,https://static-data.gaokao.cn/www/2.0/schoolspecialplan/42/2025/31.json?a=www.gaokao.cn,data/shanghai/raw/plan_api/static/2025/42.json,1
2025,综合,42,武汉大学,422904,01,物理、化学(2科必选),080901,计算机科学与技术,1,5850,四年,https://static-data.gaokao.cn/www/2.0/schoolspecialplan/42/2025/31.json?a=www.gaokao.cn,data/shanghai/raw/plan_api/static/2025/42.json,1
2025,综合,42,武汉大学,422908,02,不限,0201,经济学类,8,5850,四年,https://static-data.gaokao.cn/www/2.0/schoolspecialplan/42/2025/31.json?a=www.gaokao.cn,data/shanghai/raw/plan_api/static/2025/42.json,1
2025,综合,42,武汉大学,422908,02,不限,612519,文科试验班类,5,5850,四年,https://static-data.gaokao.cn/www/2.0/schoolspecialplan/42/2025/31.json?a=www.gaokao.cn,data/shanghai/raw/plan_api/static/2025/42.json,1
2025,综合,42,武汉大学,422908,02,不限,030101K,法学,4,5850,四年,https://static-data.gaokao.cn/www/2.0/schoolspecialplan/42/2025/31.json?a=www.gaokao.cn,data/shanghai/raw/plan_api/static/2025/42.json,1
2025,综合,42,武汉大学,422908,02,不限,0503,新闻传播学类,4,5850,四年,https://static-data.gaokao.cn/www/2.0/schoolspecialplan/42/2025/31.json?a=www.gaokao.cn,data/shanghai/raw/plan_api/static/2025/42.json,1
2025,综合,42,武汉大学,422924,Q3,不限,130304,戏剧影视文学,2,10350,四年,https://static-data.gaokao.cn/www/2.0/schoolspecialplan/42/2025/31.json?a=www.gaokao.cn,data/shanghai/raw/plan_api/static/2025/42.json,0
2025,综合,42,武汉大学,422908,02,不限,020101,经济学,2,5850,四年,https://static-data.gaokao.cn/www/2.0/schoolspecialplan/42/2025/31.json?a=www.gaokao.cn,data/shanghai/raw/plan_api/static/2025/42.json,1
2025,综合,42,武汉大学,422908,02,不限,1204,公共管理类,2,4500,四年,https://static-data.gaokao.cn/www/2.0/schoolspecialplan/42/2025/31.json?a=www.gaokao.cn,data/shanghai/raw/plan_api/static/2025/42.json,1
2025,综合,42,武汉大学,422908,02,不限,0101,哲学类,2,4500,四年,https://static-data.gaokao.cn/www/2.0/schoolspecialplan/42/2025/31.json?a=www.gaokao.cn,data/shanghai/raw/plan_api/static/2025/42.json,1
2025,综合,43,北京林业大学,422912,02,生物必选,090502,园林,2,5000,四年,https://static-data.gaokao.cn/www/2.0/schoolspecialplan/43/2025/31.json?a=www.gaokao.cn,data/shanghai/raw/plan_api/static/2025/43.json,1
2025,综合,43,北京林业大学,422914,03,物理、化学(2科必选),0809,计算机类,3,5500,四年,https://static-data.gaokao.cn/www/2.0/schoolspecialplan/43/2025/31.json?a=www.gaokao.cn,data/shanghai/raw/plan_api/static/2025/43.json,1
2025,综合,43,北京林业大学,422915,04,物理、化学(2科必选),082402,木材科学与工程,2,,五年,https://static-data.gaokao.cn/www/2.0/schoolspecialplan/43/2025/31.json?a=www.gaokao.cn,data/shanghai/raw/plan_api/static/2025/43.json,0
2025,综合,43,北京林业大学,422917,01,不限,071102,应用心理学,2,5500,四年,https://static-data.gaokao.cn/www/2.0/schoolspecialplan/43/2025/31.json?a=www.gaokao.cn,data/shanghai/raw/plan_api/static/2025/43.json,1
2025,综合,43,北京林业大学,422914,03,物理、化学(2科必选),071201,统计学,2,5000,四年,https://static-data.gaokao.cn/www/2.0/schoolspecialplan/43/2025/31.json?a=www.gaokao.cn,data/shanghai/raw/plan_api/static/2025/43.json,1
2025,综合,43,北京林业大学,422917,01,不限,1202,工商管理类,2,5000,四年,https://static-data.gaokao.cn/www/2.0/schoolspecialplan/43/2025/31.json?a=www.gaokao.cn,data/shanghai/raw/plan_api/static/2025/43.json,1
2025,综合,43,北京林业大学,422914,03,物理、化学(2科必选),0905,林学类,1,2500,四年,https://static-data.gaokao.cn/www/2.0/schoolspecialplan/43/2025/31.json?a=www.gaokao.cn,data/shanghai/raw/plan_api/static/2025/43.json,1
2025,综合,43,北京林业大学,422917,01,不限,050201,英语,2,6000,四年,https://static-data.gaokao.cn/www/2.0/schoolspecialplan/43/2025/31.json?a=www.gaokao.cn,data/shanghai/raw/plan_api/static/2025/43.json,1
2025,综合,43,北京林业大学,422917,01,不限,082803,风景园林,2,5500,四年,https://static-data.gaokao.cn/www/2.0/schoolspecialplan/43/2025/31.json?a=www.gaokao.cn,data/shanghai/raw/plan_api/static/2025/43.json,1
2025,综合,43,北京林业大学,422915,04,物理、化学(2科必选),071002,生物技术,2,,五年,https://static-data.gaokao.cn/www/2.0/schoolspecialplan/43/2025/31.json?a=www.gaokao.cn,data/shanghai/raw/plan_api/static/2025/43.json,0
2025,综合,43,北京林业大学,422914,03,物理、化学(2科必选),080717T,人工智能,2,5500,四年,https://static-data.gaokao.cn/www/2.0/schoolspecialplan/43/2025/31.json?a=www.gaokao.cn,data/shanghai/raw/plan_api/static/2025/43.json,1
2025,综合,43,北京林业大学,422914,03,物理、化学(2科必选),080714T,电子信息科学与技术,1,5500,四年,https://static-data.gaokao.cn/www/2.0/schoolspecialplan/43/2025/31.json?a=www.gaokao.cn,data/shanghai/raw/plan_api/static/2025/43.json,1
2025,综合,43,北京林业大学,422917,01,不限,020401,国际经济与贸易,1,5000,四年,https://static-data.gaokao.cn/www/2.0/schoolspecialplan/43/2025/31.json?a=www.gaokao.cn,data/shanghai/raw/plan_api/static/2025/43.json,1
2025,综合,43,北京林业大学,422914,03,物理、化学(2科必选),080601,电气工程及其自动化,1,5500,四年,https://static-data.gaokao.cn/www/2.0/schoolspecialplan/43/2025/31.json?a=www.gaokao.cn,data/shanghai/raw/plan_api/static/2025/43.json,1
2025,综合,43,北京林业大学,422914,03,物理、化学(2科必选),071002,生物技术,1,5500,四年,https://static-data.gaokao.cn/www/2.0/schoolspecialplan/43/2025/31.json?a=www.gaokao.cn,data/shanghai/raw/plan_api/static/2025/43.json,1
2025,综合,44,湖南大学,422906,03,物理、化学(2科必选),080717T,人工智能,3,6500,四年,https://static-data.gaokao.cn/www/2.0/schoolspecialplan/44/2025/31.json?a=www.gaokao.cn,data/shanghai/raw/plan_api/static/2025/44.json,1
2025,综合,44,湖南大学,422906,03,物理、化学(2科必选),080801,自动化,2,6500,四年,https://static-data.gaokao.cn/www/2.0/schoolspecialplan/44/2025/31.json?a=www.gaokao.cn,data/shanghai/raw/plan_api/static/2025/44.json,1
2025,综合,44,湖南大学,422906,03,物理、化学(2科必选),080102,工程力学,2,6500,四年,https://static-data.gaokao.cn/www/2.0/schoolspecialplan/44/2025/31.json?a=www.gaokao.cn,data/shanghai/raw/plan_api/static/2025/44.json,1
2025,综合,44,湖南大学,422906,03,物理、化学(2科必选),080901,计算机科学与技术,2,6500,四年,https://static-data.gaokao.cn/www/2.0/schoolspecialplan/44/2025/31.json?a=www.gaokao.cn,data/shanghai/raw/plan_api/static/2025/44.json,1
2025,综合,44,湖南大学,422906,03,物理、化学(2科必选),0703,化学类,2,5300,四年,https://static-data.gaokao.cn/www/2.0/schoolspecialplan/44/2025/31.json?a=www.gaokao.cn,data/shanghai/raw/plan_api/static/2025/44.json,1
2025,综合,44,湖南大学,422906,03,物理、化学(2科必选),080213T,智能制造工程,2,6500,四年,https://static-data.gaokao.cn/www/2.0/schoolspecialplan/44/2025/31.json?a=www.gaokao.cn,data/shanghai/raw/plan_api/static/2025/44.json,1
2025,综合,44,湖南大学,422906,03,物理、化学(2科必选),080704,微电子科学与工程,2,6500,四年,https://static-data.gaokao.cn/www/2.0/schoolspecialplan/44/2025/31.json?a=www.gaokao.cn,data/shanghai/raw/plan_api/static/2025/44.json,1
2025,综合,44,湖南大学,422906,03,物理、化学(2科必选),070206T,量子信息科学,2,5300,四年,https://static-data.gaokao.cn/www/2.0/schoolspecialplan/44/2025/31.json?a=www.gaokao.cn,data/shanghai/raw/plan_api/static/2025/44.json,1
2025,综合,44,湖南大学,422906,03,物理、化学(2科必选),080710T,集成电路设计与集成系统,2,6500,四年,https://static-data.gaokao.cn/www/2.0/schoolspecialplan/44/2025/31.json?a=www.gaokao.cn,data/shanghai/raw/plan_api/static/2025/44.json,1
2025,综合,44,湖南大学,422919,01,不限,0201,经济学类,4,5500,四年,https://static-data.gaokao.cn/www/2.0/schoolspecialplan/44/2025/31.json?a=www.gaokao.cn,data/shanghai/raw/plan_api/static/2025/44.json,1
2025,综合,44,湖南大学,422925,02,历史必选,050101,汉语言文学,2,5300,四年,https://static-data.gaokao.cn/www/2.0/schoolspecialplan/44/2025/31.json?a=www.gaokao.cn,data/shanghai/raw/plan_api/static/2025/44.json,1
2025,综合,44,湖南大学,422919,01,不限,120203K,会计学,2,5500,四年,https://static-data.gaokao.cn/www/2.0/schoolspecialplan/44/2025/31.json?a=www.gaokao.cn,data/shanghai/raw/plan_api/static/2025/44.json,1
2025,综合,44,湖南大学,422919,01,不限,020301K,金融学,2,5500,四年,https://static-data.gaokao.cn/www/2.0/schoolspecialplan/44/2025/31.json?a=www.gaokao.cn,data/shanghai/raw/plan_api/static/2025/44.json,1
2025,综合,44,湖南大学,422925,02,历史必选,060101,历史学,2,5300,四年,https://static-data.gaokao.cn/www/2.0/schoolspecialplan/44/2025/31.json?a=www.gaokao.cn,data/shanghai/raw/plan_api/static/2025/44.json,1
2025,综合,45,中央民族大学,422913,01,不限,050101,汉语言文学,2,5000,四年,https://static-data.gaokao.cn/www/2.0/schoolspecialplan/45/2025/31.json?a=www.gaokao.cn,data/shanghai/raw/plan_api/static/2025/45.json,1
2025,综合,45,中央民族大学,422913,01,不限,050103,汉语国际教育,2,5000,四年,https://static-data.gaokao.cn/www/2.0/schoolspecialplan/45/2025/31.json?a=www.gaokao.cn,data/shanghai/raw/plan_api/static/2025/45.json,1
2025,综合,45,中央民族大学,422913,01,不限,0201,经济学类,2,5000,四年,https://static-data.gaokao.cn/www/2.0/schoolspecialplan/45/2025/31.json?a=www.gaokao.cn,data/shanghai/raw/plan_api/static/2025/45.json,1
2025,综合,45,中央民族大学,422913,01,不限,0301,法学类,2,5000,四年,https://static-data.gaokao.cn/www/2.0/schoolspecialplan/45/2025/31.json?a=www.gaokao.cn,data/shanghai/raw/plan_api/static/2025/45.json,1
2025,综合,45,中央民族大学,422913,01,不限,0303,社会学类,2,5000,四年,https://static-data.gaokao.cn/www/2.0/schoolspecialplan/45/2025/31.json?a=www.gaokao.cn,data/shanghai/raw/plan_api/static/2025/45.json,1
2025,综合,45,中央民族大学,422928,03,物理、化学(2科必选),080910T,数据科学与大数据技术,4,70000,四年,https://static-data.gaokao.cn/www/2.0/schoolspecialplan/45/2025/31.json?a=www.gaokao.cn,data/shanghai/raw/plan_api/static/2025/45.json,0
2025,综合,45,中央民族大学,422922,02,历史必选,060101,历史学,2,5000,四年,https://static-data.gaokao.cn/www/2.0/schoolspecialplan/45/2025/31.json?a=www.gaokao.cn,data/shanghai/raw/plan_api/static/2025/45.json,1
2025,综合,45,中央民族大学,422922,02,历史必选,030401,民族学,2,5000,四年,https://static-data.gaokao.cn/www/2.0/schoolspecialplan/45/2025/31.json?a=www.gaokao.cn,data/shanghai/raw/plan_api/static/2025/45.json,1
2025,综合,45,中央民族大学,422922,02,历史必选,0601,历史学类,2,5000,四年,https://static-data.gaokao.cn/www/2.0/schoolspecialplan/45/2025/31.json?a=www.gaokao.cn,data/shanghai/raw/plan_api/static/2025/45.json,1
2025,综合,48,北京邮电大学,422909,04,物理、化学(2科必选),070102,信息与计算科学,2,100000,四年,https://static-data.gaokao.cn/www/2.0/schoolspecialplan/48/2025/31.json?a=www.gaokao.cn,data/shanghai/raw/plan_api/static/2025/48.json,0
2025,综合,48,北京邮电大学,422909,04,物理、化学(2科必选),101011T,智能医学工程,2,100000,四年,https://static-data.gaokao.cn/www/2.0/schoolspecialplan/48/2025/31.json?a=www.gaokao.cn,data/shanghai/raw/plan_api/static/2025/48.json,0
2025,综合,48,北京邮电大学,422909,04,物理、化学(2科必选),080906,数字媒体技术,1,100000,四年,https://static-data.gaokao.cn/www/2.0/schoolspecialplan/48/2025/31.json?a=www.gaokao.cn,data/shanghai/raw/plan_api/static/2025/48.json,0
2025,综合,48,北京邮电大学,422910,02,物理、化学(2科必选),080703,通信工程,6,5500,四年,https://static-data.gaokao.cn/www/2.0/schoolspecialplan/48/2025/31.json?a=www.gaokao.cn,data/shanghai/raw/plan_api/static/2025/48.json,1
2025,综合,48,北京邮电大学,422910,02,物理、化学(2科必选),0807,电子信息类,5,5500,四年,https://static-data.gaokao.cn/www/2.0/schoolspecialplan/48/2025/31.json?a=www.gaokao.cn,data/shanghai/raw/plan_api/static/2025/48.json,1
2025,综合,48,北京邮电大学,422910,02,物理、化学(2科必选),0809,计算机类,4,5500,四年,https://static-data.gaokao.cn/www/2.0/schoolspecialplan/48/2025/31.json?a=www.gaokao.cn,data/shanghai/raw/plan_api/static/2025/48.json,1
2025,综合,48,北京邮电大学,422910,02,物理、化学(2科必选),080717T,人工智能,4,5500,四年,https://static-data.gaokao.cn/www/2.0/schoolspecialplan/48/2025/31.json?a=www.gaokao.cn,data/shanghai/raw/plan_api/static/2025/48.json,1
2025,综合,48,北京邮电大学,422910,02,物理、化学(2科必选),080902,软件工程,3,5500,四年,https://static-data.gaokao.cn/www/2.0/schoolspecialplan/48/2025/31.json?a=www.gaokao.cn,data/shanghai/raw/plan_api/static/2025/48.json,1
2025,综合,48,北京邮电大学,422910,02,物理、化学(2科必选),070202,应用物理学,2,5500,四年,https://static-data.gaokao.cn/www/2.0/schoolspecialplan/48/2025/31.json?a=www.gaokao.cn,data/shanghai/raw/plan_api/static/2025/48.json,1
2025,综合,48,北京邮电大学,422911,03,物理、化学(2科必选),080715T,电信工程及管理,2,100000,四年,https://static-data.gaokao.cn/www/2.0/schoolspecialplan/48/2025/31.json?a=www.gaokao.cn,data/shanghai/raw/plan_api/static/2025/48.json,0
2025,综合,48,北京邮电大学,422918,01,物理、化学(2科必选),0807,电子信息类,2,5500,四年,https://static-data.gaokao.cn/www/2.0/schoolspecialplan/48/2025/31.json?a=www.gaokao.cn,data/shanghai/raw/plan_api/static/2025/48.json,1
2025,综合,48,北京邮电大学,422918,01,物理、化学(2科必选),0809,计算机类,2,5500,四年,https://static-data.gaokao.cn/www/2.0/schoolspecialplan/48/2025/31.json?a=www.gaokao.cn,data/shanghai/raw/plan_api/static/2025/48.json,1
2025,综合,48,北京邮电大学,422910,02,物理、化学(2科必选),080218T,智能交互设计,2,5500,四年,https://static-data.gaokao.cn/www/2.0/schoolspecialplan/48/2025/31.json?a=www.gaokao.cn,data/shanghai/raw/plan_api/static/2025/48.json,1
2025,综合,48,北京邮电大学,422910,02,物理、化学(2科必选),083203TK,低空技术与工程,2,5500,四年,https://static-data.gaokao.cn/www/2.0/schoolspecialplan/48/2025/31.json?a=www.gaokao.cn,data/shanghai/raw/plan_api/static/2025/48.json,1
2025,综合,48,北京邮电大学,422911,03,物理、化学(2科必选),080905,物联网工程,1,100000,四年,https://static-data.gaokao.cn/www/2.0/schoolspecialplan/48/2025/31.json?a=www.gaokao.cn,data/shanghai/raw/plan_api/static/2025/48.json,0
2025,综合,49,北京中医药大学,422907,01,物理、化学(2科必选),100501K,中医学,1,5800,九年,https://static-data.gaokao.cn/www/2.0/schoolspecialplan/49/2025/31.json?a=www.gaokao.cn,data/shanghai/raw/plan_api/static/2025/49.json,1
2025,综合,49,北京中医药大学,422907,01,物理、化学(2科必选),100801,中药学,1,5800,四年,https://static-data.gaokao.cn/www/2.0/schoolspecialplan/49/2025/31.json?a=www.gaokao.cn,data/shanghai/raw/plan_api/static/2025/49.json,1
2025,综合,49,北京中医药大学,422907,01,物理、化学(2科必选),100601K,中西医临床医学,1,5800,九年,https://static-data.gaokao.cn/www/2.0/schoolspecialplan/49/2025/31.json?a=www.gaokao.cn,data/shanghai/raw/plan_api/static/2025/49.json,1
2025,综合,50,辽宁大学,422937,01,不限,020301K,金融学,8,50000,四年,https://static-data.gaokao.cn/www/2.0/schoolspecialplan/50/2025/31.json?a=www.gaokao.cn,data/shanghai/raw/plan_api/static/2025/50.json,1
2025,综合,50,辽宁大学,422946,02,不限,120205,国际商务,2,50000,四年,https://static-data.gaokao.cn/www/2.0/schoolspecialplan/50/2025/31.json?a=www.gaokao.cn,data/shanghai/raw/plan_api/static/2025/50.json,1
2025,综合,51,西南交通大学,422930,03,物理、化学(2科必选),082502,环境工程,4,78000,四年,https://static-data.gaokao.cn/www/2.0/schoolspecialplan/51/2025/31.json?a=www.gaokao.cn,data/shanghai/raw/plan_api/static/2025/51.json,0
2025,综合,51,西南交通大学,422930,03,物理、化学(2科必选),082901,安全工程,4,78000,四年,https://static-data.gaokao.cn/www/2.0/schoolspecialplan/51/2025/31.json?a=www.gaokao.cn,data/shanghai/raw/plan_api/static/2025/51.json,0
2025,综合,51,西南交通大学,422934,02,物理、化学(2科必选),080901,计算机科学与技术,2,100000,四年,https://static-data.gaokao.cn/www/2.0/schoolspecialplan/51/2025/31.json?a=www.gaokao.cn,data/shanghai/raw/plan_api/static/2025/51.json,0
2025,综合,51,西南交通大学,422934,02,物理、化学(2科必选),081001,土木工程,2,100000,四年,https://static-data.gaokao.cn/www/2.0/schoolspecialplan/51/2025/31.json?a=www.gaokao.cn,data/shanghai/raw/plan_api/static/2025/51.json,0
2025,综合,51,西南交通大学,422934,02,物理、化学(2科必选),080202,机械设计制造及其自动化,2,100000,四年,https://static-data.gaokao.cn/www/2.0/schoolspecialplan/51/2025/31.json?a=www.gaokao.cn,data/shanghai/raw/plan_api/static/2025/51.json,0
2025,综合,51,西南交通大学,422934,02,物理、化学(2科必选),080701,电子信息工程,2,100000,四年,https://static-data.gaokao.cn/www/2.0/schoolspecialplan/51/2025/31.json?a=www.gaokao.cn,data/shanghai/raw/plan_api/static/2025/51.json,0
2025,综合,51,西南交通大学,422933,01,物理、化学(2科必选),0809,计算机类,2,6240,四年,https://static-data.gaokao.cn/www/2.0/schoolspecialplan/51/2025/31.json?a=www.gaokao.cn,data/shanghai/raw/plan_api/static/2025/51.json,1
2025,综合,51,西南交通大学,422934,02,物理、化学(2科必选),080401,材料科学与工程,1,100000,四年,https://static-data.gaokao.cn/www/2.0/schoolspecialplan/51/2025/31.json?a=www.gaokao.cn,data/shanghai/raw/plan_api/static/2025/51.json,0
2025,综合,51,西南交通大学,422933,01,物理、化学(2科必选),070202,应用物理学,1,6240,四年,https://static-data.gaokao.cn/www/2.0/schoolspecialplan/51/2025/31.json?a=www.gaokao.cn,data/shanghai/raw/plan_api/static/2025/51.json,1
2025,综合,51,西南交通大学,422934,02,物理、化学(2科必选),080407,高分子材料与工程,1,100000,四年,https://static-data.gaokao.cn/www/2.0/schoolspecialplan/51/2025/31.json?a=www.gaokao.cn,data/shanghai/raw/plan_api/static/2025/51.json,0
2025,综合,51,西南交通大学,422934,02,物理、化学(2科必选),080205,工业设计,1,100000,四年,https://static-data.gaokao.cn/www/2.0/schoolspecialplan/51/2025/31.json?a=www.gaokao.cn,data/shanghai/raw/plan_api/static/2025/51.json,0
2025,综合,51,西南交通大学,422933,01,物理、化学(2科必选),080610TK,大功率半导体科学与工程,1,6240,四年,https://static-data.gaokao.cn/www/2.0/schoolspecialplan/51/2025/31.json?a=www.gaokao.cn,data/shanghai/raw/plan_api/static/2025/51.json,1
2025,综合,58,湖南师范大学,422931,01,不限,0502,外国语言文学类,2,4000,四年,https://static-data.gaokao.cn/www/2.0/schoolspecialplan/58/2025/31.json?a=www.gaokao.cn,data/shanghai/raw/plan_api/static/2025/58.json,1
2025,综合,58,湖南师范大学,422944,03,物理、化学(2科必选),080902,软件工程,2,6500,四年,https://static-data.gaokao.cn/www/2.0/schoolspecialplan/58/2025/31.json?a=www.gaokao.cn,data/shanghai/raw/plan_api/static/2025/58.json,1
2025,综合,58,湖南师范大学,422944,03,物理、化学(2科必选),071001,生物科学,2,4000,四年,https://static-data.gaokao.cn/www/2.0/schoolspecialplan/58/2025/31.json?a=www.gaokao.cn,data/shanghai/raw/plan_api/static/2025/58.json,1
2025,综合,58,湖南师范大学,422940,02,历史必选,060101,历史学,2,4000,四年,https://static-data.gaokao.cn/www/2.0/schoolspecialplan/58/2025/31.json?a=www.gaokao.cn,data/shanghai/raw/plan_api/static/2025/58.json,1
2025,综合,59,南开大学,422938,01,不限,0203,金融学类,4,5200,四年,https://static-data.gaokao.cn/www/2.0/schoolspecialplan/59/2025/31.json?a=www.gaokao.cn,data/shanghai/raw/plan_api/static/2025/59.json,1
2025,综合,59,南开大学,422938,01,不限,0201,经济学类,2,5200,四年,https://static-data.gaokao.cn/www/2.0/schoolspecialplan/59/2025/31.json?a=www.gaokao.cn,data/shanghai/raw/plan_api/static/2025/59.json,1
2025,综合,59,南开大学,422938,01,不限,0501,中国语言文学类,2,5200,四年,https://static-data.gaokao.cn/www/2.0/schoolspecialplan/59/2025/31.json?a=www.gaokao.cn,data/shanghai/raw/plan_api/static/2025/59.json,1
2025,综合,59,南开大学,422938,01,不限,0101,哲学类,1,5200,四年,https://static-data.gaokao.cn/www/2.0/schoolspecialplan/59/2025/31.json?a=www.gaokao.cn,data/shanghai/raw/plan_api/static/2025/59.json,1
2025,综合,59,南开大学,422939,02,物理、化学(2科必选),1376420,理科试验班,2,6200,四年,https://static-data.gaokao.cn/www/2.0/schoolspecialplan/59/2025/31.json?a=www.gaokao.cn,data/shanghai/raw/plan_api/static/2025/59.json,1
2025,综合,60,天津大学,422957,01,不限,0828,建筑类,4,5800,四年,https://static-data.gaokao.cn/www/2.0/schoolspecialplan/60/2025/31.json?a=www.gaokao.cn,data/shanghai/raw/plan_api/static/2025/60.json,1
2025,综合,60,天津大学,422959,02,物理、化学(2科必选),97843,工科试验班,4,5800,四年,https://static-data.gaokao.cn/www/2.0/schoolspecialplan/60/2025/31.json?a=www.gaokao.cn,data/shanghai/raw/plan_api/static/2025/60.json,1
2025,综合,60,天津大学,422959,02,物理、化学(2科必选),070304T,分子科学与工程,4,5800,四年,https://static-data.gaokao.cn/www/2.0/schoolspecialplan/60/2025/31.json?a=www.gaokao.cn,data/shanghai/raw/plan_api/static/2025/60.json,1
2025,综合,61,中国海洋大学,422948,01,物理、化学(2科必选),0710,生物科学类,3,6600,四年,https://static-data.gaokao.cn/www/2.0/schoolspecialplan/61/2025/31.json?a=www.gaokao.cn,data/shanghai/raw/plan_api/static/2025/61.json,1
2025,综合,61,中国海洋大学,422948,01,物理、化学(2科必选),100701,药学,2,7920,四年,https://static-data.gaokao.cn/www/2.0/schoolspecialplan/61/2025/31.json?a=www.gaokao.cn,data/shanghai/raw/plan_api/static/2025/61.json,1
2025,综合,61,中国海洋大学,422948,01,物理、化学(2科必选),070701,海洋科学,2,6600,四年,https://static-data.gaokao.cn/www/2.0/schoolspecialplan/61/2025/31.json?a=www.gaokao.cn,data/shanghai/raw/plan_api/static/2025/61.json,1
2025,综合,61,中国海洋大学,422948,01,物理、化学(2科必选),070601,大气科学,2,6600,四年,https://static-data.gaokao.cn/www/2.0/schoolspecialplan/61/2025/31.json?a=www.gaokao.cn,data/shanghai/raw/plan_api/static/2025/61.json,1
2025,综合,61,中国海洋大学,422948,01,物理、化学(2科必选),0827,食品科学与工程类,2,6600,四年,https://static-data.gaokao.cn/www/2.0/schoolspecialplan/61/2025/31.json?a=www.gaokao.cn,data/shanghai/raw/plan_api/static/2025/61.json,1
2025,综合,61,中国海洋大学,422948,01,物理、化学(2科必选),081103,港口航道与海岸工程,2,6600,四年,https://static-data.gaokao.cn/www/2.0/schoolspecialplan/61/2025/31.json?a=www.gaokao.cn,data/shanghai/raw/plan_api/static/2025/61.json,1
2025,综合,61,中国海洋大学,422948,01,物理、化学(2科必选),0809,计算机类,2,6600,四年,https://static-data.gaokao.cn/www/2.0/schoolspecialplan/61/2025/31.json?a=www.gaokao.cn,data/shanghai/raw/plan_api/static/2025/61.json,1
2025,综合,61,中国海洋大学,422958,04,物理、化学(2科必选),070101,数学与应用数学,2,60000,四年,https://static-data.gaokao.cn/www/2.0/schoolspecialplan/61/2025/31.json?a=www.gaokao.cn,data/shanghai/raw/plan_api/static/2025/61.json,0
2025,综合,61,中国海洋大学,422963,03,不限,030101K,法学,2,98000,四年,https://static-data.gaokao.cn/www/2.0/schoolspecialplan/61/2025/31.json?a=www.gaokao.cn,data/shanghai/raw/plan_api/static/2025/61.json,0
2025,综合,61,中国海洋大学,422962,02,不限,0503,新闻传播学类,2,5280,四年,https://static-data.gaokao.cn/www/2.0/schoolspecialplan/61/2025/31.json?a=www.gaokao.cn,data/shanghai/raw/plan_api/static/2025/61.json,1
2025,综合,61,中国海洋大学,422962,02,不限,020401,国际经济与贸易,2,6600,四年,https://static-data.gaokao.cn/www/2.0/schoolspecialplan/61/2025/31.json?a=www.gaokao.cn,data/shanghai/raw/plan_api/static/2025/61.json,1
2025,综合,62,郑州大学,422947,03,物理、化学(2科必选),0808,自动化类,4,5700,四年,https://static-data.gaokao.cn/www/2.0/schoolspecialplan/62/2025/31.json?a=www.gaokao.cn,data/shanghai/raw/plan_api/static/2025/62.json,1
2025,综合,62,郑州大学,422947,03,物理、化学(2科必选),0710,生物科学类,2,5000,四年,https://static-data.gaokao.cn/www/2.0/schoolspecialplan/62/2025/31.json?a=www.gaokao.cn,data/shanghai/raw/plan_api/static/2025/62.json,1
2025,综合,62,郑州大学,422965,02,物理必选,0201,经济学类,3,4400,四年,https://static-data.gaokao.cn/www/2.0/schoolspecialplan/62/2025/31.json?a=www.gaokao.cn,data/shanghai/raw/plan_api/static/2025/62.json,1
2025,综合,62,郑州大学,422961,01,不限,030101K,法学,2,4400,四年,https://static-data.gaokao.cn/www/2.0/schoolspecialplan/62/2025/31.json?a=www.gaokao.cn,data/shanghai/raw/plan_api/static/2025/62.json,1
2025,综合,62,郑州大学,422961,01,不限,0503,新闻传播学类,2,4400,四年,https://static-data.gaokao.cn/www/2.0/schoolspecialplan/62/2025/31.json?a=www.gaokao.cn,data/shanghai/raw/plan_api/static/2025/62.json,1
2025,综合,63,合肥工业大学,422950,02,物理、化学(2科必选),080601,电气工程及其自动化,4,5500,四年,https://static-data.gaokao.cn/www/2.0/schoolspecialplan/63/2025/31.json?a=www.gaokao.cn,data/shanghai/raw/plan_api/static/2025/63.json,1
2025,综合,63,合肥工业大学,422950,02,物理、化学(2科必选),080901,计算机科学与技术,4,6050,四年,https://static-data.gaokao.cn/www/2.0/schoolspecialplan/63/2025/31.json?a=www.gaokao.cn,data/shanghai/raw/plan_api/static/2025/63.json,1
2025,综合,63,合肥工业大学,422950,02,物理、化学(2科必选),080207,车辆工程,3,6050,四年,https://static-data.gaokao.cn/www/2.0/schoolspecialplan/63/2025/31.json?a=www.gaokao.cn,data/shanghai/raw/plan_api/static/2025/63.json,1
2025,综合,63,合肥工业大学,422950,02,物理、化学(2科必选),080704,微电子科学与工程,3,6050,四年,https://static-data.gaokao.cn/www/2.0/schoolspecialplan/63/2025/31.json?a=www.gaokao.cn,data/shanghai/raw/plan_api/static/2025/63.json,1
2025,综合,63,合肥工业大学,422950,02,物理、化学(2科必选),070206T,量子信息科学,3,5500,四年,https://static-data.gaokao.cn/www/2.0/schoolspecialplan/63/2025/31.json?a=www.gaokao.cn,data/shanghai/raw/plan_api/static/2025/63.json,1
2025,综合,63,合肥工业大学,422964,03,不限,020401,国际经济与贸易,4,50000,四年,https://static-data.gaokao.cn/www/2.0/schoolspecialplan/63/2025/31.json?a=www.gaokao.cn,data/shanghai/raw/plan_api/static/2025/63.json,0
2025,综合,63,合肥工业大学,422955,01,物理必选,120108T,大数据管理与应用,3,6600,四年,https://static-data.gaokao.cn/www/2.0/schoolspecialplan/63/2025/31.json?a=www.gaokao.cn,data/shanghai/raw/plan_api/static/2025/63.json,1
2025,综合,63,合肥工业大学,422955,01,物理必选,020109T,数字经济,3,5500,四年,https://static-data.gaokao.cn/www/2.0/schoolspecialplan/63/2025/31.json?a=www.gaokao.cn,data/shanghai/raw/plan_api/static/2025/63.json,1
2025,综合,67,安徽大学,422952,02,物理、化学(2科必选),070202,应用物理学,4,50000,四年,https://static-data.gaokao.cn/www/2.0/schoolspecialplan/67/2025/31.json?a=www.gaokao.cn,data/shanghai/raw/plan_api/static/2025/67.json,0
2025,综合,67,安徽大学,422952,02,物理、化学(2科必选),080906,数字媒体技术,4,50000,四年,https://static-data.gaokao.cn/www/2.0/schoolspecialplan/67/2025/31.json?a=www.gaokao.cn,data/shanghai/raw/plan_api/static/2025/67.json,0
2025,综合,67,安徽大学,422952,02,物理、化学(2科必选),071202,应用统计学,4,50000,四年,https://static-data.gaokao.cn/www/2.0/schoolspecialplan/67/2025/31.json?a=www.gaokao.cn,data/shanghai/raw/plan_api/static/2025/67.json,0
2025,综合,67,安徽大学,422956,01,不限,050204,法语,3,5000,四年,https://static-data.gaokao.cn/www/2.0/schoolspecialplan/67/2025/31.json?a=www.gaokao.cn,data/shanghai/raw/plan_api/static/2025/67.json,1
2025,综合,67,安徽大学,422956,01,不限,020401,国际经济与贸易,3,5000,四年,https://static-data.gaokao.cn/www/2.0/schoolspecialplan/67/2025/31.json?a=www.gaokao.cn,data/shanghai/raw/plan_api/static/2025/67.json,1
2025,综合,67,安徽大学,422956,01,不限,050203,德语,2,5000,四年,https://static-data.gaokao.cn/www/2.0/schoolspecialplan/67/2025/31.json?a=www.gaokao.cn,data/shanghai/raw/plan_api/static/2025/67.json,1
2025,综合,68,安徽理工大学,422954,01,不限,050201,英语,6,4900,四年,https://static-data.gaokao.cn/www/2.0/schoolspecialplan/68/2025/31.json?a=www.gaokao.cn,data/shanghai/raw/plan_api/static/2025/68.json,1
2025,综合,68,安徽理工大学,422954,01,不限,050306T,网络与新媒体,6,4900,四年,https://static-data.gaokao.cn/www/2.0/schoolspecialplan/68/2025/31.json?a=www.gaokao.cn,data/shanghai/raw/plan_api/static/2025/68.json,1
2025,综合,68,安徽理工大学,422954,01,不限,120203K,会计学,4,4900,四年,https://static-data.gaokao.cn/www/2.0/schoolspecialplan/68/2025/31.json?a=www.gaokao.cn,data/shanghai/raw/plan_api/static/2025/68.json,1
2025,综合,68,安徽理工大学,422954,01,不限,020301K,金融学,2,4900,四年,https://static-data.gaokao.cn/www/2.0/schoolspecialplan/68/2025/31.json?a=www.gaokao.cn,data/shanghai/raw/plan_api/static/2025/68.json,1
2025,综合,68,安徽理工大学,422960,02,物理必选,120801,电子商务,6,4900,四年,https://static-data.gaokao.cn/www/2.0/schoolspecialplan/68/2025/31.json?a=www.gaokao.cn,data/shanghai/raw/plan_api/static/2025/68.json,1
2025,综合,69,安徽工业大学,422949,02,物理、化学(2科必选),080404,冶金工程,3,5720,四年,https://static-data.gaokao.cn/www/2.0/schoolspecialplan/69/2025/31.json?a=www.gaokao.cn,data/shanghai/raw/plan_api/static/2025/69.json,1
2025,综合,69,安徽工业大学,422949,02,物理、化学(2科必选),081301,化学工程与工艺,3,5720,四年,https://static-data.gaokao.cn/www/2.0/schoolspecialplan/69/2025/31.json?a=www.gaokao.cn,data/shanghai/raw/plan_api/static/2025/69.json,1
2025,综合,69,安徽工业大学,422949,02,物理、化学(2科必选),081002,建筑环境与能源应用工程,2,5200,四年,https://static-data.gaokao.cn/www/2.0/schoolspecialplan/69/2025/31.json?a=www.gaokao.cn,data/shanghai/raw/plan_api/static/2025/69.json,1
2025,综合,69,安徽工业大学,422949,02,物理、化学(2科必选),080902,软件工程,2,5720,四年,https://static-data.gaokao.cn/www/2.0/schoolspecialplan/69/2025/31.json?a=www.gaokao.cn,data/shanghai/raw/plan_api/static/2025/69.json,1
2025,综合,69,安徽工业大学,422949,02,物理、化学(2科必选),080401,材料科学与工程,2,5200,四年,https://static-data.gaokao.cn/www/2.0/schoolspecialplan/69/2025/31.json?a=www.gaokao.cn,data/shanghai/raw/plan_api/static/2025/69.json,1
2025,综合,69,安徽工业大学,422949,02,物理、化学(2科必选),081003,给排水科学与工程,2,5720,四年,https://static-data.gaokao.cn/www/2.0/schoolspecialplan/69/2025/31.json?a=www.gaokao.cn,data/shanghai/raw/plan_api/static/2025/69.json,1
2025,综合,69,安徽工业大学,422949,02,物理、化学(2科必选),080901,计算机科学与技术,2,5720,四年,https://static-data.gaokao.cn/www/2.0/schoolspecialplan/69/2025/31.json?a=www.gaokao.cn,data/shanghai/raw/plan_api/static/2025/69.json,1
2025,综合,69,安徽工业大学,422949,02,物理、化学(2科必选),080910T,数据科学与大数据技术,2,5200,四年,https://static-data.gaokao.cn/www/2.0/schoolspecialplan/69/2025/31.json?a=www.gaokao.cn,data/shanghai/raw/plan_api/static/2025/69.json,1
2025,综合,69,安徽工业大学,422949,02,物理、化学(2科必选),080717T,人工智能,2,5200,四年,https://static-data.gaokao.cn/www/2.0/schoolspecialplan/69/2025/31.json?a=www.gaokao.cn,data/shanghai/raw/plan_api/static/2025/69.json,1
2025,综合,69,安徽工业大学,422949,02,物理、化学(2科必选),081008T,智能建造,2,5200,四年,https://static-data.gaokao.cn/www/2.0/schoolspecialplan/69/2025/31.json?a=www.gaokao.cn,data/shanghai/raw/plan_api/static/2025/69.json,1
2025,综合,69,安徽工业大学,422949,02,物理、化学(2科必选),080216T,新能源汽车工程,2,5200,四年,https://static-data.gaokao.cn/www/2.0/schoolspecialplan/69/2025/31.json?a=www.gaokao.cn,data/shanghai/raw/plan_api/static/2025/69.json,1
2025,综合,69,安徽工业大学,422953,01,不限,050201,英语,4,4900,四年,https://static-data.gaokao.cn/www/2.0/schoolspecialplan/69/2025/31.json?a=www.gaokao.cn,data/shanghai/raw/plan_api/static/2025/69.json,1
2025,综合,69,安徽工业大学,422953,01,不限,020301K,金融学,3,4900,四年,https://static-data.gaokao.cn/www/2.0/schoolspecialplan/69/2025/31.json?a=www.gaokao.cn,data/shanghai/raw/plan_api/static/2025/69.json,1
2025,综合,69,安徽工业大学,422953,01,不限,020401,国际经济与贸易,3,4900,四年,https://static-data.gaokao.cn/www/2.0/schoolspecialplan/69/2025/31.json?a=www.gaokao.cn,data/shanghai/raw/plan_api/static/2025/69.json,1
2025,综合,69,安徽工业大学,422953,01,不限,020101,经济学,3,4900,四年,https://static-data.gaokao.cn/www/2.0/schoolspecialplan/69/2025/31.json?a=www.gaokao.cn,data/shanghai/raw/plan_api/static/2025/69.json,1
2025,综合,69,安徽工业大学,422953,01,不限,120203K,会计学,2,5390,四年,https://static-data.gaokao.cn/www/2.0/schoolspecialplan/69/2025/31.json?a=www.gaokao.cn,data/shanghai/raw/plan_api/static/2025/69.json,1
2025,综合,69,安徽工业大学,422953,01,不限,030101K,法学,1,4900,四年,https://static-data.gaokao.cn/www/2.0/schoolspecialplan/69/2025/31.json?a=www.gaokao.cn,data/shanghai/raw/plan_api/static/2025/69.json,1
2025,综合,70,安徽农业大学,422969,02,物理、化学(2科必选),090102,园艺,4,5980,四年,https://static-data.gaokao.cn/www/2.0/schoolspecialplan/70/2025/31.json?a=www.gaokao.cn,data/shanghai/raw/plan_api/static/2025/70.json,1
2025,综合,70,安徽农业大学,422969,02,物理、化学(2科必选),090101,农学,3,5980,四年,https://static-data.gaokao.cn/www/2.0/schoolspecialplan/70/2025/31.json?a=www.gaokao.cn,data/shanghai/raw/plan_api/static/2025/70.json,1
2025,综合,70,安徽农业大学,422969,02,物理、化学(2科必选),090116TK,生物育种科学,3,5200,四年,https://static-data.gaokao.cn/www/2.0/schoolspecialplan/70/2025/31.json?a=www.gaokao.cn,data/shanghai/raw/plan_api/static/2025/70.json,1
2025,综合,70,安徽农业大学,422969,02,物理、化学(2科必选),090107T,茶学,2,5980,四年,https://static-data.gaokao.cn/www/2.0/schoolspecialplan/70/2025/31.json?a=www.gaokao.cn,data/shanghai/raw/plan_api/static/2025/70.json,1
2025,综合,70,安徽农业大学,422969,02,物理、化学(2科必选),082503,环境科学,2,5980,四年,https://static-data.gaokao.cn/www/2.0/schoolspecialplan/70/2025/31.json?a=www.gaokao.cn,data/shanghai/raw/plan_api/static/2025/70.json,1
2025,综合,70,安徽农业大学,422969,02,物理、化学(2科必选),090301,动物科学,2,5980,四年,https://static-data.gaokao.cn/www/2.0/schoolspecialplan/70/2025/31.json?a=www.gaokao.cn,data/shanghai/raw/plan_api/static/2025/70.json,1
2025,综合,70,安徽农业大学,422969,02,物理、化学(2科必选),090501,林学,2,5980,四年,https://static-data.gaokao.cn/www/2.0/schoolspecialplan/70/2025/31.json?a=www.gaokao.cn,data/shanghai/raw/plan_api/static/2025/70.json,1
2025,综合,70,安徽农业大学,422969,02,物理、化学(2科必选),090103,植物保护,2,5980,四年,https://static-data.gaokao.cn/www/2.0/schoolspecialplan/70/2025/31.json?a=www.gaokao.cn,data/shanghai/raw/plan_api/static/2025/70.json,1
2025,综合,70,安徽农业大学,422969,02,物理、化学(2科必选),071001,生物科学,2,5200,四年,https://static-data.gaokao.cn/www/2.0/schoolspecialplan/70/2025/31.json?a=www.gaokao.cn,data/shanghai/raw/plan_api/static/2025/70.json,1
2025,综合,70,安徽农业大学,422969,02,物理、化学(2科必选),071002,生物技术,2,5980,四年,https://static-data.gaokao.cn/www/2.0/schoolspecialplan/70/2025/31.json?a=www.gaokao.cn,data/shanghai/raw/plan_api/static/2025/70.json,1
2025,综合,70,安徽农业大学,422969,02,物理、化学(2科必选),100402,食品卫生与营养学,2,5200,四年,https://static-data.gaokao.cn/www/2.0/schoolspecialplan/70/2025/31.json?a=www.gaokao.cn,data/shanghai/raw/plan_api/static/2025/70.json,1
2025,综合,70,安徽农业大学,422969,02,物理、化学(2科必选),090112T,智慧农业,2,5200,四年,https://static-data.gaokao.cn/www/2.0/schoolspecialplan/70/2025/31.json?a=www.gaokao.cn,data/shanghai/raw/plan_api/static/2025/70.json,1
2025,综合,70,安徽农业大学,422973,01,不限,020101,经济学,2,4900,四年,https://static-data.gaokao.cn/www/2.0/schoolspecialplan/70/2025/31.json?a=www.gaokao.cn,data/shanghai/raw/plan_api/static/2025/70.json,1
2025,综合,71,济南大学,422977,01,不限,020301K,金融学,3,6600,四年,https://static-data.gaokao.cn/www/2.0/schoolspecialplan/71/2025/31.json?a=www.gaokao.cn,data/shanghai/raw/plan_api/static/2025/71.json,1
2025,综合,71,济南大学,422977,01,不限,0503,新闻传播学类,3,5060,四年,https://static-data.gaokao.cn/www/2.0/schoolspecialplan/71/2025/31.json?a=www.gaokao.cn,data/shanghai/raw/plan_api/static/2025/71.json,1
2025,综合,71,济南大学,422977,01,不限,120901K,旅游管理,2,5500,四年,https://static-data.gaokao.cn/www/2.0/schoolspecialplan/71/2025/31.json?a=www.gaokao.cn,data/shanghai/raw/plan_api/static/2025/71.json,1
2025,综合,71,济南大学,422987,02,物理、化学(2科必选),080717T,人工智能,2,5500,四年,https://static-data.gaokao.cn/www/2.0/schoolspecialplan/71/2025/31.json?a=www.gaokao.cn,data/shanghai/raw/plan_api/static/2025/71.json,1
2025,综合,72,安徽医科大学,422975,01,不限,071102,应用心理学,1,5200,四年,https://static-data.gaokao.cn/www/2.0/schoolspecialplan/72/2025/31.json?a=www.gaokao.cn,data/shanghai/raw/plan_api/static/2025/72.json,1
2025,综合,72,安徽医科大学,422975,01,不限,120414T,养老服务管理,1,4900,四年,https://static-data.gaokao.cn/www/2.0/schoolspecialplan/72/2025/31.json?a=www.gaokao.cn,data/shanghai/raw/plan_api/static/2025/72.json,1
2025,综合,72,安徽医科大学,422975,01,不限,040206T,运动康复,1,5200,四年,https://static-data.gaokao.cn/www/2.0/schoolspecialplan/72/2025/31.json?a=www.gaokao.cn,data/shanghai/raw/plan_api/static/2025/72.json,1
2025,综合,72,安徽医科大学,422985,02,物理、化学(2科必选),100201K,临床医学,3,6050,五年,https://static-data.gaokao.cn/www/2.0/schoolspecialplan/72/2025/31.json?a=www.gaokao.cn,data/shanghai/raw/plan_api/static/2025/72.json,1
2025,综合,73,同济大学,422980,01,物理、化学(2科必选),96360,工科试验班,4,7000,四年,https://static-data.gaokao.cn/www/2.0/schoolspecialplan/73/2025/31.json?a=www.gaokao.cn,data/shanghai/raw/plan_api/static/2025/73.json,1
2025,综合,73,同济大学,422980,01,物理、化学(2科必选),202848,经济管理试验班,6,6500,四年,https://static-data.gaokao.cn/www/2.0/schoolspecialplan/73/2025/31.json?a=www.gaokao.cn,data/shanghai/raw/plan_api/static/2025/73.json,1
2025,综合,73,同济大学,422980,01,物理、化学(2科必选),0828,建筑类,5,7700,四年,https://static-data.gaokao.cn/www/2.0/schoolspecialplan/73/2025/31.json?a=www.gaokao.cn,data/shanghai/raw/plan_api/static/2025/73.json,1
2025,综合,73,同济大学,422980,01,物理、化学(2科必选),712523,理科试验班,4,7000,四年,https://static-data.gaokao.cn/www/2.0/schoolspecialplan/73/2025/31.json?a=www.gaokao.cn,data/shanghai/raw/plan_api/static/2025/73.json,1
2025,综合,73,同济大学,422990,Q6,物理、化学(2科必选),101009T,康复物理治疗,33,7400,四年,https://static-data.gaokao.cn/www/2.0/schoolspecialplan/73/2025/31.json?a=www.gaokao.cn,data/shanghai/raw/plan_api/static/2025/73.json,0
2025,综合,73,同济大学,422989,02,不限,96333,人文科学试验班,25,6500,四年,https://static-data.gaokao.cn/www/2.0/schoolspecialplan/73/2025/31.json?a=www.gaokao.cn,data/shanghai/raw/plan_api/static/2025/73.json,1
2025,综合,73,同济大学,422992,03,物理、化学(2科必选),0802,机械类,24,21000,四年,https://static-data.gaokao.cn/www/2.0/schoolspecialplan/73/2025/31.json?a=www.gaokao.cn,data/shanghai/raw/plan_api/static/2025/73.json,0
2025,综合,73,同济大学,422982,Q5,生物必选,101101K,护理学,23,7400,四年,https://static-data.gaokao.cn/www/2.0/schoolspecialplan/73/2025/31.json?a=www.gaokao.cn,data/shanghai/raw/plan_api/static/2025/73.json,0
2025,综合,73,同济大学,422989,02,不限,030101K,法学,15,6500,四年,https://static-data.gaokao.cn/www/2.0/schoolspecialplan/73/2025/31.json?a=www.gaokao.cn,data/shanghai/raw/plan_api/static/2025/73.json,1
2025,综合,73,同济大学,422993,Q4,不限,130305,广播电视编导,12,13000,四年,https://static-data.gaokao.cn/www/2.0/schoolspecialplan/73/2025/31.json?a=www.gaokao.cn,data/shanghai/raw/plan_api/static/2025/73.json,0
2025,综合,73,同济大学,422989,02,不限,120203K,会计学,8,6500,四年,https://static-data.gaokao.cn/www/2.0/schoolspecialplan/73/2025/31.json?a=www.gaokao.cn,data/shanghai/raw/plan_api/static/2025/73.json,1
2025,综合,74,新疆大学,422978,01,不限,030101K,法学,2,3800,四年,https://static-data.gaokao.cn/www/2.0/schoolspecialplan/74/2025/31.json?a=www.gaokao.cn,data/shanghai/raw/plan_api/static/2025/74.json,1
2025,综合,74,新疆大学,422978,01,不限,050101,汉语言文学,2,3100,四年,https://static-data.gaokao.cn/www/2.0/schoolspecialplan/74/2025/31.json?a=www.gaokao.cn,data/shanghai/raw/plan_api/static/2025/74.json,1
2025,综合,74,新疆大学,422978,01,不限,1202,工商管理类,2,3500,四年,https://static-data.gaokao.cn/www/2.0/schoolspecialplan/74/2025/31.json?a=www.gaokao.cn,data/shanghai/raw/plan_api/static/2025/74.json,1
2025,综合,74,新疆大学,422981,02,物理、化学(2科必选),080902,软件工程,8,9000,四年,https://static-data.gaokao.cn/www/2.0/schoolspecialplan/74/2025/31.json?a=www.gaokao.cn,data/shanghai/raw/plan_api/static/2025/74.json,1
2025,综合,74,新疆大学,422981,02,物理、化学(2科必选),080201,机械工程,2,3500,四年,https://static-data.gaokao.cn/www/2.0/schoolspecialplan/74/2025/31.json?a=www.gaokao.cn,data/shanghai/raw/plan_api/static/2025/74.json,1
2025,综合,74,新疆大学,422981,02,物理、化学(2科必选),080901,计算机科学与技术,4,3500,四年,https://static-data.gaokao.cn/www/2.0/schoolspecialplan/74/2025/31.json?a=www.gaokao.cn,data/shanghai/raw/plan_api/static/2025/74.json,1
2025,综合,74,新疆大学,422981,02,物理、化学(2科必选),080601,电气工程及其自动化,3,3500,四年,https://static-data.gaokao.cn/www/2.0/schoolspecialplan/74/2025/31.json?a=www.gaokao.cn,data/shanghai/raw/plan_api/static/2025/74.json,1
2025,综合,74,新疆大学,422981,02,物理、化学(2科必选),080910T,数据科学与大数据技术,3,3500,四年,https://static-data.gaokao.cn/www/2.0/schoolspecialplan/74/2025/31.json?a=www.gaokao.cn,data/shanghai/raw/plan_api/static/2025/74.json,1
2025,综合,74,新疆大学,422981,02,物理、化学(2科必选),070101,数学与应用数学,2,3500,四年,https://static-data.gaokao.cn/www/2.0/schoolspecialplan/74/2025/31.json?a=www.gaokao.cn,data/shanghai/raw/plan_api/static/2025/74.json,1
2025,综合,74,新疆大学,422981,02,物理、化学(2科必选),070201,物理学,2,3500,四年,https://static-data.gaokao.cn/www/2.0/schoolspecialplan/74/2025/31.json?a=www.gaokao.cn,data/shanghai/raw/plan_api/static/2025/74.json,1
2025,综合,74,新疆大学,422981,02,物理、化学(2科必选),080703,通信工程,2,3500,四年,https://static-data.gaokao.cn/www/2.0/schoolspecialplan/74/2025/31.json?a=www.gaokao.cn,data/shanghai/raw/plan_api/static/2025/74.json,1
2025,综合,74,新疆大学,422981,02,物理、化学(2科必选),071201,统计学,2,3500,四年,https://static-data.gaokao.cn/www/2.0/schoolspecialplan/74/2025/31.json?a=www.gaokao.cn,data/shanghai/raw/plan_api/static/2025/74.json,1
2025,综合,74,新疆大学,422981,02,物理、化学(2科必选),080911TK,网络空间安全,2,3500,四年,https://static-data.gaokao.cn/www/2.0/schoolspecialplan/74/2025/31.json?a=www.gaokao.cn,data/shanghai/raw/plan_api/static/2025/74.json,1
2025,综合,74,新疆大学,422981,02,物理、化学(2科必选),080803T,机器人工程,2,3500,四年,https://static-data.gaokao.cn/www/2.0/schoolspecialplan/74/2025/31.json?a=www.gaokao.cn,data/shanghai/raw/plan_api/static/2025/74.json,1
2025,综合,74,新疆大学,422981,02,物理、化学(2科必选),080503T,新能源科学与工程,2,3500,四年,https://static-data.gaokao.cn/www/2.0/schoolspecialplan/74/2025/31.json?a=www.gaokao.cn,data/shanghai/raw/plan_api/static/2025/74.json,1
2025,综合,74,新疆大学,422981,02,物理、化学(2科必选),081811T,智慧交通,2,3500,四年,https://static-data.gaokao.cn/www/2.0/schoolspecialplan/74/2025/31.json?a=www.gaokao.cn,data/shanghai/raw/plan_api/static/2025/74.json,1
2025,综合,74,新疆大学,422981,02,物理、化学(2科必选),080907T,智能科学与技术,2,3500,四年,https://static-data.gaokao.cn/www/2.0/schoolspecialplan/74/2025/31.json?a=www.gaokao.cn,data/shanghai/raw/plan_api/static/2025/74.json,1
2025,综合,74,新疆大学,422981,02,物理、化学(2科必选),080213T,智能制造工程,2,3500,四年,https://static-data.gaokao.cn/www/2.0/schoolspecialplan/74/2025/31.json?a=www.gaokao.cn,data/shanghai/raw/plan_api/static/2025/74.json,1
2025,综合,76,上海大学,422967,Q7,不限,130305,广播电视编导,17,13000,四年,https://static-data.gaokao.cn/www/2.0/schoolspecialplan/76/2025/31.json?a=www.gaokao.cn,data/shanghai/raw/plan_api/static/2025/76.json,0
2025,综合,76,上海大学,422967,Q7,不限,130304,戏剧影视文学,7,13000,四年,https://static-data.gaokao.cn/www/2.0/schoolspecialplan/76/2025/31.json?a=www.gaokao.cn,data/shanghai/raw/plan_api/static/2025/76.json,0
2025,综合,76,上海大学,422967,Q7,不限,130102T,艺术管理,4,13000,四年,https://static-data.gaokao.cn/www/2.0/schoolspecialplan/76/2025/31.json?a=www.gaokao.cn,data/shanghai/raw/plan_api/static/2025/76.json,0
2025,综合,76,上海大学,422979,02,物理、化学(2科必选),0807,电子信息类,287,7000,四年,https://static-data.gaokao.cn/www/2.0/schoolspecialplan/76/2025/31.json?a=www.gaokao.cn,data/shanghai/raw/plan_api/static/2025/76.json,1
2025,综合,76,上海大学,422979,02,物理、化学(2科必选),0806,电气类,269,7000,四年,https://static-data.gaokao.cn/www/2.0/schoolspecialplan/76/2025/31.json?a=www.gaokao.cn,data/shanghai/raw/plan_api/static/2025/76.json,1
2025,综合,76,上海大学,422968,03,物理必选,0201,经济学类,157,6500,四年,https://static-data.gaokao.cn/www/2.0/schoolspecialplan/76/2025/31.json?a=www.gaokao.cn,data/shanghai/raw/plan_api/static/2025/76.json,1
2025,综合,76,上海大学,422979,02,物理、化学(2科必选),0804,材料类,140,7000,四年,https://static-data.gaokao.cn/www/2.0/schoolspecialplan/76/2025/31.json?a=www.gaokao.cn,data/shanghai/raw/plan_api/static/2025/76.json,1
2025,综合,76,上海大学,422972,04,不限,2165543,文科试验班类,107,6500,四年,https://static-data.gaokao.cn/www/2.0/schoolspecialplan/76/2025/31.json?a=www.gaokao.cn,data/shanghai/raw/plan_api/static/2025/76.json,1
2025,综合,76,上海大学,422972,04,不限,919710,人文科学试验班,96,6500,四年,https://static-data.gaokao.cn/www/2.0/schoolspecialplan/76/2025/31.json?a=www.gaokao.cn,data/shanghai/raw/plan_api/static/2025/76.json,1
2025,综合,76,上海大学,422986,01,物理、化学(2科必选),080901,计算机科学与技术,90,7000,四年,https://static-data.gaokao.cn/www/2.0/schoolspecialplan/76/2025/31.json?a=www.gaokao.cn,data/shanghai/raw/plan_api/static/2025/76.json,1
2025,综合,76,上海大学,422988,Q6,不限,020301K,金融学,67,,四年,https://static-data.gaokao.cn/www/2.0/schoolspecialplan/76/2025/31.json?a=www.gaokao.cn,data/shanghai/raw/plan_api/static/2025/76.json,0
2025,综合,76,上海大学,422979,02,物理、化学(2科必选),855012,理科试验班类,67,7000,四年,https://static-data.gaokao.cn/www/2.0/schoolspecialplan/76/2025/31.json?a=www.gaokao.cn,data/shanghai/raw/plan_api/static/2025/76.json,1
2025,综合,76,上海大学,422986,01,物理、化学(2科必选),080703,通信工程,55,7000,四年,https://static-data.gaokao.cn/www/2.0/schoolspecialplan/76/2025/31.json?a=www.gaokao.cn,data/shanghai/raw/plan_api/static/2025/76.json,1
2025,综合,76,上海大学,422986,01,物理、化学(2科必选),070101,数学与应用数学,45,7000,四年,https://static-data.gaokao.cn/www/2.0/schoolspecialplan/76/2025/31.json?a=www.gaokao.cn,data/shanghai/raw/plan_api/static/2025/76.json,1
2025,综合,76,上海大学,422986,01,物理、化学(2科必选),080213T,智能制造工程,45,7700,四年,https://static-data.gaokao.cn/www/2.0/schoolspecialplan/76/2025/31.json?a=www.gaokao.cn,data/shanghai/raw/plan_api/static/2025/76.json,1
2025,综合,76,上海大学,422986,01,物理、化学(2科必选),080704,微电子科学与工程,40,7000,四年,https://static-data.gaokao.cn/www/2.0/schoolspecialplan/76/2025/31.json?a=www.gaokao.cn,data/shanghai/raw/plan_api/static/2025/76.json,1
2025,综合,76,上海大学,422968,03,物理必选,020301K,金融学,35,6500,四年,https://static-data.gaokao.cn/www/2.0/schoolspecialplan/76/2025/31.json?a=www.gaokao.cn,data/shanghai/raw/plan_api/static/2025/76.json,1
2025,综合,76,上海大学,422986,01,物理、化学(2科必选),080701,电子信息工程,35,7000,四年,https://static-data.gaokao.cn/www/2.0/schoolspecialplan/76/2025/31.json?a=www.gaokao.cn,data/shanghai/raw/plan_api/static/2025/76.json,1
2025,综合,76,上海大学,422976,05,物理、化学(2科必选),080706,信息工程,35,,四年,https://static-data.gaokao.cn/www/2.0/schoolspecialplan/76/2025/31.json?a=www.gaokao.cn,data/shanghai/raw/plan_api/static/2025/76.json,0
2025,综合,76,上海大学,422986,01,物理、化学(2科必选),080907T,智能科学与技术,35,7000,四年,https://static-data.gaokao.cn/www/2.0/schoolspecialplan/76/2025/31.json?a=www.gaokao.cn,data/shanghai/raw/plan_api/static/2025/76.json,1
2025,综合,76,上海大学,422986,01,物理、化学(2科必选),080910T,数据科学与大数据技术,35,7000,四年,https://static-data.gaokao.cn/www/2.0/schoolspecialplan/76/2025/31.json?a=www.gaokao.cn,data/shanghai/raw/plan_api/static/2025/76.json,1
2025,综合,76,上海大学,422968,03,物理必选,120203K,会计学,30,6500,四年,https://static-data.gaokao.cn/www/2.0/schoolspecialplan/76/2025/31.json?a=www.gaokao.cn,data/shanghai/raw/plan_api/static/2025/76.json,1
2025,综合,76,上海大学,422986,01,物理、化学(2科必选),080717T,人工智能,30,7000,四年,https://static-data.gaokao.cn/www/2.0/schoolspecialplan/76/2025/31.json?a=www.gaokao.cn,data/shanghai/raw/plan_api/static/2025/76.json,1
2025,综合,76,上海大学,422976,05,物理、化学(2科必选),080201,机械工程,25,,四年,https://static-data.gaokao.cn/www/2.0/schoolspecialplan/76/2025/31.json?a=www.gaokao.cn,data/shanghai/raw/plan_api/static/2025/76.json,0
2025,综合,76,上海大学,422988,Q6,不限,120201K,工商管理,24,,四年,https://static-data.gaokao.cn/www/2.0/schoolspecialplan/76/2025/31.json?a=www.gaokao.cn,data/shanghai/raw/plan_api/static/2025/76.json,0
2025,综合,76,上海大学,422988,Q6,不限,020401,国际经济与贸易,20,,四年,https://static-data.gaokao.cn/www/2.0/schoolspecialplan/76/2025/31.json?a=www.gaokao.cn,data/shanghai/raw/plan_api/static/2025/76.json,0
2025,综合,76,上海大学,422972,04,不限,050201,英语,20,6500,四年,https://static-data.gaokao.cn/www/2.0/schoolspecialplan/76/2025/31.json?a=www.gaokao.cn,data/shanghai/raw/plan_api/static/2025/76.json,1
2025,综合,76,上海大学,422976,05,物理、化学(2科必选),080601,电气工程及其自动化,15,30000,四年,https://static-data.gaokao.cn/www/2.0/schoolspecialplan/76/2025/31.json?a=www.gaokao.cn,data/shanghai/raw/plan_api/static/2025/76.json,0
2025,综合,76,上海大学,422976,05,物理、化学(2科必选),081001,土木工程,15,30000,四年,https://static-data.gaokao.cn/www/2.0/schoolspecialplan/76/2025/31.json?a=www.gaokao.cn,data/shanghai/raw/plan_api/static/2025/76.json,0
2025,综合,76,上海大学,422986,01,物理、化学(2科必选),89925,理科试验班,15,7000,四年,https://static-data.gaokao.cn/www/2.0/schoolspecialplan/76/2025/31.json?a=www.gaokao.cn,data/shanghai/raw/plan_api/static/2025/76.json,1
2025,综合,76,上海大学,422986,01,物理、化学(2科必选),080911TK,网络空间安全,15,7000,四年,https://static-data.gaokao.cn/www/2.0/schoolspecialplan/76/2025/31.json?a=www.gaokao.cn,data/shanghai/raw/plan_api/static/2025/76.json,1
2025,综合,76,上海大学,422986,01,物理、化学(2科必选),0807,电子信息类,15,7000,四年,https://static-data.gaokao.cn/www/2.0/schoolspecialplan/76/2025/31.json?a=www.gaokao.cn,data/shanghai/raw/plan_api/static/2025/76.json,1
2025,综合,76,上海大学,422976,05,物理、化学(2科必选),082502,环境工程,15,30000,四年,https://static-data.gaokao.cn/www/2.0/schoolspecialplan/76/2025/31.json?a=www.gaokao.cn,data/shanghai/raw/plan_api/static/2025/76.json,0
2025,综合,76,上海大学,422972,04,不限,030301,社会学,10,6500,四年,https://static-data.gaokao.cn/www/2.0/schoolspecialplan/76/2025/31.json?a=www.gaokao.cn,data/shanghai/raw/plan_api/static/2025/76.json,1
2025,综合,76,上海大学,422972,04,不限,050207,日语,10,6500,四年,https://static-data.gaokao.cn/www/2.0/schoolspecialplan/76/2025/31.json?a=www.gaokao.cn,data/shanghai/raw/plan_api/static/2025/76.json,1
2025,综合,76,上海大学,422979,02,物理、化学(2科必选),080703,通信工程,10,7000,四年,https://static-data.gaokao.cn/www/2.0/schoolspecialplan/76/2025/31.json?a=www.gaokao.cn,data/shanghai/raw/plan_api/static/2025/76.json,1
2025,综合,76,上海大学,422979,02,物理、化学(2科必选),080701,电子信息工程,10,7000,四年,https://static-data.gaokao.cn/www/2.0/schoolspecialplan/76/2025/31.json?a=www.gaokao.cn,data/shanghai/raw/plan_api/static/2025/76.json,1
2025,综合,76,上海大学,422976,05,物理、化学(2科必选),080401,材料科学与工程,10,,四年,https://static-data.gaokao.cn/www/2.0/schoolspecialplan/76/2025/31.json?a=www.gaokao.cn,data/shanghai/raw/plan_api/static/2025/76.json,0
2025,综合,76,上海大学,422972,04,不限,050204,法语,5,6500,四年,https://static-data.gaokao.cn/www/2.0/schoolspecialplan/76/2025/31.json?a=www.gaokao.cn,data/shanghai/raw/plan_api/static/2025/76.json,1
2025,综合,78,天津医科大学,422983,01,物、化、生(3科必选),100201K,临床医学,3,5800,五年,https://static-data.gaokao.cn/www/2.0/schoolspecialplan/78/2025/31.json?a=www.gaokao.cn,data/shanghai/raw/plan_api/static/2025/78.json,1
2025,综合,78,天津医科大学,422983,01,物、化、生(3科必选),100203TK,医学影像学,2,5800,五年,https://static-data.gaokao.cn/www/2.0/schoolspecialplan/78/2025/31.json?a=www.gaokao.cn,data/shanghai/raw/plan_api/static/2025/78.json,1
2025,综合,80,天津工业大学,423016,01,不限,020301K,金融学,2,4400,四年,https://static-data.gaokao.cn/www/2.0/schoolspecialplan/80/2025/31.json?a=www.gaokao.cn,data/shanghai/raw/plan_api/static/2025/80.json,1
2025,综合,80,天津工业大学,423023,02,物理、化学(2科必选),080902,软件工程,4,8000,四年,https://static-data.gaokao.cn/www/2.0/schoolspecialplan/80/2025/31.json?a=www.gaokao.cn,data/shanghai/raw/plan_api/static/2025/80.json,1
2025,综合,80,天津工业大学,423023,02,物理、化学(2科必选),080213T,智能制造工程,2,5400,四年,https://static-data.gaokao.cn/www/2.0/schoolspecialplan/80/2025/31.json?a=www.gaokao.cn,data/shanghai/raw/plan_api/static/2025/80.json,1
2025,综合,81,天津理工大学,423008,01,物理、化学(2科必选),080905,物联网工程,2,5400,四年,https://static-data.gaokao.cn/www/2.0/schoolspecialplan/81/2025/31.json?a=www.gaokao.cn,data/shanghai/raw/plan_api/static/2025/81.json,1
2025,综合,81,天津理工大学,423008,01,物理、化学(2科必选),080717T,人工智能,2,5400,四年,https://static-data.gaokao.cn/www/2.0/schoolspecialplan/81/2025/31.json?a=www.gaokao.cn,data/shanghai/raw/plan_api/static/2025/81.json,1
2025,综合,81,天津理工大学,423022,03,物理必选,120103,工程管理,2,4400,四年,https://static-data.gaokao.cn/www/2.0/schoolspecialplan/81/2025/31.json?a=www.gaokao.cn,data/shanghai/raw/plan_api/static/2025/81.json,1
2025,综合,81,天津理工大学,423018,02,物理、化学(2科必选),080213T,智能制造工程,2,5400,四年,https://static-data.gaokao.cn/www/2.0/schoolspecialplan/81/2025/31.json?a=www.gaokao.cn,data/shanghai/raw/plan_api/static/2025/81.json,1
2025,综合,82,天津科技大学,422996,04,不限,050103,汉语国际教育,2,4400,四年,https://static-data.gaokao.cn/www/2.0/schoolspecialplan/82/2025/31.json?a=www.gaokao.cn,data/shanghai/raw/plan_api/static/2025/82.json,1
2025,综合,82,天津科技大学,422996,04,不限,020401,国际经济与贸易,1,4400,四年,https://static-data.gaokao.cn/www/2.0/schoolspecialplan/82/2025/31.json?a=www.gaokao.cn,data/shanghai/raw/plan_api/static/2025/82.json,1
2025,综合,82,天津科技大学,422996,04,不限,050261,翻译,1,5400,四年,https://static-data.gaokao.cn/www/2.0/schoolspecialplan/82/2025/31.json?a=www.gaokao.cn,data/shanghai/raw/plan_api/static/2025/82.json,1
2025,综合,82,天津科技大学,422996,04,不限,050207,日语,1,5400,四年,https://static-data.gaokao.cn/www/2.0/schoolspecialplan/82/2025/31.json?a=www.gaokao.cn,data/shanghai/raw/plan_api/static/2025/82.json,1
2025,综合,82,天津科技大学,423017,05,物理、化学(2科必选),080901,计算机科学与技术,2,22000,四年,https://static-data.gaokao.cn/www/2.0/schoolspecialplan/82/2025/31.json?a=www.gaokao.cn,data/shanghai/raw/plan_api/static/2025/82.json,0
2025,综合,82,天津科技大学,423005,02,物理、化学(2科必选),081302,制药工程,2,5400,四年,https://static-data.gaokao.cn/www/2.0/schoolspecialplan/82/2025/31.json?a=www.gaokao.cn,data/shanghai/raw/plan_api/static/2025/82.json,1
2025,综合,82,天津科技大学,423005,02,物理、化学(2科必选),082701,食品科学与工程,2,5400,四年,https://static-data.gaokao.cn/www/2.0/schoolspecialplan/82/2025/31.json?a=www.gaokao.cn,data/shanghai/raw/plan_api/static/2025/82.json,1
2025,综合,82,天津科技大学,423000,01,物理、化学(2科必选),080206,过程装备与控制工程,1,5400,四年,https://static-data.gaokao.cn/www/2.0/schoolspecialplan/82/2025/31.json?a=www.gaokao.cn,data/shanghai/raw/plan_api/static/2025/82.json,1
2025,综合,82,天津科技大学,423000,01,物理、化学(2科必选),080801,自动化,1,5400,四年,https://static-data.gaokao.cn/www/2.0/schoolspecialplan/82/2025/31.json?a=www.gaokao.cn,data/shanghai/raw/plan_api/static/2025/82.json,1
2025,综合,82,天津科技大学,423021,03,物理必选,120701,工业工程,1,4400,四年,https://static-data.gaokao.cn/www/2.0/schoolspecialplan/82/2025/31.json?a=www.gaokao.cn,data/shanghai/raw/plan_api/static/2025/82.json,1
2025,综合,82,天津科技大学,423028,06,不限,120204,财务管理,1,25000,四年,https://static-data.gaokao.cn/www/2.0/schoolspecialplan/82/2025/31.json?a=www.gaokao.cn,data/shanghai/raw/plan_api/static/2025/82.json,0
2025,综合,82,天津科技大学,423021,03,物理必选,020302,金融工程,1,4400,四年,https://static-data.gaokao.cn/www/2.0/schoolspecialplan/82/2025/31.json?a=www.gaokao.cn,data/shanghai/raw/plan_api/static/2025/82.json,1
2025,综合,82,天津科技大学,423000,01,物理、化学(2科必选),080902,软件工程,1,5400,四年,https://static-data.gaokao.cn/www/2.0/schoolspecialplan/82/2025/31.json?a=www.gaokao.cn,data/shanghai/raw/plan_api/static/2025/82.json,1
2025,综合,82,天津科技大学,423000,01,物理、化学(2科必选),080905,物联网工程,1,5400,四年,https://static-data.gaokao.cn/www/2.0/schoolspecialplan/82/2025/31.json?a=www.gaokao.cn,data/shanghai/raw/plan_api/static/2025/82.json,1
2025,综合,82,天津科技大学,423005,02,物理、化学(2科必选),082502,环境工程,1,5400,四年,https://static-data.gaokao.cn/www/2.0/schoolspecialplan/82/2025/31.json?a=www.gaokao.cn,data/shanghai/raw/plan_api/static/2025/82.json,1
2025,综合,82,天津科技大学,423005,02,物理、化学(2科必选),082702,食品质量与安全,1,5400,四年,https://static-data.gaokao.cn/www/2.0/schoolspecialplan/82/2025/31.json?a=www.gaokao.cn,data/shanghai/raw/plan_api/static/2025/82.json,1
2025,综合,82,天津科技大学,423000,01,物理、化学(2科必选),080803T,机器人工程,1,5400,四年,https://static-data.gaokao.cn/www/2.0/schoolspecialplan/82/2025/31.json?a=www.gaokao.cn,data/shanghai/raw/plan_api/static/2025/82.json,1
2025,综合,82,天津科技大学,423000,01,物理、化学(2科必选),080704,微电子科学与工程,1,5400,四年,https://static-data.gaokao.cn/www/2.0/schoolspecialplan/82/2025/31.json?a=www.gaokao.cn,data/shanghai/raw/plan_api/static/2025/82.json,1
2025,综合,82,天津科技大学,423000,01,物理、化学(2科必选),080213T,智能制造工程,1,5400,四年,https://static-data.gaokao.cn/www/2.0/schoolspecialplan/82/2025/31.json?a=www.gaokao.cn,data/shanghai/raw/plan_api/static/2025/82.json,1
2025,综合,82,天津科技大学,423000,01,物理、化学(2科必选),080717T,人工智能,1,5400,四年,https://static-data.gaokao.cn/www/2.0/schoolspecialplan/82/2025/31.json?a=www.gaokao.cn,data/shanghai/raw/plan_api/static/2025/82.json,1
2025,综合,84,天津财经大学,423014,01,不限,020101,经济学,3,4400,四年,https://static-data.gaokao.cn/www/2.0/schoolspecialplan/84/2025/31.json?a=www.gaokao.cn,data/shanghai/raw/plan_api/static/2025/84.json,1
2025,综合,84,天津财经大学,423014,01,不限,020301K,金融学,3,4400,四年,https://static-data.gaokao.cn/www/2.0/schoolspecialplan/84/2025/31.json?a=www.gaokao.cn,data/shanghai/raw/plan_api/static/2025/84.json,1
2025,综合,84,天津财经大学,423014,01,不限,120203K,会计学,2,4400,四年,https://static-data.gaokao.cn/www/2.0/schoolspecialplan/84/2025/31.json?a=www.gaokao.cn,data/shanghai/raw/plan_api/static/2025/84.json,1
2025,综合,84,天津财经大学,423014,01,不限,0202,财政学类,2,4400,四年,https://static-data.gaokao.cn/www/2.0/schoolspecialplan/84/2025/31.json?a=www.gaokao.cn,data/shanghai/raw/plan_api/static/2025/84.json,1
2025,综合,84,天津财经大学,423015,02,物理必选,020102,经济统计学,4,4400,四年,https://static-data.gaokao.cn/www/2.0/schoolspecialplan/84/2025/31.json?a=www.gaokao.cn,data/shanghai/raw/plan_api/static/2025/84.json,1
2025,综合,84,天津财经大学,423015,02,物理必选,020305T,金融数学,2,4400,四年,https://static-data.gaokao.cn/www/2.0/schoolspecialplan/84/2025/31.json?a=www.gaokao.cn,data/shanghai/raw/plan_api/static/2025/84.json,1
2025,综合,84,天津财经大学,423015,02,物理必选,020109T,数字经济,2,4400,四年,https://static-data.gaokao.cn/www/2.0/schoolspecialplan/84/2025/31.json?a=www.gaokao.cn,data/shanghai/raw/plan_api/static/2025/84.json,1
2025,综合,86,江南大学,422995,04,物理必选,020109T,数字经济,2,5200,四年,https://static-data.gaokao.cn/www/2.0/schoolspecialplan/86/2025/31.json?a=www.gaokao.cn,data/shanghai/raw/plan_api/static/2025/86.json,1
2025,综合,86,江南大学,423010,12,不限,120201K,工商管理,8,26400,四年,https://static-data.gaokao.cn/www/2.0/schoolspecialplan/86/2025/31.json?a=www.gaokao.cn,data/shanghai/raw/plan_api/static/2025/86.json,0
2025,综合,86,江南大学,423013,14,物理、化学(2科必选),082701,食品科学与工程,8,26400,四年,https://static-data.gaokao.cn/www/2.0/schoolspecialplan/86/2025/31.json?a=www.gaokao.cn,data/shanghai/raw/plan_api/static/2025/86.json,0
2025,综合,86,江南大学,423002,05,物理、化学(2科必选),082702,食品质量与安全,4,6380,四年,https://static-data.gaokao.cn/www/2.0/schoolspecialplan/86/2025/31.json?a=www.gaokao.cn,data/shanghai/raw/plan_api/static/2025/86.json,1
2025,综合,86,江南大学,423031,13,物理必选,120108T,大数据管理与应用,4,26400,四年,https://static-data.gaokao.cn/www/2.0/schoolspecialplan/86/2025/31.json?a=www.gaokao.cn,data/shanghai/raw/plan_api/static/2025/86.json,0
2025,综合,86,江南大学,423024,06,物理、化学(2科必选),083001,生物工程,3,6380,四年,https://static-data.gaokao.cn/www/2.0/schoolspecialplan/86/2025/31.json?a=www.gaokao.cn,data/shanghai/raw/plan_api/static/2025/86.json,1
2025,综合,86,江南大学,423002,05,物理、化学(2科必选),082710T,食品营养与健康,3,5800,四年,https://static-data.gaokao.cn/www/2.0/schoolspecialplan/86/2025/31.json?a=www.gaokao.cn,data/shanghai/raw/plan_api/static/2025/86.json,1
2025,综合,86,江南大学,423029,10,物理、化学(2科必选),080201,机械工程,2,5800,四年,https://static-data.gaokao.cn/www/2.0/schoolspecialplan/86/2025/31.json?a=www.gaokao.cn,data/shanghai/raw/plan_api/static/2025/86.json,1
2025,综合,86,江南大学,423001,02,不限,050201,英语,2,5200,四年,https://static-data.gaokao.cn/www/2.0/schoolspecialplan/86/2025/31.json?a=www.gaokao.cn,data/shanghai/raw/plan_api/static/2025/86.json,1
2025,综合,86,江南大学,423003,11,物理、化学(2科必选),080205,工业设计,2,5800,四年,https://static-data.gaokao.cn/www/2.0/schoolspecialplan/86/2025/31.json?a=www.gaokao.cn,data/shanghai/raw/plan_api/static/2025/86.json,1
2025,综合,86,江南大学,422999,01,不限,020301K,金融学,2,5200,四年,https://static-data.gaokao.cn/www/2.0/schoolspecialplan/86/2025/31.json?a=www.gaokao.cn,data/shanghai/raw/plan_api/static/2025/86.json,1
2025,综合,86,江南大学,422999,01,不限,120203K,会计学,2,5200,四年,https://static-data.gaokao.cn/www/2.0/schoolspecialplan/86/2025/31.json?a=www.gaokao.cn,data/shanghai/raw/plan_api/static/2025/86.json,1
2025,综合,86,江南大学,422998,08,物理、化学(2科必选),071002,生物技术,2,6050,四年,https://static-data.gaokao.cn/www/2.0/schoolspecialplan/86/2025/31.json?a=www.gaokao.cn,data/shanghai/raw/plan_api/static/2025/86.json,1
2025,综合,86,江南大学,423025,09,物理、化学(2科必选),070302,应用化学,2,6050,四年,https://static-data.gaokao.cn/www/2.0/schoolspecialplan/86/2025/31.json?a=www.gaokao.cn,data/shanghai/raw/plan_api/static/2025/86.json,1
2025,综合,86,江南大学,423002,05,物理、化学(2科必选),082701,食品科学与工程,2,6380,四年,https://static-data.gaokao.cn/www/2.0/schoolspecialplan/86/2025/31.json?a=www.gaokao.cn,data/shanghai/raw/plan_api/static/2025/86.json,1
2025,综合,86,江南大学,423019,07,物理、化学(2科必选),083001,生物工程,2,6380,四年,https://static-data.gaokao.cn/www/2.0/schoolspecialplan/86/2025/31.json?a=www.gaokao.cn,data/shanghai/raw/plan_api/static/2025/86.json,1
2025,综合,86,江南大学,423020,03,思想政治必选,030503,思想政治教育,2,5200,四年,https://static-data.gaokao.cn/www/2.0/schoolspecialplan/86/2025/31.json?a=www.gaokao.cn,data/shanghai/raw/plan_api/static/2025/86.json,1
2025,综合,86,江南大学,423024,06,物理、化学(2科必选),083003T,合成生物学,2,5800,四年,https://static-data.gaokao.cn/www/2.0/schoolspecialplan/86/2025/31.json?a=www.gaokao.cn,data/shanghai/raw/plan_api/static/2025/86.json,1
2025,综合,86,江南大学,423003,11,物理、化学(2科必选),080218T,智能交互设计,2,5800,四年,https://static-data.gaokao.cn/www/2.0/schoolspecialplan/86/2025/31.json?a=www.gaokao.cn,data/shanghai/raw/plan_api/static/2025/86.json,1
2025,综合,87,天津外国语大学,422994,01,不限,050207,日语,1,5400,四年,https://static-data.gaokao.cn/www/2.0/schoolspecialplan/87/2025/31.json?a=www.gaokao.cn,data/shanghai/raw/plan_api/static/2025/87.json,1
2025,综合,87,天津外国语大学,422994,01,不限,050209,朝鲜语,1,5400,四年,https://static-data.gaokao.cn/www/2.0/schoolspecialplan/87/2025/31.json?a=www.gaokao.cn,data/shanghai/raw/plan_api/static/2025/87.json,1
2025,综合,87,天津外国语大学,423027,02,不限,050224,豪萨语,1,5400,四年,https://static-data.gaokao.cn/www/2.0/schoolspecialplan/87/2025/31.json?a=www.gaokao.cn,data/shanghai/raw/plan_api/static/2025/87.json,1
2025,综合,88,中国民航大学,423006,04,物理、化学(2科必选),102237,工科试验班,2,5800,四年,https://static-data.gaokao.cn/www/2.0/schoolspecialplan/88/2025/31.json?a=www.gaokao.cn,data/shanghai/raw/plan_api/static/2025/88.json,1
2025,综合,88,中国民航大学,423006,04,物理、化学(2科必选),080904K,信息安全,5,5800,四年,https://static-data.gaokao.cn/www/2.0/schoolspecialplan/88/2025/31.json?a=www.gaokao.cn,data/shanghai/raw/plan_api/static/2025/88.json,1
2025,综合,88,中国民航大学,423006,04,物理、化学(2科必选),082009T,无人驾驶航空器系统工程,5,5800,四年,https://static-data.gaokao.cn/www/2.0/schoolspecialplan/88/2025/31.json?a=www.gaokao.cn,data/shanghai/raw/plan_api/static/2025/88.json,1
2025,综合,88,中国民航大学,423006,04,物理、化学(2科必选),081802,交通工程,4,5800,四年,https://static-data.gaokao.cn/www/2.0/schoolspecialplan/88/2025/31.json?a=www.gaokao.cn,data/shanghai/raw/plan_api/static/2025/88.json,1
2025,综合,88,中国民航大学,423006,04,物理、化学(2科必选),070602,应用气象学,4,5800,四年,https://static-data.gaokao.cn/www/2.0/schoolspecialplan/88/2025/31.json?a=www.gaokao.cn,data/shanghai/raw/plan_api/static/2025/88.json,1
2025,综合,88,中国民航大学,423006,04,物理、化学(2科必选),082012T,飞行器运维工程,4,5800,四年,https://static-data.gaokao.cn/www/2.0/schoolspecialplan/88/2025/31.json?a=www.gaokao.cn,data/shanghai/raw/plan_api/static/2025/88.json,1
2025,综合,88,中国民航大学,423006,04,物理、化学(2科必选),082007T,飞行器适航技术,3,5800,四年,https://static-data.gaokao.cn/www/2.0/schoolspecialplan/88/2025/31.json?a=www.gaokao.cn,data/shanghai/raw/plan_api/static/2025/88.json,1
2025,综合,88,中国民航大学,423006,04,物理、化学(2科必选),082006T,飞行器质量与可靠性,3,5800,四年,https://static-data.gaokao.cn/www/2.0/schoolspecialplan/88/2025/31.json?a=www.gaokao.cn,data/shanghai/raw/plan_api/static/2025/88.json,1
2025,综合,88,中国民航大学,423006,04,物理、化学(2科必选),081001,土木工程,2,5800,四年,https://static-data.gaokao.cn/www/2.0/schoolspecialplan/88/2025/31.json?a=www.gaokao.cn,data/shanghai/raw/plan_api/static/2025/88.json,1
2025,综合,88,中国民航大学,423006,04,物理、化学(2科必选),080402,材料物理,2,5800,四年,https://static-data.gaokao.cn/www/2.0/schoolspecialplan/88/2025/31.json?a=www.gaokao.cn,data/shanghai/raw/plan_api/static/2025/88.json,1
2025,综合,88,中国民航大学,423006,04,物理、化学(2科必选),070102,信息与计算科学,2,5800,四年,https://static-data.gaokao.cn/www/2.0/schoolspecialplan/88/2025/31.json?a=www.gaokao.cn,data/shanghai/raw/plan_api/static/2025/88.json,1
2025,综合,88,中国民航大学,423006,04,物理、化学(2科必选),071201,统计学,2,5800,四年,https://static-data.gaokao.cn/www/2.0/schoolspecialplan/88/2025/31.json?a=www.gaokao.cn,data/shanghai/raw/plan_api/static/2025/88.json,1
2025,综合,88,中国民航大学,423006,04,物理、化学(2科必选),080403,材料化学,1,5800,四年,https://static-data.gaokao.cn/www/2.0/schoolspecialplan/88/2025/31.json?a=www.gaokao.cn,data/shanghai/raw/plan_api/static/2025/88.json,1
2025,综合,88,中国民航大学,423026,02,物理必选,120407T,交通管理,8,5200,四年,https://static-data.gaokao.cn/www/2.0/schoolspecialplan/88/2025/31.json?a=www.gaokao.cn,data/shanghai/raw/plan_api/static/2025/88.json,1
2025,综合,88,中国民航大学,423009,01,不限,1202,工商管理类,8,5200,四年,https://static-data.gaokao.cn/www/2.0/schoolspecialplan/88/2025/31.json?a=www.gaokao.cn,data/shanghai/raw/plan_api/static/2025/88.json,1
2025,综合,88,中国民航大学,423009,01,不限,050201,英语,4,5800,四年,https://static-data.gaokao.cn/www/2.0/schoolspecialplan/88/2025/31.json?a=www.gaokao.cn,data/shanghai/raw/plan_api/static/2025/88.json,1
2025,综合,88,中国民航大学,423026,02,物理必选,120601,物流管理,2,5200,四年,https://static-data.gaokao.cn/www/2.0/schoolspecialplan/88/2025/31.json?a=www.gaokao.cn,data/shanghai/raw/plan_api/static/2025/88.json,1
2025,综合,88,中国民航大学,423009,01,不限,050204,法语,2,5800,四年,https://static-data.gaokao.cn/www/2.0/schoolspecialplan/88/2025/31.json?a=www.gaokao.cn,data/shanghai/raw/plan_api/static/2025/88.json,1
2025,综合,88,中国民航大学,423009,01,不限,030101K,法学,1,5200,四年,https://static-data.gaokao.cn/www/2.0/schoolspecialplan/88/2025/31.json?a=www.gaokao.cn,data/shanghai/raw/plan_api/static/2025/88.json,1
2025,综合,88,中国民航大学,423009,01,不限,071102,应用心理学,1,5800,四年,https://static-data.gaokao.cn/www/2.0/schoolspecialplan/88/2025/31.json?a=www.gaokao.cn,data/shanghai/raw/plan_api/static/2025/88.json,1
2025,综合,88,中国民航大学,423030,03,思想政治必选,030503,思想政治教育,1,5200,四年,https://static-data.gaokao.cn/www/2.0/schoolspecialplan/88/2025/31.json?a=www.gaokao.cn,data/shanghai/raw/plan_api/static/2025/88.json,1
2025,综合,88,中国民航大学,423009,01,不限,050261,翻译,1,5800,四年,https://static-data.gaokao.cn/www/2.0/schoolspecialplan/88/2025/31.json?a=www.gaokao.cn,data/shanghai/raw/plan_api/static/2025/88.json,1
2025,综合,88,中国民航大学,423009,01,不限,120419TK,航空安防管理,1,5200,四年,https://static-data.gaokao.cn/www/2.0/schoolspecialplan/88/2025/31.json?a=www.gaokao.cn,data/shanghai/raw/plan_api/static/2025/88.json,1
2025,综合,89,天津中医药大学,422997,01,化学必选,1011,护理学类,4,5800,四年,https://static-data.gaokao.cn/www/2.0/schoolspecialplan/89/2025/31.json?a=www.gaokao.cn,data/shanghai/raw/plan_api/static/2025/89.json,1
2025,综合,89,天津中医药大学,423012,02,物理、化学(2科必选),1005,中医学类,7,5800,五年,https://static-data.gaokao.cn/www/2.0/schoolspecialplan/89/2025/31.json?a=www.gaokao.cn,data/shanghai/raw/plan_api/static/2025/89.json,1
2025,综合,89,天津中医药大学,423007,04,物理、化学(2科必选),100703TK,临床药学,4,28000,五年,https://static-data.gaokao.cn/www/2.0/schoolspecialplan/89/2025/31.json?a=www.gaokao.cn,data/shanghai/raw/plan_api/static/2025/89.json,0
2025,综合,89,天津中医药大学,423011,03,物理、化学(2科必选),1008,中药学类,3,5800,四年,https://static-data.gaokao.cn/www/2.0/schoolspecialplan/89/2025/31.json?a=www.gaokao.cn,data/shanghai/raw/plan_api/static/2025/89.json,1
2025,综合,89,天津中医药大学,423011,03,物理、化学(2科必选),1007,药学类,3,5800,四年,https://static-data.gaokao.cn/www/2.0/schoolspecialplan/89/2025/31.json?a=www.gaokao.cn,data/shanghai/raw/plan_api/static/2025/89.json,1
2025,综合,89,天津中医药大学,423011,03,物理、化学(2科必选),100703TK,临床药学,2,5800,五年,https://static-data.gaokao.cn/www/2.0/schoolspecialplan/89/2025/31.json?a=www.gaokao.cn,data/shanghai/raw/plan_api/static/2025/89.json,1
2025,综合,89,天津中医药大学,423012,02,物理、化学(2科必选),100501K,中医学,2,5800,五年,https://static-data.gaokao.cn/www/2.0/schoolspecialplan/89/2025/31.json?a=www.gaokao.cn,data/shanghai/raw/plan_api/static/2025/89.json,1
2025,综合,91,天津城建大学,423033,02,地理必选,070504,地理信息科学,1,5400,四年,https://static-data.gaokao.cn/www/2.0/schoolspecialplan/91/2025/31.json?a=www.gaokao.cn,data/shanghai/raw/plan_api/static/2025/91.json,1
2025,综合,91,天津城建大学,423034,03,物理、化学(2科必选),070202,应用物理学,1,5400,四年,https://static-data.gaokao.cn/www/2.0/schoolspecialplan/91/2025/31.json?a=www.gaokao.cn,data/shanghai/raw/plan_api/static/2025/91.json,1
2025,综合,91,天津城建大学,423048,01,不限,082801,建筑学,1,5400,五年,https://static-data.gaokao.cn/www/2.0/schoolspecialplan/91/2025/31.json?a=www.gaokao.cn,data/shanghai/raw/plan_api/static/2025/91.json,1
2025,综合,91,天津城建大学,423048,01,不限,082803,风景园林,1,5400,四年,https://static-data.gaokao.cn/www/2.0/schoolspecialplan/91/2025/31.json?a=www.gaokao.cn,data/shanghai/raw/plan_api/static/2025/91.json,1
2025,综合,91,天津城建大学,423034,03,物理、化学(2科必选),081103,港口航道与海岸工程,1,5400,四年,https://static-data.gaokao.cn/www/2.0/schoolspecialplan/91/2025/31.json?a=www.gaokao.cn,data/shanghai/raw/plan_api/static/2025/91.json,1
2025,综合,91,天津城建大学,423034,03,物理、化学(2科必选),081005T,城市地下空间工程,1,5400,四年,https://static-data.gaokao.cn/www/2.0/schoolspecialplan/91/2025/31.json?a=www.gaokao.cn,data/shanghai/raw/plan_api/static/2025/91.json,1
2025,综合,91,天津城建大学,423048,01,不限,020304,投资学,1,4400,四年,https://static-data.gaokao.cn/www/2.0/schoolspecialplan/91/2025/31.json?a=www.gaokao.cn,data/shanghai/raw/plan_api/static/2025/91.json,1
2025,综合,91,天津城建大学,423034,03,物理、化学(2科必选),080601,电气工程及其自动化,1,5400,四年,https://static-data.gaokao.cn/www/2.0/schoolspecialplan/91/2025/31.json?a=www.gaokao.cn,data/shanghai/raw/plan_api/static/2025/91.json,1
2025,综合,91,天津城建大学,423034,03,物理、化学(2科必选),081003,给排水科学与工程,1,5400,四年,https://static-data.gaokao.cn/www/2.0/schoolspecialplan/91/2025/31.json?a=www.gaokao.cn,data/shanghai/raw/plan_api/static/2025/91.json,1
2025,综合,91,天津城建大学,423034,03,物理、化学(2科必选),0809,计算机类,1,5400,四年,https://static-data.gaokao.cn/www/2.0/schoolspecialplan/91/2025/31.json?a=www.gaokao.cn,data/shanghai/raw/plan_api/static/2025/91.json,1
2025,综合,91,天津城建大学,423034,03,物理、化学(2科必选),081202,遥感科学与技术,1,5400,四年,https://static-data.gaokao.cn/www/2.0/schoolspecialplan/91/2025/31.json?a=www.gaokao.cn,data/shanghai/raw/plan_api/static/2025/91.json,1
2025,综合,96,广西大学,423042,01,物理必选,020301K,金融学,5,5984,四年,https://static-data.gaokao.cn/www/2.0/schoolspecialplan/96/2025/31.json?a=www.gaokao.cn,data/shanghai/raw/plan_api/static/2025/96.json,1
2025,综合,96,广西大学,423042,01,物理必选,120203K,会计学,5,5971,四年,https://static-data.gaokao.cn/www/2.0/schoolspecialplan/96/2025/31.json?a=www.gaokao.cn,data/shanghai/raw/plan_api/static/2025/96.json,1
2025,综合,97,兰州大学,423035,01,不限,1202,工商管理类,2,5500,四年,https://static-data.gaokao.cn/www/2.0/schoolspecialplan/97/2025/31.json?a=www.gaokao.cn,data/shanghai/raw/plan_api/static/2025/97.json,1
2025,综合,97,兰州大学,423035,01,不限,0201,经济学类,3,5500,四年,https://static-data.gaokao.cn/www/2.0/schoolspecialplan/97/2025/31.json?a=www.gaokao.cn,data/shanghai/raw/plan_api/static/2025/97.json,1
2025,综合,97,兰州大学,423035,01,不限,0503,新闻传播学类,2,5500,四年,https://static-data.gaokao.cn/www/2.0/schoolspecialplan/97/2025/31.json?a=www.gaokao.cn,data/shanghai/raw/plan_api/static/2025/97.json,1
2025,综合,97,兰州大学,423035,01,不限,020301K,金融学,1,5500,四年,https://static-data.gaokao.cn/www/2.0/schoolspecialplan/97/2025/31.json?a=www.gaokao.cn,data/shanghai/raw/plan_api/static/2025/97.json,1
2025,综合,97,兰州大学,423035,01,不限,030101K,法学,1,5500,四年,https://static-data.gaokao.cn/www/2.0/schoolspecialplan/97/2025/31.json?a=www.gaokao.cn,data/shanghai/raw/plan_api/static/2025/97.json,1
2025,综合,97,兰州大学,423039,03,物理、化学(2科必选),0804,材料类,4,5800,四年,https://static-data.gaokao.cn/www/2.0/schoolspecialplan/97/2025/31.json?a=www.gaokao.cn,data/shanghai/raw/plan_api/static/2025/97.json,1
2025,综合,97,兰州大学,423039,03,物理、化学(2科必选),0807,电子信息类,4,5800,四年,https://static-data.gaokao.cn/www/2.0/schoolspecialplan/97/2025/31.json?a=www.gaokao.cn,data/shanghai/raw/plan_api/static/2025/97.json,1
2025,综合,97,兰州大学,423039,03,物理、化学(2科必选),0809,计算机类,4,5800,四年,https://static-data.gaokao.cn/www/2.0/schoolspecialplan/97/2025/31.json?a=www.gaokao.cn,data/shanghai/raw/plan_api/static/2025/97.json,1
2025,综合,97,兰州大学,423039,03,物理、化学(2科必选),0702,物理学类,3,5800,四年,https://static-data.gaokao.cn/www/2.0/schoolspecialplan/97/2025/31.json?a=www.gaokao.cn,data/shanghai/raw/plan_api/static/2025/97.json,1
2025,综合,97,兰州大学,423039,03,物理、化学(2科必选),0703,化学类,3,5800,四年,https://static-data.gaokao.cn/www/2.0/schoolspecialplan/97/2025/31.json?a=www.gaokao.cn,data/shanghai/raw/plan_api/static/2025/97.json,1
2025,综合,97,兰州大学,423039,03,物理、化学(2科必选),070102,信息与计算科学,2,5800,四年,https://static-data.gaokao.cn/www/2.0/schoolspecialplan/97/2025/31.json?a=www.gaokao.cn,data/shanghai/raw/plan_api/static/2025/97.json,1
2025,综合,97,兰州大学,423046,02,历史必选,050101,汉语言文学,2,5000,四年,https://static-data.gaokao.cn/www/2.0/schoolspecialplan/97/2025/31.json?a=www.gaokao.cn,data/shanghai/raw/plan_api/static/2025/97.json,1
2025,综合,97,兰州大学,423039,03,物理、化学(2科必选),080906,数字媒体技术,2,5800,四年,https://static-data.gaokao.cn/www/2.0/schoolspecialplan/97/2025/31.json?a=www.gaokao.cn,data/shanghai/raw/plan_api/static/2025/97.json,1
2025,综合,98,华南师范大学,423041,01,不限,050304,传播学,2,6060,四年,https://static-data.gaokao.cn/www/2.0/schoolspecialplan/98/2025/31.json?a=www.gaokao.cn,data/shanghai/raw/plan_api/static/2025/98.json,1
2025,综合,98,华南师范大学,423041,01,不限,020301K,金融学,2,6060,四年,https://static-data.gaokao.cn/www/2.0/schoolspecialplan/98/2025/31.json?a=www.gaokao.cn,data/shanghai/raw/plan_api/static/2025/98.json,1
2025,综合,98,华南师范大学,423041,01,不限,010101,哲学,2,6060,四年,https://static-data.gaokao.cn/www/2.0/schoolspecialplan/98/2025/31.json?a=www.gaokao.cn,data/shanghai/raw/plan_api/static/2025/98.json,1
2025,综合,98,华南师范大学,423045,02,物理必选,071101,心理学,2,6850,四年,https://static-data.gaokao.cn/www/2.0/schoolspecialplan/98/2025/31.json?a=www.gaokao.cn,data/shanghai/raw/plan_api/static/2025/98.json,1
2025,综合,99,四川大学,423032,04,物理必选,0203,金融学类,3,6000,四年,https://static-data.gaokao.cn/www/2.0/schoolspecialplan/99/2025/31.json?a=www.gaokao.cn,data/shanghai/raw/plan_api/static/2025/99.json,1
2025,综合,99,四川大学,423032,04,物理必选,1201,管理科学与工程类,2,6000,四年,https://static-data.gaokao.cn/www/2.0/schoolspecialplan/99/2025/31.json?a=www.gaokao.cn,data/shanghai/raw/plan_api/static/2025/99.json,1
2025,综合,99,四川大学,423044,05,不限,2046978,人文科学试验班,5,6000,四年,https://static-data.gaokao.cn/www/2.0/schoolspecialplan/99/2025/31.json?a=www.gaokao.cn,data/shanghai/raw/plan_api/static/2025/99.json,1
2025,综合,99,四川大学,423038,02,物理、化学(2科必选),100201K,临床医学,4,7250,五年,https://static-data.gaokao.cn/www/2.0/schoolspecialplan/99/2025/31.json?a=www.gaokao.cn,data/shanghai/raw/plan_api/static/2025/99.json,1
2025,综合,99,四川大学,423047,06,物理、化学(2科必选),080601,电气工程及其自动化,4,80000,四年,https://static-data.gaokao.cn/www/2.0/schoolspecialplan/99/2025/31.json?a=www.gaokao.cn,data/shanghai/raw/plan_api/static/2025/99.json,0
2025,综合,99,四川大学,423044,05,不限,1204,公共管理类,4,6000,四年,https://static-data.gaokao.cn/www/2.0/schoolspecialplan/99/2025/31.json?a=www.gaokao.cn,data/shanghai/raw/plan_api/static/2025/99.json,1
2025,综合,99,四川大学,423049,01,物理、化学(2科必选),0807,电子信息类,3,6500,四年,https://static-data.gaokao.cn/www/2.0/schoolspecialplan/99/2025/31.json?a=www.gaokao.cn,data/shanghai/raw/plan_api/static/2025/99.json,1
2025,综合,99,四川大学,423044,05,不限,0502,外国语言文学类,3,6000,四年,https://static-data.gaokao.cn/www/2.0/schoolspecialplan/99/2025/31.json?a=www.gaokao.cn,data/shanghai/raw/plan_api/static/2025/99.json,1
2025,综合,99,四川大学,423038,02,物理、化学(2科必选),100301K,口腔医学,2,7250,五年,https://static-data.gaokao.cn/www/2.0/schoolspecialplan/99/2025/31.json?a=www.gaokao.cn,data/shanghai/raw/plan_api/static/2025/99.json,1
2025,综合,99,四川大学,423043,03,物理、化学(2科必选),100201K,临床医学,2,7250,八年,https://static-data.gaokao.cn/www/2.0/schoolspecialplan/99/2025/31.json?a=www.gaokao.cn,data/shanghai/raw/plan_api/static/2025/99.json,1
2025,综合,99,四川大学,423049,01,物理、化学(2科必选),0806,电气类,2,6500,四年,https://static-data.gaokao.cn/www/2.0/schoolspecialplan/99/2025/31.json?a=www.gaokao.cn,data/shanghai/raw/plan_api/static/2025/99.json,1
2025,综合,100,四川农业大学,423051,01,物理、化学(2科必选),090401,动物医学,3,5760,五年,https://static-data.gaokao.cn/www/2.0/schoolspecialplan/100/2025/31.json?a=www.gaokao.cn,data/shanghai/raw/plan_api/static/2025/100.json,1
2025,综合,100,四川农业大学,423051,01,物理、化学(2科必选),082702,食品质量与安全,2,6240,四年,https://static-data.gaokao.cn/www/2.0/schoolspecialplan/100/2025/31.json?a=www.gaokao.cn,data/shanghai/raw/plan_api/static/2025/100.json,1
2025,综合,100,四川农业大学,423051,01,物理、化学(2科必选),090107T,茶学,2,5760,四年,https://static-data.gaokao.cn/www/2.0/schoolspecialplan/100/2025/31.json?a=www.gaokao.cn,data/shanghai/raw/plan_api/static/2025/100.json,1
2025,综合,101,西南财经大学,423059,05,物理必选,120601,物流管理,4,76000,四年,https://static-data.gaokao.cn/www/2.0/schoolspecialplan/101/2025/31.json?a=www.gaokao.cn,data/shanghai/raw/plan_api/static/2025/101.json,0
2025,综合,101,西南财经大学,423059,05,物理必选,120102,信息管理与信息系统,2,76000,四年,https://static-data.gaokao.cn/www/2.0/schoolspecialplan/101/2025/31.json?a=www.gaokao.cn,data/shanghai/raw/plan_api/static/2025/101.json,0
2025,综合,101,西南财经大学,423059,05,物理必选,020305T,金融数学,2,76000,四年,https://static-data.gaokao.cn/www/2.0/schoolspecialplan/101/2025/31.json?a=www.gaokao.cn,data/shanghai/raw/plan_api/static/2025/101.json,0
2025,综合,101,西南财经大学,423071,04,不限,120203K,会计学,4,98000,四年,https://static-data.gaokao.cn/www/2.0/schoolspecialplan/101/2025/31.json?a=www.gaokao.cn,data/shanghai/raw/plan_api/static/2025/101.json,0
2025,综合,101,西南财经大学,423071,04,不限,120202,市场营销,3,98000,四年,https://static-data.gaokao.cn/www/2.0/schoolspecialplan/101/2025/31.json?a=www.gaokao.cn,data/shanghai/raw/plan_api/static/2025/101.json,0
2025,综合,101,西南财经大学,423071,04,不限,120205,国际商务,3,98000,四年,https://static-data.gaokao.cn/www/2.0/schoolspecialplan/101/2025/31.json?a=www.gaokao.cn,data/shanghai/raw/plan_api/static/2025/101.json,0
2025,综合,101,西南财经大学,423060,01,不限,020301K,金融学,1,8000,四年,https://static-data.gaokao.cn/www/2.0/schoolspecialplan/101/2025/31.json?a=www.gaokao.cn,data/shanghai/raw/plan_api/static/2025/101.json,1
2025,综合,101,西南财经大学,423068,02,物理必选,020302,金融工程,1,5760,四年,https://static-data.gaokao.cn/www/2.0/schoolspecialplan/101/2025/31.json?a=www.gaokao.cn,data/shanghai/raw/plan_api/static/2025/101.json,1
2025,综合,101,西南财经大学,423060,01,不限,030101K,法学,1,5760,四年,https://static-data.gaokao.cn/www/2.0/schoolspecialplan/101/2025/31.json?a=www.gaokao.cn,data/shanghai/raw/plan_api/static/2025/101.json,1
2025,综合,101,西南财经大学,423066,03,物理、化学(2科必选),070101,数学与应用数学,1,6240,四年,https://static-data.gaokao.cn/www/2.0/schoolspecialplan/101/2025/31.json?a=www.gaokao.cn,data/shanghai/raw/plan_api/static/2025/101.json,1
2025,综合,101,西南财经大学,423060,01,不限,120203K,会计学,1,8000,四年,https://static-data.gaokao.cn/www/2.0/schoolspecialplan/101/2025/31.json?a=www.gaokao.cn,data/shanghai/raw/plan_api/static/2025/101.json,1
2025,综合,101,西南财经大学,423066,03,物理、化学(2科必选),080901,计算机科学与技术,1,6240,四年,https://static-data.gaokao.cn/www/2.0/schoolspecialplan/101/2025/31.json?a=www.gaokao.cn,data/shanghai/raw/plan_api/static/2025/101.json,1
2025,综合,101,西南财经大学,423068,02,物理必选,020308T,精算学,1,5760,四年,https://static-data.gaokao.cn/www/2.0/schoolspecialplan/101/2025/31.json?a=www.gaokao.cn,data/shanghai/raw/plan_api/static/2025/101.json,1
2025,综合,101,西南财经大学,423060,01,不限,1202,工商管理类,1,5760,四年,https://static-data.gaokao.cn/www/2.0/schoolspecialplan/101/2025/31.json?a=www.gaokao.cn,data/shanghai/raw/plan_api/static/2025/101.json,1
2025,综合,101,西南财经大学,423060,01,不限,0203,金融学类,1,5760,四年,https://static-data.gaokao.cn/www/2.0/schoolspecialplan/101/2025/31.json?a=www.gaokao.cn,data/shanghai/raw/plan_api/static/2025/101.json,1
2025,综合,101,西南财经大学,423066,03,物理、化学(2科必选),0712,统计学类,1,6240,四年,https://static-data.gaokao.cn/www/2.0/schoolspecialplan/101/2025/31.json?a=www.gaokao.cn,data/shanghai/raw/plan_api/static/2025/101.json,1
2025,综合,101,西南财经大学,423068,02,物理必选,020310T,金融科技,1,5760,四年,https://static-data.gaokao.cn/www/2.0/schoolspecialplan/101/2025/31.json?a=www.gaokao.cn,data/shanghai/raw/plan_api/static/2025/101.json,1
2025,综合,101,西南财经大学,423068,02,物理必选,020109T,数字经济,1,5760,四年,https://static-data.gaokao.cn/www/2.0/schoolspecialplan/101/2025/31.json?a=www.gaokao.cn,data/shanghai/raw/plan_api/static/2025/101.json,1
2025,综合,102,厦门大学,423055,01,不限,0201,经济学类,4,5460,四年,https://static-data.gaokao.cn/www/2.0/schoolspecialplan/102/2025/31.json?a=www.gaokao.cn,data/shanghai/raw/plan_api/static/2025/102.json,1
2025,综合,102,厦门大学,423055,01,不限,120203K,会计学,2,5460,四年,https://static-data.gaokao.cn/www/2.0/schoolspecialplan/102/2025/31.json?a=www.gaokao.cn,data/shanghai/raw/plan_api/static/2025/102.json,1
2025,综合,102,厦门大学,423055,01,不限,96733,人文科学试验班,2,5460,四年,https://static-data.gaokao.cn/www/2.0/schoolspecialplan/102/2025/31.json?a=www.gaokao.cn,data/shanghai/raw/plan_api/static/2025/102.json,1
2025,综合,102,厦门大学,423055,01,不限,030101K,法学,1,5460,四年,https://static-data.gaokao.cn/www/2.0/schoolspecialplan/102/2025/31.json?a=www.gaokao.cn,data/shanghai/raw/plan_api/static/2025/102.json,1
2025,综合,102,厦门大学,423055,01,不限,0503,新闻传播学类,1,5460,四年,https://static-data.gaokao.cn/www/2.0/schoolspecialplan/102/2025/31.json?a=www.gaokao.cn,data/shanghai/raw/plan_api/static/2025/102.json,1
2025,综合,102,厦门大学,423064,03,物理、化学(2科必选),0712,统计学类,4,5460,四年,https://static-data.gaokao.cn/www/2.0/schoolspecialplan/102/2025/31.json?a=www.gaokao.cn,data/shanghai/raw/plan_api/static/2025/102.json,1
2025,综合,102,厦门大学,423064,03,物理、化学(2科必选),0807,电子信息类,3,5460,四年,https://static-data.gaokao.cn/www/2.0/schoolspecialplan/102/2025/31.json?a=www.gaokao.cn,data/shanghai/raw/plan_api/static/2025/102.json,1
2025,综合,102,厦门大学,423064,03,物理、化学(2科必选),0809,计算机类,3,5460,四年,https://static-data.gaokao.cn/www/2.0/schoolspecialplan/102/2025/31.json?a=www.gaokao.cn,data/shanghai/raw/plan_api/static/2025/102.json,1
2025,综合,102,厦门大学,423064,03,物理、化学(2科必选),0701,数学类,2,5460,四年,https://static-data.gaokao.cn/www/2.0/schoolspecialplan/102/2025/31.json?a=www.gaokao.cn,data/shanghai/raw/plan_api/static/2025/102.json,1
2025,综合,102,厦门大学,423064,03,物理、化学(2科必选),1748622,理科试验班,2,5460,四年,https://static-data.gaokao.cn/www/2.0/schoolspecialplan/102/2025/31.json?a=www.gaokao.cn,data/shanghai/raw/plan_api/static/2025/102.json,1
2025,综合,103,福州大学,423070,02,物理、化学(2科必选),080902,软件工程,4,5460,四年,https://static-data.gaokao.cn/www/2.0/schoolspecialplan/103/2025/31.json?a=www.gaokao.cn,data/shanghai/raw/plan_api/static/2025/103.json,1
2025,综合,103,福州大学,423070,02,物理、化学(2科必选),0807,电子信息类,4,5460,四年,https://static-data.gaokao.cn/www/2.0/schoolspecialplan/103/2025/31.json?a=www.gaokao.cn,data/shanghai/raw/plan_api/static/2025/103.json,1
2025,综合,103,福州大学,423070,02,物理、化学(2科必选),080602T,智能电网信息工程,3,5460,四年,https://static-data.gaokao.cn/www/2.0/schoolspecialplan/103/2025/31.json?a=www.gaokao.cn,data/shanghai/raw/plan_api/static/2025/103.json,1
2025,综合,103,福州大学,423070,02,物理、化学(2科必选),080717T,人工智能,3,5460,四年,https://static-data.gaokao.cn/www/2.0/schoolspecialplan/103/2025/31.json?a=www.gaokao.cn,data/shanghai/raw/plan_api/static/2025/103.json,1
2025,综合,103,福州大学,423072,01,不限,120203K,会计学,3,5460,四年,https://static-data.gaokao.cn/www/2.0/schoolspecialplan/103/2025/31.json?a=www.gaokao.cn,data/shanghai/raw/plan_api/static/2025/103.json,1
2025,综合,103,福州大学,423072,01,不限,120401,公共事业管理,3,5460,四年,https://static-data.gaokao.cn/www/2.0/schoolspecialplan/103/2025/31.json?a=www.gaokao.cn,data/shanghai/raw/plan_api/static/2025/103.json,1
2025,综合,103,福州大学,423072,01,不限,030102T,知识产权,3,5460,四年,https://static-data.gaokao.cn/www/2.0/schoolspecialplan/103/2025/31.json?a=www.gaokao.cn,data/shanghai/raw/plan_api/static/2025/103.json,1
2025,综合,103,福州大学,423075,03,物、化、生(3科必选),100201K,临床医学,3,6760,五年,https://static-data.gaokao.cn/www/2.0/schoolspecialplan/103/2025/31.json?a=www.gaokao.cn,data/shanghai/raw/plan_api/static/2025/103.json,1
2025,综合,104,中山大学,423054,02,物理、化学(2科必选),100201K,临床医学,5,7660,五年,https://static-data.gaokao.cn/www/2.0/schoolspecialplan/104/2025/31.json?a=www.gaokao.cn,data/shanghai/raw/plan_api/static/2025/104.json,1
2025,综合,104,中山大学,423054,02,物理、化学(2科必选),0807,电子信息类,4,6850,四年,https://static-data.gaokao.cn/www/2.0/schoolspecialplan/104/2025/31.json?a=www.gaokao.cn,data/shanghai/raw/plan_api/static/2025/104.json,1
2025,综合,104,中山大学,423054,02,物理、化学(2科必选),080911TK,网络空间安全,4,6850,四年,https://static-data.gaokao.cn/www/2.0/schoolspecialplan/104/2025/31.json?a=www.gaokao.cn,data/shanghai/raw/plan_api/static/2025/104.json,1
2025,综合,104,中山大学,423054,02,物理、化学(2科必选),082601,生物医学工程,3,6850,四年,https://static-data.gaokao.cn/www/2.0/schoolspecialplan/104/2025/31.json?a=www.gaokao.cn,data/shanghai/raw/plan_api/static/2025/104.json,1
2025,综合,104,中山大学,423054,02,物理、化学(2科必选),0701,数学类,3,6850,四年,https://static-data.gaokao.cn/www/2.0/schoolspecialplan/104/2025/31.json?a=www.gaokao.cn,data/shanghai/raw/plan_api/static/2025/104.json,1
2025,综合,104,中山大学,423054,02,物理、化学(2科必选),080717T,人工智能,3,6850,四年,https://static-data.gaokao.cn/www/2.0/schoolspecialplan/104/2025/31.json?a=www.gaokao.cn,data/shanghai/raw/plan_api/static/2025/104.json,1
2025,综合,104,中山大学,423054,02,物理、化学(2科必选),070201,物理学,2,6850,四年,https://static-data.gaokao.cn/www/2.0/schoolspecialplan/104/2025/31.json?a=www.gaokao.cn,data/shanghai/raw/plan_api/static/2025/104.json,1
2025,综合,104,中山大学,423062,01,不限,020101,经济学,3,6060,四年,https://static-data.gaokao.cn/www/2.0/schoolspecialplan/104/2025/31.json?a=www.gaokao.cn,data/shanghai/raw/plan_api/static/2025/104.json,1
2025,综合,104,中山大学,423062,01,不限,030101K,法学,2,6060,四年,https://static-data.gaokao.cn/www/2.0/schoolspecialplan/104/2025/31.json?a=www.gaokao.cn,data/shanghai/raw/plan_api/static/2025/104.json,1
2025,综合,104,中山大学,423062,01,不限,050101,汉语言文学,2,6060,四年,https://static-data.gaokao.cn/www/2.0/schoolspecialplan/104/2025/31.json?a=www.gaokao.cn,data/shanghai/raw/plan_api/static/2025/104.json,1
2025,综合,104,中山大学,423062,01,不限,120201K,工商管理,2,6060,四年,https://static-data.gaokao.cn/www/2.0/schoolspecialplan/104/2025/31.json?a=www.gaokao.cn,data/shanghai/raw/plan_api/static/2025/104.json,1
2025,综合,104,中山大学,423062,01,不限,050207,日语,2,6850,四年,https://static-data.gaokao.cn/www/2.0/schoolspecialplan/104/2025/31.json?a=www.gaokao.cn,data/shanghai/raw/plan_api/static/2025/104.json,1
2025,综合,104,中山大学,423062,01,不限,0503,新闻传播学类,2,6060,四年,https://static-data.gaokao.cn/www/2.0/schoolspecialplan/104/2025/31.json?a=www.gaokao.cn,data/shanghai/raw/plan_api/static/2025/104.json,1
2025,综合,104,中山大学,423062,01,不限,020301K,金融学,2,6060,四年,https://static-data.gaokao.cn/www/2.0/schoolspecialplan/104/2025/31.json?a=www.gaokao.cn,data/shanghai/raw/plan_api/static/2025/104.json,1
2025,综合,105,华南理工大学,423052,01,物理、化学(2科必选),2152607,工科试验班,2,6850,四年,https://static-data.gaokao.cn/www/2.0/schoolspecialplan/105/2025/31.json?a=www.gaokao.cn,data/shanghai/raw/plan_api/static/2025/105.json,1
2025,综合,105,华南理工大学,423052,01,物理、化学(2科必选),0809,计算机类,2,6850,四年,https://static-data.gaokao.cn/www/2.0/schoolspecialplan/105/2025/31.json?a=www.gaokao.cn,data/shanghai/raw/plan_api/static/2025/105.json,1
2025,综合,106,暨南大学,423057,03,物理、化学(2科必选),080705,光电信息科学与工程,3,6850,四年,https://static-data.gaokao.cn/www/2.0/schoolspecialplan/106/2025/31.json?a=www.gaokao.cn,data/shanghai/raw/plan_api/static/2025/106.json,1
2025,综合,106,暨南大学,423057,03,物理、化学(2科必选),070302,应用化学,2,6850,四年,https://static-data.gaokao.cn/www/2.0/schoolspecialplan/106/2025/31.json?a=www.gaokao.cn,data/shanghai/raw/plan_api/static/2025/106.json,1
2025,综合,106,暨南大学,423057,03,物理、化学(2科必选),080601,电气工程及其自动化,2,6850,四年,https://static-data.gaokao.cn/www/2.0/schoolspecialplan/106/2025/31.json?a=www.gaokao.cn,data/shanghai/raw/plan_api/static/2025/106.json,1
2025,综合,106,暨南大学,423057,03,物理、化学(2科必选),082701,食品科学与工程,2,6850,四年,https://static-data.gaokao.cn/www/2.0/schoolspecialplan/106/2025/31.json?a=www.gaokao.cn,data/shanghai/raw/plan_api/static/2025/106.json,1
2025,综合,106,暨南大学,423057,03,物理、化学(2科必选),100701,药学,2,14000,四年,https://static-data.gaokao.cn/www/2.0/schoolspecialplan/106/2025/31.json?a=www.gaokao.cn,data/shanghai/raw/plan_api/static/2025/106.json,1
2025,综合,106,暨南大学,423061,01,不限,050103,汉语国际教育,2,6060,四年,https://static-data.gaokao.cn/www/2.0/schoolspecialplan/106/2025/31.json?a=www.gaokao.cn,data/shanghai/raw/plan_api/static/2025/106.json,1
2025,综合,106,暨南大学,423058,02,物理必选,120102,信息管理与信息系统,2,6850,四年,https://static-data.gaokao.cn/www/2.0/schoolspecialplan/106/2025/31.json?a=www.gaokao.cn,data/shanghai/raw/plan_api/static/2025/106.json,1
2025,综合,106,暨南大学,423074,04,物理、化学(2科必选),100301K,口腔医学,2,7660,五年,https://static-data.gaokao.cn/www/2.0/schoolspecialplan/106/2025/31.json?a=www.gaokao.cn,data/shanghai/raw/plan_api/static/2025/106.json,1
2025,综合,106,暨南大学,423061,01,不限,120205,国际商务,2,6060,四年,https://static-data.gaokao.cn/www/2.0/schoolspecialplan/106/2025/31.json?a=www.gaokao.cn,data/shanghai/raw/plan_api/static/2025/106.json,1
2025,综合,106,暨南大学,423058,02,物理必选,020102,经济统计学,2,6060,四年,https://static-data.gaokao.cn/www/2.0/schoolspecialplan/106/2025/31.json?a=www.gaokao.cn,data/shanghai/raw/plan_api/static/2025/106.json,1
2025,综合,106,暨南大学,423061,01,不限,120203K,会计学,2,18000,四年,https://static-data.gaokao.cn/www/2.0/schoolspecialplan/106/2025/31.json?a=www.gaokao.cn,data/shanghai/raw/plan_api/static/2025/106.json,1
2025,综合,106,暨南大学,423061,01,不限,050309T,国际新闻与传播,2,12000,四年,https://static-data.gaokao.cn/www/2.0/schoolspecialplan/106/2025/31.json?a=www.gaokao.cn,data/shanghai/raw/plan_api/static/2025/106.json,1
2025,综合,107,西北工业大学,423056,01,物理、化学(2科必选),0820,航空航天类,2,6600,四年,https://static-data.gaokao.cn/www/2.0/schoolspecialplan/107/2025/31.json?a=www.gaokao.cn,data/shanghai/raw/plan_api/static/2025/107.json,1
2025,综合,107,西北工业大学,423056,01,物理、化学(2科必选),0809,计算机类,2,6600,四年,https://static-data.gaokao.cn/www/2.0/schoolspecialplan/107/2025/31.json?a=www.gaokao.cn,data/shanghai/raw/plan_api/static/2025/107.json,1
2025,综合,107,西北工业大学,423056,01,物理、化学(2科必选),0819,海洋工程类,2,6600,四年,https://static-data.gaokao.cn/www/2.0/schoolspecialplan/107/2025/31.json?a=www.gaokao.cn,data/shanghai/raw/plan_api/static/2025/107.json,1
2025,综合,107,西北工业大学,423069,02,物理、化学(2科必选),080401,材料科学与工程,9,90000,四年,https://static-data.gaokao.cn/www/2.0/schoolspecialplan/107/2025/31.json?a=www.gaokao.cn,data/shanghai/raw/plan_api/static/2025/107.json,0
2025,综合,107,西北工业大学,423069,02,物理、化学(2科必选),080407,高分子材料与工程,9,90000,四年,https://static-data.gaokao.cn/www/2.0/schoolspecialplan/107/2025/31.json?a=www.gaokao.cn,data/shanghai/raw/plan_api/static/2025/107.json,0
2025,综合,108,南昌大学,423053,03,不限,020301K,金融学,2,4950,四年,https://static-data.gaokao.cn/www/2.0/schoolspecialplan/108/2025/31.json?a=www.gaokao.cn,data/shanghai/raw/plan_api/static/2025/108.json,1
2025,综合,108,南昌大学,423067,04,物理、化学(2科必选),100201K,临床医学,4,80000,五年,https://static-data.gaokao.cn/www/2.0/schoolspecialplan/108/2025/31.json?a=www.gaokao.cn,data/shanghai/raw/plan_api/static/2025/108.json,0
2025,综合,108,南昌大学,423065,01,物理、化学(2科必选),071001,生物科学,2,5250,四年,https://static-data.gaokao.cn/www/2.0/schoolspecialplan/108/2025/31.json?a=www.gaokao.cn,data/shanghai/raw/plan_api/static/2025/108.json,1
2025,综合,108,南昌大学,423073,02,物理、化学(2科必选),080601,电气工程及其自动化,2,5550,四年,https://static-data.gaokao.cn/www/2.0/schoolspecialplan/108/2025/31.json?a=www.gaokao.cn,data/shanghai/raw/plan_api/static/2025/108.json,1
2025,综合,109,东南大学,423050,01,物理、化学(2科必选),0807,电子信息类,15,6380,四年,https://static-data.gaokao.cn/www/2.0/schoolspecialplan/109/2025/31.json?a=www.gaokao.cn,data/shanghai/raw/plan_api/static/2025/109.json,1
2025,综合,109,东南大学,423050,01,物理、化学(2科必选),563992,工科试验班,5,6380,四年,https://static-data.gaokao.cn/www/2.0/schoolspecialplan/109/2025/31.json?a=www.gaokao.cn,data/shanghai/raw/plan_api/static/2025/109.json,1
2025,综合,109,东南大学,423050,01,物理、化学(2科必选),080710T,集成电路设计与集成系统,5,6380,四年,https://static-data.gaokao.cn/www/2.0/schoolspecialplan/109/2025/31.json?a=www.gaokao.cn,data/shanghai/raw/plan_api/static/2025/109.json,1
2025,综合,109,东南大学,423050,01,物理、化学(2科必选),0809,计算机类,4,6380,四年,https://static-data.gaokao.cn/www/2.0/schoolspecialplan/109/2025/31.json?a=www.gaokao.cn,data/shanghai/raw/plan_api/static/2025/109.json,1
2025,综合,109,东南大学,423050,01,物理、化学(2科必选),083201TK,未来机器人,3,5800,四年,https://static-data.gaokao.cn/www/2.0/schoolspecialplan/109/2025/31.json?a=www.gaokao.cn,data/shanghai/raw/plan_api/static/2025/109.json,1
2025,综合,111,南京大学,423081,01,物理、化学(2科必选),1864687,技术科学试验班,9,6380,四年,https://static-data.gaokao.cn/www/2.0/schoolspecialplan/111/2025/31.json?a=www.gaokao.cn,data/shanghai/raw/plan_api/static/2025/111.json,1
2025,综合,111,南京大学,423081,01,物理、化学(2科必选),96891,理科试验班类,3,6050,四年,https://static-data.gaokao.cn/www/2.0/schoolspecialplan/111/2025/31.json?a=www.gaokao.cn,data/shanghai/raw/plan_api/static/2025/111.json,1
2025,综合,111,南京大学,423081,01,物理、化学(2科必选),080901,计算机科学与技术,2,6050,四年,https://static-data.gaokao.cn/www/2.0/schoolspecialplan/111/2025/31.json?a=www.gaokao.cn,data/shanghai/raw/plan_api/static/2025/111.json,1
2025,综合,111,南京大学,423081,01,物理、化学(2科必选),0807,电子信息类,4,6380,四年,https://static-data.gaokao.cn/www/2.0/schoolspecialplan/111/2025/31.json?a=www.gaokao.cn,data/shanghai/raw/plan_api/static/2025/111.json,1
2025,综合,111,南京大学,423081,01,物理、化学(2科必选),080902,软件工程,2,6380,四年,https://static-data.gaokao.cn/www/2.0/schoolspecialplan/111/2025/31.json?a=www.gaokao.cn,data/shanghai/raw/plan_api/static/2025/111.json,1
2025,综合,111,南京大学,423081,01,物理、化学(2科必选),96928,理科试验班,3,6050,四年,https://static-data.gaokao.cn/www/2.0/schoolspecialplan/111/2025/31.json?a=www.gaokao.cn,data/shanghai/raw/plan_api/static/2025/111.json,1
2025,综合,111,南京大学,423081,01,物理、化学(2科必选),120701,工业工程,2,6380,四年,https://static-data.gaokao.cn/www/2.0/schoolspecialplan/111/2025/31.json?a=www.gaokao.cn,data/shanghai/raw/plan_api/static/2025/111.json,1
2025,综合,111,南京大学,423081,01,物理、化学(2科必选),080717T,人工智能,2,6380,四年,https://static-data.gaokao.cn/www/2.0/schoolspecialplan/111/2025/31.json?a=www.gaokao.cn,data/shanghai/raw/plan_api/static/2025/111.json,1
2025,综合,111,南京大学,423083,Q2,物理、化学(2科必选),070601,大气科学,9,75000,四年,https://static-data.gaokao.cn/www/2.0/schoolspecialplan/111/2025/31.json?a=www.gaokao.cn,data/shanghai/raw/plan_api/static/2025/111.json,0
2025,综合,111,南京大学,423099,Q3,不限,130304,戏剧影视文学,5,7480,四年,https://static-data.gaokao.cn/www/2.0/schoolspecialplan/111/2025/31.json?a=www.gaokao.cn,data/shanghai/raw/plan_api/static/2025/111.json,0
2025,综合,112,南京理工大学,423093,03,物理、化学(2科必选),080401,材料科学与工程,3,34000,四年,https://static-data.gaokao.cn/www/2.0/schoolspecialplan/112/2025/31.json?a=www.gaokao.cn,data/shanghai/raw/plan_api/static/2025/112.json,0
2025,综合,112,南京理工大学,423093,03,物理、化学(2科必选),080201,机械工程,3,34000,四年,https://static-data.gaokao.cn/www/2.0/schoolspecialplan/112/2025/31.json?a=www.gaokao.cn,data/shanghai/raw/plan_api/static/2025/112.json,0
2025,综合,112,南京理工大学,423097,02,物理必选,0201,经济学类,5,5720,四年,https://static-data.gaokao.cn/www/2.0/schoolspecialplan/112/2025/31.json?a=www.gaokao.cn,data/shanghai/raw/plan_api/static/2025/112.json,1
2025,综合,112,南京理工大学,423097,02,物理必选,1202,工商管理类,5,5720,四年,https://static-data.gaokao.cn/www/2.0/schoolspecialplan/112/2025/31.json?a=www.gaokao.cn,data/shanghai/raw/plan_api/static/2025/112.json,1
2025,综合,112,南京理工大学,423102,01,物理、化学(2科必选),0807,电子信息类,4,6380,四年,https://static-data.gaokao.cn/www/2.0/schoolspecialplan/112/2025/31.json?a=www.gaokao.cn,data/shanghai/raw/plan_api/static/2025/112.json,1
2025,综合,112,南京理工大学,423102,01,物理、化学(2科必选),0809,计算机类,3,6380,四年,https://static-data.gaokao.cn/www/2.0/schoolspecialplan/112/2025/31.json?a=www.gaokao.cn,data/shanghai/raw/plan_api/static/2025/112.json,1
2025,综合,112,南京理工大学,423102,01,物理、化学(2科必选),080704,微电子科学与工程,2,6380,四年,https://static-data.gaokao.cn/www/2.0/schoolspecialplan/112/2025/31.json?a=www.gaokao.cn,data/shanghai/raw/plan_api/static/2025/112.json,1
2025,综合,112,南京理工大学,423102,01,物理、化学(2科必选),0808,自动化类,2,6380,四年,https://static-data.gaokao.cn/www/2.0/schoolspecialplan/112/2025/31.json?a=www.gaokao.cn,data/shanghai/raw/plan_api/static/2025/112.json,1
2025,综合,112,南京理工大学,423102,01,物理、化学(2科必选),0805,能源动力类,2,5800,四年,https://static-data.gaokao.cn/www/2.0/schoolspecialplan/112/2025/31.json?a=www.gaokao.cn,data/shanghai/raw/plan_api/static/2025/112.json,1
2025,综合,112,南京理工大学,423102,01,物理、化学(2科必选),0802,机械类,2,6380,四年,https://static-data.gaokao.cn/www/2.0/schoolspecialplan/112/2025/31.json?a=www.gaokao.cn,data/shanghai/raw/plan_api/static/2025/112.json,1
2025,综合,113,南京农业大学,423076,01,不限,0303,社会学类,4,5200,四年,https://static-data.gaokao.cn/www/2.0/schoolspecialplan/113/2025/31.json?a=www.gaokao.cn,data/shanghai/raw/plan_api/static/2025/113.json,1
2025,综合,113,南京农业大学,423076,01,不限,020301K,金融学,3,5200,四年,https://static-data.gaokao.cn/www/2.0/schoolspecialplan/113/2025/31.json?a=www.gaokao.cn,data/shanghai/raw/plan_api/static/2025/113.json,1
2025,综合,113,南京农业大学,423076,01,不限,020401,国际经济与贸易,3,5200,四年,https://static-data.gaokao.cn/www/2.0/schoolspecialplan/113/2025/31.json?a=www.gaokao.cn,data/shanghai/raw/plan_api/static/2025/113.json,1
2025,综合,113,南京农业大学,423076,01,不限,1202,工商管理类,3,5200,四年,https://static-data.gaokao.cn/www/2.0/schoolspecialplan/113/2025/31.json?a=www.gaokao.cn,data/shanghai/raw/plan_api/static/2025/113.json,1
2025,综合,113,南京农业大学,423076,01,不限,120203K,会计学,2,5200,四年,https://static-data.gaokao.cn/www/2.0/schoolspecialplan/113/2025/31.json?a=www.gaokao.cn,data/shanghai/raw/plan_api/static/2025/113.json,1
2025,综合,113,南京农业大学,423076,01,不限,020304,投资学,2,5200,四年,https://static-data.gaokao.cn/www/2.0/schoolspecialplan/113/2025/31.json?a=www.gaokao.cn,data/shanghai/raw/plan_api/static/2025/113.json,1
2025,综合,113,南京农业大学,423076,01,不限,050201,英语,2,5200,四年,https://static-data.gaokao.cn/www/2.0/schoolspecialplan/113/2025/31.json?a=www.gaokao.cn,data/shanghai/raw/plan_api/static/2025/113.json,1
2025,综合,113,南京农业大学,423076,01,不限,1204,公共管理类,2,5720,四年,https://static-data.gaokao.cn/www/2.0/schoolspecialplan/113/2025/31.json?a=www.gaokao.cn,data/shanghai/raw/plan_api/static/2025/113.json,1
2025,综合,113,南京农业大学,423087,03,物理、化学(2科必选),0904,动物医学类,9,2500,五年,https://static-data.gaokao.cn/www/2.0/schoolspecialplan/113/2025/31.json?a=www.gaokao.cn,data/shanghai/raw/plan_api/static/2025/113.json,1
2025,综合,113,南京农业大学,423087,03,物理、化学(2科必选),0827,食品科学与工程类,8,5800,四年,https://static-data.gaokao.cn/www/2.0/schoolspecialplan/113/2025/31.json?a=www.gaokao.cn,data/shanghai/raw/plan_api/static/2025/113.json,1
2025,综合,113,南京农业大学,423087,03,物理、化学(2科必选),090103,植物保护,7,2750,四年,https://static-data.gaokao.cn/www/2.0/schoolspecialplan/113/2025/31.json?a=www.gaokao.cn,data/shanghai/raw/plan_api/static/2025/113.json,1
2025,综合,113,南京农业大学,423087,03,物理、化学(2科必选),090301,动物科学,6,2750,四年,https://static-data.gaokao.cn/www/2.0/schoolspecialplan/113/2025/31.json?a=www.gaokao.cn,data/shanghai/raw/plan_api/static/2025/113.json,1
2025,综合,113,南京农业大学,423087,03,物理、化学(2科必选),0825,环境科学与工程类,6,2750,四年,https://static-data.gaokao.cn/www/2.0/schoolspecialplan/113/2025/31.json?a=www.gaokao.cn,data/shanghai/raw/plan_api/static/2025/113.json,1
2025,综合,113,南京农业大学,423087,03,物理、化学(2科必选),090102,园艺,4,2750,四年,https://static-data.gaokao.cn/www/2.0/schoolspecialplan/113/2025/31.json?a=www.gaokao.cn,data/shanghai/raw/plan_api/static/2025/113.json,1
2025,综合,113,南京农业大学,423106,02,物理必选,020310T,金融科技,2,5200,四年,https://static-data.gaokao.cn/www/2.0/schoolspecialplan/113/2025/31.json?a=www.gaokao.cn,data/shanghai/raw/plan_api/static/2025/113.json,1
2025,综合,114,浙江大学,423092,02,物理、化学(2科必选),080717T,人工智能,4,6900,四年,https://static-data.gaokao.cn/www/2.0/schoolspecialplan/114/2025/31.json?a=www.gaokao.cn,data/shanghai/raw/plan_api/static/2025/114.json,1
2025,综合,114,浙江大学,423092,02,物理、化学(2科必选),96199,工科试验班,2,6900,四年,https://static-data.gaokao.cn/www/2.0/schoolspecialplan/114/2025/31.json?a=www.gaokao.cn,data/shanghai/raw/plan_api/static/2025/114.json,1
2025,综合,114,浙江大学,423092,02,物理、化学(2科必选),96125,理科试验班类,2,5300,四年,https://static-data.gaokao.cn/www/2.0/schoolspecialplan/114/2025/31.json?a=www.gaokao.cn,data/shanghai/raw/plan_api/static/2025/114.json,1
2025,综合,114,浙江大学,423098,01,不限,96104,社会科学试验班,2,6000,四年,https://static-data.gaokao.cn/www/2.0/schoolspecialplan/114/2025/31.json?a=www.gaokao.cn,data/shanghai/raw/plan_api/static/2025/114.json,1
2025,综合,115,上海海大,423091,01,不限,040107,小学教育,2,5720,四年,https://static-data.gaokao.cn/www/2.0/schoolspecialplan/115/2025/31.json?a=www.gaokao.cn,data/shanghai/raw/plan_api/static/2025/115.json,1
2025,综合,115,上海海大,423091,01,不限,050103,汉语国际教育,2,5720,四年,https://static-data.gaokao.cn/www/2.0/schoolspecialplan/115/2025/31.json?a=www.gaokao.cn,data/shanghai/raw/plan_api/static/2025/115.json,1
2025,综合,115,上海海大,423101,02,历史必选,060101,历史学,3,5200,四年,https://static-data.gaokao.cn/www/2.0/schoolspecialplan/115/2025/31.json?a=www.gaokao.cn,data/shanghai/raw/plan_api/static/2025/115.json,1
2025,综合,115,上海海大,423100,03,物理、化学(2科必选),070703T,海洋资源与环境,3,6050,四年,https://static-data.gaokao.cn/www/2.0/schoolspecialplan/115/2025/31.json?a=www.gaokao.cn,data/shanghai/raw/plan_api/static/2025/115.json,1
2025,综合,115,上海海大,423100,03,物理、化学(2科必选),070301,化学,2,6050,四年,https://static-data.gaokao.cn/www/2.0/schoolspecialplan/115/2025/31.json?a=www.gaokao.cn,data/shanghai/raw/plan_api/static/2025/115.json,1
2025,综合,115,上海海大,423100,03,物理、化学(2科必选),080601,电气工程及其自动化,1,5800,四年,https://static-data.gaokao.cn/www/2.0/schoolspecialplan/115/2025/31.json?a=www.gaokao.cn,data/shanghai/raw/plan_api/static/2025/115.json,1
2025,综合,116,河海大学,423077,03,物理、化学(2科必选),081102,水文与水资源工程,3,6380,四年,https://static-data.gaokao.cn/www/2.0/schoolspecialplan/116/2025/31.json?a=www.gaokao.cn,data/shanghai/raw/plan_api/static/2025/116.json,1
2025,综合,116,河海大学,423077,03,物理、化学(2科必选),080901,计算机科学与技术,3,6380,四年,https://static-data.gaokao.cn/www/2.0/schoolspecialplan/116/2025/31.json?a=www.gaokao.cn,data/shanghai/raw/plan_api/static/2025/116.json,1
2025,综合,116,河海大学,423077,03,物理、化学(2科必选),081101,水利水电工程,3,6380,四年,https://static-data.gaokao.cn/www/2.0/schoolspecialplan/116/2025/31.json?a=www.gaokao.cn,data/shanghai/raw/plan_api/static/2025/116.json,1
2025,综合,116,河海大学,423077,03,物理、化学(2科必选),080601,电气工程及其自动化,2,6380,四年,https://static-data.gaokao.cn/www/2.0/schoolspecialplan/116/2025/31.json?a=www.gaokao.cn,data/shanghai/raw/plan_api/static/2025/116.json,1
2025,综合,116,河海大学,423077,03,物理、化学(2科必选),081103,港口航道与海岸工程,2,6380,四年,https://static-data.gaokao.cn/www/2.0/schoolspecialplan/116/2025/31.json?a=www.gaokao.cn,data/shanghai/raw/plan_api/static/2025/116.json,1
2025,综合,116,河海大学,423077,03,物理、化学(2科必选),080803T,机器人工程,2,5800,四年,https://static-data.gaokao.cn/www/2.0/schoolspecialplan/116/2025/31.json?a=www.gaokao.cn,data/shanghai/raw/plan_api/static/2025/116.json,1
2025,综合,116,河海大学,423077,03,物理、化学(2科必选),080201,机械工程,2,5800,四年,https://static-data.gaokao.cn/www/2.0/schoolspecialplan/116/2025/31.json?a=www.gaokao.cn,data/shanghai/raw/plan_api/static/2025/116.json,1
2025,综合,116,河海大学,423077,03,物理、化学(2科必选),080905,物联网工程,2,6380,四年,https://static-data.gaokao.cn/www/2.0/schoolspecialplan/116/2025/31.json?a=www.gaokao.cn,data/shanghai/raw/plan_api/static/2025/116.json,1
2025,综合,116,河海大学,423077,03,物理、化学(2科必选),080907T,智能科学与技术,2,6380,四年,https://static-data.gaokao.cn/www/2.0/schoolspecialplan/116/2025/31.json?a=www.gaokao.cn,data/shanghai/raw/plan_api/static/2025/116.json,1
2025,综合,116,河海大学,423077,03,物理、化学(2科必选),081901,船舶与海洋工程,1,5800,四年,https://static-data.gaokao.cn/www/2.0/schoolspecialplan/116/2025/31.json?a=www.gaokao.cn,data/shanghai/raw/plan_api/static/2025/116.json,1
2025,综合,116,河海大学,423090,01,不限,050201,英语,2,5200,四年,https://static-data.gaokao.cn/www/2.0/schoolspecialplan/116/2025/31.json?a=www.gaokao.cn,data/shanghai/raw/plan_api/static/2025/116.json,1
2025,综合,116,河海大学,423090,01,不限,120206,人力资源管理,2,5720,四年,https://static-data.gaokao.cn/www/2.0/schoolspecialplan/116/2025/31.json?a=www.gaokao.cn,data/shanghai/raw/plan_api/static/2025/116.json,1
2025,综合,116,河海大学,423089,04,物理、化学(2科必选),081001,土木工程,2,58000,四年,https://static-data.gaokao.cn/www/2.0/schoolspecialplan/116/2025/31.json?a=www.gaokao.cn,data/shanghai/raw/plan_api/static/2025/116.json,0
2025,综合,116,河海大学,423103,02,物理必选,120102,信息管理与信息系统,2,5720,四年,https://static-data.gaokao.cn/www/2.0/schoolspecialplan/116/2025/31.json?a=www.gaokao.cn,data/shanghai/raw/plan_api/static/2025/116.json,1
2025,综合,116,河海大学,423089,04,物理、化学(2科必选),080201,机械工程,2,58000,四年,https://static-data.gaokao.cn/www/2.0/schoolspecialplan/116/2025/31.json?a=www.gaokao.cn,data/shanghai/raw/plan_api/static/2025/116.json,0
2025,综合,116,河海大学,423103,02,物理必选,020302,金融工程,2,5200,四年,https://static-data.gaokao.cn/www/2.0/schoolspecialplan/116/2025/31.json?a=www.gaokao.cn,data/shanghai/raw/plan_api/static/2025/116.json,1
2025,综合,117,中国药科大学,423080,03,物理、化学(2科必选),100701,药学,2,26400,四年,https://static-data.gaokao.cn/www/2.0/schoolspecialplan/117/2025/31.json?a=www.gaokao.cn,data/shanghai/raw/plan_api/static/2025/117.json,0
2025,综合,117,中国药科大学,423105,04,物理、化学(2科必选),100703TK,临床药学,4,26400,五年,https://static-data.gaokao.cn/www/2.0/schoolspecialplan/117/2025/31.json?a=www.gaokao.cn,data/shanghai/raw/plan_api/static/2025/117.json,0
2025,综合,117,中国药科大学,423094,02,物理、化学(2科必选),1007,药学类,4,7480,四年,https://static-data.gaokao.cn/www/2.0/schoolspecialplan/117/2025/31.json?a=www.gaokao.cn,data/shanghai/raw/plan_api/static/2025/117.json,1
2025,综合,117,中国药科大学,423094,02,物理、化学(2科必选),100703TK,临床药学,2,6800,五年,https://static-data.gaokao.cn/www/2.0/schoolspecialplan/117/2025/31.json?a=www.gaokao.cn,data/shanghai/raw/plan_api/static/2025/117.json,1
2025,综合,117,中国药科大学,423094,02,物理、化学(2科必选),100709TK,药物经济与管理,2,6800,四年,https://static-data.gaokao.cn/www/2.0/schoolspecialplan/117/2025/31.json?a=www.gaokao.cn,data/shanghai/raw/plan_api/static/2025/117.json,1
2025,综合,117,中国药科大学,423094,02,物理、化学(2科必选),083002T,生物制药,1,6380,四年,https://static-data.gaokao.cn/www/2.0/schoolspecialplan/117/2025/31.json?a=www.gaokao.cn,data/shanghai/raw/plan_api/static/2025/117.json,1
2025,综合,117,中国药科大学,423094,02,物理、化学(2科必选),100701,药学,1,7480,四年,https://static-data.gaokao.cn/www/2.0/schoolspecialplan/117/2025/31.json?a=www.gaokao.cn,data/shanghai/raw/plan_api/static/2025/117.json,1
2025,综合,117,中国药科大学,423088,01,物理、化学(2科必选),100701,药学,1,7480,四年,https://static-data.gaokao.cn/www/2.0/schoolspecialplan/117/2025/31.json?a=www.gaokao.cn,data/shanghai/raw/plan_api/static/2025/117.json,1
2025,综合,117,中国药科大学,423094,02,物理、化学(2科必选),0813,化工与制药类,1,5800,四年,https://static-data.gaokao.cn/www/2.0/schoolspecialplan/117/2025/31.json?a=www.gaokao.cn,data/shanghai/raw/plan_api/static/2025/117.json,1
2025,综合,117,中国药科大学,423094,02,物理、化学(2科必选),1008,中药学类,1,7480,四年,https://static-data.gaokao.cn/www/2.0/schoolspecialplan/117/2025/31.json?a=www.gaokao.cn,data/shanghai/raw/plan_api/static/2025/117.json,1
2025,综合,117,中国药科大学,423094,02,物理、化学(2科必选),071204T,生物统计学,1,5200,四年,https://static-data.gaokao.cn/www/2.0/schoolspecialplan/117/2025/31.json?a=www.gaokao.cn,data/shanghai/raw/plan_api/static/2025/117.json,1
2025,综合,118,苏州大学,423084,02,物理、化学(2科必选),080705,光电信息科学与工程,2,6380,四年,https://static-data.gaokao.cn/www/2.0/schoolspecialplan/118/2025/31.json?a=www.gaokao.cn,data/shanghai/raw/plan_api/static/2025/118.json,1
2025,综合,118,苏州大学,423084,02,物理、化学(2科必选),080414T,新能源材料与器件,2,5800,四年,https://static-data.gaokao.cn/www/2.0/schoolspecialplan/118/2025/31.json?a=www.gaokao.cn,data/shanghai/raw/plan_api/static/2025/118.json,1
2025,综合,118,苏州大学,423084,02,物理、化学(2科必选),080902,软件工程,2,6380,四年,https://static-data.gaokao.cn/www/2.0/schoolspecialplan/118/2025/31.json?a=www.gaokao.cn,data/shanghai/raw/plan_api/static/2025/118.json,1
2025,综合,118,苏州大学,423084,02,物理、化学(2科必选),080703,通信工程,2,6380,四年,https://static-data.gaokao.cn/www/2.0/schoolspecialplan/118/2025/31.json?a=www.gaokao.cn,data/shanghai/raw/plan_api/static/2025/118.json,1
2025,综合,118,苏州大学,423084,02,物理、化学(2科必选),080204,机械电子工程,2,5800,四年,https://static-data.gaokao.cn/www/2.0/schoolspecialplan/118/2025/31.json?a=www.gaokao.cn,data/shanghai/raw/plan_api/static/2025/118.json,1
2025,综合,118,苏州大学,423084,02,物理、化学(2科必选),0701,数学类,2,6050,四年,https://static-data.gaokao.cn/www/2.0/schoolspecialplan/118/2025/31.json?a=www.gaokao.cn,data/shanghai/raw/plan_api/static/2025/118.json,1
2025,综合,118,苏州大学,423084,02,物理、化学(2科必选),0804,材料类,2,6380,四年,https://static-data.gaokao.cn/www/2.0/schoolspecialplan/118/2025/31.json?a=www.gaokao.cn,data/shanghai/raw/plan_api/static/2025/118.json,1
2025,综合,118,苏州大学,423084,02,物理、化学(2科必选),080213T,智能制造工程,2,5800,四年,https://static-data.gaokao.cn/www/2.0/schoolspecialplan/118/2025/31.json?a=www.gaokao.cn,data/shanghai/raw/plan_api/static/2025/118.json,1
2025,综合,118,苏州大学,423084,02,物理、化学(2科必选),080803T,机器人工程,2,5800,四年,https://static-data.gaokao.cn/www/2.0/schoolspecialplan/118/2025/31.json?a=www.gaokao.cn,data/shanghai/raw/plan_api/static/2025/118.json,1
2025,综合,118,苏州大学,423084,02,物理、化学(2科必选),080720T,智能测控工程,2,6380,四年,https://static-data.gaokao.cn/www/2.0/schoolspecialplan/118/2025/31.json?a=www.gaokao.cn,data/shanghai/raw/plan_api/static/2025/118.json,1
2025,综合,118,苏州大学,423084,02,物理、化学(2科必选),080413T,纳米材料与技术,1,6380,四年,https://static-data.gaokao.cn/www/2.0/schoolspecialplan/118/2025/31.json?a=www.gaokao.cn,data/shanghai/raw/plan_api/static/2025/118.json,1
2025,综合,118,苏州大学,423104,04,史、政、地(3科必选),050101,汉语言文学,3,5720,四年,https://static-data.gaokao.cn/www/2.0/schoolspecialplan/118/2025/31.json?a=www.gaokao.cn,data/shanghai/raw/plan_api/static/2025/118.json,1
2025,综合,118,苏州大学,423086,03,物理、化学(2科必选),100201K,临床医学,3,7480,五年,https://static-data.gaokao.cn/www/2.0/schoolspecialplan/118/2025/31.json?a=www.gaokao.cn,data/shanghai/raw/plan_api/static/2025/118.json,1
2025,综合,118,苏州大学,423095,05,物理、化学(2科必选),083002T,生物制药,2,66000,四年,https://static-data.gaokao.cn/www/2.0/schoolspecialplan/118/2025/31.json?a=www.gaokao.cn,data/shanghai/raw/plan_api/static/2025/118.json,0
2025,综合,118,苏州大学,423086,03,物理、化学(2科必选),100206TK,放射医学,2,7480,五年,https://static-data.gaokao.cn/www/2.0/schoolspecialplan/118/2025/31.json?a=www.gaokao.cn,data/shanghai/raw/plan_api/static/2025/118.json,1
2025,综合,118,苏州大学,423095,05,物理、化学(2科必选),100701,药学,1,66000,四年,https://static-data.gaokao.cn/www/2.0/schoolspecialplan/118/2025/31.json?a=www.gaokao.cn,data/shanghai/raw/plan_api/static/2025/118.json,0
2025,综合,118,苏州大学,423085,01,不限,082801,建筑学,1,5800,五年,https://static-data.gaokao.cn/www/2.0/schoolspecialplan/118/2025/31.json?a=www.gaokao.cn,data/shanghai/raw/plan_api/static/2025/118.json,1
2025,综合,119,重庆大学,423082,02,物理、化学(2科必选),080601,电气工程及其自动化,4,5625,四年,https://static-data.gaokao.cn/www/2.0/schoolspecialplan/119/2025/31.json?a=www.gaokao.cn,data/shanghai/raw/plan_api/static/2025/119.json,1
2025,综合,119,重庆大学,423082,02,物理、化学(2科必选),94014,工科试验班,2,5625,四年,https://static-data.gaokao.cn/www/2.0/schoolspecialplan/119/2025/31.json?a=www.gaokao.cn,data/shanghai/raw/plan_api/static/2025/119.json,1
2025,综合,119,重庆大学,423108,01,物理、化学(2科必选),94014,工科试验班,4,5625,四年,https://static-data.gaokao.cn/www/2.0/schoolspecialplan/119/2025/31.json?a=www.gaokao.cn,data/shanghai/raw/plan_api/static/2025/119.json,1
2025,综合,119,重庆大学,423107,Q3,不限,1303,戏剧与影视学类,4,15000,四年,https://static-data.gaokao.cn/www/2.0/schoolspecialplan/119/2025/31.json?a=www.gaokao.cn,data/shanghai/raw/plan_api/static/2025/119.json,0
2025,综合,120,交大医学,423121,02,物理、化学(2科必选),0802,机械类,3,6600,四年,https://static-data.gaokao.cn/www/2.0/schoolspecialplan/120/2025/31.json?a=www.gaokao.cn,data/shanghai/raw/plan_api/static/2025/120.json,0
2025,综合,120,交大医学,423121,02,物理、化学(2科必选),081502,石油工程,2,6600,四年,https://static-data.gaokao.cn/www/2.0/schoolspecialplan/120/2025/31.json?a=www.gaokao.cn,data/shanghai/raw/plan_api/static/2025/120.json,0
2025,综合,120,交大医学,423121,02,物理、化学(2科必选),080907T,智能科学与技术,2,6600,四年,https://static-data.gaokao.cn/www/2.0/schoolspecialplan/120/2025/31.json?a=www.gaokao.cn,data/shanghai/raw/plan_api/static/2025/120.json,0
2025,综合,120,交大医学,423128,01,不限,030101K,法学,2,5280,四年,https://static-data.gaokao.cn/www/2.0/schoolspecialplan/120/2025/31.json?a=www.gaokao.cn,data/shanghai/raw/plan_api/static/2025/120.json,1
2025,综合,120,交大医学,423128,01,不限,020101,经济学,2,6600,四年,https://static-data.gaokao.cn/www/2.0/schoolspecialplan/120/2025/31.json?a=www.gaokao.cn,data/shanghai/raw/plan_api/static/2025/120.json,1
2025,综合,122,上应大,423115,03,物理、化学(2科必选),0702,物理学类,3,6320,四年,https://static-data.gaokao.cn/www/2.0/schoolspecialplan/122/2025/31.json?a=www.gaokao.cn,data/shanghai/raw/plan_api/static/2025/122.json,1
2025,综合,122,上应大,423115,03,物理、化学(2科必选),080717T,人工智能,3,6830,四年,https://static-data.gaokao.cn/www/2.0/schoolspecialplan/122/2025/31.json?a=www.gaokao.cn,data/shanghai/raw/plan_api/static/2025/122.json,1
2025,综合,122,上应大,423115,03,物理、化学(2科必选),080207,车辆工程,1,6830,四年,https://static-data.gaokao.cn/www/2.0/schoolspecialplan/122/2025/31.json?a=www.gaokao.cn,data/shanghai/raw/plan_api/static/2025/122.json,1
2025,综合,122,上应大,423115,03,物理、化学(2科必选),080703,通信工程,2,6830,四年,https://static-data.gaokao.cn/www/2.0/schoolspecialplan/122/2025/31.json?a=www.gaokao.cn,data/shanghai/raw/plan_api/static/2025/122.json,1
2025,综合,122,上应大,423115,03,物理、化学(2科必选),0701,数学类,2,6320,四年,https://static-data.gaokao.cn/www/2.0/schoolspecialplan/122/2025/31.json?a=www.gaokao.cn,data/shanghai/raw/plan_api/static/2025/122.json,1
2025,综合,122,上应大,423115,03,物理、化学(2科必选),0710,生物科学类,2,6320,四年,https://static-data.gaokao.cn/www/2.0/schoolspecialplan/122/2025/31.json?a=www.gaokao.cn,data/shanghai/raw/plan_api/static/2025/122.json,1
2025,综合,122,上应大,423115,03,物理、化学(2科必选),100201K,临床医学,2,7080,五年,https://static-data.gaokao.cn/www/2.0/schoolspecialplan/122/2025/31.json?a=www.gaokao.cn,data/shanghai/raw/plan_api/static/2025/122.json,1
2025,综合,122,上应大,423115,03,物理、化学(2科必选),080901,计算机科学与技术,2,6830,四年,https://static-data.gaokao.cn/www/2.0/schoolspecialplan/122/2025/31.json?a=www.gaokao.cn,data/shanghai/raw/plan_api/static/2025/122.json,1
2025,综合,122,上应大,423115,03,物理、化学(2科必选),080201,机械工程,2,6830,四年,https://static-data.gaokao.cn/www/2.0/schoolspecialplan/122/2025/31.json?a=www.gaokao.cn,data/shanghai/raw/plan_api/static/2025/122.json,1
2025,综合,122,上应大,423135,02,历史必选,050101,汉语言文学,2,5810,四年,https://static-data.gaokao.cn/www/2.0/schoolspecialplan/122/2025/31.json?a=www.gaokao.cn,data/shanghai/raw/plan_api/static/2025/122.json,1
2025,综合,122,上应大,423130,01,不限,030101K,法学,1,6070,四年,https://static-data.gaokao.cn/www/2.0/schoolspecialplan/122/2025/31.json?a=www.gaokao.cn,data/shanghai/raw/plan_api/static/2025/122.json,1
2025,综合,122,上应大,423135,02,历史必选,060103,考古学,1,5810,四年,https://static-data.gaokao.cn/www/2.0/schoolspecialplan/122/2025/31.json?a=www.gaokao.cn,data/shanghai/raw/plan_api/static/2025/122.json,1
2025,综合,123,中南大学,423114,01,物、化、生(3科必选),1002,临床医学类,7,7800,五年,https://static-data.gaokao.cn/www/2.0/schoolspecialplan/123/2025/31.json?a=www.gaokao.cn,data/shanghai/raw/plan_api/static/2025/123.json,1
2025,综合,123,中南大学,423134,02,物、化、生(3科必选),100201K,临床医学,3,7800,八年,https://static-data.gaokao.cn/www/2.0/schoolspecialplan/123/2025/31.json?a=www.gaokao.cn,data/shanghai/raw/plan_api/static/2025/123.json,1
2025,综合,123,中南大学,423124,03,物理、化学(2科必选),070101,数学与应用数学,2,69000,四年,https://static-data.gaokao.cn/www/2.0/schoolspecialplan/123/2025/31.json?a=www.gaokao.cn,data/shanghai/raw/plan_api/static/2025/123.json,0
2025,综合,123,中南大学,423124,03,物理、化学(2科必选),080901,计算机科学与技术,2,69000,四年,https://static-data.gaokao.cn/www/2.0/schoolspecialplan/123/2025/31.json?a=www.gaokao.cn,data/shanghai/raw/plan_api/static/2025/123.json,0
2025,综合,124,上工程,423117,06,物理、化学(2科必选),080402,材料物理,2,44300,四年,https://static-data.gaokao.cn/www/2.0/schoolspecialplan/124/2025/31.json?a=www.gaokao.cn,data/shanghai/raw/plan_api/static/2025/124.json,1
2025,综合,124,上工程,423117,06,物理、化学(2科必选),080202,机械设计制造及其自动化,2,44300,四年,https://static-data.gaokao.cn/www/2.0/schoolspecialplan/124/2025/31.json?a=www.gaokao.cn,data/shanghai/raw/plan_api/static/2025/124.json,1
2025,综合,124,上工程,423117,06,物理、化学(2科必选),080701,电子信息工程,2,45000,四年,https://static-data.gaokao.cn/www/2.0/schoolspecialplan/124/2025/31.json?a=www.gaokao.cn,data/shanghai/raw/plan_api/static/2025/124.json,1
2025,综合,124,上工程,423131,07,物理、化学(2科必选),081001,土木工程,2,45000,四年,https://static-data.gaokao.cn/www/2.0/schoolspecialplan/124/2025/31.json?a=www.gaokao.cn,data/shanghai/raw/plan_api/static/2025/124.json,0
2025,综合,124,上工程,423126,02,物理、化学(2科必选),081901,船舶与海洋工程,2,5500,四年,https://static-data.gaokao.cn/www/2.0/schoolspecialplan/124/2025/31.json?a=www.gaokao.cn,data/shanghai/raw/plan_api/static/2025/124.json,1
2025,综合,124,上工程,423119,01,物理、化学(2科必选),0808,自动化类,2,5500,四年,https://static-data.gaokao.cn/www/2.0/schoolspecialplan/124/2025/31.json?a=www.gaokao.cn,data/shanghai/raw/plan_api/static/2025/124.json,1
2025,综合,124,上工程,423136,04,物理、化学(2科必选),080703,通信工程,2,4800,四年,https://static-data.gaokao.cn/www/2.0/schoolspecialplan/124/2025/31.json?a=www.gaokao.cn,data/shanghai/raw/plan_api/static/2025/124.json,1
2025,综合,124,上工程,423137,03,物理、化学(2科必选),082002,飞行器设计与工程,1,4000,四年,https://static-data.gaokao.cn/www/2.0/schoolspecialplan/124/2025/31.json?a=www.gaokao.cn,data/shanghai/raw/plan_api/static/2025/124.json,1
2025,综合,124,上工程,423132,05,物理、化学(2科必选),080902,软件工程,1,5500,四年,https://static-data.gaokao.cn/www/2.0/schoolspecialplan/124/2025/31.json?a=www.gaokao.cn,data/shanghai/raw/plan_api/static/2025/124.json,1
2025,综合,124,上工程,423119,01,物理、化学(2科必选),080708T,水声工程,1,5500,四年,https://static-data.gaokao.cn/www/2.0/schoolspecialplan/124/2025/31.json?a=www.gaokao.cn,data/shanghai/raw/plan_api/static/2025/124.json,1
2025,综合,124,上工程,423119,01,物理、化学(2科必选),0809,计算机类,1,5500,四年,https://static-data.gaokao.cn/www/2.0/schoolspecialplan/124/2025/31.json?a=www.gaokao.cn,data/shanghai/raw/plan_api/static/2025/124.json,1
2025,综合,124,上工程,423119,01,物理、化学(2科必选),0819,海洋工程类,1,5500,四年,https://static-data.gaokao.cn/www/2.0/schoolspecialplan/124/2025/31.json?a=www.gaokao.cn,data/shanghai/raw/plan_api/static/2025/124.json,1
2025,综合,125,上海交通大学,423109,Q2,物理、化学(2科必选),96052,工科试验班类,6,7000,四年,https://static-data.gaokao.cn/www/2.0/schoolspecialplan/125/2025/31.json?a=www.gaokao.cn,data/shanghai/raw/plan_api/static/2025/125.json,0
2025,综合,125,上海交通大学,423109,Q2,物理、化学(2科必选),080401,材料科学与工程,5,7000,四年,https://static-data.gaokao.cn/www/2.0/schoolspecialplan/125/2025/31.json?a=www.gaokao.cn,data/shanghai/raw/plan_api/static/2025/125.json,0
2025,综合,125,上海交通大学,423109,Q2,物理、化学(2科必选),081901,船舶与海洋工程,5,7000,四年,https://static-data.gaokao.cn/www/2.0/schoolspecialplan/125/2025/31.json?a=www.gaokao.cn,data/shanghai/raw/plan_api/static/2025/125.json,0
2025,综合,125,上海交通大学,423129,Q3,物理、化学(2科必选),1377513,自然科学试验班,72,7000,四年,https://static-data.gaokao.cn/www/2.0/schoolspecialplan/125/2025/31.json?a=www.gaokao.cn,data/shanghai/raw/plan_api/static/2025/125.json,0
2025,综合,125,上海交通大学,423123,01,物理、化学(2科必选),0807,电子信息类,1,7000,四年,https://static-data.gaokao.cn/www/2.0/schoolspecialplan/125/2025/31.json?a=www.gaokao.cn,data/shanghai/raw/plan_api/static/2025/125.json,1
2025,综合,125,上海交通大学,423123,01,物理、化学(2科必选),080717T,人工智能,2,7000,四年,https://static-data.gaokao.cn/www/2.0/schoolspecialplan/125/2025/31.json?a=www.gaokao.cn,data/shanghai/raw/plan_api/static/2025/125.json,1
2025,综合,125,上海交通大学,423123,01,物理、化学(2科必选),0802,机械类,1,7000,四年,https://static-data.gaokao.cn/www/2.0/schoolspecialplan/125/2025/31.json?a=www.gaokao.cn,data/shanghai/raw/plan_api/static/2025/125.json,1
2025,综合,125,上海交通大学,423123,01,物理、化学(2科必选),96052,工科试验班类,1,7000,四年,https://static-data.gaokao.cn/www/2.0/schoolspecialplan/125/2025/31.json?a=www.gaokao.cn,data/shanghai/raw/plan_api/static/2025/125.json,1
2025,综合,125,上海交通大学,423123,01,物理、化学(2科必选),020301K,金融学,1,6500,四年,https://static-data.gaokao.cn/www/2.0/schoolspecialplan/125/2025/31.json?a=www.gaokao.cn,data/shanghai/raw/plan_api/static/2025/125.json,1
2025,综合,126,海医大,423118,01,不限,0501,中国语言文学类,2,5280,四年,https://static-data.gaokao.cn/www/2.0/schoolspecialplan/126/2025/31.json?a=www.gaokao.cn,data/shanghai/raw/plan_api/static/2025/126.json,1
2025,综合,126,海医大,423118,01,不限,0201,经济学类,2,6600,四年,https://static-data.gaokao.cn/www/2.0/schoolspecialplan/126/2025/31.json?a=www.gaokao.cn,data/shanghai/raw/plan_api/static/2025/126.json,1
2025,综合,126,海医大,423118,01,不限,0503,新闻传播学类,2,5280,四年,https://static-data.gaokao.cn/www/2.0/schoolspecialplan/126/2025/31.json?a=www.gaokao.cn,data/shanghai/raw/plan_api/static/2025/126.json,1
2025,综合,126,海医大,423118,01,不限,060103,考古学,2,5280,四年,https://static-data.gaokao.cn/www/2.0/schoolspecialplan/126/2025/31.json?a=www.gaokao.cn,data/shanghai/raw/plan_api/static/2025/126.json,1
2025,综合,126,海医大,423120,02,物理、化学(2科必选),0805,能源动力类,4,6600,四年,https://static-data.gaokao.cn/www/2.0/schoolspecialplan/126/2025/31.json?a=www.gaokao.cn,data/shanghai/raw/plan_api/static/2025/126.json,1
2025,综合,126,海医大,423120,02,物理、化学(2科必选),080717T,人工智能,4,6600,四年,https://static-data.gaokao.cn/www/2.0/schoolspecialplan/126/2025/31.json?a=www.gaokao.cn,data/shanghai/raw/plan_api/static/2025/126.json,1
2025,综合,126,海医大,423120,02,物理、化学(2科必选),0809,计算机类,4,12000,四年,https://static-data.gaokao.cn/www/2.0/schoolspecialplan/126/2025/31.json?a=www.gaokao.cn,data/shanghai/raw/plan_api/static/2025/126.json,1
2025,综合,126,海医大,423120,02,物理、化学(2科必选),0807,电子信息类,2,6600,四年,https://static-data.gaokao.cn/www/2.0/schoolspecialplan/126/2025/31.json?a=www.gaokao.cn,data/shanghai/raw/plan_api/static/2025/126.json,1
2025,综合,126,海医大,423127,03,物理、化学(2科必选),0701,数学类,2,6600,四年,https://static-data.gaokao.cn/www/2.0/schoolspecialplan/126/2025/31.json?a=www.gaokao.cn,data/shanghai/raw/plan_api/static/2025/126.json,1
2025,综合,126,海医大,423127,03,物理、化学(2科必选),0702,物理学类,2,6600,四年,https://static-data.gaokao.cn/www/2.0/schoolspecialplan/126/2025/31.json?a=www.gaokao.cn,data/shanghai/raw/plan_api/static/2025/126.json,1
2025,综合,126,海医大,423127,03,物理、化学(2科必选),0703,化学类,1,6600,四年,https://static-data.gaokao.cn/www/2.0/schoolspecialplan/126/2025/31.json?a=www.gaokao.cn,data/shanghai/raw/plan_api/static/2025/126.json,1
2025,综合,127,立信金融,423110,02,物理、化学(2科必选),100201K,临床医学,2,5850,八年,https://static-data.gaokao.cn/www/2.0/schoolspecialplan/127/2025/31.json?a=www.gaokao.cn,data/shanghai/raw/plan_api/static/2025/127.json,1
2025,综合,127,立信金融,423112,01,物理、化学(2科必选),0807,电子信息类,2,5850,四年,https://static-data.gaokao.cn/www/2.0/schoolspecialplan/127/2025/31.json?a=www.gaokao.cn,data/shanghai/raw/plan_api/static/2025/127.json,1
2025,综合,127,立信金融,423112,01,物理、化学(2科必选),0802,机械类,5,5850,四年,https://static-data.gaokao.cn/www/2.0/schoolspecialplan/127/2025/31.json?a=www.gaokao.cn,data/shanghai/raw/plan_api/static/2025/127.json,1
2025,综合,127,立信金融,423112,01,物理、化学(2科必选),080601,电气工程及其自动化,4,5850,四年,https://static-data.gaokao.cn/www/2.0/schoolspecialplan/127/2025/31.json?a=www.gaokao.cn,data/shanghai/raw/plan_api/static/2025/127.json,1
2025,综合,127,立信金融,423112,01,物理、化学(2科必选),0809,计算机类,3,5850,四年,https://static-data.gaokao.cn/www/2.0/schoolspecialplan/127/2025/31.json?a=www.gaokao.cn,data/shanghai/raw/plan_api/static/2025/127.json,1
2025,综合,127,立信金融,423112,01,物理、化学(2科必选),0701,数学类,3,4500,四年,https://static-data.gaokao.cn/www/2.0/schoolspecialplan/127/2025/31.json?a=www.gaokao.cn,data/shanghai/raw/plan_api/static/2025/127.json,1
2025,综合,127,立信金融,423112,01,物理、化学(2科必选),0808,自动化类,3,5850,四年,https://static-data.gaokao.cn/www/2.0/schoolspecialplan/127/2025/31.json?a=www.gaokao.cn,data/shanghai/raw/plan_api/static/2025/127.json,1
2025,综合,127,立信金融,423112,01,物理、化学(2科必选),080705,光电信息科学与工程,2,5850,四年,https://static-data.gaokao.cn/www/2.0/schoolspecialplan/127/2025/31.json?a=www.gaokao.cn,data/shanghai/raw/plan_api/static/2025/127.json,1
2025,综合,127,立信金融,423112,01,物理、化学(2科必选),0826,生物医学工程类,2,5850,四年,https://static-data.gaokao.cn/www/2.0/schoolspecialplan/127/2025/31.json?a=www.gaokao.cn,data/shanghai/raw/plan_api/static/2025/127.json,1
2025,综合,127,立信金融,423112,01,物理、化学(2科必选),020109T,数字经济,2,5850,四年,https://static-data.gaokao.cn/www/2.0/schoolspecialplan/127/2025/31.json?a=www.gaokao.cn,data/shanghai/raw/plan_api/static/2025/127.json,1
2025,综合,127,立信金融,423112,01,物理、化学(2科必选),080803T,机器人工程,2,5850,四年,https://static-data.gaokao.cn/www/2.0/schoolspecialplan/127/2025/31.json?a=www.gaokao.cn,data/shanghai/raw/plan_api/static/2025/127.json,1
2025,综合,128,二工大,423111,02,物理、化学(2科必选),0809,计算机类,2,5850,四年,https://static-data.gaokao.cn/www/2.0/schoolspecialplan/128/2025/31.json?a=www.gaokao.cn,data/shanghai/raw/plan_api/static/2025/128.json,1
2025,综合,128,二工大,423111,02,物理、化学(2科必选),0807,电子信息类,1,5850,四年,https://static-data.gaokao.cn/www/2.0/schoolspecialplan/128/2025/31.json?a=www.gaokao.cn,data/shanghai/raw/plan_api/static/2025/128.json,1
2025,综合,128,二工大,423111,02,物理、化学(2科必选),0808,自动化类,2,5850,四年,https://static-data.gaokao.cn/www/2.0/schoolspecialplan/128/2025/31.json?a=www.gaokao.cn,data/shanghai/raw/plan_api/static/2025/128.json,1
2025,综合,128,二工大,423111,02,物理、化学(2科必选),0804,材料类,1,4500,四年,https://static-data.gaokao.cn/www/2.0/schoolspecialplan/128/2025/31.json?a=www.gaokao.cn,data/shanghai/raw/plan_api/static/2025/128.json,1
2025,综合,128,二工大,423111,02,物理、化学(2科必选),080717T,人工智能,1,5850,四年,https://static-data.gaokao.cn/www/2.0/schoolspecialplan/128/2025/31.json?a=www.gaokao.cn,data/shanghai/raw/plan_api/static/2025/128.json,1
2025,综合,128,二工大,423111,02,物理、化学(2科必选),0802,机械类,1,5850,四年,https://static-data.gaokao.cn/www/2.0/schoolspecialplan/128/2025/31.json?a=www.gaokao.cn,data/shanghai/raw/plan_api/static/2025/128.json,1
2025,综合,128,二工大,423111,02,物理、化学(2科必选),1201,管理科学与工程类,1,4500,四年,https://static-data.gaokao.cn/www/2.0/schoolspecialplan/128/2025/31.json?a=www.gaokao.cn,data/shanghai/raw/plan_api/static/2025/128.json,1
2025,综合,128,二工大,423111,02,物理、化学(2科必选),080704,微电子科学与工程,1,5850,四年,https://static-data.gaokao.cn/www/2.0/schoolspecialplan/128/2025/31.json?a=www.gaokao.cn,data/shanghai/raw/plan_api/static/2025/128.json,1
2025,综合,128,二工大,423111,02,物理、化学(2科必选),020109T,数字经济,1,4500,四年,https://static-data.gaokao.cn/www/2.0/schoolspecialplan/128/2025/31.json?a=www.gaokao.cn,data/shanghai/raw/plan_api/static/2025/128.json,1
2025,综合,128,二工大,423122,01,不限,1202,工商管理类,5,4500,四年,https://static-data.gaokao.cn/www/2.0/schoolspecialplan/128/2025/31.json?a=www.gaokao.cn,data/shanghai/raw/plan_api/static/2025/128.json,1
2025,综合,128,二工大,423122,01,不限,0201,经济学类,2,4500,四年,https://static-data.gaokao.cn/www/2.0/schoolspecialplan/128/2025/31.json?a=www.gaokao.cn,data/shanghai/raw/plan_api/static/2025/128.json,1
2025,综合,129,上海商院,423113,02,物理、化学(2科必选),080202,机械设计制造及其自动化,2,5400,四年,https://static-data.gaokao.cn/www/2.0/schoolspecialplan/129/2025/31.json?a=www.gaokao.cn,data/shanghai/raw/plan_api/static/2025/129.json,1
2025,综合,129,上海商院,423113,02,物理、化学(2科必选),080701,电子信息工程,2,5940,四年,https://static-data.gaokao.cn/www/2.0/schoolspecialplan/129/2025/31.json?a=www.gaokao.cn,data/shanghai/raw/plan_api/static/2025/129.json,1
2025,综合,129,上海商院,423113,02,物理、化学(2科必选),100201K,临床医学,2,6160,五年,https://static-data.gaokao.cn/www/2.0/schoolspecialplan/129/2025/31.json?a=www.gaokao.cn,data/shanghai/raw/plan_api/static/2025/129.json,1
2025,综合,129,上海商院,423113,02,物理、化学(2科必选),100202TK,麻醉学,2,5600,五年,https://static-data.gaokao.cn/www/2.0/schoolspecialplan/129/2025/31.json?a=www.gaokao.cn,data/shanghai/raw/plan_api/static/2025/129.json,1
2025,综合,129,上海商院,423138,01,不限,120201K,工商管理,2,5280,四年,https://static-data.gaokao.cn/www/2.0/schoolspecialplan/129/2025/31.json?a=www.gaokao.cn,data/shanghai/raw/plan_api/static/2025/129.json,1
2025,综合,130,上海财经大学,423140,03,物理必选,020109T,数字经济,7,7150,四年,https://static-data.gaokao.cn/www/2.0/schoolspecialplan/130/2025/31.json?a=www.gaokao.cn,data/shanghai/raw/plan_api/static/2025/130.json,1
2025,综合,130,上海财经大学,423140,03,物理必选,020303,保险学,4,7150,四年,https://static-data.gaokao.cn/www/2.0/schoolspecialplan/130/2025/31.json?a=www.gaokao.cn,data/shanghai/raw/plan_api/static/2025/130.json,1
2025,综合,130,上海财经大学,423140,03,物理必选,120102,信息管理与信息系统,3,7000,四年,https://static-data.gaokao.cn/www/2.0/schoolspecialplan/130/2025/31.json?a=www.gaokao.cn,data/shanghai/raw/plan_api/static/2025/130.json,1
2025,综合,130,上海财经大学,423140,03,物理必选,120801,电子商务,2,7000,四年,https://static-data.gaokao.cn/www/2.0/schoolspecialplan/130/2025/31.json?a=www.gaokao.cn,data/shanghai/raw/plan_api/static/2025/130.json,1
2025,综合,130,上海财经大学,423150,04,物理、化学(2科必选),0712,统计学类,1,7000,四年,https://static-data.gaokao.cn/www/2.0/schoolspecialplan/130/2025/31.json?a=www.gaokao.cn,data/shanghai/raw/plan_api/static/2025/130.json,1
2025,综合,130,上海财经大学,423141,02,不限,020101,经济学,1,6500,四年,https://static-data.gaokao.cn/www/2.0/schoolspecialplan/130/2025/31.json?a=www.gaokao.cn,data/shanghai/raw/plan_api/static/2025/130.json,1
2025,综合,130,上海财经大学,423157,01,不限,120204,财务管理,22,6500,四年,https://static-data.gaokao.cn/www/2.0/schoolspecialplan/130/2025/31.json?a=www.gaokao.cn,data/shanghai/raw/plan_api/static/2025/130.json,1
2025,综合,130,上海财经大学,423157,01,不限,1202,工商管理类,21,6500,四年,https://static-data.gaokao.cn/www/2.0/schoolspecialplan/130/2025/31.json?a=www.gaokao.cn,data/shanghai/raw/plan_api/static/2025/130.json,1
2025,综合,130,上海财经大学,423141,02,不限,020301K,金融学,6,7150,四年,https://static-data.gaokao.cn/www/2.0/schoolspecialplan/130/2025/31.json?a=www.gaokao.cn,data/shanghai/raw/plan_api/static/2025/130.json,1
2025,综合,130,上海财经大学,423157,01,不限,020401,国际经济与贸易,11,7150,四年,https://static-data.gaokao.cn/www/2.0/schoolspecialplan/130/2025/31.json?a=www.gaokao.cn,data/shanghai/raw/plan_api/static/2025/130.json,1
2025,综合,130,上海财经大学,423157,01,不限,120203K,会计学,6,6500,四年,https://static-data.gaokao.cn/www/2.0/schoolspecialplan/130/2025/31.json?a=www.gaokao.cn,data/shanghai/raw/plan_api/static/2025/130.json,1
2025,综合,130,上海财经大学,423150,04,物理、化学(2科必选),080910T,数据科学与大数据技术,3,7000,四年,https://static-data.gaokao.cn/www/2.0/schoolspecialplan/130/2025/31.json?a=www.gaokao.cn,data/shanghai/raw/plan_api/static/2025/130.json,1
2025,综合,130,上海财经大学,423150,04,物理、化学(2科必选),080717T,人工智能,11,7000,四年,https://static-data.gaokao.cn/www/2.0/schoolspecialplan/130/2025/31.json?a=www.gaokao.cn,data/shanghai/raw/plan_api/static/2025/130.json,1
2025,综合,130,上海财经大学,423157,01,不限,020304,投资学,5,7150,四年,https://static-data.gaokao.cn/www/2.0/schoolspecialplan/130/2025/31.json?a=www.gaokao.cn,data/shanghai/raw/plan_api/static/2025/130.json,1
2025,综合,130,上海财经大学,423157,01,不限,120201K,工商管理,8,6500,四年,https://static-data.gaokao.cn/www/2.0/schoolspecialplan/130/2025/31.json?a=www.gaokao.cn,data/shanghai/raw/plan_api/static/2025/130.json,1
2025,综合,130,上海财经大学,423150,04,物理、化学(2科必选),070101,数学与应用数学,8,7000,四年,https://static-data.gaokao.cn/www/2.0/schoolspecialplan/130/2025/31.json?a=www.gaokao.cn,data/shanghai/raw/plan_api/static/2025/130.json,1
2025,综合,130,上海财经大学,423150,04,物理、化学(2科必选),080901,计算机科学与技术,8,7000,四年,https://static-data.gaokao.cn/www/2.0/schoolspecialplan/130/2025/31.json?a=www.gaokao.cn,data/shanghai/raw/plan_api/static/2025/130.json,1
2025,综合,130,上海财经大学,423157,01,不限,120207,审计学,8,6500,四年,https://static-data.gaokao.cn/www/2.0/schoolspecialplan/130/2025/31.json?a=www.gaokao.cn,data/shanghai/raw/plan_api/static/2025/130.json,1
2025,综合,130,上海财经大学,423141,02,不限,050262,商务英语,7,6500,四年,https://static-data.gaokao.cn/www/2.0/schoolspecialplan/130/2025/31.json?a=www.gaokao.cn,data/shanghai/raw/plan_api/static/2025/130.json,1
2025,综合,130,上海财经大学,423157,01,不限,0202,财政学类,6,7150,四年,https://static-data.gaokao.cn/www/2.0/schoolspecialplan/130/2025/31.json?a=www.gaokao.cn,data/shanghai/raw/plan_api/static/2025/130.json,1
2025,综合,130,上海财经大学,423150,04,物理、化学(2科必选),0701,数学类,6,7000,四年,https://static-data.gaokao.cn/www/2.0/schoolspecialplan/130/2025/31.json?a=www.gaokao.cn,data/shanghai/raw/plan_api/static/2025/130.json,1
2025,综合,130,上海财经大学,423141,02,不限,030101K,法学,4,6500,四年,https://static-data.gaokao.cn/www/2.0/schoolspecialplan/130/2025/31.json?a=www.gaokao.cn,data/shanghai/raw/plan_api/static/2025/130.json,1
2025,综合,130,上海财经大学,423157,01,不限,1204,公共管理类,3,6500,四年,https://static-data.gaokao.cn/www/2.0/schoolspecialplan/130/2025/31.json?a=www.gaokao.cn,data/shanghai/raw/plan_api/static/2025/130.json,1
2025,综合,130,上海财经大学,423155,Q5,思想政治必选,030504T,马克思主义理论,5,6500,四年,https://static-data.gaokao.cn/www/2.0/schoolspecialplan/130/2025/31.json?a=www.gaokao.cn,data/shanghai/raw/plan_api/static/2025/130.json,0
2025,综合,131,华东师范大学,423144,02,不限,0203,金融学类,8,6500,四年,https://static-data.gaokao.cn/www/2.0/schoolspecialplan/131/2025/31.json?a=www.gaokao.cn,data/shanghai/raw/plan_api/static/2025/131.json,1
2025,综合,131,华东师范大学,423144,02,不限,020301K,金融学,5,6500,四年,https://static-data.gaokao.cn/www/2.0/schoolspecialplan/131/2025/31.json?a=www.gaokao.cn,data/shanghai/raw/plan_api/static/2025/131.json,1
2025,综合,131,华东师范大学,423144,02,不限,030101K,法学,2,6500,四年,https://static-data.gaokao.cn/www/2.0/schoolspecialplan/131/2025/31.json?a=www.gaokao.cn,data/shanghai/raw/plan_api/static/2025/131.json,1
2025,综合,131,华东师范大学,423144,02,不限,0303,社会学类,3,6500,四年,https://static-data.gaokao.cn/www/2.0/schoolspecialplan/131/2025/31.json?a=www.gaokao.cn,data/shanghai/raw/plan_api/static/2025/131.json,1
2025,综合,131,华东师范大学,423144,02,不限,050301,新闻学,3,6500,四年,https://static-data.gaokao.cn/www/2.0/schoolspecialplan/131/2025/31.json?a=www.gaokao.cn,data/shanghai/raw/plan_api/static/2025/131.json,1
2025,综合,131,华东师范大学,423144,02,不限,1202,工商管理类,2,6500,四年,https://static-data.gaokao.cn/www/2.0/schoolspecialplan/131/2025/31.json?a=www.gaokao.cn,data/shanghai/raw/plan_api/static/2025/131.json,1
2025,综合,131,华东师范大学,423144,02,不限,120201K,工商管理,2,6500,四年,https://static-data.gaokao.cn/www/2.0/schoolspecialplan/131/2025/31.json?a=www.gaokao.cn,data/shanghai/raw/plan_api/static/2025/131.json,1
2025,综合,131,华东师范大学,423144,02,不限,120402,行政管理,2,6500,四年,https://static-data.gaokao.cn/www/2.0/schoolspecialplan/131/2025/31.json?a=www.gaokao.cn,data/shanghai/raw/plan_api/static/2025/131.json,1
2025,综合,131,华东师范大学,423144,02,不限,120206,人力资源管理,2,6500,四年,https://static-data.gaokao.cn/www/2.0/schoolspecialplan/131/2025/31.json?a=www.gaokao.cn,data/shanghai/raw/plan_api/static/2025/131.json,1
2025,综合,131,华东师范大学,423146,03,物理、化学(2科必选),080902,软件工程,23,7000,四年,https://static-data.gaokao.cn/www/2.0/schoolspecialplan/131/2025/31.json?a=www.gaokao.cn,data/shanghai/raw/plan_api/static/2025/131.json,1
2025,综合,131,华东师范大学,423146,03,物理、化学(2科必选),080704,微电子科学与工程,17,7000,四年,https://static-data.gaokao.cn/www/2.0/schoolspecialplan/131/2025/31.json?a=www.gaokao.cn,data/shanghai/raw/plan_api/static/2025/131.json,1
2025,综合,131,华东师范大学,423146,03,物理、化学(2科必选),080901,计算机科学与技术,16,7000,四年,https://static-data.gaokao.cn/www/2.0/schoolspecialplan/131/2025/31.json?a=www.gaokao.cn,data/shanghai/raw/plan_api/static/2025/131.json,1
2025,综合,131,华东师范大学,423146,03,物理、化学(2科必选),080910T,数据科学与大数据技术,15,7000,四年,https://static-data.gaokao.cn/www/2.0/schoolspecialplan/131/2025/31.json?a=www.gaokao.cn,data/shanghai/raw/plan_api/static/2025/131.json,1
2025,综合,131,华东师范大学,423146,03,物理、化学(2科必选),0712,统计学类,13,7700,四年,https://static-data.gaokao.cn/www/2.0/schoolspecialplan/131/2025/31.json?a=www.gaokao.cn,data/shanghai/raw/plan_api/static/2025/131.json,1
2025,综合,131,华东师范大学,423146,03,物理、化学(2科必选),070101,数学与应用数学,11,7000,四年,https://static-data.gaokao.cn/www/2.0/schoolspecialplan/131/2025/31.json?a=www.gaokao.cn,data/shanghai/raw/plan_api/static/2025/131.json,1
2025,综合,131,华东师范大学,423168,Q4,物理、化学(2科必选),101008T,听力与言语康复学,10,7400,四年,https://static-data.gaokao.cn/www/2.0/schoolspecialplan/131/2025/31.json?a=www.gaokao.cn,data/shanghai/raw/plan_api/static/2025/131.json,0
2025,综合,131,华东师范大学,423161,01,不限,050101,汉语言文学,7,6500,四年,https://static-data.gaokao.cn/www/2.0/schoolspecialplan/131/2025/31.json?a=www.gaokao.cn,data/shanghai/raw/plan_api/static/2025/131.json,1
2025,综合,131,华东师范大学,423146,03,物理、化学(2科必选),0711,心理学类,6,7000,四年,https://static-data.gaokao.cn/www/2.0/schoolspecialplan/131/2025/31.json?a=www.gaokao.cn,data/shanghai/raw/plan_api/static/2025/131.json,1
2025,综合,131,华东师范大学,423146,03,物理、化学(2科必选),071201,统计学,6,7700,四年,https://static-data.gaokao.cn/www/2.0/schoolspecialplan/131/2025/31.json?a=www.gaokao.cn,data/shanghai/raw/plan_api/static/2025/131.json,1
2025,综合,131,华东师范大学,423146,03,物理、化学(2科必选),080703,通信工程,3,7000,四年,https://static-data.gaokao.cn/www/2.0/schoolspecialplan/131/2025/31.json?a=www.gaokao.cn,data/shanghai/raw/plan_api/static/2025/131.json,1
2025,综合,131,华东师范大学,423161,01,不限,060101,历史学,5,6500,四年,https://static-data.gaokao.cn/www/2.0/schoolspecialplan/131/2025/31.json?a=www.gaokao.cn,data/shanghai/raw/plan_api/static/2025/131.json,1
2025,综合,131,华东师范大学,423161,01,不限,050103,汉语国际教育,5,6500,四年,https://static-data.gaokao.cn/www/2.0/schoolspecialplan/131/2025/31.json?a=www.gaokao.cn,data/shanghai/raw/plan_api/static/2025/131.json,1
2025,综合,131,华东师范大学,423146,03,物理、化学(2科必选),070201,物理学,2,7000,四年,https://static-data.gaokao.cn/www/2.0/schoolspecialplan/131/2025/31.json?a=www.gaokao.cn,data/shanghai/raw/plan_api/static/2025/131.json,1
2025,综合,131,华东师范大学,423167,Q5,不限,130305,广播电视编导,4,13000,四年,https://static-data.gaokao.cn/www/2.0/schoolspecialplan/131/2025/31.json?a=www.gaokao.cn,data/shanghai/raw/plan_api/static/2025/131.json,0
2025,综合,131,华东师范大学,423161,01,不限,050201,英语,3,6500,四年,https://static-data.gaokao.cn/www/2.0/schoolspecialplan/131/2025/31.json?a=www.gaokao.cn,data/shanghai/raw/plan_api/static/2025/131.json,1
2025,综合,131,华东师范大学,423146,03,物理、化学(2科必选),0710,生物科学类,2,7000,四年,https://static-data.gaokao.cn/www/2.0/schoolspecialplan/131/2025/31.json?a=www.gaokao.cn,data/shanghai/raw/plan_api/static/2025/131.json,1
2025,综合,131,华东师范大学,423146,03,物理、化学(2科必选),070301,化学,3,7000,四年,https://static-data.gaokao.cn/www/2.0/schoolspecialplan/131/2025/31.json?a=www.gaokao.cn,data/shanghai/raw/plan_api/static/2025/131.json,1
2025,综合,131,华东师范大学,423161,01,不限,0503,新闻传播学类,3,6500,四年,https://static-data.gaokao.cn/www/2.0/schoolspecialplan/131/2025/31.json?a=www.gaokao.cn,data/shanghai/raw/plan_api/static/2025/131.json,1
2025,综合,131,华东师范大学,423161,01,不限,010101,哲学,3,6500,四年,https://static-data.gaokao.cn/www/2.0/schoolspecialplan/131/2025/31.json?a=www.gaokao.cn,data/shanghai/raw/plan_api/static/2025/131.json,1
2025,综合,131,华东师范大学,423146,03,物理、化学(2科必选),071101,心理学,3,7000,四年,https://static-data.gaokao.cn/www/2.0/schoolspecialplan/131/2025/31.json?a=www.gaokao.cn,data/shanghai/raw/plan_api/static/2025/131.json,1
2025,综合,131,华东师范大学,423146,03,物理、化学(2科必选),080714T,电子信息科学与技术,2,7000,四年,https://static-data.gaokao.cn/www/2.0/schoolspecialplan/131/2025/31.json?a=www.gaokao.cn,data/shanghai/raw/plan_api/static/2025/131.json,1
2025,综合,132,复旦大学,423142,02,物理、化学(2科必选),95968,经济管理试验班,5,6500,四年,https://static-data.gaokao.cn/www/2.0/schoolspecialplan/132/2025/31.json?a=www.gaokao.cn,data/shanghai/raw/plan_api/static/2025/132.json,1
2025,综合,132,复旦大学,423142,02,物理、化学(2科必选),858857,理科试验班,5,7000,四年,https://static-data.gaokao.cn/www/2.0/schoolspecialplan/132/2025/31.json?a=www.gaokao.cn,data/shanghai/raw/plan_api/static/2025/132.json,1
2025,综合,132,复旦大学,423142,02,物理、化学(2科必选),0701,数学类,2,7000,四年,https://static-data.gaokao.cn/www/2.0/schoolspecialplan/132/2025/31.json?a=www.gaokao.cn,data/shanghai/raw/plan_api/static/2025/132.json,1
2025,综合,132,复旦大学,423142,02,物理、化学(2科必选),202866,工科试验班,2,7000,四年,https://static-data.gaokao.cn/www/2.0/schoolspecialplan/132/2025/31.json?a=www.gaokao.cn,data/shanghai/raw/plan_api/static/2025/132.json,1
2025,综合,132,复旦大学,423142,02,物理、化学(2科必选),080407,高分子材料与工程,2,7000,四年,https://static-data.gaokao.cn/www/2.0/schoolspecialplan/132/2025/31.json?a=www.gaokao.cn,data/shanghai/raw/plan_api/static/2025/132.json,1
2025,综合,132,复旦大学,423142,02,物理、化学(2科必选),080901,计算机科学与技术,2,7000,四年,https://static-data.gaokao.cn/www/2.0/schoolspecialplan/132/2025/31.json?a=www.gaokao.cn,data/shanghai/raw/plan_api/static/2025/132.json,1
2025,综合,132,复旦大学,423142,02,物理、化学(2科必选),080910T,数据科学与大数据技术,2,7000,四年,https://static-data.gaokao.cn/www/2.0/schoolspecialplan/132/2025/31.json?a=www.gaokao.cn,data/shanghai/raw/plan_api/static/2025/132.json,1
2025,综合,132,复旦大学,423142,02,物理、化学(2科必选),071101,心理学,2,7000,四年,https://static-data.gaokao.cn/www/2.0/schoolspecialplan/132/2025/31.json?a=www.gaokao.cn,data/shanghai/raw/plan_api/static/2025/132.json,1
2025,综合,132,复旦大学,423142,02,物理、化学(2科必选),0710,生物科学类,2,7000,四年,https://static-data.gaokao.cn/www/2.0/schoolspecialplan/132/2025/31.json?a=www.gaokao.cn,data/shanghai/raw/plan_api/static/2025/132.json,1
2025,综合,132,复旦大学,423142,02,物理、化学(2科必选),0702,物理学类,2,7000,四年,https://static-data.gaokao.cn/www/2.0/schoolspecialplan/132/2025/31.json?a=www.gaokao.cn,data/shanghai/raw/plan_api/static/2025/132.json,1
2025,综合,132,复旦大学,423142,02,物理、化学(2科必选),0703,化学类,2,7000,四年,https://static-data.gaokao.cn/www/2.0/schoolspecialplan/132/2025/31.json?a=www.gaokao.cn,data/shanghai/raw/plan_api/static/2025/132.json,1
2025,综合,132,复旦大学,423142,02,物理、化学(2科必选),020310T,金融科技,2,6500,四年,https://static-data.gaokao.cn/www/2.0/schoolspecialplan/132/2025/31.json?a=www.gaokao.cn,data/shanghai/raw/plan_api/static/2025/132.json,1
2025,综合,132,复旦大学,423145,Q3,物理、化学(2科必选),082201,核工程与核技术,8,7000,四年,https://static-data.gaokao.cn/www/2.0/schoolspecialplan/132/2025/31.json?a=www.gaokao.cn,data/shanghai/raw/plan_api/static/2025/132.json,0
2025,综合,132,复旦大学,423151,01,不限,0201,经济学类,3,6500,四年,https://static-data.gaokao.cn/www/2.0/schoolspecialplan/132/2025/31.json?a=www.gaokao.cn,data/shanghai/raw/plan_api/static/2025/132.json,1
2025,综合,132,复旦大学,423151,01,不限,95970,社会科学试验班,2,6500,四年,https://static-data.gaokao.cn/www/2.0/schoolspecialplan/132/2025/31.json?a=www.gaokao.cn,data/shanghai/raw/plan_api/static/2025/132.json,1
2025,综合,132,复旦大学,423151,01,不限,0503,新闻传播学类,4,6500,四年,https://static-data.gaokao.cn/www/2.0/schoolspecialplan/132/2025/31.json?a=www.gaokao.cn,data/shanghai/raw/plan_api/static/2025/132.json,1
2025,综合,132,复旦大学,423151,01,不限,0101,哲学类,4,6500,四年,https://static-data.gaokao.cn/www/2.0/schoolspecialplan/132/2025/31.json?a=www.gaokao.cn,data/shanghai/raw/plan_api/static/2025/132.json,1
2025,综合,132,复旦大学,423151,01,不限,030101K,法学,3,6500,四年,https://static-data.gaokao.cn/www/2.0/schoolspecialplan/132/2025/31.json?a=www.gaokao.cn,data/shanghai/raw/plan_api/static/2025/132.json,1
2025,综合,132,复旦大学,423151,01,不限,0501,中国语言文学类,3,6500,四年,https://static-data.gaokao.cn/www/2.0/schoolspecialplan/132/2025/31.json?a=www.gaokao.cn,data/shanghai/raw/plan_api/static/2025/132.json,1
2025,综合,132,复旦大学,423151,01,不限,0601,历史学类,2,6500,四年,https://static-data.gaokao.cn/www/2.0/schoolspecialplan/132/2025/31.json?a=www.gaokao.cn,data/shanghai/raw/plan_api/static/2025/132.json,1
2025,综合,132,复旦大学,423151,01,不限,050201,英语,2,6500,四年,https://static-data.gaokao.cn/www/2.0/schoolspecialplan/132/2025/31.json?a=www.gaokao.cn,data/shanghai/raw/plan_api/static/2025/132.json,1
2025,综合,132,复旦大学,423151,01,不限,060104,文物与博物馆学,2,6500,四年,https://static-data.gaokao.cn/www/2.0/schoolspecialplan/132/2025/31.json?a=www.gaokao.cn,data/shanghai/raw/plan_api/static/2025/132.json,1
2025,综合,132,复旦大学,423151,01,不限,050301,新闻学,2,6500,四年,https://static-data.gaokao.cn/www/2.0/schoolspecialplan/132/2025/31.json?a=www.gaokao.cn,data/shanghai/raw/plan_api/static/2025/132.json,1
2025,综合,133,华东理工大学,423139,01,物理、化学(2科必选),1376469,工科试验班,7,7000,四年,https://static-data.gaokao.cn/www/2.0/schoolspecialplan/133/2025/31.json?a=www.gaokao.cn,data/shanghai/raw/plan_api/static/2025/133.json,1
2025,综合,133,华东理工大学,423139,01,物理、化学(2科必选),0804,材料类,43,7700,四年,https://static-data.gaokao.cn/www/2.0/schoolspecialplan/133/2025/31.json?a=www.gaokao.cn,data/shanghai/raw/plan_api/static/2025/133.json,1
2025,综合,133,华东理工大学,423139,01,物理、化学(2科必选),0830,生物工程类,25,7000,四年,https://static-data.gaokao.cn/www/2.0/schoolspecialplan/133/2025/31.json?a=www.gaokao.cn,data/shanghai/raw/plan_api/static/2025/133.json,1
2025,综合,133,华东理工大学,423139,01,物理、化学(2科必选),0703,化学类,17,7700,四年,https://static-data.gaokao.cn/www/2.0/schoolspecialplan/133/2025/31.json?a=www.gaokao.cn,data/shanghai/raw/plan_api/static/2025/133.json,1
2025,综合,133,华东理工大学,423139,01,物理、化学(2科必选),100701,药学,17,7000,四年,https://static-data.gaokao.cn/www/2.0/schoolspecialplan/133/2025/31.json?a=www.gaokao.cn,data/shanghai/raw/plan_api/static/2025/133.json,1
2025,综合,133,华东理工大学,423139,01,物理、化学(2科必选),080407,高分子材料与工程,15,,四年,https://static-data.gaokao.cn/www/2.0/schoolspecialplan/133/2025/31.json?a=www.gaokao.cn,data/shanghai/raw/plan_api/static/2025/133.json,1
2025,综合,133,华东理工大学,423139,01,物理、化学(2科必选),1201,管理科学与工程类,15,6500,四年,https://static-data.gaokao.cn/www/2.0/schoolspecialplan/133/2025/31.json?a=www.gaokao.cn,data/shanghai/raw/plan_api/static/2025/133.json,1
2025,综合,133,华东理工大学,423139,01,物理、化学(2科必选),081301,化学工程与工艺,13,7700,四年,https://static-data.gaokao.cn/www/2.0/schoolspecialplan/133/2025/31.json?a=www.gaokao.cn,data/shanghai/raw/plan_api/static/2025/133.json,1
2025,综合,133,华东理工大学,423139,01,物理、化学(2科必选),070301,化学,10,7700,四年,https://static-data.gaokao.cn/www/2.0/schoolspecialplan/133/2025/31.json?a=www.gaokao.cn,data/shanghai/raw/plan_api/static/2025/133.json,1
2025,综合,133,华东理工大学,423139,01,物理、化学(2科必选),080501,能源与动力工程,8,7000,四年,https://static-data.gaokao.cn/www/2.0/schoolspecialplan/133/2025/31.json?a=www.gaokao.cn,data/shanghai/raw/plan_api/static/2025/133.json,1
2025,综合,133,华东理工大学,423139,01,物理、化学(2科必选),082502,环境工程,4,7000,四年,https://static-data.gaokao.cn/www/2.0/schoolspecialplan/133/2025/31.json?a=www.gaokao.cn,data/shanghai/raw/plan_api/static/2025/133.json,1
2025,综合,133,华东理工大学,423148,03,不限,0201,经济学类,45,6500,四年,https://static-data.gaokao.cn/www/2.0/schoolspecialplan/133/2025/31.json?a=www.gaokao.cn,data/shanghai/raw/plan_api/static/2025/133.json,1
2025,综合,133,华东理工大学,423149,02,物理、化学(2科必选),0807,电子信息类,40,7000,四年,https://static-data.gaokao.cn/www/2.0/schoolspecialplan/133/2025/31.json?a=www.gaokao.cn,data/shanghai/raw/plan_api/static/2025/133.json,1
2025,综合,133,华东理工大学,423149,02,物理、化学(2科必选),0809,计算机类,38,7000,四年,https://static-data.gaokao.cn/www/2.0/schoolspecialplan/133/2025/31.json?a=www.gaokao.cn,data/shanghai/raw/plan_api/static/2025/133.json,1
2025,综合,133,华东理工大学,423148,03,不限,1202,工商管理类,36,6500,四年,https://static-data.gaokao.cn/www/2.0/schoolspecialplan/133/2025/31.json?a=www.gaokao.cn,data/shanghai/raw/plan_api/static/2025/133.json,1
2025,综合,133,华东理工大学,423149,02,物理、化学(2科必选),0802,机械类,30,7000,四年,https://static-data.gaokao.cn/www/2.0/schoolspecialplan/133/2025/31.json?a=www.gaokao.cn,data/shanghai/raw/plan_api/static/2025/133.json,1
2025,综合,133,华东理工大学,423149,02,物理、化学(2科必选),1376469,工科试验班,28,7000,四年,https://static-data.gaokao.cn/www/2.0/schoolspecialplan/133/2025/31.json?a=www.gaokao.cn,data/shanghai/raw/plan_api/static/2025/133.json,1
2025,综合,133,华东理工大学,423148,03,不限,1204,公共管理类,25,6500,四年,https://static-data.gaokao.cn/www/2.0/schoolspecialplan/133/2025/31.json?a=www.gaokao.cn,data/shanghai/raw/plan_api/static/2025/133.json,1
2025,综合,133,华东理工大学,423149,02,物理、化学(2科必选),0701,数学类,25,7000,四年,https://static-data.gaokao.cn/www/2.0/schoolspecialplan/133/2025/31.json?a=www.gaokao.cn,data/shanghai/raw/plan_api/static/2025/133.json,1
2025,综合,133,华东理工大学,423149,02,物理、化学(2科必选),0702,物理学类,15,7000,四年,https://static-data.gaokao.cn/www/2.0/schoolspecialplan/133/2025/31.json?a=www.gaokao.cn,data/shanghai/raw/plan_api/static/2025/133.json,1
2025,综合,133,华东理工大学,423148,03,不限,030101K,法学,12,6500,四年,https://static-data.gaokao.cn/www/2.0/schoolspecialplan/133/2025/31.json?a=www.gaokao.cn,data/shanghai/raw/plan_api/static/2025/133.json,1
2025,综合,133,华东理工大学,423148,03,不限,0502,外国语言文学类,11,6500,四年,https://static-data.gaokao.cn/www/2.0/schoolspecialplan/133/2025/31.json?a=www.gaokao.cn,data/shanghai/raw/plan_api/static/2025/133.json,1
2025,综合,133,华东理工大学,423149,02,物理、化学(2科必选),080205,工业设计,7,7000,四年,https://static-data.gaokao.cn/www/2.0/schoolspecialplan/133/2025/31.json?a=www.gaokao.cn,data/shanghai/raw/plan_api/static/2025/133.json,1
2025,综合,133,华东理工大学,423149,02,物理、化学(2科必选),080901,计算机科学与技术,6,7000,四年,https://static-data.gaokao.cn/www/2.0/schoolspecialplan/133/2025/31.json?a=www.gaokao.cn,data/shanghai/raw/plan_api/static/2025/133.json,1
2025,综合,133,华东理工大学,423148,03,不限,082803,风景园林,6,7000,四年,https://static-data.gaokao.cn/www/2.0/schoolspecialplan/133/2025/31.json?a=www.gaokao.cn,data/shanghai/raw/plan_api/static/2025/133.json,1
2025,综合,134,建桥学院,423158,01,物理、化学(2科必选),0802,机械类,3,6240,四年,https://static-data.gaokao.cn/www/2.0/schoolspecialplan/134/2025/31.json?a=www.gaokao.cn,data/shanghai/raw/plan_api/static/2025/134.json,1
2025,综合,134,建桥学院,423158,01,物理、化学(2科必选),0809,计算机类,3,16000,四年,https://static-data.gaokao.cn/www/2.0/schoolspecialplan/134/2025/31.json?a=www.gaokao.cn,data/shanghai/raw/plan_api/static/2025/134.json,1
2025,综合,134,建桥学院,423158,01,物理、化学(2科必选),080213T,智能制造工程,2,6240,四年,https://static-data.gaokao.cn/www/2.0/schoolspecialplan/134/2025/31.json?a=www.gaokao.cn,data/shanghai/raw/plan_api/static/2025/134.json,1
2025,综合,135,东华大学,423143,01,物理、化学(2科必选),0807,电子信息类,53,7000,四年,https://static-data.gaokao.cn/www/2.0/schoolspecialplan/135/2025/31.json?a=www.gaokao.cn,data/shanghai/raw/plan_api/static/2025/135.json,1
2025,综合,135,东华大学,423143,01,物理、化学(2科必选),0809,计算机类,35,7000,四年,https://static-data.gaokao.cn/www/2.0/schoolspecialplan/135/2025/31.json?a=www.gaokao.cn,data/shanghai/raw/plan_api/static/2025/135.json,1
2025,综合,135,东华大学,423143,01,物理、化学(2科必选),0701,数学类,21,7000,四年,https://static-data.gaokao.cn/www/2.0/schoolspecialplan/135/2025/31.json?a=www.gaokao.cn,data/shanghai/raw/plan_api/static/2025/135.json,1
2025,综合,135,东华大学,423143,01,物理、化学(2科必选),080201,机械工程,13,7000,四年,https://static-data.gaokao.cn/www/2.0/schoolspecialplan/135/2025/31.json?a=www.gaokao.cn,data/shanghai/raw/plan_api/static/2025/135.json,1
2025,综合,135,东华大学,423143,01,物理、化学(2科必选),080205,工业设计,13,7000,四年,https://static-data.gaokao.cn/www/2.0/schoolspecialplan/135/2025/31.json?a=www.gaokao.cn,data/shanghai/raw/plan_api/static/2025/135.json,1
2025,综合,135,东华大学,423143,01,物理、化学(2科必选),0702,物理学类,13,7000,四年,https://static-data.gaokao.cn/www/2.0/schoolspecialplan/135/2025/31.json?a=www.gaokao.cn,data/shanghai/raw/plan_api/static/2025/135.json,1
2025,综合,135,东华大学,423143,01,物理、化学(2科必选),1201,管理科学与工程类,12,6500,四年,https://static-data.gaokao.cn/www/2.0/schoolspecialplan/135/2025/31.json?a=www.gaokao.cn,data/shanghai/raw/plan_api/static/2025/135.json,1
2025,综合,135,东华大学,423143,01,物理、化学(2科必选),080717T,人工智能,11,7000,四年,https://static-data.gaokao.cn/www/2.0/schoolspecialplan/135/2025/31.json?a=www.gaokao.cn,data/shanghai/raw/plan_api/static/2025/135.json,1
2025,综合,135,东华大学,423143,01,物理、化学(2科必选),95550,理科试验班,10,7000,四年,https://static-data.gaokao.cn/www/2.0/schoolspecialplan/135/2025/31.json?a=www.gaokao.cn,data/shanghai/raw/plan_api/static/2025/135.json,1
2025,综合,135,东华大学,423143,01,物理、化学(2科必选),080213T,智能制造工程,10,7000,四年,https://static-data.gaokao.cn/www/2.0/schoolspecialplan/135/2025/31.json?a=www.gaokao.cn,data/shanghai/raw/plan_api/static/2025/135.json,1
2025,综合,135,东华大学,423143,01,物理、化学(2科必选),0825,环境科学与工程类,6,7000,四年,https://static-data.gaokao.cn/www/2.0/schoolspecialplan/135/2025/31.json?a=www.gaokao.cn,data/shanghai/raw/plan_api/static/2025/135.json,1
2025,综合,135,东华大学,423143,01,物理、化学(2科必选),080910T,数据科学与大数据技术,5,7000,四年,https://static-data.gaokao.cn/www/2.0/schoolspecialplan/135/2025/31.json?a=www.gaokao.cn,data/shanghai/raw/plan_api/static/2025/135.json,1
2025,综合,135,东华大学,423143,01,物理、化学(2科必选),080907T,智能科学与技术,5,7000,四年,https://static-data.gaokao.cn/www/2.0/schoolspecialplan/135/2025/31.json?a=www.gaokao.cn,data/shanghai/raw/plan_api/static/2025/135.json,1
2025,综合,135,东华大学,423154,03,不限,95539,经济管理试验班,25,6500,四年,https://static-data.gaokao.cn/www/2.0/schoolspecialplan/135/2025/31.json?a=www.gaokao.cn,data/shanghai/raw/plan_api/static/2025/135.json,1
2025,综合,135,东华大学,423147,02,物理、化学(2科必选),0804,材料类,20,7700,四年,https://static-data.gaokao.cn/www/2.0/schoolspecialplan/135/2025/31.json?a=www.gaokao.cn,data/shanghai/raw/plan_api/static/2025/135.json,1
2025,综合,135,东华大学,423154,03,不限,0503,新闻传播学类,17,6500,四年,https://static-data.gaokao.cn/www/2.0/schoolspecialplan/135/2025/31.json?a=www.gaokao.cn,data/shanghai/raw/plan_api/static/2025/135.json,1
2025,综合,135,东华大学,423154,03,不限,0204,经济与贸易类,13,6500,四年,https://static-data.gaokao.cn/www/2.0/schoolspecialplan/135/2025/31.json?a=www.gaokao.cn,data/shanghai/raw/plan_api/static/2025/135.json,1
2025,综合,135,东华大学,423147,02,物理、化学(2科必选),081601,纺织工程,10,7700,四年,https://static-data.gaokao.cn/www/2.0/schoolspecialplan/135/2025/31.json?a=www.gaokao.cn,data/shanghai/raw/plan_api/static/2025/135.json,1
2025,综合,135,东华大学,423154,03,不限,95540,社会科学试验班,10,6500,四年,https://static-data.gaokao.cn/www/2.0/schoolspecialplan/135/2025/31.json?a=www.gaokao.cn,data/shanghai/raw/plan_api/static/2025/135.json,1
2025,综合,135,东华大学,423147,02,物理、化学(2科必选),080412T,功能材料,8,7700,四年,https://static-data.gaokao.cn/www/2.0/schoolspecialplan/135/2025/31.json?a=www.gaokao.cn,data/shanghai/raw/plan_api/static/2025/135.json,1
2025,综合,135,东华大学,423154,03,不限,050201,英语,8,6500,四年,https://static-data.gaokao.cn/www/2.0/schoolspecialplan/135/2025/31.json?a=www.gaokao.cn,data/shanghai/raw/plan_api/static/2025/135.json,1
2025,综合,135,东华大学,423147,02,物理、化学(2科必选),95550,理科试验班,8,7000,四年,https://static-data.gaokao.cn/www/2.0/schoolspecialplan/135/2025/31.json?a=www.gaokao.cn,data/shanghai/raw/plan_api/static/2025/135.json,1
2025,综合,135,东华大学,423147,02,物理、化学(2科必选),081602,服装设计与工程,7,7700,四年,https://static-data.gaokao.cn/www/2.0/schoolspecialplan/135/2025/31.json?a=www.gaokao.cn,data/shanghai/raw/plan_api/static/2025/135.json,1
2025,综合,135,东华大学,423147,02,物理、化学(2科必选),083001,生物工程,6,7000,四年,https://static-data.gaokao.cn/www/2.0/schoolspecialplan/135/2025/31.json?a=www.gaokao.cn,data/shanghai/raw/plan_api/static/2025/135.json,1
2025,综合,135,东华大学,423154,03,不限,050207,日语,5,6500,四年,https://static-data.gaokao.cn/www/2.0/schoolspecialplan/135/2025/31.json?a=www.gaokao.cn,data/shanghai/raw/plan_api/static/2025/135.json,1
2025,综合,135,东华大学,423147,02,物理、化学(2科必选),082601,生物医学工程,4,7000,四年,https://static-data.gaokao.cn/www/2.0/schoolspecialplan/135/2025/31.json?a=www.gaokao.cn,data/shanghai/raw/plan_api/static/2025/135.json,1
2025,综合,135,东华大学,423147,02,物理、化学(2科必选),0816,纺织类,3,7700,四年,https://static-data.gaokao.cn/www/2.0/schoolspecialplan/135/2025/31.json?a=www.gaokao.cn,data/shanghai/raw/plan_api/static/2025/135.json,1
2025,综合,135,东华大学,423147,02,物理、化学(2科必选),0703,化学类,3,7000,四年,https://static-data.gaokao.cn/www/2.0/schoolspecialplan/135/2025/31.json?a=www.gaokao.cn,data/shanghai/raw/plan_api/static/2025/135.json,1
2025,综合,136,上海外国语大学,423152,04,思想政治必选,030203,外交学,1,7310,四年,https://static-data.gaokao.cn/www/2.0/schoolspecialplan/136/2025/31.json?a=www.gaokao.cn,data/shanghai/raw/plan_api/static/2025/136.json,1
2025,综合,136,上海外国语大学,423159,05,物理、化学(2科必选),080910T,数据科学与大数据技术,12,7000,四年,https://static-data.gaokao.cn/www/2.0/schoolspecialplan/136/2025/31.json?a=www.gaokao.cn,data/shanghai/raw/plan_api/static/2025/136.json,1
2025,综合,136,上海外国语大学,423163,02,不限,030101K,法学,10,6500,四年,https://static-data.gaokao.cn/www/2.0/schoolspecialplan/136/2025/31.json?a=www.gaokao.cn,data/shanghai/raw/plan_api/static/2025/136.json,1
2025,综合,136,上海外国语大学,423163,02,不限,0503,新闻传播学类,10,6500,四年,https://static-data.gaokao.cn/www/2.0/schoolspecialplan/136/2025/31.json?a=www.gaokao.cn,data/shanghai/raw/plan_api/static/2025/136.json,1
2025,综合,136,上海外国语大学,423162,03,物理必选,1201,管理科学与工程类,10,6500,四年,https://static-data.gaokao.cn/www/2.0/schoolspecialplan/136/2025/31.json?a=www.gaokao.cn,data/shanghai/raw/plan_api/static/2025/136.json,1
2025,综合,136,上海外国语大学,423163,02,不限,020301K,金融学,8,6500,四年,https://static-data.gaokao.cn/www/2.0/schoolspecialplan/136/2025/31.json?a=www.gaokao.cn,data/shanghai/raw/plan_api/static/2025/136.json,1
2025,综合,136,上海外国语大学,423153,01,不限,050201,英语,8,7150,四年,https://static-data.gaokao.cn/www/2.0/schoolspecialplan/136/2025/31.json?a=www.gaokao.cn,data/shanghai/raw/plan_api/static/2025/136.json,1
2025,综合,136,上海外国语大学,423162,03,物理必选,020308T,精算学,8,6500,四年,https://static-data.gaokao.cn/www/2.0/schoolspecialplan/136/2025/31.json?a=www.gaokao.cn,data/shanghai/raw/plan_api/static/2025/136.json,1
2025,综合,136,上海外国语大学,423153,01,不限,050261,翻译,6,7150,四年,https://static-data.gaokao.cn/www/2.0/schoolspecialplan/136/2025/31.json?a=www.gaokao.cn,data/shanghai/raw/plan_api/static/2025/136.json,1
2025,综合,136,上海外国语大学,423153,01,不限,050203,德语,6,7150,四年,https://static-data.gaokao.cn/www/2.0/schoolspecialplan/136/2025/31.json?a=www.gaokao.cn,data/shanghai/raw/plan_api/static/2025/136.json,1
2025,综合,136,上海外国语大学,423153,01,不限,050262,商务英语,6,7150,四年,https://static-data.gaokao.cn/www/2.0/schoolspecialplan/136/2025/31.json?a=www.gaokao.cn,data/shanghai/raw/plan_api/static/2025/136.json,1
2025,综合,136,上海外国语大学,423163,02,不限,120203K,会计学,6,6500,四年,https://static-data.gaokao.cn/www/2.0/schoolspecialplan/136/2025/31.json?a=www.gaokao.cn,data/shanghai/raw/plan_api/static/2025/136.json,1
2025,综合,136,上海外国语大学,423153,01,不限,050204,法语,6,7150,四年,https://static-data.gaokao.cn/www/2.0/schoolspecialplan/136/2025/31.json?a=www.gaokao.cn,data/shanghai/raw/plan_api/static/2025/136.json,1
2025,综合,136,上海外国语大学,423163,02,不限,1202,工商管理类,6,6500,四年,https://static-data.gaokao.cn/www/2.0/schoolspecialplan/136/2025/31.json?a=www.gaokao.cn,data/shanghai/raw/plan_api/static/2025/136.json,1
2025,综合,136,上海外国语大学,423153,01,不限,050205,西班牙语,3,7150,四年,https://static-data.gaokao.cn/www/2.0/schoolspecialplan/136/2025/31.json?a=www.gaokao.cn,data/shanghai/raw/plan_api/static/2025/136.json,1
2025,综合,136,上海外国语大学,423163,02,不限,020401,国际经济与贸易,2,6500,四年,https://static-data.gaokao.cn/www/2.0/schoolspecialplan/136/2025/31.json?a=www.gaokao.cn,data/shanghai/raw/plan_api/static/2025/136.json,1
2025,综合,136,上海外国语大学,423163,02,不限,050103,汉语国际教育,2,6500,四年,https://static-data.gaokao.cn/www/2.0/schoolspecialplan/136/2025/31.json?a=www.gaokao.cn,data/shanghai/raw/plan_api/static/2025/136.json,1
2025,综合,137,东北农业大学,423160,03,不限,120201K,工商管理,1,5000,四年,https://static-data.gaokao.cn/www/2.0/schoolspecialplan/137/2025/31.json?a=www.gaokao.cn,data/shanghai/raw/plan_api/static/2025/137.json,1
2025,综合,137,东北农业大学,423169,02,物理、化学(2科必选),0827,食品科学与工程类,2,5500,四年,https://static-data.gaokao.cn/www/2.0/schoolspecialplan/137/2025/31.json?a=www.gaokao.cn,data/shanghai/raw/plan_api/static/2025/137.json,1
2025,综合,137,东北农业大学,423164,01,不限,0203,金融学类,2,3500,四年,https://static-data.gaokao.cn/www/2.0/schoolspecialplan/137/2025/31.json?a=www.gaokao.cn,data/shanghai/raw/plan_api/static/2025/137.json,1
2025,综合,138,大连理工大学,423156,01,物理、化学(2科必选),080717T,人工智能,1,6240,四年,https://static-data.gaokao.cn/www/2.0/schoolspecialplan/138/2025/31.json?a=www.gaokao.cn,data/shanghai/raw/plan_api/static/2025/138.json,1
2025,综合,138,大连理工大学,423156,01,物理、化学(2科必选),080901,计算机科学与技术,1,6240,四年,https://static-data.gaokao.cn/www/2.0/schoolspecialplan/138/2025/31.json?a=www.gaokao.cn,data/shanghai/raw/plan_api/static/2025/138.json,1
2025,综合,138,大连理工大学,423165,02,物理、化学(2科必选),080202,机械设计制造及其自动化,4,85000,四年,https://static-data.gaokao.cn/www/2.0/schoolspecialplan/138/2025/31.json?a=www.gaokao.cn,data/shanghai/raw/plan_api/static/2025/138.json,0
2025,综合,139,太原理工大学,423166,01,物理、化学(2科必选),080202,机械设计制造及其自动化,2,5500,四年,https://static-data.gaokao.cn/www/2.0/schoolspecialplan/139/2025/31.json?a=www.gaokao.cn,data/shanghai/raw/plan_api/static/2025/139.json,1
2025,综合,139,太原理工大学,423166,01,物理、化学(2科必选),080801,自动化,2,5500,四年,https://static-data.gaokao.cn/www/2.0/schoolspecialplan/139/2025/31.json?a=www.gaokao.cn,data/shanghai/raw/plan_api/static/2025/139.json,1
2025,综合,139,太原理工大学,423166,01,物理、化学(2科必选),080910T,数据科学与大数据技术,2,5500,四年,https://static-data.gaokao.cn/www/2.0/schoolspecialplan/139/2025/31.json?a=www.gaokao.cn,data/shanghai/raw/plan_api/static/2025/139.json,1
2025,综合,139,太原理工大学,423166,01,物理、化学(2科必选),080303T,智能感知工程,2,5500,四年,https://static-data.gaokao.cn/www/2.0/schoolspecialplan/139/2025/31.json?a=www.gaokao.cn,data/shanghai/raw/plan_api/static/2025/139.json,1
2025,综合,142,东北师范大学,423172,01,不限,0201,经济学类,3,6070,四年,https://static-data.gaokao.cn/www/2.0/schoolspecialplan/142/2025/31.json?a=www.gaokao.cn,data/shanghai/raw/plan_api/static/2025/142.json,1
2025,综合,142,东北师范大学,423172,01,不限,050101,汉语言文学,2,5810,四年,https://static-data.gaokao.cn/www/2.0/schoolspecialplan/142/2025/31.json?a=www.gaokao.cn,data/shanghai/raw/plan_api/static/2025/142.json,1
2025,综合,142,东北师范大学,423179,03,不限,120203K,会计学,4,37000,四年,https://static-data.gaokao.cn/www/2.0/schoolspecialplan/142/2025/31.json?a=www.gaokao.cn,data/shanghai/raw/plan_api/static/2025/142.json,0
2025,综合,142,东北师范大学,423183,02,物理、化学(2科必选),0702,物理学类,3,6320,四年,https://static-data.gaokao.cn/www/2.0/schoolspecialplan/142/2025/31.json?a=www.gaokao.cn,data/shanghai/raw/plan_api/static/2025/142.json,1
2025,综合,142,东北师范大学,423183,02,物理、化学(2科必选),0710,生物科学类,3,6320,四年,https://static-data.gaokao.cn/www/2.0/schoolspecialplan/142/2025/31.json?a=www.gaokao.cn,data/shanghai/raw/plan_api/static/2025/142.json,1
2025,综合,143,北京理工大学,423173,01,物理、化学(2科必选),97772,工科试验班,2,5500,四年,https://static-data.gaokao.cn/www/2.0/schoolspecialplan/143/2025/31.json?a=www.gaokao.cn,data/shanghai/raw/plan_api/static/2025/143.json,1
2025,综合,143,北京理工大学,423185,Q2,物理、化学(2科必选),97764,理科试验班,26,5500,四年,https://static-data.gaokao.cn/www/2.0/schoolspecialplan/143/2025/31.json?a=www.gaokao.cn,data/shanghai/raw/plan_api/static/2025/143.json,0
2025,综合,144,北京科技大学,423171,02,物理必选,120108T,大数据管理与应用,2,5000,四年,https://static-data.gaokao.cn/www/2.0/schoolspecialplan/144/2025/31.json?a=www.gaokao.cn,data/shanghai/raw/plan_api/static/2025/144.json,1
2025,综合,144,北京科技大学,423176,01,物理、化学(2科必选),080401,材料科学与工程,4,5000,四年,https://static-data.gaokao.cn/www/2.0/schoolspecialplan/144/2025/31.json?a=www.gaokao.cn,data/shanghai/raw/plan_api/static/2025/144.json,1
2025,综合,144,北京科技大学,423182,03,不限,1202,工商管理类,3,5000,四年,https://static-data.gaokao.cn/www/2.0/schoolspecialplan/144/2025/31.json?a=www.gaokao.cn,data/shanghai/raw/plan_api/static/2025/144.json,1
2025,综合,144,北京科技大学,423176,01,物理、化学(2科必选),0802,机械类,2,5000,四年,https://static-data.gaokao.cn/www/2.0/schoolspecialplan/144/2025/31.json?a=www.gaokao.cn,data/shanghai/raw/plan_api/static/2025/144.json,1
2025,综合,144,北京科技大学,423176,01,物理、化学(2科必选),080717T,人工智能,2,5000,四年,https://static-data.gaokao.cn/www/2.0/schoolspecialplan/144/2025/31.json?a=www.gaokao.cn,data/shanghai/raw/plan_api/static/2025/144.json,1
2025,综合,144,北京科技大学,423176,01,物理、化学(2科必选),0809,计算机类,1,5000,四年,https://static-data.gaokao.cn/www/2.0/schoolspecialplan/144/2025/31.json?a=www.gaokao.cn,data/shanghai/raw/plan_api/static/2025/144.json,1
2025,综合,146,南京工程学院,423170,03,不限,120203K,会计学,3,5200,四年,https://static-data.gaokao.cn/www/2.0/schoolspecialplan/146/2025/31.json?a=www.gaokao.cn,data/shanghai/raw/plan_api/static/2025/146.json,1
2025,综合,146,南京工程学院,423170,03,不限,120601,物流管理,3,5200,四年,https://static-data.gaokao.cn/www/2.0/schoolspecialplan/146/2025/31.json?a=www.gaokao.cn,data/shanghai/raw/plan_api/static/2025/146.json,1
2025,综合,146,南京工程学院,423170,03,不限,120204,财务管理,2,5200,四年,https://static-data.gaokao.cn/www/2.0/schoolspecialplan/146/2025/31.json?a=www.gaokao.cn,data/shanghai/raw/plan_api/static/2025/146.json,1
2025,综合,146,南京工程学院,423180,04,物理、化学(2科必选),080902,软件工程,4,51000,四年,https://static-data.gaokao.cn/www/2.0/schoolspecialplan/146/2025/31.json?a=www.gaokao.cn,data/shanghai/raw/plan_api/static/2025/146.json,0
2025,综合,146,南京工程学院,423178,01,物理、化学(2科必选),080803T,机器人工程,3,5800,四年,https://static-data.gaokao.cn/www/2.0/schoolspecialplan/146/2025/31.json?a=www.gaokao.cn,data/shanghai/raw/plan_api/static/2025/146.json,1
2025,综合,146,南京工程学院,423174,02,物理必选,120103,工程管理,3,5200,四年,https://static-data.gaokao.cn/www/2.0/schoolspecialplan/146/2025/31.json?a=www.gaokao.cn,data/shanghai/raw/plan_api/static/2025/146.json,1
2025,综合,146,南京工程学院,423178,01,物理、化学(2科必选),080901,计算机科学与技术,3,5800,四年,https://static-data.gaokao.cn/www/2.0/schoolspecialplan/146/2025/31.json?a=www.gaokao.cn,data/shanghai/raw/plan_api/static/2025/146.json,1
2025,综合,146,南京工程学院,423178,01,物理、化学(2科必选),080717T,人工智能,3,5800,四年,https://static-data.gaokao.cn/www/2.0/schoolspecialplan/146/2025/31.json?a=www.gaokao.cn,data/shanghai/raw/plan_api/static/2025/146.json,1
2025,综合,146,南京工程学院,423174,02,物理必选,120108T,大数据管理与应用,3,5200,四年,https://static-data.gaokao.cn/www/2.0/schoolspecialplan/146/2025/31.json?a=www.gaokao.cn,data/shanghai/raw/plan_api/static/2025/146.json,1
2025,综合,146,南京工程学院,423178,01,物理、化学(2科必选),080701,电子信息工程,2,5800,四年,https://static-data.gaokao.cn/www/2.0/schoolspecialplan/146/2025/31.json?a=www.gaokao.cn,data/shanghai/raw/plan_api/static/2025/146.json,1
2025,综合,147,南京晓庄学院,423175,01,不限,040107,小学教育,2,5200,四年,https://static-data.gaokao.cn/www/2.0/schoolspecialplan/147/2025/31.json?a=www.gaokao.cn,data/shanghai/raw/plan_api/static/2025/147.json,1
2025,综合,147,南京晓庄学院,423175,01,不限,040106,学前教育,2,5200,四年,https://static-data.gaokao.cn/www/2.0/schoolspecialplan/147/2025/31.json?a=www.gaokao.cn,data/shanghai/raw/plan_api/static/2025/147.json,1
2025,综合,147,南京晓庄学院,423175,01,不限,050262,商务英语,1,5200,四年,https://static-data.gaokao.cn/www/2.0/schoolspecialplan/147/2025/31.json?a=www.gaokao.cn,data/shanghai/raw/plan_api/static/2025/147.json,1
2025,综合,149,南京艺术学院,423177,01,不限,130501,艺术设计学,1,9900,四年,https://static-data.gaokao.cn/www/2.0/schoolspecialplan/149/2025/31.json?a=www.gaokao.cn,data/shanghai/raw/plan_api/static/2025/149.json,1
2025,综合,149,南京艺术学院,423177,01,不限,130304,戏剧影视文学,1,9900,四年,https://static-data.gaokao.cn/www/2.0/schoolspecialplan/149/2025/31.json?a=www.gaokao.cn,data/shanghai/raw/plan_api/static/2025/149.json,1
2025,综合,149,南京艺术学院,423177,01,不限,130311T,影视摄影与制作,1,11000,四年,https://static-data.gaokao.cn/www/2.0/schoolspecialplan/149/2025/31.json?a=www.gaokao.cn,data/shanghai/raw/plan_api/static/2025/149.json,1
2025,综合,149,南京艺术学院,423177,01,不限,120210,文化产业管理,1,5200,四年,https://static-data.gaokao.cn/www/2.0/schoolspecialplan/149/2025/31.json?a=www.gaokao.cn,data/shanghai/raw/plan_api/static/2025/149.json,1
2025,综合,149,南京艺术学院,423177,01,不限,130102T,艺术管理,1,9900,四年,https://static-data.gaokao.cn/www/2.0/schoolspecialplan/149/2025/31.json?a=www.gaokao.cn,data/shanghai/raw/plan_api/static/2025/149.json,1
2025,综合,149,南京艺术学院,423184,02,物理、化学(2科必选),080218T,智能交互设计,1,10000,四年,https://static-data.gaokao.cn/www/2.0/schoolspecialplan/149/2025/31.json?a=www.gaokao.cn,data/shanghai/raw/plan_api/static/2025/149.json,1
2025,综合,150,江苏理工学院,423197,01,不限,120203K,会计学,4,5200,四年,https://static-data.gaokao.cn/www/2.0/schoolspecialplan/150/2025/31.json?a=www.gaokao.cn,data/shanghai/raw/plan_api/static/2025/150.json,1
2025,综合,150,江苏理工学院,423197,01,不限,050262,商务英语,2,5200,四年,https://static-data.gaokao.cn/www/2.0/schoolspecialplan/150/2025/31.json?a=www.gaokao.cn,data/shanghai/raw/plan_api/static/2025/150.json,1
2025,综合,150,江苏理工学院,423197,01,不限,020301K,金融学,2,5200,四年,https://static-data.gaokao.cn/www/2.0/schoolspecialplan/150/2025/31.json?a=www.gaokao.cn,data/shanghai/raw/plan_api/static/2025/150.json,1
2025,综合,150,江苏理工学院,423201,02,物理、化学(2科必选),080905,物联网工程,2,5800,四年,https://static-data.gaokao.cn/www/2.0/schoolspecialplan/150/2025/31.json?a=www.gaokao.cn,data/shanghai/raw/plan_api/static/2025/150.json,1
2025,综合,151,南京审计大学,423191,01,不限,120203K,会计学,5,5720,四年,https://static-data.gaokao.cn/www/2.0/schoolspecialplan/151/2025/31.json?a=www.gaokao.cn,data/shanghai/raw/plan_api/static/2025/151.json,1
2025,综合,151,南京审计大学,423191,01,不限,120207,审计学,4,5720,四年,https://static-data.gaokao.cn/www/2.0/schoolspecialplan/151/2025/31.json?a=www.gaokao.cn,data/shanghai/raw/plan_api/static/2025/151.json,1
2025,综合,151,南京审计大学,423191,01,不限,050201,英语,4,5200,四年,https://static-data.gaokao.cn/www/2.0/schoolspecialplan/151/2025/31.json?a=www.gaokao.cn,data/shanghai/raw/plan_api/static/2025/151.json,1
2025,综合,151,南京审计大学,423191,01,不限,020304,投资学,4,5200,四年,https://static-data.gaokao.cn/www/2.0/schoolspecialplan/151/2025/31.json?a=www.gaokao.cn,data/shanghai/raw/plan_api/static/2025/151.json,1
2025,综合,151,南京审计大学,423191,01,不限,020202,税收学,3,5720,四年,https://static-data.gaokao.cn/www/2.0/schoolspecialplan/151/2025/31.json?a=www.gaokao.cn,data/shanghai/raw/plan_api/static/2025/151.json,1
2025,综合,151,南京审计大学,423191,01,不限,120204,财务管理,3,5720,四年,https://static-data.gaokao.cn/www/2.0/schoolspecialplan/151/2025/31.json?a=www.gaokao.cn,data/shanghai/raw/plan_api/static/2025/151.json,1
2025,综合,151,南京审计大学,423191,01,不限,030101K,法学,3,5200,四年,https://static-data.gaokao.cn/www/2.0/schoolspecialplan/151/2025/31.json?a=www.gaokao.cn,data/shanghai/raw/plan_api/static/2025/151.json,1
2025,综合,151,南京审计大学,423191,01,不限,020201K,财政学,3,5720,四年,https://static-data.gaokao.cn/www/2.0/schoolspecialplan/151/2025/31.json?a=www.gaokao.cn,data/shanghai/raw/plan_api/static/2025/151.json,1
2025,综合,151,南京审计大学,423191,01,不限,120206,人力资源管理,3,5200,四年,https://static-data.gaokao.cn/www/2.0/schoolspecialplan/151/2025/31.json?a=www.gaokao.cn,data/shanghai/raw/plan_api/static/2025/151.json,1
2025,综合,151,南京审计大学,423191,01,不限,020311TK,金融审计,3,5200,四年,https://static-data.gaokao.cn/www/2.0/schoolspecialplan/151/2025/31.json?a=www.gaokao.cn,data/shanghai/raw/plan_api/static/2025/151.json,1
2025,综合,151,南京审计大学,423191,01,不限,030108TK,纪检监察,3,5200,四年,https://static-data.gaokao.cn/www/2.0/schoolspecialplan/151/2025/31.json?a=www.gaokao.cn,data/shanghai/raw/plan_api/static/2025/151.json,1
2025,综合,151,南京审计大学,423191,01,不限,020401,国际经济与贸易,2,5200,四年,https://static-data.gaokao.cn/www/2.0/schoolspecialplan/151/2025/31.json?a=www.gaokao.cn,data/shanghai/raw/plan_api/static/2025/151.json,1
2025,综合,151,南京审计大学,423191,01,不限,050103,汉语国际教育,2,5200,四年,https://static-data.gaokao.cn/www/2.0/schoolspecialplan/151/2025/31.json?a=www.gaokao.cn,data/shanghai/raw/plan_api/static/2025/151.json,1
2025,综合,151,南京审计大学,423200,03,不限,120207,审计学,3,56000,四年,https://static-data.gaokao.cn/www/2.0/schoolspecialplan/151/2025/31.json?a=www.gaokao.cn,data/shanghai/raw/plan_api/static/2025/151.json,0
2025,综合,151,南京审计大学,423193,04,物理必选,020302,金融工程,3,56000,四年,https://static-data.gaokao.cn/www/2.0/schoolspecialplan/151/2025/31.json?a=www.gaokao.cn,data/shanghai/raw/plan_api/static/2025/151.json,0
2025,综合,151,南京审计大学,423193,04,物理必选,120102,信息管理与信息系统,2,56000,四年,https://static-data.gaokao.cn/www/2.0/schoolspecialplan/151/2025/31.json?a=www.gaokao.cn,data/shanghai/raw/plan_api/static/2025/151.json,0
2025,综合,151,南京审计大学,423202,02,物理必选,020109T,数字经济,2,5200,四年,https://static-data.gaokao.cn/www/2.0/schoolspecialplan/151/2025/31.json?a=www.gaokao.cn,data/shanghai/raw/plan_api/static/2025/151.json,1
2025,综合,153,盐城师范学院,423187,02,物理、化学(2科必选),070101,数学与应用数学,2,5500,四年,https://static-data.gaokao.cn/www/2.0/schoolspecialplan/153/2025/31.json?a=www.gaokao.cn,data/shanghai/raw/plan_api/static/2025/153.json,1
2025,综合,153,盐城师范学院,423190,01,不限,050101,汉语言文学,2,5200,四年,https://static-data.gaokao.cn/www/2.0/schoolspecialplan/153/2025/31.json?a=www.gaokao.cn,data/shanghai/raw/plan_api/static/2025/153.json,1
2025,综合,153,盐城师范学院,423190,01,不限,071102,应用心理学,2,5500,四年,https://static-data.gaokao.cn/www/2.0/schoolspecialplan/153/2025/31.json?a=www.gaokao.cn,data/shanghai/raw/plan_api/static/2025/153.json,1
2025,综合,156,常州大学,423186,02,物理、化学(2科必选),081301,化学工程与工艺,2,5800,四年,https://static-data.gaokao.cn/www/2.0/schoolspecialplan/156/2025/31.json?a=www.gaokao.cn,data/shanghai/raw/plan_api/static/2025/156.json,1
2025,综合,156,常州大学,423186,02,物理、化学(2科必选),082901,安全工程,2,5800,四年,https://static-data.gaokao.cn/www/2.0/schoolspecialplan/156/2025/31.json?a=www.gaokao.cn,data/shanghai/raw/plan_api/static/2025/156.json,1
2025,综合,156,常州大学,423186,02,物理、化学(2科必选),080407,高分子材料与工程,2,5800,四年,https://static-data.gaokao.cn/www/2.0/schoolspecialplan/156/2025/31.json?a=www.gaokao.cn,data/shanghai/raw/plan_api/static/2025/156.json,1
2025,综合,156,常州大学,423194,01,不限,120206,人力资源管理,2,5200,四年,https://static-data.gaokao.cn/www/2.0/schoolspecialplan/156/2025/31.json?a=www.gaokao.cn,data/shanghai/raw/plan_api/static/2025/156.json,1
2025,综合,156,常州大学,423194,01,不限,120202,市场营销,2,5200,四年,https://static-data.gaokao.cn/www/2.0/schoolspecialplan/156/2025/31.json?a=www.gaokao.cn,data/shanghai/raw/plan_api/static/2025/156.json,1
2025,综合,157,华东交通大学,423189,02,物理、化学(2科必选),080601,电气工程及其自动化,3,5220,四年,https://static-data.gaokao.cn/www/2.0/schoolspecialplan/157/2025/31.json?a=www.gaokao.cn,data/shanghai/raw/plan_api/static/2025/157.json,1
2025,综合,157,华东交通大学,423189,02,物理、化学(2科必选),081001,土木工程,3,5220,四年,https://static-data.gaokao.cn/www/2.0/schoolspecialplan/157/2025/31.json?a=www.gaokao.cn,data/shanghai/raw/plan_api/static/2025/157.json,1
2025,综合,157,华东交通大学,423189,02,物理、化学(2科必选),080202,机械设计制造及其自动化,2,4940,四年,https://static-data.gaokao.cn/www/2.0/schoolspecialplan/157/2025/31.json?a=www.gaokao.cn,data/shanghai/raw/plan_api/static/2025/157.json,1
2025,综合,157,华东交通大学,423199,01,不限,020301K,金融学,1,4660,四年,https://static-data.gaokao.cn/www/2.0/schoolspecialplan/157/2025/31.json?a=www.gaokao.cn,data/shanghai/raw/plan_api/static/2025/157.json,1
2025,综合,157,华东交通大学,423199,01,不限,120203K,会计学,1,4660,四年,https://static-data.gaokao.cn/www/2.0/schoolspecialplan/157/2025/31.json?a=www.gaokao.cn,data/shanghai/raw/plan_api/static/2025/157.json,1
2025,综合,158,徐州医科大学,423196,01,物理、化学(2科必选),100201K,临床医学,5,7480,五年,https://static-data.gaokao.cn/www/2.0/schoolspecialplan/158/2025/31.json?a=www.gaokao.cn,data/shanghai/raw/plan_api/static/2025/158.json,1
2025,综合,158,徐州医科大学,423196,01,物理、化学(2科必选),100202TK,麻醉学,3,7480,五年,https://static-data.gaokao.cn/www/2.0/schoolspecialplan/158/2025/31.json?a=www.gaokao.cn,data/shanghai/raw/plan_api/static/2025/158.json,1
2025,综合,158,徐州医科大学,423196,01,物理、化学(2科必选),100701,药学,2,6800,四年,https://static-data.gaokao.cn/www/2.0/schoolspecialplan/158/2025/31.json?a=www.gaokao.cn,data/shanghai/raw/plan_api/static/2025/158.json,1
2025,综合,160,南京邮电大学,423215,01,物理、化学(2科必选),080703,通信工程,3,6380,四年,https://static-data.gaokao.cn/www/2.0/schoolspecialplan/160/2025/31.json?a=www.gaokao.cn,data/shanghai/raw/plan_api/static/2025/160.json,1
2025,综合,160,南京邮电大学,423215,01,物理、化学(2科必选),080701,电子信息工程,3,6380,四年,https://static-data.gaokao.cn/www/2.0/schoolspecialplan/160/2025/31.json?a=www.gaokao.cn,data/shanghai/raw/plan_api/static/2025/160.json,1
2025,综合,160,南京邮电大学,423215,01,物理、化学(2科必选),080903,网络工程,2,6380,四年,https://static-data.gaokao.cn/www/2.0/schoolspecialplan/160/2025/31.json?a=www.gaokao.cn,data/shanghai/raw/plan_api/static/2025/160.json,1
2025,综合,160,南京邮电大学,423215,01,物理、化学(2科必选),080705,光电信息科学与工程,2,6380,四年,https://static-data.gaokao.cn/www/2.0/schoolspecialplan/160/2025/31.json?a=www.gaokao.cn,data/shanghai/raw/plan_api/static/2025/160.json,1
2025,综合,160,南京邮电大学,423215,01,物理、化学(2科必选),080702,电子科学与技术,2,6380,四年,https://static-data.gaokao.cn/www/2.0/schoolspecialplan/160/2025/31.json?a=www.gaokao.cn,data/shanghai/raw/plan_api/static/2025/160.json,1
2025,综合,160,南京邮电大学,423215,01,物理、化学(2科必选),080904K,信息安全,2,6380,四年,https://static-data.gaokao.cn/www/2.0/schoolspecialplan/160/2025/31.json?a=www.gaokao.cn,data/shanghai/raw/plan_api/static/2025/160.json,1
2025,综合,161,江苏科技大学,423222,03,不限,120201K,工商管理,3,26400,4,https://static-data.gaokao.cn/www/2.0/schoolspecialplan/161/2025/31.json?a=www.gaokao.cn,data/shanghai/raw/plan_api/static/2025/161.json,0
2025,综合,161,江苏科技大学,423203,02,物理、化学(2科必选),081901,船舶与海洋工程,3,6380,4,https://static-data.gaokao.cn/www/2.0/schoolspecialplan/161/2025/31.json?a=www.gaokao.cn,data/shanghai/raw/plan_api/static/2025/161.json,1
2025,综合,161,江苏科技大学,423213,04,物理、化学(2科必选),081901,船舶与海洋工程,3,26400,4,https://static-data.gaokao.cn/www/2.0/schoolspecialplan/161/2025/31.json?a=www.gaokao.cn,data/shanghai/raw/plan_api/static/2025/161.json,0
2025,综合,161,江苏科技大学,423203,02,物理、化学(2科必选),081902T,海洋工程与技术,3,6380,4,https://static-data.gaokao.cn/www/2.0/schoolspecialplan/161/2025/31.json?a=www.gaokao.cn,data/shanghai/raw/plan_api/static/2025/161.json,1
2025,综合,161,江苏科技大学,423203,02,物理、化学(2科必选),081103,港口航道与海岸工程,3,5800,4,https://static-data.gaokao.cn/www/2.0/schoolspecialplan/161/2025/31.json?a=www.gaokao.cn,data/shanghai/raw/plan_api/static/2025/161.json,1
2025,综合,161,江苏科技大学,423203,02,物理、化学(2科必选),080904K,信息安全,2,5800,4,https://static-data.gaokao.cn/www/2.0/schoolspecialplan/161/2025/31.json?a=www.gaokao.cn,data/shanghai/raw/plan_api/static/2025/161.json,1
2025,综合,161,江苏科技大学,423203,02,物理、化学(2科必选),080708T,水声工程,2,5800,4,https://static-data.gaokao.cn/www/2.0/schoolspecialplan/161/2025/31.json?a=www.gaokao.cn,data/shanghai/raw/plan_api/static/2025/161.json,1
2025,综合,161,江苏科技大学,423232,01,不限,120401,公共事业管理,2,5200,4,https://static-data.gaokao.cn/www/2.0/schoolspecialplan/161/2025/31.json?a=www.gaokao.cn,data/shanghai/raw/plan_api/static/2025/161.json,1
2025,综合,161,江苏科技大学,423203,02,物理、化学(2科必选),083001,生物工程,2,5800,4,https://static-data.gaokao.cn/www/2.0/schoolspecialplan/161/2025/31.json?a=www.gaokao.cn,data/shanghai/raw/plan_api/static/2025/161.json,1
2025,综合,161,江苏科技大学,423203,02,物理、化学(2科必选),080901,计算机科学与技术,1,5800,4,https://static-data.gaokao.cn/www/2.0/schoolspecialplan/161/2025/31.json?a=www.gaokao.cn,data/shanghai/raw/plan_api/static/2025/161.json,1
2025,综合,162,中侨大学,423211,03,物理、化学(2科必选),101005,康复治疗学,5,6800,四年,https://static-data.gaokao.cn/www/2.0/schoolspecialplan/162/2025/31.json?a=www.gaokao.cn,data/shanghai/raw/plan_api/static/2025/162.json,1
2025,综合,162,中侨大学,423211,03,物理、化学(2科必选),100801,中药学,5,7400,四年,https://static-data.gaokao.cn/www/2.0/schoolspecialplan/162/2025/31.json?a=www.gaokao.cn,data/shanghai/raw/plan_api/static/2025/162.json,1
2025,综合,162,中侨大学,423233,01,不限,100501K,中医学,7,7400,五年,https://static-data.gaokao.cn/www/2.0/schoolspecialplan/162/2025/31.json?a=www.gaokao.cn,data/shanghai/raw/plan_api/static/2025/162.json,1
2025,综合,162,中侨大学,423225,02,不限,120414T,养老服务管理,3,5200,四年,https://static-data.gaokao.cn/www/2.0/schoolspecialplan/162/2025/31.json?a=www.gaokao.cn,data/shanghai/raw/plan_api/static/2025/162.json,1
2025,综合,163,苏州科技大学,423204,05,物理、化学(2科必选),080202,机械设计制造及其自动化,6,26000,四年,https://static-data.gaokao.cn/www/2.0/schoolspecialplan/163/2025/31.json?a=www.gaokao.cn,data/shanghai/raw/plan_api/static/2025/163.json,0
2025,综合,163,苏州科技大学,423204,05,物理、化学(2科必选),081001,土木工程,2,26000,四年,https://static-data.gaokao.cn/www/2.0/schoolspecialplan/163/2025/31.json?a=www.gaokao.cn,data/shanghai/raw/plan_api/static/2025/163.json,0
2025,综合,163,苏州科技大学,423234,03,不限,120601,物流管理,4,26000,四年,https://static-data.gaokao.cn/www/2.0/schoolspecialplan/163/2025/31.json?a=www.gaokao.cn,data/shanghai/raw/plan_api/static/2025/163.json,0
2025,综合,163,苏州科技大学,423212,02,物理、化学(2科必选),081001,土木工程,4,6380,四年,https://static-data.gaokao.cn/www/2.0/schoolspecialplan/163/2025/31.json?a=www.gaokao.cn,data/shanghai/raw/plan_api/static/2025/163.json,1
2025,综合,163,苏州科技大学,423212,02,物理、化学(2科必选),080701,电子信息工程,4,5800,四年,https://static-data.gaokao.cn/www/2.0/schoolspecialplan/163/2025/31.json?a=www.gaokao.cn,data/shanghai/raw/plan_api/static/2025/163.json,1
2025,综合,163,苏州科技大学,423212,02,物理、化学(2科必选),083001,生物工程,3,5800,四年,https://static-data.gaokao.cn/www/2.0/schoolspecialplan/163/2025/31.json?a=www.gaokao.cn,data/shanghai/raw/plan_api/static/2025/163.json,1
2025,综合,163,苏州科技大学,423212,02,物理、化学(2科必选),081002,建筑环境与能源应用工程,2,6380,四年,https://static-data.gaokao.cn/www/2.0/schoolspecialplan/163/2025/31.json?a=www.gaokao.cn,data/shanghai/raw/plan_api/static/2025/163.json,1
2025,综合,163,苏州科技大学,423212,02,物理、化学(2科必选),080202,机械设计制造及其自动化,2,5800,四年,https://static-data.gaokao.cn/www/2.0/schoolspecialplan/163/2025/31.json?a=www.gaokao.cn,data/shanghai/raw/plan_api/static/2025/163.json,1
2025,综合,163,苏州科技大学,423231,04,物理必选,120103,工程管理,2,26000,四年,https://static-data.gaokao.cn/www/2.0/schoolspecialplan/163/2025/31.json?a=www.gaokao.cn,data/shanghai/raw/plan_api/static/2025/163.json,0
2025,综合,163,苏州科技大学,423212,02,物理、化学(2科必选),080204,机械电子工程,2,5800,四年,https://static-data.gaokao.cn/www/2.0/schoolspecialplan/163/2025/31.json?a=www.gaokao.cn,data/shanghai/raw/plan_api/static/2025/163.json,1
2025,综合,163,苏州科技大学,423219,01,不限,050201,英语,2,5200,四年,https://static-data.gaokao.cn/www/2.0/schoolspecialplan/163/2025/31.json?a=www.gaokao.cn,data/shanghai/raw/plan_api/static/2025/163.json,1
2025,综合,163,苏州科技大学,423219,01,不限,082801,建筑学,2,6380,五年,https://static-data.gaokao.cn/www/2.0/schoolspecialplan/163/2025/31.json?a=www.gaokao.cn,data/shanghai/raw/plan_api/static/2025/163.json,1
2025,综合,164,南京财经大学,423205,01,不限,120601,物流管理,4,5200,四年,https://static-data.gaokao.cn/www/2.0/schoolspecialplan/164/2025/31.json?a=www.gaokao.cn,data/shanghai/raw/plan_api/static/2025/164.json,1
2025,综合,164,南京财经大学,423205,01,不限,050303,广告学,3,5200,四年,https://static-data.gaokao.cn/www/2.0/schoolspecialplan/164/2025/31.json?a=www.gaokao.cn,data/shanghai/raw/plan_api/static/2025/164.json,1
2025,综合,164,南京财经大学,423205,01,不限,120403,劳动与社会保障,3,5200,四年,https://static-data.gaokao.cn/www/2.0/schoolspecialplan/164/2025/31.json?a=www.gaokao.cn,data/shanghai/raw/plan_api/static/2025/164.json,1
2025,综合,164,南京财经大学,423205,01,不限,120402,行政管理,3,5200,四年,https://static-data.gaokao.cn/www/2.0/schoolspecialplan/164/2025/31.json?a=www.gaokao.cn,data/shanghai/raw/plan_api/static/2025/164.json,1
2025,综合,164,南京财经大学,423205,01,不限,050201,英语,2,5200,四年,https://static-data.gaokao.cn/www/2.0/schoolspecialplan/164/2025/31.json?a=www.gaokao.cn,data/shanghai/raw/plan_api/static/2025/164.json,1
2025,综合,164,南京财经大学,423205,01,不限,120201K,工商管理,2,5200,四年,https://static-data.gaokao.cn/www/2.0/schoolspecialplan/164/2025/31.json?a=www.gaokao.cn,data/shanghai/raw/plan_api/static/2025/164.json,1
2025,综合,164,南京财经大学,423205,01,不限,020101,经济学,2,5200,四年,https://static-data.gaokao.cn/www/2.0/schoolspecialplan/164/2025/31.json?a=www.gaokao.cn,data/shanghai/raw/plan_api/static/2025/164.json,1
2025,综合,164,南京财经大学,423205,01,不限,020401,国际经济与贸易,2,5200,四年,https://static-data.gaokao.cn/www/2.0/schoolspecialplan/164/2025/31.json?a=www.gaokao.cn,data/shanghai/raw/plan_api/static/2025/164.json,1
2025,综合,164,南京财经大学,423205,01,不限,1202,工商管理类,2,5700,四年,https://static-data.gaokao.cn/www/2.0/schoolspecialplan/164/2025/31.json?a=www.gaokao.cn,data/shanghai/raw/plan_api/static/2025/164.json,1
2025,综合,164,南京财经大学,423205,01,不限,0202,财政学类,2,5200,四年,https://static-data.gaokao.cn/www/2.0/schoolspecialplan/164/2025/31.json?a=www.gaokao.cn,data/shanghai/raw/plan_api/static/2025/164.json,1
2025,综合,164,南京财经大学,423230,02,物理必选,120101,管理科学,4,5200,四年,https://static-data.gaokao.cn/www/2.0/schoolspecialplan/164/2025/31.json?a=www.gaokao.cn,data/shanghai/raw/plan_api/static/2025/164.json,1
2025,综合,164,南京财经大学,423230,02,物理必选,020302,金融工程,4,5700,四年,https://static-data.gaokao.cn/www/2.0/schoolspecialplan/164/2025/31.json?a=www.gaokao.cn,data/shanghai/raw/plan_api/static/2025/164.json,1
2025,综合,164,南京财经大学,423208,04,物理必选,020302,金融工程,2,57000,四年,https://static-data.gaokao.cn/www/2.0/schoolspecialplan/164/2025/31.json?a=www.gaokao.cn,data/shanghai/raw/plan_api/static/2025/164.json,0
2025,综合,164,南京财经大学,423227,03,不限,120201K,工商管理,2,26400,五年,https://static-data.gaokao.cn/www/2.0/schoolspecialplan/164/2025/31.json?a=www.gaokao.cn,data/shanghai/raw/plan_api/static/2025/164.json,0
2025,综合,164,南京财经大学,423208,04,物理必选,020102,经济统计学,2,57000,四年,https://static-data.gaokao.cn/www/2.0/schoolspecialplan/164/2025/31.json?a=www.gaokao.cn,data/shanghai/raw/plan_api/static/2025/164.json,0
2025,综合,164,南京财经大学,423230,02,物理必选,120108T,大数据管理与应用,2,5200,四年,https://static-data.gaokao.cn/www/2.0/schoolspecialplan/164/2025/31.json?a=www.gaokao.cn,data/shanghai/raw/plan_api/static/2025/164.json,1
2025,综合,164,南京财经大学,423208,04,物理必选,120108T,大数据管理与应用,2,57000,四年,https://static-data.gaokao.cn/www/2.0/schoolspecialplan/164/2025/31.json?a=www.gaokao.cn,data/shanghai/raw/plan_api/static/2025/164.json,0
2025,综合,165,立达学院,423214,04,物理、化学(2科必选),081001,土木工程,2,5220,四年,https://static-data.gaokao.cn/www/2.0/schoolspecialplan/165/2025/31.json?a=www.gaokao.cn,data/shanghai/raw/plan_api/static/2025/165.json,1
2025,综合,165,立达学院,423214,04,物理、化学(2科必选),080902,软件工程,2,10000,四年,https://static-data.gaokao.cn/www/2.0/schoolspecialplan/165/2025/31.json?a=www.gaokao.cn,data/shanghai/raw/plan_api/static/2025/165.json,1
2025,综合,165,立达学院,423214,04,物理、化学(2科必选),080717T,人工智能,2,5220,四年,https://static-data.gaokao.cn/www/2.0/schoolspecialplan/165/2025/31.json?a=www.gaokao.cn,data/shanghai/raw/plan_api/static/2025/165.json,1
2025,综合,165,立达学院,423214,04,物理、化学(2科必选),081008T,智能建造,2,5220,四年,https://static-data.gaokao.cn/www/2.0/schoolspecialplan/165/2025/31.json?a=www.gaokao.cn,data/shanghai/raw/plan_api/static/2025/165.json,1
2025,综合,165,立达学院,423221,01,不限,020401,国际经济与贸易,2,4660,四年,https://static-data.gaokao.cn/www/2.0/schoolspecialplan/165/2025/31.json?a=www.gaokao.cn,data/shanghai/raw/plan_api/static/2025/165.json,1
2025,综合,165,立达学院,423217,02,历史必选,050103,汉语国际教育,2,4380,四年,https://static-data.gaokao.cn/www/2.0/schoolspecialplan/165/2025/31.json?a=www.gaokao.cn,data/shanghai/raw/plan_api/static/2025/165.json,1
2025,综合,165,立达学院,423224,03,物理必选,120105,工程造价,2,4660,四年,https://static-data.gaokao.cn/www/2.0/schoolspecialplan/165/2025/31.json?a=www.gaokao.cn,data/shanghai/raw/plan_api/static/2025/165.json,1
2025,综合,165,立达学院,423228,05,物理、化学(2科必选),080702,电子科学与技术,2,16800,四年,https://static-data.gaokao.cn/www/2.0/schoolspecialplan/165/2025/31.json?a=www.gaokao.cn,data/shanghai/raw/plan_api/static/2025/165.json,0
2025,综合,165,立达学院,423221,01,不限,120206,人力资源管理,2,4660,四年,https://static-data.gaokao.cn/www/2.0/schoolspecialplan/165/2025/31.json?a=www.gaokao.cn,data/shanghai/raw/plan_api/static/2025/165.json,1
2025,综合,165,立达学院,423221,01,不限,082802,城乡规划,2,5220,五年,https://static-data.gaokao.cn/www/2.0/schoolspecialplan/165/2025/31.json?a=www.gaokao.cn,data/shanghai/raw/plan_api/static/2025/165.json,1
2025,综合,165,立达学院,423221,01,不限,120402,行政管理,2,4660,四年,https://static-data.gaokao.cn/www/2.0/schoolspecialplan/165/2025/31.json?a=www.gaokao.cn,data/shanghai/raw/plan_api/static/2025/165.json,1
2025,综合,165,立达学院,423224,03,物理必选,120111T,应急管理,2,4660,四年,https://static-data.gaokao.cn/www/2.0/schoolspecialplan/165/2025/31.json?a=www.gaokao.cn,data/shanghai/raw/plan_api/static/2025/165.json,1
2025,综合,165,立达学院,423224,03,物理必选,020109T,数字经济,2,4660,四年,https://static-data.gaokao.cn/www/2.0/schoolspecialplan/165/2025/31.json?a=www.gaokao.cn,data/shanghai/raw/plan_api/static/2025/165.json,1
2025,综合,168,南京医科大学,423206,02,物理、化学(2科必选),101101K,护理学,4,6800,四年,https://static-data.gaokao.cn/www/2.0/schoolspecialplan/168/2025/31.json?a=www.gaokao.cn,data/shanghai/raw/plan_api/static/2025/168.json,1
2025,综合,168,南京医科大学,423206,02,物理、化学(2科必选),101005,康复治疗学,2,6800,四年,https://static-data.gaokao.cn/www/2.0/schoolspecialplan/168/2025/31.json?a=www.gaokao.cn,data/shanghai/raw/plan_api/static/2025/168.json,1
2025,综合,168,南京医科大学,423206,02,物理、化学(2科必选),101011T,智能医学工程,2,6800,四年,https://static-data.gaokao.cn/www/2.0/schoolspecialplan/168/2025/31.json?a=www.gaokao.cn,data/shanghai/raw/plan_api/static/2025/168.json,1
2025,综合,168,南京医科大学,423206,02,物理、化学(2科必选),101007,卫生检验与检疫,2,6800,四年,https://static-data.gaokao.cn/www/2.0/schoolspecialplan/168/2025/31.json?a=www.gaokao.cn,data/shanghai/raw/plan_api/static/2025/168.json,1
2025,综合,168,南京医科大学,423206,02,物理、化学(2科必选),071204T,生物统计学,2,5500,四年,https://static-data.gaokao.cn/www/2.0/schoolspecialplan/168/2025/31.json?a=www.gaokao.cn,data/shanghai/raw/plan_api/static/2025/168.json,1
2025,综合,168,南京医科大学,423223,01,物理、化学(2科必选),100201K,临床医学,4,7480,五年,https://static-data.gaokao.cn/www/2.0/schoolspecialplan/168/2025/31.json?a=www.gaokao.cn,data/shanghai/raw/plan_api/static/2025/168.json,1
2025,综合,168,南京医科大学,423223,01,物理、化学(2科必选),100703TK,临床药学,4,6800,五年,https://static-data.gaokao.cn/www/2.0/schoolspecialplan/168/2025/31.json?a=www.gaokao.cn,data/shanghai/raw/plan_api/static/2025/168.json,1
2025,综合,168,南京医科大学,423223,01,物理、化学(2科必选),100301K,口腔医学,3,7480,五年,https://static-data.gaokao.cn/www/2.0/schoolspecialplan/168/2025/31.json?a=www.gaokao.cn,data/shanghai/raw/plan_api/static/2025/168.json,1
2025,综合,168,南京医科大学,423216,03,不限,120401,公共事业管理,2,5200,四年,https://static-data.gaokao.cn/www/2.0/schoolspecialplan/168/2025/31.json?a=www.gaokao.cn,data/shanghai/raw/plan_api/static/2025/168.json,1
2025,综合,168,南京医科大学,423223,01,物理、化学(2科必选),100401K,预防医学,2,6800,五年,https://static-data.gaokao.cn/www/2.0/schoolspecialplan/168/2025/31.json?a=www.gaokao.cn,data/shanghai/raw/plan_api/static/2025/168.json,1
2025,综合,169,南京林业大学,423207,01,不限,050103,汉语国际教育,3,5200,四年,https://static-data.gaokao.cn/www/2.0/schoolspecialplan/169/2025/31.json?a=www.gaokao.cn,data/shanghai/raw/plan_api/static/2025/169.json,1
2025,综合,169,南京林业大学,423207,01,不限,050207,日语,2,5200,四年,https://static-data.gaokao.cn/www/2.0/schoolspecialplan/169/2025/31.json?a=www.gaokao.cn,data/shanghai/raw/plan_api/static/2025/169.json,1
2025,综合,169,南京林业大学,423207,01,不限,050101,汉语言文学,2,5200,四年,https://static-data.gaokao.cn/www/2.0/schoolspecialplan/169/2025/31.json?a=www.gaokao.cn,data/shanghai/raw/plan_api/static/2025/169.json,1
2025,综合,169,南京林业大学,423207,01,不限,030101K,法学,2,5200,四年,https://static-data.gaokao.cn/www/2.0/schoolspecialplan/169/2025/31.json?a=www.gaokao.cn,data/shanghai/raw/plan_api/static/2025/169.json,1
2025,综合,169,南京林业大学,423218,04,物理、化学(2科必选),082502,环境工程,2,6380,四年,https://static-data.gaokao.cn/www/2.0/schoolspecialplan/169/2025/31.json?a=www.gaokao.cn,data/shanghai/raw/plan_api/static/2025/169.json,1
2025,综合,169,南京林业大学,423210,03,生物必选,090502,园林,2,2750,四年,https://static-data.gaokao.cn/www/2.0/schoolspecialplan/169/2025/31.json?a=www.gaokao.cn,data/shanghai/raw/plan_api/static/2025/169.json,1
2025,综合,169,南京林业大学,423218,04,物理、化学(2科必选),080205,工业设计,2,5800,四年,https://static-data.gaokao.cn/www/2.0/schoolspecialplan/169/2025/31.json?a=www.gaokao.cn,data/shanghai/raw/plan_api/static/2025/169.json,1
2025,综合,169,南京林业大学,423218,04,物理、化学(2科必选),080901,计算机科学与技术,2,5800,四年,https://static-data.gaokao.cn/www/2.0/schoolspecialplan/169/2025/31.json?a=www.gaokao.cn,data/shanghai/raw/plan_api/static/2025/169.json,1
2025,综合,169,南京林业大学,423218,04,物理、化学(2科必选),071002,生物技术,2,6050,四年,https://static-data.gaokao.cn/www/2.0/schoolspecialplan/169/2025/31.json?a=www.gaokao.cn,data/shanghai/raw/plan_api/static/2025/169.json,1
2025,综合,169,南京林业大学,423229,02,物理必选,020109T,数字经济,2,5200,四年,https://static-data.gaokao.cn/www/2.0/schoolspecialplan/169/2025/31.json?a=www.gaokao.cn,data/shanghai/raw/plan_api/static/2025/169.json,1
2025,综合,170,江苏大学,423239,02,物理、化学(2科必选),080801,自动化,3,6380,四年,https://static-data.gaokao.cn/www/2.0/schoolspecialplan/170/2025/31.json?a=www.gaokao.cn,data/shanghai/raw/plan_api/static/2025/170.json,1
2025,综合,170,江苏大学,423239,02,物理、化学(2科必选),080204,机械电子工程,2,6380,四年,https://static-data.gaokao.cn/www/2.0/schoolspecialplan/170/2025/31.json?a=www.gaokao.cn,data/shanghai/raw/plan_api/static/2025/170.json,1
2025,综合,170,江苏大学,423239,02,物理、化学(2科必选),080901,计算机科学与技术,2,6380,四年,https://static-data.gaokao.cn/www/2.0/schoolspecialplan/170/2025/31.json?a=www.gaokao.cn,data/shanghai/raw/plan_api/static/2025/170.json,1
2025,综合,170,江苏大学,423239,02,物理、化学(2科必选),080902,软件工程,2,6380,四年,https://static-data.gaokao.cn/www/2.0/schoolspecialplan/170/2025/31.json?a=www.gaokao.cn,data/shanghai/raw/plan_api/static/2025/170.json,1
2025,综合,170,江苏大学,423239,02,物理、化学(2科必选),080207,车辆工程,2,6380,四年,https://static-data.gaokao.cn/www/2.0/schoolspecialplan/170/2025/31.json?a=www.gaokao.cn,data/shanghai/raw/plan_api/static/2025/170.json,1
2025,综合,170,江苏大学,423239,02,物理、化学(2科必选),080701,电子信息工程,2,6380,四年,https://static-data.gaokao.cn/www/2.0/schoolspecialplan/170/2025/31.json?a=www.gaokao.cn,data/shanghai/raw/plan_api/static/2025/170.json,1
2025,综合,170,江苏大学,423239,02,物理、化学(2科必选),080213T,智能制造工程,2,6380,四年,https://static-data.gaokao.cn/www/2.0/schoolspecialplan/170/2025/31.json?a=www.gaokao.cn,data/shanghai/raw/plan_api/static/2025/170.json,1
2025,综合,170,江苏大学,423239,02,物理、化学(2科必选),080216T,新能源汽车工程,2,6380,四年,https://static-data.gaokao.cn/www/2.0/schoolspecialplan/170/2025/31.json?a=www.gaokao.cn,data/shanghai/raw/plan_api/static/2025/170.json,1
2025,综合,170,江苏大学,423243,01,不限,050201,英语,2,5200,四年,https://static-data.gaokao.cn/www/2.0/schoolspecialplan/170/2025/31.json?a=www.gaokao.cn,data/shanghai/raw/plan_api/static/2025/170.json,1
2025,综合,170,江苏大学,423243,01,不限,030101K,法学,2,5200,四年,https://static-data.gaokao.cn/www/2.0/schoolspecialplan/170/2025/31.json?a=www.gaokao.cn,data/shanghai/raw/plan_api/static/2025/170.json,1
2025,综合,170,江苏大学,423243,01,不限,120601,物流管理,2,5200,四年,https://static-data.gaokao.cn/www/2.0/schoolspecialplan/170/2025/31.json?a=www.gaokao.cn,data/shanghai/raw/plan_api/static/2025/170.json,1
2025,综合,170,江苏大学,423243,01,不限,030102T,知识产权,2,5200,四年,https://static-data.gaokao.cn/www/2.0/schoolspecialplan/170/2025/31.json?a=www.gaokao.cn,data/shanghai/raw/plan_api/static/2025/170.json,1
2025,综合,170,江苏大学,423243,01,不限,120203K,会计学,1,5200,四年,https://static-data.gaokao.cn/www/2.0/schoolspecialplan/170/2025/31.json?a=www.gaokao.cn,data/shanghai/raw/plan_api/static/2025/170.json,1
2025,综合,170,江苏大学,423243,01,不限,020301K,金融学,1,5200,四年,https://static-data.gaokao.cn/www/2.0/schoolspecialplan/170/2025/31.json?a=www.gaokao.cn,data/shanghai/raw/plan_api/static/2025/170.json,1
2025,综合,170,江苏大学,423243,01,不限,120206,人力资源管理,1,5720,四年,https://static-data.gaokao.cn/www/2.0/schoolspecialplan/170/2025/31.json?a=www.gaokao.cn,data/shanghai/raw/plan_api/static/2025/170.json,1
2025,综合,171,南京工业大学,423241,01,不限,030101K,法学,2,5200,四年,https://static-data.gaokao.cn/www/2.0/schoolspecialplan/171/2025/31.json?a=www.gaokao.cn,data/shanghai/raw/plan_api/static/2025/171.json,1
2025,综合,171,南京工业大学,423241,01,不限,050207,日语,2,5200,四年,https://static-data.gaokao.cn/www/2.0/schoolspecialplan/171/2025/31.json?a=www.gaokao.cn,data/shanghai/raw/plan_api/static/2025/171.json,1
2025,综合,171,南京工业大学,423241,01,不限,020401,国际经济与贸易,2,5200,四年,https://static-data.gaokao.cn/www/2.0/schoolspecialplan/171/2025/31.json?a=www.gaokao.cn,data/shanghai/raw/plan_api/static/2025/171.json,1
2025,综合,171,南京工业大学,423241,01,不限,050103,汉语国际教育,2,5200,四年,https://static-data.gaokao.cn/www/2.0/schoolspecialplan/171/2025/31.json?a=www.gaokao.cn,data/shanghai/raw/plan_api/static/2025/171.json,1
2025,综合,171,南京工业大学,423249,05,物理、化学(2科必选),081301,化学工程与工艺,3,,四年,https://static-data.gaokao.cn/www/2.0/schoolspecialplan/171/2025/31.json?a=www.gaokao.cn,data/shanghai/raw/plan_api/static/2025/171.json,0
2025,综合,171,南京工业大学,423249,05,物理、化学(2科必选),080801,自动化,3,,四年,https://static-data.gaokao.cn/www/2.0/schoolspecialplan/171/2025/31.json?a=www.gaokao.cn,data/shanghai/raw/plan_api/static/2025/171.json,0
2025,综合,171,南京工业大学,423245,04,物理、化学(2科必选),080201,机械工程,3,26400,四年,https://static-data.gaokao.cn/www/2.0/schoolspecialplan/171/2025/31.json?a=www.gaokao.cn,data/shanghai/raw/plan_api/static/2025/171.json,0
2025,综合,171,南京工业大学,423273,02,物理必选,120701,工业工程,2,5200,四年,https://static-data.gaokao.cn/www/2.0/schoolspecialplan/171/2025/31.json?a=www.gaokao.cn,data/shanghai/raw/plan_api/static/2025/171.json,1
2025,综合,171,南京工业大学,423262,03,物理、化学(2科必选),080601,电气工程及其自动化,2,6380,四年,https://static-data.gaokao.cn/www/2.0/schoolspecialplan/171/2025/31.json?a=www.gaokao.cn,data/shanghai/raw/plan_api/static/2025/171.json,1
2025,综合,171,南京工业大学,423262,03,物理、化学(2科必选),081301,化学工程与工艺,2,6380,四年,https://static-data.gaokao.cn/www/2.0/schoolspecialplan/171/2025/31.json?a=www.gaokao.cn,data/shanghai/raw/plan_api/static/2025/171.json,1
2025,综合,171,南京工业大学,423262,03,物理、化学(2科必选),081302,制药工程,2,6380,四年,https://static-data.gaokao.cn/www/2.0/schoolspecialplan/171/2025/31.json?a=www.gaokao.cn,data/shanghai/raw/plan_api/static/2025/171.json,1
2025,综合,171,南京工业大学,423245,04,物理、化学(2科必选),081302,制药工程,2,26400,四年,https://static-data.gaokao.cn/www/2.0/schoolspecialplan/171/2025/31.json?a=www.gaokao.cn,data/shanghai/raw/plan_api/static/2025/171.json,0
2025,综合,171,南京工业大学,423262,03,物理、化学(2科必选),081003,给排水科学与工程,2,5800,四年,https://static-data.gaokao.cn/www/2.0/schoolspecialplan/171/2025/31.json?a=www.gaokao.cn,data/shanghai/raw/plan_api/static/2025/171.json,1
2025,综合,171,南京工业大学,423262,03,物理、化学(2科必选),081201,测绘工程,2,5800,四年,https://static-data.gaokao.cn/www/2.0/schoolspecialplan/171/2025/31.json?a=www.gaokao.cn,data/shanghai/raw/plan_api/static/2025/171.json,1
2025,综合,171,南京工业大学,423262,03,物理、化学(2科必选),070302,应用化学,2,6050,四年,https://static-data.gaokao.cn/www/2.0/schoolspecialplan/171/2025/31.json?a=www.gaokao.cn,data/shanghai/raw/plan_api/static/2025/171.json,1
2025,综合,171,南京工业大学,423273,02,物理必选,120103,工程管理,2,5200,四年,https://static-data.gaokao.cn/www/2.0/schoolspecialplan/171/2025/31.json?a=www.gaokao.cn,data/shanghai/raw/plan_api/static/2025/171.json,1
2025,综合,171,南京工业大学,423262,03,物理、化学(2科必选),081001,土木工程,2,5800,四年,https://static-data.gaokao.cn/www/2.0/schoolspecialplan/171/2025/31.json?a=www.gaokao.cn,data/shanghai/raw/plan_api/static/2025/171.json,1
2025,综合,171,南京工业大学,423262,03,物理、化学(2科必选),080701,电子信息工程,2,5800,四年,https://static-data.gaokao.cn/www/2.0/schoolspecialplan/171/2025/31.json?a=www.gaokao.cn,data/shanghai/raw/plan_api/static/2025/171.json,1
2025,综合,171,南京工业大学,423245,04,物理、化学(2科必选),080701,电子信息工程,2,26400,四年,https://static-data.gaokao.cn/www/2.0/schoolspecialplan/171/2025/31.json?a=www.gaokao.cn,data/shanghai/raw/plan_api/static/2025/171.json,0
2025,综合,171,南京工业大学,423262,03,物理、化学(2科必选),083001,生物工程,2,6380,四年,https://static-data.gaokao.cn/www/2.0/schoolspecialplan/171/2025/31.json?a=www.gaokao.cn,data/shanghai/raw/plan_api/static/2025/171.json,1
2025,综合,171,南京工业大学,423262,03,物理、化学(2科必选),080803T,机器人工程,2,5800,四年,https://static-data.gaokao.cn/www/2.0/schoolspecialplan/171/2025/31.json?a=www.gaokao.cn,data/shanghai/raw/plan_api/static/2025/171.json,1
2025,综合,172,上师天华,423235,01,不限,020101,经济学,3,4660,四年,https://static-data.gaokao.cn/www/2.0/schoolspecialplan/172/2025/31.json?a=www.gaokao.cn,data/shanghai/raw/plan_api/static/2025/172.json,1
2025,综合,172,上师天华,423235,01,不限,020401,国际经济与贸易,2,4660,四年,https://static-data.gaokao.cn/www/2.0/schoolspecialplan/172/2025/31.json?a=www.gaokao.cn,data/shanghai/raw/plan_api/static/2025/172.json,1
2025,综合,172,上师天华,423235,01,不限,020301K,金融学,2,4660,四年,https://static-data.gaokao.cn/www/2.0/schoolspecialplan/172/2025/31.json?a=www.gaokao.cn,data/shanghai/raw/plan_api/static/2025/172.json,1
2025,综合,172,上师天华,423235,01,不限,120301,农林经济管理,2,4660,四年,https://static-data.gaokao.cn/www/2.0/schoolspecialplan/172/2025/31.json?a=www.gaokao.cn,data/shanghai/raw/plan_api/static/2025/172.json,1
2025,综合,172,上师天华,423235,01,不限,120404,土地资源管理,2,4660,四年,https://static-data.gaokao.cn/www/2.0/schoolspecialplan/172/2025/31.json?a=www.gaokao.cn,data/shanghai/raw/plan_api/static/2025/172.json,1
2025,综合,172,上师天华,423235,01,不限,082803,风景园林,2,5220,四年,https://static-data.gaokao.cn/www/2.0/schoolspecialplan/172/2025/31.json?a=www.gaokao.cn,data/shanghai/raw/plan_api/static/2025/172.json,1
2025,综合,172,上师天华,423235,01,不限,120201K,工商管理,1,4660,四年,https://static-data.gaokao.cn/www/2.0/schoolspecialplan/172/2025/31.json?a=www.gaokao.cn,data/shanghai/raw/plan_api/static/2025/172.json,1
2025,综合,172,上师天华,423236,04,物理、化学(2科必选),090102,园艺,2,4090,四年,https://static-data.gaokao.cn/www/2.0/schoolspecialplan/172/2025/31.json?a=www.gaokao.cn,data/shanghai/raw/plan_api/static/2025/172.json,1
2025,综合,172,上师天华,423259,03,生物必选,090502,园林,2,4090,四年,https://static-data.gaokao.cn/www/2.0/schoolspecialplan/172/2025/31.json?a=www.gaokao.cn,data/shanghai/raw/plan_api/static/2025/172.json,1
2025,综合,172,上师天华,423236,04,物理、化学(2科必选),090403T,动植物检疫,2,4090,四年,https://static-data.gaokao.cn/www/2.0/schoolspecialplan/172/2025/31.json?a=www.gaokao.cn,data/shanghai/raw/plan_api/static/2025/172.json,1
2025,综合,172,上师天华,423255,02,不限,120401,公共事业管理,2,4660,四年,https://static-data.gaokao.cn/www/2.0/schoolspecialplan/172/2025/31.json?a=www.gaokao.cn,data/shanghai/raw/plan_api/static/2025/172.json,1
2025,综合,172,上师天华,423236,04,物理、化学(2科必选),090402,动物药学,2,4090,四年,https://static-data.gaokao.cn/www/2.0/schoolspecialplan/172/2025/31.json?a=www.gaokao.cn,data/shanghai/raw/plan_api/static/2025/172.json,1
2025,综合,172,上师天华,423236,04,物理、化学(2科必选),090401,动物医学,2,4090,五年,https://static-data.gaokao.cn/www/2.0/schoolspecialplan/172/2025/31.json?a=www.gaokao.cn,data/shanghai/raw/plan_api/static/2025/172.json,1
2025,综合,172,上师天华,423236,04,物理、化学(2科必选),090601,水产养殖学,2,4090,四年,https://static-data.gaokao.cn/www/2.0/schoolspecialplan/172/2025/31.json?a=www.gaokao.cn,data/shanghai/raw/plan_api/static/2025/172.json,1
2025,综合,172,上师天华,423266,05,物理、化学(2科必选),080910T,数据科学与大数据技术,2,5220,四年,https://static-data.gaokao.cn/www/2.0/schoolspecialplan/172/2025/31.json?a=www.gaokao.cn,data/shanghai/raw/plan_api/static/2025/172.json,1
2025,综合,173,扬州大学,423244,02,物理、化学(2科必选),082502,环境工程,2,5800,四年,https://static-data.gaokao.cn/www/2.0/schoolspecialplan/173/2025/31.json?a=www.gaokao.cn,data/shanghai/raw/plan_api/static/2025/173.json,1
2025,综合,173,扬州大学,423244,02,物理、化学(2科必选),071002,生物技术,2,5500,四年,https://static-data.gaokao.cn/www/2.0/schoolspecialplan/173/2025/31.json?a=www.gaokao.cn,data/shanghai/raw/plan_api/static/2025/173.json,1
2025,综合,173,扬州大学,423244,02,物理、化学(2科必选),080407,高分子材料与工程,2,6380,四年,https://static-data.gaokao.cn/www/2.0/schoolspecialplan/173/2025/31.json?a=www.gaokao.cn,data/shanghai/raw/plan_api/static/2025/173.json,1
2025,综合,173,扬州大学,423244,02,物理、化学(2科必选),081003,给排水科学与工程,1,5800,四年,https://static-data.gaokao.cn/www/2.0/schoolspecialplan/173/2025/31.json?a=www.gaokao.cn,data/shanghai/raw/plan_api/static/2025/173.json,1
2025,综合,173,扬州大学,423244,02,物理、化学(2科必选),090401,动物医学,1,2750,五年,https://static-data.gaokao.cn/www/2.0/schoolspecialplan/173/2025/31.json?a=www.gaokao.cn,data/shanghai/raw/plan_api/static/2025/173.json,1
2025,综合,173,扬州大学,423244,02,物理、化学(2科必选),080601,电气工程及其自动化,1,5800,四年,https://static-data.gaokao.cn/www/2.0/schoolspecialplan/173/2025/31.json?a=www.gaokao.cn,data/shanghai/raw/plan_api/static/2025/173.json,1
2025,综合,173,扬州大学,423244,02,物理、化学(2科必选),080701,电子信息工程,1,5800,四年,https://static-data.gaokao.cn/www/2.0/schoolspecialplan/173/2025/31.json?a=www.gaokao.cn,data/shanghai/raw/plan_api/static/2025/173.json,1
2025,综合,173,扬州大学,423244,02,物理、化学(2科必选),070101,数学与应用数学,1,5500,四年,https://static-data.gaokao.cn/www/2.0/schoolspecialplan/173/2025/31.json?a=www.gaokao.cn,data/shanghai/raw/plan_api/static/2025/173.json,1
2025,综合,173,扬州大学,423244,02,物理、化学(2科必选),083002T,生物制药,1,5800,四年,https://static-data.gaokao.cn/www/2.0/schoolspecialplan/173/2025/31.json?a=www.gaokao.cn,data/shanghai/raw/plan_api/static/2025/173.json,1
2025,综合,173,扬州大学,423244,02,物理、化学(2科必选),081106T,智慧水利,1,6380,四年,https://static-data.gaokao.cn/www/2.0/schoolspecialplan/173/2025/31.json?a=www.gaokao.cn,data/shanghai/raw/plan_api/static/2025/173.json,1
2025,综合,173,扬州大学,423246,01,不限,050304,传播学,2,5200,四年,https://static-data.gaokao.cn/www/2.0/schoolspecialplan/173/2025/31.json?a=www.gaokao.cn,data/shanghai/raw/plan_api/static/2025/173.json,1
2025,综合,173,扬州大学,423246,01,不限,120201K,工商管理,1,5200,四年,https://static-data.gaokao.cn/www/2.0/schoolspecialplan/173/2025/31.json?a=www.gaokao.cn,data/shanghai/raw/plan_api/static/2025/173.json,1
2025,综合,173,扬州大学,423246,01,不限,020101,经济学,1,5200,四年,https://static-data.gaokao.cn/www/2.0/schoolspecialplan/173/2025/31.json?a=www.gaokao.cn,data/shanghai/raw/plan_api/static/2025/173.json,1
2025,综合,173,扬州大学,423246,01,不限,030101K,法学,1,5720,四年,https://static-data.gaokao.cn/www/2.0/schoolspecialplan/173/2025/31.json?a=www.gaokao.cn,data/shanghai/raw/plan_api/static/2025/173.json,1
2025,综合,173,扬州大学,423246,01,不限,050103,汉语国际教育,1,5720,四年,https://static-data.gaokao.cn/www/2.0/schoolspecialplan/173/2025/31.json?a=www.gaokao.cn,data/shanghai/raw/plan_api/static/2025/173.json,1
2025,综合,173,扬州大学,423246,01,不限,050101,汉语言文学,1,5720,四年,https://static-data.gaokao.cn/www/2.0/schoolspecialplan/173/2025/31.json?a=www.gaokao.cn,data/shanghai/raw/plan_api/static/2025/173.json,1
2025,综合,174,江西师范大学,423242,01,不限,050101,汉语言文学,1,4380,四年,https://static-data.gaokao.cn/www/2.0/schoolspecialplan/174/2025/31.json?a=www.gaokao.cn,data/shanghai/raw/plan_api/static/2025/174.json,1
2025,综合,174,江西师范大学,423242,01,不限,050201,英语,1,4660,四年,https://static-data.gaokao.cn/www/2.0/schoolspecialplan/174/2025/31.json?a=www.gaokao.cn,data/shanghai/raw/plan_api/static/2025/174.json,1
2025,综合,174,江西师范大学,423242,01,不限,0503,新闻传播学类,1,4660,四年,https://static-data.gaokao.cn/www/2.0/schoolspecialplan/174/2025/31.json?a=www.gaokao.cn,data/shanghai/raw/plan_api/static/2025/174.json,1
2025,综合,174,江西师范大学,423242,01,不限,0711,心理学类,1,4660,四年,https://static-data.gaokao.cn/www/2.0/schoolspecialplan/174/2025/31.json?a=www.gaokao.cn,data/shanghai/raw/plan_api/static/2025/174.json,1
2025,综合,174,江西师范大学,423274,04,历史、思想政治(2科必选),030503,思想政治教育,2,4660,四年,https://static-data.gaokao.cn/www/2.0/schoolspecialplan/174/2025/31.json?a=www.gaokao.cn,data/shanghai/raw/plan_api/static/2025/174.json,1
2025,综合,174,江西师范大学,423251,03,物理、化学(2科必选),070201,物理学,1,4940,四年,https://static-data.gaokao.cn/www/2.0/schoolspecialplan/174/2025/31.json?a=www.gaokao.cn,data/shanghai/raw/plan_api/static/2025/174.json,1
2025,综合,174,江西师范大学,423251,03,物理、化学(2科必选),070101,数学与应用数学,1,4940,四年,https://static-data.gaokao.cn/www/2.0/schoolspecialplan/174/2025/31.json?a=www.gaokao.cn,data/shanghai/raw/plan_api/static/2025/174.json,1
2025,综合,174,江西师范大学,423251,03,物理、化学(2科必选),071001,生物科学,1,4940,四年,https://static-data.gaokao.cn/www/2.0/schoolspecialplan/174/2025/31.json?a=www.gaokao.cn,data/shanghai/raw/plan_api/static/2025/174.json,1
2025,综合,174,江西师范大学,423251,03,物理、化学(2科必选),0703,化学类,1,4940,四年,https://static-data.gaokao.cn/www/2.0/schoolspecialplan/174/2025/31.json?a=www.gaokao.cn,data/shanghai/raw/plan_api/static/2025/174.json,1
2025,综合,174,江西师范大学,423263,02,地理必选,0705,地理科学类,1,4940,四年,https://static-data.gaokao.cn/www/2.0/schoolspecialplan/174/2025/31.json?a=www.gaokao.cn,data/shanghai/raw/plan_api/static/2025/174.json,1
2025,综合,175,江西财经大学,423238,04,不限,120203K,会计学,2,14000,四年,https://static-data.gaokao.cn/www/2.0/schoolspecialplan/175/2025/31.json?a=www.gaokao.cn,data/shanghai/raw/plan_api/static/2025/175.json,1
2025,综合,175,江西财经大学,423238,04,不限,020301K,金融学,2,14000,四年,https://static-data.gaokao.cn/www/2.0/schoolspecialplan/175/2025/31.json?a=www.gaokao.cn,data/shanghai/raw/plan_api/static/2025/175.json,1
2025,综合,175,江西财经大学,423238,04,不限,030101K,法学,2,14000,四年,https://static-data.gaokao.cn/www/2.0/schoolspecialplan/175/2025/31.json?a=www.gaokao.cn,data/shanghai/raw/plan_api/static/2025/175.json,1
2025,综合,175,江西财经大学,423260,05,物理、化学(2科必选),080902,软件工程,2,10000,四年,https://static-data.gaokao.cn/www/2.0/schoolspecialplan/175/2025/31.json?a=www.gaokao.cn,data/shanghai/raw/plan_api/static/2025/175.json,1
2025,综合,175,江西财经大学,423252,01,不限,020201K,财政学,2,4660,四年,https://static-data.gaokao.cn/www/2.0/schoolspecialplan/175/2025/31.json?a=www.gaokao.cn,data/shanghai/raw/plan_api/static/2025/175.json,1
2025,综合,175,江西财经大学,423252,01,不限,120201K,工商管理,2,4660,四年,https://static-data.gaokao.cn/www/2.0/schoolspecialplan/175/2025/31.json?a=www.gaokao.cn,data/shanghai/raw/plan_api/static/2025/175.json,1
2025,综合,175,江西财经大学,423257,02,物理必选,020310T,金融科技,2,4660,四年,https://static-data.gaokao.cn/www/2.0/schoolspecialplan/175/2025/31.json?a=www.gaokao.cn,data/shanghai/raw/plan_api/static/2025/175.json,1
2025,综合,175,江西财经大学,423254,08,物理、化学(2科必选),080916T,虚拟现实技术,2,60000,四年,https://static-data.gaokao.cn/www/2.0/schoolspecialplan/175/2025/31.json?a=www.gaokao.cn,data/shanghai/raw/plan_api/static/2025/175.json,0
2025,综合,175,江西财经大学,423252,01,不限,020301K,金融学,2,4660,四年,https://static-data.gaokao.cn/www/2.0/schoolspecialplan/175/2025/31.json?a=www.gaokao.cn,data/shanghai/raw/plan_api/static/2025/175.json,1
2025,综合,175,江西财经大学,423254,08,物理、化学(2科必选),080910T,数据科学与大数据技术,2,60000,四年,https://static-data.gaokao.cn/www/2.0/schoolspecialplan/175/2025/31.json?a=www.gaokao.cn,data/shanghai/raw/plan_api/static/2025/175.json,0
2025,综合,175,江西财经大学,423256,03,物理、化学(2科必选),070102,信息与计算科学,2,5220,四年,https://static-data.gaokao.cn/www/2.0/schoolspecialplan/175/2025/31.json?a=www.gaokao.cn,data/shanghai/raw/plan_api/static/2025/175.json,1
2025,综合,175,江西财经大学,423258,09,物理必选,120102,信息管理与信息系统,2,60000,四年,https://static-data.gaokao.cn/www/2.0/schoolspecialplan/175/2025/31.json?a=www.gaokao.cn,data/shanghai/raw/plan_api/static/2025/175.json,0
2025,综合,175,江西财经大学,423252,01,不限,030101K,法学,2,8460,四年,https://static-data.gaokao.cn/www/2.0/schoolspecialplan/175/2025/31.json?a=www.gaokao.cn,data/shanghai/raw/plan_api/static/2025/175.json,1
2025,综合,175,江西财经大学,423252,01,不限,030302,社会工作,2,4660,四年,https://static-data.gaokao.cn/www/2.0/schoolspecialplan/175/2025/31.json?a=www.gaokao.cn,data/shanghai/raw/plan_api/static/2025/175.json,1
2025,综合,175,江西财经大学,423272,06,物理必选,020109T,数字经济,2,27000,四年,https://static-data.gaokao.cn/www/2.0/schoolspecialplan/175/2025/31.json?a=www.gaokao.cn,data/shanghai/raw/plan_api/static/2025/175.json,0
2025,综合,175,江西财经大学,423256,03,物理、化学(2科必选),080911TK,网络空间安全,2,5220,四年,https://static-data.gaokao.cn/www/2.0/schoolspecialplan/175/2025/31.json?a=www.gaokao.cn,data/shanghai/raw/plan_api/static/2025/175.json,1
2025,综合,175,江西财经大学,423256,03,物理、化学(2科必选),080717T,人工智能,2,5220,四年,https://static-data.gaokao.cn/www/2.0/schoolspecialplan/175/2025/31.json?a=www.gaokao.cn,data/shanghai/raw/plan_api/static/2025/175.json,1
2025,综合,175,江西财经大学,423261,07,物理、化学(2科必选),080902,软件工程,1,27000,四年,https://static-data.gaokao.cn/www/2.0/schoolspecialplan/175/2025/31.json?a=www.gaokao.cn,data/shanghai/raw/plan_api/static/2025/175.json,0
2025,综合,175,江西财经大学,423257,02,物理必选,020302,金融工程,1,4660,四年,https://static-data.gaokao.cn/www/2.0/schoolspecialplan/175/2025/31.json?a=www.gaokao.cn,data/shanghai/raw/plan_api/static/2025/175.json,1
2025,综合,175,江西财经大学,423252,01,不限,020101,经济学,1,4660,四年,https://static-data.gaokao.cn/www/2.0/schoolspecialplan/175/2025/31.json?a=www.gaokao.cn,data/shanghai/raw/plan_api/static/2025/175.json,1
2025,综合,175,江西财经大学,423252,01,不限,020202,税收学,1,4660,四年,https://static-data.gaokao.cn/www/2.0/schoolspecialplan/175/2025/31.json?a=www.gaokao.cn,data/shanghai/raw/plan_api/static/2025/175.json,1
2025,综合,175,江西财经大学,423252,01,不限,120203K,会计学,1,4660,四年,https://static-data.gaokao.cn/www/2.0/schoolspecialplan/175/2025/31.json?a=www.gaokao.cn,data/shanghai/raw/plan_api/static/2025/175.json,1
2025,综合,175,江西财经大学,423257,02,物理必选,020308T,精算学,1,4660,四年,https://static-data.gaokao.cn/www/2.0/schoolspecialplan/175/2025/31.json?a=www.gaokao.cn,data/shanghai/raw/plan_api/static/2025/175.json,1
2025,综合,175,江西财经大学,423256,03,物理、化学(2科必选),071202,应用统计学,1,4940,四年,https://static-data.gaokao.cn/www/2.0/schoolspecialplan/175/2025/31.json?a=www.gaokao.cn,data/shanghai/raw/plan_api/static/2025/175.json,1
2025,综合,175,江西财经大学,423256,03,物理、化学(2科必选),080901,计算机科学与技术,1,5220,四年,https://static-data.gaokao.cn/www/2.0/schoolspecialplan/175/2025/31.json?a=www.gaokao.cn,data/shanghai/raw/plan_api/static/2025/175.json,1
2025,综合,175,江西财经大学,423257,02,物理必选,120102,信息管理与信息系统,1,5220,四年,https://static-data.gaokao.cn/www/2.0/schoolspecialplan/175/2025/31.json?a=www.gaokao.cn,data/shanghai/raw/plan_api/static/2025/175.json,1
2025,综合,175,江西财经大学,423257,02,物理必选,020109T,数字经济,1,4660,四年,https://static-data.gaokao.cn/www/2.0/schoolspecialplan/175/2025/31.json?a=www.gaokao.cn,data/shanghai/raw/plan_api/static/2025/175.json,1
2025,综合,175,江西财经大学,423252,01,不限,020104T,资源与环境经济学,1,4660,四年,https://static-data.gaokao.cn/www/2.0/schoolspecialplan/175/2025/31.json?a=www.gaokao.cn,data/shanghai/raw/plan_api/static/2025/175.json,1
2025,综合,176,东华理工大学,423237,02,物理、化学(2科必选),080901,计算机科学与技术,3,5220,四年,https://static-data.gaokao.cn/www/2.0/schoolspecialplan/176/2025/31.json?a=www.gaokao.cn,data/shanghai/raw/plan_api/static/2025/176.json,1
2025,综合,176,东华理工大学,423237,02,物理、化学(2科必选),081201,测绘工程,3,5220,四年,https://static-data.gaokao.cn/www/2.0/schoolspecialplan/176/2025/31.json?a=www.gaokao.cn,data/shanghai/raw/plan_api/static/2025/176.json,1
2025,综合,176,东华理工大学,423237,02,物理、化学(2科必选),081202,遥感科学与技术,3,5220,四年,https://static-data.gaokao.cn/www/2.0/schoolspecialplan/176/2025/31.json?a=www.gaokao.cn,data/shanghai/raw/plan_api/static/2025/176.json,1
2025,综合,176,东华理工大学,423237,02,物理、化学(2科必选),082202,辐射防护与核安全,3,4940,四年,https://static-data.gaokao.cn/www/2.0/schoolspecialplan/176/2025/31.json?a=www.gaokao.cn,data/shanghai/raw/plan_api/static/2025/176.json,1
2025,综合,176,东华理工大学,423237,02,物理、化学(2科必选),080911TK,网络空间安全,3,5220,四年,https://static-data.gaokao.cn/www/2.0/schoolspecialplan/176/2025/31.json?a=www.gaokao.cn,data/shanghai/raw/plan_api/static/2025/176.json,1
2025,综合,176,东华理工大学,423265,01,不限,120202,市场营销,5,4660,四年,https://static-data.gaokao.cn/www/2.0/schoolspecialplan/176/2025/31.json?a=www.gaokao.cn,data/shanghai/raw/plan_api/static/2025/176.json,1
2025,综合,176,东华理工大学,423265,01,不限,120204,财务管理,5,4660,四年,https://static-data.gaokao.cn/www/2.0/schoolspecialplan/176/2025/31.json?a=www.gaokao.cn,data/shanghai/raw/plan_api/static/2025/176.json,1
2025,综合,176,东华理工大学,423265,01,不限,120203K,会计学,5,4660,四年,https://static-data.gaokao.cn/www/2.0/schoolspecialplan/176/2025/31.json?a=www.gaokao.cn,data/shanghai/raw/plan_api/static/2025/176.json,1
2025,综合,178,重庆医科大学,423240,04,化学必选,101101K,护理学,2,6250,四年,https://static-data.gaokao.cn/www/2.0/schoolspecialplan/178/2025/31.json?a=www.gaokao.cn,data/shanghai/raw/plan_api/static/2025/178.json,1
2025,综合,178,重庆医科大学,423271,05,物理、化学(2科必选),100201K,临床医学,8,62000,五年,https://static-data.gaokao.cn/www/2.0/schoolspecialplan/178/2025/31.json?a=www.gaokao.cn,data/shanghai/raw/plan_api/static/2025/178.json,0
2025,综合,178,重庆医科大学,423253,01,物理、化学(2科必选),100201K,临床医学,1,6250,五年,https://static-data.gaokao.cn/www/2.0/schoolspecialplan/178/2025/31.json?a=www.gaokao.cn,data/shanghai/raw/plan_api/static/2025/178.json,1
2025,综合,178,重庆医科大学,423268,02,物理、化学(2科必选),100401K,预防医学,2,6250,五年,https://static-data.gaokao.cn/www/2.0/schoolspecialplan/178/2025/31.json?a=www.gaokao.cn,data/shanghai/raw/plan_api/static/2025/178.json,1
2025,综合,178,重庆医科大学,423271,05,物理、化学(2科必选),100205TK,精神医学,2,,五年,https://static-data.gaokao.cn/www/2.0/schoolspecialplan/178/2025/31.json?a=www.gaokao.cn,data/shanghai/raw/plan_api/static/2025/178.json,0
2025,综合,178,重庆医科大学,423253,01,物理、化学(2科必选),100301K,口腔医学,2,6250,五年,https://static-data.gaokao.cn/www/2.0/schoolspecialplan/178/2025/31.json?a=www.gaokao.cn,data/shanghai/raw/plan_api/static/2025/178.json,1
2025,综合,178,重庆医科大学,423267,03,物理、化学(2科必选),101007,卫生检验与检疫,2,6250,四年,https://static-data.gaokao.cn/www/2.0/schoolspecialplan/178/2025/31.json?a=www.gaokao.cn,data/shanghai/raw/plan_api/static/2025/178.json,1
2025,综合,178,重庆医科大学,423267,03,物理、化学(2科必选),071003,生物信息学,2,4625,四年,https://static-data.gaokao.cn/www/2.0/schoolspecialplan/178/2025/31.json?a=www.gaokao.cn,data/shanghai/raw/plan_api/static/2025/178.json,1
2025,综合,178,重庆医科大学,423268,02,物理、化学(2科必选),101001,医学检验技术,2,6250,四年,https://static-data.gaokao.cn/www/2.0/schoolspecialplan/178/2025/31.json?a=www.gaokao.cn,data/shanghai/raw/plan_api/static/2025/178.json,1
2025,综合,178,重庆医科大学,423253,01,物理、化学(2科必选),100202TK,麻醉学,1,6250,五年,https://static-data.gaokao.cn/www/2.0/schoolspecialplan/178/2025/31.json?a=www.gaokao.cn,data/shanghai/raw/plan_api/static/2025/178.json,1
2025,综合,178,重庆医科大学,423253,01,物理、化学(2科必选),100203TK,医学影像学,1,6250,五年,https://static-data.gaokao.cn/www/2.0/schoolspecialplan/178/2025/31.json?a=www.gaokao.cn,data/shanghai/raw/plan_api/static/2025/178.json,1
2025,综合,178,重庆医科大学,423268,02,物理、化学(2科必选),100701,药学,1,6250,四年,https://static-data.gaokao.cn/www/2.0/schoolspecialplan/178/2025/31.json?a=www.gaokao.cn,data/shanghai/raw/plan_api/static/2025/178.json,1
2025,综合,178,重庆医科大学,423253,01,物理、化学(2科必选),100207TK,儿科学,1,6250,五年,https://static-data.gaokao.cn/www/2.0/schoolspecialplan/178/2025/31.json?a=www.gaokao.cn,data/shanghai/raw/plan_api/static/2025/178.json,1
2025,综合,178,重庆医科大学,423268,02,物理、化学(2科必选),082601,生物医学工程,1,4625,五年,https://static-data.gaokao.cn/www/2.0/schoolspecialplan/178/2025/31.json?a=www.gaokao.cn,data/shanghai/raw/plan_api/static/2025/178.json,1
2025,综合,178,重庆医科大学,423267,03,物理、化学(2科必选),080711T,医学信息工程,1,4625,四年,https://static-data.gaokao.cn/www/2.0/schoolspecialplan/178/2025/31.json?a=www.gaokao.cn,data/shanghai/raw/plan_api/static/2025/178.json,1
2025,综合,178,重庆医科大学,423253,01,物理、化学(2科必选),100204TK,眼视光医学,1,6250,五年,https://static-data.gaokao.cn/www/2.0/schoolspecialplan/178/2025/31.json?a=www.gaokao.cn,data/shanghai/raw/plan_api/static/2025/178.json,1
2025,综合,179,重庆师范大学,423247,04,物理、化学(2科必选),070101,数学与应用数学,4,3750,四年,https://static-data.gaokao.cn/www/2.0/schoolspecialplan/179/2025/31.json?a=www.gaokao.cn,data/shanghai/raw/plan_api/static/2025/179.json,1
2025,综合,179,重庆师范大学,423247,04,物理、化学(2科必选),080714T,电子信息科学与技术,3,5600,四年,https://static-data.gaokao.cn/www/2.0/schoolspecialplan/179/2025/31.json?a=www.gaokao.cn,data/shanghai/raw/plan_api/static/2025/179.json,1
2025,综合,179,重庆师范大学,423264,01,不限,020101,经济学,5,5600,四年,https://static-data.gaokao.cn/www/2.0/schoolspecialplan/179/2025/31.json?a=www.gaokao.cn,data/shanghai/raw/plan_api/static/2025/179.json,1
2025,综合,179,重庆师范大学,423275,02,物理、化学(2科必选),0804,材料类,4,4600,四年,https://static-data.gaokao.cn/www/2.0/schoolspecialplan/179/2025/31.json?a=www.gaokao.cn,data/shanghai/raw/plan_api/static/2025/179.json,1
2025,综合,179,重庆师范大学,423264,01,不限,050201,英语,3,4375,四年,https://static-data.gaokao.cn/www/2.0/schoolspecialplan/179/2025/31.json?a=www.gaokao.cn,data/shanghai/raw/plan_api/static/2025/179.json,1
2025,综合,179,重庆师范大学,423275,02,物理、化学(2科必选),070301,化学,3,3750,四年,https://static-data.gaokao.cn/www/2.0/schoolspecialplan/179/2025/31.json?a=www.gaokao.cn,data/shanghai/raw/plan_api/static/2025/179.json,1
2025,综合,179,重庆师范大学,423250,03,历史必选,050101,汉语言文学,2,3100,四年,https://static-data.gaokao.cn/www/2.0/schoolspecialplan/179/2025/31.json?a=www.gaokao.cn,data/shanghai/raw/plan_api/static/2025/179.json,1
2025,综合,180,西南政法大学,423283,02,不限,030101K,法学,2,,四年,https://static-data.gaokao.cn/www/2.0/schoolspecialplan/180/2025/31.json?a=www.gaokao.cn,data/shanghai/raw/plan_api/static/2025/180.json,0
2025,综合,180,西南政法大学,423291,01,不限,030101K,法学,2,,四年,https://static-data.gaokao.cn/www/2.0/schoolspecialplan/180/2025/31.json?a=www.gaokao.cn,data/shanghai/raw/plan_api/static/2025/180.json,1
2025,综合,180,西南政法大学,423291,01,不限,030112TK,海外利益安全,2,,四年,https://static-data.gaokao.cn/www/2.0/schoolspecialplan/180/2025/31.json?a=www.gaokao.cn,data/shanghai/raw/plan_api/static/2025/180.json,1
2025,综合,184,重庆邮电大学,423279,01,物理、化学(2科必选),0807,电子信息类,4,5600,四年,https://static-data.gaokao.cn/www/2.0/schoolspecialplan/184/2025/31.json?a=www.gaokao.cn,data/shanghai/raw/plan_api/static/2025/184.json,1
2025,综合,184,重庆邮电大学,423279,01,物理、化学(2科必选),080901,计算机科学与技术,2,5600,四年,https://static-data.gaokao.cn/www/2.0/schoolspecialplan/184/2025/31.json?a=www.gaokao.cn,data/shanghai/raw/plan_api/static/2025/184.json,1
2025,综合,184,重庆邮电大学,423279,01,物理、化学(2科必选),0809,计算机类,2,5600,四年,https://static-data.gaokao.cn/www/2.0/schoolspecialplan/184/2025/31.json?a=www.gaokao.cn,data/shanghai/raw/plan_api/static/2025/184.json,1
2025,综合,185,江西中医药大学,423276,01,不限,100501K,中医学,1,5220,五年,https://static-data.gaokao.cn/www/2.0/schoolspecialplan/185/2025/31.json?a=www.gaokao.cn,data/shanghai/raw/plan_api/static/2025/185.json,1
2025,综合,185,江西中医药大学,423276,01,不限,100502K,针灸推拿学,2,5220,五年,https://static-data.gaokao.cn/www/2.0/schoolspecialplan/185/2025/31.json?a=www.gaokao.cn,data/shanghai/raw/plan_api/static/2025/185.json,1
2025,综合,185,江西中医药大学,423276,01,不限,100513TK,中医骨伤科学,2,5220,五年,https://static-data.gaokao.cn/www/2.0/schoolspecialplan/185/2025/31.json?a=www.gaokao.cn,data/shanghai/raw/plan_api/static/2025/185.json,1
2025,综合,185,江西中医药大学,423287,02,物理、化学(2科必选),100701,药学,3,5220,四年,https://static-data.gaokao.cn/www/2.0/schoolspecialplan/185/2025/31.json?a=www.gaokao.cn,data/shanghai/raw/plan_api/static/2025/185.json,1
2025,综合,185,江西中医药大学,423287,02,物理、化学(2科必选),100801,中药学,2,5220,四年,https://static-data.gaokao.cn/www/2.0/schoolspecialplan/185/2025/31.json?a=www.gaokao.cn,data/shanghai/raw/plan_api/static/2025/185.json,1
2025,综合,186,上饶师范学院,423286,02,物理、化学(2科必选),071001,生物科学,2,4530,四年,https://static-data.gaokao.cn/www/2.0/schoolspecialplan/186/2025/31.json?a=www.gaokao.cn,data/shanghai/raw/plan_api/static/2025/186.json,1
2025,综合,186,上饶师范学院,423293,01,不限,040106,学前教育,2,4270,四年,https://static-data.gaokao.cn/www/2.0/schoolspecialplan/186/2025/31.json?a=www.gaokao.cn,data/shanghai/raw/plan_api/static/2025/186.json,1
2025,综合,187,重庆理工大学,423284,03,物理、化学(2科必选),080705,光电信息科学与工程,2,,四年,https://static-data.gaokao.cn/www/2.0/schoolspecialplan/187/2025/31.json?a=www.gaokao.cn,data/shanghai/raw/plan_api/static/2025/187.json,1
2025,综合,187,重庆理工大学,423284,03,物理、化学(2科必选),080213T,智能制造工程,2,,四年,https://static-data.gaokao.cn/www/2.0/schoolspecialplan/187/2025/31.json?a=www.gaokao.cn,data/shanghai/raw/plan_api/static/2025/187.json,1
2025,综合,187,重庆理工大学,423290,01,不限,120201K,工商管理,3,,四年,https://static-data.gaokao.cn/www/2.0/schoolspecialplan/187/2025/31.json?a=www.gaokao.cn,data/shanghai/raw/plan_api/static/2025/187.json,1
2025,综合,187,重庆理工大学,423290,01,不限,120203K,会计学,3,,四年,https://static-data.gaokao.cn/www/2.0/schoolspecialplan/187/2025/31.json?a=www.gaokao.cn,data/shanghai/raw/plan_api/static/2025/187.json,1
2025,综合,187,重庆理工大学,423288,02,物理必选,020109T,数字经济,3,,四年,https://static-data.gaokao.cn/www/2.0/schoolspecialplan/187/2025/31.json?a=www.gaokao.cn,data/shanghai/raw/plan_api/static/2025/187.json,1
2025,综合,189,赣南师范大学,423278,01,历史必选,050101,汉语言文学,1,4380,四年,https://static-data.gaokao.cn/www/2.0/schoolspecialplan/189/2025/31.json?a=www.gaokao.cn,data/shanghai/raw/plan_api/static/2025/189.json,1
2025,综合,189,赣南师范大学,423278,01,历史必选,050103,汉语国际教育,1,4380,四年,https://static-data.gaokao.cn/www/2.0/schoolspecialplan/189/2025/31.json?a=www.gaokao.cn,data/shanghai/raw/plan_api/static/2025/189.json,1
2025,综合,189,赣南师范大学,423280,05,不限,020301K,金融学,2,4660,四年,https://static-data.gaokao.cn/www/2.0/schoolspecialplan/189/2025/31.json?a=www.gaokao.cn,data/shanghai/raw/plan_api/static/2025/189.json,1
2025,综合,189,赣南师范大学,423282,06,不限,130305,广播电视编导,2,9600,四年,https://static-data.gaokao.cn/www/2.0/schoolspecialplan/189/2025/31.json?a=www.gaokao.cn,data/shanghai/raw/plan_api/static/2025/189.json,1
2025,综合,189,赣南师范大学,423281,04,地理必选,070501,地理科学,1,4940,四年,https://static-data.gaokao.cn/www/2.0/schoolspecialplan/189/2025/31.json?a=www.gaokao.cn,data/shanghai/raw/plan_api/static/2025/189.json,1
2025,综合,189,赣南师范大学,423281,04,地理必选,070504,地理信息科学,1,4940,四年,https://static-data.gaokao.cn/www/2.0/schoolspecialplan/189/2025/31.json?a=www.gaokao.cn,data/shanghai/raw/plan_api/static/2025/189.json,1
2025,综合,189,赣南师范大学,423281,04,地理必选,070503,人文地理与城乡规划,1,4940,四年,https://static-data.gaokao.cn/www/2.0/schoolspecialplan/189/2025/31.json?a=www.gaokao.cn,data/shanghai/raw/plan_api/static/2025/189.json,1
2025,综合,189,赣南师范大学,423292,03,不限,030101K,法学,1,4660,四年,https://static-data.gaokao.cn/www/2.0/schoolspecialplan/189/2025/31.json?a=www.gaokao.cn,data/shanghai/raw/plan_api/static/2025/189.json,1
2025,综合,189,赣南师范大学,423292,03,不限,030302,社会工作,1,4660,四年,https://static-data.gaokao.cn/www/2.0/schoolspecialplan/189/2025/31.json?a=www.gaokao.cn,data/shanghai/raw/plan_api/static/2025/189.json,1
2025,综合,189,赣南师范大学,423280,05,不限,120202,市场营销,1,4660,四年,https://static-data.gaokao.cn/www/2.0/schoolspecialplan/189/2025/31.json?a=www.gaokao.cn,data/shanghai/raw/plan_api/static/2025/189.json,1
2025,综合,189,赣南师范大学,423289,02,不限,050201,英语,1,4660,四年,https://static-data.gaokao.cn/www/2.0/schoolspecialplan/189/2025/31.json?a=www.gaokao.cn,data/shanghai/raw/plan_api/static/2025/189.json,1
2025,综合,189,赣南师范大学,423289,02,不限,050262,商务英语,1,4660,四年,https://static-data.gaokao.cn/www/2.0/schoolspecialplan/189/2025/31.json?a=www.gaokao.cn,data/shanghai/raw/plan_api/static/2025/189.json,1
2025,综合,189,赣南师范大学,423280,05,不限,120203K,会计学,1,4660,四年,https://static-data.gaokao.cn/www/2.0/schoolspecialplan/189/2025/31.json?a=www.gaokao.cn,data/shanghai/raw/plan_api/static/2025/189.json,1
2025,综合,189,赣南师范大学,423292,03,不限,050207,日语,1,4660,四年,https://static-data.gaokao.cn/www/2.0/schoolspecialplan/189/2025/31.json?a=www.gaokao.cn,data/shanghai/raw/plan_api/static/2025/189.json,1
2025,综合,192,宜春学院,423295,04,物理、化学(2科必选),100701,药学,2,4790,四年,https://static-data.gaokao.cn/www/2.0/schoolspecialplan/192/2025/31.json?a=www.gaokao.cn,data/shanghai/raw/plan_api/static/2025/192.json,1
2025,综合,192,宜春学院,423295,04,物理、化学(2科必选),070302,应用化学,2,4530,四年,https://static-data.gaokao.cn/www/2.0/schoolspecialplan/192/2025/31.json?a=www.gaokao.cn,data/shanghai/raw/plan_api/static/2025/192.json,1
2025,综合,192,宜春学院,423295,04,物理、化学(2科必选),081001,土木工程,1,4790,四年,https://static-data.gaokao.cn/www/2.0/schoolspecialplan/192/2025/31.json?a=www.gaokao.cn,data/shanghai/raw/plan_api/static/2025/192.json,1
2025,综合,192,宜春学院,423303,03,生物必选,101101K,护理学,2,4790,四年,https://static-data.gaokao.cn/www/2.0/schoolspecialplan/192/2025/31.json?a=www.gaokao.cn,data/shanghai/raw/plan_api/static/2025/192.json,1
2025,综合,192,宜春学院,423306,01,不限,050204,法语,2,4270,四年,https://static-data.gaokao.cn/www/2.0/schoolspecialplan/192/2025/31.json?a=www.gaokao.cn,data/shanghai/raw/plan_api/static/2025/192.json,1
2025,综合,192,宜春学院,423306,01,不限,020401,国际经济与贸易,2,4270,四年,https://static-data.gaokao.cn/www/2.0/schoolspecialplan/192/2025/31.json?a=www.gaokao.cn,data/shanghai/raw/plan_api/static/2025/192.json,1
2025,综合,192,宜春学院,423306,01,不限,050101,汉语言文学,2,4010,四年,https://static-data.gaokao.cn/www/2.0/schoolspecialplan/192/2025/31.json?a=www.gaokao.cn,data/shanghai/raw/plan_api/static/2025/192.json,1
2025,综合,192,宜春学院,423319,05,物理、化学(2科必选),080901,计算机科学与技术,2,11000,四年,https://static-data.gaokao.cn/www/2.0/schoolspecialplan/192/2025/31.json?a=www.gaokao.cn,data/shanghai/raw/plan_api/static/2025/192.json,1
2025,综合,192,宜春学院,423300,06,物、化、生(3科必选),100201K,临床医学,2,4790,五年,https://static-data.gaokao.cn/www/2.0/schoolspecialplan/192/2025/31.json?a=www.gaokao.cn,data/shanghai/raw/plan_api/static/2025/192.json,1
2025,综合,192,宜春学院,423300,06,物、化、生(3科必选),100202TK,麻醉学,2,4790,五年,https://static-data.gaokao.cn/www/2.0/schoolspecialplan/192/2025/31.json?a=www.gaokao.cn,data/shanghai/raw/plan_api/static/2025/192.json,1
2025,综合,192,宜春学院,423306,01,不限,120405,城市管理,2,4270,四年,https://static-data.gaokao.cn/www/2.0/schoolspecialplan/192/2025/31.json?a=www.gaokao.cn,data/shanghai/raw/plan_api/static/2025/192.json,1
2025,综合,192,宜春学院,423306,01,不限,050261,翻译,2,4270,四年,https://static-data.gaokao.cn/www/2.0/schoolspecialplan/192/2025/31.json?a=www.gaokao.cn,data/shanghai/raw/plan_api/static/2025/192.json,1
2025,综合,192,宜春学院,423317,02,物理必选,020109T,数字经济,2,4270,四年,https://static-data.gaokao.cn/www/2.0/schoolspecialplan/192/2025/31.json?a=www.gaokao.cn,data/shanghai/raw/plan_api/static/2025/192.json,1
2025,综合,194,九江学院,423305,01,不限,120207,审计学,3,4270,四年,https://static-data.gaokao.cn/www/2.0/schoolspecialplan/194/2025/31.json?a=www.gaokao.cn,data/shanghai/raw/plan_api/static/2025/194.json,1
2025,综合,194,九江学院,423305,01,不限,120203K,会计学,2,4270,四年,https://static-data.gaokao.cn/www/2.0/schoolspecialplan/194/2025/31.json?a=www.gaokao.cn,data/shanghai/raw/plan_api/static/2025/194.json,1
2025,综合,194,九江学院,423318,03,物理、化学(2科必选),080910T,数据科学与大数据技术,3,4790,四年,https://static-data.gaokao.cn/www/2.0/schoolspecialplan/194/2025/31.json?a=www.gaokao.cn,data/shanghai/raw/plan_api/static/2025/194.json,1
2025,综合,194,九江学院,423312,02,物理必选,020302,金融工程,3,4270,四年,https://static-data.gaokao.cn/www/2.0/schoolspecialplan/194/2025/31.json?a=www.gaokao.cn,data/shanghai/raw/plan_api/static/2025/194.json,1
2025,综合,195,赣南医科大学,423302,02,物理、化学(2科必选),100201K,临床医学,2,4790,五年,https://static-data.gaokao.cn/www/2.0/schoolspecialplan/195/2025/31.json?a=www.gaokao.cn,data/shanghai/raw/plan_api/static/2025/195.json,1
2025,综合,195,赣南医科大学,423302,02,物理、化学(2科必选),100901K,法医学,2,4790,五年,https://static-data.gaokao.cn/www/2.0/schoolspecialplan/195/2025/31.json?a=www.gaokao.cn,data/shanghai/raw/plan_api/static/2025/195.json,1
2025,综合,195,赣南医科大学,423302,02,物理、化学(2科必选),100202TK,麻醉学,2,4790,五年,https://static-data.gaokao.cn/www/2.0/schoolspecialplan/195/2025/31.json?a=www.gaokao.cn,data/shanghai/raw/plan_api/static/2025/195.json,1
2025,综合,195,赣南医科大学,423302,02,物理、化学(2科必选),071002,生物技术,2,4530,四年,https://static-data.gaokao.cn/www/2.0/schoolspecialplan/195/2025/31.json?a=www.gaokao.cn,data/shanghai/raw/plan_api/static/2025/195.json,1
2025,综合,195,赣南医科大学,423302,02,物理、化学(2科必选),101003,医学影像技术,2,4790,四年,https://static-data.gaokao.cn/www/2.0/schoolspecialplan/195/2025/31.json?a=www.gaokao.cn,data/shanghai/raw/plan_api/static/2025/195.json,1
2025,综合,195,赣南医科大学,423302,02,物理、化学(2科必选),082601,生物医学工程,2,4790,四年,https://static-data.gaokao.cn/www/2.0/schoolspecialplan/195/2025/31.json?a=www.gaokao.cn,data/shanghai/raw/plan_api/static/2025/195.json,1
2025,综合,195,赣南医科大学,423304,01,不限,120401,公共事业管理,2,4270,四年,https://static-data.gaokao.cn/www/2.0/schoolspecialplan/195/2025/31.json?a=www.gaokao.cn,data/shanghai/raw/plan_api/static/2025/195.json,1
2025,综合,195,赣南医科大学,423304,01,不限,030101K,法学,2,4270,四年,https://static-data.gaokao.cn/www/2.0/schoolspecialplan/195/2025/31.json?a=www.gaokao.cn,data/shanghai/raw/plan_api/static/2025/195.json,1
2025,综合,195,赣南医科大学,423304,01,不限,071102,应用心理学,2,4270,四年,https://static-data.gaokao.cn/www/2.0/schoolspecialplan/195/2025/31.json?a=www.gaokao.cn,data/shanghai/raw/plan_api/static/2025/195.json,1
2025,综合,195,赣南医科大学,423304,01,不限,120410T,健康服务与管理,2,4270,四年,https://static-data.gaokao.cn/www/2.0/schoolspecialplan/195/2025/31.json?a=www.gaokao.cn,data/shanghai/raw/plan_api/static/2025/195.json,1
2025,综合,199,石河子大学,423296,02,不限,040101,教育学,2,,四年,https://static-data.gaokao.cn/www/2.0/schoolspecialplan/199/2025/31.json?a=www.gaokao.cn,data/shanghai/raw/plan_api/static/2025/199.json,1
2025,综合,199,石河子大学,423296,02,不限,050101,汉语言文学,2,,四年,https://static-data.gaokao.cn/www/2.0/schoolspecialplan/199/2025/31.json?a=www.gaokao.cn,data/shanghai/raw/plan_api/static/2025/199.json,1
2025,综合,199,石河子大学,423296,02,不限,120203K,会计学,2,,四年,https://static-data.gaokao.cn/www/2.0/schoolspecialplan/199/2025/31.json?a=www.gaokao.cn,data/shanghai/raw/plan_api/static/2025/199.json,1
2025,综合,199,石河子大学,423296,02,不限,050201,英语,2,,四年,https://static-data.gaokao.cn/www/2.0/schoolspecialplan/199/2025/31.json?a=www.gaokao.cn,data/shanghai/raw/plan_api/static/2025/199.json,1
2025,综合,199,石河子大学,423296,02,不限,1202,工商管理类,2,,四年,https://static-data.gaokao.cn/www/2.0/schoolspecialplan/199/2025/31.json?a=www.gaokao.cn,data/shanghai/raw/plan_api/static/2025/199.json,1
2025,综合,199,石河子大学,423299,01,物理、化学(2科必选),100201K,临床医学,6,,五年,https://static-data.gaokao.cn/www/2.0/schoolspecialplan/199/2025/31.json?a=www.gaokao.cn,data/shanghai/raw/plan_api/static/2025/199.json,1
2025,综合,199,石河子大学,423314,03,物理、化学(2科必选),080902,软件工程,4,,四年,https://static-data.gaokao.cn/www/2.0/schoolspecialplan/199/2025/31.json?a=www.gaokao.cn,data/shanghai/raw/plan_api/static/2025/199.json,1
2025,综合,199,石河子大学,423299,01,物理、化学(2科必选),0809,计算机类,4,,四年,https://static-data.gaokao.cn/www/2.0/schoolspecialplan/199/2025/31.json?a=www.gaokao.cn,data/shanghai/raw/plan_api/static/2025/199.json,1
2025,综合,199,石河子大学,423299,01,物理、化学(2科必选),080701,电子信息工程,2,,四年,https://static-data.gaokao.cn/www/2.0/schoolspecialplan/199/2025/31.json?a=www.gaokao.cn,data/shanghai/raw/plan_api/static/2025/199.json,1
2025,综合,199,石河子大学,423299,01,物理、化学(2科必选),080901,计算机科学与技术,2,,四年,https://static-data.gaokao.cn/www/2.0/schoolspecialplan/199/2025/31.json?a=www.gaokao.cn,data/shanghai/raw/plan_api/static/2025/199.json,1
2025,综合,199,石河子大学,423299,01,物理、化学(2科必选),100703TK,临床药学,2,,五年,https://static-data.gaokao.cn/www/2.0/schoolspecialplan/199/2025/31.json?a=www.gaokao.cn,data/shanghai/raw/plan_api/static/2025/199.json,1
2025,综合,199,石河子大学,423299,01,物理、化学(2科必选),100701,药学,2,,四年,https://static-data.gaokao.cn/www/2.0/schoolspecialplan/199/2025/31.json?a=www.gaokao.cn,data/shanghai/raw/plan_api/static/2025/199.json,1
2025,综合,199,石河子大学,423299,01,物理、化学(2科必选),100401K,预防医学,2,,五年,https://static-data.gaokao.cn/www/2.0/schoolspecialplan/199/2025/31.json?a=www.gaokao.cn,data/shanghai/raw/plan_api/static/2025/199.json,1
2025,综合,199,石河子大学,423299,01,物理、化学(2科必选),100301K,口腔医学,2,,五年,https://static-data.gaokao.cn/www/2.0/schoolspecialplan/199/2025/31.json?a=www.gaokao.cn,data/shanghai/raw/plan_api/static/2025/199.json,1
2025,综合,199,石河子大学,423299,01,物理、化学(2科必选),082009T,无人驾驶航空器系统工程,2,,四年,https://static-data.gaokao.cn/www/2.0/schoolspecialplan/199/2025/31.json?a=www.gaokao.cn,data/shanghai/raw/plan_api/static/2025/199.json,1
2025,综合,205,辽宁中医药大学,423324,01,不限,100501K,中医学,10,5500,五年,https://static-data.gaokao.cn/www/2.0/schoolspecialplan/205/2025/31.json?a=www.gaokao.cn,data/shanghai/raw/plan_api/static/2025/205.json,1
2025,综合,207,锦州医科大学,423320,02,物理、化学(2科必选),101011T,智能医学工程,2,5200,四年,https://static-data.gaokao.cn/www/2.0/schoolspecialplan/207/2025/31.json?a=www.gaokao.cn,data/shanghai/raw/plan_api/static/2025/207.json,1
2025,综合,207,锦州医科大学,423320,02,物理、化学(2科必选),101101K,护理学,1,5500,四年,https://static-data.gaokao.cn/www/2.0/schoolspecialplan/207/2025/31.json?a=www.gaokao.cn,data/shanghai/raw/plan_api/static/2025/207.json,1
2025,综合,207,锦州医科大学,423320,02,物理、化学(2科必选),101001,医学检验技术,1,5500,四年,https://static-data.gaokao.cn/www/2.0/schoolspecialplan/207/2025/31.json?a=www.gaokao.cn,data/shanghai/raw/plan_api/static/2025/207.json,1
2025,综合,207,锦州医科大学,423320,02,物理、化学(2科必选),101002,医学实验技术,1,5500,四年,https://static-data.gaokao.cn/www/2.0/schoolspecialplan/207/2025/31.json?a=www.gaokao.cn,data/shanghai/raw/plan_api/static/2025/207.json,1
2025,综合,207,锦州医科大学,423321,03,物理、化学(2科必选),090401,动物医学,2,5200,五年,https://static-data.gaokao.cn/www/2.0/schoolspecialplan/207/2025/31.json?a=www.gaokao.cn,data/shanghai/raw/plan_api/static/2025/207.json,1
2025,综合,207,锦州医科大学,423325,01,物理、化学(2科必选),100201K,临床医学,2,5500,五年,https://static-data.gaokao.cn/www/2.0/schoolspecialplan/207/2025/31.json?a=www.gaokao.cn,data/shanghai/raw/plan_api/static/2025/207.json,1
2025,综合,207,锦州医科大学,423326,04,物理、生物(2科必选),040206T,运动康复,1,32000,四年,https://static-data.gaokao.cn/www/2.0/schoolspecialplan/207/2025/31.json?a=www.gaokao.cn,data/shanghai/raw/plan_api/static/2025/207.json,0
2025,综合,208,大连民族大学,423323,01,不限,120201K,工商管理,6,5200,四年,https://static-data.gaokao.cn/www/2.0/schoolspecialplan/208/2025/31.json?a=www.gaokao.cn,data/shanghai/raw/plan_api/static/2025/208.json,1
2025,综合,208,大连民族大学,423323,01,不限,120206,人力资源管理,4,5200,四年,https://static-data.gaokao.cn/www/2.0/schoolspecialplan/208/2025/31.json?a=www.gaokao.cn,data/shanghai/raw/plan_api/static/2025/208.json,1
2025,综合,210,北师大,423335,02,不限,120206,人力资源管理,2,5200,四年,https://static-data.gaokao.cn/www/2.0/schoolspecialplan/210/2025/31.json?a=www.gaokao.cn,data/shanghai/raw/plan_api/static/2025/210.json,1
2025,综合,210,北师大,423338,03,不限,020307T,经济与金融,2,5200,四年,https://static-data.gaokao.cn/www/2.0/schoolspecialplan/210/2025/31.json?a=www.gaokao.cn,data/shanghai/raw/plan_api/static/2025/210.json,1
2025,综合,210,北师大,423337,01,物理、化学(2科必选),081901,船舶与海洋工程,2,5200,四年,https://static-data.gaokao.cn/www/2.0/schoolspecialplan/210/2025/31.json?a=www.gaokao.cn,data/shanghai/raw/plan_api/static/2025/210.json,1
2025,综合,210,北师大,423337,01,物理、化学(2科必选),080501,能源与动力工程,2,5200,四年,https://static-data.gaokao.cn/www/2.0/schoolspecialplan/210/2025/31.json?a=www.gaokao.cn,data/shanghai/raw/plan_api/static/2025/210.json,1
2025,综合,210,北师大,423337,01,物理、化学(2科必选),080202,机械设计制造及其自动化,2,5200,四年,https://static-data.gaokao.cn/www/2.0/schoolspecialplan/210/2025/31.json?a=www.gaokao.cn,data/shanghai/raw/plan_api/static/2025/210.json,1
2025,综合,212,沈阳建筑大学,423328,02,物理、化学(2科必选),080213T,智能制造工程,1,5200,四年,https://static-data.gaokao.cn/www/2.0/schoolspecialplan/212/2025/31.json?a=www.gaokao.cn,data/shanghai/raw/plan_api/static/2025/212.json,1
2025,综合,212,沈阳建筑大学,423328,02,物理、化学(2科必选),080901,计算机科学与技术,1,5200,四年,https://static-data.gaokao.cn/www/2.0/schoolspecialplan/212/2025/31.json?a=www.gaokao.cn,data/shanghai/raw/plan_api/static/2025/212.json,1
2025,综合,212,沈阳建筑大学,423328,02,物理、化学(2科必选),081001,土木工程,1,5200,四年,https://static-data.gaokao.cn/www/2.0/schoolspecialplan/212/2025/31.json?a=www.gaokao.cn,data/shanghai/raw/plan_api/static/2025/212.json,1
2025,综合,212,沈阳建筑大学,423328,02,物理、化学(2科必选),081003,给排水科学与工程,1,5200,四年,https://static-data.gaokao.cn/www/2.0/schoolspecialplan/212/2025/31.json?a=www.gaokao.cn,data/shanghai/raw/plan_api/static/2025/212.json,1
2025,综合,212,沈阳建筑大学,423328,02,物理、化学(2科必选),080601,电气工程及其自动化,1,5200,四年,https://static-data.gaokao.cn/www/2.0/schoolspecialplan/212/2025/31.json?a=www.gaokao.cn,data/shanghai/raw/plan_api/static/2025/212.json,1
2025,综合,212,沈阳建筑大学,423328,02,物理、化学(2科必选),080717T,人工智能,1,5200,四年,https://static-data.gaokao.cn/www/2.0/schoolspecialplan/212/2025/31.json?a=www.gaokao.cn,data/shanghai/raw/plan_api/static/2025/212.json,1
2025,综合,212,沈阳建筑大学,423340,01,物理必选,082801,建筑学,1,5200,五年,https://static-data.gaokao.cn/www/2.0/schoolspecialplan/212/2025/31.json?a=www.gaokao.cn,data/shanghai/raw/plan_api/static/2025/212.json,1
2025,综合,212,沈阳建筑大学,423340,01,物理必选,082802,城乡规划,1,5200,五年,https://static-data.gaokao.cn/www/2.0/schoolspecialplan/212/2025/31.json?a=www.gaokao.cn,data/shanghai/raw/plan_api/static/2025/212.json,1
2025,综合,212,沈阳建筑大学,423331,03,物理必选,120103,工程管理,1,5200,四年,https://static-data.gaokao.cn/www/2.0/schoolspecialplan/212/2025/31.json?a=www.gaokao.cn,data/shanghai/raw/plan_api/static/2025/212.json,1
2025,综合,212,沈阳建筑大学,423331,03,物理必选,120104,房地产开发与管理,1,5200,四年,https://static-data.gaokao.cn/www/2.0/schoolspecialplan/212/2025/31.json?a=www.gaokao.cn,data/shanghai/raw/plan_api/static/2025/212.json,1
2025,综合,215,沈阳化工大学,423330,01,物理、化学(2科必选),080206,过程装备与控制工程,2,5200,四年,https://static-data.gaokao.cn/www/2.0/schoolspecialplan/215/2025/31.json?a=www.gaokao.cn,data/shanghai/raw/plan_api/static/2025/215.json,1
2025,综合,215,沈阳化工大学,423330,01,物理、化学(2科必选),080414T,新能源材料与器件,2,5200,四年,https://static-data.gaokao.cn/www/2.0/schoolspecialplan/215/2025/31.json?a=www.gaokao.cn,data/shanghai/raw/plan_api/static/2025/215.json,1
2025,综合,215,沈阳化工大学,423330,01,物理、化学(2科必选),080601,电气工程及其自动化,1,5200,四年,https://static-data.gaokao.cn/www/2.0/schoolspecialplan/215/2025/31.json?a=www.gaokao.cn,data/shanghai/raw/plan_api/static/2025/215.json,1
2025,综合,215,沈阳化工大学,423330,01,物理、化学(2科必选),080702,电子科学与技术,1,5200,四年,https://static-data.gaokao.cn/www/2.0/schoolspecialplan/215/2025/31.json?a=www.gaokao.cn,data/shanghai/raw/plan_api/static/2025/215.json,1
2025,综合,215,沈阳化工大学,423330,01,物理、化学(2科必选),080701,电子信息工程,1,5200,四年,https://static-data.gaokao.cn/www/2.0/schoolspecialplan/215/2025/31.json?a=www.gaokao.cn,data/shanghai/raw/plan_api/static/2025/215.json,1
2025,综合,215,沈阳化工大学,423330,01,物理、化学(2科必选),080717T,人工智能,1,5200,四年,https://static-data.gaokao.cn/www/2.0/schoolspecialplan/215/2025/31.json?a=www.gaokao.cn,data/shanghai/raw/plan_api/static/2025/215.json,1
2025,综合,215,沈阳化工大学,423330,01,物理、化学(2科必选),070301,化学,1,5200,四年,https://static-data.gaokao.cn/www/2.0/schoolspecialplan/215/2025/31.json?a=www.gaokao.cn,data/shanghai/raw/plan_api/static/2025/215.json,1
2025,综合,215,沈阳化工大学,423330,01,物理、化学(2科必选),070302,应用化学,1,5200,四年,https://static-data.gaokao.cn/www/2.0/schoolspecialplan/215/2025/31.json?a=www.gaokao.cn,data/shanghai/raw/plan_api/static/2025/215.json,1
2025,综合,217,石油北京,423327,03,物理、化学(2科必选),080301,测控技术与仪器,1,5200,四年,https://static-data.gaokao.cn/www/2.0/schoolspecialplan/217/2025/31.json?a=www.gaokao.cn,data/shanghai/raw/plan_api/static/2025/217.json,1
2025,综合,217,石油北京,423327,03,物理、化学(2科必选),080801,自动化,1,5200,四年,https://static-data.gaokao.cn/www/2.0/schoolspecialplan/217/2025/31.json?a=www.gaokao.cn,data/shanghai/raw/plan_api/static/2025/217.json,1
2025,综合,217,石油北京,423327,03,物理、化学(2科必选),080601,电气工程及其自动化,1,5200,四年,https://static-data.gaokao.cn/www/2.0/schoolspecialplan/217/2025/31.json?a=www.gaokao.cn,data/shanghai/raw/plan_api/static/2025/217.json,1
2025,综合,217,石油北京,423327,03,物理、化学(2科必选),080202,机械设计制造及其自动化,1,5200,四年,https://static-data.gaokao.cn/www/2.0/schoolspecialplan/217/2025/31.json?a=www.gaokao.cn,data/shanghai/raw/plan_api/static/2025/217.json,1
2025,综合,217,石油北京,423327,03,物理、化学(2科必选),080204,机械电子工程,1,5200,四年,https://static-data.gaokao.cn/www/2.0/schoolspecialplan/217/2025/31.json?a=www.gaokao.cn,data/shanghai/raw/plan_api/static/2025/217.json,1
2025,综合,217,石油北京,423327,03,物理、化学(2科必选),080803T,机器人工程,1,5200,四年,https://static-data.gaokao.cn/www/2.0/schoolspecialplan/217/2025/31.json?a=www.gaokao.cn,data/shanghai/raw/plan_api/static/2025/217.json,1
2025,综合,217,石油北京,423327,03,物理、化学(2科必选),080207,车辆工程,1,5200,四年,https://static-data.gaokao.cn/www/2.0/schoolspecialplan/217/2025/31.json?a=www.gaokao.cn,data/shanghai/raw/plan_api/static/2025/217.json,1
2025,综合,217,石油北京,423327,03,物理、化学(2科必选),070302,应用化学,1,5200,四年,https://static-data.gaokao.cn/www/2.0/schoolspecialplan/217/2025/31.json?a=www.gaokao.cn,data/shanghai/raw/plan_api/static/2025/217.json,1
2025,综合,217,石油北京,423327,03,物理、化学(2科必选),081301,化学工程与工艺,1,5200,四年,https://static-data.gaokao.cn/www/2.0/schoolspecialplan/217/2025/31.json?a=www.gaokao.cn,data/shanghai/raw/plan_api/static/2025/217.json,1
2025,综合,217,石油北京,423327,03,物理、化学(2科必选),080705,光电信息科学与工程,1,5200,四年,https://static-data.gaokao.cn/www/2.0/schoolspecialplan/217/2025/31.json?a=www.gaokao.cn,data/shanghai/raw/plan_api/static/2025/217.json,1
2025,综合,217,石油北京,423327,03,物理、化学(2科必选),080701,电子信息工程,1,5200,四年,https://static-data.gaokao.cn/www/2.0/schoolspecialplan/217/2025/31.json?a=www.gaokao.cn,data/shanghai/raw/plan_api/static/2025/217.json,1
2025,综合,217,石油北京,423327,03,物理、化学(2科必选),080703,通信工程,1,5200,四年,https://static-data.gaokao.cn/www/2.0/schoolspecialplan/217/2025/31.json?a=www.gaokao.cn,data/shanghai/raw/plan_api/static/2025/217.json,1
2025,综合,217,石油北京,423327,03,物理、化学(2科必选),080901,计算机科学与技术,1,5200,四年,https://static-data.gaokao.cn/www/2.0/schoolspecialplan/217/2025/31.json?a=www.gaokao.cn,data/shanghai/raw/plan_api/static/2025/217.json,1
2025,综合,217,石油北京,423327,03,物理、化学(2科必选),080903,网络工程,1,5200,四年,https://static-data.gaokao.cn/www/2.0/schoolspecialplan/217/2025/31.json?a=www.gaokao.cn,data/shanghai/raw/plan_api/static/2025/217.json,1
2025,综合,217,石油北京,423327,03,物理、化学(2科必选),080203,材料成型及控制工程,1,5200,四年,https://static-data.gaokao.cn/www/2.0/schoolspecialplan/217/2025/31.json?a=www.gaokao.cn,data/shanghai/raw/plan_api/static/2025/217.json,1
2025,综合,217,石油北京,423327,03,物理、化学(2科必选),080405,金属材料工程,1,5200,四年,https://static-data.gaokao.cn/www/2.0/schoolspecialplan/217/2025/31.json?a=www.gaokao.cn,data/shanghai/raw/plan_api/static/2025/217.json,1
2025,综合,217,石油北京,423327,03,物理、化学(2科必选),080406,无机非金属材料工程,1,5200,四年,https://static-data.gaokao.cn/www/2.0/schoolspecialplan/217/2025/31.json?a=www.gaokao.cn,data/shanghai/raw/plan_api/static/2025/217.json,1
2025,综合,217,石油北京,423327,03,物理、化学(2科必选),080409T,粉体材料科学与工程,1,5200,四年,https://static-data.gaokao.cn/www/2.0/schoolspecialplan/217/2025/31.json?a=www.gaokao.cn,data/shanghai/raw/plan_api/static/2025/217.json,1
2025,综合,217,石油北京,423327,03,物理、化学(2科必选),080205,工业设计,1,5200,四年,https://static-data.gaokao.cn/www/2.0/schoolspecialplan/217/2025/31.json?a=www.gaokao.cn,data/shanghai/raw/plan_api/static/2025/217.json,1
2025,综合,217,石油北京,423327,03,物理、化学(2科必选),080907T,智能科学与技术,1,5200,四年,https://static-data.gaokao.cn/www/2.0/schoolspecialplan/217/2025/31.json?a=www.gaokao.cn,data/shanghai/raw/plan_api/static/2025/217.json,1
2025,综合,217,石油北京,423327,03,物理、化学(2科必选),080213T,智能制造工程,1,5200,四年,https://static-data.gaokao.cn/www/2.0/schoolspecialplan/217/2025/31.json?a=www.gaokao.cn,data/shanghai/raw/plan_api/static/2025/217.json,1
2025,综合,217,石油北京,423334,01,不限,120203K,会计学,1,5200,四年,https://static-data.gaokao.cn/www/2.0/schoolspecialplan/217/2025/31.json?a=www.gaokao.cn,data/shanghai/raw/plan_api/static/2025/217.json,1
2025,综合,217,石油北京,423334,01,不限,020301K,金融学,1,5200,四年,https://static-data.gaokao.cn/www/2.0/schoolspecialplan/217/2025/31.json?a=www.gaokao.cn,data/shanghai/raw/plan_api/static/2025/217.json,1
2025,综合,217,石油北京,423334,01,不限,050201,英语,1,4800,四年,https://static-data.gaokao.cn/www/2.0/schoolspecialplan/217/2025/31.json?a=www.gaokao.cn,data/shanghai/raw/plan_api/static/2025/217.json,1
2025,综合,217,石油北京,423333,02,物理必选,120102,信息管理与信息系统,1,5200,四年,https://static-data.gaokao.cn/www/2.0/schoolspecialplan/217/2025/31.json?a=www.gaokao.cn,data/shanghai/raw/plan_api/static/2025/217.json,1
2025,综合,218,地大北京,423329,02,物理、化学(2科必选),083001,生物工程,2,5200,四年,https://static-data.gaokao.cn/www/2.0/schoolspecialplan/218/2025/31.json?a=www.gaokao.cn,data/shanghai/raw/plan_api/static/2025/218.json,1
2025,综合,218,地大北京,423329,02,物理、化学(2科必选),080205,工业设计,1,5200,四年,https://static-data.gaokao.cn/www/2.0/schoolspecialplan/218/2025/31.json?a=www.gaokao.cn,data/shanghai/raw/plan_api/static/2025/218.json,1
2025,综合,218,地大北京,423336,01,不限,120203K,会计学,2,5200,四年,https://static-data.gaokao.cn/www/2.0/schoolspecialplan/218/2025/31.json?a=www.gaokao.cn,data/shanghai/raw/plan_api/static/2025/218.json,1
2025,综合,219,大连医科大学,423332,02,物理、化学(2科必选),100201K,临床医学,5,5500,五年,https://static-data.gaokao.cn/www/2.0/schoolspecialplan/219/2025/31.json?a=www.gaokao.cn,data/shanghai/raw/plan_api/static/2025/219.json,1
2025,综合,219,大连医科大学,423341,03,物理、化学(2科必选),100201K,临床医学,2,5500,五年,https://static-data.gaokao.cn/www/2.0/schoolspecialplan/219/2025/31.json?a=www.gaokao.cn,data/shanghai/raw/plan_api/static/2025/219.json,1
2025,综合,219,大连医科大学,423339,01,物理、化学(2科必选),100601K,中西医临床医学,2,5500,五年,https://static-data.gaokao.cn/www/2.0/schoolspecialplan/219/2025/31.json?a=www.gaokao.cn,data/shanghai/raw/plan_api/static/2025/219.json,1
2025,综合,220,大连交通大学,423343,02,物理、化学(2科必选),080207,车辆工程,2,5200,四年,https://static-data.gaokao.cn/www/2.0/schoolspecialplan/220/2025/31.json?a=www.gaokao.cn,data/shanghai/raw/plan_api/static/2025/220.json,1
2025,综合,220,大连交通大学,423343,02,物理、化学(2科必选),080601,电气工程及其自动化,2,5200,四年,https://static-data.gaokao.cn/www/2.0/schoolspecialplan/220/2025/31.json?a=www.gaokao.cn,data/shanghai/raw/plan_api/static/2025/220.json,1
2025,综合,220,大连交通大学,423343,02,物理、化学(2科必选),080201,机械工程,2,5200,四年,https://static-data.gaokao.cn/www/2.0/schoolspecialplan/220/2025/31.json?a=www.gaokao.cn,data/shanghai/raw/plan_api/static/2025/220.json,1
2025,综合,220,大连交通大学,423343,02,物理、化学(2科必选),081001,土木工程,1,5200,四年,https://static-data.gaokao.cn/www/2.0/schoolspecialplan/220/2025/31.json?a=www.gaokao.cn,data/shanghai/raw/plan_api/static/2025/220.json,1
2025,综合,220,大连交通大学,423343,02,物理、化学(2科必选),080701,电子信息工程,1,5200,四年,https://static-data.gaokao.cn/www/2.0/schoolspecialplan/220/2025/31.json?a=www.gaokao.cn,data/shanghai/raw/plan_api/static/2025/220.json,1
2025,综合,220,大连交通大学,423355,01,不限,120201K,工商管理,2,5200,四年,https://static-data.gaokao.cn/www/2.0/schoolspecialplan/220/2025/31.json?a=www.gaokao.cn,data/shanghai/raw/plan_api/static/2025/220.json,1
2025,综合,222,辽宁科技大学,423346,01,物理、化学(2科必选),080404,冶金工程,2,5200,四年,https://static-data.gaokao.cn/www/2.0/schoolspecialplan/222/2025/31.json?a=www.gaokao.cn,data/shanghai/raw/plan_api/static/2025/222.json,1
2025,综合,222,辽宁科技大学,423346,01,物理、化学(2科必选),080501,能源与动力工程,1,5200,四年,https://static-data.gaokao.cn/www/2.0/schoolspecialplan/222/2025/31.json?a=www.gaokao.cn,data/shanghai/raw/plan_api/static/2025/222.json,1
2025,综合,222,辽宁科技大学,423346,01,物理、化学(2科必选),081301,化学工程与工艺,1,5200,四年,https://static-data.gaokao.cn/www/2.0/schoolspecialplan/222/2025/31.json?a=www.gaokao.cn,data/shanghai/raw/plan_api/static/2025/222.json,1
2025,综合,222,辽宁科技大学,423346,01,物理、化学(2科必选),080902,软件工程,1,4600,四年,https://static-data.gaokao.cn/www/2.0/schoolspecialplan/222/2025/31.json?a=www.gaokao.cn,data/shanghai/raw/plan_api/static/2025/222.json,1
2025,综合,222,辽宁科技大学,423346,01,物理、化学(2科必选),080903,网络工程,1,4600,四年,https://static-data.gaokao.cn/www/2.0/schoolspecialplan/222/2025/31.json?a=www.gaokao.cn,data/shanghai/raw/plan_api/static/2025/222.json,1
2025,综合,222,辽宁科技大学,423346,01,物理、化学(2科必选),080204,机械电子工程,1,5200,四年,https://static-data.gaokao.cn/www/2.0/schoolspecialplan/222/2025/31.json?a=www.gaokao.cn,data/shanghai/raw/plan_api/static/2025/222.json,1
2025,综合,222,辽宁科技大学,423346,01,物理、化学(2科必选),080905,物联网工程,1,5200,四年,https://static-data.gaokao.cn/www/2.0/schoolspecialplan/222/2025/31.json?a=www.gaokao.cn,data/shanghai/raw/plan_api/static/2025/222.json,1
2025,综合,222,辽宁科技大学,423346,01,物理、化学(2科必选),070104T,数据计算及应用,1,5200,四年,https://static-data.gaokao.cn/www/2.0/schoolspecialplan/222/2025/31.json?a=www.gaokao.cn,data/shanghai/raw/plan_api/static/2025/222.json,1
2025,综合,222,辽宁科技大学,423346,01,物理、化学(2科必选),080803T,机器人工程,1,5200,四年,https://static-data.gaokao.cn/www/2.0/schoolspecialplan/222/2025/31.json?a=www.gaokao.cn,data/shanghai/raw/plan_api/static/2025/222.json,1
2025,综合,223,中国劳关,423348,01,物理、化学(2科必选),080801,自动化,2,5200,四年,https://static-data.gaokao.cn/www/2.0/schoolspecialplan/223/2025/31.json?a=www.gaokao.cn,data/shanghai/raw/plan_api/static/2025/223.json,1
2025,综合,223,中国劳关,423348,01,物理、化学(2科必选),080601,电气工程及其自动化,2,5200,四年,https://static-data.gaokao.cn/www/2.0/schoolspecialplan/223/2025/31.json?a=www.gaokao.cn,data/shanghai/raw/plan_api/static/2025/223.json,1
2025,综合,223,中国劳关,423348,01,物理、化学(2科必选),080901,计算机科学与技术,2,5200,四年,https://static-data.gaokao.cn/www/2.0/schoolspecialplan/223/2025/31.json?a=www.gaokao.cn,data/shanghai/raw/plan_api/static/2025/223.json,1
2025,综合,223,中国劳关,423354,02,物理、化学(2科必选),080601,电气工程及其自动化,2,35000,四年,https://static-data.gaokao.cn/www/2.0/schoolspecialplan/223/2025/31.json?a=www.gaokao.cn,data/shanghai/raw/plan_api/static/2025/223.json,1
2025,综合,225,辽宁师范大学,423347,03,不限,120205,国际商务,4,50000,四年,https://static-data.gaokao.cn/www/2.0/schoolspecialplan/225/2025/31.json?a=www.gaokao.cn,data/shanghai/raw/plan_api/static/2025/225.json,0
2025,综合,225,辽宁师范大学,423351,02,不限,050201,英语,5,40000,四年,https://static-data.gaokao.cn/www/2.0/schoolspecialplan/225/2025/31.json?a=www.gaokao.cn,data/shanghai/raw/plan_api/static/2025/225.json,0
2025,综合,225,辽宁师范大学,423356,01,物理、化学(2科必选),080901,计算机科学与技术,2,5200,四年,https://static-data.gaokao.cn/www/2.0/schoolspecialplan/225/2025/31.json?a=www.gaokao.cn,data/shanghai/raw/plan_api/static/2025/225.json,1
2025,综合,227,沈阳工业大学,423349,02,物理必选,120203K,会计学,2,5200,四年,https://static-data.gaokao.cn/www/2.0/schoolspecialplan/227/2025/31.json?a=www.gaokao.cn,data/shanghai/raw/plan_api/static/2025/227.json,1
2025,综合,227,沈阳工业大学,423350,03,物理、化学(2科必选),080202,机械设计制造及其自动化,3,5700,四年,https://static-data.gaokao.cn/www/2.0/schoolspecialplan/227/2025/31.json?a=www.gaokao.cn,data/shanghai/raw/plan_api/static/2025/227.json,1
2025,综合,227,沈阳工业大学,423353,01,不限,020301K,金融学,3,5200,四年,https://static-data.gaokao.cn/www/2.0/schoolspecialplan/227/2025/31.json?a=www.gaokao.cn,data/shanghai/raw/plan_api/static/2025/227.json,1
2025,综合,227,沈阳工业大学,423350,03,物理、化学(2科必选),080601,电气工程及其自动化,2,5700,四年,https://static-data.gaokao.cn/www/2.0/schoolspecialplan/227/2025/31.json?a=www.gaokao.cn,data/shanghai/raw/plan_api/static/2025/227.json,1
2025,综合,228,北京二外,423344,01,物理、化学(2科必选),082503,环境科学,6,5200,四年,https://static-data.gaokao.cn/www/2.0/schoolspecialplan/228/2025/31.json?a=www.gaokao.cn,data/shanghai/raw/plan_api/static/2025/228.json,1
2025,综合,228,北京二外,423344,01,物理、化学(2科必选),080701,电子信息工程,4,5700,四年,https://static-data.gaokao.cn/www/2.0/schoolspecialplan/228/2025/31.json?a=www.gaokao.cn,data/shanghai/raw/plan_api/static/2025/228.json,1
2025,综合,228,北京二外,423344,01,物理、化学(2科必选),082701,食品科学与工程,3,5200,四年,https://static-data.gaokao.cn/www/2.0/schoolspecialplan/228/2025/31.json?a=www.gaokao.cn,data/shanghai/raw/plan_api/static/2025/228.json,1
2025,综合,228,北京二外,423344,01,物理、化学(2科必选),090401,动物医学,3,5200,五年,https://static-data.gaokao.cn/www/2.0/schoolspecialplan/228/2025/31.json?a=www.gaokao.cn,data/shanghai/raw/plan_api/static/2025/228.json,1
2025,综合,228,北京二外,423344,01,物理、化学(2科必选),070601,大气科学,3,5700,四年,https://static-data.gaokao.cn/www/2.0/schoolspecialplan/228/2025/31.json?a=www.gaokao.cn,data/shanghai/raw/plan_api/static/2025/228.json,1
2025,综合,228,北京二外,423344,01,物理、化学(2科必选),080202,机械设计制造及其自动化,2,5200,四年,https://static-data.gaokao.cn/www/2.0/schoolspecialplan/228/2025/31.json?a=www.gaokao.cn,data/shanghai/raw/plan_api/static/2025/228.json,1
2025,综合,228,北京二外,423344,01,物理、化学(2科必选),090102,园艺,2,5200,四年,https://static-data.gaokao.cn/www/2.0/schoolspecialplan/228/2025/31.json?a=www.gaokao.cn,data/shanghai/raw/plan_api/static/2025/228.json,1
2025,综合,228,北京二外,423344,01,物理、化学(2科必选),090106,设施农业科学与工程,2,5200,四年,https://static-data.gaokao.cn/www/2.0/schoolspecialplan/228/2025/31.json?a=www.gaokao.cn,data/shanghai/raw/plan_api/static/2025/228.json,1
2025,综合,229,东北财经大学,423345,02,不限,120203K,会计学,2,48000,四年,https://static-data.gaokao.cn/www/2.0/schoolspecialplan/229/2025/31.json?a=www.gaokao.cn,data/shanghai/raw/plan_api/static/2025/229.json,0
2025,综合,229,东北财经大学,423352,01,不限,120203K,会计学,2,5720,四年,https://static-data.gaokao.cn/www/2.0/schoolspecialplan/229/2025/31.json?a=www.gaokao.cn,data/shanghai/raw/plan_api/static/2025/229.json,1
2025,综合,229,东北财经大学,423357,03,不限,020301K,金融学,2,48000,四年,https://static-data.gaokao.cn/www/2.0/schoolspecialplan/229/2025/31.json?a=www.gaokao.cn,data/shanghai/raw/plan_api/static/2025/229.json,0
2025,综合,229,东北财经大学,423352,01,不限,0203,金融学类,2,5720,四年,https://static-data.gaokao.cn/www/2.0/schoolspecialplan/229/2025/31.json?a=www.gaokao.cn,data/shanghai/raw/plan_api/static/2025/229.json,1
2025,综合,229,东北财经大学,423352,01,不限,0202,财政学类,2,5720,四年,https://static-data.gaokao.cn/www/2.0/schoolspecialplan/229/2025/31.json?a=www.gaokao.cn,data/shanghai/raw/plan_api/static/2025/229.json,1
2025,综合,230,首都经贸,423367,01,物理、化学(2科必选),100201K,临床医学,4,6050,五年,https://static-data.gaokao.cn/www/2.0/schoolspecialplan/230/2025/31.json?a=www.gaokao.cn,data/shanghai/raw/plan_api/static/2025/230.json,1
2025,综合,230,首都经贸,423367,01,物理、化学(2科必选),100203TK,医学影像学,2,6050,五年,https://static-data.gaokao.cn/www/2.0/schoolspecialplan/230/2025/31.json?a=www.gaokao.cn,data/shanghai/raw/plan_api/static/2025/230.json,1
2025,综合,230,首都经贸,423373,02,物理、化学(2科必选),071002,生物技术,2,69000,四年,https://static-data.gaokao.cn/www/2.0/schoolspecialplan/230/2025/31.json?a=www.gaokao.cn,data/shanghai/raw/plan_api/static/2025/230.json,0
2025,综合,230,首都经贸,423373,02,物理、化学(2科必选),100702,药物制剂,2,69000,四年,https://static-data.gaokao.cn/www/2.0/schoolspecialplan/230/2025/31.json?a=www.gaokao.cn,data/shanghai/raw/plan_api/static/2025/230.json,0
2025,综合,231,北京联大,423366,01,不限,050201,英语,3,5760,四年,https://static-data.gaokao.cn/www/2.0/schoolspecialplan/231/2025/31.json?a=www.gaokao.cn,data/shanghai/raw/plan_api/static/2025/231.json,1
2025,综合,231,北京联大,423366,01,不限,071102,应用心理学,3,6240,四年,https://static-data.gaokao.cn/www/2.0/schoolspecialplan/231/2025/31.json?a=www.gaokao.cn,data/shanghai/raw/plan_api/static/2025/231.json,1
2025,综合,231,北京联大,423369,02,物理、化学(2科必选),080701,电子信息工程,3,6240,四年,https://static-data.gaokao.cn/www/2.0/schoolspecialplan/231/2025/31.json?a=www.gaokao.cn,data/shanghai/raw/plan_api/static/2025/231.json,1
2025,综合,231,北京联大,423369,02,物理、化学(2科必选),080903,网络工程,3,6240,四年,https://static-data.gaokao.cn/www/2.0/schoolspecialplan/231/2025/31.json?a=www.gaokao.cn,data/shanghai/raw/plan_api/static/2025/231.json,1
2025,综合,232,中国公安,423359,02,物理、化学(2科必选),080706,信息工程,2,6240,四年,https://static-data.gaokao.cn/www/2.0/schoolspecialplan/232/2025/31.json?a=www.gaokao.cn,data/shanghai/raw/plan_api/static/2025/232.json,1
2025,综合,232,中国公安,423359,02,物理、化学(2科必选),080911TK,网络空间安全,2,6240,四年,https://static-data.gaokao.cn/www/2.0/schoolspecialplan/232/2025/31.json?a=www.gaokao.cn,data/shanghai/raw/plan_api/static/2025/232.json,1
2025,综合,232,中国公安,423359,02,物理、化学(2科必选),080901,计算机科学与技术,2,6240,四年,https://static-data.gaokao.cn/www/2.0/schoolspecialplan/232/2025/31.json?a=www.gaokao.cn,data/shanghai/raw/plan_api/static/2025/232.json,1
2025,综合,232,中国公安,423359,02,物理、化学(2科必选),080902,软件工程,2,6240,四年,https://static-data.gaokao.cn/www/2.0/schoolspecialplan/232/2025/31.json?a=www.gaokao.cn,data/shanghai/raw/plan_api/static/2025/232.json,1
2025,综合,232,中国公安,423359,02,物理、化学(2科必选),080717T,人工智能,2,6240,四年,https://static-data.gaokao.cn/www/2.0/schoolspecialplan/232/2025/31.json?a=www.gaokao.cn,data/shanghai/raw/plan_api/static/2025/232.json,1
2025,综合,232,中国公安,423363,03,物理、化学(2科必选),071202,应用统计学,2,6240,四年,https://static-data.gaokao.cn/www/2.0/schoolspecialplan/232/2025/31.json?a=www.gaokao.cn,data/shanghai/raw/plan_api/static/2025/232.json,1
2025,综合,232,中国公安,423363,03,物理、化学(2科必选),070202,应用物理学,2,6240,四年,https://static-data.gaokao.cn/www/2.0/schoolspecialplan/232/2025/31.json?a=www.gaokao.cn,data/shanghai/raw/plan_api/static/2025/232.json,1
2025,综合,232,中国公安,423363,03,物理、化学(2科必选),070101,数学与应用数学,2,6240,四年,https://static-data.gaokao.cn/www/2.0/schoolspecialplan/232/2025/31.json?a=www.gaokao.cn,data/shanghai/raw/plan_api/static/2025/232.json,1
2025,综合,232,中国公安,423363,03,物理、化学(2科必选),081001,土木工程,2,6240,四年,https://static-data.gaokao.cn/www/2.0/schoolspecialplan/232/2025/31.json?a=www.gaokao.cn,data/shanghai/raw/plan_api/static/2025/232.json,1
2025,综合,232,中国公安,423363,03,物理、化学(2科必选),080102,工程力学,2,6240,四年,https://static-data.gaokao.cn/www/2.0/schoolspecialplan/232/2025/31.json?a=www.gaokao.cn,data/shanghai/raw/plan_api/static/2025/232.json,1
2025,综合,232,中国公安,423370,06,不限,020101,经济学,2,5760,四年,https://static-data.gaokao.cn/www/2.0/schoolspecialplan/232/2025/31.json?a=www.gaokao.cn,data/shanghai/raw/plan_api/static/2025/232.json,1
2025,综合,232,中国公安,423379,01,物理、化学(2科必选),080601,电气工程及其自动化,2,6240,四年,https://static-data.gaokao.cn/www/2.0/schoolspecialplan/232/2025/31.json?a=www.gaokao.cn,data/shanghai/raw/plan_api/static/2025/232.json,1
2025,综合,232,中国公安,423363,03,物理、化学(2科必选),081005T,城市地下空间工程,2,6240,四年,https://static-data.gaokao.cn/www/2.0/schoolspecialplan/232/2025/31.json?a=www.gaokao.cn,data/shanghai/raw/plan_api/static/2025/232.json,1
2025,综合,232,中国公安,423364,05,物理必选,120108T,大数据管理与应用,2,5760,四年,https://static-data.gaokao.cn/www/2.0/schoolspecialplan/232/2025/31.json?a=www.gaokao.cn,data/shanghai/raw/plan_api/static/2025/232.json,1
2025,综合,232,中国公安,423376,04,物理、化学(2科必选),070804TK,行星科学,2,6240,四年,https://static-data.gaokao.cn/www/2.0/schoolspecialplan/232/2025/31.json?a=www.gaokao.cn,data/shanghai/raw/plan_api/static/2025/232.json,1
2025,综合,233,新疆农业大学,423361,01,不限,1202,工商管理类,5,18000,四年,https://static-data.gaokao.cn/www/2.0/schoolspecialplan/233/2025/31.json?a=www.gaokao.cn,data/shanghai/raw/plan_api/static/2025/233.json,1
2025,综合,233,新疆农业大学,423361,01,不限,0204,经济与贸易类,5,18000,四年,https://static-data.gaokao.cn/www/2.0/schoolspecialplan/233/2025/31.json?a=www.gaokao.cn,data/shanghai/raw/plan_api/static/2025/233.json,1
2025,综合,233,新疆农业大学,423372,02,物理、化学(2科必选),080714T,电子信息科学与技术,5,3500,四年,https://static-data.gaokao.cn/www/2.0/schoolspecialplan/233/2025/31.json?a=www.gaokao.cn,data/shanghai/raw/plan_api/static/2025/233.json,1
2025,综合,233,新疆农业大学,423372,02,物理、化学(2科必选),081101,水利水电工程,5,3500,四年,https://static-data.gaokao.cn/www/2.0/schoolspecialplan/233/2025/31.json?a=www.gaokao.cn,data/shanghai/raw/plan_api/static/2025/233.json,1
2025,综合,236,喀什大学,423358,04,物理、化学(2科必选),080601,电气工程及其自动化,5,3500,四年,https://static-data.gaokao.cn/www/2.0/schoolspecialplan/236/2025/31.json?a=www.gaokao.cn,data/shanghai/raw/plan_api/static/2025/236.json,1
2025,综合,236,喀什大学,423358,04,物理、化学(2科必选),080901,计算机科学与技术,4,3500,四年,https://static-data.gaokao.cn/www/2.0/schoolspecialplan/236/2025/31.json?a=www.gaokao.cn,data/shanghai/raw/plan_api/static/2025/236.json,1
2025,综合,236,喀什大学,423358,04,物理、化学(2科必选),100401K,预防医学,4,4000,五年,https://static-data.gaokao.cn/www/2.0/schoolspecialplan/236/2025/31.json?a=www.gaokao.cn,data/shanghai/raw/plan_api/static/2025/236.json,1
2025,综合,236,喀什大学,423358,04,物理、化学(2科必选),080714T,电子信息科学与技术,3,3500,四年,https://static-data.gaokao.cn/www/2.0/schoolspecialplan/236/2025/31.json?a=www.gaokao.cn,data/shanghai/raw/plan_api/static/2025/236.json,1
2025,综合,236,喀什大学,423358,04,物理、化学(2科必选),070101,数学与应用数学,2,3500,四年,https://static-data.gaokao.cn/www/2.0/schoolspecialplan/236/2025/31.json?a=www.gaokao.cn,data/shanghai/raw/plan_api/static/2025/236.json,1
2025,综合,236,喀什大学,423358,04,物理、化学(2科必选),070201,物理学,2,3500,四年,https://static-data.gaokao.cn/www/2.0/schoolspecialplan/236/2025/31.json?a=www.gaokao.cn,data/shanghai/raw/plan_api/static/2025/236.json,1
2025,综合,236,喀什大学,423358,04,物理、化学(2科必选),070301,化学,2,3500,四年,https://static-data.gaokao.cn/www/2.0/schoolspecialplan/236/2025/31.json?a=www.gaokao.cn,data/shanghai/raw/plan_api/static/2025/236.json,1
2025,综合,236,喀什大学,423358,04,物理、化学(2科必选),071001,生物科学,2,3500,四年,https://static-data.gaokao.cn/www/2.0/schoolspecialplan/236/2025/31.json?a=www.gaokao.cn,data/shanghai/raw/plan_api/static/2025/236.json,1
2025,综合,236,喀什大学,423358,04,物理、化学(2科必选),080703,通信工程,2,3500,四年,https://static-data.gaokao.cn/www/2.0/schoolspecialplan/236/2025/31.json?a=www.gaokao.cn,data/shanghai/raw/plan_api/static/2025/236.json,1
2025,综合,236,喀什大学,423358,04,物理、化学(2科必选),080903,网络工程,2,3500,四年,https://static-data.gaokao.cn/www/2.0/schoolspecialplan/236/2025/31.json?a=www.gaokao.cn,data/shanghai/raw/plan_api/static/2025/236.json,1
2025,综合,236,喀什大学,423358,04,物理、化学(2科必选),081003,给排水科学与工程,2,3500,四年,https://static-data.gaokao.cn/www/2.0/schoolspecialplan/236/2025/31.json?a=www.gaokao.cn,data/shanghai/raw/plan_api/static/2025/236.json,1
2025,综合,236,喀什大学,423358,04,物理、化学(2科必选),082501,环境科学与工程,2,3500,四年,https://static-data.gaokao.cn/www/2.0/schoolspecialplan/236/2025/31.json?a=www.gaokao.cn,data/shanghai/raw/plan_api/static/2025/236.json,1
2025,综合,236,喀什大学,423358,04,物理、化学(2科必选),082701,食品科学与工程,2,3500,四年,https://static-data.gaokao.cn/www/2.0/schoolspecialplan/236/2025/31.json?a=www.gaokao.cn,data/shanghai/raw/plan_api/static/2025/236.json,1
2025,综合,236,喀什大学,423358,04,物理、化学(2科必选),081001,土木工程,2,3500,四年,https://static-data.gaokao.cn/www/2.0/schoolspecialplan/236/2025/31.json?a=www.gaokao.cn,data/shanghai/raw/plan_api/static/2025/236.json,1
2025,综合,236,喀什大学,423358,04,物理、化学(2科必选),081802,交通工程,2,3500,四年,https://static-data.gaokao.cn/www/2.0/schoolspecialplan/236/2025/31.json?a=www.gaokao.cn,data/shanghai/raw/plan_api/static/2025/236.json,1
2025,综合,236,喀什大学,423358,04,物理、化学(2科必选),101007,卫生检验与检疫,2,4000,四年,https://static-data.gaokao.cn/www/2.0/schoolspecialplan/236/2025/31.json?a=www.gaokao.cn,data/shanghai/raw/plan_api/static/2025/236.json,1
2025,综合,236,喀什大学,423358,04,物理、化学(2科必选),070601,大气科学,2,3500,四年,https://static-data.gaokao.cn/www/2.0/schoolspecialplan/236/2025/31.json?a=www.gaokao.cn,data/shanghai/raw/plan_api/static/2025/236.json,1
2025,综合,236,喀什大学,423358,04,物理、化学(2科必选),080706,信息工程,2,3500,四年,https://static-data.gaokao.cn/www/2.0/schoolspecialplan/236/2025/31.json?a=www.gaokao.cn,data/shanghai/raw/plan_api/static/2025/236.json,1
2025,综合,236,喀什大学,423377,01,不限,050101,汉语言文学,6,3100,四年,https://static-data.gaokao.cn/www/2.0/schoolspecialplan/236/2025/31.json?a=www.gaokao.cn,data/shanghai/raw/plan_api/static/2025/236.json,1
2025,综合,236,喀什大学,423377,01,不限,120204,财务管理,6,3500,四年,https://static-data.gaokao.cn/www/2.0/schoolspecialplan/236/2025/31.json?a=www.gaokao.cn,data/shanghai/raw/plan_api/static/2025/236.json,1
2025,综合,236,喀什大学,423374,03,思想政治必选,030503,思想政治教育,5,3100,四年,https://static-data.gaokao.cn/www/2.0/schoolspecialplan/236/2025/31.json?a=www.gaokao.cn,data/shanghai/raw/plan_api/static/2025/236.json,1
2025,综合,236,喀什大学,423377,01,不限,030101K,法学,3,3100,四年,https://static-data.gaokao.cn/www/2.0/schoolspecialplan/236/2025/31.json?a=www.gaokao.cn,data/shanghai/raw/plan_api/static/2025/236.json,1
2025,综合,236,喀什大学,423377,01,不限,040106,学前教育,2,3100,四年,https://static-data.gaokao.cn/www/2.0/schoolspecialplan/236/2025/31.json?a=www.gaokao.cn,data/shanghai/raw/plan_api/static/2025/236.json,1
2025,综合,236,喀什大学,423362,05,物理、生物(2科必选),101101K,护理学,2,4000,四年,https://static-data.gaokao.cn/www/2.0/schoolspecialplan/236/2025/31.json?a=www.gaokao.cn,data/shanghai/raw/plan_api/static/2025/236.json,1
2025,综合,236,喀什大学,423375,02,物理必选,082801,建筑学,2,3500,五年,https://static-data.gaokao.cn/www/2.0/schoolspecialplan/236/2025/31.json?a=www.gaokao.cn,data/shanghai/raw/plan_api/static/2025/236.json,0
2025,综合,237,新疆财经大学,423360,01,不限,020201K,财政学,4,3200,四年,https://static-data.gaokao.cn/www/2.0/schoolspecialplan/237/2025/31.json?a=www.gaokao.cn,data/shanghai/raw/plan_api/static/2025/237.json,1
2025,综合,237,新疆财经大学,423360,01,不限,020202,税收学,4,3200,四年,https://static-data.gaokao.cn/www/2.0/schoolspecialplan/237/2025/31.json?a=www.gaokao.cn,data/shanghai/raw/plan_api/static/2025/237.json,1
2025,综合,237,新疆财经大学,423360,01,不限,020401,国际经济与贸易,3,3200,四年,https://static-data.gaokao.cn/www/2.0/schoolspecialplan/237/2025/31.json?a=www.gaokao.cn,data/shanghai/raw/plan_api/static/2025/237.json,1
2025,综合,237,新疆财经大学,423360,01,不限,020106T,能源经济,3,3200,四年,https://static-data.gaokao.cn/www/2.0/schoolspecialplan/237/2025/31.json?a=www.gaokao.cn,data/shanghai/raw/plan_api/static/2025/237.json,1
2025,综合,237,新疆财经大学,423360,01,不限,020301K,金融学,2,3200,四年,https://static-data.gaokao.cn/www/2.0/schoolspecialplan/237/2025/31.json?a=www.gaokao.cn,data/shanghai/raw/plan_api/static/2025/237.json,1
2025,综合,237,新疆财经大学,423360,01,不限,120203K,会计学,2,3200,四年,https://static-data.gaokao.cn/www/2.0/schoolspecialplan/237/2025/31.json?a=www.gaokao.cn,data/shanghai/raw/plan_api/static/2025/237.json,1
2025,综合,237,新疆财经大学,423360,01,不限,120204,财务管理,1,3200,四年,https://static-data.gaokao.cn/www/2.0/schoolspecialplan/237/2025/31.json?a=www.gaokao.cn,data/shanghai/raw/plan_api/static/2025/237.json,1
2025,综合,237,新疆财经大学,423368,02,物理必选,020310T,金融科技,3,3500,四年,https://static-data.gaokao.cn/www/2.0/schoolspecialplan/237/2025/31.json?a=www.gaokao.cn,data/shanghai/raw/plan_api/static/2025/237.json,1
2025,综合,237,新疆财经大学,423368,02,物理必选,020302,金融工程,2,3500,四年,https://static-data.gaokao.cn/www/2.0/schoolspecialplan/237/2025/31.json?a=www.gaokao.cn,data/shanghai/raw/plan_api/static/2025/237.json,1
2025,综合,237,新疆财经大学,423378,03,物理、化学(2科必选),080910T,数据科学与大数据技术,2,3500,四年,https://static-data.gaokao.cn/www/2.0/schoolspecialplan/237/2025/31.json?a=www.gaokao.cn,data/shanghai/raw/plan_api/static/2025/237.json,1
2025,综合,237,新疆财经大学,423368,02,物理必选,020109T,数字经济,2,3200,四年,https://static-data.gaokao.cn/www/2.0/schoolspecialplan/237/2025/31.json?a=www.gaokao.cn,data/shanghai/raw/plan_api/static/2025/237.json,1
2025,综合,237,新疆财经大学,423368,02,物理必选,120604T,供应链管理,2,3100,四年,https://static-data.gaokao.cn/www/2.0/schoolspecialplan/237/2025/31.json?a=www.gaokao.cn,data/shanghai/raw/plan_api/static/2025/237.json,1
2025,综合,239,首都体院,423365,02,物理、化学(2科必选),070101,数学与应用数学,2,3500,四年,https://static-data.gaokao.cn/www/2.0/schoolspecialplan/239/2025/31.json?a=www.gaokao.cn,data/shanghai/raw/plan_api/static/2025/239.json,1
2025,综合,239,首都体院,423365,02,物理、化学(2科必选),080604T,电气工程与智能控制,2,3500,四年,https://static-data.gaokao.cn/www/2.0/schoolspecialplan/239/2025/31.json?a=www.gaokao.cn,data/shanghai/raw/plan_api/static/2025/239.json,1
2025,综合,239,首都体院,423365,02,物理、化学(2科必选),080704,微电子科学与工程,2,3500,四年,https://static-data.gaokao.cn/www/2.0/schoolspecialplan/239/2025/31.json?a=www.gaokao.cn,data/shanghai/raw/plan_api/static/2025/239.json,1
2025,综合,239,首都体院,423371,01,不限,050101,汉语言文学,2,3100,四年,https://static-data.gaokao.cn/www/2.0/schoolspecialplan/239/2025/31.json?a=www.gaokao.cn,data/shanghai/raw/plan_api/static/2025/239.json,1
2025,综合,239,首都体院,423371,01,不限,050201,英语,2,3800,四年,https://static-data.gaokao.cn/www/2.0/schoolspecialplan/239/2025/31.json?a=www.gaokao.cn,data/shanghai/raw/plan_api/static/2025/239.json,1
2025,综合,241,中央美院,423385,05,物理、化学(2科必选),070101,数学与应用数学,2,6095,四年,https://static-data.gaokao.cn/www/2.0/schoolspecialplan/241/2025/31.json?a=www.gaokao.cn,data/shanghai/raw/plan_api/static/2025/241.json,1
2025,综合,241,中央美院,423385,05,物理、化学(2科必选),080705,光电信息科学与工程,2,6000,四年,https://static-data.gaokao.cn/www/2.0/schoolspecialplan/241/2025/31.json?a=www.gaokao.cn,data/shanghai/raw/plan_api/static/2025/241.json,1
2025,综合,241,中央美院,423385,05,物理、化学(2科必选),080213T,智能制造工程,2,6000,四年,https://static-data.gaokao.cn/www/2.0/schoolspecialplan/241/2025/31.json?a=www.gaokao.cn,data/shanghai/raw/plan_api/static/2025/241.json,1
2025,综合,241,中央美院,423385,05,物理、化学(2科必选),082501,环境科学与工程,2,6000,四年,https://static-data.gaokao.cn/www/2.0/schoolspecialplan/241/2025/31.json?a=www.gaokao.cn,data/shanghai/raw/plan_api/static/2025/241.json,1
2025,综合,241,中央美院,423385,05,物理、化学(2科必选),080717T,人工智能,2,6000,四年,https://static-data.gaokao.cn/www/2.0/schoolspecialplan/241/2025/31.json?a=www.gaokao.cn,data/shanghai/raw/plan_api/static/2025/241.json,1
2025,综合,241,中央美院,423390,07,不限,040107,小学教育,10,63000,四年,https://static-data.gaokao.cn/www/2.0/schoolspecialplan/241/2025/31.json?a=www.gaokao.cn,data/shanghai/raw/plan_api/static/2025/241.json,0
2025,综合,241,中央美院,423396,03,不限,050207,日语,2,5300,四年,https://static-data.gaokao.cn/www/2.0/schoolspecialplan/241/2025/31.json?a=www.gaokao.cn,data/shanghai/raw/plan_api/static/2025/241.json,1
2025,综合,241,中央美院,423401,02,不限,050261,翻译,2,5300,四年,https://static-data.gaokao.cn/www/2.0/schoolspecialplan/241/2025/31.json?a=www.gaokao.cn,data/shanghai/raw/plan_api/static/2025/241.json,1
2025,综合,241,中央美院,423401,02,不限,050201,英语,2,6095,四年,https://static-data.gaokao.cn/www/2.0/schoolspecialplan/241/2025/31.json?a=www.gaokao.cn,data/shanghai/raw/plan_api/static/2025/241.json,1
2025,综合,241,中央美院,423396,03,不限,050204,法语,2,5300,四年,https://static-data.gaokao.cn/www/2.0/schoolspecialplan/241/2025/31.json?a=www.gaokao.cn,data/shanghai/raw/plan_api/static/2025/241.json,1
2025,综合,241,中央美院,423399,01,不限,130304,戏剧影视文学,2,10350,四年,https://static-data.gaokao.cn/www/2.0/schoolspecialplan/241/2025/31.json?a=www.gaokao.cn,data/shanghai/raw/plan_api/static/2025/241.json,1
2025,综合,241,中央美院,423397,04,物理必选,071102,应用心理学,2,5300,四年,https://static-data.gaokao.cn/www/2.0/schoolspecialplan/241/2025/31.json?a=www.gaokao.cn,data/shanghai/raw/plan_api/static/2025/241.json,1
2025,综合,241,中央美院,423387,06,物理、化学(2科必选),100701,药学,2,5300,四年,https://static-data.gaokao.cn/www/2.0/schoolspecialplan/241/2025/31.json?a=www.gaokao.cn,data/shanghai/raw/plan_api/static/2025/241.json,1
2025,综合,242,浙江工业大学,423381,02,不限,082801,建筑学,3,6900,五年,https://static-data.gaokao.cn/www/2.0/schoolspecialplan/242/2025/31.json?a=www.gaokao.cn,data/shanghai/raw/plan_api/static/2025/242.json,1
2025,综合,242,浙江工业大学,423400,04,物理、化学(2科必选),080902,软件工程,8,25000,四年,https://static-data.gaokao.cn/www/2.0/schoolspecialplan/242/2025/31.json?a=www.gaokao.cn,data/shanghai/raw/plan_api/static/2025/242.json,0
2025,综合,242,浙江工业大学,423393,03,不限,030101K,法学,5,5300,四年,https://static-data.gaokao.cn/www/2.0/schoolspecialplan/242/2025/31.json?a=www.gaokao.cn,data/shanghai/raw/plan_api/static/2025/242.json,1
2025,综合,242,浙江工业大学,423394,01,物理、化学(2科必选),0809,计算机类,5,6000,四年,https://static-data.gaokao.cn/www/2.0/schoolspecialplan/242/2025/31.json?a=www.gaokao.cn,data/shanghai/raw/plan_api/static/2025/242.json,1
2025,综合,242,浙江工业大学,423394,01,物理、化学(2科必选),080205,工业设计,5,6900,四年,https://static-data.gaokao.cn/www/2.0/schoolspecialplan/242/2025/31.json?a=www.gaokao.cn,data/shanghai/raw/plan_api/static/2025/242.json,1
2025,综合,242,浙江工业大学,423393,03,不限,020301K,金融学,3,5300,四年,https://static-data.gaokao.cn/www/2.0/schoolspecialplan/242/2025/31.json?a=www.gaokao.cn,data/shanghai/raw/plan_api/static/2025/242.json,1
2025,综合,242,浙江工业大学,423394,01,物理、化学(2科必选),080803T,机器人工程,3,6000,四年,https://static-data.gaokao.cn/www/2.0/schoolspecialplan/242/2025/31.json?a=www.gaokao.cn,data/shanghai/raw/plan_api/static/2025/242.json,1
2025,综合,242,浙江工业大学,423393,03,不限,020401,国际经济与贸易,2,5300,四年,https://static-data.gaokao.cn/www/2.0/schoolspecialplan/242/2025/31.json?a=www.gaokao.cn,data/shanghai/raw/plan_api/static/2025/242.json,1
2025,综合,242,浙江工业大学,423394,01,物理、化学(2科必选),0701,数学类,2,5300,四年,https://static-data.gaokao.cn/www/2.0/schoolspecialplan/242/2025/31.json?a=www.gaokao.cn,data/shanghai/raw/plan_api/static/2025/242.json,1
2025,综合,243,浙江理工大学,423391,02,物理、化学(2科必选),0816,纺织类,4,6000,四年,https://static-data.gaokao.cn/www/2.0/schoolspecialplan/243/2025/31.json?a=www.gaokao.cn,data/shanghai/raw/plan_api/static/2025/243.json,1
2025,综合,243,浙江理工大学,423391,02,物理、化学(2科必选),0804,材料类,4,6000,四年,https://static-data.gaokao.cn/www/2.0/schoolspecialplan/243/2025/31.json?a=www.gaokao.cn,data/shanghai/raw/plan_api/static/2025/243.json,1
2025,综合,243,浙江理工大学,423391,02,物理、化学(2科必选),0710,生物科学类,4,5300,四年,https://static-data.gaokao.cn/www/2.0/schoolspecialplan/243/2025/31.json?a=www.gaokao.cn,data/shanghai/raw/plan_api/static/2025/243.json,1
2025,综合,243,浙江理工大学,423391,02,物理、化学(2科必选),0802,机械类,2,6000,四年,https://static-data.gaokao.cn/www/2.0/schoolspecialplan/243/2025/31.json?a=www.gaokao.cn,data/shanghai/raw/plan_api/static/2025/243.json,1
2025,综合,243,浙江理工大学,423392,01,不限,0204,经济与贸易类,4,6000,四年,https://static-data.gaokao.cn/www/2.0/schoolspecialplan/243/2025/31.json?a=www.gaokao.cn,data/shanghai/raw/plan_api/static/2025/243.json,1
2025,综合,243,浙江理工大学,423392,01,不限,1202,工商管理类,2,5300,四年,https://static-data.gaokao.cn/www/2.0/schoolspecialplan/243/2025/31.json?a=www.gaokao.cn,data/shanghai/raw/plan_api/static/2025/243.json,1
2025,综合,244,嘉兴大学,423382,02,物理、化学(2科必选),080202,机械设计制造及其自动化,5,28800,四年,https://static-data.gaokao.cn/www/2.0/schoolspecialplan/244/2025/31.json?a=www.gaokao.cn,data/shanghai/raw/plan_api/static/2025/244.json,0
2025,综合,244,嘉兴大学,423389,01,物理、化学(2科必选),080407,高分子材料与工程,11,5500,四年,https://static-data.gaokao.cn/www/2.0/schoolspecialplan/244/2025/31.json?a=www.gaokao.cn,data/shanghai/raw/plan_api/static/2025/244.json,1
2025,综合,244,嘉兴大学,423389,01,物理、化学(2科必选),081603T,非织造材料与工程,5,5500,四年,https://static-data.gaokao.cn/www/2.0/schoolspecialplan/244/2025/31.json?a=www.gaokao.cn,data/shanghai/raw/plan_api/static/2025/244.json,1
2025,综合,244,嘉兴大学,423389,01,物理、化学(2科必选),080703,通信工程,4,5500,四年,https://static-data.gaokao.cn/www/2.0/schoolspecialplan/244/2025/31.json?a=www.gaokao.cn,data/shanghai/raw/plan_api/static/2025/244.json,1
2025,综合,244,嘉兴大学,423389,01,物理、化学(2科必选),080901,计算机科学与技术,3,6325,四年,https://static-data.gaokao.cn/www/2.0/schoolspecialplan/244/2025/31.json?a=www.gaokao.cn,data/shanghai/raw/plan_api/static/2025/244.json,1
2025,综合,244,嘉兴大学,423389,01,物理、化学(2科必选),080903,网络工程,3,5500,四年,https://static-data.gaokao.cn/www/2.0/schoolspecialplan/244/2025/31.json?a=www.gaokao.cn,data/shanghai/raw/plan_api/static/2025/244.json,1
2025,综合,244,嘉兴大学,423389,01,物理、化学(2科必选),080910T,数据科学与大数据技术,3,5500,四年,https://static-data.gaokao.cn/www/2.0/schoolspecialplan/244/2025/31.json?a=www.gaokao.cn,data/shanghai/raw/plan_api/static/2025/244.json,1
2025,综合,244,嘉兴大学,423389,01,物理、化学(2科必选),081001,土木工程,3,6325,四年,https://static-data.gaokao.cn/www/2.0/schoolspecialplan/244/2025/31.json?a=www.gaokao.cn,data/shanghai/raw/plan_api/static/2025/244.json,1
2025,综合,244,嘉兴大学,423389,01,物理、化学(2科必选),080205,工业设计,3,5500,四年,https://static-data.gaokao.cn/www/2.0/schoolspecialplan/244/2025/31.json?a=www.gaokao.cn,data/shanghai/raw/plan_api/static/2025/244.json,1
2025,综合,244,嘉兴大学,423389,01,物理、化学(2科必选),081002,建筑环境与能源应用工程,2,5500,四年,https://static-data.gaokao.cn/www/2.0/schoolspecialplan/244/2025/31.json?a=www.gaokao.cn,data/shanghai/raw/plan_api/static/2025/244.json,1
2025,综合,244,嘉兴大学,423389,01,物理、化学(2科必选),081301,化学工程与工艺,2,5500,四年,https://static-data.gaokao.cn/www/2.0/schoolspecialplan/244/2025/31.json?a=www.gaokao.cn,data/shanghai/raw/plan_api/static/2025/244.json,1
2025,综合,245,西华大学,423388,01,不限,120201K,工商管理,4,5520,四年,https://static-data.gaokao.cn/www/2.0/schoolspecialplan/245/2025/31.json?a=www.gaokao.cn,data/shanghai/raw/plan_api/static/2025/245.json,1
2025,综合,245,西华大学,423388,01,不限,030101K,法学,3,5520,四年,https://static-data.gaokao.cn/www/2.0/schoolspecialplan/245/2025/31.json?a=www.gaokao.cn,data/shanghai/raw/plan_api/static/2025/245.json,1
2025,综合,245,西华大学,423388,01,不限,120204,财务管理,3,5520,四年,https://static-data.gaokao.cn/www/2.0/schoolspecialplan/245/2025/31.json?a=www.gaokao.cn,data/shanghai/raw/plan_api/static/2025/245.json,1
2025,综合,247,矿大北京,423383,03,物理、化学(2科必选),080701,电子信息工程,4,5500,四年,https://static-data.gaokao.cn/www/2.0/schoolspecialplan/247/2025/31.json?a=www.gaokao.cn,data/shanghai/raw/plan_api/static/2025/247.json,1
2025,综合,247,矿大北京,423383,03,物理、化学(2科必选),080801,自动化,4,6325,四年,https://static-data.gaokao.cn/www/2.0/schoolspecialplan/247/2025/31.json?a=www.gaokao.cn,data/shanghai/raw/plan_api/static/2025/247.json,1
2025,综合,247,矿大北京,423383,03,物理、化学(2科必选),080901,计算机科学与技术,4,5500,四年,https://static-data.gaokao.cn/www/2.0/schoolspecialplan/247/2025/31.json?a=www.gaokao.cn,data/shanghai/raw/plan_api/static/2025/247.json,1
2025,综合,247,矿大北京,423383,03,物理、化学(2科必选),080301,测控技术与仪器,4,6325,四年,https://static-data.gaokao.cn/www/2.0/schoolspecialplan/247/2025/31.json?a=www.gaokao.cn,data/shanghai/raw/plan_api/static/2025/247.json,1
2025,综合,247,矿大北京,423383,03,物理、化学(2科必选),080705,光电信息科学与工程,4,6325,四年,https://static-data.gaokao.cn/www/2.0/schoolspecialplan/247/2025/31.json?a=www.gaokao.cn,data/shanghai/raw/plan_api/static/2025/247.json,1
2025,综合,247,矿大北京,423383,03,物理、化学(2科必选),080702,电子科学与技术,3,5500,四年,https://static-data.gaokao.cn/www/2.0/schoolspecialplan/247/2025/31.json?a=www.gaokao.cn,data/shanghai/raw/plan_api/static/2025/247.json,1
2025,综合,247,矿大北京,423383,03,物理、化学(2科必选),080202,机械设计制造及其自动化,2,6325,四年,https://static-data.gaokao.cn/www/2.0/schoolspecialplan/247/2025/31.json?a=www.gaokao.cn,data/shanghai/raw/plan_api/static/2025/247.json,1
2025,综合,247,矿大北京,423383,03,物理、化学(2科必选),080910T,数据科学与大数据技术,2,4800,四年,https://static-data.gaokao.cn/www/2.0/schoolspecialplan/247/2025/31.json?a=www.gaokao.cn,data/shanghai/raw/plan_api/static/2025/247.json,1
2025,综合,247,矿大北京,423383,03,物理、化学(2科必选),080303T,智能感知工程,2,5500,四年,https://static-data.gaokao.cn/www/2.0/schoolspecialplan/247/2025/31.json?a=www.gaokao.cn,data/shanghai/raw/plan_api/static/2025/247.json,1
2025,综合,247,矿大北京,423383,03,物理、化学(2科必选),080717T,人工智能,2,5500,四年,https://static-data.gaokao.cn/www/2.0/schoolspecialplan/247/2025/31.json?a=www.gaokao.cn,data/shanghai/raw/plan_api/static/2025/247.json,1
2025,综合,247,矿大北京,423383,03,物理、化学(2科必选),080704,微电子科学与工程,2,5500,四年,https://static-data.gaokao.cn/www/2.0/schoolspecialplan/247/2025/31.json?a=www.gaokao.cn,data/shanghai/raw/plan_api/static/2025/247.json,1
2025,综合,247,矿大北京,423383,03,物理、化学(2科必选),100701,药学,2,5500,四年,https://static-data.gaokao.cn/www/2.0/schoolspecialplan/247/2025/31.json?a=www.gaokao.cn,data/shanghai/raw/plan_api/static/2025/247.json,1
2025,综合,247,矿大北京,423383,03,物理、化学(2科必选),080703,通信工程,1,5500,四年,https://static-data.gaokao.cn/www/2.0/schoolspecialplan/247/2025/31.json?a=www.gaokao.cn,data/shanghai/raw/plan_api/static/2025/247.json,1
2025,综合,247,矿大北京,423383,03,物理、化学(2科必选),080601,电气工程及其自动化,1,6325,四年,https://static-data.gaokao.cn/www/2.0/schoolspecialplan/247/2025/31.json?a=www.gaokao.cn,data/shanghai/raw/plan_api/static/2025/247.json,1
2025,综合,247,矿大北京,423395,02,物理必选,020302,金融工程,2,4800,四年,https://static-data.gaokao.cn/www/2.0/schoolspecialplan/247/2025/31.json?a=www.gaokao.cn,data/shanghai/raw/plan_api/static/2025/247.json,1
2025,综合,247,矿大北京,423395,02,物理必选,120702T,标准化工程,2,5520,四年,https://static-data.gaokao.cn/www/2.0/schoolspecialplan/247/2025/31.json?a=www.gaokao.cn,data/shanghai/raw/plan_api/static/2025/247.json,1
2025,综合,247,矿大北京,423395,02,物理必选,120703T,质量管理工程,2,4800,四年,https://static-data.gaokao.cn/www/2.0/schoolspecialplan/247/2025/31.json?a=www.gaokao.cn,data/shanghai/raw/plan_api/static/2025/247.json,1
2025,综合,247,矿大北京,423398,01,不限,030101K,法学,1,5520,四年,https://static-data.gaokao.cn/www/2.0/schoolspecialplan/247/2025/31.json?a=www.gaokao.cn,data/shanghai/raw/plan_api/static/2025/247.json,1
2025,综合,247,矿大北京,423398,01,不限,030102T,知识产权,1,5520,四年,https://static-data.gaokao.cn/www/2.0/schoolspecialplan/247/2025/31.json?a=www.gaokao.cn,data/shanghai/raw/plan_api/static/2025/247.json,1
2025,综合,248,北京工业,423384,01,物理、化学(2科必选),080910T,数据科学与大数据技术,2,4800,四年,https://static-data.gaokao.cn/www/2.0/schoolspecialplan/248/2025/31.json?a=www.gaokao.cn,data/shanghai/raw/plan_api/static/2025/248.json,1
2025,综合,248,北京工业,423384,01,物理、化学(2科必选),080701,电子信息工程,2,5500,四年,https://static-data.gaokao.cn/www/2.0/schoolspecialplan/248/2025/31.json?a=www.gaokao.cn,data/shanghai/raw/plan_api/static/2025/248.json,1
2025,综合,248,北京工业,423384,01,物理、化学(2科必选),081901,船舶与海洋工程,2,5500,四年,https://static-data.gaokao.cn/www/2.0/schoolspecialplan/248/2025/31.json?a=www.gaokao.cn,data/shanghai/raw/plan_api/static/2025/248.json,1
2025,综合,248,北京工业,423384,01,物理、化学(2科必选),080601,电气工程及其自动化,2,5500,四年,https://static-data.gaokao.cn/www/2.0/schoolspecialplan/248/2025/31.json?a=www.gaokao.cn,data/shanghai/raw/plan_api/static/2025/248.json,1
2025,综合,248,北京工业,423384,01,物理、化学(2科必选),080202,机械设计制造及其自动化,2,5500,四年,https://static-data.gaokao.cn/www/2.0/schoolspecialplan/248/2025/31.json?a=www.gaokao.cn,data/shanghai/raw/plan_api/static/2025/248.json,1
2025,综合,248,北京工业,423384,01,物理、化学(2科必选),090601,水产养殖学,2,5000,四年,https://static-data.gaokao.cn/www/2.0/schoolspecialplan/248/2025/31.json?a=www.gaokao.cn,data/shanghai/raw/plan_api/static/2025/248.json,1
2025,综合,248,北京工业,423384,01,物理、化学(2科必选),081504,油气储运工程,2,5500,四年,https://static-data.gaokao.cn/www/2.0/schoolspecialplan/248/2025/31.json?a=www.gaokao.cn,data/shanghai/raw/plan_api/static/2025/248.json,1
2025,综合,248,北京工业,423384,01,物理、化学(2科必选),071001,生物科学,2,4800,四年,https://static-data.gaokao.cn/www/2.0/schoolspecialplan/248/2025/31.json?a=www.gaokao.cn,data/shanghai/raw/plan_api/static/2025/248.json,1
2025,综合,248,北京工业,423384,01,物理、化学(2科必选),082701,食品科学与工程,2,6300,四年,https://static-data.gaokao.cn/www/2.0/schoolspecialplan/248/2025/31.json?a=www.gaokao.cn,data/shanghai/raw/plan_api/static/2025/248.json,1
2025,综合,248,北京工业,423384,01,物理、化学(2科必选),100701,药学,2,5500,四年,https://static-data.gaokao.cn/www/2.0/schoolspecialplan/248/2025/31.json?a=www.gaokao.cn,data/shanghai/raw/plan_api/static/2025/248.json,1
2025,综合,249,浙江农林大学,423380,02,物理、化学(2科必选),090401,动物医学,2,5500,五年,https://static-data.gaokao.cn/www/2.0/schoolspecialplan/249/2025/31.json?a=www.gaokao.cn,data/shanghai/raw/plan_api/static/2025/249.json,1
2025,综合,249,浙江农林大学,423380,02,物理、化学(2科必选),071202,应用统计学,1,5300,四年,https://static-data.gaokao.cn/www/2.0/schoolspecialplan/249/2025/31.json?a=www.gaokao.cn,data/shanghai/raw/plan_api/static/2025/249.json,1
2025,综合,249,浙江农林大学,423380,02,物理、化学(2科必选),082701,食品科学与工程,1,6000,四年,https://static-data.gaokao.cn/www/2.0/schoolspecialplan/249/2025/31.json?a=www.gaokao.cn,data/shanghai/raw/plan_api/static/2025/249.json,1
2025,综合,249,浙江农林大学,423380,02,物理、化学(2科必选),082702,食品质量与安全,1,6000,四年,https://static-data.gaokao.cn/www/2.0/schoolspecialplan/249/2025/31.json?a=www.gaokao.cn,data/shanghai/raw/plan_api/static/2025/249.json,1
2025,综合,249,浙江农林大学,423380,02,物理、化学(2科必选),090301,动物科学,1,5500,四年,https://static-data.gaokao.cn/www/2.0/schoolspecialplan/249/2025/31.json?a=www.gaokao.cn,data/shanghai/raw/plan_api/static/2025/249.json,1
2025,综合,249,浙江农林大学,423380,02,物理、化学(2科必选),080407,高分子材料与工程,1,6000,四年,https://static-data.gaokao.cn/www/2.0/schoolspecialplan/249/2025/31.json?a=www.gaokao.cn,data/shanghai/raw/plan_api/static/2025/249.json,1
2025,综合,249,浙江农林大学,423380,02,物理、化学(2科必选),070302,应用化学,1,5300,四年,https://static-data.gaokao.cn/www/2.0/schoolspecialplan/249/2025/31.json?a=www.gaokao.cn,data/shanghai/raw/plan_api/static/2025/249.json,1
2025,综合,249,浙江农林大学,423380,02,物理、化学(2科必选),082501,环境科学与工程,1,6000,四年,https://static-data.gaokao.cn/www/2.0/schoolspecialplan/249/2025/31.json?a=www.gaokao.cn,data/shanghai/raw/plan_api/static/2025/249.json,1
2025,综合,249,浙江农林大学,423380,02,物理、化学(2科必选),083002T,生物制药,1,6000,四年,https://static-data.gaokao.cn/www/2.0/schoolspecialplan/249/2025/31.json?a=www.gaokao.cn,data/shanghai/raw/plan_api/static/2025/249.json,1
2025,综合,249,浙江农林大学,423386,01,不限,082803,风景园林,2,6900,四年,https://static-data.gaokao.cn/www/2.0/schoolspecialplan/249/2025/31.json?a=www.gaokao.cn,data/shanghai/raw/plan_api/static/2025/249.json,1
2025,综合,249,浙江农林大学,423386,01,不限,120210,文化产业管理,1,5300,四年,https://static-data.gaokao.cn/www/2.0/schoolspecialplan/249/2025/31.json?a=www.gaokao.cn,data/shanghai/raw/plan_api/static/2025/249.json,1
2025,综合,249,浙江农林大学,423386,01,不限,082802,城乡规划,1,6000,四年,https://static-data.gaokao.cn/www/2.0/schoolspecialplan/249/2025/31.json?a=www.gaokao.cn,data/shanghai/raw/plan_api/static/2025/249.json,1
2025,综合,249,浙江农林大学,423386,01,不限,020401,国际经济与贸易,1,5300,四年,https://static-data.gaokao.cn/www/2.0/schoolspecialplan/249/2025/31.json?a=www.gaokao.cn,data/shanghai/raw/plan_api/static/2025/249.json,1
2025,综合,250,浙江中医药大学,423406,08,不限,120410T,健康服务与管理,1,5300,四年,https://static-data.gaokao.cn/www/2.0/schoolspecialplan/250/2025/31.json?a=www.gaokao.cn,data/shanghai/raw/plan_api/static/2025/250.json,1
2025,综合,250,浙江中医药大学,423419,02,物理、化学(2科必选),100201K,临床医学,2,6900,五年,https://static-data.gaokao.cn/www/2.0/schoolspecialplan/250/2025/31.json?a=www.gaokao.cn,data/shanghai/raw/plan_api/static/2025/250.json,1
2025,综合,250,浙江中医药大学,423427,07,物理、化学(2科必选),101002,医学实验技术,2,6000,四年,https://static-data.gaokao.cn/www/2.0/schoolspecialplan/250/2025/31.json?a=www.gaokao.cn,data/shanghai/raw/plan_api/static/2025/250.json,1
2025,综合,250,浙江中医药大学,423410,04,物理、化学(2科必选),100701,药学,2,6000,四年,https://static-data.gaokao.cn/www/2.0/schoolspecialplan/250/2025/31.json?a=www.gaokao.cn,data/shanghai/raw/plan_api/static/2025/250.json,1
2025,综合,250,浙江中医药大学,423420,03,物理、化学(2科必选),101008T,听力与言语康复学,2,6000,四年,https://static-data.gaokao.cn/www/2.0/schoolspecialplan/250/2025/31.json?a=www.gaokao.cn,data/shanghai/raw/plan_api/static/2025/250.json,1
2025,综合,250,浙江中医药大学,423429,05,化学必选,101101K,护理学,2,6000,四年,https://static-data.gaokao.cn/www/2.0/schoolspecialplan/250/2025/31.json?a=www.gaokao.cn,data/shanghai/raw/plan_api/static/2025/250.json,1
2025,综合,250,浙江中医药大学,423427,07,物理、化学(2科必选),071001,生物科学,2,5300,四年,https://static-data.gaokao.cn/www/2.0/schoolspecialplan/250/2025/31.json?a=www.gaokao.cn,data/shanghai/raw/plan_api/static/2025/250.json,1
2025,综合,250,浙江中医药大学,423422,06,物理、化学(2科必选),080901,计算机科学与技术,1,6000,四年,https://static-data.gaokao.cn/www/2.0/schoolspecialplan/250/2025/31.json?a=www.gaokao.cn,data/shanghai/raw/plan_api/static/2025/250.json,1
2025,综合,250,浙江中医药大学,423419,02,物理、化学(2科必选),100401K,预防医学,1,6900,五年,https://static-data.gaokao.cn/www/2.0/schoolspecialplan/250/2025/31.json?a=www.gaokao.cn,data/shanghai/raw/plan_api/static/2025/250.json,1
2025,综合,250,浙江中医药大学,423419,02,物理、化学(2科必选),100601K,中西医临床医学,1,6000,五年,https://static-data.gaokao.cn/www/2.0/schoolspecialplan/250/2025/31.json?a=www.gaokao.cn,data/shanghai/raw/plan_api/static/2025/250.json,1
2025,综合,250,浙江中医药大学,423410,04,物理、化学(2科必选),100801,中药学,1,6000,四年,https://static-data.gaokao.cn/www/2.0/schoolspecialplan/250/2025/31.json?a=www.gaokao.cn,data/shanghai/raw/plan_api/static/2025/250.json,1
2025,综合,250,浙江中医药大学,423420,03,物理、化学(2科必选),101005,康复治疗学,1,6000,四年,https://static-data.gaokao.cn/www/2.0/schoolspecialplan/250/2025/31.json?a=www.gaokao.cn,data/shanghai/raw/plan_api/static/2025/250.json,1
2025,综合,250,浙江中医药大学,423413,01,化学必选,100501K,中医学,1,6900,五年,https://static-data.gaokao.cn/www/2.0/schoolspecialplan/250/2025/31.json?a=www.gaokao.cn,data/shanghai/raw/plan_api/static/2025/250.json,1
2025,综合,251,温州医科大学,423404,01,物理、化学(2科必选),100204TK,眼视光医学,3,6900,五年,https://static-data.gaokao.cn/www/2.0/schoolspecialplan/251/2025/31.json?a=www.gaokao.cn,data/shanghai/raw/plan_api/static/2025/251.json,1
2025,综合,251,温州医科大学,423404,01,物理、化学(2科必选),100101K,基础医学,3,6000,五年,https://static-data.gaokao.cn/www/2.0/schoolspecialplan/251/2025/31.json?a=www.gaokao.cn,data/shanghai/raw/plan_api/static/2025/251.json,1
2025,综合,251,温州医科大学,423404,01,物理、化学(2科必选),100201K,临床医学,1,6900,五年,https://static-data.gaokao.cn/www/2.0/schoolspecialplan/251/2025/31.json?a=www.gaokao.cn,data/shanghai/raw/plan_api/static/2025/251.json,1
2025,综合,251,温州医科大学,423404,01,物理、化学(2科必选),100205TK,精神医学,2,6000,五年,https://static-data.gaokao.cn/www/2.0/schoolspecialplan/251/2025/31.json?a=www.gaokao.cn,data/shanghai/raw/plan_api/static/2025/251.json,1
2025,综合,251,温州医科大学,423404,01,物理、化学(2科必选),100301K,口腔医学,2,6900,五年,https://static-data.gaokao.cn/www/2.0/schoolspecialplan/251/2025/31.json?a=www.gaokao.cn,data/shanghai/raw/plan_api/static/2025/251.json,1
2025,综合,251,温州医科大学,423404,01,物理、化学(2科必选),100207TK,儿科学,1,6900,五年,https://static-data.gaokao.cn/www/2.0/schoolspecialplan/251/2025/31.json?a=www.gaokao.cn,data/shanghai/raw/plan_api/static/2025/251.json,1
2025,综合,251,温州医科大学,423404,01,物理、化学(2科必选),101012T,生物医药数据科学,1,6000,四年,https://static-data.gaokao.cn/www/2.0/schoolspecialplan/251/2025/31.json?a=www.gaokao.cn,data/shanghai/raw/plan_api/static/2025/251.json,1
2025,综合,251,温州医科大学,423417,02,物理、化学(2科必选),100201K,临床医学,6,75000,五年,https://static-data.gaokao.cn/www/2.0/schoolspecialplan/251/2025/31.json?a=www.gaokao.cn,data/shanghai/raw/plan_api/static/2025/251.json,0
2025,综合,252,杭州师范大学,423408,01,物理、化学(2科必选),080407,高分子材料与工程,4,6000,四年,https://static-data.gaokao.cn/www/2.0/schoolspecialplan/252/2025/31.json?a=www.gaokao.cn,data/shanghai/raw/plan_api/static/2025/252.json,1
2025,综合,252,杭州师范大学,423408,01,物理、化学(2科必选),100701,药学,4,6900,四年,https://static-data.gaokao.cn/www/2.0/schoolspecialplan/252/2025/31.json?a=www.gaokao.cn,data/shanghai/raw/plan_api/static/2025/252.json,1
2025,综合,252,杭州师范大学,423408,01,物理、化学(2科必选),081302,制药工程,3,6000,四年,https://static-data.gaokao.cn/www/2.0/schoolspecialplan/252/2025/31.json?a=www.gaokao.cn,data/shanghai/raw/plan_api/static/2025/252.json,1
2025,综合,252,杭州师范大学,423408,01,物理、化学(2科必选),0703,化学类,3,5300,四年,https://static-data.gaokao.cn/www/2.0/schoolspecialplan/252/2025/31.json?a=www.gaokao.cn,data/shanghai/raw/plan_api/static/2025/252.json,1
2025,综合,252,杭州师范大学,423415,02,物理、化学(2科必选),080901,计算机科学与技术,4,6900,四年,https://static-data.gaokao.cn/www/2.0/schoolspecialplan/252/2025/31.json?a=www.gaokao.cn,data/shanghai/raw/plan_api/static/2025/252.json,1
2025,综合,252,杭州师范大学,423415,02,物理、化学(2科必选),080902,软件工程,4,6900,四年,https://static-data.gaokao.cn/www/2.0/schoolspecialplan/252/2025/31.json?a=www.gaokao.cn,data/shanghai/raw/plan_api/static/2025/252.json,1
2025,综合,252,杭州师范大学,423423,04,物理、化学(2科必选),080202,机械设计制造及其自动化,4,6000,四年,https://static-data.gaokao.cn/www/2.0/schoolspecialplan/252/2025/31.json?a=www.gaokao.cn,data/shanghai/raw/plan_api/static/2025/252.json,1
2025,综合,252,杭州师范大学,423412,03,不限,130305,广播电视编导,4,9000,四年,https://static-data.gaokao.cn/www/2.0/schoolspecialplan/252/2025/31.json?a=www.gaokao.cn,data/shanghai/raw/plan_api/static/2025/252.json,1
2025,综合,252,杭州师范大学,423415,02,物理、化学(2科必选),080701,电子信息工程,4,6900,四年,https://static-data.gaokao.cn/www/2.0/schoolspecialplan/252/2025/31.json?a=www.gaokao.cn,data/shanghai/raw/plan_api/static/2025/252.json,1
2025,综合,252,杭州师范大学,423423,04,物理、化学(2科必选),082502,环境工程,3,6000,四年,https://static-data.gaokao.cn/www/2.0/schoolspecialplan/252/2025/31.json?a=www.gaokao.cn,data/shanghai/raw/plan_api/static/2025/252.json,1
2025,综合,252,杭州师范大学,423423,04,物理、化学(2科必选),080205,工业设计,2,6000,四年,https://static-data.gaokao.cn/www/2.0/schoolspecialplan/252/2025/31.json?a=www.gaokao.cn,data/shanghai/raw/plan_api/static/2025/252.json,1
2025,综合,252,杭州师范大学,423412,03,不限,030302,社会工作,1,5300,四年,https://static-data.gaokao.cn/www/2.0/schoolspecialplan/252/2025/31.json?a=www.gaokao.cn,data/shanghai/raw/plan_api/static/2025/252.json,1
2025,综合,252,杭州师范大学,423412,03,不限,1204,公共管理类,1,5300,四年,https://static-data.gaokao.cn/www/2.0/schoolspecialplan/252/2025/31.json?a=www.gaokao.cn,data/shanghai/raw/plan_api/static/2025/252.json,1
2025,综合,253,湖州师范大学,423405,04,物理、化学(2科必选),080701,电子信息工程,5,5500,四年,https://static-data.gaokao.cn/www/2.0/schoolspecialplan/253/2025/31.json?a=www.gaokao.cn,data/shanghai/raw/plan_api/static/2025/253.json,1
2025,综合,253,湖州师范大学,423405,04,物理、化学(2科必选),070201,物理学,4,5500,四年,https://static-data.gaokao.cn/www/2.0/schoolspecialplan/253/2025/31.json?a=www.gaokao.cn,data/shanghai/raw/plan_api/static/2025/253.json,1
2025,综合,253,湖州师范大学,423405,04,物理、化学(2科必选),081302,制药工程,3,5500,四年,https://static-data.gaokao.cn/www/2.0/schoolspecialplan/253/2025/31.json?a=www.gaokao.cn,data/shanghai/raw/plan_api/static/2025/253.json,1
2025,综合,253,湖州师范大学,423405,04,物理、化学(2科必选),080401,材料科学与工程,3,5500,四年,https://static-data.gaokao.cn/www/2.0/schoolspecialplan/253/2025/31.json?a=www.gaokao.cn,data/shanghai/raw/plan_api/static/2025/253.json,1
2025,综合,253,湖州师范大学,423405,04,物理、化学(2科必选),070301,化学,2,4800,四年,https://static-data.gaokao.cn/www/2.0/schoolspecialplan/253/2025/31.json?a=www.gaokao.cn,data/shanghai/raw/plan_api/static/2025/253.json,1
2025,综合,253,湖州师范大学,423405,04,物理、化学(2科必选),080910T,数据科学与大数据技术,2,5500,四年,https://static-data.gaokao.cn/www/2.0/schoolspecialplan/253/2025/31.json?a=www.gaokao.cn,data/shanghai/raw/plan_api/static/2025/253.json,1
2025,综合,253,湖州师范大学,423405,04,物理、化学(2科必选),080414T,新能源材料与器件,2,5500,四年,https://static-data.gaokao.cn/www/2.0/schoolspecialplan/253/2025/31.json?a=www.gaokao.cn,data/shanghai/raw/plan_api/static/2025/253.json,1
2025,综合,253,湖州师范大学,423405,04,物理、化学(2科必选),080213T,智能制造工程,2,5500,四年,https://static-data.gaokao.cn/www/2.0/schoolspecialplan/253/2025/31.json?a=www.gaokao.cn,data/shanghai/raw/plan_api/static/2025/253.json,1
2025,综合,253,湖州师范大学,423428,03,化学必选,101101K,护理学,7,6300,四年,https://static-data.gaokao.cn/www/2.0/schoolspecialplan/253/2025/31.json?a=www.gaokao.cn,data/shanghai/raw/plan_api/static/2025/253.json,1
2025,综合,253,湖州师范大学,423430,02,物理必选,040102,科学教育,4,5500,四年,https://static-data.gaokao.cn/www/2.0/schoolspecialplan/253/2025/31.json?a=www.gaokao.cn,data/shanghai/raw/plan_api/static/2025/253.json,1
2025,综合,253,湖州师范大学,423411,01,不限,120801,电子商务,4,4800,四年,https://static-data.gaokao.cn/www/2.0/schoolspecialplan/253/2025/31.json?a=www.gaokao.cn,data/shanghai/raw/plan_api/static/2025/253.json,1
2025,综合,253,湖州师范大学,423411,01,不限,020401,国际经济与贸易,3,4800,四年,https://static-data.gaokao.cn/www/2.0/schoolspecialplan/253/2025/31.json?a=www.gaokao.cn,data/shanghai/raw/plan_api/static/2025/253.json,1
2025,综合,253,湖州师范大学,423411,01,不限,040106,学前教育,3,5500,四年,https://static-data.gaokao.cn/www/2.0/schoolspecialplan/253/2025/31.json?a=www.gaokao.cn,data/shanghai/raw/plan_api/static/2025/253.json,1
2025,综合,253,湖州师范大学,423411,01,不限,030102T,知识产权,3,4800,四年,https://static-data.gaokao.cn/www/2.0/schoolspecialplan/253/2025/31.json?a=www.gaokao.cn,data/shanghai/raw/plan_api/static/2025/253.json,1
2025,综合,253,湖州师范大学,423430,02,物理必选,020302,金融工程,3,4800,四年,https://static-data.gaokao.cn/www/2.0/schoolspecialplan/253/2025/31.json?a=www.gaokao.cn,data/shanghai/raw/plan_api/static/2025/253.json,1
2025,综合,253,湖州师范大学,423424,05,物理、化学(2科必选),100301K,口腔医学,2,6300,五年,https://static-data.gaokao.cn/www/2.0/schoolspecialplan/253/2025/31.json?a=www.gaokao.cn,data/shanghai/raw/plan_api/static/2025/253.json,1
2025,综合,253,湖州师范大学,423411,01,不限,050201,英语,2,4800,四年,https://static-data.gaokao.cn/www/2.0/schoolspecialplan/253/2025/31.json?a=www.gaokao.cn,data/shanghai/raw/plan_api/static/2025/253.json,1
2025,综合,253,湖州师范大学,423424,05,物理、化学(2科必选),100201K,临床医学,2,6300,五年,https://static-data.gaokao.cn/www/2.0/schoolspecialplan/253/2025/31.json?a=www.gaokao.cn,data/shanghai/raw/plan_api/static/2025/253.json,1
2025,综合,253,湖州师范大学,423411,01,不限,050202,俄语,2,4800,四年,https://static-data.gaokao.cn/www/2.0/schoolspecialplan/253/2025/31.json?a=www.gaokao.cn,data/shanghai/raw/plan_api/static/2025/253.json,1
2025,综合,256,温州大学,423402,03,物理、化学(2科必选),081001,土木工程,3,6325,四年,https://static-data.gaokao.cn/www/2.0/schoolspecialplan/256/2025/31.json?a=www.gaokao.cn,data/shanghai/raw/plan_api/static/2025/256.json,1
2025,综合,256,温州大学,423402,03,物理、化学(2科必选),070201,物理学,2,4800,四年,https://static-data.gaokao.cn/www/2.0/schoolspecialplan/256/2025/31.json?a=www.gaokao.cn,data/shanghai/raw/plan_api/static/2025/256.json,1
2025,综合,256,温州大学,423402,03,物理、化学(2科必选),070301,化学,2,4800,四年,https://static-data.gaokao.cn/www/2.0/schoolspecialplan/256/2025/31.json?a=www.gaokao.cn,data/shanghai/raw/plan_api/static/2025/256.json,1
2025,综合,256,温州大学,423402,03,物理、化学(2科必选),070305T,能源化学,2,4800,四年,https://static-data.gaokao.cn/www/2.0/schoolspecialplan/256/2025/31.json?a=www.gaokao.cn,data/shanghai/raw/plan_api/static/2025/256.json,1
2025,综合,256,温州大学,423402,03,物理、化学(2科必选),080717T,人工智能,2,5500,四年,https://static-data.gaokao.cn/www/2.0/schoolspecialplan/256/2025/31.json?a=www.gaokao.cn,data/shanghai/raw/plan_api/static/2025/256.json,1
2025,综合,256,温州大学,423402,03,物理、化学(2科必选),070102,信息与计算科学,2,4800,四年,https://static-data.gaokao.cn/www/2.0/schoolspecialplan/256/2025/31.json?a=www.gaokao.cn,data/shanghai/raw/plan_api/static/2025/256.json,1
2025,综合,256,温州大学,423402,03,物理、化学(2科必选),080601,电气工程及其自动化,2,5500,四年,https://static-data.gaokao.cn/www/2.0/schoolspecialplan/256/2025/31.json?a=www.gaokao.cn,data/shanghai/raw/plan_api/static/2025/256.json,1
2025,综合,256,温州大学,423402,03,物理、化学(2科必选),081005T,城市地下空间工程,2,5500,四年,https://static-data.gaokao.cn/www/2.0/schoolspecialplan/256/2025/31.json?a=www.gaokao.cn,data/shanghai/raw/plan_api/static/2025/256.json,1
2025,综合,256,温州大学,423402,03,物理、化学(2科必选),080710T,集成电路设计与集成系统,1,5500,四年,https://static-data.gaokao.cn/www/2.0/schoolspecialplan/256/2025/31.json?a=www.gaokao.cn,data/shanghai/raw/plan_api/static/2025/256.json,1
2025,综合,256,温州大学,423431,02,物理必选,040104,教育技术学,2,4800,四年,https://static-data.gaokao.cn/www/2.0/schoolspecialplan/256/2025/31.json?a=www.gaokao.cn,data/shanghai/raw/plan_api/static/2025/256.json,1
2025,综合,256,温州大学,423418,01,不限,050207,日语,2,4800,四年,https://static-data.gaokao.cn/www/2.0/schoolspecialplan/256/2025/31.json?a=www.gaokao.cn,data/shanghai/raw/plan_api/static/2025/256.json,1
2025,综合,256,温州大学,423431,02,物理必选,020302,金融工程,2,5520,四年,https://static-data.gaokao.cn/www/2.0/schoolspecialplan/256/2025/31.json?a=www.gaokao.cn,data/shanghai/raw/plan_api/static/2025/256.json,1
2025,综合,256,温州大学,423418,01,不限,030101K,法学,1,4800,四年,https://static-data.gaokao.cn/www/2.0/schoolspecialplan/256/2025/31.json?a=www.gaokao.cn,data/shanghai/raw/plan_api/static/2025/256.json,1
2025,综合,257,天津职师,423414,01,不限,1209,旅游管理类,6,5300,四年,https://static-data.gaokao.cn/www/2.0/schoolspecialplan/257/2025/31.json?a=www.gaokao.cn,data/shanghai/raw/plan_api/static/2025/257.json,1
2025,综合,257,天津职师,423414,01,不限,0301,法学类,4,6095,四年,https://static-data.gaokao.cn/www/2.0/schoolspecialplan/257/2025/31.json?a=www.gaokao.cn,data/shanghai/raw/plan_api/static/2025/257.json,1
2025,综合,257,天津职师,423414,01,不限,050206,阿拉伯语,3,5300,四年,https://static-data.gaokao.cn/www/2.0/schoolspecialplan/257/2025/31.json?a=www.gaokao.cn,data/shanghai/raw/plan_api/static/2025/257.json,1
2025,综合,257,天津职师,423414,01,不限,0503,新闻传播学类,3,5300,四年,https://static-data.gaokao.cn/www/2.0/schoolspecialplan/257/2025/31.json?a=www.gaokao.cn,data/shanghai/raw/plan_api/static/2025/257.json,1
2025,综合,257,天津职师,423414,01,不限,050101,汉语言文学,2,5300,四年,https://static-data.gaokao.cn/www/2.0/schoolspecialplan/257/2025/31.json?a=www.gaokao.cn,data/shanghai/raw/plan_api/static/2025/257.json,1
2025,综合,257,天津职师,423414,01,不限,050204,法语,2,5300,四年,https://static-data.gaokao.cn/www/2.0/schoolspecialplan/257/2025/31.json?a=www.gaokao.cn,data/shanghai/raw/plan_api/static/2025/257.json,1
2025,综合,257,天津职师,423426,02,物理、化学(2科必选),0827,食品科学与工程类,4,6000,四年,https://static-data.gaokao.cn/www/2.0/schoolspecialplan/257/2025/31.json?a=www.gaokao.cn,data/shanghai/raw/plan_api/static/2025/257.json,1
2025,综合,257,天津职师,423426,02,物理、化学(2科必选),0807,电子信息类,3,6000,四年,https://static-data.gaokao.cn/www/2.0/schoolspecialplan/257/2025/31.json?a=www.gaokao.cn,data/shanghai/raw/plan_api/static/2025/257.json,1
2025,综合,257,天津职师,423426,02,物理、化学(2科必选),0809,计算机类,3,6000,四年,https://static-data.gaokao.cn/www/2.0/schoolspecialplan/257/2025/31.json?a=www.gaokao.cn,data/shanghai/raw/plan_api/static/2025/257.json,1
2025,综合,258,天津商大,423403,03,物理、化学(2科必选),0809,计算机类,9,6000,四年,https://static-data.gaokao.cn/www/2.0/schoolspecialplan/258/2025/31.json?a=www.gaokao.cn,data/shanghai/raw/plan_api/static/2025/258.json,1
2025,综合,258,天津商大,423403,03,物理、化学(2科必选),080910T,数据科学与大数据技术,1,5300,四年,https://static-data.gaokao.cn/www/2.0/schoolspecialplan/258/2025/31.json?a=www.gaokao.cn,data/shanghai/raw/plan_api/static/2025/258.json,1
2025,综合,258,天津商大,423407,02,物理必选,020310T,金融科技,6,5300,四年,https://static-data.gaokao.cn/www/2.0/schoolspecialplan/258/2025/31.json?a=www.gaokao.cn,data/shanghai/raw/plan_api/static/2025/258.json,1
2025,综合,258,天津商大,423409,01,不限,120203K,会计学,2,6000,四年,https://static-data.gaokao.cn/www/2.0/schoolspecialplan/258/2025/31.json?a=www.gaokao.cn,data/shanghai/raw/plan_api/static/2025/258.json,1
2025,综合,258,天津商大,423409,01,不限,030101K,法学,1,5300,四年,https://static-data.gaokao.cn/www/2.0/schoolspecialplan/258/2025/31.json?a=www.gaokao.cn,data/shanghai/raw/plan_api/static/2025/258.json,1
2025,综合,258,天津商大,423409,01,不限,0202,财政学类,3,5300,四年,https://static-data.gaokao.cn/www/2.0/schoolspecialplan/258/2025/31.json?a=www.gaokao.cn,data/shanghai/raw/plan_api/static/2025/258.json,1
2025,综合,258,天津商大,423409,01,不限,120801,电子商务,2,5300,四年,https://static-data.gaokao.cn/www/2.0/schoolspecialplan/258/2025/31.json?a=www.gaokao.cn,data/shanghai/raw/plan_api/static/2025/258.json,1
2025,综合,258,天津商大,423407,02,物理必选,020302,金融工程,2,5300,四年,https://static-data.gaokao.cn/www/2.0/schoolspecialplan/258/2025/31.json?a=www.gaokao.cn,data/shanghai/raw/plan_api/static/2025/258.json,1
2025,综合,258,天津商大,423409,01,不限,082802,城乡规划,2,6000,四年,https://static-data.gaokao.cn/www/2.0/schoolspecialplan/258/2025/31.json?a=www.gaokao.cn,data/shanghai/raw/plan_api/static/2025/258.json,1
2025,综合,258,天津商大,423409,01,不限,1202,工商管理类,2,5300,四年,https://static-data.gaokao.cn/www/2.0/schoolspecialplan/258/2025/31.json?a=www.gaokao.cn,data/shanghai/raw/plan_api/static/2025/258.json,1
2025,综合,258,天津商大,423409,01,不限,1204,公共管理类,2,5300,四年,https://static-data.gaokao.cn/www/2.0/schoolspecialplan/258/2025/31.json?a=www.gaokao.cn,data/shanghai/raw/plan_api/static/2025/258.json,1
2025,综合,258,天津商大,423407,02,物理必选,020109T,数字经济,2,5300,四年,https://static-data.gaokao.cn/www/2.0/schoolspecialplan/258/2025/31.json?a=www.gaokao.cn,data/shanghai/raw/plan_api/static/2025/258.json,1
2025,综合,258,天津商大,423407,02,物理必选,120102,信息管理与信息系统,1,5300,四年,https://static-data.gaokao.cn/www/2.0/schoolspecialplan/258/2025/31.json?a=www.gaokao.cn,data/shanghai/raw/plan_api/static/2025/258.json,1
2025,综合,258,天津商大,423409,01,不限,020101,经济学,1,6000,四年,https://static-data.gaokao.cn/www/2.0/schoolspecialplan/258/2025/31.json?a=www.gaokao.cn,data/shanghai/raw/plan_api/static/2025/258.json,1
2025,综合,258,天津商大,423409,01,不限,030302,社会工作,1,5300,四年,https://static-data.gaokao.cn/www/2.0/schoolspecialplan/258/2025/31.json?a=www.gaokao.cn,data/shanghai/raw/plan_api/static/2025/258.json,1
2025,综合,258,天津商大,423407,02,物理必选,120103,工程管理,1,5300,四年,https://static-data.gaokao.cn/www/2.0/schoolspecialplan/258/2025/31.json?a=www.gaokao.cn,data/shanghai/raw/plan_api/static/2025/258.json,1
2025,综合,258,天津商大,423416,04,不限,120202,市场营销,1,28800,四年,https://static-data.gaokao.cn/www/2.0/schoolspecialplan/258/2025/31.json?a=www.gaokao.cn,data/shanghai/raw/plan_api/static/2025/258.json,0
2025,综合,258,天津商大,423409,01,不限,120204,财务管理,1,6000,四年,https://static-data.gaokao.cn/www/2.0/schoolspecialplan/258/2025/31.json?a=www.gaokao.cn,data/shanghai/raw/plan_api/static/2025/258.json,1
2025,综合,258,天津商大,423409,01,不限,120207,审计学,1,6000,四年,https://static-data.gaokao.cn/www/2.0/schoolspecialplan/258/2025/31.json?a=www.gaokao.cn,data/shanghai/raw/plan_api/static/2025/258.json,1
2025,综合,258,天津商大,423409,01,不限,020401,国际经济与贸易,1,6000,四年,https://static-data.gaokao.cn/www/2.0/schoolspecialplan/258/2025/31.json?a=www.gaokao.cn,data/shanghai/raw/plan_api/static/2025/258.json,1
2025,综合,258,天津商大,423409,01,不限,020301K,金融学,1,6000,四年,https://static-data.gaokao.cn/www/2.0/schoolspecialplan/258/2025/31.json?a=www.gaokao.cn,data/shanghai/raw/plan_api/static/2025/258.json,1
2025,综合,258,天津商大,423416,04,不限,020301K,金融学,1,28800,四年,https://static-data.gaokao.cn/www/2.0/schoolspecialplan/258/2025/31.json?a=www.gaokao.cn,data/shanghai/raw/plan_api/static/2025/258.json,0
2025,综合,258,天津商大,423416,04,不限,120203K,会计学,1,28800,四年,https://static-data.gaokao.cn/www/2.0/schoolspecialplan/258/2025/31.json?a=www.gaokao.cn,data/shanghai/raw/plan_api/static/2025/258.json,0
2025,综合,258,天津商大,423409,01,不限,020304,投资学,1,5300,四年,https://static-data.gaokao.cn/www/2.0/schoolspecialplan/258/2025/31.json?a=www.gaokao.cn,data/shanghai/raw/plan_api/static/2025/258.json,1
2025,综合,258,天津商大,423409,01,不限,0502,外国语言文学类,1,5300,四年,https://static-data.gaokao.cn/www/2.0/schoolspecialplan/258/2025/31.json?a=www.gaokao.cn,data/shanghai/raw/plan_api/static/2025/258.json,1
2025,综合,262,津医临床,423432,02,物理、化学(2科必选),080601,电气工程及其自动化,1,5520,四年,https://static-data.gaokao.cn/www/2.0/schoolspecialplan/262/2025/31.json?a=www.gaokao.cn,data/shanghai/raw/plan_api/static/2025/262.json,1
2025,综合,262,津医临床,423432,02,物理、化学(2科必选),080901,计算机科学与技术,1,5520,四年,https://static-data.gaokao.cn/www/2.0/schoolspecialplan/262/2025/31.json?a=www.gaokao.cn,data/shanghai/raw/plan_api/static/2025/262.json,1
2025,综合,262,津医临床,423442,01,不限,060101,历史学,1,5175,四年,https://static-data.gaokao.cn/www/2.0/schoolspecialplan/262/2025/31.json?a=www.gaokao.cn,data/shanghai/raw/plan_api/static/2025/262.json,1
2025,综合,262,津医临床,423442,01,不限,0501,中国语言文学类,1,5175,四年,https://static-data.gaokao.cn/www/2.0/schoolspecialplan/262/2025/31.json?a=www.gaokao.cn,data/shanghai/raw/plan_api/static/2025/262.json,1
2025,综合,263,津理中环,423433,02,物理必选,120102,信息管理与信息系统,5,5760,四年,https://static-data.gaokao.cn/www/2.0/schoolspecialplan/263/2025/31.json?a=www.gaokao.cn,data/shanghai/raw/plan_api/static/2025/263.json,1
2025,综合,263,津理中环,423433,02,物理必选,120103,工程管理,5,5760,四年,https://static-data.gaokao.cn/www/2.0/schoolspecialplan/263/2025/31.json?a=www.gaokao.cn,data/shanghai/raw/plan_api/static/2025/263.json,1
2025,综合,263,津理中环,423438,01,不限,0501,中国语言文学类,8,5760,四年,https://static-data.gaokao.cn/www/2.0/schoolspecialplan/263/2025/31.json?a=www.gaokao.cn,data/shanghai/raw/plan_api/static/2025/263.json,1
2025,综合,263,津理中环,423438,01,不限,050207,日语,7,5760,四年,https://static-data.gaokao.cn/www/2.0/schoolspecialplan/263/2025/31.json?a=www.gaokao.cn,data/shanghai/raw/plan_api/static/2025/263.json,1
2025,综合,263,津理中环,423445,03,物理、化学(2科必选),083001,生物工程,6,6240,四年,https://static-data.gaokao.cn/www/2.0/schoolspecialplan/263/2025/31.json?a=www.gaokao.cn,data/shanghai/raw/plan_api/static/2025/263.json,1
2025,综合,263,津理中环,423445,03,物理、化学(2科必选),0809,计算机类,3,6240,四年,https://static-data.gaokao.cn/www/2.0/schoolspecialplan/263/2025/31.json?a=www.gaokao.cn,data/shanghai/raw/plan_api/static/2025/263.json,1
2025,综合,264,京科天津,423444,01,不限,100501K,中医学,2,6960,九年,https://static-data.gaokao.cn/www/2.0/schoolspecialplan/264/2025/31.json?a=www.gaokao.cn,data/shanghai/raw/plan_api/static/2025/264.json,1
2025,综合,264,京科天津,423444,01,不限,100502K,针灸推拿学,2,6960,五年,https://static-data.gaokao.cn/www/2.0/schoolspecialplan/264/2025/31.json?a=www.gaokao.cn,data/shanghai/raw/plan_api/static/2025/264.json,1
2025,综合,265,津财珠江,423434,02,不限,030101K,法学,2,5760,四年,https://static-data.gaokao.cn/www/2.0/schoolspecialplan/265/2025/31.json?a=www.gaokao.cn,data/shanghai/raw/plan_api/static/2025/265.json,1
2025,综合,265,津财珠江,423434,02,不限,071101,心理学,2,6240,四年,https://static-data.gaokao.cn/www/2.0/schoolspecialplan/265/2025/31.json?a=www.gaokao.cn,data/shanghai/raw/plan_api/static/2025/265.json,1
2025,综合,265,津财珠江,423434,02,不限,030108TK,纪检监察,2,5760,四年,https://static-data.gaokao.cn/www/2.0/schoolspecialplan/265/2025/31.json?a=www.gaokao.cn,data/shanghai/raw/plan_api/static/2025/265.json,1
2025,综合,265,津财珠江,423449,01,历史、思想政治(2科必选),030503,思想政治教育,2,5760,四年,https://static-data.gaokao.cn/www/2.0/schoolspecialplan/265/2025/31.json?a=www.gaokao.cn,data/shanghai/raw/plan_api/static/2025/265.json,1
2025,综合,265,津财珠江,423449,01,历史、思想政治(2科必选),050101,汉语言文学,2,5760,四年,https://static-data.gaokao.cn/www/2.0/schoolspecialplan/265/2025/31.json?a=www.gaokao.cn,data/shanghai/raw/plan_api/static/2025/265.json,1
2025,综合,265,津财珠江,423437,04,物理、化学(2科必选),070101,数学与应用数学,2,6240,四年,https://static-data.gaokao.cn/www/2.0/schoolspecialplan/265/2025/31.json?a=www.gaokao.cn,data/shanghai/raw/plan_api/static/2025/265.json,1
2025,综合,265,津财珠江,423437,04,物理、化学(2科必选),070301,化学,2,6240,四年,https://static-data.gaokao.cn/www/2.0/schoolspecialplan/265/2025/31.json?a=www.gaokao.cn,data/shanghai/raw/plan_api/static/2025/265.json,1
2025,综合,265,津财珠江,423447,05,不限,120203K,会计学,2,5760,四年,https://static-data.gaokao.cn/www/2.0/schoolspecialplan/265/2025/31.json?a=www.gaokao.cn,data/shanghai/raw/plan_api/static/2025/265.json,1
2025,综合,265,津财珠江,423441,03,历史、地理(2科必选),060101,历史学,2,4800,四年,https://static-data.gaokao.cn/www/2.0/schoolspecialplan/265/2025/31.json?a=www.gaokao.cn,data/shanghai/raw/plan_api/static/2025/265.json,1
2025,综合,266,西华师范大学,423451,01,物理、化学(2科必选),080701,电子信息工程,4,6240,四年,https://static-data.gaokao.cn/www/2.0/schoolspecialplan/266/2025/31.json?a=www.gaokao.cn,data/shanghai/raw/plan_api/static/2025/266.json,1
2025,综合,268,西南石油大学,423443,03,历史、思想政治(2科必选),030503,思想政治教育,2,5760,四年,https://static-data.gaokao.cn/www/2.0/schoolspecialplan/268/2025/31.json?a=www.gaokao.cn,data/shanghai/raw/plan_api/static/2025/268.json,1
2025,综合,268,西南石油大学,423448,02,物理、化学(2科必选),081502,石油工程,2,6240,四年,https://static-data.gaokao.cn/www/2.0/schoolspecialplan/268/2025/31.json?a=www.gaokao.cn,data/shanghai/raw/plan_api/static/2025/268.json,1
2025,综合,268,西南石油大学,423448,02,物理、化学(2科必选),081504,油气储运工程,2,6240,四年,https://static-data.gaokao.cn/www/2.0/schoolspecialplan/268/2025/31.json?a=www.gaokao.cn,data/shanghai/raw/plan_api/static/2025/268.json,1
2025,综合,268,西南石油大学,423446,01,不限,020401,国际经济与贸易,2,5760,四年,https://static-data.gaokao.cn/www/2.0/schoolspecialplan/268/2025/31.json?a=www.gaokao.cn,data/shanghai/raw/plan_api/static/2025/268.json,1
2025,综合,268,西南石油大学,423446,01,不限,020101,经济学,2,5760,四年,https://static-data.gaokao.cn/www/2.0/schoolspecialplan/268/2025/31.json?a=www.gaokao.cn,data/shanghai/raw/plan_api/static/2025/268.json,1
2025,综合,268,西南石油大学,423446,01,不限,120203K,会计学,2,5760,四年,https://static-data.gaokao.cn/www/2.0/schoolspecialplan/268/2025/31.json?a=www.gaokao.cn,data/shanghai/raw/plan_api/static/2025/268.json,1
2025,综合,269,天津美院,423439,01,物、化、生(3科必选),090401,动物医学,4,4500,五年,https://static-data.gaokao.cn/www/2.0/schoolspecialplan/269/2025/31.json?a=www.gaokao.cn,data/shanghai/raw/plan_api/static/2025/269.json,1
2025,综合,269,天津美院,423439,01,物、化、生(3科必选),090102,园艺,2,4500,四年,https://static-data.gaokao.cn/www/2.0/schoolspecialplan/269/2025/31.json?a=www.gaokao.cn,data/shanghai/raw/plan_api/static/2025/269.json,1
2025,综合,269,天津美院,423439,01,物、化、生(3科必选),090101,农学,2,4500,四年,https://static-data.gaokao.cn/www/2.0/schoolspecialplan/269/2025/31.json?a=www.gaokao.cn,data/shanghai/raw/plan_api/static/2025/269.json,1
2025,综合,269,天津美院,423439,01,物、化、生(3科必选),082701,食品科学与工程,2,5500,四年,https://static-data.gaokao.cn/www/2.0/schoolspecialplan/269/2025/31.json?a=www.gaokao.cn,data/shanghai/raw/plan_api/static/2025/269.json,1
2025,综合,271,山西医科大学,423457,01,物、化、生(3科必选),100201K,临床医学,2,5600,五年,https://static-data.gaokao.cn/www/2.0/schoolspecialplan/271/2025/31.json?a=www.gaokao.cn,data/shanghai/raw/plan_api/static/2025/271.json,1
2025,综合,271,山西医科大学,423457,01,物、化、生(3科必选),100301K,口腔医学,2,5600,五年,https://static-data.gaokao.cn/www/2.0/schoolspecialplan/271/2025/31.json?a=www.gaokao.cn,data/shanghai/raw/plan_api/static/2025/271.json,1
2025,综合,271,山西医科大学,423463,02,物、化、生(3科必选),100401K,预防医学,2,5600,五年,https://static-data.gaokao.cn/www/2.0/schoolspecialplan/271/2025/31.json?a=www.gaokao.cn,data/shanghai/raw/plan_api/static/2025/271.json,1
2025,综合,271,山西医科大学,423463,02,物、化、生(3科必选),100901K,法医学,2,5600,五年,https://static-data.gaokao.cn/www/2.0/schoolspecialplan/271/2025/31.json?a=www.gaokao.cn,data/shanghai/raw/plan_api/static/2025/271.json,1
2025,综合,271,山西医科大学,423458,03,物理、化学(2科必选),101011T,智能医学工程,2,5600,四年,https://static-data.gaokao.cn/www/2.0/schoolspecialplan/271/2025/31.json?a=www.gaokao.cn,data/shanghai/raw/plan_api/static/2025/271.json,1
2025,综合,274,西南医科大学,423456,01,物理、化学(2科必选),100201K,临床医学,6,6960,五年,https://static-data.gaokao.cn/www/2.0/schoolspecialplan/274/2025/31.json?a=www.gaokao.cn,data/shanghai/raw/plan_api/static/2025/274.json,1
2025,综合,275,山西财经大学,423452,01,不限,020301K,金融学,1,5100,四年,https://static-data.gaokao.cn/www/2.0/schoolspecialplan/275/2025/31.json?a=www.gaokao.cn,data/shanghai/raw/plan_api/static/2025/275.json,1
2025,综合,275,山西财经大学,423452,01,不限,050301,新闻学,1,5000,四年,https://static-data.gaokao.cn/www/2.0/schoolspecialplan/275/2025/31.json?a=www.gaokao.cn,data/shanghai/raw/plan_api/static/2025/275.json,1
2025,综合,275,山西财经大学,423452,01,不限,120202,市场营销,1,5100,四年,https://static-data.gaokao.cn/www/2.0/schoolspecialplan/275/2025/31.json?a=www.gaokao.cn,data/shanghai/raw/plan_api/static/2025/275.json,1
2025,综合,275,山西财经大学,423452,01,不限,120204,财务管理,1,5100,四年,https://static-data.gaokao.cn/www/2.0/schoolspecialplan/275/2025/31.json?a=www.gaokao.cn,data/shanghai/raw/plan_api/static/2025/275.json,1
2025,综合,275,山西财经大学,423452,01,不限,120210,文化产业管理,1,5100,四年,https://static-data.gaokao.cn/www/2.0/schoolspecialplan/275/2025/31.json?a=www.gaokao.cn,data/shanghai/raw/plan_api/static/2025/275.json,1
2025,综合,275,山西财经大学,423452,01,不限,020201K,财政学,1,5100,四年,https://static-data.gaokao.cn/www/2.0/schoolspecialplan/275/2025/31.json?a=www.gaokao.cn,data/shanghai/raw/plan_api/static/2025/275.json,1
2025,综合,275,山西财经大学,423452,01,不限,050262,商务英语,1,5000,四年,https://static-data.gaokao.cn/www/2.0/schoolspecialplan/275/2025/31.json?a=www.gaokao.cn,data/shanghai/raw/plan_api/static/2025/275.json,1
2025,综合,275,山西财经大学,423462,02,物理必选,020106T,能源经济,2,5100,四年,https://static-data.gaokao.cn/www/2.0/schoolspecialplan/275/2025/31.json?a=www.gaokao.cn,data/shanghai/raw/plan_api/static/2025/275.json,1
2025,综合,275,山西财经大学,423461,03,物理、化学(2科必选),070102,信息与计算科学,1,5000,四年,https://static-data.gaokao.cn/www/2.0/schoolspecialplan/275/2025/31.json?a=www.gaokao.cn,data/shanghai/raw/plan_api/static/2025/275.json,1
2025,综合,275,山西财经大学,423462,02,物理必选,120801,电子商务,1,5100,四年,https://static-data.gaokao.cn/www/2.0/schoolspecialplan/275/2025/31.json?a=www.gaokao.cn,data/shanghai/raw/plan_api/static/2025/275.json,1
2025,综合,275,山西财经大学,423462,02,物理必选,020305T,金融数学,1,5100,四年,https://static-data.gaokao.cn/www/2.0/schoolspecialplan/275/2025/31.json?a=www.gaokao.cn,data/shanghai/raw/plan_api/static/2025/275.json,1
2025,综合,275,山西财经大学,423461,03,物理、化学(2科必选),071203T,数据科学,1,5000,四年,https://static-data.gaokao.cn/www/2.0/schoolspecialplan/275/2025/31.json?a=www.gaokao.cn,data/shanghai/raw/plan_api/static/2025/275.json,1
2025,综合,277,中北大学,423453,03,物理、化学(2科必选),082502,环境工程,2,5500,四年,https://static-data.gaokao.cn/www/2.0/schoolspecialplan/277/2025/31.json?a=www.gaokao.cn,data/shanghai/raw/plan_api/static/2025/277.json,1
2025,综合,277,中北大学,423453,03,物理、化学(2科必选),082003,飞行器制造工程,1,5500,四年,https://static-data.gaokao.cn/www/2.0/schoolspecialplan/277/2025/31.json?a=www.gaokao.cn,data/shanghai/raw/plan_api/static/2025/277.json,1
2025,综合,277,中北大学,423453,03,物理、化学(2科必选),080802T,轨道交通信号与控制,1,5500,四年,https://static-data.gaokao.cn/www/2.0/schoolspecialplan/277/2025/31.json?a=www.gaokao.cn,data/shanghai/raw/plan_api/static/2025/277.json,1
2025,综合,277,中北大学,423453,03,物理、化学(2科必选),080702,电子科学与技术,1,5500,四年,https://static-data.gaokao.cn/www/2.0/schoolspecialplan/277/2025/31.json?a=www.gaokao.cn,data/shanghai/raw/plan_api/static/2025/277.json,1
2025,综合,277,中北大学,423453,03,物理、化学(2科必选),082002,飞行器设计与工程,1,5500,四年,https://static-data.gaokao.cn/www/2.0/schoolspecialplan/277/2025/31.json?a=www.gaokao.cn,data/shanghai/raw/plan_api/static/2025/277.json,1
2025,综合,277,中北大学,423453,03,物理、化学(2科必选),080905,物联网工程,1,5500,四年,https://static-data.gaokao.cn/www/2.0/schoolspecialplan/277/2025/31.json?a=www.gaokao.cn,data/shanghai/raw/plan_api/static/2025/277.json,1
2025,综合,277,中北大学,423453,03,物理、化学(2科必选),080910T,数据科学与大数据技术,1,5500,四年,https://static-data.gaokao.cn/www/2.0/schoolspecialplan/277/2025/31.json?a=www.gaokao.cn,data/shanghai/raw/plan_api/static/2025/277.json,1
2025,综合,277,中北大学,423453,03,物理、化学(2科必选),080717T,人工智能,1,5500,四年,https://static-data.gaokao.cn/www/2.0/schoolspecialplan/277/2025/31.json?a=www.gaokao.cn,data/shanghai/raw/plan_api/static/2025/277.json,1
2025,综合,277,中北大学,423453,03,物理、化学(2科必选),080803T,机器人工程,1,5500,四年,https://static-data.gaokao.cn/www/2.0/schoolspecialplan/277/2025/31.json?a=www.gaokao.cn,data/shanghai/raw/plan_api/static/2025/277.json,1
2025,综合,277,中北大学,423453,03,物理、化学(2科必选),080216T,新能源汽车工程,1,5500,四年,https://static-data.gaokao.cn/www/2.0/schoolspecialplan/277/2025/31.json?a=www.gaokao.cn,data/shanghai/raw/plan_api/static/2025/277.json,1
2025,综合,277,中北大学,423453,03,物理、化学(2科必选),080213T,智能制造工程,1,5500,四年,https://static-data.gaokao.cn/www/2.0/schoolspecialplan/277/2025/31.json?a=www.gaokao.cn,data/shanghai/raw/plan_api/static/2025/277.json,1
2025,综合,277,中北大学,423453,03,物理、化学(2科必选),080710T,集成电路设计与集成系统,1,5500,四年,https://static-data.gaokao.cn/www/2.0/schoolspecialplan/277/2025/31.json?a=www.gaokao.cn,data/shanghai/raw/plan_api/static/2025/277.json,1
2025,综合,277,中北大学,423464,01,不限,050201,英语,2,5100,四年,https://static-data.gaokao.cn/www/2.0/schoolspecialplan/277/2025/31.json?a=www.gaokao.cn,data/shanghai/raw/plan_api/static/2025/277.json,1
2025,综合,277,中北大学,423464,01,不限,050302,广播电视学,2,5100,四年,https://static-data.gaokao.cn/www/2.0/schoolspecialplan/277/2025/31.json?a=www.gaokao.cn,data/shanghai/raw/plan_api/static/2025/277.json,1
2025,综合,277,中北大学,423464,01,不限,020401,国际经济与贸易,2,5100,四年,https://static-data.gaokao.cn/www/2.0/schoolspecialplan/277/2025/31.json?a=www.gaokao.cn,data/shanghai/raw/plan_api/static/2025/277.json,1
2025,综合,277,中北大学,423466,02,物理、化学(2科必选),080301,测控技术与仪器,1,5500,四年,https://static-data.gaokao.cn/www/2.0/schoolspecialplan/277/2025/31.json?a=www.gaokao.cn,data/shanghai/raw/plan_api/static/2025/277.json,1
2025,综合,277,中北大学,423466,02,物理、化学(2科必选),080801,自动化,1,5500,四年,https://static-data.gaokao.cn/www/2.0/schoolspecialplan/277/2025/31.json?a=www.gaokao.cn,data/shanghai/raw/plan_api/static/2025/277.json,1
2025,综合,278,太原科技大学,423454,01,物理、化学(2科必选),080202,机械设计制造及其自动化,1,5500,四年,https://static-data.gaokao.cn/www/2.0/schoolspecialplan/278/2025/31.json?a=www.gaokao.cn,data/shanghai/raw/plan_api/static/2025/278.json,1
2025,综合,278,太原科技大学,423454,01,物理、化学(2科必选),080601,电气工程及其自动化,1,5500,四年,https://static-data.gaokao.cn/www/2.0/schoolspecialplan/278/2025/31.json?a=www.gaokao.cn,data/shanghai/raw/plan_api/static/2025/278.json,1
2025,综合,278,太原科技大学,423454,01,物理、化学(2科必选),080701,电子信息工程,1,5500,四年,https://static-data.gaokao.cn/www/2.0/schoolspecialplan/278/2025/31.json?a=www.gaokao.cn,data/shanghai/raw/plan_api/static/2025/278.json,1
2025,综合,278,太原科技大学,423454,01,物理、化学(2科必选),080901,计算机科学与技术,1,5500,四年,https://static-data.gaokao.cn/www/2.0/schoolspecialplan/278/2025/31.json?a=www.gaokao.cn,data/shanghai/raw/plan_api/static/2025/278.json,1
2025,综合,280,忻州师范学院,423473,03,历史必选,060101,历史学,1,4950,四年,https://static-data.gaokao.cn/www/2.0/schoolspecialplan/280/2025/31.json?a=www.gaokao.cn,data/shanghai/raw/plan_api/static/2025/280.json,1
2025,综合,280,忻州师范学院,423473,03,历史必选,050101,汉语言文学,1,4950,四年,https://static-data.gaokao.cn/www/2.0/schoolspecialplan/280/2025/31.json?a=www.gaokao.cn,data/shanghai/raw/plan_api/static/2025/280.json,1
2025,综合,280,忻州师范学院,423477,04,地理必选,070501,地理科学,1,4950,四年,https://static-data.gaokao.cn/www/2.0/schoolspecialplan/280/2025/31.json?a=www.gaokao.cn,data/shanghai/raw/plan_api/static/2025/280.json,1
2025,综合,280,忻州师范学院,423474,01,不限,040106,学前教育,1,4950,四年,https://static-data.gaokao.cn/www/2.0/schoolspecialplan/280/2025/31.json?a=www.gaokao.cn,data/shanghai/raw/plan_api/static/2025/280.json,1
2025,综合,280,忻州师范学院,423479,02,思想政治必选,030503,思想政治教育,1,4950,四年,https://static-data.gaokao.cn/www/2.0/schoolspecialplan/280/2025/31.json?a=www.gaokao.cn,data/shanghai/raw/plan_api/static/2025/280.json,1
2025,综合,281,华电保定,423481,01,不限,050306T,网络与新媒体,6,5040,四年,https://static-data.gaokao.cn/www/2.0/schoolspecialplan/281/2025/31.json?a=www.gaokao.cn,data/shanghai/raw/plan_api/static/2025/281.json,1
2025,综合,281,华电保定,423482,02,物、化、生(3科必选),100201K,临床医学,5,5480,五年,https://static-data.gaokao.cn/www/2.0/schoolspecialplan/281/2025/31.json?a=www.gaokao.cn,data/shanghai/raw/plan_api/static/2025/281.json,1
2025,综合,283,汕头大学,423476,01,不限,050220,泰语,3,6230,四年,https://static-data.gaokao.cn/www/2.0/schoolspecialplan/283/2025/31.json?a=www.gaokao.cn,data/shanghai/raw/plan_api/static/2025/283.json,1
2025,综合,283,汕头大学,423476,01,不限,020301K,金融学,2,5510,四年,https://static-data.gaokao.cn/www/2.0/schoolspecialplan/283/2025/31.json?a=www.gaokao.cn,data/shanghai/raw/plan_api/static/2025/283.json,1
2025,综合,283,汕头大学,423476,01,不限,050201,英语,2,6230,四年,https://static-data.gaokao.cn/www/2.0/schoolspecialplan/283/2025/31.json?a=www.gaokao.cn,data/shanghai/raw/plan_api/static/2025/283.json,1
2025,综合,283,汕头大学,423476,01,不限,030101K,法学,2,5510,四年,https://static-data.gaokao.cn/www/2.0/schoolspecialplan/283/2025/31.json?a=www.gaokao.cn,data/shanghai/raw/plan_api/static/2025/283.json,1
2025,综合,283,汕头大学,423476,01,不限,050101,汉语言文学,2,5510,四年,https://static-data.gaokao.cn/www/2.0/schoolspecialplan/283/2025/31.json?a=www.gaokao.cn,data/shanghai/raw/plan_api/static/2025/283.json,1
2025,综合,283,汕头大学,423476,01,不限,120201K,工商管理,2,5510,四年,https://static-data.gaokao.cn/www/2.0/schoolspecialplan/283/2025/31.json?a=www.gaokao.cn,data/shanghai/raw/plan_api/static/2025/283.json,1
2025,综合,283,汕头大学,423476,01,不限,120402,行政管理,2,5510,四年,https://static-data.gaokao.cn/www/2.0/schoolspecialplan/283/2025/31.json?a=www.gaokao.cn,data/shanghai/raw/plan_api/static/2025/283.json,1
2025,综合,284,深圳大学,423472,02,物理、化学(2科必选),080202,机械设计制造及其自动化,2,6230,四年,https://static-data.gaokao.cn/www/2.0/schoolspecialplan/284/2025/31.json?a=www.gaokao.cn,data/shanghai/raw/plan_api/static/2025/284.json,1
2025,综合,284,深圳大学,423472,02,物理、化学(2科必选),080701,电子信息工程,2,6853,四年,https://static-data.gaokao.cn/www/2.0/schoolspecialplan/284/2025/31.json?a=www.gaokao.cn,data/shanghai/raw/plan_api/static/2025/284.json,1
2025,综合,284,深圳大学,423472,02,物理、化学(2科必选),080901,计算机科学与技术,2,6853,四年,https://static-data.gaokao.cn/www/2.0/schoolspecialplan/284/2025/31.json?a=www.gaokao.cn,data/shanghai/raw/plan_api/static/2025/284.json,1
2025,综合,284,深圳大学,423475,01,不限,050303,广告学,2,5510,四年,https://static-data.gaokao.cn/www/2.0/schoolspecialplan/284/2025/31.json?a=www.gaokao.cn,data/shanghai/raw/plan_api/static/2025/284.json,1
2025,综合,284,深圳大学,423475,01,不限,082801,建筑学,1,6230,五年,https://static-data.gaokao.cn/www/2.0/schoolspecialplan/284/2025/31.json?a=www.gaokao.cn,data/shanghai/raw/plan_api/static/2025/284.json,1
2025,综合,284,深圳大学,423475,01,不限,030101K,法学,1,5510,四年,https://static-data.gaokao.cn/www/2.0/schoolspecialplan/284/2025/31.json?a=www.gaokao.cn,data/shanghai/raw/plan_api/static/2025/284.json,1
2025,综合,287,承德医学,423478,01,物理、化学(2科必选),090401,动物医学,7,5480,五年,https://static-data.gaokao.cn/www/2.0/schoolspecialplan/287/2025/31.json?a=www.gaokao.cn,data/shanghai/raw/plan_api/static/2025/287.json,1
2025,综合,287,承德医学,423478,01,物理、化学(2科必选),090103,植物保护,3,5480,四年,https://static-data.gaokao.cn/www/2.0/schoolspecialplan/287/2025/31.json?a=www.gaokao.cn,data/shanghai/raw/plan_api/static/2025/287.json,1
2025,综合,288,广东海洋大学,423470,01,物理、化学(2科必选),080901,计算机科学与技术,2,6850,四年,https://static-data.gaokao.cn/www/2.0/schoolspecialplan/288/2025/31.json?a=www.gaokao.cn,data/shanghai/raw/plan_api/static/2025/288.json,1
2025,综合,288,广东海洋大学,423470,01,物理、化学(2科必选),070701,海洋科学,2,6850,四年,https://static-data.gaokao.cn/www/2.0/schoolspecialplan/288/2025/31.json?a=www.gaokao.cn,data/shanghai/raw/plan_api/static/2025/288.json,1
2025,综合,288,广东海洋大学,423470,01,物理、化学(2科必选),080601,电气工程及其自动化,1,6850,四年,https://static-data.gaokao.cn/www/2.0/schoolspecialplan/288/2025/31.json?a=www.gaokao.cn,data/shanghai/raw/plan_api/static/2025/288.json,1
2025,综合,288,广东海洋大学,423470,01,物理、化学(2科必选),080501,能源与动力工程,1,6850,四年,https://static-data.gaokao.cn/www/2.0/schoolspecialplan/288/2025/31.json?a=www.gaokao.cn,data/shanghai/raw/plan_api/static/2025/288.json,1
2025,综合,288,广东海洋大学,423471,02,物、化、生(3科必选),082701,食品科学与工程,1,6850,四年,https://static-data.gaokao.cn/www/2.0/schoolspecialplan/288/2025/31.json?a=www.gaokao.cn,data/shanghai/raw/plan_api/static/2025/288.json,1
2025,综合,289,广州中医药大学,423469,01,不限,100501K,中医学,1,7660,五年,https://static-data.gaokao.cn/www/2.0/schoolspecialplan/289/2025/31.json?a=www.gaokao.cn,data/shanghai/raw/plan_api/static/2025/289.json,1
2025,综合,289,广州中医药大学,423469,01,不限,100502K,针灸推拿学,1,7660,五年,https://static-data.gaokao.cn/www/2.0/schoolspecialplan/289/2025/31.json?a=www.gaokao.cn,data/shanghai/raw/plan_api/static/2025/289.json,1
2025,综合,289,广州中医药大学,423480,02,物理、化学(2科必选),100701,药学,1,7660,四年,https://static-data.gaokao.cn/www/2.0/schoolspecialplan/289/2025/31.json?a=www.gaokao.cn,data/shanghai/raw/plan_api/static/2025/289.json,1
2025,综合,289,广州中医药大学,423480,02,物理、化学(2科必选),101005,康复治疗学,1,7660,四年,https://static-data.gaokao.cn/www/2.0/schoolspecialplan/289/2025/31.json?a=www.gaokao.cn,data/shanghai/raw/plan_api/static/2025/289.json,1
2025,综合,289,广州中医药大学,423480,02,物理、化学(2科必选),1008,中药学类,1,7660,四年,https://static-data.gaokao.cn/www/2.0/schoolspecialplan/289/2025/31.json?a=www.gaokao.cn,data/shanghai/raw/plan_api/static/2025/289.json,1
2025,综合,293,石铁四方,423486,01,物理、化学(2科必选),083002T,生物制药,2,6850,四年,https://static-data.gaokao.cn/www/2.0/schoolspecialplan/293/2025/31.json?a=www.gaokao.cn,data/shanghai/raw/plan_api/static/2025/293.json,1
2025,综合,293,石铁四方,423486,01,物理、化学(2科必选),080904K,信息安全,2,6850,四年,https://static-data.gaokao.cn/www/2.0/schoolspecialplan/293/2025/31.json?a=www.gaokao.cn,data/shanghai/raw/plan_api/static/2025/293.json,1
2025,综合,293,石铁四方,423486,01,物理、化学(2科必选),080717T,人工智能,2,6850,四年,https://static-data.gaokao.cn/www/2.0/schoolspecialplan/293/2025/31.json?a=www.gaokao.cn,data/shanghai/raw/plan_api/static/2025/293.json,1
2025,综合,293,石铁四方,423486,01,物理、化学(2科必选),081008T,智能建造,1,6850,四年,https://static-data.gaokao.cn/www/2.0/schoolspecialplan/293/2025/31.json?a=www.gaokao.cn,data/shanghai/raw/plan_api/static/2025/293.json,1
2025,综合,293,石铁四方,423486,01,物理、化学(2科必选),081811T,智慧交通,1,6850,四年,https://static-data.gaokao.cn/www/2.0/schoolspecialplan/293/2025/31.json?a=www.gaokao.cn,data/shanghai/raw/plan_api/static/2025/293.json,1
2025,综合,294,广东医科大学,423483,01,物理、化学(2科必选),100201K,临床医学,3,7656,五年,https://static-data.gaokao.cn/www/2.0/schoolspecialplan/294/2025/31.json?a=www.gaokao.cn,data/shanghai/raw/plan_api/static/2025/294.json,1
2025,综合,294,广东医科大学,423490,02,物理、化学(2科必选),100401K,预防医学,3,7656,五年,https://static-data.gaokao.cn/www/2.0/schoolspecialplan/294/2025/31.json?a=www.gaokao.cn,data/shanghai/raw/plan_api/static/2025/294.json,1
2025,综合,295,京中东方,423485,01,物理、化学(2科必选),100201K,临床医学,2,7656,五年,https://static-data.gaokao.cn/www/2.0/schoolspecialplan/295/2025/31.json?a=www.gaokao.cn,data/shanghai/raw/plan_api/static/2025/295.json,1
2025,综合,295,京中东方,423485,01,物理、化学(2科必选),100301K,口腔医学,2,7656,五年,https://static-data.gaokao.cn/www/2.0/schoolspecialplan/295/2025/31.json?a=www.gaokao.cn,data/shanghai/raw/plan_api/static/2025/295.json,1
2025,综合,295,京中东方,423495,02,物理、化学(2科必选),100701,药学,2,7656,四年,https://static-data.gaokao.cn/www/2.0/schoolspecialplan/295/2025/31.json?a=www.gaokao.cn,data/shanghai/raw/plan_api/static/2025/295.json,1
2025,综合,296,广东药科大学,423484,01,物理、化学(2科必选),100702,药物制剂,3,6960,四年,https://static-data.gaokao.cn/www/2.0/schoolspecialplan/296/2025/31.json?a=www.gaokao.cn,data/shanghai/raw/plan_api/static/2025/296.json,1
2025,综合,296,广东药科大学,423484,01,物理、化学(2科必选),100701,药学,3,6960,四年,https://static-data.gaokao.cn/www/2.0/schoolspecialplan/296/2025/31.json?a=www.gaokao.cn,data/shanghai/raw/plan_api/static/2025/296.json,1
2025,综合,296,广东药科大学,423487,02,物理、化学(2科必选),100401K,预防医学,4,6960,五年,https://static-data.gaokao.cn/www/2.0/schoolspecialplan/296/2025/31.json?a=www.gaokao.cn,data/shanghai/raw/plan_api/static/2025/296.json,1
2025,综合,298,河北建工,423491,01,不限,050101,汉语言文学,5,5050,四年,https://static-data.gaokao.cn/www/2.0/schoolspecialplan/298/2025/31.json?a=www.gaokao.cn,data/shanghai/raw/plan_api/static/2025/298.json,1
2025,综合,298,河北建工,423493,02,物理、化学(2科必选),090102,园艺,5,4568,四年,https://static-data.gaokao.cn/www/2.0/schoolspecialplan/298/2025/31.json?a=www.gaokao.cn,data/shanghai/raw/plan_api/static/2025/298.json,1
2025,综合,299,中国警察,423488,04,物理、化学(2科必选),070102,信息与计算科学,3,5710,四年,https://static-data.gaokao.cn/www/2.0/schoolspecialplan/299/2025/31.json?a=www.gaokao.cn,data/shanghai/raw/plan_api/static/2025/299.json,1
2025,综合,299,中国警察,423492,02,物理必选,040104,教育技术学,3,5050,四年,https://static-data.gaokao.cn/www/2.0/schoolspecialplan/299/2025/31.json?a=www.gaokao.cn,data/shanghai/raw/plan_api/static/2025/299.json,1
2025,综合,299,中国警察,423494,03,历史必选,050101,汉语言文学,3,5050,四年,https://static-data.gaokao.cn/www/2.0/schoolspecialplan/299/2025/31.json?a=www.gaokao.cn,data/shanghai/raw/plan_api/static/2025/299.json,1
2025,综合,299,中国警察,423489,01,不限,020401,国际经济与贸易,3,5050,四年,https://static-data.gaokao.cn/www/2.0/schoolspecialplan/299/2025/31.json?a=www.gaokao.cn,data/shanghai/raw/plan_api/static/2025/299.json,1
2025,综合,302,冀油职大,423510,01,不限,020202,税收学,3,5510,四年,https://static-data.gaokao.cn/www/2.0/schoolspecialplan/302/2025/31.json?a=www.gaokao.cn,data/shanghai/raw/plan_api/static/2025/302.json,1
2025,综合,307,上海理工大学,423496,04,物理必选,120701,工业工程,6,6500,四年,https://static-data.gaokao.cn/www/2.0/schoolspecialplan/307/2025/31.json?a=www.gaokao.cn,data/shanghai/raw/plan_api/static/2025/307.json,1
2025,综合,307,上海理工大学,423496,04,物理必选,120101,管理科学,5,6500,四年,https://static-data.gaokao.cn/www/2.0/schoolspecialplan/307/2025/31.json?a=www.gaokao.cn,data/shanghai/raw/plan_api/static/2025/307.json,1
2025,综合,307,上海理工大学,423507,03,物理、化学(2科必选),1376470,工科试验班,269,7000,四年,https://static-data.gaokao.cn/www/2.0/schoolspecialplan/307/2025/31.json?a=www.gaokao.cn,data/shanghai/raw/plan_api/static/2025/307.json,1
2025,综合,307,上海理工大学,423507,03,物理、化学(2科必选),080501,能源与动力工程,100,7000,四年,https://static-data.gaokao.cn/www/2.0/schoolspecialplan/307/2025/31.json?a=www.gaokao.cn,data/shanghai/raw/plan_api/static/2025/307.json,1
2025,综合,307,上海理工大学,423507,03,物理、化学(2科必选),080202,机械设计制造及其自动化,100,7000,四年,https://static-data.gaokao.cn/www/2.0/schoolspecialplan/307/2025/31.json?a=www.gaokao.cn,data/shanghai/raw/plan_api/static/2025/307.json,1
2025,综合,307,上海理工大学,423511,05,不限,1368242,经济管理试验班,80,6500,四年,https://static-data.gaokao.cn/www/2.0/schoolspecialplan/307/2025/31.json?a=www.gaokao.cn,data/shanghai/raw/plan_api/static/2025/307.json,1
2025,综合,307,上海理工大学,423507,03,物理、化学(2科必选),1368240,理科试验班,70,7000,四年,https://static-data.gaokao.cn/www/2.0/schoolspecialplan/307/2025/31.json?a=www.gaokao.cn,data/shanghai/raw/plan_api/static/2025/307.json,1
2025,综合,307,上海理工大学,423507,03,物理、化学(2科必选),082601,生物医学工程,50,7000,四年,https://static-data.gaokao.cn/www/2.0/schoolspecialplan/307/2025/31.json?a=www.gaokao.cn,data/shanghai/raw/plan_api/static/2025/307.json,1
2025,综合,307,上海理工大学,423502,01,物理、化学(2科必选),080705,光电信息科学与工程,35,7000,四年,https://static-data.gaokao.cn/www/2.0/schoolspecialplan/307/2025/31.json?a=www.gaokao.cn,data/shanghai/raw/plan_api/static/2025/307.json,1
2025,综合,307,上海理工大学,423507,03,物理、化学(2科必选),080803T,机器人工程,30,7000,四年,https://static-data.gaokao.cn/www/2.0/schoolspecialplan/307/2025/31.json?a=www.gaokao.cn,data/shanghai/raw/plan_api/static/2025/307.json,1
2025,综合,307,上海理工大学,423505,06,物理、化学(2科必选),080202,机械设计制造及其自动化,15,30000,四年,https://static-data.gaokao.cn/www/2.0/schoolspecialplan/307/2025/31.json?a=www.gaokao.cn,data/shanghai/raw/plan_api/static/2025/307.json,0
2025,综合,307,上海理工大学,423505,06,物理、化学(2科必选),080601,电气工程及其自动化,30,,四年,https://static-data.gaokao.cn/www/2.0/schoolspecialplan/307/2025/31.json?a=www.gaokao.cn,data/shanghai/raw/plan_api/static/2025/307.json,0
2025,综合,307,上海理工大学,423505,06,物理、化学(2科必选),080705,光电信息科学与工程,27,,四年,https://static-data.gaokao.cn/www/2.0/schoolspecialplan/307/2025/31.json?a=www.gaokao.cn,data/shanghai/raw/plan_api/static/2025/307.json,0
2025,综合,307,上海理工大学,423502,01,物理、化学(2科必选),080717T,人工智能,25,7000,四年,https://static-data.gaokao.cn/www/2.0/schoolspecialplan/307/2025/31.json?a=www.gaokao.cn,data/shanghai/raw/plan_api/static/2025/307.json,1
2025,综合,307,上海理工大学,423506,02,不限,020301K,金融学,20,6500,四年,https://static-data.gaokao.cn/www/2.0/schoolspecialplan/307/2025/31.json?a=www.gaokao.cn,data/shanghai/raw/plan_api/static/2025/307.json,1
2025,综合,307,上海理工大学,423506,02,不限,120203K,会计学,20,6500,四年,https://static-data.gaokao.cn/www/2.0/schoolspecialplan/307/2025/31.json?a=www.gaokao.cn,data/shanghai/raw/plan_api/static/2025/307.json,1
2025,综合,307,上海理工大学,423505,06,物理、化学(2科必选),080714T,电子信息科学与技术,20,30000,四年,https://static-data.gaokao.cn/www/2.0/schoolspecialplan/307/2025/31.json?a=www.gaokao.cn,data/shanghai/raw/plan_api/static/2025/307.json,0
2025,综合,307,上海理工大学,423502,01,物理、化学(2科必选),080701,电子信息工程,20,7000,四年,https://static-data.gaokao.cn/www/2.0/schoolspecialplan/307/2025/31.json?a=www.gaokao.cn,data/shanghai/raw/plan_api/static/2025/307.json,1
2025,综合,307,上海理工大学,423502,01,物理、化学(2科必选),080901,计算机科学与技术,20,7000,四年,https://static-data.gaokao.cn/www/2.0/schoolspecialplan/307/2025/31.json?a=www.gaokao.cn,data/shanghai/raw/plan_api/static/2025/307.json,1
2025,综合,307,上海理工大学,423502,01,物理、化学(2科必选),080910T,数据科学与大数据技术,15,7000,四年,https://static-data.gaokao.cn/www/2.0/schoolspecialplan/307/2025/31.json?a=www.gaokao.cn,data/shanghai/raw/plan_api/static/2025/307.json,1
2025,综合,310,上海中医药大学,423521,01,物理、化学(2科必选),100501K,中医学,12,8100,五年,https://static-data.gaokao.cn/www/2.0/schoolspecialplan/310/2025/31.json?a=www.gaokao.cn,data/shanghai/raw/plan_api/static/2025/310.json,1
2025,综合,310,上海中医药大学,423561,07,化学必选,101101K,护理学,78,7400,四年,https://static-data.gaokao.cn/www/2.0/schoolspecialplan/310/2025/31.json?a=www.gaokao.cn,data/shanghai/raw/plan_api/static/2025/310.json,1
2025,综合,310,上海中医药大学,423543,04,物理、化学(2科必选),100801,中药学,47,8100,四年,https://static-data.gaokao.cn/www/2.0/schoolspecialplan/310/2025/31.json?a=www.gaokao.cn,data/shanghai/raw/plan_api/static/2025/310.json,1
2025,综合,310,上海中医药大学,423558,06,物理、化学(2科必选),100701,药学,37,22000,四年,https://static-data.gaokao.cn/www/2.0/schoolspecialplan/310/2025/31.json?a=www.gaokao.cn,data/shanghai/raw/plan_api/static/2025/310.json,0
2025,综合,310,上海中医药大学,423550,03,物理、化学(2科必选),100502K,针灸推拿学,36,8100,五年,https://static-data.gaokao.cn/www/2.0/schoolspecialplan/310/2025/31.json?a=www.gaokao.cn,data/shanghai/raw/plan_api/static/2025/310.json,1
2025,综合,310,上海中医药大学,423550,03,物理、化学(2科必选),100501K,中医学,33,8100,五年,https://static-data.gaokao.cn/www/2.0/schoolspecialplan/310/2025/31.json?a=www.gaokao.cn,data/shanghai/raw/plan_api/static/2025/310.json,1
2025,综合,310,上海中医药大学,423550,03,物理、化学(2科必选),100401K,预防医学,21,7400,五年,https://static-data.gaokao.cn/www/2.0/schoolspecialplan/310/2025/31.json?a=www.gaokao.cn,data/shanghai/raw/plan_api/static/2025/310.json,1
2025,综合,310,上海中医药大学,423543,04,物理、化学(2科必选),101008T,听力与言语康复学,20,7400,四年,https://static-data.gaokao.cn/www/2.0/schoolspecialplan/310/2025/31.json?a=www.gaokao.cn,data/shanghai/raw/plan_api/static/2025/310.json,1
2025,综合,310,上海中医药大学,423564,08,不限,120401,公共事业管理,19,6500,四年,https://static-data.gaokao.cn/www/2.0/schoolspecialplan/310/2025/31.json?a=www.gaokao.cn,data/shanghai/raw/plan_api/static/2025/310.json,1
2025,综合,310,上海中医药大学,423555,05,物理、化学(2科必选),082601,生物医学工程,18,7000,四年,https://static-data.gaokao.cn/www/2.0/schoolspecialplan/310/2025/31.json?a=www.gaokao.cn,data/shanghai/raw/plan_api/static/2025/310.json,1
2025,综合,310,上海中医药大学,423543,04,物理、化学(2科必选),101010T,康复作业治疗,16,7400,四年,https://static-data.gaokao.cn/www/2.0/schoolspecialplan/310/2025/31.json?a=www.gaokao.cn,data/shanghai/raw/plan_api/static/2025/310.json,1
2025,综合,310,上海中医药大学,423555,05,物理、化学(2科必选),101011T,智能医学工程,8,7400,四年,https://static-data.gaokao.cn/www/2.0/schoolspecialplan/310/2025/31.json?a=www.gaokao.cn,data/shanghai/raw/plan_api/static/2025/310.json,1
2025,综合,310,上海中医药大学,423543,04,物理、化学(2科必选),100402,食品卫生与营养学,9,7400,四年,https://static-data.gaokao.cn/www/2.0/schoolspecialplan/310/2025/31.json?a=www.gaokao.cn,data/shanghai/raw/plan_api/static/2025/310.json,1
2025,综合,310,上海中医药大学,423550,03,物理、化学(2科必选),100601K,中西医临床医学,9,7400,五年,https://static-data.gaokao.cn/www/2.0/schoolspecialplan/310/2025/31.json?a=www.gaokao.cn,data/shanghai/raw/plan_api/static/2025/310.json,1
2025,综合,310,上海中医药大学,423523,02,物理、化学(2科必选),100801,中药学,8,8100,四年,https://static-data.gaokao.cn/www/2.0/schoolspecialplan/310/2025/31.json?a=www.gaokao.cn,data/shanghai/raw/plan_api/static/2025/310.json,1
2025,综合,311,上海师范大学,423525,07,物理、化学(2科必选),0807,电子信息类,100,7000,四年,https://static-data.gaokao.cn/www/2.0/schoolspecialplan/311/2025/31.json?a=www.gaokao.cn,data/shanghai/raw/plan_api/static/2025/311.json,1
2025,综合,311,上海师范大学,423525,07,物理、化学(2科必选),070101,数学与应用数学,47,7000,四年,https://static-data.gaokao.cn/www/2.0/schoolspecialplan/311/2025/31.json?a=www.gaokao.cn,data/shanghai/raw/plan_api/static/2025/311.json,1
2025,综合,311,上海师范大学,423525,07,物理、化学(2科必选),0701,数学类,31,7000,四年,https://static-data.gaokao.cn/www/2.0/schoolspecialplan/311/2025/31.json?a=www.gaokao.cn,data/shanghai/raw/plan_api/static/2025/311.json,1
2025,综合,311,上海师范大学,423525,07,物理、化学(2科必选),070201,物理学,15,7000,四年,https://static-data.gaokao.cn/www/2.0/schoolspecialplan/311/2025/31.json?a=www.gaokao.cn,data/shanghai/raw/plan_api/static/2025/311.json,1
2025,综合,311,上海师范大学,423534,08,物理、化学(2科必选),0703,化学类,70,7000,四年,https://static-data.gaokao.cn/www/2.0/schoolspecialplan/311/2025/31.json?a=www.gaokao.cn,data/shanghai/raw/plan_api/static/2025/311.json,1
2025,综合,311,上海师范大学,423554,03,不限,0503,新闻传播学类,60,6500,四年,https://static-data.gaokao.cn/www/2.0/schoolspecialplan/311/2025/31.json?a=www.gaokao.cn,data/shanghai/raw/plan_api/static/2025/311.json,1
2025,综合,311,上海师范大学,423534,08,物理、化学(2科必选),071001,生物科学,50,7000,四年,https://static-data.gaokao.cn/www/2.0/schoolspecialplan/311/2025/31.json?a=www.gaokao.cn,data/shanghai/raw/plan_api/static/2025/311.json,1
2025,综合,311,上海师范大学,423528,06,物理必选,020301K,金融学,48,6500,四年,https://static-data.gaokao.cn/www/2.0/schoolspecialplan/311/2025/31.json?a=www.gaokao.cn,data/shanghai/raw/plan_api/static/2025/311.json,1
2025,综合,311,上海师范大学,423566,05,地理必选,0705,地理科学类,46,7000,四年,https://static-data.gaokao.cn/www/2.0/schoolspecialplan/311/2025/31.json?a=www.gaokao.cn,data/shanghai/raw/plan_api/static/2025/311.json,1
2025,综合,311,上海师范大学,423528,06,物理必选,120204,财务管理,37,6500,四年,https://static-data.gaokao.cn/www/2.0/schoolspecialplan/311/2025/31.json?a=www.gaokao.cn,data/shanghai/raw/plan_api/static/2025/311.json,1
2025,综合,311,上海师范大学,423552,10,不限,020101,经济学,16,19500,四年,https://static-data.gaokao.cn/www/2.0/schoolspecialplan/311/2025/31.json?a=www.gaokao.cn,data/shanghai/raw/plan_api/static/2025/311.json,0
2025,综合,311,上海师范大学,423534,08,物理、化学(2科必选),082709T,食品安全与检测,26,7000,四年,https://static-data.gaokao.cn/www/2.0/schoolspecialplan/311/2025/31.json?a=www.gaokao.cn,data/shanghai/raw/plan_api/static/2025/311.json,1
2025,综合,311,上海师范大学,423556,02,不限,120206,人力资源管理,25,6500,四年,https://static-data.gaokao.cn/www/2.0/schoolspecialplan/311/2025/31.json?a=www.gaokao.cn,data/shanghai/raw/plan_api/static/2025/311.json,1
2025,综合,311,上海师范大学,423534,08,物理、化学(2科必选),082502,环境工程,25,7000,四年,https://static-data.gaokao.cn/www/2.0/schoolspecialplan/311/2025/31.json?a=www.gaokao.cn,data/shanghai/raw/plan_api/static/2025/311.json,1
2025,综合,311,上海师范大学,423528,06,物理必选,020101,经济学,25,6500,四年,https://static-data.gaokao.cn/www/2.0/schoolspecialplan/311/2025/31.json?a=www.gaokao.cn,data/shanghai/raw/plan_api/static/2025/311.json,1
2025,综合,311,上海师范大学,423556,02,不限,120402,行政管理,25,6500,四年,https://static-data.gaokao.cn/www/2.0/schoolspecialplan/311/2025/31.json?a=www.gaokao.cn,data/shanghai/raw/plan_api/static/2025/311.json,1
2025,综合,311,上海师范大学,423534,08,物理、化学(2科必选),083002T,生物制药,25,7000,四年,https://static-data.gaokao.cn/www/2.0/schoolspecialplan/311/2025/31.json?a=www.gaokao.cn,data/shanghai/raw/plan_api/static/2025/311.json,1
2025,综合,311,上海师范大学,423560,Q1,不限,130305,广播电视编导,20,13000,四年,https://static-data.gaokao.cn/www/2.0/schoolspecialplan/311/2025/31.json?a=www.gaokao.cn,data/shanghai/raw/plan_api/static/2025/311.json,0
2025,综合,311,上海师范大学,423529,04,不限,050207,日语,20,6500,四年,https://static-data.gaokao.cn/www/2.0/schoolspecialplan/311/2025/31.json?a=www.gaokao.cn,data/shanghai/raw/plan_api/static/2025/311.json,1
2025,综合,311,上海师范大学,423528,06,物理必选,120103,工程管理,20,6500,四年,https://static-data.gaokao.cn/www/2.0/schoolspecialplan/311/2025/31.json?a=www.gaokao.cn,data/shanghai/raw/plan_api/static/2025/311.json,1
2025,综合,311,上海师范大学,423554,03,不限,071102,应用心理学,20,7000,四年,https://static-data.gaokao.cn/www/2.0/schoolspecialplan/311/2025/31.json?a=www.gaokao.cn,data/shanghai/raw/plan_api/static/2025/311.json,1
2025,综合,311,上海师范大学,423547,09,物理、化学(2科必选),080202,机械设计制造及其自动化,20,21000,四年,https://static-data.gaokao.cn/www/2.0/schoolspecialplan/311/2025/31.json?a=www.gaokao.cn,data/shanghai/raw/plan_api/static/2025/311.json,0
2025,综合,311,上海师范大学,423560,Q1,不限,130304,戏剧影视文学,20,13000,四年,https://static-data.gaokao.cn/www/2.0/schoolspecialplan/311/2025/31.json?a=www.gaokao.cn,data/shanghai/raw/plan_api/static/2025/311.json,0
2025,综合,311,上海师范大学,423547,09,物理、化学(2科必选),080701,电子信息工程,20,21000,四年,https://static-data.gaokao.cn/www/2.0/schoolspecialplan/311/2025/31.json?a=www.gaokao.cn,data/shanghai/raw/plan_api/static/2025/311.json,0
2025,综合,311,上海师范大学,423534,08,物理、化学(2科必选),082506T,资源环境科学,20,7000,四年,https://static-data.gaokao.cn/www/2.0/schoolspecialplan/311/2025/31.json?a=www.gaokao.cn,data/shanghai/raw/plan_api/static/2025/311.json,1
2025,综合,311,上海师范大学,423554,03,不限,030101K,法学,18,6500,四年,https://static-data.gaokao.cn/www/2.0/schoolspecialplan/311/2025/31.json?a=www.gaokao.cn,data/shanghai/raw/plan_api/static/2025/311.json,1
2025,综合,311,上海师范大学,423531,01,不限,050105,古典文献学,18,6500,四年,https://static-data.gaokao.cn/www/2.0/schoolspecialplan/311/2025/31.json?a=www.gaokao.cn,data/shanghai/raw/plan_api/static/2025/311.json,1
2025,综合,311,上海师范大学,423531,01,不限,060102,世界史,17,6500,四年,https://static-data.gaokao.cn/www/2.0/schoolspecialplan/311/2025/31.json?a=www.gaokao.cn,data/shanghai/raw/plan_api/static/2025/311.json,1
2025,综合,311,上海师范大学,423552,10,不限,050303,广告学,16,19500,四年,https://static-data.gaokao.cn/www/2.0/schoolspecialplan/311/2025/31.json?a=www.gaokao.cn,data/shanghai/raw/plan_api/static/2025/311.json,0
2025,综合,311,上海师范大学,423554,03,不限,010101,哲学,15,6500,四年,https://static-data.gaokao.cn/www/2.0/schoolspecialplan/311/2025/31.json?a=www.gaokao.cn,data/shanghai/raw/plan_api/static/2025/311.json,1
2025,综合,311,上海师范大学,423529,04,不限,050201,英语,15,6500,四年,https://static-data.gaokao.cn/www/2.0/schoolspecialplan/311/2025/31.json?a=www.gaokao.cn,data/shanghai/raw/plan_api/static/2025/311.json,1
2025,综合,311,上海师范大学,423556,02,不限,030302,社会工作,15,6500,四年,https://static-data.gaokao.cn/www/2.0/schoolspecialplan/311/2025/31.json?a=www.gaokao.cn,data/shanghai/raw/plan_api/static/2025/311.json,1
2025,综合,311,上海师范大学,423547,09,物理、化学(2科必选),080901,计算机科学与技术,15,21000,四年,https://static-data.gaokao.cn/www/2.0/schoolspecialplan/311/2025/31.json?a=www.gaokao.cn,data/shanghai/raw/plan_api/static/2025/311.json,0
2025,综合,311,上海师范大学,423547,09,物理、化学(2科必选),081001,土木工程,15,21000,四年,https://static-data.gaokao.cn/www/2.0/schoolspecialplan/311/2025/31.json?a=www.gaokao.cn,data/shanghai/raw/plan_api/static/2025/311.json,0
2025,综合,311,上海师范大学,423534,08,物理、化学(2科必选),090102,园艺,15,7000,四年,https://static-data.gaokao.cn/www/2.0/schoolspecialplan/311/2025/31.json?a=www.gaokao.cn,data/shanghai/raw/plan_api/static/2025/311.json,1
2025,综合,311,上海师范大学,423547,09,物理、化学(2科必选),080208,汽车服务工程,15,21000,四年,https://static-data.gaokao.cn/www/2.0/schoolspecialplan/311/2025/31.json?a=www.gaokao.cn,data/shanghai/raw/plan_api/static/2025/311.json,0
2025,综合,311,上海师范大学,423528,06,物理必选,020302,金融工程,15,6500,四年,https://static-data.gaokao.cn/www/2.0/schoolspecialplan/311/2025/31.json?a=www.gaokao.cn,data/shanghai/raw/plan_api/static/2025/311.json,1
2025,综合,311,上海师范大学,423556,02,不限,1209,旅游管理类,14,6500,四年,https://static-data.gaokao.cn/www/2.0/schoolspecialplan/311/2025/31.json?a=www.gaokao.cn,data/shanghai/raw/plan_api/static/2025/311.json,1
2025,综合,311,上海师范大学,423529,04,不限,050204,法语,12,6500,四年,https://static-data.gaokao.cn/www/2.0/schoolspecialplan/311/2025/31.json?a=www.gaokao.cn,data/shanghai/raw/plan_api/static/2025/311.json,1
2025,综合,311,上海师范大学,423556,02,不限,120502,档案学,12,6500,四年,https://static-data.gaokao.cn/www/2.0/schoolspecialplan/311/2025/31.json?a=www.gaokao.cn,data/shanghai/raw/plan_api/static/2025/311.json,1
2025,综合,311,上海师范大学,423531,01,不限,050101,汉语言文学,10,6500,四年,https://static-data.gaokao.cn/www/2.0/schoolspecialplan/311/2025/31.json?a=www.gaokao.cn,data/shanghai/raw/plan_api/static/2025/311.json,1
2025,综合,311,上海师范大学,423528,06,物理必选,020310T,金融科技,10,6500,四年,https://static-data.gaokao.cn/www/2.0/schoolspecialplan/311/2025/31.json?a=www.gaokao.cn,data/shanghai/raw/plan_api/static/2025/311.json,1
2025,综合,313,上海海事大学,423524,04,物理、化学(2科必选),080202,机械设计制造及其自动化,91,7000,四年,https://static-data.gaokao.cn/www/2.0/schoolspecialplan/313/2025/31.json?a=www.gaokao.cn,data/shanghai/raw/plan_api/static/2025/313.json,1
2025,综合,313,上海海事大学,423524,04,物理、化学(2科必选),080601,电气工程及其自动化,91,7000,四年,https://static-data.gaokao.cn/www/2.0/schoolspecialplan/313/2025/31.json?a=www.gaokao.cn,data/shanghai/raw/plan_api/static/2025/313.json,1
2025,综合,313,上海海事大学,423524,04,物理、化学(2科必选),080204,机械电子工程,63,7000,四年,https://static-data.gaokao.cn/www/2.0/schoolspecialplan/313/2025/31.json?a=www.gaokao.cn,data/shanghai/raw/plan_api/static/2025/313.json,1
2025,综合,313,上海海事大学,423524,04,物理、化学(2科必选),080801,自动化,45,7000,四年,https://static-data.gaokao.cn/www/2.0/schoolspecialplan/313/2025/31.json?a=www.gaokao.cn,data/shanghai/raw/plan_api/static/2025/313.json,1
2025,综合,313,上海海事大学,423524,04,物理、化学(2科必选),120602,物流工程,23,6500,四年,https://static-data.gaokao.cn/www/2.0/schoolspecialplan/313/2025/31.json?a=www.gaokao.cn,data/shanghai/raw/plan_api/static/2025/313.json,1
2025,综合,313,上海海事大学,423524,04,物理、化学(2科必选),080205,工业设计,19,7000,四年,https://static-data.gaokao.cn/www/2.0/schoolspecialplan/313/2025/31.json?a=www.gaokao.cn,data/shanghai/raw/plan_api/static/2025/313.json,1
2025,综合,313,上海海事大学,423524,04,物理、化学(2科必选),080301,测控技术与仪器,11,7000,四年,https://static-data.gaokao.cn/www/2.0/schoolspecialplan/313/2025/31.json?a=www.gaokao.cn,data/shanghai/raw/plan_api/static/2025/313.json,1
2025,综合,313,上海海事大学,423524,04,物理、化学(2科必选),120701,工业工程,7,6500,四年,https://static-data.gaokao.cn/www/2.0/schoolspecialplan/313/2025/31.json?a=www.gaokao.cn,data/shanghai/raw/plan_api/static/2025/313.json,1
2025,综合,313,上海海事大学,423535,05,物理、化学(2科必选),081801,交通运输,89,7000,四年,https://static-data.gaokao.cn/www/2.0/schoolspecialplan/313/2025/31.json?a=www.gaokao.cn,data/shanghai/raw/plan_api/static/2025/313.json,1
2025,综合,313,上海海事大学,423526,02,不限,0201,经济学类,89,6500,四年,https://static-data.gaokao.cn/www/2.0/schoolspecialplan/313/2025/31.json?a=www.gaokao.cn,data/shanghai/raw/plan_api/static/2025/313.json,1
2025,综合,313,上海海事大学,423526,02,不限,0502,外国语言文学类,76,6500,四年,https://static-data.gaokao.cn/www/2.0/schoolspecialplan/313/2025/31.json?a=www.gaokao.cn,data/shanghai/raw/plan_api/static/2025/313.json,1
2025,综合,313,上海海事大学,423533,03,物理、化学(2科必选),080701,电子信息工程,71,7000,四年,https://static-data.gaokao.cn/www/2.0/schoolspecialplan/313/2025/31.json?a=www.gaokao.cn,data/shanghai/raw/plan_api/static/2025/313.json,1
2025,综合,313,上海海事大学,423533,03,物理、化学(2科必选),080901,计算机科学与技术,70,7000,四年,https://static-data.gaokao.cn/www/2.0/schoolspecialplan/313/2025/31.json?a=www.gaokao.cn,data/shanghai/raw/plan_api/static/2025/313.json,1
2025,综合,313,上海海事大学,423535,05,物理、化学(2科必选),081901,船舶与海洋工程,68,7000,四年,https://static-data.gaokao.cn/www/2.0/schoolspecialplan/313/2025/31.json?a=www.gaokao.cn,data/shanghai/raw/plan_api/static/2025/313.json,1
2025,综合,313,上海海事大学,423526,02,不限,120407T,交通管理,66,6500,四年,https://static-data.gaokao.cn/www/2.0/schoolspecialplan/313/2025/31.json?a=www.gaokao.cn,data/shanghai/raw/plan_api/static/2025/313.json,1
2025,综合,313,上海海事大学,423533,03,物理、化学(2科必选),0701,数学类,66,7000,四年,https://static-data.gaokao.cn/www/2.0/schoolspecialplan/313/2025/31.json?a=www.gaokao.cn,data/shanghai/raw/plan_api/static/2025/313.json,1
2025,综合,313,上海海事大学,423526,02,不限,030101K,法学,63,6500,四年,https://static-data.gaokao.cn/www/2.0/schoolspecialplan/313/2025/31.json?a=www.gaokao.cn,data/shanghai/raw/plan_api/static/2025/313.json,1
2025,综合,313,上海海事大学,423533,03,物理、化学(2科必选),080717T,人工智能,55,7000,四年,https://static-data.gaokao.cn/www/2.0/schoolspecialplan/313/2025/31.json?a=www.gaokao.cn,data/shanghai/raw/plan_api/static/2025/313.json,1
2025,综合,313,上海海事大学,423533,03,物理、化学(2科必选),080703,通信工程,52,7000,四年,https://static-data.gaokao.cn/www/2.0/schoolspecialplan/313/2025/31.json?a=www.gaokao.cn,data/shanghai/raw/plan_api/static/2025/313.json,1
2025,综合,313,上海海事大学,423535,05,物理、化学(2科必选),081103,港口航道与海岸工程,49,7000,四年,https://static-data.gaokao.cn/www/2.0/schoolspecialplan/313/2025/31.json?a=www.gaokao.cn,data/shanghai/raw/plan_api/static/2025/313.json,1
2025,综合,313,上海海事大学,423526,02,不限,120601,物流管理,45,6500,四年,https://static-data.gaokao.cn/www/2.0/schoolspecialplan/313/2025/31.json?a=www.gaokao.cn,data/shanghai/raw/plan_api/static/2025/313.json,1
2025,综合,313,上海海事大学,423533,03,物理、化学(2科必选),120101,管理科学,33,6500,四年,https://static-data.gaokao.cn/www/2.0/schoolspecialplan/313/2025/31.json?a=www.gaokao.cn,data/shanghai/raw/plan_api/static/2025/313.json,1
2025,综合,313,上海海事大学,423535,05,物理、化学(2科必选),080501,能源与动力工程,32,7000,四年,https://static-data.gaokao.cn/www/2.0/schoolspecialplan/313/2025/31.json?a=www.gaokao.cn,data/shanghai/raw/plan_api/static/2025/313.json,1
2025,综合,313,上海海事大学,423535,05,物理、化学(2科必选),081802,交通工程,30,7000,四年,https://static-data.gaokao.cn/www/2.0/schoolspecialplan/313/2025/31.json?a=www.gaokao.cn,data/shanghai/raw/plan_api/static/2025/313.json,1
2025,综合,313,上海海事大学,423533,03,物理、化学(2科必选),120108T,大数据管理与应用,30,6500,四年,https://static-data.gaokao.cn/www/2.0/schoolspecialplan/313/2025/31.json?a=www.gaokao.cn,data/shanghai/raw/plan_api/static/2025/313.json,1
2025,综合,313,上海海事大学,423533,03,物理、化学(2科必选),080903,网络工程,24,7000,四年,https://static-data.gaokao.cn/www/2.0/schoolspecialplan/313/2025/31.json?a=www.gaokao.cn,data/shanghai/raw/plan_api/static/2025/313.json,1
2025,综合,313,上海海事大学,423526,02,不限,120203K,会计学,23,6500,四年,https://static-data.gaokao.cn/www/2.0/schoolspecialplan/313/2025/31.json?a=www.gaokao.cn,data/shanghai/raw/plan_api/static/2025/313.json,1
2025,综合,313,上海海事大学,423526,02,不限,120204,财务管理,21,6500,四年,https://static-data.gaokao.cn/www/2.0/schoolspecialplan/313/2025/31.json?a=www.gaokao.cn,data/shanghai/raw/plan_api/static/2025/313.json,1
2025,综合,313,上海海事大学,423526,02,不限,020401,国际经济与贸易,18,6500,四年,https://static-data.gaokao.cn/www/2.0/schoolspecialplan/313/2025/31.json?a=www.gaokao.cn,data/shanghai/raw/plan_api/static/2025/313.json,1
2025,综合,313,上海海事大学,423535,05,物理、化学(2科必选),080401,材料科学与工程,18,7000,四年,https://static-data.gaokao.cn/www/2.0/schoolspecialplan/313/2025/31.json?a=www.gaokao.cn,data/shanghai/raw/plan_api/static/2025/313.json,1
2025,综合,313,上海海事大学,423535,05,物理、化学(2科必选),082502,环境工程,17,7000,四年,https://static-data.gaokao.cn/www/2.0/schoolspecialplan/313/2025/31.json?a=www.gaokao.cn,data/shanghai/raw/plan_api/static/2025/313.json,1
2025,综合,313,上海海事大学,423535,05,物理、化学(2科必选),082901,安全工程,16,7000,四年,https://static-data.gaokao.cn/www/2.0/schoolspecialplan/313/2025/31.json?a=www.gaokao.cn,data/shanghai/raw/plan_api/static/2025/313.json,1
2025,综合,313,上海海事大学,423526,02,不限,120604T,供应链管理,16,6500,四年,https://static-data.gaokao.cn/www/2.0/schoolspecialplan/313/2025/31.json?a=www.gaokao.cn,data/shanghai/raw/plan_api/static/2025/313.json,1
2025,综合,313,上海海事大学,423526,02,不限,120905TK,国际邮轮管理,16,6500,四年,https://static-data.gaokao.cn/www/2.0/schoolspecialplan/313/2025/31.json?a=www.gaokao.cn,data/shanghai/raw/plan_api/static/2025/313.json,1
2025,综合,313,上海海事大学,423553,01,不限,120407T,交通管理,15,6500,四年,https://static-data.gaokao.cn/www/2.0/schoolspecialplan/313/2025/31.json?a=www.gaokao.cn,data/shanghai/raw/plan_api/static/2025/313.json,1
2025,综合,313,上海海事大学,423553,01,不限,030101K,法学,15,6500,四年,https://static-data.gaokao.cn/www/2.0/schoolspecialplan/313/2025/31.json?a=www.gaokao.cn,data/shanghai/raw/plan_api/static/2025/313.json,1
2025,综合,313,上海海事大学,423526,02,不限,050207,日语,14,6500,四年,https://static-data.gaokao.cn/www/2.0/schoolspecialplan/313/2025/31.json?a=www.gaokao.cn,data/shanghai/raw/plan_api/static/2025/313.json,1
2025,综合,313,上海海事大学,423526,02,不限,120201K,工商管理,13,6500,四年,https://static-data.gaokao.cn/www/2.0/schoolspecialplan/313/2025/31.json?a=www.gaokao.cn,data/shanghai/raw/plan_api/static/2025/313.json,1
2025,综合,313,上海海事大学,423526,02,不限,050204,法语,12,6500,四年,https://static-data.gaokao.cn/www/2.0/schoolspecialplan/313/2025/31.json?a=www.gaokao.cn,data/shanghai/raw/plan_api/static/2025/313.json,1
2025,综合,314,安徽师范大学,423532,02,物理必选,020302,金融工程,2,4900,四年,https://static-data.gaokao.cn/www/2.0/schoolspecialplan/314/2025/31.json?a=www.gaokao.cn,data/shanghai/raw/plan_api/static/2025/314.json,1
2025,综合,314,安徽师范大学,423548,03,物理、化学(2科必选),071002,生物技术,2,5200,四年,https://static-data.gaokao.cn/www/2.0/schoolspecialplan/314/2025/31.json?a=www.gaokao.cn,data/shanghai/raw/plan_api/static/2025/314.json,1
2025,综合,314,安徽师范大学,423548,03,物理、化学(2科必选),080901,计算机科学与技术,2,5720,四年,https://static-data.gaokao.cn/www/2.0/schoolspecialplan/314/2025/31.json?a=www.gaokao.cn,data/shanghai/raw/plan_api/static/2025/314.json,1
2025,综合,314,安徽师范大学,423548,03,物理、化学(2科必选),080701,电子信息工程,2,5720,四年,https://static-data.gaokao.cn/www/2.0/schoolspecialplan/314/2025/31.json?a=www.gaokao.cn,data/shanghai/raw/plan_api/static/2025/314.json,1
2025,综合,314,安徽师范大学,423537,01,不限,050301,新闻学,2,5390,四年,https://static-data.gaokao.cn/www/2.0/schoolspecialplan/314/2025/31.json?a=www.gaokao.cn,data/shanghai/raw/plan_api/static/2025/314.json,1
2025,综合,314,安徽师范大学,423537,01,不限,030301,社会学,2,4900,四年,https://static-data.gaokao.cn/www/2.0/schoolspecialplan/314/2025/31.json?a=www.gaokao.cn,data/shanghai/raw/plan_api/static/2025/314.json,1
2025,综合,314,安徽师范大学,423537,01,不限,050103,汉语国际教育,2,4900,四年,https://static-data.gaokao.cn/www/2.0/schoolspecialplan/314/2025/31.json?a=www.gaokao.cn,data/shanghai/raw/plan_api/static/2025/314.json,1
2025,综合,314,安徽师范大学,423537,01,不限,030101K,法学,2,5390,四年,https://static-data.gaokao.cn/www/2.0/schoolspecialplan/314/2025/31.json?a=www.gaokao.cn,data/shanghai/raw/plan_api/static/2025/314.json,1
2025,综合,314,安徽师范大学,423537,01,不限,120203K,会计学,2,4900,四年,https://static-data.gaokao.cn/www/2.0/schoolspecialplan/314/2025/31.json?a=www.gaokao.cn,data/shanghai/raw/plan_api/static/2025/314.json,1
2025,综合,314,安徽师范大学,423537,01,不限,120204,财务管理,2,5390,四年,https://static-data.gaokao.cn/www/2.0/schoolspecialplan/314/2025/31.json?a=www.gaokao.cn,data/shanghai/raw/plan_api/static/2025/314.json,1
2025,综合,314,安徽师范大学,423537,01,不限,020101,经济学,2,5390,四年,https://static-data.gaokao.cn/www/2.0/schoolspecialplan/314/2025/31.json?a=www.gaokao.cn,data/shanghai/raw/plan_api/static/2025/314.json,1
2025,综合,314,安徽师范大学,423537,01,不限,040106,学前教育,2,5390,四年,https://static-data.gaokao.cn/www/2.0/schoolspecialplan/314/2025/31.json?a=www.gaokao.cn,data/shanghai/raw/plan_api/static/2025/314.json,1
2025,综合,314,安徽师范大学,423537,01,不限,050101,汉语言文学,2,5390,四年,https://static-data.gaokao.cn/www/2.0/schoolspecialplan/314/2025/31.json?a=www.gaokao.cn,data/shanghai/raw/plan_api/static/2025/314.json,1
2025,综合,314,安徽师范大学,423537,01,不限,120604T,供应链管理,2,4900,四年,https://static-data.gaokao.cn/www/2.0/schoolspecialplan/314/2025/31.json?a=www.gaokao.cn,data/shanghai/raw/plan_api/static/2025/314.json,1
2025,综合,314,安徽师范大学,423548,03,物理、化学(2科必选),080407,高分子材料与工程,2,5200,四年,https://static-data.gaokao.cn/www/2.0/schoolspecialplan/314/2025/31.json?a=www.gaokao.cn,data/shanghai/raw/plan_api/static/2025/314.json,1
2025,综合,316,大同大学,423546,01,物理必选,020302,金融工程,3,5635,四年,https://static-data.gaokao.cn/www/2.0/schoolspecialplan/316/2025/31.json?a=www.gaokao.cn,data/shanghai/raw/plan_api/static/2025/316.json,1
2025,综合,316,大同大学,423546,01,物理必选,120108T,大数据管理与应用,1,4900,四年,https://static-data.gaokao.cn/www/2.0/schoolspecialplan/316/2025/31.json?a=www.gaokao.cn,data/shanghai/raw/plan_api/static/2025/316.json,1
2025,综合,316,大同大学,423551,02,物理、化学(2科必选),080203,材料成型及控制工程,1,5980,四年,https://static-data.gaokao.cn/www/2.0/schoolspecialplan/316/2025/31.json?a=www.gaokao.cn,data/shanghai/raw/plan_api/static/2025/316.json,1
2025,综合,317,上海电力大学,423520,02,物理、化学(2科必选),080801,自动化,76,7000,四年,https://static-data.gaokao.cn/www/2.0/schoolspecialplan/317/2025/31.json?a=www.gaokao.cn,data/shanghai/raw/plan_api/static/2025/317.json,1
2025,综合,317,上海电力大学,423520,02,物理、化学(2科必选),080301,测控技术与仪器,46,7000,四年,https://static-data.gaokao.cn/www/2.0/schoolspecialplan/317/2025/31.json?a=www.gaokao.cn,data/shanghai/raw/plan_api/static/2025/317.json,1
2025,综合,317,上海电力大学,423520,02,物理、化学(2科必选),080601,电气工程及其自动化,46,21000,四年,https://static-data.gaokao.cn/www/2.0/schoolspecialplan/317/2025/31.json?a=www.gaokao.cn,data/shanghai/raw/plan_api/static/2025/317.json,1
2025,综合,317,上海电力大学,423520,02,物理、化学(2科必选),080202,机械设计制造及其自动化,42,7000,四年,https://static-data.gaokao.cn/www/2.0/schoolspecialplan/317/2025/31.json?a=www.gaokao.cn,data/shanghai/raw/plan_api/static/2025/317.json,1
2025,综合,317,上海电力大学,423520,02,物理、化学(2科必选),080904K,信息安全,42,7000,四年,https://static-data.gaokao.cn/www/2.0/schoolspecialplan/317/2025/31.json?a=www.gaokao.cn,data/shanghai/raw/plan_api/static/2025/317.json,1
2025,综合,317,上海电力大学,423520,02,物理、化学(2科必选),080901,计算机科学与技术,42,7000,四年,https://static-data.gaokao.cn/www/2.0/schoolspecialplan/317/2025/31.json?a=www.gaokao.cn,data/shanghai/raw/plan_api/static/2025/317.json,1
2025,综合,317,上海电力大学,423520,02,物理、化学(2科必选),080902,软件工程,40,7000,四年,https://static-data.gaokao.cn/www/2.0/schoolspecialplan/317/2025/31.json?a=www.gaokao.cn,data/shanghai/raw/plan_api/static/2025/317.json,1
2025,综合,317,上海电力大学,423520,02,物理、化学(2科必选),080910T,数据科学与大数据技术,36,7000,四年,https://static-data.gaokao.cn/www/2.0/schoolspecialplan/317/2025/31.json?a=www.gaokao.cn,data/shanghai/raw/plan_api/static/2025/317.json,1
2025,综合,317,上海电力大学,423520,02,物理、化学(2科必选),080710T,集成电路设计与集成系统,35,7000,四年,https://static-data.gaokao.cn/www/2.0/schoolspecialplan/317/2025/31.json?a=www.gaokao.cn,data/shanghai/raw/plan_api/static/2025/317.json,1
2025,综合,317,上海电力大学,423520,02,物理、化学(2科必选),080505T,能源服务工程,31,7000,四年,https://static-data.gaokao.cn/www/2.0/schoolspecialplan/317/2025/31.json?a=www.gaokao.cn,data/shanghai/raw/plan_api/static/2025/317.json,1
2025,综合,317,上海电力大学,423520,02,物理、化学(2科必选),080501,能源与动力工程,30,7000,四年,https://static-data.gaokao.cn/www/2.0/schoolspecialplan/317/2025/31.json?a=www.gaokao.cn,data/shanghai/raw/plan_api/static/2025/317.json,1
2025,综合,317,上海电力大学,423520,02,物理、化学(2科必选),080907T,智能科学与技术,30,7000,四年,https://static-data.gaokao.cn/www/2.0/schoolspecialplan/317/2025/31.json?a=www.gaokao.cn,data/shanghai/raw/plan_api/static/2025/317.json,1
2025,综合,317,上海电力大学,423520,02,物理、化学(2科必选),080703,通信工程,26,7000,四年,https://static-data.gaokao.cn/www/2.0/schoolspecialplan/317/2025/31.json?a=www.gaokao.cn,data/shanghai/raw/plan_api/static/2025/317.json,1
2025,综合,317,上海电力大学,423520,02,物理、化学(2科必选),070102,信息与计算科学,25,7000,四年,https://static-data.gaokao.cn/www/2.0/schoolspecialplan/317/2025/31.json?a=www.gaokao.cn,data/shanghai/raw/plan_api/static/2025/317.json,1
2025,综合,317,上海电力大学,423520,02,物理、化学(2科必选),080701,电子信息工程,23,7000,四年,https://static-data.gaokao.cn/www/2.0/schoolspecialplan/317/2025/31.json?a=www.gaokao.cn,data/shanghai/raw/plan_api/static/2025/317.json,1
2025,综合,317,上海电力大学,423520,02,物理、化学(2科必选),080503T,新能源科学与工程,22,7000,四年,https://static-data.gaokao.cn/www/2.0/schoolspecialplan/317/2025/31.json?a=www.gaokao.cn,data/shanghai/raw/plan_api/static/2025/317.json,1
2025,综合,317,上海电力大学,423520,02,物理、化学(2科必选),080607T,能源互联网工程,22,7000,四年,https://static-data.gaokao.cn/www/2.0/schoolspecialplan/317/2025/31.json?a=www.gaokao.cn,data/shanghai/raw/plan_api/static/2025/317.json,1
2025,综合,317,上海电力大学,423520,02,物理、化学(2科必选),080705,光电信息科学与工程,21,7000,四年,https://static-data.gaokao.cn/www/2.0/schoolspecialplan/317/2025/31.json?a=www.gaokao.cn,data/shanghai/raw/plan_api/static/2025/317.json,1
2025,综合,317,上海电力大学,423520,02,物理、化学(2科必选),070202,应用物理学,20,7000,四年,https://static-data.gaokao.cn/www/2.0/schoolspecialplan/317/2025/31.json?a=www.gaokao.cn,data/shanghai/raw/plan_api/static/2025/317.json,1
2025,综合,317,上海电力大学,423520,02,物理、化学(2科必选),080702,电子科学与技术,20,7000,四年,https://static-data.gaokao.cn/www/2.0/schoolspecialplan/317/2025/31.json?a=www.gaokao.cn,data/shanghai/raw/plan_api/static/2025/317.json,1
2025,综合,317,上海电力大学,423520,02,物理、化学(2科必选),080504T,储能科学与工程,20,7000,四年,https://static-data.gaokao.cn/www/2.0/schoolspecialplan/317/2025/31.json?a=www.gaokao.cn,data/shanghai/raw/plan_api/static/2025/317.json,1
2025,综合,317,上海电力大学,423563,01,物理、化学(2科必选),080601,电气工程及其自动化,278,7000,四年,https://static-data.gaokao.cn/www/2.0/schoolspecialplan/317/2025/31.json?a=www.gaokao.cn,data/shanghai/raw/plan_api/static/2025/317.json,1
2025,综合,317,上海电力大学,423545,05,不限,050201,英语,41,6500,四年,https://static-data.gaokao.cn/www/2.0/schoolspecialplan/317/2025/31.json?a=www.gaokao.cn,data/shanghai/raw/plan_api/static/2025/317.json,1
2025,综合,317,上海电力大学,423545,05,不限,020101,经济学,38,6500,四年,https://static-data.gaokao.cn/www/2.0/schoolspecialplan/317/2025/31.json?a=www.gaokao.cn,data/shanghai/raw/plan_api/static/2025/317.json,1
2025,综合,317,上海电力大学,423567,04,物理必选,120102,信息管理与信息系统,38,6500,四年,https://static-data.gaokao.cn/www/2.0/schoolspecialplan/317/2025/31.json?a=www.gaokao.cn,data/shanghai/raw/plan_api/static/2025/317.json,1
2025,综合,317,上海电力大学,423545,05,不限,020401,国际经济与贸易,36,6500,四年,https://static-data.gaokao.cn/www/2.0/schoolspecialplan/317/2025/31.json?a=www.gaokao.cn,data/shanghai/raw/plan_api/static/2025/317.json,1
2025,综合,317,上海电力大学,423541,03,物理、化学(2科必选),080414T,新能源材料与器件,35,7000,四年,https://static-data.gaokao.cn/www/2.0/schoolspecialplan/317/2025/31.json?a=www.gaokao.cn,data/shanghai/raw/plan_api/static/2025/317.json,1
2025,综合,317,上海电力大学,423567,04,物理必选,120103,工程管理,34,6500,四年,https://static-data.gaokao.cn/www/2.0/schoolspecialplan/317/2025/31.json?a=www.gaokao.cn,data/shanghai/raw/plan_api/static/2025/317.json,1
2025,综合,317,上海电力大学,423541,03,物理、化学(2科必选),070302,应用化学,30,7000,四年,https://static-data.gaokao.cn/www/2.0/schoolspecialplan/317/2025/31.json?a=www.gaokao.cn,data/shanghai/raw/plan_api/static/2025/317.json,1
2025,综合,317,上海电力大学,423545,05,不限,120201K,工商管理,30,6500,四年,https://static-data.gaokao.cn/www/2.0/schoolspecialplan/317/2025/31.json?a=www.gaokao.cn,data/shanghai/raw/plan_api/static/2025/317.json,1
2025,综合,317,上海电力大学,423541,03,物理、化学(2科必选),081301,化学工程与工艺,26,7000,四年,https://static-data.gaokao.cn/www/2.0/schoolspecialplan/317/2025/31.json?a=www.gaokao.cn,data/shanghai/raw/plan_api/static/2025/317.json,1
2025,综合,317,上海电力大学,423541,03,物理、化学(2科必选),082502,环境工程,23,7000,四年,https://static-data.gaokao.cn/www/2.0/schoolspecialplan/317/2025/31.json?a=www.gaokao.cn,data/shanghai/raw/plan_api/static/2025/317.json,1
2025,综合,318,上海对外经贸大学,423519,02,不限,020401,国际经济与贸易,110,6500,四年,https://static-data.gaokao.cn/www/2.0/schoolspecialplan/318/2025/31.json?a=www.gaokao.cn,data/shanghai/raw/plan_api/static/2025/318.json,1
2025,综合,318,上海对外经贸大学,423519,02,不限,120203K,会计学,83,6500,四年,https://static-data.gaokao.cn/www/2.0/schoolspecialplan/318/2025/31.json?a=www.gaokao.cn,data/shanghai/raw/plan_api/static/2025/318.json,1
2025,综合,318,上海对外经贸大学,423519,02,不限,020301K,金融学,82,6500,四年,https://static-data.gaokao.cn/www/2.0/schoolspecialplan/318/2025/31.json?a=www.gaokao.cn,data/shanghai/raw/plan_api/static/2025/318.json,1
2025,综合,318,上海对外经贸大学,423519,02,不限,120207,审计学,71,6500,四年,https://static-data.gaokao.cn/www/2.0/schoolspecialplan/318/2025/31.json?a=www.gaokao.cn,data/shanghai/raw/plan_api/static/2025/318.json,1
2025,综合,318,上海对外经贸大学,423519,02,不限,020101,经济学,47,6500,四年,https://static-data.gaokao.cn/www/2.0/schoolspecialplan/318/2025/31.json?a=www.gaokao.cn,data/shanghai/raw/plan_api/static/2025/318.json,1
2025,综合,318,上海对外经贸大学,423519,02,不限,120204,财务管理,31,6500,四年,https://static-data.gaokao.cn/www/2.0/schoolspecialplan/318/2025/31.json?a=www.gaokao.cn,data/shanghai/raw/plan_api/static/2025/318.json,1
2025,综合,318,上海对外经贸大学,423519,02,不限,020304,投资学,26,6500,四年,https://static-data.gaokao.cn/www/2.0/schoolspecialplan/318/2025/31.json?a=www.gaokao.cn,data/shanghai/raw/plan_api/static/2025/318.json,1
2025,综合,318,上海对外经贸大学,423519,02,不限,120801,电子商务,18,6500,四年,https://static-data.gaokao.cn/www/2.0/schoolspecialplan/318/2025/31.json?a=www.gaokao.cn,data/shanghai/raw/plan_api/static/2025/318.json,1
2025,综合,318,上海对外经贸大学,423519,02,不限,020303,保险学,17,6500,四年,https://static-data.gaokao.cn/www/2.0/schoolspecialplan/318/2025/31.json?a=www.gaokao.cn,data/shanghai/raw/plan_api/static/2025/318.json,1
2025,综合,318,上海对外经贸大学,423519,02,不限,120208,资产评估,16,6500,四年,https://static-data.gaokao.cn/www/2.0/schoolspecialplan/318/2025/31.json?a=www.gaokao.cn,data/shanghai/raw/plan_api/static/2025/318.json,1
2025,综合,318,上海对外经贸大学,423519,02,不限,020403T,国际经济发展合作,8,6500,四年,https://static-data.gaokao.cn/www/2.0/schoolspecialplan/318/2025/31.json?a=www.gaokao.cn,data/shanghai/raw/plan_api/static/2025/318.json,1
2025,综合,318,上海对外经贸大学,423522,05,物理、化学(2科必选),080717T,人工智能,94,7000,四年,https://static-data.gaokao.cn/www/2.0/schoolspecialplan/318/2025/31.json?a=www.gaokao.cn,data/shanghai/raw/plan_api/static/2025/318.json,1
2025,综合,318,上海对外经贸大学,423522,05,物理、化学(2科必选),080910T,数据科学与大数据技术,81,7000,四年,https://static-data.gaokao.cn/www/2.0/schoolspecialplan/318/2025/31.json?a=www.gaokao.cn,data/shanghai/raw/plan_api/static/2025/318.json,1
2025,综合,318,上海对外经贸大学,423522,05,物理、化学(2科必选),071202,应用统计学,75,7000,四年,https://static-data.gaokao.cn/www/2.0/schoolspecialplan/318/2025/31.json?a=www.gaokao.cn,data/shanghai/raw/plan_api/static/2025/318.json,1
2025,综合,318,上海对外经贸大学,423559,01,不限,080910T,数据科学与大数据技术,62,6500,四年,https://static-data.gaokao.cn/www/2.0/schoolspecialplan/318/2025/31.json?a=www.gaokao.cn,data/shanghai/raw/plan_api/static/2025/318.json,1
2025,综合,318,上海对外经贸大学,423559,01,不限,071202,应用统计学,61,6500,四年,https://static-data.gaokao.cn/www/2.0/schoolspecialplan/318/2025/31.json?a=www.gaokao.cn,data/shanghai/raw/plan_api/static/2025/318.json,1
2025,综合,318,上海对外经贸大学,423539,04,物理必选,020302,金融工程,42,6500,四年,https://static-data.gaokao.cn/www/2.0/schoolspecialplan/318/2025/31.json?a=www.gaokao.cn,data/shanghai/raw/plan_api/static/2025/318.json,1
2025,综合,318,上海对外经贸大学,423557,06,不限,020301K,金融学,37,19500,四年,https://static-data.gaokao.cn/www/2.0/schoolspecialplan/318/2025/31.json?a=www.gaokao.cn,data/shanghai/raw/plan_api/static/2025/318.json,0
2025,综合,318,上海对外经贸大学,423557,06,不限,120601,物流管理,33,19500,四年,https://static-data.gaokao.cn/www/2.0/schoolspecialplan/318/2025/31.json?a=www.gaokao.cn,data/shanghai/raw/plan_api/static/2025/318.json,0
2025,综合,318,上海对外经贸大学,423557,06,不限,120204,财务管理,30,19500,四年,https://static-data.gaokao.cn/www/2.0/schoolspecialplan/318/2025/31.json?a=www.gaokao.cn,data/shanghai/raw/plan_api/static/2025/318.json,0
2025,综合,318,上海对外经贸大学,423549,03,不限,120206,人力资源管理,30,6500,四年,https://static-data.gaokao.cn/www/2.0/schoolspecialplan/318/2025/31.json?a=www.gaokao.cn,data/shanghai/raw/plan_api/static/2025/318.json,1
2025,综合,318,上海对外经贸大学,423539,04,物理必选,120108T,大数据管理与应用,30,6500,四年,https://static-data.gaokao.cn/www/2.0/schoolspecialplan/318/2025/31.json?a=www.gaokao.cn,data/shanghai/raw/plan_api/static/2025/318.json,1
2025,综合,318,上海对外经贸大学,423557,06,不限,120205,国际商务,29,19500,四年,https://static-data.gaokao.cn/www/2.0/schoolspecialplan/318/2025/31.json?a=www.gaokao.cn,data/shanghai/raw/plan_api/static/2025/318.json,0
2025,综合,318,上海对外经贸大学,423549,03,不限,120202,市场营销,28,6500,四年,https://static-data.gaokao.cn/www/2.0/schoolspecialplan/318/2025/31.json?a=www.gaokao.cn,data/shanghai/raw/plan_api/static/2025/318.json,1
2025,综合,318,上海对外经贸大学,423549,03,不限,030105T,国际经贸规则,26,6500,四年,https://static-data.gaokao.cn/www/2.0/schoolspecialplan/318/2025/31.json?a=www.gaokao.cn,data/shanghai/raw/plan_api/static/2025/318.json,1
2025,综合,318,上海对外经贸大学,423539,04,物理必选,020102,经济统计学,25,6500,四年,https://static-data.gaokao.cn/www/2.0/schoolspecialplan/318/2025/31.json?a=www.gaokao.cn,data/shanghai/raw/plan_api/static/2025/318.json,1
2025,综合,318,上海对外经贸大学,423549,03,不限,050201,英语,23,6500,四年,https://static-data.gaokao.cn/www/2.0/schoolspecialplan/318/2025/31.json?a=www.gaokao.cn,data/shanghai/raw/plan_api/static/2025/318.json,1
2025,综合,318,上海对外经贸大学,423549,03,不限,120201K,工商管理,19,6500,四年,https://static-data.gaokao.cn/www/2.0/schoolspecialplan/318/2025/31.json?a=www.gaokao.cn,data/shanghai/raw/plan_api/static/2025/318.json,1
2025,综合,318,上海对外经贸大学,423539,04,物理必选,120102,信息管理与信息系统,18,6500,四年,https://static-data.gaokao.cn/www/2.0/schoolspecialplan/318/2025/31.json?a=www.gaokao.cn,data/shanghai/raw/plan_api/static/2025/318.json,1
2025,综合,318,上海对外经贸大学,423549,03,不限,030101K,法学,17,6500,四年,https://static-data.gaokao.cn/www/2.0/schoolspecialplan/318/2025/31.json?a=www.gaokao.cn,data/shanghai/raw/plan_api/static/2025/318.json,1
2025,综合,318,上海对外经贸大学,423549,03,不限,120210,文化产业管理,16,6500,四年,https://static-data.gaokao.cn/www/2.0/schoolspecialplan/318/2025/31.json?a=www.gaokao.cn,data/shanghai/raw/plan_api/static/2025/318.json,1
2025,综合,318,上海对外经贸大学,423549,03,不限,050207,日语,16,6500,四年,https://static-data.gaokao.cn/www/2.0/schoolspecialplan/318/2025/31.json?a=www.gaokao.cn,data/shanghai/raw/plan_api/static/2025/318.json,1
2025,综合,318,上海对外经贸大学,423549,03,不限,050204,法语,15,6500,四年,https://static-data.gaokao.cn/www/2.0/schoolspecialplan/318/2025/31.json?a=www.gaokao.cn,data/shanghai/raw/plan_api/static/2025/318.json,1
2025,综合,318,上海对外经贸大学,423557,06,不限,050201,英语,14,19500,四年,https://static-data.gaokao.cn/www/2.0/schoolspecialplan/318/2025/31.json?a=www.gaokao.cn,data/shanghai/raw/plan_api/static/2025/318.json,0
2025,综合,318,上海对外经贸大学,423557,06,不限,120903,会展经济与管理,14,19500,四年,https://static-data.gaokao.cn/www/2.0/schoolspecialplan/318/2025/31.json?a=www.gaokao.cn,data/shanghai/raw/plan_api/static/2025/318.json,0
2025,综合,318,上海对外经贸大学,423549,03,不限,050301,新闻学,11,6500,四年,https://static-data.gaokao.cn/www/2.0/schoolspecialplan/318/2025/31.json?a=www.gaokao.cn,data/shanghai/raw/plan_api/static/2025/318.json,1
2025,综合,318,上海对外经贸大学,423549,03,不限,050103,汉语国际教育,10,6500,四年,https://static-data.gaokao.cn/www/2.0/schoolspecialplan/318/2025/31.json?a=www.gaokao.cn,data/shanghai/raw/plan_api/static/2025/318.json,1
2025,综合,318,上海对外经贸大学,423522,05,物理、化学(2科必选),070101,数学与应用数学,10,7000,四年,https://static-data.gaokao.cn/www/2.0/schoolspecialplan/318/2025/31.json?a=www.gaokao.cn,data/shanghai/raw/plan_api/static/2025/318.json,1
2025,综合,318,上海对外经贸大学,423549,03,不限,120901K,旅游管理,6,6500,四年,https://static-data.gaokao.cn/www/2.0/schoolspecialplan/318/2025/31.json?a=www.gaokao.cn,data/shanghai/raw/plan_api/static/2025/318.json,1
2025,综合,322,山西工院,423576,03,物理、化学(2科必选),080407,高分子材料与工程,2,5980,四年,https://static-data.gaokao.cn/www/2.0/schoolspecialplan/322/2025/31.json?a=www.gaokao.cn,data/shanghai/raw/plan_api/static/2025/322.json,1
2025,综合,322,山西工院,423576,03,物理、化学(2科必选),080406,无机非金属材料工程,2,5980,四年,https://static-data.gaokao.cn/www/2.0/schoolspecialplan/322/2025/31.json?a=www.gaokao.cn,data/shanghai/raw/plan_api/static/2025/322.json,1
2025,综合,322,山西工院,423576,03,物理、化学(2科必选),070302,应用化学,2,5980,四年,https://static-data.gaokao.cn/www/2.0/schoolspecialplan/322/2025/31.json?a=www.gaokao.cn,data/shanghai/raw/plan_api/static/2025/322.json,1
2025,综合,322,山西工院,423581,01,不限,050201,英语,5,5390,四年,https://static-data.gaokao.cn/www/2.0/schoolspecialplan/322/2025/31.json?a=www.gaokao.cn,data/shanghai/raw/plan_api/static/2025/322.json,1
2025,综合,322,山西工院,423591,04,物理、地理(2科必选),070504,地理信息科学,3,5720,四年,https://static-data.gaokao.cn/www/2.0/schoolspecialplan/322/2025/31.json?a=www.gaokao.cn,data/shanghai/raw/plan_api/static/2025/322.json,1
2025,综合,322,山西工院,423579,02,物理必选,120105,工程造价,2,4900,四年,https://static-data.gaokao.cn/www/2.0/schoolspecialplan/322/2025/31.json?a=www.gaokao.cn,data/shanghai/raw/plan_api/static/2025/322.json,1
2025,综合,322,山西工院,423579,02,物理必选,082801,建筑学,2,5980,五年,https://static-data.gaokao.cn/www/2.0/schoolspecialplan/322/2025/31.json?a=www.gaokao.cn,data/shanghai/raw/plan_api/static/2025/322.json,1
2025,综合,322,山西工院,423579,02,物理必选,082803,风景园林,2,5200,四年,https://static-data.gaokao.cn/www/2.0/schoolspecialplan/322/2025/31.json?a=www.gaokao.cn,data/shanghai/raw/plan_api/static/2025/322.json,1
2025,综合,322,山西工院,423581,01,不限,120404,土地资源管理,1,4900,四年,https://static-data.gaokao.cn/www/2.0/schoolspecialplan/322/2025/31.json?a=www.gaokao.cn,data/shanghai/raw/plan_api/static/2025/322.json,1
2025,综合,322,山西工院,423581,01,不限,120403,劳动与社会保障,1,4900,四年,https://static-data.gaokao.cn/www/2.0/schoolspecialplan/322/2025/31.json?a=www.gaokao.cn,data/shanghai/raw/plan_api/static/2025/322.json,1
2025,综合,322,山西工院,423581,01,不限,120206,人力资源管理,1,5635,四年,https://static-data.gaokao.cn/www/2.0/schoolspecialplan/322/2025/31.json?a=www.gaokao.cn,data/shanghai/raw/plan_api/static/2025/322.json,1
2025,综合,322,山西工院,423579,02,物理必选,020302,金融工程,1,4900,四年,https://static-data.gaokao.cn/www/2.0/schoolspecialplan/322/2025/31.json?a=www.gaokao.cn,data/shanghai/raw/plan_api/static/2025/322.json,1
2025,综合,322,山西工院,423579,02,物理必选,082802,城乡规划,1,5980,五年,https://static-data.gaokao.cn/www/2.0/schoolspecialplan/322/2025/31.json?a=www.gaokao.cn,data/shanghai/raw/plan_api/static/2025/322.json,1
2025,综合,322,山西工院,423581,01,不限,120405,城市管理,1,4900,四年,https://static-data.gaokao.cn/www/2.0/schoolspecialplan/322/2025/31.json?a=www.gaokao.cn,data/shanghai/raw/plan_api/static/2025/322.json,1
2025,综合,323,华东政法大学,423571,03,不限,0201,经济学类,84,6500,四年,https://static-data.gaokao.cn/www/2.0/schoolspecialplan/323/2025/31.json?a=www.gaokao.cn,data/shanghai/raw/plan_api/static/2025/323.json,1
2025,综合,323,华东政法大学,423571,03,不限,050201,英语,57,6500,四年,https://static-data.gaokao.cn/www/2.0/schoolspecialplan/323/2025/31.json?a=www.gaokao.cn,data/shanghai/raw/plan_api/static/2025/323.json,1
2025,综合,323,华东政法大学,423571,03,不限,0303,社会学类,55,6500,四年,https://static-data.gaokao.cn/www/2.0/schoolspecialplan/323/2025/31.json?a=www.gaokao.cn,data/shanghai/raw/plan_api/static/2025/323.json,1
2025,综合,323,华东政法大学,423571,03,不限,1204,公共管理类,49,6500,四年,https://static-data.gaokao.cn/www/2.0/schoolspecialplan/323/2025/31.json?a=www.gaokao.cn,data/shanghai/raw/plan_api/static/2025/323.json,1
2025,综合,323,华东政法大学,423571,03,不限,050306T,网络与新媒体,36,6500,四年,https://static-data.gaokao.cn/www/2.0/schoolspecialplan/323/2025/31.json?a=www.gaokao.cn,data/shanghai/raw/plan_api/static/2025/323.json,1
2025,综合,323,华东政法大学,423571,03,不限,050301,新闻学,12,6500,四年,https://static-data.gaokao.cn/www/2.0/schoolspecialplan/323/2025/31.json?a=www.gaokao.cn,data/shanghai/raw/plan_api/static/2025/323.json,1
2025,综合,323,华东政法大学,423571,03,不限,050261,翻译,22,6500,四年,https://static-data.gaokao.cn/www/2.0/schoolspecialplan/323/2025/31.json?a=www.gaokao.cn,data/shanghai/raw/plan_api/static/2025/323.json,1
2025,综合,323,华东政法大学,423571,03,不限,120210,文化产业管理,18,6500,四年,https://static-data.gaokao.cn/www/2.0/schoolspecialplan/323/2025/31.json?a=www.gaokao.cn,data/shanghai/raw/plan_api/static/2025/323.json,1
2025,综合,323,华东政法大学,423595,02,不限,030101K,法学,494,6500,四年,https://static-data.gaokao.cn/www/2.0/schoolspecialplan/323/2025/31.json?a=www.gaokao.cn,data/shanghai/raw/plan_api/static/2025/323.json,1
2025,综合,323,华东政法大学,423595,02,不限,030102T,知识产权,60,6500,四年,https://static-data.gaokao.cn/www/2.0/schoolspecialplan/323/2025/31.json?a=www.gaokao.cn,data/shanghai/raw/plan_api/static/2025/323.json,1
2025,综合,323,华东政法大学,423582,01,不限,030101K,法学,25,6500,四年,https://static-data.gaokao.cn/www/2.0/schoolspecialplan/323/2025/31.json?a=www.gaokao.cn,data/shanghai/raw/plan_api/static/2025/323.json,1
2025,综合,324,运城职大,423572,05,物理、化学(2科必选),1010,医学技术类,77,7400,四年,https://static-data.gaokao.cn/www/2.0/schoolspecialplan/324/2025/31.json?a=www.gaokao.cn,data/shanghai/raw/plan_api/static/2025/324.json,0
2025,综合,324,运城职大,423594,03,不限,1202,工商管理类,40,6500,四年,https://static-data.gaokao.cn/www/2.0/schoolspecialplan/324/2025/31.json?a=www.gaokao.cn,data/shanghai/raw/plan_api/static/2025/324.json,0
2025,综合,324,运城职大,423587,04,物理、化学(2科必选),080910T,数据科学与大数据技术,30,7000,四年,https://static-data.gaokao.cn/www/2.0/schoolspecialplan/324/2025/31.json?a=www.gaokao.cn,data/shanghai/raw/plan_api/static/2025/324.json,0
2025,综合,324,运城职大,423588,01,不限,050301,新闻学,20,6500,四年,https://static-data.gaokao.cn/www/2.0/schoolspecialplan/324/2025/31.json?a=www.gaokao.cn,data/shanghai/raw/plan_api/static/2025/324.json,1
2025,综合,324,运城职大,423590,07,物理、化学(2科必选),040213T,运动能力开发,15,7700,四年,https://static-data.gaokao.cn/www/2.0/schoolspecialplan/324/2025/31.json?a=www.gaokao.cn,data/shanghai/raw/plan_api/static/2025/324.json,0
2025,综合,324,运城职大,423586,06,物理、化学(2科必选),071102,应用心理学,15,7000,四年,https://static-data.gaokao.cn/www/2.0/schoolspecialplan/324/2025/31.json?a=www.gaokao.cn,data/shanghai/raw/plan_api/static/2025/324.json,0
2025,综合,324,运城职大,423596,02,不限,050201,英语,10,6500,四年,https://static-data.gaokao.cn/www/2.0/schoolspecialplan/324/2025/31.json?a=www.gaokao.cn,data/shanghai/raw/plan_api/static/2025/324.json,1
2025,综合,326,上海音乐学院,423580,01,历史必选,130102T,艺术管理,39,13000,四年,https://static-data.gaokao.cn/www/2.0/schoolspecialplan/326/2025/31.json?a=www.gaokao.cn,data/shanghai/raw/plan_api/static/2025/326.json,1
2025,综合,326,上海音乐学院,423593,02,不限,130509T,艺术与科技,43,13000,四年,https://static-data.gaokao.cn/www/2.0/schoolspecialplan/326/2025/31.json?a=www.gaokao.cn,data/shanghai/raw/plan_api/static/2025/326.json,1
2025,综合,327,上海戏剧学院,423583,01,不限,130102T,艺术管理,12,13000,四年,https://static-data.gaokao.cn/www/2.0/schoolspecialplan/327/2025/31.json?a=www.gaokao.cn,data/shanghai/raw/plan_api/static/2025/327.json,1
2025,综合,327,上海戏剧学院,423583,01,不限,130304,戏剧影视文学,6,13000,四年,https://static-data.gaokao.cn/www/2.0/schoolspecialplan/327/2025/31.json?a=www.gaokao.cn,data/shanghai/raw/plan_api/static/2025/327.json,1
2025,综合,327,上海戏剧学院,423583,01,不限,130313T,戏剧教育,5,13000,四年,https://static-data.gaokao.cn/www/2.0/schoolspecialplan/327/2025/31.json?a=www.gaokao.cn,data/shanghai/raw/plan_api/static/2025/327.json,1
2025,综合,327,上海戏剧学院,423583,01,不限,130311T,影视摄影与制作,5,13000,四年,https://static-data.gaokao.cn/www/2.0/schoolspecialplan/327/2025/31.json?a=www.gaokao.cn,data/shanghai/raw/plan_api/static/2025/327.json,1
2025,综合,327,上海戏剧学院,423583,01,不限,130305,广播电视编导,5,13000,四年,https://static-data.gaokao.cn/www/2.0/schoolspecialplan/327/2025/31.json?a=www.gaokao.cn,data/shanghai/raw/plan_api/static/2025/327.json,1
2025,综合,327,上海戏剧学院,423583,01,不限,130302,戏剧学,5,13000,四年,https://static-data.gaokao.cn/www/2.0/schoolspecialplan/327/2025/31.json?a=www.gaokao.cn,data/shanghai/raw/plan_api/static/2025/327.json,1
2025,综合,328,内蒙大学,423573,01,不限,020101,经济学,2,4900,四年,https://static-data.gaokao.cn/www/2.0/schoolspecialplan/328/2025/31.json?a=www.gaokao.cn,data/shanghai/raw/plan_api/static/2025/328.json,1
2025,综合,328,内蒙大学,423573,01,不限,050262,商务英语,2,4900,四年,https://static-data.gaokao.cn/www/2.0/schoolspecialplan/328/2025/31.json?a=www.gaokao.cn,data/shanghai/raw/plan_api/static/2025/328.json,1
2025,综合,328,内蒙大学,423573,01,不限,120206,人力资源管理,1,4900,四年,https://static-data.gaokao.cn/www/2.0/schoolspecialplan/328/2025/31.json?a=www.gaokao.cn,data/shanghai/raw/plan_api/static/2025/328.json,1
2025,综合,328,内蒙大学,423573,01,不限,050207,日语,1,4900,四年,https://static-data.gaokao.cn/www/2.0/schoolspecialplan/328/2025/31.json?a=www.gaokao.cn,data/shanghai/raw/plan_api/static/2025/328.json,1
2025,综合,328,内蒙大学,423573,01,不限,120203K,会计学,1,4900,四年,https://static-data.gaokao.cn/www/2.0/schoolspecialplan/328/2025/31.json?a=www.gaokao.cn,data/shanghai/raw/plan_api/static/2025/328.json,1
2025,综合,328,内蒙大学,423573,01,不限,120901K,旅游管理,1,4900,四年,https://static-data.gaokao.cn/www/2.0/schoolspecialplan/328/2025/31.json?a=www.gaokao.cn,data/shanghai/raw/plan_api/static/2025/328.json,1
2025,综合,328,内蒙大学,423573,01,不限,040108,特殊教育,1,5390,四年,https://static-data.gaokao.cn/www/2.0/schoolspecialplan/328/2025/31.json?a=www.gaokao.cn,data/shanghai/raw/plan_api/static/2025/328.json,1
2025,综合,328,内蒙大学,423573,01,不限,050201,英语,1,5390,四年,https://static-data.gaokao.cn/www/2.0/schoolspecialplan/328/2025/31.json?a=www.gaokao.cn,data/shanghai/raw/plan_api/static/2025/328.json,1
2025,综合,328,内蒙大学,423584,02,物、化、生(3科必选),071001,生物科学,2,5200,四年,https://static-data.gaokao.cn/www/2.0/schoolspecialplan/328/2025/31.json?a=www.gaokao.cn,data/shanghai/raw/plan_api/static/2025/328.json,1
2025,综合,328,内蒙大学,423584,02,物、化、生(3科必选),071102,应用心理学,1,5200,四年,https://static-data.gaokao.cn/www/2.0/schoolspecialplan/328/2025/31.json?a=www.gaokao.cn,data/shanghai/raw/plan_api/static/2025/328.json,1
2025,综合,328,内蒙大学,423584,02,物、化、生(3科必选),081301,化学工程与工艺,1,5200,四年,https://static-data.gaokao.cn/www/2.0/schoolspecialplan/328/2025/31.json?a=www.gaokao.cn,data/shanghai/raw/plan_api/static/2025/328.json,1
2025,综合,328,内蒙大学,423584,02,物、化、生(3科必选),080904K,信息安全,1,5200,四年,https://static-data.gaokao.cn/www/2.0/schoolspecialplan/328/2025/31.json?a=www.gaokao.cn,data/shanghai/raw/plan_api/static/2025/328.json,1
2025,综合,328,内蒙大学,423584,02,物、化、生(3科必选),080705,光电信息科学与工程,1,5200,四年,https://static-data.gaokao.cn/www/2.0/schoolspecialplan/328/2025/31.json?a=www.gaokao.cn,data/shanghai/raw/plan_api/static/2025/328.json,1
2025,综合,328,内蒙大学,423584,02,物、化、生(3科必选),082504,环境生态工程,1,5200,四年,https://static-data.gaokao.cn/www/2.0/schoolspecialplan/328/2025/31.json?a=www.gaokao.cn,data/shanghai/raw/plan_api/static/2025/328.json,1
2025,综合,328,内蒙大学,423584,02,物、化、生(3科必选),083001,生物工程,1,5720,四年,https://static-data.gaokao.cn/www/2.0/schoolspecialplan/328/2025/31.json?a=www.gaokao.cn,data/shanghai/raw/plan_api/static/2025/328.json,1
2025,综合,328,内蒙大学,423585,03,史、政、地(3科必选),030302,社会工作,1,4900,四年,https://static-data.gaokao.cn/www/2.0/schoolspecialplan/328/2025/31.json?a=www.gaokao.cn,data/shanghai/raw/plan_api/static/2025/328.json,1
2025,综合,328,内蒙大学,423584,02,物、化、生(3科必选),070301,化学,1,5200,四年,https://static-data.gaokao.cn/www/2.0/schoolspecialplan/328/2025/31.json?a=www.gaokao.cn,data/shanghai/raw/plan_api/static/2025/328.json,1
2025,综合,328,内蒙大学,423584,02,物、化、生(3科必选),080910T,数据科学与大数据技术,1,5200,四年,https://static-data.gaokao.cn/www/2.0/schoolspecialplan/328/2025/31.json?a=www.gaokao.cn,data/shanghai/raw/plan_api/static/2025/328.json,1
2025,综合,328,内蒙大学,423584,02,物、化、生(3科必选),080402,材料物理,1,5200,四年,https://static-data.gaokao.cn/www/2.0/schoolspecialplan/328/2025/31.json?a=www.gaokao.cn,data/shanghai/raw/plan_api/static/2025/328.json,1
2025,综合,329,上海杉达学院,423568,01,不限,050201,英语,35,35000,四年,https://static-data.gaokao.cn/www/2.0/schoolspecialplan/329/2025/31.json?a=www.gaokao.cn,data/shanghai/raw/plan_api/static/2025/329.json,1
2025,综合,329,上海杉达学院,423568,01,不限,120206,人力资源管理,25,35000,四年,https://static-data.gaokao.cn/www/2.0/schoolspecialplan/329/2025/31.json?a=www.gaokao.cn,data/shanghai/raw/plan_api/static/2025/329.json,1
2025,综合,329,上海杉达学院,423568,01,不限,120403,劳动与社会保障,23,35000,四年,https://static-data.gaokao.cn/www/2.0/schoolspecialplan/329/2025/31.json?a=www.gaokao.cn,data/shanghai/raw/plan_api/static/2025/329.json,1
2025,综合,329,上海杉达学院,423568,01,不限,120203K,会计学,22,35000,四年,https://static-data.gaokao.cn/www/2.0/schoolspecialplan/329/2025/31.json?a=www.gaokao.cn,data/shanghai/raw/plan_api/static/2025/329.json,1
2025,综合,329,上海杉达学院,423568,01,不限,030101K,法学,20,35000,四年,https://static-data.gaokao.cn/www/2.0/schoolspecialplan/329/2025/31.json?a=www.gaokao.cn,data/shanghai/raw/plan_api/static/2025/329.json,1
2025,综合,329,上海杉达学院,423568,01,不限,020401,国际经济与贸易,20,35000,四年,https://static-data.gaokao.cn/www/2.0/schoolspecialplan/329/2025/31.json?a=www.gaokao.cn,data/shanghai/raw/plan_api/static/2025/329.json,1
2025,综合,329,上海杉达学院,423568,01,不限,020301K,金融学,19,35000,四年,https://static-data.gaokao.cn/www/2.0/schoolspecialplan/329/2025/31.json?a=www.gaokao.cn,data/shanghai/raw/plan_api/static/2025/329.json,1
2025,综合,329,上海杉达学院,423568,01,不限,120204,财务管理,17,35000,四年,https://static-data.gaokao.cn/www/2.0/schoolspecialplan/329/2025/31.json?a=www.gaokao.cn,data/shanghai/raw/plan_api/static/2025/329.json,1
2025,综合,329,上海杉达学院,423568,01,不限,050301,新闻学,5,35000,四年,https://static-data.gaokao.cn/www/2.0/schoolspecialplan/329/2025/31.json?a=www.gaokao.cn,data/shanghai/raw/plan_api/static/2025/329.json,1
2025,综合,329,上海杉达学院,423568,01,不限,120202,市场营销,15,35000,四年,https://static-data.gaokao.cn/www/2.0/schoolspecialplan/329/2025/31.json?a=www.gaokao.cn,data/shanghai/raw/plan_api/static/2025/329.json,1
2025,综合,329,上海杉达学院,423568,01,不限,120902,酒店管理,14,35000,四年,https://static-data.gaokao.cn/www/2.0/schoolspecialplan/329/2025/31.json?a=www.gaokao.cn,data/shanghai/raw/plan_api/static/2025/329.json,1
2025,综合,329,上海杉达学院,423568,01,不限,040107,小学教育,14,35000,四年,https://static-data.gaokao.cn/www/2.0/schoolspecialplan/329/2025/31.json?a=www.gaokao.cn,data/shanghai/raw/plan_api/static/2025/329.json,1
2025,综合,329,上海杉达学院,423568,01,不限,050103,汉语国际教育,13,35000,四年,https://static-data.gaokao.cn/www/2.0/schoolspecialplan/329/2025/31.json?a=www.gaokao.cn,data/shanghai/raw/plan_api/static/2025/329.json,1
2025,综合,329,上海杉达学院,423568,01,不限,050308T,时尚传播,12,35000,四年,https://static-data.gaokao.cn/www/2.0/schoolspecialplan/329/2025/31.json?a=www.gaokao.cn,data/shanghai/raw/plan_api/static/2025/329.json,1
2025,综合,329,上海杉达学院,423568,01,不限,040106,学前教育,12,35000,四年,https://static-data.gaokao.cn/www/2.0/schoolspecialplan/329/2025/31.json?a=www.gaokao.cn,data/shanghai/raw/plan_api/static/2025/329.json,1
2025,综合,329,上海杉达学院,423568,01,不限,050306T,网络与新媒体,10,35000,四年,https://static-data.gaokao.cn/www/2.0/schoolspecialplan/329/2025/31.json?a=www.gaokao.cn,data/shanghai/raw/plan_api/static/2025/329.json,1
2025,综合,329,上海杉达学院,423568,01,不限,040111T,卫生教育,9,35000,四年,https://static-data.gaokao.cn/www/2.0/schoolspecialplan/329/2025/31.json?a=www.gaokao.cn,data/shanghai/raw/plan_api/static/2025/329.json,1
2025,综合,329,上海杉达学院,423568,01,不限,082803,风景园林,7,35000,四年,https://static-data.gaokao.cn/www/2.0/schoolspecialplan/329/2025/31.json?a=www.gaokao.cn,data/shanghai/raw/plan_api/static/2025/329.json,1
2025,综合,329,上海杉达学院,423568,01,不限,120901K,旅游管理,6,35000,四年,https://static-data.gaokao.cn/www/2.0/schoolspecialplan/329/2025/31.json?a=www.gaokao.cn,data/shanghai/raw/plan_api/static/2025/329.json,1
2025,综合,329,上海杉达学院,423568,01,不限,050207,日语,4,35000,四年,https://static-data.gaokao.cn/www/2.0/schoolspecialplan/329/2025/31.json?a=www.gaokao.cn,data/shanghai/raw/plan_api/static/2025/329.json,1
2025,综合,329,上海杉达学院,423568,01,不限,120801,电子商务,2,35000,四年,https://static-data.gaokao.cn/www/2.0/schoolspecialplan/329/2025/31.json?a=www.gaokao.cn,data/shanghai/raw/plan_api/static/2025/329.json,1
2025,综合,329,上海杉达学院,423570,02,物理、化学(2科必选),080910T,数据科学与大数据技术,86,35000,四年,https://static-data.gaokao.cn/www/2.0/schoolspecialplan/329/2025/31.json?a=www.gaokao.cn,data/shanghai/raw/plan_api/static/2025/329.json,1
2025,综合,329,上海杉达学院,423592,03,化学必选,101101K,护理学,81,35000,四年,https://static-data.gaokao.cn/www/2.0/schoolspecialplan/329/2025/31.json?a=www.gaokao.cn,data/shanghai/raw/plan_api/static/2025/329.json,1
2025,综合,329,上海杉达学院,423570,02,物理、化学(2科必选),080901,计算机科学与技术,80,35000,四年,https://static-data.gaokao.cn/www/2.0/schoolspecialplan/329/2025/31.json?a=www.gaokao.cn,data/shanghai/raw/plan_api/static/2025/329.json,1
2025,综合,329,上海杉达学院,423570,02,物理、化学(2科必选),080902,软件工程,48,35000,四年,https://static-data.gaokao.cn/www/2.0/schoolspecialplan/329/2025/31.json?a=www.gaokao.cn,data/shanghai/raw/plan_api/static/2025/329.json,1
2025,综合,329,上海杉达学院,423570,02,物理、化学(2科必选),080604T,电气工程与智能控制,43,35000,四年,https://static-data.gaokao.cn/www/2.0/schoolspecialplan/329/2025/31.json?a=www.gaokao.cn,data/shanghai/raw/plan_api/static/2025/329.json,1
2025,综合,329,上海杉达学院,423570,02,物理、化学(2科必选),082702,食品质量与安全,42,35000,四年,https://static-data.gaokao.cn/www/2.0/schoolspecialplan/329/2025/31.json?a=www.gaokao.cn,data/shanghai/raw/plan_api/static/2025/329.json,1
2025,综合,329,上海杉达学院,423570,02,物理、化学(2科必选),081004,建筑电气与智能化,40,35000,四年,https://static-data.gaokao.cn/www/2.0/schoolspecialplan/329/2025/31.json?a=www.gaokao.cn,data/shanghai/raw/plan_api/static/2025/329.json,1
2025,综合,329,上海杉达学院,423570,02,物理、化学(2科必选),080204,机械电子工程,32,35000,四年,https://static-data.gaokao.cn/www/2.0/schoolspecialplan/329/2025/31.json?a=www.gaokao.cn,data/shanghai/raw/plan_api/static/2025/329.json,1
2025,综合,329,上海杉达学院,423570,02,物理、化学(2科必选),080803T,机器人工程,23,35000,四年,https://static-data.gaokao.cn/www/2.0/schoolspecialplan/329/2025/31.json?a=www.gaokao.cn,data/shanghai/raw/plan_api/static/2025/329.json,1
2025,综合,329,上海杉达学院,423570,02,物理、化学(2科必选),081001,土木工程,20,35000,四年,https://static-data.gaokao.cn/www/2.0/schoolspecialplan/329/2025/31.json?a=www.gaokao.cn,data/shanghai/raw/plan_api/static/2025/329.json,1
2025,综合,329,上海杉达学院,423569,04,物理必选,120103,工程管理,19,35000,四年,https://static-data.gaokao.cn/www/2.0/schoolspecialplan/329/2025/31.json?a=www.gaokao.cn,data/shanghai/raw/plan_api/static/2025/329.json,1
2025,综合,329,上海杉达学院,423570,02,物理、化学(2科必选),101005,康复治疗学,15,35000,四年,https://static-data.gaokao.cn/www/2.0/schoolspecialplan/329/2025/31.json?a=www.gaokao.cn,data/shanghai/raw/plan_api/static/2025/329.json,1
2025,综合,329,上海杉达学院,423578,05,不限,120204,财务管理,5,45000,四年,https://static-data.gaokao.cn/www/2.0/schoolspecialplan/329/2025/31.json?a=www.gaokao.cn,data/shanghai/raw/plan_api/static/2025/329.json,1
2025,综合,329,上海杉达学院,423578,05,不限,120203K,会计学,4,60000,四年,https://static-data.gaokao.cn/www/2.0/schoolspecialplan/329/2025/31.json?a=www.gaokao.cn,data/shanghai/raw/plan_api/static/2025/329.json,1
2025,综合,329,上海杉达学院,423578,05,不限,020401,国际经济与贸易,4,48000,四年,https://static-data.gaokao.cn/www/2.0/schoolspecialplan/329/2025/31.json?a=www.gaokao.cn,data/shanghai/raw/plan_api/static/2025/329.json,1
2025,综合,329,上海杉达学院,423578,05,不限,020301K,金融学,3,45000,四年,https://static-data.gaokao.cn/www/2.0/schoolspecialplan/329/2025/31.json?a=www.gaokao.cn,data/shanghai/raw/plan_api/static/2025/329.json,1
2025,综合,329,上海杉达学院,423578,05,不限,050308T,时尚传播,2,60000,四年,https://static-data.gaokao.cn/www/2.0/schoolspecialplan/329/2025/31.json?a=www.gaokao.cn,data/shanghai/raw/plan_api/static/2025/329.json,1
2025,综合,329,上海杉达学院,423578,05,不限,120901K,旅游管理,1,60000,四年,https://static-data.gaokao.cn/www/2.0/schoolspecialplan/329/2025/31.json?a=www.gaokao.cn,data/shanghai/raw/plan_api/static/2025/329.json,1
2025,综合,330,西安交通大学,423601,01,物理、化学(2科必选),97698,工科试验班,1,6600,四年,https://static-data.gaokao.cn/www/2.0/schoolspecialplan/330/2025/31.json?a=www.gaokao.cn,data/shanghai/raw/plan_api/static/2025/330.json,1
2025,综合,330,西安交通大学,423601,01,物理、化学(2科必选),080801,自动化,3,6600,四年,https://static-data.gaokao.cn/www/2.0/schoolspecialplan/330/2025/31.json?a=www.gaokao.cn,data/shanghai/raw/plan_api/static/2025/330.json,1
2025,综合,330,西安交通大学,423601,01,物理、化学(2科必选),080704,微电子科学与工程,3,6600,四年,https://static-data.gaokao.cn/www/2.0/schoolspecialplan/330/2025/31.json?a=www.gaokao.cn,data/shanghai/raw/plan_api/static/2025/330.json,1
2025,综合,330,西安交通大学,423601,01,物理、化学(2科必选),080717T,人工智能,2,6600,四年,https://static-data.gaokao.cn/www/2.0/schoolspecialplan/330/2025/31.json?a=www.gaokao.cn,data/shanghai/raw/plan_api/static/2025/330.json,1
2025,综合,330,西安交通大学,423601,01,物理、化学(2科必选),97655,理科试验班,1,6600,四年,https://static-data.gaokao.cn/www/2.0/schoolspecialplan/330/2025/31.json?a=www.gaokao.cn,data/shanghai/raw/plan_api/static/2025/330.json,1
2025,综合,330,西安交通大学,423601,01,物理、化学(2科必选),080504T,储能科学与工程,1,6600,四年,https://static-data.gaokao.cn/www/2.0/schoolspecialplan/330/2025/31.json?a=www.gaokao.cn,data/shanghai/raw/plan_api/static/2025/330.json,1
2025,综合,330,西安交通大学,423616,02,物理、化学(2科必选),080205,工业设计,4,90000,四年,https://static-data.gaokao.cn/www/2.0/schoolspecialplan/330/2025/31.json?a=www.gaokao.cn,data/shanghai/raw/plan_api/static/2025/330.json,0
2025,综合,330,西安交通大学,423616,02,物理、化学(2科必选),082801,建筑学,4,90000,五年,https://static-data.gaokao.cn/www/2.0/schoolspecialplan/330/2025/31.json?a=www.gaokao.cn,data/shanghai/raw/plan_api/static/2025/330.json,0
2025,综合,330,西安交通大学,423609,03,物理、化学(2科必选),080601,电气工程及其自动化,3,150000,四年,https://static-data.gaokao.cn/www/2.0/schoolspecialplan/330/2025/31.json?a=www.gaokao.cn,data/shanghai/raw/plan_api/static/2025/330.json,0
2025,综合,332,西北农林科技大学,423602,06,物理、化学(2科必选),082503,环境科学,2,60000,四年,https://static-data.gaokao.cn/www/2.0/schoolspecialplan/332/2025/31.json?a=www.gaokao.cn,data/shanghai/raw/plan_api/static/2025/332.json,0
2025,综合,332,西北农林科技大学,423608,01,不限,0201,经济学类,3,5500,四年,https://static-data.gaokao.cn/www/2.0/schoolspecialplan/332/2025/31.json?a=www.gaokao.cn,data/shanghai/raw/plan_api/static/2025/332.json,1
2025,综合,332,西北农林科技大学,423614,03,物、化、生(3科必选),0710,生物科学类,3,6600,四年,https://static-data.gaokao.cn/www/2.0/schoolspecialplan/332/2025/31.json?a=www.gaokao.cn,data/shanghai/raw/plan_api/static/2025/332.json,1
2025,综合,332,西北农林科技大学,423608,01,不限,030101K,法学,2,5500,四年,https://static-data.gaokao.cn/www/2.0/schoolspecialplan/332/2025/31.json?a=www.gaokao.cn,data/shanghai/raw/plan_api/static/2025/332.json,1
2025,综合,332,西北农林科技大学,423604,02,物理必选,082803,风景园林,2,6600,四年,https://static-data.gaokao.cn/www/2.0/schoolspecialplan/332/2025/31.json?a=www.gaokao.cn,data/shanghai/raw/plan_api/static/2025/332.json,1
2025,综合,332,西北农林科技大学,423603,04,物理、化学(2科必选),090401,动物医学,2,6600,五年,https://static-data.gaokao.cn/www/2.0/schoolspecialplan/332/2025/31.json?a=www.gaokao.cn,data/shanghai/raw/plan_api/static/2025/332.json,1
2025,综合,332,西北农林科技大学,423608,01,不限,1202,工商管理类,2,5500,四年,https://static-data.gaokao.cn/www/2.0/schoolspecialplan/332/2025/31.json?a=www.gaokao.cn,data/shanghai/raw/plan_api/static/2025/332.json,1
2025,综合,332,西北农林科技大学,423610,05,物理、化学(2科必选),082710T,食品营养与健康,2,6600,四年,https://static-data.gaokao.cn/www/2.0/schoolspecialplan/332/2025/31.json?a=www.gaokao.cn,data/shanghai/raw/plan_api/static/2025/332.json,1
2025,综合,333,淮南师范学院,423598,02,物理必选,020302,金融工程,2,4600,四年,https://static-data.gaokao.cn/www/2.0/schoolspecialplan/333/2025/31.json?a=www.gaokao.cn,data/shanghai/raw/plan_api/static/2025/333.json,1
2025,综合,333,淮南师范学院,423598,02,物理必选,020109T,数字经济,2,4600,四年,https://static-data.gaokao.cn/www/2.0/schoolspecialplan/333/2025/31.json?a=www.gaokao.cn,data/shanghai/raw/plan_api/static/2025/333.json,1
2025,综合,333,淮南师范学院,423598,02,物理必选,120108T,大数据管理与应用,2,4600,四年,https://static-data.gaokao.cn/www/2.0/schoolspecialplan/333/2025/31.json?a=www.gaokao.cn,data/shanghai/raw/plan_api/static/2025/333.json,1
2025,综合,333,淮南师范学院,423606,01,不限,050301,新闻学,2,4600,四年,https://static-data.gaokao.cn/www/2.0/schoolspecialplan/333/2025/31.json?a=www.gaokao.cn,data/shanghai/raw/plan_api/static/2025/333.json,1
2025,综合,333,淮南师范学院,423606,01,不限,050262,商务英语,2,4600,四年,https://static-data.gaokao.cn/www/2.0/schoolspecialplan/333/2025/31.json?a=www.gaokao.cn,data/shanghai/raw/plan_api/static/2025/333.json,1
2025,综合,333,淮南师范学院,423606,01,不限,050201,英语,2,5060,四年,https://static-data.gaokao.cn/www/2.0/schoolspecialplan/333/2025/31.json?a=www.gaokao.cn,data/shanghai/raw/plan_api/static/2025/333.json,1
2025,综合,333,淮南师范学院,423606,01,不限,050303,广告学,2,4600,四年,https://static-data.gaokao.cn/www/2.0/schoolspecialplan/333/2025/31.json?a=www.gaokao.cn,data/shanghai/raw/plan_api/static/2025/333.json,1
2025,综合,333,淮南师范学院,423606,01,不限,030101K,法学,2,5060,四年,https://static-data.gaokao.cn/www/2.0/schoolspecialplan/333/2025/31.json?a=www.gaokao.cn,data/shanghai/raw/plan_api/static/2025/333.json,1
2025,综合,333,淮南师范学院,423606,01,不限,071102,应用心理学,2,4900,四年,https://static-data.gaokao.cn/www/2.0/schoolspecialplan/333/2025/31.json?a=www.gaokao.cn,data/shanghai/raw/plan_api/static/2025/333.json,1
2025,综合,333,淮南师范学院,423606,01,不限,020401,国际经济与贸易,2,4600,四年,https://static-data.gaokao.cn/www/2.0/schoolspecialplan/333/2025/31.json?a=www.gaokao.cn,data/shanghai/raw/plan_api/static/2025/333.json,1
2025,综合,334,陕西师范大学,423611,02,历史必选,0601,历史学类,2,5500,四年,https://static-data.gaokao.cn/www/2.0/schoolspecialplan/334/2025/31.json?a=www.gaokao.cn,data/shanghai/raw/plan_api/static/2025/334.json,1
2025,综合,334,陕西师范大学,423611,02,历史必选,0501,中国语言文学类,2,5500,四年,https://static-data.gaokao.cn/www/2.0/schoolspecialplan/334/2025/31.json?a=www.gaokao.cn,data/shanghai/raw/plan_api/static/2025/334.json,1
2025,综合,334,陕西师范大学,423613,01,不限,0503,新闻传播学类,2,5500,四年,https://static-data.gaokao.cn/www/2.0/schoolspecialplan/334/2025/31.json?a=www.gaokao.cn,data/shanghai/raw/plan_api/static/2025/334.json,1
2025,综合,334,陕西师范大学,423615,03,物理、化学(2科必选),0809,计算机类,2,6600,四年,https://static-data.gaokao.cn/www/2.0/schoolspecialplan/334/2025/31.json?a=www.gaokao.cn,data/shanghai/raw/plan_api/static/2025/334.json,1
2025,综合,334,陕西师范大学,423615,03,物理、化学(2科必选),0710,生物科学类,2,6600,四年,https://static-data.gaokao.cn/www/2.0/schoolspecialplan/334/2025/31.json?a=www.gaokao.cn,data/shanghai/raw/plan_api/static/2025/334.json,1
2025,综合,334,陕西师范大学,423615,03,物理、化学(2科必选),0804,材料类,2,6600,四年,https://static-data.gaokao.cn/www/2.0/schoolspecialplan/334/2025/31.json?a=www.gaokao.cn,data/shanghai/raw/plan_api/static/2025/334.json,1
2025,综合,335,理工盘锦,423600,01,不限,120203K,会计学,4,5635,四年,https://static-data.gaokao.cn/www/2.0/schoolspecialplan/335/2025/31.json?a=www.gaokao.cn,data/shanghai/raw/plan_api/static/2025/335.json,1
2025,综合,335,理工盘锦,423600,01,不限,020301K,金融学,4,5635,四年,https://static-data.gaokao.cn/www/2.0/schoolspecialplan/335/2025/31.json?a=www.gaokao.cn,data/shanghai/raw/plan_api/static/2025/335.json,1
2025,综合,335,理工盘锦,423600,01,不限,0204,经济与贸易类,4,5635,四年,https://static-data.gaokao.cn/www/2.0/schoolspecialplan/335/2025/31.json?a=www.gaokao.cn,data/shanghai/raw/plan_api/static/2025/335.json,1
2025,综合,335,理工盘锦,423600,01,不限,120604T,供应链管理,3,4900,四年,https://static-data.gaokao.cn/www/2.0/schoolspecialplan/335/2025/31.json?a=www.gaokao.cn,data/shanghai/raw/plan_api/static/2025/335.json,1
2025,综合,336,延安大学,423605,01,不限,030302,社会工作,3,5400,四年,https://static-data.gaokao.cn/www/2.0/schoolspecialplan/336/2025/31.json?a=www.gaokao.cn,data/shanghai/raw/plan_api/static/2025/336.json,1
2025,综合,336,延安大学,423605,01,不限,120201K,工商管理,3,5400,四年,https://static-data.gaokao.cn/www/2.0/schoolspecialplan/336/2025/31.json?a=www.gaokao.cn,data/shanghai/raw/plan_api/static/2025/336.json,1
2025,综合,336,延安大学,423605,01,不限,030101K,法学,2,5000,四年,https://static-data.gaokao.cn/www/2.0/schoolspecialplan/336/2025/31.json?a=www.gaokao.cn,data/shanghai/raw/plan_api/static/2025/336.json,1
2025,综合,336,延安大学,423612,02,物理必选,040206T,运动康复,2,5000,四年,https://static-data.gaokao.cn/www/2.0/schoolspecialplan/336/2025/31.json?a=www.gaokao.cn,data/shanghai/raw/plan_api/static/2025/336.json,1
2025,综合,342,昆明理工大学,423617,02,物、化、生(3科必选),080801,自动化,2,5000,四年,https://static-data.gaokao.cn/www/2.0/schoolspecialplan/342/2025/31.json?a=www.gaokao.cn,data/shanghai/raw/plan_api/static/2025/342.json,1
2025,综合,342,昆明理工大学,423624,01,物理、化学(2科必选),080401,材料科学与工程,3,5900,四年,https://static-data.gaokao.cn/www/2.0/schoolspecialplan/342/2025/31.json?a=www.gaokao.cn,data/shanghai/raw/plan_api/static/2025/342.json,1
2025,综合,342,昆明理工大学,423624,01,物理、化学(2科必选),080601,电气工程及其自动化,2,5000,四年,https://static-data.gaokao.cn/www/2.0/schoolspecialplan/342/2025/31.json?a=www.gaokao.cn,data/shanghai/raw/plan_api/static/2025/342.json,1
2025,综合,342,昆明理工大学,423624,01,物理、化学(2科必选),080201,机械工程,2,5900,四年,https://static-data.gaokao.cn/www/2.0/schoolspecialplan/342/2025/31.json?a=www.gaokao.cn,data/shanghai/raw/plan_api/static/2025/342.json,1
2025,综合,343,云南农业大学,261739,(物化),物理、化学(2科必选),082713T,咖啡科学与工程,3,,4,https://static-data.gaokao.cn/www/2.0/schoolspecialplan/343/2025/31.json?a=www.gaokao.cn,data/shanghai/raw/plan_api/static/2025/343.json,0
2025,综合,343,云南农业大学,261739,(物化),物理、化学(2科必选),090401,动物医学,2,,4,https://static-data.gaokao.cn/www/2.0/schoolspecialplan/343/2025/31.json?a=www.gaokao.cn,data/shanghai/raw/plan_api/static/2025/343.json,0
2025,综合,344,云南师范大学,423622,02,历史、思想政治(2科必选),050101,汉语言文学,2,4200,四年,https://static-data.gaokao.cn/www/2.0/schoolspecialplan/344/2025/31.json?a=www.gaokao.cn,data/shanghai/raw/plan_api/static/2025/344.json,1
2025,综合,344,云南师范大学,423626,01,物理、化学(2科必选),070101,数学与应用数学,2,5000,四年,https://static-data.gaokao.cn/www/2.0/schoolspecialplan/344/2025/31.json?a=www.gaokao.cn,data/shanghai/raw/plan_api/static/2025/344.json,1
2025,综合,347,昆明医科大学,423621,01,物理、化学(2科必选),100201K,临床医学,3,6000,五年,https://static-data.gaokao.cn/www/2.0/schoolspecialplan/347/2025/31.json?a=www.gaokao.cn,data/shanghai/raw/plan_api/static/2025/347.json,1
2025,综合,347,昆明医科大学,423621,01,物理、化学(2科必选),101005,康复治疗学,1,5500,四年,https://static-data.gaokao.cn/www/2.0/schoolspecialplan/347/2025/31.json?a=www.gaokao.cn,data/shanghai/raw/plan_api/static/2025/347.json,1
2025,综合,347,昆明医科大学,423621,01,物理、化学(2科必选),100703TK,临床药学,1,6000,五年,https://static-data.gaokao.cn/www/2.0/schoolspecialplan/347/2025/31.json?a=www.gaokao.cn,data/shanghai/raw/plan_api/static/2025/347.json,1
2025,综合,347,昆明医科大学,423621,01,物理、化学(2科必选),100202TK,麻醉学,1,5500,五年,https://static-data.gaokao.cn/www/2.0/schoolspecialplan/347/2025/31.json?a=www.gaokao.cn,data/shanghai/raw/plan_api/static/2025/347.json,1
2025,综合,347,昆明医科大学,423621,01,物理、化学(2科必选),100203TK,医学影像学,1,5500,五年,https://static-data.gaokao.cn/www/2.0/schoolspecialplan/347/2025/31.json?a=www.gaokao.cn,data/shanghai/raw/plan_api/static/2025/347.json,1
2025,综合,347,昆明医科大学,423621,01,物理、化学(2科必选),100301K,口腔医学,1,6000,五年,https://static-data.gaokao.cn/www/2.0/schoolspecialplan/347/2025/31.json?a=www.gaokao.cn,data/shanghai/raw/plan_api/static/2025/347.json,1
2025,综合,349,西安理工大学,423623,01,物理、化学(2科必选),070102,信息与计算科学,2,6480,四年,https://static-data.gaokao.cn/www/2.0/schoolspecialplan/349/2025/31.json?a=www.gaokao.cn,data/shanghai/raw/plan_api/static/2025/349.json,1
2025,综合,349,西安理工大学,423623,01,物理、化学(2科必选),080401,材料科学与工程,2,6480,四年,https://static-data.gaokao.cn/www/2.0/schoolspecialplan/349/2025/31.json?a=www.gaokao.cn,data/shanghai/raw/plan_api/static/2025/349.json,1
2025,综合,349,西安理工大学,423623,01,物理、化学(2科必选),080905,物联网工程,1,6000,四年,https://static-data.gaokao.cn/www/2.0/schoolspecialplan/349/2025/31.json?a=www.gaokao.cn,data/shanghai/raw/plan_api/static/2025/349.json,1
2025,综合,352,沈阳药大,423629,02,物理、化学(2科必选),080704,微电子科学与工程,2,6480,四年,https://static-data.gaokao.cn/www/2.0/schoolspecialplan/352/2025/31.json?a=www.gaokao.cn,data/shanghai/raw/plan_api/static/2025/352.json,1
2025,综合,352,沈阳药大,423629,02,物理、化学(2科必选),080901,计算机科学与技术,2,6480,四年,https://static-data.gaokao.cn/www/2.0/schoolspecialplan/352/2025/31.json?a=www.gaokao.cn,data/shanghai/raw/plan_api/static/2025/352.json,1
2025,综合,352,沈阳药大,423638,01,物理必选,020109T,数字经济,2,5000,四年,https://static-data.gaokao.cn/www/2.0/schoolspecialplan/352/2025/31.json?a=www.gaokao.cn,data/shanghai/raw/plan_api/static/2025/352.json,1
2025,综合,354,西安石油大学,423635,02,物理、化学(2科必选),081301,化学工程与工艺,2,6480,四年,https://static-data.gaokao.cn/www/2.0/schoolspecialplan/354/2025/31.json?a=www.gaokao.cn,data/shanghai/raw/plan_api/static/2025/354.json,1
2025,综合,354,西安石油大学,423635,02,物理、化学(2科必选),080601,电气工程及其自动化,2,6480,四年,https://static-data.gaokao.cn/www/2.0/schoolspecialplan/354/2025/31.json?a=www.gaokao.cn,data/shanghai/raw/plan_api/static/2025/354.json,1
2025,综合,354,西安石油大学,423635,02,物理、化学(2科必选),0809,计算机类,2,6480,四年,https://static-data.gaokao.cn/www/2.0/schoolspecialplan/354/2025/31.json?a=www.gaokao.cn,data/shanghai/raw/plan_api/static/2025/354.json,1
2025,综合,354,西安石油大学,423637,01,不限,050201,英语,2,5400,四年,https://static-data.gaokao.cn/www/2.0/schoolspecialplan/354/2025/31.json?a=www.gaokao.cn,data/shanghai/raw/plan_api/static/2025/354.json,1
2025,综合,354,西安石油大学,423637,01,不限,1202,工商管理类,2,5000,四年,https://static-data.gaokao.cn/www/2.0/schoolspecialplan/354/2025/31.json?a=www.gaokao.cn,data/shanghai/raw/plan_api/static/2025/354.json,1
2025,综合,356,云南财经大学,423628,01,不限,020301K,金融学,5,5000,四年,https://static-data.gaokao.cn/www/2.0/schoolspecialplan/356/2025/31.json?a=www.gaokao.cn,data/shanghai/raw/plan_api/static/2025/356.json,1
2025,综合,356,云南财经大学,423628,01,不限,120203K,会计学,5,5000,四年,https://static-data.gaokao.cn/www/2.0/schoolspecialplan/356/2025/31.json?a=www.gaokao.cn,data/shanghai/raw/plan_api/static/2025/356.json,1
2025,综合,357,陕西科技大学,423627,01,物理、化学(2科必选),080701,电子信息工程,2,6480,四年,https://static-data.gaokao.cn/www/2.0/schoolspecialplan/357/2025/31.json?a=www.gaokao.cn,data/shanghai/raw/plan_api/static/2025/357.json,1
2025,综合,357,陕西科技大学,423627,01,物理、化学(2科必选),0809,计算机类,2,6480,四年,https://static-data.gaokao.cn/www/2.0/schoolspecialplan/357/2025/31.json?a=www.gaokao.cn,data/shanghai/raw/plan_api/static/2025/357.json,1
2025,综合,357,陕西科技大学,423627,01,物理、化学(2科必选),080719T,柔性电子学,2,6480,四年,https://static-data.gaokao.cn/www/2.0/schoolspecialplan/357/2025/31.json?a=www.gaokao.cn,data/shanghai/raw/plan_api/static/2025/357.json,1
2025,综合,357,陕西科技大学,423634,02,不限,130305,广播电视编导,2,15120,四年,https://static-data.gaokao.cn/www/2.0/schoolspecialplan/357/2025/31.json?a=www.gaokao.cn,data/shanghai/raw/plan_api/static/2025/357.json,1
2025,综合,357,陕西科技大学,423632,03,物理、化学(2科必选),080205,工业设计,1,60000,四年,https://static-data.gaokao.cn/www/2.0/schoolspecialplan/357/2025/31.json?a=www.gaokao.cn,data/shanghai/raw/plan_api/static/2025/357.json,0
2025,综合,359,云南警官学院,423630,01,历史、思想政治(2科必选),030101K,法学,1,4500,四年,https://static-data.gaokao.cn/www/2.0/schoolspecialplan/359/2025/31.json?a=www.gaokao.cn,data/shanghai/raw/plan_api/static/2025/359.json,1
2025,综合,361,大连东软,423641,01,不限,120206,人力资源管理,2,5400,四年,https://static-data.gaokao.cn/www/2.0/schoolspecialplan/361/2025/31.json?a=www.gaokao.cn,data/shanghai/raw/plan_api/static/2025/361.json,1
2025,综合,361,大连东软,423643,02,物理、化学(2科必选),080601,电气工程及其自动化,3,6480,四年,https://static-data.gaokao.cn/www/2.0/schoolspecialplan/361/2025/31.json?a=www.gaokao.cn,data/shanghai/raw/plan_api/static/2025/361.json,1
2025,综合,362,大理大学,423639,02,物理、化学(2科必选),100301K,口腔医学,2,5500,五年,https://static-data.gaokao.cn/www/2.0/schoolspecialplan/362/2025/31.json?a=www.gaokao.cn,data/shanghai/raw/plan_api/static/2025/362.json,1
2025,综合,362,大理大学,423639,02,物理、化学(2科必选),100201K,临床医学,2,6000,五年,https://static-data.gaokao.cn/www/2.0/schoolspecialplan/362/2025/31.json?a=www.gaokao.cn,data/shanghai/raw/plan_api/static/2025/362.json,1
2025,综合,362,大理大学,423639,02,物理、化学(2科必选),100203TK,医学影像学,2,5500,五年,https://static-data.gaokao.cn/www/2.0/schoolspecialplan/362/2025/31.json?a=www.gaokao.cn,data/shanghai/raw/plan_api/static/2025/362.json,1
2025,综合,362,大理大学,423642,01,不限,1202,工商管理类,2,4500,四年,https://static-data.gaokao.cn/www/2.0/schoolspecialplan/362/2025/31.json?a=www.gaokao.cn,data/shanghai/raw/plan_api/static/2025/362.json,1
2025,综合,362,大理大学,423642,01,不限,020101,经济学,2,4500,四年,https://static-data.gaokao.cn/www/2.0/schoolspecialplan/362/2025/31.json?a=www.gaokao.cn,data/shanghai/raw/plan_api/static/2025/362.json,1
2025,综合,363,西安邮电大学,423646,01,物理、化学(2科必选),080703,通信工程,2,6480,四年,https://static-data.gaokao.cn/www/2.0/schoolspecialplan/363/2025/31.json?a=www.gaokao.cn,data/shanghai/raw/plan_api/static/2025/363.json,1
2025,综合,363,西安邮电大学,423646,01,物理、化学(2科必选),080701,电子信息工程,1,6480,四年,https://static-data.gaokao.cn/www/2.0/schoolspecialplan/363/2025/31.json?a=www.gaokao.cn,data/shanghai/raw/plan_api/static/2025/363.json,1
2025,综合,363,西安邮电大学,423646,01,物理、化学(2科必选),080904K,信息安全,1,6480,四年,https://static-data.gaokao.cn/www/2.0/schoolspecialplan/363/2025/31.json?a=www.gaokao.cn,data/shanghai/raw/plan_api/static/2025/363.json,1
2025,综合,363,西安邮电大学,423646,01,物理、化学(2科必选),080303T,智能感知工程,1,6000,四年,https://static-data.gaokao.cn/www/2.0/schoolspecialplan/363/2025/31.json?a=www.gaokao.cn,data/shanghai/raw/plan_api/static/2025/363.json,1
2025,综合,364,西藏大学,423644,02,历史必选,050101,汉语言文学,1,3360,四年,https://static-data.gaokao.cn/www/2.0/schoolspecialplan/364/2025/31.json?a=www.gaokao.cn,data/shanghai/raw/plan_api/static/2025/364.json,1
2025,综合,364,西藏大学,423649,01,不限,020101,经济学,2,2800,四年,https://static-data.gaokao.cn/www/2.0/schoolspecialplan/364/2025/31.json?a=www.gaokao.cn,data/shanghai/raw/plan_api/static/2025/364.json,1
2025,综合,364,西藏大学,423651,03,物理、化学(2科必选),070101,数学与应用数学,2,,四年,https://static-data.gaokao.cn/www/2.0/schoolspecialplan/364/2025/31.json?a=www.gaokao.cn,data/shanghai/raw/plan_api/static/2025/364.json,1
2025,综合,364,西藏大学,423651,03,物理、化学(2科必选),081801,交通运输,2,3360,四年,https://static-data.gaokao.cn/www/2.0/schoolspecialplan/364/2025/31.json?a=www.gaokao.cn,data/shanghai/raw/plan_api/static/2025/364.json,1
2025,综合,364,西藏大学,423649,01,不限,020301K,金融学,2,2800,四年,https://static-data.gaokao.cn/www/2.0/schoolspecialplan/364/2025/31.json?a=www.gaokao.cn,data/shanghai/raw/plan_api/static/2025/364.json,1
2025,综合,364,西藏大学,423651,03,物理、化学(2科必选),101101K,护理学,1,3360,四年,https://static-data.gaokao.cn/www/2.0/schoolspecialplan/364/2025/31.json?a=www.gaokao.cn,data/shanghai/raw/plan_api/static/2025/364.json,1
2025,综合,364,西藏大学,423649,01,不限,120901K,旅游管理,1,3360,四年,https://static-data.gaokao.cn/www/2.0/schoolspecialplan/364/2025/31.json?a=www.gaokao.cn,data/shanghai/raw/plan_api/static/2025/364.json,1
2025,综合,364,西藏大学,423650,04,历史、思想政治(2科必选),030101K,法学,1,3360,四年,https://static-data.gaokao.cn/www/2.0/schoolspecialplan/364/2025/31.json?a=www.gaokao.cn,data/shanghai/raw/plan_api/static/2025/364.json,1
2025,综合,364,西藏大学,423652,05,物、化、生(3科必选),071001,生物科学,1,,四年,https://static-data.gaokao.cn/www/2.0/schoolspecialplan/364/2025/31.json?a=www.gaokao.cn,data/shanghai/raw/plan_api/static/2025/364.json,1
2025,综合,364,西藏大学,423650,04,历史、思想政治(2科必选),030503,思想政治教育,1,,四年,https://static-data.gaokao.cn/www/2.0/schoolspecialplan/364/2025/31.json?a=www.gaokao.cn,data/shanghai/raw/plan_api/static/2025/364.json,1
2025,综合,367,青海大学,423640,02,物理、化学(2科必选),080901,计算机科学与技术,1,5460,四年,https://static-data.gaokao.cn/www/2.0/schoolspecialplan/367/2025/31.json?a=www.gaokao.cn,data/shanghai/raw/plan_api/static/2025/367.json,1
2025,综合,367,青海大学,423640,02,物理、化学(2科必选),080601,电气工程及其自动化,1,5460,四年,https://static-data.gaokao.cn/www/2.0/schoolspecialplan/367/2025/31.json?a=www.gaokao.cn,data/shanghai/raw/plan_api/static/2025/367.json,1
2025,综合,367,青海大学,423648,03,物、化、生(3科必选),100301K,口腔医学,1,5770,五年,https://static-data.gaokao.cn/www/2.0/schoolspecialplan/367/2025/31.json?a=www.gaokao.cn,data/shanghai/raw/plan_api/static/2025/367.json,1
2025,综合,367,青海大学,423645,01,不限,020101,经济学,1,4720,四年,https://static-data.gaokao.cn/www/2.0/schoolspecialplan/367/2025/31.json?a=www.gaokao.cn,data/shanghai/raw/plan_api/static/2025/367.json,1
2025,综合,367,青海大学,423648,03,物、化、生(3科必选),100201K,临床医学,1,5770,五年,https://static-data.gaokao.cn/www/2.0/schoolspecialplan/367/2025/31.json?a=www.gaokao.cn,data/shanghai/raw/plan_api/static/2025/367.json,1
2025,综合,367,青海大学,423645,01,不限,020301K,金融学,1,4720,四年,https://static-data.gaokao.cn/www/2.0/schoolspecialplan/367/2025/31.json?a=www.gaokao.cn,data/shanghai/raw/plan_api/static/2025/367.json,1
2025,综合,368,渭南师范学院,423653,01,不限,040106,学前教育,5,39600,四年,https://static-data.gaokao.cn/www/2.0/schoolspecialplan/368/2025/31.json?a=www.gaokao.cn,data/shanghai/raw/plan_api/static/2025/368.json,1
2025,综合,369,宝鸡文理学院,423647,01,不限,0502,外国语言文学类,3,5000,四年,https://static-data.gaokao.cn/www/2.0/schoolspecialplan/369/2025/31.json?a=www.gaokao.cn,data/shanghai/raw/plan_api/static/2025/369.json,1
2025,综合,369,宝鸡文理学院,423647,01,不限,060101,历史学,2,4250,四年,https://static-data.gaokao.cn/www/2.0/schoolspecialplan/369/2025/31.json?a=www.gaokao.cn,data/shanghai/raw/plan_api/static/2025/369.json,1
2025,综合,371,陕西理工大学,423655,01,不限,082801,建筑学,1,6000,五年,https://static-data.gaokao.cn/www/2.0/schoolspecialplan/371/2025/31.json?a=www.gaokao.cn,data/shanghai/raw/plan_api/static/2025/371.json,1
2025,综合,371,陕西理工大学,423655,01,不限,120201K,工商管理,1,5000,四年,https://static-data.gaokao.cn/www/2.0/schoolspecialplan/371/2025/31.json?a=www.gaokao.cn,data/shanghai/raw/plan_api/static/2025/371.json,1
2025,综合,371,陕西理工大学,423655,01,不限,020101,经济学,1,5000,四年,https://static-data.gaokao.cn/www/2.0/schoolspecialplan/371/2025/31.json?a=www.gaokao.cn,data/shanghai/raw/plan_api/static/2025/371.json,1
2025,综合,371,陕西理工大学,423655,01,不限,030101K,法学,1,5000,四年,https://static-data.gaokao.cn/www/2.0/schoolspecialplan/371/2025/31.json?a=www.gaokao.cn,data/shanghai/raw/plan_api/static/2025/371.json,1
2025,综合,371,陕西理工大学,423655,01,不限,082802,城乡规划,1,6000,五年,https://static-data.gaokao.cn/www/2.0/schoolspecialplan/371/2025/31.json?a=www.gaokao.cn,data/shanghai/raw/plan_api/static/2025/371.json,1
2025,综合,373,西安外国语大学,423654,01,不限,050201,英语,2,5400,四年,https://static-data.gaokao.cn/www/2.0/schoolspecialplan/373/2025/31.json?a=www.gaokao.cn,data/shanghai/raw/plan_api/static/2025/373.json,1
2025,综合,373,西安外国语大学,423654,01,不限,050207,日语,2,5400,四年,https://static-data.gaokao.cn/www/2.0/schoolspecialplan/373/2025/31.json?a=www.gaokao.cn,data/shanghai/raw/plan_api/static/2025/373.json,1
2025,综合,373,西安外国语大学,423654,01,不限,050204,法语,1,5400,四年,https://static-data.gaokao.cn/www/2.0/schoolspecialplan/373/2025/31.json?a=www.gaokao.cn,data/shanghai/raw/plan_api/static/2025/373.json,1
2025,综合,373,西安外国语大学,423654,01,不限,050203,德语,1,5400,四年,https://static-data.gaokao.cn/www/2.0/schoolspecialplan/373/2025/31.json?a=www.gaokao.cn,data/shanghai/raw/plan_api/static/2025/373.json,1
2025,综合,373,西安外国语大学,423654,01,不限,020301K,金融学,1,5000,四年,https://static-data.gaokao.cn/www/2.0/schoolspecialplan/373/2025/31.json?a=www.gaokao.cn,data/shanghai/raw/plan_api/static/2025/373.json,1
2025,综合,373,西安外国语大学,423654,01,不限,050205,西班牙语,1,5400,四年,https://static-data.gaokao.cn/www/2.0/schoolspecialplan/373/2025/31.json?a=www.gaokao.cn,data/shanghai/raw/plan_api/static/2025/373.json,1
2025,综合,373,西安外国语大学,423654,01,不限,050232,葡萄牙语,1,5400,四年,https://static-data.gaokao.cn/www/2.0/schoolspecialplan/373/2025/31.json?a=www.gaokao.cn,data/shanghai/raw/plan_api/static/2025/373.json,1
2025,综合,373,西安外国语大学,423654,01,不限,050262,商务英语,1,5400,四年,https://static-data.gaokao.cn/www/2.0/schoolspecialplan/373/2025/31.json?a=www.gaokao.cn,data/shanghai/raw/plan_api/static/2025/373.json,1
2025,综合,374,北华大学,423662,01,不限,040107,小学教育,2,5280,四年,https://static-data.gaokao.cn/www/2.0/schoolspecialplan/374/2025/31.json?a=www.gaokao.cn,data/shanghai/raw/plan_api/static/2025/374.json,1
2025,综合,374,北华大学,423662,01,不限,050306T,网络与新媒体,1,6820,四年,https://static-data.gaokao.cn/www/2.0/schoolspecialplan/374/2025/31.json?a=www.gaokao.cn,data/shanghai/raw/plan_api/static/2025/374.json,1
2025,综合,374,北华大学,423663,02,物理、化学(2科必选),080601,电气工程及其自动化,1,5940,四年,https://static-data.gaokao.cn/www/2.0/schoolspecialplan/374/2025/31.json?a=www.gaokao.cn,data/shanghai/raw/plan_api/static/2025/374.json,1
2025,综合,375,西安财经大学,423658,01,不限,050101,汉语言文学,2,5000,四年,https://static-data.gaokao.cn/www/2.0/schoolspecialplan/375/2025/31.json?a=www.gaokao.cn,data/shanghai/raw/plan_api/static/2025/375.json,1
2025,综合,375,西安财经大学,423658,01,不限,020201K,财政学,2,5000,四年,https://static-data.gaokao.cn/www/2.0/schoolspecialplan/375/2025/31.json?a=www.gaokao.cn,data/shanghai/raw/plan_api/static/2025/375.json,1
2025,综合,375,西安财经大学,423658,01,不限,120207,审计学,2,5000,四年,https://static-data.gaokao.cn/www/2.0/schoolspecialplan/375/2025/31.json?a=www.gaokao.cn,data/shanghai/raw/plan_api/static/2025/375.json,1
2025,综合,375,西安财经大学,423658,01,不限,120201K,工商管理,2,5000,四年,https://static-data.gaokao.cn/www/2.0/schoolspecialplan/375/2025/31.json?a=www.gaokao.cn,data/shanghai/raw/plan_api/static/2025/375.json,1
2025,综合,375,西安财经大学,423658,01,不限,020101,经济学,2,5350,四年,https://static-data.gaokao.cn/www/2.0/schoolspecialplan/375/2025/31.json?a=www.gaokao.cn,data/shanghai/raw/plan_api/static/2025/375.json,1
2025,综合,376,西北政法大学,423664,01,不限,030101K,法学,2,5400,四年,https://static-data.gaokao.cn/www/2.0/schoolspecialplan/376/2025/31.json?a=www.gaokao.cn,data/shanghai/raw/plan_api/static/2025/376.json,1
2025,综合,379,长春理工大学,423656,05,物理、化学(2科必选),080601,电气工程及其自动化,1,5400,四年,https://static-data.gaokao.cn/www/2.0/schoolspecialplan/379/2025/31.json?a=www.gaokao.cn,data/shanghai/raw/plan_api/static/2025/379.json,1
2025,综合,379,长春理工大学,423656,05,物理、化学(2科必选),082103,探测制导与控制技术,1,5940,四年,https://static-data.gaokao.cn/www/2.0/schoolspecialplan/379/2025/31.json?a=www.gaokao.cn,data/shanghai/raw/plan_api/static/2025/379.json,1
2025,综合,379,长春理工大学,423656,05,物理、化学(2科必选),080301,测控技术与仪器,1,5940,四年,https://static-data.gaokao.cn/www/2.0/schoolspecialplan/379/2025/31.json?a=www.gaokao.cn,data/shanghai/raw/plan_api/static/2025/379.json,1
2025,综合,379,长春理工大学,423656,05,物理、化学(2科必选),080206,过程装备与控制工程,1,5940,四年,https://static-data.gaokao.cn/www/2.0/schoolspecialplan/379/2025/31.json?a=www.gaokao.cn,data/shanghai/raw/plan_api/static/2025/379.json,1
2025,综合,379,长春理工大学,423656,05,物理、化学(2科必选),080202,机械设计制造及其自动化,1,5940,四年,https://static-data.gaokao.cn/www/2.0/schoolspecialplan/379/2025/31.json?a=www.gaokao.cn,data/shanghai/raw/plan_api/static/2025/379.json,1
2025,综合,379,长春理工大学,423656,05,物理、化学(2科必选),080701,电子信息工程,1,5940,四年,https://static-data.gaokao.cn/www/2.0/schoolspecialplan/379/2025/31.json?a=www.gaokao.cn,data/shanghai/raw/plan_api/static/2025/379.json,1
2025,综合,379,长春理工大学,423656,05,物理、化学(2科必选),080901,计算机科学与技术,1,5940,四年,https://static-data.gaokao.cn/www/2.0/schoolspecialplan/379/2025/31.json?a=www.gaokao.cn,data/shanghai/raw/plan_api/static/2025/379.json,1
2025,综合,379,长春理工大学,423656,05,物理、化学(2科必选),080703,通信工程,1,5940,四年,https://static-data.gaokao.cn/www/2.0/schoolspecialplan/379/2025/31.json?a=www.gaokao.cn,data/shanghai/raw/plan_api/static/2025/379.json,1
2025,综合,379,长春理工大学,423656,05,物理、化学(2科必选),080204,机械电子工程,1,5940,四年,https://static-data.gaokao.cn/www/2.0/schoolspecialplan/379/2025/31.json?a=www.gaokao.cn,data/shanghai/raw/plan_api/static/2025/379.json,1
2025,综合,379,长春理工大学,423656,05,物理、化学(2科必选),080414T,新能源材料与器件,1,5400,四年,https://static-data.gaokao.cn/www/2.0/schoolspecialplan/379/2025/31.json?a=www.gaokao.cn,data/shanghai/raw/plan_api/static/2025/379.json,1
2025,综合,379,长春理工大学,423656,05,物理、化学(2科必选),080705,光电信息科学与工程,1,5940,四年,https://static-data.gaokao.cn/www/2.0/schoolspecialplan/379/2025/31.json?a=www.gaokao.cn,data/shanghai/raw/plan_api/static/2025/379.json,1
2025,综合,379,长春理工大学,423661,03,物理必选,020302,金融工程,2,5280,四年,https://static-data.gaokao.cn/www/2.0/schoolspecialplan/379/2025/31.json?a=www.gaokao.cn,data/shanghai/raw/plan_api/static/2025/379.json,1
2025,综合,379,长春理工大学,423660,04,物理、化学(2科必选),080705,光电信息科学与工程,2,5940,四年,https://static-data.gaokao.cn/www/2.0/schoolspecialplan/379/2025/31.json?a=www.gaokao.cn,data/shanghai/raw/plan_api/static/2025/379.json,1
2025,综合,379,长春理工大学,423657,02,不限,1202,工商管理类,2,4800,四年,https://static-data.gaokao.cn/www/2.0/schoolspecialplan/379/2025/31.json?a=www.gaokao.cn,data/shanghai/raw/plan_api/static/2025/379.json,1
2025,综合,379,长春理工大学,423657,02,不限,050207,日语,1,4600,四年,https://static-data.gaokao.cn/www/2.0/schoolspecialplan/379/2025/31.json?a=www.gaokao.cn,data/shanghai/raw/plan_api/static/2025/379.json,1
2025,综合,379,长春理工大学,423657,02,不限,020401,国际经济与贸易,1,4800,四年,https://static-data.gaokao.cn/www/2.0/schoolspecialplan/379/2025/31.json?a=www.gaokao.cn,data/shanghai/raw/plan_api/static/2025/379.json,1
2025,综合,379,长春理工大学,423657,02,不限,030101K,法学,1,5280,四年,https://static-data.gaokao.cn/www/2.0/schoolspecialplan/379/2025/31.json?a=www.gaokao.cn,data/shanghai/raw/plan_api/static/2025/379.json,1
2025,综合,379,长春理工大学,423657,02,不限,050101,汉语言文学,1,5060,四年,https://static-data.gaokao.cn/www/2.0/schoolspecialplan/379/2025/31.json?a=www.gaokao.cn,data/shanghai/raw/plan_api/static/2025/379.json,1
2025,综合,379,长春理工大学,423657,02,不限,050103,汉语国际教育,1,4600,四年,https://static-data.gaokao.cn/www/2.0/schoolspecialplan/379/2025/31.json?a=www.gaokao.cn,data/shanghai/raw/plan_api/static/2025/379.json,1
2025,综合,379,长春理工大学,423660,04,物理、化学(2科必选),070202,应用物理学,1,5500,四年,https://static-data.gaokao.cn/www/2.0/schoolspecialplan/379/2025/31.json?a=www.gaokao.cn,data/shanghai/raw/plan_api/static/2025/379.json,1
2025,综合,379,长春理工大学,423659,01,不限,050201,英语,1,5060,四年,https://static-data.gaokao.cn/www/2.0/schoolspecialplan/379/2025/31.json?a=www.gaokao.cn,data/shanghai/raw/plan_api/static/2025/379.json,1
2025,综合,379,长春理工大学,423660,04,物理、化学(2科必选),0701,数学类,1,5000,四年,https://static-data.gaokao.cn/www/2.0/schoolspecialplan/379/2025/31.json?a=www.gaokao.cn,data/shanghai/raw/plan_api/static/2025/379.json,1
2025,综合,381,长春工业大学,423666,03,物理、化学(2科必选),080902,软件工程,1,5940,四年,https://static-data.gaokao.cn/www/2.0/schoolspecialplan/381/2025/31.json?a=www.gaokao.cn,data/shanghai/raw/plan_api/static/2025/381.json,1
2025,综合,381,长春工业大学,423666,03,物理、化学(2科必选),080701,电子信息工程,1,5940,四年,https://static-data.gaokao.cn/www/2.0/schoolspecialplan/381/2025/31.json?a=www.gaokao.cn,data/shanghai/raw/plan_api/static/2025/381.json,1
2025,综合,381,长春工业大学,423666,03,物理、化学(2科必选),080901,计算机科学与技术,1,5940,四年,https://static-data.gaokao.cn/www/2.0/schoolspecialplan/381/2025/31.json?a=www.gaokao.cn,data/shanghai/raw/plan_api/static/2025/381.json,1
2025,综合,381,长春工业大学,423666,03,物理、化学(2科必选),081302,制药工程,1,5400,四年,https://static-data.gaokao.cn/www/2.0/schoolspecialplan/381/2025/31.json?a=www.gaokao.cn,data/shanghai/raw/plan_api/static/2025/381.json,1
2025,综合,381,长春工业大学,423666,03,物理、化学(2科必选),083001,生物工程,1,5940,四年,https://static-data.gaokao.cn/www/2.0/schoolspecialplan/381/2025/31.json?a=www.gaokao.cn,data/shanghai/raw/plan_api/static/2025/381.json,1
2025,综合,381,长春工业大学,423666,03,物理、化学(2科必选),080906,数字媒体技术,1,5400,四年,https://static-data.gaokao.cn/www/2.0/schoolspecialplan/381/2025/31.json?a=www.gaokao.cn,data/shanghai/raw/plan_api/static/2025/381.json,1
2025,综合,381,长春工业大学,423666,03,物理、化学(2科必选),080910T,数据科学与大数据技术,1,5400,四年,https://static-data.gaokao.cn/www/2.0/schoolspecialplan/381/2025/31.json?a=www.gaokao.cn,data/shanghai/raw/plan_api/static/2025/381.json,1
2025,综合,381,长春工业大学,423666,03,物理、化学(2科必选),080904K,信息安全,1,5400,四年,https://static-data.gaokao.cn/www/2.0/schoolspecialplan/381/2025/31.json?a=www.gaokao.cn,data/shanghai/raw/plan_api/static/2025/381.json,1
2025,综合,381,长春工业大学,423666,03,物理、化学(2科必选),080803T,机器人工程,1,5400,四年,https://static-data.gaokao.cn/www/2.0/schoolspecialplan/381/2025/31.json?a=www.gaokao.cn,data/shanghai/raw/plan_api/static/2025/381.json,1
2025,综合,381,长春工业大学,423666,03,物理、化学(2科必选),081705T,化妆品技术与工程,1,5400,四年,https://static-data.gaokao.cn/www/2.0/schoolspecialplan/381/2025/31.json?a=www.gaokao.cn,data/shanghai/raw/plan_api/static/2025/381.json,1
2025,综合,381,长春工业大学,423666,03,物理、化学(2科必选),080717T,人工智能,1,5400,四年,https://static-data.gaokao.cn/www/2.0/schoolspecialplan/381/2025/31.json?a=www.gaokao.cn,data/shanghai/raw/plan_api/static/2025/381.json,1
2025,综合,381,长春工业大学,423669,01,不限,020301K,金融学,1,5280,四年,https://static-data.gaokao.cn/www/2.0/schoolspecialplan/381/2025/31.json?a=www.gaokao.cn,data/shanghai/raw/plan_api/static/2025/381.json,1
2025,综合,381,长春工业大学,423669,01,不限,020401,国际经济与贸易,1,4800,四年,https://static-data.gaokao.cn/www/2.0/schoolspecialplan/381/2025/31.json?a=www.gaokao.cn,data/shanghai/raw/plan_api/static/2025/381.json,1
2025,综合,381,长春工业大学,423669,01,不限,120203K,会计学,1,4800,四年,https://static-data.gaokao.cn/www/2.0/schoolspecialplan/381/2025/31.json?a=www.gaokao.cn,data/shanghai/raw/plan_api/static/2025/381.json,1
2025,综合,381,长春工业大学,423669,01,不限,120401,公共事业管理,1,5280,四年,https://static-data.gaokao.cn/www/2.0/schoolspecialplan/381/2025/31.json?a=www.gaokao.cn,data/shanghai/raw/plan_api/static/2025/381.json,1
2025,综合,381,长春工业大学,423669,01,不限,120201K,工商管理,1,4800,四年,https://static-data.gaokao.cn/www/2.0/schoolspecialplan/381/2025/31.json?a=www.gaokao.cn,data/shanghai/raw/plan_api/static/2025/381.json,1
2025,综合,381,长春工业大学,423669,01,不限,120801,电子商务,1,5280,四年,https://static-data.gaokao.cn/www/2.0/schoolspecialplan/381/2025/31.json?a=www.gaokao.cn,data/shanghai/raw/plan_api/static/2025/381.json,1
2025,综合,381,长春工业大学,423669,01,不限,120402,行政管理,1,4800,四年,https://static-data.gaokao.cn/www/2.0/schoolspecialplan/381/2025/31.json?a=www.gaokao.cn,data/shanghai/raw/plan_api/static/2025/381.json,1
2025,综合,381,长春工业大学,423670,02,物理必选,020102,经济统计学,1,4800,四年,https://static-data.gaokao.cn/www/2.0/schoolspecialplan/381/2025/31.json?a=www.gaokao.cn,data/shanghai/raw/plan_api/static/2025/381.json,1
2025,综合,381,长春工业大学,423670,02,物理必选,020109T,数字经济,1,4800,四年,https://static-data.gaokao.cn/www/2.0/schoolspecialplan/381/2025/31.json?a=www.gaokao.cn,data/shanghai/raw/plan_api/static/2025/381.json,1
2025,综合,383,西安培华学院,423674,01,不限,050306T,网络与新媒体,2,20680,四年,https://static-data.gaokao.cn/www/2.0/schoolspecialplan/383/2025/31.json?a=www.gaokao.cn,data/shanghai/raw/plan_api/static/2025/383.json,1
2025,综合,383,西安培华学院,423674,01,不限,050207,日语,2,20900,四年,https://static-data.gaokao.cn/www/2.0/schoolspecialplan/383/2025/31.json?a=www.gaokao.cn,data/shanghai/raw/plan_api/static/2025/383.json,1
2025,综合,383,西安培华学院,423674,01,不限,050201,英语,2,21780,四年,https://static-data.gaokao.cn/www/2.0/schoolspecialplan/383/2025/31.json?a=www.gaokao.cn,data/shanghai/raw/plan_api/static/2025/383.json,1
2025,综合,383,西安培华学院,423674,01,不限,120801,电子商务,2,20680,四年,https://static-data.gaokao.cn/www/2.0/schoolspecialplan/383/2025/31.json?a=www.gaokao.cn,data/shanghai/raw/plan_api/static/2025/383.json,1
2025,综合,383,西安培华学院,423674,01,不限,120208,资产评估,2,21780,四年,https://static-data.gaokao.cn/www/2.0/schoolspecialplan/383/2025/31.json?a=www.gaokao.cn,data/shanghai/raw/plan_api/static/2025/383.json,1
2025,综合,383,西安培华学院,423674,01,不限,040106,学前教育,1,22880,四年,https://static-data.gaokao.cn/www/2.0/schoolspecialplan/383/2025/31.json?a=www.gaokao.cn,data/shanghai/raw/plan_api/static/2025/383.json,1
2025,综合,383,西安培华学院,423674,01,不限,050103,汉语国际教育,1,21780,四年,https://static-data.gaokao.cn/www/2.0/schoolspecialplan/383/2025/31.json?a=www.gaokao.cn,data/shanghai/raw/plan_api/static/2025/383.json,1
2025,综合,383,西安培华学院,423675,03,生物必选,101101K,护理学,2,22880,四年,https://static-data.gaokao.cn/www/2.0/schoolspecialplan/383/2025/31.json?a=www.gaokao.cn,data/shanghai/raw/plan_api/static/2025/383.json,1
2025,综合,383,西安培华学院,423679,02,物理必选,020302,金融工程,1,20680,四年,https://static-data.gaokao.cn/www/2.0/schoolspecialplan/383/2025/31.json?a=www.gaokao.cn,data/shanghai/raw/plan_api/static/2025/383.json,1
2025,综合,385,湘潭大学,423673,01,不限,030101K,法学,4,5500,四年,https://static-data.gaokao.cn/www/2.0/schoolspecialplan/385/2025/31.json?a=www.gaokao.cn,data/shanghai/raw/plan_api/static/2025/385.json,1
2025,综合,385,湘潭大学,423673,01,不限,050204,法语,2,5300,四年,https://static-data.gaokao.cn/www/2.0/schoolspecialplan/385/2025/31.json?a=www.gaokao.cn,data/shanghai/raw/plan_api/static/2025/385.json,1
2025,综合,385,湘潭大学,423673,01,不限,020301K,金融学,2,5500,四年,https://static-data.gaokao.cn/www/2.0/schoolspecialplan/385/2025/31.json?a=www.gaokao.cn,data/shanghai/raw/plan_api/static/2025/385.json,1
2025,综合,385,湘潭大学,423673,01,不限,120203K,会计学,2,5500,四年,https://static-data.gaokao.cn/www/2.0/schoolspecialplan/385/2025/31.json?a=www.gaokao.cn,data/shanghai/raw/plan_api/static/2025/385.json,1
2025,综合,385,湘潭大学,423673,01,不限,050205,西班牙语,2,5300,四年,https://static-data.gaokao.cn/www/2.0/schoolspecialplan/385/2025/31.json?a=www.gaokao.cn,data/shanghai/raw/plan_api/static/2025/385.json,1
2025,综合,388,湖南科技大学,423667,05,物理、化学(2科必选),081302,制药工程,2,5900,四年,https://static-data.gaokao.cn/www/2.0/schoolspecialplan/388/2025/31.json?a=www.gaokao.cn,data/shanghai/raw/plan_api/static/2025/388.json,1
2025,综合,388,湖南科技大学,423667,05,物理、化学(2科必选),083001,生物工程,2,5900,四年,https://static-data.gaokao.cn/www/2.0/schoolspecialplan/388/2025/31.json?a=www.gaokao.cn,data/shanghai/raw/plan_api/static/2025/388.json,1
2025,综合,388,湖南科技大学,423667,05,物理、化学(2科必选),080207,车辆工程,2,5900,四年,https://static-data.gaokao.cn/www/2.0/schoolspecialplan/388/2025/31.json?a=www.gaokao.cn,data/shanghai/raw/plan_api/static/2025/388.json,1
2025,综合,388,湖南科技大学,423667,05,物理、化学(2科必选),071001,生物科学,2,4000,四年,https://static-data.gaokao.cn/www/2.0/schoolspecialplan/388/2025/31.json?a=www.gaokao.cn,data/shanghai/raw/plan_api/static/2025/388.json,1
2025,综合,388,湖南科技大学,423667,05,物理、化学(2科必选),080401,材料科学与工程,2,5900,四年,https://static-data.gaokao.cn/www/2.0/schoolspecialplan/388/2025/31.json?a=www.gaokao.cn,data/shanghai/raw/plan_api/static/2025/388.json,1
2025,综合,388,湖南科技大学,423667,05,物理、化学(2科必选),080213T,智能制造工程,2,5900,四年,https://static-data.gaokao.cn/www/2.0/schoolspecialplan/388/2025/31.json?a=www.gaokao.cn,data/shanghai/raw/plan_api/static/2025/388.json,1
2025,综合,388,湖南科技大学,423667,05,物理、化学(2科必选),070301,化学,1,4000,四年,https://static-data.gaokao.cn/www/2.0/schoolspecialplan/388/2025/31.json?a=www.gaokao.cn,data/shanghai/raw/plan_api/static/2025/388.json,1
2025,综合,388,湖南科技大学,423667,05,物理、化学(2科必选),080714T,电子信息科学与技术,1,5900,四年,https://static-data.gaokao.cn/www/2.0/schoolspecialplan/388/2025/31.json?a=www.gaokao.cn,data/shanghai/raw/plan_api/static/2025/388.json,1
2025,综合,388,湖南科技大学,423667,05,物理、化学(2科必选),070102,信息与计算科学,1,4500,四年,https://static-data.gaokao.cn/www/2.0/schoolspecialplan/388/2025/31.json?a=www.gaokao.cn,data/shanghai/raw/plan_api/static/2025/388.json,1
2025,综合,388,湖南科技大学,423667,05,物理、化学(2科必选),080801,自动化,1,5900,四年,https://static-data.gaokao.cn/www/2.0/schoolspecialplan/388/2025/31.json?a=www.gaokao.cn,data/shanghai/raw/plan_api/static/2025/388.json,1
2025,综合,388,湖南科技大学,423667,05,物理、化学(2科必选),080901,计算机科学与技术,1,5900,四年,https://static-data.gaokao.cn/www/2.0/schoolspecialplan/388/2025/31.json?a=www.gaokao.cn,data/shanghai/raw/plan_api/static/2025/388.json,1
2025,综合,388,湖南科技大学,423667,05,物理、化学(2科必选),071202,应用统计学,1,4500,四年,https://static-data.gaokao.cn/www/2.0/schoolspecialplan/388/2025/31.json?a=www.gaokao.cn,data/shanghai/raw/plan_api/static/2025/388.json,1
2025,综合,388,湖南科技大学,423667,05,物理、化学(2科必选),080202,机械设计制造及其自动化,1,5900,四年,https://static-data.gaokao.cn/www/2.0/schoolspecialplan/388/2025/31.json?a=www.gaokao.cn,data/shanghai/raw/plan_api/static/2025/388.json,1
2025,综合,388,湖南科技大学,423667,05,物理、化学(2科必选),070302,应用化学,1,4500,四年,https://static-data.gaokao.cn/www/2.0/schoolspecialplan/388/2025/31.json?a=www.gaokao.cn,data/shanghai/raw/plan_api/static/2025/388.json,1
2025,综合,388,湖南科技大学,423672,01,不限,120201K,工商管理,3,5000,四年,https://static-data.gaokao.cn/www/2.0/schoolspecialplan/388/2025/31.json?a=www.gaokao.cn,data/shanghai/raw/plan_api/static/2025/388.json,1
2025,综合,388,湖南科技大学,423672,01,不限,120203K,会计学,3,5000,四年,https://static-data.gaokao.cn/www/2.0/schoolspecialplan/388/2025/31.json?a=www.gaokao.cn,data/shanghai/raw/plan_api/static/2025/388.json,1
2025,综合,388,湖南科技大学,423677,03,物理必选,020302,金融工程,3,5000,四年,https://static-data.gaokao.cn/www/2.0/schoolspecialplan/388/2025/31.json?a=www.gaokao.cn,data/shanghai/raw/plan_api/static/2025/388.json,1
2025,综合,388,湖南科技大学,423677,03,物理必选,020109T,数字经济,3,5000,四年,https://static-data.gaokao.cn/www/2.0/schoolspecialplan/388/2025/31.json?a=www.gaokao.cn,data/shanghai/raw/plan_api/static/2025/388.json,1
2025,综合,388,湖南科技大学,423671,02,物理必选,082801,建筑学,2,5900,五年,https://static-data.gaokao.cn/www/2.0/schoolspecialplan/388/2025/31.json?a=www.gaokao.cn,data/shanghai/raw/plan_api/static/2025/388.json,1
2025,综合,388,湖南科技大学,423672,01,不限,050201,英语,2,4500,四年,https://static-data.gaokao.cn/www/2.0/schoolspecialplan/388/2025/31.json?a=www.gaokao.cn,data/shanghai/raw/plan_api/static/2025/388.json,1
2025,综合,388,湖南科技大学,423672,01,不限,020401,国际经济与贸易,2,5000,四年,https://static-data.gaokao.cn/www/2.0/schoolspecialplan/388/2025/31.json?a=www.gaokao.cn,data/shanghai/raw/plan_api/static/2025/388.json,1
2025,综合,388,湖南科技大学,423672,01,不限,020101,经济学,2,5000,四年,https://static-data.gaokao.cn/www/2.0/schoolspecialplan/388/2025/31.json?a=www.gaokao.cn,data/shanghai/raw/plan_api/static/2025/388.json,1
2025,综合,388,湖南科技大学,423672,01,不限,050101,汉语言文学,2,4000,四年,https://static-data.gaokao.cn/www/2.0/schoolspecialplan/388/2025/31.json?a=www.gaokao.cn,data/shanghai/raw/plan_api/static/2025/388.json,1
2025,综合,388,湖南科技大学,423676,04,地理必选,070504,地理信息科学,1,4500,四年,https://static-data.gaokao.cn/www/2.0/schoolspecialplan/388/2025/31.json?a=www.gaokao.cn,data/shanghai/raw/plan_api/static/2025/388.json,1
2025,综合,388,湖南科技大学,423676,04,地理必选,070501,地理科学,1,4000,四年,https://static-data.gaokao.cn/www/2.0/schoolspecialplan/388/2025/31.json?a=www.gaokao.cn,data/shanghai/raw/plan_api/static/2025/388.json,1
2025,综合,388,湖南科技大学,423672,01,不限,082802,城乡规划,1,5900,五年,https://static-data.gaokao.cn/www/2.0/schoolspecialplan/388/2025/31.json?a=www.gaokao.cn,data/shanghai/raw/plan_api/static/2025/388.json,1
2025,综合,389,长沙理工大学,423665,03,物理、化学(2科必选),080601,电气工程及其自动化,4,5900,四年,https://static-data.gaokao.cn/www/2.0/schoolspecialplan/389/2025/31.json?a=www.gaokao.cn,data/shanghai/raw/plan_api/static/2025/389.json,1
2025,综合,389,长沙理工大学,423665,03,物理、化学(2科必选),080901,计算机科学与技术,4,5900,四年,https://static-data.gaokao.cn/www/2.0/schoolspecialplan/389/2025/31.json?a=www.gaokao.cn,data/shanghai/raw/plan_api/static/2025/389.json,1
2025,综合,389,长沙理工大学,423665,03,物理、化学(2科必选),081901,船舶与海洋工程,4,5900,四年,https://static-data.gaokao.cn/www/2.0/schoolspecialplan/389/2025/31.json?a=www.gaokao.cn,data/shanghai/raw/plan_api/static/2025/389.json,1
2025,综合,389,长沙理工大学,423665,03,物理、化学(2科必选),080602T,智能电网信息工程,3,5900,四年,https://static-data.gaokao.cn/www/2.0/schoolspecialplan/389/2025/31.json?a=www.gaokao.cn,data/shanghai/raw/plan_api/static/2025/389.json,1
2025,综合,389,长沙理工大学,423665,03,物理、化学(2科必选),070101,数学与应用数学,2,4500,四年,https://static-data.gaokao.cn/www/2.0/schoolspecialplan/389/2025/31.json?a=www.gaokao.cn,data/shanghai/raw/plan_api/static/2025/389.json,1
2025,综合,389,长沙理工大学,423668,01,不限,120203K,会计学,2,5000,四年,https://static-data.gaokao.cn/www/2.0/schoolspecialplan/389/2025/31.json?a=www.gaokao.cn,data/shanghai/raw/plan_api/static/2025/389.json,1
2025,综合,389,长沙理工大学,423668,01,不限,120206,人力资源管理,2,5000,四年,https://static-data.gaokao.cn/www/2.0/schoolspecialplan/389/2025/31.json?a=www.gaokao.cn,data/shanghai/raw/plan_api/static/2025/389.json,1
2025,综合,389,长沙理工大学,423678,02,物理必选,020109T,数字经济,2,5000,四年,https://static-data.gaokao.cn/www/2.0/schoolspecialplan/389/2025/31.json?a=www.gaokao.cn,data/shanghai/raw/plan_api/static/2025/389.json,1
2025,综合,390,吉林师范大学,423692,01,不限,020401,国际经济与贸易,1,4800,四年,https://static-data.gaokao.cn/www/2.0/schoolspecialplan/390/2025/31.json?a=www.gaokao.cn,data/shanghai/raw/plan_api/static/2025/390.json,1
2025,综合,390,吉林师范大学,423692,01,不限,040101,教育学,1,4800,四年,https://static-data.gaokao.cn/www/2.0/schoolspecialplan/390/2025/31.json?a=www.gaokao.cn,data/shanghai/raw/plan_api/static/2025/390.json,1
2025,综合,390,吉林师范大学,423692,01,不限,040107,小学教育,1,5280,四年,https://static-data.gaokao.cn/www/2.0/schoolspecialplan/390/2025/31.json?a=www.gaokao.cn,data/shanghai/raw/plan_api/static/2025/390.json,1
2025,综合,390,吉林师范大学,423695,02,不限,050203,德语,5,4600,四年,https://static-data.gaokao.cn/www/2.0/schoolspecialplan/390/2025/31.json?a=www.gaokao.cn,data/shanghai/raw/plan_api/static/2025/390.json,1
2025,综合,390,吉林师范大学,423696,03,不限,050305,编辑出版学,1,7500,四年,https://static-data.gaokao.cn/www/2.0/schoolspecialplan/390/2025/31.json?a=www.gaokao.cn,data/shanghai/raw/plan_api/static/2025/390.json,1
2025,综合,390,吉林师范大学,423696,03,不限,050301,新闻学,1,7500,四年,https://static-data.gaokao.cn/www/2.0/schoolspecialplan/390/2025/31.json?a=www.gaokao.cn,data/shanghai/raw/plan_api/static/2025/390.json,1
2025,综合,390,吉林师范大学,423698,04,物理、化学(2科必选),080911TK,网络空间安全,1,5400,四年,https://static-data.gaokao.cn/www/2.0/schoolspecialplan/390/2025/31.json?a=www.gaokao.cn,data/shanghai/raw/plan_api/static/2025/390.json,1
2025,综合,391,南华大学,423688,02,化学必选,101101K,护理学,4,7500,四年,https://static-data.gaokao.cn/www/2.0/schoolspecialplan/391/2025/31.json?a=www.gaokao.cn,data/shanghai/raw/plan_api/static/2025/391.json,1
2025,综合,391,南华大学,423693,01,不限,020401,国际经济与贸易,2,5000,四年,https://static-data.gaokao.cn/www/2.0/schoolspecialplan/391/2025/31.json?a=www.gaokao.cn,data/shanghai/raw/plan_api/static/2025/391.json,1
2025,综合,391,南华大学,423690,03,物理、化学(2科必选),080202,机械设计制造及其自动化,2,5900,四年,https://static-data.gaokao.cn/www/2.0/schoolspecialplan/391/2025/31.json?a=www.gaokao.cn,data/shanghai/raw/plan_api/static/2025/391.json,1
2025,综合,391,南华大学,423690,03,物理、化学(2科必选),082201,核工程与核技术,2,5900,四年,https://static-data.gaokao.cn/www/2.0/schoolspecialplan/391/2025/31.json?a=www.gaokao.cn,data/shanghai/raw/plan_api/static/2025/391.json,1
2025,综合,391,南华大学,423690,03,物理、化学(2科必选),081001,土木工程,2,5900,四年,https://static-data.gaokao.cn/www/2.0/schoolspecialplan/391/2025/31.json?a=www.gaokao.cn,data/shanghai/raw/plan_api/static/2025/391.json,1
2025,综合,391,南华大学,423690,03,物理、化学(2科必选),100701,药学,2,7500,四年,https://static-data.gaokao.cn/www/2.0/schoolspecialplan/391/2025/31.json?a=www.gaokao.cn,data/shanghai/raw/plan_api/static/2025/391.json,1
2025,综合,391,南华大学,423693,01,不限,120801,电子商务,2,5000,四年,https://static-data.gaokao.cn/www/2.0/schoolspecialplan/391/2025/31.json?a=www.gaokao.cn,data/shanghai/raw/plan_api/static/2025/391.json,1
2025,综合,391,南华大学,423693,01,不限,020101,经济学,2,5000,四年,https://static-data.gaokao.cn/www/2.0/schoolspecialplan/391/2025/31.json?a=www.gaokao.cn,data/shanghai/raw/plan_api/static/2025/391.json,1
2025,综合,391,南华大学,423693,01,不限,050207,日语,2,4500,四年,https://static-data.gaokao.cn/www/2.0/schoolspecialplan/391/2025/31.json?a=www.gaokao.cn,data/shanghai/raw/plan_api/static/2025/391.json,1
2025,综合,392,湖南农业大学,423686,02,物理、化学(2科必选),090401,动物医学,3,3600,五年,https://static-data.gaokao.cn/www/2.0/schoolspecialplan/392/2025/31.json?a=www.gaokao.cn,data/shanghai/raw/plan_api/static/2025/392.json,1
2025,综合,392,湖南农业大学,423686,02,物理、化学(2科必选),071002,生物技术,3,4500,四年,https://static-data.gaokao.cn/www/2.0/schoolspecialplan/392/2025/31.json?a=www.gaokao.cn,data/shanghai/raw/plan_api/static/2025/392.json,1
2025,综合,392,湖南农业大学,423697,01,不限,120201K,工商管理,2,5000,四年,https://static-data.gaokao.cn/www/2.0/schoolspecialplan/392/2025/31.json?a=www.gaokao.cn,data/shanghai/raw/plan_api/static/2025/392.json,1
2025,综合,393,东北电力大学,423682,01,物理、化学(2科必选),080601,电气工程及其自动化,3,5940,四年,https://static-data.gaokao.cn/www/2.0/schoolspecialplan/393/2025/31.json?a=www.gaokao.cn,data/shanghai/raw/plan_api/static/2025/393.json,1
2025,综合,393,东北电力大学,423682,01,物理、化学(2科必选),080602T,智能电网信息工程,2,5940,四年,https://static-data.gaokao.cn/www/2.0/schoolspecialplan/393/2025/31.json?a=www.gaokao.cn,data/shanghai/raw/plan_api/static/2025/393.json,1
2025,综合,394,长春工程学院,423683,02,物理、化学(2科必选),080901,计算机科学与技术,3,5940,四年,https://static-data.gaokao.cn/www/2.0/schoolspecialplan/394/2025/31.json?a=www.gaokao.cn,data/shanghai/raw/plan_api/static/2025/394.json,1
2025,综合,394,长春工程学院,423683,02,物理、化学(2科必选),080701,电子信息工程,2,5940,四年,https://static-data.gaokao.cn/www/2.0/schoolspecialplan/394/2025/31.json?a=www.gaokao.cn,data/shanghai/raw/plan_api/static/2025/394.json,1
2025,综合,394,长春工程学院,423683,02,物理、化学(2科必选),080902,软件工程,2,5940,四年,https://static-data.gaokao.cn/www/2.0/schoolspecialplan/394/2025/31.json?a=www.gaokao.cn,data/shanghai/raw/plan_api/static/2025/394.json,1
2025,综合,394,长春工程学院,423683,02,物理、化学(2科必选),080601,电气工程及其自动化,1,5940,四年,https://static-data.gaokao.cn/www/2.0/schoolspecialplan/394/2025/31.json?a=www.gaokao.cn,data/shanghai/raw/plan_api/static/2025/394.json,1
2025,综合,394,长春工程学院,423691,01,不限,120201K,工商管理,2,4800,四年,https://static-data.gaokao.cn/www/2.0/schoolspecialplan/394/2025/31.json?a=www.gaokao.cn,data/shanghai/raw/plan_api/static/2025/394.json,1
2025,综合,394,长春工程学院,423691,01,不限,120204,财务管理,2,4800,四年,https://static-data.gaokao.cn/www/2.0/schoolspecialplan/394/2025/31.json?a=www.gaokao.cn,data/shanghai/raw/plan_api/static/2025/394.json,1
2025,综合,396,黑科大,423680,02,物理、化学(2科必选),070302,应用化学,8,4500,四年,https://static-data.gaokao.cn/www/2.0/schoolspecialplan/396/2025/31.json?a=www.gaokao.cn,data/shanghai/raw/plan_api/static/2025/396.json,0
2025,综合,396,黑科大,423680,02,物理、化学(2科必选),080702,电子科学与技术,6,5900,四年,https://static-data.gaokao.cn/www/2.0/schoolspecialplan/396/2025/31.json?a=www.gaokao.cn,data/shanghai/raw/plan_api/static/2025/396.json,0
2025,综合,396,黑科大,423680,02,物理、化学(2科必选),081001,土木工程,4,5900,四年,https://static-data.gaokao.cn/www/2.0/schoolspecialplan/396/2025/31.json?a=www.gaokao.cn,data/shanghai/raw/plan_api/static/2025/396.json,0
2025,综合,396,黑科大,423680,02,物理、化学(2科必选),080202,机械设计制造及其自动化,3,5900,四年,https://static-data.gaokao.cn/www/2.0/schoolspecialplan/396/2025/31.json?a=www.gaokao.cn,data/shanghai/raw/plan_api/static/2025/396.json,0
2025,综合,396,黑科大,423680,02,物理、化学(2科必选),080901,计算机科学与技术,2,5900,四年,https://static-data.gaokao.cn/www/2.0/schoolspecialplan/396/2025/31.json?a=www.gaokao.cn,data/shanghai/raw/plan_api/static/2025/396.json,0
2025,综合,396,黑科大,423680,02,物理、化学(2科必选),080703,通信工程,2,5900,四年,https://static-data.gaokao.cn/www/2.0/schoolspecialplan/396/2025/31.json?a=www.gaokao.cn,data/shanghai/raw/plan_api/static/2025/396.json,0
2025,综合,396,黑科大,423680,02,物理、化学(2科必选),080203,材料成型及控制工程,2,5900,四年,https://static-data.gaokao.cn/www/2.0/schoolspecialplan/396/2025/31.json?a=www.gaokao.cn,data/shanghai/raw/plan_api/static/2025/396.json,0
2025,综合,396,黑科大,423687,01,不限,020401,国际经济与贸易,7,5000,四年,https://static-data.gaokao.cn/www/2.0/schoolspecialplan/396/2025/31.json?a=www.gaokao.cn,data/shanghai/raw/plan_api/static/2025/396.json,1
2025,综合,396,黑科大,423687,01,不限,050303,广告学,6,6000,四年,https://static-data.gaokao.cn/www/2.0/schoolspecialplan/396/2025/31.json?a=www.gaokao.cn,data/shanghai/raw/plan_api/static/2025/396.json,1
2025,综合,396,黑科大,423687,01,不限,050201,英语,3,4500,四年,https://static-data.gaokao.cn/www/2.0/schoolspecialplan/396/2025/31.json?a=www.gaokao.cn,data/shanghai/raw/plan_api/static/2025/396.json,1
2025,综合,396,黑科大,423687,01,不限,120206,人力资源管理,5,5000,四年,https://static-data.gaokao.cn/www/2.0/schoolspecialplan/396/2025/31.json?a=www.gaokao.cn,data/shanghai/raw/plan_api/static/2025/396.json,1
2025,综合,396,黑科大,423687,01,不限,050101,汉语言文学,3,4000,四年,https://static-data.gaokao.cn/www/2.0/schoolspecialplan/396/2025/31.json?a=www.gaokao.cn,data/shanghai/raw/plan_api/static/2025/396.json,1
2025,综合,396,黑科大,423687,01,不限,030101K,法学,2,5000,四年,https://static-data.gaokao.cn/www/2.0/schoolspecialplan/396/2025/31.json?a=www.gaokao.cn,data/shanghai/raw/plan_api/static/2025/396.json,1
2025,综合,397,湖南城市学院,423689,01,不限,082802,城乡规划,2,5900,五年,https://static-data.gaokao.cn/www/2.0/schoolspecialplan/397/2025/31.json?a=www.gaokao.cn,data/shanghai/raw/plan_api/static/2025/397.json,1
2025,综合,397,湖南城市学院,423700,02,物理、化学(2科必选),080717T,人工智能,2,5900,四年,https://static-data.gaokao.cn/www/2.0/schoolspecialplan/397/2025/31.json?a=www.gaokao.cn,data/shanghai/raw/plan_api/static/2025/397.json,1
2025,综合,398,佳木斯大,423681,01,不限,120203K,会计学,2,5000,四年,https://static-data.gaokao.cn/www/2.0/schoolspecialplan/398/2025/31.json?a=www.gaokao.cn,data/shanghai/raw/plan_api/static/2025/398.json,1
2025,综合,398,佳木斯大,423681,01,不限,050201,英语,2,4500,四年,https://static-data.gaokao.cn/www/2.0/schoolspecialplan/398/2025/31.json?a=www.gaokao.cn,data/shanghai/raw/plan_api/static/2025/398.json,1
2025,综合,398,佳木斯大,423685,03,物理必选,120108T,大数据管理与应用,4,5000,四年,https://static-data.gaokao.cn/www/2.0/schoolspecialplan/398/2025/31.json?a=www.gaokao.cn,data/shanghai/raw/plan_api/static/2025/398.json,1
2025,综合,398,佳木斯大,423699,02,不限,082802,城乡规划,3,5900,五年,https://static-data.gaokao.cn/www/2.0/schoolspecialplan/398/2025/31.json?a=www.gaokao.cn,data/shanghai/raw/plan_api/static/2025/398.json,1
2025,综合,398,佳木斯大,423699,02,不限,082801,建筑学,3,5900,五年,https://static-data.gaokao.cn/www/2.0/schoolspecialplan/398/2025/31.json?a=www.gaokao.cn,data/shanghai/raw/plan_api/static/2025/398.json,1
2025,综合,398,佳木斯大,423685,03,物理必选,020302,金融工程,2,5000,四年,https://static-data.gaokao.cn/www/2.0/schoolspecialplan/398/2025/31.json?a=www.gaokao.cn,data/shanghai/raw/plan_api/static/2025/398.json,1
2025,综合,402,齐齐哈尔,423703,02,物理、化学(2科必选),100201K,临床医学,1,7500,五年,https://static-data.gaokao.cn/www/2.0/schoolspecialplan/402/2025/31.json?a=www.gaokao.cn,data/shanghai/raw/plan_api/static/2025/402.json,1
2025,综合,402,齐齐哈尔,423703,02,物理、化学(2科必选),100601K,中西医临床医学,1,7500,五年,https://static-data.gaokao.cn/www/2.0/schoolspecialplan/402/2025/31.json?a=www.gaokao.cn,data/shanghai/raw/plan_api/static/2025/402.json,1
2025,综合,402,齐齐哈尔,423703,02,物理、化学(2科必选),100301K,口腔医学,1,7500,五年,https://static-data.gaokao.cn/www/2.0/schoolspecialplan/402/2025/31.json?a=www.gaokao.cn,data/shanghai/raw/plan_api/static/2025/402.json,1
2025,综合,402,齐齐哈尔,423703,02,物理、化学(2科必选),100203TK,医学影像学,1,7500,五年,https://static-data.gaokao.cn/www/2.0/schoolspecialplan/402/2025/31.json?a=www.gaokao.cn,data/shanghai/raw/plan_api/static/2025/402.json,1
2025,综合,402,齐齐哈尔,423703,02,物理、化学(2科必选),100204TK,眼视光医学,1,7500,五年,https://static-data.gaokao.cn/www/2.0/schoolspecialplan/402/2025/31.json?a=www.gaokao.cn,data/shanghai/raw/plan_api/static/2025/402.json,1
2025,综合,402,齐齐哈尔,423708,01,不限,100502K,针灸推拿学,1,7500,五年,https://static-data.gaokao.cn/www/2.0/schoolspecialplan/402/2025/31.json?a=www.gaokao.cn,data/shanghai/raw/plan_api/static/2025/402.json,1
2025,综合,402,齐齐哈尔,423705,03,物理、化学(2科必选),100701,药学,1,7500,四年,https://static-data.gaokao.cn/www/2.0/schoolspecialplan/402/2025/31.json?a=www.gaokao.cn,data/shanghai/raw/plan_api/static/2025/402.json,1
2025,综合,402,齐齐哈尔,423705,03,物理、化学(2科必选),101005,康复治疗学,1,7500,四年,https://static-data.gaokao.cn/www/2.0/schoolspecialplan/402/2025/31.json?a=www.gaokao.cn,data/shanghai/raw/plan_api/static/2025/402.json,1
2025,综合,402,齐齐哈尔,423708,01,不限,100501K,中医学,1,7500,五年,https://static-data.gaokao.cn/www/2.0/schoolspecialplan/402/2025/31.json?a=www.gaokao.cn,data/shanghai/raw/plan_api/static/2025/402.json,1
2025,综合,403,哈商大,423707,01,不限,050201,英语,1,4000,四年,https://static-data.gaokao.cn/www/2.0/schoolspecialplan/403/2025/31.json?a=www.gaokao.cn,data/shanghai/raw/plan_api/static/2025/403.json,1
2025,综合,403,哈商大,423707,01,不限,020401,国际经济与贸易,1,4000,四年,https://static-data.gaokao.cn/www/2.0/schoolspecialplan/403/2025/31.json?a=www.gaokao.cn,data/shanghai/raw/plan_api/static/2025/403.json,1
2025,综合,403,哈商大,423707,01,不限,050262,商务英语,1,3800,四年,https://static-data.gaokao.cn/www/2.0/schoolspecialplan/403/2025/31.json?a=www.gaokao.cn,data/shanghai/raw/plan_api/static/2025/403.json,1
2025,综合,403,哈商大,423707,01,不限,120204,财务管理,1,4000,四年,https://static-data.gaokao.cn/www/2.0/schoolspecialplan/403/2025/31.json?a=www.gaokao.cn,data/shanghai/raw/plan_api/static/2025/403.json,1
2025,综合,403,哈商大,423707,01,不限,050306T,网络与新媒体,1,6000,四年,https://static-data.gaokao.cn/www/2.0/schoolspecialplan/403/2025/31.json?a=www.gaokao.cn,data/shanghai/raw/plan_api/static/2025/403.json,1
2025,综合,403,哈商大,423714,03,物理、化学(2科必选),100201K,临床医学,3,7150,五年,https://static-data.gaokao.cn/www/2.0/schoolspecialplan/403/2025/31.json?a=www.gaokao.cn,data/shanghai/raw/plan_api/static/2025/403.json,1
2025,综合,403,哈商大,423714,03,物理、化学(2科必选),100401K,预防医学,1,5500,五年,https://static-data.gaokao.cn/www/2.0/schoolspecialplan/403/2025/31.json?a=www.gaokao.cn,data/shanghai/raw/plan_api/static/2025/403.json,1
2025,综合,403,哈商大,423710,02,物理、化学(2科必选),070101,数学与应用数学,1,4000,四年,https://static-data.gaokao.cn/www/2.0/schoolspecialplan/403/2025/31.json?a=www.gaokao.cn,data/shanghai/raw/plan_api/static/2025/403.json,1
2025,综合,403,哈商大,423710,02,物理、化学(2科必选),080601,电气工程及其自动化,1,5900,四年,https://static-data.gaokao.cn/www/2.0/schoolspecialplan/403/2025/31.json?a=www.gaokao.cn,data/shanghai/raw/plan_api/static/2025/403.json,1
2025,综合,403,哈商大,423710,02,物理、化学(2科必选),080905,物联网工程,1,4800,四年,https://static-data.gaokao.cn/www/2.0/schoolspecialplan/403/2025/31.json?a=www.gaokao.cn,data/shanghai/raw/plan_api/static/2025/403.json,1
2025,综合,404,长春中医药大学,423709,02,物理、化学(2科必选),100801,中药学,3,6160,四年,https://static-data.gaokao.cn/www/2.0/schoolspecialplan/404/2025/31.json?a=www.gaokao.cn,data/shanghai/raw/plan_api/static/2025/404.json,1
2025,综合,404,长春中医药大学,423709,02,物理、化学(2科必选),100201K,临床医学,3,6160,五年,https://static-data.gaokao.cn/www/2.0/schoolspecialplan/404/2025/31.json?a=www.gaokao.cn,data/shanghai/raw/plan_api/static/2025/404.json,1
2025,综合,404,长春中医药大学,423709,02,物理、化学(2科必选),101005,康复治疗学,2,6160,四年,https://static-data.gaokao.cn/www/2.0/schoolspecialplan/404/2025/31.json?a=www.gaokao.cn,data/shanghai/raw/plan_api/static/2025/404.json,1
2025,综合,404,长春中医药大学,423711,01,不限,100501K,中医学,5,6160,五年,https://static-data.gaokao.cn/www/2.0/schoolspecialplan/404/2025/31.json?a=www.gaokao.cn,data/shanghai/raw/plan_api/static/2025/404.json,1
2025,综合,404,长春中医药大学,423711,01,不限,100502K,针灸推拿学,3,6160,五年,https://static-data.gaokao.cn/www/2.0/schoolspecialplan/404/2025/31.json?a=www.gaokao.cn,data/shanghai/raw/plan_api/static/2025/404.json,1
2025,综合,406,黑外国语,423704,01,不限,050101,汉语言文学,2,4000,四年,https://static-data.gaokao.cn/www/2.0/schoolspecialplan/406/2025/31.json?a=www.gaokao.cn,data/shanghai/raw/plan_api/static/2025/406.json,1
2025,综合,406,黑外国语,423704,01,不限,020401,国际经济与贸易,2,5000,四年,https://static-data.gaokao.cn/www/2.0/schoolspecialplan/406/2025/31.json?a=www.gaokao.cn,data/shanghai/raw/plan_api/static/2025/406.json,1
2025,综合,406,黑外国语,423704,01,不限,050306T,网络与新媒体,2,6000,四年,https://static-data.gaokao.cn/www/2.0/schoolspecialplan/406/2025/31.json?a=www.gaokao.cn,data/shanghai/raw/plan_api/static/2025/406.json,1
2025,综合,406,黑外国语,423713,02,思想政治必选,030503,思想政治教育,2,4000,四年,https://static-data.gaokao.cn/www/2.0/schoolspecialplan/406/2025/31.json?a=www.gaokao.cn,data/shanghai/raw/plan_api/static/2025/406.json,1
2025,综合,406,黑外国语,423712,03,地理必选,070503,人文地理与城乡规划,1,4500,四年,https://static-data.gaokao.cn/www/2.0/schoolspecialplan/406/2025/31.json?a=www.gaokao.cn,data/shanghai/raw/plan_api/static/2025/406.json,1
2025,综合,407,湖南工商大学,423706,01,不限,120803T,跨境电子商务,2,5000,四年,https://static-data.gaokao.cn/www/2.0/schoolspecialplan/407/2025/31.json?a=www.gaokao.cn,data/shanghai/raw/plan_api/static/2025/407.json,1
2025,综合,407,湖南工商大学,423706,01,不限,120201K,工商管理,1,5000,四年,https://static-data.gaokao.cn/www/2.0/schoolspecialplan/407/2025/31.json?a=www.gaokao.cn,data/shanghai/raw/plan_api/static/2025/407.json,1
2025,综合,407,湖南工商大学,423706,01,不限,050201,英语,1,4500,四年,https://static-data.gaokao.cn/www/2.0/schoolspecialplan/407/2025/31.json?a=www.gaokao.cn,data/shanghai/raw/plan_api/static/2025/407.json,1
2025,综合,407,湖南工商大学,423706,01,不限,120203K,会计学,1,5000,四年,https://static-data.gaokao.cn/www/2.0/schoolspecialplan/407/2025/31.json?a=www.gaokao.cn,data/shanghai/raw/plan_api/static/2025/407.json,1
2025,综合,407,湖南工商大学,423706,01,不限,020401,国际经济与贸易,1,5000,四年,https://static-data.gaokao.cn/www/2.0/schoolspecialplan/407/2025/31.json?a=www.gaokao.cn,data/shanghai/raw/plan_api/static/2025/407.json,1
2025,综合,407,湖南工商大学,423706,01,不限,0203,金融学类,1,5000,四年,https://static-data.gaokao.cn/www/2.0/schoolspecialplan/407/2025/31.json?a=www.gaokao.cn,data/shanghai/raw/plan_api/static/2025/407.json,1
2025,综合,407,湖南工商大学,423706,01,不限,030101K,法学,1,5000,四年,https://static-data.gaokao.cn/www/2.0/schoolspecialplan/407/2025/31.json?a=www.gaokao.cn,data/shanghai/raw/plan_api/static/2025/407.json,1
2025,综合,412,吉林财经大学,423718,01,不限,120203K,会计学,2,5280,四年,https://static-data.gaokao.cn/www/2.0/schoolspecialplan/412/2025/31.json?a=www.gaokao.cn,data/shanghai/raw/plan_api/static/2025/412.json,1
2025,综合,412,吉林财经大学,423718,01,不限,020101,经济学,1,5280,四年,https://static-data.gaokao.cn/www/2.0/schoolspecialplan/412/2025/31.json?a=www.gaokao.cn,data/shanghai/raw/plan_api/static/2025/412.json,1
2025,综合,412,吉林财经大学,423718,01,不限,020201K,财政学,1,5280,四年,https://static-data.gaokao.cn/www/2.0/schoolspecialplan/412/2025/31.json?a=www.gaokao.cn,data/shanghai/raw/plan_api/static/2025/412.json,1
2025,综合,412,吉林财经大学,423718,01,不限,020301K,金融学,1,5280,四年,https://static-data.gaokao.cn/www/2.0/schoolspecialplan/412/2025/31.json?a=www.gaokao.cn,data/shanghai/raw/plan_api/static/2025/412.json,1
2025,综合,412,吉林财经大学,423718,01,不限,030101K,法学,1,5280,四年,https://static-data.gaokao.cn/www/2.0/schoolspecialplan/412/2025/31.json?a=www.gaokao.cn,data/shanghai/raw/plan_api/static/2025/412.json,1
2025,综合,412,吉林财经大学,423718,01,不限,120803T,跨境电子商务,1,4800,四年,https://static-data.gaokao.cn/www/2.0/schoolspecialplan/412/2025/31.json?a=www.gaokao.cn,data/shanghai/raw/plan_api/static/2025/412.json,1
2025,综合,412,吉林财经大学,423718,01,不限,020203TK,国际税收,1,4800,四年,https://static-data.gaokao.cn/www/2.0/schoolspecialplan/412/2025/31.json?a=www.gaokao.cn,data/shanghai/raw/plan_api/static/2025/412.json,1
2025,综合,412,吉林财经大学,423721,02,物理、化学(2科必选),070101,数学与应用数学,1,5500,四年,https://static-data.gaokao.cn/www/2.0/schoolspecialplan/412/2025/31.json?a=www.gaokao.cn,data/shanghai/raw/plan_api/static/2025/412.json,1
2025,综合,412,吉林财经大学,423721,02,物理、化学(2科必选),071201,统计学,1,5500,四年,https://static-data.gaokao.cn/www/2.0/schoolspecialplan/412/2025/31.json?a=www.gaokao.cn,data/shanghai/raw/plan_api/static/2025/412.json,1
2025,综合,412,吉林财经大学,423721,02,物理、化学(2科必选),080901,计算机科学与技术,1,5400,四年,https://static-data.gaokao.cn/www/2.0/schoolspecialplan/412/2025/31.json?a=www.gaokao.cn,data/shanghai/raw/plan_api/static/2025/412.json,1
2025,综合,415,湖南文理学院,423717,01,不限,120203K,会计学,2,5000,四年,https://static-data.gaokao.cn/www/2.0/schoolspecialplan/415/2025/31.json?a=www.gaokao.cn,data/shanghai/raw/plan_api/static/2025/415.json,1
2025,综合,415,湖南文理学院,423717,01,不限,050101,汉语言文学,2,4000,四年,https://static-data.gaokao.cn/www/2.0/schoolspecialplan/415/2025/31.json?a=www.gaokao.cn,data/shanghai/raw/plan_api/static/2025/415.json,1
2025,综合,415,湖南文理学院,423717,01,不限,020401,国际经济与贸易,2,5000,四年,https://static-data.gaokao.cn/www/2.0/schoolspecialplan/415/2025/31.json?a=www.gaokao.cn,data/shanghai/raw/plan_api/static/2025/415.json,1
2025,综合,415,湖南文理学院,423717,01,不限,040106,学前教育,2,4000,四年,https://static-data.gaokao.cn/www/2.0/schoolspecialplan/415/2025/31.json?a=www.gaokao.cn,data/shanghai/raw/plan_api/static/2025/415.json,1
2025,综合,415,湖南文理学院,423726,04,物理必选,120102,信息管理与信息系统,4,18000,四年,https://static-data.gaokao.cn/www/2.0/schoolspecialplan/415/2025/31.json?a=www.gaokao.cn,data/shanghai/raw/plan_api/static/2025/415.json,0
2025,综合,415,湖南文理学院,423730,03,思想政治必选,030503,思想政治教育,2,4000,四年,https://static-data.gaokao.cn/www/2.0/schoolspecialplan/415/2025/31.json?a=www.gaokao.cn,data/shanghai/raw/plan_api/static/2025/415.json,1
2025,综合,415,湖南文理学院,423729,02,物理、化学(2科必选),080202,机械设计制造及其自动化,2,5900,四年,https://static-data.gaokao.cn/www/2.0/schoolspecialplan/415/2025/31.json?a=www.gaokao.cn,data/shanghai/raw/plan_api/static/2025/415.json,1
2025,综合,415,湖南文理学院,423728,05,物理、化学(2科必选),080202,机械设计制造及其自动化,2,18000,四年,https://static-data.gaokao.cn/www/2.0/schoolspecialplan/415/2025/31.json?a=www.gaokao.cn,data/shanghai/raw/plan_api/static/2025/415.json,0
2025,综合,415,湖南文理学院,423729,02,物理、化学(2科必选),101001,医学检验技术,2,7500,四年,https://static-data.gaokao.cn/www/2.0/schoolspecialplan/415/2025/31.json?a=www.gaokao.cn,data/shanghai/raw/plan_api/static/2025/415.json,1
2025,综合,417,华中农业大学,423716,01,物理必选,120108T,大数据管理与应用,3,4500,四年,https://static-data.gaokao.cn/www/2.0/schoolspecialplan/417/2025/31.json?a=www.gaokao.cn,data/shanghai/raw/plan_api/static/2025/417.json,1
2025,综合,417,华中农业大学,423719,02,物理、化学(2科必选),083001,生物工程,3,5850,四年,https://static-data.gaokao.cn/www/2.0/schoolspecialplan/417/2025/31.json?a=www.gaokao.cn,data/shanghai/raw/plan_api/static/2025/417.json,1
2025,综合,417,华中农业大学,423719,02,物理、化学(2科必选),090301,动物科学,2,4500,四年,https://static-data.gaokao.cn/www/2.0/schoolspecialplan/417/2025/31.json?a=www.gaokao.cn,data/shanghai/raw/plan_api/static/2025/417.json,1
2025,综合,417,华中农业大学,423719,02,物理、化学(2科必选),0901,植物生产类,2,4500,四年,https://static-data.gaokao.cn/www/2.0/schoolspecialplan/417/2025/31.json?a=www.gaokao.cn,data/shanghai/raw/plan_api/static/2025/417.json,1
2025,综合,417,华中农业大学,423719,02,物理、化学(2科必选),0802,机械类,2,4500,四年,https://static-data.gaokao.cn/www/2.0/schoolspecialplan/417/2025/31.json?a=www.gaokao.cn,data/shanghai/raw/plan_api/static/2025/417.json,1
2025,综合,417,华中农业大学,423719,02,物理、化学(2科必选),090102,园艺,1,4500,四年,https://static-data.gaokao.cn/www/2.0/schoolspecialplan/417/2025/31.json?a=www.gaokao.cn,data/shanghai/raw/plan_api/static/2025/417.json,1
2025,综合,418,邵阳学院,423724,01,不限,020401,国际经济与贸易,5,5000,四年,https://static-data.gaokao.cn/www/2.0/schoolspecialplan/418/2025/31.json?a=www.gaokao.cn,data/shanghai/raw/plan_api/static/2025/418.json,1
2025,综合,418,邵阳学院,423724,01,不限,120203K,会计学,5,5000,四年,https://static-data.gaokao.cn/www/2.0/schoolspecialplan/418/2025/31.json?a=www.gaokao.cn,data/shanghai/raw/plan_api/static/2025/418.json,1
2025,综合,419,东北林业大学,423720,03,物理、化学(2科必选),070301,化学,2,60000,四年,https://static-data.gaokao.cn/www/2.0/schoolspecialplan/419/2025/31.json?a=www.gaokao.cn,data/shanghai/raw/plan_api/static/2025/419.json,0
2025,综合,419,东北林业大学,423720,03,物理、化学(2科必选),071002,生物技术,1,60000,四年,https://static-data.gaokao.cn/www/2.0/schoolspecialplan/419/2025/31.json?a=www.gaokao.cn,data/shanghai/raw/plan_api/static/2025/419.json,0
2025,综合,419,东北林业大学,423720,03,物理、化学(2科必选),120103,工程管理,1,35000,四年,https://static-data.gaokao.cn/www/2.0/schoolspecialplan/419/2025/31.json?a=www.gaokao.cn,data/shanghai/raw/plan_api/static/2025/419.json,0
2025,综合,419,东北林业大学,423723,01,物理、化学(2科必选),0710,生物科学类,2,5400,四年,https://static-data.gaokao.cn/www/2.0/schoolspecialplan/419/2025/31.json?a=www.gaokao.cn,data/shanghai/raw/plan_api/static/2025/419.json,1
2025,综合,419,东北林业大学,423723,01,物理、化学(2科必选),0905,林学类,2,3000,四年,https://static-data.gaokao.cn/www/2.0/schoolspecialplan/419/2025/31.json?a=www.gaokao.cn,data/shanghai/raw/plan_api/static/2025/419.json,1
2025,综合,419,东北林业大学,423722,02,不限,050207,日语,1,4000,四年,https://static-data.gaokao.cn/www/2.0/schoolspecialplan/419/2025/31.json?a=www.gaokao.cn,data/shanghai/raw/plan_api/static/2025/419.json,1
2025,综合,419,东北林业大学,423722,02,不限,082803,风景园林,1,4000,四年,https://static-data.gaokao.cn/www/2.0/schoolspecialplan/419/2025/31.json?a=www.gaokao.cn,data/shanghai/raw/plan_api/static/2025/419.json,1
2025,综合,419,东北林业大学,423722,02,不限,050303,广告学,1,8000,四年,https://static-data.gaokao.cn/www/2.0/schoolspecialplan/419/2025/31.json?a=www.gaokao.cn,data/shanghai/raw/plan_api/static/2025/419.json,1
2025,综合,419,东北林业大学,423722,02,不限,030101K,法学,1,4000,四年,https://static-data.gaokao.cn/www/2.0/schoolspecialplan/419/2025/31.json?a=www.gaokao.cn,data/shanghai/raw/plan_api/static/2025/419.json,1
2025,综合,419,东北林业大学,423722,02,不限,1202,工商管理类,1,3500,四年,https://static-data.gaokao.cn/www/2.0/schoolspecialplan/419/2025/31.json?a=www.gaokao.cn,data/shanghai/raw/plan_api/static/2025/419.json,1
2025,综合,419,东北林业大学,423723,01,物理、化学(2科必选),082701,食品科学与工程,1,3500,四年,https://static-data.gaokao.cn/www/2.0/schoolspecialplan/419/2025/31.json?a=www.gaokao.cn,data/shanghai/raw/plan_api/static/2025/419.json,1
2025,综合,419,东北林业大学,423723,01,物理、化学(2科必选),080803T,机器人工程,1,5500,四年,https://static-data.gaokao.cn/www/2.0/schoolspecialplan/419/2025/31.json?a=www.gaokao.cn,data/shanghai/raw/plan_api/static/2025/419.json,1
2025,综合,420,华中师范大学,423737,05,物理、化学(2科必选),0703,化学类,2,5850,四年,https://static-data.gaokao.cn/www/2.0/schoolspecialplan/420/2025/31.json?a=www.gaokao.cn,data/shanghai/raw/plan_api/static/2025/420.json,1
2025,综合,420,华中师范大学,423737,05,物理、化学(2科必选),070301,化学,1,5850,四年,https://static-data.gaokao.cn/www/2.0/schoolspecialplan/420/2025/31.json?a=www.gaokao.cn,data/shanghai/raw/plan_api/static/2025/420.json,1
2025,综合,420,华中师范大学,423737,05,物理、化学(2科必选),0710,生物科学类,1,4500,四年,https://static-data.gaokao.cn/www/2.0/schoolspecialplan/420/2025/31.json?a=www.gaokao.cn,data/shanghai/raw/plan_api/static/2025/420.json,1
2025,综合,420,华中师范大学,423744,03,物理必选,0203,金融学类,3,4500,四年,https://static-data.gaokao.cn/www/2.0/schoolspecialplan/420/2025/31.json?a=www.gaokao.cn,data/shanghai/raw/plan_api/static/2025/420.json,1
2025,综合,420,华中师范大学,423746,02,历史必选,0501,中国语言文学类,2,5850,四年,https://static-data.gaokao.cn/www/2.0/schoolspecialplan/420/2025/31.json?a=www.gaokao.cn,data/shanghai/raw/plan_api/static/2025/420.json,1
2025,综合,420,华中师范大学,423740,01,不限,0401,教育学类,2,4500,四年,https://static-data.gaokao.cn/www/2.0/schoolspecialplan/420/2025/31.json?a=www.gaokao.cn,data/shanghai/raw/plan_api/static/2025/420.json,1
2025,综合,420,华中师范大学,423740,01,不限,0303,社会学类,2,4500,四年,https://static-data.gaokao.cn/www/2.0/schoolspecialplan/420/2025/31.json?a=www.gaokao.cn,data/shanghai/raw/plan_api/static/2025/420.json,1
2025,综合,420,华中师范大学,423740,01,不限,040101,教育学,1,4500,四年,https://static-data.gaokao.cn/www/2.0/schoolspecialplan/420/2025/31.json?a=www.gaokao.cn,data/shanghai/raw/plan_api/static/2025/420.json,1
2025,综合,420,华中师范大学,423746,02,历史必选,050101,汉语言文学,1,5850,四年,https://static-data.gaokao.cn/www/2.0/schoolspecialplan/420/2025/31.json?a=www.gaokao.cn,data/shanghai/raw/plan_api/static/2025/420.json,1
2025,综合,420,华中师范大学,423750,04,物理、化学(2科必选),0807,电子信息类,1,5850,四年,https://static-data.gaokao.cn/www/2.0/schoolspecialplan/420/2025/31.json?a=www.gaokao.cn,data/shanghai/raw/plan_api/static/2025/420.json,1
2025,综合,423,中国矿大,423735,01,不限,040101,教育学,2,4500,四年,https://static-data.gaokao.cn/www/2.0/schoolspecialplan/423/2025/31.json?a=www.gaokao.cn,data/shanghai/raw/plan_api/static/2025/423.json,1
2025,综合,423,中国矿大,423735,01,不限,0502,外国语言文学类,2,4500,四年,https://static-data.gaokao.cn/www/2.0/schoolspecialplan/423/2025/31.json?a=www.gaokao.cn,data/shanghai/raw/plan_api/static/2025/423.json,1
2025,综合,423,中国矿大,423749,02,物理、化学(2科必选),0826,生物医学工程类,3,5850,四年,https://static-data.gaokao.cn/www/2.0/schoolspecialplan/423/2025/31.json?a=www.gaokao.cn,data/shanghai/raw/plan_api/static/2025/423.json,1
2025,综合,425,湖北大学,423738,03,物理、化学(2科必选),082502,环境工程,3,35800,四年,https://static-data.gaokao.cn/www/2.0/schoolspecialplan/425/2025/31.json?a=www.gaokao.cn,data/shanghai/raw/plan_api/static/2025/425.json,0
2025,综合,425,湖北大学,423756,01,不限,020401,国际经济与贸易,2,4500,四年,https://static-data.gaokao.cn/www/2.0/schoolspecialplan/425/2025/31.json?a=www.gaokao.cn,data/shanghai/raw/plan_api/static/2025/425.json,1
2025,综合,425,湖北大学,423754,02,物理必选,120108T,大数据管理与应用,2,5850,四年,https://static-data.gaokao.cn/www/2.0/schoolspecialplan/425/2025/31.json?a=www.gaokao.cn,data/shanghai/raw/plan_api/static/2025/425.json,1
2025,综合,428,人大苏州,423742,04,物理、生物(2科必选),100601K,中西医临床医学,1,,五年,https://static-data.gaokao.cn/www/2.0/schoolspecialplan/428/2025/31.json?a=www.gaokao.cn,data/shanghai/raw/plan_api/static/2025/428.json,1
2025,综合,428,人大苏州,423748,02,生物必选,090502,园林,2,,四年,https://static-data.gaokao.cn/www/2.0/schoolspecialplan/428/2025/31.json?a=www.gaokao.cn,data/shanghai/raw/plan_api/static/2025/428.json,1
2025,综合,428,人大苏州,423753,05,物理、化学(2科必选),080601,电气工程及其自动化,1,60000,四年,https://static-data.gaokao.cn/www/2.0/schoolspecialplan/428/2025/31.json?a=www.gaokao.cn,data/shanghai/raw/plan_api/static/2025/428.json,0
2025,综合,428,人大苏州,423755,01,不限,050306T,网络与新媒体,1,,四年,https://static-data.gaokao.cn/www/2.0/schoolspecialplan/428/2025/31.json?a=www.gaokao.cn,data/shanghai/raw/plan_api/static/2025/428.json,1
2025,综合,428,人大苏州,423758,03,物理、化学(2科必选),100401K,预防医学,1,,五年,https://static-data.gaokao.cn/www/2.0/schoolspecialplan/428/2025/31.json?a=www.gaokao.cn,data/shanghai/raw/plan_api/static/2025/428.json,1
2025,综合,429,南京航大,423732,06,物理、化学(2科必选),101005,康复治疗学,2,4800,四年,https://static-data.gaokao.cn/www/2.0/schoolspecialplan/429/2025/31.json?a=www.gaokao.cn,data/shanghai/raw/plan_api/static/2025/429.json,0
2025,综合,429,南京航大,423732,06,物理、化学(2科必选),101001,医学检验技术,2,4000,四年,https://static-data.gaokao.cn/www/2.0/schoolspecialplan/429/2025/31.json?a=www.gaokao.cn,data/shanghai/raw/plan_api/static/2025/429.json,0
2025,综合,429,南京航大,423732,06,物理、化学(2科必选),100801,中药学,1,4800,四年,https://static-data.gaokao.cn/www/2.0/schoolspecialplan/429/2025/31.json?a=www.gaokao.cn,data/shanghai/raw/plan_api/static/2025/429.json,0
2025,综合,429,南京航大,423732,06,物理、化学(2科必选),100702,药物制剂,1,5000,四年,https://static-data.gaokao.cn/www/2.0/schoolspecialplan/429/2025/31.json?a=www.gaokao.cn,data/shanghai/raw/plan_api/static/2025/429.json,0
2025,综合,429,南京航大,423732,06,物理、化学(2科必选),100901K,法医学,1,5500,五年,https://static-data.gaokao.cn/www/2.0/schoolspecialplan/429/2025/31.json?a=www.gaokao.cn,data/shanghai/raw/plan_api/static/2025/429.json,0
2025,综合,429,南京航大,423732,06,物理、化学(2科必选),101003,医学影像技术,1,5000,四年,https://static-data.gaokao.cn/www/2.0/schoolspecialplan/429/2025/31.json?a=www.gaokao.cn,data/shanghai/raw/plan_api/static/2025/429.json,0
2025,综合,429,南京航大,423732,06,物理、化学(2科必选),101002,医学实验技术,1,5500,四年,https://static-data.gaokao.cn/www/2.0/schoolspecialplan/429/2025/31.json?a=www.gaokao.cn,data/shanghai/raw/plan_api/static/2025/429.json,0
2025,综合,429,南京航大,423732,06,物理、化学(2科必选),100705T,药物分析,1,5000,四年,https://static-data.gaokao.cn/www/2.0/schoolspecialplan/429/2025/31.json?a=www.gaokao.cn,data/shanghai/raw/plan_api/static/2025/429.json,0
2025,综合,429,南京航大,423732,06,物理、化学(2科必选),080711T,医学信息工程,1,5000,四年,https://static-data.gaokao.cn/www/2.0/schoolspecialplan/429/2025/31.json?a=www.gaokao.cn,data/shanghai/raw/plan_api/static/2025/429.json,0
2025,综合,429,南京航大,423734,01,物、化、生(3科必选),100201K,临床医学,2,4800,五年,https://static-data.gaokao.cn/www/2.0/schoolspecialplan/429/2025/31.json?a=www.gaokao.cn,data/shanghai/raw/plan_api/static/2025/429.json,1
2025,综合,429,南京航大,423747,05,生物必选,101101K,护理学,4,4000,四年,https://static-data.gaokao.cn/www/2.0/schoolspecialplan/429/2025/31.json?a=www.gaokao.cn,data/shanghai/raw/plan_api/static/2025/429.json,0
2025,综合,429,南京航大,423752,02,物理、化学(2科必选),100205TK,精神医学,3,4000,五年,https://static-data.gaokao.cn/www/2.0/schoolspecialplan/429/2025/31.json?a=www.gaokao.cn,data/shanghai/raw/plan_api/static/2025/429.json,0
2025,综合,429,南京航大,423759,04,生物必选,101101K,护理学,3,4000,四年,https://static-data.gaokao.cn/www/2.0/schoolspecialplan/429/2025/31.json?a=www.gaokao.cn,data/shanghai/raw/plan_api/static/2025/429.json,0
2025,综合,429,南京航大,423734,01,物、化、生(3科必选),100203TK,医学影像学,1,5000,五年,https://static-data.gaokao.cn/www/2.0/schoolspecialplan/429/2025/31.json?a=www.gaokao.cn,data/shanghai/raw/plan_api/static/2025/429.json,1
2025,综合,429,南京航大,423734,01,物、化、生(3科必选),100301K,口腔医学,1,4800,五年,https://static-data.gaokao.cn/www/2.0/schoolspecialplan/429/2025/31.json?a=www.gaokao.cn,data/shanghai/raw/plan_api/static/2025/429.json,1
2025,综合,429,南京航大,423741,03,物、化、生(3科必选),100401K,预防医学,1,4000,五年,https://static-data.gaokao.cn/www/2.0/schoolspecialplan/429/2025/31.json?a=www.gaokao.cn,data/shanghai/raw/plan_api/static/2025/429.json,0
2025,综合,431,三峡大学,423762,02,物理、化学(2科必选),080601,电气工程及其自动化,2,5850,四年,https://static-data.gaokao.cn/www/2.0/schoolspecialplan/431/2025/31.json?a=www.gaokao.cn,data/shanghai/raw/plan_api/static/2025/431.json,1
2025,综合,431,三峡大学,423762,02,物理、化学(2科必选),081101,水利水电工程,2,5850,四年,https://static-data.gaokao.cn/www/2.0/schoolspecialplan/431/2025/31.json?a=www.gaokao.cn,data/shanghai/raw/plan_api/static/2025/431.json,1
2025,综合,431,三峡大学,423762,02,物理、化学(2科必选),083001,生物工程,2,4500,四年,https://static-data.gaokao.cn/www/2.0/schoolspecialplan/431/2025/31.json?a=www.gaokao.cn,data/shanghai/raw/plan_api/static/2025/431.json,1
2025,综合,431,三峡大学,423762,02,物理、化学(2科必选),071001,生物科学,2,4500,四年,https://static-data.gaokao.cn/www/2.0/schoolspecialplan/431/2025/31.json?a=www.gaokao.cn,data/shanghai/raw/plan_api/static/2025/431.json,1
2025,综合,431,三峡大学,423762,02,物理、化学(2科必选),080602T,智能电网信息工程,2,5850,四年,https://static-data.gaokao.cn/www/2.0/schoolspecialplan/431/2025/31.json?a=www.gaokao.cn,data/shanghai/raw/plan_api/static/2025/431.json,1
2025,综合,431,三峡大学,423768,01,不限,020304,投资学,2,4500,四年,https://static-data.gaokao.cn/www/2.0/schoolspecialplan/431/2025/31.json?a=www.gaokao.cn,data/shanghai/raw/plan_api/static/2025/431.json,1
2025,综合,436,武汉轻工大学,423763,01,物理、化学(2科必选),071002,生物技术,2,4000,四年,https://static-data.gaokao.cn/www/2.0/schoolspecialplan/436/2025/31.json?a=www.gaokao.cn,data/shanghai/raw/plan_api/static/2025/436.json,1
2025,综合,436,武汉轻工大学,423763,01,物理、化学(2科必选),0802,机械类,2,5200,四年,https://static-data.gaokao.cn/www/2.0/schoolspecialplan/436/2025/31.json?a=www.gaokao.cn,data/shanghai/raw/plan_api/static/2025/436.json,1
2025,综合,436,武汉轻工大学,423763,01,物理、化学(2科必选),0827,食品科学与工程类,2,5200,四年,https://static-data.gaokao.cn/www/2.0/schoolspecialplan/436/2025/31.json?a=www.gaokao.cn,data/shanghai/raw/plan_api/static/2025/436.json,1
2025,综合,436,武汉轻工大学,423763,01,物理、化学(2科必选),080412T,功能材料,2,4000,四年,https://static-data.gaokao.cn/www/2.0/schoolspecialplan/436/2025/31.json?a=www.gaokao.cn,data/shanghai/raw/plan_api/static/2025/436.json,1
2025,综合,437,湖北中医药大学,423760,02,化学必选,101101K,护理学,1,5200,四年,https://static-data.gaokao.cn/www/2.0/schoolspecialplan/437/2025/31.json?a=www.gaokao.cn,data/shanghai/raw/plan_api/static/2025/437.json,1
2025,综合,437,湖北中医药大学,423761,01,不限,050201,英语,1,4000,四年,https://static-data.gaokao.cn/www/2.0/schoolspecialplan/437/2025/31.json?a=www.gaokao.cn,data/shanghai/raw/plan_api/static/2025/437.json,1
2025,综合,437,湖北中医药大学,423766,03,物理、化学(2科必选),101001,医学检验技术,1,5200,四年,https://static-data.gaokao.cn/www/2.0/schoolspecialplan/437/2025/31.json?a=www.gaokao.cn,data/shanghai/raw/plan_api/static/2025/437.json,1
2025,综合,437,湖北中医药大学,423766,03,物理、化学(2科必选),101007,卫生检验与检疫,1,5200,四年,https://static-data.gaokao.cn/www/2.0/schoolspecialplan/437/2025/31.json?a=www.gaokao.cn,data/shanghai/raw/plan_api/static/2025/437.json,1
2025,综合,437,湖北中医药大学,423761,01,不限,100502K,针灸推拿学,1,5200,五年,https://static-data.gaokao.cn/www/2.0/schoolspecialplan/437/2025/31.json?a=www.gaokao.cn,data/shanghai/raw/plan_api/static/2025/437.json,1
2025,综合,437,湖北中医药大学,423766,03,物理、化学(2科必选),100701,药学,1,5200,四年,https://static-data.gaokao.cn/www/2.0/schoolspecialplan/437/2025/31.json?a=www.gaokao.cn,data/shanghai/raw/plan_api/static/2025/437.json,1
2025,综合,437,湖北中医药大学,423766,03,物理、化学(2科必选),100702,药物制剂,1,4000,四年,https://static-data.gaokao.cn/www/2.0/schoolspecialplan/437/2025/31.json?a=www.gaokao.cn,data/shanghai/raw/plan_api/static/2025/437.json,1
2025,综合,437,湖北中医药大学,423761,01,不限,120202,市场营销,1,4000,四年,https://static-data.gaokao.cn/www/2.0/schoolspecialplan/437/2025/31.json?a=www.gaokao.cn,data/shanghai/raw/plan_api/static/2025/437.json,1
2025,综合,437,湖北中医药大学,423766,03,物理、化学(2科必选),100802,中药资源与开发,1,4000,四年,https://static-data.gaokao.cn/www/2.0/schoolspecialplan/437/2025/31.json?a=www.gaokao.cn,data/shanghai/raw/plan_api/static/2025/437.json,1
2025,综合,437,湖北中医药大学,423766,03,物理、化学(2科必选),080905,物联网工程,1,4000,四年,https://static-data.gaokao.cn/www/2.0/schoolspecialplan/437/2025/31.json?a=www.gaokao.cn,data/shanghai/raw/plan_api/static/2025/437.json,1
2025,综合,437,湖北中医药大学,423761,01,不限,120410T,健康服务与管理,1,4000,四年,https://static-data.gaokao.cn/www/2.0/schoolspecialplan/437/2025/31.json?a=www.gaokao.cn,data/shanghai/raw/plan_api/static/2025/437.json,1
2025,综合,437,湖北中医药大学,423761,01,不限,120604T,供应链管理,1,4000,四年,https://static-data.gaokao.cn/www/2.0/schoolspecialplan/437/2025/31.json?a=www.gaokao.cn,data/shanghai/raw/plan_api/static/2025/437.json,1
2025,综合,438,湖北医药学院,423764,01,物理、化学(2科必选),100201K,临床医学,2,5200,五年,https://static-data.gaokao.cn/www/2.0/schoolspecialplan/438/2025/31.json?a=www.gaokao.cn,data/shanghai/raw/plan_api/static/2025/438.json,1
2025,综合,438,湖北医药学院,423764,01,物理、化学(2科必选),100203TK,医学影像学,1,5200,五年,https://static-data.gaokao.cn/www/2.0/schoolspecialplan/438/2025/31.json?a=www.gaokao.cn,data/shanghai/raw/plan_api/static/2025/438.json,1
2025,综合,438,湖北医药学院,423764,01,物理、化学(2科必选),100207TK,儿科学,1,5200,五年,https://static-data.gaokao.cn/www/2.0/schoolspecialplan/438/2025/31.json?a=www.gaokao.cn,data/shanghai/raw/plan_api/static/2025/438.json,1
2025,综合,438,湖北医药学院,423764,01,物理、化学(2科必选),100205TK,精神医学,1,5200,五年,https://static-data.gaokao.cn/www/2.0/schoolspecialplan/438/2025/31.json?a=www.gaokao.cn,data/shanghai/raw/plan_api/static/2025/438.json,1
2025,综合,438,湖北医药学院,423764,01,物理、化学(2科必选),100401K,预防医学,1,4000,五年,https://static-data.gaokao.cn/www/2.0/schoolspecialplan/438/2025/31.json?a=www.gaokao.cn,data/shanghai/raw/plan_api/static/2025/438.json,1
2025,综合,446,东北石油大学,423770,01,不限,120402,行政管理,2,4000,四年,https://static-data.gaokao.cn/www/2.0/schoolspecialplan/446/2025/31.json?a=www.gaokao.cn,data/shanghai/raw/plan_api/static/2025/446.json,1
2025,综合,446,东北石油大学,423770,01,不限,050201,英语,2,4000,四年,https://static-data.gaokao.cn/www/2.0/schoolspecialplan/446/2025/31.json?a=www.gaokao.cn,data/shanghai/raw/plan_api/static/2025/446.json,1
2025,综合,446,东北石油大学,423770,01,不限,120201K,工商管理,1,4500,四年,https://static-data.gaokao.cn/www/2.0/schoolspecialplan/446/2025/31.json?a=www.gaokao.cn,data/shanghai/raw/plan_api/static/2025/446.json,1
2025,综合,446,东北石油大学,423770,01,不限,020401,国际经济与贸易,1,3500,四年,https://static-data.gaokao.cn/www/2.0/schoolspecialplan/446/2025/31.json?a=www.gaokao.cn,data/shanghai/raw/plan_api/static/2025/446.json,1
2025,综合,446,东北石油大学,423770,01,不限,120203K,会计学,1,4500,四年,https://static-data.gaokao.cn/www/2.0/schoolspecialplan/446/2025/31.json?a=www.gaokao.cn,data/shanghai/raw/plan_api/static/2025/446.json,1
2025,综合,446,东北石油大学,423771,02,物理、化学(2科必选),080501,能源与动力工程,2,4800,四年,https://static-data.gaokao.cn/www/2.0/schoolspecialplan/446/2025/31.json?a=www.gaokao.cn,data/shanghai/raw/plan_api/static/2025/446.json,1
2025,综合,446,东北石油大学,423771,02,物理、化学(2科必选),082502,环境工程,2,4500,四年,https://static-data.gaokao.cn/www/2.0/schoolspecialplan/446/2025/31.json?a=www.gaokao.cn,data/shanghai/raw/plan_api/static/2025/446.json,1
2025,综合,446,东北石油大学,423771,02,物理、化学(2科必选),070301,化学,1,3800,四年,https://static-data.gaokao.cn/www/2.0/schoolspecialplan/446/2025/31.json?a=www.gaokao.cn,data/shanghai/raw/plan_api/static/2025/446.json,1
2025,综合,446,东北石油大学,423771,02,物理、化学(2科必选),081301,化学工程与工艺,1,4500,四年,https://static-data.gaokao.cn/www/2.0/schoolspecialplan/446/2025/31.json?a=www.gaokao.cn,data/shanghai/raw/plan_api/static/2025/446.json,1
2025,综合,446,东北石油大学,423771,02,物理、化学(2科必选),080911TK,网络空间安全,1,5000,四年,https://static-data.gaokao.cn/www/2.0/schoolspecialplan/446/2025/31.json?a=www.gaokao.cn,data/shanghai/raw/plan_api/static/2025/446.json,1
2025,综合,458,南京特师,423773,02,不限,120801,电子商务,4,4400,四年,https://static-data.gaokao.cn/www/2.0/schoolspecialplan/458/2025/31.json?a=www.gaokao.cn,data/shanghai/raw/plan_api/static/2025/458.json,1
2025,综合,458,南京特师,423773,02,不限,120201K,工商管理,4,4400,四年,https://static-data.gaokao.cn/www/2.0/schoolspecialplan/458/2025/31.json?a=www.gaokao.cn,data/shanghai/raw/plan_api/static/2025/458.json,1
2025,综合,458,南京特师,423773,02,不限,120203K,会计学,2,4400,四年,https://static-data.gaokao.cn/www/2.0/schoolspecialplan/458/2025/31.json?a=www.gaokao.cn,data/shanghai/raw/plan_api/static/2025/458.json,1
2025,综合,458,南京特师,423773,02,不限,030302,社会工作,2,4400,四年,https://static-data.gaokao.cn/www/2.0/schoolspecialplan/458/2025/31.json?a=www.gaokao.cn,data/shanghai/raw/plan_api/static/2025/458.json,1
2025,综合,458,南京特师,423782,03,物理、化学(2科必选),082701,食品科学与工程,4,23000,四年,https://static-data.gaokao.cn/www/2.0/schoolspecialplan/458/2025/31.json?a=www.gaokao.cn,data/shanghai/raw/plan_api/static/2025/458.json,1
2025,综合,458,南京特师,423781,01,物理、化学(2科必选),080207,车辆工程,2,5000,四年,https://static-data.gaokao.cn/www/2.0/schoolspecialplan/458/2025/31.json?a=www.gaokao.cn,data/shanghai/raw/plan_api/static/2025/458.json,1
2025,综合,458,南京特师,423781,01,物理、化学(2科必选),080213T,智能制造工程,2,5000,四年,https://static-data.gaokao.cn/www/2.0/schoolspecialplan/458/2025/31.json?a=www.gaokao.cn,data/shanghai/raw/plan_api/static/2025/458.json,1
2025,综合,459,河南大学,423775,02,不限,071102,应用心理学,5,5000,四年,https://static-data.gaokao.cn/www/2.0/schoolspecialplan/459/2025/31.json?a=www.gaokao.cn,data/shanghai/raw/plan_api/static/2025/459.json,1
2025,综合,459,河南大学,423775,02,不限,120203K,会计学,4,5060,四年,https://static-data.gaokao.cn/www/2.0/schoolspecialplan/459/2025/31.json?a=www.gaokao.cn,data/shanghai/raw/plan_api/static/2025/459.json,1
2025,综合,459,河南大学,423775,02,不限,0201,经济学类,4,5060,四年,https://static-data.gaokao.cn/www/2.0/schoolspecialplan/459/2025/31.json?a=www.gaokao.cn,data/shanghai/raw/plan_api/static/2025/459.json,1
2025,综合,459,河南大学,423775,02,不限,050261,翻译,3,4400,四年,https://static-data.gaokao.cn/www/2.0/schoolspecialplan/459/2025/31.json?a=www.gaokao.cn,data/shanghai/raw/plan_api/static/2025/459.json,1
2025,综合,459,河南大学,423775,02,不限,1204,公共管理类,3,4400,四年,https://static-data.gaokao.cn/www/2.0/schoolspecialplan/459/2025/31.json?a=www.gaokao.cn,data/shanghai/raw/plan_api/static/2025/459.json,1
2025,综合,459,河南大学,423775,02,不限,120201K,工商管理,3,4400,四年,https://static-data.gaokao.cn/www/2.0/schoolspecialplan/459/2025/31.json?a=www.gaokao.cn,data/shanghai/raw/plan_api/static/2025/459.json,1
2025,综合,459,河南大学,423775,02,不限,040101,教育学,2,5060,四年,https://static-data.gaokao.cn/www/2.0/schoolspecialplan/459/2025/31.json?a=www.gaokao.cn,data/shanghai/raw/plan_api/static/2025/459.json,1
2025,综合,459,河南大学,423775,02,不限,030101K,法学,2,5060,四年,https://static-data.gaokao.cn/www/2.0/schoolspecialplan/459/2025/31.json?a=www.gaokao.cn,data/shanghai/raw/plan_api/static/2025/459.json,1
2025,综合,459,河南大学,423777,06,不限,020401,国际经济与贸易,6,25000,四年,https://static-data.gaokao.cn/www/2.0/schoolspecialplan/459/2025/31.json?a=www.gaokao.cn,data/shanghai/raw/plan_api/static/2025/459.json,0
2025,综合,459,河南大学,423777,06,不限,120203K,会计学,6,25000,四年,https://static-data.gaokao.cn/www/2.0/schoolspecialplan/459/2025/31.json?a=www.gaokao.cn,data/shanghai/raw/plan_api/static/2025/459.json,0
2025,综合,459,河南大学,423788,05,物理、化学(2科必选),080902,软件工程,5,15000,四年,https://static-data.gaokao.cn/www/2.0/schoolspecialplan/459/2025/31.json?a=www.gaokao.cn,data/shanghai/raw/plan_api/static/2025/459.json,1
2025,综合,459,河南大学,423786,01,历史必选,0501,中国语言文学类,4,5060,四年,https://static-data.gaokao.cn/www/2.0/schoolspecialplan/459/2025/31.json?a=www.gaokao.cn,data/shanghai/raw/plan_api/static/2025/459.json,1
2025,综合,459,河南大学,423779,03,地理必选,0705,地理科学类,4,5750,四年,https://static-data.gaokao.cn/www/2.0/schoolspecialplan/459/2025/31.json?a=www.gaokao.cn,data/shanghai/raw/plan_api/static/2025/459.json,1
2025,综合,459,河南大学,423783,07,物理、化学(2科必选),080901,计算机科学与技术,4,25000,四年,https://static-data.gaokao.cn/www/2.0/schoolspecialplan/459/2025/31.json?a=www.gaokao.cn,data/shanghai/raw/plan_api/static/2025/459.json,0
2025,综合,459,河南大学,423776,04,物理、化学(2科必选),071001,生物科学,3,5750,四年,https://static-data.gaokao.cn/www/2.0/schoolspecialplan/459/2025/31.json?a=www.gaokao.cn,data/shanghai/raw/plan_api/static/2025/459.json,1
2025,综合,459,河南大学,423776,04,物理、化学(2科必选),0701,数学类,3,5750,四年,https://static-data.gaokao.cn/www/2.0/schoolspecialplan/459/2025/31.json?a=www.gaokao.cn,data/shanghai/raw/plan_api/static/2025/459.json,1
2025,综合,460,东南成贤,423797,01,不限,050201,英语,2,4400,四年,https://static-data.gaokao.cn/www/2.0/schoolspecialplan/460/2025/31.json?a=www.gaokao.cn,data/shanghai/raw/plan_api/static/2025/460.json,1
2025,综合,460,东南成贤,423797,01,不限,020401,国际经济与贸易,2,4400,四年,https://static-data.gaokao.cn/www/2.0/schoolspecialplan/460/2025/31.json?a=www.gaokao.cn,data/shanghai/raw/plan_api/static/2025/460.json,1
2025,综合,462,南理紫金,423796,03,不限,020101,经济学,1,4400,四年,https://static-data.gaokao.cn/www/2.0/schoolspecialplan/462/2025/31.json?a=www.gaokao.cn,data/shanghai/raw/plan_api/static/2025/462.json,1
2025,综合,462,南理紫金,423796,03,不限,020307T,经济与金融,1,4400,四年,https://static-data.gaokao.cn/www/2.0/schoolspecialplan/462/2025/31.json?a=www.gaokao.cn,data/shanghai/raw/plan_api/static/2025/462.json,1
2025,综合,462,南理紫金,423803,01,物理、化学(2科必选),082504,环境生态工程,2,5000,四年,https://static-data.gaokao.cn/www/2.0/schoolspecialplan/462/2025/31.json?a=www.gaokao.cn,data/shanghai/raw/plan_api/static/2025/462.json,1
2025,综合,462,南理紫金,423804,02,物理、化学(2科必选),0817,轻工类,2,5500,四年,https://static-data.gaokao.cn/www/2.0/schoolspecialplan/462/2025/31.json?a=www.gaokao.cn,data/shanghai/raw/plan_api/static/2025/462.json,1
2025,综合,463,南航金城,423798,02,物理、化学(2科必选),080202,机械设计制造及其自动化,2,5500,四年,https://static-data.gaokao.cn/www/2.0/schoolspecialplan/463/2025/31.json?a=www.gaokao.cn,data/shanghai/raw/plan_api/static/2025/463.json,1
2025,综合,463,南航金城,423798,02,物理、化学(2科必选),081201,测绘工程,2,5000,四年,https://static-data.gaokao.cn/www/2.0/schoolspecialplan/463/2025/31.json?a=www.gaokao.cn,data/shanghai/raw/plan_api/static/2025/463.json,1
2025,综合,463,南航金城,423806,01,物理、化学(2科必选),080703,通信工程,2,5500,四年,https://static-data.gaokao.cn/www/2.0/schoolspecialplan/463/2025/31.json?a=www.gaokao.cn,data/shanghai/raw/plan_api/static/2025/463.json,1
2025,综合,463,南航金城,423802,06,物理必选,120701,工业工程,2,5000,四年,https://static-data.gaokao.cn/www/2.0/schoolspecialplan/463/2025/31.json?a=www.gaokao.cn,data/shanghai/raw/plan_api/static/2025/463.json,1
2025,综合,463,南航金城,423805,05,不限,120203K,会计学,2,4800,四年,https://static-data.gaokao.cn/www/2.0/schoolspecialplan/463/2025/31.json?a=www.gaokao.cn,data/shanghai/raw/plan_api/static/2025/463.json,1
2025,综合,463,南航金城,423805,05,不限,020301K,金融学,2,4400,四年,https://static-data.gaokao.cn/www/2.0/schoolspecialplan/463/2025/31.json?a=www.gaokao.cn,data/shanghai/raw/plan_api/static/2025/463.json,1
2025,综合,463,南航金城,423801,04,物理、化学(2科必选),081001,土木工程,2,5000,四年,https://static-data.gaokao.cn/www/2.0/schoolspecialplan/463/2025/31.json?a=www.gaokao.cn,data/shanghai/raw/plan_api/static/2025/463.json,1
2025,综合,463,南航金城,423799,03,物理、化学(2科必选),080401,材料科学与工程,2,5000,四年,https://static-data.gaokao.cn/www/2.0/schoolspecialplan/463/2025/31.json?a=www.gaokao.cn,data/shanghai/raw/plan_api/static/2025/463.json,1
2025,综合,465,南师泰州,423792,02,不限,0201,经济学类,4,28000,四年,https://static-data.gaokao.cn/www/2.0/schoolspecialplan/465/2025/31.json?a=www.gaokao.cn,data/shanghai/raw/plan_api/static/2025/465.json,1
2025,综合,465,南师泰州,423793,01,不限,120402,行政管理,3,5460,四年,https://static-data.gaokao.cn/www/2.0/schoolspecialplan/465/2025/31.json?a=www.gaokao.cn,data/shanghai/raw/plan_api/static/2025/465.json,1
2025,综合,465,南师泰州,423793,01,不限,030101K,法学,2,5460,四年,https://static-data.gaokao.cn/www/2.0/schoolspecialplan/465/2025/31.json?a=www.gaokao.cn,data/shanghai/raw/plan_api/static/2025/465.json,1
2025,综合,466,南工浦江,423789,04,物理、化学(2科必选),080905,物联网工程,12,18000,四年,https://static-data.gaokao.cn/www/2.0/schoolspecialplan/466/2025/31.json?a=www.gaokao.cn,data/shanghai/raw/plan_api/static/2025/466.json,1
2025,综合,466,南工浦江,423789,04,物理、化学(2科必选),071002,生物技术,10,18000,四年,https://static-data.gaokao.cn/www/2.0/schoolspecialplan/466/2025/31.json?a=www.gaokao.cn,data/shanghai/raw/plan_api/static/2025/466.json,1
2025,综合,466,南工浦江,423789,04,物理、化学(2科必选),082701,食品科学与工程,8,18000,四年,https://static-data.gaokao.cn/www/2.0/schoolspecialplan/466/2025/31.json?a=www.gaokao.cn,data/shanghai/raw/plan_api/static/2025/466.json,1
2025,综合,466,南工浦江,423791,01,不限,120203K,会计学,8,4400,四年,https://static-data.gaokao.cn/www/2.0/schoolspecialplan/466/2025/31.json?a=www.gaokao.cn,data/shanghai/raw/plan_api/static/2025/466.json,1
2025,综合,466,南工浦江,423791,01,不限,050306T,网络与新媒体,4,4400,四年,https://static-data.gaokao.cn/www/2.0/schoolspecialplan/466/2025/31.json?a=www.gaokao.cn,data/shanghai/raw/plan_api/static/2025/466.json,1
2025,综合,466,南工浦江,423791,01,不限,030101K,法学,4,4840,四年,https://static-data.gaokao.cn/www/2.0/schoolspecialplan/466/2025/31.json?a=www.gaokao.cn,data/shanghai/raw/plan_api/static/2025/466.json,1
2025,综合,466,南工浦江,423794,03,物理、化学(2科必选),080703,通信工程,4,9000,四年,https://static-data.gaokao.cn/www/2.0/schoolspecialplan/466/2025/31.json?a=www.gaokao.cn,data/shanghai/raw/plan_api/static/2025/466.json,1
2025,综合,466,南工浦江,423791,01,不限,050301,新闻学,4,4400,四年,https://static-data.gaokao.cn/www/2.0/schoolspecialplan/466/2025/31.json?a=www.gaokao.cn,data/shanghai/raw/plan_api/static/2025/466.json,1
2025,综合,466,南工浦江,423794,03,物理、化学(2科必选),080908T,空间信息与数字技术,2,9000,四年,https://static-data.gaokao.cn/www/2.0/schoolspecialplan/466/2025/31.json?a=www.gaokao.cn,data/shanghai/raw/plan_api/static/2025/466.json,1
2025,综合,466,南工浦江,423791,01,不限,050201,英语,2,4400,四年,https://static-data.gaokao.cn/www/2.0/schoolspecialplan/466/2025/31.json?a=www.gaokao.cn,data/shanghai/raw/plan_api/static/2025/466.json,1
2025,综合,466,南工浦江,423791,01,不限,050261,翻译,2,4400,四年,https://static-data.gaokao.cn/www/2.0/schoolspecialplan/466/2025/31.json?a=www.gaokao.cn,data/shanghai/raw/plan_api/static/2025/466.json,1
2025,综合,466,南工浦江,423791,01,不限,020201K,财政学,2,4400,四年,https://static-data.gaokao.cn/www/2.0/schoolspecialplan/466/2025/31.json?a=www.gaokao.cn,data/shanghai/raw/plan_api/static/2025/466.json,1
2025,综合,466,南工浦江,423791,01,不限,020301K,金融学,2,4840,四年,https://static-data.gaokao.cn/www/2.0/schoolspecialplan/466/2025/31.json?a=www.gaokao.cn,data/shanghai/raw/plan_api/static/2025/466.json,1
2025,综合,466,南工浦江,423791,01,不限,020401,国际经济与贸易,2,4400,四年,https://static-data.gaokao.cn/www/2.0/schoolspecialplan/466/2025/31.json?a=www.gaokao.cn,data/shanghai/raw/plan_api/static/2025/466.json,1
2025,综合,466,南工浦江,423791,01,不限,020101,经济学,2,4400,四年,https://static-data.gaokao.cn/www/2.0/schoolspecialplan/466/2025/31.json?a=www.gaokao.cn,data/shanghai/raw/plan_api/static/2025/466.json,1
2025,综合,466,南工浦江,423794,03,物理、化学(2科必选),080601,电气工程及其自动化,1,9000,四年,https://static-data.gaokao.cn/www/2.0/schoolspecialplan/466/2025/31.json?a=www.gaokao.cn,data/shanghai/raw/plan_api/static/2025/466.json,1
2025,综合,466,南工浦江,423794,03,物理、化学(2科必选),080301,测控技术与仪器,1,9000,四年,https://static-data.gaokao.cn/www/2.0/schoolspecialplan/466/2025/31.json?a=www.gaokao.cn,data/shanghai/raw/plan_api/static/2025/466.json,1
2025,综合,466,南工浦江,423808,02,物理、化学(2科必选),070101,数学与应用数学,1,5000,四年,https://static-data.gaokao.cn/www/2.0/schoolspecialplan/466/2025/31.json?a=www.gaokao.cn,data/shanghai/raw/plan_api/static/2025/466.json,1
2025,综合,466,南工浦江,423794,03,物理、化学(2科必选),080803T,机器人工程,1,9000,四年,https://static-data.gaokao.cn/www/2.0/schoolspecialplan/466/2025/31.json?a=www.gaokao.cn,data/shanghai/raw/plan_api/static/2025/466.json,1
2025,综合,468,福建农林大学,423800,01,不限,1204,公共管理类,4,5460,四年,https://static-data.gaokao.cn/www/2.0/schoolspecialplan/468/2025/31.json?a=www.gaokao.cn,data/shanghai/raw/plan_api/static/2025/468.json,1
2025,综合,468,福建农林大学,423800,01,不限,082802,城乡规划,2,5460,五年,https://static-data.gaokao.cn/www/2.0/schoolspecialplan/468/2025/31.json?a=www.gaokao.cn,data/shanghai/raw/plan_api/static/2025/468.json,1
2025,综合,471,苏大应用,423811,01,不限,050207,日语,2,5460,四年,https://static-data.gaokao.cn/www/2.0/schoolspecialplan/471/2025/31.json?a=www.gaokao.cn,data/shanghai/raw/plan_api/static/2025/471.json,1
2025,综合,471,苏大应用,423811,01,不限,050261,翻译,2,5460,四年,https://static-data.gaokao.cn/www/2.0/schoolspecialplan/471/2025/31.json?a=www.gaokao.cn,data/shanghai/raw/plan_api/static/2025/471.json,1
2025,综合,471,苏大应用,423811,01,不限,030101K,法学,2,5460,四年,https://static-data.gaokao.cn/www/2.0/schoolspecialplan/471/2025/31.json?a=www.gaokao.cn,data/shanghai/raw/plan_api/static/2025/471.json,1
2025,综合,471,苏大应用,423811,01,不限,120203K,会计学,2,5460,四年,https://static-data.gaokao.cn/www/2.0/schoolspecialplan/471/2025/31.json?a=www.gaokao.cn,data/shanghai/raw/plan_api/static/2025/471.json,1
2025,综合,471,苏大应用,423811,01,不限,020301K,金融学,2,5460,四年,https://static-data.gaokao.cn/www/2.0/schoolspecialplan/471/2025/31.json?a=www.gaokao.cn,data/shanghai/raw/plan_api/static/2025/471.json,1
2025,综合,471,苏大应用,423811,01,不限,020401,国际经济与贸易,2,5460,四年,https://static-data.gaokao.cn/www/2.0/schoolspecialplan/471/2025/31.json?a=www.gaokao.cn,data/shanghai/raw/plan_api/static/2025/471.json,1
2025,综合,471,苏大应用,423811,01,不限,120601,物流管理,2,5460,四年,https://static-data.gaokao.cn/www/2.0/schoolspecialplan/471/2025/31.json?a=www.gaokao.cn,data/shanghai/raw/plan_api/static/2025/471.json,1
2025,综合,471,苏大应用,423811,01,不限,120207,审计学,2,5460,四年,https://static-data.gaokao.cn/www/2.0/schoolspecialplan/471/2025/31.json?a=www.gaokao.cn,data/shanghai/raw/plan_api/static/2025/471.json,1
2025,综合,471,苏大应用,423816,04,物理、化学(2科必选),080703,通信工程,3,5460,四年,https://static-data.gaokao.cn/www/2.0/schoolspecialplan/471/2025/31.json?a=www.gaokao.cn,data/shanghai/raw/plan_api/static/2025/471.json,1
2025,综合,471,苏大应用,423812,03,物理、化学(2科必选),081901,船舶与海洋工程,3,5460,四年,https://static-data.gaokao.cn/www/2.0/schoolspecialplan/471/2025/31.json?a=www.gaokao.cn,data/shanghai/raw/plan_api/static/2025/471.json,1
2025,综合,471,苏大应用,423812,03,物理、化学(2科必选),081103,港口航道与海岸工程,3,5460,四年,https://static-data.gaokao.cn/www/2.0/schoolspecialplan/471/2025/31.json?a=www.gaokao.cn,data/shanghai/raw/plan_api/static/2025/471.json,1
2025,综合,471,苏大应用,423812,03,物理、化学(2科必选),080202,机械设计制造及其自动化,2,5460,四年,https://static-data.gaokao.cn/www/2.0/schoolspecialplan/471/2025/31.json?a=www.gaokao.cn,data/shanghai/raw/plan_api/static/2025/471.json,1
2025,综合,471,苏大应用,423814,02,物理必选,120801,电子商务,2,5460,四年,https://static-data.gaokao.cn/www/2.0/schoolspecialplan/471/2025/31.json?a=www.gaokao.cn,data/shanghai/raw/plan_api/static/2025/471.json,1
2025,综合,471,苏大应用,423812,03,物理、化学(2科必选),081801,交通运输,2,5460,四年,https://static-data.gaokao.cn/www/2.0/schoolspecialplan/471/2025/31.json?a=www.gaokao.cn,data/shanghai/raw/plan_api/static/2025/471.json,1
2025,综合,471,苏大应用,423816,04,物理、化学(2科必选),080901,计算机科学与技术,2,5460,四年,https://static-data.gaokao.cn/www/2.0/schoolspecialplan/471/2025/31.json?a=www.gaokao.cn,data/shanghai/raw/plan_api/static/2025/471.json,1
2025,综合,471,苏大应用,423816,04,物理、化学(2科必选),080910T,数据科学与大数据技术,2,5460,四年,https://static-data.gaokao.cn/www/2.0/schoolspecialplan/471/2025/31.json?a=www.gaokao.cn,data/shanghai/raw/plan_api/static/2025/471.json,1
2025,综合,471,苏大应用,423816,04,物理、化学(2科必选),080717T,人工智能,2,5460,四年,https://static-data.gaokao.cn/www/2.0/schoolspecialplan/471/2025/31.json?a=www.gaokao.cn,data/shanghai/raw/plan_api/static/2025/471.json,1
2025,综合,471,苏大应用,423814,02,物理必选,020109T,数字经济,2,5460,四年,https://static-data.gaokao.cn/www/2.0/schoolspecialplan/471/2025/31.json?a=www.gaokao.cn,data/shanghai/raw/plan_api/static/2025/471.json,1
2025,综合,471,苏大应用,423814,02,物理必选,120111T,应急管理,2,5460,四年,https://static-data.gaokao.cn/www/2.0/schoolspecialplan/471/2025/31.json?a=www.gaokao.cn,data/shanghai/raw/plan_api/static/2025/471.json,1
2025,综合,471,苏大应用,423812,03,物理、化学(2科必选),081811T,智慧交通,2,5460,四年,https://static-data.gaokao.cn/www/2.0/schoolspecialplan/471/2025/31.json?a=www.gaokao.cn,data/shanghai/raw/plan_api/static/2025/471.json,1
2025,综合,474,南邮通达,423813,01,不限,030101K,法学,3,5460,四年,https://static-data.gaokao.cn/www/2.0/schoolspecialplan/474/2025/31.json?a=www.gaokao.cn,data/shanghai/raw/plan_api/static/2025/474.json,1
2025,综合,474,南邮通达,423813,01,不限,050101,汉语言文学,2,5460,四年,https://static-data.gaokao.cn/www/2.0/schoolspecialplan/474/2025/31.json?a=www.gaokao.cn,data/shanghai/raw/plan_api/static/2025/474.json,1
2025,综合,474,南邮通达,423813,01,不限,120203K,会计学,2,5460,四年,https://static-data.gaokao.cn/www/2.0/schoolspecialplan/474/2025/31.json?a=www.gaokao.cn,data/shanghai/raw/plan_api/static/2025/474.json,1
2025,综合,475,江科苏理,423809,02,物理、化学(2科必选),082701,食品科学与工程,2,5040,四年,https://static-data.gaokao.cn/www/2.0/schoolspecialplan/475/2025/31.json?a=www.gaokao.cn,data/shanghai/raw/plan_api/static/2025/475.json,1
2025,综合,475,江科苏理,423809,02,物理、化学(2科必选),080705,光电信息科学与工程,2,5040,四年,https://static-data.gaokao.cn/www/2.0/schoolspecialplan/475/2025/31.json?a=www.gaokao.cn,data/shanghai/raw/plan_api/static/2025/475.json,1
2025,综合,475,江科苏理,423809,02,物理、化学(2科必选),081302,制药工程,2,5040,四年,https://static-data.gaokao.cn/www/2.0/schoolspecialplan/475/2025/31.json?a=www.gaokao.cn,data/shanghai/raw/plan_api/static/2025/475.json,1
2025,综合,475,江科苏理,423809,02,物理、化学(2科必选),080721T,智能视觉工程,2,5040,四年,https://static-data.gaokao.cn/www/2.0/schoolspecialplan/475/2025/31.json?a=www.gaokao.cn,data/shanghai/raw/plan_api/static/2025/475.json,1
2025,综合,475,江科苏理,423815,01,不限,050201,英语,2,5040,四年,https://static-data.gaokao.cn/www/2.0/schoolspecialplan/475/2025/31.json?a=www.gaokao.cn,data/shanghai/raw/plan_api/static/2025/475.json,1
2025,综合,480,西北民族大学,423822,04,化学必选,060105T,文物保护技术,2,3800,四年,https://static-data.gaokao.cn/www/2.0/schoolspecialplan/480/2025/31.json?a=www.gaokao.cn,data/shanghai/raw/plan_api/static/2025/480.json,1
2025,综合,480,西北民族大学,423828,03,不限,120201K,工商管理,2,3800,四年,https://static-data.gaokao.cn/www/2.0/schoolspecialplan/480/2025/31.json?a=www.gaokao.cn,data/shanghai/raw/plan_api/static/2025/480.json,1
2025,综合,480,西北民族大学,423832,02,不限,050206,阿拉伯语,1,4400,四年,https://static-data.gaokao.cn/www/2.0/schoolspecialplan/480/2025/31.json?a=www.gaokao.cn,data/shanghai/raw/plan_api/static/2025/480.json,1
2025,综合,480,西北民族大学,423827,01,历史必选,030401,民族学,1,3800,四年,https://static-data.gaokao.cn/www/2.0/schoolspecialplan/480/2025/31.json?a=www.gaokao.cn,data/shanghai/raw/plan_api/static/2025/480.json,1
2025,综合,482,河南医药大学,423818,01,物理、化学(2科必选),100207TK,儿科学,5,6050,五年,https://static-data.gaokao.cn/www/2.0/schoolspecialplan/482/2025/31.json?a=www.gaokao.cn,data/shanghai/raw/plan_api/static/2025/482.json,1
2025,综合,482,河南医药大学,423818,01,物理、化学(2科必选),100202TK,麻醉学,5,5500,五年,https://static-data.gaokao.cn/www/2.0/schoolspecialplan/482/2025/31.json?a=www.gaokao.cn,data/shanghai/raw/plan_api/static/2025/482.json,1
2025,综合,482,河南医药大学,423818,01,物理、化学(2科必选),100205TK,精神医学,3,5500,五年,https://static-data.gaokao.cn/www/2.0/schoolspecialplan/482/2025/31.json?a=www.gaokao.cn,data/shanghai/raw/plan_api/static/2025/482.json,1
2025,综合,482,河南医药大学,423818,01,物理、化学(2科必选),100203TK,医学影像学,2,5500,五年,https://static-data.gaokao.cn/www/2.0/schoolspecialplan/482/2025/31.json?a=www.gaokao.cn,data/shanghai/raw/plan_api/static/2025/482.json,1
2025,综合,483,兰州理工大学,423820,02,物理必选,120108T,大数据管理与应用,4,4000,四年,https://static-data.gaokao.cn/www/2.0/schoolspecialplan/483/2025/31.json?a=www.gaokao.cn,data/shanghai/raw/plan_api/static/2025/483.json,1
2025,综合,483,兰州理工大学,423821,03,物理、化学(2科必选),080203,材料成型及控制工程,4,4700,四年,https://static-data.gaokao.cn/www/2.0/schoolspecialplan/483/2025/31.json?a=www.gaokao.cn,data/shanghai/raw/plan_api/static/2025/483.json,1
2025,综合,483,兰州理工大学,423821,03,物理、化学(2科必选),080202,机械设计制造及其自动化,3,4700,四年,https://static-data.gaokao.cn/www/2.0/schoolspecialplan/483/2025/31.json?a=www.gaokao.cn,data/shanghai/raw/plan_api/static/2025/483.json,1
2025,综合,483,兰州理工大学,423821,03,物理、化学(2科必选),080501,能源与动力工程,2,4700,四年,https://static-data.gaokao.cn/www/2.0/schoolspecialplan/483/2025/31.json?a=www.gaokao.cn,data/shanghai/raw/plan_api/static/2025/483.json,1
2025,综合,483,兰州理工大学,423824,01,不限,120203K,会计学,2,4000,四年,https://static-data.gaokao.cn/www/2.0/schoolspecialplan/483/2025/31.json?a=www.gaokao.cn,data/shanghai/raw/plan_api/static/2025/483.json,1
2025,综合,483,兰州理工大学,423821,03,物理、化学(2科必选),080601,电气工程及其自动化,2,4700,四年,https://static-data.gaokao.cn/www/2.0/schoolspecialplan/483/2025/31.json?a=www.gaokao.cn,data/shanghai/raw/plan_api/static/2025/483.json,1
2025,综合,487,南阳师范学院,423826,02,物理必选,020109T,数字经济,4,4400,四年,https://static-data.gaokao.cn/www/2.0/schoolspecialplan/487/2025/31.json?a=www.gaokao.cn,data/shanghai/raw/plan_api/static/2025/487.json,1
2025,综合,487,南阳师范学院,423830,01,不限,050103,汉语国际教育,4,4400,四年,https://static-data.gaokao.cn/www/2.0/schoolspecialplan/487/2025/31.json?a=www.gaokao.cn,data/shanghai/raw/plan_api/static/2025/487.json,1
2025,综合,488,兰州交通大学,423817,02,物理、化学(2科必选),081801,交通运输,2,4700,四年,https://static-data.gaokao.cn/www/2.0/schoolspecialplan/488/2025/31.json?a=www.gaokao.cn,data/shanghai/raw/plan_api/static/2025/488.json,1
2025,综合,488,兰州交通大学,423817,02,物理、化学(2科必选),080701,电子信息工程,1,4700,四年,https://static-data.gaokao.cn/www/2.0/schoolspecialplan/488/2025/31.json?a=www.gaokao.cn,data/shanghai/raw/plan_api/static/2025/488.json,1
2025,综合,488,兰州交通大学,423817,02,物理、化学(2科必选),080901,计算机科学与技术,1,4700,四年,https://static-data.gaokao.cn/www/2.0/schoolspecialplan/488/2025/31.json?a=www.gaokao.cn,data/shanghai/raw/plan_api/static/2025/488.json,1
2025,综合,488,兰州交通大学,423819,01,不限,120204,财务管理,2,4000,四年,https://static-data.gaokao.cn/www/2.0/schoolspecialplan/488/2025/31.json?a=www.gaokao.cn,data/shanghai/raw/plan_api/static/2025/488.json,1
2025,综合,488,兰州交通大学,423819,01,不限,120203K,会计学,2,4000,四年,https://static-data.gaokao.cn/www/2.0/schoolspecialplan/488/2025/31.json?a=www.gaokao.cn,data/shanghai/raw/plan_api/static/2025/488.json,1
2025,综合,489,商丘师范学院,423825,02,物理必选,120110T,计算金融,2,4400,四年,https://static-data.gaokao.cn/www/2.0/schoolspecialplan/489/2025/31.json?a=www.gaokao.cn,data/shanghai/raw/plan_api/static/2025/489.json,1
2025,综合,489,商丘师范学院,423825,02,物理必选,120801,电子商务,1,5000,四年,https://static-data.gaokao.cn/www/2.0/schoolspecialplan/489/2025/31.json?a=www.gaokao.cn,data/shanghai/raw/plan_api/static/2025/489.json,1
2025,综合,489,商丘师范学院,423825,02,物理必选,020305T,金融数学,1,4400,四年,https://static-data.gaokao.cn/www/2.0/schoolspecialplan/489/2025/31.json?a=www.gaokao.cn,data/shanghai/raw/plan_api/static/2025/489.json,1
2025,综合,489,商丘师范学院,423829,01,不限,120204,财务管理,2,4400,四年,https://static-data.gaokao.cn/www/2.0/schoolspecialplan/489/2025/31.json?a=www.gaokao.cn,data/shanghai/raw/plan_api/static/2025/489.json,1
2025,综合,489,商丘师范学院,423829,01,不限,030302,社会工作,2,4400,四年,https://static-data.gaokao.cn/www/2.0/schoolspecialplan/489/2025/31.json?a=www.gaokao.cn,data/shanghai/raw/plan_api/static/2025/489.json,1
2025,综合,489,商丘师范学院,423831,03,物理、化学(2科必选),081004,建筑电气与智能化,1,5000,四年,https://static-data.gaokao.cn/www/2.0/schoolspecialplan/489/2025/31.json?a=www.gaokao.cn,data/shanghai/raw/plan_api/static/2025/489.json,1
2025,综合,489,商丘师范学院,423831,03,物理、化学(2科必选),080717T,人工智能,1,5000,四年,https://static-data.gaokao.cn/www/2.0/schoolspecialplan/489/2025/31.json?a=www.gaokao.cn,data/shanghai/raw/plan_api/static/2025/489.json,1
2025,综合,491,青岛农业大学,423833,01,物理、化学(2科必选),090107T,茶学,2,6325,四年,https://static-data.gaokao.cn/www/2.0/schoolspecialplan/491/2025/31.json?a=www.gaokao.cn,data/shanghai/raw/plan_api/static/2025/491.json,1
2025,综合,491,青岛农业大学,423833,01,物理、化学(2科必选),070703T,海洋资源与环境,2,6325,四年,https://static-data.gaokao.cn/www/2.0/schoolspecialplan/491/2025/31.json?a=www.gaokao.cn,data/shanghai/raw/plan_api/static/2025/491.json,1
2025,综合,491,青岛农业大学,423833,01,物理、化学(2科必选),090305T,马业科学,2,5500,四年,https://static-data.gaokao.cn/www/2.0/schoolspecialplan/491/2025/31.json?a=www.gaokao.cn,data/shanghai/raw/plan_api/static/2025/491.json,1
2025,综合,491,青岛农业大学,423833,01,物理、化学(2科必选),090702T,草坪科学与工程,2,5500,四年,https://static-data.gaokao.cn/www/2.0/schoolspecialplan/491/2025/31.json?a=www.gaokao.cn,data/shanghai/raw/plan_api/static/2025/491.json,1
2025,综合,491,青岛农业大学,423833,01,物理、化学(2科必选),090205T,土地科学与技术,2,5500,四年,https://static-data.gaokao.cn/www/2.0/schoolspecialplan/491/2025/31.json?a=www.gaokao.cn,data/shanghai/raw/plan_api/static/2025/491.json,1
2025,综合,491,青岛农业大学,423833,01,物理、化学(2科必选),090116TK,生物育种科学,2,5500,四年,https://static-data.gaokao.cn/www/2.0/schoolspecialplan/491/2025/31.json?a=www.gaokao.cn,data/shanghai/raw/plan_api/static/2025/491.json,1
2025,综合,491,青岛农业大学,423837,02,物理、化学(2科必选),090201,农业资源与环境,2,58000,四年,https://static-data.gaokao.cn/www/2.0/schoolspecialplan/491/2025/31.json?a=www.gaokao.cn,data/shanghai/raw/plan_api/static/2025/491.json,0
2025,综合,495,西北师范大学,423836,01,不限,120206,人力资源管理,5,3800,四年,https://static-data.gaokao.cn/www/2.0/schoolspecialplan/495/2025/31.json?a=www.gaokao.cn,data/shanghai/raw/plan_api/static/2025/495.json,1
2025,综合,495,西北师范大学,423836,01,不限,120601,物流管理,2,3800,四年,https://static-data.gaokao.cn/www/2.0/schoolspecialplan/495/2025/31.json?a=www.gaokao.cn,data/shanghai/raw/plan_api/static/2025/495.json,1
2025,综合,495,西北师范大学,423836,01,不限,0303,社会学类,2,3800,四年,https://static-data.gaokao.cn/www/2.0/schoolspecialplan/495/2025/31.json?a=www.gaokao.cn,data/shanghai/raw/plan_api/static/2025/495.json,1
2025,综合,495,西北师范大学,423836,01,不限,050103,汉语国际教育,2,3800,四年,https://static-data.gaokao.cn/www/2.0/schoolspecialplan/495/2025/31.json?a=www.gaokao.cn,data/shanghai/raw/plan_api/static/2025/495.json,1
2025,综合,495,西北师范大学,423836,01,不限,020101,经济学,2,3800,四年,https://static-data.gaokao.cn/www/2.0/schoolspecialplan/495/2025/31.json?a=www.gaokao.cn,data/shanghai/raw/plan_api/static/2025/495.json,1
2025,综合,495,西北师范大学,423836,01,不限,050261,翻译,2,4400,四年,https://static-data.gaokao.cn/www/2.0/schoolspecialplan/495/2025/31.json?a=www.gaokao.cn,data/shanghai/raw/plan_api/static/2025/495.json,1
2025,综合,495,西北师范大学,423836,01,不限,020301K,金融学,2,3800,四年,https://static-data.gaokao.cn/www/2.0/schoolspecialplan/495/2025/31.json?a=www.gaokao.cn,data/shanghai/raw/plan_api/static/2025/495.json,1
2025,综合,495,西北师范大学,423836,01,不限,030101K,法学,2,3800,四年,https://static-data.gaokao.cn/www/2.0/schoolspecialplan/495/2025/31.json?a=www.gaokao.cn,data/shanghai/raw/plan_api/static/2025/495.json,1
2025,综合,495,西北师范大学,423836,01,不限,050301,新闻学,2,3800,四年,https://static-data.gaokao.cn/www/2.0/schoolspecialplan/495/2025/31.json?a=www.gaokao.cn,data/shanghai/raw/plan_api/static/2025/495.json,1
2025,综合,495,西北师范大学,423839,02,物理、化学(2科必选),070102,信息与计算科学,2,4300,四年,https://static-data.gaokao.cn/www/2.0/schoolspecialplan/495/2025/31.json?a=www.gaokao.cn,data/shanghai/raw/plan_api/static/2025/495.json,1
2025,综合,495,西北师范大学,423839,02,物理、化学(2科必选),081301,化学工程与工艺,2,4500,四年,https://static-data.gaokao.cn/www/2.0/schoolspecialplan/495/2025/31.json?a=www.gaokao.cn,data/shanghai/raw/plan_api/static/2025/495.json,1
2025,综合,499,青岛大学,423834,04,物理、化学(2科必选),100201K,临床医学,2,7920,五年,https://static-data.gaokao.cn/www/2.0/schoolspecialplan/499/2025/31.json?a=www.gaokao.cn,data/shanghai/raw/plan_api/static/2025/499.json,1
2025,综合,499,青岛大学,423835,03,物理、化学(2科必选),080901,计算机科学与技术,2,6600,四年,https://static-data.gaokao.cn/www/2.0/schoolspecialplan/499/2025/31.json?a=www.gaokao.cn,data/shanghai/raw/plan_api/static/2025/499.json,1
2025,综合,499,青岛大学,423835,03,物理、化学(2科必选),080601,电气工程及其自动化,2,6600,四年,https://static-data.gaokao.cn/www/2.0/schoolspecialplan/499/2025/31.json?a=www.gaokao.cn,data/shanghai/raw/plan_api/static/2025/499.json,1
2025,综合,499,青岛大学,423843,02,物理必选,020101,经济学,1,6600,四年,https://static-data.gaokao.cn/www/2.0/schoolspecialplan/499/2025/31.json?a=www.gaokao.cn,data/shanghai/raw/plan_api/static/2025/499.json,1
2025,综合,499,青岛大学,423840,01,不限,030101K,法学,1,5280,四年,https://static-data.gaokao.cn/www/2.0/schoolspecialplan/499/2025/31.json?a=www.gaokao.cn,data/shanghai/raw/plan_api/static/2025/499.json,1
2025,综合,499,青岛大学,423840,01,不限,050203,德语,1,5280,四年,https://static-data.gaokao.cn/www/2.0/schoolspecialplan/499/2025/31.json?a=www.gaokao.cn,data/shanghai/raw/plan_api/static/2025/499.json,1
2025,综合,499,青岛大学,423835,03,物理、化学(2科必选),080710T,集成电路设计与集成系统,1,5500,四年,https://static-data.gaokao.cn/www/2.0/schoolspecialplan/499/2025/31.json?a=www.gaokao.cn,data/shanghai/raw/plan_api/static/2025/499.json,1
2025,综合,500,兰州财经大学,423848,01,不限,120208,资产评估,2,3800,四年,https://static-data.gaokao.cn/www/2.0/schoolspecialplan/500/2025/31.json?a=www.gaokao.cn,data/shanghai/raw/plan_api/static/2025/500.json,1
2025,综合,500,兰州财经大学,423848,01,不限,020301K,金融学,2,3800,四年,https://static-data.gaokao.cn/www/2.0/schoolspecialplan/500/2025/31.json?a=www.gaokao.cn,data/shanghai/raw/plan_api/static/2025/500.json,1
2025,综合,500,兰州财经大学,423848,01,不限,020401,国际经济与贸易,2,3800,四年,https://static-data.gaokao.cn/www/2.0/schoolspecialplan/500/2025/31.json?a=www.gaokao.cn,data/shanghai/raw/plan_api/static/2025/500.json,1
2025,综合,500,兰州财经大学,423848,01,不限,120203K,会计学,2,3800,四年,https://static-data.gaokao.cn/www/2.0/schoolspecialplan/500/2025/31.json?a=www.gaokao.cn,data/shanghai/raw/plan_api/static/2025/500.json,1
2025,综合,500,兰州财经大学,423848,01,不限,020202,税收学,2,3800,四年,https://static-data.gaokao.cn/www/2.0/schoolspecialplan/500/2025/31.json?a=www.gaokao.cn,data/shanghai/raw/plan_api/static/2025/500.json,1
2025,综合,500,兰州财经大学,423848,01,不限,050101,汉语言文学,2,3800,四年,https://static-data.gaokao.cn/www/2.0/schoolspecialplan/500/2025/31.json?a=www.gaokao.cn,data/shanghai/raw/plan_api/static/2025/500.json,1
2025,综合,500,兰州财经大学,423848,01,不限,120901K,旅游管理,1,3800,四年,https://static-data.gaokao.cn/www/2.0/schoolspecialplan/500/2025/31.json?a=www.gaokao.cn,data/shanghai/raw/plan_api/static/2025/500.json,1
2025,综合,500,兰州财经大学,423853,02,不限,120203K,会计学,2,12000,四年,https://static-data.gaokao.cn/www/2.0/schoolspecialplan/500/2025/31.json?a=www.gaokao.cn,data/shanghai/raw/plan_api/static/2025/500.json,1
2025,综合,501,浙江工商,423845,01,不限,030101K,法学,1,,四年,https://static-data.gaokao.cn/www/2.0/schoolspecialplan/501/2025/31.json?a=www.gaokao.cn,data/shanghai/raw/plan_api/static/2025/501.json,1
2025,综合,501,浙江工商,423845,01,不限,030102T,知识产权,1,,四年,https://static-data.gaokao.cn/www/2.0/schoolspecialplan/501/2025/31.json?a=www.gaokao.cn,data/shanghai/raw/plan_api/static/2025/501.json,1
2025,综合,501,浙江工商,423850,02,物理、化学(2科必选),080717T,人工智能,2,,四年,https://static-data.gaokao.cn/www/2.0/schoolspecialplan/501/2025/31.json?a=www.gaokao.cn,data/shanghai/raw/plan_api/static/2025/501.json,1
2025,综合,504,海南大学,423844,01,物理、化学(2科必选),082601,生物医学工程,2,4600,四年,https://static-data.gaokao.cn/www/2.0/schoolspecialplan/504/2025/31.json?a=www.gaokao.cn,data/shanghai/raw/plan_api/static/2025/504.json,1
2025,综合,504,海南大学,423844,01,物理、化学(2科必选),080702,电子科学与技术,1,4600,四年,https://static-data.gaokao.cn/www/2.0/schoolspecialplan/504/2025/31.json?a=www.gaokao.cn,data/shanghai/raw/plan_api/static/2025/504.json,1
2025,综合,504,海南大学,423844,01,物理、化学(2科必选),071001,生物科学,1,4600,四年,https://static-data.gaokao.cn/www/2.0/schoolspecialplan/504/2025/31.json?a=www.gaokao.cn,data/shanghai/raw/plan_api/static/2025/504.json,1
2025,综合,504,海南大学,423844,01,物理、化学(2科必选),080904K,信息安全,1,4600,四年,https://static-data.gaokao.cn/www/2.0/schoolspecialplan/504/2025/31.json?a=www.gaokao.cn,data/shanghai/raw/plan_api/static/2025/504.json,1
2025,综合,504,海南大学,423844,01,物理、化学(2科必选),082701,食品科学与工程,1,4600,四年,https://static-data.gaokao.cn/www/2.0/schoolspecialplan/504/2025/31.json?a=www.gaokao.cn,data/shanghai/raw/plan_api/static/2025/504.json,1
2025,综合,504,海南大学,423844,01,物理、化学(2科必选),080407,高分子材料与工程,1,4600,四年,https://static-data.gaokao.cn/www/2.0/schoolspecialplan/504/2025/31.json?a=www.gaokao.cn,data/shanghai/raw/plan_api/static/2025/504.json,1
2025,综合,504,海南大学,423844,01,物理、化学(2科必选),080401,材料科学与工程,1,4600,四年,https://static-data.gaokao.cn/www/2.0/schoolspecialplan/504/2025/31.json?a=www.gaokao.cn,data/shanghai/raw/plan_api/static/2025/504.json,1
2025,综合,507,温医仁济,423847,01,不限,050303,广告学,2,4400,四年,https://static-data.gaokao.cn/www/2.0/schoolspecialplan/507/2025/31.json?a=www.gaokao.cn,data/shanghai/raw/plan_api/static/2025/507.json,1
2025,综合,507,温医仁济,423847,01,不限,050203,德语,2,4400,四年,https://static-data.gaokao.cn/www/2.0/schoolspecialplan/507/2025/31.json?a=www.gaokao.cn,data/shanghai/raw/plan_api/static/2025/507.json,1
2025,综合,507,温医仁济,423849,02,物理、化学(2科必选),080407,高分子材料与工程,3,6600,四年,https://static-data.gaokao.cn/www/2.0/schoolspecialplan/507/2025/31.json?a=www.gaokao.cn,data/shanghai/raw/plan_api/static/2025/507.json,1
2025,综合,507,温医仁济,423849,02,物理、化学(2科必选),080714T,电子信息科学与技术,2,6325,四年,https://static-data.gaokao.cn/www/2.0/schoolspecialplan/507/2025/31.json?a=www.gaokao.cn,data/shanghai/raw/plan_api/static/2025/507.json,1
2025,综合,509,南湖学院,423846,01,不限,030302,社会工作,1,4400,四年,https://static-data.gaokao.cn/www/2.0/schoolspecialplan/509/2025/31.json?a=www.gaokao.cn,data/shanghai/raw/plan_api/static/2025/509.json,1
2025,综合,509,南湖学院,423846,01,不限,120203K,会计学,1,6600,四年,https://static-data.gaokao.cn/www/2.0/schoolspecialplan/509/2025/31.json?a=www.gaokao.cn,data/shanghai/raw/plan_api/static/2025/509.json,1
2025,综合,509,南湖学院,423846,01,不限,050207,日语,1,4400,四年,https://static-data.gaokao.cn/www/2.0/schoolspecialplan/509/2025/31.json?a=www.gaokao.cn,data/shanghai/raw/plan_api/static/2025/509.json,1
2025,综合,509,南湖学院,423846,01,不限,050306T,网络与新媒体,1,4400,四年,https://static-data.gaokao.cn/www/2.0/schoolspecialplan/509/2025/31.json?a=www.gaokao.cn,data/shanghai/raw/plan_api/static/2025/509.json,1
2025,综合,509,南湖学院,423851,03,物理、化学(2科必选),081003,给排水科学与工程,1,6600,四年,https://static-data.gaokao.cn/www/2.0/schoolspecialplan/509/2025/31.json?a=www.gaokao.cn,data/shanghai/raw/plan_api/static/2025/509.json,1
2025,综合,509,南湖学院,423852,02,物理必选,082801,建筑学,1,6600,五年,https://static-data.gaokao.cn/www/2.0/schoolspecialplan/509/2025/31.json?a=www.gaokao.cn,data/shanghai/raw/plan_api/static/2025/509.json,1
2025,综合,509,南湖学院,423851,03,物理、化学(2科必选),080102,工程力学,1,5500,四年,https://static-data.gaokao.cn/www/2.0/schoolspecialplan/509/2025/31.json?a=www.gaokao.cn,data/shanghai/raw/plan_api/static/2025/509.json,1
2025,综合,509,南湖学院,423851,03,物理、化学(2科必选),080911TK,网络空间安全,1,5500,四年,https://static-data.gaokao.cn/www/2.0/schoolspecialplan/509/2025/31.json?a=www.gaokao.cn,data/shanghai/raw/plan_api/static/2025/509.json,1
2025,综合,509,南湖学院,423851,03,物理、化学(2科必选),082505T,环保设备工程,1,5500,四年,https://static-data.gaokao.cn/www/2.0/schoolspecialplan/509/2025/31.json?a=www.gaokao.cn,data/shanghai/raw/plan_api/static/2025/509.json,1
2025,综合,510,中计现代,423854,03,物理、化学(2科必选),080801,自动化,3,6600,四年,https://static-data.gaokao.cn/www/2.0/schoolspecialplan/510/2025/31.json?a=www.gaokao.cn,data/shanghai/raw/plan_api/static/2025/510.json,1
2025,综合,510,中计现代,423854,03,物理、化学(2科必选),071001,生物科学,2,6600,四年,https://static-data.gaokao.cn/www/2.0/schoolspecialplan/510/2025/31.json?a=www.gaokao.cn,data/shanghai/raw/plan_api/static/2025/510.json,1
2025,综合,510,中计现代,423856,02,思想政治必选,030503,思想政治教育,3,5280,四年,https://static-data.gaokao.cn/www/2.0/schoolspecialplan/510/2025/31.json?a=www.gaokao.cn,data/shanghai/raw/plan_api/static/2025/510.json,1
2025,综合,510,中计现代,423855,01,不限,050101,汉语言文学,2,5280,四年,https://static-data.gaokao.cn/www/2.0/schoolspecialplan/510/2025/31.json?a=www.gaokao.cn,data/shanghai/raw/plan_api/static/2025/510.json,1
2025,综合,511,海南师范大学,423859,02,物理、化学(2科必选),070101,数学与应用数学,3,4620,四年,https://static-data.gaokao.cn/www/2.0/schoolspecialplan/511/2025/31.json?a=www.gaokao.cn,data/shanghai/raw/plan_api/static/2025/511.json,1
2025,综合,511,海南师范大学,423860,01,不限,0401,教育学类,2,4180,四年,https://static-data.gaokao.cn/www/2.0/schoolspecialplan/511/2025/31.json?a=www.gaokao.cn,data/shanghai/raw/plan_api/static/2025/511.json,1
2025,综合,512,上财浙院,423857,01,物理、化学(2科必选),100201K,临床医学,2,6000,五年,https://static-data.gaokao.cn/www/2.0/schoolspecialplan/512/2025/31.json?a=www.gaokao.cn,data/shanghai/raw/plan_api/static/2025/512.json,1
2025,综合,512,上财浙院,423858,02,物理、化学(2科必选),101001,医学检验技术,3,6000,四年,https://static-data.gaokao.cn/www/2.0/schoolspecialplan/512/2025/31.json?a=www.gaokao.cn,data/shanghai/raw/plan_api/static/2025/512.json,1
2025,综合,520,贵州财经大学,423861,02,物理必选,120202,市场营销,4,60000,四年,https://static-data.gaokao.cn/www/2.0/schoolspecialplan/520/2025/31.json?a=www.gaokao.cn,data/shanghai/raw/plan_api/static/2025/520.json,1
2025,综合,520,贵州财经大学,423861,02,物理必选,120204,财务管理,4,60000,四年,https://static-data.gaokao.cn/www/2.0/schoolspecialplan/520/2025/31.json?a=www.gaokao.cn,data/shanghai/raw/plan_api/static/2025/520.json,1
2025,综合,520,贵州财经大学,423861,02,物理必选,120203K,会计学,4,60000,四年,https://static-data.gaokao.cn/www/2.0/schoolspecialplan/520/2025/31.json?a=www.gaokao.cn,data/shanghai/raw/plan_api/static/2025/520.json,1
2025,综合,520,贵州财经大学,423868,01,不限,120801,电子商务,1,22000,四年,https://static-data.gaokao.cn/www/2.0/schoolspecialplan/520/2025/31.json?a=www.gaokao.cn,data/shanghai/raw/plan_api/static/2025/520.json,1
2025,综合,521,贵州中医药大学,423863,02,物理、化学(2科必选),100801,中药学,2,4200,四年,https://static-data.gaokao.cn/www/2.0/schoolspecialplan/521/2025/31.json?a=www.gaokao.cn,data/shanghai/raw/plan_api/static/2025/521.json,1
2025,综合,521,贵州中医药大学,423866,01,不限,100501K,中医学,2,4500,五年,https://static-data.gaokao.cn/www/2.0/schoolspecialplan/521/2025/31.json?a=www.gaokao.cn,data/shanghai/raw/plan_api/static/2025/521.json,1
2025,综合,526,山东工商学院,423864,01,不限,020101,经济学,3,6325,四年,https://static-data.gaokao.cn/www/2.0/schoolspecialplan/526/2025/31.json?a=www.gaokao.cn,data/shanghai/raw/plan_api/static/2025/526.json,1
2025,综合,526,山东工商学院,423864,01,不限,120203K,会计学,1,6600,四年,https://static-data.gaokao.cn/www/2.0/schoolspecialplan/526/2025/31.json?a=www.gaokao.cn,data/shanghai/raw/plan_api/static/2025/526.json,1
2025,综合,526,山东工商学院,423864,01,不限,120201K,工商管理,1,6600,四年,https://static-data.gaokao.cn/www/2.0/schoolspecialplan/526/2025/31.json?a=www.gaokao.cn,data/shanghai/raw/plan_api/static/2025/526.json,1
2025,综合,526,山东工商学院,423864,01,不限,120206,人力资源管理,1,5500,四年,https://static-data.gaokao.cn/www/2.0/schoolspecialplan/526/2025/31.json?a=www.gaokao.cn,data/shanghai/raw/plan_api/static/2025/526.json,1
2025,综合,528,山东建筑大学,423862,01,不限,120203K,会计学,2,6325,四年,https://static-data.gaokao.cn/www/2.0/schoolspecialplan/528/2025/31.json?a=www.gaokao.cn,data/shanghai/raw/plan_api/static/2025/528.json,1
2025,综合,528,山东建筑大学,423862,01,不限,082802,城乡规划,1,6600,五年,https://static-data.gaokao.cn/www/2.0/schoolspecialplan/528/2025/31.json?a=www.gaokao.cn,data/shanghai/raw/plan_api/static/2025/528.json,1
2025,综合,528,山东建筑大学,423865,02,物理必选,120105,工程造价,2,6600,四年,https://static-data.gaokao.cn/www/2.0/schoolspecialplan/528/2025/31.json?a=www.gaokao.cn,data/shanghai/raw/plan_api/static/2025/528.json,1
2025,综合,528,山东建筑大学,423867,03,不限,082801,建筑学,2,50000,五年,https://static-data.gaokao.cn/www/2.0/schoolspecialplan/528/2025/31.json?a=www.gaokao.cn,data/shanghai/raw/plan_api/static/2025/528.json,0
2025,综合,531,广西师范大学,423874,01,不限,030101K,法学,4,6000,四年,https://static-data.gaokao.cn/www/2.0/schoolspecialplan/531/2025/31.json?a=www.gaokao.cn,data/shanghai/raw/plan_api/static/2025/531.json,1
2025,综合,531,广西师范大学,423875,03,物理、化学(2科必选),082503,环境科学,2,5500,四年,https://static-data.gaokao.cn/www/2.0/schoolspecialplan/531/2025/31.json?a=www.gaokao.cn,data/shanghai/raw/plan_api/static/2025/531.json,1
2025,综合,531,广西师范大学,423879,02,历史必选,050301,新闻学,2,5100,四年,https://static-data.gaokao.cn/www/2.0/schoolspecialplan/531/2025/31.json?a=www.gaokao.cn,data/shanghai/raw/plan_api/static/2025/531.json,1
2025,综合,532,中国科大,423872,02,物理、化学(2科必选),080703,通信工程,2,6000,四年,https://static-data.gaokao.cn/www/2.0/schoolspecialplan/532/2025/31.json?a=www.gaokao.cn,data/shanghai/raw/plan_api/static/2025/532.json,0
2025,综合,532,中国科大,423872,02,物理、化学(2科必选),080902,软件工程,2,6000,四年,https://static-data.gaokao.cn/www/2.0/schoolspecialplan/532/2025/31.json?a=www.gaokao.cn,data/shanghai/raw/plan_api/static/2025/532.json,0
2025,综合,532,中国科大,423872,02,物理、化学(2科必选),080901,计算机科学与技术,2,6000,四年,https://static-data.gaokao.cn/www/2.0/schoolspecialplan/532/2025/31.json?a=www.gaokao.cn,data/shanghai/raw/plan_api/static/2025/532.json,0
2025,综合,532,中国科大,423872,02,物理、化学(2科必选),080701,电子信息工程,2,6000,四年,https://static-data.gaokao.cn/www/2.0/schoolspecialplan/532/2025/31.json?a=www.gaokao.cn,data/shanghai/raw/plan_api/static/2025/532.json,0
2025,综合,532,中国科大,423877,01,不限,050201,英语,2,6000,四年,https://static-data.gaokao.cn/www/2.0/schoolspecialplan/532/2025/31.json?a=www.gaokao.cn,data/shanghai/raw/plan_api/static/2025/532.json,1
2025,综合,533,桂林理工大学,423870,01,物理、化学(2科必选),080717T,人工智能,3,6000,四年,https://static-data.gaokao.cn/www/2.0/schoolspecialplan/533/2025/31.json?a=www.gaokao.cn,data/shanghai/raw/plan_api/static/2025/533.json,1
2025,综合,533,桂林理工大学,423870,01,物理、化学(2科必选),080803T,机器人工程,3,6000,四年,https://static-data.gaokao.cn/www/2.0/schoolspecialplan/533/2025/31.json?a=www.gaokao.cn,data/shanghai/raw/plan_api/static/2025/533.json,1
2025,综合,533,桂林理工大学,423870,01,物理、化学(2科必选),080801,自动化,2,6000,四年,https://static-data.gaokao.cn/www/2.0/schoolspecialplan/533/2025/31.json?a=www.gaokao.cn,data/shanghai/raw/plan_api/static/2025/533.json,1
2025,综合,533,桂林理工大学,423870,01,物理、化学(2科必选),081202,遥感科学与技术,2,6000,四年,https://static-data.gaokao.cn/www/2.0/schoolspecialplan/533/2025/31.json?a=www.gaokao.cn,data/shanghai/raw/plan_api/static/2025/533.json,1
2025,综合,534,山东交通学院,423876,01,不限,030101K,法学,3,4400,四年,https://static-data.gaokao.cn/www/2.0/schoolspecialplan/534/2025/31.json?a=www.gaokao.cn,data/shanghai/raw/plan_api/static/2025/534.json,1
2025,综合,534,山东交通学院,423876,01,不限,120204,财务管理,2,6325,四年,https://static-data.gaokao.cn/www/2.0/schoolspecialplan/534/2025/31.json?a=www.gaokao.cn,data/shanghai/raw/plan_api/static/2025/534.json,1
2025,综合,537,山东科技大学,423869,02,物理、化学(2科必选),080601,电气工程及其自动化,2,6600,四年,https://static-data.gaokao.cn/www/2.0/schoolspecialplan/537/2025/31.json?a=www.gaokao.cn,data/shanghai/raw/plan_api/static/2025/537.json,1
2025,综合,537,山东科技大学,423869,02,物理、化学(2科必选),080905,物联网工程,2,6600,四年,https://static-data.gaokao.cn/www/2.0/schoolspecialplan/537/2025/31.json?a=www.gaokao.cn,data/shanghai/raw/plan_api/static/2025/537.json,1
2025,综合,537,山东科技大学,423869,02,物理、化学(2科必选),081901,船舶与海洋工程,2,5500,四年,https://static-data.gaokao.cn/www/2.0/schoolspecialplan/537/2025/31.json?a=www.gaokao.cn,data/shanghai/raw/plan_api/static/2025/537.json,1
2025,综合,537,山东科技大学,423873,01,物理必选,020301K,金融学,2,5500,四年,https://static-data.gaokao.cn/www/2.0/schoolspecialplan/537/2025/31.json?a=www.gaokao.cn,data/shanghai/raw/plan_api/static/2025/537.json,1
2025,综合,537,山东科技大学,423873,01,物理必选,020401,国际经济与贸易,2,6325,四年,https://static-data.gaokao.cn/www/2.0/schoolspecialplan/537/2025/31.json?a=www.gaokao.cn,data/shanghai/raw/plan_api/static/2025/537.json,1
2025,综合,538,桂林医科大学,423871,01,物理、化学(2科必选),101005,康复治疗学,2,6480,四年,https://static-data.gaokao.cn/www/2.0/schoolspecialplan/538/2025/31.json?a=www.gaokao.cn,data/shanghai/raw/plan_api/static/2025/538.json,1
2025,综合,538,桂林医科大学,423878,02,物理、化学(2科必选),100701,药学,1,6480,四年,https://static-data.gaokao.cn/www/2.0/schoolspecialplan/538/2025/31.json?a=www.gaokao.cn,data/shanghai/raw/plan_api/static/2025/538.json,1
2025,综合,540,山东理工大学,423884,01,不限,020301K,金融学,2,5500,四年,https://static-data.gaokao.cn/www/2.0/schoolspecialplan/540/2025/31.json?a=www.gaokao.cn,data/shanghai/raw/plan_api/static/2025/540.json,1
2025,综合,544,安徽科技,423883,02,物理、化学(2科必选),080901,计算机科学与技术,3,7300,四年,https://static-data.gaokao.cn/www/2.0/schoolspecialplan/544/2025/31.json?a=www.gaokao.cn,data/shanghai/raw/plan_api/static/2025/544.json,1
2025,综合,544,安徽科技,423883,02,物理、化学(2科必选),080701,电子信息工程,2,4800,四年,https://static-data.gaokao.cn/www/2.0/schoolspecialplan/544/2025/31.json?a=www.gaokao.cn,data/shanghai/raw/plan_api/static/2025/544.json,1
2025,综合,544,安徽科技,423886,01,不限,120201K,工商管理,3,4800,四年,https://static-data.gaokao.cn/www/2.0/schoolspecialplan/544/2025/31.json?a=www.gaokao.cn,data/shanghai/raw/plan_api/static/2025/544.json,1
2025,综合,544,安徽科技,423886,01,不限,020301K,金融学,2,4800,四年,https://static-data.gaokao.cn/www/2.0/schoolspecialplan/544/2025/31.json?a=www.gaokao.cn,data/shanghai/raw/plan_api/static/2025/544.json,1
2025,综合,545,合肥城院,423881,02,历史必选,050101,汉语言文学,1,4000,四年,https://static-data.gaokao.cn/www/2.0/schoolspecialplan/545/2025/31.json?a=www.gaokao.cn,data/shanghai/raw/plan_api/static/2025/545.json,1
2025,综合,545,合肥城院,423882,01,不限,030101K,法学,1,4400,四年,https://static-data.gaokao.cn/www/2.0/schoolspecialplan/545/2025/31.json?a=www.gaokao.cn,data/shanghai/raw/plan_api/static/2025/545.json,1
2025,综合,545,合肥城院,423882,01,不限,120801,电子商务,1,4400,四年,https://static-data.gaokao.cn/www/2.0/schoolspecialplan/545/2025/31.json?a=www.gaokao.cn,data/shanghai/raw/plan_api/static/2025/545.json,1
2025,综合,545,合肥城院,423882,01,不限,0201,经济学类,1,4400,四年,https://static-data.gaokao.cn/www/2.0/schoolspecialplan/545/2025/31.json?a=www.gaokao.cn,data/shanghai/raw/plan_api/static/2025/545.json,1
2025,综合,546,安医临床,423880,01,物理、化学(2科必选),100201K,临床医学,1,5800,五年,https://static-data.gaokao.cn/www/2.0/schoolspecialplan/546/2025/31.json?a=www.gaokao.cn,data/shanghai/raw/plan_api/static/2025/546.json,1
2025,综合,546,安医临床,423880,01,物理、化学(2科必选),100203TK,医学影像学,2,5800,五年,https://static-data.gaokao.cn/www/2.0/schoolspecialplan/546/2025/31.json?a=www.gaokao.cn,data/shanghai/raw/plan_api/static/2025/546.json,1
2025,综合,546,安医临床,423880,01,物理、化学(2科必选),100301K,口腔医学,1,5800,五年,https://static-data.gaokao.cn/www/2.0/schoolspecialplan/546/2025/31.json?a=www.gaokao.cn,data/shanghai/raw/plan_api/static/2025/546.json,1
2025,综合,546,安医临床,423880,01,物理、化学(2科必选),100204TK,眼视光医学,1,5800,五年,https://static-data.gaokao.cn/www/2.0/schoolspecialplan/546/2025/31.json?a=www.gaokao.cn,data/shanghai/raw/plan_api/static/2025/546.json,1
2025,综合,546,安医临床,423880,01,物理、化学(2科必选),100207TK,儿科学,1,5800,五年,https://static-data.gaokao.cn/www/2.0/schoolspecialplan/546/2025/31.json?a=www.gaokao.cn,data/shanghai/raw/plan_api/static/2025/546.json,1
2025,综合,547,齐鲁工业大学,423885,01,物理、化学(2科必选),080901,计算机科学与技术,3,6325,四年,https://static-data.gaokao.cn/www/2.0/schoolspecialplan/547/2025/31.json?a=www.gaokao.cn,data/shanghai/raw/plan_api/static/2025/547.json,1
2025,综合,547,齐鲁工业大学,423885,01,物理、化学(2科必选),080601,电气工程及其自动化,2,5500,四年,https://static-data.gaokao.cn/www/2.0/schoolspecialplan/547/2025/31.json?a=www.gaokao.cn,data/shanghai/raw/plan_api/static/2025/547.json,1
2025,综合,552,潍坊学院,423895,01,不限,050201,英语,5,4400,四年,https://static-data.gaokao.cn/www/2.0/schoolspecialplan/552/2025/31.json?a=www.gaokao.cn,data/shanghai/raw/plan_api/static/2025/552.json,1
2025,综合,552,潍坊学院,423907,02,思想政治必选,030101K,法学,5,5060,四年,https://static-data.gaokao.cn/www/2.0/schoolspecialplan/552/2025/31.json?a=www.gaokao.cn,data/shanghai/raw/plan_api/static/2025/552.json,1
2025,综合,554,烟台大学,423893,02,物理、化学(2科必选),080714T,电子信息科学与技术,2,6600,四年,https://static-data.gaokao.cn/www/2.0/schoolspecialplan/554/2025/31.json?a=www.gaokao.cn,data/shanghai/raw/plan_api/static/2025/554.json,1
2025,综合,554,烟台大学,423893,02,物理、化学(2科必选),080717T,人工智能,2,5500,四年,https://static-data.gaokao.cn/www/2.0/schoolspecialplan/554/2025/31.json?a=www.gaokao.cn,data/shanghai/raw/plan_api/static/2025/554.json,1
2025,综合,554,烟台大学,423898,01,不限,020304,投资学,2,5500,四年,https://static-data.gaokao.cn/www/2.0/schoolspecialplan/554/2025/31.json?a=www.gaokao.cn,data/shanghai/raw/plan_api/static/2025/554.json,1
2025,综合,554,烟台大学,423911,03,不限,120203K,会计学,2,5500,四年,https://static-data.gaokao.cn/www/2.0/schoolspecialplan/554/2025/31.json?a=www.gaokao.cn,data/shanghai/raw/plan_api/static/2025/554.json,1
2025,综合,554,烟台大学,423898,01,不限,030102T,知识产权,2,5280,四年,https://static-data.gaokao.cn/www/2.0/schoolspecialplan/554/2025/31.json?a=www.gaokao.cn,data/shanghai/raw/plan_api/static/2025/554.json,1
2025,综合,555,鲁东大学,423887,01,不限,020101,经济学,2,6320,四年,https://static-data.gaokao.cn/www/2.0/schoolspecialplan/555/2025/31.json?a=www.gaokao.cn,data/shanghai/raw/plan_api/static/2025/555.json,1
2025,综合,555,鲁东大学,423887,01,不限,020401,国际经济与贸易,1,5500,四年,https://static-data.gaokao.cn/www/2.0/schoolspecialplan/555/2025/31.json?a=www.gaokao.cn,data/shanghai/raw/plan_api/static/2025/555.json,1
2025,综合,555,鲁东大学,423887,01,不限,050103,汉语国际教育,1,5060,四年,https://static-data.gaokao.cn/www/2.0/schoolspecialplan/555/2025/31.json?a=www.gaokao.cn,data/shanghai/raw/plan_api/static/2025/555.json,1
2025,综合,555,鲁东大学,423904,02,物理、化学(2科必选),083002T,生物制药,2,5500,四年,https://static-data.gaokao.cn/www/2.0/schoolspecialplan/555/2025/31.json?a=www.gaokao.cn,data/shanghai/raw/plan_api/static/2025/555.json,1
2025,综合,555,鲁东大学,423904,02,物理、化学(2科必选),070501,地理科学,2,6600,四年,https://static-data.gaokao.cn/www/2.0/schoolspecialplan/555/2025/31.json?a=www.gaokao.cn,data/shanghai/raw/plan_api/static/2025/555.json,1
2025,综合,555,鲁东大学,423904,02,物理、化学(2科必选),080710T,集成电路设计与集成系统,2,5500,四年,https://static-data.gaokao.cn/www/2.0/schoolspecialplan/555/2025/31.json?a=www.gaokao.cn,data/shanghai/raw/plan_api/static/2025/555.json,1
2025,综合,556,北京化工大学,423888,02,物理、化学(2科必选),99549,工科试验班,4,5000,四年,https://static-data.gaokao.cn/www/2.0/schoolspecialplan/556/2025/31.json?a=www.gaokao.cn,data/shanghai/raw/plan_api/static/2025/556.json,1
2025,综合,556,北京化工大学,423888,02,物理、化学(2科必选),99463,理科试验班,4,5000,四年,https://static-data.gaokao.cn/www/2.0/schoolspecialplan/556/2025/31.json?a=www.gaokao.cn,data/shanghai/raw/plan_api/static/2025/556.json,1
2025,综合,556,北京化工大学,423888,02,物理、化学(2科必选),081301,化学工程与工艺,2,5000,四年,https://static-data.gaokao.cn/www/2.0/schoolspecialplan/556/2025/31.json?a=www.gaokao.cn,data/shanghai/raw/plan_api/static/2025/556.json,1
2025,综合,556,北京化工大学,423905,03,物理、化学(2科必选),99463,理科试验班,5,5000,四年,https://static-data.gaokao.cn/www/2.0/schoolspecialplan/556/2025/31.json?a=www.gaokao.cn,data/shanghai/raw/plan_api/static/2025/556.json,1
2025,综合,556,北京化工大学,423905,03,物理、化学(2科必选),99549,工科试验班,4,5000,四年,https://static-data.gaokao.cn/www/2.0/schoolspecialplan/556/2025/31.json?a=www.gaokao.cn,data/shanghai/raw/plan_api/static/2025/556.json,1
2025,综合,556,北京化工大学,423905,03,物理、化学(2科必选),0809,计算机类,3,5000,四年,https://static-data.gaokao.cn/www/2.0/schoolspecialplan/556/2025/31.json?a=www.gaokao.cn,data/shanghai/raw/plan_api/static/2025/556.json,1
2025,综合,556,北京化工大学,423903,01,物理、化学(2科必选),99549,工科试验班,3,5000,四年,https://static-data.gaokao.cn/www/2.0/schoolspecialplan/556/2025/31.json?a=www.gaokao.cn,data/shanghai/raw/plan_api/static/2025/556.json,1
2025,综合,556,北京化工大学,423905,03,物理、化学(2科必选),0808,自动化类,2,5000,四年,https://static-data.gaokao.cn/www/2.0/schoolspecialplan/556/2025/31.json?a=www.gaokao.cn,data/shanghai/raw/plan_api/static/2025/556.json,1
2025,综合,557,中国农业大学,423897,01,物理、化学(2科必选),0904,动物医学类,3,3000,五年,https://static-data.gaokao.cn/www/2.0/schoolspecialplan/557/2025/31.json?a=www.gaokao.cn,data/shanghai/raw/plan_api/static/2025/557.json,1
2025,综合,557,中国农业大学,423897,01,物理、化学(2科必选),090101,农学,2,3000,四年,https://static-data.gaokao.cn/www/2.0/schoolspecialplan/557/2025/31.json?a=www.gaokao.cn,data/shanghai/raw/plan_api/static/2025/557.json,1
2025,综合,557,中国农业大学,423897,01,物理、化学(2科必选),090103,植物保护,2,3000,四年,https://static-data.gaokao.cn/www/2.0/schoolspecialplan/557/2025/31.json?a=www.gaokao.cn,data/shanghai/raw/plan_api/static/2025/557.json,1
2025,综合,557,中国农业大学,423897,01,物理、化学(2科必选),0827,食品科学与工程类,2,5000,四年,https://static-data.gaokao.cn/www/2.0/schoolspecialplan/557/2025/31.json?a=www.gaokao.cn,data/shanghai/raw/plan_api/static/2025/557.json,1
2025,综合,557,中国农业大学,423897,01,物理、化学(2科必选),090301,动物科学,1,3000,四年,https://static-data.gaokao.cn/www/2.0/schoolspecialplan/557/2025/31.json?a=www.gaokao.cn,data/shanghai/raw/plan_api/static/2025/557.json,1
2025,综合,557,中国农业大学,423897,01,物理、化学(2科必选),090102,园艺,1,3000,四年,https://static-data.gaokao.cn/www/2.0/schoolspecialplan/557/2025/31.json?a=www.gaokao.cn,data/shanghai/raw/plan_api/static/2025/557.json,1
2025,综合,557,中国农业大学,423897,01,物理、化学(2科必选),0710,生物科学类,1,5000,四年,https://static-data.gaokao.cn/www/2.0/schoolspecialplan/557/2025/31.json?a=www.gaokao.cn,data/shanghai/raw/plan_api/static/2025/557.json,1
2025,综合,557,中国农业大学,423902,02,不限,020401,国际经济与贸易,3,,四年,https://static-data.gaokao.cn/www/2.0/schoolspecialplan/557/2025/31.json?a=www.gaokao.cn,data/shanghai/raw/plan_api/static/2025/557.json,0
2025,综合,557,中国农业大学,423902,02,不限,050304,传播学,3,,四年,https://static-data.gaokao.cn/www/2.0/schoolspecialplan/557/2025/31.json?a=www.gaokao.cn,data/shanghai/raw/plan_api/static/2025/557.json,0
2025,综合,558,中国传媒大学,423890,05,不限,050303,广告学,3,85000,四年,https://static-data.gaokao.cn/www/2.0/schoolspecialplan/558/2025/31.json?a=www.gaokao.cn,data/shanghai/raw/plan_api/static/2025/558.json,0
2025,综合,558,中国传媒大学,423890,05,不限,050304,传播学,3,85000,四年,https://static-data.gaokao.cn/www/2.0/schoolspecialplan/558/2025/31.json?a=www.gaokao.cn,data/shanghai/raw/plan_api/static/2025/558.json,0
2025,综合,558,中国传媒大学,423910,06,物理、化学(2科必选),080906,数字媒体技术,5,100000,四年,https://static-data.gaokao.cn/www/2.0/schoolspecialplan/558/2025/31.json?a=www.gaokao.cn,data/shanghai/raw/plan_api/static/2025/558.json,0
2025,综合,558,中国传媒大学,423896,01,不限,120210,文化产业管理,4,5000,四年,https://static-data.gaokao.cn/www/2.0/schoolspecialplan/558/2025/31.json?a=www.gaokao.cn,data/shanghai/raw/plan_api/static/2025/558.json,1
2025,综合,558,中国传媒大学,423910,06,物理、化学(2科必选),080907T,智能科学与技术,4,100000,四年,https://static-data.gaokao.cn/www/2.0/schoolspecialplan/558/2025/31.json?a=www.gaokao.cn,data/shanghai/raw/plan_api/static/2025/558.json,0
2025,综合,558,中国传媒大学,423896,01,不限,050303,广告学,3,5000,四年,https://static-data.gaokao.cn/www/2.0/schoolspecialplan/558/2025/31.json?a=www.gaokao.cn,data/shanghai/raw/plan_api/static/2025/558.json,1
2025,综合,558,中国传媒大学,423896,01,不限,050301,新闻学,2,5000,四年,https://static-data.gaokao.cn/www/2.0/schoolspecialplan/558/2025/31.json?a=www.gaokao.cn,data/shanghai/raw/plan_api/static/2025/558.json,1
2025,综合,558,中国传媒大学,423896,01,不限,050304,传播学,2,5000,四年,https://static-data.gaokao.cn/www/2.0/schoolspecialplan/558/2025/31.json?a=www.gaokao.cn,data/shanghai/raw/plan_api/static/2025/558.json,1
2025,综合,558,中国传媒大学,423901,03,不限,050201,英语,2,6000,四年,https://static-data.gaokao.cn/www/2.0/schoolspecialplan/558/2025/31.json?a=www.gaokao.cn,data/shanghai/raw/plan_api/static/2025/558.json,1
2025,综合,558,中国传媒大学,423892,04,物理、化学(2科必选),080901,计算机科学与技术,2,5500,四年,https://static-data.gaokao.cn/www/2.0/schoolspecialplan/558/2025/31.json?a=www.gaokao.cn,data/shanghai/raw/plan_api/static/2025/558.json,1
2025,综合,558,中国传媒大学,423896,01,不限,050306T,网络与新媒体,2,5000,四年,https://static-data.gaokao.cn/www/2.0/schoolspecialplan/558/2025/31.json?a=www.gaokao.cn,data/shanghai/raw/plan_api/static/2025/558.json,1
2025,综合,558,中国传媒大学,423892,04,物理、化学(2科必选),080906,数字媒体技术,2,5500,四年,https://static-data.gaokao.cn/www/2.0/schoolspecialplan/558/2025/31.json?a=www.gaokao.cn,data/shanghai/raw/plan_api/static/2025/558.json,1
2025,综合,558,中国传媒大学,423891,02,不限,130305,广播电视编导,2,10000,四年,https://static-data.gaokao.cn/www/2.0/schoolspecialplan/558/2025/31.json?a=www.gaokao.cn,data/shanghai/raw/plan_api/static/2025/558.json,1
2025,综合,558,中国传媒大学,423892,04,物理、化学(2科必选),080910T,数据科学与大数据技术,2,5500,四年,https://static-data.gaokao.cn/www/2.0/schoolspecialplan/558/2025/31.json?a=www.gaokao.cn,data/shanghai/raw/plan_api/static/2025/558.json,1
2025,综合,558,中国传媒大学,423901,03,不限,050309T,国际新闻与传播,2,5000,四年,https://static-data.gaokao.cn/www/2.0/schoolspecialplan/558/2025/31.json?a=www.gaokao.cn,data/shanghai/raw/plan_api/static/2025/558.json,1
2025,综合,558,中国传媒大学,423892,04,物理、化学(2科必选),080722T,智能视听工程,2,5500,四年,https://static-data.gaokao.cn/www/2.0/schoolspecialplan/558/2025/31.json?a=www.gaokao.cn,data/shanghai/raw/plan_api/static/2025/558.json,1
2025,综合,558,中国传媒大学,423891,02,不限,130318T,智能影像艺术,2,10000,四年,https://static-data.gaokao.cn/www/2.0/schoolspecialplan/558/2025/31.json?a=www.gaokao.cn,data/shanghai/raw/plan_api/static/2025/558.json,1
2025,综合,559,北京城市学院,423894,01,不限,130305,广播电视编导,2,35800,四年,https://static-data.gaokao.cn/www/2.0/schoolspecialplan/559/2025/31.json?a=www.gaokao.cn,data/shanghai/raw/plan_api/static/2025/559.json,1
2025,综合,559,北京城市学院,423894,01,不限,050203,德语,1,43800,四年,https://static-data.gaokao.cn/www/2.0/schoolspecialplan/559/2025/31.json?a=www.gaokao.cn,data/shanghai/raw/plan_api/static/2025/559.json,1
2025,综合,559,北京城市学院,423894,01,不限,050205,西班牙语,1,43800,四年,https://static-data.gaokao.cn/www/2.0/schoolspecialplan/559/2025/31.json?a=www.gaokao.cn,data/shanghai/raw/plan_api/static/2025/559.json,1
2025,综合,559,北京城市学院,423894,01,不限,050204,法语,1,43800,四年,https://static-data.gaokao.cn/www/2.0/schoolspecialplan/559/2025/31.json?a=www.gaokao.cn,data/shanghai/raw/plan_api/static/2025/559.json,1
2025,综合,559,北京城市学院,423894,01,不限,040101,教育学,1,32800,四年,https://static-data.gaokao.cn/www/2.0/schoolspecialplan/559/2025/31.json?a=www.gaokao.cn,data/shanghai/raw/plan_api/static/2025/559.json,1
2025,综合,559,北京城市学院,423894,01,不限,120203K,会计学,1,48800,四年,https://static-data.gaokao.cn/www/2.0/schoolspecialplan/559/2025/31.json?a=www.gaokao.cn,data/shanghai/raw/plan_api/static/2025/559.json,1
2025,综合,559,北京城市学院,423894,01,不限,020301K,金融学,1,48800,四年,https://static-data.gaokao.cn/www/2.0/schoolspecialplan/559/2025/31.json?a=www.gaokao.cn,data/shanghai/raw/plan_api/static/2025/559.json,1
2025,综合,559,北京城市学院,423894,01,不限,120210,文化产业管理,1,32800,四年,https://static-data.gaokao.cn/www/2.0/schoolspecialplan/559/2025/31.json?a=www.gaokao.cn,data/shanghai/raw/plan_api/static/2025/559.json,1
2025,综合,559,北京城市学院,423894,01,不限,050304,传播学,1,48800,四年,https://static-data.gaokao.cn/www/2.0/schoolspecialplan/559/2025/31.json?a=www.gaokao.cn,data/shanghai/raw/plan_api/static/2025/559.json,1
2025,综合,559,北京城市学院,423894,01,不限,030302,社会工作,1,32800,四年,https://static-data.gaokao.cn/www/2.0/schoolspecialplan/559/2025/31.json?a=www.gaokao.cn,data/shanghai/raw/plan_api/static/2025/559.json,1
2025,综合,559,北京城市学院,423894,01,不限,060104,文物与博物馆学,1,32800,四年,https://static-data.gaokao.cn/www/2.0/schoolspecialplan/559/2025/31.json?a=www.gaokao.cn,data/shanghai/raw/plan_api/static/2025/559.json,1
2025,综合,559,北京城市学院,423894,01,不限,120803T,跨境电子商务,1,32800,四年,https://static-data.gaokao.cn/www/2.0/schoolspecialplan/559/2025/31.json?a=www.gaokao.cn,data/shanghai/raw/plan_api/static/2025/559.json,1
2025,综合,562,中央戏剧学院,423919,01,不限,130302,戏剧学,2,8000,四年,https://static-data.gaokao.cn/www/2.0/schoolspecialplan/562/2025/31.json?a=www.gaokao.cn,data/shanghai/raw/plan_api/static/2025/562.json,1
2025,综合,562,中央戏剧学院,423919,01,不限,130304,戏剧影视文学,2,8000,四年,https://static-data.gaokao.cn/www/2.0/schoolspecialplan/562/2025/31.json?a=www.gaokao.cn,data/shanghai/raw/plan_api/static/2025/562.json,1
2025,综合,562,中央戏剧学院,423919,01,不限,130313T,戏剧教育,2,8000,四年,https://static-data.gaokao.cn/www/2.0/schoolspecialplan/562/2025/31.json?a=www.gaokao.cn,data/shanghai/raw/plan_api/static/2025/562.json,1
2025,综合,562,中央戏剧学院,423919,01,不限,130102T,艺术管理,1,8000,四年,https://static-data.gaokao.cn/www/2.0/schoolspecialplan/562/2025/31.json?a=www.gaokao.cn,data/shanghai/raw/plan_api/static/2025/562.json,1
2025,综合,563,北京电影学院,423915,01,不限,130303,电影学,3,8000,四年,https://static-data.gaokao.cn/www/2.0/schoolspecialplan/563/2025/31.json?a=www.gaokao.cn,data/shanghai/raw/plan_api/static/2025/563.json,1
2025,综合,563,北京电影学院,423916,03,不限,130304,戏剧影视文学,2,8000,四年,https://static-data.gaokao.cn/www/2.0/schoolspecialplan/563/2025/31.json?a=www.gaokao.cn,data/shanghai/raw/plan_api/static/2025/563.json,1
2025,综合,563,北京电影学院,423927,04,不限,130312T,影视技术,2,10000,四年,https://static-data.gaokao.cn/www/2.0/schoolspecialplan/563/2025/31.json?a=www.gaokao.cn,data/shanghai/raw/plan_api/static/2025/563.json,1
2025,综合,563,北京电影学院,423920,05,历史必选,120210,文化产业管理,2,6000,四年,https://static-data.gaokao.cn/www/2.0/schoolspecialplan/563/2025/31.json?a=www.gaokao.cn,data/shanghai/raw/plan_api/static/2025/563.json,1
2025,综合,563,北京电影学院,423922,02,不限,130304,戏剧影视文学,1,8000,四年,https://static-data.gaokao.cn/www/2.0/schoolspecialplan/563/2025/31.json?a=www.gaokao.cn,data/shanghai/raw/plan_api/static/2025/563.json,1
2025,综合,566,中央财经大学,423912,02,物理必选,020303,保险学,1,5000,四年,https://static-data.gaokao.cn/www/2.0/schoolspecialplan/566/2025/31.json?a=www.gaokao.cn,data/shanghai/raw/plan_api/static/2025/566.json,1
2025,综合,566,中央财经大学,423912,02,物理必选,0203,金融学类,2,5000,四年,https://static-data.gaokao.cn/www/2.0/schoolspecialplan/566/2025/31.json?a=www.gaokao.cn,data/shanghai/raw/plan_api/static/2025/566.json,1
2025,综合,566,中央财经大学,423912,02,物理必选,120108T,大数据管理与应用,2,5000,四年,https://static-data.gaokao.cn/www/2.0/schoolspecialplan/566/2025/31.json?a=www.gaokao.cn,data/shanghai/raw/plan_api/static/2025/566.json,1
2025,综合,566,中央财经大学,423912,02,物理必选,020109T,数字经济,2,5000,四年,https://static-data.gaokao.cn/www/2.0/schoolspecialplan/566/2025/31.json?a=www.gaokao.cn,data/shanghai/raw/plan_api/static/2025/566.json,1
2025,综合,566,中央财经大学,423912,02,物理必选,120102,信息管理与信息系统,1,5000,四年,https://static-data.gaokao.cn/www/2.0/schoolspecialplan/566/2025/31.json?a=www.gaokao.cn,data/shanghai/raw/plan_api/static/2025/566.json,1
2025,综合,566,中央财经大学,423912,02,物理必选,020310T,金融科技,1,5000,四年,https://static-data.gaokao.cn/www/2.0/schoolspecialplan/566/2025/31.json?a=www.gaokao.cn,data/shanghai/raw/plan_api/static/2025/566.json,1
2025,综合,566,中央财经大学,423923,03,不限,020401,国际经济与贸易,4,100000,四年,https://static-data.gaokao.cn/www/2.0/schoolspecialplan/566/2025/31.json?a=www.gaokao.cn,data/shanghai/raw/plan_api/static/2025/566.json,0
2025,综合,566,中央财经大学,423914,01,不限,020301K,金融学,1,5000,四年,https://static-data.gaokao.cn/www/2.0/schoolspecialplan/566/2025/31.json?a=www.gaokao.cn,data/shanghai/raw/plan_api/static/2025/566.json,1
2025,综合,566,中央财经大学,423914,01,不限,0202,财政学类,3,5000,四年,https://static-data.gaokao.cn/www/2.0/schoolspecialplan/566/2025/31.json?a=www.gaokao.cn,data/shanghai/raw/plan_api/static/2025/566.json,1
2025,综合,566,中央财经大学,423914,01,不限,1202,工商管理类,2,5000,四年,https://static-data.gaokao.cn/www/2.0/schoolspecialplan/566/2025/31.json?a=www.gaokao.cn,data/shanghai/raw/plan_api/static/2025/566.json,1
2025,综合,566,中央财经大学,423914,01,不限,020101,经济学,2,5000,四年,https://static-data.gaokao.cn/www/2.0/schoolspecialplan/566/2025/31.json?a=www.gaokao.cn,data/shanghai/raw/plan_api/static/2025/566.json,1
2025,综合,566,中央财经大学,423914,01,不限,0201,经济学类,2,5000,四年,https://static-data.gaokao.cn/www/2.0/schoolspecialplan/566/2025/31.json?a=www.gaokao.cn,data/shanghai/raw/plan_api/static/2025/566.json,1
2025,综合,566,中央财经大学,423914,01,不限,0503,新闻传播学类,1,5000,四年,https://static-data.gaokao.cn/www/2.0/schoolspecialplan/566/2025/31.json?a=www.gaokao.cn,data/shanghai/raw/plan_api/static/2025/566.json,1
2025,综合,568,中华女子学院,423913,01,不限,040106,学前教育,10,4200,四年,https://static-data.gaokao.cn/www/2.0/schoolspecialplan/568/2025/31.json?a=www.gaokao.cn,data/shanghai/raw/plan_api/static/2025/568.json,1
2025,综合,568,中华女子学院,423913,01,不限,050103,汉语国际教育,4,4200,四年,https://static-data.gaokao.cn/www/2.0/schoolspecialplan/568/2025/31.json?a=www.gaokao.cn,data/shanghai/raw/plan_api/static/2025/568.json,1
2025,综合,568,中华女子学院,423913,01,不限,020301K,金融学,3,4200,四年,https://static-data.gaokao.cn/www/2.0/schoolspecialplan/568/2025/31.json?a=www.gaokao.cn,data/shanghai/raw/plan_api/static/2025/568.json,1
2025,综合,568,中华女子学院,423913,01,不限,030304T,女性学,3,4200,四年,https://static-data.gaokao.cn/www/2.0/schoolspecialplan/568/2025/31.json?a=www.gaokao.cn,data/shanghai/raw/plan_api/static/2025/568.json,1
2025,综合,568,中华女子学院,423913,01,不限,071102,应用心理学,3,4200,四年,https://static-data.gaokao.cn/www/2.0/schoolspecialplan/568/2025/31.json?a=www.gaokao.cn,data/shanghai/raw/plan_api/static/2025/568.json,1
2025,综合,568,中华女子学院,423913,01,不限,040115T,家庭教育,3,4200,四年,https://static-data.gaokao.cn/www/2.0/schoolspecialplan/568/2025/31.json?a=www.gaokao.cn,data/shanghai/raw/plan_api/static/2025/568.json,1
2025,综合,568,中华女子学院,423913,01,不限,030305T,家政学,3,4200,四年,https://static-data.gaokao.cn/www/2.0/schoolspecialplan/568/2025/31.json?a=www.gaokao.cn,data/shanghai/raw/plan_api/static/2025/568.json,1
2025,综合,568,中华女子学院,423913,01,不限,030301,社会学,2,4200,四年,https://static-data.gaokao.cn/www/2.0/schoolspecialplan/568/2025/31.json?a=www.gaokao.cn,data/shanghai/raw/plan_api/static/2025/568.json,1
2025,综合,568,中华女子学院,423913,01,不限,050306T,网络与新媒体,2,4200,四年,https://static-data.gaokao.cn/www/2.0/schoolspecialplan/568/2025/31.json?a=www.gaokao.cn,data/shanghai/raw/plan_api/static/2025/568.json,1
2025,综合,568,中华女子学院,423913,01,不限,120414T,养老服务管理,2,4200,四年,https://static-data.gaokao.cn/www/2.0/schoolspecialplan/568/2025/31.json?a=www.gaokao.cn,data/shanghai/raw/plan_api/static/2025/568.json,1
2025,综合,568,中华女子学院,423917,02,物理、化学(2科必选),080906,数字媒体技术,3,4600,四年,https://static-data.gaokao.cn/www/2.0/schoolspecialplan/568/2025/31.json?a=www.gaokao.cn,data/shanghai/raw/plan_api/static/2025/568.json,1
2025,综合,568,中华女子学院,423917,02,物理、化学(2科必选),080717T,人工智能,3,4600,四年,https://static-data.gaokao.cn/www/2.0/schoolspecialplan/568/2025/31.json?a=www.gaokao.cn,data/shanghai/raw/plan_api/static/2025/568.json,1
2025,综合,569,中国政法大学,423918,02,不限,030101K,法学,2,5000,四年,https://static-data.gaokao.cn/www/2.0/schoolspecialplan/569/2025/31.json?a=www.gaokao.cn,data/shanghai/raw/plan_api/static/2025/569.json,1
2025,综合,569,中国政法大学,423918,02,不限,120205,国际商务,1,5000,四年,https://static-data.gaokao.cn/www/2.0/schoolspecialplan/569/2025/31.json?a=www.gaokao.cn,data/shanghai/raw/plan_api/static/2025/569.json,1
2025,综合,569,中国政法大学,423918,02,不限,120402,行政管理,1,5000,四年,https://static-data.gaokao.cn/www/2.0/schoolspecialplan/569/2025/31.json?a=www.gaokao.cn,data/shanghai/raw/plan_api/static/2025/569.json,1
2025,综合,569,中国政法大学,423918,02,不限,120401,公共事业管理,1,5000,四年,https://static-data.gaokao.cn/www/2.0/schoolspecialplan/569/2025/31.json?a=www.gaokao.cn,data/shanghai/raw/plan_api/static/2025/569.json,1
2025,综合,569,中国政法大学,423918,02,不限,050203,德语,1,6000,四年,https://static-data.gaokao.cn/www/2.0/schoolspecialplan/569/2025/31.json?a=www.gaokao.cn,data/shanghai/raw/plan_api/static/2025/569.json,1
2025,综合,569,中国政法大学,423918,02,不限,050261,翻译,1,6000,四年,https://static-data.gaokao.cn/www/2.0/schoolspecialplan/569/2025/31.json?a=www.gaokao.cn,data/shanghai/raw/plan_api/static/2025/569.json,1
2025,综合,569,中国政法大学,423924,01,不限,030101K,法学,2,5000,四年,https://static-data.gaokao.cn/www/2.0/schoolspecialplan/569/2025/31.json?a=www.gaokao.cn,data/shanghai/raw/plan_api/static/2025/569.json,1
2025,综合,570,北京工商大学,423937,02,物理必选,020201K,财政学,5,4200,四年,https://static-data.gaokao.cn/www/2.0/schoolspecialplan/570/2025/31.json?a=www.gaokao.cn,data/shanghai/raw/plan_api/static/2025/570.json,1
2025,综合,570,北京工商大学,423940,01,不限,120203K,会计学,5,4200,四年,https://static-data.gaokao.cn/www/2.0/schoolspecialplan/570/2025/31.json?a=www.gaokao.cn,data/shanghai/raw/plan_api/static/2025/570.json,1
2025,综合,571,中国音乐学院,423928,01,不限,130102T,艺术管理,2,8000,四年,https://static-data.gaokao.cn/www/2.0/schoolspecialplan/571/2025/31.json?a=www.gaokao.cn,data/shanghai/raw/plan_api/static/2025/571.json,1
2025,综合,573,北京协和医学院,423935,01,物理、化学(2科必选),101101K,护理学,4,4800,四年,https://static-data.gaokao.cn/www/2.0/schoolspecialplan/573/2025/31.json?a=www.gaokao.cn,data/shanghai/raw/plan_api/static/2025/573.json,1
2025,综合,574,中国戏曲学院,423936,01,不限,130304,戏剧影视文学,1,8000,四年,https://static-data.gaokao.cn/www/2.0/schoolspecialplan/574/2025/31.json?a=www.gaokao.cn,data/shanghai/raw/plan_api/static/2025/574.json,1
2025,综合,586,北京物资学院,423944,02,不限,120604T,供应链管理,3,65000,四年,https://static-data.gaokao.cn/www/2.0/schoolspecialplan/586/2025/31.json?a=www.gaokao.cn,data/shanghai/raw/plan_api/static/2025/586.json,0
2025,综合,586,北京物资学院,423946,01,不限,020301K,金融学,2,4200,四年,https://static-data.gaokao.cn/www/2.0/schoolspecialplan/586/2025/31.json?a=www.gaokao.cn,data/shanghai/raw/plan_api/static/2025/586.json,1
2025,综合,589,首都师范大学,423941,01,不限,0501,中国语言文学类,3,5000,四年,https://static-data.gaokao.cn/www/2.0/schoolspecialplan/589/2025/31.json?a=www.gaokao.cn,data/shanghai/raw/plan_api/static/2025/589.json,1
2025,综合,589,首都师范大学,423941,01,不限,020401,国际经济与贸易,2,5000,四年,https://static-data.gaokao.cn/www/2.0/schoolspecialplan/589/2025/31.json?a=www.gaokao.cn,data/shanghai/raw/plan_api/static/2025/589.json,1
2025,综合,589,首都师范大学,423941,01,不限,030101K,法学,2,5000,四年,https://static-data.gaokao.cn/www/2.0/schoolspecialplan/589/2025/31.json?a=www.gaokao.cn,data/shanghai/raw/plan_api/static/2025/589.json,1
2025,综合,589,首都师范大学,423941,01,不限,120210,文化产业管理,2,5000,四年,https://static-data.gaokao.cn/www/2.0/schoolspecialplan/589/2025/31.json?a=www.gaokao.cn,data/shanghai/raw/plan_api/static/2025/589.json,1
2025,综合,589,首都师范大学,423941,01,不限,050201,英语,2,6000,四年,https://static-data.gaokao.cn/www/2.0/schoolspecialplan/589/2025/31.json?a=www.gaokao.cn,data/shanghai/raw/plan_api/static/2025/589.json,1
2025,综合,589,首都师范大学,423941,01,不限,050203,德语,2,6000,四年,https://static-data.gaokao.cn/www/2.0/schoolspecialplan/589/2025/31.json?a=www.gaokao.cn,data/shanghai/raw/plan_api/static/2025/589.json,1
2025,综合,589,首都师范大学,423941,01,不限,050207,日语,2,6000,四年,https://static-data.gaokao.cn/www/2.0/schoolspecialplan/589/2025/31.json?a=www.gaokao.cn,data/shanghai/raw/plan_api/static/2025/589.json,1
2025,综合,589,首都师范大学,423943,02,物理、化学(2科必选),080902,软件工程,2,5000,四年,https://static-data.gaokao.cn/www/2.0/schoolspecialplan/589/2025/31.json?a=www.gaokao.cn,data/shanghai/raw/plan_api/static/2025/589.json,1
2025,综合,589,首都师范大学,423943,02,物理、化学(2科必选),070302,应用化学,2,5000,四年,https://static-data.gaokao.cn/www/2.0/schoolspecialplan/589/2025/31.json?a=www.gaokao.cn,data/shanghai/raw/plan_api/static/2025/589.json,1
2025,综合,589,首都师范大学,423943,02,物理、化学(2科必选),0710,生物科学类,2,5000,四年,https://static-data.gaokao.cn/www/2.0/schoolspecialplan/589/2025/31.json?a=www.gaokao.cn,data/shanghai/raw/plan_api/static/2025/589.json,1
2025,综合,589,首都师范大学,423943,02,物理、化学(2科必选),0701,数学类,2,5000,四年,https://static-data.gaokao.cn/www/2.0/schoolspecialplan/589/2025/31.json?a=www.gaokao.cn,data/shanghai/raw/plan_api/static/2025/589.json,1
2025,综合,589,首都师范大学,423943,02,物理、化学(2科必选),080717T,人工智能,2,5000,四年,https://static-data.gaokao.cn/www/2.0/schoolspecialplan/589/2025/31.json?a=www.gaokao.cn,data/shanghai/raw/plan_api/static/2025/589.json,1
2025,综合,590,北京印刷学院,423955,01,不限,050304,传播学,2,4200,四年,https://static-data.gaokao.cn/www/2.0/schoolspecialplan/590/2025/31.json?a=www.gaokao.cn,data/shanghai/raw/plan_api/static/2025/590.json,1
2025,综合,590,北京印刷学院,423955,01,不限,120210,文化产业管理,1,4200,四年,https://static-data.gaokao.cn/www/2.0/schoolspecialplan/590/2025/31.json?a=www.gaokao.cn,data/shanghai/raw/plan_api/static/2025/590.json,1
2025,综合,590,北京印刷学院,423955,01,不限,050306T,网络与新媒体,1,4200,四年,https://static-data.gaokao.cn/www/2.0/schoolspecialplan/590/2025/31.json?a=www.gaokao.cn,data/shanghai/raw/plan_api/static/2025/590.json,1
2025,综合,592,北京语言大学,423948,03,思想政治必选,030206TK,国际组织与全球治理,2,5000,四年,https://static-data.gaokao.cn/www/2.0/schoolspecialplan/592/2025/31.json?a=www.gaokao.cn,data/shanghai/raw/plan_api/static/2025/592.json,1
2025,综合,592,北京语言大学,423948,03,思想政治必选,030202,国际思想政治,1,5000,四年,https://static-data.gaokao.cn/www/2.0/schoolspecialplan/592/2025/31.json?a=www.gaokao.cn,data/shanghai/raw/plan_api/static/2025/592.json,1
2025,综合,592,北京语言大学,423948,03,思想政治必选,030204T,国际事务与国际关系,1,5000,四年,https://static-data.gaokao.cn/www/2.0/schoolspecialplan/592/2025/31.json?a=www.gaokao.cn,data/shanghai/raw/plan_api/static/2025/592.json,1
2025,综合,592,北京语言大学,423951,01,不限,0502,外国语言文学类,7,6000,四年,https://static-data.gaokao.cn/www/2.0/schoolspecialplan/592/2025/31.json?a=www.gaokao.cn,data/shanghai/raw/plan_api/static/2025/592.json,1
2025,综合,592,北京语言大学,423953,06,物理必选,120102,信息管理与信息系统,5,100000,四年,https://static-data.gaokao.cn/www/2.0/schoolspecialplan/592/2025/31.json?a=www.gaokao.cn,data/shanghai/raw/plan_api/static/2025/592.json,0
2025,综合,592,北京语言大学,423960,05,不限,020401,国际经济与贸易,5,100000,四年,https://static-data.gaokao.cn/www/2.0/schoolspecialplan/592/2025/31.json?a=www.gaokao.cn,data/shanghai/raw/plan_api/static/2025/592.json,0
2025,综合,592,北京语言大学,423958,04,物理、化学(2科必选),0809,计算机类,5,5500,四年,https://static-data.gaokao.cn/www/2.0/schoolspecialplan/592/2025/31.json?a=www.gaokao.cn,data/shanghai/raw/plan_api/static/2025/592.json,1
2025,综合,592,北京语言大学,423951,01,不限,0501,中国语言文学类,4,5000,四年,https://static-data.gaokao.cn/www/2.0/schoolspecialplan/592/2025/31.json?a=www.gaokao.cn,data/shanghai/raw/plan_api/static/2025/592.json,1
2025,综合,592,北京语言大学,423951,01,不限,020301K,金融学,2,5000,四年,https://static-data.gaokao.cn/www/2.0/schoolspecialplan/592/2025/31.json?a=www.gaokao.cn,data/shanghai/raw/plan_api/static/2025/592.json,1
2025,综合,592,北京语言大学,423951,01,不限,050301,新闻学,2,5000,四年,https://static-data.gaokao.cn/www/2.0/schoolspecialplan/592/2025/31.json?a=www.gaokao.cn,data/shanghai/raw/plan_api/static/2025/592.json,1
2025,综合,592,北京语言大学,423951,01,不限,050306T,网络与新媒体,2,5000,四年,https://static-data.gaokao.cn/www/2.0/schoolspecialplan/592/2025/31.json?a=www.gaokao.cn,data/shanghai/raw/plan_api/static/2025/592.json,1
2025,综合,592,北京语言大学,423949,02,物理必选,120108T,大数据管理与应用,2,5000,四年,https://static-data.gaokao.cn/www/2.0/schoolspecialplan/592/2025/31.json?a=www.gaokao.cn,data/shanghai/raw/plan_api/static/2025/592.json,1
2025,综合,592,北京语言大学,423949,02,物理必选,020109T,数字经济,2,5000,四年,https://static-data.gaokao.cn/www/2.0/schoolspecialplan/592/2025/31.json?a=www.gaokao.cn,data/shanghai/raw/plan_api/static/2025/592.json,1
2025,综合,592,北京语言大学,423951,01,不限,050261,翻译,1,6000,四年,https://static-data.gaokao.cn/www/2.0/schoolspecialplan/592/2025/31.json?a=www.gaokao.cn,data/shanghai/raw/plan_api/static/2025/592.json,1
2025,综合,592,北京语言大学,423951,01,不限,020401,国际经济与贸易,1,5000,四年,https://static-data.gaokao.cn/www/2.0/schoolspecialplan/592/2025/31.json?a=www.gaokao.cn,data/shanghai/raw/plan_api/static/2025/592.json,1
2025,综合,592,北京语言大学,423951,01,不限,020101,经济学,1,5000,四年,https://static-data.gaokao.cn/www/2.0/schoolspecialplan/592/2025/31.json?a=www.gaokao.cn,data/shanghai/raw/plan_api/static/2025/592.json,1
2025,综合,592,北京语言大学,423951,01,不限,050304,传播学,1,5000,四年,https://static-data.gaokao.cn/www/2.0/schoolspecialplan/592/2025/31.json?a=www.gaokao.cn,data/shanghai/raw/plan_api/static/2025/592.json,1
2025,综合,596,河北医科大学,423950,02,物理、化学(2科必选),1007,药学类,4,5200,四年,https://static-data.gaokao.cn/www/2.0/schoolspecialplan/596/2025/31.json?a=www.gaokao.cn,data/shanghai/raw/plan_api/static/2025/596.json,1
2025,综合,596,河北医科大学,423950,02,物理、化学(2科必选),100703TK,临床药学,2,5200,五年,https://static-data.gaokao.cn/www/2.0/schoolspecialplan/596/2025/31.json?a=www.gaokao.cn,data/shanghai/raw/plan_api/static/2025/596.json,1
2025,综合,596,河北医科大学,423952,03,物、化、生(3科必选),101001,医学检验技术,3,5200,四年,https://static-data.gaokao.cn/www/2.0/schoolspecialplan/596/2025/31.json?a=www.gaokao.cn,data/shanghai/raw/plan_api/static/2025/596.json,1
2025,综合,596,河北医科大学,423952,03,物、化、生(3科必选),100201K,临床医学,3,5700,五年,https://static-data.gaokao.cn/www/2.0/schoolspecialplan/596/2025/31.json?a=www.gaokao.cn,data/shanghai/raw/plan_api/static/2025/596.json,1
2025,综合,596,河北医科大学,423954,01,生物必选,101101K,护理学,3,5200,四年,https://static-data.gaokao.cn/www/2.0/schoolspecialplan/596/2025/31.json?a=www.gaokao.cn,data/shanghai/raw/plan_api/static/2025/596.json,1
2025,综合,597,华北理工大学,423956,02,物理、化学(2科必选),081304T,能源化学工程,3,4900,四年,https://static-data.gaokao.cn/www/2.0/schoolspecialplan/597/2025/31.json?a=www.gaokao.cn,data/shanghai/raw/plan_api/static/2025/597.json,1
2025,综合,597,华北理工大学,423961,04,物、化、生(3科必选),100201K,临床医学,3,5700,五年,https://static-data.gaokao.cn/www/2.0/schoolspecialplan/597/2025/31.json?a=www.gaokao.cn,data/shanghai/raw/plan_api/static/2025/597.json,1
2025,综合,597,华北理工大学,423963,03,物理、化学(2科必选),100205TK,精神医学,3,5200,五年,https://static-data.gaokao.cn/www/2.0/schoolspecialplan/597/2025/31.json?a=www.gaokao.cn,data/shanghai/raw/plan_api/static/2025/597.json,1
2025,综合,597,华北理工大学,423962,01,物理、化学(2科必选),081508TK,碳储科学与工程,3,4900,四年,https://static-data.gaokao.cn/www/2.0/schoolspecialplan/597/2025/31.json?a=www.gaokao.cn,data/shanghai/raw/plan_api/static/2025/597.json,1
2025,综合,599,燕山大学,423959,01,物理、化学(2科必选),0806,电气类,4,5390,四年,https://static-data.gaokao.cn/www/2.0/schoolspecialplan/599/2025/31.json?a=www.gaokao.cn,data/shanghai/raw/plan_api/static/2025/599.json,1
2025,综合,599,燕山大学,423959,01,物理、化学(2科必选),080902,软件工程,2,10000,四年,https://static-data.gaokao.cn/www/2.0/schoolspecialplan/599/2025/31.json?a=www.gaokao.cn,data/shanghai/raw/plan_api/static/2025/599.json,1
2025,综合,599,燕山大学,423959,01,物理、化学(2科必选),0802,机械类,2,5390,四年,https://static-data.gaokao.cn/www/2.0/schoolspecialplan/599/2025/31.json?a=www.gaokao.cn,data/shanghai/raw/plan_api/static/2025/599.json,1
2025,综合,602,河北工程大学,423965,02,物理、化学(2科必选),081001,土木工程,2,5300,四年,https://static-data.gaokao.cn/www/2.0/schoolspecialplan/602/2025/31.json?a=www.gaokao.cn,data/shanghai/raw/plan_api/static/2025/602.json,1
2025,综合,602,河北工程大学,423965,02,物理、化学(2科必选),080207,车辆工程,2,5300,四年,https://static-data.gaokao.cn/www/2.0/schoolspecialplan/602/2025/31.json?a=www.gaokao.cn,data/shanghai/raw/plan_api/static/2025/602.json,1
2025,综合,602,河北工程大学,423965,02,物理、化学(2科必选),080503T,新能源科学与工程,2,4900,四年,https://static-data.gaokao.cn/www/2.0/schoolspecialplan/602/2025/31.json?a=www.gaokao.cn,data/shanghai/raw/plan_api/static/2025/602.json,1
2025,综合,602,河北工程大学,423967,01,不限,120201K,工商管理,2,4600,四年,https://static-data.gaokao.cn/www/2.0/schoolspecialplan/602/2025/31.json?a=www.gaokao.cn,data/shanghai/raw/plan_api/static/2025/602.json,1
2025,综合,602,河北工程大学,423967,01,不限,120203K,会计学,2,5000,四年,https://static-data.gaokao.cn/www/2.0/schoolspecialplan/602/2025/31.json?a=www.gaokao.cn,data/shanghai/raw/plan_api/static/2025/602.json,1
2025,综合,606,河北地质大学,423964,01,不限,1202,工商管理类,4,5060,四年,https://static-data.gaokao.cn/www/2.0/schoolspecialplan/606/2025/31.json?a=www.gaokao.cn,data/shanghai/raw/plan_api/static/2025/606.json,1
2025,综合,606,河北地质大学,423964,01,不限,1204,公共管理类,2,4600,四年,https://static-data.gaokao.cn/www/2.0/schoolspecialplan/606/2025/31.json?a=www.gaokao.cn,data/shanghai/raw/plan_api/static/2025/606.json,1
2025,综合,606,河北地质大学,423964,01,不限,050303,广告学,2,4600,四年,https://static-data.gaokao.cn/www/2.0/schoolspecialplan/606/2025/31.json?a=www.gaokao.cn,data/shanghai/raw/plan_api/static/2025/606.json,1
2025,综合,606,河北地质大学,423964,01,不限,050204,法语,2,4900,四年,https://static-data.gaokao.cn/www/2.0/schoolspecialplan/606/2025/31.json?a=www.gaokao.cn,data/shanghai/raw/plan_api/static/2025/606.json,1
2025,综合,606,河北地质大学,423973,03,物理、化学(2科必选),080901,计算机科学与技术,2,15000,四年,https://static-data.gaokao.cn/www/2.0/schoolspecialplan/606/2025/31.json?a=www.gaokao.cn,data/shanghai/raw/plan_api/static/2025/606.json,1
2025,综合,606,河北地质大学,423971,02,物理、化学(2科必选),081001,土木工程,2,4900,四年,https://static-data.gaokao.cn/www/2.0/schoolspecialplan/606/2025/31.json?a=www.gaokao.cn,data/shanghai/raw/plan_api/static/2025/606.json,1
2025,综合,606,河北地质大学,423971,02,物理、化学(2科必选),082502,环境工程,2,4900,四年,https://static-data.gaokao.cn/www/2.0/schoolspecialplan/606/2025/31.json?a=www.gaokao.cn,data/shanghai/raw/plan_api/static/2025/606.json,1
2025,综合,607,江西科师,423970,03,物理、化学(2科必选),081002,建筑环境与能源应用工程,2,4900,四年,https://static-data.gaokao.cn/www/2.0/schoolspecialplan/607/2025/31.json?a=www.gaokao.cn,data/shanghai/raw/plan_api/static/2025/607.json,1
2025,综合,607,江西科师,423972,02,物理必选,120103,工程管理,2,5060,四年,https://static-data.gaokao.cn/www/2.0/schoolspecialplan/607/2025/31.json?a=www.gaokao.cn,data/shanghai/raw/plan_api/static/2025/607.json,1
2025,综合,607,江西科师,423974,01,不限,120601,物流管理,1,4600,四年,https://static-data.gaokao.cn/www/2.0/schoolspecialplan/607/2025/31.json?a=www.gaokao.cn,data/shanghai/raw/plan_api/static/2025/607.json,1
2025,综合,622,江师科技,423979,05,物理、化学(2科必选),070201,物理学,4,6600,四年,https://static-data.gaokao.cn/www/2.0/schoolspecialplan/622/2025/31.json?a=www.gaokao.cn,data/shanghai/raw/plan_api/static/2025/622.json,1
2025,综合,622,江师科技,423979,05,物理、化学(2科必选),070301,化学,2,6600,四年,https://static-data.gaokao.cn/www/2.0/schoolspecialplan/622/2025/31.json?a=www.gaokao.cn,data/shanghai/raw/plan_api/static/2025/622.json,1
2025,综合,622,江师科技,423979,05,物理、化学(2科必选),080901,计算机科学与技术,2,6600,四年,https://static-data.gaokao.cn/www/2.0/schoolspecialplan/622/2025/31.json?a=www.gaokao.cn,data/shanghai/raw/plan_api/static/2025/622.json,1
2025,综合,622,江师科技,423979,05,物理、化学(2科必选),0710,生物科学类,2,6600,四年,https://static-data.gaokao.cn/www/2.0/schoolspecialplan/622/2025/31.json?a=www.gaokao.cn,data/shanghai/raw/plan_api/static/2025/622.json,1
2025,综合,622,江师科技,423984,04,地理必选,0705,地理科学类,4,6600,四年,https://static-data.gaokao.cn/www/2.0/schoolspecialplan/622/2025/31.json?a=www.gaokao.cn,data/shanghai/raw/plan_api/static/2025/622.json,1
2025,综合,622,江师科技,423980,01,不限,1204,公共管理类,3,6600,四年,https://static-data.gaokao.cn/www/2.0/schoolspecialplan/622/2025/31.json?a=www.gaokao.cn,data/shanghai/raw/plan_api/static/2025/622.json,1
2025,综合,622,江师科技,423980,01,不限,0203,金融学类,3,6600,四年,https://static-data.gaokao.cn/www/2.0/schoolspecialplan/622/2025/31.json?a=www.gaokao.cn,data/shanghai/raw/plan_api/static/2025/622.json,1
2025,综合,622,江师科技,423980,01,不限,050201,英语,2,5280,四年,https://static-data.gaokao.cn/www/2.0/schoolspecialplan/622/2025/31.json?a=www.gaokao.cn,data/shanghai/raw/plan_api/static/2025/622.json,1
2025,综合,622,江师科技,423983,02,不限,130305,广播电视编导,1,10560,四年,https://static-data.gaokao.cn/www/2.0/schoolspecialplan/622/2025/31.json?a=www.gaokao.cn,data/shanghai/raw/plan_api/static/2025/622.json,1
2025,综合,622,江师科技,423980,01,不限,050207,日语,1,5280,四年,https://static-data.gaokao.cn/www/2.0/schoolspecialplan/622/2025/31.json?a=www.gaokao.cn,data/shanghai/raw/plan_api/static/2025/622.json,1
2025,综合,622,江师科技,423980,01,不限,010101,哲学,1,5060,四年,https://static-data.gaokao.cn/www/2.0/schoolspecialplan/622/2025/31.json?a=www.gaokao.cn,data/shanghai/raw/plan_api/static/2025/622.json,1
2025,综合,622,江师科技,423980,01,不限,0501,中国语言文学类,1,5280,四年,https://static-data.gaokao.cn/www/2.0/schoolspecialplan/622/2025/31.json?a=www.gaokao.cn,data/shanghai/raw/plan_api/static/2025/622.json,1
2025,综合,622,江师科技,423985,03,物理必选,0711,心理学类,1,6600,四年,https://static-data.gaokao.cn/www/2.0/schoolspecialplan/622/2025/31.json?a=www.gaokao.cn,data/shanghai/raw/plan_api/static/2025/622.json,1
2025,综合,622,江师科技,423980,01,不限,0503,新闻传播学类,1,5280,四年,https://static-data.gaokao.cn/www/2.0/schoolspecialplan/622/2025/31.json?a=www.gaokao.cn,data/shanghai/raw/plan_api/static/2025/622.json,1
2025,综合,622,江师科技,423980,01,不限,1202,工商管理类,1,6600,四年,https://static-data.gaokao.cn/www/2.0/schoolspecialplan/622/2025/31.json?a=www.gaokao.cn,data/shanghai/raw/plan_api/static/2025/622.json,1
2025,综合,627,衡水学院,423981,01,不限,040106,学前教育,2,5060,四年,https://static-data.gaokao.cn/www/2.0/schoolspecialplan/627/2025/31.json?a=www.gaokao.cn,data/shanghai/raw/plan_api/static/2025/627.json,1
2025,综合,627,衡水学院,423981,01,不限,050201,英语,2,5390,四年,https://static-data.gaokao.cn/www/2.0/schoolspecialplan/627/2025/31.json?a=www.gaokao.cn,data/shanghai/raw/plan_api/static/2025/627.json,1
2025,综合,627,衡水学院,423981,01,不限,120204,财务管理,2,5060,四年,https://static-data.gaokao.cn/www/2.0/schoolspecialplan/627/2025/31.json?a=www.gaokao.cn,data/shanghai/raw/plan_api/static/2025/627.json,1
2025,综合,627,衡水学院,423981,01,不限,020307T,经济与金融,2,4600,四年,https://static-data.gaokao.cn/www/2.0/schoolspecialplan/627/2025/31.json?a=www.gaokao.cn,data/shanghai/raw/plan_api/static/2025/627.json,1
2025,综合,627,衡水学院,423982,02,物理、化学(2科必选),101011T,智能医学工程,1,5200,四年,https://static-data.gaokao.cn/www/2.0/schoolspecialplan/627/2025/31.json?a=www.gaokao.cn,data/shanghai/raw/plan_api/static/2025/627.json,1
2025,综合,655,济宁医学,423986,02,物理必选,020102,经济统计学,5,6500,四年,https://static-data.gaokao.cn/www/2.0/schoolspecialplan/655/2025/31.json?a=www.gaokao.cn,data/shanghai/raw/plan_api/static/2025/655.json,0
2025,综合,655,济宁医学,423987,01,不限,050201,英语,8,6500,四年,https://static-data.gaokao.cn/www/2.0/schoolspecialplan/655/2025/31.json?a=www.gaokao.cn,data/shanghai/raw/plan_api/static/2025/655.json,1
2025,综合,655,济宁医学,423988,03,物理、化学(2科必选),080910T,数据科学与大数据技术,8,6500,四年,https://static-data.gaokao.cn/www/2.0/schoolspecialplan/655/2025/31.json?a=www.gaokao.cn,data/shanghai/raw/plan_api/static/2025/655.json,0
2025,综合,655,济宁医学,423987,01,不限,120601,物流管理,6,6500,四年,https://static-data.gaokao.cn/www/2.0/schoolspecialplan/655/2025/31.json?a=www.gaokao.cn,data/shanghai/raw/plan_api/static/2025/655.json,1
2025,综合,655,济宁医学,423987,01,不限,020202,税收学,5,6500,四年,https://static-data.gaokao.cn/www/2.0/schoolspecialplan/655/2025/31.json?a=www.gaokao.cn,data/shanghai/raw/plan_api/static/2025/655.json,1
2025,综合,655,济宁医学,423987,01,不限,120205,国际商务,5,6500,四年,https://static-data.gaokao.cn/www/2.0/schoolspecialplan/655/2025/31.json?a=www.gaokao.cn,data/shanghai/raw/plan_api/static/2025/655.json,1
2025,综合,655,济宁医学,423987,01,不限,030101K,法学,3,6500,四年,https://static-data.gaokao.cn/www/2.0/schoolspecialplan/655/2025/31.json?a=www.gaokao.cn,data/shanghai/raw/plan_api/static/2025/655.json,1
2025,综合,661,电子科技大学,423989,01,物理、化学(2科必选),0807,电子信息类,2,6500,四年,https://static-data.gaokao.cn/www/2.0/schoolspecialplan/661/2025/31.json?a=www.gaokao.cn,data/shanghai/raw/plan_api/static/2025/661.json,1
2025,综合,661,电子科技大学,423989,01,物理、化学(2科必选),94681,经济管理试验班,2,6500,四年,https://static-data.gaokao.cn/www/2.0/schoolspecialplan/661/2025/31.json?a=www.gaokao.cn,data/shanghai/raw/plan_api/static/2025/661.json,1
2025,综合,661,电子科技大学,423989,01,物理、化学(2科必选),94689,工科试验班,2,6500,四年,https://static-data.gaokao.cn/www/2.0/schoolspecialplan/661/2025/31.json?a=www.gaokao.cn,data/shanghai/raw/plan_api/static/2025/661.json,1
2025,综合,684,郑州轻工,423999,01,不限,050201,英语,35,149985,四年,https://static-data.gaokao.cn/www/2.0/schoolspecialplan/684/2025/31.json?a=www.gaokao.cn,data/shanghai/raw/plan_api/static/2025/684.json,1
2025,综合,684,郑州轻工,423999,01,不限,120205,国际商务,35,149985,四年,https://static-data.gaokao.cn/www/2.0/schoolspecialplan/684/2025/31.json?a=www.gaokao.cn,data/shanghai/raw/plan_api/static/2025/684.json,1
2025,综合,687,中原工院,423998,01,不限,120203K,会计学,1,4600,四年,https://static-data.gaokao.cn/www/2.0/schoolspecialplan/687/2025/31.json?a=www.gaokao.cn,data/shanghai/raw/plan_api/static/2025/687.json,1
2025,综合,687,中原工院,423998,01,不限,120206,人力资源管理,1,4600,四年,https://static-data.gaokao.cn/www/2.0/schoolspecialplan/687/2025/31.json?a=www.gaokao.cn,data/shanghai/raw/plan_api/static/2025/687.json,1
2025,综合,687,中原工院,423998,01,不限,120601,物流管理,1,5060,四年,https://static-data.gaokao.cn/www/2.0/schoolspecialplan/687/2025/31.json?a=www.gaokao.cn,data/shanghai/raw/plan_api/static/2025/687.json,1
2025,综合,687,中原工院,423998,01,不限,050201,英语,1,4900,四年,https://static-data.gaokao.cn/www/2.0/schoolspecialplan/687/2025/31.json?a=www.gaokao.cn,data/shanghai/raw/plan_api/static/2025/687.json,1
2025,综合,687,中原工院,423998,01,不限,030302,社会工作,1,4600,四年,https://static-data.gaokao.cn/www/2.0/schoolspecialplan/687/2025/31.json?a=www.gaokao.cn,data/shanghai/raw/plan_api/static/2025/687.json,1
2025,综合,687,中原工院,424000,02,物理、化学(2科必选),080202,机械设计制造及其自动化,1,5390,四年,https://static-data.gaokao.cn/www/2.0/schoolspecialplan/687/2025/31.json?a=www.gaokao.cn,data/shanghai/raw/plan_api/static/2025/687.json,0
2025,综合,687,中原工院,424000,02,物理、化学(2科必选),080203,材料成型及控制工程,1,5390,四年,https://static-data.gaokao.cn/www/2.0/schoolspecialplan/687/2025/31.json?a=www.gaokao.cn,data/shanghai/raw/plan_api/static/2025/687.json,0
2025,综合,687,中原工院,424000,02,物理、化学(2科必选),080701,电子信息工程,1,5390,四年,https://static-data.gaokao.cn/www/2.0/schoolspecialplan/687/2025/31.json?a=www.gaokao.cn,data/shanghai/raw/plan_api/static/2025/687.json,0
2025,综合,687,中原工院,424000,02,物理、化学(2科必选),080901,计算机科学与技术,1,5390,四年,https://static-data.gaokao.cn/www/2.0/schoolspecialplan/687/2025/31.json?a=www.gaokao.cn,data/shanghai/raw/plan_api/static/2025/687.json,0
2025,综合,687,中原工院,424000,02,物理、化学(2科必选),082003,飞行器制造工程,1,5390,四年,https://static-data.gaokao.cn/www/2.0/schoolspecialplan/687/2025/31.json?a=www.gaokao.cn,data/shanghai/raw/plan_api/static/2025/687.json,0
2025,综合,770,成都东软学院,424011,01,不限,120801,电子商务,1,19080,四年,https://static-data.gaokao.cn/www/2.0/schoolspecialplan/770/2025/31.json?a=www.gaokao.cn,data/shanghai/raw/plan_api/static/2025/770.json,1
2025,综合,770,成都东软学院,424011,01,不限,120204,财务管理,1,19080,四年,https://static-data.gaokao.cn/www/2.0/schoolspecialplan/770/2025/31.json?a=www.gaokao.cn,data/shanghai/raw/plan_api/static/2025/770.json,1
2025,综合,770,成都东软学院,424012,02,物理、化学(2科必选),080902,软件工程,2,19080,四年,https://static-data.gaokao.cn/www/2.0/schoolspecialplan/770/2025/31.json?a=www.gaokao.cn,data/shanghai/raw/plan_api/static/2025/770.json,1
2025,综合,770,成都东软学院,424012,02,物理、化学(2科必选),080901,计算机科学与技术,2,19080,四年,https://static-data.gaokao.cn/www/2.0/schoolspecialplan/770/2025/31.json?a=www.gaokao.cn,data/shanghai/raw/plan_api/static/2025/770.json,1
2025,综合,787,南通大学,424015,02,物理、化学(2科必选),100401K,预防医学,2,7480,五年,https://static-data.gaokao.cn/www/2.0/schoolspecialplan/787/2025/31.json?a=www.gaokao.cn,data/shanghai/raw/plan_api/static/2025/787.json,1
2025,综合,787,南通大学,424015,02,物理、化学(2科必选),101001,医学检验技术,2,6800,四年,https://static-data.gaokao.cn/www/2.0/schoolspecialplan/787/2025/31.json?a=www.gaokao.cn,data/shanghai/raw/plan_api/static/2025/787.json,1
2025,综合,787,南通大学,424015,02,物理、化学(2科必选),100201K,临床医学,2,7480,五年,https://static-data.gaokao.cn/www/2.0/schoolspecialplan/787/2025/31.json?a=www.gaokao.cn,data/shanghai/raw/plan_api/static/2025/787.json,1
2025,综合,787,南通大学,424015,02,物理、化学(2科必选),080717T,人工智能,2,5800,四年,https://static-data.gaokao.cn/www/2.0/schoolspecialplan/787/2025/31.json?a=www.gaokao.cn,data/shanghai/raw/plan_api/static/2025/787.json,1
2025,综合,787,南通大学,424017,01,不限,050262,商务英语,3,5200,四年,https://static-data.gaokao.cn/www/2.0/schoolspecialplan/787/2025/31.json?a=www.gaokao.cn,data/shanghai/raw/plan_api/static/2025/787.json,1
2025,综合,787,南通大学,424017,01,不限,040107,小学教育,2,5200,四年,https://static-data.gaokao.cn/www/2.0/schoolspecialplan/787/2025/31.json?a=www.gaokao.cn,data/shanghai/raw/plan_api/static/2025/787.json,1
2025,综合,787,南通大学,424017,01,不限,040106,学前教育,2,5200,四年,https://static-data.gaokao.cn/www/2.0/schoolspecialplan/787/2025/31.json?a=www.gaokao.cn,data/shanghai/raw/plan_api/static/2025/787.json,1
2025,综合,787,南通大学,424016,03,物理、化学(2科必选),071002,生物技术,1,,四年,https://static-data.gaokao.cn/www/2.0/schoolspecialplan/787/2025/31.json?a=www.gaokao.cn,data/shanghai/raw/plan_api/static/2025/787.json,0
2025,综合,787,南通大学,424016,03,物理、化学(2科必选),080801,自动化,1,,四年,https://static-data.gaokao.cn/www/2.0/schoolspecialplan/787/2025/31.json?a=www.gaokao.cn,data/shanghai/raw/plan_api/static/2025/787.json,0
2025,综合,787,南通大学,424016,03,物理、化学(2科必选),070101,数学与应用数学,1,,四年,https://static-data.gaokao.cn/www/2.0/schoolspecialplan/787/2025/31.json?a=www.gaokao.cn,data/shanghai/raw/plan_api/static/2025/787.json,0
2025,综合,795,广以理工,424018,01,物理必选,2153316,电气工程及自动化,2,5720,四年,https://static-data.gaokao.cn/www/2.0/schoolspecialplan/795/2025/31.json?a=www.gaokao.cn,data/shanghai/raw/plan_api/static/2025/795.json,1
2025,综合,795,广以理工,424018,01,物理必选,2153318,新能源汽车工程技术,2,5720,四年,https://static-data.gaokao.cn/www/2.0/schoolspecialplan/795/2025/31.json?a=www.gaokao.cn,data/shanghai/raw/plan_api/static/2025/795.json,1
2025,综合,795,广以理工,424018,01,物理必选,2169643,智能建造工程,2,5720,四年,https://static-data.gaokao.cn/www/2.0/schoolspecialplan/795/2025/31.json?a=www.gaokao.cn,data/shanghai/raw/plan_api/static/2025/795.json,1
2025,综合,795,广以理工,424018,01,物理必选,2170079,卫星通信工程,2,5720,四年,https://static-data.gaokao.cn/www/2.0/schoolspecialplan/795/2025/31.json?a=www.gaokao.cn,data/shanghai/raw/plan_api/static/2025/795.json,1
2025,综合,819,桂航工院,424020,02,物理、化学(2科必选),080717T,人工智能,3,79800,四年,https://static-data.gaokao.cn/www/2.0/schoolspecialplan/819/2025/31.json?a=www.gaokao.cn,data/shanghai/raw/plan_api/static/2025/819.json,0
2025,综合,819,桂航工院,424020,02,物理、化学(2科必选),080901,计算机科学与技术,3,79800,四年,https://static-data.gaokao.cn/www/2.0/schoolspecialplan/819/2025/31.json?a=www.gaokao.cn,data/shanghai/raw/plan_api/static/2025/819.json,0
2025,综合,819,桂航工院,424021,01,不限,050101,汉语言文学,5,79800,四年,https://static-data.gaokao.cn/www/2.0/schoolspecialplan/819/2025/31.json?a=www.gaokao.cn,data/shanghai/raw/plan_api/static/2025/819.json,1
2025,综合,819,桂航工院,424021,01,不限,120207,审计学,4,79800,四年,https://static-data.gaokao.cn/www/2.0/schoolspecialplan/819/2025/31.json?a=www.gaokao.cn,data/shanghai/raw/plan_api/static/2025/819.json,1
2025,综合,822,吉利学院,424022,01,物理、化学(2科必选),080207,车辆工程,3,26800,四年,https://static-data.gaokao.cn/www/2.0/schoolspecialplan/822/2025/31.json?a=www.gaokao.cn,data/shanghai/raw/plan_api/static/2025/822.json,1
2025,综合,822,吉利学院,424022,01,物理、化学(2科必选),0809,计算机类,2,26800,四年,https://static-data.gaokao.cn/www/2.0/schoolspecialplan/822/2025/31.json?a=www.gaokao.cn,data/shanghai/raw/plan_api/static/2025/822.json,1
2025,综合,833,河南师范大学,424028,02,物理、化学(2科必选),070201,物理学,5,5500,四年,https://static-data.gaokao.cn/www/2.0/schoolspecialplan/833/2025/31.json?a=www.gaokao.cn,data/shanghai/raw/plan_api/static/2025/833.json,1
2025,综合,833,河南师范大学,424031,01,不限,060101,历史学,5,4840,四年,https://static-data.gaokao.cn/www/2.0/schoolspecialplan/833/2025/31.json?a=www.gaokao.cn,data/shanghai/raw/plan_api/static/2025/833.json,1
2025,综合,863,西安思源学院,424035,01,不限,040105,艺术教育,1,25080,四年,https://static-data.gaokao.cn/www/2.0/schoolspecialplan/863/2025/31.json?a=www.gaokao.cn,data/shanghai/raw/plan_api/static/2025/863.json,0
2025,综合,863,西安思源学院,424036,02,物理、化学(2科必选),080217T,增材制造工程,2,27170,四年,https://static-data.gaokao.cn/www/2.0/schoolspecialplan/863/2025/31.json?a=www.gaokao.cn,data/shanghai/raw/plan_api/static/2025/863.json,1
2025,综合,863,西安思源学院,424036,02,物理、化学(2科必选),080717T,人工智能,2,27170,四年,https://static-data.gaokao.cn/www/2.0/schoolspecialplan/863/2025/31.json?a=www.gaokao.cn,data/shanghai/raw/plan_api/static/2025/863.json,1
2025,综合,866,北京体育大学,424038,01,不限,120901K,旅游管理,1,75000,四年,https://static-data.gaokao.cn/www/2.0/schoolspecialplan/866/2025/31.json?a=www.gaokao.cn,data/shanghai/raw/plan_api/static/2025/866.json,1
2025,综合,867,成都信息,424033,03,不限,120207,审计学,2,4270,四年,https://static-data.gaokao.cn/www/2.0/schoolspecialplan/867/2025/31.json?a=www.gaokao.cn,data/shanghai/raw/plan_api/static/2025/867.json,1
2025,综合,867,成都信息,424033,03,不限,020304,投资学,2,4270,四年,https://static-data.gaokao.cn/www/2.0/schoolspecialplan/867/2025/31.json?a=www.gaokao.cn,data/shanghai/raw/plan_api/static/2025/867.json,1
2025,综合,867,成都信息,424033,03,不限,120202,市场营销,2,4270,四年,https://static-data.gaokao.cn/www/2.0/schoolspecialplan/867/2025/31.json?a=www.gaokao.cn,data/shanghai/raw/plan_api/static/2025/867.json,1
2025,综合,867,成都信息,424033,03,不限,020401,国际经济与贸易,2,4270,四年,https://static-data.gaokao.cn/www/2.0/schoolspecialplan/867/2025/31.json?a=www.gaokao.cn,data/shanghai/raw/plan_api/static/2025/867.json,1
2025,综合,867,成都信息,424033,03,不限,120206,人力资源管理,2,4270,四年,https://static-data.gaokao.cn/www/2.0/schoolspecialplan/867/2025/31.json?a=www.gaokao.cn,data/shanghai/raw/plan_api/static/2025/867.json,1
2025,综合,867,成都信息,424033,03,不限,120604T,供应链管理,2,4270,四年,https://static-data.gaokao.cn/www/2.0/schoolspecialplan/867/2025/31.json?a=www.gaokao.cn,data/shanghai/raw/plan_api/static/2025/867.json,1
2025,综合,867,成都信息,424034,01,物理、化学(2科必选),081101,水利水电工程,4,4530,四年,https://static-data.gaokao.cn/www/2.0/schoolspecialplan/867/2025/31.json?a=www.gaokao.cn,data/shanghai/raw/plan_api/static/2025/867.json,1
2025,综合,867,成都信息,424037,04,物理、化学(2科必选),081001,土木工程,4,16800,四年,https://static-data.gaokao.cn/www/2.0/schoolspecialplan/867/2025/31.json?a=www.gaokao.cn,data/shanghai/raw/plan_api/static/2025/867.json,1
2025,综合,867,成都信息,424040,02,物理、生物(2科必选),090502,园林,2,3750,四年,https://static-data.gaokao.cn/www/2.0/schoolspecialplan/867/2025/31.json?a=www.gaokao.cn,data/shanghai/raw/plan_api/static/2025/867.json,1
2025,综合,867,成都信息,424034,01,物理、化学(2科必选),080601,电气工程及其自动化,2,4790,四年,https://static-data.gaokao.cn/www/2.0/schoolspecialplan/867/2025/31.json?a=www.gaokao.cn,data/shanghai/raw/plan_api/static/2025/867.json,1
2025,综合,867,成都信息,424034,01,物理、化学(2科必选),080901,计算机科学与技术,2,4790,四年,https://static-data.gaokao.cn/www/2.0/schoolspecialplan/867/2025/31.json?a=www.gaokao.cn,data/shanghai/raw/plan_api/static/2025/867.json,1
2025,综合,867,成都信息,424034,01,物理、化学(2科必选),081008T,智能建造,2,4790,四年,https://static-data.gaokao.cn/www/2.0/schoolspecialplan/867/2025/31.json?a=www.gaokao.cn,data/shanghai/raw/plan_api/static/2025/867.json,1
2025,综合,869,江西科技学院,424039,02,物理、化学(2科必选),080213T,智能制造工程,2,25000,四年,https://static-data.gaokao.cn/www/2.0/schoolspecialplan/869/2025/31.json?a=www.gaokao.cn,data/shanghai/raw/plan_api/static/2025/869.json,1
2025,综合,869,江西科技学院,424039,02,物理、化学(2科必选),080909T,电子与计算机工程,1,25000,四年,https://static-data.gaokao.cn/www/2.0/schoolspecialplan/869/2025/31.json?a=www.gaokao.cn,data/shanghai/raw/plan_api/static/2025/869.json,1
2025,综合,869,江西科技学院,424041,01,不限,050101,汉语言文学,2,24600,四年,https://static-data.gaokao.cn/www/2.0/schoolspecialplan/869/2025/31.json?a=www.gaokao.cn,data/shanghai/raw/plan_api/static/2025/869.json,1
2025,综合,869,江西科技学院,424041,01,不限,050110T,数字人文,1,24600,四年,https://static-data.gaokao.cn/www/2.0/schoolspecialplan/869/2025/31.json?a=www.gaokao.cn,data/shanghai/raw/plan_api/static/2025/869.json,1
2025,综合,873,河南中医药大学,424043,02,物理、化学(2科必选),100601K,中西医临床医学,5,6000,五年,https://static-data.gaokao.cn/www/2.0/schoolspecialplan/873/2025/31.json?a=www.gaokao.cn,data/shanghai/raw/plan_api/static/2025/873.json,1
2025,综合,873,河南中医药大学,424044,01,物理、化学(2科必选),1008,中药学类,5,5500,四年,https://static-data.gaokao.cn/www/2.0/schoolspecialplan/873/2025/31.json?a=www.gaokao.cn,data/shanghai/raw/plan_api/static/2025/873.json,1
2025,综合,919,山西中医药大学,424046,01,不限,100502K,针灸推拿学,2,5635,五年,https://static-data.gaokao.cn/www/2.0/schoolspecialplan/919/2025/31.json?a=www.gaokao.cn,data/shanghai/raw/plan_api/static/2025/919.json,1
2025,综合,919,山西中医药大学,424046,01,不限,100501K,中医学,2,5635,五年,https://static-data.gaokao.cn/www/2.0/schoolspecialplan/919/2025/31.json?a=www.gaokao.cn,data/shanghai/raw/plan_api/static/2025/919.json,1
2025,综合,919,山西中医药大学,424048,03,物理、生物(2科必选),100601K,中西医临床医学,2,5635,五年,https://static-data.gaokao.cn/www/2.0/schoolspecialplan/919/2025/31.json?a=www.gaokao.cn,data/shanghai/raw/plan_api/static/2025/919.json,1
2025,综合,919,山西中医药大学,424047,02,物理、化学(2科必选),101005,康复治疗学,2,5635,四年,https://static-data.gaokao.cn/www/2.0/schoolspecialplan/919/2025/31.json?a=www.gaokao.cn,data/shanghai/raw/plan_api/static/2025/919.json,1
2025,综合,932,攀枝花学院,424060,02,物理、化学(2科必选),100201K,临床医学,2,6670,五年,https://static-data.gaokao.cn/www/2.0/schoolspecialplan/932/2025/31.json?a=www.gaokao.cn,data/shanghai/raw/plan_api/static/2025/932.json,1
2025,综合,932,攀枝花学院,424061,01,不限,020401,国际经济与贸易,1,5520,四年,https://static-data.gaokao.cn/www/2.0/schoolspecialplan/932/2025/31.json?a=www.gaokao.cn,data/shanghai/raw/plan_api/static/2025/932.json,1
2025,综合,934,西南大学,424050,02,物理、化学(2科必选),0807,电子信息类,2,4500,四年,https://static-data.gaokao.cn/www/2.0/schoolspecialplan/934/2025/31.json?a=www.gaokao.cn,data/shanghai/raw/plan_api/static/2025/934.json,1
2025,综合,934,西南大学,424050,02,物理、化学(2科必选),080907T,智能科学与技术,2,4500,四年,https://static-data.gaokao.cn/www/2.0/schoolspecialplan/934/2025/31.json?a=www.gaokao.cn,data/shanghai/raw/plan_api/static/2025/934.json,1
2025,综合,934,西南大学,424050,02,物理、化学(2科必选),080902,软件工程,1,4500,四年,https://static-data.gaokao.cn/www/2.0/schoolspecialplan/934/2025/31.json?a=www.gaokao.cn,data/shanghai/raw/plan_api/static/2025/934.json,1
2025,综合,934,西南大学,424050,02,物理、化学(2科必选),081302,制药工程,1,5000,四年,https://static-data.gaokao.cn/www/2.0/schoolspecialplan/934/2025/31.json?a=www.gaokao.cn,data/shanghai/raw/plan_api/static/2025/934.json,1
2025,综合,934,西南大学,424050,02,物理、化学(2科必选),100701,药学,1,5000,四年,https://static-data.gaokao.cn/www/2.0/schoolspecialplan/934/2025/31.json?a=www.gaokao.cn,data/shanghai/raw/plan_api/static/2025/934.json,1
2025,综合,934,西南大学,424054,01,不限,071102,应用心理学,2,4500,四年,https://static-data.gaokao.cn/www/2.0/schoolspecialplan/934/2025/31.json?a=www.gaokao.cn,data/shanghai/raw/plan_api/static/2025/934.json,1
2025,综合,934,西南大学,424053,03,物理、化学(2科必选),080801,自动化,2,50000,四年,https://static-data.gaokao.cn/www/2.0/schoolspecialplan/934/2025/31.json?a=www.gaokao.cn,data/shanghai/raw/plan_api/static/2025/934.json,0
2025,综合,934,西南大学,424053,03,物理、化学(2科必选),080902,软件工程,2,50000,四年,https://static-data.gaokao.cn/www/2.0/schoolspecialplan/934/2025/31.json?a=www.gaokao.cn,data/shanghai/raw/plan_api/static/2025/934.json,0
2025,综合,934,西南大学,424053,03,物理、化学(2科必选),100701,药学,2,60000,四年,https://static-data.gaokao.cn/www/2.0/schoolspecialplan/934/2025/31.json?a=www.gaokao.cn,data/shanghai/raw/plan_api/static/2025/934.json,0
2025,综合,934,西南大学,424053,03,物理、化学(2科必选),080901,计算机科学与技术,1,50000,四年,https://static-data.gaokao.cn/www/2.0/schoolspecialplan/934/2025/31.json?a=www.gaokao.cn,data/shanghai/raw/plan_api/static/2025/934.json,0
2025,综合,934,西南大学,424054,01,不限,0201,经济学类,1,4500,四年,https://static-data.gaokao.cn/www/2.0/schoolspecialplan/934/2025/31.json?a=www.gaokao.cn,data/shanghai/raw/plan_api/static/2025/934.json,1
2025,综合,934,西南大学,424054,01,不限,1202,工商管理类,1,4500,四年,https://static-data.gaokao.cn/www/2.0/schoolspecialplan/934/2025/31.json?a=www.gaokao.cn,data/shanghai/raw/plan_api/static/2025/934.json,1
2025,综合,935,贵州大学,424051,04,物理、化学(2科必选),082503,环境科学,2,60000,四年,https://static-data.gaokao.cn/www/2.0/schoolspecialplan/935/2025/31.json?a=www.gaokao.cn,data/shanghai/raw/plan_api/static/2025/935.json,1
2025,综合,935,贵州大学,424057,03,物理、化学(2科必选),081301,化学工程与工艺,2,60000,四年,https://static-data.gaokao.cn/www/2.0/schoolspecialplan/935/2025/31.json?a=www.gaokao.cn,data/shanghai/raw/plan_api/static/2025/935.json,1
2025,综合,935,贵州大学,424056,01,不限,120901K,旅游管理,2,24000,四年,https://static-data.gaokao.cn/www/2.0/schoolspecialplan/935/2025/31.json?a=www.gaokao.cn,data/shanghai/raw/plan_api/static/2025/935.json,1
2025,综合,935,贵州大学,424055,02,物理、化学(2科必选),080202,机械设计制造及其自动化,2,60000,四年,https://static-data.gaokao.cn/www/2.0/schoolspecialplan/935/2025/31.json?a=www.gaokao.cn,data/shanghai/raw/plan_api/static/2025/935.json,1
2025,综合,935,贵州大学,424062,05,物理必选,120102,信息管理与信息系统,2,24000,四年,https://static-data.gaokao.cn/www/2.0/schoolspecialplan/935/2025/31.json?a=www.gaokao.cn,data/shanghai/raw/plan_api/static/2025/935.json,1
2025,综合,957,江西工程学院,424063,01,物理、化学(2科必选),080803T,机器人工程,3,18000,四年,https://static-data.gaokao.cn/www/2.0/schoolspecialplan/957/2025/31.json?a=www.gaokao.cn,data/shanghai/raw/plan_api/static/2025/957.json,1
2025,综合,960,南方医科大学,424064,01,物理、化学(2科必选),101005,康复治疗学,3,7660,四年,https://static-data.gaokao.cn/www/2.0/schoolspecialplan/960/2025/31.json?a=www.gaokao.cn,data/shanghai/raw/plan_api/static/2025/960.json,1
2025,综合,960,南方医科大学,424064,01,物理、化学(2科必选),100201K,临床医学,1,7660,八年,https://static-data.gaokao.cn/www/2.0/schoolspecialplan/960/2025/31.json?a=www.gaokao.cn,data/shanghai/raw/plan_api/static/2025/960.json,1
2025,综合,960,南方医科大学,424064,01,物理、化学(2科必选),100601K,中西医临床医学,3,7660,五年,https://static-data.gaokao.cn/www/2.0/schoolspecialplan/960/2025/31.json?a=www.gaokao.cn,data/shanghai/raw/plan_api/static/2025/960.json,1
2025,综合,960,南方医科大学,424064,01,物理、化学(2科必选),100401K,预防医学,3,7660,五年,https://static-data.gaokao.cn/www/2.0/schoolspecialplan/960/2025/31.json?a=www.gaokao.cn,data/shanghai/raw/plan_api/static/2025/960.json,1
2025,综合,960,南方医科大学,424064,01,物理、化学(2科必选),082601,生物医学工程,3,6850,四年,https://static-data.gaokao.cn/www/2.0/schoolspecialplan/960/2025/31.json?a=www.gaokao.cn,data/shanghai/raw/plan_api/static/2025/960.json,1
2025,综合,960,南方医科大学,424064,01,物理、化学(2科必选),101001,医学检验技术,2,7660,四年,https://static-data.gaokao.cn/www/2.0/schoolspecialplan/960/2025/31.json?a=www.gaokao.cn,data/shanghai/raw/plan_api/static/2025/960.json,1
2025,综合,960,南方医科大学,424064,01,物理、化学(2科必选),071002,生物技术,2,6850,四年,https://static-data.gaokao.cn/www/2.0/schoolspecialplan/960/2025/31.json?a=www.gaokao.cn,data/shanghai/raw/plan_api/static/2025/960.json,1
2025,综合,960,南方医科大学,424064,01,物理、化学(2科必选),100701,药学,2,7660,四年,https://static-data.gaokao.cn/www/2.0/schoolspecialplan/960/2025/31.json?a=www.gaokao.cn,data/shanghai/raw/plan_api/static/2025/960.json,1
2025,综合,960,南方医科大学,424064,01,物理、化学(2科必选),100301K,口腔医学,2,7660,五年,https://static-data.gaokao.cn/www/2.0/schoolspecialplan/960/2025/31.json?a=www.gaokao.cn,data/shanghai/raw/plan_api/static/2025/960.json,1
2025,综合,960,南方医科大学,424064,01,物理、化学(2科必选),100801,中药学,1,7660,四年,https://static-data.gaokao.cn/www/2.0/schoolspecialplan/960/2025/31.json?a=www.gaokao.cn,data/shanghai/raw/plan_api/static/2025/960.json,1
2025,综合,1007,武汉科技大学,424068,01,物理、化学(2科必选),0802,机械类,3,4500,四年,https://static-data.gaokao.cn/www/2.0/schoolspecialplan/1007/2025/31.json?a=www.gaokao.cn,data/shanghai/raw/plan_api/static/2025/1007.json,1
2025,综合,1007,武汉科技大学,424068,01,物理、化学(2科必选),0809,计算机类,3,5850,四年,https://static-data.gaokao.cn/www/2.0/schoolspecialplan/1007/2025/31.json?a=www.gaokao.cn,data/shanghai/raw/plan_api/static/2025/1007.json,1
2025,综合,1007,武汉科技大学,424068,01,物理、化学(2科必选),0808,自动化类,2,5850,四年,https://static-data.gaokao.cn/www/2.0/schoolspecialplan/1007/2025/31.json?a=www.gaokao.cn,data/shanghai/raw/plan_api/static/2025/1007.json,1
2025,综合,1007,武汉科技大学,424068,01,物理、化学(2科必选),080717T,人工智能,2,5850,四年,https://static-data.gaokao.cn/www/2.0/schoolspecialplan/1007/2025/31.json?a=www.gaokao.cn,data/shanghai/raw/plan_api/static/2025/1007.json,1
2025,综合,1009,重庆科技大学,424069,01,不限,120203K,会计学,4,5625,四年,https://static-data.gaokao.cn/www/2.0/schoolspecialplan/1009/2025/31.json?a=www.gaokao.cn,data/shanghai/raw/plan_api/static/2025/1009.json,1
2025,综合,1009,重庆科技大学,424071,02,物理、化学(2科必选),080202,机械设计制造及其自动化,1,5625,四年,https://static-data.gaokao.cn/www/2.0/schoolspecialplan/1009/2025/31.json?a=www.gaokao.cn,data/shanghai/raw/plan_api/static/2025/1009.json,1
2025,综合,1011,上海政法学院,424072,05,思想政治必选,030503,思想政治教育,27,6500,四年,https://static-data.gaokao.cn/www/2.0/schoolspecialplan/1011/2025/31.json?a=www.gaokao.cn,data/shanghai/raw/plan_api/static/2025/1011.json,1
2025,综合,1011,上海政法学院,424072,05,思想政治必选,030202,国际思想政治,15,6500,四年,https://static-data.gaokao.cn/www/2.0/schoolspecialplan/1011/2025/31.json?a=www.gaokao.cn,data/shanghai/raw/plan_api/static/2025/1011.json,1
2025,综合,1011,上海政法学院,424072,05,思想政治必选,030201,思想政治学与行政学,15,6500,四年,https://static-data.gaokao.cn/www/2.0/schoolspecialplan/1011/2025/31.json?a=www.gaokao.cn,data/shanghai/raw/plan_api/static/2025/1011.json,1
2025,综合,1011,上海政法学院,424076,03,不限,120207,审计学,60,6500,四年,https://static-data.gaokao.cn/www/2.0/schoolspecialplan/1011/2025/31.json?a=www.gaokao.cn,data/shanghai/raw/plan_api/static/2025/1011.json,1
2025,综合,1011,上海政法学院,424076,03,不限,120204,财务管理,47,6500,四年,https://static-data.gaokao.cn/www/2.0/schoolspecialplan/1011/2025/31.json?a=www.gaokao.cn,data/shanghai/raw/plan_api/static/2025/1011.json,1
2025,综合,1011,上海政法学院,424073,04,不限,071102,应用心理学,45,6500,四年,https://static-data.gaokao.cn/www/2.0/schoolspecialplan/1011/2025/31.json?a=www.gaokao.cn,data/shanghai/raw/plan_api/static/2025/1011.json,1
2025,综合,1011,上海政法学院,424074,02,不限,030101K,法学,10,6500,四年,https://static-data.gaokao.cn/www/2.0/schoolspecialplan/1011/2025/31.json?a=www.gaokao.cn,data/shanghai/raw/plan_api/static/2025/1011.json,1
2025,综合,1011,上海政法学院,424076,03,不限,020401,国际经济与贸易,40,6500,四年,https://static-data.gaokao.cn/www/2.0/schoolspecialplan/1011/2025/31.json?a=www.gaokao.cn,data/shanghai/raw/plan_api/static/2025/1011.json,1
2025,综合,1011,上海政法学院,424076,03,不限,120802T,电子商务及法律,40,6500,四年,https://static-data.gaokao.cn/www/2.0/schoolspecialplan/1011/2025/31.json?a=www.gaokao.cn,data/shanghai/raw/plan_api/static/2025/1011.json,1
2025,综合,1011,上海政法学院,424076,03,不限,020307T,经济与金融,33,6500,四年,https://static-data.gaokao.cn/www/2.0/schoolspecialplan/1011/2025/31.json?a=www.gaokao.cn,data/shanghai/raw/plan_api/static/2025/1011.json,1
2025,综合,1011,上海政法学院,424073,04,不限,050101,汉语言文学,32,6500,四年,https://static-data.gaokao.cn/www/2.0/schoolspecialplan/1011/2025/31.json?a=www.gaokao.cn,data/shanghai/raw/plan_api/static/2025/1011.json,1
2025,综合,1011,上海政法学院,424078,06,不限,030103T,监狱学,28,6500,四年,https://static-data.gaokao.cn/www/2.0/schoolspecialplan/1011/2025/31.json?a=www.gaokao.cn,data/shanghai/raw/plan_api/static/2025/1011.json,1
2025,综合,1011,上海政法学院,424076,03,不限,020101,经济学,25,6500,四年,https://static-data.gaokao.cn/www/2.0/schoolspecialplan/1011/2025/31.json?a=www.gaokao.cn,data/shanghai/raw/plan_api/static/2025/1011.json,1
2025,综合,1011,上海政法学院,424076,03,不限,020202,税收学,25,6500,四年,https://static-data.gaokao.cn/www/2.0/schoolspecialplan/1011/2025/31.json?a=www.gaokao.cn,data/shanghai/raw/plan_api/static/2025/1011.json,1
2025,综合,1011,上海政法学院,424073,04,不限,050201,英语,20,6500,四年,https://static-data.gaokao.cn/www/2.0/schoolspecialplan/1011/2025/31.json?a=www.gaokao.cn,data/shanghai/raw/plan_api/static/2025/1011.json,1
2025,综合,1011,上海政法学院,424073,04,不限,120403,劳动与社会保障,20,6500,四年,https://static-data.gaokao.cn/www/2.0/schoolspecialplan/1011/2025/31.json?a=www.gaokao.cn,data/shanghai/raw/plan_api/static/2025/1011.json,1
2025,综合,1011,上海政法学院,424074,02,不限,030102T,知识产权,20,6500,四年,https://static-data.gaokao.cn/www/2.0/schoolspecialplan/1011/2025/31.json?a=www.gaokao.cn,data/shanghai/raw/plan_api/static/2025/1011.json,1
2025,综合,1011,上海政法学院,424073,04,不限,050301,新闻学,20,6500,四年,https://static-data.gaokao.cn/www/2.0/schoolspecialplan/1011/2025/31.json?a=www.gaokao.cn,data/shanghai/raw/plan_api/static/2025/1011.json,1
2025,综合,1011,上海政法学院,424073,04,不限,050103,汉语国际教育,20,6500,四年,https://static-data.gaokao.cn/www/2.0/schoolspecialplan/1011/2025/31.json?a=www.gaokao.cn,data/shanghai/raw/plan_api/static/2025/1011.json,1
2025,综合,1011,上海政法学院,424078,06,不限,030107TK,社区矫正,20,6500,四年,https://static-data.gaokao.cn/www/2.0/schoolspecialplan/1011/2025/31.json?a=www.gaokao.cn,data/shanghai/raw/plan_api/static/2025/1011.json,1
2025,综合,1011,上海政法学院,424073,04,不限,050306T,网络与新媒体,17,6500,四年,https://static-data.gaokao.cn/www/2.0/schoolspecialplan/1011/2025/31.json?a=www.gaokao.cn,data/shanghai/raw/plan_api/static/2025/1011.json,1
2025,综合,1011,上海政法学院,424073,04,不限,030301,社会学,16,6500,四年,https://static-data.gaokao.cn/www/2.0/schoolspecialplan/1011/2025/31.json?a=www.gaokao.cn,data/shanghai/raw/plan_api/static/2025/1011.json,1
2025,综合,1011,上海政法学院,424073,04,不限,120402,行政管理,16,6500,四年,https://static-data.gaokao.cn/www/2.0/schoolspecialplan/1011/2025/31.json?a=www.gaokao.cn,data/shanghai/raw/plan_api/static/2025/1011.json,1
2025,综合,1011,上海政法学院,424073,04,不限,030302,社会工作,16,6500,四年,https://static-data.gaokao.cn/www/2.0/schoolspecialplan/1011/2025/31.json?a=www.gaokao.cn,data/shanghai/raw/plan_api/static/2025/1011.json,1
2025,综合,1011,上海政法学院,424073,04,不限,050302,广播电视学,16,6500,四年,https://static-data.gaokao.cn/www/2.0/schoolspecialplan/1011/2025/31.json?a=www.gaokao.cn,data/shanghai/raw/plan_api/static/2025/1011.json,1
2025,综合,1011,上海政法学院,424081,Q7,不限,130305,广播电视编导,14,13000,四年,https://static-data.gaokao.cn/www/2.0/schoolspecialplan/1011/2025/31.json?a=www.gaokao.cn,data/shanghai/raw/plan_api/static/2025/1011.json,0
2025,综合,1011,上海政法学院,424073,04,不限,050261,翻译,15,6500,四年,https://static-data.gaokao.cn/www/2.0/schoolspecialplan/1011/2025/31.json?a=www.gaokao.cn,data/shanghai/raw/plan_api/static/2025/1011.json,1
2025,综合,1011,上海政法学院,424079,01,不限,030101K,法学,8,6500,四年,https://static-data.gaokao.cn/www/2.0/schoolspecialplan/1011/2025/31.json?a=www.gaokao.cn,data/shanghai/raw/plan_api/static/2025/1011.json,1
2025,综合,1018,重庆交通大学,424080,02,物理、化学(2科必选),080701,电子信息工程,2,5560,四年,https://static-data.gaokao.cn/www/2.0/schoolspecialplan/1018/2025/31.json?a=www.gaokao.cn,data/shanghai/raw/plan_api/static/2025/1018.json,1
2025,综合,1018,重庆交通大学,424084,01,不限,1202,工商管理类,2,5580,四年,https://static-data.gaokao.cn/www/2.0/schoolspecialplan/1018/2025/31.json?a=www.gaokao.cn,data/shanghai/raw/plan_api/static/2025/1018.json,1
2025,综合,1020,福建医科大学,424089,01,物、化、生(3科必选),101001,医学检验技术,2,6240,四年,https://static-data.gaokao.cn/www/2.0/schoolspecialplan/1020/2025/31.json?a=www.gaokao.cn,data/shanghai/raw/plan_api/static/2025/1020.json,1
2025,综合,1020,福建医科大学,424089,01,物、化、生(3科必选),100201K,临床医学,2,6760,五年,https://static-data.gaokao.cn/www/2.0/schoolspecialplan/1020/2025/31.json?a=www.gaokao.cn,data/shanghai/raw/plan_api/static/2025/1020.json,1
2025,综合,1029,长沙学院,424086,01,不限,120204,财务管理,4,5000,四年,https://static-data.gaokao.cn/www/2.0/schoolspecialplan/1029/2025/31.json?a=www.gaokao.cn,data/shanghai/raw/plan_api/static/2025/1029.json,1
2025,综合,1029,长沙学院,424086,01,不限,030101K,法学,2,5000,四年,https://static-data.gaokao.cn/www/2.0/schoolspecialplan/1029/2025/31.json?a=www.gaokao.cn,data/shanghai/raw/plan_api/static/2025/1029.json,1
2025,综合,1029,长沙学院,424088,02,物理必选,020109T,数字经济,2,5000,四年,https://static-data.gaokao.cn/www/2.0/schoolspecialplan/1029/2025/31.json?a=www.gaokao.cn,data/shanghai/raw/plan_api/static/2025/1029.json,1
2025,综合,1029,长沙学院,424087,03,思想政治必选,050306T,网络与新媒体,2,6000,四年,https://static-data.gaokao.cn/www/2.0/schoolspecialplan/1029/2025/31.json?a=www.gaokao.cn,data/shanghai/raw/plan_api/static/2025/1029.json,1
2025,综合,1031,广东金融学院,424091,01,不限,120203K,会计学,1,5050,四年,https://static-data.gaokao.cn/www/2.0/schoolspecialplan/1031/2025/31.json?a=www.gaokao.cn,data/shanghai/raw/plan_api/static/2025/1031.json,1
2025,综合,1031,广东金融学院,424091,01,不限,120204,财务管理,1,5050,四年,https://static-data.gaokao.cn/www/2.0/schoolspecialplan/1031/2025/31.json?a=www.gaokao.cn,data/shanghai/raw/plan_api/static/2025/1031.json,1
2025,综合,1031,广东金融学院,424091,01,不限,020401,国际经济与贸易,1,5050,四年,https://static-data.gaokao.cn/www/2.0/schoolspecialplan/1031/2025/31.json?a=www.gaokao.cn,data/shanghai/raw/plan_api/static/2025/1031.json,1
2025,综合,1031,广东金融学院,424091,01,不限,020301K,金融学,1,5050,四年,https://static-data.gaokao.cn/www/2.0/schoolspecialplan/1031/2025/31.json?a=www.gaokao.cn,data/shanghai/raw/plan_api/static/2025/1031.json,1
2025,综合,1031,广东金融学院,424091,01,不限,020304,投资学,1,5050,四年,https://static-data.gaokao.cn/www/2.0/schoolspecialplan/1031/2025/31.json?a=www.gaokao.cn,data/shanghai/raw/plan_api/static/2025/1031.json,1
2025,综合,1035,河池学院,424093,01,物理、化学(2科必选),081302,制药工程,3,4600,四年,https://static-data.gaokao.cn/www/2.0/schoolspecialplan/1035/2025/31.json?a=www.gaokao.cn,data/shanghai/raw/plan_api/static/2025/1035.json,1
2025,综合,1035,河池学院,424093,01,物理、化学(2科必选),080717T,人工智能,2,4600,四年,https://static-data.gaokao.cn/www/2.0/schoolspecialplan/1035/2025/31.json?a=www.gaokao.cn,data/shanghai/raw/plan_api/static/2025/1035.json,1
2025,综合,1036,伊犁师范大学,424090,03,物理、化学(2科必选),080901,计算机科学与技术,6,3500,四年,https://static-data.gaokao.cn/www/2.0/schoolspecialplan/1036/2025/31.json?a=www.gaokao.cn,data/shanghai/raw/plan_api/static/2025/1036.json,1
2025,综合,1036,伊犁师范大学,424090,03,物理、化学(2科必选),080905,物联网工程,4,3500,四年,https://static-data.gaokao.cn/www/2.0/schoolspecialplan/1036/2025/31.json?a=www.gaokao.cn,data/shanghai/raw/plan_api/static/2025/1036.json,1
2025,综合,1036,伊犁师范大学,424090,03,物理、化学(2科必选),080910T,数据科学与大数据技术,4,3500,四年,https://static-data.gaokao.cn/www/2.0/schoolspecialplan/1036/2025/31.json?a=www.gaokao.cn,data/shanghai/raw/plan_api/static/2025/1036.json,1
2025,综合,1036,伊犁师范大学,424090,03,物理、化学(2科必选),080717T,人工智能,4,3500,四年,https://static-data.gaokao.cn/www/2.0/schoolspecialplan/1036/2025/31.json?a=www.gaokao.cn,data/shanghai/raw/plan_api/static/2025/1036.json,1
2025,综合,1036,伊犁师范大学,424090,03,物理、化学(2科必选),080803T,机器人工程,4,3500,四年,https://static-data.gaokao.cn/www/2.0/schoolspecialplan/1036/2025/31.json?a=www.gaokao.cn,data/shanghai/raw/plan_api/static/2025/1036.json,1
2025,综合,1036,伊犁师范大学,424090,03,物理、化学(2科必选),080903,网络工程,4,3500,四年,https://static-data.gaokao.cn/www/2.0/schoolspecialplan/1036/2025/31.json?a=www.gaokao.cn,data/shanghai/raw/plan_api/static/2025/1036.json,1
2025,综合,1036,伊犁师范大学,424090,03,物理、化学(2科必选),080601,电气工程及其自动化,3,3500,四年,https://static-data.gaokao.cn/www/2.0/schoolspecialplan/1036/2025/31.json?a=www.gaokao.cn,data/shanghai/raw/plan_api/static/2025/1036.json,1
2025,综合,1036,伊犁师范大学,424090,03,物理、化学(2科必选),070302,应用化学,3,3500,四年,https://static-data.gaokao.cn/www/2.0/schoolspecialplan/1036/2025/31.json?a=www.gaokao.cn,data/shanghai/raw/plan_api/static/2025/1036.json,1
2025,综合,1036,伊犁师范大学,424090,03,物理、化学(2科必选),080701,电子信息工程,3,3500,四年,https://static-data.gaokao.cn/www/2.0/schoolspecialplan/1036/2025/31.json?a=www.gaokao.cn,data/shanghai/raw/plan_api/static/2025/1036.json,1
2025,综合,1036,伊犁师范大学,424090,03,物理、化学(2科必选),080204,机械电子工程,3,3500,四年,https://static-data.gaokao.cn/www/2.0/schoolspecialplan/1036/2025/31.json?a=www.gaokao.cn,data/shanghai/raw/plan_api/static/2025/1036.json,1
2025,综合,1036,伊犁师范大学,424090,03,物理、化学(2科必选),080202,机械设计制造及其自动化,3,3500,四年,https://static-data.gaokao.cn/www/2.0/schoolspecialplan/1036/2025/31.json?a=www.gaokao.cn,data/shanghai/raw/plan_api/static/2025/1036.json,1
2025,综合,1036,伊犁师范大学,424090,03,物理、化学(2科必选),080503T,新能源科学与工程,3,3500,四年,https://static-data.gaokao.cn/www/2.0/schoolspecialplan/1036/2025/31.json?a=www.gaokao.cn,data/shanghai/raw/plan_api/static/2025/1036.json,1
2025,综合,1036,伊犁师范大学,424090,03,物理、化学(2科必选),081201,测绘工程,3,3500,四年,https://static-data.gaokao.cn/www/2.0/schoolspecialplan/1036/2025/31.json?a=www.gaokao.cn,data/shanghai/raw/plan_api/static/2025/1036.json,1
2025,综合,1036,伊犁师范大学,424090,03,物理、化学(2科必选),081205T,地理空间信息工程,3,3500,四年,https://static-data.gaokao.cn/www/2.0/schoolspecialplan/1036/2025/31.json?a=www.gaokao.cn,data/shanghai/raw/plan_api/static/2025/1036.json,1
2025,综合,1036,伊犁师范大学,424090,03,物理、化学(2科必选),082306T,土地整治工程,3,3500,四年,https://static-data.gaokao.cn/www/2.0/schoolspecialplan/1036/2025/31.json?a=www.gaokao.cn,data/shanghai/raw/plan_api/static/2025/1036.json,1
2025,综合,1036,伊犁师范大学,424095,01,不限,050101,汉语言文学,5,3100,四年,https://static-data.gaokao.cn/www/2.0/schoolspecialplan/1036/2025/31.json?a=www.gaokao.cn,data/shanghai/raw/plan_api/static/2025/1036.json,1
2025,综合,1036,伊犁师范大学,424092,02,物理必选,120105,工程造价,4,3500,四年,https://static-data.gaokao.cn/www/2.0/schoolspecialplan/1036/2025/31.json?a=www.gaokao.cn,data/shanghai/raw/plan_api/static/2025/1036.json,1
2025,综合,1036,伊犁师范大学,424094,04,物理、地理(2科必选),070504,地理信息科学,3,3500,四年,https://static-data.gaokao.cn/www/2.0/schoolspecialplan/1036/2025/31.json?a=www.gaokao.cn,data/shanghai/raw/plan_api/static/2025/1036.json,1
2025,综合,1041,沈阳工程学院,424098,01,物理、化学(2科必选),080501,能源与动力工程,2,5200,四年,https://static-data.gaokao.cn/www/2.0/schoolspecialplan/1041/2025/31.json?a=www.gaokao.cn,data/shanghai/raw/plan_api/static/2025/1041.json,1
2025,综合,1041,沈阳工程学院,424098,01,物理、化学(2科必选),080601,电气工程及其自动化,2,5200,四年,https://static-data.gaokao.cn/www/2.0/schoolspecialplan/1041/2025/31.json?a=www.gaokao.cn,data/shanghai/raw/plan_api/static/2025/1041.json,1
2025,综合,1041,沈阳工程学院,424098,01,物理、化学(2科必选),080801,自动化,2,5200,四年,https://static-data.gaokao.cn/www/2.0/schoolspecialplan/1041/2025/31.json?a=www.gaokao.cn,data/shanghai/raw/plan_api/static/2025/1041.json,1
2025,综合,1041,沈阳工程学院,424098,01,物理、化学(2科必选),080503T,新能源科学与工程,2,5200,四年,https://static-data.gaokao.cn/www/2.0/schoolspecialplan/1041/2025/31.json?a=www.gaokao.cn,data/shanghai/raw/plan_api/static/2025/1041.json,1
2025,综合,1041,沈阳工程学院,424098,01,物理、化学(2科必选),080504T,储能科学与工程,2,5200,四年,https://static-data.gaokao.cn/www/2.0/schoolspecialplan/1041/2025/31.json?a=www.gaokao.cn,data/shanghai/raw/plan_api/static/2025/1041.json,1
2025,综合,1041,沈阳工程学院,424102,02,物理、化学(2科必选),080601,电气工程及其自动化,2,32000,四年,https://static-data.gaokao.cn/www/2.0/schoolspecialplan/1041/2025/31.json?a=www.gaokao.cn,data/shanghai/raw/plan_api/static/2025/1041.json,0
2025,综合,1048,金陵科技学院,424097,01,不限,120203K,会计学,2,5200,四年,https://static-data.gaokao.cn/www/2.0/schoolspecialplan/1048/2025/31.json?a=www.gaokao.cn,data/shanghai/raw/plan_api/static/2025/1048.json,1
2025,综合,1048,金陵科技学院,424097,01,不限,120202,市场营销,2,5200,四年,https://static-data.gaokao.cn/www/2.0/schoolspecialplan/1048/2025/31.json?a=www.gaokao.cn,data/shanghai/raw/plan_api/static/2025/1048.json,1
2025,综合,1048,金陵科技学院,424097,01,不限,050201,英语,1,5200,四年,https://static-data.gaokao.cn/www/2.0/schoolspecialplan/1048/2025/31.json?a=www.gaokao.cn,data/shanghai/raw/plan_api/static/2025/1048.json,1
2025,综合,1048,金陵科技学院,424097,01,不限,050105,古典文献学,1,5200,四年,https://static-data.gaokao.cn/www/2.0/schoolspecialplan/1048/2025/31.json?a=www.gaokao.cn,data/shanghai/raw/plan_api/static/2025/1048.json,1
2025,综合,1048,金陵科技学院,424097,01,不限,082802,城乡规划,1,5800,四年,https://static-data.gaokao.cn/www/2.0/schoolspecialplan/1048/2025/31.json?a=www.gaokao.cn,data/shanghai/raw/plan_api/static/2025/1048.json,1
2025,综合,1048,金陵科技学院,424099,02,物理、化学(2科必选),082701,食品科学与工程,1,5800,四年,https://static-data.gaokao.cn/www/2.0/schoolspecialplan/1048/2025/31.json?a=www.gaokao.cn,data/shanghai/raw/plan_api/static/2025/1048.json,1
2025,综合,1048,金陵科技学院,424099,02,物理、化学(2科必选),080902,软件工程,1,5800,四年,https://static-data.gaokao.cn/www/2.0/schoolspecialplan/1048/2025/31.json?a=www.gaokao.cn,data/shanghai/raw/plan_api/static/2025/1048.json,1
2025,综合,1048,金陵科技学院,424099,02,物理、化学(2科必选),080905,物联网工程,1,5800,四年,https://static-data.gaokao.cn/www/2.0/schoolspecialplan/1048/2025/31.json?a=www.gaokao.cn,data/shanghai/raw/plan_api/static/2025/1048.json,1
2025,综合,1048,金陵科技学院,424099,02,物理、化学(2科必选),080202,机械设计制造及其自动化,1,5800,四年,https://static-data.gaokao.cn/www/2.0/schoolspecialplan/1048/2025/31.json?a=www.gaokao.cn,data/shanghai/raw/plan_api/static/2025/1048.json,1
2025,综合,1048,金陵科技学院,424099,02,物理、化学(2科必选),080207,车辆工程,1,5800,四年,https://static-data.gaokao.cn/www/2.0/schoolspecialplan/1048/2025/31.json?a=www.gaokao.cn,data/shanghai/raw/plan_api/static/2025/1048.json,1
2025,综合,1048,金陵科技学院,424099,02,物理、化学(2科必选),081004,建筑电气与智能化,1,5800,四年,https://static-data.gaokao.cn/www/2.0/schoolspecialplan/1048/2025/31.json?a=www.gaokao.cn,data/shanghai/raw/plan_api/static/2025/1048.json,1
2025,综合,1049,徐州工程学院,424096,01,不限,120203K,会计学,2,5200,四年,https://static-data.gaokao.cn/www/2.0/schoolspecialplan/1049/2025/31.json?a=www.gaokao.cn,data/shanghai/raw/plan_api/static/2025/1049.json,1
2025,综合,1049,徐州工程学院,424096,01,不限,020307T,经济与金融,1,5200,四年,https://static-data.gaokao.cn/www/2.0/schoolspecialplan/1049/2025/31.json?a=www.gaokao.cn,data/shanghai/raw/plan_api/static/2025/1049.json,1
2025,综合,1049,徐州工程学院,424096,01,不限,020401,国际经济与贸易,1,5200,四年,https://static-data.gaokao.cn/www/2.0/schoolspecialplan/1049/2025/31.json?a=www.gaokao.cn,data/shanghai/raw/plan_api/static/2025/1049.json,1
2025,综合,1049,徐州工程学院,424100,03,物理、化学(2科必选),080202,机械设计制造及其自动化,2,5800,四年,https://static-data.gaokao.cn/www/2.0/schoolspecialplan/1049/2025/31.json?a=www.gaokao.cn,data/shanghai/raw/plan_api/static/2025/1049.json,1
2025,综合,1049,徐州工程学院,424101,02,物理必选,120103,工程管理,1,5200,四年,https://static-data.gaokao.cn/www/2.0/schoolspecialplan/1049/2025/31.json?a=www.gaokao.cn,data/shanghai/raw/plan_api/static/2025/1049.json,1
2025,综合,1049,徐州工程学院,424101,02,物理必选,120602,物流工程,1,5200,四年,https://static-data.gaokao.cn/www/2.0/schoolspecialplan/1049/2025/31.json?a=www.gaokao.cn,data/shanghai/raw/plan_api/static/2025/1049.json,1
2025,综合,1061,厦门理工学院,424104,01,不限,120903,会展经济与管理,2,5040,四年,https://static-data.gaokao.cn/www/2.0/schoolspecialplan/1061/2025/31.json?a=www.gaokao.cn,data/shanghai/raw/plan_api/static/2025/1061.json,1
2025,综合,1061,厦门理工学院,424104,01,不限,120405,城市管理,1,5040,四年,https://static-data.gaokao.cn/www/2.0/schoolspecialplan/1061/2025/31.json?a=www.gaokao.cn,data/shanghai/raw/plan_api/static/2025/1061.json,1
2025,综合,1061,厦门理工学院,424105,03,物理、化学(2科必选),080414T,新能源材料与器件,2,5460,四年,https://static-data.gaokao.cn/www/2.0/schoolspecialplan/1061/2025/31.json?a=www.gaokao.cn,data/shanghai/raw/plan_api/static/2025/1061.json,1
2025,综合,1061,厦门理工学院,424112,02,物理必选,020302,金融工程,2,5040,四年,https://static-data.gaokao.cn/www/2.0/schoolspecialplan/1061/2025/31.json?a=www.gaokao.cn,data/shanghai/raw/plan_api/static/2025/1061.json,1
2025,综合,1061,厦门理工学院,424105,03,物理、化学(2科必选),080213T,智能制造工程,2,5460,四年,https://static-data.gaokao.cn/www/2.0/schoolspecialplan/1061/2025/31.json?a=www.gaokao.cn,data/shanghai/raw/plan_api/static/2025/1061.json,1
2025,综合,1061,厦门理工学院,424105,03,物理、化学(2科必选),080717T,人工智能,1,5460,四年,https://static-data.gaokao.cn/www/2.0/schoolspecialplan/1061/2025/31.json?a=www.gaokao.cn,data/shanghai/raw/plan_api/static/2025/1061.json,1
2025,综合,1064,淮阴师范学院,424113,01,不限,040106,学前教育,5,5200,四年,https://static-data.gaokao.cn/www/2.0/schoolspecialplan/1064/2025/31.json?a=www.gaokao.cn,data/shanghai/raw/plan_api/static/2025/1064.json,1
2025,综合,1064,淮阴师范学院,424113,01,不限,050103,汉语国际教育,5,5200,四年,https://static-data.gaokao.cn/www/2.0/schoolspecialplan/1064/2025/31.json?a=www.gaokao.cn,data/shanghai/raw/plan_api/static/2025/1064.json,1
2025,综合,1064,淮阴师范学院,424113,01,不限,030102T,知识产权,4,5200,四年,https://static-data.gaokao.cn/www/2.0/schoolspecialplan/1064/2025/31.json?a=www.gaokao.cn,data/shanghai/raw/plan_api/static/2025/1064.json,1
2025,综合,1064,淮阴师范学院,424113,01,不限,050303,广告学,4,5200,四年,https://static-data.gaokao.cn/www/2.0/schoolspecialplan/1064/2025/31.json?a=www.gaokao.cn,data/shanghai/raw/plan_api/static/2025/1064.json,1
2025,综合,1066,浙江传媒学院,424103,02,不限,120409T,公共关系学,1,4800,四年,https://static-data.gaokao.cn/www/2.0/schoolspecialplan/1066/2025/31.json?a=www.gaokao.cn,data/shanghai/raw/plan_api/static/2025/1066.json,1
2025,综合,1066,浙江传媒学院,424103,02,不限,050101,汉语言文学,1,4800,四年,https://static-data.gaokao.cn/www/2.0/schoolspecialplan/1066/2025/31.json?a=www.gaokao.cn,data/shanghai/raw/plan_api/static/2025/1066.json,1
2025,综合,1066,浙江传媒学院,424103,02,不限,050303,广告学,1,4800,四年,https://static-data.gaokao.cn/www/2.0/schoolspecialplan/1066/2025/31.json?a=www.gaokao.cn,data/shanghai/raw/plan_api/static/2025/1066.json,1
2025,综合,1066,浙江传媒学院,424103,02,不限,050306T,网络与新媒体,1,4800,四年,https://static-data.gaokao.cn/www/2.0/schoolspecialplan/1066/2025/31.json?a=www.gaokao.cn,data/shanghai/raw/plan_api/static/2025/1066.json,1
2025,综合,1066,浙江传媒学院,424103,02,不限,120210,文化产业管理,1,4800,四年,https://static-data.gaokao.cn/www/2.0/schoolspecialplan/1066/2025/31.json?a=www.gaokao.cn,data/shanghai/raw/plan_api/static/2025/1066.json,1
2025,综合,1066,浙江传媒学院,424103,02,不限,120903,会展经济与管理,1,4800,四年,https://static-data.gaokao.cn/www/2.0/schoolspecialplan/1066/2025/31.json?a=www.gaokao.cn,data/shanghai/raw/plan_api/static/2025/1066.json,1
2025,综合,1066,浙江传媒学院,424103,02,不限,050301,新闻学,1,4800,四年,https://static-data.gaokao.cn/www/2.0/schoolspecialplan/1066/2025/31.json?a=www.gaokao.cn,data/shanghai/raw/plan_api/static/2025/1066.json,1
2025,综合,1066,浙江传媒学院,424103,02,不限,050302,广播电视学,1,5500,四年,https://static-data.gaokao.cn/www/2.0/schoolspecialplan/1066/2025/31.json?a=www.gaokao.cn,data/shanghai/raw/plan_api/static/2025/1066.json,1
2025,综合,1066,浙江传媒学院,424103,02,不限,050304,传播学,1,4800,四年,https://static-data.gaokao.cn/www/2.0/schoolspecialplan/1066/2025/31.json?a=www.gaokao.cn,data/shanghai/raw/plan_api/static/2025/1066.json,1
2025,综合,1066,浙江传媒学院,424103,02,不限,050305,编辑出版学,1,4800,四年,https://static-data.gaokao.cn/www/2.0/schoolspecialplan/1066/2025/31.json?a=www.gaokao.cn,data/shanghai/raw/plan_api/static/2025/1066.json,1
2025,综合,1066,浙江传媒学院,424103,02,不限,050309T,国际新闻与传播,1,4800,四年,https://static-data.gaokao.cn/www/2.0/schoolspecialplan/1066/2025/31.json?a=www.gaokao.cn,data/shanghai/raw/plan_api/static/2025/1066.json,1
2025,综合,1066,浙江传媒学院,424109,05,不限,050304,传播学,4,28000,四年,https://static-data.gaokao.cn/www/2.0/schoolspecialplan/1066/2025/31.json?a=www.gaokao.cn,data/shanghai/raw/plan_api/static/2025/1066.json,0
2025,综合,1066,浙江传媒学院,424114,04,物理、化学(2科必选),080913T,电影制作,3,58000,四年,https://static-data.gaokao.cn/www/2.0/schoolspecialplan/1066/2025/31.json?a=www.gaokao.cn,data/shanghai/raw/plan_api/static/2025/1066.json,1
2025,综合,1066,浙江传媒学院,424106,01,不限,130304,戏剧影视文学,2,9000,四年,https://static-data.gaokao.cn/www/2.0/schoolspecialplan/1066/2025/31.json?a=www.gaokao.cn,data/shanghai/raw/plan_api/static/2025/1066.json,1
2025,综合,1066,浙江传媒学院,424106,01,不限,130305,广播电视编导,2,10300,四年,https://static-data.gaokao.cn/www/2.0/schoolspecialplan/1066/2025/31.json?a=www.gaokao.cn,data/shanghai/raw/plan_api/static/2025/1066.json,1
2025,综合,1066,浙江传媒学院,424110,03,物理、化学(2科必选),080702,电子科学与技术,2,5500,四年,https://static-data.gaokao.cn/www/2.0/schoolspecialplan/1066/2025/31.json?a=www.gaokao.cn,data/shanghai/raw/plan_api/static/2025/1066.json,1
2025,综合,1066,浙江传媒学院,424110,03,物理、化学(2科必选),080916T,虚拟现实技术,2,5500,四年,https://static-data.gaokao.cn/www/2.0/schoolspecialplan/1066/2025/31.json?a=www.gaokao.cn,data/shanghai/raw/plan_api/static/2025/1066.json,1
2025,综合,1066,浙江传媒学院,424106,01,不限,130508,数字媒体艺术,1,10300,四年,https://static-data.gaokao.cn/www/2.0/schoolspecialplan/1066/2025/31.json?a=www.gaokao.cn,data/shanghai/raw/plan_api/static/2025/1066.json,1
2025,综合,1066,浙江传媒学院,424106,01,不限,130404,摄影,1,10300,四年,https://static-data.gaokao.cn/www/2.0/schoolspecialplan/1066/2025/31.json?a=www.gaokao.cn,data/shanghai/raw/plan_api/static/2025/1066.json,1
2025,综合,1066,浙江传媒学院,424110,03,物理、化学(2科必选),080902,软件工程,1,5500,四年,https://static-data.gaokao.cn/www/2.0/schoolspecialplan/1066/2025/31.json?a=www.gaokao.cn,data/shanghai/raw/plan_api/static/2025/1066.json,1
2025,综合,1066,浙江传媒学院,424110,03,物理、化学(2科必选),080707T,广播电视工程,1,6300,四年,https://static-data.gaokao.cn/www/2.0/schoolspecialplan/1066/2025/31.json?a=www.gaokao.cn,data/shanghai/raw/plan_api/static/2025/1066.json,1
2025,综合,1066,浙江传媒学院,424110,03,物理、化学(2科必选),080903,网络工程,1,5500,四年,https://static-data.gaokao.cn/www/2.0/schoolspecialplan/1066/2025/31.json?a=www.gaokao.cn,data/shanghai/raw/plan_api/static/2025/1066.json,1
2025,综合,1066,浙江传媒学院,424110,03,物理、化学(2科必选),080906,数字媒体技术,1,5500,四年,https://static-data.gaokao.cn/www/2.0/schoolspecialplan/1066/2025/31.json?a=www.gaokao.cn,data/shanghai/raw/plan_api/static/2025/1066.json,1
2025,综合,1066,浙江传媒学院,424110,03,物理、化学(2科必选),080717T,人工智能,1,5500,四年,https://static-data.gaokao.cn/www/2.0/schoolspecialplan/1066/2025/31.json?a=www.gaokao.cn,data/shanghai/raw/plan_api/static/2025/1066.json,1
2025,综合,1073,重庆工商大学,424115,01,不限,0203,金融学类,4,4500,四年,https://static-data.gaokao.cn/www/2.0/schoolspecialplan/1073/2025/31.json?a=www.gaokao.cn,data/shanghai/raw/plan_api/static/2025/1073.json,1
2025,综合,1073,重庆工商大学,424115,01,不限,120801,电子商务,3,4500,四年,https://static-data.gaokao.cn/www/2.0/schoolspecialplan/1073/2025/31.json?a=www.gaokao.cn,data/shanghai/raw/plan_api/static/2025/1073.json,1
2025,综合,1073,重庆工商大学,424115,01,不限,050262,商务英语,2,5500,四年,https://static-data.gaokao.cn/www/2.0/schoolspecialplan/1073/2025/31.json?a=www.gaokao.cn,data/shanghai/raw/plan_api/static/2025/1073.json,1
2025,综合,1073,重庆工商大学,424116,02,物理必选,020302,金融工程,2,4500,四年,https://static-data.gaokao.cn/www/2.0/schoolspecialplan/1073/2025/31.json?a=www.gaokao.cn,data/shanghai/raw/plan_api/static/2025/1073.json,1
2025,综合,1073,重庆工商大学,424116,02,物理必选,020109T,数字经济,2,4500,四年,https://static-data.gaokao.cn/www/2.0/schoolspecialplan/1073/2025/31.json?a=www.gaokao.cn,data/shanghai/raw/plan_api/static/2025/1073.json,1
2025,综合,1077,文华学院,424117,02,物理、化学(2科必选),080901,计算机科学与技术,2,22800,四年,https://static-data.gaokao.cn/www/2.0/schoolspecialplan/1077/2025/31.json?a=www.gaokao.cn,data/shanghai/raw/plan_api/static/2025/1077.json,1
2025,综合,1077,文华学院,424117,02,物理、化学(2科必选),080501,能源与动力工程,2,22000,四年,https://static-data.gaokao.cn/www/2.0/schoolspecialplan/1077/2025/31.json?a=www.gaokao.cn,data/shanghai/raw/plan_api/static/2025/1077.json,1
2025,综合,1077,文华学院,424117,02,物理、化学(2科必选),080905,物联网工程,2,22000,四年,https://static-data.gaokao.cn/www/2.0/schoolspecialplan/1077/2025/31.json?a=www.gaokao.cn,data/shanghai/raw/plan_api/static/2025/1077.json,1
2025,综合,1077,文华学院,424118,01,不限,020301K,金融学,2,22000,四年,https://static-data.gaokao.cn/www/2.0/schoolspecialplan/1077/2025/31.json?a=www.gaokao.cn,data/shanghai/raw/plan_api/static/2025/1077.json,1
2025,综合,1077,文华学院,424118,01,不限,120203K,会计学,2,22800,四年,https://static-data.gaokao.cn/www/2.0/schoolspecialplan/1077/2025/31.json?a=www.gaokao.cn,data/shanghai/raw/plan_api/static/2025/1077.json,1
2025,综合,1083,内江师范学院,424120,02,物理、化学(2科必选),070101,数学与应用数学,1,5980,四年,https://static-data.gaokao.cn/www/2.0/schoolspecialplan/1083/2025/31.json?a=www.gaokao.cn,data/shanghai/raw/plan_api/static/2025/1083.json,1
2025,综合,1083,内江师范学院,424120,02,物理、化学(2科必选),070201,物理学,1,5980,四年,https://static-data.gaokao.cn/www/2.0/schoolspecialplan/1083/2025/31.json?a=www.gaokao.cn,data/shanghai/raw/plan_api/static/2025/1083.json,1
2025,综合,1083,内江师范学院,424121,01,不限,071102,应用心理学,1,5980,四年,https://static-data.gaokao.cn/www/2.0/schoolspecialplan/1083/2025/31.json?a=www.gaokao.cn,data/shanghai/raw/plan_api/static/2025/1083.json,1
2025,综合,1092,上海电机学院,424122,04,不限,0201,经济学类,264,6500,四年,https://static-data.gaokao.cn/www/2.0/schoolspecialplan/1092/2025/31.json?a=www.gaokao.cn,data/shanghai/raw/plan_api/static/2025/1092.json,1
2025,综合,1092,上海电机学院,424122,04,不限,1202,工商管理类,154,6500,四年,https://static-data.gaokao.cn/www/2.0/schoolspecialplan/1092/2025/31.json?a=www.gaokao.cn,data/shanghai/raw/plan_api/static/2025/1092.json,1
2025,综合,1092,上海电机学院,424122,04,不限,050201,英语,29,6500,四年,https://static-data.gaokao.cn/www/2.0/schoolspecialplan/1092/2025/31.json?a=www.gaokao.cn,data/shanghai/raw/plan_api/static/2025/1092.json,1
2025,综合,1092,上海电机学院,424122,04,不限,050203,德语,29,6500,四年,https://static-data.gaokao.cn/www/2.0/schoolspecialplan/1092/2025/31.json?a=www.gaokao.cn,data/shanghai/raw/plan_api/static/2025/1092.json,1
2025,综合,1092,上海电机学院,424123,02,物理、化学(2科必选),0809,计算机类,150,7000,四年,https://static-data.gaokao.cn/www/2.0/schoolspecialplan/1092/2025/31.json?a=www.gaokao.cn,data/shanghai/raw/plan_api/static/2025/1092.json,1
2025,综合,1092,上海电机学院,424123,02,物理、化学(2科必选),0806,电气类,136,7000,四年,https://static-data.gaokao.cn/www/2.0/schoolspecialplan/1092/2025/31.json?a=www.gaokao.cn,data/shanghai/raw/plan_api/static/2025/1092.json,1
2025,综合,1092,上海电机学院,424123,02,物理、化学(2科必选),0802,机械类,132,7000,四年,https://static-data.gaokao.cn/www/2.0/schoolspecialplan/1092/2025/31.json?a=www.gaokao.cn,data/shanghai/raw/plan_api/static/2025/1092.json,1
2025,综合,1092,上海电机学院,424123,02,物理、化学(2科必选),082003,飞行器制造工程,58,7000,四年,https://static-data.gaokao.cn/www/2.0/schoolspecialplan/1092/2025/31.json?a=www.gaokao.cn,data/shanghai/raw/plan_api/static/2025/1092.json,1
2025,综合,1092,上海电机学院,424128,06,不限,120601,物流管理,50,19500,四年,https://static-data.gaokao.cn/www/2.0/schoolspecialplan/1092/2025/31.json?a=www.gaokao.cn,data/shanghai/raw/plan_api/static/2025/1092.json,0
2025,综合,1092,上海电机学院,424123,02,物理、化学(2科必选),080803T,机器人工程,40,7000,四年,https://static-data.gaokao.cn/www/2.0/schoolspecialplan/1092/2025/31.json?a=www.gaokao.cn,data/shanghai/raw/plan_api/static/2025/1092.json,1
2025,综合,1092,上海电机学院,424123,02,物理、化学(2科必选),082012T,飞行器运维工程,37,7000,四年,https://static-data.gaokao.cn/www/2.0/schoolspecialplan/1092/2025/31.json?a=www.gaokao.cn,data/shanghai/raw/plan_api/static/2025/1092.json,1
2025,综合,1092,上海电机学院,424128,06,不限,020401,国际经济与贸易,35,19500,四年,https://static-data.gaokao.cn/www/2.0/schoolspecialplan/1092/2025/31.json?a=www.gaokao.cn,data/shanghai/raw/plan_api/static/2025/1092.json,0
2025,综合,1092,上海电机学院,424123,02,物理、化学(2科必选),080301,测控技术与仪器,33,7000,四年,https://static-data.gaokao.cn/www/2.0/schoolspecialplan/1092/2025/31.json?a=www.gaokao.cn,data/shanghai/raw/plan_api/static/2025/1092.json,1
2025,综合,1092,上海电机学院,424123,02,物理、化学(2科必选),080701,电子信息工程,31,7000,四年,https://static-data.gaokao.cn/www/2.0/schoolspecialplan/1092/2025/31.json?a=www.gaokao.cn,data/shanghai/raw/plan_api/static/2025/1092.json,1
2025,综合,1092,上海电机学院,424123,02,物理、化学(2科必选),080703,通信工程,30,7000,四年,https://static-data.gaokao.cn/www/2.0/schoolspecialplan/1092/2025/31.json?a=www.gaokao.cn,data/shanghai/raw/plan_api/static/2025/1092.json,1
2025,综合,1092,上海电机学院,424125,01,物理、化学(2科必选),080601,电气工程及其自动化,30,7000,四年,https://static-data.gaokao.cn/www/2.0/schoolspecialplan/1092/2025/31.json?a=www.gaokao.cn,data/shanghai/raw/plan_api/static/2025/1092.json,1
2025,综合,1092,上海电机学院,424129,03,物理必选,2165549,电气工程及自动化,30,7500,四年,https://static-data.gaokao.cn/www/2.0/schoolspecialplan/1092/2025/31.json?a=www.gaokao.cn,data/shanghai/raw/plan_api/static/2025/1092.json,1
2025,综合,1092,上海电机学院,424123,02,物理、化学(2科必选),080216T,新能源汽车工程,28,7000,四年,https://static-data.gaokao.cn/www/2.0/schoolspecialplan/1092/2025/31.json?a=www.gaokao.cn,data/shanghai/raw/plan_api/static/2025/1092.json,1
2025,综合,1092,上海电机学院,424123,02,物理、化学(2科必选),080705,光电信息科学与工程,27,7000,四年,https://static-data.gaokao.cn/www/2.0/schoolspecialplan/1092/2025/31.json?a=www.gaokao.cn,data/shanghai/raw/plan_api/static/2025/1092.json,1
2025,综合,1092,上海电机学院,424123,02,物理、化学(2科必选),080709T,电子封装技术,25,7000,四年,https://static-data.gaokao.cn/www/2.0/schoolspecialplan/1092/2025/31.json?a=www.gaokao.cn,data/shanghai/raw/plan_api/static/2025/1092.json,1
2025,综合,1092,上海电机学院,424123,02,物理、化学(2科必选),070202,应用物理学,24,7000,四年,https://static-data.gaokao.cn/www/2.0/schoolspecialplan/1092/2025/31.json?a=www.gaokao.cn,data/shanghai/raw/plan_api/static/2025/1092.json,1
2025,综合,1092,上海电机学院,424124,05,物理、化学(2科必选),080601,电气工程及其自动化,21,21000,四年,https://static-data.gaokao.cn/www/2.0/schoolspecialplan/1092/2025/31.json?a=www.gaokao.cn,data/shanghai/raw/plan_api/static/2025/1092.json,0
2025,综合,1092,上海电机学院,424123,02,物理、化学(2科必选),080203,材料成型及控制工程,20,7000,四年,https://static-data.gaokao.cn/www/2.0/schoolspecialplan/1092/2025/31.json?a=www.gaokao.cn,data/shanghai/raw/plan_api/static/2025/1092.json,1
2025,综合,1092,上海电机学院,424124,05,物理、化学(2科必选),080204,机械电子工程,19,21000,四年,https://static-data.gaokao.cn/www/2.0/schoolspecialplan/1092/2025/31.json?a=www.gaokao.cn,data/shanghai/raw/plan_api/static/2025/1092.json,0
2025,综合,1092,上海电机学院,424123,02,物理、化学(2科必选),080205,工业设计,18,7000,四年,https://static-data.gaokao.cn/www/2.0/schoolspecialplan/1092/2025/31.json?a=www.gaokao.cn,data/shanghai/raw/plan_api/static/2025/1092.json,1
2025,综合,1092,上海电机学院,424123,02,物理、化学(2科必选),080401,材料科学与工程,12,7000,四年,https://static-data.gaokao.cn/www/2.0/schoolspecialplan/1092/2025/31.json?a=www.gaokao.cn,data/shanghai/raw/plan_api/static/2025/1092.json,1
2025,综合,1104,武昌首义学院,424131,02,物理、化学(2科必选),080601,电气工程及其自动化,2,22800,四年,https://static-data.gaokao.cn/www/2.0/schoolspecialplan/1104/2025/31.json?a=www.gaokao.cn,data/shanghai/raw/plan_api/static/2025/1104.json,1
2025,综合,1104,武昌首义学院,424131,02,物理、化学(2科必选),080901,计算机科学与技术,1,22800,四年,https://static-data.gaokao.cn/www/2.0/schoolspecialplan/1104/2025/31.json?a=www.gaokao.cn,data/shanghai/raw/plan_api/static/2025/1104.json,1
2025,综合,1104,武昌首义学院,424131,02,物理、化学(2科必选),080710T,集成电路设计与集成系统,1,25800,四年,https://static-data.gaokao.cn/www/2.0/schoolspecialplan/1104/2025/31.json?a=www.gaokao.cn,data/shanghai/raw/plan_api/static/2025/1104.json,1
2025,综合,1104,武昌首义学院,424132,01,不限,050101,汉语言文学,2,22800,四年,https://static-data.gaokao.cn/www/2.0/schoolspecialplan/1104/2025/31.json?a=www.gaokao.cn,data/shanghai/raw/plan_api/static/2025/1104.json,1
2025,综合,1104,武昌首义学院,424132,01,不限,120203K,会计学,1,25800,四年,https://static-data.gaokao.cn/www/2.0/schoolspecialplan/1104/2025/31.json?a=www.gaokao.cn,data/shanghai/raw/plan_api/static/2025/1104.json,1
2025,综合,1104,武昌首义学院,424132,01,不限,030101K,法学,1,22800,四年,https://static-data.gaokao.cn/www/2.0/schoolspecialplan/1104/2025/31.json?a=www.gaokao.cn,data/shanghai/raw/plan_api/static/2025/1104.json,1
2025,综合,1142,山东中医药大学,424136,01,物理、化学(2科必选),100601K,中西医临床医学,1,7900,五年,https://static-data.gaokao.cn/www/2.0/schoolspecialplan/1142/2025/31.json?a=www.gaokao.cn,data/shanghai/raw/plan_api/static/2025/1142.json,1
2025,综合,1142,山东中医药大学,424136,01,物理、化学(2科必选),100502K,针灸推拿学,1,7900,五年,https://static-data.gaokao.cn/www/2.0/schoolspecialplan/1142/2025/31.json?a=www.gaokao.cn,data/shanghai/raw/plan_api/static/2025/1142.json,1
2025,综合,1142,山东中医药大学,424136,01,物理、化学(2科必选),100801,中药学,1,7900,四年,https://static-data.gaokao.cn/www/2.0/schoolspecialplan/1142/2025/31.json?a=www.gaokao.cn,data/shanghai/raw/plan_api/static/2025/1142.json,1
2025,综合,1142,山东中医药大学,424136,01,物理、化学(2科必选),100701,药学,1,7500,四年,https://static-data.gaokao.cn/www/2.0/schoolspecialplan/1142/2025/31.json?a=www.gaokao.cn,data/shanghai/raw/plan_api/static/2025/1142.json,1
2025,综合,1142,山东中医药大学,424136,01,物理、化学(2科必选),100501K,中医学,1,7900,五年,https://static-data.gaokao.cn/www/2.0/schoolspecialplan/1142/2025/31.json?a=www.gaokao.cn,data/shanghai/raw/plan_api/static/2025/1142.json,1
2025,综合,1157,武昌理工学院,424142,02,物理、化学(2科必选),080910T,数据科学与大数据技术,2,62800,四年,https://static-data.gaokao.cn/www/2.0/schoolspecialplan/1157/2025/31.json?a=www.gaokao.cn,data/shanghai/raw/plan_api/static/2025/1157.json,0
2025,综合,1157,武昌理工学院,424144,01,不限,020304,投资学,2,22800,四年,https://static-data.gaokao.cn/www/2.0/schoolspecialplan/1157/2025/31.json?a=www.gaokao.cn,data/shanghai/raw/plan_api/static/2025/1157.json,1
2025,综合,1167,保定理工学院,424145,01,不限,120203K,会计学,6,22000,四年,https://static-data.gaokao.cn/www/2.0/schoolspecialplan/1167/2025/31.json?a=www.gaokao.cn,data/shanghai/raw/plan_api/static/2025/1167.json,1
2025,综合,1167,保定理工学院,424145,01,不限,040107,小学教育,6,20000,四年,https://static-data.gaokao.cn/www/2.0/schoolspecialplan/1167/2025/31.json?a=www.gaokao.cn,data/shanghai/raw/plan_api/static/2025/1167.json,1
2025,综合,1167,保定理工学院,424145,01,不限,020101,经济学,5,22000,四年,https://static-data.gaokao.cn/www/2.0/schoolspecialplan/1167/2025/31.json?a=www.gaokao.cn,data/shanghai/raw/plan_api/static/2025/1167.json,1
2025,综合,1167,保定理工学院,424145,01,不限,020401,国际经济与贸易,3,22000,四年,https://static-data.gaokao.cn/www/2.0/schoolspecialplan/1167/2025/31.json?a=www.gaokao.cn,data/shanghai/raw/plan_api/static/2025/1167.json,1
2025,综合,1167,保定理工学院,424145,01,不限,120204,财务管理,3,22000,四年,https://static-data.gaokao.cn/www/2.0/schoolspecialplan/1167/2025/31.json?a=www.gaokao.cn,data/shanghai/raw/plan_api/static/2025/1167.json,1
2025,综合,1167,保定理工学院,424145,01,不限,050201,英语,3,22000,四年,https://static-data.gaokao.cn/www/2.0/schoolspecialplan/1167/2025/31.json?a=www.gaokao.cn,data/shanghai/raw/plan_api/static/2025/1167.json,1
2025,综合,1167,保定理工学院,424145,01,不限,050262,商务英语,2,20000,四年,https://static-data.gaokao.cn/www/2.0/schoolspecialplan/1167/2025/31.json?a=www.gaokao.cn,data/shanghai/raw/plan_api/static/2025/1167.json,1
2025,综合,1167,保定理工学院,424145,01,不限,040106,学前教育,2,20000,四年,https://static-data.gaokao.cn/www/2.0/schoolspecialplan/1167/2025/31.json?a=www.gaokao.cn,data/shanghai/raw/plan_api/static/2025/1167.json,1
2025,综合,1170,宿迁学院,424148,02,物理、化学(2科必选),080202,机械设计制造及其自动化,1,5800,四年,https://static-data.gaokao.cn/www/2.0/schoolspecialplan/1170/2025/31.json?a=www.gaokao.cn,data/shanghai/raw/plan_api/static/2025/1170.json,1
2025,综合,1170,宿迁学院,424148,02,物理、化学(2科必选),080801,自动化,1,5800,四年,https://static-data.gaokao.cn/www/2.0/schoolspecialplan/1170/2025/31.json?a=www.gaokao.cn,data/shanghai/raw/plan_api/static/2025/1170.json,1
2025,综合,1170,宿迁学院,424148,02,物理、化学(2科必选),080203,材料成型及控制工程,1,5800,四年,https://static-data.gaokao.cn/www/2.0/schoolspecialplan/1170/2025/31.json?a=www.gaokao.cn,data/shanghai/raw/plan_api/static/2025/1170.json,1
2025,综合,1170,宿迁学院,424148,02,物理、化学(2科必选),080401,材料科学与工程,1,5800,四年,https://static-data.gaokao.cn/www/2.0/schoolspecialplan/1170/2025/31.json?a=www.gaokao.cn,data/shanghai/raw/plan_api/static/2025/1170.json,1
2025,综合,1170,宿迁学院,424149,01,不限,120402,行政管理,1,5200,四年,https://static-data.gaokao.cn/www/2.0/schoolspecialplan/1170/2025/31.json?a=www.gaokao.cn,data/shanghai/raw/plan_api/static/2025/1170.json,1
2025,综合,1178,洛阳理工学院,424146,01,不限,120201K,工商管理,4,4400,四年,https://static-data.gaokao.cn/www/2.0/schoolspecialplan/1178/2025/31.json?a=www.gaokao.cn,data/shanghai/raw/plan_api/static/2025/1178.json,1
2025,综合,1178,洛阳理工学院,424146,01,不限,120204,财务管理,4,4400,四年,https://static-data.gaokao.cn/www/2.0/schoolspecialplan/1178/2025/31.json?a=www.gaokao.cn,data/shanghai/raw/plan_api/static/2025/1178.json,1
2025,综合,1196,安徽中医药大学,424151,01,不限,100501K,中医学,1,6325,五年,https://static-data.gaokao.cn/www/2.0/schoolspecialplan/1196/2025/31.json?a=www.gaokao.cn,data/shanghai/raw/plan_api/static/2025/1196.json,1
2025,综合,1196,安徽中医药大学,424151,01,不限,100502K,针灸推拿学,1,6325,五年,https://static-data.gaokao.cn/www/2.0/schoolspecialplan/1196/2025/31.json?a=www.gaokao.cn,data/shanghai/raw/plan_api/static/2025/1196.json,1
2025,综合,1210,山东航空学院,424157,01,不限,120204,财务管理,2,5500,四年,https://static-data.gaokao.cn/www/2.0/schoolspecialplan/1210/2025/31.json?a=www.gaokao.cn,data/shanghai/raw/plan_api/static/2025/1210.json,1
2025,综合,1210,山东航空学院,424167,02,物理、化学(2科必选),081801,交通运输,3,5500,四年,https://static-data.gaokao.cn/www/2.0/schoolspecialplan/1210/2025/31.json?a=www.gaokao.cn,data/shanghai/raw/plan_api/static/2025/1210.json,1
2025,综合,1247,滁州学院,424171,01,不限,120201K,工商管理,3,4600,四年,https://static-data.gaokao.cn/www/2.0/schoolspecialplan/1247/2025/31.json?a=www.gaokao.cn,data/shanghai/raw/plan_api/static/2025/1247.json,1
2025,综合,1247,滁州学院,424171,01,不限,120202,市场营销,3,4600,四年,https://static-data.gaokao.cn/www/2.0/schoolspecialplan/1247/2025/31.json?a=www.gaokao.cn,data/shanghai/raw/plan_api/static/2025/1247.json,1
2025,综合,1247,滁州学院,424171,01,不限,020401,国际经济与贸易,3,4600,四年,https://static-data.gaokao.cn/www/2.0/schoolspecialplan/1247/2025/31.json?a=www.gaokao.cn,data/shanghai/raw/plan_api/static/2025/1247.json,1
2025,综合,1247,滁州学院,424171,01,不限,120901K,旅游管理,2,4600,四年,https://static-data.gaokao.cn/www/2.0/schoolspecialplan/1247/2025/31.json?a=www.gaokao.cn,data/shanghai/raw/plan_api/static/2025/1247.json,1
2025,综合,1247,滁州学院,424171,01,不限,120204,财务管理,2,5060,四年,https://static-data.gaokao.cn/www/2.0/schoolspecialplan/1247/2025/31.json?a=www.gaokao.cn,data/shanghai/raw/plan_api/static/2025/1247.json,1
2025,综合,1247,滁州学院,424171,01,不限,050262,商务英语,1,5060,四年,https://static-data.gaokao.cn/www/2.0/schoolspecialplan/1247/2025/31.json?a=www.gaokao.cn,data/shanghai/raw/plan_api/static/2025/1247.json,1
2025,综合,1247,滁州学院,424171,01,不限,050201,英语,1,4600,四年,https://static-data.gaokao.cn/www/2.0/schoolspecialplan/1247/2025/31.json?a=www.gaokao.cn,data/shanghai/raw/plan_api/static/2025/1247.json,1
2025,综合,1251,梧州学院,424173,01,不限,050101,汉语言文学,1,4200,四年,https://static-data.gaokao.cn/www/2.0/schoolspecialplan/1251/2025/31.json?a=www.gaokao.cn,data/shanghai/raw/plan_api/static/2025/1251.json,1
2025,综合,1251,梧州学院,424173,01,不限,030101K,法学,1,4200,四年,https://static-data.gaokao.cn/www/2.0/schoolspecialplan/1251/2025/31.json?a=www.gaokao.cn,data/shanghai/raw/plan_api/static/2025/1251.json,1
2025,综合,1251,梧州学院,424175,02,物理、化学(2科必选),080705,光电信息科学与工程,1,4593,四年,https://static-data.gaokao.cn/www/2.0/schoolspecialplan/1251/2025/31.json?a=www.gaokao.cn,data/shanghai/raw/plan_api/static/2025/1251.json,1
2025,综合,1251,梧州学院,424175,02,物理、化学(2科必选),080701,电子信息工程,1,4593,四年,https://static-data.gaokao.cn/www/2.0/schoolspecialplan/1251/2025/31.json?a=www.gaokao.cn,data/shanghai/raw/plan_api/static/2025/1251.json,1
2025,综合,1251,梧州学院,424175,02,物理、化学(2科必选),080204,机械电子工程,1,4593,四年,https://static-data.gaokao.cn/www/2.0/schoolspecialplan/1251/2025/31.json?a=www.gaokao.cn,data/shanghai/raw/plan_api/static/2025/1251.json,1
2025,综合,1251,梧州学院,424175,02,物理、化学(2科必选),081303T,资源循环科学与工程,1,4593,四年,https://static-data.gaokao.cn/www/2.0/schoolspecialplan/1251/2025/31.json?a=www.gaokao.cn,data/shanghai/raw/plan_api/static/2025/1251.json,1
2025,综合,1251,梧州学院,424175,02,物理、化学(2科必选),082701,食品科学与工程,1,4596,四年,https://static-data.gaokao.cn/www/2.0/schoolspecialplan/1251/2025/31.json?a=www.gaokao.cn,data/shanghai/raw/plan_api/static/2025/1251.json,1
2025,综合,1251,梧州学院,424175,02,物理、化学(2科必选),080910T,数据科学与大数据技术,1,4590,四年,https://static-data.gaokao.cn/www/2.0/schoolspecialplan/1251/2025/31.json?a=www.gaokao.cn,data/shanghai/raw/plan_api/static/2025/1251.json,1
2025,综合,1291,吉林艺术学院,424180,02,不限,130305,广播电视编导,2,11000,四年,https://static-data.gaokao.cn/www/2.0/schoolspecialplan/1291/2025/31.json?a=www.gaokao.cn,data/shanghai/raw/plan_api/static/2025/1291.json,1
2025,综合,1291,吉林艺术学院,424180,02,不限,130304,戏剧影视文学,1,10000,四年,https://static-data.gaokao.cn/www/2.0/schoolspecialplan/1291/2025/31.json?a=www.gaokao.cn,data/shanghai/raw/plan_api/static/2025/1291.json,1
2025,综合,1291,吉林艺术学院,424181,01,不限,130102T,艺术管理,2,12000,四年,https://static-data.gaokao.cn/www/2.0/schoolspecialplan/1291/2025/31.json?a=www.gaokao.cn,data/shanghai/raw/plan_api/static/2025/1291.json,1
2025,综合,1304,上海外国语大学贤达经济人文学院,424182,01,不限,050262,商务英语,21,68000,四年,https://static-data.gaokao.cn/www/2.0/schoolspecialplan/1304/2025/31.json?a=www.gaokao.cn,data/shanghai/raw/plan_api/static/2025/1304.json,1
2025,综合,1304,上海外国语大学贤达经济人文学院,424182,01,不限,050206,阿拉伯语,20,38000,四年,https://static-data.gaokao.cn/www/2.0/schoolspecialplan/1304/2025/31.json?a=www.gaokao.cn,data/shanghai/raw/plan_api/static/2025/1304.json,1
2025,综合,1304,上海外国语大学贤达经济人文学院,424182,01,不限,050204,法语,10,56000,四年,https://static-data.gaokao.cn/www/2.0/schoolspecialplan/1304/2025/31.json?a=www.gaokao.cn,data/shanghai/raw/plan_api/static/2025/1304.json,1
2025,综合,1304,上海外国语大学贤达经济人文学院,424182,01,不限,050203,德语,5,56000,四年,https://static-data.gaokao.cn/www/2.0/schoolspecialplan/1304/2025/31.json?a=www.gaokao.cn,data/shanghai/raw/plan_api/static/2025/1304.json,1
2025,综合,1304,上海外国语大学贤达经济人文学院,424182,01,不限,050207,日语,12,38000,四年,https://static-data.gaokao.cn/www/2.0/schoolspecialplan/1304/2025/31.json?a=www.gaokao.cn,data/shanghai/raw/plan_api/static/2025/1304.json,1
2025,综合,1304,上海外国语大学贤达经济人文学院,424182,01,不限,050201,英语,12,38000,四年,https://static-data.gaokao.cn/www/2.0/schoolspecialplan/1304/2025/31.json?a=www.gaokao.cn,data/shanghai/raw/plan_api/static/2025/1304.json,1
2025,综合,1304,上海外国语大学贤达经济人文学院,424182,01,不限,050205,西班牙语,10,68000,四年,https://static-data.gaokao.cn/www/2.0/schoolspecialplan/1304/2025/31.json?a=www.gaokao.cn,data/shanghai/raw/plan_api/static/2025/1304.json,1
2025,综合,1304,上海外国语大学贤达经济人文学院,424182,01,不限,050209,朝鲜语,5,38000,四年,https://static-data.gaokao.cn/www/2.0/schoolspecialplan/1304/2025/31.json?a=www.gaokao.cn,data/shanghai/raw/plan_api/static/2025/1304.json,1
2025,综合,1304,上海外国语大学贤达经济人文学院,424182,01,不限,050261,翻译,5,56000,四年,https://static-data.gaokao.cn/www/2.0/schoolspecialplan/1304/2025/31.json?a=www.gaokao.cn,data/shanghai/raw/plan_api/static/2025/1304.json,1
2025,综合,1304,上海外国语大学贤达经济人文学院,424185,04,物理必选,120108T,大数据管理与应用,65,56000,四年,https://static-data.gaokao.cn/www/2.0/schoolspecialplan/1304/2025/31.json?a=www.gaokao.cn,data/shanghai/raw/plan_api/static/2025/1304.json,1
2025,综合,1304,上海外国语大学贤达经济人文学院,424183,02,不限,040105,艺术教育,40,45000,四年,https://static-data.gaokao.cn/www/2.0/schoolspecialplan/1304/2025/31.json?a=www.gaokao.cn,data/shanghai/raw/plan_api/static/2025/1304.json,1
2025,综合,1304,上海外国语大学贤达经济人文学院,424185,04,物理必选,020310T,金融科技,31,56000,四年,https://static-data.gaokao.cn/www/2.0/schoolspecialplan/1304/2025/31.json?a=www.gaokao.cn,data/shanghai/raw/plan_api/static/2025/1304.json,1
2025,综合,1304,上海外国语大学贤达经济人文学院,424188,05,物理、化学(2科必选),071203T,数据科学,28,56000,四年,https://static-data.gaokao.cn/www/2.0/schoolspecialplan/1304/2025/31.json?a=www.gaokao.cn,data/shanghai/raw/plan_api/static/2025/1304.json,1
2025,综合,1304,上海外国语大学贤达经济人文学院,424187,03,不限,020401,国际经济与贸易,25,68000,四年,https://static-data.gaokao.cn/www/2.0/schoolspecialplan/1304/2025/31.json?a=www.gaokao.cn,data/shanghai/raw/plan_api/static/2025/1304.json,1
2025,综合,1304,上海外国语大学贤达经济人文学院,424187,03,不限,120203K,会计学,24,68000,四年,https://static-data.gaokao.cn/www/2.0/schoolspecialplan/1304/2025/31.json?a=www.gaokao.cn,data/shanghai/raw/plan_api/static/2025/1304.json,1
2025,综合,1304,上海外国语大学贤达经济人文学院,424183,02,不限,050301,新闻学,25,38000,四年,https://static-data.gaokao.cn/www/2.0/schoolspecialplan/1304/2025/31.json?a=www.gaokao.cn,data/shanghai/raw/plan_api/static/2025/1304.json,1
2025,综合,1304,上海外国语大学贤达经济人文学院,424187,03,不限,020301K,金融学,20,68000,四年,https://static-data.gaokao.cn/www/2.0/schoolspecialplan/1304/2025/31.json?a=www.gaokao.cn,data/shanghai/raw/plan_api/static/2025/1304.json,1
2025,综合,1304,上海外国语大学贤达经济人文学院,424187,03,不限,030101K,法学,20,56000,四年,https://static-data.gaokao.cn/www/2.0/schoolspecialplan/1304/2025/31.json?a=www.gaokao.cn,data/shanghai/raw/plan_api/static/2025/1304.json,1
2025,综合,1304,上海外国语大学贤达经济人文学院,424183,02,不限,020301K,金融学,15,38000,四年,https://static-data.gaokao.cn/www/2.0/schoolspecialplan/1304/2025/31.json?a=www.gaokao.cn,data/shanghai/raw/plan_api/static/2025/1304.json,1
2025,综合,1304,上海外国语大学贤达经济人文学院,424183,02,不限,120210,文化产业管理,14,38000,四年,https://static-data.gaokao.cn/www/2.0/schoolspecialplan/1304/2025/31.json?a=www.gaokao.cn,data/shanghai/raw/plan_api/static/2025/1304.json,1
2025,综合,1304,上海外国语大学贤达经济人文学院,424183,02,不限,050303,广告学,13,38000,四年,https://static-data.gaokao.cn/www/2.0/schoolspecialplan/1304/2025/31.json?a=www.gaokao.cn,data/shanghai/raw/plan_api/static/2025/1304.json,1
2025,综合,1304,上海外国语大学贤达经济人文学院,424187,03,不限,040106,学前教育,13,45000,四年,https://static-data.gaokao.cn/www/2.0/schoolspecialplan/1304/2025/31.json?a=www.gaokao.cn,data/shanghai/raw/plan_api/static/2025/1304.json,1
2025,综合,1304,上海外国语大学贤达经济人文学院,424183,02,不限,120201K,工商管理,12,38000,四年,https://static-data.gaokao.cn/www/2.0/schoolspecialplan/1304/2025/31.json?a=www.gaokao.cn,data/shanghai/raw/plan_api/static/2025/1304.json,1
2025,综合,1304,上海外国语大学贤达经济人文学院,424183,02,不限,020401,国际经济与贸易,12,38000,四年,https://static-data.gaokao.cn/www/2.0/schoolspecialplan/1304/2025/31.json?a=www.gaokao.cn,data/shanghai/raw/plan_api/static/2025/1304.json,1
2025,综合,1304,上海外国语大学贤达经济人文学院,424187,03,不限,120201K,工商管理,10,68000,四年,https://static-data.gaokao.cn/www/2.0/schoolspecialplan/1304/2025/31.json?a=www.gaokao.cn,data/shanghai/raw/plan_api/static/2025/1304.json,1
2025,综合,1304,上海外国语大学贤达经济人文学院,424183,02,不限,120901K,旅游管理,10,38000,四年,https://static-data.gaokao.cn/www/2.0/schoolspecialplan/1304/2025/31.json?a=www.gaokao.cn,data/shanghai/raw/plan_api/static/2025/1304.json,1
2025,综合,1304,上海外国语大学贤达经济人文学院,424183,02,不限,120203K,会计学,10,38000,四年,https://static-data.gaokao.cn/www/2.0/schoolspecialplan/1304/2025/31.json?a=www.gaokao.cn,data/shanghai/raw/plan_api/static/2025/1304.json,1
2025,综合,1304,上海外国语大学贤达经济人文学院,424183,02,不限,030101K,法学,10,38000,四年,https://static-data.gaokao.cn/www/2.0/schoolspecialplan/1304/2025/31.json?a=www.gaokao.cn,data/shanghai/raw/plan_api/static/2025/1304.json,1
2025,综合,1304,上海外国语大学贤达经济人文学院,424187,03,不限,120903,会展经济与管理,10,56000,四年,https://static-data.gaokao.cn/www/2.0/schoolspecialplan/1304/2025/31.json?a=www.gaokao.cn,data/shanghai/raw/plan_api/static/2025/1304.json,1
2025,综合,1304,上海外国语大学贤达经济人文学院,424187,03,不限,050301,新闻学,5,56000,四年,https://static-data.gaokao.cn/www/2.0/schoolspecialplan/1304/2025/31.json?a=www.gaokao.cn,data/shanghai/raw/plan_api/static/2025/1304.json,1
2025,综合,1329,三亚学院,424190,03,历史、思想政治(2科必选),030503,思想政治教育,2,33900,四年,https://static-data.gaokao.cn/www/2.0/schoolspecialplan/1329/2025/31.json?a=www.gaokao.cn,data/shanghai/raw/plan_api/static/2025/1329.json,1
2025,综合,1329,三亚学院,424195,01,不限,030301,社会学,2,33900,四年,https://static-data.gaokao.cn/www/2.0/schoolspecialplan/1329/2025/31.json?a=www.gaokao.cn,data/shanghai/raw/plan_api/static/2025/1329.json,1
2025,综合,1329,三亚学院,424195,01,不限,030302,社会工作,2,33900,四年,https://static-data.gaokao.cn/www/2.0/schoolspecialplan/1329/2025/31.json?a=www.gaokao.cn,data/shanghai/raw/plan_api/static/2025/1329.json,1
2025,综合,1329,三亚学院,424194,04,不限,020401,国际经济与贸易,2,60000,四年,https://static-data.gaokao.cn/www/2.0/schoolspecialplan/1329/2025/31.json?a=www.gaokao.cn,data/shanghai/raw/plan_api/static/2025/1329.json,0
2025,综合,1329,三亚学院,424195,01,不限,050306T,网络与新媒体,2,36900,四年,https://static-data.gaokao.cn/www/2.0/schoolspecialplan/1329/2025/31.json?a=www.gaokao.cn,data/shanghai/raw/plan_api/static/2025/1329.json,1
2025,综合,1329,三亚学院,424192,02,物理必选,020310T,金融科技,2,48000,四年,https://static-data.gaokao.cn/www/2.0/schoolspecialplan/1329/2025/31.json?a=www.gaokao.cn,data/shanghai/raw/plan_api/static/2025/1329.json,0
2025,综合,1329,三亚学院,424192,02,物理必选,020109T,数字经济,2,48000,四年,https://static-data.gaokao.cn/www/2.0/schoolspecialplan/1329/2025/31.json?a=www.gaokao.cn,data/shanghai/raw/plan_api/static/2025/1329.json,0
2025,综合,1329,三亚学院,424195,01,不限,050308T,时尚传播,2,36900,四年,https://static-data.gaokao.cn/www/2.0/schoolspecialplan/1329/2025/31.json?a=www.gaokao.cn,data/shanghai/raw/plan_api/static/2025/1329.json,1
2025,综合,1329,三亚学院,424195,01,不限,120903,会展经济与管理,1,31900,四年,https://static-data.gaokao.cn/www/2.0/schoolspecialplan/1329/2025/31.json?a=www.gaokao.cn,data/shanghai/raw/plan_api/static/2025/1329.json,1
2025,综合,1403,无锡学院,424200,04,物理、化学(2科必选),080905,物联网工程,2,,四年,https://static-data.gaokao.cn/www/2.0/schoolspecialplan/1403/2025/31.json?a=www.gaokao.cn,data/shanghai/raw/plan_api/static/2025/1403.json,0
2025,综合,1403,无锡学院,424200,04,物理、化学(2科必选),080910T,数据科学与大数据技术,2,,四年,https://static-data.gaokao.cn/www/2.0/schoolspecialplan/1403/2025/31.json?a=www.gaokao.cn,data/shanghai/raw/plan_api/static/2025/1403.json,0
2025,综合,1403,无锡学院,424200,04,物理、化学(2科必选),080701,电子信息工程,2,,四年,https://static-data.gaokao.cn/www/2.0/schoolspecialplan/1403/2025/31.json?a=www.gaokao.cn,data/shanghai/raw/plan_api/static/2025/1403.json,0
2025,综合,1403,无锡学院,424205,03,不限,120203K,会计学,2,5200,四年,https://static-data.gaokao.cn/www/2.0/schoolspecialplan/1403/2025/31.json?a=www.gaokao.cn,data/shanghai/raw/plan_api/static/2025/1403.json,1
2025,综合,1403,无锡学院,424203,01,物理、化学(2科必选),080901,计算机科学与技术,2,5800,四年,https://static-data.gaokao.cn/www/2.0/schoolspecialplan/1403/2025/31.json?a=www.gaokao.cn,data/shanghai/raw/plan_api/static/2025/1403.json,1
2025,综合,1403,无锡学院,424203,01,物理、化学(2科必选),080702,电子科学与技术,2,5800,四年,https://static-data.gaokao.cn/www/2.0/schoolspecialplan/1403/2025/31.json?a=www.gaokao.cn,data/shanghai/raw/plan_api/static/2025/1403.json,1
2025,综合,1403,无锡学院,424203,01,物理、化学(2科必选),080204,机械电子工程,2,5800,四年,https://static-data.gaokao.cn/www/2.0/schoolspecialplan/1403/2025/31.json?a=www.gaokao.cn,data/shanghai/raw/plan_api/static/2025/1403.json,1
2025,综合,1403,无锡学院,424203,01,物理、化学(2科必选),080710T,集成电路设计与集成系统,2,5800,四年,https://static-data.gaokao.cn/www/2.0/schoolspecialplan/1403/2025/31.json?a=www.gaokao.cn,data/shanghai/raw/plan_api/static/2025/1403.json,1
2025,综合,1403,无锡学院,424201,02,物理必选,020109T,数字经济,2,5200,四年,https://static-data.gaokao.cn/www/2.0/schoolspecialplan/1403/2025/31.json?a=www.gaokao.cn,data/shanghai/raw/plan_api/static/2025/1403.json,1
2025,综合,1409,长春建筑学院,424206,01,不限,120204,财务管理,2,25000,四年,https://static-data.gaokao.cn/www/2.0/schoolspecialplan/1409/2025/31.json?a=www.gaokao.cn,data/shanghai/raw/plan_api/static/2025/1409.json,1
2025,综合,1469,上海视觉艺术学院,424216,01,不限,130305,广播电视编导,35,68000,四年,https://static-data.gaokao.cn/www/2.0/schoolspecialplan/1469/2025/31.json?a=www.gaokao.cn,data/shanghai/raw/plan_api/static/2025/1469.json,1
2025,综合,1469,上海视觉艺术学院,424216,01,不限,130304,戏剧影视文学,21,68000,四年,https://static-data.gaokao.cn/www/2.0/schoolspecialplan/1469/2025/31.json?a=www.gaokao.cn,data/shanghai/raw/plan_api/static/2025/1469.json,1
2025,综合,1469,上海视觉艺术学院,424217,02,不限,120210,文化产业管理,64,40000,四年,https://static-data.gaokao.cn/www/2.0/schoolspecialplan/1469/2025/31.json?a=www.gaokao.cn,data/shanghai/raw/plan_api/static/2025/1469.json,1
2025,综合,1476,重庆移通学院,424221,01,不限,020309T,互联网金融,3,15000,四年,https://static-data.gaokao.cn/www/2.0/schoolspecialplan/1476/2025/31.json?a=www.gaokao.cn,data/shanghai/raw/plan_api/static/2025/1476.json,1
2025,综合,1476,重庆移通学院,424222,02,物理、化学(2科必选),080601,电气工程及其自动化,2,45000,四年,https://static-data.gaokao.cn/www/2.0/schoolspecialplan/1476/2025/31.json?a=www.gaokao.cn,data/shanghai/raw/plan_api/static/2025/1476.json,0
2025,综合,1518,河南城建学院,424223,01,不限,082802,城乡规划,5,5000,五年,https://static-data.gaokao.cn/www/2.0/schoolspecialplan/1518/2025/31.json?a=www.gaokao.cn,data/shanghai/raw/plan_api/static/2025/1518.json,1
2025,综合,1518,河南城建学院,424223,01,不限,120204,财务管理,5,4400,四年,https://static-data.gaokao.cn/www/2.0/schoolspecialplan/1518/2025/31.json?a=www.gaokao.cn,data/shanghai/raw/plan_api/static/2025/1518.json,1
2025,综合,1544,南通理工学院,424225,02,物理必选,120105,工程造价,4,25300,四年,https://static-data.gaokao.cn/www/2.0/schoolspecialplan/1544/2025/31.json?a=www.gaokao.cn,data/shanghai/raw/plan_api/static/2025/1544.json,1
2025,综合,1544,南通理工学院,424225,02,物理必选,120702T,标准化工程,4,25300,四年,https://static-data.gaokao.cn/www/2.0/schoolspecialplan/1544/2025/31.json?a=www.gaokao.cn,data/shanghai/raw/plan_api/static/2025/1544.json,1
2025,综合,1544,南通理工学院,424225,02,物理必选,020302,金融工程,4,25300,四年,https://static-data.gaokao.cn/www/2.0/schoolspecialplan/1544/2025/31.json?a=www.gaokao.cn,data/shanghai/raw/plan_api/static/2025/1544.json,1
2025,综合,1544,南通理工学院,424225,02,物理必选,020109T,数字经济,4,28600,四年,https://static-data.gaokao.cn/www/2.0/schoolspecialplan/1544/2025/31.json?a=www.gaokao.cn,data/shanghai/raw/plan_api/static/2025/1544.json,1
2025,综合,1544,南通理工学院,424226,01,不限,120204,财务管理,4,25300,四年,https://static-data.gaokao.cn/www/2.0/schoolspecialplan/1544/2025/31.json?a=www.gaokao.cn,data/shanghai/raw/plan_api/static/2025/1544.json,1
2025,综合,1544,南通理工学院,424226,01,不限,120902,酒店管理,4,25300,四年,https://static-data.gaokao.cn/www/2.0/schoolspecialplan/1544/2025/31.json?a=www.gaokao.cn,data/shanghai/raw/plan_api/static/2025/1544.json,1
2025,综合,1544,南通理工学院,424226,01,不限,120202,市场营销,4,25300,四年,https://static-data.gaokao.cn/www/2.0/schoolspecialplan/1544/2025/31.json?a=www.gaokao.cn,data/shanghai/raw/plan_api/static/2025/1544.json,1
2025,综合,1549,大连财经学院,424224,01,不限,020301K,金融学,1,29000,四年,https://static-data.gaokao.cn/www/2.0/schoolspecialplan/1549/2025/31.json?a=www.gaokao.cn,data/shanghai/raw/plan_api/static/2025/1549.json,1
2025,综合,1549,大连财经学院,424224,01,不限,120203K,会计学,1,29000,四年,https://static-data.gaokao.cn/www/2.0/schoolspecialplan/1549/2025/31.json?a=www.gaokao.cn,data/shanghai/raw/plan_api/static/2025/1549.json,1
2025,综合,1549,大连财经学院,424224,01,不限,030101K,法学,1,29000,四年,https://static-data.gaokao.cn/www/2.0/schoolspecialplan/1549/2025/31.json?a=www.gaokao.cn,data/shanghai/raw/plan_api/static/2025/1549.json,1
2025,综合,1549,大连财经学院,424224,01,不限,020303,保险学,1,29000,四年,https://static-data.gaokao.cn/www/2.0/schoolspecialplan/1549/2025/31.json?a=www.gaokao.cn,data/shanghai/raw/plan_api/static/2025/1549.json,1
2025,综合,1549,大连财经学院,424224,01,不限,020304,投资学,1,29000,四年,https://static-data.gaokao.cn/www/2.0/schoolspecialplan/1549/2025/31.json?a=www.gaokao.cn,data/shanghai/raw/plan_api/static/2025/1549.json,1
2025,综合,1549,大连财经学院,424224,01,不限,050102,汉语言,1,29000,四年,https://static-data.gaokao.cn/www/2.0/schoolspecialplan/1549/2025/31.json?a=www.gaokao.cn,data/shanghai/raw/plan_api/static/2025/1549.json,1
2025,综合,1549,大连财经学院,424224,01,不限,020309T,互联网金融,1,29000,四年,https://static-data.gaokao.cn/www/2.0/schoolspecialplan/1549/2025/31.json?a=www.gaokao.cn,data/shanghai/raw/plan_api/static/2025/1549.json,1
2025,综合,1549,大连财经学院,424227,02,物理必选,120105,工程造价,1,29000,四年,https://static-data.gaokao.cn/www/2.0/schoolspecialplan/1549/2025/31.json?a=www.gaokao.cn,data/shanghai/raw/plan_api/static/2025/1549.json,1
2025,综合,1549,大连财经学院,424227,02,物理必选,120108T,大数据管理与应用,1,29000,四年,https://static-data.gaokao.cn/www/2.0/schoolspecialplan/1549/2025/31.json?a=www.gaokao.cn,data/shanghai/raw/plan_api/static/2025/1549.json,1
2025,综合,1549,大连财经学院,424227,02,物理必选,020109T,数字经济,1,29000,四年,https://static-data.gaokao.cn/www/2.0/schoolspecialplan/1549/2025/31.json?a=www.gaokao.cn,data/shanghai/raw/plan_api/static/2025/1549.json,1
2025,综合,1570,贵州师范学院,424228,02,物、化、生(3科必选),080910T,数据科学与大数据技术,3,4200,四年,https://static-data.gaokao.cn/www/2.0/schoolspecialplan/1570/2025/31.json?a=www.gaokao.cn,data/shanghai/raw/plan_api/static/2025/1570.json,1
2025,综合,1570,贵州师范学院,424231,01,物、化、生(3科必选),080901,计算机科学与技术,2,4200,四年,https://static-data.gaokao.cn/www/2.0/schoolspecialplan/1570/2025/31.json?a=www.gaokao.cn,data/shanghai/raw/plan_api/static/2025/1570.json,1
2025,综合,1604,吉林工商学院,424233,01,不限,020301K,金融学,2,5280,四年,https://static-data.gaokao.cn/www/2.0/schoolspecialplan/1604/2025/31.json?a=www.gaokao.cn,data/shanghai/raw/plan_api/static/2025/1604.json,1
2025,综合,1604,吉林工商学院,424233,01,不限,120201K,工商管理,1,4800,四年,https://static-data.gaokao.cn/www/2.0/schoolspecialplan/1604/2025/31.json?a=www.gaokao.cn,data/shanghai/raw/plan_api/static/2025/1604.json,1
2025,综合,1604,吉林工商学院,424233,01,不限,120203K,会计学,1,7000,四年,https://static-data.gaokao.cn/www/2.0/schoolspecialplan/1604/2025/31.json?a=www.gaokao.cn,data/shanghai/raw/plan_api/static/2025/1604.json,1
2025,综合,1604,吉林工商学院,424233,01,不限,020101,经济学,1,4800,四年,https://static-data.gaokao.cn/www/2.0/schoolspecialplan/1604/2025/31.json?a=www.gaokao.cn,data/shanghai/raw/plan_api/static/2025/1604.json,1
2025,综合,1604,吉林工商学院,424233,01,不限,120208,资产评估,1,4800,四年,https://static-data.gaokao.cn/www/2.0/schoolspecialplan/1604/2025/31.json?a=www.gaokao.cn,data/shanghai/raw/plan_api/static/2025/1604.json,1
2025,综合,1604,吉林工商学院,424234,02,物理、化学(2科必选),080901,计算机科学与技术,1,5400,四年,https://static-data.gaokao.cn/www/2.0/schoolspecialplan/1604/2025/31.json?a=www.gaokao.cn,data/shanghai/raw/plan_api/static/2025/1604.json,1
2025,综合,1638,吕梁学院,424235,02,物理、化学(2科必选),080901,计算机科学与技术,2,4950,四年,https://static-data.gaokao.cn/www/2.0/schoolspecialplan/1638/2025/31.json?a=www.gaokao.cn,data/shanghai/raw/plan_api/static/2025/1638.json,1
2025,综合,1638,吕梁学院,424235,02,物理、化学(2科必选),081302,制药工程,1,5280,四年,https://static-data.gaokao.cn/www/2.0/schoolspecialplan/1638/2025/31.json?a=www.gaokao.cn,data/shanghai/raw/plan_api/static/2025/1638.json,1
2025,综合,1638,吕梁学院,424236,01,历史必选,050101,汉语言文学,1,4950,四年,https://static-data.gaokao.cn/www/2.0/schoolspecialplan/1638/2025/31.json?a=www.gaokao.cn,data/shanghai/raw/plan_api/static/2025/1638.json,1
2025,综合,1638,吕梁学院,424236,01,历史必选,050301,新闻学,1,4950,四年,https://static-data.gaokao.cn/www/2.0/schoolspecialplan/1638/2025/31.json?a=www.gaokao.cn,data/shanghai/raw/plan_api/static/2025/1638.json,1
2025,综合,1919,新乡学院,424247,01,物理、化学(2科必选),080217T,增材制造工程,2,5000,四年,https://static-data.gaokao.cn/www/2.0/schoolspecialplan/1919/2025/31.json?a=www.gaokao.cn,data/shanghai/raw/plan_api/static/2025/1919.json,1
2025,综合,1919,新乡学院,424247,01,物理、化学(2科必选),080910T,数据科学与大数据技术,1,5000,四年,https://static-data.gaokao.cn/www/2.0/schoolspecialplan/1919/2025/31.json?a=www.gaokao.cn,data/shanghai/raw/plan_api/static/2025/1919.json,1
2025,综合,2066,新疆工程学院,424258,01,物理、化学(2科必选),080905,物联网工程,5,8500,四年,https://static-data.gaokao.cn/www/2.0/schoolspecialplan/2066/2025/31.json?a=www.gaokao.cn,data/shanghai/raw/plan_api/static/2025/2066.json,1
2025,综合,2066,新疆工程学院,424258,01,物理、化学(2科必选),080801,自动化,4,3500,四年,https://static-data.gaokao.cn/www/2.0/schoolspecialplan/2066/2025/31.json?a=www.gaokao.cn,data/shanghai/raw/plan_api/static/2025/2066.json,1
2025,综合,2066,新疆工程学院,424258,01,物理、化学(2科必选),080501,能源与动力工程,3,3500,四年,https://static-data.gaokao.cn/www/2.0/schoolspecialplan/2066/2025/31.json?a=www.gaokao.cn,data/shanghai/raw/plan_api/static/2025/2066.json,1
2025,综合,2066,新疆工程学院,424258,01,物理、化学(2科必选),080703,通信工程,3,8500,四年,https://static-data.gaokao.cn/www/2.0/schoolspecialplan/2066/2025/31.json?a=www.gaokao.cn,data/shanghai/raw/plan_api/static/2025/2066.json,1
2025,综合,2066,新疆工程学院,424258,01,物理、化学(2科必选),080301,测控技术与仪器,3,3500,四年,https://static-data.gaokao.cn/www/2.0/schoolspecialplan/2066/2025/31.json?a=www.gaokao.cn,data/shanghai/raw/plan_api/static/2025/2066.json,1
2025,综合,2066,新疆工程学院,424258,01,物理、化学(2科必选),080803T,机器人工程,3,3500,四年,https://static-data.gaokao.cn/www/2.0/schoolspecialplan/2066/2025/31.json?a=www.gaokao.cn,data/shanghai/raw/plan_api/static/2025/2066.json,1
2025,综合,2066,新疆工程学院,424258,01,物理、化学(2科必选),082012T,飞行器运维工程,3,16000,四年,https://static-data.gaokao.cn/www/2.0/schoolspecialplan/2066/2025/31.json?a=www.gaokao.cn,data/shanghai/raw/plan_api/static/2025/2066.json,1
2025,综合,2066,新疆工程学院,424258,01,物理、化学(2科必选),080601,电气工程及其自动化,2,3500,四年,https://static-data.gaokao.cn/www/2.0/schoolspecialplan/2066/2025/31.json?a=www.gaokao.cn,data/shanghai/raw/plan_api/static/2025/2066.json,1
2025,综合,2066,新疆工程学院,424258,01,物理、化学(2科必选),080503T,新能源科学与工程,2,3500,四年,https://static-data.gaokao.cn/www/2.0/schoolspecialplan/2066/2025/31.json?a=www.gaokao.cn,data/shanghai/raw/plan_api/static/2025/2066.json,1
2025,综合,2066,新疆工程学院,424258,01,物理、化学(2科必选),080717T,人工智能,2,3500,四年,https://static-data.gaokao.cn/www/2.0/schoolspecialplan/2066/2025/31.json?a=www.gaokao.cn,data/shanghai/raw/plan_api/static/2025/2066.json,1
2025,综合,2093,济宁学院,424259,02,物理、化学(2科必选),083002T,生物制药,5,5500,四年,https://static-data.gaokao.cn/www/2.0/schoolspecialplan/2093/2025/31.json?a=www.gaokao.cn,data/shanghai/raw/plan_api/static/2025/2093.json,1
2025,综合,2093,济宁学院,424260,01,物理必选,020302,金融工程,5,5500,四年,https://static-data.gaokao.cn/www/2.0/schoolspecialplan/2093/2025/31.json?a=www.gaokao.cn,data/shanghai/raw/plan_api/static/2025/2093.json,1
2025,综合,2135,齐鲁医药学院,424261,02,物理、化学(2科必选),100201K,临床医学,2,22500,五年,https://static-data.gaokao.cn/www/2.0/schoolspecialplan/2135/2025/31.json?a=www.gaokao.cn,data/shanghai/raw/plan_api/static/2025/2135.json,1
2025,综合,2135,齐鲁医药学院,424261,02,物理、化学(2科必选),100301K,口腔医学,2,29800,五年,https://static-data.gaokao.cn/www/2.0/schoolspecialplan/2135/2025/31.json?a=www.gaokao.cn,data/shanghai/raw/plan_api/static/2025/2135.json,1
2025,综合,2135,齐鲁医药学院,424261,02,物理、化学(2科必选),083002T,生物制药,2,18500,四年,https://static-data.gaokao.cn/www/2.0/schoolspecialplan/2135/2025/31.json?a=www.gaokao.cn,data/shanghai/raw/plan_api/static/2025/2135.json,1
2025,综合,2135,齐鲁医药学院,424261,02,物理、化学(2科必选),100701,药学,1,19000,四年,https://static-data.gaokao.cn/www/2.0/schoolspecialplan/2135/2025/31.json?a=www.gaokao.cn,data/shanghai/raw/plan_api/static/2025/2135.json,1
2025,综合,2135,齐鲁医药学院,424261,02,物理、化学(2科必选),082601,生物医学工程,1,18500,四年,https://static-data.gaokao.cn/www/2.0/schoolspecialplan/2135/2025/31.json?a=www.gaokao.cn,data/shanghai/raw/plan_api/static/2025/2135.json,1
2025,综合,2135,齐鲁医药学院,424262,01,化学必选,101101K,护理学,2,19000,四年,https://static-data.gaokao.cn/www/2.0/schoolspecialplan/2135/2025/31.json?a=www.gaokao.cn,data/shanghai/raw/plan_api/static/2025/2135.json,1
2025,综合,2314,长春财经学院,424282,01,不限,020301K,金融学,2,26800,四年,https://static-data.gaokao.cn/www/2.0/schoolspecialplan/2314/2025/31.json?a=www.gaokao.cn,data/shanghai/raw/plan_api/static/2025/2314.json,1
2025,综合,2346,辽宁何氏医学院,424286,01,物理、化学(2科必选),101004,眼视光学,4,29000,四年,https://static-data.gaokao.cn/www/2.0/schoolspecialplan/2346/2025/31.json?a=www.gaokao.cn,data/shanghai/raw/plan_api/static/2025/2346.json,1
2025,综合,2346,辽宁何氏医学院,424286,01,物理、化学(2科必选),100201K,临床医学,4,29000,五年,https://static-data.gaokao.cn/www/2.0/schoolspecialplan/2346/2025/31.json?a=www.gaokao.cn,data/shanghai/raw/plan_api/static/2025/2346.json,1
2025,综合,2346,辽宁何氏医学院,424286,01,物理、化学(2科必选),100701,药学,3,29000,四年,https://static-data.gaokao.cn/www/2.0/schoolspecialplan/2346/2025/31.json?a=www.gaokao.cn,data/shanghai/raw/plan_api/static/2025/2346.json,1
2025,综合,2346,辽宁何氏医学院,424286,01,物理、化学(2科必选),101011T,智能医学工程,2,29000,四年,https://static-data.gaokao.cn/www/2.0/schoolspecialplan/2346/2025/31.json?a=www.gaokao.cn,data/shanghai/raw/plan_api/static/2025/2346.json,1
2025,综合,2346,辽宁何氏医学院,424286,01,物理、化学(2科必选),082601,生物医学工程,2,29000,四年,https://static-data.gaokao.cn/www/2.0/schoolspecialplan/2346/2025/31.json?a=www.gaokao.cn,data/shanghai/raw/plan_api/static/2025/2346.json,1
2025,综合,2391,湖州学院,424291,01,不限,050101,汉语言文学,10,5500,四年,https://static-data.gaokao.cn/www/2.0/schoolspecialplan/2391/2025/31.json?a=www.gaokao.cn,data/shanghai/raw/plan_api/static/2025/2391.json,1
2025,综合,2391,湖州学院,424291,01,不限,120803T,跨境电子商务,10,4800,四年,https://static-data.gaokao.cn/www/2.0/schoolspecialplan/2391/2025/31.json?a=www.gaokao.cn,data/shanghai/raw/plan_api/static/2025/2391.json,1
2025,综合,2391,湖州学院,424291,01,不限,120904T,旅游管理与服务教育,10,4800,四年,https://static-data.gaokao.cn/www/2.0/schoolspecialplan/2391/2025/31.json?a=www.gaokao.cn,data/shanghai/raw/plan_api/static/2025/2391.json,1
2025,综合,2391,湖州学院,424291,01,不限,120604T,供应链管理,10,4800,四年,https://static-data.gaokao.cn/www/2.0/schoolspecialplan/2391/2025/31.json?a=www.gaokao.cn,data/shanghai/raw/plan_api/static/2025/2391.json,1
2025,综合,2391,湖州学院,424291,01,不限,050303,广告学,5,4800,四年,https://static-data.gaokao.cn/www/2.0/schoolspecialplan/2391/2025/31.json?a=www.gaokao.cn,data/shanghai/raw/plan_api/static/2025/2391.json,1
2025,综合,2391,湖州学院,424291,01,不限,050306T,网络与新媒体,5,4800,四年,https://static-data.gaokao.cn/www/2.0/schoolspecialplan/2391/2025/31.json?a=www.gaokao.cn,data/shanghai/raw/plan_api/static/2025/2391.json,1
2025,综合,2432,赣东学院,424312,01,不限,030101K,法学,2,3880,四年,https://static-data.gaokao.cn/www/2.0/schoolspecialplan/2432/2025/31.json?a=www.gaokao.cn,data/shanghai/raw/plan_api/static/2025/2432.json,1
2025,综合,2432,赣东学院,424312,01,不限,050306T,网络与新媒体,2,3880,四年,https://static-data.gaokao.cn/www/2.0/schoolspecialplan/2432/2025/31.json?a=www.gaokao.cn,data/shanghai/raw/plan_api/static/2025/2432.json,1
2025,综合,2432,赣东学院,424312,01,不限,120203K,会计学,2,3880,四年,https://static-data.gaokao.cn/www/2.0/schoolspecialplan/2432/2025/31.json?a=www.gaokao.cn,data/shanghai/raw/plan_api/static/2025/2432.json,1
2025,综合,2432,赣东学院,424312,01,不限,120204,财务管理,2,3880,四年,https://static-data.gaokao.cn/www/2.0/schoolspecialplan/2432/2025/31.json?a=www.gaokao.cn,data/shanghai/raw/plan_api/static/2025/2432.json,1
2025,综合,2432,赣东学院,424312,01,不限,020401,国际经济与贸易,1,3880,四年,https://static-data.gaokao.cn/www/2.0/schoolspecialplan/2432/2025/31.json?a=www.gaokao.cn,data/shanghai/raw/plan_api/static/2025/2432.json,1
2025,综合,2432,赣东学院,424327,02,物理、化学(2科必选),080703,通信工程,1,4350,四年,https://static-data.gaokao.cn/www/2.0/schoolspecialplan/2432/2025/31.json?a=www.gaokao.cn,data/shanghai/raw/plan_api/static/2025/2432.json,1
2025,综合,2459,武汉文理学院,424328,02,物理、化学(2科必选),080717T,人工智能,2,20900,四年,https://static-data.gaokao.cn/www/2.0/schoolspecialplan/2459/2025/31.json?a=www.gaokao.cn,data/shanghai/raw/plan_api/static/2025/2459.json,1
2025,综合,2459,武汉文理学院,424328,02,物理、化学(2科必选),080202,机械设计制造及其自动化,1,18000,四年,https://static-data.gaokao.cn/www/2.0/schoolspecialplan/2459/2025/31.json?a=www.gaokao.cn,data/shanghai/raw/plan_api/static/2025/2459.json,1
2025,综合,2459,武汉文理学院,424328,02,物理、化学(2科必选),080701,电子信息工程,1,17000,四年,https://static-data.gaokao.cn/www/2.0/schoolspecialplan/2459/2025/31.json?a=www.gaokao.cn,data/shanghai/raw/plan_api/static/2025/2459.json,1
2025,综合,2459,武汉文理学院,424328,02,物理、化学(2科必选),101003,医学影像技术,1,23000,四年,https://static-data.gaokao.cn/www/2.0/schoolspecialplan/2459/2025/31.json?a=www.gaokao.cn,data/shanghai/raw/plan_api/static/2025/2459.json,1
2025,综合,2459,武汉文理学院,424328,02,物理、化学(2科必选),101006,口腔医学技术,1,23000,四年,https://static-data.gaokao.cn/www/2.0/schoolspecialplan/2459/2025/31.json?a=www.gaokao.cn,data/shanghai/raw/plan_api/static/2025/2459.json,1
2025,综合,2459,武汉文理学院,424329,01,不限,030101K,法学,2,18700,四年,https://static-data.gaokao.cn/www/2.0/schoolspecialplan/2459/2025/31.json?a=www.gaokao.cn,data/shanghai/raw/plan_api/static/2025/2459.json,1
2025,综合,2475,岳阳学院,424330,01,不限,120901K,旅游管理,2,22000,四年,https://static-data.gaokao.cn/www/2.0/schoolspecialplan/2475/2025/31.json?a=www.gaokao.cn,data/shanghai/raw/plan_api/static/2025/2475.json,1
2025,综合,2475,岳阳学院,424330,01,不限,020401,国际经济与贸易,2,22000,四年,https://static-data.gaokao.cn/www/2.0/schoolspecialplan/2475/2025/31.json?a=www.gaokao.cn,data/shanghai/raw/plan_api/static/2025/2475.json,1
2025,综合,2475,岳阳学院,424330,01,不限,120203K,会计学,2,22000,四年,https://static-data.gaokao.cn/www/2.0/schoolspecialplan/2475/2025/31.json?a=www.gaokao.cn,data/shanghai/raw/plan_api/static/2025/2475.json,1
2025,综合,2475,岳阳学院,424330,01,不限,120206,人力资源管理,2,22000,四年,https://static-data.gaokao.cn/www/2.0/schoolspecialplan/2475/2025/31.json?a=www.gaokao.cn,data/shanghai/raw/plan_api/static/2025/2475.json,1
2025,综合,2475,岳阳学院,424330,01,不限,120801,电子商务,2,22000,四年,https://static-data.gaokao.cn/www/2.0/schoolspecialplan/2475/2025/31.json?a=www.gaokao.cn,data/shanghai/raw/plan_api/static/2025/2475.json,1
2025,综合,2487,新疆理工学院,424332,03,物理、化学(2科必选),080901,计算机科学与技术,3,3500,四年,https://static-data.gaokao.cn/www/2.0/schoolspecialplan/2487/2025/31.json?a=www.gaokao.cn,data/shanghai/raw/plan_api/static/2025/2487.json,1
2025,综合,2487,新疆理工学院,424332,03,物理、化学(2科必选),082709T,食品安全与检测,3,3500,四年,https://static-data.gaokao.cn/www/2.0/schoolspecialplan/2487/2025/31.json?a=www.gaokao.cn,data/shanghai/raw/plan_api/static/2025/2487.json,1
2025,综合,2487,新疆理工学院,424332,03,物理、化学(2科必选),080301,测控技术与仪器,3,3500,四年,https://static-data.gaokao.cn/www/2.0/schoolspecialplan/2487/2025/31.json?a=www.gaokao.cn,data/shanghai/raw/plan_api/static/2025/2487.json,1
2025,综合,2487,新疆理工学院,424332,03,物理、化学(2科必选),080906,数字媒体技术,3,3500,四年,https://static-data.gaokao.cn/www/2.0/schoolspecialplan/2487/2025/31.json?a=www.gaokao.cn,data/shanghai/raw/plan_api/static/2025/2487.json,1
2025,综合,2487,新疆理工学院,424332,03,物理、化学(2科必选),100402,食品卫生与营养学,2,3500,四年,https://static-data.gaokao.cn/www/2.0/schoolspecialplan/2487/2025/31.json?a=www.gaokao.cn,data/shanghai/raw/plan_api/static/2025/2487.json,1
2025,综合,2487,新疆理工学院,424332,03,物理、化学(2科必选),080204,机械电子工程,2,3500,四年,https://static-data.gaokao.cn/www/2.0/schoolspecialplan/2487/2025/31.json?a=www.gaokao.cn,data/shanghai/raw/plan_api/static/2025/2487.json,1
2025,综合,2487,新疆理工学院,424332,03,物理、化学(2科必选),070102,信息与计算科学,2,3500,四年,https://static-data.gaokao.cn/www/2.0/schoolspecialplan/2487/2025/31.json?a=www.gaokao.cn,data/shanghai/raw/plan_api/static/2025/2487.json,1
2025,综合,2487,新疆理工学院,424332,03,物理、化学(2科必选),080202,机械设计制造及其自动化,2,3500,四年,https://static-data.gaokao.cn/www/2.0/schoolspecialplan/2487/2025/31.json?a=www.gaokao.cn,data/shanghai/raw/plan_api/static/2025/2487.json,1
2025,综合,2487,新疆理工学院,424332,03,物理、化学(2科必选),080703,通信工程,2,3500,四年,https://static-data.gaokao.cn/www/2.0/schoolspecialplan/2487/2025/31.json?a=www.gaokao.cn,data/shanghai/raw/plan_api/static/2025/2487.json,1
2025,综合,2487,新疆理工学院,424332,03,物理、化学(2科必选),080206,过程装备与控制工程,2,3500,四年,https://static-data.gaokao.cn/www/2.0/schoolspecialplan/2487/2025/31.json?a=www.gaokao.cn,data/shanghai/raw/plan_api/static/2025/2487.json,1
2025,综合,2487,新疆理工学院,424332,03,物理、化学(2科必选),080601,电气工程及其自动化,2,3500,四年,https://static-data.gaokao.cn/www/2.0/schoolspecialplan/2487/2025/31.json?a=www.gaokao.cn,data/shanghai/raw/plan_api/static/2025/2487.json,1
2025,综合,2487,新疆理工学院,424332,03,物理、化学(2科必选),080902,软件工程,2,3500,四年,https://static-data.gaokao.cn/www/2.0/schoolspecialplan/2487/2025/31.json?a=www.gaokao.cn,data/shanghai/raw/plan_api/static/2025/2487.json,1
2025,综合,2487,新疆理工学院,424332,03,物理、化学(2科必选),080907T,智能科学与技术,2,3500,四年,https://static-data.gaokao.cn/www/2.0/schoolspecialplan/2487/2025/31.json?a=www.gaokao.cn,data/shanghai/raw/plan_api/static/2025/2487.json,1
2025,综合,2487,新疆理工学院,424332,03,物理、化学(2科必选),081001,土木工程,2,3500,四年,https://static-data.gaokao.cn/www/2.0/schoolspecialplan/2487/2025/31.json?a=www.gaokao.cn,data/shanghai/raw/plan_api/static/2025/2487.json,1
2025,综合,2487,新疆理工学院,424332,03,物理、化学(2科必选),081304T,能源化学工程,2,3500,四年,https://static-data.gaokao.cn/www/2.0/schoolspecialplan/2487/2025/31.json?a=www.gaokao.cn,data/shanghai/raw/plan_api/static/2025/2487.json,1
2025,综合,2487,新疆理工学院,424332,03,物理、化学(2科必选),082707T,食品营养与检验教育,2,3500,四年,https://static-data.gaokao.cn/www/2.0/schoolspecialplan/2487/2025/31.json?a=www.gaokao.cn,data/shanghai/raw/plan_api/static/2025/2487.json,1
2025,综合,2487,新疆理工学院,424332,03,物理、化学(2科必选),080505T,能源服务工程,2,3500,四年,https://static-data.gaokao.cn/www/2.0/schoolspecialplan/2487/2025/31.json?a=www.gaokao.cn,data/shanghai/raw/plan_api/static/2025/2487.json,1
2025,综合,2487,新疆理工学院,424332,03,物理、化学(2科必选),080803T,机器人工程,2,3500,四年,https://static-data.gaokao.cn/www/2.0/schoolspecialplan/2487/2025/31.json?a=www.gaokao.cn,data/shanghai/raw/plan_api/static/2025/2487.json,1
2025,综合,2487,新疆理工学院,424332,03,物理、化学(2科必选),080504T,储能科学与工程,2,3500,四年,https://static-data.gaokao.cn/www/2.0/schoolspecialplan/2487/2025/31.json?a=www.gaokao.cn,data/shanghai/raw/plan_api/static/2025/2487.json,1
2025,综合,2487,新疆理工学院,424332,03,物理、化学(2科必选),080711T,医学信息工程,2,3500,四年,https://static-data.gaokao.cn/www/2.0/schoolspecialplan/2487/2025/31.json?a=www.gaokao.cn,data/shanghai/raw/plan_api/static/2025/2487.json,1
2025,综合,2487,新疆理工学院,424332,03,物理、化学(2科必选),080203,材料成型及控制工程,2,3500,四年,https://static-data.gaokao.cn/www/2.0/schoolspecialplan/2487/2025/31.json?a=www.gaokao.cn,data/shanghai/raw/plan_api/static/2025/2487.json,1
2025,综合,2487,新疆理工学院,424332,03,物理、化学(2科必选),080403,材料化学,2,3500,四年,https://static-data.gaokao.cn/www/2.0/schoolspecialplan/2487/2025/31.json?a=www.gaokao.cn,data/shanghai/raw/plan_api/static/2025/2487.json,1
2025,综合,2487,新疆理工学院,424332,03,物理、化学(2科必选),070202,应用物理学,2,3500,四年,https://static-data.gaokao.cn/www/2.0/schoolspecialplan/2487/2025/31.json?a=www.gaokao.cn,data/shanghai/raw/plan_api/static/2025/2487.json,1
2025,综合,2487,新疆理工学院,424332,03,物理、化学(2科必选),080502T,能源与环境系统工程,2,3500,四年,https://static-data.gaokao.cn/www/2.0/schoolspecialplan/2487/2025/31.json?a=www.gaokao.cn,data/shanghai/raw/plan_api/static/2025/2487.json,1
2025,综合,2487,新疆理工学院,424332,03,物理、化学(2科必选),080701,电子信息工程,2,3500,四年,https://static-data.gaokao.cn/www/2.0/schoolspecialplan/2487/2025/31.json?a=www.gaokao.cn,data/shanghai/raw/plan_api/static/2025/2487.json,1
2025,综合,2487,新疆理工学院,424332,03,物理、化学(2科必选),081106T,智慧水利,2,3500,四年,https://static-data.gaokao.cn/www/2.0/schoolspecialplan/2487/2025/31.json?a=www.gaokao.cn,data/shanghai/raw/plan_api/static/2025/2487.json,1
2025,综合,2487,新疆理工学院,424332,03,物理、化学(2科必选),081301,化学工程与工艺,2,3500,四年,https://static-data.gaokao.cn/www/2.0/schoolspecialplan/2487/2025/31.json?a=www.gaokao.cn,data/shanghai/raw/plan_api/static/2025/2487.json,1
2025,综合,2487,新疆理工学院,424333,02,物理必选,120602,物流工程,2,3500,四年,https://static-data.gaokao.cn/www/2.0/schoolspecialplan/2487/2025/31.json?a=www.gaokao.cn,data/shanghai/raw/plan_api/static/2025/2487.json,1
2025,综合,2487,新疆理工学院,424333,02,物理必选,020301K,金融学,2,3200,四年,https://static-data.gaokao.cn/www/2.0/schoolspecialplan/2487/2025/31.json?a=www.gaokao.cn,data/shanghai/raw/plan_api/static/2025/2487.json,1
2025,综合,2487,新疆理工学院,424333,02,物理必选,120103,工程管理,2,3500,四年,https://static-data.gaokao.cn/www/2.0/schoolspecialplan/2487/2025/31.json?a=www.gaokao.cn,data/shanghai/raw/plan_api/static/2025/2487.json,1
2025,综合,2487,新疆理工学院,424335,01,不限,050202,俄语,1,3800,四年,https://static-data.gaokao.cn/www/2.0/schoolspecialplan/2487/2025/31.json?a=www.gaokao.cn,data/shanghai/raw/plan_api/static/2025/2487.json,0
2025,综合,2491,成都大学,424337,04,物理、化学(2科必选),080701,电子信息工程,2,5980,四年,https://static-data.gaokao.cn/www/2.0/schoolspecialplan/2491/2025/31.json?a=www.gaokao.cn,data/shanghai/raw/plan_api/static/2025/2491.json,1
2025,综合,2491,成都大学,424337,04,物理、化学(2科必选),080902,软件工程,2,5980,四年,https://static-data.gaokao.cn/www/2.0/schoolspecialplan/2491/2025/31.json?a=www.gaokao.cn,data/shanghai/raw/plan_api/static/2025/2491.json,1
2025,综合,2491,成都大学,424340,03,历史必选,050101,汉语言文学,2,5520,四年,https://static-data.gaokao.cn/www/2.0/schoolspecialplan/2491/2025/31.json?a=www.gaokao.cn,data/shanghai/raw/plan_api/static/2025/2491.json,1
2025,综合,2491,成都大学,424339,01,不限,120203K,会计学,2,5520,四年,https://static-data.gaokao.cn/www/2.0/schoolspecialplan/2491/2025/31.json?a=www.gaokao.cn,data/shanghai/raw/plan_api/static/2025/2491.json,1
2025,综合,2491,成都大学,424342,02,物理必选,020310T,金融科技,2,5520,四年,https://static-data.gaokao.cn/www/2.0/schoolspecialplan/2491/2025/31.json?a=www.gaokao.cn,data/shanghai/raw/plan_api/static/2025/2491.json,1
2025,综合,2494,四川传媒学院,424336,03,物理、化学(2科必选),080707T,广播电视工程,1,18020,四年,https://static-data.gaokao.cn/www/2.0/schoolspecialplan/2494/2025/31.json?a=www.gaokao.cn,data/shanghai/raw/plan_api/static/2025/2494.json,1
2025,综合,2494,四川传媒学院,424336,03,物理、化学(2科必选),080913T,电影制作,1,17000,四年,https://static-data.gaokao.cn/www/2.0/schoolspecialplan/2494/2025/31.json?a=www.gaokao.cn,data/shanghai/raw/plan_api/static/2025/2494.json,1
2025,综合,2494,四川传媒学院,424341,02,不限,130305,广播电视编导,2,20000,四年,https://static-data.gaokao.cn/www/2.0/schoolspecialplan/2494/2025/31.json?a=www.gaokao.cn,data/shanghai/raw/plan_api/static/2025/2494.json,1
2025,综合,2494,四川传媒学院,424338,01,不限,050301,新闻学,2,18020,四年,https://static-data.gaokao.cn/www/2.0/schoolspecialplan/2494/2025/31.json?a=www.gaokao.cn,data/shanghai/raw/plan_api/static/2025/2494.json,1
2025,综合,2494,四川传媒学院,424338,01,不限,050107T,秘书学,1,18020,四年,https://static-data.gaokao.cn/www/2.0/schoolspecialplan/2494/2025/31.json?a=www.gaokao.cn,data/shanghai/raw/plan_api/static/2025/2494.json,1
2025,综合,2523,滇池学院,424349,01,不限,030101K,法学,2,22000,四年,https://static-data.gaokao.cn/www/2.0/schoolspecialplan/2523/2025/31.json?a=www.gaokao.cn,data/shanghai/raw/plan_api/static/2025/2523.json,1
2025,综合,2523,滇池学院,424349,01,不限,050201,英语,2,20000,四年,https://static-data.gaokao.cn/www/2.0/schoolspecialplan/2523/2025/31.json?a=www.gaokao.cn,data/shanghai/raw/plan_api/static/2025/2523.json,1
2025,综合,2523,滇池学院,424349,01,不限,020301K,金融学,1,22000,四年,https://static-data.gaokao.cn/www/2.0/schoolspecialplan/2523/2025/31.json?a=www.gaokao.cn,data/shanghai/raw/plan_api/static/2025/2523.json,1
2025,综合,2523,滇池学院,424349,01,不限,020401,国际经济与贸易,1,22000,四年,https://static-data.gaokao.cn/www/2.0/schoolspecialplan/2523/2025/31.json?a=www.gaokao.cn,data/shanghai/raw/plan_api/static/2025/2523.json,1
2025,综合,2523,滇池学院,424349,01,不限,030302,社会工作,1,22000,四年,https://static-data.gaokao.cn/www/2.0/schoolspecialplan/2523/2025/31.json?a=www.gaokao.cn,data/shanghai/raw/plan_api/static/2025/2523.json,1
2025,综合,2523,滇池学院,424349,01,不限,120206,人力资源管理,1,22000,四年,https://static-data.gaokao.cn/www/2.0/schoolspecialplan/2523/2025/31.json?a=www.gaokao.cn,data/shanghai/raw/plan_api/static/2025/2523.json,1
2025,综合,2523,滇池学院,424352,04,物理、化学(2科必选),080902,软件工程,2,22000,四年,https://static-data.gaokao.cn/www/2.0/schoolspecialplan/2523/2025/31.json?a=www.gaokao.cn,data/shanghai/raw/plan_api/static/2025/2523.json,1
2025,综合,2523,滇池学院,424351,03,历史必选,050101,汉语言文学,1,20000,四年,https://static-data.gaokao.cn/www/2.0/schoolspecialplan/2523/2025/31.json?a=www.gaokao.cn,data/shanghai/raw/plan_api/static/2025/2523.json,0
2025,综合,2523,滇池学院,424350,02,物理必选,120103,工程管理,1,22000,四年,https://static-data.gaokao.cn/www/2.0/schoolspecialplan/2523/2025/31.json?a=www.gaokao.cn,data/shanghai/raw/plan_api/static/2025/2523.json,1
2025,综合,2543,南京传媒学院,424362,01,不限,130305,广播电视编导,12,35000,四年,https://static-data.gaokao.cn/www/2.0/schoolspecialplan/2543/2025/31.json?a=www.gaokao.cn,data/shanghai/raw/plan_api/static/2025/2543.json,1
2025,综合,2543,南京传媒学院,424362,01,不限,0503,新闻传播学类,5,27800,四年,https://static-data.gaokao.cn/www/2.0/schoolspecialplan/2543/2025/31.json?a=www.gaokao.cn,data/shanghai/raw/plan_api/static/2025/2543.json,1
2025,综合,2543,南京传媒学院,424362,01,不限,050309T,国际新闻与传播,2,27800,四年,https://static-data.gaokao.cn/www/2.0/schoolspecialplan/2543/2025/31.json?a=www.gaokao.cn,data/shanghai/raw/plan_api/static/2025/2543.json,1
2025,综合,2543,南京传媒学院,424362,01,不限,050308T,时尚传播,2,27800,四年,https://static-data.gaokao.cn/www/2.0/schoolspecialplan/2543/2025/31.json?a=www.gaokao.cn,data/shanghai/raw/plan_api/static/2025/2543.json,1
2025,综合,2543,南京传媒学院,424362,01,不限,120803T,跨境电子商务,2,25300,四年,https://static-data.gaokao.cn/www/2.0/schoolspecialplan/2543/2025/31.json?a=www.gaokao.cn,data/shanghai/raw/plan_api/static/2025/2543.json,1
2025,综合,2543,南京传媒学院,424366,02,不限,130305,广播电视编导,10,27600,四年,https://static-data.gaokao.cn/www/2.0/schoolspecialplan/2543/2025/31.json?a=www.gaokao.cn,data/shanghai/raw/plan_api/static/2025/2543.json,0
2025,综合,2604,衢州学院,424374,01,物理、化学(2科必选),081008T,智能建造,3,5500,四年,https://static-data.gaokao.cn/www/2.0/schoolspecialplan/2604/2025/31.json?a=www.gaokao.cn,data/shanghai/raw/plan_api/static/2025/2604.json,1
2025,综合,2604,衢州学院,424374,01,物理、化学(2科必选),080717T,人工智能,2,5500,四年,https://static-data.gaokao.cn/www/2.0/schoolspecialplan/2604/2025/31.json?a=www.gaokao.cn,data/shanghai/raw/plan_api/static/2025/2604.json,1
2025,综合,2604,衢州学院,424374,01,物理、化学(2科必选),080407,高分子材料与工程,2,5500,四年,https://static-data.gaokao.cn/www/2.0/schoolspecialplan/2604/2025/31.json?a=www.gaokao.cn,data/shanghai/raw/plan_api/static/2025/2604.json,1
2025,综合,2631,新疆政法学院,424376,01,不限,030101K,法学,2,3100,四年,https://static-data.gaokao.cn/www/2.0/schoolspecialplan/2631/2025/31.json?a=www.gaokao.cn,data/shanghai/raw/plan_api/static/2025/2631.json,1
2025,综合,2631,新疆政法学院,424376,01,不限,120201K,工商管理,2,3200,四年,https://static-data.gaokao.cn/www/2.0/schoolspecialplan/2631/2025/31.json?a=www.gaokao.cn,data/shanghai/raw/plan_api/static/2025/2631.json,1
2025,综合,2889,南昌师范学院,424383,01,不限,120801,电子商务,2,3880,四年,https://static-data.gaokao.cn/www/2.0/schoolspecialplan/2889/2025/31.json?a=www.gaokao.cn,data/shanghai/raw/plan_api/static/2025/2889.json,1
2025,综合,3188,温州肯恩大学,424389,02,物理、化学(2科必选),080901,计算机科学与技术,6,68000,四年,https://static-data.gaokao.cn/www/2.0/schoolspecialplan/3188/2025/31.json?a=www.gaokao.cn,data/shanghai/raw/plan_api/static/2025/3188.json,1
2025,综合,3188,温州肯恩大学,424389,02,物理、化学(2科必选),071001,生物科学,3,68000,四年,https://static-data.gaokao.cn/www/2.0/schoolspecialplan/3188/2025/31.json?a=www.gaokao.cn,data/shanghai/raw/plan_api/static/2025/3188.json,1
2025,综合,3188,温州肯恩大学,424389,02,物理、化学(2科必选),070101,数学与应用数学,2,68000,四年,https://static-data.gaokao.cn/www/2.0/schoolspecialplan/3188/2025/31.json?a=www.gaokao.cn,data/shanghai/raw/plan_api/static/2025/3188.json,1
2025,综合,3188,温州肯恩大学,424390,01,不限,120203K,会计学,3,68000,四年,https://static-data.gaokao.cn/www/2.0/schoolspecialplan/3188/2025/31.json?a=www.gaokao.cn,data/shanghai/raw/plan_api/static/2025/3188.json,1
2025,综合,3188,温州肯恩大学,424390,01,不限,020301K,金融学,2,68000,四年,https://static-data.gaokao.cn/www/2.0/schoolspecialplan/3188/2025/31.json?a=www.gaokao.cn,data/shanghai/raw/plan_api/static/2025/3188.json,1
2025,综合,3188,温州肯恩大学,424390,01,不限,050304,传播学,2,68000,四年,https://static-data.gaokao.cn/www/2.0/schoolspecialplan/3188/2025/31.json?a=www.gaokao.cn,data/shanghai/raw/plan_api/static/2025/3188.json,1
2025,综合,3188,温州肯恩大学,424390,01,不限,071101,心理学,2,68000,四年,https://static-data.gaokao.cn/www/2.0/schoolspecialplan/3188/2025/31.json?a=www.gaokao.cn,data/shanghai/raw/plan_api/static/2025/3188.json,1
2025,综合,3188,温州肯恩大学,424390,01,不限,020101,经济学,2,68000,四年,https://static-data.gaokao.cn/www/2.0/schoolspecialplan/3188/2025/31.json?a=www.gaokao.cn,data/shanghai/raw/plan_api/static/2025/3188.json,1
2025,综合,3188,温州肯恩大学,424390,01,不限,120205,国际商务,1,68000,四年,https://static-data.gaokao.cn/www/2.0/schoolspecialplan/3188/2025/31.json?a=www.gaokao.cn,data/shanghai/raw/plan_api/static/2025/3188.json,1
2025,综合,3427,复旦大学上海医学院,424404,Q2,物理、化学(2科必选),1462683,医学试验班,3,7400,四年,https://static-data.gaokao.cn/www/2.0/schoolspecialplan/3427/2025/31.json?a=www.gaokao.cn,data/shanghai/raw/plan_api/static/2025/3427.json,0
2025,综合,3427,复旦大学上海医学院,424405,Q3,生物必选,101101K,护理学,10,7400,四年,https://static-data.gaokao.cn/www/2.0/schoolspecialplan/3427/2025/31.json?a=www.gaokao.cn,data/shanghai/raw/plan_api/static/2025/3427.json,0
2025,综合,3427,复旦大学上海医学院,424407,01,物理、化学(2科必选),100201K,临床医学,1,7400,八年,https://static-data.gaokao.cn/www/2.0/schoolspecialplan/3427/2025/31.json?a=www.gaokao.cn,data/shanghai/raw/plan_api/static/2025/3427.json,1
2025,综合,3731,青海理工学院,424414,02,物理、化学(2科必选),070601,大气科学,2,5000,四年,https://static-data.gaokao.cn/www/2.0/schoolspecialplan/3731/2025/31.json?a=www.gaokao.cn,data/shanghai/raw/plan_api/static/2025/3731.json,1
2025,综合,3731,青海理工学院,424414,02,物理、化学(2科必选),081202,遥感科学与技术,2,5200,四年,https://static-data.gaokao.cn/www/2.0/schoolspecialplan/3731/2025/31.json?a=www.gaokao.cn,data/shanghai/raw/plan_api/static/2025/3731.json,1
2025,综合,3731,青海理工学院,424414,02,物理、化学(2科必选),080601,电气工程及其自动化,2,5200,四年,https://static-data.gaokao.cn/www/2.0/schoolspecialplan/3731/2025/31.json?a=www.gaokao.cn,data/shanghai/raw/plan_api/static/2025/3731.json,1
2025,综合,3731,青海理工学院,424414,02,物理、化学(2科必选),080717T,人工智能,2,5200,四年,https://static-data.gaokao.cn/www/2.0/schoolspecialplan/3731/2025/31.json?a=www.gaokao.cn,data/shanghai/raw/plan_api/static/2025/3731.json,1
2025,综合,3731,青海理工学院,424415,01,物理必选,020310T,金融科技,2,4500,四年,https://static-data.gaokao.cn/www/2.0/schoolspecialplan/3731/2025/31.json?a=www.gaokao.cn,data/shanghai/raw/plan_api/static/2025/3731.json,1
