major_name,major_code,discipline_category,major_category,length,degree,popular_value,fresh_salary,top_city,top_position,top_industry,subject_suggestion,summary,learn_what,career_direction,source_url
计算机科学与技术,080901,工学,计算机类,四年,理学学士、工学学士,5769535,7200,北京市,后端开发,IT软件,物理+化学 / 物理+化学+生物,本专业培养具有良好的科学素养，系统地、较好地掌握计算机科学与技术包括计算机硬件、软件与应用的基本理论、基本知识和基本技能与方法，能在科研部门、教育单位、企业、事业、技术和行政管理部门等单位从事计算机教学、科学研究和应用的计算机科学与技术学科的高级专门科学技术人才；要求学生掌握计算机科学与技术方面的基本理论和基本知识，接受从事研究与应用计算机的基本训练，具有研究和开发计算机系统的基本能力。,《C++程序设计》、《Java语言程序设计》、《数据库系统原理》、《计算机网络原理》、《计算机系统结构》、《数据结构》、《操作系统》、《软件工程》、《离散数学》 部分高校按以下专业方向培养：NET、JAVA、大数据、云计算、软件工程、金融信息化、嵌入式软件、传媒设计与制作、计算机网络技术、移动互联网信息与技术。,软件工程师，公务员(中央国家机关)，公务员(省级机关)，公务员(地市级机关)，公务员(区县级及以下机关)，事业单位人员，IT项目经理/主管，IT技术支持/维护工程师，银行会计/柜员，软件测试，大学教师，网页(WEB)前端开发工程师,https://p.qianwen.com/major/tab?app=index&collegesTab=allColleges&webCompassApp=true&q=%E8%AE%A1%E7%AE%97%E6%9C%BA%E7%A7%91%E5%AD%A6%E4%B8%8E%E6%8A%80%E6%9C%AF%E4%B8%93%E4%B8%9A&entry=gaokao_channel&device=pc
软件工程,080902,工学,计算机类,四年,工学学士,4092846,7800,北京市,后端开发,IT软件,物理+化学 / 物理+化学+生物,软件工程是研究大规模软件开发方法、工具和管理的一门工程科学，其特点是按工程化的原则和方法来组织和规范软件开发过程，软件工程技术则主要研究与软件开发各个工作流程相关的、先进实用的软件开发方法、技术和工具；软件工程技术专业面向国民经济电子信息化建设和发展的需要，培养具有扎实的软件理论和知识基础，对整个软件过程有整体了解、掌握软件工程领域的前沿技术，具有国际竞争能力，能从事大型软件项目系统分析、设计、编程、测试和软件项目管理等工作的复合型、实用型的高层次软件工程技术人才；主要涵盖软件工程学科和计算机学科的基本理论、基础知识、基本技能的研究，软件的分析与开发，计算机应用系统、计算机网络系统的设计与开发等专业内容。,《C/C++程序设计》、《Java语言程序设计》、《软件工程》、《电路与模拟电子技术》、《Linux操作系统与网络编程》、《WEB技术与应用》、《数据结构与算法》、《数据库开发技术》、《算法分析》、《人工智能技术》 部分高校按以下专业方向培养：JAVA、大数据、云计算、软件设计、数字媒体、金融软件开发、嵌入式应用开发、软件开发与测试、移动互联网开发、移动设备应用开发。,软件工程师，公务员(中央国家机关)，公务员(省级机关)，公务员(地市级机关)，公务员(区县级及以下机关)，IT技术支持/维护工程师，手机软件开发工程师，考研，软件测试，银行会计/柜员，事业单位人员,https://p.qianwen.com/major/tab?app=index&collegesTab=allColleges&webCompassApp=true&q=%E8%BD%AF%E4%BB%B6%E5%B7%A5%E7%A8%8B%E4%B8%93%E4%B8%9A&entry=gaokao_channel&device=pc
数字媒体技术,080906,工学,计算机类,四年,工学学士,1848470,7800,华东地区,视觉/交互设计,互联网,物理 / 物理+化学,本专业培养具有扎实的自然科学和外语基础知识，掌握虚拟现实、计算机动画、互动媒体、影视编辑、网络游戏、手机游戏等数字媒体相关的基本理论与方法，具有一定的艺术修养，能综合运用所学知识与技能去分析、设计、制造数字媒体产品的复合型高级技术应用人才；学生主要学习数字信息处理与传播、数字媒体设计和开发等方面的专业知识，熟悉信息传播理论、数字出版流程和数字媒体艺术设计，接受软件工程和数字媒体技术实践的基本训练，未来能够在虚拟现实、互动新媒体、影视动画、游戏设计、手机应用、平面媒体、网络媒体等文化创意相关行业，从事各类数字媒体产品的设计、制作、开发、应用、运行管理等方面的工作。,《素描实习》、《游戏设计基础》、《计算机三维建模》、《网页制作与脚本编程》、《Flash编程技术》、《数字媒体后期制作》、《动画插件编程》、《动画渲染》、《计算机美术基础》、《计算机图形学原理》 部分高校按以下专业方向培养：游戏开发、移动媒体开发、游戏设计技术、动漫设计与制作、动漫与影视后期制作、数字影视动画技术与应用、虚拟现实及游戏开发技术。,软件工程师，事业单位人员，后期制作，公务员(中央国家机关)，公务员(省级机关)，网页设计/制作/美工，公务员(区县级及以下机关)，游戏设计/开发，考研，平面设计，公务员(地市级机关),https://p.qianwen.com/major/tab?app=index&collegesTab=allColleges&webCompassApp=true&q=%E6%95%B0%E5%AD%97%E5%AA%92%E4%BD%93%E6%8A%80%E6%9C%AF%E4%B8%93%E4%B8%9A&entry=gaokao_channel&device=pc
物联网工程,080905,工学,计算机类,四年,工学学士,1401779,8400,深圳市,,,物理+化学,本专业学生主要学习计算机、电子、通信和自动化等相关学科的基本理论和基本知识；系统地掌握物联网技术领域的基本理论与基本知识、物联网体系结构、物联网感知与标识的基本理论与技术、物联网信息处理技术和物联网安全技术等专业知识，掌握物联网系统的软硬件设计和开发能力，具备在物联网系统及其应用方面进行综合研究、开发和集成的能力；未来可从事物联网及互联网的协议标准与系统、通信架构、无线传感器、信息安全等的综合设计、开发、应用、管理与维护工作，或可继续深造，在高校或科研机构从事研究和教学工作。,《嵌入式原理及应用》、《无线传感器网络》、《汇编语言与微机原理》、《传感器微操作系统原理与设计》、《应用密码学》、《光电子物理基础》、《模拟电子技术》、《数字建模》、《微处理器系统设计》、《物联网信息处理技术》 部分高校按以下专业方向培养：电商物联网、移动嵌入式、智能机器人、物联网大数据采集与分析。,手机软件开发工程师，IT技术支持/维护工程师，手机软件开发工程师，高中教师，考研,https://p.qianwen.com/major/tab?app=index&collegesTab=allColleges&webCompassApp=true&q=%E7%89%A9%E8%81%94%E7%BD%91%E5%B7%A5%E7%A8%8B%E4%B8%93%E4%B8%9A&entry=gaokao_channel&device=pc
数据科学与大数据技术,080910T,工学,计算机类,四年,理学学士、工学学士,1132456,,,,,物理+化学 / 物理+化学+生物,数据科学与大数据技术主要研究计算机科学和大数据处理技术等相关的知识和技能，从大数据应用的三个主要层面（即数据管理、系统开发、海量数据分析与挖掘）出发，对实际问题进行分析和解决。例如：今日头条通过算法匹配个人更偏爱的信息内容，淘宝根据消费者日常购买行为等数据进行商品推荐，电子地图根据过往交通情况数据为车辆规划最优路线等。 关键词：大数据 分析 算法 匹配。,《数据结构》、《数据库原理与应用》、《计算机操作系统》、《计算机网络》、《Java语言程序设计》、《Python语言程序设计》、《大数据算法》、《人工智能》、《数据建模》、《大数据平台核心技术》。,IT类企业：大数据技术、大数据研究、数据管理、数据挖掘、算法工程、应用开发。,https://p.qianwen.com/major/tab?app=index&collegesTab=allColleges&webCompassApp=true&q=%E6%95%B0%E6%8D%AE%E7%A7%91%E5%AD%A6%E4%B8%8E%E5%A4%A7%E6%95%B0%E6%8D%AE%E6%8A%80%E6%9C%AF%E4%B8%93%E4%B8%9A&entry=gaokao_channel&device=pc
信息安全,080904K,工学,计算机类,四年,理学学士、工学学士、管理学学士,1113255,8200,北京市,后端开发,IT软件,物理+化学 / 物理+化学+生物,本专业是计算机、通信、数学、法律、管理等学科的交叉学科，主要研究确保信息安全的科学与技术，培养能够从事计算机、通信、电子商务、电子政务、电子金融等领域的信息安全高级专门人才。本专业以信息、信息过程和信息系统的基本理论为基础，着重学习通信、编码、信息网络与系统、信息与安全保密、信息对抗等基本理论、基本原理和技术，学习在信息、信息过程和信息系统等方面进行信息安全与保密的关键技术的研究方法，典型设备、部件的分析、设计、研究、开发的方法和能力。,《模拟电路基础》、《密码学导论》、《计算机系统与网络安全技术》、《网络协议工程》、《网络防御与对抗》、《Linux 实践及应用》、《Python程序设计与应用实战》、《PKI原理与技术》、《操作系统及安全》、《Internet安全协议与分析》 部分高校按以下专业方向培养：保密。,软件工程师，公务员(中央国家机关)，公务员(省级机关)，公务员(地市级机关)，公务员(区县级及以下机关)，软件测试，警察，网络与信息安全工程师，IT技术支持/维护工程师，参军，事业单位人员,https://p.qianwen.com/major/tab?app=index&collegesTab=allColleges&webCompassApp=true&q=%E4%BF%A1%E6%81%AF%E5%AE%89%E5%85%A8%E4%B8%93%E4%B8%9A&entry=gaokao_channel&device=pc
网络工程,080903,工学,计算机类,四年,工学学士,1010797,7900,北京市,技术支持,IT软件,物理+化学 / 物理+化学+生物,本专业培养学生系统地掌握计算机网和通信网技术领域的基本理论、基本知识；掌握各类网络系统的组网、规划、设计、评价的理论、方法与技术；获得计算机软硬件和网络与通信系统的设计、开发及应用方面良好的工程实践训练，特别是能获得较大型网络工程开发的初步训练。专业主干学科为计算机科学与技术、信息与通信工程；学生系统学习电路与电子学基础、离散数学、数字逻辑与数字系统、网络技术导论、算法与数据结构、计算机组成原理、通信原理、操作系统、计算机网络、现代交换原理、数据库系统原理等课程。,《电磁场与电磁波技术》、《模拟电路基础》、《Internet应用技术》、《局域网技术与组网工程》、《Web与数据库应用》、《通信网络理论》、《网络安全与信息加密技术》、《网络工程与网络管理》、《网络监控与管理》、《网络协议栈分析与设计》 部分高校按以下专业方向培养：物联网、铁道信号、智慧城市、渗透与测试、网络安全与攻防、网络工程与管理、移动互联网开发、云计算与大数据、网络系统开发与管理、网络系统集成与网络安全。,软件工程师，公务员(中央国家机关)，公务员(省级机关)，公务员(地市级机关)，公务员(区县级及以下机关)，考研，网络工程师，IT技术支持/维护工程师，银行会计/柜员，通信技术工程师，事业单位人员,https://p.qianwen.com/major/tab?app=index&collegesTab=allColleges&webCompassApp=true&q=%E7%BD%91%E7%BB%9C%E5%B7%A5%E7%A8%8B%E4%B8%93%E4%B8%9A&entry=gaokao_channel&device=pc
电子与计算机工程,080909T,工学,计算机类,四年,工学学士,958806,7700,北京市,,,物理+化学,本专业是电子信息科学技术领域的宽口径专业，以计算机科学技术、通信工程、电子科学与技术为主干学科。所培养的学生具有扎实的自然科学基础，良好的外语水平，获得科学的、创造性的思维方法及独立从事科学研究能力的基本训练；掌握电子、通信计算机方面的学科基础知识；能从事信息的获取、处理、传输、变换技术、微电子设备的设计与计算机应用系统、电子信息系统的设计、制造、应用和开发的高级工程技术人才。,《固体物理学》、《材料机械性能》、《单片集成放大器电路设计》、《电路设计导论》、《多核计算与并行处理》、《工程概率方法》、《工程优化》、《基于微处理器的系统设计》、《控制系统分析与设计》、《数字通信信号与系统》。,IT类企业：电子系统的开发设计、智能设备的软硬件开发、技术支持、软件测试、技术管理； 电子类企业：电子技术、IC设计、工艺控制、电气工程； 政府、事业类单位：电子信息系统的维护管理。,https://p.qianwen.com/major/tab?app=index&collegesTab=allColleges&webCompassApp=true&q=%E7%94%B5%E5%AD%90%E4%B8%8E%E8%AE%A1%E7%AE%97%E6%9C%BA%E5%B7%A5%E7%A8%8B%E4%B8%93%E4%B8%9A&entry=gaokao_channel&device=pc
智能科学与技术,080907T,工学,计算机类,四年,理学学士、工学学士,648820,6300,北京市,后端开发,IT软件,物理+化学 / 物理+化学+生物,该专业以光、机、电系统的单元设计、总体集成及工程实现的理论、技术与方法为主要内容，培养具备基于计算机技术、自动控制技术、智能系统方法、传感信息处理等科学与技术，进行信息获取、传输、处理、优化、控制、组织等并完成系统集成的，具有相应工程实施能力，具备在相应领域从事智能技术与工程的科研、开发、管理工作的、具有宽口径知识和较强适应能力及现代科学创新意识的高级技术人才。,《软件开发技术》、《数据结构与算法》、《自然语言处理中的经验性方法》、《机器视觉技术》、《智能控制与智能计算》、《智能信息网络原理》、《Linux内核分析》、《计算机网络与WEB技术》、《数据分析基础》、《面向对象程序设计与实践》。,通信技术工程师，集成电路IC设计/应用工程师，供应链管理，软件工程师，公务员(地市级机关)，公务员(区县级及以下机关)，公务员(省级机关)，公务员(中央国家机关)，事业单位人员，市场营销专员/助理,https://p.qianwen.com/major/tab?app=index&collegesTab=allColleges&webCompassApp=true&q=%E6%99%BA%E8%83%BD%E7%A7%91%E5%AD%A6%E4%B8%8E%E6%8A%80%E6%9C%AF%E4%B8%93%E4%B8%9A&entry=gaokao_channel&device=pc
网络空间安全,080911TK,工学,计算机类,四年,工学学士,470510,,,,,物理+化学,网络空间安全主要研究网络空间的组成、形态、安全、管理等，进行网络空间相关的软硬件开发、系统设计与分析、网络空间安全规划管理等。例如：网络犯罪的预防，国家网络安全的维护，杀毒软件等安全产品的研发，网络世界的监管等。 关键词：网络 国家安全 网络犯罪 反黑客。,《计算机网络》、《信息安全数学基础》、《密码学》、《操作系统原理及安全》、《网络安全》、《通信原理》、《可信计算技术》、《云计算和大数据安全》、《电子商务和电子政务安全》、《网络舆情分析》。,IT类企业：网络安全、安全产品的研发、技术开发、运维工程、安全管理、安全防护； 政府、事业类单位：安全规划、安全管理、安全防御、舆情监管、网络犯罪防范。,https://p.qianwen.com/major/tab?app=index&collegesTab=allColleges&webCompassApp=true&q=%E7%BD%91%E7%BB%9C%E7%A9%BA%E9%97%B4%E5%AE%89%E5%85%A8%E4%B8%93%E4%B8%9A&entry=gaokao_channel&device=pc
空间信息与数字技术,080908T,工学,计算机类,四年,工学学士,289116,5700,北京市,销售业务,IT软件,物理+化学,空间信息与数字技术是一门集信息科学、空间科学、计算机科学、管理学等多门学科为一体的交叉学科。本专业培养适应经济与社会发展需求的，具备数字行业/区域/城市、空间信息技术等领域专业知识的综合、应用型高级人才；学生通过四年的系统培养，具有扎实的软件工程基础、通信及计算机技术、空间决策方法等复合知识结构，掌握大型数字工程设计和管理能力，能从事该领域的科学研究、技术开发、工程应用、信息服务和管理等工作。该专业毕业生具有深厚的空间信息基础理论和专业知识、扎实的计算机能力，可从事当前日益突出的具有空间信息行业特色的科学研究工作和工程技术工作。,《C/C++语言程序设计》、《地理信息系统技术》、《分布式空间信息处理及GPS应用实践》、《空间分析与建模》、《空间数据库原理与设计》、《空间信息共享服务》、《空间信息移动服务》、《空间信息应用编程技术实践》、《空间信息与传感器网》、《数字工程的原理和方法》。,软件工程师，公务员(区县级及以下机关)，公务员(地市级机关)，公务员(省级机关)，公务员(中央国家机关)，电力工程师/技术员，事业单位人员，网络运营专员/助理，销售代表，销售工程师,https://p.qianwen.com/major/tab?app=index&collegesTab=allColleges&webCompassApp=true&q=%E7%A9%BA%E9%97%B4%E4%BF%A1%E6%81%AF%E4%B8%8E%E6%95%B0%E5%AD%97%E6%8A%80%E6%9C%AF%E4%B8%93%E4%B8%9A&entry=gaokao_channel&device=pc
新媒体技术,080912T,工学,计算机类,四年,工学学士,209857,,,,,物理+化学,新媒体技术主要培养面向新媒体与内容产业应用需求，具备传播学、计算机、人工智能、大数据、媒体技术等专业技术知识的高水平、创新型、复合型人才，经过学习和培训，毕业生以在网络传媒、移动传媒、新闻出版等各类相关媒体单位从事与媒体产业相关的媒体数据挖掘、智能传播、数字产品开发与方案设计、内容创意、生产制作、营运管理工作。例如：网络社交媒体情感计算、舆情监控、新闻推荐等。 关键词：新媒体 互联网 自媒体 。,《传播学原理》、选题策划、《图形制作与图像处理》、《计算机基础》、《数字媒体基础》、《数字出版实务》、《网络编辑实务》、网络营销、《摄影与摄像》、《影视脚本编创》、《非线性视频编辑》、《图形元素程序设计》、《多媒体程序设计》 。,媒体行业：数据挖掘与分析、技术开发与方案设计、内容创意、生产制作、营运管理等 。,https://p.qianwen.com/major/tab?app=index&collegesTab=allColleges&webCompassApp=true&q=%E6%96%B0%E5%AA%92%E4%BD%93%E6%8A%80%E6%9C%AF%E4%B8%93%E4%B8%9A&entry=gaokao_channel&device=pc
虚拟现实技术,080916T,工学,计算机类,四年,工学学士,184357,,,,,,虚拟现实技术专业在为学生讲述虚拟现实核心知识的同时，结合大量实例与应用，让学生深入理解虚拟现实设计理念以及开发流程，最终使学生具备扎实的核心素质与强大的自主研发能力。培养熟悉策划、设计、开发、管理等制作流程，具备独立制作、研发产品能力的虚拟现实综合应用型人才。,《计算机图形学》、《虚拟现实引擎》、《摄影摄像技术》、《云计算与大数据技术》、《人机工程学》、《数字图像处理》、《软件工程》、《操作系统》、《智能计算系统》、《影视剪辑》、《游戏创意与策划》等。,毕业生可在各类企事业单位虚拟现实、增强现实技术应用岗位工作，从事项目设计、项目交互功能开发、模型和动画制作、软硬件平台搭建和维护、全景拍摄和处理等方面工作。,https://p.qianwen.com/major/tab?app=index&collegesTab=allColleges&webCompassApp=true&q=%E8%99%9A%E6%8B%9F%E7%8E%B0%E5%AE%9E%E6%8A%80%E6%9C%AF%E4%B8%93%E4%B8%9A&entry=gaokao_channel&device=pc
区块链工程,080917T,工学,计算机类,四年,工学学士,166520,,,,,物理+化学,本专业以新时代中国特色社会主义建设需求为指引，培养旨在应对社会经济和社会信息化的发展，培养德、智、体、美、劳全面发展，掌握计算机科学与技术基础知识、区块链技术基本理论和区块链项目开发方法，具备较强的团队协作、沟通表达、需求分析与识别、分析和解决问题以及终身学习等能力，能够从事区块链应用架构设计与实现、区块链系统研发和区块链运维、测试等工作，具有较强工程实践能力，且具有创新意识、创业精神的应用型人才。,《数据结构》、《现代密码学》、《云计算》、《计算机网络》、《经济学》、《应用统计学》、《区块链原理与技术》、《区块链应用研究》、《人工智能》《区块链金融》、《智能区块链》等。,毕业生能够在互联网金融行业、电子商务行业、物流行业、游戏行业等领域就业，就业岗位主要有区块链开发工程师、区块链网页设计师、区块链质量工程师、区块链开发员、金融数据分析师等。,https://p.qianwen.com/major/tab?app=index&collegesTab=allColleges&webCompassApp=true&q=%E5%8C%BA%E5%9D%97%E9%93%BE%E5%B7%A5%E7%A8%8B%E4%B8%93%E4%B8%9A&entry=gaokao_channel&device=pc
电影制作,080913T,工学,计算机类,四年,工学学士,133525,,,,,物理+化学,该专业将导演、制片、摄影、剪辑、美术、录音等专业整合，注重培养学生综合利用各种知识、技能和工具进行视听艺术表达和“讲故事”（Storytelling）的能力。例如：拍电影、电视剧，微电影、创作网络短片，有机会也可以成为电影导演、影视经纪人等。 关键词：电影 导演 经纪人 影视 。,《艺术概论》、《视听语言》、《导演艺术》、《电影摄影》、《电影录音》、《电影音乐》、《电影造型艺术》、《电影声音艺术》、《中外电影史》、《电视摄像》、《表演基础》、《节目策划》、《编辑基础》、《剧本写作》、《纪录片理论与创作》、《电影美学》、《电影评论》、《电影作品分析》、《美学原理》等 。,影视行业：在导演、编剧、摄影摄像、制片人、美术指导、录音师、剪辑师 。,https://p.qianwen.com/major/tab?app=index&collegesTab=allColleges&webCompassApp=true&q=%E7%94%B5%E5%BD%B1%E5%88%B6%E4%BD%9C%E4%B8%93%E4%B8%9A&entry=gaokao_channel&device=pc
密码科学与技术,080918TK,工学,计算机类,四年,工学学士,118797,,,,,物理+化学,本专业坚持立德树人，将以培养出爱国进取、创新思辨、具有扎实的数理和网络安全基础知识的人才为目标。专业毕业生应掌握密码理论与技术、密码管理、密码应用、密码测评等专业综合知识，具备相应的科学素养、实践能力、创新能力、系统思维能力，拥有较高的产业视角和国际视野。能够从事密码测评、密码管理、密码系统设计与研发等工作，也可从事计算机科学与技术应用相关邻域的工作。,《密码科学与技术导论》《密码学数学基础》《应用密码学》《对称密码理论》《公钥密码理论》《密码协议分析与设计》《密码工程与应用》《计算机与网络安全》《密码分析与应用》《密码测评与管理》《密码芯片分析与设计》《密码管理系统分析及应用》《密码学法律与标准》。,可以在科研机构、教育单位、政府部门，以及互联网、信息安全、金融、电子商务等企业中从事密码和信息安全相关的科研、开发、运维、管理等方面的工作。也可以在IT领域从事计算机应用等工作。,https://p.qianwen.com/major/tab?app=index&collegesTab=allColleges&webCompassApp=true&q=%E5%AF%86%E7%A0%81%E7%A7%91%E5%AD%A6%E4%B8%8E%E6%8A%80%E6%9C%AF%E4%B8%93%E4%B8%9A&entry=gaokao_channel&device=pc
保密技术,080914TK,工学,计算机类,四年,工学学士,108550,,,,,物理+化学,保密技术专业，是一门以计算机和网络为基础的现代化保密技术学科专业，主要培养掌握保密技术专业领域的基本理论和技术，能够从事保密技术相关工作，知识、能力、素质协调发展的专业人才。例如：从事保密科学技术研究、保密产品研发、保密技术教育培训、保密技术防护等专业工作。 关键词：保密工作 保密技术 信息安全 。,《信息安全概论》、《保密技术概论》、《密码学》、《计算机与网络安全》、《保密管理概论》、《保密法学》、《数据结构》、《计算机网络原理》、《数据库系统原理》、《操作系统、计算机组成原理》、《离散数学》 。,国家保密行政管理部门、企事业单位：保密理论研究、保密技术开发、保密组织管理等 。,https://p.qianwen.com/major/tab?app=index&collegesTab=allColleges&webCompassApp=true&q=%E4%BF%9D%E5%AF%86%E6%8A%80%E6%9C%AF%E4%B8%93%E4%B8%9A&entry=gaokao_channel&device=pc
服务科学与工程,080915T,工学,计算机类,四年,工学学士,53654,,,,,,本专业侧重于IT与业务的结合，把与现代服务相关的各学科知识进行有机集成，使学生熟悉并获取现代服务业相关新知识与新技术，并培养学生运用相关知识求解问题和提升自身技能的能力，使其毕业后能够快速适应目前现代服务产业和信息技术蓬勃发展的全球化环境，着力培养面向现代服务业和信息技术领域的高层次复合型人才和引领未来产业发展的创新型人才。,《软件服务工程导论》、《服务业务分析与建模》、《软件服务使能技术》、《服务系统体系结构与设计》、《软件测试与质量保证》、《软件与社会》、《Java程序设计》、《Web应用开发技术》、《移动计算技术》、《电子商务与互联网金融》、《云计算与软件服务》、《ERP与供应链管理》、《人工智能与智慧服务》、《服务管理》等 。,主要面向IT领域、金融机构、服务型制造企业就业，毕业生将会从事服务信息系统研发工程师、服务信息系统架构师、服务系统管理者、服务系统分析师、服务咨询师等工作。,https://p.qianwen.com/major/tab?app=index&collegesTab=allColleges&webCompassApp=true&q=%E6%9C%8D%E5%8A%A1%E7%A7%91%E5%AD%A6%E4%B8%8E%E5%B7%A5%E7%A8%8B%E4%B8%93%E4%B8%9A&entry=gaokao_channel&device=pc
工业软件,080919T,工学,计算机类,四年,工学学士,389,,,,,,工业软件是中国普通高等学校的一个本科专业，属于计算机类，涉及软件工程、人工智能等，聚焦解决国产工业软件 “卡脖子” 难题，包括工业设计、生产管理、智能控制等核心模块。,程序设计基础、算法与数据结构、AI 软件工程、数据库、操作系统、计算机网络、机器学习、电子技术基础、计算机组成原理、数字孪生技术、工业大数据分析与应用等。,毕业生可进入新能源汽车、智能装备、半导体等行业，从事工业软件研发、智能制造系统设计等工作。在传统制造业，可助力汽车、航空航天等行业的数字化升级，开发用于产品设计、生产流程模拟的软件；也可投身工业软件企业，研发各类工业软件产品，如设计软件、管理软件等。在新兴的新能源、物联网、人工智能领域，可开发风电设备监控软件、工业物联网数据分析软件等。,https://p.qianwen.com/major/tab?app=index&collegesTab=allColleges&webCompassApp=true&q=%E5%B7%A5%E4%B8%9A%E8%BD%AF%E4%BB%B6%E4%B8%93%E4%B8%9A&entry=gaokao_channel&device=pc
电子信息工程,080701,工学,电子信息类,四年,理学学士、工学学士,1885663,6500,北京市,测试,电子技术,物理+化学 / 物理+化学+生物,本专业培养具备电子技术和信息系统的基础知识，能从事各类电子设备和信息系统的研究、设计、制造、应用和开发的高等工程技术人才。 本专业电子和信息工程方面的是一个较宽口径专业，学生主要学习信号的获取与处理、电厂设备信息系统等方面的专业知识，受到电子与信息工程实践的基本训练，具备设计、开发、应用和集成电子设备和信息系统的基本能力。,《信号与系统》、《电路分析》、《电子技术基础》、《高频电子技术》、《电子测量技术》、《模拟电路基础》、《电磁场与电磁波技术》、《RFID原理及应用》、《自动检测技术》、《计算机网络》、《传感与检测技术》、《网络与办公自动化技术》、《单片机原理及应用》、《数字信号与信息处理》、《ARM嵌入式系统》 部分高校按以下专业方向培养：电信、物联网、电子工程、通信工程、嵌入式系统、电子技术应用、电气及其自动化、电子设计自动化、移动互联网应用、航空电子设备维修、移动设备应用开发、汽车电子设计与开发。,软件工程师，事业单位人员，硬件工程师，公务员(中央国家机关)，公务员(省级机关)，IT技术支持/维护工程师，公务员(区县级及以下机关)，通信技术工程师，考研，IT项目经理/主管，公务员(地市级机关),https://p.qianwen.com/major/tab?app=index&collegesTab=allColleges&webCompassApp=true&q=%E7%94%B5%E5%AD%90%E4%BF%A1%E6%81%AF%E5%B7%A5%E7%A8%8B%E4%B8%93%E4%B8%9A&entry=gaokao_channel&device=pc
通信工程,080703,工学,电子信息类,四年,工学学士,1797508,6300,北京市,通信工程,电信设备,物理+化学 / 物理+化学+生物,本专业培养具备电子通信、信号与信息处理、计算机通信、应用电子技术、通信系统和通信网等方面的知识，能在电子通信与信息系统领域中从事研究、设计、制造、运营及在国民经济各部门和国防工业中从事开发、应用通信技术与设备的高级工程技术人才；业学生主要学习电子电路理论与技术、通信系统理论与技术、信号处理理论与技术、信息处理理论与技术、信息理论和通信网方面的基础理论、组成原理和设计方法，接受通信工程实践的基本训练，具备从事现代通信系统和网络设计、开发、调测和工程应用的基本能力。,《C/C++程序设计》、《模拟电路基础》、《电磁场与电磁波技术》、《通信原理》、《交换技术》、《单片机原理及其应用》、《TCP/IP网络原理与应用》、《TCP/IP与IPv6技术》、《JAVA网络编程技术》、《DSP技术》、《EDA技术应用》、《CPLD/FPGA应用开发技术》、《电磁兼容技术》、《数字信号处理基础》、《计算机网络组网技术》 部分高校按以下专业方向培养：海洋通信、移动互联网、通信网络管理、无线移动通信、移动通信技术、电信网规划与设计、通信系统运行管理、通信与广电建造师、通信设备安装与维护、无线多媒体广播技术。,通信技术工程师，软件工程师，公务员(中央国家机关)，公务员(省级机关)，公务员(地市级机关)，IT项目经理/主管，事业单位人员，移动通信工程师，硬件工程师，考研，公务员(区县级及以下机关),https://p.qianwen.com/major/tab?app=index&collegesTab=allColleges&webCompassApp=true&q=%E9%80%9A%E4%BF%A1%E5%B7%A5%E7%A8%8B%E4%B8%93%E4%B8%9A&entry=gaokao_channel&device=pc
人工智能,080717T,工学,电子信息类,四年,工学学士,1565599,,,,,物理+化学 / 物理+化学+生物,人工智能（Artificial Intelligence），英文缩写为AI。它是研究、开发用于模拟、延伸和扩展人的智能的理论、方法、技术及应用系统的一门新的技术科学。人工智能是计算机科学的一个分支，它企图了解智能的实质，并生产出一种新的能以人类智能相似的方式做出反应的智能机器，该领域的研究包括机器人、语言识别、图像识别、自然语言处理和专家系统等。例如：人脸识别技术，语音识别技术、基于用户兴趣的智能算法推荐技术。 关键字：人工智能 计算机科学 人脸识别 语音识别。,《人工智能、社会与人文》《人工智能哲学基础与伦理》《先进机器人控制》《认知机器人》《机器人规划与学习》《仿生机器人》《群体智能与自主系统》《无人驾驶技术与系统实现》《游戏设计与开发》《计算机图形学》《虚拟现实与增强现实》《人工智能的现代方法I》《问题表达与求解》《人工智能的现代方法II》《机器学习、自然语言处理、计算机视觉等》。,实际应用：机器视觉，指纹识别，人脸识别，视网膜识别，虹膜识别，掌纹识别，专家系统，自动规划，智能搜索，定理证明，博弈，自动程序设计，智能控制，机器人学，语言和图像理解，遗传编程等。,https://p.qianwen.com/major/tab?app=index&collegesTab=allColleges&webCompassApp=true&q=%E4%BA%BA%E5%B7%A5%E6%99%BA%E8%83%BD%E4%B8%93%E4%B8%9A&entry=gaokao_channel&device=pc
电子信息科学与技术,080714T,工学,电子信息类,四年,理学学士、工学学士,1195150,6800,北京市,销售业务,电子技术,物理+化学,本专业是一个电子技术和计算机技术相结合、软硬件技术相结合、宽口径、主要面向未来信息产业人才市场的专业，要求学生具备过硬的理论知识，熟练地掌握电路设计软件和电子器件的使用，具备较强的光机电一体化技术和实际技术能力，以及将理论知识灵活运用于实践的能力；该专业旨在培养该领域内从事电子与通信领域相应的新产品、新技术的研究，电子系统、信息系统等的设计、开发等方面工作的高级工程技术人才。,《模拟电路基础》、《电磁场与电磁波技术》、《传感器技术与应用》、《单片机系统原理》、《数字电路逻辑设计》、《无线传感器网络》、《SQLSERVER数据库应用技术》、《半导体物理学》、《电路分析原理》、《DSP技术及应用》、《光纤传感技术》、《高频电子线路》 部分高校按以下专业方向培养：嵌入式、汽车电子、通信技术、物联网技术、电子信息工程、移动通信技术、真空电子技术、船舶电子电气工程。,公务员(中央国家机关)，公务员(省级机关)，公务员(地市级机关)，公务员(区县级及以下机关)，软件工程师，IT项目经理/主管，事业单位人员，通信技术工程师，考研，IT技术支持/维护工程师，硬件工程师,https://p.qianwen.com/major/tab?app=index&collegesTab=allColleges&webCompassApp=true&q=%E7%94%B5%E5%AD%90%E4%BF%A1%E6%81%AF%E7%A7%91%E5%AD%A6%E4%B8%8E%E6%8A%80%E6%9C%AF%E4%B8%93%E4%B8%9A&entry=gaokao_channel&device=pc
电子科学与技术,080702,工学,电子信息类,四年,理学学士、工学学士,1083914,6800,上海市,销售业务,电子技术,物理+化学,本专业为电子科学与技术专业领域，特别是微电子与光电子电路、器件、集成电路的设计与制造技术领域培养具有扎实的理论基础，宽广的知识面，能够用系统的观点分析、综合和处理科学技术问题，进行科学研究、技术开发和应用研究的高级工程技术人才。本专业主要培养学生宽广的知识，良好的学习能力，较强的解决问题的能力以及微电子与集成电路的设计与制造技术领域较扎实的理论基础，接受微电子实践的基本训练，使学生具备从事超大规模集成电路设计、开发、调测和工程应用的基本能力。,《电路基础》、《计算机结构与逻辑设计》、《信号与系统》、《电子电路基础》、《微机系统与接口》、《电磁场理论》、《固体物理基础》、《模拟电路基础》、《集成电路》、《半导体物理学》、《自动控制原理与技术》、《DSP技术》、《显示技术》、《光电子技术》、《传感与检测技术》 部分高校按以下专业方向培养：自动化、智能电子、微电子技术、物理电子技术、电子材料与元器件、印制电路技术与工艺、物理电子与光电子技术。,硬件工程师，软件工程师，公务员(中央国家机关)，公务员(省级机关)，公务员(地市级机关)，电子技术研发工程师，事业单位人员，考研，通信技术工程师，科研人员，公务员(区县级及以下机关),https://p.qianwen.com/major/tab?app=index&collegesTab=allColleges&webCompassApp=true&q=%E7%94%B5%E5%AD%90%E7%A7%91%E5%AD%A6%E4%B8%8E%E6%8A%80%E6%9C%AF%E4%B8%93%E4%B8%9A&entry=gaokao_channel&device=pc
光电信息科学与工程,080705,工学,电子信息类,四年,理学学士、工学学士,988005,6900,深圳市,销售业务,电子技术,物理+化学 / 物理+化学+生物,本专业以理工融合为特色，依托学科为电子科学与技术、计算机科学与技术、信息与通信工程，主要培养学生掌握光电信息科学与技术领域的基础知识和基本技能，为将来在光电信息处理、光电子学、电子信息技术、通信技术等领域从事科学研究、产品设计和开发奠定坚实的基础。本专业的课程设置对光电子器件及应用、光电信息处理、宽带光纤通信系统的设计与应用有所侧重。毕业生可在光学、光电子学、激光技术、光通信技术、光信息处理技术、计算机应用技术等领域从事教学、科学研究、产品研发、生产技术管理等工作。,《信息光电子学》、《电路模拟电子技术》、《工程电磁场理论》、《固态电子学》、《光电探测与信号处理》、《光纤光学》、《光学程序设计》、《近代光学》、《信号和系统》、《光电检测技术》、《近代光学量测技术》、《传感器原理》、《激光技术》、《光纤通信》 部分高校按以下专业方向培养：光电仪器、光学工程、光通信技术、光电信息技术、光电检测与光通信、光电工程。,计算机软件工程师，通信技术工程师，计算机硬件工程师，激光/光电子技术，半导体技术，信息技术(IT)项目经理,https://p.qianwen.com/major/tab?app=index&collegesTab=allColleges&webCompassApp=true&q=%E5%85%89%E7%94%B5%E4%BF%A1%E6%81%AF%E7%A7%91%E5%AD%A6%E4%B8%8E%E5%B7%A5%E7%A8%8B%E4%B8%93%E4%B8%9A&entry=gaokao_channel&device=pc
集成电路设计与集成系统,080710T,工学,电子信息类,四年,工学学士,861838,7200,上海市,集成电路,电子技术,物理+化学,集成电路设计与集成系统专业培养具备微电子材料与工艺技术、电路与系统、电磁场与微波技术、电磁兼容技术、系统封装设计以及多芯片组件设计等多方面的知识，能够在集成电路设计、微电子器件与集成系统领域从事研发、设计、制造的应用型高级专门人才；毕业生可从事集成电路设计公司、集成电路生产企业从事集成电路设计、制造、封装测试、集成电路工具的研发、电路系统开发等工作，也可从事相关领域的科研与教学工作。,《半导体物理学》、《计算机原理与系统设计》、《集成电路制造技术》、《射频电路基础》、《模拟集成电路设计》、《高级数字系统设计》、《集成电路版图设计》、《硬件描述语言》、《嵌入式系统原理》、《集成电路工艺技术》、《电子线路计算机辅助设计》、《集成电路设计EDA技术》。,硬件工程师，软件工程师，考研，电子技术研发工程师，集成电路IC设计/应用工程师，销售代表，手机软件开发工程师，系统集成工程师,https://p.qianwen.com/major/tab?app=index&collegesTab=allColleges&webCompassApp=true&q=%E9%9B%86%E6%88%90%E7%94%B5%E8%B7%AF%E8%AE%BE%E8%AE%A1%E4%B8%8E%E9%9B%86%E6%88%90%E7%B3%BB%E7%BB%9F%E4%B8%93%E4%B8%9A&entry=gaokao_channel&device=pc
微电子科学与工程,080704,工学,电子信息类,四年,理学学士、工学学士,797347,6300,上海市,生产工艺,电子技术,物理+化学,微电子科学与工程专业是理工兼容、互补的专业，主要研究半导体器件物理、功能电子材料、固体电子器件，超大规模集成电路（ULSI）的设计与制造技术、微机械电子系统以及计算机辅助设计制造技术等；要求学生具有扎实的数学、物理基础知识和良好的外语应用能力；掌握各种固体电子器件和集成电路的基本原理，掌握新型微电子器件和集成电路分析、设计、制造的基本理论和方法；具备该专业良好的实验技能；了解微电子技术领域的发展动态和前沿理论与技术；具有良好的科学素养和创新能力；善于自学，不断更新知识；具有一定的外语水平，能借助工具书阅读该专业外文资料。,《电路分析基础》、《模拟电路基础》、《数学物理方法》、《数字电路》、《信号与系统》、《半导体物理》、《固体电子学》、《微电子器件》、《微电子集成电路》、《集成电路设计与制造》、《电子设计自动化》、《集成电路CAD》、《计算机原理与系统设计》、《射频电路基础》。,计算机软件工程师，计算机硬件工程师，通信技术工程师，电子/电器工程师，半导体技术，电子技术研发工程师，版图设计工程师，软件测试工程师,https://p.qianwen.com/major/tab?app=index&collegesTab=allColleges&webCompassApp=true&q=%E5%BE%AE%E7%94%B5%E5%AD%90%E7%A7%91%E5%AD%A6%E4%B8%8E%E5%B7%A5%E7%A8%8B%E4%B8%93%E4%B8%9A&entry=gaokao_channel&device=pc
信息工程,080706,工学,电子信息类,四年,工学学士,787046,6600,北京市,技术支持,IT软件,物理+化学,本专业是与现代工程技术密切相关的工科专业，以光电信息科学与技术为核心，其学习内容涉及数理基础、工程光学、信息光学、电子技术、光电技术、通信技术、测控技术、计算机等信息工程诸领域；培养学生具备光电信息科学与技术的基础理论、基本知识和基本技能，使学生成为具有坚实的数学物理基础、掌握激光与现代光学及光电子范畴相关理论和实验技能、熟悉电子技术和计算机应用技术的综合型人才。,《电磁场与电磁波技术》、《模拟电路基础》、《传感器技术与应用》、《数据库原理和应用》、《通信网理论基础》、《工程图学和计算机图学》、《汇编程序设计》、《信号与系统》、《自动控制原理》、《电路仿真》、《单片机技术》、《FPGA与SOPC设计基础》、《JAVA编程技术》、《Matlab与信号处理》 部分高校按以下专业方向培养：移动通信技术、网络信息安全与法政信息管理。,软件工程师，公务员(中央国家机关)，公务员(省级机关)，公务员(地市级机关)，公务员(区县级及以下机关)，IT技术支持/维护工程师，事业单位人员，硬件工程师，IT项目经理/主管，考研，通信技术工程师,https://p.qianwen.com/major/tab?app=index&collegesTab=allColleges&webCompassApp=true&q=%E4%BF%A1%E6%81%AF%E5%B7%A5%E7%A8%8B%E4%B8%93%E4%B8%9A&entry=gaokao_channel&device=pc
水声工程,080708T,工学,电子信息类,四年,工学学士,450446,6900,深圳市,,,物理+化学,水声工程专业研究方向基本涵盖了水声技术的全部研究领域，包括基础研究、应用技术研究、水声装备研制和系统集成技术研究等方面，本专业旨在培养具有坚实的数学物理基础和海洋声学专业知识，能从事水下声信息的产生、传播、接收和处理的理论和实验研究，具备参与声纳和一般电子信息系统设计能力的创新型专业人才；要求学生具有扎实的声振基础理论知识，掌握水声学科的特点和发展方向，具备从事水声工程应用基础研究的能力。,《声学原理与噪声控制》、《水声学基础》、《振动理论及其在工程中的应用》、《信号处理》、《数学物理方程》、《振动和声学问题计算》、《水下噪声学》、《近代试验技术》、《线性系统理论》、《最优估计理论与系统辨别》、《离散随机信号处理》。,水声、军事类企业：海洋声场分析、水下噪声及减振降噪、水声信号处理、声呐及水声对抗系统与设计、水声换能器与基阵的设计开发； 工业类企业：水声技术、设备研发、技术开发。,https://p.qianwen.com/major/tab?app=index&collegesTab=allColleges&webCompassApp=true&q=%E6%B0%B4%E5%A3%B0%E5%B7%A5%E7%A8%8B%E4%B8%93%E4%B8%9A&entry=gaokao_channel&device=pc
电子封装技术,080709T,工学,电子信息类,四年,工学学士,407033,7500,上海市,生产工艺,电子技术,物理+化学,电子封装技术以高端电子产品制造为对象，由电子元器件再加工和连接组合以构成系统、整机及合适工作环境的设计制造过程，是现代高密度、高功率、小体积、高频率电子产品自动化生产制造的一项关键技术；本专业要求学生掌握电子器件的设计与制造、微细加工技术、电子封装与组装技术、电子封装材料、电子封装测试的基本理论和基本技能，具备封装工艺和封装材料的设计与开发以及封装质量控制的基本能力。,《电子工艺材料》、《微连接技术与原理》、《电子封装可靠性理论与工程》、《电子制造技术基础》、《电子组装技术》、《半导体工艺基础》、《先进基板技术》、《MEMS和微系统封装基础》、《表面组装技术》、《电子器件与组件结构设计》、《光电子器件与封装技术》。,考研，电子/电器工艺/制程工程师，电路工程师/技术员，通信电源工程师，生产运营管理,https://p.qianwen.com/major/tab?app=index&collegesTab=allColleges&webCompassApp=true&q=%E7%94%B5%E5%AD%90%E5%B0%81%E8%A3%85%E6%8A%80%E6%9C%AF%E4%B8%93%E4%B8%9A&entry=gaokao_channel&device=pc
电波传播与天线,080713T,工学,电子信息类,四年,工学学士,401807,6900,上海市,,,物理+化学,电波传播与天线专业是国防紧缺特色专业，旨在培养具有扎实的数理、计算机及外语基础，具备电波传播与天线的基本理论、基本知识和基本技能，具有较高的科学素养及一定的教学、研究、开发和管理能力，具有创新、创业意识，具有竞争和团队精神，能适应技术进步和社会需求变化的创新型人才；毕业生可到信息电子、航空、航天、船舶、电信等工业部门和国防科研院所从事相关科学研究、技术研发、技术应用、技术管理和教学等工作，也可继续攻读研究生。,《信号与系统》、《电磁场理论》、《电波传播》、《天线原理与设计》、《微波技术基础》、《电路分析基础》、《模拟电路基础》、《微机原理及接口技术》、《电磁场数学方法》、《雷达原理》、《天线与微波测量》、《DSP技术及其应用》。,工业类企业：设计制造、技术研发、技术应用、技术管理； 国防、事业类单位：电波传播、天线工程、雷达设计、器件研发、无线电开发、信息获取。,https://p.qianwen.com/major/tab?app=index&collegesTab=allColleges&webCompassApp=true&q=%E7%94%B5%E6%B3%A2%E4%BC%A0%E6%92%AD%E4%B8%8E%E5%A4%A9%E7%BA%BF%E4%B8%93%E4%B8%9A&entry=gaokao_channel&device=pc
医学信息工程,080711T,工学,电子信息类,四年,工学学士,314956,7600,西南地区,销售业务,IT软件,物理+化学,医学信息工程专业培养具备生命科学、计算机技术及信息科学有关的基础理论知识，能在医学信息系统及集成、数字医疗及其他信息技术领域从事研究、设计、应用、开发和管理的理工医结合的复合型高级工程技术人才。学生需具备生命科学、电子技术、计算机信息技术有关的较为宽广的理论知识，受到医学信息系统相关的工程能力的训练，能在医学信息工程、数字医疗及相关领域从事研究、设计、应用、开发和管理工作。,《医药学》、《模拟电子技术》、《数字电子技术》、《信号与系统》、《人体解剖与生理学》、《生物医学信号处理》、《数字化医学》、《医学传感检测》、《医学仪器》、《医学信号及图像》、《生物系统及建模》、《临床医学工程实践》。,软件工程师，IT技术支持/维护工程师，售前/售后技术支持工程师，医疗管理人员，事业单位人员,https://p.qianwen.com/major/tab?app=index&collegesTab=allColleges&webCompassApp=true&q=%E5%8C%BB%E5%AD%A6%E4%BF%A1%E6%81%AF%E5%B7%A5%E7%A8%8B%E4%B8%93%E4%B8%9A&entry=gaokao_channel&device=pc
广播电视工程,080707T,工学,电子信息类,四年,工学学士,235846,7000,北京市,,,物理+化学,本专业是电子信息类口径较宽的专业，要求学生具备较扎实的数理、计算机、外语基础，较厚实的专业基础知识和本学科与跨学科的科学研究、技术开发的基本能力，了解广播电视工程的理论前沿、应用前景和最新发展动态以及信息产业的发展状况，掌握资料查询、文献检索及运用现代信息技术获取相关信息的基本方法，具有一定的实验设计、归纳分析实验结果、撰写论文以及参与学术交流的能力；能在数字电视、高清晰度电视、交互电视、通信、信号与信息处理及相关的电子信息科学等领域从事科学研究、教学、产品设计与开发或管理工作。,《数字信号处理》、《通信原理》、《信息论与编码原理》、《电视原理》、《计算机网络》、《数字图像处理》、《数字电视技术》、《数字视音频压缩编码技术》、《数字视频制播技术》、《数字电视电影摄录编技术》、《数字视频系统设计》、《音频播控技术》、《网络媒体通信技术》、《网络媒体系统设计》。,通信技术工程师，公务员(中央国家机关)，公务员(省级机关)，公务员(地市级机关)，公务员(区县级及以下机关)，质量管理/测试工程师，WEB前端开发，系统集成工程师，事业单位人员，广播电视编导，后期制作,https://p.qianwen.com/major/tab?app=index&collegesTab=allColleges&webCompassApp=true&q=%E5%B9%BF%E6%92%AD%E7%94%B5%E8%A7%86%E5%B7%A5%E7%A8%8B%E4%B8%93%E4%B8%9A&entry=gaokao_channel&device=pc
电信工程及管理,080715T,工学,电子信息类,四年,工学学士,235255,10600,北京市,销售业务,电信运营,物理+化学,电信工程及管理专业是面向信息行业、宽口径的交叉学科。本专业根据现代信息社会需求，培养既具有通信技术、通信系统和信息网方面的基础知识，又具备管理理论基础知识，能在通信领域中从事运营、管理，能开拓国际市场的高素质复合型人才。本专业学生主要学习通信系统和通信网方面的基础理论、组成原理和设计方法，获得通信工程的基本训练，同时学习网络协议、企业管理等相关领域的专业基础知识，具备从事现代通信系统和网络的设计、运营、管理及市场开拓能力。,《电磁场与电磁波技术》、《图形与视频处理》、《数字广播》、《数字电路设计》、《互联网协议》、《交互式媒体设计》、《电信系统》、《高级变换》、《数据结构与应用》、《3D图形程序设计》、《微波技术基础》、《现代通信技术》。,软件工程师，IT技术支持/维护工程师，IT项目经理/主管，通信技术工程师，移动通信工程师，事业单位人员，数据库管理员,https://p.qianwen.com/major/tab?app=index&collegesTab=allColleges&webCompassApp=true&q=%E7%94%B5%E4%BF%A1%E5%B7%A5%E7%A8%8B%E5%8F%8A%E7%AE%A1%E7%90%86%E4%B8%93%E4%B8%9A&entry=gaokao_channel&device=pc
电磁场与无线技术,080712T,工学,电子信息类,四年,工学学士,193038,8400,西南地区,电子/电器通用技术,电信设备,物理+化学,本专业旨在培养具有坚实的电磁场理论与工程基础，较强的射频、微波电路与系统开发能力，同时具有良好的通信技术基础的高级工程技术人才；要求学生掌握电磁波的产生、传输、辐射、传播、接收的基础知识、基本理论和工程应用知识，掌握电子信息系统中射频、微波电路及天线等相关领域的计算仿真、设计与制作技术；毕业生可从事有关电磁场与无线技术工程领域的研究开发，涵盖射频与微波系统、无线通信、雷达、遥控遥测、遥感、电子测量、电子对抗、射电天文、无损检测、电磁散射、电磁兼容、环境电磁等领域。,《电磁场与电磁波技术》、《电路分析基础》、《信号与系统》、《模拟电子技术基础》、《数字电路与逻辑设计》、《射频电路基础》、《微机原理与系统设计》、《软件技术基础》、《微波技术基础》、《天线原理》、《电磁兼容原理与技术》、《微波电子线路》。,硬件工程师，考研，无线/射频通信工程师，IT技术支持/维护工程师，通信技术工程师，网络工程师，公务员(地市级机关)，公务员(区县级及以下机关)，公务员(省级机关)，公务员(中央国家机关),https://p.qianwen.com/major/tab?app=index&collegesTab=allColleges&webCompassApp=true&q=%E7%94%B5%E7%A3%81%E5%9C%BA%E4%B8%8E%E6%97%A0%E7%BA%BF%E6%8A%80%E6%9C%AF%E4%B8%93%E4%B8%9A&entry=gaokao_channel&device=pc
应用电子技术教育,080716T,工学,电子信息类,四年,工学学士,140393,5900,广州市,教师,教育培训,物理+化学,本专业培养掌握信息电子技术的基本理论和知识；掌握电子测量，电子电路设计和常用电子仪器的使用及较高的电子设备调试与维修技能，具备在高、中等职业技术学校执教能力的教师、科研人员和应用型高级专门人才。本专业学生主要掌握电子技术的基本知识和理论；掌握电子测量、电路设计、常用电子仪器使用、电声装置与设备的维修、电视机的调试与维修、计算机应用与维修的技能；掌握科学的教育理论和教学方法，教师职业基本技能达标，掌握一门外语。,《数字电路》、《模拟电路》、《微机原理及应用》、《数据结构》、《单片机》、《EDA电路分析》、《信号与系统》、《高频电子线路》、《自动控制原理》、《电测技术》、《电声技术》、《现代通信技术》。,事业单位人员，大学教师，中等职业学校教师，公务员(中央国家机关)，公务员(省级机关)，高中教师，公务员(区县级及以下机关)，文档/资料管理，行政专员/助理，初中教师，大客户销售代表，公务员(地市级机关),https://p.qianwen.com/major/tab?app=index&collegesTab=allColleges&webCompassApp=true&q=%E5%BA%94%E7%94%A8%E7%94%B5%E5%AD%90%E6%8A%80%E6%9C%AF%E6%95%99%E8%82%B2%E4%B8%93%E4%B8%9A&entry=gaokao_channel&device=pc
柔性电子学,080719T,工学,电子信息类,四年,工学学士,88890,,,,,物理+化学,该专业面向柔性电子颠覆性技术，高度交叉融合以化学、物理学、力学为核心的理学学科群和以电子科学与技术、材料科学与工程、光学工程和生物医学工程为代表的工学学科群，致力于培养在信息、健康、国防、空间科技等领域，以柔性电子学为知识背景，具有扎实理论功底、广阔国际化视野、独立创新精神和丰富实践经验的高端复合型人才，服务国家重大战略需求，推动国民经济的转型升级。,《柔性电子学基础》《柔性电子学实验（实验）》《柔性电子物理与器件（实验）》《有机化学（柔性电子学方向）》《物理化学（柔性电子学方向）》《数字信号处理》《半导体物理（柔性电子学方向）》《柔性生物电子材料与器件》。,柔性电子学专业毕业生就业主要去向为显示面板、电子制造、集成电路设计、智能传感、电子封测及可穿戴健康设备等相关领域。其岗位包括柔性显示、可穿戴设备、先进医疗装备的开发等。,https://p.qianwen.com/major/tab?app=index&collegesTab=allColleges&webCompassApp=true&q=%E6%9F%94%E6%80%A7%E7%94%B5%E5%AD%90%E5%AD%A6%E4%B8%93%E4%B8%9A&entry=gaokao_channel&device=pc
智能测控工程,080720T,工学,电子信息类,四年,工学学士,80259,,,,,物理+化学,该专业立足培养具有可持续竞争力的创新型人才，即具备坚实的数学、物理、计算机、信息采集与处理、自动测控以及人工智能等多学科交叉知识，系统掌握智能测控与智能化的基础理论、基础知识和基本技能与方法，具备信息采集、分析、处理和智能化测控系统集成方面研究和开发的基本能力，以及多维知识结构和解决复杂工程问题的职业胜任力，能够引领未来智能测控及相关领域发展的杰出人才。,《电路分析基础》《模拟电子线路》《数字电路逻辑设计》《信号与系统》《数字信号处理》《微机原理与接口技术》《智能感知理论与技术》《人工智能基础》《自动控制原理》《智能仪器设计基础》。,中国航天科工集团有限公司、智能测控系统工程师、电子产品及电子测量仪器设计生产企业。,https://p.qianwen.com/major/tab?app=index&collegesTab=allColleges&webCompassApp=true&q=%E6%99%BA%E8%83%BD%E6%B5%8B%E6%8E%A7%E5%B7%A5%E7%A8%8B%E4%B8%93%E4%B8%9A&entry=gaokao_channel&device=pc
海洋信息工程,080718T,工学,电子信息类,四年,工学学士,79276,,,,,物理+化学,该专业面向海洋信息感知，特别是水下目标与环境信息感知领域的实际需求，以水下声波为载体教授信息产生、传输、获取和处理相关的基础理论和专业知识，结合水下声信息在探测与感知、通信与组网、对抗与安全、协同与融合等方向的典型应用培育创新实践能力，培养掌握现代信息技术，能在国防和通用信息技术及相关领域从事研究、设计、开发和管理等工作的高素质应用型人才。,《电路与电子学系列课程》、《计算机技术系列课程》、《信号与信息处理系列课程》、《电磁场与电磁波》、《声学系列课程》、《信号与系统数字电子线路模拟电子线路通信原理》、《计算机基础》、《单片机原理及应用》、《海洋遥感水声技术》、《海洋传感技术》、《海洋通信》、《海洋目标探测》等 。,本专业学生毕业后可在海洋信息工程与技术企事业以及相关的研究所、设计院、高等院校、国民经济各部门中从事与海洋电子产品开发、新技术研发、海洋探测技术应用、电子设备维护等相关的工作。,https://p.qianwen.com/major/tab?app=index&collegesTab=allColleges&webCompassApp=true&q=%E6%B5%B7%E6%B4%8B%E4%BF%A1%E6%81%AF%E5%B7%A5%E7%A8%8B%E4%B8%93%E4%B8%9A&entry=gaokao_channel&device=pc
智能视觉工程,080721T,工学,电子信息类,四年,工学学士,4467,,,,,,智能视觉工程就是利用计算机视觉和图像处理技术，让机器能够像人一样理解和识别图像和视频信息。主要研究包括图像处理、机器学习、深度学习等前沿技术，学生能掌握图像识别、目标跟踪、三维重建等技能。通过编程和算法设计开发出各种智能视觉系统，应用于安防监控、自动驾驶、医学影像分析等领域，为社会带来更安全、更便捷、更智能的生活体验。关键词：计算机 视觉识别 机械学习,人工智能原理、视觉传感原理、计算光学、视觉仿真技术、视觉测量技术、智能图像处理技术、智能视觉系统设计等。,毕业生可在人工智能、航空航天、光电信息等领域从事相关工作。,https://p.qianwen.com/major/tab?app=index&collegesTab=allColleges&webCompassApp=true&q=%E6%99%BA%E8%83%BD%E8%A7%86%E8%A7%89%E5%B7%A5%E7%A8%8B%E4%B8%93%E4%B8%9A&entry=gaokao_channel&device=pc
智能视听工程,080722T,工学,电子信息类,四年,工学学士,176,,,,,,智能视听工程专业主要研究如何运用人工智能、计算机科学、信号处理、声学、光学等多学科技术，实现视听信息的智能化采集、处理、分析、传输、呈现以及交互，旨在培养具备智能视听系统设计、开发、应用和管理能力的高素质工程技术人才。,信号与系统、数字信号处理、图像处理、视频技术基础、音频技术基础、人工智能原理、机器学习、模式识别、计算机视觉、语音识别与合成、视听大数据分析、智能视听系统设计等。,消费电子企业、互联网科技公司、安防监控企业、智能汽车企业、广播电视与传媒行业,https://p.qianwen.com/major/tab?app=index&collegesTab=allColleges&webCompassApp=true&q=%E6%99%BA%E8%83%BD%E8%A7%86%E5%90%AC%E5%B7%A5%E7%A8%8B%E4%B8%93%E4%B8%9A&entry=gaokao_channel&device=pc
机械设计制造及其自动化,080202,工学,机械类,四年,工学学士,3065180,6100,上海市,机械设计/制造,机械重工,物理+化学 / 物理+化学+生物,本专业培养获得现代机械工程师基本训练，能从事机械设计制造及其自动化专业领域内的设计制造、推广应用、运行管理和营销等方面的工作，具有创新意识和较强实践能力的高级应用型工程技术人才。在校学生除学习高等数学、大学物理、外语等基础课外，主要学习的专业基础课和专业课有：理论力学、材料力学、工程制图、工程材料与成型技术基础、机械原理、机械设计、电工电子学、机电控制工程基础、液压传动与控制、微机原理及接口技术、机器人机构学、机电一体化系统设计、数控技术及数控机床等。,《C/C++程序设计》、《机械CAD/CAM》、《AUTO CAD 二维绘图与三维造型》、《电路与模拟电子技术》、《数控技术及应用》、《机械精度设计》、《机械拆装与测绘》、《自动化制造系统》、《机械精度设计基础》、《自动化机械系统设计》 部分高校按以下专业方向培养：车辆、机辆工程、汽车运用、数控技术、机电一体化、机械新技术、机械设计制造、精密制造技术、机电传动与控制、制造自动化与测控技术。,机械工程师，机械设计师，事业单位人员，机械设备工程师，机械工艺/制程工程师，考研，公务员(中央国家机关)，公务员(省级机关)，公务员(地市级机关)，公务员(区县级及以下机关)，机械研发工程师,https://p.qianwen.com/major/tab?app=index&collegesTab=allColleges&webCompassApp=true&q=%E6%9C%BA%E6%A2%B0%E8%AE%BE%E8%AE%A1%E5%88%B6%E9%80%A0%E5%8F%8A%E5%85%B6%E8%87%AA%E5%8A%A8%E5%8C%96%E4%B8%93%E4%B8%9A&entry=gaokao_channel&device=pc
工业设计,080205,工学,机械类,四年,工学学士,1364235,6200,上海市,艺术设计,房地产,物理 / 物理+化学,本专业是从消费者需求出发，专门从事研究产品开发设计的专业，具有技术和艺术的高度统一的鲜明特征，专业所包括的内容有产品的市场调研、设计构思、结构设计、形态设计，交互设计，以及包装、装潢、广告和展示设计，强调培养学生的设计创新能力、实践能力、设计管理能力和计算机辅助设计的应用能力；要求学生较系统地掌握本专业领域宽广的技术理论基础知识，主要包括工业设计工程基础、设计表现基础、设计基础、设计理论、人机工程、设计材料及加工、计算机辅助设计、市场经济及企业管理等基础知识；具有新产品的研究与开发的初步能力，有较强的实验技能、动手能力、及美的鉴赏与创造能力以及较强的计算机和外语应用能力。,《素描与色彩》、《CAD制图》、《人机工程》、《Pro/E 工业设计基础》、《机械设计原理》、《工业产品模型制作》、《产品概念设计》、《产品设计原理与方法》、《产品包装设计》、《产品结构设计》 部分高校按以下专业方向培养：服装设计。,工业设计，事业单位人员，平面设计，公务员(中央国家机关)，公务员(省级机关)，室内装潢设计，公务员(区县级及以下机关)，考研，三维/3D设计/制作，大学教师，公务员(地市级机关),https://p.qianwen.com/major/tab?app=index&collegesTab=allColleges&webCompassApp=true&q=%E5%B7%A5%E4%B8%9A%E8%AE%BE%E8%AE%A1%E4%B8%93%E4%B8%9A&entry=gaokao_channel&device=pc
车辆工程,080207,工学,机械类,四年,工学学士,1344856,5300,上海市,汽车设计/研发,汽车,物理+化学,本专业以汽车底盘、车身、电气设备的设计、制造、试验研究为主要内容，包括：汽车总体论证、设计、分析与试验；汽车主要零部件的设计、分析与试验；汽车车身结构和车身造型的设计与研究；汽车电器、电子与信息技术；汽车制造工艺；新能源汽车技术；培养掌握传统汽车和新能源汽车总体、主要零部件、电控及信息、电传动等现代汽车技术，为汽车工业培养汽车产品设计、制造、运用、研究和检测及试验等方向的、工程实践能力和创新能力强的拔尖创新型技术人才。,《C/C++程序设计》、《测试与传感技术》、《机械精度设计》、《自动控制基础》、《机械制造工程学》、《Matlab建模仿真技术》、《车辆检测技术》、《单片机应用设计与实践》、《汽车底盘构造》、《汽车电子与电器》 部分高校按以下专业方向培养：车身、汽车工程、汽车发动机、新能源汽车、城市轨道交通管理、汽车电子控制技术。,汽车底盘/总装工程师，事业单位人员，考研，汽车零部件设计师，车身设计工程师，公务员(区县级及以下机关)，机械工程师，公务员(中央国家机关)，公务员(省级机关)，公务员(地市级机关)，汽车动力系统工程师,https://p.qianwen.com/major/tab?app=index&collegesTab=allColleges&webCompassApp=true&q=%E8%BD%A6%E8%BE%86%E5%B7%A5%E7%A8%8B%E4%B8%93%E4%B8%9A&entry=gaokao_channel&device=pc
机械工程,080201,工学,机械类,四年,工学学士,1341550,6100,上海市,机械设计/制造,机械重工,物理+化学,机械工程是以数学、物理、化学、力学、材料学、控制学、计算机等自然科学和技术科学为理论基础，以理论分析、物理实验、工程试验、计算机仿真等为手段，研究和解决机械在设计、制造、运行、控制、管理、使用、维护等方面理论及实际问题的应用学科和专业。该专业培养具备机械设计、制造、机电工程及自动化基础知识与应用能力，能在科研院所、企业、高新技术公司利用计算机辅助设计、制造及技术分析，从事各种机械、机电产品及系统、设备、装置的研究、设计、制造、控制、编程，数控设备的开发、计算机辅助编程，工业机器人及精密机电装置、智能机械、微机械、动力机械等高新技术产品与系统的设计、制造、开发、应用研究，以及从事技术管理的高级工程技术人才。,《C++程序设计与实践》、《控制系统工程》、《机械制造与装备》、《CAO与机械元器件》、《材料成形技术》、《工程材料与应用》、《汽车结构与设计》、《现代机械制造技术》、《力学测试及误差分析》、《电工和电子技术》 部分高校按以下专业方向培养：数控技术、港口机械工程、高分子加工机械、机械设计与制造、模具设计与制造、机械设计制造及自动化。,机械工程技术人员，机械设计师，机械设备工程师，机械研发工程师，机械工艺/制程工程师，机械结构工程师，机械维修/保养，汽车机械工程师，汽车零部件设计师,https://p.qianwen.com/major/tab?app=index&collegesTab=allColleges&webCompassApp=true&q=%E6%9C%BA%E6%A2%B0%E5%B7%A5%E7%A8%8B%E4%B8%93%E4%B8%9A&entry=gaokao_channel&device=pc
机械电子工程,080204,工学,机械类,四年,工学学士,953639,5800,上海市,机械设计/制造,机械重工,物理+化学,本专业以力学、机械工程、电子科学与技术、控制科学与工程为主干学科，重点学习机电系统设计、控制系统设计等学科方向所需要的基础理论和专业知识；要求学生具备机械、电子、控制等学科的基本理论和知识，具有机械设计与制造、自动化设备以及生产系统的自动控制与检测、计算机应用技术等方面的基本技能；能在机电行业及相关领域从事机电一体化产品和系统的设计制造、研究开发、工程应用、运行管理等方面工作。,《数控编程》、《机电一体化系统设计》、《金属切削机床》、《机电系统设计》、《画法几何与制图基础》、《传感与检测技术》、《微机电系统》、《PLC控制系统》、《机器人技术与应用》、《电路原理基础》 部分高校按以下专业方向培养：机器人技术、先进制造与工业机器人。,机械工程师，机械设计师，机械设备工程师，事业单位人员，机电工程师，机械研发工程师，公务员(省级机关)，公务员(地市级机关)，公务员(区县级及以下机关)，机械工艺/制程工程师，公务员(中央国家机关),https://p.qianwen.com/major/tab?app=index&collegesTab=allColleges&webCompassApp=true&q=%E6%9C%BA%E6%A2%B0%E7%94%B5%E5%AD%90%E5%B7%A5%E7%A8%8B%E4%B8%93%E4%B8%9A&entry=gaokao_channel&device=pc
微机电系统工程,080210T,工学,机械类,四年,工学学士,499910,5800,上海市,,,物理+化学,本专业是国家新兴战略产业相关专业，面向集成电路制造、航空、航天、生物医疗、精密仪器、汽车电子、消费电子等领域，培养掌握先进的微电子制造技术、精密机械制造技术、仪器仪表及测控技术、微机电系统设计制造技术，并具备一定的人文社科和现代管理知识的复合型高级人才；毕业生可在集成电路制造、航空、航天、机械工程、精密仪器、微电子、医疗器械等行业和领域的研究院所、大中型企业、合资企业及高等院校从事科研、设计、生产等方面的工作。,《微机电工程材料》、《微机电器件与系统》、《微机械学》、《微纳米测量与测试技术》、《微细加工技术》、《现代传感技术》、《精密工程制造基础和光存储技术》。,机械、电子技术类企业：机械工程、电气工程、技术开发、工程设计、产品研发、生产运行、产品测试、技术管理。,https://p.qianwen.com/major/tab?app=index&collegesTab=allColleges&webCompassApp=true&q=%E5%BE%AE%E6%9C%BA%E7%94%B5%E7%B3%BB%E7%BB%9F%E5%B7%A5%E7%A8%8B%E4%B8%93%E4%B8%9A&entry=gaokao_channel&device=pc
机械工艺技术,080209T,工学,机械类,四年,工学学士,490345,5800,华北地区,机械设计/制造,机械重工,物理+化学,机械工艺技术主要研习现代机械制造技术的相关知识，包含机械制造工艺设计、机械加工、设备操作与维护、数控加工技术等，是使用相关机械设备进行工艺设计的技术。常见的激光雕刻、3D打印都属于机械工艺技术。 关键词：机床 3D打印 激光雕刻 绘图。,《机械原理》、《机械设计》、《机械工程材料》、《工程力学》、《画法几何与机械制图》、《电工技术与电子技术》、《机电传动控制》、《机械制造技术》、《机械工程测试技术》、《数控原理与编程》。,机械类企业：产品设计、产品开发、技术开发、工艺工程、数控编程、设备维护、设备维修、机械CAD/CAM技术应用、技术服务。,https://p.qianwen.com/major/tab?app=index&collegesTab=allColleges&webCompassApp=true&q=%E6%9C%BA%E6%A2%B0%E5%B7%A5%E8%89%BA%E6%8A%80%E6%9C%AF%E4%B8%93%E4%B8%9A&entry=gaokao_channel&device=pc
材料成型及控制工程,080203,工学,机械类,四年,工学学士,469220,6100,上海市,机械设计/制造,机械重工,物理 / 物理+化学,本专业培养具备机械热加工基础知识与应用能力，能在工业生产第一线从事热加工领域内的设计制造、试验研究、运行管理和经营销售等方面工作的高级工程技术人才；要求学生较系统地掌握本专业领域宽广的技术理论基础知识，主要包括力学、机械学、电工与电子技术、热加工工艺基础、自动化基础、市场经济及企业管理等基础知识；具有本专业必需的制图、计算、测试、文献检索和基本工艺操作等基本技能及较强的计算机和外语应用能力；具有本专业领域内某个专业方向所必需的专业知识，了解科学前沿及发展趋势；受到现代机械工程师的基本训练，具有从事各类热加工工艺及设备设计、生产组织管理的基本能力。,《材料热力学》、《自动控制原理实验》、《CAD技术基础》、《模具制造工艺学》、《动力学》、《表面工程学》、《材料加工工程》、《金属学及热处理》、《模具材料及失效分析》、《材料力学性能》 部分高校按以下专业方向培养：模具、焊接技术、模具设计制造及自动化。,材料工程师，模具工程师，铸造/锻造工程师/技师，公务员(中央国家机关)，公务员(省级机关)，工艺/制程工程师，公务员(区县级及以下机关)，事业单位人员，考研，机械工程师，公务员(地市级机关),https://p.qianwen.com/major/tab?app=index&collegesTab=allColleges&webCompassApp=true&q=%E6%9D%90%E6%96%99%E6%88%90%E5%9E%8B%E5%8F%8A%E6%8E%A7%E5%88%B6%E5%B7%A5%E7%A8%8B%E4%B8%93%E4%B8%9A&entry=gaokao_channel&device=pc
智能制造工程,080213T,工学,机械类,四年,工学学士,467916,,,,,物理+化学,智能制造工程专业立足“新工科”培养理念，该专业主要研究智能产品设计制造、智能装备故障诊断、维护维修，智能工厂系统运行、管理及系统集成等，培养能够胜任智能制造系统分析、设计、集成、运营的学科知识交叉融合型工程技术人才及复合型、应用型工程技术人才。例如：安装、调试、维护和维修工业机器人。 关键词：智能制造 智能产品 智能工厂系统。,《人工智能技术》、《工业机器人技术》、《计算机程序设计（Python、Java）》、《智能制造信息系》、《工业互联网》、《数据库技术》、《机械设计基础》、《物联网技术与应用》等。,智能制造行业：智能产品设计及制造、智能制造产品开发、智能产品管理、系统架构规划。,https://p.qianwen.com/major/tab?app=index&collegesTab=allColleges&webCompassApp=true&q=%E6%99%BA%E8%83%BD%E5%88%B6%E9%80%A0%E5%B7%A5%E7%A8%8B%E4%B8%93%E4%B8%9A&entry=gaokao_channel&device=pc
过程装备与控制工程,080206,工学,机械类,四年,工学学士,373818,6300,华东地区,机械设计/制造,机械重工,物理+化学,本专业以工业生产过程为控制对象，以控制理论和控制工程为基础，以自动化仪表和微型计算机为技术手段，对工业生产过程参数在线检测和控制，实现生产过程自动化及生产管理最优化；要求学生掌握控制科学与工程、化工原理及化工工艺等基础理论和知识，掌握工业生产过程检测与控制的专业知识，掌握仪器仪表开发与微型计算机应用的专业知识，培养从事工业生产过程检测与控制系统设计、智能仪器仪表设计、微计算机应用及其软件开发工作的高级工程技术人才。,《公差配合与技术测量》、《过程装备安全可靠性》、《过程装备控制技术及应用》、《过程设备设计》、《工程材料基础》、《过程流体机械》、《工程材枓》、《流体机械》、《ANSYS工程软件应用》、《过程装备力学基础》 部分高校按以下专业方向培养：石油化工机械。,机械设备工程师，机械设计师，石油/天然气技术人员，公务员(省级机关)，公务员(地市级机关)，公务员(区县级及以下机关)，化工工程师，事业单位人员，考研，机械工程师，公务员(中央国家机关),https://p.qianwen.com/major/tab?app=index&collegesTab=allColleges&webCompassApp=true&q=%E8%BF%87%E7%A8%8B%E8%A3%85%E5%A4%87%E4%B8%8E%E6%8E%A7%E5%88%B6%E5%B7%A5%E7%A8%8B%E4%B8%93%E4%B8%9A&entry=gaokao_channel&device=pc
汽车服务工程,080208,工学,机械类,四年,工学学士,372228,6800,上海市,销售业务,汽车,物理+化学,本专业培养具备扎实的机械工程、电子与计算机技术的基本理论和知识，素质全面，有较强的实践能力和创新精神，具有扎实的现代汽车技术基础，对汽车工程实现技术支持，具有现代汽车服务理念和职业素质，在汽车工程和汽车运用领域内从事新技术开发、汽车技术服务、汽车贸易等工作的高级复合型人才；学生主要学习汽车技术、汽车运用、汽车服务等领域的基本理论，接受现代汽车诊断、检测与维修技术、汽车营销和其他汽车服务的系统训练，具有从事汽车技术服务及经营管理等工作的基本能力。,《汽车学》、《汽车机械基础》、《汽车构造》、《汽车服务工程》、《汽车运用工程》、《汽车电气设备及维修》、《汽车发动机构造与维修》、《汽车电子控制技术》、《汽车故障诊断与检测》、《汽车服务经营与管理》 部分高校按以下专业方向培养：检测工程、运用工程、汽车检测与维修、汽车运用与维修技术、新能源汽车工程技术。,事业单位人员，核保理赔，大学教师，中等职业学校教师，汽车销售，保险内勤，销售代表，公务员(中央国家机关)，公务员(省级机关)，公务员(地市级机关)，公务员(区县级及以下机关)，大学教师,https://p.qianwen.com/major/tab?app=index&collegesTab=allColleges&webCompassApp=true&q=%E6%B1%BD%E8%BD%A6%E6%9C%8D%E5%8A%A1%E5%B7%A5%E7%A8%8B%E4%B8%93%E4%B8%9A&entry=gaokao_channel&device=pc
新能源汽车工程,080216T,工学,机械类,四年,工学学士,279776,,,,,物理+化学,新能源汽车工程专业以机械工程、电气工程和车辆工程为主干学科，培养能在新能源汽车工程领域从事设计制造、零部件开发、生产、实验、运用过程知识和能力储备的高层次应用型人才。例如：新能源汽车相关产品的研发、试验、生产装配、检测、运维等。 关键词：新能源 汽车工程 设计制造。,《驱动电机及控制技术》、《动力电池及能量管理系统》、《纯电动汽车结构与原理》、《新能源汽车高压安全》、《汽车单片机与车载网络技术》、《汽车电控技术》、《新能源汽车整车电路分析》、《混合动力汽车结构与原理》、《充电原理与检测技术》、《新能源汽车检测技术》、《汽车发动机构造与原理》、《汽车理论》、《新能源汽车设计》、《汽车试验学》等。,新能源行业：新能源汽车相关产品研发、试验、生产装配、检测、运维。,https://p.qianwen.com/major/tab?app=index&collegesTab=allColleges&webCompassApp=true&q=%E6%96%B0%E8%83%BD%E6%BA%90%E6%B1%BD%E8%BD%A6%E5%B7%A5%E7%A8%8B%E4%B8%93%E4%B8%9A&entry=gaokao_channel&device=pc
智能车辆工程,080214T,工学,机械类,四年,工学学士,206778,,,,,物理+化学,智能车辆工程专业主要培养从事车辆智能管理研究和智能车辆设计、制造、实验研究以及经营管理等工作的复合型高级专门人才。 关键词：智能车辆 车辆工程。,《汽车构造》、《汽车电子技术》、《图像处理与模式识别》、《智能车辆应用技术》、《汽车理论》、《汽车设计》、《车联网V2X》、《车辆智能控制》、《电动汽车驱动技术》、《电动汽车结构与原理》、《智能车工程设计》、《汽车无人驾驶技术》等。,汽车行业：车辆智能管理研究和智能车辆设计、制造、实验研究以及经营管理等。,https://p.qianwen.com/major/tab?app=index&collegesTab=allColleges&webCompassApp=true&q=%E6%99%BA%E8%83%BD%E8%BD%A6%E8%BE%86%E5%B7%A5%E7%A8%8B%E4%B8%93%E4%B8%9A&entry=gaokao_channel&device=pc
汽车维修工程教育,080212T,工学,机械类,四年,工学学士,169814,7000,华北地区,核保/理赔,汽车,物理+化学,本专业培养适合我国汽车产业发展需要，具有系统的汽车运用及现代汽车电子控制系统的基本知识与基本技能，具有良好的科学文化素质、创新思维能力和工程实践能力，能在汽车行业从事汽车电子运用、检测、维修的应用型高级专门人才；学生获得师范技能的基本训练，能在职业院校从事相关专业理论教学和实践教学。本专业要求学生系统地掌握本专业领域较宽广的技术理论，掌握本专业必需的汽车相关基础理论、汽车电子技术的基本技能及汽车运用的基本方法；具有本专业领域内汽车电子专业方向所必要的专业知识，了解其学科前沿及发展趋势；具有一定的应用相关知识、技术和技能解决社会、生产实践问题的能力。,《工程力学》、《电工技术》、《电子技术》、《画法几何与机械制图》、《汽车制造工艺学》、《机械设计基础》、《汽车理论》、《汽车构造》、《汽车发动机原理》、《汽车电器及电子设备》、《汽车检测技术》、《汽车故障诊断与维修》。,商务专员/助理，中等职业学校教师，汽车底盘/总装工程师，销售代表，咨询顾问/咨询员,https://p.qianwen.com/major/tab?app=index&collegesTab=allColleges&webCompassApp=true&q=%E6%B1%BD%E8%BD%A6%E7%BB%B4%E4%BF%AE%E5%B7%A5%E7%A8%8B%E6%95%99%E8%82%B2%E4%B8%93%E4%B8%9A&entry=gaokao_channel&device=pc
机电技术教育,080211T,工学,机械类,四年,工学学士,156647,7400,华东地区,机械设计/制造,机械重工,物理+化学,本专业培养适应中等职业技术教育发展需要，掌握机电技术基础理论、基本知识和基本技能，具备较强的实践能力和创新精神，能在中等职业学校从事机电技术类课程教学及在相关行业从事设计和研究等工作的应用型人才；学生主要学习机械设计、制造及电学的基础理论，学习机械制造及系统控制、运行与维护及机电设备安装、调试与使用的基本知识，接受从事科学研究和现代教育理论与实践训练，具有从事机电技术教学、产品开发与推广和机电设备维护等方面的基本能力。,《工程力学》、《电工技术基础》、《电子技术基础》、《画法几何与机械制图》、《机械制造基础》、《机械设计基础》、《机械工程控制基础》、《数控机床与编程》、《微机原理和接口技术》 部分高校按以下专业方向培养：数控维修与机器人应用。,大学教师，中等职业学校教师，事业单位人员，机械工程师，人力资源专员/助理，初中教师，机械设备工程师，机械设计师，机械制图员,https://p.qianwen.com/major/tab?app=index&collegesTab=allColleges&webCompassApp=true&q=%E6%9C%BA%E7%94%B5%E6%8A%80%E6%9C%AF%E6%95%99%E8%82%B2%E4%B8%93%E4%B8%9A&entry=gaokao_channel&device=pc
仿生科学与工程,080215T,工学,机械类,四年,工学学士,156110,,,,,物理+化学,仿生科学与工程主要研究和建立一类人工系统，使之具有生命系统的某些特性。该专业是涵盖生物电子学、生物传感器、生物仿真材料、生物物理学、生物电机和生物大分子的自装配等的一门交叉学科，具备仿生装备设计与制造、仿生材料开发、仿生学研究等方面能力的高素质专门人才。例如：研究生物体的结构、功能和工作原理，将这些原理移植于工程技术之中，发明性能优越的仪器、装置和机器，创造新技术。 关键词：仿生科学 人工系统 工程。,《工程制图》、《理论力学》、《材料力学》、《机械设计》、《生物学基础》、《仿生学基础》、《仿生机械设计》、《仿生材料学基础》、《仿生制造基础》、《仿生健康工程导论》等。,未来制造业：研究、设计、制造、试验鉴定、推广应用及企业管理 高校、科研院所：仿生、材料、机械、生物等相关学科领域深造。,https://p.qianwen.com/major/tab?app=index&collegesTab=allColleges&webCompassApp=true&q=%E4%BB%BF%E7%94%9F%E7%A7%91%E5%AD%A6%E4%B8%8E%E5%B7%A5%E7%A8%8B%E4%B8%93%E4%B8%9A&entry=gaokao_channel&device=pc
智能交互设计,080218T,工学,机械类,四年,工学学士,139846,,,,,,智能交互设计专业面向智能互联、虚实结合的新时代，面向新兴智能产业和互联网行业，培养“人工智能+交互设计”的跨学科复合型精英人才。,《设计思维基础》《设计方法》《人机工程》《数据统计与分析》《程序设计基础》《计算机图形学》《应用机器学习》《信息可视化》《web交互设计》《移动交互设计》《AR/VR交互》《AI游戏交互》《AI与创新设计》《智能交互综合实践》。,学生毕业后可在互联网行业、娱乐游戏业以及新兴智能产业（智能汽车、机器人等）等领域从事交互设计、体验设计、用户研究、产品经理、大数据可视分析，以及AR/VR、语音交互等多模态自然交互技术开发与设计等工作。,https://p.qianwen.com/major/tab?app=index&collegesTab=allColleges&webCompassApp=true&q=%E6%99%BA%E8%83%BD%E4%BA%A4%E4%BA%92%E8%AE%BE%E8%AE%A1%E4%B8%93%E4%B8%9A&entry=gaokao_channel&device=pc
应急装备技术与工程,080219T,工学,机械类,四年,工学学士,53413,,,,,,本专业培养符合经济社会发展需求，具有社会责任感和应急素质，掌握自然科学基础理论、应急理论技术与管理知识，具有较强的工程实践能力和创新精神，能够在应急管理、安全生产、防灾减灾救灾等领域等从事应急装备技术与工程方面的研究开发、分析设计、管理评价、检测监控、教育培训、应急救援与事故处理等工作的应用型高级工程技术人才。,《安全系统工程》《应急救援技术》《应急管理学》《电工电子技术》《机械造基础》《应急测试与控制技术》《流体力学与液压气压传动》《应急检测与监控系统》《应急救援装备设计》《应急管理信息系统》。,毕业生可到政府应急管理部门、应急管理事业单位、应急科研院所、应急救援机构、应急咨询及技术服务机构和应急产业企业等，从事消防、安防、安全应急、信息安全、监测预警、指挥调度、应急装备、安检防爆、反恐装备、应急救援与事故处理等工作。,https://p.qianwen.com/major/tab?app=index&collegesTab=allColleges&webCompassApp=true&q=%E5%BA%94%E6%80%A5%E8%A3%85%E5%A4%87%E6%8A%80%E6%9C%AF%E4%B8%8E%E5%B7%A5%E7%A8%8B%E4%B8%93%E4%B8%9A&entry=gaokao_channel&device=pc
增材制造工程,080217T,工学,机械类,四年,工学学士,40837,,,,,物理+化学,培养具备智能制造领域的相关理论知识， 专业技能及实践综合能力，掌握现代制造技术、自动控制及数字信息、 工业机器人编程与集成相关知识，能在现代制造行业从事智能制造装备系统（工业4.0）的开发、集成、设计与制造、运行、管理与维护等方面工作的高层次技能型专门人才。,《激光加工技术》《材料力学》《机械原理》《材料成型技术基础》《增材制造技术原理及应用》《3D建模技术》《3D打印逆向工程》《材料分析测试方法》。,本专业学生可从事智能制造系统的工艺设计、集成开发、运行管理、维护等工作，并能从事数控机床及工业机器人的编程开发、调试、集成与维护，就业前景广阔。,https://p.qianwen.com/major/tab?app=index&collegesTab=allColleges&webCompassApp=true&q=%E5%A2%9E%E6%9D%90%E5%88%B6%E9%80%A0%E5%B7%A5%E7%A8%8B%E4%B8%93%E4%B8%9A&entry=gaokao_channel&device=pc
农林智能装备工程,080220T,工学,机械类,四年,工学学士,5379,,,,,,农林智能装备工程主要研究的是机电、控制、人工智能等多学科专业理论知识和技能，提升农林装备数字化、智能化、现代化水平，融合了机械学、智能控制技术、信息技术等多个领域于一体，能够有效应用智能控制技术、信息技术、农学、林学等相关科学知识和工程基础知识，熟练运用现代工程工具，解决农林装备工程领域相关技术或产品在研究、设计与应用过程中遇到的问题。关键词：农学 工程制图 c语言 智能 数字图像处理 农业机器人与作业系统,农业机械学，智能控制技术，传感器技术，农业机器人，精准农业技术，机械设计基础，电子技术，自动控制原理，农业工程学，计算机视觉,农业机械企业：装备设计、研发、制造； 农业科技企业：智能装备应用、技术支持； 政府部门：农业机械化管理、技术推广； 深造：考研或保研，继续农业工程、机械工程等相关专业的学习深造。,https://p.qianwen.com/major/tab?app=index&collegesTab=allColleges&webCompassApp=true&q=%E5%86%9C%E6%9E%97%E6%99%BA%E8%83%BD%E8%A3%85%E5%A4%87%E5%B7%A5%E7%A8%8B%E4%B8%93%E4%B8%9A&entry=gaokao_channel&device=pc
电气工程及其自动化,080601,工学,电气类,四年,工学学士,3156084,6500,上海市,电气/自动化,房地产,物理+化学,本专业主要培养在电气自动化、电力自动化、计算机应用技术、电子应用技术、电机与拖动技术、工业计算机及现场总线控制技术等领域从事系统研究、分析、设计、安装和调试等方面的高级应用型技术人才。本专业除学习高等数学、大学物理、外语等基础课外，还需学习电路分析、数字电子技术、模拟电子技术、自动控制原理、单片机原理及应用、电力电子技术、电机与拖动基础、计算机控制系统、运动控制系统、供用电系统、电力系统继电保护、现场总线与网络控制、软件工程、电气控制技术、可编程序控制器（PLC）、C程序设计等专业基础课和专业课。,《电路原理》、《电力系统自动化》、《电力系统继电保护》、《模拟电子技术基础》、《数字电子技术基础》、《电机学》、《高电压技术》、《电力系统分析》、《电磁场与电磁波》、《单片机技术》、《电力电子技术》、《自动控制原理》、《计算机控制系统》 部分高校按以下专业方向培养：电机与电器、供配电技术、煤矿自动化、输电线路工程、城轨交通电气化、电力工程与管理、注册电气工程师、电力电子与电力传动、电力系统及其自动化、新能源装置运行与控制。,电力工程师/技术员，电气工程师，事业单位人员，考研，公务员(中央国家机关)，公务员(省级机关)，公务员(地市级机关)，公务员(区县级及以下机关)，电工，电气设计，硬件工程师,https://p.qianwen.com/major/tab?app=index&collegesTab=allColleges&webCompassApp=true&q=%E7%94%B5%E6%B0%94%E5%B7%A5%E7%A8%8B%E5%8F%8A%E5%85%B6%E8%87%AA%E5%8A%A8%E5%8C%96%E4%B8%93%E4%B8%9A&entry=gaokao_channel&device=pc
电气工程与智能控制,080604T,工学,电气类,四年,工学学士,2960581,7000,深圳市,,,物理+化学,本专业是电气、电子信息与控制相结合的宽口径专业，主要针对工业生产过程及产品的智能化、无人化技术（如各种自动化生产线、机器人、无人飞机等等）快速发展对相应人才的大量需求，培养能够在工业企业运动控制、过程控制、供电技术、检测与自动化仪表、信息处理等领域从事系统分析、系统设计、系统运行维护、科技开发等方面工作的具有实践动手能力和创新精神的复合型工程技术人才。毕业生可从事新能源（风、光、水、潮汐、低热、生物质等）高效利用技术、输变电技术、微电网技术、电机与运动控制、电动汽车、电源与电力电子装置、电能存储与网络智能优化调度等方面装置研发、系统集成与维护等工作，或相应的科学研究与教学工作。,《电路与电子技术》、《机械设计基础》、《微机原理及接口》、《电机与拖动基础》、《自动控制理论》、《传感器与检测技术》、《设备信息管理系统》、《智能化控制系统》、《液压与气动》。,电气类企业：电气工程、弱电工程、自动化控制、智能控制、电气设备的系统控制和运行维护； 工业类企业：运动控制、过程控制、供电技术、系统分析、系统设计、技术开发。,https://p.qianwen.com/major/tab?app=index&collegesTab=allColleges&webCompassApp=true&q=%E7%94%B5%E6%B0%94%E5%B7%A5%E7%A8%8B%E4%B8%8E%E6%99%BA%E8%83%BD%E6%8E%A7%E5%88%B6%E4%B8%93%E4%B8%9A&entry=gaokao_channel&device=pc
智能电网信息工程,080602T,工学,电气类,四年,工学学士,666631,7400,深圳市,,,物理+化学,本专业是针对国家在新能源、新材料、信息化等战略性新兴产业的发展需要，紧密结合国家关于坚强智能电网建设所开设的一个新兴交叉学科专业。培养具有扎实专业理论和技能，兼具较强电气工程和信息工程的综合素质和创新精神，掌握电力系统通信技术、信息采集和处理的基本理论与技术，熟悉电力系统生产运行的规律与特点、智能电网的发展动态，受到卓越工程师高级训练，在新能源发电与智能接入技术、电网智能调度与控制技术、智能电网信息通信技术等方面学有所长，可以在网络化、信息化、智能化电气系统领域从事生产制造、工程设计、系统运行、系统分析、技术开发、教育科研等方面工作的特色鲜明的复合型高级工程技术人才。,《电路原理》、《电子技术基础》、《电机学》、《电力电子技术》、《软件技术基础》、《信号与系统》、《控制理论》、《电力系统分析基础》、《智能电网信息技术》、《智能变电站》、《微网及其控制》、《智能电网先进传感技术》、《新能源发电技术》。,电力工程技术人员，电气工程技术人员，计算机硬件工程师，电工，计算机软件工程师，IT技术支持/维护工程师，网络运营专员/助理,https://p.qianwen.com/major/tab?app=index&collegesTab=allColleges&webCompassApp=true&q=%E6%99%BA%E8%83%BD%E7%94%B5%E7%BD%91%E4%BF%A1%E6%81%AF%E5%B7%A5%E7%A8%8B%E4%B8%93%E4%B8%9A&entry=gaokao_channel&device=pc
光源与照明,080603T,工学,电气类,四年,工学学士,292676,4900,上海市,电源/电池/照明,电子技术,物理+化学,本专业培养具有光源与照明技术领域的基本理论、基本知识和相关信息电子实验技术、计算机技术等方面实践能力，能从事半导体照明材料与芯片制备，半导体照明灯具的设计及制备，照明系统设计与安装，LED驱动电源设计与开发，LED显示技术，以及微电子和光电子相关产品的研发、制造、工程应用和测试等工作的高级工程技术人才。要求学生掌握光源与照明技术领域的基本理论、专业知识和基本实验技能；具有扎实的数、理、化自然科学基础和较好的人文社会科学知识；熟练掌握一门外语；受到光源、照明及电气工程相关的产品研发、系统运行、信息处理等专业技能的训练；有较强的分析和解决工程问题的能力。,《电路理论》、《模拟电子技术》、《数字电子技术》、《信号与系统》、《高级程序语言设计》、《单片机原理及应用》、《半导体照明概论》、《半导体物理》、《半导体集成电路》、《电气照明技术》、《非成像光学系统设计》、《电子设备散热设计与分析》、《环境照明设计》。,半导体类企业：半导体光电、LED芯片制造与封装、集成电路设计及制造； 电气类企业：电气工程、自动控制、智能控制、产品设计及生产； 照明类企业：LED光源设计与制造，环境照明，室内照明，道路照明，一次配光，二次配光。,https://p.qianwen.com/major/tab?app=index&collegesTab=allColleges&webCompassApp=true&q=%E5%85%89%E6%BA%90%E4%B8%8E%E7%85%A7%E6%98%8E%E4%B8%93%E4%B8%9A&entry=gaokao_channel&device=pc
能源互联网工程,080607T,工学,电气类,四年,工学学士,100325,,,,,物理+化学,本专业致力于培养德、智、体、美、劳全面发展的，能够深刻理解电、热、冷、气等多种能源体系及其相互转换的基础原理，具备综合贯通与协同考虑的大能源观，掌握将信息技术与能源产业深度融合的关键知识与技能，了解国内外能源市场与消费机制，具备能源政策、能源经济等专业素质，能够从事能源互联网及其相关领域的科研、管理、运行等工作的创新型、复合型卓越领军人才。,《能源互联与系统分析》《能量转化原理与技术》《智能传感器技术》《能源互联网信息通信技术》《计算机网络原理》《电力电子技术》《机电能量转换》《电力工程基础》。,主要在能源与电力系统企业、互联网企业、国防工业、科研院所、能源设备制造业和国家机关等领域和行业就业。,https://p.qianwen.com/major/tab?app=index&collegesTab=allColleges&webCompassApp=true&q=%E8%83%BD%E6%BA%90%E4%BA%92%E8%81%94%E7%BD%91%E5%B7%A5%E7%A8%8B%E4%B8%93%E4%B8%9A&entry=gaokao_channel&device=pc
电机电器智能化,080605T,工学,电气类,四年,工学学士,74938,,,,,物理+化学,电机电器智能化专业主要学习电机电器操作及其智能化操作，培养能够从事电机与电器智能化设计，电机与电器制造、电机与电器智能控制的高等技术应用型人才。 关键词：电机 电器 智能。,《电路》、《模拟电子技术》、《数字电子技术》、《机械工程基础》、《工程电磁场》、《电机学》、《电器学》、《电机设计》、《电机电器制造工艺学》等。,电机与电器生产、智能控制等领域：电机电器设计及仿真、电机电器智能控制、电机电器智能化领域的技术服务及管理等。,https://p.qianwen.com/major/tab?app=index&collegesTab=allColleges&webCompassApp=true&q=%E7%94%B5%E6%9C%BA%E7%94%B5%E5%99%A8%E6%99%BA%E8%83%BD%E5%8C%96%E4%B8%93%E4%B8%9A&entry=gaokao_channel&device=pc
电缆工程,080606T,工学,电气类,四年,工学学士,68489,,,,,物理+化学,电缆工程专业主要研究电线电缆和光纤光缆运行设计原理、产品结构设计、电缆材料改性原理、光纤光缆工艺原理等，培养光纤光缆和电线电缆材料研究、产品设计、生产制造、质量控制、企业管理等方面的高素质应用型人才。例如：掌握电线电缆和光纤光缆的运行和设计原理，具备产品结构的设计能力。 关键词：电缆 光纤 材料。,《电路》、《电磁场》、《电子技术》、《电力电子技术》、《电机学》、《机械基础》、《机械制图与CAD》、《计算机应用技术》、《现代电气控制技术》、《电介质物理》、《电气绝缘结构原理与设计》、《电气绝缘测试技术》、《电缆工艺原理》、《通信电缆设计与制造》、《光纤光缆制造》、《绝缘化学基础》、《电缆材料》等。,电线电缆行业：研发工程师、工艺工程师、技术总监、生产部经理、质检部经理、总工程师、经理等。,https://p.qianwen.com/major/tab?app=index&collegesTab=allColleges&webCompassApp=true&q=%E7%94%B5%E7%BC%86%E5%B7%A5%E7%A8%8B%E4%B8%93%E4%B8%9A&entry=gaokao_channel&device=pc
电动载运工程,080609T,工学,电气类,四年,工学学士,10809,,,,,,电动载运工程主要研究车辆工程、电力电子等方面的基本理论和知识，进行电动载运工具的设计、研发和运维。例如：电动汽车的设计与研发，电动船舶的制造，电动载运工具的运维与管理等。该专业在新能源交通、绿色出行等领域有广泛应用，是交通运输行业转型升级的重要方向。,车辆工程，电力电子技术，电机学，电池技术，自动控制原理，车辆设计，智能驾驶，新能源技术，交通工程，车辆测试,汽车企业：电动车辆设计、研发； 船舶企业：电动船舶设计、制造； 交通部门：电动交通规划、管理； 深造：考研或保研，继续车辆工程、船舶与海洋工程等相关专业的学习深造。,https://p.qianwen.com/major/tab?app=index&collegesTab=allColleges&webCompassApp=true&q=%E7%94%B5%E5%8A%A8%E8%BD%BD%E8%BF%90%E5%B7%A5%E7%A8%8B%E4%B8%93%E4%B8%9A&entry=gaokao_channel&device=pc
大功率半导体科学与工程,080610TK,工学,电气类,四年,工学学士,6377,,,,,,大功率半导体科学与工程专业主要研究的就是那些能够支持高电压、大电流的半导体。半导体有着双重性格，有时候它像导体一样容易导电，有时候又像绝缘体一样不导电。而大功率半导体，更是强大到可以在高电压和大电流的环境下毫不畏惧地工作。该专业主要涉及关于功率半导体器件的原理、工艺、封装设计等方面的知识。还会接触到电力电子技术、功率半导体器件驱动与装置等高级技能。关键词：设计实验 分析与解释数据,半导体物理、半导体器件、大功率半导体器件原理、半导体制造技术、功率电子学、电力电子系统设计、热管理技术、电磁兼容技术等,从事大功率半导体器件的研发、设计、制造和工艺改进等工作。例如，在中芯国际、华虹半导体等企业，参与芯片制造工艺的研发和生产管理。负责大功率半导体器件在电力电子设备中的应用开发，如变频器、逆变器、电源等产品的设计和研发。像西门子、ABB 等企业，需要专业人才进行电力电子系统的设计和优化。从事大功率半导体领域的前沿技术研究，开展新材料、新器件结构、新工艺等方面的研究工作。例如，在中国科学院半导体研究所等科研机构，承担国家科研项目，推动大功率半导体技术的发展。,https://p.qianwen.com/major/tab?app=index&collegesTab=allColleges&webCompassApp=true&q=%E5%A4%A7%E5%8A%9F%E7%8E%87%E5%8D%8A%E5%AF%BC%E4%BD%93%E7%A7%91%E5%AD%A6%E4%B8%8E%E5%B7%A5%E7%A8%8B%E4%B8%93%E4%B8%9A&entry=gaokao_channel&device=pc
智慧能源工程,080608TK,工学,电气类,四年,工学学士,5332,,,,,,智慧能源工程专业服务国家“双碳”战略需求，引领能源领域科技发展，以数字赋能培养智慧能源、电气工程及能源动力等交叉学科领域胜任科学研究、工程设计、系统运行、技术开发和项目管理等工作的宽口径复合型人才。,《工程热力学》《流动传热基础》《能源化学》《热能动力工程》《新能源发电技术》《智慧能源及其应用》《数字电子技术》《自动控制原理》《电子技术原理》《电气工程原理》《计算机基础》《人工智能导论》《数据科学基础》《储能原理》。,暂无简介。,https://p.qianwen.com/major/tab?app=index&collegesTab=allColleges&webCompassApp=true&q=%E6%99%BA%E6%85%A7%E8%83%BD%E6%BA%90%E5%B7%A5%E7%A8%8B%E4%B8%93%E4%B8%9A&entry=gaokao_channel&device=pc
材料科学与工程,080401,工学,材料类,四年,工学学士,874774,6000,上海市,机械设计/制造,房地产,物理+化学 / 物理+化学+生物,材料科学与工程是研究材料成分、结构、工艺、性能与用途之间有关知识和应用的学科。该专业方向培养具有扎实的材料科学与工程基础理论知识及相关基本技能的高级研究开发与工程技术人才。毕业生掌握材料科学与工程领域比较系统全面的基础理论知识、基本技能和方法，具有从事材料领域科技工作的初步能力。能在材料、机械、电子信息、冶金、航空航天等各种行业从事材料的生产、质量检验、工艺与设备设计、新材料的研究与开发以及经营管理工作，或在科研机构和高等学校从事教学与科学研究工作，或成为本专业及相关专业研究生的优秀生源。,《材料科学基础》、《物理化学》、《量子与统计力学》、《固体物理》、《材料物理》、《材料化学》、《材料力学》、《现代材料测试方法》、《材料工艺与设备》、《材料热力学》、《功能材料及应用》 部分高校按以下专业方向培养：无机非金属材料。,考研，材料工程师，公务员(中央国家机关)，公务员(省级机关)，公务员(地市级机关)，质量检验员/测试员，事业单位人员，工艺/制程工程师，科研人员，销售代表，公务员(区县级及以下机关),https://p.qianwen.com/major/tab?app=index&collegesTab=allColleges&webCompassApp=true&q=%E6%9D%90%E6%96%99%E7%A7%91%E5%AD%A6%E4%B8%8E%E5%B7%A5%E7%A8%8B%E4%B8%93%E4%B8%9A&entry=gaokao_channel&device=pc
材料化学,080403,工学,材料类,四年,理学学士、工学学士,693987,5500,上海市,化工工程,石油化工,物理+化学 / 物理+化学+生物,本专业主要培养学生掌握材料科学的基本理论与技术，使学生具备材料化学相关的基本知识和基本技能，对学生进行科学思维与科学实验方法方面的基本训练，使学生具备从事由材料结构、功能到材料设计和研究开发的综合能力，能在材料科学与工程及相关领域从事研究、教学、科技开发及相关管理工作。,《材料科学基础》、《材料化学基础》、《有机化学》、《无机化学》、《物理化学》、《分析化学》、《结构化学》、《材料力学》、《材料分析与表征测试》、《高分子化学》、《胶体与表面化学》、《高分子物理》 部分高校按以下专业方向培养：高分子材料、无机功能材料应用技术、有机功能材料应用技术。,考研，事业单位人员，化工工程师，化学实验室技术员/研究员，化学分析，高中教师，公务员(省级机关)，公务员(地市级机关)，公务员(区县级及以下机关)，工艺/制程工程师，公务员(中央国家机关),https://p.qianwen.com/major/tab?app=index&collegesTab=allColleges&webCompassApp=true&q=%E6%9D%90%E6%96%99%E5%8C%96%E5%AD%A6%E4%B8%93%E4%B8%9A&entry=gaokao_channel&device=pc
高分子材料与工程,080407,工学,材料类,四年,工学学士,640201,5900,上海市,化工工程,石油化工,物理+化学,本专业以化学和材料科学与工程为主干学科，学习高分子的分子设计、合成、结构与性能、应用等方面的基础理论、专业知识和实验技能以及计算机的应用等现代科技和设计手段；本专业培养的学生具有理工交叉的特点，学生既可以从事新型聚合材料的研究，又可以从事材料制备、加工工艺技术开发和生产技术管理工作。高分子材料与工程主要专业课有：高分子化学、高分子物理、高等有机化学、物质结构、材料学概论、材料科学基础、聚合物成型加工与应用等课程。,《高分子化学》、《高分子材料成型加工》、《高分子材料科学》、《高聚物成型工艺》、《高聚物成型加工原理》、《高分子材料加工工程设备》、《工程制图与CAD技术》、《聚合物流变学》、《橡胶工艺学》、《材料物理化学》、《电工及电子技术》、《分子设计与化学工程》 部分高校按以下专业方向培养：合成、塑料工程、橡胶工程。,公务员(省级机关)，公务员(地市级机关)，公务员(区县级及以下机关)，塑料工程师，化工工程师，公务员(中央国家机关)，科研人员，化学实验室技术员/研究员，考研，事业单位人员，销售代表,https://p.qianwen.com/major/tab?app=index&collegesTab=allColleges&webCompassApp=true&q=%E9%AB%98%E5%88%86%E5%AD%90%E6%9D%90%E6%96%99%E4%B8%8E%E5%B7%A5%E7%A8%8B%E4%B8%93%E4%B8%9A&entry=gaokao_channel&device=pc
新能源材料与器件,080414T,工学,材料类,四年,工学学士,505873,7700,华东地区,,,物理+化学,本专业培养适应国家新能源战略需求，掌握新能源材料与工程领域的基本理论和知识，具有新能源材料与器件的设计、制造与应用能力，并有较强实践能力和良好发展潜力的复合型高级专门人才；学生主要学习能量转换与存储材料及其器件设计等基本理论知识，掌握新能源材料的制备方法及表征手段，掌握相关器件的基本原理、组装技术和评价方法。在重点学习光电转换及器件、纳米材料、电池结构及设计等专业知识，系统掌握本专业领域技术理论的基础上，具备较强的研发能力、创新意识、组织管理能力和较高的综合素质。,《应用电化学》、《薄膜物理与技术》、《无机材料物理化学》、《材料物理性能》、《材料研究方法与现代测试技术》、《新能源材料设计与制备》、《新能源转换与控制技术》、《储能材料与技术》、《半导体硅材料基础》、《半导体物理与器件》、《硅材料检测技术》、《化学电源设计》、《化学电源工艺学》。,计算机软件工程师，销售代表，质量管理/测试工程师，工艺/制程工程师，电子/电器工程师，电池/电源开发,https://p.qianwen.com/major/tab?app=index&collegesTab=allColleges&webCompassApp=true&q=%E6%96%B0%E8%83%BD%E6%BA%90%E6%9D%90%E6%96%99%E4%B8%8E%E5%99%A8%E4%BB%B6%E4%B8%93%E4%B8%9A&entry=gaokao_channel&device=pc
纳米材料与技术,080413T,工学,材料类,四年,工学学士,498796,6600,北京市,,,物理+化学,本专业着重于纳米材料制备、纳米结构及性能表征、纳米材料加工技术和应用等技术方面的培养，满足微电子和光电子材料与器件、新型功能材料、高性能结构材料等战略性新兴产业领域中从事与纳米相关的技术开发、工艺和设备设计、技术改造及经营管理等工作的卓越工程师的用人需求，并为纳米科技领域的高层次人才培养打下坚实基础。本专业学生主要学习材料科学方面的基本理论、基本知识和基本技能，受到科学思维与科学实验方面的基本训练，具有运用纳米科学与技术的基础理论、基本知识和实验技能进行材料研究和技术开发的基本能力。,《纳米材料的基本概念和基本物理效应》、《纳米材料的结构》、《尺寸和形貌的表征技术》、《纳米粉体材料的制备与表面修饰》、《纳米复合材料的制备》、《纳米半导体材料》、《纳米生物材料》、《纳米磁性材料》、《纳米能源材料》、《纳米材料的物理特性与应用》、《材料物理基础》、《材料化学基础》。,工业类企业：纳米产品研发、生产技术、材料评估、性能测试、质量检测。,https://p.qianwen.com/major/tab?app=index&collegesTab=allColleges&webCompassApp=true&q=%E7%BA%B3%E7%B1%B3%E6%9D%90%E6%96%99%E4%B8%8E%E6%8A%80%E6%9C%AF%E4%B8%93%E4%B8%9A&entry=gaokao_channel&device=pc
材料物理,080402,工学,材料类,四年,理学学士、工学学士,491491,6300,上海市,生产工艺,电子技术,物理+化学 / 物理+化学+生物,本专业培养具有较深厚的物理学基础，掌握材料科学基本理论和现代材料科学研究与测试的基本方法，能在科技、教育、工业、事业等部门从事材料的研究设计、性能检测、生产使用、技术开发、质量管理的复合型高级专门人才；学生除学习物理基础课程以外，还要学习材料物理、材料科学基础、光电子学概论、信息材料、材料物理专门实验等专业课程。,《基础物理》、《近代物理》、《材料物理学》、《固体物理》、《材料科学基础》、《原子物理及量子力学》、《半导体器件物理基础》、《材料的力学性能》、《微电子材料》、《材料的相与相变基础物理》、《计算材料学》。,考研，公务员(中央国家机关)，公务员(省级机关)，公务员(地市级机关)，公务员(区县级及以下机关)，初中教师，销售代表，半导体技术，工艺/制程工程师，质量管理/测试工程师，事业单位人员,https://p.qianwen.com/major/tab?app=index&collegesTab=allColleges&webCompassApp=true&q=%E6%9D%90%E6%96%99%E7%89%A9%E7%90%86%E4%B8%93%E4%B8%9A&entry=gaokao_channel&device=pc
功能材料,080412T,工学,材料类,四年,工学学士,410929,4900,北京市,销售业务,教育培训,物理+化学,功能材料专业是根据社会发展的需要，特别是生物医学工程、组织工程和药物释放等交叉学科技术的迅速发展对专业人才的迫切需求而设立的，本专业是材料学、生物学和医学等学科领域的跨学科专业，主干学科有高分子材料科学与工程、生物医学工程，主要从事生物材料和生物医学工程方面的教学与科研工作。学生需要学习无机及分析化学、有机化学、物理化学、高分子化学、高分子物理、材料合成及其应用、材料分析检测与评价技术及聚合物合成原理及工艺学等的基本知识、基本原理和基础实验技能；熟悉国家关于科学技术、材料制备与应用的相关产业、知识产权等方面的政策、法规；受到功能材料制备与加工的专业训练，掌握及运用现代信息技术获取相关信息的基本方法；具有一定的实验设计、归纳、整理、分析实验结果，撰写论文，参与学术交流的能力；掌握相关工程技术、产品开发、分析测试等方面的知识，初具解决生产实际问题的能力。,《材料热力学》、《材料的成型》、《功能材料器件及设计》、《生物化学》、《分子生物学》、《生物医学工程》、《高分子化学》、《高分子物理》、《生物医学材料学》、《生物材料制备与加工》、《生物医用高分子改性》、《组织工程学》 部分高校按以下专业方向培养：生物材料、新能源与光电材料、清洁能源与信息材料、生物医用纺织材料与技术。,化学操作，施工员，助理/秘书/文员，化学实验室技术员/研究员，电子/电器工程师,https://p.qianwen.com/major/tab?app=index&collegesTab=allColleges&webCompassApp=true&q=%E5%8A%9F%E8%83%BD%E6%9D%90%E6%96%99%E4%B8%93%E4%B8%9A&entry=gaokao_channel&device=pc
宝石及材料工艺学,080410T,工学,材料类,四年,工学学士,295216,7400,北京市,销售业务,礼品,物理+化学,本专业培养具备扎实的地质学、美术设计、珠宝玉石首饰鉴定和市场营销等基本理论知识，具备珠宝玉石等矿产资源开发利用、珠宝玉石首饰鉴定检验、宝石玉雕及首饰工艺设计加工、珠宝玉石首饰经营管理等技能，能够从事珠宝玉石及贵金属首饰的质量检验、技术开发和经营管理的高级应用型专门人才。要求学生具备较为系统的地质学基础，初步懂得开展相关矿产资源研究工作的理论和方法；掌握钻石、有色宝石、玉石及贵金属（金、银、铂、钯）首饰鉴定、设计、加工、商贸的理论知识和实际操作技能；掌握宝石学的研究思路和方法，具有独立进行宝石学研究的初步能力；初步掌握材料工艺学的基本理论、知识和工艺方法，具有一定的材料工艺开发研究能力；掌握美术设计的基本原理和方法，具有一定的从事首饰及材料工艺设计的能力；懂得市场营销、推销技巧与商务谈判，具有胜任技术管理和市场开发等工作的素质与能力。,《地质学基础》、《结晶学与矿物学》、《晶体光学》、《宝石学》、《宝石合成原理及方法》、《宝石加工工艺学》、《宝石鉴定原理及方法》、《宝石测试技术》、《美术设计原理》、《宝石矿床学》、《宝石颜色成因》、《首饰制作工艺学》。,事业单位人员，销售代表，考研，地质勘查/选矿/采矿，中等职业学校教师，商务专员/助理，奢侈品销售，大学教师，大学教师,https://p.qianwen.com/major/tab?app=index&collegesTab=allColleges&webCompassApp=true&q=%E5%AE%9D%E7%9F%B3%E5%8F%8A%E6%9D%90%E6%96%99%E5%B7%A5%E8%89%BA%E5%AD%A6%E4%B8%93%E4%B8%9A&entry=gaokao_channel&device=pc
无机非金属材料工程,080406,工学,材料类,四年,工学学士,257800,6400,上海市,质量管理,房地产,物理+化学,本专业培养在无机非金属材料工程领域从事设计研究与技术开发方面工作的高级工程技术人才，掌握无机非金属材料及其复合材料科学与工程方面的知识，能在无机非金属材料研究与分析、材料的制备、材料的成型与加工等领域从事科学研究、技术开发、工艺设计、生产及技术管理等工作。要求学生掌握无机非金属材料及材料复合的基础理论；掌握无机非金属材料的生产过程和设备、生产工艺的专业基础知识；掌握材料制备的原理及工艺基础，材料的结构与性能；掌握本专业所必需的计算机应用的基本知识技能；具有制品的工业生产、质量控制和技术管理的初步能力；具有研究改进材料性能，开发新材料、制品、工艺的初步能力。,《无机非金属材料工学》、《无机材料科学基础》、《无机材料性能》、《无机材料物理化学》、《无机材料热工基础》、《无机非金属材料工艺学》、《材料研究和测试方法》、《物理化学》、《无机化学》、《胶凝材料学》、《水泥工艺学》、《建筑材料与测试》 部分高校按以下专业方向培养：光学材料、建筑材料与土木结构检测。,事业单位人员，公务员(中央国家机关)，公务员(省级机关)，公务员(地市级机关)，公务员(区县级及以下机关)，土木/土建/结构工程师，科研人员，建筑工程师，施工员，销售代表，考研,https://p.qianwen.com/major/tab?app=index&collegesTab=allColleges&webCompassApp=true&q=%E6%97%A0%E6%9C%BA%E9%9D%9E%E9%87%91%E5%B1%9E%E6%9D%90%E6%96%99%E5%B7%A5%E7%A8%8B%E4%B8%93%E4%B8%9A&entry=gaokao_channel&device=pc
复合材料与工程,080408,工学,材料类,四年,工学学士,254828,6700,华东地区,生产工艺,加工制造,物理+化学,本专业是材料、化工、计算机技术、数理等学科相互交叉的综合学科，旨在培养学生对复合材料进行材料和结构设计、工艺优化、开发先进复合材料及制品的能力，使学生掌握复合材料的成型加工技术和设备原理，能够在复合材料的设计、制备和成型加工等领域从事一定的科学研究、技术开发、工艺及设备设计或相关生产、经营管理等方面工作。,《材料复合原理》、《复合材料学》、《复合材料工艺设备》、《材料学概论》、《复合材料的实验技术》、《复合材料及其结构力学》、《高性能复合材料》、《复合材料工艺学》、《复合材料聚合物基础》、《材料的表面与界面》、《热工基础及设备》、《高分子物理》。,公务员(中央国家机关)，公务员(省级机关)，公务员(地市级机关)，公务员(区县级及以下机关)，考研，事业单位人员，销售代表，质量管理/测试工程师，工艺/制程工程师，塑料工程师，材料工程师,https://p.qianwen.com/major/tab?app=index&collegesTab=allColleges&webCompassApp=true&q=%E5%A4%8D%E5%90%88%E6%9D%90%E6%96%99%E4%B8%8E%E5%B7%A5%E7%A8%8B%E4%B8%93%E4%B8%9A&entry=gaokao_channel&device=pc
金属材料工程,080405,工学,材料类,四年,工学学士,243856,5700,上海市,机械设计/制造,机械重工,物理+化学,本专业培养系统掌握现代金属材料科学与工程等方面知识，能在冶金、材料结构研究与分析、金属材料及复合材料制备、材料腐蚀与防护及表面工程、金属材料热加工、粉末冶金材料成型等领域从事生产、经营管理、工艺、设计、技术开发及科研等具有较高技术水平，创新意识较强的宽口工程技术人才；要求学生具有较深厚的材料科学与工程基础，掌握材料科学基本理论和现代材料研究与测试的基本方法，掌握材料性能与微观结构之间的基本规律，掌握金属材料制备、材料加工与产品质量分析等工程方面的基础知识和基本技能，具有创新精神和实践能力。,《材料热力学》、《材料力学性能》、《金属材料学》、《金属物理基础》、《腐蚀及防护》、《金属学》、《金属工艺学》、《材料工程基础》、《热处理工艺及设备》、《材料固态相变》、《材料分析技术》、《金相技术》。,材料工程师，考研，事业单位人员，公务员(中央国家机关)，公务员(省级机关)，公务员(地市级机关)，公务员(区县级及以下机关)，质量检验员/测试员，质量管理/测试工程师，工艺/制程工程师，机械工艺/制程工程师,https://p.qianwen.com/major/tab?app=index&collegesTab=allColleges&webCompassApp=true&q=%E9%87%91%E5%B1%9E%E6%9D%90%E6%96%99%E5%B7%A5%E7%A8%8B%E4%B8%93%E4%B8%9A&entry=gaokao_channel&device=pc
焊接技术与工程,080411T,工学,材料类,四-五年,工学学士,237021,5100,东北地区,机械设计/制造,机械重工,物理+化学,本专业培养具备材料科学、电工和电子学、机械、力学和自动控制的基础知识和应用能力，能够在焊接技术与工程领域从事科学研究、技术开发、设计制造、生产组织管理等方面工作的高级工程技术人才。要求学生具有较扎实的自然科学基础，系统地掌握本专业领域宽广的技术理论基础知识，主要包括力学、机械学、电工电子学、热加工工艺、自动化基础、材料科学基础、焊接电弧及弧焊方法、焊接结构力学和材料熔接基础及焊接性；具有本专业必需的工程制图、计算、实验、测试、文献检索和基本工艺操作等基本技能和较强的计算机应用能力；初步掌握科学研究、科技开发及组织管理能力，较强实践能力、适应能力和创新精神。,《材料热力学》、《材料分析测试技术》、《焊接创新设计与制作》、《热加工测量与控制技术》、《工程材料化学》、《焊接方法与设备》、《焊接冶金及金属焊接性》、《连接方法与工艺》、《焊接电源及控制》、《弧焊电源》、《焊接结构工程》、《现代连接技术》。,材料工程师，机械工艺/制程工程师，事业单位人员，科研人员，考研，电焊工/铆焊工，工艺/制程工程师，机械工程师,https://p.qianwen.com/major/tab?app=index&collegesTab=allColleges&webCompassApp=true&q=%E7%84%8A%E6%8E%A5%E6%8A%80%E6%9C%AF%E4%B8%8E%E5%B7%A5%E7%A8%8B%E4%B8%93%E4%B8%9A&entry=gaokao_channel&device=pc
冶金工程,080404,工学,材料类,四年,工学学士,226748,6200,上海市,生产管理,采掘冶炼,物理+化学,本专业培养具备冶金物理化学、钢铁冶金和有色金属冶金等方面知识，能在冶金工程领域从事生产、设计、科研和管理工作的高级工程技术人才；主要开设冶金物理化学、材料科学基础、冶金传输原理、钢铁冶金学、冶金质量分析等课程；毕业生可在钢铁冶金、有色冶金领域可从事基础研究、技术开发、工程设计、技术改造等方面的工作；在材料、化工、环境、机械工程等领域可从事与冶金学科相关的技术开发与技术改造工作；在钢铁冶金、有色冶金生产企业可从事生产组织、技术经济、质量管理、环境安全、经营销售等方面的工作；在冶金研究、设计院所可从事科研开发、工厂设计、工艺改造等方面的工作。在高等院校可从事冶金实验教学工作；在高等职业技术学校可从事冶金教学工作。,《工程力学》、《冶金概论》、《冶金原理》、《传输原理》、《金属学》、《金属材料及热处理》、《金属材料性能》、《冶金与材料物理化学》、《钢铁冶金学》、《有色金属冶金学》、《材料分析方法》、《金属材料成形加工》 部分高校按以下专业方向培养：稀土。,工艺/制程工程师，考研，销售代表，生产经理/车间主任，生产主管/督导/组长，普工/操作工，事业单位人员，工业工程师,https://p.qianwen.com/major/tab?app=index&collegesTab=allColleges&webCompassApp=true&q=%E5%86%B6%E9%87%91%E5%B7%A5%E7%A8%8B%E4%B8%93%E4%B8%9A&entry=gaokao_channel&device=pc
粉体材料科学与工程,080409T,工学,材料类,四年,工学学士,142508,6400,华东地区,化工工程,加工制造,物理+化学,本专业培养能在材料科学与工程领域，特别是在粉体材料、粉末冶金、陶瓷材料等领域，从事科学研究、工程设计、技术与产品开发、质量控制和生产经营管理等方面工作的高级专门人才。要求学生系统掌握粉体材料科学与工程的基础理论、基本知识和基本技能，具有创新精神和一定的创新能力；了解金属和非金属粉体材料的生产工艺及相关设备，具有在粉体制备、测试、改性和应用等方面应用新技术、进行设备及技术管理的能力；能在新材料、新能源、农业和医药产业等新兴产业以及兵工等与粉体相关行业工作。,《粉末冶金材料》、《粉末冶金原理》、《粉体工程》、《材料科学基础》、《材料工程基础》、《粉末成形模具设计》、《粉体加工技术》、《粉体制备与测试》、《粉体固结原理与技术》、《材料分析测试方法》、《材料物理力学性能》。,公务员(地市级机关)，公务员(区县级及以下机关)，公务员(省级机关)，工艺/制程工程师，公务员(中央国家机关),https://p.qianwen.com/major/tab?app=index&collegesTab=allColleges&webCompassApp=true&q=%E7%B2%89%E4%BD%93%E6%9D%90%E6%96%99%E7%A7%91%E5%AD%A6%E4%B8%8E%E5%B7%A5%E7%A8%8B%E4%B8%93%E4%B8%9A&entry=gaokao_channel&device=pc
材料设计科学与工程,080415T,工学,材料类,四年,工学学士,58280,,,,,物理+化学,材料设计科学与工程主要研究材料科学、物理学、力学、材料制备、材料分析等方面的基本知识和技能，了解材料的基本性能、组成结构、设计方法、加工工艺等，进行新材料的设计、研发、制备、性能测试、失效分析等。常见的新材料有：复合新材料、超导材料、能源材料、智能材料等。 关键词：芳纶纤维 超导体 太阳能电池 纳米陶瓷。,《量子力学》、《材料科学基础》、《物理化学》、《材料力学性能》、《材料物理性能》、《材料制备与装备工艺》、《材料失效分析》、《材料固态相变》、《功能材料》、《材料设计研究前沿》。,材料类企业：材料设计、材料分析、材料研发、材料制备。,https://p.qianwen.com/major/tab?app=index&collegesTab=allColleges&webCompassApp=true&q=%E6%9D%90%E6%96%99%E8%AE%BE%E8%AE%A1%E7%A7%91%E5%AD%A6%E4%B8%8E%E5%B7%A5%E7%A8%8B%E4%B8%93%E4%B8%9A&entry=gaokao_channel&device=pc
智能材料与结构,080417T,工学,材料类,四年,工学学士,53684,,,,,物理+化学,本专业培养具备材料、力学、控制等方面扎实基础理论，系统掌握智能材料的设计原理、工艺开发、性能测试及其在智能制造中应用的专业知识和实践技能，能够综合运用所学知识解决与智能制造相关的复杂问题，具有人文素养、社会责任感、团队合作精神和国际化视野，能够胜任智能制造相关的科学研究、工程开发及管理等方面工作，能在智能材料领域引领未来的拔尖创新人才。,《环境敏感材料》、《智能驱动材料与结构》、《量子材料与器件》、《相变原理》、《各向异性弹塑性力学》、《材料物理性能》、《材料分析测试方法》、《智能复合材料结构力学》、《智能器件系统集成》、《智能材料结构设计》、《测控电路与驱动技术》、《智能系统设计基础》等 。,暂无简介。,https://p.qianwen.com/major/tab?app=index&collegesTab=allColleges&webCompassApp=true&q=%E6%99%BA%E8%83%BD%E6%9D%90%E6%96%99%E4%B8%8E%E7%BB%93%E6%9E%84%E4%B8%93%E4%B8%9A&entry=gaokao_channel&device=pc
复合材料成型工程,080416T,工学,材料类,四年,工学学士,35439,,,,,物理+化学,复合材料成型工程专业主要培养具备独立解决复合材料成型加工工艺问题的研究开发能力，有一定的生产技术管理知识，特别是在航空航天制造领域，采用智能制造手段进行飞行器复合材料零部件的设计、成型及复合材料相关产品的制造，并具备协同制造知识、航空产品生产实践经验的产品开发、应用研究、运行管理等方面的工程技术人才。 关键词：航空航天 复合材料 飞机。,《现代工程制图》、《工程力学》、《机械原理与设计》、《电工与电子技术》、《复合材料成型原理及技术》、《计算机辅助设计（CATIA）》、《企业文化与质量管理》、《数控加工技术》、《飞机构造》、《飞机装配技术》。,航空航天领域：复合材料零件的加工制备及成型、新产品工艺开发、模具设计及加工、产品质量监控、材料性能测试等； 机械、汽车等领域：复合材料类产品的开发、加工及质量监控、生产管理。,https://p.qianwen.com/major/tab?app=index&collegesTab=allColleges&webCompassApp=true&q=%E5%A4%8D%E5%90%88%E6%9D%90%E6%96%99%E6%88%90%E5%9E%8B%E5%B7%A5%E7%A8%8B%E4%B8%93%E4%B8%9A&entry=gaokao_channel&device=pc
光电信息材料与器件,080418T,工学,材料类,四年,工学学士,18407,,,,,,专业注重学生对芯片制备基础、半导体物理、半导体器件原理等光电芯片制备基础知识的学习，能在通信、能源、信息、材料、环保、生物工程、轻工和军工等部门从事工程设计、技术开发、生产技术管理和科学研究等方面工作的工程技术人才。注重对接受自然科学基础、专业技术基础、文化素质教育等方面的基本理论和知识的训练，夯实光电信息科学与工程的基础理论及基本知识，系统掌握光电材料与器件的设计与制备、光电材料与器件的结构性能分析等基本方法和技术，具备开展光电信息科学与工程基础理论研究、材料与器件设计制备、器件性能优化、新材料和新工艺的开发等知识和能力。,《大学物理》、《高等数学》、《光电技术》、《半导体物理与器件》、《光电材料与器件》、《光电检测与测试技术》、《光谱分析技术》、《电子技术系课程》、《计算机技术系列课程》、《电磁场理论》、《理论物理》、《固体物理》、《数字信号处理》、《光电技术专项实验》等。,毕业生可从事机械、电子、信息等多领域的高新技术产品设计开发、企业管理等工作，大多数到航空航天、汽车、工程机械、机床、信息通讯、石油化工等行业的科研院所和高校、三资企业及大中型国有企业就业。,https://p.qianwen.com/major/tab?app=index&collegesTab=allColleges&webCompassApp=true&q=%E5%85%89%E7%94%B5%E4%BF%A1%E6%81%AF%E6%9D%90%E6%96%99%E4%B8%8E%E5%99%A8%E4%BB%B6%E4%B8%93%E4%B8%9A&entry=gaokao_channel&device=pc
稀土材料科学与工程,080423T,工学,材料类,四年,工学学士,12240,,,,,,稀土材料科学与工程主要研究稀土材料的制备、性能及应用，特别是在新能源、电子信息、航空航天等领域的应用，主要涉及稀土元素的提取与分离技术、稀土材料的合成与改性方法，以及其在永磁材料、发光材料、催化材料等方面的应用。关键词：物理化学 金属学 稀土元素 冶金过程热力学,稀土化学，稀土物理，稀土材料制备，稀土功能材料，稀土分离技术，材料科学基础，无机化学，物理化学，材料分析测试技术，材料表征,科研院所：材料研发、技术创新； 稀土相关企业：材料制备、生产管理、质量控制； 新能源、电子信息企业：技术支持、产品开发； 深造：考研或保研，继续材料科学与工程等相关专业的学习深造。,https://p.qianwen.com/major/tab?app=index&collegesTab=allColleges&webCompassApp=true&q=%E7%A8%80%E5%9C%9F%E6%9D%90%E6%96%99%E7%A7%91%E5%AD%A6%E4%B8%8E%E5%B7%A5%E7%A8%8B%E4%B8%93%E4%B8%9A&entry=gaokao_channel&device=pc
软物质科学与工程,080422T,工学,材料类,四年,工学学士,11774,,,,,,软物质科学与工程涉及高分子材料、液晶、胶体、生物大分子等软物质的结构、性能和应用。主要研究软物质的合成、表征、改性及其在生物医药、新能源、环境保护等领域的应用技术，有利于新材料产业和技术创新。关键词：物理 化学 生物 工程,软物质物理，高分子化学，胶体与界面化学，生物大分子，材料科学基础，物理化学，有机化学，流变学，材料表征，纳米材料,科研院所：材料研发、基础研究； 材料企业：产品开发、技术支持； 医药、电子企业：材料应用、质量控制； 深造：考研或保研，继续材料科学与工程等相关专业的学习深造。,https://p.qianwen.com/major/tab?app=index&collegesTab=allColleges&webCompassApp=true&q=%E8%BD%AF%E7%89%A9%E8%B4%A8%E7%A7%91%E5%AD%A6%E4%B8%8E%E5%B7%A5%E7%A8%8B%E4%B8%93%E4%B8%9A&entry=gaokao_channel&device=pc
材料智能技术,080420T,工学,材料类,四年,工学学士,9121,,,,,,材料智能技术专业主要研究智能材料的设计、制备、性能及应用，结合人工智能、机器学习等技术，实现材料的智能化和自适应功能。将学习和掌握材料制备与改性技术、材料性能测试与评价方法，以及智能材料在航空航天、新能源等领域的应用。关键词：高分子 化工 智能制造 技术检测,材料科学基础，人工智能，机器学习，材料设计，材料表征，数据挖掘，计算机编程，材料物理，材料化学，材料加工,材料企业：智能材料研发、生产； 制造企业：材料应用、质量控制； 科研院所：材料智能技术研究； 深造：考研或保研，继续材料科学与工程、人工智能等相关专业的学习深造。,https://p.qianwen.com/major/tab?app=index&collegesTab=allColleges&webCompassApp=true&q=%E6%9D%90%E6%96%99%E6%99%BA%E8%83%BD%E6%8A%80%E6%9C%AF%E4%B8%93%E4%B8%9A&entry=gaokao_channel&device=pc
电子信息材料,080421T,工学,材料类,四年,工学学士,8897,,,,,,电子信息材料专业主要研究电子信息材料的研究与应用，包括半导体材料、磁性材料、光电材料等。主要涉及电子信息材料的制备工艺、性能表征及其在电子器件、通信技术中的应用。随着电子信息技术的不断进步，电子信息材料在集成电路、显示器、传感器等领域的需求日益增长。关键词： 半导体 电子器件 通信技术 显示器 传感器,材料科学基础，电子材料学，半导体物理，电子器件，材料表征，量子力学，固体物理，化学基础，电子技术，计算机应用,电子企业：材料研发、生产； 半导体企业：芯片材料、工艺； 科研院所：电子材料研究； 深造：考研或保研，继续材料科学与工程、电子科学与技术等相关专业的学习深造。,https://p.qianwen.com/major/tab?app=index&collegesTab=allColleges&webCompassApp=true&q=%E7%94%B5%E5%AD%90%E4%BF%A1%E6%81%AF%E6%9D%90%E6%96%99%E4%B8%93%E4%B8%9A&entry=gaokao_channel&device=pc
生物材料,080419T,工学,材料类,四年,工学学士,7616,,,,,,生物材料主要研究生物医学、材料科学等方面的基本理论和知识，进行生物材料的设计、制备和应用。例如：人工关节材料的研发，组织工程支架的制备，药物载体材料的应用等。该专业在医疗器械、生物医学等领域有重要应用，是生物医学工程的重要组成部分。,生物化学，材料科学基础，生物材料学，组织工程，生物相容性，材料表征，生物医学工程，细胞生物学，分子生物学，生物材料制备,生物医学企业：材料研发、生产； 医疗器械企业：产品设计、技术支持； 科研院所：生物材料研究； 深造：考研或保研，继续生物医学工程、材料科学与工程等相关专业的学习深造。,https://p.qianwen.com/major/tab?app=index&collegesTab=allColleges&webCompassApp=true&q=%E7%94%9F%E7%89%A9%E6%9D%90%E6%96%99%E4%B8%93%E4%B8%9A&entry=gaokao_channel&device=pc
航空航天工程,082001,工学,航空航天类,四年,工学学士,2737327,5900,上海市,机械设计/制造,石油化工,物理+化学,本专业培养具备航空航天领域的多学科知识，能运用理论分析、数值模拟和实验研究等手段研究和解决航空航天领域的实际问题，能从事导弹、航天器、飞行器等航空航天器总体、结构和系统设计相关工作的高级工程技术人才；毕业生应具有扎实的数学、物理、力学、实验及计算机基础，可直接进入航空航天部门的科研院所和工程单位，从事与航空航天工程有关的科研、技术开发、工程设计、测试、制造、使用、维修和教学工作，也可在航空航天科学与技术、力学等相关专业继续深造。,《空气动力学》、《传热与燃烧》、《发动机设计》、《飞行控制》、《飞行力学》、《飞行器结构力学》、《飞行器设计》、《飞行器综合电子系统》、《航空安全与人为因素》、《航空航天制造技术》。,航空航天类企业：工程设计、产品研发、技术开发、生产制造、性能测试、维修养护、航空航天管理。,https://p.qianwen.com/major/tab?app=index&collegesTab=allColleges&webCompassApp=true&q=%E8%88%AA%E7%A9%BA%E8%88%AA%E5%A4%A9%E5%B7%A5%E7%A8%8B%E4%B8%93%E4%B8%9A&entry=gaokao_channel&device=pc
飞行器适航技术,082007T,工学,航空航天类,四年,工学学士,462941,7000,华东地区,,,物理+化学,本专业培养具有良好数学、力学和电学基础，具有飞机总体设计、飞机系统设计以及飞机适航性评估等方面的基础理论和专业知识，熟悉适航法规和标准，能从事飞机总体和结构设计与适航符合性评估、飞机系统安全性设计、可靠性工程、飞机适航审定以及适航管理技术等方面工作的高级技术研究、工程应用和管理人才。毕业生可选择报考与本专业密切相关的适航技术与管理、飞行器设计、载运工具运用工程、材料学、航空航天安全工程、航空工程等学科的硕士学位研究生，或在航空、航天等行业的研究所、国有大型企业、外资企业、民航公司，从事飞机总体和结构设计、飞机系统安全性设计与分析、适航符合性评估、可靠性工程、飞机适航审定和验证技术以及适航管理技术等方面工作。,《飞行器总体设计》、《飞行器结构设计》、《飞行器系统设计》、《航空发动机原理》、《发动机结构与强度》、《发动机控制》、《适航验证与审定技术》、《适航管理工程》、《航空安全工程原理》、《可靠性原理》。,民航类单位：民用飞机的研制、生产、维护； 适航审定类单位：适航审定、适航管理。,https://p.qianwen.com/major/tab?app=index&collegesTab=allColleges&webCompassApp=true&q=%E9%A3%9E%E8%A1%8C%E5%99%A8%E9%80%82%E8%88%AA%E6%8A%80%E6%9C%AF%E4%B8%93%E4%B8%9A&entry=gaokao_channel&device=pc
飞行器质量与可靠性,082006T,工学,航空航天类,四年,工学学士,438098,7800,北京市,质量管理,航天航空,物理+化学,飞行器质量与可靠性主要研究飞行器系统可靠性设计与分析等方面的基本知识和技能，涉及机械学、电子技术、计算机技术等方面，进行飞行器质量与可靠性的设计、分析、评估与监测等，以保障飞行器运行期间的安全与稳定。 关键词：飞行器 可靠性 质量 维修。,《飞行器设计系统工程》、《系统可靠性设计与分析》、《飞行器维修性设计与验证》、《可靠性试验技术》、《质量工程技术基础》、《飞行器结构基础》、《航材质量与管理》、《元器件可靠性》、《设计与制造中的可靠性》、《传热学》。,航空航天类企业：可靠性工程设计、质量管理、质量工程、技术开发、维修养护、飞行器设计。,https://p.qianwen.com/major/tab?app=index&collegesTab=allColleges&webCompassApp=true&q=%E9%A3%9E%E8%A1%8C%E5%99%A8%E8%B4%A8%E9%87%8F%E4%B8%8E%E5%8F%AF%E9%9D%A0%E6%80%A7%E4%B8%93%E4%B8%9A&entry=gaokao_channel&device=pc
飞行器设计与工程,082002,工学,航空航天类,四年,工学学士,379637,7700,北京市,机械设计/制造,航天航空,物理+化学,本专业以航空宇航科学与技术、力学、控制科学与工程为主干学科，学习飞行器总体设计、飞行器结构设计、飞行器飞行力学与控制等学科方向的基础理论和专业知识，主要培养航天航空领域中从事飞行器总体设计的理论研究与试验、设计与开发以及技术管理等工作的高级工程技术人才。,《空气动力学》、《CAD/CAE软件应用》、《电工及工业电子学》、《飞机CAD技术》、《飞机部件空气动力学》、《飞机结构力学》、《飞机结构设计》、《飞机维护原理》、《飞机装配工艺》、《飞行力学》。,飞机设计与制造，考研，科研人员，参军，飞机维修/保养，科研管理人员，公务员(省级机关)，公务员(地市级机关)，公务员(区县级及以下机关)，机械设计师，公务员(中央国家机关),https://p.qianwen.com/major/tab?app=index&collegesTab=allColleges&webCompassApp=true&q=%E9%A3%9E%E8%A1%8C%E5%99%A8%E8%AE%BE%E8%AE%A1%E4%B8%8E%E5%B7%A5%E7%A8%8B%E4%B8%93%E4%B8%9A&entry=gaokao_channel&device=pc
飞行器动力工程,082004,工学,航空航天类,四年,工学学士,280744,5700,北京市,机械设计/制造,航天航空,物理+化学,本专业以航空宇航科学与技术、（热）力学、机械工程为主干学科，重点学习飞行器推进系统原理与设计及相关学科方向的基础理论和专业知识，培养具备飞行器动力装置及其他热动力机械的设计、研究、生产、实验、运行维护和技术管理等方面基础理论知识及能力的高级工程技术人才。,《单片机及接口技术》、《空气动力学》、《电气工程》、《火箭发动机原理》、《多维气体动力学》、《发动机构造》、《发动机机型》、《发动机结构特点及核心技术》、《发动机控制系统》、《发动机控制原理》 部分高校按以下专业方向培养：飞机发动机维修及其管理。,飞机维修/保养，科研人员，地勤人员，事业单位人员，参军，机械工程师，飞机设计与制造，考研,https://p.qianwen.com/major/tab?app=index&collegesTab=allColleges&webCompassApp=true&q=%E9%A3%9E%E8%A1%8C%E5%99%A8%E5%8A%A8%E5%8A%9B%E5%B7%A5%E7%A8%8B%E4%B8%93%E4%B8%9A&entry=gaokao_channel&device=pc
飞行器制造工程,082003,工学,航空航天类,四年,工学学士,212175,6000,上海市,机械设计/制造,航天航空,物理+化学,本专业培养从事飞行器制造领域内的设计、制造、研究、开发与管理的高级工程技术和管理人才；学生主要学习自然科学基础知识、制造工程基本理论和飞行器制造的基本理论和知识。并通过各种实践性教学环节，培养学生运用所学的基本知识和技能，分析和解决飞行器制造工程中实际问题的能力。,《冲压工艺与钣金》、《飞机装配工艺》、《飞行器结构力学》、《飞行器结构设计》、《航空材料》、《航空质量系统》、《计算机辅助飞机制造》、《数字控制原理与应用》、《塑性成形原理》、《微小飞行器设计》 部分高校按以下专业方向培养：航空机械、钣金与模具。,飞机设计与制造，飞机维修/保养，机械工程师，机械设计师，机械工艺/制程工程师，考研，机械制图员，参军,https://p.qianwen.com/major/tab?app=index&collegesTab=allColleges&webCompassApp=true&q=%E9%A3%9E%E8%A1%8C%E5%99%A8%E5%88%B6%E9%80%A0%E5%B7%A5%E7%A8%8B%E4%B8%93%E4%B8%9A&entry=gaokao_channel&device=pc
无人驾驶航空器系统工程,082009T,工学,航空航天类,四年,工学学士,102852,,,,,物理+化学,本专业培养适应社会主义现代化建设需要，德、智、体、美全面发展，具有良好的科学素养和创新精神，能系统掌握无人机的系统结构和工作原理、系统设计和研发、系统操控与组装调试等专业知识和应用技能，能够从事无人机的产品设计、研发、应用和管理等相关工作的高素质技术技能型人才。例如：航拍、低空无人机操作、 关键词：无人驾驶 航空器 无人机 。,《工程力学基础》、《电工与电子技术基础》、《航空工程材料与成型工艺》、航空CAD、《航空气象与飞行环境》、《飞行原理与空气动力学》、《无人驾驶航空器系统导论》、《通用航空器概论》、《机载雷达与通信导航》、《无人驾驶航空器系统总体设计》、《无人驾驶航空器排系统组装与调试》、《无人驾驶航空器系统维护与维修》 。,地理信息部门、电力部门、农林植保以及无人机研发制造等相关企事业单位 事航测、航拍、地质探测、低空无人机操控员、维护维修人员、地勤人员、搭载设备操控人员、数据处理人员等岗位工作。,https://p.qianwen.com/major/tab?app=index&collegesTab=allColleges&webCompassApp=true&q=%E6%97%A0%E4%BA%BA%E9%A9%BE%E9%A9%B6%E8%88%AA%E7%A9%BA%E5%99%A8%E7%B3%BB%E7%BB%9F%E5%B7%A5%E7%A8%8B%E4%B8%93%E4%B8%9A&entry=gaokao_channel&device=pc
飞行器环境与生命保障工程,082005,工学,航空航天类,四年,工学学士,88775,6600,华东地区,机械设计/制造,航天航空,物理+化学,本专业培养能够系统地掌握飞行器环境控制、传热学、流体力学、工程热力学、计算机、电工学、电子学和机械等学科基础知识以及航空航天生理学、航空航天生命保障系统的专业基本理论知识，并了解本领域的现状与发展趋势，熟悉飞行器内温度、压力等环境参数控制系统和设备的设计方法；具有设备测试、调试及运行管理的能力，及较强的自学能力、创新意识和较高的综合素质的专业人才；学生毕业后主要在航空、航天、民航、机械、建筑、化工、部队等部门从事飞行器环境与生命保障、空调与制冷技术方面的技术、管理、教学及研究工作。,《空气调节》、《泵与风机》、《飞机防冰系统》、《飞机座舱参数控制》、《飞行器环境控制》、《热工测量与仪表》、《现代制冷空调技术》、《制冷附件》、《制冷原理与设备》、《制冷装置自动化》。,飞机设计与制造，科研人员,https://p.qianwen.com/major/tab?app=index&collegesTab=allColleges&webCompassApp=true&q=%E9%A3%9E%E8%A1%8C%E5%99%A8%E7%8E%AF%E5%A2%83%E4%B8%8E%E7%94%9F%E5%91%BD%E4%BF%9D%E9%9A%9C%E5%B7%A5%E7%A8%8B%E4%B8%93%E4%B8%9A&entry=gaokao_channel&device=pc
飞行器控制与信息工程,082008T,工学,航空航天类,四年,工学学士,78708,,,,,物理+化学,飞行器控制与信息工程主要研究飞行器控制系统设计与仿真、信息系统与网络设计等方面的基本知识和技能，涉及控制工程、信息科学、电子技术等多个学科，进行飞行器控制与信息系统的开发设计等，以实现飞行器智能化、自主化。例如：卫星、导弹等飞行器的定向控制，飞机的导航与信息处理等。 关键词：飞行器 控制 导航 无人驾驶。,《理论力学》、《模拟电子技术》、《数字电路与系统设计》、《自动控制原理》、《航天器动力学基础》、《航天器控制技术基础》、《航天器导航技术》、《飞行器信息融合理论及应用》、《航天器再入返回控制》、《电机与控制元件》。,航空航天类企业：飞行器控制与信息系统的设计开发、飞行器信息处理与传输。,https://p.qianwen.com/major/tab?app=index&collegesTab=allColleges&webCompassApp=true&q=%E9%A3%9E%E8%A1%8C%E5%99%A8%E6%8E%A7%E5%88%B6%E4%B8%8E%E4%BF%A1%E6%81%AF%E5%B7%A5%E7%A8%8B%E4%B8%93%E4%B8%9A&entry=gaokao_channel&device=pc
智能飞行器技术,082010T,工学,航空航天类,四年,工学学士,55075,,,,,物理+化学,​智能飞行器技术专业为服务国家在智能飞行器技术领域对高素质专业的人才需求，培养具有扎实的数学、力学、信息学、计算机科学等理论基础，掌握人工智能、大数据、飞行器自互联、人机互联等前沿技术，熟悉新一代通讯、芯片、微电子架构体系的创新复合型人才。,《动力学与控制》《空气动力学》《材料与结构》《工程热力学》《控制系统原理》《飞行器总体设计》《航空电子系统》《飞行器制造工艺及设计》。,本专业的毕业生主要就业于航空航天领域相关行业的科研院所、大中型企业、合资企业及高等院校从事设计、生产和科研等方面的工作。,https://p.qianwen.com/major/tab?app=index&collegesTab=allColleges&webCompassApp=true&q=%E6%99%BA%E8%83%BD%E9%A3%9E%E8%A1%8C%E5%99%A8%E6%8A%80%E6%9C%AF%E4%B8%93%E4%B8%9A&entry=gaokao_channel&device=pc
飞行器运维工程,082012T,工学,航空航天类,四年,工学学士,4676,,,,,,飞行器运维工程主要研究航空航天、机械工程等方面的基本理论和知识，进行飞行器的运维、维修和管理。例如：飞机的日常维护，飞行器故障的诊断与修复，飞行器运维系统的管理等。该专业在航空航天企业、机场等有广泛应用，是保障飞行安全的重要力量。,航空概论，飞行器结构，航空发动机，航空电子，维护工程，故障诊断，航空法规，安全管理，飞行器系统，维修技术,航空公司：飞行器维护、维修； 机场：机务管理、维修保障； 航空企业：技术支持、质量控制； 深造：考研或保研，继续航空航天工程、飞行器设计与工程等相关专业的学习深造。,https://p.qianwen.com/major/tab?app=index&collegesTab=allColleges&webCompassApp=true&q=%E9%A3%9E%E8%A1%8C%E5%99%A8%E8%BF%90%E7%BB%B4%E5%B7%A5%E7%A8%8B%E4%B8%93%E4%B8%9A&entry=gaokao_channel&device=pc
空天智能电推进技术,082011T,工学,航空航天类,四年,工学学士,2859,,,,,,空天智能电推进技术是实现我国3060碳达丰和碳中和双碳目标的重要手段，为适应绿色动力推进技术与新一代信息技术的时代发展，按照新工科发展要求，培养具有空天动力、能源、控制、信息学等交叉学科背景的创新型科技人才。,《高端计算及其应用》、《嵌入式系统设计》、《计算机图形学与CAD方法》、《面向对象分析与设计》、《信息融合技术》、《传感器网络》、《科学计算可视化》、《飞行器导航制导与控制》等。,主要面向各大航空航天科研院所、航空材料研究院、军科院和航空公司从事科研、技术研发、工程设计、测试、制造、使用、维修等工作。,https://p.qianwen.com/major/tab?app=index&collegesTab=allColleges&webCompassApp=true&q=%E7%A9%BA%E5%A4%A9%E6%99%BA%E8%83%BD%E7%94%B5%E6%8E%A8%E8%BF%9B%E6%8A%80%E6%9C%AF%E4%B8%93%E4%B8%9A&entry=gaokao_channel&device=pc
土木工程,081001,工学,土木类,四年,工学学士,2261321,6200,北京市,现场专业人员,房地产,物理+化学 / 物理+化学+地理,土木工程专业培养掌握土木工程学科的基本原理和基本知识，能在房屋建筑、地下建筑、道路、隧道、桥梁建筑、水电站、港口及近海结构与设施、给水排水和地基处理等领域从事规划、设计、施工、管理和研究工作的高级工程专门人才。本专业要求学生熟练掌握工业与民用建筑工程、市政工程、基础工程与地下工程、道路工程、建筑结构和建筑材料等方面的专业知识，具有进行相关工程设计、施工、组织管理、设备配套及操作的基本素质；掌握工程规划与选型、结构分析与设计、工程材料、基础设计及地基处理方面的基础知识，掌握有关建筑机械、电工、工程测量、施工技术与组织等方面的基本技术，具有从事科学研究工作的基本能力和较强的科技创新能力。,《建筑施工技术》、《土木工程材料》、《建筑工程造价》、《土木工程CAD》、《材料力学》、《工程制图》、《结构力学》、《混凝土结构》、《建筑结构抗震》、《土力学》 部分高校按以下专业方向培养：结构、安全工程、房屋建筑、建筑工程、交通土建、岩土工程、注册建造师、城市地下工程、道路与桥梁工程、注册造价工程师。,土木/土建/结构工程师，施工员，建筑工程师，道路/桥梁/隧道工程技术，建筑施工现场管理，工程造价/预结算，公务员(中央国家机关)，公务员(省级机关)，公务员(地市级机关)，公务员(区县级及以下机关)，事业单位人员,https://p.qianwen.com/major/tab?app=index&collegesTab=allColleges&webCompassApp=true&q=%E5%9C%9F%E6%9C%A8%E5%B7%A5%E7%A8%8B%E4%B8%93%E4%B8%9A&entry=gaokao_channel&device=pc
建筑环境与能源应用工程,081002,工学,土木类,四年,工学学士,698355,6200,北京市,给排水/暖通/空调,房地产,物理+化学,建筑环境工程专业是致力于解决民用、工业生产、医疗、交通、航天等领域的室内环境问题的学科，为人们创造健康舒适的热湿环境、空气质量环境、声光环境等，是一门涉及国计民生的综合性学科，涵盖了健康、能源、环境等人们广泛关注的内容。本专业学生主要学习能源与动力工程、建筑环境的基础理论和技术，接受现代建筑设备工程师的基本训练，具有进行动力机械、热工设备的设计、运行、管理的基本能力，能够在国民经济各部门从事建筑室内环境控制、暖通空调、给排水、燃气供应、热力供应和楼宇自动化等公用设施系统的规划、设计、制造、安装、调试、运行和管理等方面的工作。,《建筑力学》、《工程热力学》、《传热学》、《流体力学》、《建筑环境学》、《建筑环境与能源学》、《热质交换理论与设备》、《流体输配管网》、《建筑环境测试技术》、《热泵技术》 部分高校按以下专业方向培养：建筑设备。,给排水/暖通/空调工程，建筑工程师，建筑工程造价人员，建筑施工现场管理，施工员，石油与天然气工程技术人员，土木建筑工程人员，空调/热能工程师,https://p.qianwen.com/major/tab?app=index&collegesTab=allColleges&webCompassApp=true&q=%E5%BB%BA%E7%AD%91%E7%8E%AF%E5%A2%83%E4%B8%8E%E8%83%BD%E6%BA%90%E5%BA%94%E7%94%A8%E5%B7%A5%E7%A8%8B%E4%B8%93%E4%B8%9A&entry=gaokao_channel&device=pc
给排水科学与工程,081003,工学,土木类,四年,工学学士,436817,5800,北京市,给排水/暖通/空调,房地产,物理+化学,本专业是以保证水资源可持续利用为目标，以水的社会循环，即取水、给水、处理、排放为研究对象，水质水量并重，以水质为核心，培养能在政府、规划、管理、环保、设计、施工、工矿企业、科研教学等部门从事水资源评价、开发、保护利用、加工输送及规划管理、设计施工、教学研究开发工作的高级工程技术人才的专业。,《水分析化学》、《排水工程》、《给水工程》、《城市水工程概论》、《水分析化学实验》、《泵与泵站》、《给水排水管网系统》、《建筑给排水工程》、《水处理生物学》、《水文学与水文地质学》 部分高校按以下专业方向培养：城市水科学与市政工程。,给排水/暖通/空调工程，给排水/暖通/空调工程，给排水/暖通/空调工程，市政工程师，项目专员/助理，施工员,https://p.qianwen.com/major/tab?app=index&collegesTab=allColleges&webCompassApp=true&q=%E7%BB%99%E6%8E%92%E6%B0%B4%E7%A7%91%E5%AD%A6%E4%B8%8E%E5%B7%A5%E7%A8%8B%E4%B8%93%E4%B8%9A&entry=gaokao_channel&device=pc
道路桥梁与渡河工程,081006T,工学,土木类,四年,工学学士,308472,7600,华中地区,现场专业人员,房地产,物理+化学,本专业培养学生道路桥梁与渡河工程学科的基本理论和专业知识，具有从事道路桥梁与渡河工程的规划、设计、研究开发、施工及管理的能力，能在道路工程、桥梁工程、隧道与岩土工程等设计、研究、施工、教育、管理、投资、开发部门从事技术或管理工作；要求学生具有较扎实的自然科学基础，了解当代科学技术的现状、发展趋势和应用前景；掌握本学科相关的基本理论，掌握工程规划与选型、结构分析与设计以及工程材料应用的基本知识，掌握工程测量与勘察、工程试验与检测、施工组织与管理等方面的基本技能；具有工程制图、计算机应用、主要测试仪器使用的基本能力，具有综合应用各种手段查询资料、获取信息的能力；具有工程设计、试验、施工、管理的基本能力和研究开发的初步能力。,《路基路面工程》、《现代物流基础》、《城市道路设计》、《路基路面工程实习》、《桥梁工程》、《工程材料基础》、《结构力学》、《道路计算机辅助设计》、《桥梁工程实验与检测》、《道路景观与环境设计》 部分高校按以下专业方向培养：道路工程、桥梁工程。,道路/桥梁/隧道工程技术，考研，事业单位人员，施工员，土木/土建/结构工程师，公务员(省级机关)，公务员(地市级机关)，公务员(区县级及以下机关)，公务员(中央国家机关),https://p.qianwen.com/major/tab?app=index&collegesTab=allColleges&webCompassApp=true&q=%E9%81%93%E8%B7%AF%E6%A1%A5%E6%A2%81%E4%B8%8E%E6%B8%A1%E6%B2%B3%E5%B7%A5%E7%A8%8B%E4%B8%93%E4%B8%9A&entry=gaokao_channel&device=pc
建筑电气与智能化,081004,工学,土木类,四年,工学学士,252275,4900,华东地区,电气/自动化,房地产,物理+化学,本专业培养的是能够在建筑行业从事建筑电气和智能化领域的设计、安装、调试、运行、监理和管理等方面的工作，具有创新精神和实践能力，并具有较强工程能力的高素质实用型人才。要求学生系统掌握建筑电气与智能化领域的基础理论、基本知识和基本技能，教学以建筑物内的相关设备为对象，以智能建筑的规划、设计、施工、管理为特色；强弱电结合；建筑设备和智能化技术结合，注重学生的研究开发、工程设计及工程应用能力的培养，并突出电气工程与自动化技术在建筑领域中的应用。,《电气控制与可编程》、《建筑制图与识图》、《电工基础》、《电子技术基础》、《应用电机技术》、《电气CAD》、《制冷与空调技术》、《楼宇给排水》、《楼宇综合自动化》、《建筑供电工程》。,智能大厦/布线/弱电/安防，建筑施工现场管理，施工员，给排水/暖通/空调工程，考研，电气工程师，公务员(中央国家机关)，公务员(省级机关)，公务员(地市级机关)，公务员(区县级及以下机关)，工程造价/预结算,https://p.qianwen.com/major/tab?app=index&collegesTab=allColleges&webCompassApp=true&q=%E5%BB%BA%E7%AD%91%E7%94%B5%E6%B0%94%E4%B8%8E%E6%99%BA%E8%83%BD%E5%8C%96%E4%B8%93%E4%B8%9A&entry=gaokao_channel&device=pc
智能建造,081008T,工学,土木类,四年,工学学士,186105,,,,,物理+化学,本专业适应国家建设需要，培养学生德、智、体、美全面发展，具有较好的数学和力学基础，能熟练掌握土木工程专业的基本知识，精通工程结构智能设计原理、构件生产和施工技术，能够应用相关计算机开发语言和工程建造的一般机械和控制工程原理，完成现代土木工程的智能设计、智能生产、智能施工和全过程运行维护管理，并具备终身学习能力、创新能力和国际视野的行业人才。例如：可从事土木工程项目的智能规划与设计、智能装备与施工、智能设施与防灾、智能运维与管理等工作 关键词：智能制造 智能设计 工程建造 。,《工程力学》、《结构设计原理》、《计算机语言》、《大数据》、《物联网和人工智能》、《PYTHON程序设计》、三大力学、《建造机械控制原理》、《BIM技术基础》、《智能测绘》、《混凝土结构设计原理》、《装配式结构设计与智能化设计》、《建筑工程和绿色建筑》 。,毕业生可以选择勘察、设计、施工、房地产、监理公司等传统建筑工程行业，也适合进入BIM全过程应用管理及智能建造设计生产等高新技术单位 。,https://p.qianwen.com/major/tab?app=index&collegesTab=allColleges&webCompassApp=true&q=%E6%99%BA%E8%83%BD%E5%BB%BA%E9%80%A0%E4%B8%93%E4%B8%9A&entry=gaokao_channel&device=pc
城市地下空间工程,081005T,工学,土木类,四年,工学学士,178918,5100,华中地区,现场专业人员,房地产,物理+化学,城市地下空间工程是指在城市地面以下土层或岩体中修建各种类型的地下建筑物或结构物的工程，涵盖地下铁道、公路隧道、地下停车场、过街和穿越障碍的各种地下通道等交通设施，各类地下制作车间、电站、储存库房、商场、人防与市政地下工程等工业与民用工程，以及文化、体育、娱乐与生活方面的地下联合建筑体工程等。本专业主要培养在知识、能力、素质各方面协调发展，拥有扎实的数学、力学等自然科学和人文社会科学基础知识，系统掌握城市地下空间工程勘察、规划、建筑结构设计与施工、隧道及地下工程设计与施工等方面的基本技术和管理知识，具有较强实践能力和一定创新能力的高级专门人才。,《材料力学》、《结构力学》、《土力学与基础工程》、《土木工程材料》、《房屋建筑学》、《工程地质》、《工程爆破》、《钢结构设计原理》、《城市地下规划与设计》、《城市地下空间开发利用》。,事业单位人员，道路/桥梁/隧道工程技术，土木/土建/结构工程师，工程造价/预结算，施工员，市政工程师，考研，建筑施工现场管理,https://p.qianwen.com/major/tab?app=index&collegesTab=allColleges&webCompassApp=true&q=%E5%9F%8E%E5%B8%82%E5%9C%B0%E4%B8%8B%E7%A9%BA%E9%97%B4%E5%B7%A5%E7%A8%8B%E4%B8%93%E4%B8%9A&entry=gaokao_channel&device=pc
铁道工程,081007T,工学,土木类,四年,工学学士,136830,,,,,物理+化学,铁道工程主要研究铁道的规划、设计、施工、管理和养护等方面的基本知识和技能，涉及铁道、交通和土建等领域。例如：铁道线路的规划，高速铁路的勘测设计，铁道的维护养护等。 关键词：铁道 线路 高铁 隧道。,《工程制图》、《工程测量》、《铁路线路》、《铁路桥涵》、《铁路隧道》、《施工组织设计与预算》、《高速铁路》、《新型轨道结构》、《施工企业管理》、《工程项目施工组织设计实习》。,工程类企业：工程设计、工程测量、工程检测、施工管理； 政府、事业类单位：铁道线路规划、铁路勘测、铁道养护、铁道管理。,https://p.qianwen.com/major/tab?app=index&collegesTab=allColleges&webCompassApp=true&q=%E9%93%81%E9%81%93%E5%B7%A5%E7%A8%8B%E4%B8%93%E4%B8%9A&entry=gaokao_channel&device=pc
土木、水利与海洋工程,081009T,工学,土木类,四年,工学学士,74398,,,,,物理+化学,土木、水利与海洋工程”实行大类招生、大类培养和大类出口，以强化“宽口径、厚基础、强实践、多样化”的通识教育和专业教育融合，满足未来社会对创新型和复合型杰出人才的需求。面向全国乃至全球的城市与基础设施建设、水资源与水安全保障、海洋能源资源开发等重大国民经济领域的可持续发展。例如：发展方向覆盖建筑、市政、交通、水利、海洋、环境、能源、房地产、金融、社会管理等众多行业。 关键词：土木 水利 海洋工程 。,《水力学》、《河流动力学》、《工程测量》、《工程力学》、《流体力学》、《岩土力学》、《地基与基础》、《工程地质学》、《工程水文学》、《工程制图》、《计算机应用》、《建筑材料》、《混凝土结构》、钢结构、《工程结构》、《给水排水工程》、《施工技术与管理》、《海洋科学导论》、《生物海洋学》、《海洋地质学》、《海洋调查与观测技术》 。,毕业生可在进入建筑、市政、交通、水利、海洋、环境、能源、房地产、金融、社会管理等行业。,https://p.qianwen.com/major/tab?app=index&collegesTab=allColleges&webCompassApp=true&q=%E5%9C%9F%E6%9C%A8%E3%80%81%E6%B0%B4%E5%88%A9%E4%B8%8E%E6%B5%B7%E6%B4%8B%E5%B7%A5%E7%A8%8B%E4%B8%93%E4%B8%9A&entry=gaokao_channel&device=pc
土木、水利与交通工程,081010T,工学,土木类,四年,工学学士,68510,,,,,物理+化学,土木、水利与交通工程专业旨在培养学生掌握土木、水利与交通等建设工程学科前沿知识，融合土木水利交通、加强创新实践，提升学生主动适应未来社会经济发展的能力。,《结构工程》《岩土工程》《市政工程》《工程管理》《水利工程及交通工程》等。,暂无简介。,https://p.qianwen.com/major/tab?app=index&collegesTab=allColleges&webCompassApp=true&q=%E5%9C%9F%E6%9C%A8%E3%80%81%E6%B0%B4%E5%88%A9%E4%B8%8E%E4%BA%A4%E9%80%9A%E5%B7%A5%E7%A8%8B%E4%B8%93%E4%B8%9A&entry=gaokao_channel&device=pc
城市水系统工程,081011T,工学,土木类,四年,工学学士,66515,,,,,物理+化学,城市水系统专业以“保护城市水资源、提升城市水环境、重构城市水生态、保障城市水安全”为导向，以水力学、生物学、水文学为学科基础，综合运用城乡规划学、水质工程学、风景园林学、水利工程、道路交通、信息科学、管理学、经济学等相关学科知识和技术，吸收城市水资源规划、水环境治理、水生态保护、水景观设计、水文化传承等多方面的研究成果，解决城市水系统规划、海绵城市建设和黑臭水体治理方面的规划、设计、管理等问题，以实现城市与水和谐发展。,《水力学》《水处理生物学》《水文学与水文地质学》《城市水系统工程》《普通化学》《工程力学》《测量学》《工程制图》《微生物学》《计算机技术及绘图》《污染物监测和分析》《工程设计》。,该专业毕业生主要就业领域包括：水务集团、海绵城市建设公司、水生态环境企业、城市水系统规划设计研究院、生态环境管理政府职能部门等。,https://p.qianwen.com/major/tab?app=index&collegesTab=allColleges&webCompassApp=true&q=%E5%9F%8E%E5%B8%82%E6%B0%B4%E7%B3%BB%E7%BB%9F%E5%B7%A5%E7%A8%8B%E4%B8%93%E4%B8%9A&entry=gaokao_channel&device=pc
工程软件,081013T,工学,土木类,四年,工学学士,4612,,,,,,工程软件专业主要研究工程技术与软件技术交叉融合，是以计算机、土木工程、机械工程、软件工程、应用数学等多学科交叉、知识融合为基础，深度融合数字化、信息化与智能化，是结合了人工智能、大数据、数字孪生、物联网等先进技术发展而成的新工科专业。关键词：计算机 土木工程 信息化 人工智能,软件工程，编程基础，算法设计，数据结构，数据库原理，计算机网络，软件测试，项目管理，UI/UX设计，系统分析与设计,软件企业：工程软件开发、测试； 工程建设单位：软件应用、维护； 科研院所：工程软件研究； 深造：考研或保研，继续软件工程、计算机科学与技术等相关专业的学习深造。,https://p.qianwen.com/major/tab?app=index&collegesTab=allColleges&webCompassApp=true&q=%E5%B7%A5%E7%A8%8B%E8%BD%AF%E4%BB%B6%E4%B8%93%E4%B8%9A&entry=gaokao_channel&device=pc
智能建造与智慧交通,081012T,工学,土木类,四年,工学学士,3416,,,,,,智能制造与智慧交通专业重点在基础设施“智能”和“智慧”两大领域，根据新工科建设要求，面向国家新型基础设施建设、运维和社会经济发展需要，培养德智体美劳全面发展，具有良好的人文社会科学素养、社会责任感和工程职业道德；具有扎实的数学和自然科学基础、系统的交通土木类专业知识，突出的跨学科交叉创新能力；具有优秀的工程实践能力，了解未来技术和产业发展趋势，能胜任国家基础设施的智能建造与智慧运维及相关领域的规划设计、建造与施工、管理与运维、科教等工作，具备跨界发展从事计算机、人工智能、信息技术、投资管理等工作的潜力；具有国际化视野、自主学习和自主创新意识、团队合作与沟通等综合素养的应用研究型领军人才。,《工程智能机器人》、《智能施工与装备》、《大数据挖掘与区块链技术》、《钢筋混凝土结构基本原理》等。,可到国家与省、市的发展规划部门、市政、建筑等行政主管部门，交通规划与设计部门、交通管理部门、交通工程公司等单位从事交通运输规划、交通工程设计、交通控制系统开发等方面的工作，也可在高等院校、科研院所从事教学和科学研究工作。,https://p.qianwen.com/major/tab?app=index&collegesTab=allColleges&webCompassApp=true&q=%E6%99%BA%E8%83%BD%E5%BB%BA%E9%80%A0%E4%B8%8E%E6%99%BA%E6%85%A7%E4%BA%A4%E9%80%9A%E4%B8%93%E4%B8%9A&entry=gaokao_channel&device=pc
建筑学,082801,工学,建筑类,四-五年,工学学士,1824393,6100,上海市,建筑设计/规划,房地产,物理 / 地理 / 物理+化学 / 物理+地理,建筑学是一门综合性较强的学科，涉及理、工、文、艺诸领域，具有科学与艺术、理工与人文结合的特点；学生主要学习建筑设计基础、建筑设计、居住区规划与居住建筑设计、大型公共建筑设计为主干的系列课程，以及交通建筑与城市设计、绿色建筑与工业化、建筑遗产与保护等特色方向的课程，受到建筑设计、城市设计、建筑技术等方面的基本训练，具备较强的建筑创新思维和专业设计能力。,《平面与立体构成》、《水彩》、《建筑设备工程》、《概念设计》、《居住区规划设计》、《建筑初步》、《古建筑设计》、《城市规划与设计原理》、《居住建筑设计原理》、《CAD绘图基础》 部分高校按以下专业方向培养：室内设计、注册建筑师、古建筑修缮与保护。,建筑设计师，建筑工程师，房地产项目开发报建，事业单位人员，建筑制图，室内装潢设计，房地产项目策划专员/助理，建筑施工现场管理，CAD设计/制图,https://p.qianwen.com/major/tab?app=index&collegesTab=allColleges&webCompassApp=true&q=%E5%BB%BA%E7%AD%91%E5%AD%A6%E4%B8%93%E4%B8%9A&entry=gaokao_channel&device=pc
城乡规划,082802,工学,建筑类,四-五年,工学学士,750847,5300,北京市,建筑设计/规划,房地产,物理 / 地理 / 历史 / 物理+化学 / 物理+地理 / 历史+地理,本专业针对我国快速城市化背景下的人才需求，为城市建设与城市管理培养复合型高级人才，涵盖城市空间规划与设计，城市管理与法规，城市历史保护，交通规划，景观规划等方向。在校期间，学生除学习自然科学、人文社科基础知识外，还将学习工程图学、测绘学、城市规划设计、城市规划管理与法规、城市道路交通、城市基础工程、城市生态学、城市经济学、城市地理学等专业课，通过场地设计、修建性详细规划、城市设计、控制性详细规划、城市总体规划、区域规划等为主干的系列课程学习，辅以建筑设计、景观设计等课程学习，使学生受到城市空间设计、城市规划管理、城市问题研究等方面的基本训练，具有较强的城市问题分析能力和城市规划设计能力。,《城市规划原理》、《城市规划设计》、《城市设计》、《城市规划理论与城市发展史》、《城市道路与交通》、《城市生态与环境保护》、《城市地理学》、《城市经济学》、《区域规划》 部分高校按以下专业方向培养：景观设计。,城市规划与设计，事业单位人员，建筑设计人员，建筑工程师，风景园林工程技术人员，房地产项目开发报建，房地产项目策划专员/助理,https://p.qianwen.com/major/tab?app=index&collegesTab=allColleges&webCompassApp=true&q=%E5%9F%8E%E4%B9%A1%E8%A7%84%E5%88%92%E4%B8%93%E4%B8%9A&entry=gaokao_channel&device=pc
风景园林,082803,工学,建筑类,四-五年,工学学士、艺术学学士,646921,5100,西南地区,建筑设计/规划,房地产,物理 / 历史 / 地理 / 生物 / 历史+地理 / 物理+化学 / 生物+地理,本专业与建筑学、城乡规划学共同构成三位一体的人居环境设计学科，是建筑学、城市规划、环境艺术、市政工程设计、动植物学等多学科交叉的综合学科，其宗旨是综合利用科学和艺术手段设计美好的室外生活环境。本专业培养基础扎实，知识面宽，专业素质高，实践能力强，具备风景园林规划设计、文化景观与遗产保护设计、绿地公园规划设计、园林古建筑设计、城市设计等方面的知识的专业应用型人才。在校期间，学生可获得园林绿地规划与设计、风景名胜区规划、城市景观规划设计、园林建筑设计、风景园林工程设计及园林植物种植设计等领域的基本理论和基本知识；受到绘画技法、制图方法、风景园林表现技法、规划设计方法等方面的综合训练；具有运用所学艺术理论、设计理论，进行风景园林艺术设计及表达、园林施工与组织管理的基本能力。,《风景园林建筑设计》、《园林生态学》、《风景园林设计》、《园林综合studio》、《建筑初步》、《城市景观规划设计》、《园林植物基础》、《风景园林工程》、《中外城市建设史》、《城市规划与设计原理》 部分高校按以下专业方向培养：规划设计、景观建筑设计、园林工程技术、景观规划与绿地设计。,园林/景观设计，事业单位人员，公务员(中央国家机关)，公务员(省级机关)，大学教师，公务员(区县级及以下机关)，考研，园艺师，公务员(地市级机关),https://p.qianwen.com/major/tab?app=index&collegesTab=allColleges&webCompassApp=true&q=%E9%A3%8E%E6%99%AF%E5%9B%AD%E6%9E%97%E4%B8%93%E4%B8%9A&entry=gaokao_channel&device=pc
历史建筑保护工程,082804T,工学,建筑类,四-五年,工学学士,173833,6200,上海市,,,物理,本专业以建筑学学科为基础，主修建筑遗产保护理论、建筑历史与理论，兼修建筑设计及其理论、城市规划与设计、土木工程学、建筑技术科学、艺术学、历史学、美学等学科内容，要求学生系统掌握历史建筑与历史环境保护与再利用的理论、方法和技术，着重培养有较高建筑学素养和特殊保护技能的专家和未来的专业领导者。,《历史建筑保护工程》、《建筑历史与理论》、《建筑设计及其理论》、《建筑技术科学》、《建筑初步》、《保护技术》、《历史建筑形制与工艺》、《艺术史》。,政府、事业类单位：历史建筑保护、文物保护、古建筑修缮、历史环境再生。,https://p.qianwen.com/major/tab?app=index&collegesTab=allColleges&webCompassApp=true&q=%E5%8E%86%E5%8F%B2%E5%BB%BA%E7%AD%91%E4%BF%9D%E6%8A%A4%E5%B7%A5%E7%A8%8B%E4%B8%93%E4%B8%9A&entry=gaokao_channel&device=pc
城市设计,082806T,工学,建筑类,四年,工学学士,112569,,,,,物理+化学,在建筑界的具体定义通常是指以城市作为研究对象的设计工作，介于城市规划、景观建筑与建筑设计之间的一种设计。相对于城市规划的抽象性和数据化，城市设计更具有具体性和图形化。,《建筑与城市概论》、《建筑设计原理》、《城市设计原理》、《城市规划原理》、《景观设计原理 》、《城市发展史》、《城市设计理论》、《城市交通学原理》、《城市社会学原理》、《城市经济学原理》、《城市形态学原理等》、《城市阅读》、《艺术史》、《建筑史》、《建筑评论》、《建筑与城市理论》等 。,除进入研究生阶段继续学习深造以外，毕业生还可以进入各级政府的规划、建设主管部门从事相关管理工作；进入国内外各类专业设计机构从事设计工作；进入房地产公司等企业单位从事设计管理工作；进入大专院校、研究所等科研教学机构从事科研工作；自主创业等。,https://p.qianwen.com/major/tab?app=index&collegesTab=allColleges&webCompassApp=true&q=%E5%9F%8E%E5%B8%82%E8%AE%BE%E8%AE%A1%E4%B8%93%E4%B8%9A&entry=gaokao_channel&device=pc
智慧建筑与建造,082807T,工学,建筑类,四年,工学学士,88901,,,,,物理+化学,本专业旨在培养兼具智慧建筑与建造相关自然科学知识与人文精神素养，掌握智慧建筑与建造基础与前沿理论方法和技术工具，能够解决建筑全生命周期内复杂工程问题，引领智慧建筑设计与建造及其相关领域未来发展的创新型工程科技人才。,《建筑学》、《人居环境导论》、《创意设计》、《画法几何与阴影透视》、《建筑设计基础》、《造型艺术基础》、《人工智能与算法设计》、《建筑力学与建筑结构》、《建筑构造》、《建筑环境交互原理》、《智慧建筑设计与建造》、《外国建筑史》、《中国建筑史》、《建筑设备》等 。,毕业后可任职于设计机构、高科技企业、地产企业、国家机关、高等学校、科研单位等，从事设计、管理、教学、研究等工作。,https://p.qianwen.com/major/tab?app=index&collegesTab=allColleges&webCompassApp=true&q=%E6%99%BA%E6%85%A7%E5%BB%BA%E7%AD%91%E4%B8%8E%E5%BB%BA%E9%80%A0%E4%B8%93%E4%B8%9A&entry=gaokao_channel&device=pc
人居环境科学与技术,082805T,工学,建筑类,四年,工学学士,55955,,,,,物理+化学,在我国当前新型工业化、信息化、城镇化发展及农村人居环境整治的大背景下，发挥我校土建和环境类多学科交叉办学资源优势，在开创“大数据+智慧城市”新工科专业方向的同时，促进相关传统专业（包括土木工程专业、建筑环境与能源应用工程、环境科学专业）在“互联网+”背景下的更新改造升级，培养能够在未来智慧城市建设方面发挥引领作用的优秀人才。例如：搞城市规划、城市设计 关键词：土木 智慧城市 建筑 。,《人居环境科学导论》《城市地理学》《城市规划概论（设计）》《现代城市与住宅设计》《城市防灾与减灾》《城市经济学》等 。,适合城市规划设计、城市运营管理、土地规划与建设、房地产开发等单位从事城市、村镇、小区等的规划设计与管理方面的工作，也可以在高校、科研、政府机关等事业单位工作 。,https://p.qianwen.com/major/tab?app=index&collegesTab=allColleges&webCompassApp=true&q=%E4%BA%BA%E5%B1%85%E7%8E%AF%E5%A2%83%E7%A7%91%E5%AD%A6%E4%B8%8E%E6%8A%80%E6%9C%AF%E4%B8%93%E4%B8%9A&entry=gaokao_channel&device=pc
自动化,080801,工学,自动化类,四年,工学学士,2004255,6300,北京市,电气/自动化,自动化,物理+化学 / 物理+化学+生物,本专业以自动控制理论为主要理论基础，以电子技术、计算机信息技术、传感器与检测技术等为主要技术手段，对各种自动化装置和系统实施控制，是计算机硬件与软件结合、机械与电子结合、元件与系统结合、运行与制造结合，集控制、计算机、电气、机械为一体的综合性学科专业。本专业既强调学生有扎实的理论基础，也突出学生的实践技能，并注意加强学生在工程技术方面创新能力的培养。,《模拟电路基础》、《电磁场与电磁波技术》、《DCS与组态软件》、《自动控制基础》、《单片机及接口技术》、《机械设计原理》、《Visual Basic语言》、《电机及其运动控制系统》、《DCS/PLC/FCS原理与应用》、《运动控制》、《自动化系统工程设计》、《传感器原理与检测技术》 部分高校按以下专业方向培养：楼宇自动化、电气技术教育、电气自动化技术、机器人技术教育、演艺工程与舞台技术、城市轨道自动化与控制。,软件工程师，电气工程师，事业单位人员，电力工程师/技术员，公务员(中央国家机关)，考研，公务员(地市级机关)，公务员(区县级及以下机关)，硬件工程师，自动化工程师，公务员(省级机关),https://p.qianwen.com/major/tab?app=index&collegesTab=allColleges&webCompassApp=true&q=%E8%87%AA%E5%8A%A8%E5%8C%96%E4%B8%93%E4%B8%9A&entry=gaokao_channel&device=pc
轨道交通信号与控制,080802T,工学,自动化类,四年,工学学士,630374,6500,华东地区,,,物理+化学,本专业旨在培养掌握电子技术、轨道交通信号技术、控制理论，轨道交通信号与控制专业的基础知识和专业知识，铁路通信及信号设备的维护管理以及应用开发技术的高技能应用型人才， 具有从事铁路通信和信号系统工程安装、管理、使用与维护、设计与施工等方面的工作能力。本专业学生主要学习轨道交通信号与控制方面的基础理论和基本知识，具有电子技术、计算机软硬件应用方面的基础理论，通过系统理论学习，具有设计、开发、集成及应用通信系统及铁路通信信号系统等方面的基本能力；具有铁路信号、信号基础设备的现场应用、安装、调试及运行管理能力。毕业生可在铁路通信及信号的设计、施工和维修养护等部门工作。,《电子技术》、《微机原理与接口技术》、《自动控制理论》、《信号与系统分析》、《计算机网络》、《电磁兼容及可靠性理论》、《铁路信号运营基础》、《信号基础设备原理》、《车站信号自动控制》、《区间信号自动控制》、《铁路信号远程控制》、《列车运行控制系统》。,公交/地铁乘务，计算机软件工程师，事业单位人员，车站货运作业组织员，城市轨道交通线路工，中等职业学校教师，通信技术工程师，地勤人员,https://p.qianwen.com/major/tab?app=index&collegesTab=allColleges&webCompassApp=true&q=%E8%BD%A8%E9%81%93%E4%BA%A4%E9%80%9A%E4%BF%A1%E5%8F%B7%E4%B8%8E%E6%8E%A7%E5%88%B6%E4%B8%93%E4%B8%9A&entry=gaokao_channel&device=pc
机器人工程,080803T,工学,自动化类,四年,工学学士,476956,,,,,物理+化学 / 物理+化学+生物,机器人工程主要研究工业机器人的结构、设计、应用等方面的基本知识和技术，进行机器人工作站的设计、装调与改造等，以提高工业生产的效率。例如：工业生产线使用的机器人的设计研发，自动焊接机器人的制造，激光加工机器人的装调等。 关键词：机器人 工业 编程 自动化。,《高级语言程序设计》、《电路分析》、《机械设计基础》、《自动控制原理》、《微机原理及接口技术》、《电机与电气控制技术》、《单片机原理及其应用》、《机械制造基础》、《PLC原理与应用》、《工业机器人控制系统》、《运动控制系统》、《工业机器人计算机编程》。,机器人类企业：机器人设计、装配、调试、改造、技术开发、机器人自动化生产线的设计、应用开发、程序设计、运行管理； 工业类企业：自动控制、设备运行、自动化生产。,https://p.qianwen.com/major/tab?app=index&collegesTab=allColleges&webCompassApp=true&q=%E6%9C%BA%E5%99%A8%E4%BA%BA%E5%B7%A5%E7%A8%8B%E4%B8%93%E4%B8%9A&entry=gaokao_channel&device=pc
邮政工程,080804T,工学,自动化类,四年,工学学士,93681,,,,,物理+化学,邮政工程（互联网与智慧物流）专业主要基于人工智能、大数据和物联网的物流信息技术和物流自动化技术，研究智慧物流系统的分析、设计、优化和运营管理，培养面向“互联网＋”和智能制造培养工学和管理学相结合的智慧物流高端复合型工程技术人才。例如：掌握智能化分拣系统，智能化无人仓储系统、无人机运输系统、基于大数据和人工智能的运输路线规划系统、无人驾驶配送系统、基于大数据和人工智能的智慧供应链管理系统等智慧物流系统的关键技术。 关键词：物流 智慧物流 大数据。,《控制科学与工程》、《计算机科学与技术》、《机械工程》、《管理科学与工程》。,政府部门、企事业单位、科研院所：技术、运营管理等 学习深造：控制科学与工程、计算机科学与技术、机械工程、管理科学与工程等相关的硕士、博士学科。,https://p.qianwen.com/major/tab?app=index&collegesTab=allColleges&webCompassApp=true&q=%E9%82%AE%E6%94%BF%E5%B7%A5%E7%A8%8B%E4%B8%93%E4%B8%9A&entry=gaokao_channel&device=pc
工业智能,080807T,工学,自动化类,四年,工学学士,91020,,,,,物理+化学,工业智能是融合了当下人工智能与工业自动化最前沿研究理论与技术的典型多学科交叉专业，涉及到控制论、自动化、计算机、数学等，以强化学生实践能力和创新意识为特色，目标是培养工业发展所需要的从人工经验到数据智能、从大批量流水线生产到以客户为中心的智能生产转变的创新应用型人才。,《工业数据建模》、《工业大数据分析》、《模式识别》、《智能检测技术》、《智能传感技术》、《数字信号处理》、《图像处理基础》、《工业物联网技术》等。,主要在工业类、机器制造类、科技类企业从事数控机床应用、机械研究、智能工作站调试运转、机器人生产制造等工作。,https://p.qianwen.com/major/tab?app=index&collegesTab=allColleges&webCompassApp=true&q=%E5%B7%A5%E4%B8%9A%E6%99%BA%E8%83%BD%E4%B8%93%E4%B8%9A&entry=gaokao_channel&device=pc
智能装备与系统,080806T,工学,自动化类,四年,工学学士,81082,,,,,物理+化学,智能装备与系统专业为满足国家发展智能制造需求而设立，专业定位为培养国家现代制造业迫切需求的复合型人才，使人才具备复杂控制、智能感知、人工智能、数据科学及优化决策方面的理论基础，能够设计、研制智能装备系统，从而服务我国现代制造业和国家智能制造发展战略。,《现代工程制图》、《机械设计基础》、《电气控制与PLC应用》、《传感器与检测技术》、《机电传动控制》、《数控机床》、《工业机器人技术》、《智能设备故障诊断与维修》、《人工智能技术》、《机器视觉技术及应用》、《物联网技术与应用》等。,可从事智能装备的设计制造和检测，包括工业机器人、机床和自动化生产线等智能装备的故障诊断、维护维修，以及智能系统的开发，运行、管理及装备与系统集成等方面的复合型、应用型技能人才。,https://p.qianwen.com/major/tab?app=index&collegesTab=allColleges&webCompassApp=true&q=%E6%99%BA%E8%83%BD%E8%A3%85%E5%A4%87%E4%B8%8E%E7%B3%BB%E7%BB%9F%E4%B8%93%E4%B8%9A&entry=gaokao_channel&device=pc
核电技术与控制工程,080805T,工学,自动化类,四年,工学学士,76925,,,,,物理+化学,核电技术与控制工程将核工程与核技术、测量技术、控制理论与控制工程、计算机控制技术融合在一起，形成具有核电特色的控制类专业，主要培养掌握核电技术与控制工程学科领域的基本理论和应用技术，了解自动化领域基础，具备核电仪表与控制相关技术知识和解决复杂实际工程问题能力的专业人才。例如：核电数字化仪表控制系统等的开发、设计、生产、运行、调试和维护等。 关键词：核技术、核电站、核工程。,《核反应堆物理及热工》、《自动控制理论》、《核电厂设备及运行》、《计算机技术》、《检测技术》、《计算机测控技术》、《过程控制系统及装置》 。,核电工程行业、科研设计单位、高等院校：研究、规划、设计、施工、核电厂运行管理及设备制造、研发、技术咨询等 。,https://p.qianwen.com/major/tab?app=index&collegesTab=allColleges&webCompassApp=true&q=%E6%A0%B8%E7%94%B5%E6%8A%80%E6%9C%AF%E4%B8%8E%E6%8E%A7%E5%88%B6%E5%B7%A5%E7%A8%8B%E4%B8%93%E4%B8%9A&entry=gaokao_channel&device=pc
智能工程与创意设计,080808T,工学,自动化类,四年,工学学士,61820,,,,,,培养适应智能工程行业发展需要，具有扎实的工程基础理论知识和设计功底，又有专业审美能力，旨在培养学生科技与艺术的融合能力，以智能工程为中心的创新设计能力，以及结合现代信息技术和社会需求设计与开发智能产品的创新能力，能在智能工程和相关领域从事以智能产品创新设计、先进装备创新设计为重点的设计、研究、管理工作等方面工作的德智体美劳全面发展的高素质应用型人才。,《色彩构成》《平面设计表达》《综合造型基础》《工程制图》《创意思维》《线性系统控制工程》《计算机语言及程序设计》《数据结构》《电路原理》《模拟电子技术基础工程力学》《机械设计与制造基础》《机械系统设计技术》。,该专业毕业生可以就职于需要创意设计、产品设计、交互设计、智能方案设计、视觉传达设计技术的跨领域创新性设计企业，担任智能设备、电子产品、智能家居、机器人、工业产品的设计和生产管理等职务。,https://p.qianwen.com/major/tab?app=index&collegesTab=allColleges&webCompassApp=true&q=%E6%99%BA%E8%83%BD%E5%B7%A5%E7%A8%8B%E4%B8%8E%E5%88%9B%E6%84%8F%E8%AE%BE%E8%AE%A1%E4%B8%93%E4%B8%9A&entry=gaokao_channel&device=pc
交通运输,081801,工学,交通运输类,四年,工学学士,660034,5700,上海市,物流/快递,物流运输,物理+化学,本专业培养具有国际视野的交通运输专业人才，学生将掌握交通运输规划与管理、城市交通管理与控制、交通运输系统仿真、国际运输业务、汽车理论及构造等方面的基本理论和技能。学生毕业后能在国家、省、市的城乡规划、公安交通管理、港口运输、国际进出口、汽车保险和销售等部门从交通规划、交通设施设计、运输贸易管理、汽车服务等工作。,《航空运输地理》、《空气动力学》、《飞机电子系统》、《航空运输规划学》、《智能交通运输系统》、《机械原理与机械设计基础》、《交通运输规划与设计》、《交通运输经济学》、《交通运输企业管理》、《交通运输设备》 部分高校按以下专业方向培养：航空物流、空中乘务、民航交通、汽车维修、城市轨道交通、民航电子电气、民航机务工程、汽车运用工程、民航运输业务管理、汽车电子技术与检测诊断。,事业单位人员，公务员(中央国家机关)，公务员(省级机关)，公务员(地市级机关)，公务员(区县级及以下机关)，车站货运作业组织员，公交/地铁乘务，销售代表，考研，大学教师，中等职业学校教师，地勤人员,https://p.qianwen.com/major/tab?app=index&collegesTab=allColleges&webCompassApp=true&q=%E4%BA%A4%E9%80%9A%E8%BF%90%E8%BE%93%E4%B8%93%E4%B8%9A&entry=gaokao_channel&device=pc
船舶电子电气工程,081808TK,工学,交通运输类,四年,工学学士,507466,4400,华东地区,,,物理+化学,本专业主要培养适应船舶自动化和信息化的要求，熟练掌握电气技术、电子技术、控制技术以及网络技术等理论知识，具备一定的工程素质和实际技能，满足国际海事组织STCW国际公约中规定的“电气、电子和控制工程”、“维护和修理”和“船舶操作控制和船上人员管理”等职能要求，既能够胜任现代船舶电子电气装置的管理、维护和修理等任务，又能够从事船舶电子电气工程领域的产品研发、工程设计、监造、技术支持等工作的复合型船舶工程技术类人才。,《电路原理》、《电力电子技术》、《通讯电子线路》、《自动控制原理》、《传感器原理及应用》、《船舶电站》、《船舶电力拖动系统》、《船舶电气设备及系统》、《船舶机舱自动控制系统》、《船舶电子电气工艺》。,电气工程技术人员，船舶驾驶/操作，销售工程师，系统工程师，船舶工程技术人员，采购人员，船员/水手,https://p.qianwen.com/major/tab?app=index&collegesTab=allColleges&webCompassApp=true&q=%E8%88%B9%E8%88%B6%E7%94%B5%E5%AD%90%E7%94%B5%E6%B0%94%E5%B7%A5%E7%A8%8B%E4%B8%93%E4%B8%9A&entry=gaokao_channel&device=pc
交通设备与控制工程,081806T,工学,交通运输类,四年,工学学士,496226,6400,广州市,,,物理+化学,交通设备与控制工程专业是车辆工程、机械工程和电气工程等学科的交叉和综合，主要面向新一代智能交通系统和智能交通检测系统，运用电子、信息、计算机和控制等多学科的基本理论和技术，解决交通运输领域当中的信息采集、数据处理及交通检测与控制等系列问题。通过专业学习，要求学生能够广泛、系统地掌握信息领域当中多个方向的前沿理论和技术，并融汇交通运输的行业背景。本专业通过大量的专业实践锻炼，着重培养学生在工程实践中发现、分析和解决问题的能力，毕业生可以独立从事智能交通系统的研发、设计与实现以及交通运输规划与管理等方面的工作。,《交通工程学》、《交通管理与控制》、《智能交通系统》、《计算机工程图学》、《机械设计基础》、《数字电子技术》、《控制工程基础》、《测试技术与信号处理》、《流体传动与控制》、《CAD/CAM技术》。,事业单位人员，公交/地铁乘务，动车组机械师，道路/桥梁/隧道工程技术，地勤人员,https://p.qianwen.com/major/tab?app=index&collegesTab=allColleges&webCompassApp=true&q=%E4%BA%A4%E9%80%9A%E8%AE%BE%E5%A4%87%E4%B8%8E%E6%8E%A7%E5%88%B6%E5%B7%A5%E7%A8%8B%E4%B8%93%E4%B8%9A&entry=gaokao_channel&device=pc
交通工程,081802,工学,交通运输类,四年,工学学士,416847,6400,上海市,现场专业人员,房地产,物理+化学,交通工程专业培养从事交通管理与规划、道路与桥梁设计、施工与管理的高级专门人才。本专业以运筹学、概率论与数理统计、系统工程学为基础，要求学生掌握一门外语，熟练使用计算机进行总图运输规划、设计和管理，以及交通规划设计与管理工作；学生主要学习交通工程学原理、城市规划原理、总图设计理论与方法、交通规划设计理论与方法、公路及道路工程、工业铁路工程、工程管线综合等知识系列，并付诸实践性环节，培养分析问题和解决问题以及创新能力。,《城市轨道交通车辆》、《道路建筑材料》、《模拟电路与数字电路》、《交通调查与分析》、《城市轨道交通通信原理》、《道路工程》、《交通运输自动控制原理》、《道路交通管理与控制》、《交通信息系统》、《轨道交通运营与管理》。,道路/桥梁/隧道工程技术，事业单位人员，施工员，公务员(中央国家机关)，公务员(省级机关)，公务员(地市级机关)，公务员(区县级及以下机关)，考研，土木/土建/结构工程师，市政工程师，建筑工程师,https://p.qianwen.com/major/tab?app=index&collegesTab=allColleges&webCompassApp=true&q=%E4%BA%A4%E9%80%9A%E5%B7%A5%E7%A8%8B%E4%B8%93%E4%B8%9A&entry=gaokao_channel&device=pc
救助与打捞工程,081807T,工学,交通运输类,四年,工学学士,340793,7100,广州市,,,物理+化学,本专业培养德、智、体全面发展，了解救助与打捞相关的法律法规，掌握先进的救捞技术及专业技能，熟悉现代化的救捞设备，能在交通运输部所属的救助打捞系统、各类海洋工程公司、救助打捞装备研究、设计及制造的研究所、设计所、企业以及救助打捞技术培训的教育机构从事设计、研究、制造、检验、指挥、管理及实施等工作的高级工程技术人才。,《船舶设计原理》、《船舶与海洋工程结构力学》、《流体力学》、《船舶静力学》、《航海气象学》、《潜水技术基础》、《海洋工程》、《救助工程》、《打捞工程》、《救捞应急管理》。,海洋工程类企业：救助打捞装备设计、生产制造、质量检验； 政府、事业类单位：救助打捞、海上搜救、应急救援。,https://p.qianwen.com/major/tab?app=index&collegesTab=allColleges&webCompassApp=true&q=%E6%95%91%E5%8A%A9%E4%B8%8E%E6%89%93%E6%8D%9E%E5%B7%A5%E7%A8%8B%E4%B8%93%E4%B8%9A&entry=gaokao_channel&device=pc
轮机工程,081804K,工学,交通运输类,四年,工学学士,293338,7900,上海市,船舶运输,物流运输,物理+化学,本专业培养符合国家教育方针和国际国内相关法规要求，综合素质好、安全与环保意识强、具有国际竞争能力的高级航海人才；学生通过学习可以掌握车、钳、焊、电的基本工艺和操作技能；掌握船舶主机、辅机基本性能试验和检测能力；通过国家主管机关的考试和评估，可以获得熟悉和基本安全、精通救生艇筏、高级消防、精通急救等专业合格证书及值班机工、甲类一等三管轮适任证书。,《船舶辅机》、《船舶电力系统与装置》、《船舶动力装置原理与设计》、《计算力学及工程应用》、《轮机自动化基础》、《修造船生产经营管理》、《主机拆装》、《船舶电气设备及系统》、《船机制造工艺》、《现代轮机监控技术》 部分高校按以下专业方向培养：陆上、船机修造、轮机管理。,公务员(中央国家机关)，公务员(省级机关)，公务员(地市级机关)，公务员(区县级及以下机关)，船员/水手，参军，船舶设计与制造，事业单位人员，船舶维修/保养，考研，船舶驾驶/操作,https://p.qianwen.com/major/tab?app=index&collegesTab=allColleges&webCompassApp=true&q=%E8%BD%AE%E6%9C%BA%E5%B7%A5%E7%A8%8B%E4%B8%93%E4%B8%9A&entry=gaokao_channel&device=pc
飞行技术,081805K,工学,交通运输类,四年,工学学士,231463,7700,上海市,铁路/航空运输,物流运输,物理+化学,本专业培养具备空气动力学、飞行力学、飞行性能与操纵原理等方面知识，能在民用航空公司从事民航航线飞行驾驶，并且符合国际民航航线运输机驾驶员执照标准和营运管理的高级飞行技术人才；学生主要学习飞行性能和控制原理、现代运输飞机构造等方面的基本理论和基本知识，受到识别和运用各种航图、运输机通信和空中领航的基本训练，具有民航航线飞行方面的基本能力。,《飞行原理》、《飞机构造》、《航空动力装置》、《民航飞机电子设备》、《空气动力学》、《飞行力学》、《空中领航学》、《飞行气象学》、《飞行安全》、《机组资源管理》 部分高校按以下专业方向培养：驾驶、运输机驾驶。,飞机驾驶/操作，航空乘务，水运/空运/陆运操作，地勤人员,https://p.qianwen.com/major/tab?app=index&collegesTab=allColleges&webCompassApp=true&q=%E9%A3%9E%E8%A1%8C%E6%8A%80%E6%9C%AF%E4%B8%93%E4%B8%9A&entry=gaokao_channel&device=pc
航海技术,081803K,工学,交通运输类,四年,工学学士,182763,7900,上海市,船舶运输,物流运输,,本专业培养适应21世纪社会主义现代化建设需要的，知识、能力、素质协调发展，基础扎实、知识面宽、实践能力强、敬业精神好，安全意识及环保意识强，符合经马尼拉修正的《1978年海员培训、发证和值班标准国际公约》和国家海事主管机关的相关规定要求、具有“诚毅”品格和创新精神的高素质航海技术应用型人才。学生主要学习船舶航行、货物积载与装卸和无线电通信等方面的基本理论和基本知识，受到航线设计、船舶操纵与避碰、现代航海仪器等的基本训练，掌握独立指挥和组织船舶航行与营运的基本能力。,《航海学》、《船舶操纵与避碰》、《船舶管理》、《航海气象与海洋学》、《船舶结构与货运》、《航海仪器》、《船舶无线电技术基础》、《船舶原理》、《船舶自动化基础》、《海商法》。,船舶驾驶/操作，公务员(中央国家机关)，公务员(省级机关)，行政执法人员，公务员(区县级及以下机关)，事业单位人员，船员/水手，公务员(地市级机关),https://p.qianwen.com/major/tab?app=index&collegesTab=allColleges&webCompassApp=true&q=%E8%88%AA%E6%B5%B7%E6%8A%80%E6%9C%AF%E4%B8%93%E4%B8%9A&entry=gaokao_channel&device=pc
轨道交通电气与控制,081809T,工学,交通运输类,四年,工学学士,103021,,,,,物理+化学,本专业以交通运输工程、电气工程、控制科学与工程为主要学科支撑的应用型新工科专业。 以轨道交通供电、电力牵引传动、车辆辅助电器设备及控制、车辆综合监控等理论为基础，培养适应我国轨道交通电气与控制领域的一线应用型人才。 例如：轨道交通工程师、城市轨道工程师 关键词：轨道交通 交通运输 交通 。,《电力机车与车辆概论》、《电力电子技术》、《电力系统分析》、《轨道交通设备系统》 、《继电保护原理》、《轨道交通综合监控》、《牵引供电技术》、《电力牵引传动与控制》、《接触网技术》、《电机学》 。,就业方向：轨道交通装备制造单位、轨道交通牵引供电系统建设单位、轨道交通运营单位、轨道交通维管单位就业，进行相关设备的设计、制造、调试、生产（施工）、维护和维修等工作 。,https://p.qianwen.com/major/tab?app=index&collegesTab=allColleges&webCompassApp=true&q=%E8%BD%A8%E9%81%93%E4%BA%A4%E9%80%9A%E7%94%B5%E6%B0%94%E4%B8%8E%E6%8E%A7%E5%88%B6%E4%B8%93%E4%B8%9A&entry=gaokao_channel&device=pc
智慧交通,081811T,工学,交通运输类,四年,工学学士,86509,,,,,物理+化学,智慧交通专业，通过汇聚土木工程（城市地下空间工程、交通方向）、数学、计算机科学与技术、控制科学与工程、机械制造等跨学科协同育人优势，培养“以建造和交通为基，以信息和智能为翼的新时代新工科人才，培育具备更高的融合创新创业能力和跨界整合能力的复合型人才。,《钢筋混凝土结构设计原理》《智能施工与装备》《施工组织与概预算》《桥梁工程》《弹性力学》《桥涵水文学》《公路BIM技术》《工程传感器与物联网》《大数据挖掘与区块链技术》 。,毕业生就业围绕交通大数据和智慧信控两大方向，主要从事智慧交通行业的规划设计、数据分析、应用实施和运营管理等。,https://p.qianwen.com/major/tab?app=index&collegesTab=allColleges&webCompassApp=true&q=%E6%99%BA%E6%85%A7%E4%BA%A4%E9%80%9A%E4%B8%93%E4%B8%9A&entry=gaokao_channel&device=pc
邮轮工程与管理,081810T,工学,交通运输类,四年,工学学士,28630,,,,,物理+化学,本专业培养德、智、体全面发展、理论基础扎实、工程实践能力、技术创新能力及团队协作能力强，具有良好的职业道德和社会责任感的应用型邮轮技术和管理人才。例如：从事邮轮工程及管理，设备维护保养 关键词：邮轮 邮轮工程管理 邮轮维护 。,《大学计算机基础》、《工程制图》、《工程力学》、《工程材料》、《热工与流力》、《电工与电子技术》、《自动控制原理》、《机械设计基础》、《液压与气动》、《邮轮电气设备》、《制冷空调技术》、《电梯原理与维修》、《供热与给排水》、《消防与安防系统》、《邮轮工程设备管理》、《邮轮工程英语》、《邮轮工程英语口语》 。,就业方向：从事邮轮工程及管理工作，负责相关设备的维护与管理，或从事邮轮各项保障工作，邮轮相关设备的维护、保养，船厂参与邮轮建造维修中设备现场管理等工作 。,https://p.qianwen.com/major/tab?app=index&collegesTab=allColleges&webCompassApp=true&q=%E9%82%AE%E8%BD%AE%E5%B7%A5%E7%A8%8B%E4%B8%8E%E7%AE%A1%E7%90%86%E4%B8%93%E4%B8%9A&entry=gaokao_channel&device=pc
智能运输工程,081812T,工学,交通运输类,四年,工学学士,4581,,,,,,智能运输工程专业要求学生掌握交通工程学科和智能交通运输系统的基本理论和实用技术，培养具有社会主义核心价值观，适应社会经济和智能运输工程领域发展需求，具备扎实的数学、自然科学和工程基础，能够在交通运输领域从事科学研究、规划设计和运营管理的复合型人才。,《人工智能基础及应用》、《信号与系统》、《自动控制原理》、《智能运输感知技术》、《智能运输系统设计与集成》、《交通运输控制与优化》、《计算智能基础》、《交通大数据与分布式计算技术》、《交通安全工程》等。,面向高速公路、城市交通管理部门、智能公交站场、地铁集团等企事业单位，从事机电系统、监控系统、交通控制、收费、安全管理等技术管理工作，以及ETC收费设备、交通信息采集设备、车载GPS等交通监控设备、信号机等交通控制设备的设计、安装、维护和技术支持等工作。,https://p.qianwen.com/major/tab?app=index&collegesTab=allColleges&webCompassApp=true&q=%E6%99%BA%E8%83%BD%E8%BF%90%E8%BE%93%E5%B7%A5%E7%A8%8B%E4%B8%93%E4%B8%9A&entry=gaokao_channel&device=pc
环境工程,082502,工学,环境科学与工程类,四年,工学学士,965426,5700,上海市,环境保护/监测,环保,物理+化学 / 物理+化学+生物,环境工程学是运用环境科学、工程学和其他有关学科的理论和方法，研究合理保护和利用自然资源，预防与治理环境污染，以改善环境质量，促进人类与自然协调发展的工程技术学科，对环境资源的综合利用和经济可持续发展具有极其重要作用；本专业培养从事流域、区域、城镇及企事业单位的水、气、固、土壤、噪声和其他污染的控制、治理、管理等方面的高级工程技术人才。学生在校期间，除公共基础课外，还将学习力学、化学系列课程、环境微生物学、环境工程原理等系列专业基础课及实践课程；毕业后或报考环境工程、环境科学、市政工程等专业的研究生深造，还可从事与环境相关的科研教学、规划设计、咨询评估、监察管理、施工运营、产品销售等多项工作。,《工程测量学》、《环境毒理学》、《土壤污染修复技术》、《微生物学基础》、《环境工程微生物》、《钢筋混凝土结构设计》、《环保机械与设备》、《环境工程监测》、《土壤环境学》、《环境分子生物学》 部分高校按以下专业方向培养：海洋环境工程、海洋油气资源、环境检测与质量评价。,事业单位人员，公务员(中央国家机关)，公务员(省级机关)，公务员(地市级机关)，公务员(区县级及以下机关)，给排水/暖通/空调工程，环保技术工程师，环境评价工程师，考研，环境监测工程师，水处理工程师,https://p.qianwen.com/major/tab?app=index&collegesTab=allColleges&webCompassApp=true&q=%E7%8E%AF%E5%A2%83%E5%B7%A5%E7%A8%8B%E4%B8%93%E4%B8%9A&entry=gaokao_channel&device=pc
环境科学,082503,工学,环境科学与工程类,四-五年,理学学士、工学学士,599607,5200,北京市,环境保护/监测,环保,物理+化学 / 物理+化学+生物,环境科学专业的培养目标是培养具有良好的科学素质、系统的环境科学基础和较全面的环境科学专业知识，获得科学研究的初步训练，具有分析问题和解决问题的能力，能在环境科学和环境保护事业及有关科学领域从事科研、教学和技术管理工作的高级专门人才；学生主要学习包括数理化、天地生多学科交叉的各种自然科学及社会人文科学相关的必要基础知识，基于环境问题识别及解决能力培养的相关基本理论、基本技能，受到应用基础研究、应用研究和环境决策及管理等相关领域的基本训练，具有较好的科学素养及一定的教学、研究、开发和管理能力，掌握基于环境介质的相关专业研究方法与手段，以及不同空间尺度的环境规划与决策管理的基本技能。,《环境监测技术》、《环境毒理学》、《环境土壤学》、《环境影响评价与环境规划》、《GIS与环境信息系统》、《固体废物处理及资源化》、《水处理工程》、《环境工程原理》、《大气污染治理》、《环境管理与规划》 部分高校按以下专业方向培养：监测与评价、景观规划设计、环境工程与管理。,事业单位人员，公务员(中央国家机关)，公务员(省级机关)，公务员(地市级机关)，公务员(区县级及以下机关)，助理/秘书/文员，环境监测工程师，水处理工程师，环保技术工程师，考研，环境评价工程师,https://p.qianwen.com/major/tab?app=index&collegesTab=allColleges&webCompassApp=true&q=%E7%8E%AF%E5%A2%83%E7%A7%91%E5%AD%A6%E4%B8%93%E4%B8%9A&entry=gaokao_channel&device=pc
环境生态工程,082504,工学,环境科学与工程类,四年,工学学士,532519,5900,北京市,,,物理+化学 / 物理+化学+生物,环境生态工程主要研究环境学、生态学等方面的基本知识和技能，通过运用生态学的原理、工程学的手段来进行污染防治和环境保护等。例如：水土流失、土地荒漠化等生态环境问题的治理，大气、水体、土壤等生态污染的防治，生态园林的规划设计等。 关键词：环境 生态 污染 水土流失。,《环境学》、《湿地生态学》、《固体废物处理与处置》、《景观生态学》、《生态监测环境与评价》、《生态工程学》、《保护生物学》、《产业生态学》、《环境生态规划与管理》、《水污染控制工程》。,工程类企业：生态工程、环境工程、工程设计、环境评价； 化工类企业：环保产品研发、生产管理； 政府、事业类单位：环境规划、环境管理、生态分析与评价、生态修复与建设。,https://p.qianwen.com/major/tab?app=index&collegesTab=allColleges&webCompassApp=true&q=%E7%8E%AF%E5%A2%83%E7%94%9F%E6%80%81%E5%B7%A5%E7%A8%8B%E4%B8%93%E4%B8%9A&entry=gaokao_channel&device=pc
环境科学与工程,082501,工学,环境科学与工程类,四年,工学学士,446027,5900,上海市,环境保护/监测,环保,物理+化学,本专业旨在培养具备环境科学的基本理论、基本知识、基本技能和专业素养的环境学科复合型人才，能在高等学校、科研机构攻读硕士或博士学位，或进入企事业单位、研究院所、高等学校、政府等部门从事环境工程、环境科学研究、教学、环境管理、环境评价和环境监测等工作的高级应用型人才；要求学生掌握环境科学与工程专业的基本理论知识，接受实验技能、工程实践、计算机应用、科学研究与工程设计方法等的基本训练，具备对当今环境质量进行研究和评估、对企业的环保工程进行革新改造，并能进行环保新型产品的开发设计的基本能力。,《环境毒理学》、《土壤环境学》、《水资源与水环境保护》、《固体废弃物处理和处置》、《多孔介质环境数学模型》、《功能微生物》、《环境工程原理》、《环境经济与管理》、《绿色工程概论》、《水处理工程》。,环保技术工程师，水处理工程师，事业单位人员，给排水/暖通/空调工程，给排水/暖通/空调工程，给排水/暖通/空调工程,https://p.qianwen.com/major/tab?app=index&collegesTab=allColleges&webCompassApp=true&q=%E7%8E%AF%E5%A2%83%E7%A7%91%E5%AD%A6%E4%B8%8E%E5%B7%A5%E7%A8%8B%E4%B8%93%E4%B8%9A&entry=gaokao_channel&device=pc
环保设备工程,082505T,工学,环境科学与工程类,四年,工学学士,419667,5900,上海市,,,物理+化学,本专业培养具有良好人文精神、科学素养，掌握污染控制工艺过程、基本控制单元、设备机械基础和环保过程装备等环境污染控制技术和过程装备技术及控制工程等方面的基 本理论和基本知识，能够从事环境保护设备以及成套装备的科技开发、优化设计、创新改造和应用研究等工作的高级工程技术人才；学生主要学 习环境污染控制工程(水、气和固体废物等)、机械制造基础、控制工程基础、机械设计基础、环保设备原理与设计等方面的基础知识和基本技能，具有从事环保设备设计、污染治理工程设计、组织施工、技术经济分析、测试和调试等领域工作的基本能力。,《化工原理》、《机械制造基础》、《实用废水处理技术》、《大气污染控制技术》、《环保设备与应用》、《环境工程技术经济和造价分析》、《环保产业运营》、《环保设备选用技术》、《固体废物处理与处置》、《工业安全工程》。,机械类企业：环保设备的设计、生产制造、技术开发、安装调试、设备销售； 环保类单位：环保设备的操纵、维修养护、应用研究。,https://p.qianwen.com/major/tab?app=index&collegesTab=allColleges&webCompassApp=true&q=%E7%8E%AF%E4%BF%9D%E8%AE%BE%E5%A4%87%E5%B7%A5%E7%A8%8B%E4%B8%93%E4%B8%9A&entry=gaokao_channel&device=pc
资源环境科学,082506T,工学,环境科学与工程类,四年,理学学士、工学学士,205969,6100,北京市,销售业务,房地产,物理+化学 / 物理+化学+生物,本专业培养具备资源环境科学的基本理论，掌握资源环境科学（特别是农业资源与环境）的基本技能与知识，能够进行资源与环境质量的定性与定量分析及评价；掌握提高土壤、水、养分、生物等资源利用效率的技术与方法；学会利用信息技术实现对农业资源的开发、利用与保护及退化防治等宏观管理与决策；培养能够在农业资源与环境领域从事科研、教学及技术推广等工作的高级应用型人才；学生主要学习农业资源的利用管理、农业生态、农业环境保护、资源信息技术等方面的基本理论和基本知识。受到农业资源调查与规划、土壤肥力、植物营养与施肥技术、肥料加工、生态效益分析、计算机技术等方面的基本训练，具备从事本领域工作的能力。,《农业生态学》、《环境毒理学》、《环境监测与环境影响评价》、《环境资源遥感与环境信息学》、《环境土壤学》、《机械创新设计》、《生物制剂的研究与开发》、《生物质能工程》、《现代环境分析技术》、《植物保护学》。,公务员(中央国家机关)，公务员(省级机关)，公务员(地市级机关)，公务员(区县级及以下机关)，事业单位人员，土壤肥料技术人员，考研，文字编辑/组稿，销售代表，环境监测工程师，遗传育种栽培技术人员，环境评价工程师,https://p.qianwen.com/major/tab?app=index&collegesTab=allColleges&webCompassApp=true&q=%E8%B5%84%E6%BA%90%E7%8E%AF%E5%A2%83%E7%A7%91%E5%AD%A6%E4%B8%93%E4%B8%9A&entry=gaokao_channel&device=pc
水质科学与技术,082507T,工学,环境科学与工程类,四年,工学学士,109947,6800,华东地区,环境保护/监测,环保,物理+化学,本专业培养学生具有化学、化工、材料、计算机、仪器仪表和自动控制等学科宽厚的理论基础、实验能力和专业知识，具备水处理工艺、设备和系统的设计、研究和开发能力，掌握相关工业领域的水质控制技术和水资源可持续利用技术；主要培养从事水质科学研究、水质工程规划、水处理系统设计、水质监测与污染防治；水处理新技术、新设备、新材料、新工艺的开发、水工材料及其腐蚀与防护、水质分析与检测和水质控制等工作的高级专门人才。,《流体力学》、《化工原理》、《水处理》、《核电站水质工程》、《水污染控制》、《材料保护》、《水质分析与监测技术》、《智能仪器仪表》、《自动控制原理》、《水处理设备自动化》。,工程类企业：污水处理、水质工程规划、水处理系统设计、技术开发； 政府、事业类单位：水质分析、水质化验、水质监测、水质管理、水污染控制。,https://p.qianwen.com/major/tab?app=index&collegesTab=allColleges&webCompassApp=true&q=%E6%B0%B4%E8%B4%A8%E7%A7%91%E5%AD%A6%E4%B8%8E%E6%8A%80%E6%9C%AF%E4%B8%93%E4%B8%9A&entry=gaokao_channel&device=pc
食品科学与工程,082701,工学,食品科学与工程类,四年,工学学士、农学学士,923434,5700,北京市,质量管理,快消,物理+化学 / 物理+化学+生物,食品科学与工程专业以化学、生物学和工程学为理论基础，学习食品的开发、贮藏、加工、营养、卫生与安全等方面的基础理论和工艺工程技术，了解食品科学前沿理论和高新技术，培养适应社会主义市场经济、国际竞争与合作的需求，从事食品工艺与工程设计、产品开发、质量管理、生产管理和市场营销的高级工程技术人才；毕业生可在食品加工与制造、食品机械与设备、食品原料与配料、食品物流与营销等企业，从事产品研发、生产、检测和销售工作，并可报考研究所、设计院、大专院校的事业编工作岗位，或公共卫生、技术监督、商品检验等部门的公务员工作岗位。,《食品工程原理》、《食品营养与卫生学》、《食品添加剂》、《食品微生物学》、《食品质量与安全》、《食品发酵工程》、《食品发酵工艺学》、《食品工艺设计》、《果蔬产品工艺学》、《食品工厂机械与设备》 部分高校按以下专业方向培养：生物、海洋食品、营养与养生、食品卫生与检验、蜂学及蜂产品加工。,公务员(中央国家机关)，公务员(省级机关)，公务员(地市级机关)，公务员(区县级及以下机关)，事业单位人员，质量管理/测试工程师，销售代表，食品/饮料检验，化验/检验，人力资源专员/助理，考研,https://p.qianwen.com/major/tab?app=index&collegesTab=allColleges&webCompassApp=true&q=%E9%A3%9F%E5%93%81%E7%A7%91%E5%AD%A6%E4%B8%8E%E5%B7%A5%E7%A8%8B%E4%B8%93%E4%B8%9A&entry=gaokao_channel&device=pc
食品质量与安全,082702,工学,食品科学与工程类,四年,工学学士,477217,5600,北京市,质量管理,快消,物理 / 物理+化学 / 物理+生物 / 物理+化学+生物,食品质量与安全专业培养具有扎实的食品学科专业基础知识，熟悉国内外食品质量与安全的前沿理论知识以及现代科学研究方法，掌握科研和撰写学术论文的方法，具备较强的科研能力和广博的知识视野，能够熟练应用国内外学术文献资料，具有较强的动手实践能力，具有理论创新精神以及向权威挑战的批判精神的应用研究型人才。毕业生应具有较高的政治觉悟、良好的文化和专业素养，掌握数学、化学、生物学和食品质量与安全专业基础知识，具有分析解决食品质量与安全检测技术和食品生产营销企业质量管理中一般问题的能力。,《食品工程原理》、《食品营养与卫生学》、《安全食品》、《食品质量安全快速检测原理及技术》、《食品添加剂》、《食品微生物学》、《食品供应链管理》、《低酸罐藏食品与安全》、《功能性食品与保健功效评价》、《粮油食品加工与质量控制》 部分高校按以下专业方向培养：功能食品。,公务员(中央国家机关)，公务员(省级机关)，公务员(地市级机关)，公务员(区县级及以下机关)，事业单位人员，人力资源专员/助理，考研，食品/饮料检验，化验/检验，食品/饮料研发，销售代表,https://p.qianwen.com/major/tab?app=index&collegesTab=allColleges&webCompassApp=true&q=%E9%A3%9F%E5%93%81%E8%B4%A8%E9%87%8F%E4%B8%8E%E5%AE%89%E5%85%A8%E4%B8%93%E4%B8%9A&entry=gaokao_channel&device=pc
乳品工程,082704,工学,食品科学与工程类,四年,工学学士,441823,6700,上海市,,,物理+化学,本专业是培养具有乳品专业技术知识和能力，政治素质好，知识结构合理，具有较扎实的乳品加工和质量管理知识，具有一定的其它食品领域的知识，能从事乳品科学研究、新产品开发、乳品深加工和乳品品质检测等方面工作的知识、能力、素质协调发展的复合性应用型人才；毕业生通过食品生物化学、乳品化学、管理学和乳品安全与质量控制、乳品科学、乳品加工等专业知识的学习，为在乳品加工、新产品开发、乳品厂设计等领域从事生产技术、品质控制、产品开发、科学研究和工程设计工作奠定坚实的理论基础。,《食品生物化学》、《食品营养学》、《食品工程原理》、《乳品化学》、《乳品机械设备》、《乳品微生物学》、《液态乳品科学与技术》、《固态乳品科学与技术》、《原料奶生产技术》、《乳品工厂设计》。,乳品类企业：乳品加工、产品研发、生产技术、工艺设计、技术管理、品质控制。,https://p.qianwen.com/major/tab?app=index&collegesTab=allColleges&webCompassApp=true&q=%E4%B9%B3%E5%93%81%E5%B7%A5%E7%A8%8B%E4%B8%93%E4%B8%9A&entry=gaokao_channel&device=pc
烹饪与营养教育,082708T,工学,食品科学与工程类,四年,工学学士,247024,6800,华东地区,餐饮,餐饮娱乐,物理+化学 / 物理+生物,本专业培养具有熟练的烹饪工艺实践技艺、宽厚的烹饪科学理论以及相应的餐饮管理知识与营销业务能力的高级职业技术人才；毕业生能从事大、中型饭店及集团餐饮部门的技术及管理工作，也可在中、高等烹饪学校或相关科研部门从事教学、科研工作。,《饮食文化概论》、《食品卫生学》、《营养学基础》、《烹饪化学》、《餐饮企业管理》、《中国饮食保健学》、《实用营养学》、《管理学》、《心理学》、《教育学》。,大学教师，中等职业学校教师，事业单位人员，酒店管理，人力资源专员/助理，出国，公务员(中央国家机关)，公务员(省级机关)，公务员(地市级机关)，公务员(区县级及以下机关)，厨师/面点师，小学教师,https://p.qianwen.com/major/tab?app=index&collegesTab=allColleges&webCompassApp=true&q=%E7%83%B9%E9%A5%AA%E4%B8%8E%E8%90%A5%E5%85%BB%E6%95%99%E8%82%B2%E4%B8%93%E4%B8%9A&entry=gaokao_channel&device=pc
酿酒工程,082705,工学,食品科学与工程类,四年,工学学士,198044,5500,华北地区,销售业务,快消,物理+化学,酿酒工程专业主要针对白酒、黄酒、葡萄酒、啤酒等日常饮用酒的特征风味成分和酿制过程中的功能微生物、酶及其代谢调控机制，对其中重要微生物和酶在分子水平上进行认识与改造，开发新产品，实现传统产业的改造和提升；该专业以化学、生物学和工程学为基础，将传统酿酒工艺艺术与现代生物工程技术有机结合，旨在培养酿酒行业的生产、技术和管理的高级工程技术和管理人才。,生物化学、微生物学、发酵工程原理与技术、蒸馏酒工艺学、酿造酒工艺学、酒类风味化学与品尝、酿酒工程装备与工厂设计、酿酒工业分析（含实验）。,销售代表，市场专员/助理，生产经理/车间主任，助理/秘书/文员，渠道/分销专员，食品工程技术人员,https://p.qianwen.com/major/tab?app=index&collegesTab=allColleges&webCompassApp=true&q=%E9%85%BF%E9%85%92%E5%B7%A5%E7%A8%8B%E4%B8%93%E4%B8%9A&entry=gaokao_channel&device=pc
葡萄与葡萄酒工程,082706T,工学,食品科学与工程类,四年,工学学士,181742,6600,北京市,销售业务,快消,物理+化学 / 物理+化学+生物,本专业以化学、生物学、食品科学和药学为基础，培养学生系统地掌握葡萄与葡萄酒学相关的基础理论、专业知识和技能，具有葡萄酒的原料生产、酿造工艺、营养保健、分析检测、生产设备维护及市场营销、市场开发的基本技能，能在葡萄与葡萄酒相关领域科研、教学、生产设计与管理、酒鉴赏和文化推广，具备复合型知识和综合运用能力，促进中药学、生物技术、制药工程学和食品科学的交叉融合。,《食品工程原理》、《普通微生物学》、《食品营养与卫生学》、《发酵工程原理》、《发酵工程最优化控制》、《发酵机械与设备》、《工业发酵分析技术》、《酿酒葡萄品种学》、《葡萄病虫害防治》、《葡萄酒分析检测》。,品牌专员/助理，工艺/制程工程师，产品管理，广告文案策划,https://p.qianwen.com/major/tab?app=index&collegesTab=allColleges&webCompassApp=true&q=%E8%91%A1%E8%90%84%E4%B8%8E%E8%91%A1%E8%90%84%E9%85%92%E5%B7%A5%E7%A8%8B%E4%B8%93%E4%B8%9A&entry=gaokao_channel&device=pc
食品营养与检验教育,082707T,工学,食品科学与工程类,四年,工学学士,139970,5100,华中地区,质量管理,快消,物理+化学,本专业培养具有化学、生物学和分析、检验等基本理论，食品营养学知识，食品安全与卫生学基础，食品分析与检测技能，通晓食品法规与标准，熟悉食品加工技术、食品安全评价技术、食品质量控制与管理规律的德、智、体、美全面发展的综合型应用技术人才和掌握教育教学方法、具备良好素质的教育和研究工作者；学生主要学习化学、生物学和食品科学的基本理论和基本知识，接受食品营养检验与设计、食品分析与检测、食品质量控制与管理、食品安全检测与评价、食品加工与品质评定等方面的系统训练。,《食品化学》、《食品微生物学》、《食品营养学》、《食品卫生学》、《食品标准与法规》、《食品机械与设备》、《食品工艺学》、《食品毒理学》、《食品检验与分析》、《食品质量管理》。,培训/招生/课程顾问，社会工作者，食品/饮料检验，小学教师，中学教师，化验/检验，化学实验室技术员/研究员,https://p.qianwen.com/major/tab?app=index&collegesTab=allColleges&webCompassApp=true&q=%E9%A3%9F%E5%93%81%E8%90%A5%E5%85%BB%E4%B8%8E%E6%A3%80%E9%AA%8C%E6%95%99%E8%82%B2%E4%B8%93%E4%B8%9A&entry=gaokao_channel&device=pc
粮食工程,082703,工学,食品科学与工程类,四年,工学学士,116778,5000,东北地区,销售业务,快消,物理+化学,本专业培养适应社会主义现代化建设需要的，德智体等全面发展的，具备粮食工程方面知识和设计研究能力，具有较强理论能力和实践能力的高级工程技术人才；主要学习粮食化学、化工原理、粮食工程和油脂、蛋白工程等方面的基本理论和基本知识，系统进行有关粮食工程、淀粉和油脂、蛋白工程等方面的实验技能、工程实践、科学研究与工程设计方法的基本训练，具有对粮油产品的生产、管理、工程设计、科研与开发的基本能力。,《粮食生产技术》、《粮食产品加工》、《粮食贮藏》、《粮食运输》、《粮食市场营销》、《食品工程原理》、《食品微生物》、《食品分析》、《粮油加工工艺》、《发酵食品工艺》。,机械设计师，工业设计，大学教师，贸易跟单，生产设备管理，食品/饮料检验，食品加工/处理,https://p.qianwen.com/major/tab?app=index&collegesTab=allColleges&webCompassApp=true&q=%E7%B2%AE%E9%A3%9F%E5%B7%A5%E7%A8%8B%E4%B8%93%E4%B8%9A&entry=gaokao_channel&device=pc
食品安全与检测,082709T,工学,食品科学与工程类,四年,工学学士,106716,,,,,物理+化学,食品安全与检测专业培养掌握食品安全与检测基础知识，运用现代生物技术手段培养具有扎实的食品安全管理的基本理论、基本知识和实验技能，能在科研机构、质量技术监督、疾病预防控制中心、检验检疫局、海关、食品企业等企事业单位和政府部门从事与食品安全与管理相关的技术工作，并具有食品科学研究、设计、营销和食用新资源开发利用能力的复合型人才。例如：在实际学习工作中了熟悉国内外食品安全管理的政策、法规，以及食品安全管理体系。 关键词：食品 安全 检测 。,《食品微生物学》《食用资源学》《有机化学》《分析化学》《仪器分析》《食品化学》《生物化学》等 。,适合科研机构、质量技术监督、疾病预防控制中心、检验检疫局、海关、食品企业等企事业单位工作 。,https://p.qianwen.com/major/tab?app=index&collegesTab=allColleges&webCompassApp=true&q=%E9%A3%9F%E5%93%81%E5%AE%89%E5%85%A8%E4%B8%8E%E6%A3%80%E6%B5%8B%E4%B8%93%E4%B8%9A&entry=gaokao_channel&device=pc
食品营养与健康,082710T,工学,食品科学与工程类,四年,工学学士,75297,,,,,物理+化学,食品营养与健康专业旨在培养掌握化学、生物学、食品科学、食品检测学等方面的基本理论、基本知识和技能，具备较强的创新精神和实践能力，知识面宽，综合素质高，能在相关企事业单位从事食品的分析检测、质量安全控制、企业管理、安全评价、生产和经营及科学研究等方面工作的专业人才。,《食品微生物学》、《食品营养学》、《食品卫生学》、《食品标准与法规》、《食品机械与设备》、《食品工艺学》、《食品感官检验》、《食品病理检验》、《食品微生物学》、《人体生物化学与分子生物学》、《现代食品微生物学》等 。,本专业毕业生可在食品加工与流通领域，从事与营养健康相关的科学研究、教育教学、功能食品开发、政策咨询、食品生产及技术管理等方面工作。,https://p.qianwen.com/major/tab?app=index&collegesTab=allColleges&webCompassApp=true&q=%E9%A3%9F%E5%93%81%E8%90%A5%E5%85%BB%E4%B8%8E%E5%81%A5%E5%BA%B7%E4%B8%93%E4%B8%9A&entry=gaokao_channel&device=pc
食用菌科学与工程,082711T,工学,食品科学与工程类,四年,工学学士,23899,,,,,物理+化学+生物,本专业方向主要培养掌握食用菌及菌物学方面的基本知识，具备菌种生产、品种选育、食用菌栽培、产品加工、生物发酵以及产业规划的理论知识和实践技能，具有创新创业精神的高技能人才。,《食用菌学》、《发酵食品工艺学》、《微生物学》、《食品化学》、《食品分析》、《真菌分类学》、《植物生理学》、《植物病理学》、《菌物资源学》、《遗传学》、《发酵工程》、《食用菌育种学》、《食品微生物学》、《食品工程原理》、《食品营养与分析》、《果品蔬菜贮运学》等。,毕业生可以进一步升学深造，将来从事相关领域的科研、教学等工作；也可以在相关事业单位、科研单位从事食用菌管理、研究、建设等工作；也可以进入食用菌生产一线企业，从事研发、新产品开发、技术管理、生产经营、营销等工作；还可以进行自主创业或进入对应的社团组织以及期刊杂志做相关的管理工作等。,https://p.qianwen.com/major/tab?app=index&collegesTab=allColleges&webCompassApp=true&q=%E9%A3%9F%E7%94%A8%E8%8F%8C%E7%A7%91%E5%AD%A6%E4%B8%8E%E5%B7%A5%E7%A8%8B%E4%B8%93%E4%B8%9A&entry=gaokao_channel&device=pc
白酒酿造工程,082712T,工学,食品科学与工程类,四年,工学学士,22473,,,,,物理+化学,白酒酿造工程是以食品科学与工程类各基础专业和特设专业为基础，吸纳生物学、轻工技术与工程、管理学等多学科知识的交叉学科、综合学科和应用学科为一体的一个专业，旨在培养掌握白酒酿造、品评勾兑、酒质检测技术，具有创新能力的高素质应用型人才，以实现中国白酒产品和中国白酒文化走向世界的需要。,《无机及分析化学》《有机化学》《生物化学》《发酵工程原理》《微生物学》《白酒生产技术》《酒精与蒸馏酒工艺学》《白酒工厂设计》《酿酒机械与设备》《葡萄酒工艺学》《啤酒工艺学》《黄酒工艺学》《微生物代谢控制发酵》 。,暂无简介 。,https://p.qianwen.com/major/tab?app=index&collegesTab=allColleges&webCompassApp=true&q=%E7%99%BD%E9%85%92%E9%85%BF%E9%80%A0%E5%B7%A5%E7%A8%8B%E4%B8%93%E4%B8%9A&entry=gaokao_channel&device=pc
咖啡科学与工程,082713T,工学,食品科学与工程类,四年,工学学士,4744,,,,,,咖啡科学与工程主要研究咖啡新产品、新工艺和新技术及工程设计，主要涉及咖啡品质形成机理、咖啡可控发酵、新型特色咖啡产品研发、咖啡副产物创新利用、咖啡生产装备集成以及咖啡功能性成分挖掘等方面。关键词：咖啡 技术 新工艺 功能性,咖啡学，食品科学，食品工程，营养学，食品化学，食品微生物学，咖啡加工工艺，咖啡品鉴，市场营销，企业管理,咖啡企业：生产管理、品质控制； 食品企业：产品开发、技术支持； 餐饮企业：咖啡师、培训师； 深造：考研或保研，继续食品科学与工程、农产品加工等相关专业的学习深造。,https://p.qianwen.com/major/tab?app=index&collegesTab=allColleges&webCompassApp=true&q=%E5%92%96%E5%95%A1%E7%A7%91%E5%AD%A6%E4%B8%8E%E5%B7%A5%E7%A8%8B%E4%B8%93%E4%B8%9A&entry=gaokao_channel&device=pc
能源与动力工程,080501,工学,能源动力类,四年,工学学士,1011312,6200,上海市,机械设计/制造,机械重工,物理+化学,能源动力工程主要研究如何把大自然存在的如太阳能、风能、化石燃料、水能、生物质能等各种能源有效转换成工业上和社会生活需要的电能、机械能等能量，同时如何减少对环境的污染；本专业集能源的开发、利用、转化、系统控制、节能与减排于一体，与我国的能源、动力、环境保护领域的发展息息相关，毕业生能够在现代电力企业、研究设计单位、新能源设备制造企业等相关单位从事系统设计、规划、运行维护以及技术管理等工作。,《工程力学》、《机械设计基础》、《工程热力学》、《流体力学》、《传热学》、《控制理论》、《流体机械》、《能源与动力机械测试技术》、《热能与动力工程测试技术》、《智能装置自动化》、《低温原理与技术》、《制冷原理》、《热工过程自动控制》 部分高校按以下专业方向培养：新能源汽车。,核力/火力工程师，空调/热能工程师，机械设计师，给排水/暖通/空调工程，机械研发工程师,https://p.qianwen.com/major/tab?app=index&collegesTab=allColleges&webCompassApp=true&q=%E8%83%BD%E6%BA%90%E4%B8%8E%E5%8A%A8%E5%8A%9B%E5%B7%A5%E7%A8%8B%E4%B8%93%E4%B8%9A&entry=gaokao_channel&device=pc
新能源科学与工程,080503T,工学,能源动力类,四年,工学学士,917218,5300,华东地区,电力,电力水利,物理+化学,本专业培养具备新能源科学与工程领域的基础理论和工程技术知识，能够在风力发电、光伏发电、绿色电源、变频器、电动车驱动等相关领域从事研究和开发工作的复合型高级技术人才。毕业生能够在现代电力企业和研究设计单位、新能源设备制造、变频器制造、电气设备制造等相关单位，从事产品研发、系统设计、规划、运行维护以及技术管理等工作。,《流体力学》、《流体机械》、《传热学》、《工程热力学》、《电工电子学》、《自动控制理论》、《能源系统工程》、《可再生能源及其利用》、《风力发电原理与技术》、《储能原理与技术》、《太阳能发电与热利用》、《生物质转化与利用》、《流体机械转化原理与技术》。,计算机软件工程师，IT技术支持/维护工程师，工艺/制程工程师，电气工程技术人员，电力工程技术人员，核力/火力工程师,https://p.qianwen.com/major/tab?app=index&collegesTab=allColleges&webCompassApp=true&q=%E6%96%B0%E8%83%BD%E6%BA%90%E7%A7%91%E5%AD%A6%E4%B8%8E%E5%B7%A5%E7%A8%8B%E4%B8%93%E4%B8%9A&entry=gaokao_channel&device=pc
能源与环境系统工程,080502T,工学,能源动力类,四年,工学学士,280649,5400,上海市,给排水/暖通/空调,机械重工,物理+化学,能源与环境系统工程专业研究将煤炭、石油、天然气等一次能源转化为电力、热能等二次能源的生产和利用过程；研究人工环境、空调制冷等领域的科学技术问题，以及风能、太阳能、生物质能等新能源的开发利用。本专业集合了热学、力学、材料、机械制造、环境科学、计算机与自动控制等高新科学技术，是一个能源、环境与控制等多学科交叉的复合型专业。本专业培养能从事清洁能源生产、能源转换利用和环境保护、制冷与空调、新能源开发等领域的研究、设计与管理的跨学科复合型人才。,《工程热力学》、《工程流体力学》、《传热学》、《环境化学》、《电站锅炉原理》、《汽轮机原理》、《泵与风机》、《热工控制系统》、《计算机控制系统》、《低温工程材料》、《能源动力装置基础》、《低温原理》、《暖通与空调》。,事业单位人员，核力/火力工程师，公务员(中央国家机关)，公务员(省级机关)，公务员(地市级机关)，售前/售后技术支持工程师，给排水/暖通/空调工程，空调/热能工程师，电力工程师/技术员，考研，公务员(区县级及以下机关),https://p.qianwen.com/major/tab?app=index&collegesTab=allColleges&webCompassApp=true&q=%E8%83%BD%E6%BA%90%E4%B8%8E%E7%8E%AF%E5%A2%83%E7%B3%BB%E7%BB%9F%E5%B7%A5%E7%A8%8B%E4%B8%93%E4%B8%9A&entry=gaokao_channel&device=pc
储能科学与工程,080504T,工学,能源动力类,四年,工学学士,107507,,,,,物理+化学,该专业培养具有扎实的能源、电气、化学、材料、物理、控制等交叉学科的基础理论，掌握电能、热能、机械能、化学能等能量存储和转化相关的科学知识，能在储能、化工、新能源、新材料、分布式能源和节能环保等国家战略性新兴产业领域从事科学研究、工程设计、技术研发和生产技术管理等方面工作的厚基础、宽专业、强能力、高素质，具有较强实践能力、知识获取能力、社会交往能力、组织管理能力及较强国际视野和创新精神的优秀专门人才和创新人才。,《工程热力学》、《传热学》、《流体力学》、《工程制图》、《自动控制原理》、《材料科学基础》、《能源化学》、《电气工程基础》、《新能源技术》、《储能原理与技术》、《电化学储能》、《氢与氢能》、《燃料电池原理与应用》、《能源系统及互联网》、《半导体物理基础》等 。,主要面向新能源、环保、机械、设备、重工、化工、矿产、地质、汽车、专业服务（咨询、人力资源、财会）等涉及储能材料、器件与储能系统开发、制备和应用的行业从事创新研究、技术开发、生产设计、工业制造、项目管理等工作，也可在科研院所和高等院校从事科学研究和教学工作。,https://p.qianwen.com/major/tab?app=index&collegesTab=allColleges&webCompassApp=true&q=%E5%82%A8%E8%83%BD%E7%A7%91%E5%AD%A6%E4%B8%8E%E5%B7%A5%E7%A8%8B%E4%B8%93%E4%B8%9A&entry=gaokao_channel&device=pc
能源服务工程,080505T,工学,能源动力类,四年,工学学士,37791,,,,,物理+化学,能源服务工程专业，将各种传统和新能源技术、工程建设运维和服务管理，包括自动控制技术、节能环保技术、大数据与智能建造管理等融合在一起，形成一种应用于综合能源建设管理的专业。,《工程力学》《机械设计基础》《机械制图》《电工与电子技术》《工程热力学》《流体力学》《传热学》《控制理论》《测试技术》《燃烧学》。,学生毕业后可服务能源电力行业及地方经济和社会发展，从事综合能源相关企业的项目建造、运维管理、商业运营等工作。也可到大型企业、相关公司以及相关的研究所、设计院、高等院校和管理部门从事热能工程、动力工程、制冷工程方面的研究与设计、产品开发、制造、试验、管理、教学等工作。,https://p.qianwen.com/major/tab?app=index&collegesTab=allColleges&webCompassApp=true&q=%E8%83%BD%E6%BA%90%E6%9C%8D%E5%8A%A1%E5%B7%A5%E7%A8%8B%E4%B8%93%E4%B8%9A&entry=gaokao_channel&device=pc
可持续能源,080507TK,工学,能源动力类,四年,工学学士,22712,,,,,,可持续能源专业围绕新型能源技术、新一代信息网络技术与智能化的高度融合，聚焦未来能源技术全产业链跨学科研究。该领域将聚焦未来能源技术全产业链跨学科研究，推进物联网、人工智能、大数据、云计算技术与新型能源技术的有效嫁接，实现能源系统的智能化与数字化管理，促进大规模移动能源系统时空域协同调控与创新业态模式。,《可持续能源技术》《能源与环境经济学》《可再生能源电气工程基础》《可再生能源机械工程基础》《太阳能与光伏系统》《风能原理》《海洋能源》。,毕业生从事各种领域和角色，包括土木、结构、汽车、海底和电气工程师，以及电力系统、能源和环境以及可再生能源顾问。还可以在新能源、汽车及零配件、专业服务、机械/设备/重工、仪器仪表/工业自动化、电子技术/半导体/集成电路等行业工作。,https://p.qianwen.com/major/tab?app=index&collegesTab=allColleges&webCompassApp=true&q=%E5%8F%AF%E6%8C%81%E7%BB%AD%E8%83%BD%E6%BA%90%E4%B8%93%E4%B8%9A&entry=gaokao_channel&device=pc
氢能科学与工程,080506TK,工学,能源动力类,四年,工学学士,17169,,,,,,本专业是典型的交叉型学科，以动力工程及工程热物理、化学工程等学科为牵引，融合材料科学与工程、机械工程、控制科学与工程等学科，开展全方位跨学科基础及应用基础研究。氢能科学与工程体现出多学科强交叉与融合的特点，是门新理论和新技术不断出现的综合性学科。,《氢能概论》、《制氢技术及利用》、《氢储运技术》、《氢安全》、《氢能及燃料电池》、《氢能及综合能源系统》、《氢动力循环系统》、《氢燃气轮机》、《燃料电池技术》、《电化学基础》、《材料固体理论基础》、《材料科学与工程基础-双语》、《物理化学》等。,氢能生产、储存、应用关键技术研发方面的各类创新型企业和研究机构；汽车、船舶、航空、石油化工、新能源应用等领域的领军企业。,https://p.qianwen.com/major/tab?app=index&collegesTab=allColleges&webCompassApp=true&q=%E6%B0%A2%E8%83%BD%E7%A7%91%E5%AD%A6%E4%B8%8E%E5%B7%A5%E7%A8%8B%E4%B8%93%E4%B8%9A&entry=gaokao_channel&device=pc
网络安全与执法,083108TK,工学,公安技术类,四年,工学学士,590459,6600,华东地区,,,物理+化学,本专业培养具有良好的政治素养、科学素质和人文素养，具备警察基本素质和技术技能；掌握网络安全与执法专业基础理论、基本知识与基本技能，具备开展网络安全与执法工作的专业核心能力和创新精神，能够在公安机关从事网络安全保卫与执法工作的应用型高级专门人才。,《计算机网络》、《操作系统》、《计算机犯罪侦查》、《网络信息监控技术》、《信息安全体系结构》、《电子证据分析与鉴定技术》、《互联网情报信息分析技术》、《互联网安全管理》 部分高校按以下专业方向培养：视频侦查。,警察，公务员(地市级机关)，公务员(省级机关)，公务员(中央国家机关)，公务员(区县级及以下机关),https://p.qianwen.com/major/tab?app=index&collegesTab=allColleges&webCompassApp=true&q=%E7%BD%91%E7%BB%9C%E5%AE%89%E5%85%A8%E4%B8%8E%E6%89%A7%E6%B3%95%E4%B8%93%E4%B8%9A&entry=gaokao_channel&device=pc
抢险救援指挥与技术,083106TK,工学,公安技术类,四年,工学学士,357433,5700,华北地区,,,物理+化学,抢险救援指挥与技术主要研究灾害应急救援、组织指挥、医疗急救等方面的基本知识和技能，在公安消防部队进行灾害事故的抢险救援、紧急救援的组织指挥、灾害现场的医疗急救等。 关键词：消防 火灾 洪水 抢险救援。,《灾害抢险救援技术》、《抢险救援技术训练》、《救生救助技术训练》、《灭火救援组织指挥方法》、《灾害抢险救援行动概论》、《现场医疗急救技术》、《部队管理》、《公安消防部队实习》、《社会调查》。,公安、消防部门：灾害抢险救援。,https://p.qianwen.com/major/tab?app=index&collegesTab=allColleges&webCompassApp=true&q=%E6%8A%A2%E9%99%A9%E6%95%91%E6%8F%B4%E6%8C%87%E6%8C%A5%E4%B8%8E%E6%8A%80%E6%9C%AF%E4%B8%93%E4%B8%9A&entry=gaokao_channel&device=pc
刑事科学技术,083101K,工学,公安技术类,四年,工学学士,250806,5400,西南地区,行政/后勤/文秘,房地产,物理+化学,刑事科学技术专业是综合运用自然科学、社会科学的有关知识和技术，研究各种犯罪中物证的形成与变化规律，运用显现、提取、鉴定等技术方法，揭露和证实犯罪，为侦查、起诉、审判提供线索和证据的专门学科。本专业培养具有良好科学素养、人文素养和警察基本素质，熟悉党和国家的路线、方针、政策，掌握本专业基础理论、基本知识与基本技能，具备开展刑事科学技术工作的职业核心能力和创新精神，能够在公安机关从事现场勘查、分析、重建以及常规物证检验、鉴定工作的应用型高级专门人才。,《现场勘查》、《痕迹检验》、《查缉战术》、《刑事图像技术》、《案件侦查》、《爆炸痕迹》、《毒物毒品检验》、《枪弹痕迹学》、《擒拿格斗》、《犯罪现场分析与重建》 部分高校按以下专业方向培养：公安声像技术、公安视听技术、物证鉴定技术、网络监察与电子物证。,警察，公务员(中央国家机关)，公务员(区县级及以下机关)，公务员(地市级机关)，公务员(省级机关),https://p.qianwen.com/major/tab?app=index&collegesTab=allColleges&webCompassApp=true&q=%E5%88%91%E4%BA%8B%E7%A7%91%E5%AD%A6%E6%8A%80%E6%9C%AF%E4%B8%93%E4%B8%9A&entry=gaokao_channel&device=pc
公安视听技术,083105TK,工学,公安技术类,四年,工学学士,230626,6200,北京市,,,物理+化学,公安视听技术主要研究各种犯罪中视听证据的形成与变化规律，运用采集、处理、分析、鉴定等技术手段，检验与犯罪有关的一系列视频、图像和声音资料，从而为政法机关的侦查、起诉、审判提供线索和证据。例如：犯罪现场的摄影记录，视频、音频证据的处理、比对，嫌疑人电话的监听等。 关键词：警察 视频 图像 声音。,《政治理论》、《犯罪现场勘察》、《刑事科学技术》、《数字图像处理》、《视听资料检验》、《视频技术》、《音频技术》、《警察体育》、《擒拿格斗》、《射击》。,政法机关：现场摄影、图像处理、视频分析、视音资料检验、电话监听、视频侦查。,https://p.qianwen.com/major/tab?app=index&collegesTab=allColleges&webCompassApp=true&q=%E5%85%AC%E5%AE%89%E8%A7%86%E5%90%AC%E6%8A%80%E6%9C%AF%E4%B8%93%E4%B8%9A&entry=gaokao_channel&device=pc
交通管理工程,083103TK,工学,公安技术类,四年,工学学士,203002,7100,成都市,销售业务,房地产,物理+化学,交通管理工程专业培养德、智、体全面发展，系统掌握道路交通管理的基础理论、基础知识和基本技能，熟悉公安交通管理的相关法律法规，具有基本的公安行政执法能力，具备开展道路交通管理工作的专业核心能力和创新精神，能够运用现代科技手段从事交通秩序维护、交通事故处置、车辆及驾驶员管理等道路交通管理工作的应用型专门人才。,《公安交通管理概论》、《机动车构造》、《机动车原理》、《交通工程学》、《交通心理学》、《道路交通事故学》、《交通违法行为处理》、《交通组织与指挥》、《道路交通控制》、《交通管理设施》、《交通肇事逃逸案件侦查》。,警察，公务员(中央国家机关)，公务员(区县级及以下机关)，公务员(地市级机关)，公务员(省级机关),https://p.qianwen.com/major/tab?app=index&collegesTab=allColleges&webCompassApp=true&q=%E4%BA%A4%E9%80%9A%E7%AE%A1%E7%90%86%E5%B7%A5%E7%A8%8B%E4%B8%93%E4%B8%9A&entry=gaokao_channel&device=pc
消防工程,083102K,工学,公安技术类,四年,工学学士,196759,6500,北京市,给排水/暖通/空调,房地产,物理+化学,本专业培养掌握火灾科学理论、消防安全技术与工程、消防政策法规，具有消防安全技术工程应用的研究、设计、监测、施工、管理和火灾安全评估、控制及火灾事故调查分析能力的复合型高级专门人才。能在消防工程技术研究和开发部门武警消防部队、消防行政管理部门、各级建设规划设计院、消防工程施工安装部门及大型企事业单位消防事务管理部门等单位，从事消防工程技术的研究、设计、评价、监测、教育与培训，以及消防设备、仪器研究、设计、开发与制造等工作。,《工程力学》、《消防燃烧理论》、《建筑防火设计原理》、《灭灾对策学》、《消防技术装备》、《消防法规》、《防火工程》、《消防监督管理》、《消防队伍管理》、《灭火救援》、《火灾调查》。,给排水/暖通/空调工程，消防员，安全消防，参军，地质勘查/选矿/采矿，考研，事业单位人员，建筑制图,https://p.qianwen.com/major/tab?app=index&collegesTab=allColleges&webCompassApp=true&q=%E6%B6%88%E9%98%B2%E5%B7%A5%E7%A8%8B%E4%B8%93%E4%B8%9A&entry=gaokao_channel&device=pc
火灾勘查,083107TK,工学,公安技术类,四年,工学学士,106076,5800,北京市,,,物理+化学,火灾勘查主要研究火灾事故调查、火灾起因分析、刑事案件侦查、火灾物证鉴定等方面的基本知识和技能，在公安、消防等部门进行火灾现场的勘查与询问、火灾损失的核定、火灾起因和责任的认定、火灾刑事案件的侦查、火场物证的技术鉴定等。 关键词：火灾 调查 警察 消防员。,《行政法与行政诉讼法》、《火灾学》、《防火工程与技术》、《火灾证据学》、《火灾专案调查》、《火场图像技术》、《火灾物证技术鉴定》、《火灾现场勘查》、《火灾刑事案件侦查》。,公安、消防部门：火灾现场勘查、火灾损失核定、火灾原因分析认定、火灾责任分析认定、火灾事故调查。,https://p.qianwen.com/major/tab?app=index&collegesTab=allColleges&webCompassApp=true&q=%E7%81%AB%E7%81%BE%E5%8B%98%E6%9F%A5%E4%B8%93%E4%B8%9A&entry=gaokao_channel&device=pc
安全防范工程,083104TK,工学,公安技术类,四年,工学学士,103980,7000,上海市,,,物理+化学,本专业培养具有良好的政治素质、科学素质与人文素养，具备警察基本素质和技术技能；掌握安全防范、通信保障和信息应用的基础理论、基本知识和基本技能，熟悉与本专业有关的法律法规，能在公安部门、国家机关和企事业的安全部门等单位从事入侵报警、视频监控、出入口控制、行动技术、防爆安检、通信保障等领域的技术研究和应用管理的高素质应用型专门人才。,《电子技术》、《信号与线性系统》、《通信原理》、《微机原理与应用》、《自动控制原理》、《视频技术》、《计算机网络技术》、《安全防范管理与法规》、《安全防范技术》、《安全防范系统与工程》。,警察，公务员(中央国家机关)，公务员(区县级及以下机关)，公务员(地市级机关)，公务员(省级机关),https://p.qianwen.com/major/tab?app=index&collegesTab=allColleges&webCompassApp=true&q=%E5%AE%89%E5%85%A8%E9%98%B2%E8%8C%83%E5%B7%A5%E7%A8%8B%E4%B8%93%E4%B8%9A&entry=gaokao_channel&device=pc
核生化消防,083109TK,工学,公安技术类,四年,工学学士,97665,6700,,,,物理+化学,核生化消防主要研究核生化灾害消防、应急救援等方面的基本知识和技能，进行核生化灾害的预防、应急处理、紧急救援等。常见的核生化灾害有：核泄漏、核爆炸、毒气泄漏、细菌病毒等。 关键词：生化 救援 消防 核泄漏。,《电路原理》、《模拟电子技术》、《数字逻辑》、《数字分析》、《计算机原理》、《微型计算机技术》、《计算机系统结构》、《计算机网络》。,消防部门：灾害管理、核消防应急、生化灾害应急、抢险救援。,https://p.qianwen.com/major/tab?app=index&collegesTab=allColleges&webCompassApp=true&q=%E6%A0%B8%E7%94%9F%E5%8C%96%E6%B6%88%E9%98%B2%E4%B8%93%E4%B8%9A&entry=gaokao_channel&device=pc
食品药品环境犯罪侦查技术,083112TK,工学,公安技术类,四年,工学学士,53101,,,,,物理+化学,旨在培养对党忠诚、服务人民、执法公正、纪律严明，具备食品、药品、生态环境、知识产权等多个领域核心知识，系统掌握相关领域政策法律，胜任“食药环”领域案件犯罪现场勘查、案件分析和物证提取、检验工作的专业人才。,《刑事科学技术》《刑事证据学》《刑事图像技术》《食品药品环境刑法》《犯罪现场勘查》《数据侦查》《食品药品检验鉴定技术》《环境危害辨识与分析技术》《食品药品环境犯罪侦查》 。,该专业学生在毕业时达到毕业条件且符合人民警察基本资格条件的，可参加公安机关面向公安院校公安专业毕业生招警统一考试加入公安队伍中。,https://p.qianwen.com/major/tab?app=index&collegesTab=allColleges&webCompassApp=true&q=%E9%A3%9F%E5%93%81%E8%8D%AF%E5%93%81%E7%8E%AF%E5%A2%83%E7%8A%AF%E7%BD%AA%E4%BE%A6%E6%9F%A5%E6%8A%80%E6%9C%AF%E4%B8%93%E4%B8%9A&entry=gaokao_channel&device=pc
数据警务技术,083111TK,工学,公安技术类,四年,工学学士,52875,,,,,物理+化学,主要为公安机关培养从事公安信息化平台架构与运维、警务大数据分析与预测、警务大数据管理与决策的高素质复合型警务人才。例如：城市交通数据分析 关键词：警务 数据 管理 。,《警务大数据导论》《数据采集与清洗》《数据挖掘技术》《Hadoop基础》《自然语言处理》《网络犯罪分析》等。,数据警务技术专业毕业后可到公安机关从事大数据建设管理、警情研判分析等业务工作。,https://p.qianwen.com/major/tab?app=index&collegesTab=allColleges&webCompassApp=true&q=%E6%95%B0%E6%8D%AE%E8%AD%A6%E5%8A%A1%E6%8A%80%E6%9C%AF%E4%B8%93%E4%B8%9A&entry=gaokao_channel&device=pc
海警舰艇指挥与技术,083110TK,工学,公安技术类,四年,工学学士,33844,,,,,,海警舰艇指挥与技术主要研究海警舰艇的操纵、指挥、管理、海洋气象、海上执法等方面的基本知识和技能，在海警部队进行大型舰艇的操纵与指挥、海上维权执法、制止海上犯罪等。 关键词：海警 舰艇 航海 执法。,《舰艇操纵与避碰》、《航海学》、《舰艇训练与管理》、《海洋气象》、《舰艇机动与编队》、《舰艇武器》、《涉外海上执法业务》。,海警部队：航通长、枪帆长、舰艇长、海上执法。,https://p.qianwen.com/major/tab?app=index&collegesTab=allColleges&webCompassApp=true&q=%E6%B5%B7%E8%AD%A6%E8%88%B0%E8%89%87%E6%8C%87%E6%8C%A5%E4%B8%8E%E6%8A%80%E6%9C%AF%E4%B8%93%E4%B8%9A&entry=gaokao_channel&device=pc
化学工程与工艺,081301,工学,化工与制药类,四年,工学学士,504530,6100,上海市,化工工程,石油化工,物理+化学 / 物理+化学+生物,本专业主要从事化学合成药物中间体及有机精细化学品（包括高分子材料、添加剂、染料中间体、涂料、特种精细化学品等）的合成原理、生产工艺、过程开发及设备设计；要求学生掌握化学工程、化学工艺、应用化学理论的学科基础理论和知识；掌握化学装置的基本设计方法，掌握有机精细化学品的基本合成、改性和配方的基本原理和基本技能；培养从事有机精细化学品的生产设计、运行与研究开发工作的高级工程技术人才。,《高分子化学》、《化学反应工程》、《环境保护与绿色技术》、《化工工艺》、《有机化学》、《分析化学》、《无机化学》、《高分子物理学》、《化工传递过程》、《化工技术经济》 部分高校按以下专业方向培养：煤化工、化工工艺、化工贸易、精细化工、石油化工、化学能源工程、药物制备工程、过程装备与控制、过程装备及控制工程、能源变换材料及工程。,化工工程师，化学实验室技术员/研究员，公务员(中央国家机关)，公务员(省级机关)，公务员(地市级机关)，化学技术应用，事业单位人员，化学操作，考研，石油/天然气技术人员，公务员(区县级及以下机关),https://p.qianwen.com/major/tab?app=index&collegesTab=allColleges&webCompassApp=true&q=%E5%8C%96%E5%AD%A6%E5%B7%A5%E7%A8%8B%E4%B8%8E%E5%B7%A5%E8%89%BA%E4%B8%93%E4%B8%9A&entry=gaokao_channel&device=pc
制药工程,081302,工学,化工与制药类,四年,工学学士,503381,5500,北京市,医学/医疗器械研发,医药,物理+化学 / 物理+化学+生物,本专业要从事化学合成药物、中药的生产、过程设计、工艺革新及新药研制与开发方面的工作；要求学生掌握化学、药学、制药工程和化学工艺等方面的基础理论和基本知识；掌握药物合成，有机精细化学品的基本合成、改性和配方的基本原理和基本技能，培养具有制药过程方面的生产、经营管理、科研开发、应用研究的高级工程技术人才。,《药物合成》、《制药工程》、《药物分析实验》、《药理学实验》、《生物技术制药》、《酶工程与蛋白质工程》、《生物分离工程》、《药用植物学与生药学》、《工业药剂学》、《组织工程与再生医学》 部分高校按以下专业方向培养：民族制药、生物制药、食品与药品安全、中药及天然药物。,药品生产/质量管理，药品研发，事业单位人员，药房管理/药剂师，考研，生物工程/生物制药，公务员(中央国家机关)，公务员(省级机关)，公务员(地市级机关)，公务员(区县级及以下机关)，医药化学分析,https://p.qianwen.com/major/tab?app=index&collegesTab=allColleges&webCompassApp=true&q=%E5%88%B6%E8%8D%AF%E5%B7%A5%E7%A8%8B%E4%B8%93%E4%B8%9A&entry=gaokao_channel&device=pc
能源化学工程,081304T,工学,化工与制药类,四年,工学学士,433251,6700,上海市,,,物理+化学,本专业培养学生掌握能源化学工程、电化学工程及催化技术等方面的基础理论和基础知识；掌握新能源、能量储存与转换的理论基础；掌握化石能源的清洁利用技术，燃料电池系统与氢能利用；电化学功能材料与能源储存转换技术，可再生能源（太阳能、风能、生物质能、海洋能等）利用途径；能在新能源的利用和转化领域内从事专业经营管理和科研开发；学生主要学习化学电源与物理电源（燃料电池、锂电池、Ni-H电池、太阳能电池、生物电池等）的利用技术，学习能源材料与能源转换材料（储能材料、电极材料、光电转换材料等）的设计与合成，燃料化学与工程中催化剂、添加剂、高能碳氢燃料等新型燃料或能提高燃料利用效率的技术。,《化学反应工程》、《能源转化催化原理》、《化工热力学》、《工业生态学》、《可再生能源工程》、《能源工程概论》、《石油炼制工程概论》、《无机化学与分析化学》、《质量与能量平衡》、《仪器分析与实验》。,化学操作，化学分析，中学教师，化工工程技术人员，化学实验室技术员/研究员，石油与天然气工程技术人员，普工/操作工，化学技术应用,https://p.qianwen.com/major/tab?app=index&collegesTab=allColleges&webCompassApp=true&q=%E8%83%BD%E6%BA%90%E5%8C%96%E5%AD%A6%E5%B7%A5%E7%A8%8B%E4%B8%93%E4%B8%9A&entry=gaokao_channel&device=pc
资源循环科学与工程,081303T,工学,化工与制药类,四年,工学学士,391323,6700,西南地区,销售业务,环保,物理+化学,该专业面向国家节能减排、循环经济、低碳经济等战略性新兴产业需要，适应未来科技发展，培养系统掌握资源循环科学与工程基础理论知识，具有宽厚的专业知识、实践能力和良好的科学素养，能在资源循环利用、能源开发与利用以及循环经济等领域的高等院校、科研机构、政府机关、工矿企业等部门从事资源循环利用的科学研究、规划管理、技术研发等工作的高级复合型人才。学生主要学习工程数学、物理化学、有机化学、无机化学、材料科学与工程、生物学、资源科学、经济学等方面基础理论与基础知识，系统掌握资源循环科学与工程概论、产业生态学、废弃资源循环利用技术与工程、可再生能源开发与利用技术、清洁生产与能源审计、循环经济理论与产业发展、气候变化与低碳发展理论与政策、能源管理工程、碳汇原理与技术等专业知识，具备从事资源循环利用的设计施工、规划管理、科学研究的基本能力。,《化工热力学》、《制图工程》、《矿床学》、《生态环境材料》、《化工安全概论》、《结晶与矿物学》、《微生物与生物化学基础》、《工业废弃物处置与处理》、《循环经济理论与生态工业技术》、《传递工程原理》。,中学教师，事业单位人员，环境评价工程师，计算机软件工程师，化学分析，环境保护工程技术人员，化工工程技术人员，化学实验室技术员/研究员，水处理工程师，环境监测工程师,https://p.qianwen.com/major/tab?app=index&collegesTab=allColleges&webCompassApp=true&q=%E8%B5%84%E6%BA%90%E5%BE%AA%E7%8E%AF%E7%A7%91%E5%AD%A6%E4%B8%8E%E5%B7%A5%E7%A8%8B%E4%B8%93%E4%B8%9A&entry=gaokao_channel&device=pc
化学工程与工业生物工程,081305T,工学,化工与制药类,四年,工学学士,246295,5700,上海市,,,物理+化学,化学工程与工业生物工程主要学习生物学、化学、工程学的基本知识和技能，研究生物产品的生产过程、生产技术、分析测定技术等。例如：生物克隆技术，试管婴儿技术，食品发酵技术，医药研发技术，植物转基因技术等。 关键词：生物 细胞 医药 克隆。,《化工原理》、《化学反应工程》、《化工热力学》、《化工工艺学》、《传递过程原理》、《化工系统工程基础》、《生物化学》、《微生物学》、《生物化工基础》、《分子生物学》。,医药类企业：制药工程、生物工程、生产技术、生化分析、工艺设计； 工业类企业：化工工程、工程技术、技术开发、生产管理。,https://p.qianwen.com/major/tab?app=index&collegesTab=allColleges&webCompassApp=true&q=%E5%8C%96%E5%AD%A6%E5%B7%A5%E7%A8%8B%E4%B8%8E%E5%B7%A5%E4%B8%9A%E7%94%9F%E7%89%A9%E5%B7%A5%E7%A8%8B%E4%B8%93%E4%B8%9A&entry=gaokao_channel&device=pc
精细化工,081308T,工学,化工与制药类,四年,工学学士,80642,,,,,物理+化学,精细化工 精细化工专业是国家首批“新工科”专业，专业在日用化学品、新型电子材料及其器件化、新型能源、信息存储技术、精准医学、生物、军工材料、环境催化材料等领域形成特色，培养具有宽厚而扎实的专业知识和技能，有一定的科学研究、产品开发和工程实践创新能力的精细化工专门人才。例如：在化工、炼油、冶金、能源、轻工、医药、环保和军工等部门从事工程设计、技术开发、生产技术管理和科学研究等方面工作。 关键词：化学 化工 日化 。,《无机化学》、《有机化学》、《物理化学》、《化工原理》、《化学反应工程》、《化工传递过程基础》、《化工工艺设计》、《化工热力学》、《化工过程分析与合成》、《化工实验技术》、《高分子化学》 。,化工、炼油、冶金、能源、轻工、医药、环保和军工等部门：分析化学师 、生物化学师 、化学工程师、 化学调配师 、化学工艺师 、临床化学家、生产商销售代理、 冶金学家 。,https://p.qianwen.com/major/tab?app=index&collegesTab=allColleges&webCompassApp=true&q=%E7%B2%BE%E7%BB%86%E5%8C%96%E5%B7%A5%E4%B8%93%E4%B8%9A&entry=gaokao_channel&device=pc
化工安全工程,081306T,工学,化工与制药类,四年,工学学士,72442,,,,,物理+化学,本专业以教育部“新工科”思想为指导，融合化学工程与工艺、安全工程、环境工程、过程装备与控制工程、自动化、工程管理等多个学科；培养具有创新精神和国际视野的“知工艺、懂安全、精技术、会管理”的化工安全复合型人才。例如从事化工、能源、本专业冶金、轻工、环保和军工等行业从事工程设计、技术开发、生产运行与技术管理、科学研究或安全管理等工作。 关键词：化学 化工 化工安全 能源 。,《化学工程与工艺》、《安全工程》、《环境工程》、《过程装备与控制工程》、《自动化》、《工程管理》 。,化工、能源、冶金、轻工和军工等部门：工程设计、技术开发、生产运行、科学研究或安全管理等 。,https://p.qianwen.com/major/tab?app=index&collegesTab=allColleges&webCompassApp=true&q=%E5%8C%96%E5%B7%A5%E5%AE%89%E5%85%A8%E5%B7%A5%E7%A8%8B%E4%B8%93%E4%B8%9A&entry=gaokao_channel&device=pc
涂料工程,081307T,工学,化工与制药类,四年,工学学士,31125,,,,,物理+化学,本专业以先进功能材料为专业背景，以涂料工程为特色，着力培养掌握高分子材料尤其是涂料的设计、合成、制备、涂装等方面的专业知识，具备涂料新产品、新技术、新工艺的开发应用和工程实践能力的应用型人才。例如：在涂料领域从事科学研究、技术开发、技术服务、工艺设计、生产及经营管理等工作。 关键词： 涂料工程 材料工艺 高分子材料 。,《无机化学》、《有机化学》、《分析化学》、《高分子化学》、《高分子物理》、《材料科学与工程基础》、《高分子材料研究方法》、《材料加工原理与工程》、《聚合物加工流变学》、《涂料工艺学》、《涂料树脂合成工艺》、《涂料用溶剂与助剂》、《涂料生产设备》、《涂料制造及应用》、《涂料用颜料与填料》、《涂料和涂装的安全与环保》、《涂装工艺及装备》 。,高分子材料相关领域、涂料相关企业、研究所、设计院和事业单位：高分子合成与加工、产品研发、生产和管理、检验和质量监督等 。,https://p.qianwen.com/major/tab?app=index&collegesTab=allColleges&webCompassApp=true&q=%E6%B6%82%E6%96%99%E5%B7%A5%E7%A8%8B%E4%B8%93%E4%B8%9A&entry=gaokao_channel&device=pc
智能分子工程,081309T,工学,化工与制药类,四年,工学学士,128,,,,,,智能分子工程是物质创造领域走向高端化、绿色化、智能化发展的变革性新专业。注重分子结构的创新和智能化设计，实现新物质的功能智能化、设计智能化和制造智能化，推动高性能原材料、高端化元器件、高精度传感器、高灵敏检测器等智能化制造和创造，涉及新材料、精准医疗、能源转型、电子信息等诸多领域。,分子设计策略以及制造技术、分子开关、分子增感、分子染料、分子催化、分子生色、以合成制造（Make）、精确测量（Measure）、模型计算（Model）为主线的 “3M” 基础课程体系。,新材料研发企业：从事智能分子材料研发工作，如研发柔性光学显示材料、平板显示材料、半导体光刻胶等；电子信息企业：参与芯片制造、传感器研发等工作，为电子信息产业提供关键技术支持。；精准医疗企业：投身药物研发、疾病诊断等工作，研发各类分子探针、精准成像、靶向药物等智能化分子体系及其器件系统。；能源企业：参与新型能源材料的研发，如高效太阳能电池材料、新型储能材料等，助力能源转型。,https://p.qianwen.com/major/tab?app=index&collegesTab=allColleges&webCompassApp=true&q=%E6%99%BA%E8%83%BD%E5%88%86%E5%AD%90%E5%B7%A5%E7%A8%8B%E4%B8%93%E4%B8%9A&entry=gaokao_channel&device=pc
特种能源技术与工程,082105,工学,兵器类,四年,工学学士,493135,5800,北京市,销售业务,石油化工,物理+化学,特种能源技术与工程主要研究火炸药、火工及烟火技术等特种能源及其能量转换相关的基本知识和技能，以化学和化工为基础，涉及含能材料设计、制造和应用，多服务于国防军工，进行特种能源工程与烟火技术的生产系统设计、技术开发、产品制造、实验测试等。例如：雷管、导火索、爆炸开关等火工品的研发设计，火炸药、烟火剂的生产制造等。 关键词：化工 国防 雷管 火炸药。,《化工原理》、《工程力学》、《炸药理论》、《燃烧理论》、《烟火学》、《火工品设计原理》、《含能材料合成与制造》、《含能材料的性能测试》、《烟火效应》、《含能材料的应用实践》。,军工类单位：含能材料设计、火工品研制、烟火技术、系统设计、性能测试。,https://p.qianwen.com/major/tab?app=index&collegesTab=allColleges&webCompassApp=true&q=%E7%89%B9%E7%A7%8D%E8%83%BD%E6%BA%90%E6%8A%80%E6%9C%AF%E4%B8%8E%E5%B7%A5%E7%A8%8B%E4%B8%93%E4%B8%9A&entry=gaokao_channel&device=pc
武器发射工程,082102,工学,兵器类,四年,工学学士,454104,6000,西南地区,机械设计/制造,机械重工,物理+化学,本专业以航空宇航科学与技术、力学、机械工程、控制科学与工程为主干学科，重点学习内弹道学、发射装置设计等学科方向的基础理论和专业知识，培养具有武器发射系统总体、战斗载荷发射和飞行控制技术以及机械工程、自动化等民用工程技术方面的理论知识和工程实践能力，能在有关科研单位、高等学校、生产企业和管理部门从事火炮和自动武器、火箭和导弹发射以及民用机械的设计、技术开发、产品制造、实验测试和科技管理工作，具有较好的人文社科和管理知识、良好的职业道德素质、身心健康、全面发展的高素质工程科技人才。,《电工与电子技术》、《机械设计基础》、《自动控制原理》、《武器系统分析》、《火炮与自动武器设计理论》、《武器制造工艺学》、《弹箭空气动力学》、《内弹道学》、《外弹道学》、《发射动力学》。,计算机软件工程师，机械工程技术人员，机械设计师，生产经理/车间主任，机械研发工程师，电力工程技术人员,https://p.qianwen.com/major/tab?app=index&collegesTab=allColleges&webCompassApp=true&q=%E6%AD%A6%E5%99%A8%E5%8F%91%E5%B0%84%E5%B7%A5%E7%A8%8B%E4%B8%93%E4%B8%9A&entry=gaokao_channel&device=pc
装甲车辆工程,082106,工学,兵器类,四年,工学学士,424592,6200,西南地区,汽车设计/研发,汽车,物理+化学,装甲车辆工程主要研究装甲车辆的系统设计、技术开发、生产制造、性能测试等方面的基本知识和技能，进行装甲车辆总体、动力装置、防护装置、特设装置等的研制设计，多服务于国防军工。例如：运兵车、侦察车、通信车等装甲车辆的设计制造，自动灭火、自动导航、隐身等装甲车特设装置的研发等。 关键词：装甲车 坦克 国防 制造。,《工程材料基础》、《电工和电子技术》、《流体力学》、《机械振动》、《自动控制理论基础》、《车用内燃机》、《坦克学》、《液压与液力传动》、《轮式车辆技术》、《现代车辆试验学》。,军工类单位：机动武器和装甲车辆的设计制造、实验测试、发动机的生产制造、装甲防护技术。,https://p.qianwen.com/major/tab?app=index&collegesTab=allColleges&webCompassApp=true&q=%E8%A3%85%E7%94%B2%E8%BD%A6%E8%BE%86%E5%B7%A5%E7%A8%8B%E4%B8%93%E4%B8%9A&entry=gaokao_channel&device=pc
弹药工程与爆炸技术,082104,工学,兵器类,四年,工学学士,199712,6200,东北地区,地质勘查,房地产,物理+化学,本专业以力学、材料科学、机械工程为主干学科，学习战斗部工程设计、爆炸应用及装药、安全与防护、爆炸技术等学科方向所需的基础理论和专业知识，以及计算机应用等现代科技和设计手段；强调坚实的理论基础、创新的思维方法、熟练的计算机应用技能；培养弹药工程与爆炸技术领域内从事理论研究、分析与综合、工程设计与开发和技术管理等工作的应用型高级工程技术人才。,《弹药系统分析与设计》、《爆炸物理》、《弹道学》、《终点效应》、《动态检测技术》、《冲击动力学》、《爆炸技术》、《安全工程学》、《爆轰参数测试》、《弹药威力测试》。,科研人员，岩土工程，参军，公务员(地市级机关)，公务员(区县级及以下机关)，工业工程师，化工工程师，项目专员/助理，公务员(中央国家机关)，考研，公务员(省级机关),https://p.qianwen.com/major/tab?app=index&collegesTab=allColleges&webCompassApp=true&q=%E5%BC%B9%E8%8D%AF%E5%B7%A5%E7%A8%8B%E4%B8%8E%E7%88%86%E7%82%B8%E6%8A%80%E6%9C%AF%E4%B8%93%E4%B8%9A&entry=gaokao_channel&device=pc
武器系统与工程,082101,工学,兵器类,四年,工学学士,199640,6900,华东地区,机械设计/制造,机械重工,物理+化学,本专业培养具备武器系统及其子系统综合设计、产品研发、实验测试和工程管理等能力，以及具备机械工程等相关民用工程技术方面的基础知识和工程实践能力，能够适应本专业发展的基本需求，能在国家有关部门、科研单位、高等学校、部队、企业和管理部门从事火炮、自动武器以及机械系统设计、技术开发、产品制造、实验测试和科研管理等方面工作，具有较好的人文社科和管理知识、良好的职业道德素质、身心健康、全面发展的高素质工程科技人才。,《武器系统工程》、《机电系统分析与设计》、《发射动力学》、《空气动力学》、《弹道力学》、《中近程探测与识别技术》、《现代控制理论》、《制导原理及系统》、《传感与动态检测技术》、《系统建模与仿真》。,机械工程师，工艺/制程工程师，汽车动力系统工程师，事业单位人员，科研人员,https://p.qianwen.com/major/tab?app=index&collegesTab=allColleges&webCompassApp=true&q=%E6%AD%A6%E5%99%A8%E7%B3%BB%E7%BB%9F%E4%B8%8E%E5%B7%A5%E7%A8%8B%E4%B8%93%E4%B8%9A&entry=gaokao_channel&device=pc
信息对抗技术,082107,工学,兵器类,四年,工学学士,193602,6900,北京市,测试,电信设备,物理+化学,本专业为体系与体系对抗、信息系统安全与对抗技术等领域培养具有扎实的理论基础，宽广的知识面，能够用系统的观点分析、综合和处理科学技术问题，进行科学研究、技术开发和应用研究的高级工程技术人才，包括通信对抗、雷达对抗、光电对抗、制导对抗、引信对抗、信息及网络安全技术等专业方向；学生主要学习电子电路理论与技术，电磁场与微波的理论与技术，信号理论与信息处理技术，计算机技术及应用，信息系统工程，控制科学与技术、信息对抗技术等，具备进攻与防御信息战技术系统及其决策支持系统以及民用信息安全防护等方面的基础理论知识和技术综合能力。,《模拟电路基础》、《电路仿真》、《电子信息对抗原理》、《高性能嵌入式系统设计》、《轨道力学与航天器控制》、《模拟集成电路应用》、《软件无线电技术》、《声纳原理》、《数字信号处理原理及应用》、《水声测量原理》。,硬件工程师，软件工程师，参军，科研人员，考研，移动通信工程师，大客户销售代表，系统集成工程师,https://p.qianwen.com/major/tab?app=index&collegesTab=allColleges&webCompassApp=true&q=%E4%BF%A1%E6%81%AF%E5%AF%B9%E6%8A%97%E6%8A%80%E6%9C%AF%E4%B8%93%E4%B8%9A&entry=gaokao_channel&device=pc
探测制导与控制技术,082103,工学,兵器类,四年,工学学士,138568,6400,北京市,销售业务,航天航空,物理+化学,本专业培养具备目标及环境的探测、识别、跟踪、定位、制导与控制、安全控制以及机电控制和传感检测等方面的基础理论知识和工程实践能力，能在有关科研单位、高等学校、生产企业和管理部门从事系统设计、技术开发、产品研制、实验测试和科技管理等方面工作的高级工程技术人才；学生主要学习目标探测与识别技术、制导与控制技术、传感与检测技术、机电控制技术和系统分析与综合等方面的基本理论和基本知识，受到系统设计、技术开发、产品研制、实验测试以及工程管理方面的基本训练，具备系统分析与综合、工程设计与计算、计算机应用与开发、检测与实验等方面的基本能力。,《计算机控制原理》、《现代控制理论基础》、《航天器控制原理》、《导弹控制原理》、《导弹总体设计》、《导引系统原理》、《电动机的单片控制》、《飞行力学》、《飞行器制导与控制》、《航模技术》。,考研，科研人员，软件工程师，参军，电子/电器工程师，公务员(区县级及以下机关)，事业单位人员，公务员(中央国家机关)，公务员(省级机关)，公务员(地市级机关)，硬件工程师,https://p.qianwen.com/major/tab?app=index&collegesTab=allColleges&webCompassApp=true&q=%E6%8E%A2%E6%B5%8B%E5%88%B6%E5%AF%BC%E4%B8%8E%E6%8E%A7%E5%88%B6%E6%8A%80%E6%9C%AF%E4%B8%93%E4%B8%9A&entry=gaokao_channel&device=pc
智能无人系统技术,082108T,工学,兵器类,四年,工学学士,63086,,,,,物理+化学,智能无人系统技术专业主要培养掌握现代电子技术、单片机与接口技术、虚拟仪器技术、传感及测控技术、电气控制技术、PLC应用技术等基本知识，具备智能控制系统安装、调试、维护和技术服务等能力的专业人才。,《机械原理》、《模拟电路基础》、《数字电路基础》、《信号与系统》、《自动控制原理》、《飞航力学》、《智能无人系统总体设计》、《机器学习》、《智能感知与信息处理》、《智能驱动控制技术》、《导航与制导技术》、《系统可靠性技术》等 。,本专业毕业生可在兵器、航空航天等相关国防领域的生产制造单位、科研院所、大专院校等单位和部门，从事智能无人系统相关的系统设计、技术研发、产品制造、试验测试、技术管理等工作。,https://p.qianwen.com/major/tab?app=index&collegesTab=allColleges&webCompassApp=true&q=%E6%99%BA%E8%83%BD%E6%97%A0%E4%BA%BA%E7%B3%BB%E7%BB%9F%E6%8A%80%E6%9C%AF%E4%B8%93%E4%B8%9A&entry=gaokao_channel&device=pc
测绘工程,081201,工学,测绘类,四年,工学学士,476100,6800,北京市,建筑/土木工程,房地产,物理+化学 / 物理+化学+地理,测绘工程是利用各种现代化方法来采集、量测、分析、存储、管理、显示、传播和应用各类地学信息的一门综合的信息科学，专业旨在培养具有扎实的测绘基础知识和技能，学习数字地球框架信息获取、处理、分析、表达和应用的基本原理和方法，掌握现代空间测量技术、数字摄影测量与遥感技术、地图学与地理信息系统的基本理论，能够从事大比例尺数字化测图与地籍图的测绘及其信息系统的建立，各种工程、大型建筑物的各阶段测绘即变形监测，资源合理开发、利用及环境整治等方面工作的高级专门人才。,《工程测量学》、《摄影测量学》、《GPS测量实习》、《控制测量实习》、《地理信息系统原理》、《GIS原理与应用》、《Auto CAD的应用》、《GPS测量原理与应用》、《精密工程测量》、《大地测量学基础》 部分高校按以下专业方向培养：无人机遥感。,建筑工程测绘/测量，事业单位人员，地质勘查/选矿/采矿，考研，公务员(中央国家机关)，道路/桥梁/隧道工程技术，公务员(地市级机关)，公务员(区县级及以下机关)，大学教师，施工员，公务员(省级机关),https://p.qianwen.com/major/tab?app=index&collegesTab=allColleges&webCompassApp=true&q=%E6%B5%8B%E7%BB%98%E5%B7%A5%E7%A8%8B%E4%B8%93%E4%B8%9A&entry=gaokao_channel&device=pc
地理国情监测,081204T,工学,测绘类,四年,工学学士,463140,6600,华东地区,,,物理+化学,地理国情监测通过对地理国情进行动态地测绘、统计，从地理的角度来综合分析和研究国情，为政府、企业和社会各方面提供真实可靠和准确权威的地理国情信息；本专业旨在满足国家对国情国力调查与监测的需要，培养掌握地理国情监测的基础理论、方法和技术，具有地理国情信息获取、处理、综合分析、应用和共享服务能力的复合型高级技术人才，毕业生能在测绘、国土、规划、民政、水利、交通、环境、生态、矿产、农业、林业、人口、海洋、气象、国防、军事、安全、公共卫生、重大工程等政府部门、科研院校、企事业单位从事与地理国情监测相关的科研、教育、技术研发和管理工作。,《地理国情调查技术与方法》、《地理国情监测原理》、《地理调查与编码》、《地理国情数据分析》、《地理国情监测应用建模》、《数字传感器网络技术》、《测量学》、《遥感原理》、《摄影测量学》、《全球卫星导航定位技术》。,政府、事业类单位：国土调查、地理国情监测、地理国情信息处理、地理信息测绘、摄影测量。,https://p.qianwen.com/major/tab?app=index&collegesTab=allColleges&webCompassApp=true&q=%E5%9C%B0%E7%90%86%E5%9B%BD%E6%83%85%E7%9B%91%E6%B5%8B%E4%B8%93%E4%B8%9A&entry=gaokao_channel&device=pc
导航工程,081203T,工学,测绘类,四年,工学学士,418928,6500,北京市,,,物理+化学,导航工程主要研究各种导航技术、导航传感器设备的基本知识和技能，服务于航空、航天、交通、军事、公安等领域和部门，进行导航定位技术的研发及应用。例如：卫星导航设备的维护，公安通过电话进行定位，车载导航仪的系统研发等。 关键词：导航 定位 GPS 无线电。,《导航学》、《最优估计》、《微机原理与接口技术》、《卫星导航原理》、《信号与系统》、《模拟与数字电路》、《卫星导航数据处理方法》、《组合导航》、《惯性导航原理》、《GNSS接收机原理》。,航空、交通类企业：导航设备与通讯设备的运行、监造、检测、调试、保养、维修、管理； 军事类单位：导航通信分队的作战指挥、组织训练、日常管理。,https://p.qianwen.com/major/tab?app=index&collegesTab=allColleges&webCompassApp=true&q=%E5%AF%BC%E8%88%AA%E5%B7%A5%E7%A8%8B%E4%B8%93%E4%B8%9A&entry=gaokao_channel&device=pc
遥感科学与技术,081202,工学,测绘类,四年,工学学士,352309,6900,华东地区,建筑/土木工程,IT软件,物理+化学 / 物理+化学+地理,本专业主要培养掌握遥感理论基础、信息处理与分析理论基础和基本技能，具有遥感基本理论、传感器技术、信息获取技术、遥感数据处理技术、多传感器数据匹配和融合技术、图像自动解译技术、导航及地理信息系统基本原理等基本知识与方法，能够在民用领域及军事领域从事遥感系统设计与研发、遥感信息处理及有关信息系统和管理信息系统的建设和应用的专门人才，以及具有较宽知识面，掌握一定的相关学科知识，了解本学科的发展与学科前沿，有创新意识，并能独立从事本学科及其交叉学科研究的能力的高级人才。,《地理信息系统原理》、《传感器技术与应用》、《航空与航天摄影》、《摄影测量基础》、《近景摄影测量》、《大地测量学基础》、《地图学基础》、《数字图像处理》、《遥感图像处理与解译》、《遥感物理基础》。,事业单位人员，公务员(中央国家机关)，公务员(省级机关)，公务员(地市级机关)，公务员(区县级及以下机关)，生态治理/规划，考研，建筑工程测绘/测量，科研人员，互联网产品专员/助理，软件工程师,https://p.qianwen.com/major/tab?app=index&collegesTab=allColleges&webCompassApp=true&q=%E9%81%A5%E6%84%9F%E7%A7%91%E5%AD%A6%E4%B8%8E%E6%8A%80%E6%9C%AF%E4%B8%93%E4%B8%9A&entry=gaokao_channel&device=pc
地理空间信息工程,081205T,工学,测绘类,四年,工学学士,122837,,,,,物理+化学,地理空间信息工程面向国家城市化与信息化两大发展趋势，以城市信息学为主要特色，融合计算机科学、测绘科学、地理信息科学、城市科学等多个领域，为适应建设新型智慧城市而开设，进行城市规划、地理监测、地理信息研究等。 关键词：地理 智慧城市 城市规划 新兴学科。,《数值分析》、《数据库》、《测量学原理》、《误差理论与数据处理》、《遥感与摄影测量原理》、《地理信息系统原理》、《空间统计与分析》、《城市规划与管理》、《城市建模与仿真》、《导航与定位技术》。,政府、事业类单位：国土资源与环境调查监测、灾害监测评估、空间信息服务、智慧城市建设。,https://p.qianwen.com/major/tab?app=index&collegesTab=allColleges&webCompassApp=true&q=%E5%9C%B0%E7%90%86%E7%A9%BA%E9%97%B4%E4%BF%A1%E6%81%AF%E5%B7%A5%E7%A8%8B%E4%B8%93%E4%B8%9A&entry=gaokao_channel&device=pc
时空信息工程,081206TK,工学,测绘类,四年,工学学士,172,,,,,,时空信息工程专业主要研究时空信息的采集、存储、传输、处理、分析和可视化，以及时空信息系统的设计、开发和应用。它以测绘科学、地理信息科学、计算机科学等为基础，运用现代测绘技术、信息技术、人工智能技术等手段，对地球表面及近地空间的时空信息进行全面、精确的感知和处理，为智慧城市、国土空间规划、环境保护、交通运输、灾害监测等领域提供时空信息服务。,如测绘学概论、误差理论与测量平差基础、大地测量学基础、地理信息系统原理、遥感图像处理、卫星导航定位技术、时空数据库原理、时空数据分析与挖掘、三维激光扫描技术、无人机测绘技术、智慧城市时空信息平台建设等。,测绘地理信息行业：在测绘院、地理信息中心等单位，从事大地测量、工程测量、摄影测量、遥感测绘等工作，负责时空数据的采集和处理，为城市建设、国土资源调查、交通规划等提供基础数据支持。智慧城市建设：参与智慧城市时空信息云平台的建设和维护，为城市的智能化管理提供时空信息服务，如城市交通流量监测与分析、城市环境监测与评估、城市公共服务设施布局优化等。国土资源管理：在自然资源部门，利用时空信息工程技术进行土地利用变化监测、耕地保护、矿产资源管理等工作，为国土空间规划和资源合理利用提供决策依据。,https://p.qianwen.com/major/tab?app=index&collegesTab=allColleges&webCompassApp=true&q=%E6%97%B6%E7%A9%BA%E4%BF%A1%E6%81%AF%E5%B7%A5%E7%A8%8B%E4%B8%93%E4%B8%9A&entry=gaokao_channel&device=pc
石油工程,081502,工学,矿业类,四年,工学学士,424704,6600,西南地区,石油/煤/天然气,石油化工,物理+化学,本专业主要培养从事石油工程设计、科学研究与生产管理方面的高级工程技术人才，学生在校期间主要学习地质、力学、机械、电工、计算机、基础化学、流体力学、油层物理、提高采收率原理和石油工程等课程；毕业后具备较强的外语和计算机应用能力、石油工程优化设计能力、石油工程技术开发、科学研究及石油生产的管理能力，能独立进行油气田开发方案和钻采工艺的优化设计、石油生产工艺和提高采收率技术的开发研究等工作；主要在石油、石化行业及相关行业就业。,《采油工程》、《提高采收率原理》、《石油工程岩石力学》、《油气井流体力学》、《现代试井解释原理》、《VB语言》、《油气层渗流力学》、《采气工程》、《保护储层技术》、《测井解释与生产测井》。,石油/天然气技术人员，考研，计算机软件工程师，管道工程与油气储运技术人员，建筑工程师，地质勘探技术人员,https://p.qianwen.com/major/tab?app=index&collegesTab=allColleges&webCompassApp=true&q=%E7%9F%B3%E6%B2%B9%E5%B7%A5%E7%A8%8B%E4%B8%93%E4%B8%9A&entry=gaokao_channel&device=pc
采矿工程,081501,工学,矿业类,四年,工学学士,413285,7300,北京市,地质勘查,采掘冶炼,物理+化学,本专业培养掌握金属、非金属等固体矿床开采的基本理论和方法，具备采矿工程师的基本能力，能从事矿区开发规划、开采设计与施工、安全设计与监理、生产技术管理、科学研究等工作，培养富有创新精神的应用型技术及管理人才；要求学生掌握较系统的基础科学理论，较宽厚的专业技术理论和主要的专业知识，具有本专业所必需的设计、制图、运算、实验、测试表达及基本工艺技术技能和较强的计算机应用能力。,《矿山岩体力学》、《煤矿地质》、《地貌学与第四季地质学》、《光电子技术及应用》、《井巷工程》、《采矿学》、《岩石力学》、《矿山压力及其岩层控制》、《矿井通风与安全》、《液压传动与采掘机械》 部分高校按以下专业方向培养：煤与煤层气。,地质勘查/选矿/采矿，事业单位人员，道路/桥梁/隧道工程技术，建筑工程师，施工员，土木建筑工程人员，建筑施工现场管理,https://p.qianwen.com/major/tab?app=index&collegesTab=allColleges&webCompassApp=true&q=%E9%87%87%E7%9F%BF%E5%B7%A5%E7%A8%8B%E4%B8%93%E4%B8%9A&entry=gaokao_channel&device=pc
海洋油气工程,081506T,工学,矿业类,四年,工学学士,353190,6300,华北地区,,,物理+化学,本专业培养面向我国海洋石油工业发展需要，德智体美全面发展，具有较强的国际竞争能力、团队协作能力的海洋石油工业钻井、采油、项目管理等方面的高级专门技术人才。通过本专业学习，学生除具备一定的工科基础理论和海洋法规基础知识外，应熟练掌握海洋钻井、完井、采油和油气集输专业知识，并具备较好外语水平，可胜任海洋钻井与完井、海洋采油气、海洋油气集输等工作的设计、工程施工与管理工作。,《传热学与传质学》、《海洋采油工程》、《海洋地质学》、《海洋工程施工》、《海洋环境保护》、《海洋平台工程》、《海洋平台结构设计》、《海洋完井工程》、《海洋油气腐蚀与防护》、《海洋油气工程仪表与自动化》。,石油类企业：海洋钻井与完井、海洋采油、海洋油气集输、油气储存、勘查设计、海洋油气工程安全、油品应用、石油营销。,https://p.qianwen.com/major/tab?app=index&collegesTab=allColleges&webCompassApp=true&q=%E6%B5%B7%E6%B4%8B%E6%B2%B9%E6%B0%94%E5%B7%A5%E7%A8%8B%E4%B8%93%E4%B8%9A&entry=gaokao_channel&device=pc
油气储运工程,081504,工学,矿业类,四年,工学学士,205849,5600,北京市,石油/煤/天然气,石油化工,,油气储运工程是一个涵盖多学科的交叉渗透型专业，集油气储运工艺过程、油气储运工程施工、油气储运设备于一体，结合国家行业需求，以原油和天然气的开采、计量、储存、管道输送为主线，为我国的油田、气田、炼油厂、石化企业、加油站、油库、城市燃气输配等部门培养具备工程流体力学、传热学、工程热力学、油气储运工程等方面的高级工程应用型人才。学生主要学习各类油库和集输、长输管道及相应设备的设计、选用、技术管理的理论知识；通过学习和研究要掌握集输系统、油库和长输管道的的工艺设计理论和方法，熟悉油品特性及其单相、多相管道流动理论；具有输、储专用设备的设计、选用和维修能力以及对现有油库、集输系统和长输管道的生产工艺进行分析、研究和技术改造的能力。,《储运工程施工》、《储运设备》、《储运油料学》、《催化原理》、《泵与压缩机》、《流变学基础》、《管罐结构设计》、《机泵拆装》、《油气储运工程》、《LNG技术》。,石油/天然气技术人员，管道工程与油气储运技术人员，考研，销售代表，参军，项目专员/助理，事业单位人员,https://p.qianwen.com/major/tab?app=index&collegesTab=allColleges&webCompassApp=true&q=%E6%B2%B9%E6%B0%94%E5%82%A8%E8%BF%90%E5%B7%A5%E7%A8%8B%E4%B8%93%E4%B8%9A&entry=gaokao_channel&device=pc
矿物加工工程,081503,工学,矿业类,四年,工学学士,172011,6100,北京市,地质勘查,采掘冶炼,物理+化学,本专业培养从事矿物(金属、非金属、煤炭)分选、矿物材料加工和矿产资源综合利用等领域内的高级工程技术人才，学生主要学习物理化学、流体力学、矿物学、选矿学、矿物材料，以及化工原理、环境保护等方面的基础理论和专业知识，受到实验研究、工程设计、生产管理、计算机应用等方面的基本训练，能够承担矿物原料的分析检测、选矿（选煤）工艺、选矿（选煤）厂设计、矿物材料加工利用、资源综合利用和环境保护等方面的科学研究和专门技术工作。,《矿石可选性研究》、《非金属矿物深加工》、《烧结矿与球团矿生产》、《矿床学》、《矿相学》、《工程流体力学》、《选矿学》、《矿物学》、《选矿机械与设备》、《矿物加工厂工艺设计》。,地质勘查/选矿/采矿，公务员(中央国家机关)，公务员(省级机关)，公务员(地市级机关)，公务员(区县级及以下机关)，科研人员，考研，生产经理/车间主任，工艺/制程工程师，大学教师，事业单位人员,https://p.qianwen.com/major/tab?app=index&collegesTab=allColleges&webCompassApp=true&q=%E7%9F%BF%E7%89%A9%E5%8A%A0%E5%B7%A5%E5%B7%A5%E7%A8%8B%E4%B8%93%E4%B8%9A&entry=gaokao_channel&device=pc
矿物资源工程,081505T,工学,矿业类,四年,工学学士,82943,6500,北京市,采矿,采掘冶炼,物理+化学,矿物资源工程专业是1999年在原采矿工程专业的基础上改造而成的本科专业，不同的院校开设的培养方向有所不一样，主要来说有以下几种：矿物资源开发工程（有些也称采矿工程）、矿物加工工程、安全工程。矿物资源开发工程（采矿工程）方向培养从事矿物资源开发的高级工程技术人才，培养学生在矿物资源开发、现代矿山开采系统的规划设计与开发、工程设计、企业生产与经营、技术与行政管理、安全技术及监督、科学研究与技术革新、矿山生产管理等方面的基本能力和创新意识。,《工程力学》、《工程化学》、《流体力学》、《地质学与矿物学》、《矿床地质与油气田地质》、《岩石力学与爆破工程》、《矿床开采》、《油气田钻探与开发》、《矿物加工与利用》、《技术经济学》。,地质勘查/选矿/采矿，公务员(中央国家机关)，项目专员/助理，公务员(地市级机关)，公务员(区县级及以下机关)，公务员(省级机关),https://p.qianwen.com/major/tab?app=index&collegesTab=allColleges&webCompassApp=true&q=%E7%9F%BF%E7%89%A9%E8%B5%84%E6%BA%90%E5%B7%A5%E7%A8%8B%E4%B8%93%E4%B8%9A&entry=gaokao_channel&device=pc
智能采矿工程,081507T,工学,矿业类,四年,工学学士,31551,,,,,物理+化学,智能采矿工程专业，是在国家能源技术革命和教育部新工科建设的背景下，利用人工智能、大数据、云计算、物联网等高新技术，对传统采矿工程专业进行改造升级，培养并造就大批掌握智能采矿技术的高级矿业人才，智能采矿追求的是提高机械自动化，发展无人化或者无人化作业，这将极大地解决未来采矿在发展中的问题，提高作业的效率，保证矿山的安全生产。,《智能采掘》《矿山数据管理》《矿业大数据与互联网》《未来采矿》《测试与控制技术基础》《物联网与人工智能》《大数据与云计算》。,能源与矿业、智能制造、机器人、机械制造、电子信息等相关领域。,https://p.qianwen.com/major/tab?app=index&collegesTab=allColleges&webCompassApp=true&q=%E6%99%BA%E8%83%BD%E9%87%87%E7%9F%BF%E5%B7%A5%E7%A8%8B%E4%B8%93%E4%B8%9A&entry=gaokao_channel&device=pc
碳储科学与工程,081508TK,工学,矿业类,四年,工学学士,4513,,,,,,碳储科学与工程旨在服务国家“2030 年碳达峰，2060 年碳中和”目标，是一个以理工融合、多学科交叉为特征的战略性新兴专业，围绕“双碳”国家战略及国民经济高质量发展重大需求，培养具有解决碳储科学与工程领域内复杂工程问题能力和能够从事碳中和领域科技创新的复合型高级工程技术创新人才。,《二氧化碳捕集工程》、《二氧化碳储存工程》、《二氧化碳转化与利用》、《碳资源生物转化》、《资源循环利用与绿色材料》、《新能源技术》、《碳监测与碳核算》、《低碳经济学与碳管理》、《碳循环与碳汇》、《流体力学》、《地质学》、《热工学》等。,可以到大型能源企业从事碳储科学与工程相关的设计、建设、运行与管理工作，去能源、矿业、电力、钢铁和环保类企业从事碳减排相关科研与管理工作，也可以从事碳减排、碳交易等碳资产管理工作，还可以服务于政府部门进行相关政策制定、法规研究与项目管理等。,https://p.qianwen.com/major/tab?app=index&collegesTab=allColleges&webCompassApp=true&q=%E7%A2%B3%E5%82%A8%E7%A7%91%E5%AD%A6%E4%B8%8E%E5%B7%A5%E7%A8%8B%E4%B8%93%E4%B8%9A&entry=gaokao_channel&device=pc
生物工程,083001,工学,生物工程类,四年,工学学士,820007,5800,北京市,医学/医疗器械研发,医药,物理+化学 / 物理+化学+生物,本专业是以生命科学、食品科学和工程学为基础，培养具备从事食品科学基础研究、食品生物高新技术创新、功能食品开发、食品原辅料生产、农产品综合利用、食品生物工程产业管理等方面能力的“生物技术 食品工程”复合型高级专业人才；旨在强调学生专业知识、基本技能、创新思维和科研能力的培养，注重应用研究、工程设计和产业管理的基本训练；本专业涉及基因工程、细胞工程、蛋白质工程、酶工程、发酵工程和生物反应工程等生物工程教学和研究内容，要求学生掌握生物学、生化工程、化学工程等学科的基本理论和知识，掌握基因工程、酶工程、生化反应与催化工程、细胞培养和微生物发酵工程、生物分离工程和工程计算等方面的基本技术。,《发酵工程》、《生化工程》、《细胞工程》、《基因工程》、《普通微生物学》、《动物学基础》、《生物信息学》、《生物技术制药》、《生物分离工程》、《蛋白质工程》 部分高校按以下专业方向培养：食用菌、发酵工程、生物农药、生物质能源、微生物应用、农业生物技术、食品发酵与生物制剂。,生物工程/生物制药，事业单位人员，公务员(中央国家机关)，公务员(省级机关)，公务员(地市级机关)，软件工程师，考研，科研人员，销售代表，药品研发，公务员(区县级及以下机关),https://p.qianwen.com/major/tab?app=index&collegesTab=allColleges&webCompassApp=true&q=%E7%94%9F%E7%89%A9%E5%B7%A5%E7%A8%8B%E4%B8%93%E4%B8%9A&entry=gaokao_channel&device=pc
生物制药,083002T,工学,生物工程类,四年,工学学士,774798,6100,东北地区,医学/医疗器械研发,医药,物理+化学 / 物理+化学+生物,本专业培养掌握现代生物科学和生物技术基本理论、基本技能和工艺工程，具有生物制药技术专业素质，可从事药品生产、管理和技术研发的高等技术应用型人才。要求学生掌握生物制药领域的基本理论、基本知识和基本技能；掌握药物生产装置工艺与设备设计方法；具有对药品的新资源、新产品、新工艺进行研究、开发和设计的初步能力；具备一定的实验设计与实施，归纳、分析实验结果和撰写论文的能力；熟悉国家对于制药生产、设计、研究与开发、环境保护等方面的方针、政策和法规；熟练掌握一门外语，具备听、说、读、写能力；掌握文献检索、资料查询的基本方法，具有一定的科学研究和实际工作能力。,《解剖生理学》、《色谱分析》、《酶工程与发酵工程》、《生物药物分析》、《细胞与基因药物学》、《药物合成基础》、《药用真菌学》、《药理学实验》、《生物制药综合实验》、《生物制药专业英语》。,生物工程技术人员，制药工程技术人员，销售代表，中学教师，药品研发人员，科研人员，临床研究员，医药化学分析，医疗器械研发，临床协调员,https://p.qianwen.com/major/tab?app=index&collegesTab=allColleges&webCompassApp=true&q=%E7%94%9F%E7%89%A9%E5%88%B6%E8%8D%AF%E4%B8%93%E4%B8%9A&entry=gaokao_channel&device=pc
合成生物学,083003T,工学,生物工程类,四年,工学学士,56373,,,,,物理+化学,合成生物学是一个跨学科的专业，它集合了传统生物学、工程学及数学的知识体系和研究方法，涉及的领域相当之广，包括生物技术、进化生物学、基因工程、分子生物学、生物信息学、系统生物学、生物物理及计算机科学等 。,《物理化学与胶体化学》、《生物化学》、《微生物学》、《细胞生物学》、《分子生物学》、《生物化工原理》、《生物工程设备》、《发酵工程学》、《蛋白质工程》、《基因工程》、《酶工程》等。,暂无简介。,https://p.qianwen.com/major/tab?app=index&collegesTab=allColleges&webCompassApp=true&q=%E5%90%88%E6%88%90%E7%94%9F%E7%89%A9%E5%AD%A6%E4%B8%93%E4%B8%9A&entry=gaokao_channel&device=pc
海洋资源开发技术,081903T,工学,海洋工程类,四年,工学学士,464906,6300,上海市,,,物理+化学 / 物理+化学+生物,本专业主要学习开发和利用海洋资源的基本知识和核心技术，以海洋生物资源开发利用为特色，培养能掌握海洋生物资源、食品、药品、功能生物制品等基础知识，具有新产品设计与研发能力的高级专门应用型技术人才，或从事海洋生物资源开发相关的科学研究、政策规划与管理等工作的高级专门人才。,《海洋环境工程》、《海洋生物资源产品质量控制》、《海洋生物资源加工与利用》、《海洋微生物工程》、《海洋资源学》、《生物资源评估》、《海洋空间开发利用规划原理与方法》、《海洋生态环境保护与修复》、《海洋地质学》、《海洋调查与观测技术》。,海洋工业类企业：海洋工程、工程设计、监造管理、海洋资源开发、海洋产品研发、生产经营、质量检验。,https://p.qianwen.com/major/tab?app=index&collegesTab=allColleges&webCompassApp=true&q=%E6%B5%B7%E6%B4%8B%E8%B5%84%E6%BA%90%E5%BC%80%E5%8F%91%E6%8A%80%E6%9C%AF%E4%B8%93%E4%B8%9A&entry=gaokao_channel&device=pc
海洋工程与技术,081902T,工学,海洋工程类,四年,工学学士,374794,6500,上海市,,,物理+化学,本专业培养具备现代海洋工程装备设计、研究、建造的基本技能和项目管理方面的基础知识、计算机编程及应用能力、具有累积一年的海洋工程领域企业实践经验，能够在海洋工程装备设计、研究、制造、检验、使用、教育和管理等部门从事技术和管理方面工作的海洋工程学科卓越工程技术人才。本专业学生主要学习物理、数学、力学、海洋平台设计原理、海洋工程结构物制造技术、海洋工程项目管理与控制等基本理论和知识，掌握海洋工程装备设计、建造流程中的关键技术、熟悉海洋工程装备设计与建造项目的运行方式、管理方法等方面的专业知识。通过三年的理论学习和累积一年的企业实践训练，使学生成为基础扎实、专业知识面广、动手能力强、具有创新精神和实践能力的应用型、复合型人才。,《海洋科学导论》、《生物海洋学》、《海洋地质学》、《海洋调查与观测技术》、《海洋遥感》、《海洋地质勘探方法》、《信号与信息处理》、《海洋工程》、《海上实习》。,海洋工程类企业：海洋结构物的设计、生产制造、质量检验、海洋开发； 海运类企业：海上贸易、航运管理、海上保险。,https://p.qianwen.com/major/tab?app=index&collegesTab=allColleges&webCompassApp=true&q=%E6%B5%B7%E6%B4%8B%E5%B7%A5%E7%A8%8B%E4%B8%8E%E6%8A%80%E6%9C%AF%E4%B8%93%E4%B8%9A&entry=gaokao_channel&device=pc
船舶与海洋工程,081901,工学,海洋工程类,四年,工学学士,311315,6700,上海市,机械设计/制造,机械重工,物理+化学,本专业旨在培养具有坚实的自然科学和工程技术基础，受到较强工程实践和研究能力训练，掌握船舶与海洋工程学科的基础知识，具有较高的外语和计算机应用能力，能够从事船舶与海洋工程领域内的设计、建造、检验和管理等方面工作的高级专业人才；毕业生可到沿海地区从事船舶与海洋工程设计制造的大型企业及机关部委从事设计、制造和检验等工作。,《船舶静力学》、《船舶操纵性与耐波性》、《船舶动力系统》、《船舶建造理论与工艺》、《船舶结构力学》、《船舶结构强度》、《船舶结构设计》、《船舶静水力计算》、《船舶流体力学》、《船舶设备与系统》 部分高校按以下专业方向培养：游艇。,船舶设计与制造，公务员(中央国家机关)，公务员(省级机关)，公务员(地市级机关)，公务员(区县级及以下机关)，建筑工程师，事业单位人员，石油/天然气技术人员，出国，销售代表，考研,https://p.qianwen.com/major/tab?app=index&collegesTab=allColleges&webCompassApp=true&q=%E8%88%B9%E8%88%B6%E4%B8%8E%E6%B5%B7%E6%B4%8B%E5%B7%A5%E7%A8%8B%E4%B8%93%E4%B8%9A&entry=gaokao_channel&device=pc
海洋机器人,081904T,工学,海洋工程类,四年,工学学士,54695,,,,,物理+化学,海洋机器人是一门将水动力分析、控制技术、传感器技术、人工智能、计算机仿真等高科技手段综合运用于海洋领域的新兴交叉学科。主要研究智能水下机器人、遥控水下机器人、水面无人艇等海中无人平台的基础理论和应用技术。例如：海洋机器人操作，水下考古挖掘、水下探险，水下科研等。 关键词：机器人 海洋机器人 人工智能 控制技术 。,《数字信号处理》、《模式识别原理》、《数字图像处理》、《图像理解》、《机器人控制工程》、《工业机器人》、《机器人视觉测量与控制》 。,水下安全检查、海洋工程、科学考察以及军事海洋机器人等领域，以及围绕海洋机器人智能部件的开发、测试与生产技术人员 。,https://p.qianwen.com/major/tab?app=index&collegesTab=allColleges&webCompassApp=true&q=%E6%B5%B7%E6%B4%8B%E6%9C%BA%E5%99%A8%E4%BA%BA%E4%B8%93%E4%B8%9A&entry=gaokao_channel&device=pc
智能海洋装备,081906T,工学,海洋工程类,四年,工学学士,6566,,,,,,智能海洋装备专业主要研究海洋工程装备及相关产品的生产设计与制造、安装调试与维护、质量检验及项目管理，主要涉及一定的科学文化知识学习和海洋工程装备材料结构与设备、数字设计与智能制造的学习，以及海洋工程装备设计制造与安装、质量检验和项目管理学习。关键词：海洋 工程力学基础 机械制造,海洋工程，机械设计，电子技术，传感器技术，自动控制原理，海洋环境，船舶原理，海洋装备设计，智能系统，海洋法规,海洋工程企业：装备设计、研发； 海洋资源开发企业：技术支持、运营； 科研院所：海洋装备研究； 深造：考研或保研，继续海洋工程、船舶与海洋工程等相关专业的学习深造。,https://p.qianwen.com/major/tab?app=index&collegesTab=allColleges&webCompassApp=true&q=%E6%99%BA%E8%83%BD%E6%B5%B7%E6%B4%8B%E8%A3%85%E5%A4%87%E4%B8%93%E4%B8%9A&entry=gaokao_channel&device=pc
智慧海洋技术,081905T,工学,海洋工程类,四年,工学学士,3750,,,,,,本专业培养适应现代化建设和未来社会发展需要，具备海洋智能感知、海洋大数据、海洋智能系统等交又融合领域基础知识与应用能力、自主学习和创新能力、组织协调能力，能在海洋科学研究、海洋信息技术应用、海洋智能系统及相关领域从事科学研究、工程设计、应用研究、运行管理等方面工作的高级复合型技术人才。,《材料力学》、《流体力学》《船舶动力学》、《智能算法与应用》、《海洋工程技术原理》、《海洋声学与光学基础》、《海洋信息大数据技术》、《控制理论与工程基础》等。,可从事海洋及其他领域各类信息系统、智能系统的设计、研发、应用工作。就业主要面向海洋、船舶等行业，人工智能、自动化、电子技术等领域的教学、科研、设计、制造等相关企事业单位。,https://p.qianwen.com/major/tab?app=index&collegesTab=allColleges&webCompassApp=true&q=%E6%99%BA%E6%85%A7%E6%B5%B7%E6%B4%8B%E6%8A%80%E6%9C%AF%E4%B8%93%E4%B8%9A&entry=gaokao_channel&device=pc
辐射防护与核安全,082202,工学,核工程类,四年,工学学士,455007,7400,北京市,,,物理+化学,辐射防护与核安全主要研究核辐射防护与核安全技术等方面的基本知识和技能，涉及辐射监测、辐射防护、辐射安全评价、核废料与退役核设施处置、辐射事故应急处理等，在环保、核电安全、核工业等领域，进行辐射防护和核环境治理工程的研究、设计、开发、管理等，多服务于核电站或环保部门等。 关键词：核辐射 核泄漏 辐射防护 核电安全。,《核能与核技术概论》、《辐射物理》、《核辐射探测方法》、《辐射防护》、《电离辐射剂量学》、《环境工程》、《环境影响评价方法》、《环境地球化学基础》、《核安全法规》、《放射生态学》 部分高校按以下专业方向培养：核安全工程。,政府、事业类单位：辐射监测、辐射安全评价、核安全评价、辐射防护、辐射污染防治、环境保护、核环境治理。,https://p.qianwen.com/major/tab?app=index&collegesTab=allColleges&webCompassApp=true&q=%E8%BE%90%E5%B0%84%E9%98%B2%E6%8A%A4%E4%B8%8E%E6%A0%B8%E5%AE%89%E5%85%A8%E4%B8%93%E4%B8%9A&entry=gaokao_channel&device=pc
核工程与核技术,082201,工学,核工程类,四年,工学学士,391124,5700,西南地区,销售业务,电力水利,物理+化学,本专业培养能在核技术、反应堆、核电站、辐射防护及相关专业领域从事应用研究、基础研究、教学、管理等的专门人才；要求毕业生具有良好的数理基础和核技术、核电站工程等的专门理论，具有较深入的专业知识和熟练的专业实验技能，掌握核工程与核技术专业的基础知识体系，掌握相关的工程技术知识，包括工程制图、机械电工、电子技术、计算机等；要求了解本专业各方向的理论前沿、研究动态、应用前景以及相关技术、产业的发展状况，能够适应核技术、核工程、辐射防护等学科的发展。,《流体机械》、《反应堆物理》、《反应堆结构与材料》、《核安全基础》、《反应堆热工水力学》、《工程分析程序设计》、《工程热力学与传热学》、《核反应堆安全分析》、《核反应堆物理》、《汽轮机原理》 部分高校按以下专业方向培养：核电站。,核力/火力工程师，考研，事业单位人员，电力工程师/技术员，科研人员，销售代表，公务员(省级机关)，公务员(地市级机关)，公务员(区县级及以下机关)，环境监测工程师，公务员(中央国家机关),https://p.qianwen.com/major/tab?app=index&collegesTab=allColleges&webCompassApp=true&q=%E6%A0%B8%E5%B7%A5%E7%A8%8B%E4%B8%8E%E6%A0%B8%E6%8A%80%E6%9C%AF%E4%B8%93%E4%B8%9A&entry=gaokao_channel&device=pc
工程物理,082203,工学,核工程类,四年,工学学士,192782,10000,北京市,高级管理,媒体,物理+化学,工程物理主要研究能量以热和功及其他相关的形式在转化、传递和利用过程中的基本规律及其相关应用等，常在工业和高新技术领域进行工程规划与设计等，从而提高工程的效率和品质，在电力工程、暖通工程、制冷工程、核工程等方面起到重要作用。 关键词：物理 工程 高新技术 换热器。,《热力学专论》、《传热学专论》、《工程流体力学专论》、《现代实验技术》、《现代数学方法概论》、《非线性动力系统》、《非定常及不稳定两相流动》、《高效换热器》、《计算传热学进展及其应用》、《等离子物理》。,工程类企业：工程设计、光学工程、技术工程、电子工程、电力工程、暖通工程、核反应堆工程、品质控制。,https://p.qianwen.com/major/tab?app=index&collegesTab=allColleges&webCompassApp=true&q=%E5%B7%A5%E7%A8%8B%E7%89%A9%E7%90%86%E4%B8%93%E4%B8%9A&entry=gaokao_channel&device=pc
核化工与核燃料工程,082204,工学,核工程类,四年,工学学士,134179,6900,上海市,化工工程,石油化工,物理+化学,本专业培养适应我国国民经济和核工业发展需要，能在核化工与核燃料工程及相近专业领域从事科研、设计、生产、应用和管理等工作的专门技术型人才。本专业培养的人才应具有良好的数理基础、扎实的专业知识和熟练的专业技能，适应本专业各个方向发展的基本需要、同时具有较好的人文社科和管理知识、良好的道德素质，身心健康、全面发展，能够为国家的经济建设和国防建设事业做出贡献。,《核化工原理》、《核化学与放射化学》、《核燃料循环化学工艺学》、《原子核物理》、《放化基础》、《核燃料循环与材料》、《核材料科学基础》、《核燃料后处理与废物处置》、《两相流基础》、《反应堆物理分析》。,化学操作，化学实验室技术员/研究员，工艺/制程工程师，化学技术应用,https://p.qianwen.com/major/tab?app=index&collegesTab=allColleges&webCompassApp=true&q=%E6%A0%B8%E5%8C%96%E5%B7%A5%E4%B8%8E%E6%A0%B8%E7%87%83%E6%96%99%E5%B7%A5%E7%A8%8B%E4%B8%93%E4%B8%9A&entry=gaokao_channel&device=pc
农业电气化,082303,工学,农业工程类,四年,工学学士,405189,6500,北京市,电气/自动化,电力水利,物理+化学,本专业培养具有创新意识和创新能力、综合素质高、适应能力强的，具备地方电力系统及其自动化、生产过程电气自动化及应用电子信息技术有关的分析计算、工程设计、使用维护、生产管理的基本理论和基本知识，能在与农业、农村有关的地方电力系统、用电管理部门、电子信息产业和技术发展系统从事有关的技术设计、经营管理、教学科研等方面的德、智、体全面发展的高级工程技术人才；要求学生掌握电气、电子与控制工程方面的基本理论；掌握应用电子技术与计算机技术方面的基本知识；掌握电力及自动化工程的分析计算、工程设计方法和农业电气化与自动化、农业生物工程及其环境设计的检测控制技术； 了解电力技术、自动化技术的应用前景和发展动态； 熟悉农业、能源与环境及电力方面的方针、政策和法规。,《模拟与数字电子电路》、《电机学》、《信号与系统》、《自控理论与系统》、《电力系统工程》、《计算机原理及应用》、《计算机控制技术》、《计算机网络技术》、《农业工程导论》、《电路理论》。,电力工程技术人员，电气工程技术人员，计算机软件工程师，电工，电子技术研发工程师，机电工程师,https://p.qianwen.com/major/tab?app=index&collegesTab=allColleges&webCompassApp=true&q=%E5%86%9C%E4%B8%9A%E7%94%B5%E6%B0%94%E5%8C%96%E4%B8%93%E4%B8%9A&entry=gaokao_channel&device=pc
农业机械化及其自动化,082302,工学,农业工程类,四年,工学学士,203573,6100,华东地区,机械设计/制造,机械重工,物理+化学,本专业培养具备机械设计制造基础知识与应用能力，能在工业生产第一线从事机械制造领域内的设计制造、科技开发、应用研究、运行管理和经营销售等方面工作的高级工程技术人才；学生主要学习机械设计与制造的基础理论，学习微电子技术、计算机技术和信息处理技术的基本知识，受到现代机械工程师的基本训练，具有进行机械产品设计、制造及设备控制、生产组织管理的基本能力。,《工程制图》、《工程力学》、《机械设计基础》、《机械制造基础》、《现代测试技术》、《液压技术》、《技术经济学》、《农业机械学》、《汽车拖拉机构造及原理》、《汽车电器设备》。,机械工程师，公务员(中央国家机关)，公务员(省级机关)，公务员(地市级机关)，公务员(区县级及以下机关)，事业单位人员，机械设备工程师，项目专员/助理，考研，机械设计师，机械研发工程师,https://p.qianwen.com/major/tab?app=index&collegesTab=allColleges&webCompassApp=true&q=%E5%86%9C%E4%B8%9A%E6%9C%BA%E6%A2%B0%E5%8C%96%E5%8F%8A%E5%85%B6%E8%87%AA%E5%8A%A8%E5%8C%96%E4%B8%93%E4%B8%9A&entry=gaokao_channel&device=pc
农业工程,082301,工学,农业工程类,四年,工学学士,181312,6700,北京市,销售业务,农业,物理+化学,本专业培养德、智、体全面发展，具有现代科学技术知识和工程实践能力的农业工程科学研究、农业机械装备及相关产品设计开发、农业设施与环境、农业资源开发与利用、现代农业生产技术集成与管理、自动控制与检测等方面的高素质复合型高级工程技术人才和创新型人才；要求学生系统地接受自然科学基础理论和农业工程技术基本训练，掌握较宽的生物生产系统、农业工程机具装备、农业设施与环境、信息与自动化技术以及农业工程项目规划设计与管理等知识，具有宽广知识结构、良好的素质和系统综合能力，适应现代科技发展，特别是农业工程领域技术集成与创新的需求。,《农牧业生产基础》、《工程材料基础》、《工程结构基础》、《农业机械与设备》、《土壤与水资源》、《农产品加工工程》、《设施农业工程》、《机械装备设计》、《农业工程项目规划与设计》、《工程项目管理》。,生产项目经理/主管，事业单位人员,https://p.qianwen.com/major/tab?app=index&collegesTab=allColleges&webCompassApp=true&q=%E5%86%9C%E4%B8%9A%E5%B7%A5%E7%A8%8B%E4%B8%93%E4%B8%9A&entry=gaokao_channel&device=pc
农业水利工程,082305,工学,农业工程类,四年,工学学士,130176,6000,北京市,水利工程/设施,房地产,物理+化学,本专业培养具有现代农业水利工程理论及相关学科的基本理论，能在政府管理部门、规划部门、水利水电工程设计开发及科研部门，从事农业水利工程及水利信息化领域的勘测、设计、施工、管理和科研等工作的高级工程技术人才；学生主要学习农业水利工程建设所必需的数学、力学、建筑结构和水利信息技术等方面的基本理论和基本知识，使学生得到必要的工程设计方法、施工管理方法和科学研究方法的基本训练，具有供水工程、灌排工程、水利信息化工程的勘测、规划、设计、施工、科研和自动管理技术等方面的基本能力。,《工程水文及水利计算》、《水电站》、《水利工程制图》、《水土保持学》、《工程地质与水文地质》、《地下水利用》、《工程抗冻技术》、《灌溉排水工程学》、《灌排工程系统分析》、《节水灌溉技术》。,事业单位人员，水利/水电工程师，水利/港口工程技术，公务员(区县级及以下机关)，考研，道路/桥梁/隧道工程技术，项目专员/助理，土木/土建/结构工程师，公务员(省级机关)，公务员(中央国家机关)，公务员(地市级机关),https://p.qianwen.com/major/tab?app=index&collegesTab=allColleges&webCompassApp=true&q=%E5%86%9C%E4%B8%9A%E6%B0%B4%E5%88%A9%E5%B7%A5%E7%A8%8B%E4%B8%93%E4%B8%9A&entry=gaokao_channel&device=pc
农业建筑环境与能源工程,082304,工学,农业工程类,四年,工学学士,117122,5600,西南地区,现场专业人员,房地产,物理+化学,本专业培养具备现代农业生产性建筑、现代设施农业工程、城镇规划与建设等方面的基本知识，具有本专业工程项目建设可行性论证，工程规划设计、施工与运行管理等基本能力，能在工厂化高效农业系统、生态观光农业工程等相关的现代农业建筑与环境领域从事规划设计、装备开发与集成、施工管理、教学与科研等方面工作的高级工程技术人才；要求学生掌握现代农业生产性建筑、现代设施农业工程、城镇规划与建设等方面的基本知识，具有本专业工程项目建设可行性论证、工程规划设计、施工与运行管理等基本能力。能在工厂化高效农业系统、生态观光农业工程等相关的现代农业建筑与环境领域从事规划设计、装备开发与集成、施工管理、教学与科研等方面的工作。,《农业生物环境原理》、《建筑力学》、《建筑结构》、《流体力学》、《工程热力学与传热学》、《建筑测量》、《土力学与基础工程》、《房屋建筑学》、《乡镇规划》、《农业建筑学》 部分高校按以下专业方向培养：农村能源、建筑与环境工程。,土木/土建/结构工程师，公务员(中央国家机关)，公务员(省级机关)，公务员(地市级机关)，公务员(区县级及以下机关)，工程监理/质量管理，建筑工程师，施工员，工程造价/预结算，建筑设计师，事业单位人员,https://p.qianwen.com/major/tab?app=index&collegesTab=allColleges&webCompassApp=true&q=%E5%86%9C%E4%B8%9A%E5%BB%BA%E7%AD%91%E7%8E%AF%E5%A2%83%E4%B8%8E%E8%83%BD%E6%BA%90%E5%B7%A5%E7%A8%8B%E4%B8%93%E4%B8%9A&entry=gaokao_channel&device=pc
土地整治工程,082306T,工学,农业工程类,四年,工学学士,54059,,,,,物理+化学,土地整治是指对低效利用、不合理利用、未利用以及生产建设活动和自然灾害损毁的土地进行整治，提高土地利用效率的活动。随着土地整治实践工作的逐步深化，国家对土地整治专业人才的需求不断加大，对土地整治从业人员所具备的知识体系、结构及能力提出新要求。例如：土地综合整治、工矿废弃地复垦利用、土地开发复垦 关键词：土地整治 农业 土地利用 。,《生物学基础》、《农牧业生产基础》、《工程材料基础》、《工程结构基础》、《农业工程导论》、《农业机械与设备》、《土壤与水资源》、《农产品加工工程》、《设施农业工程》、《机械装备设计》、《农业工程项目规划与设计》、《工程项目管理》、《机电系统驱动与控制》 。,国土、城建、农业、房地产以及相关领域：土地调查、土地利用规划、地籍管理及土地管理等工作 。,https://p.qianwen.com/major/tab?app=index&collegesTab=allColleges&webCompassApp=true&q=%E5%9C%9F%E5%9C%B0%E6%95%B4%E6%B2%BB%E5%B7%A5%E7%A8%8B%E4%B8%93%E4%B8%9A&entry=gaokao_channel&device=pc
农业智能装备工程,082307T,工学,农业工程类,四年,工学学士,31126,,,,,物理+化学,培养善于运用创新的工程思维在相关的农业智能装备工程领域中发现和解决问题，从事农业智能装备工程领域的教学、科研、工程技术和管理方面的工作，具备多领域交叉融合知识结构的应用型、创新型人才。,《工程制图》、《工程力学》、《电工电子技术》、《工程材料及成形技术》、《精度设计与质量控制》、《机械设计基础》、《智能制造技术》、《机电传动控制》、《动力机械理论与装备》、《液压与气压传动》、《智能传感与检测技术》、《C语言与嵌入式系统》、《无线传感与物联网技术》、《农产品无损检测技术》、《数字图像处理与计算机视觉》、《智慧农业》、《人工智能概论》、《农业机器人与作业系统》等。,该专业的未来毕业生也可在相关机械制造企业，尤其农业装备制造大型企业、科研单位、国家机关和高等院校从事机械设计、制造、管理、科研、教学和试验鉴定等工作。,https://p.qianwen.com/major/tab?app=index&collegesTab=allColleges&webCompassApp=true&q=%E5%86%9C%E4%B8%9A%E6%99%BA%E8%83%BD%E8%A3%85%E5%A4%87%E5%B7%A5%E7%A8%8B%E4%B8%93%E4%B8%9A&entry=gaokao_channel&device=pc
地质工程,081401,工学,地质类,四年,工学学士,326361,6100,北京市,地质勘查,房地产,物理+化学,本专业培养具备基础地质学、水文地质与工程地质、工程地质勘查等方面的基本理论知识，具有从事解决常见工程地质和水文地质问题及资源地质勘查的基本能力，能在工程地质勘察、资源勘查与设计、施工、管理等领域从事资源勘查与评价、管理、各类工程建设地质等方面工作的高级工程技术人才。毕业生可从事水文地质及工程地质勘查与评价、资源地质、工程项目管理等方面的科学研究、开发及管理等工作。,《工程地质学》、《地下工程》、《水文地质学》、《环境地质学》、《测井资料地质解释》、《地基处理与基础设计》、《工程岩土学》、《地下地质制图》、《地震勘探原理》、《层序地层学》。,地质勘查/选矿/采矿，岩土工程，石油/天然气技术人员，事业单位人员，考研，公务员(省级机关)，公务员(地市级机关)，公务员(区县级及以下机关)，公务员(中央国家机关),https://p.qianwen.com/major/tab?app=index&collegesTab=allColleges&webCompassApp=true&q=%E5%9C%B0%E8%B4%A8%E5%B7%A5%E7%A8%8B%E4%B8%93%E4%B8%9A&entry=gaokao_channel&device=pc
资源勘查工程,081403K,工学,地质类,四年,工学学士,251010,6400,西南地区,地质勘查,采掘冶炼,,本专业培养具备地质学的基础理论知识，掌握资源勘查与开发的各类工作方法，具备对资源形成理论及分布规律等综合分析和研究的基本能力，能在资源勘查、开发、管理、规划、保护等领域从事固体矿产、石油、天然气等矿产资源勘查、评价和管理方面工作的高级研究工程技术人才；学生主要学习地球科学基础知识，资源勘查和评价等方面的基本理论及工作方法，具有综合分析区域资源分布特征、规律及工业价值，进行资源评价、资源管理及科学决策等方面的基本能力。,地球科学概论、测量学、晶体光学与光性矿物学、结晶学与矿物学、岩浆岩岩石学、沉积岩岩石学、变质岩岩石学、构造地质学、矿相学、古生物学与地史学、地球物理学勘探、地球化学、勘查地球化学、矿产资源经济学、矿产勘查理论与技术、矿床学、矿床统计预测、地理信息系统、三维地质建模及应用等。,地质勘查/选矿/采矿，石油/天然气技术人员，事业单位人员，岩土工程，道路/桥梁/隧道工程技术，建筑工程师，施工员,https://p.qianwen.com/major/tab?app=index&collegesTab=allColleges&webCompassApp=true&q=%E8%B5%84%E6%BA%90%E5%8B%98%E6%9F%A5%E5%B7%A5%E7%A8%8B%E4%B8%93%E4%B8%9A&entry=gaokao_channel&device=pc
勘查技术与工程,081402,工学,地质类,四年,工学学士,214707,6600,北京市,地质勘查,房地产,物理+化学 / 物理+化学+地理,本专业培养具备地质学、水文地质学、工程地质学、岩土工程勘察与评价、应用地球物理学等方面的基本理论知识，能从事各种建设岩土工程勘察与评价、水文地质勘察、工程地质勘察、矿产资源勘查和地质工程技术管理等工作的高级应用型专门人才；要求学生掌握地质学、水文地质学、工程地质学、岩土工程勘察与评价、应用地球物理学等方面的基本理论和技术；能够运用传统与现代勘察技术手段，在各种岩土工程勘察、水文地质勘察、工程地质勘察、基础工程施工、矿产资源勘查中从事勘察、设计、施工、管理、评价和监理，以及完成各种地质灾害的治理等工作的能力；熟练掌握一门外语和计算机应用技能。,《工程地质学》、《测井资料地质解释》、《地震勘探原理》、《测井资料综合解释与数字处理》、《地层倾角测井》、《测井仪器》、《工程岩土学》、《综合录井与气测》、《数字信号处理基础》、《沉积岩与沉积相》 部分高校按以下专业方向培养：物探、钻探工程、勘查地球物理。,地质勘查/选矿/采矿，石油/天然气技术人员，岩土工程，事业单位人员，考研，建筑工程师，道路/桥梁/隧道工程技术，建筑施工现场管理,https://p.qianwen.com/major/tab?app=index&collegesTab=allColleges&webCompassApp=true&q=%E5%8B%98%E6%9F%A5%E6%8A%80%E6%9C%AF%E4%B8%8E%E5%B7%A5%E7%A8%8B%E4%B8%93%E4%B8%9A&entry=gaokao_channel&device=pc
地下水科学与工程,081404T,工学,地质类,四年,工学学士,179486,8100,华东地区,地质勘查,房地产,物理+化学,本专业培养具备扎实的地下水资源和地下水工程研究的理论和基本技能，能在生产单位、科研院所、大专院校、行政管理部门从事地下水科学与工程方面的勘察、评价、规划设计、地下水资源管理、技术经济分析的高级应用型专门人才；要求学生掌握地下水科学与工程专业的基本理论和方法，具有室内试验和野外试验的基本技能；掌握地下水动态监测、地质环境监测、水文地质勘查、地下水资源评价和管理、地下水资源开发和保护的专业知识和工作方法；了解和基本掌握工程地质勘查、设计和施工的基本方法；了解地下水科学和工程专业的发展方向，能够运用专业理论知识和专业技术方法解决地下水资源与环境的实际问题；熟练掌握一门外语和计算机应用技能。,《普通地质学》、《构造地质学》、《矿物岩石学》、《水文地质学基础》、《工程地质学基础》、《地下水水动力学》、《水文地球化学》、《地下水污染与防治》、《水文学原理及水文测验》、《地下水资源评价与开发利用》。,地质勘查/选矿/采矿，事业单位人员，岩土工程，考研,https://p.qianwen.com/major/tab?app=index&collegesTab=allColleges&webCompassApp=true&q=%E5%9C%B0%E4%B8%8B%E6%B0%B4%E7%A7%91%E5%AD%A6%E4%B8%8E%E5%B7%A5%E7%A8%8B%E4%B8%93%E4%B8%9A&entry=gaokao_channel&device=pc
旅游地学与规划工程,081405T,工学,地质类,四年,工学学士,52644,,,,,物理+化学,本专业培养德智体美劳全面发展，熟练掌握地学旅游资源调查、评价、旅游规划与制图等综合技能，具备扎实的地学、旅游规划设计能力及创新创业的综合素质，能够在各类企、事业单位及政府部门从事旅游地学、旅游规划与策划、国家公园保护与开发、旅游管理相关教学和科学研究等的复合型应用人才。,《地理学基础》、《普通地质学》、《旅游学概论》、《旅游地学原理》、《地学旅游资源调查与评价》、《旅游地学数据处理方法》、《旅游地学制图技术》、《地学旅游资源管理》、《地学旅游规划与设计》。,可到风景名胜区、地质公园、国土资源部门、旅游局等从事旅游地学资源调查、分析、评价、开发，以及旅游策划、旅游管理以及导游等相关工作，也可到科研机构和高等院校从事地质学、地理学、旅游管理和旅游地学等教学与科研工作。,https://p.qianwen.com/major/tab?app=index&collegesTab=allColleges&webCompassApp=true&q=%E6%97%85%E6%B8%B8%E5%9C%B0%E5%AD%A6%E4%B8%8E%E8%A7%84%E5%88%92%E5%B7%A5%E7%A8%8B%E4%B8%93%E4%B8%9A&entry=gaokao_channel&device=pc
智能地球探测,081406T,工学,地质类,四年,工学学士,2939,,,,,,本专业以物理学、地球科学为基础，以人工智能、计算科学、大数据为抓手，系统学习地球探测智能数据采集、信息处理和分析解释相关理论和技术，开展交叉专业的实践创新教学。该专业立足人工智能、大数据等新技术，实现“人工智能+地球探测”创新教育，为地球探测领域培养新型复合型人才。,《地球科学》《数学物理方程》《地球物理场论》《计算方法》《数字信号处理等专业课程；人工智能与机器学习》《智能感知》《重磁电探测》《地震测井探测》《数据结构与算法》《智能数据处理》。,能够在油气能源、矿产资源、自然资源、海洋与航空、地球（行星）科学、地震科学探测或监测等领域，以及环保、国防、基础设施建设等工程领域从事科研和技术工作。,https://p.qianwen.com/major/tab?app=index&collegesTab=allColleges&webCompassApp=true&q=%E6%99%BA%E8%83%BD%E5%9C%B0%E7%90%83%E6%8E%A2%E6%B5%8B%E4%B8%93%E4%B8%9A&entry=gaokao_channel&device=pc
资源环境大数据工程,081407T,工学,地质类,四年,工学学士,2529,,,,,,资源环境大数据工程专业主要培养系统掌握地球科学、地质资源和地质环境、地学信息技术、地学大数据与人工智能等方面的基本理论、基本方法和基本技能；具有较强的创新意识、国际视野，能在资源、能源、环境及相关行业从事大数据技术研究、设计、应用于管理的复合型工程技术人才。,《环境保护概论》、《环境监测基础》、《环境信息技术导论》、《矿物岩石学》、《Python编程技术》、《数据挖掘与可视化》、《地理信息系统》、《遥感地质学》、《地学大数据分析与应用》等。,可在各类高校、科研院所以及各类环保企业从事教学、科研及数据分析工作。,https://p.qianwen.com/major/tab?app=index&collegesTab=allColleges&webCompassApp=true&q=%E8%B5%84%E6%BA%90%E7%8E%AF%E5%A2%83%E5%A4%A7%E6%95%B0%E6%8D%AE%E5%B7%A5%E7%A8%8B%E4%B8%93%E4%B8%9A&entry=gaokao_channel&device=pc
服装设计与工程,081602,工学,纺织类,四年,工学学士、艺术学学士,405811,6600,上海市,服装/纺织/皮革,服装,物理 / 化学 / 物理+化学,本专业培养从事服装产品设计与开发、服装生产技术、服装企业管理、服装贸易以及服装科学研究与教学的高级技术和管理人才；学生主要学习和掌握服装设计与生产方面的专业知识和技能，通过服装设计基础、服装结构设计、服装产品设计等教学环节，培养学生服装产品创新设计的基本素质和技能；通过服装生产工艺与设备、服装CAD技术与应用、服装生产管理、服装制作工艺等教学环节，使学生掌握服装工业生产的技术及技术管理知识；通过学习服装外贸实务、服装市场营销、服装零售学等课程，使学生了解服装市场营销的基本规律和运作方式。,《人体速写》、《时尚品牌设计管理》、《时装摄影》、《外国服装史》、《中国服装史》、《中外服饰图案赏析》、《构成基础》、《服装工艺设计》、《服装画技法》、《针织服装设计与工艺》 部分高校按以下专业方向培养：服装设计与表演。,服装/纺织品设计，事业单位人员，公务员(中央国家机关)，公务员(省级机关)，公务员(地市级机关)，助理/秘书/文员，大学教师，销售代表，大学教师，中等职业学校教师，考研，公务员(区县级及以下机关),https://p.qianwen.com/major/tab?app=index&collegesTab=allColleges&webCompassApp=true&q=%E6%9C%8D%E8%A3%85%E8%AE%BE%E8%AE%A1%E4%B8%8E%E5%B7%A5%E7%A8%8B%E4%B8%93%E4%B8%9A&entry=gaokao_channel&device=pc
纺织工程,081601,工学,纺织类,四年,工学学士,247720,6200,上海市,销售业务,服装,物理+化学,本专业培养掌握纺织工程方面的基本理论和基本知识，能在纺织企业、科研院所、高等院校等部门从事纺织产品开发与设计、纺织工艺设计、纺织生产质量控制、生产技术改造以及具有经营管理初步能力的高级工程技术人才；学生主要学习纺织工程方面的基本理论和基本知识，受到纺织品设计、纺织工艺设计等方面的基本训练，具有纺织品生产管理方面的基本能力。,《毛纺织厂设计》、《纺织设备电路与工艺分析》、《纺材实验》、《纺织材料学》、《纺织电测》、《纺织化学》、《毛纺学》、《毛染整》、《毛织学》、《纹织学》 部分高校按以下专业方向培养：材料科学与工程、纺织技术与管理、纺织科学与技术。,公务员(中央国家机关)，公务员(省级机关)，公务员(地市级机关)，公务员(区县级及以下机关)，事业单位人员，考研，服装/纺织品设计，服装/纺织/皮革跟单，外贸/贸易专员/助理，销售代表，服装/纺织品/皮革质量管理,https://p.qianwen.com/major/tab?app=index&collegesTab=allColleges&webCompassApp=true&q=%E7%BA%BA%E7%BB%87%E5%B7%A5%E7%A8%8B%E4%B8%93%E4%B8%9A&entry=gaokao_channel&device=pc
服装设计与工艺教育,081604T,工学,纺织类,四年,工学学士,218215,7000,华中地区,服装/纺织/皮革,服装,不限,本专业培养能系统掌握服装设计的基本理论与方法，能结合市场需求设计各类服装，掌握服装结构设计与工艺设计基本原理和方法，具有较系统的服装裁剪缝 制技术和成衣制板能力的人才，学生主要学习服装设计与工艺方面的基础知识、基本理论和实践技能、接受专业基本训练，具有从事服装行业设计与技术研究及生产管理等方面工作能力，掌握教育理论和教学实践的基本技能，获得从事服装教学和服装研究的基本能力。,《服装结构设计与制作》、《服装设计》、《服装CAD》、《服装生产管理与营销》、《排料与推板》、《服装立体裁剪》、《时装画技法》、《时装画基础》、《服装配色与图案设计》、《服装专业英语》。,生产主管/督导/组长，媒介策划/管理，中等职业学校教师，大学教师，服装/纺织品设计，大学教师,https://p.qianwen.com/major/tab?app=index&collegesTab=allColleges&webCompassApp=true&q=%E6%9C%8D%E8%A3%85%E8%AE%BE%E8%AE%A1%E4%B8%8E%E5%B7%A5%E8%89%BA%E6%95%99%E8%82%B2%E4%B8%93%E4%B8%9A&entry=gaokao_channel&device=pc
非织造材料与工程,081603T,工学,纺织类,四年,工学学士,89422,6300,上海市,销售业务,服装,物理+化学,本专业主要培养从事非织造工程技术及企业管理、国内外纺织贸易、产品检验与研究开发等的高素质复合型人才，学生主要学习非织造材料与工程专业的基本理论、基本知识和现代非织造布生产技术，同时要求学生熟练掌握计算机系统应用能力，具备较强的创新意识和解决问题的能力；要求学生系统掌握非织造工程工艺与技术、机械设备与管理、产品设计、产品检验、经营管理等方面的基础知识，具有进行工艺技术探讨、设备改造、产品开发与销售、科学研究与创新的能力，把握现代新材料迅速发展的趋势，具备企业管理及经营管理等方面的基本能力。,《非织造材料与工程学》、《非织造布学》、《非织造学》、《非织造布后整理》、《非织造产品开发》、《非织造产品与应用》、《非织造工程设计》、《非织造产品质量与检测》、《功能纤维及其应用》、《纺织材料学》。,服装/纺织/皮革工艺师，面料辅料开发/采购，生产主管/督导/组长，采购专员/助理，销售代表,https://p.qianwen.com/major/tab?app=index&collegesTab=allColleges&webCompassApp=true&q=%E9%9D%9E%E7%BB%87%E9%80%A0%E6%9D%90%E6%96%99%E4%B8%8E%E5%B7%A5%E7%A8%8B%E4%B8%93%E4%B8%9A&entry=gaokao_channel&device=pc
丝绸设计与工程,081605T,工学,纺织类,四年,工学学士,40020,,,,,不限,丝绸设计与工程专业采用工程与艺术相结合的模式进行人才培养，培养既具有纺织丝绸工程知识，又具有艺术修养、创新设计理论及实践能力的复合型人才。例如：其专业知识涉及到丝绸文化历史知识、丝绸产品艺术设计、丝绸产品工艺设计、丝绸服装服饰产品、丝绸家纺装饰产品、丝绸产品营销贸易等诸多领域。 关键词：丝绸 纺织工程 艺术设计 。,《机电基础》、《丝绸化学》、《纺织材料》、《制丝工艺与设计》、《丝绸工艺与设计》、《织物组织学》、《丝绸织品的开发与设计》、《纹织CAD》 、《品种设计》、《成品分析与检验》、《丝绸生产工艺设计》、《丝绸厂设计》、《织机维护》 。,纺织、贸易行业：服务与管理 高等院校、政府部门：纺织丝绸科研、教学 。,https://p.qianwen.com/major/tab?app=index&collegesTab=allColleges&webCompassApp=true&q=%E4%B8%9D%E7%BB%B8%E8%AE%BE%E8%AE%A1%E4%B8%8E%E5%B7%A5%E7%A8%8B%E4%B8%93%E4%B8%9A&entry=gaokao_channel&device=pc
水利水电工程,081101,工学,水利类,四年,工学学士,419426,6300,西南地区,水利工程/设施,房地产,物理+化学,水利水电工程专业要求学生理论基础扎实、具有较高的外语水平和熟练的计算机应用能力，培养学生具有水工程、水资源、水生态、水环境、水灾害、水管理及水经济等水科学与水利工程技术的综合知识和能力，毕业后能够从事高坝大结构、地下空间利用、城市水利、城市水务、港口海岸及近海工程、水利工程信息化等多方面的科学研究、规划、设计、施工及管理工作。,《工程测量学》、《动力学》、《钢筋混凝土》、《结构动力学》、《水工建筑学》、《工程水文》、《水利工程经济学》、《水工建筑物设计》、《水电站建筑物》、《结构设计与应用》。,水利/港口工程技术，事业单位人员，公务员(中央国家机关)，公务员(省级机关)，公务员(地市级机关)，建筑施工现场管理，水利/水电工程师，考研，土木/土建/结构工程师，施工员，公务员(区县级及以下机关),https://p.qianwen.com/major/tab?app=index&collegesTab=allColleges&webCompassApp=true&q=%E6%B0%B4%E5%88%A9%E6%B0%B4%E7%94%B5%E5%B7%A5%E7%A8%8B%E4%B8%93%E4%B8%9A&entry=gaokao_channel&device=pc
水文与水资源工程,081102,工学,水利类,四年,工学学士,216986,5700,北京市,销售业务,房地产,物理+化学,本专业培养具备水文水资源及水环境方面基础理论和专业知识，能在水资源规划与管理、水资源优化配置及高效利用、水文预报、水资源开发与保护、水环境保护等部门从事水文、勘测、规划设计、施工、预报、管理和基础理论研究的高级工程技术人才。学生主要学习水文、水资源及环境信息的采集及处理、水旱灾害预测及防治、水资源规划、水环境保护、水利工程规划与设计、水利工程运行与管理、水政管理等方面基本理论与基本知识，受到工程制图、运算、实验、测试等方面基本训练，具有应用所学专业分析解决实际问题、科学研究、组织管理的基本能力。,《工程测量学》、《水力学实验》、《水利工程测量》、《画法几何及水工制图》、《地质与地貌学》、《地下水文学》、《水资源工程勘察》、《气候学》、《水利法规》、《河流动力学》。,事业单位人员，地质勘查/选矿/采矿，公务员(中央国家机关)，公务员(省级机关)，考研，公务员(区县级及以下机关)，水利/水电工程师，水利/港口工程技术，岩土工程，公务员(地市级机关),https://p.qianwen.com/major/tab?app=index&collegesTab=allColleges&webCompassApp=true&q=%E6%B0%B4%E6%96%87%E4%B8%8E%E6%B0%B4%E8%B5%84%E6%BA%90%E5%B7%A5%E7%A8%8B%E4%B8%93%E4%B8%9A&entry=gaokao_channel&device=pc
港口航道与海岸工程,081103,工学,水利类,四年,工学学士,160775,6700,上海市,现场专业人员,房地产,物理+化学,本专业着重学习掌握近海及江河开发中的河床演变、航道与河道整治问题；学习河流水沙运动基本规律，学习掌握港口工程、航道工程、治河防洪工程方面的基本理论知识和设计方法；以近海工程、港口工程、航道工程、河道整治与取水工程、流域开发、防洪减灾为主要学习、服务对象，培养基础扎实、创新能力强、综合素质高的复合型高级工程技术人才。,《港口物流》、《港口水工建筑物》、《港口规划与平面布置》、《工程建设监理》、《港口工程概论》、《海岸动力学》、《河流动力学与航道工程》、《水电可持续发展》、《水运工程施工技术》、《水运工程施工组织与概预算》。,水利/港口工程技术，施工员，土木/土建/结构工程师，事业单位人员，建筑工程师，考研，公务员(中央国家机关)，公务员(省级机关)，公务员(地市级机关)，公务员(区县级及以下机关)，工程造价/预结算,https://p.qianwen.com/major/tab?app=index&collegesTab=allColleges&webCompassApp=true&q=%E6%B8%AF%E5%8F%A3%E8%88%AA%E9%81%93%E4%B8%8E%E6%B5%B7%E5%B2%B8%E5%B7%A5%E7%A8%8B%E4%B8%93%E4%B8%9A&entry=gaokao_channel&device=pc
水务工程,081104T,工学,水利类,四年,工学学士,130590,6100,华东地区,给排水/暖通/空调,房地产,物理+化学,本专业以水资源的开发、利用、节约、保护、管理等水事活动为主要研究对象，以满足城市及工农业所需的水质水量为目标，以适应国民经济和社会的可持续发展为目的，培养具备水文水资源学工程、水利工程、环境工程、技术经济学与管理学方面的基础知识与应用能力，能在国民经济各部门从事水务规划设计与管理、科研开发、应用研究等方面的高级工程技术人才。,水务工程主要研究城市水资源的可持续开发和利用等水的社会循环问题，涉及城市给排水工程、环境工程、水文与水资源工程、城市水利工程等多个方面。例如：城市供水的取用、净化，污水的处理、排放，城市洪水防治及河道治理，水资源的开发、利用和节约等。相较于水利水电工程和水文与水资源工程，涉及范围更广。 关键词：水资源 水处理 节水 防洪。,给排水/暖通/空调工程，市政工程师，事业单位人员，水利/水电工程师，工程监理/质量管理，水利/港口工程技术，建筑工程师，施工员，建筑工程造价人员,https://p.qianwen.com/major/tab?app=index&collegesTab=allColleges&webCompassApp=true&q=%E6%B0%B4%E5%8A%A1%E5%B7%A5%E7%A8%8B%E4%B8%93%E4%B8%9A&entry=gaokao_channel&device=pc
水利科学与工程,081105T,工学,水利类,四年,工学学士,67546,,,,,物理+化学,水利科学与工程主要研究解决水问题所需要的地理学、力学、工程学、管理学等方面的基本知识和技能，了解水资源问题的现状及其发展趋势，进行水利工程的勘测、规划、设计、施工以及水工建筑物的设计、建造等。常见的水工建筑物有：坝、水闸、输水管道、码头等。 关键词：水电站 水闸 大坝 大堤。,《工程力学》、《结构力学》、《工程计算机制图》、《测量学》、《建筑材料》、《土力学》、《水力学》、《水文学原理与应用》、《水工建筑学》、《水资源规划与管理》。,水利类企业：水利工程勘测、工程规划、工程施工、水工建筑物设计。,https://p.qianwen.com/major/tab?app=index&collegesTab=allColleges&webCompassApp=true&q=%E6%B0%B4%E5%88%A9%E7%A7%91%E5%AD%A6%E4%B8%8E%E5%B7%A5%E7%A8%8B%E4%B8%93%E4%B8%9A&entry=gaokao_channel&device=pc
智慧水利,081106T,工学,水利类,四年,工学学士,3842,,,,,,智慧水利本科专业致力于培养能将云计算、物联网、大数据、移动互联网和人工智能等新一代信息技术应用于水利行业中的水文预报、水资源开发利用、水工设计、工程施工、安全监控、水利调度等方向的高级专门人才。,《工程图学》、《工程力学》、《水力学》、《电工电子学》、《数字测量学》、《智慧水利概论》、《土壤物理》、《植物生理学》、《自动控制原理》、《物联网技术及其应用》、《水文分析与预报》、《决策支持系统》、《水工智能建造》、《智能灌溉排水装备》、《水资源规划与智能调度》、《智慧灌区设计与管理》、《水利工程安全智能监控》。,毕业后能在水利、土木、能源、交通、计算机等行业从事智慧水利的信息感知、系统研发、数据挖掘、智能应用等方面的技术、管理与科研工作，就业领域涉及水利、水务、土木、交通、能源、国土资源与应急管理等。,https://p.qianwen.com/major/tab?app=index&collegesTab=allColleges&webCompassApp=true&q=%E6%99%BA%E6%85%A7%E6%B0%B4%E5%88%A9%E4%B8%93%E4%B8%9A&entry=gaokao_channel&device=pc
生物医学工程,082601,工学,生物医学工程类,四-五年,理学学士、工学学士,732578,5700,上海市,销售业务,医疗设备,物理+化学 / 物理+化学+生物,生物医学工程学科是理、工、医、生物等学科高度交叉的新兴学科，该学科致力于人的防病、治病、康复和健康，致力于为探索生命现象，提供高水平的科学方法和工程技术手段。 本专业一方面要求学生掌握医学和生物学的基本知识，另一方面要求学生要结合医学学科的特点深入扎实地学习电子、信息类的专业知识，如医学电子学、医学信号的检测和处理、医学成像与医学图像处理、医学模式识别、医疗仪器原理及设计等。毕业生可在生物医学工程领域，从事生物医学工程基础理论的科学研究，医疗仪器设备的设计、开发与维护，医学信息系统的软、硬件的研发，以及电子信息领域的科研及技术管理工作。,《解剖生理学》、《生物化学与分子生物学》、《生物信息学》、《生物医学传感器》、《医学成像》、《医学分析仪器原理》、《医学仪器原理》、《生物医学工程前沿》、《磁共振成像原理及应用》、《工程生理学》 部分高校按以下专业方向培养：医疗器械。,事业单位人员，公务员(中央国家机关)，医疗器械维修/保养，软件工程师，医学影像/放射科医师，考研，硬件工程师，售前/售后技术支持工程师，公务员(地市级机关)，公务员(省级机关)，公务员(区县级及以下机关),https://p.qianwen.com/major/tab?app=index&collegesTab=allColleges&webCompassApp=true&q=%E7%94%9F%E7%89%A9%E5%8C%BB%E5%AD%A6%E5%B7%A5%E7%A8%8B%E4%B8%93%E4%B8%9A&entry=gaokao_channel&device=pc
假肢矫形工程,082602T,工学,生物医学工程类,四年,工学学士,124633,5600,深圳市,,,物理+化学,假肢矫形工程主要研究假肢矫形器的结构、设计、材料、生产和康复工程等方面的基本知识和技能，为残疾人已缺失或畸形的身体部分或器官进行矫正、补偿装置的配置以及提供临床康复服务等。例如：机械假手、大腿假肢等人工假体的设计制造，假肢装配、康复训练等临床康复服务的提供等。 关键词：假肢 矫形 医学 康复。,《普通物理学》、《运动生物力学》、《机械原理》、《金属工艺学》、《正常人体形态学》、《矫形临床学》、《矫形外科学》、《矫形材料学》、《假肢学》、《矫形器学》。,康复器具类企业：假肢设计、生产制造、产品销售； 康复医疗机构：假肢装配、辅助康复、康复训练。,https://p.qianwen.com/major/tab?app=index&collegesTab=allColleges&webCompassApp=true&q=%E5%81%87%E8%82%A2%E7%9F%AB%E5%BD%A2%E5%B7%A5%E7%A8%8B%E4%B8%93%E4%B8%9A&entry=gaokao_channel&device=pc
临床工程技术,082603T,工学,生物医学工程类,四年,工学学士,67106,,,,,物理+化学,本专业具有掌握重要医疗仪器设备，主要包括手术室、ICU设备、血液透析中心等生命支持设备的操作、使用、维护、功能开发和技术管理的职业技能，掌握现代临床医疗仪器发展的复合型临床工程技术人才。例如：人工心肺机、呼吸机、血液透析机等操作与维护。 关键词：医学 临床工程技术 医疗设备 。,《医用诊断仪器》、《医用治疗仪器》、《人体机能替代装置》、《人体信息及其测量技术》、《临床工程课题研究》、《医用机器安全管理学》 。,医疗器械研发和生产企业：产品的生产、管理、销售、售后服务等工作； 在医院、医疗事业单位，从事相关医疗仪器设备的操作、维护、检测和管理等工作 。,https://p.qianwen.com/major/tab?app=index&collegesTab=allColleges&webCompassApp=true&q=%E4%B8%B4%E5%BA%8A%E5%B7%A5%E7%A8%8B%E6%8A%80%E6%9C%AF%E4%B8%93%E4%B8%9A&entry=gaokao_channel&device=pc
康复工程,082604T,工学,生物医学工程类,四年,工学学士,40597,,,,,物理+化学,康复工程专业属于工学门类、生物医学工程专业类，是一门康复医学与工程技术医工交叉学科。通过研究机械、电子、计算机和3D打印技术等综合工程技术，用于预防、评估、增强、代偿或重建功能障碍者的功能。,《大学物理》、《工程制图》、《康复医学》、《康复辅助技术》、《人机交互技术》、《假肢矫形器学》、《人机工程学》、《3D打印技术》等。,毕业生可从事临床康复、康复工程技术、机械设计、个性化康复器械等领域从事科学研究、产品设计、技术开发与技术服务等工作。,https://p.qianwen.com/major/tab?app=index&collegesTab=allColleges&webCompassApp=true&q=%E5%BA%B7%E5%A4%8D%E5%B7%A5%E7%A8%8B%E4%B8%93%E4%B8%9A&entry=gaokao_channel&device=pc
健康科学与技术,082605T,工学,生物医学工程类,四年,工学学士,7307,,,,,,健康科学与技术专业主要研究生物遗传因素、环境因素、卫生因素等对居民健康预期寿命的影响规律，探索生命从孕育、成长到衰老的全过程健康规律，致力于引领“全周期主动健康领域技术”向个性化、智能化方向发展。主要涉及学科交叉融合，将学习人工智能、大数据、虚拟现实技术与生物信息、基因技术、预防医学、运动转化医学等知识内容。关键词：人工智能 大数据 遗传基因,基础医学，预防医学，健康管理学，营养学，流行病学，健康评估，健康促进，医学统计学，健康教育，健康信息管理,健康管理机构：健康评估、健康干预； 医疗机构：健康管理、预防医学； 健康科技企业：产品开发、技术支持； 深造：考研或保研，继续公共卫生、健康管理等相关专业的学习深造。,https://p.qianwen.com/major/tab?app=index&collegesTab=allColleges&webCompassApp=true&q=%E5%81%A5%E5%BA%B7%E7%A7%91%E5%AD%A6%E4%B8%8E%E6%8A%80%E6%9C%AF%E4%B8%93%E4%B8%9A&entry=gaokao_channel&device=pc
测控技术与仪器,080301,工学,仪器类,四年,工学学士,675949,6400,北京市,质量管理,电子技术,物理+化学 / 物理+化学+生物,测控技术与仪器是电子、光学、精密机械、计算机、信息与控制技术多学科互相渗透而形成的一门高新技术密集型综合学科，主要面向测量和控制的新原理、新技术以及仪器的智能化、微型化、集成化、网络化和系统工程化等。本专业学生主要学习精密仪器的光学、机械与电子学基础理论，测量与控制理论和有关测控仪器的设计方法，受到现代测控技术和仪器应用的训练，具有本专业测控技术及仪器系统的应用及设计开发能力，可在国民经济各部门从事测量与控制领域内有关技术、仪器与系统的设计制造、科技开发、应用研究、运行管理等方面的工作。,《传感器技术与应用》、《电磁场与电磁波技术》、《智能仪器仪表技术》、《精密机械与仪器》、《测控仪器设计》、《光电测试技术与系统》、《自动控制理论基础》、《电气自动控制》、《光学设计》、《智能检测技术》、《虚拟仪器及应用》 部分高校按以下专业方向培养：自控、汽车电子控制技术、现代医疗仪器设备、检测技术与自动化装置、飞机机载电子电气设备维修及管理。,事业单位人员，硬件工程师，公务员(中央国家机关)，公务员(省级机关)，公务员(地市级机关)，电气工程师，考研，软件工程师，仪器/仪表/计量工程师，电力工程师/技术员，公务员(区县级及以下机关),https://p.qianwen.com/major/tab?app=index&collegesTab=allColleges&webCompassApp=true&q=%E6%B5%8B%E6%8E%A7%E6%8A%80%E6%9C%AF%E4%B8%8E%E4%BB%AA%E5%99%A8%E4%B8%93%E4%B8%9A&entry=gaokao_channel&device=pc
智能感知工程,080303T,工学,仪器类,四年,工学学士,162587,,,,,物理+化学,智能感知工程专业培养具备良好思想道德与文化素养、身心素质、敬业精神和社会责任感的创新型人才。同时培养能够解决互联网、智能制造、智能健康、智能交通、航空航天、国防军工等行业复杂工程问题的复合型高级工程技术人才。,《信息与通信工程》、《电子科学技术》、《计算机科学与技术》《物联网概论》、《电路分析基础》、《信号与系统》、《模拟电子技术》、《传感器原理》、《嵌入式系统设计》、《无线通信原理》、《无线传感器网络》等。,可从事信息感知技术、信息转换技术、分布式传感技术、数据采集与前端存储及处理技术、数据无线传输技术、可见光信息传输技术、数据与网络接口技术、传感网与物联网技术、数字化、网络化与智能化技术等领域的技术研发、工程设计和工程应用等工作。,https://p.qianwen.com/major/tab?app=index&collegesTab=allColleges&webCompassApp=true&q=%E6%99%BA%E8%83%BD%E6%84%9F%E7%9F%A5%E5%B7%A5%E7%A8%8B%E4%B8%93%E4%B8%9A&entry=gaokao_channel&device=pc
精密仪器,080302T,工学,仪器类,四年,工学学士,114015,,,,,物理+化学,精密仪器专业是面向高端制造装备、生物医学工程和航天国防等重大科学前沿领域，以精密机械、光学、电子、量子技术、计算机等相关学科前沿技术为手段，探索、研究、设计和研制新原理高端仪器，并实现其自动化、信息化和智能化，以多学科交叉融合为显著特征的综合性和前沿性学科。例如： 关键词：精密仪器 航天国防 高端仪器。,《传感器》、《精密仪器设计》、《精密仪器电路》、《精密机械零件》、《工程光学》、《激光物理》、《光电子技术》、《几何量计量》、《机械量计量》、《误差理论与数据处理》、《光组设计》等。,仪器仪表领域：科学研究、技术开发、教学及管理。,https://p.qianwen.com/major/tab?app=index&collegesTab=allColleges&webCompassApp=true&q=%E7%B2%BE%E5%AF%86%E4%BB%AA%E5%99%A8%E4%B8%93%E4%B8%9A&entry=gaokao_channel&device=pc
工程力学,080102,工学,力学类,四年,工学学士,522760,5900,北京市,电子/电器通用技术,房地产,物理+化学,本专业培养具备扎实的力学基础理论、计算仿真和工程实验能力，能在航天航空、土木建筑、机械与车辆、生物医学等工程领域中从事与力学有关的科研、技术开发和工程设计的研究型人才。要求学生具备力学、数学理论基础；具有卓越的分析、综合应用能力；熟练掌握理论、计算和实验等研究方法和工具；能在企业及研究机构中胜任强度、振动和计算机仿真模拟等方面的设计、开发和管理、研究等工作；本专业毕业生主要面向航天航空、机械工程、建筑工程、新型材料、生物医学等应用领域，从事科学研究、技术开发、工程管理等方面的工作。,《理论力学》、《材料力学》、《结构力学》、《弹性力学》、《结构动力学》、《流体力学》、《有限元》、《张量分析》、《CAD/CAE软件应用》、《并行算法和程序设计》、《Auto CAD二、三维绘图》 部分高校按以下专业方向培养：工程结构分析。,土木/土建/结构工程师，考研，建筑工程师，事业单位人员，道路/桥梁/隧道工程技术，建筑施工现场管理，机械设计师，施工员,https://p.qianwen.com/major/tab?app=index&collegesTab=allColleges&webCompassApp=true&q=%E5%B7%A5%E7%A8%8B%E5%8A%9B%E5%AD%A6%E4%B8%93%E4%B8%9A&entry=gaokao_channel&device=pc
理论与应用力学,080101,工学,力学类,四年,理学学士、工学学士,353954,6500,上海市,销售业务,房地产,物理+化学,本专业培养掌握力学基本理论、基本知识和技能，具有良好的数理基础和科学素质，受到相关工程技术应用训练、能够运用理论分析、实验研究和数值模拟手段解决工程实际问题的高级专门人才。要求学生通过系统学习和基本工程训练，掌握力学专业及结构工程、材料工程、机械工程等相关学科的基本知识和某一专业方向的专门知识，具有系统、扎实的数学、力学基础，较强的理论分析、计算机应用与实验能力；具有广泛的工程知识，能够在实际工作中独立解决复杂的工程结构分析问题；具有创新精神和创造能力；受到科学研究和工程技术应用的初步训练，具有良好的科学素养。,《理论力学》、《材料力学》、《结构力学》、《弹性力学》、《结构动力学》、《流体力学》、《空气动力学》、《CAD与工程图学基础》、《流形上的微积分》部分高校按以下专业方向培养：航空航天类大学纯力学方向、土建大类复杂工程结构分析方向。,公务员(中央国家机关)，公务员(省级机关)，公务员(地市级机关)，公务员(区县级及以下机关)，土木/土建/结构工程师，销售代表，科研人员，建筑施工现场管理，机械工程师，软件工程师，考研,https://p.qianwen.com/major/tab?app=index&collegesTab=allColleges&webCompassApp=true&q=%E7%90%86%E8%AE%BA%E4%B8%8E%E5%BA%94%E7%94%A8%E5%8A%9B%E5%AD%A6%E4%B8%93%E4%B8%9A&entry=gaokao_channel&device=pc
轻化工程,081701,工学,轻工类,四年,工学学士,241960,5900,上海市,销售业务,服装,物理+化学,本专业掌握轻化工程基础知识和纺织服装染色、整理等专业知识，具有从事纺织服装材料染色和整理相关领域科学研究、技术开发、生产管理、产品经营与贸易等工作能力的应用型高级专门人才；要求学生掌握服装及其它纺织品色彩的设计与加工原理及方法；掌握服装面料性能的测试技术，具有纺织品检测与评价能力；具有应用计算机进行纺织品色彩、性能设计的能力；具有利用英语进行专业知识学习、文献检索及技术交流的能力；了解生产管理和产品经营知识，具有具有一定生产管理和产品经营能力。,《纸厂质量管理》、《制浆造纸机械与设备》、《制浆漂白新技术》、《轻化工程环境保护》、《造纸原理与工程》、《植物纤维化学》、《二次纤维回用技术》、《加工纸与特种纸》、《轻化工程》、《轻化工工厂设计》 部分高校按以下专业方向培养：革制品设计、制浆造纸工程、皮革化学与工程。,公务员(中央国家机关)，公务员(省级机关)，公务员(地市级机关)，公务员(区县级及以下机关)，事业单位人员，销售代表，化学实验室技术员/研究员，服装/纺织品/皮革质量管理，化工工程师，大客户销售代表，考研,https://p.qianwen.com/major/tab?app=index&collegesTab=allColleges&webCompassApp=true&q=%E8%BD%BB%E5%8C%96%E5%B7%A5%E7%A8%8B%E4%B8%93%E4%B8%9A&entry=gaokao_channel&device=pc
包装工程,081702,工学,轻工类,四年,工学学士,223024,6600,北京市,销售业务,印刷造纸,物理+化学,本专业培养学生掌握现代包装科学、工程和设计方面的基本理论和知识，熟悉包装及相关行业的生产与应用技术和经营管理，了解商品包装及相关领域科学技术的最新发展趋势，具备从事包装系统设计、生产技术管理、产品研发和包装检测等基本技能，具有较强的专业知识综合运用能力、工程实践能力和创新精神。学生毕业后可在包装、印刷及其应用领域从事设计、制造、新材料、新工艺和新技术开发、生产和经营管理等工作。,《包装结构设计》、《工程制图与计算机绘图基础》、《包装装潢与造型设计基础》、《包装技术》、《印刷技术》、《包装测试技术》、《包装应用化学》、《包装应用力学》、《运输包装》、《包装材料学》。,公务员(中央国家机关)，公务员(省级机关)，公务员(地市级机关)，公务员(区县级及以下机关)，事业单位人员，销售代表，平面设计，质量管理/测试工程师，机械工程师，供应链管理，包装设计,https://p.qianwen.com/major/tab?app=index&collegesTab=allColleges&webCompassApp=true&q=%E5%8C%85%E8%A3%85%E5%B7%A5%E7%A8%8B%E4%B8%93%E4%B8%9A&entry=gaokao_channel&device=pc
印刷工程,081703,工学,轻工类,四年,工学学士,137046,6200,北京市,销售业务,印刷造纸,物理+化学,印刷工程专业是按照人的视觉、生理与心理特点和审美要求，对可视信息（图像和文字）进行加工处理，并将加工处理的结果存储、传送或在一定的有形载体上再现，形成印刷品、出版物（包括电子出版物）等产品的一门跨工程与人文艺术的边缘性工程学科；专业以印刷原理与现代印刷技术及数字印刷技术相结合为特色，突出现代印刷技术运用与印刷工艺设计开发能力的培养；培养适系统掌握印刷工程专业的基本理论知识和技能，具有图文信息处理与再现和现代印刷复制技术的能力，图文处理技术、印刷工艺设计、印刷品质量控制、印刷材料适性测试的基本方法，具有较强实践能力和创新精神，能在印刷和包装、出版、广告以及相关行业从事印刷工艺设计、技术管理、质量控制等相关工作的应用型高级专门人才。,《色彩学》、《色彩管理原理与应用》、《印前处理原理与技术》、《印刷原理与工艺》、《信息记录材料与技术》、《显示材料与技术》、《印刷材料与适性》、《页面描述语言》、《印刷设备》、《计算机集成印刷系统》。,公务员(省级机关)，公务员(中央国家机关)，公务员(区县级及以下机关)，公务员(地市级机关)，考研，印刷排版/制版，销售代表，人力资源专员/助理，编辑，事业单位人员，印刷操作,https://p.qianwen.com/major/tab?app=index&collegesTab=allColleges&webCompassApp=true&q=%E5%8D%B0%E5%88%B7%E5%B7%A5%E7%A8%8B%E4%B8%93%E4%B8%9A&entry=gaokao_channel&device=pc
化妆品技术与工程,081705T,工学,轻工类,四年,工学学士,96448,,,,,物理+化学,本专业培养具有良好的职业道德和人文素养、较强的创新创业能力，掌握扎实的医学、化妆品科学、美容健康管理所必备的基本理论知识，具备化妆品配方设计、功效评价、质量检验、生产技术以及化妆品的应用与营销管理能力的高素质应用型专门人才。例如美容培训与咨询师、化妆品营销、健康管理师。 关键词：化妆品 美容 医学 。,《基础医学》、《有机化学》、《分析化学》、《天然成分化学》、《化妆品配方设计》、《化妆品工艺学》、《化妆品功效与安全评价》、《化妆品质量检验技术》、《中草药化妆品学》、《香料香精工艺学》、《美容皮肤科学》、《毒理学》、《美容营养学》、《中医推拿按摩美容技术》、《美容健康管理》、《化妆品营销》 。,就业方向：能够在化妆品生产企业、美容企业及相关领域从事化妆品研发、自动化生产、功效与质量检测、美容培训与咨询、营销与管理等工作 。,https://p.qianwen.com/major/tab?app=index&collegesTab=allColleges&webCompassApp=true&q=%E5%8C%96%E5%A6%86%E5%93%81%E6%8A%80%E6%9C%AF%E4%B8%8E%E5%B7%A5%E7%A8%8B%E4%B8%93%E4%B8%9A&entry=gaokao_channel&device=pc
香料香精技术与工程,081704T,工学,轻工类,四年,工学学士,69435,,,,,物理+化学,“香料香精技术与工程”专业是教育部在2016年底批准设立的目录外本科专业，目前仅在上海应用技术大学开设本专业，全国其它高校尚未设立相同专业。我校“香料香精技术与工程”专业是由香料香精技术与工程学院“轻化工程”专业发展而来。我国香料香精行业的技术骨干中，近80%为本校的毕业生。经过60多年的建设和发展，本专业已经成为我国顶级香精技术人才培养的“摇篮”和技术研发与成果转化的“核心基地”，在国内外具有很高的知名度和影响力。,有机化学、物理化学、轻化工程导论、化工原理、科技英语、有机分析、香料感官品评、料香精行业法律法规、合成香料工艺学、天然香料及其加工、日化香精基础、食用香精概论、日化香精工艺学、化妆品工艺学、萜类化学、风味化学 。,学生毕业后能从事香料香精化妆品行业的技术开发，如日化香原料制备、食用香原料制备、日化香精制备与分析、食用香精制备与分析、产品品质控制以及香精在日用化工、化妆品工业、食品工业、烟草行业、皮革、纺织、造纸、医药等行业中的应用；也可从事技术管理、市场营销等相关工作。本专业毕业生专业知识扎实、实践动手能力强，具有敬业精神和职业道德，团队意识强、具有合作精神，获得用人单位的充分肯定，毕业生就业率保持在99%以上。,https://p.qianwen.com/major/tab?app=index&collegesTab=allColleges&webCompassApp=true&q=%E9%A6%99%E6%96%99%E9%A6%99%E7%B2%BE%E6%8A%80%E6%9C%AF%E4%B8%8E%E5%B7%A5%E7%A8%8B%E4%B8%93%E4%B8%9A&entry=gaokao_channel&device=pc
生物质能源与材料,081706TK,工学,轻工类,四年,工学学士,3615,,,,,,本专业主要培养具有新能源科学与工程专业的基础理论知识，掌握生物质能源工程、核能工程、水力水电、热能与动力工程、太阳能工程、风能工程等领域的专业知识和实践技能，能胜任生物质能源、核能发电、风力发电、太阳能利用等能源领域的教学、研究、设计、管理方面工作的高素质工程技术人才和管理人才。,《生物质化学》、《生物质能源原理与工程》、《生物质材料》、《生物质炼制设备与控制》、《生物质炼制工厂设计》、《天然高分子改性材料》、《生物质基化学品》等。,暂无简介。,https://p.qianwen.com/major/tab?app=index&collegesTab=allColleges&webCompassApp=true&q=%E7%94%9F%E7%89%A9%E8%B4%A8%E8%83%BD%E6%BA%90%E4%B8%8E%E6%9D%90%E6%96%99%E4%B8%93%E4%B8%9A&entry=gaokao_channel&device=pc
生物质技术与工程,081707T,工学,轻工类,四年,工学学士,89,,,,,,生物质技术与工程专业聚焦于生物质资源的高效利用和转化，旨在培养掌握生物质科学与工程领域的基本理论、基本知识和基本技能，能够在生物质能源、生物质材料、生物质化工等领域从事设计、研发、生产、管理等工作的高级工程技术人才。,生物质化学工程、生物质热化学转化技术、生物质生物转化技术、生物质成型技术、生物质能源工程、生物质材料学、生物质化工工艺学、生物质过程工程原理、生物质资源与利用等。,生物质能源企业：从事生物质发电、生物乙醇、生物柴油、沼气等生物质能源的研发、生产和管理工作。生物质材料企业：参与生物质基复合材料、生物质纤维、生物质塑料等生物质材料的研发、生产和应用。生物质化工企业：从事生物质基化学品的生产和研发工作，如生物基平台化合物、生物基高分子材料等的合成和应用。环保与资源回收领域：参与生物质废弃物的处理和资源化利用项目，如城市垃圾中生物质成分的分离回收、农作物秸秆的综合利用等。,https://p.qianwen.com/major/tab?app=index&collegesTab=allColleges&webCompassApp=true&q=%E7%94%9F%E7%89%A9%E8%B4%A8%E6%8A%80%E6%9C%AF%E4%B8%8E%E5%B7%A5%E7%A8%8B%E4%B8%93%E4%B8%9A&entry=gaokao_channel&device=pc
安全工程,082901,工学,安全科学与工程类,四年,工学学士,472237,6100,北京市,安全防护,房地产,物理+化学,本专业以力学、化学、机械工程为主干学科，重点学习与工程系统与产品的碰撞冲击损害机理、系统安全性评估和监测，易燃易爆物质的安全性评估和安全防护设计，环境安全与监测等学科方向的基础理论和专业知识；主要培养从事安全防护技术与工程领域的理论研究、实验研究、设计开发及安全监测、监理维护以及技术管理等工作的安全工程学科技术管理人才。,《安全系统工程》、《安全评价与风险分析》、《防火与防爆》、《工业通风与除尘》、《安全人机工程》、《工程制图CAD基础实践》、《安全工程信息化技术》、《安全法律法规》、《电气安全》、《机电安全工程》 部分高校按以下专业方向培养：安全防范、采矿工程、非煤矿山、系统安全、民爆公共安全、结构与设备安全、交通安全与信息技术。,地质勘查/选矿/采矿，安全管理，建筑工程安全管理，环境/健康/安全工程师，事业单位人员，石油/天然气技术人员，公务员(省级机关)，公务员(地市级机关)，公务员(区县级及以下机关)，考研，公务员(中央国家机关),https://p.qianwen.com/major/tab?app=index&collegesTab=allColleges&webCompassApp=true&q=%E5%AE%89%E5%85%A8%E5%B7%A5%E7%A8%8B%E4%B8%93%E4%B8%9A&entry=gaokao_channel&device=pc
应急技术与管理,082902T,工学,安全科学与工程类,四年,工学学士,106147,,,,,物理+化学,培养可以在公共安全、矿山、建筑、施工、消防、机械与电气、化工等行业和领域，从事安全方面的管理、设计与生产、研究、评价、监察、检测与监控、应急救援、教育与培训等工作的应用创新型高级专门人才。例如：将矿山安全方向作为专业的特色与优势 关键词：安全工程 建筑 生产 。,《安全科学》《安全技术与工程》《安全与应急管理》《职业健康的理论知识和技能》等 。,中国建筑、中国中铁、中国水利水电、中国石油、中国石化、中国各大煤业集团有限公司、中国各大钢铁集团公司和科研院所等全国500强国有企事业单位就业 。,https://p.qianwen.com/major/tab?app=index&collegesTab=allColleges&webCompassApp=true&q=%E5%BA%94%E6%80%A5%E6%8A%80%E6%9C%AF%E4%B8%8E%E7%AE%A1%E7%90%86%E4%B8%93%E4%B8%9A&entry=gaokao_channel&device=pc
职业卫生工程,082903T,工学,安全科学与工程类,四年,工学学士,29966,,,,,物理+化学,本专业方向培养掌握职业安全与职业卫生两方面基础理论，具备事故伤亡损失和健康危害预防与控制基本技能，熟悉国家职业安全与卫生法律法规和政策方针的应用型人才。在此总培养目标下，着力培养能够将职业健康危害的医学机理与作业场所有害因素的检测与评价、工程控制及个体防护手段有机结合的职业卫生专业人才。例如：熟悉我国职业安全与卫生基本状况与现行法律法规及政策方针，了解国外职业安全与卫生现状及法律法规 关键词：职业 安全 卫生 。,《医学基础》《流行病学》《卫生毒理学》《职业卫生学》《工业通风与噪声控制》《工业防毒技术》《职业危害检测与评价》 。,政府职业安全与卫生监管部门、企事业单位、职业安全与卫生中介机构以及各级工会组织从事职业安全与卫生监察、管理、检测、评价、咨询、培训及研究等工作。,https://p.qianwen.com/major/tab?app=index&collegesTab=allColleges&webCompassApp=true&q=%E8%81%8C%E4%B8%9A%E5%8D%AB%E7%94%9F%E5%B7%A5%E7%A8%8B%E4%B8%93%E4%B8%9A&entry=gaokao_channel&device=pc
安全生产监管,082904T,工学,安全科学与工程类,四年,工学学士,7318,,,,,,安全生产监管主要研究安全科学、管理学等方面的基本理论和知识，进行安全生产的监管、管理和评估。例如：企业安全生产的监督检查，安全隐患的排查与治理，安全事故的调查与分析等。该专业在政府部门、企事业单位等有广泛应用，是保障生产安全的重要力量。,安全管理学，安全法规，安全技术，职业卫生，事故调查与分析，风险评估，应急管理，安全监测，安全教育与培训，安全评价,政府部门：安全生产监管、执法； 企事业单位：安全管理、风险评估； 安全咨询机构：安全评价、咨询； 深造：考研或保研，继续安全科学与工程、公共安全等相关专业的学习深造。,https://p.qianwen.com/major/tab?app=index&collegesTab=allColleges&webCompassApp=true&q=%E5%AE%89%E5%85%A8%E7%94%9F%E4%BA%A7%E7%9B%91%E7%AE%A1%E4%B8%93%E4%B8%9A&entry=gaokao_channel&device=pc
智慧应急,082905TK,工学,安全科学与工程类,四年,工学学士,133,,,,,,智慧应急专业是为适应国家应急管理体系和能力现代化建设需求，融合多学科知识，聚焦于运用信息技术、人工智能、大数据等现代科技手段，提升应急管理的智能化、科学化水平，培养能够在应急管理领域从事智慧应急系统设计、开发、应用与管理等工作的复合型人才。,应急技术与系统、物联网技术与应用、大数据与应急决策、人工智能与应急管理、地理信息系统（GIS）在应急中的应用、应急通信与信息技术、应急管理信息化等,政府应急管理部门：参与地方政府应急管理局、消防救援机构、安全生产监督管理部门等的智慧应急平台建设、应急指挥与调度、风险监测与预警等工作。企事业单位安全管理部门：在大型企业、工业园区等从事安全生产管理、应急救援预案制定与实施、智慧应急系统运维等工作。应急技术研发企业：从事智慧应急相关技术和产品的研发、设计与推广工作。,https://p.qianwen.com/major/tab?app=index&collegesTab=allColleges&webCompassApp=true&q=%E6%99%BA%E6%85%A7%E5%BA%94%E6%80%A5%E4%B8%93%E4%B8%9A&entry=gaokao_channel&device=pc
林产化工,082403,工学,林业工程类,四年,工学学士,143244,5900,北京市,销售业务,石油化工,物理+化学,本专业培养学生在林产化工、林产品精细化工及相关领域内从事生产过程的设计、产品开发、技术服务、研究和管理等方面工作的高级工程技术人才。学生主要学习掌握森林植物及其林产品的化学组成、性质方面的基本理论和基本知识，受到林产化工生产工艺设计、设备选型和原材料、半成品及成品分析检验等方面的基本训练，具有从事林产品化学加工工艺流程、新产品研究开发、设备设计及生产过程技术改造等方面的基本能力。,《有机化学》、《物理化学》、《生物化学》、《化工原理》、《微生物学》、《木材化学木材胶合原理》、《高分子合成工艺》、《天然产物化学》、《仪器分析》、《化工自动化及仪表》 部分高校按以下专业方向培养：制浆造纸工程。,公务员(中央国家机关)，公务员(省级机关)，公务员(地市级机关)，公务员(区县级及以下机关)，化工工程师，机械设备工程师，警察，产品管理，通信技术工程师，化学实验室技术员/研究员，事业单位人员,https://p.qianwen.com/major/tab?app=index&collegesTab=allColleges&webCompassApp=true&q=%E6%9E%97%E4%BA%A7%E5%8C%96%E5%B7%A5%E4%B8%93%E4%B8%9A&entry=gaokao_channel&device=pc
木材科学与工程,082402,工学,林业工程类,四年,工学学士,117690,6300,北京市,销售业务,房地产,物理+化学,本专业培养具有良好艺术修养、掌握系统设计理论和现代设计方法；掌握木材和其代用材料的结构、性能及加工工艺；掌握家具造型、结构设计与家具制造工艺的基本理论和操作技能。能在木材加工工业、家具制造业、室内工程等领域的企业、设计院、科研院所从事木材加工、室内设计、室内装饰的高级工程技术人才；学生主要学习木材学、电工与电子技术、机械基础、计算机辅助设计、美术、造型艺术、设计艺术和木材科学与加工技术等方面的基本理论和基本知识，受到木材干燥、制材、人造板、木制品与家具设计制造的基本训练，具有木材加工和室内装饰工程的生产技术、工艺流程和设备选择及经营管理的基本能力。,《制材学》、《木材切削原理与刀具》、《木工机械》、《家具与室内设计》、《木材干燥学》、《家具人体工程学》、《胶粘剂与涂料》、《人造板生产工艺学》、《家具材料学》、《家具工艺》 部分高校按以下专业方向培养：林产化工、生物质材料、家具设计与制造。,事业单位人员，公务员(中央国家机关)，公务员(省级机关)，公务员(地市级机关)，公务员(区县级及以下机关)，销售代表，工程造价/预结算，考研，警察，林业技术人员，室内装潢设计,https://p.qianwen.com/major/tab?app=index&collegesTab=allColleges&webCompassApp=true&q=%E6%9C%A8%E6%9D%90%E7%A7%91%E5%AD%A6%E4%B8%8E%E5%B7%A5%E7%A8%8B%E4%B8%93%E4%B8%9A&entry=gaokao_channel&device=pc
家具设计与工程,082404T,工学,林业工程类,四年,工学学士,109688,,,,,物理+化学,本专业主要为家具与室内装饰业培养具有从事家具设计开发、家具制造工艺技术、生产管理与质量控制、市场营销与国际商贸、室内设计与装修等方面研究以及教学工作能力的应用型高级专门人才。例如：家具制作师、家具设计师、家具营销与管理、家具保养 关键词：家具设计 家具制作 装饰装修 。,《设计基础》、《设计表达》、《家具制图与CAD》、《计算机辅助设计》（CAD、3DMAX、PHOTOSHOP等）、《人体工程学》、《中外家具史》、《家具设计》、《材料与工艺》、《家具表面装饰技术》、《木材干燥技术》、《集成材制造技术》、《家具制造设备操作与维修》、《家具质量检测技术》 。,就业方向：可在相关的院校、院所、检测机构、企业等从事教学、研究、检测、产品设计与研发、生产管理、商贸等方面的工作。,https://p.qianwen.com/major/tab?app=index&collegesTab=allColleges&webCompassApp=true&q=%E5%AE%B6%E5%85%B7%E8%AE%BE%E8%AE%A1%E4%B8%8E%E5%B7%A5%E7%A8%8B%E4%B8%93%E4%B8%9A&entry=gaokao_channel&device=pc
森林工程,082401,工学,林业工程类,四年,工学学士,108577,6800,华东地区,销售业务,房地产,物理+化学,本专业以社会对森林工程专业人才需求为导向，培养基础扎实、知识结构合理、专业面宽、能力强，能够在林业及相关行业企事业单位从事森林工程等方面的生产技术与组织管理、林区道路与森工规划、森工机械与装备设计及运用等方面工作的复合应用型高级专业人才；毕业生能在林业、交通、土建等部门的企事业单位、科研院所从事森林工程、道路桥梁的勘测、设计、施工、管理等工作。,《路基路面工程》、《道路建筑材料》、《城市道路规划》、《结构设计原理》、《施工组织设计与管理》、《桥梁工程》、《水力学与水文学》、《森林环境学》、《森林生态经济学》、《测量学》 部分高校按以下专业方向培养：路桥。,道路/桥梁/隧道工程技术，事业单位人员，公务员(中央国家机关)，公务员(省级机关)，公务员(地市级机关)，林业技术人员，建筑施工现场管理，大学教师，建筑项目经理，考研，公务员(区县级及以下机关),https://p.qianwen.com/major/tab?app=index&collegesTab=allColleges&webCompassApp=true&q=%E6%A3%AE%E6%9E%97%E5%B7%A5%E7%A8%8B%E4%B8%93%E4%B8%9A&entry=gaokao_channel&device=pc
木结构建筑与材料,082405T,工学,林业工程类,四年,工学学士,1597,,,,,,本专业面向国家“双碳”战略和林业产业可持续发展战略需求，培养能传承我国古代木结构建筑技术，系统掌握现代木结构建筑工程领域高级专业技术人才应有的创新精神、职业素养和健全人格，并具有木结构建筑材料、设计和施工等方面的知识，能在木结构建筑以及建筑木制品等领域从事设计、生产、施工、管理和研究的高级工程技术和研究应用型的复合人才。,《木结构材料》、《建筑设计》、《结构设计和工程管理》、《木结构建筑设计》、《木结构建筑工程学》、《木结构建筑检测与评估》、《轻型木结构结构计算》、《木结构建筑保护学与修缮》、《建筑木制品工艺》等。,主要面向木结构建筑设计、建造和木结构建筑材料等相关领域从事设计、研究、开发等工作。,https://p.qianwen.com/major/tab?app=index&collegesTab=allColleges&webCompassApp=true&q=%E6%9C%A8%E7%BB%93%E6%9E%84%E5%BB%BA%E7%AD%91%E4%B8%8E%E6%9D%90%E6%96%99%E4%B8%93%E4%B8%9A&entry=gaokao_channel&device=pc
交叉工程,083202TK,工学,交叉工程类,四年,工学学士,8661,,,,,,交叉工程专业主要研究机械工程、电子工程、材料科学等传统工程领域以及计算机科学、数学、物理学等多个学科的知识，要求学生不仅需要掌握各自领域的基本知识，还需要具备将这些知识整合和应用到实际问题中的能力。关键词：交叉 计算机 电子工程 机械工程 理科,基础课程：数学基础课程、物理基础课程、化学基础课程、工程基础课程等。专业基础课 A 组、B 组，以及方向特色课，如信息科技方向的电子材料工学等课程；智能工程方向的机器人学及无人系统等课程；生命健康方向的生物材料学概论等课程。,毕业生可在高科技企业、研究机构、制造业、咨询公司等领域就业，担任系统工程师、项目经理、研发工程师等职位。也可在汽车制造业、电子设备制造业、能源行业、航空航天、建筑工程和信息技术等领域从事相关工作。,https://p.qianwen.com/major/tab?app=index&collegesTab=allColleges&webCompassApp=true&q=%E4%BA%A4%E5%8F%89%E5%B7%A5%E7%A8%8B%E4%B8%93%E4%B8%9A&entry=gaokao_channel&device=pc
未来机器人,083201TK,工学,交叉工程类,四年,工学学士,6877,,,,,,未来机器人主要研究机器人学、人工智能等方面的基本理论和知识，进行机器人的设计、研发和应用。例如：智能机器人的研发，机器人系统的集成，机器人应用场景的开发等。该专业在智能制造、服务机器人等领域有广泛应用，是未来科技发展的重要方向。,机器人学，人工智能，机器学习，自动控制原理，传感器技术，机械设计，电子技术，计算机编程，机器人系统集成，机器人应用,机器人企业：研发、设计、生产； 智能制造企业：系统集成、技术支持； 科研院所：机器人技术研究； 深造：考研或保研，继续机器人工程、人工智能等相关专业的学习深造。,https://p.qianwen.com/major/tab?app=index&collegesTab=allColleges&webCompassApp=true&q=%E6%9C%AA%E6%9D%A5%E6%9C%BA%E5%99%A8%E4%BA%BA%E4%B8%93%E4%B8%9A&entry=gaokao_channel&device=pc
低空技术与工程,083203TK,工学,交叉工程类,四年,工学学士,529,,,,,,该专业是建立在航空宇航科学与技术、力学等一级学科基础上的综合性、高度交叉、深度融合、产学研结合的新兴学科体系。以低空基础设施、低空航空器、低空运行与保障的关键科学技术为研究对象，面向城市空中交通、低空物流网络、应急救援、低空空域、低空工业和低空国防应用等领域。,空气动力学、飞行力学、低空飞行器总体设计、低空通信与交互智联、复合导航与自主感知等。,政府与事业单位：参与低空空域管理以及政策制定工作，例如在地方低空飞行服务中心任职，负责低空空域的规划、监控系统设计与管理等。军工与科研院所：进入航空工业、航天科工等国有企业，从事飞行器研发与测试相关工作，参与军事侦察无人机、低空防御系统等前沿领域研究。民用无人机企业：如大疆、亿航等公司，负责无人机设计、制造，或者进行应用场景开发，比如物流配送、农业巡检等。新兴领域与创业：在航空应急救援、空中旅游、环保监测等领域开拓创新服务，或者参与低空经济产业链投资。,https://p.qianwen.com/major/tab?app=index&collegesTab=allColleges&webCompassApp=true&q=%E4%BD%8E%E7%A9%BA%E6%8A%80%E6%9C%AF%E4%B8%8E%E5%B7%A5%E7%A8%8B%E4%B8%93%E4%B8%9A&entry=gaokao_channel&device=pc
集成电路科学与工程,083204TK,工学,交叉工程类,四年,工学学士,255,,,,,,集成电路科学与工程是一门多学科交叉的专业，涉及电子科学与技术、计算机科学与技术、材料科学与工程等多个学科领域。它以集成电路设计、制造、测试、封装等环节为主要研究对象，旨在培养能够掌握集成电路核心技术，具备创新能力和工程实践能力的高素质专业人才。,半导体物理、集成电路工艺、集成电路设计、版图设计、Verilog HDL 硬件描述语言、芯片封装技术、测试技术等，,集成电路设计企业：从事芯片设计、逻辑设计、版图设计等工作，如在华为海思、联发科、展讯等公司，参与手机芯片、人工智能芯片等各类芯片的设计研发。集成电路制造企业：负责芯片制造工艺的开发、优化和生产管理，例如在中芯国际、华虹半导体等企业，从事光刻、蚀刻、掺杂等工艺环节的工作。封装测试企业：参与芯片的封装设计、测试方案开发和测试工作，像长电科技、通富微电等公司，承担着芯片封装和质量检测的重要任务。,https://p.qianwen.com/major/tab?app=index&collegesTab=allColleges&webCompassApp=true&q=%E9%9B%86%E6%88%90%E7%94%B5%E8%B7%AF%E7%A7%91%E5%AD%A6%E4%B8%8E%E5%B7%A5%E7%A8%8B%E4%B8%93%E4%B8%9A&entry=gaokao_channel&device=pc
碳中和科学与工程,083205T,工学,交叉工程类,四年,工学学士,237,,,,,,碳中和科学与工程专业是为积极响应国家 “双碳” 战略目标而新设立的战略性新兴专业，专业代码为 083205T，一般修业年限为四年，学位授予为工学学士。该专业聚焦于能源绿色开发与低碳利用、二氧化碳捕集封存与利用、碳核算与资产管理等前沿且关键的领域，通过多学科深度交叉融合，致力于培养出能够解决碳中和领域复杂工程问题，并具备卓越科技创新能力的复合型高级工程技术人才。它紧密贴合全球应对气候变化的大趋势，对于推动社会经济绿色转型和可持续发展具有极为重要的意义。,基础课程：数学类课程如高等数学、线性代数、概率论与数理统计，培养数学建模与数据分析能力；大学物理及实验，帮助理解物质物理性质与能量转化规律；无机化学、有机化学、物理化学是化学基础，支撑碳中和化学过程研究；工程图学用于工程设计绘图；电工电子技术为能源电气设备控制奠基；理论力学和材料力学助力能源设施与设备设计。专业课程：二氧化碳捕集、储存、转化与利用等课程，围绕二氧化碳全流程展开教学；碳资源生物转化、资源循环利用与绿色材料课程，探索生物和材料领域的低碳技术；新能源技术课程涵盖各类新能源开发；碳监测与碳核算、低碳经济学与碳管理课程，聚焦数据监测与经济管理；碳循环与碳汇、流体力学、地质学、热工学课程，从不同角度为碳中和提供理论与技术支持 。,大型能源企业：毕业生可在大型能源企业中承担碳储相关的设计、建设、运行与管理工作。例如，在石油天然气企业，参与二氧化碳驱油与封存项目的设计与实施，利用二氧化碳提高石油采收率的同时实现碳封存；在煤炭企业，负责开发与运行煤炭清洁高效利用技术，降低煤炭生产与利用过程中的碳排放，并探索煤基碳材料的开发与应用。​传统高耗能企业：在能源、矿业、电力、钢铁和环保类等传统高耗能企业，从事碳减排科研与管理工作。为企业制定碳减排战略与规划，研发和应用先进的碳减排技术，如在钢铁企业中推广先进的余热回收技术、优化高炉炼铁工艺以降低能耗与碳排放；在电力企业中，推动火电向清洁高效方向发展，并积极参与新能源电力项目的建设与运营管理。​碳资产管理机构：从事碳减排、碳交易等碳资产管理工作。在碳资产管理公司或金融机构，为企业提供碳减排咨询服务，协助企业制定碳减排目标与方案；参与碳交易市场的运作，进行碳排放权的交易与投资，帮助企业合理配置碳资产，降低碳减排成本。​政府部门：服务于政府部门进行相关政策制定、法规研究与项目管理等工作。在发改委、生态环境部等政府部门，参与制定国家和地方的碳减排政策、法规与标准，开展碳排放数据统计与分析，管理和监督各类碳减排项目的实施，确保政策的有效落地与目标的顺利实现。​九、社会名人,https://p.qianwen.com/major/tab?app=index&collegesTab=allColleges&webCompassApp=true&q=%E7%A2%B3%E4%B8%AD%E5%92%8C%E7%A7%91%E5%AD%A6%E4%B8%8E%E5%B7%A5%E7%A8%8B%E4%B8%93%E4%B8%9A&entry=gaokao_channel&device=pc
智慧城市与空间规划,083206T,工学,交叉工程类,四年,工学学士,136,,,,,,智慧城市与空间规划专业是工学门类下的交叉工程类专业，深度融合空间信息科学、城市规划与管理、人工智能等学科领域。聚焦智慧城市建模、空间智能决策、数字信息技术等核心方向，是全国首个聚焦智慧城市建设的交叉工程类本科专业。,智慧城市概论、空间数据分析与建模、城市设计、智能交通系统、城市信息系统开发、物联网技术与应用、大数据技术与应用。,政府部门：在城市规划局、自然资源局、大数据管理局等部门，从事城市规划编制、空间资源管理、智慧城市建设与管理等工作。​规划设计企业：参与城市总体规划、详细规划、专项规划的编制，以及智慧园区、智慧社区的规划设计工作。​科技公司：从事智慧城市相关技术研发，如智能交通系统开发、能源管理系统设计、物联网平台搭建等。​科研机构：开展智慧城市与空间规划领域的基础研究和应用研究，为学科发展和行业进步提供理论支持和技术创新。,https://p.qianwen.com/major/tab?app=index&collegesTab=allColleges&webCompassApp=true&q=%E6%99%BA%E6%85%A7%E5%9F%8E%E5%B8%82%E4%B8%8E%E7%A9%BA%E9%97%B4%E8%A7%84%E5%88%92%E4%B8%93%E4%B8%9A&entry=gaokao_channel&device=pc
临床医学,100201K,医学,临床医学类,五年,医学学士,7040545,6200,上海市,医生,医疗保健,物理+化学 / 物理+化学+生物,本专业培养具有扎实医学基本理论、知识和技能，具有较高的综合素质、较强的实践能力和有一定科研基础的应用型临床医学人才；学生应具有宽厚的自然学科、生命学科和人文学科的基本理论知识；掌握基础医学和临床医学的基本理论、基本知识和基本技能，较熟练地掌握人类疾病的诊断、治疗和预防方面的基本方法，掌握疾病的产生原因、发病机制以及对疾病的鉴别能力；掌握常见病、多发病诊断处理的基本技能，具有对急、难、重症的初步处理能力；掌握临床诊疗工作的辨证思维和分析判断方法；得到医学科学思维和科研方法的基本训练；熟练掌握一门外语，掌握计算机基本操作技能。,《病理解剖学》、《生理学》、《精神病学》、《医学影像学》、《手术学》、《临床药理学》、《生物化学与分子生物学》、《耳鼻喉科学》、《呼吸治疗学》、《超声诊断学》 部分高校按以下专业方向培养：儿科学、口腔医学、老年医学、全科医学、生殖医学、眼耳鼻喉、重症医学、医学影像学、计划生育医学、足球运动康复。,内科医生，事业单位人员，外科医生，儿科医生，综合门诊/全科医生，放射科医师，眼科医生/验光师,https://p.qianwen.com/major/tab?app=index&collegesTab=allColleges&webCompassApp=true&q=%E4%B8%B4%E5%BA%8A%E5%8C%BB%E5%AD%A6%E4%B8%93%E4%B8%9A&entry=gaokao_channel&device=pc
医学影像学,100203TK,医学,临床医学类,五年,医学学士,1740563,6100,华东地区,,,物理+化学 / 物理+化学+生物,医学影像学专业是利用各种成像设备（包括常规X线摄影，超声显像，放射性核素显像，放射计算机断层摄影、电子计算机X线体层摄影、磁共振成像等）和放射治疗设备，应用基础医学和临床医学基本理论知识，对疾病进行医学影像诊断和治疗的一个专业，是自然科学、工程学、生物学、医学等多学科相互渗透和综合的新兴学科。本专业培养具备基础医学、临床医学和现代影像学的基本理论知识及能力，能在医疗卫生单位从事医学影像诊断、介入诊断学和医学成像技术等方面工作的医学高级专门人才。,《影像设备结构与维修》、《医学成像技术》、《人体解剖学》、《影像诊断学》、《介入放射学》、《影像物理》、《超声诊断》、《放射诊断》、《核素诊断》、《医学影像解剖学》。,医学影像/放射科医师，事业单位人员，内科医师，医疗管理人员,https://p.qianwen.com/major/tab?app=index&collegesTab=allColleges&webCompassApp=true&q=%E5%8C%BB%E5%AD%A6%E5%BD%B1%E5%83%8F%E5%AD%A6%E4%B8%93%E4%B8%9A&entry=gaokao_channel&device=pc
麻醉学,100202TK,医学,临床医学类,五年,医学学士,1469315,7200,北京市,医生,医疗保健,物理+化学 / 物理+化学+生物,麻醉学专业作为现代外科系统的重要组成部分，广泛应用于外科手术、急救、心脑肺复苏、疼痛的研究与治疗等众多方面，由于其专业特点明确、适用性强等特点，毕业生就业方向较多，就业率高。本专业培养具有基础医学、临床医学、麻醉学等方面的基本理论知识和基本技能，能在医疗卫生单位的麻醉科、急诊科、急救中心、重症监测治疗病房（ICU）、药物依赖戒断及疼痛诊疗等领域从事临床麻醉、急救和复苏、术后监测和生理机能调控等方面工作的医学高级专业人才。,《人体解剖学》、《生理学》、《药理学》、《临床麻醉学》、《急救医学》、《疼痛诊疗学》、《麻醉药理学》、《麻醉设备学》、《麻醉生理学》、《麻醉解剖学》。,麻醉医生，事业单位人员，外科医师，内科医师,https://p.qianwen.com/major/tab?app=index&collegesTab=allColleges&webCompassApp=true&q=%E9%BA%BB%E9%86%89%E5%AD%A6%E4%B8%93%E4%B8%9A&entry=gaokao_channel&device=pc
眼视光医学,100204TK,医学,临床医学类,五年,医学学士,959083,6500,北京市,,,物理+化学 / 物理+化学+生物,眼视光医学主要研究现代光学技术和现代眼科学等方面的基本知识和技能，进行人体视力检测、视力矫正等，从而解决人类视觉障碍的问题，包括近视、远视、散光、弱视、低视力等。例如：体检时的视力检查，眼镜店配镜前的验光，眼镜镜架、镜片的选择与装配等。 关键词：眼睛 验光 近视 眼镜。,《人体解剖学》、《生理学》、《诊断学基础》、《基础眼科学》、《视光学基础》、《眼视光特检技术》、《验光技术》、《临床眼科学》、《眼镜技术》、《配镜学》。,医疗机构：眼科医生、视力检查、视力矫正； 眼镜类企业：验光、配镜、眼镜质检。,https://p.qianwen.com/major/tab?app=index&collegesTab=allColleges&webCompassApp=true&q=%E7%9C%BC%E8%A7%86%E5%85%89%E5%8C%BB%E5%AD%A6%E4%B8%93%E4%B8%9A&entry=gaokao_channel&device=pc
精神医学,100205TK,医学,临床医学类,五年,医学学士,685263,6000,上海市,,,物理+化学 / 物理+化学+生物,本专业培养学生掌握基础医学、临床医学、临床心理学及精神病学的基本理论和诊疗技能，使学生具备较好的哲学和人文素质，能够成为具有较高专业和人文素养的精神科医师、心身科医师、心理咨询和心理治疗师、精神康复治疗师和社区全科医师；学生毕业后可在各级医药院校、综合医院、精神卫生中心、医学心理中心及精神卫生康复机构从事医疗、教学、科研以及心理咨询和心理治疗等工作。,《医学》、《临床医学》、《临床心理学》、《行为医学》、《儿童精神医学》、《精神病学》。,内科医生，事业单位人员，心理医生,https://p.qianwen.com/major/tab?app=index&collegesTab=allColleges&webCompassApp=true&q=%E7%B2%BE%E7%A5%9E%E5%8C%BB%E5%AD%A6%E4%B8%93%E4%B8%9A&entry=gaokao_channel&device=pc
放射医学,100206TK,医学,临床医学类,五年,医学学士,333201,7000,上海市,医生,医疗保健,物理+化学 / 物理+化学+生物,本专业培养从事放射医学及放射病诊治、防护、核医学及医学影像等工作的临床医师；要求学生掌握包括基础医学、临床医学、放射医学的基础知识；用放射诊断、核素诊断、影像诊断等各种诊断技术进行疾病诊断，并掌握其基本理论、方法和技能；应用Y射线、深部x射线、放射性核素等各种射线进行诊断及放射治疗，并掌握其基本理论、方法和技能；放射损伤及放射病的诊治技术；放射防护的基本理论、方法和技能；医学科学研究的初步能力；毕业后能够从事放射医学及防护、放射病诊断治疗、核医学和医学影像诊断等工作。,《放射生物学》、《放射治疗学》、《辐射剂量学》、《核辐射物理学》、《核药学》、《核医学仪器》、《临床核医学》、《同位素示踪学》、《遗传毒理学》、《肿瘤学》。,医学影像/放射科医师，事业单位人员，内科医生,https://p.qianwen.com/major/tab?app=index&collegesTab=allColleges&webCompassApp=true&q=%E6%94%BE%E5%B0%84%E5%8C%BB%E5%AD%A6%E4%B8%93%E4%B8%9A&entry=gaokao_channel&device=pc
儿科学,100207TK,医学,临床医学类,五年,医学学士,293823,,,,,物理+化学 / 物理+化学+生物,儿科学主要研究胎儿至青春期儿童的生长发育、疾病预防、疾病诊疗、保健等方面的基本知识和技能，进行儿童健康的保障与小儿疾病的预防、诊治等。例如：新生儿先天性疾病的筛查，幼儿疫苗的接种，儿童感冒、发烧等疾病的诊断、治疗等。 关键词：儿科 儿童 发育 打针。,《病理解剖学》、《生理学》、《耳鼻喉科学》、《呼吸治疗学》、《手术学》、《临床药理学》、《小儿内科学》、《小儿外科学》、《小儿传染病学》、《儿童保健学》。,医疗机构：儿科医生、免疫接种、儿童保健。,https://p.qianwen.com/major/tab?app=index&collegesTab=allColleges&webCompassApp=true&q=%E5%84%BF%E7%A7%91%E5%AD%A6%E4%B8%93%E4%B8%9A&entry=gaokao_channel&device=pc
医学检验技术,101001,医学,医学技术类,四年,理学学士,831427,5900,北京市,医疗技术人员,医疗保健,物理+化学 / 物理+化学+生物 / 化学,医学检验是一门多学科交叉的应用型学科，是运用现代物理、化学方法，实验室技术，借助高科技精密医疗仪器设备进行检测，对疾病的临床诊断、治疗监测和预后评估提供判断依据的一门学科；本专业培养具有医学检验学等方面的基本理论知识和基本技能，具有一定的科研和创新能力，能在各类医院、疾病控制中心、血站、商检局、技术监督局等医学及卫生管理机构、医学教育与科研院所等单位，从事医学检验以及医学类实验室工作的高级专门人才；通过系统学习，使学生具有基础医学、医学检验及医学检验技术等方面的基本理论知识和基本技术能力，并具有为临床提供及时准确检验结果的能力。,《生物化学》、《医学统计学》、《分析化学》、《检验仪器学》、《生理学》、《病理学》、《寄生虫学及检验》、《微生物学及检验》、《免疫学及检验》、《血液学检验》。,临床检验技师，事业单位人员,https://p.qianwen.com/major/tab?app=index&collegesTab=allColleges&webCompassApp=true&q=%E5%8C%BB%E5%AD%A6%E6%A3%80%E9%AA%8C%E6%8A%80%E6%9C%AF%E4%B8%93%E4%B8%9A&entry=gaokao_channel&device=pc
医学影像技术,101003,医学,医学技术类,四年,理学学士,770813,6800,上海市,销售业务,医疗设备,物理+化学 / 物理+化学+生物,本专业培养具有基础医学、临床医学和医学影像学的基本理论知识及能力，具有较深厚的电子技术基础，能胜任医学影像设备的管理、操作、维护、图像处理以及设备研发、安装、维护等工作的复合型应用人才；学生要求掌握基础医学、临床医学、医学影像技术的基本理论和技能，具有操作普通X线、CT、MRI、DSA、放射治疗及核医学成像技术等的能力，能够灵活应用各种医学影像成像技术实施个性化检查方案，精通影像设备的工作原理，开展有效的医学影像质量管理活动。,《基础医学》、《临床医学》、《医学影像学》、《影像设备结构与维修》、《医学成像技术》、《摄影学》、《影像诊断学》、《介入放射学》、《影像物理》、《超声诊断》 部分高校按以下专业方向培养：放射治疗技术。,放射科医师，事业单位人员,https://p.qianwen.com/major/tab?app=index&collegesTab=allColleges&webCompassApp=true&q=%E5%8C%BB%E5%AD%A6%E5%BD%B1%E5%83%8F%E6%8A%80%E6%9C%AF%E4%B8%93%E4%B8%9A&entry=gaokao_channel&device=pc
口腔医学技术,101006,医学,医学技术类,四年,理学学士,613993,3800,东北地区,医生,医疗保健,物理+化学,口腔医学技术主要研究基础医学、口腔医学和口腔医学技术等方面的基本知识和技能，进行口腔修复、口腔矫形、面部整容等。例如：口腔内错牙合畸形的矫正，义齿的加工和安装，断齿的修复等。 关键词：口腔外科 牙齿 正畸 假牙。,《口腔解剖生理学》、《口腔内科》、《口腔外科》、《口腔正畸学》、《口腔修复材料》、《口腔技工工艺》、《口腔医学》、《口腔美学》。,医疗机构：口腔医生、口腔正畸、口腔修复； 美容类企业：面部整容、美容。,https://p.qianwen.com/major/tab?app=index&collegesTab=allColleges&webCompassApp=true&q=%E5%8F%A3%E8%85%94%E5%8C%BB%E5%AD%A6%E6%8A%80%E6%9C%AF%E4%B8%93%E4%B8%9A&entry=gaokao_channel&device=pc
康复治疗学,101005,医学,医学技术类,四年,理学学士,542025,7300,广州市,医生,医疗保健,物理+化学 / 物理+化学+生物,康复治疗学是促进病、伤、残者身心及社会功能康复的现代新兴治疗学科；本专业培养具有扎实的康复医学基础理论和较强的康复治疗技术，具有中西医结合特色优势，具有较强的人际交流能力和良好的职业道德的康复治疗师，以及能够在康复医学工程研究机构、公司从事研发工作的应用型专门技术人才。要求掌握基础医学和临床医学的基本理论、基本知识；掌握康复医学的基本理论和基本知识；掌握中医康复治疗方法（推拿按摩及手法治疗、针灸、中医养生保健技术），并能运用这些方法对伤病员及残疾人进行康复治疗；掌握一定的社区康复知识和方法及康复宣传教育能力，能组织开展社区康复活动；掌握康复治疗常用的功能评定技术；掌握运动疗法、物理因子疗法、作业疗法、言语治疗等康复治疗的基本技能；具有一定的基本科研工作能力，有参与现代医学科学技术竞争的基本素质和发展潜能。,《组织学与胚胎学》、《免疫学》、《生理学》、《药理学》、《病理学》、《康复评定学》、《康复工程学》、《物理治疗学》、《作业治疗学》、《康复护理学》 部分高校按以下专业方向培养：呼吸治疗、物理治疗、作业治疗。,事业单位人员，康复治疗师,https://p.qianwen.com/major/tab?app=index&collegesTab=allColleges&webCompassApp=true&q=%E5%BA%B7%E5%A4%8D%E6%B2%BB%E7%96%97%E5%AD%A6%E4%B8%93%E4%B8%9A&entry=gaokao_channel&device=pc
医学实验技术,101002,医学,医学技术类,四年,理学学士,529599,7500,北京市,销售业务,医疗保健,物理+化学 / 物理+化学+生物,医学实验技术主要研究基础医学、临床医学、临床生物化学、医学实验技术等方面的基本知识和技能，进行临床医学实验研究、生物制品研发等。例如：新药批量生产前在动物身上进行临床实验，实验用的小白鼠的培育，疫苗、血清、病毒等生物制品的研发生产等。 关键词：医院 实验 试药 小白鼠。,《人体解剖学》、《组织胚胎学》、《生理学》、《生物化学》、《分子生物学》、《临床检验基础》、《临床生物化学及检验》、《微生物学及检验》、《免疫学及检验》、《血液学检验》。,医疗机构：临床医学实验、医学检验、实验动物培育； 生物制品类企业：生物制品研发。,https://p.qianwen.com/major/tab?app=index&collegesTab=allColleges&webCompassApp=true&q=%E5%8C%BB%E5%AD%A6%E5%AE%9E%E9%AA%8C%E6%8A%80%E6%9C%AF%E4%B8%93%E4%B8%9A&entry=gaokao_channel&device=pc
听力与言语康复学,101008T,医学,医学技术类,四-五年,理学学士,435739,6800,华东地区,销售业务,医疗设备,物理+化学,听力与言语康复学主要研究临床听力诊断、听力康复、言语康复学等方面的基本知识和技能，在各级医疗单位、康复机构、特殊教育机构等进行听觉康复治疗等。例如：听力障碍、语言障碍、言语障碍的诊断、治疗、康复训练，言语障碍的程度评估和矫治，聋哑人群的教育、心理疏导等。 关键词：听力 言语 聋哑 特殊教育。,《正常人体解剖学》、《听觉生理学》、《诊断听力学》、《助听器学》、《临床听力学》、《人工耳蜗学》、《小耳听力学》、《语言病理学》、《语言治疗学》、《言语障碍评估与矫治》。,康复类机构：听力障碍治疗、语言障碍治疗、言语障碍评估与矫治、康复训练； 特殊教育类学校：特殊教师。,https://p.qianwen.com/major/tab?app=index&collegesTab=allColleges&webCompassApp=true&q=%E5%90%AC%E5%8A%9B%E4%B8%8E%E8%A8%80%E8%AF%AD%E5%BA%B7%E5%A4%8D%E5%AD%A6%E4%B8%93%E4%B8%9A&entry=gaokao_channel&device=pc
卫生检验与检疫,101007,医学,医学技术类,四年,理学学士,433181,5700,广州市,医疗技术人员,认证检验,物理+化学 / 物理+化学+生物,本专业培养具有卫生检验与检疫专业基础理论、基本知识，同时具备一定预防医学相关知识，熟练掌握岗位操作技能，应用所学知识从事食品卫生检验、环境卫生检验、劳动卫生检验、疾病监控以及环境监测等方面工作的高素质卫生检验与检疫人才。要求掌握卫生检验与检疫理论与技能；医用基础化学、基础医学和预防医学的基本理论知识和实验技能；临床疾病诊断的基本知识；临床医学检验的基本理论知识和实验操作技能；数量统计和计算机应用的基本知识和技能；掌握各种常用医学检验分析仪器的构造和操作技术；掌握医学文献检索、资料调查的基本方法，具有临床医学检验科研工作的初步能力。,《临床检验学基础》、《免疫学与临床免疫检验》、《寄生虫学及检验》、《空气理化检验学》、《水质理化检验学》、《食品理化检验学》、《生物材料理化检验》、《卫生检验检疫》、《病毒学及检验》、《细菌学及检验》。,事业单位人员，临床检验技师，卫生防疫、妇幼保健员,https://p.qianwen.com/major/tab?app=index&collegesTab=allColleges&webCompassApp=true&q=%E5%8D%AB%E7%94%9F%E6%A3%80%E9%AA%8C%E4%B8%8E%E6%A3%80%E7%96%AB%E4%B8%93%E4%B8%9A&entry=gaokao_channel&device=pc
眼视光学,101004,医学,医学技术类,四年,理学学士,351184,5900,华东地区,医生,医疗保健,物理+化学 / 物理+化学+生物,眼视光学是一门现代光学技术和现代眼科学相结合，运用现代光学理论和技术解决视觉障碍的新兴、交叉学科；本专业培养以掌握现代视光科学知识和技能为基础，具有能够应用视光学知识指导并帮助人民群众进行视觉保健和矫治的高级视光学人才；学生应掌握基础医学、眼科学、视光学的基本理论和技能，毕业后能够以其专长从事于眼睛健康与视觉的保健工作。,《病理解剖学》、《医学影像学》、《低视力学》、《几何光学》、《临床眼科学》、《临床医学综合》、《视光学》、《视觉及应用技术》、《视觉神经生理学》、《眼镜学》。,事业单位人员，眼科医生/验光师,https://p.qianwen.com/major/tab?app=index&collegesTab=allColleges&webCompassApp=true&q=%E7%9C%BC%E8%A7%86%E5%85%89%E5%AD%A6%E4%B8%93%E4%B8%9A&entry=gaokao_channel&device=pc
智能医学工程,101011T,医学,医学技术类,四年,工学学士,208996,,,,,物理+化学 / 物理+化学+生物,智能医学工程是医、理、工高度交叉的学科，其研究内容包括智能药物研发、医疗机器人、智能诊疗、智能影像识别、智能健康数据管理等。旨在建立一个跨学科、多元化的教学和科研平台，促进各学科交叉融合，进而培养出适应时代发展的综合性高素质人才。例如：电子技术、计算机技术、人工智能技术，应用于医疗信息大数据的智能采集、智能分析、智能诊疗、临床实践等各个环节。 关键词： 人工智能 智能诊疗 临床医学 。,《智能药物研发》《智能诊疗》《智能影像识别》《智能健康数据管理》等 。,在大型综合性医院中从事医疗方向的临床和研究工作 在高校、研究院所、人工智能以及智能医疗相关企业中从事研发及管理等工作。,https://p.qianwen.com/major/tab?app=index&collegesTab=allColleges&webCompassApp=true&q=%E6%99%BA%E8%83%BD%E5%8C%BB%E5%AD%A6%E5%B7%A5%E7%A8%8B%E4%B8%93%E4%B8%9A&entry=gaokao_channel&device=pc
康复物理治疗,101009T,医学,医学技术类,四年,理学学士,70976,,,,,物理+化学,本专业人才培养目标是为了适应经济、社会、文化和科技发展的需要，使培养的人才系统掌握物理治疗学基础理论、医学基本知识及相关自然科学知识，具备对常见疾病和残疾的康复治疗、评定及预防的基本能力，具备较强的人际交流能力和良好的职业道德。例如：伦理、沟通、诚信、合作等，使学生具备深厚的中国优秀文化底蕴和道德素养 关键词 康复 治疗 物理 。,《运动功能解剖学》《医用物理学基础》《生物力学》《运动生理学》《中国传统康复基础》等 。,在各级各类医疗和社会康复机构从事现代与传统康复治疗工作的高素质康复物理治疗师。,https://p.qianwen.com/major/tab?app=index&collegesTab=allColleges&webCompassApp=true&q=%E5%BA%B7%E5%A4%8D%E7%89%A9%E7%90%86%E6%B2%BB%E7%96%97%E4%B8%93%E4%B8%9A&entry=gaokao_channel&device=pc
生物医药数据科学,101012T,医学,医学技术类,四年,理学学士,61328,,,,,物理+化学,本专业致力于培养具有扎实的数理基础、大数据技术基础、数据科学与生物医学交叉学科基础，具备在生物医学、医疗卫生领域从事大数据分析及解决实际问题能力的复合型医工人才。,《医学数据学导论》《健康大数据政策与法规》《健康大数据安全计算》《健康大数据人工智能技术》《健康大数据治理技术》《生物信息大数据技术》《跨组学大数据分析技术》《大数据因果推断技术》《大数据临床试验技术》《大数据现实世界研究技术》《大数据流行病学技术》《健康大数据转化实证案例》 。,本专业为紧缺型新医科交叉学科，人才奇缺，需求量巨大，毕业生发展潜力巨大，发展及就业空间广阔。既可以继续深造，又可以在公共卫生研究中心、高端医疗器械研发和制造行业、创新药物研发和制造行业从事相关工作。,https://p.qianwen.com/major/tab?app=index&collegesTab=allColleges&webCompassApp=true&q=%E7%94%9F%E7%89%A9%E5%8C%BB%E8%8D%AF%E6%95%B0%E6%8D%AE%E7%A7%91%E5%AD%A6%E4%B8%93%E4%B8%9A&entry=gaokao_channel&device=pc
智能影像工程,101013T,医学,医学技术类,四年,工学学士,52591,,,,,物理+化学,智能影像工程是医学影像学与计算机科学密切结合的学科。随着计算机和软件技术的发展，人工智能和大数据分析与医学影像学的结合有着广阔的发展前景。本专业致力于培养具备临床医学基础知识，掌握医学影像诊断学、医学影像技术、医学影像工程和人工智能领域的医工高度交叉复合型创新人才，主要服务于高端医学影像设备的智能化研究、开发、管理与使用。,《计算机视觉》《模式识别与机器学习》《X线成像技术及设备》《医学影像诊断学》《超声成像技术及设备》《电子学综合》《断层解剖学》《微机原理与接口技术》《数字图像处理》 。,可以去医学影像设备的生产或经营单位；可以去医学影像设备的技术培训机构等。做人工智能辅助诊断、智能成像设备开发、医疗机器人开发、智能检查、智能质控和智能优化流程等方面的辅助研发、技术培训、临床应用培训等岗位工作。,https://p.qianwen.com/major/tab?app=index&collegesTab=allColleges&webCompassApp=true&q=%E6%99%BA%E8%83%BD%E5%BD%B1%E5%83%8F%E5%B7%A5%E7%A8%8B%E4%B8%93%E4%B8%9A&entry=gaokao_channel&device=pc
康复作业治疗,101010T,医学,医学技术类,四年,理学学士,43513,,,,,物理+化学,本专业培养的人才，系统掌握作业治疗学基础理论、医学基本知识及相关自然科学知识，具备对常见疾病和残疾的康复治疗、评定及预防的基本能力，具备较强的人际交流能力和良好的职业道德。全面实现中西医结合康复人才培养目标，使培养的人才具备初步科学研究能力。例如：具备良好的自主学习、独立分析思考及解决问题的能力，具备批判性思维和自我知识更新能力。 关键词：康复 治疗 作业治疗 。,《发育障碍作业治疗》《老年疾病作业治疗》《心理社会障碍作业治疗》《治疗性环境与辅助技》等 。,在各级各类医疗和社会康复机构从事现代与传统康复治疗工作的高素质康复作业治疗师。,https://p.qianwen.com/major/tab?app=index&collegesTab=allColleges&webCompassApp=true&q=%E5%BA%B7%E5%A4%8D%E4%BD%9C%E4%B8%9A%E6%B2%BB%E7%96%97%E4%B8%93%E4%B8%9A&entry=gaokao_channel&device=pc
医工学,101014TK,医学,医学技术类,四年,工学学士,9311,,,,,,医工学主要研究医学、工程学等方面的基本理论和知识，进行医疗设备的设计、研发和维护。例如：医疗器械的设计与研发，医疗设备的维修与管理，医学影像设备的应用等。该专业是医学与工程学的交叉学科，在医疗器械、医疗设备等领域有广泛应用。,基础医学，工程力学，生物医学工程，医疗器械设计，医疗设备维修，医学影像技术，康复工程，生物材料，医学电子学，人体解剖学,医疗器械企业：研发、设计、生产； 医疗机构：医疗设备管理、维修； 科研院所：生物医学工程研究； 深造：考研或保研，继续生物医学工程、医疗器械等相关专业的学习深造。,https://p.qianwen.com/major/tab?app=index&collegesTab=allColleges&webCompassApp=true&q=%E5%8C%BB%E5%B7%A5%E5%AD%A6%E4%B8%93%E4%B8%9A&entry=gaokao_channel&device=pc
医疗器械与装备工程,101015TK,医学,医学技术类,四年,工学学士,181,,,,,,医疗器械与装备工程专业是一门多学科交叉的专业，融合了机械工程、电子技术、计算机科学、生物医学工程等多个领域的知识和技术，旨在培养能够从事医疗器械与装备的设计、开发、制造、质量控制、技术管理等方面工作的高素质工程技术人才。,生物医学工程概论、医疗器械生物学评价、机械设计、机械制造技术、电子设计自动化、自动控制原理、微机原理与接口技术等。,医疗器械研发企业：从事医疗器械的设计、开发、测试等工作，参与新产品的研发项目，推动医疗器械的技术创新和产品升级。医疗器械生产企业：负责医疗器械的生产工艺制定、质量控制、生产管理等工作，确保产品符合质量标准和法规要求，保障生产的顺利进行。医疗器械营销企业：从事医疗器械的市场推广、销售、售后服务等工作，了解市场需求，推广产品，为客户提供技术支持和解决方案。医疗机构：在医院的设备科、医学工程部门等工作，负责医疗器械的采购、验收、维护、管理等工作，保障医疗器械的正常运行，为临床诊断和治疗提供技术支持。,https://p.qianwen.com/major/tab?app=index&collegesTab=allColleges&webCompassApp=true&q=%E5%8C%BB%E7%96%97%E5%99%A8%E6%A2%B0%E4%B8%8E%E8%A3%85%E5%A4%87%E5%B7%A5%E7%A8%8B%E4%B8%93%E4%B8%9A&entry=gaokao_channel&device=pc
老年医学与健康,101017TK,医学,医学技术类,四年,管理学学士,172,,,,,,老年医学与健康本科专业聚焦于老年人群的健康维护与疾病防治，融合了医学、护理学、康复学、心理学等多学科知识，旨在培养具备全面的老年健康服务知识和技能的专业人才，以满足日益增长的老年健康服务需求。该专业注重理论与实践相结合，使学生能够在老年医学领域开展临床医疗、预防保健、康复护理等工作。,人体解剖学、生理学、病理学、药理学、生物化学、医学微生物学、医学免疫学、诊断学、内科学、外科学、妇产科学、儿科学、神经病学、精神病学等。,医疗机构：在各级医院的老年科、干部病房等科室从事老年疾病的诊断、治疗和护理工作。养老机构：担任养老机构的医生、护士、康复治疗师、健康管理师等，为老年人提供全方位的健康服务。社区卫生服务中心：参与社区老年人的健康管理、疾病预防、医疗服务等工作，开展家庭病床、上门护理等服务。老年健康管理机构：从事老年健康评估、健康咨询、健康干预等工作，制定个性化的健康管理方案。康复机构：为老年康复患者提供康复治疗服务，帮助他们恢复身体功能，提高生活质量。,https://p.qianwen.com/major/tab?app=index&collegesTab=allColleges&webCompassApp=true&q=%E8%80%81%E5%B9%B4%E5%8C%BB%E5%AD%A6%E4%B8%8E%E5%81%A5%E5%BA%B7%E4%B8%93%E4%B8%9A&entry=gaokao_channel&device=pc
健康与医疗保障,101016TK,医学,医学技术类,四年,管理学学士,112,,,,,,健康与医疗保障专业是一门融合了医学、管理学、经济学、法学等多学科知识的交叉性专业。旨在培养既懂医学知识，又掌握健康管理、医疗保障政策与运营管理等方面技能的复合型人才，以适应我国健康产业发展和医疗保障体系建设的需要。,人体解剖学、生理学、病理学、诊断学、内科学、外科学等、管理学原理、卫生事业管理学、医院管理学、健康管理学等,医疗保障部门：在各级医疗保障局等政府部门从事医保政策制定、医保基金管理、医疗服务监管等工作。健康管理机构：担任健康管理师，为个人或团体提供健康评估、健康咨询、健康干预等服务，制定个性化的健康管理方案。商业保险机构：从事医疗保险产品设计、核保理赔、风险管理、保险销售等工作，推动商业健康保险的发展。医疗机构：在医院的医保办、病案管理部门等工作，负责医保政策执行、医保费用审核、医疗数据统计分析等工作。社会福利与慈善机构：参与老年护理保障、残疾人康复保障等相关工作，为特殊人群提供健康与医疗保障服务。,https://p.qianwen.com/major/tab?app=index&collegesTab=allColleges&webCompassApp=true&q=%E5%81%A5%E5%BA%B7%E4%B8%8E%E5%8C%BB%E7%96%97%E4%BF%9D%E9%9A%9C%E4%B8%93%E4%B8%9A&entry=gaokao_channel&device=pc
中医学,100501K,医学,中医学类,五年,医学学士,2090093,6100,北京市,医生,医疗保健,物理+化学 / 物理+生物 / 物理+化学+生物,本专业培养系统掌握中医学基本理论知识和基本技能，适应现代中医学发展和高等中医教育需要，具备良好的人文和自然科学素养、扎实的西医学基本理论和基本技能、一定的中药学及预防医学相关知识，具有较强临床思维能力和临床实践能力的中医学专门人才。学生主要学习中医药学基本理论知识和中医临床医疗技能，具有必要的自然科学和扎实的现代医学知识，受到中医临床基本技能和现代医学临床基本技能的训练，具有中医各科疾病的临床诊疗和科研工作的基本能力。,《病理解剖学》、《方剂学》、《温病学》、《黄帝内经》、《医古文》、《中医儿科学》、《中药炮制学》、《伤寒论》、《金匮要略》、《推拿治疗学》 部分高校按以下专业方向培养：骨伤、养生、英语、康复医学、全科医生、针灸推拿、中医临床、美容与康复、中西医结合。,中医科医生，内科医生，考研，事业单位人员，外科医生,https://p.qianwen.com/major/tab?app=index&collegesTab=allColleges&webCompassApp=true&q=%E4%B8%AD%E5%8C%BB%E5%AD%A6%E4%B8%93%E4%B8%9A&entry=gaokao_channel&device=pc
针灸推拿学,100502K,医学,中医学类,五年,医学学士,480264,6800,北京市,养身/保健,医疗保健,物理+化学 / 物理+生物 / 物理+化学+生物,本专业培养能运用中医药基础理论、针灸推拿（含气功）专业知识和基本技能，以及一定的西医学知识和专业外语能力，能在医药健康产业等领域中从事中医针灸推拿医疗、教学、科研及国内外学术交流工作的中医针灸推拿专门人才。要求学生掌握中医药学基础理论、基础知识和基本技能；掌握针灸推拿学基础理论、基础知识和基本技能，能从事针灸推拿、中医药临床常见病证的辨证论治；了解针灸推拿学术发展动态，具有从事针灸推拿科研的初步能力；掌握一定的西医学的基础知识和技能，了解中医针灸推拿学科学术发展动态，具有从事针灸推拿科学研究的初步能力；掌握一定的专业外语知识，具有一定的中医针灸专业外语学术交流能力；能够顺利阅读古典医籍。,《方剂学》、《医古文》、《推拿治疗学》、《温病学》、《中医儿科学》、《中医耳鼻喉科学》、《按摩推拿功法学》、《实验针灸学》、《气功功法》、《针推实践》 部分高校按以下专业方向培养：康复、涉外、针刀。,针灸/推拿，内科医生，事业单位人员，中医科医生,https://p.qianwen.com/major/tab?app=index&collegesTab=allColleges&webCompassApp=true&q=%E9%92%88%E7%81%B8%E6%8E%A8%E6%8B%BF%E5%AD%A6%E4%B8%93%E4%B8%9A&entry=gaokao_channel&device=pc
哈医学,100507K,医学,中医学类,五年,医学学士,475294,6500,华北地区,,,物理+化学+生物,哈医学以阴阳学为理论基础，主要研究哈药学、现代医学、哈萨克医学等方面的基本知识，接受哈医临床操作和辨证施治的基本训练，运用哈医的理法方药进行常见病的诊断、治疗等，多见于阿勒泰地区。常见的哈医疗法有药浴、蒸薰洗疗法、放血疗法、羊油疗法等。 关键词：中医 阿勒泰 哈萨克族 阴阳学。,《哈萨克族医学概论》、《哈医医学史》、《哈医药物学》、《哈医方剂学》、《哈医二十四脏器学》、《哈医药志》、《哈医诊断学》、《哈医骨伤学》、《哈医药浴疗法学》。,哈医类单位：哈医医疗、哈药研发； 研究单位：药物收集、药方整理、哈医传承。,https://p.qianwen.com/major/tab?app=index&collegesTab=allColleges&webCompassApp=true&q=%E5%93%88%E5%8C%BB%E5%AD%A6%E4%B8%93%E4%B8%9A&entry=gaokao_channel&device=pc
壮医学,100506K,医学,中医学类,五年,医学学士,373220,6300,华南地区,,,,本专业培养具备壮医、中西医基本理论、基本知识和基本技能；较强的交流适应能力以及良好的职业道德；具备一定的科研能力，能在各级医院和医疗科研机构从事壮医、中医、中西医结合临床、预防、保健、康复和科学研究工作的医学高级专业人才。掌握壮医基础理论、基本知识和基本技能；要求掌握运用壮医辨证施治的基本能力；掌握必要的现代医学基本理论和基本知识；熟悉国家及民族医药卫生工作方针、政策和法规；了解壮医学理论与学术的发展动态；掌握文献检索、资料查询的基本方法，具有一定的科学研究和实际工作能力。,《壮医基础理论》、《壮医诊断学》、《壮医方药学》、《壮医内科学》、《壮医经筋治疗学》、《中医基础理论》、《中医诊断学》、《中药学》、《方剂学》、《针灸学》。,壮医类单位：壮医医疗、壮药研发。,https://p.qianwen.com/major/tab?app=index&collegesTab=allColleges&webCompassApp=true&q=%E5%A3%AE%E5%8C%BB%E5%AD%A6%E4%B8%93%E4%B8%9A&entry=gaokao_channel&device=pc
中医康复学,100510TK,医学,中医学类,五年,医学学士,150524,,,,,物理+化学 / 物理+生物 / 物理+化学+生物,培养全面发展的中医康复特色的高素质人才，掌握中西医基础理论、康复医学、中医康复学等，具备运用中医康复方法和现代康复技术等处理临床疾病功能障碍的基本能力，能在各类医疗机构从事中医康复学临床、教学和科研工作的中医康复学人才。例如：各级中医院、综合性医院康复科，康复专科医院，社区卫生服务中心，医学院校、中医科研机构等 关键词：中医 康复 医疗 。,《中医基础理论》《中医诊断学》《中药学》《方剂学》《中医内科学》等 。,可在各级中医院、综合性医院康复科，康复专科医院，社区卫生服务中心，医学院校、中医科研机构等 。,https://p.qianwen.com/major/tab?app=index&collegesTab=allColleges&webCompassApp=true&q=%E4%B8%AD%E5%8C%BB%E5%BA%B7%E5%A4%8D%E5%AD%A6%E4%B8%93%E4%B8%9A&entry=gaokao_channel&device=pc
中医养生学,100511TK,医学,中医学类,五年,医学学士,139823,,,,,物理+化学 / 物理+生物,培养掌握中医学基本理论、知识和技能，与中医养生学相关理论知识和实践技能，同时掌握一定的西医学基本理论、知识和技能，并具有良好的人文关怀精神和自然科学素养的高级中医养生医学人才。例如：从事中医养生、治未病和慢性病、老年病干预治疗、防护等工作。 关键词：中医 养生 西医 。,《中医基础理论》《中医诊断学》《中药学》《方剂学》《中医内科学》等 。,可在各类养生、治未病机构和各级医院治未病科（中心）、老年科、慢性病相关科室等 。,https://p.qianwen.com/major/tab?app=index&collegesTab=allColleges&webCompassApp=true&q=%E4%B8%AD%E5%8C%BB%E5%85%BB%E7%94%9F%E5%AD%A6%E4%B8%93%E4%B8%9A&entry=gaokao_channel&device=pc
藏医学,100503K,医学,中医学类,五年,医学学士,129517,6100,西南地区,,,物理+化学 / 物理+生物 / 物理+化学+生物,本专业培养热爱藏医药事业和藏民族文化，满足人民群众对藏医医疗、预防、保健、康复需要的德、智、体、美全面发展、具有良好职业道德；系统掌握扎实的藏医基础理论与基本知识、基本技能和必要的西医基础、临床知识；具有足够的藏医传承能力、藏医临床思维能力和一定的创新精神；能够准确运用藏医药学术和西医的基础知识、基本技能防治常见病、多发病，并具备对常见的急重症进行急救处理能力以及在藏医学教育、科研和对外推广、交流等工作中具有较强发展潜能的藏医专业人才。,《藏医人体学》、《藏医病机学》、《藏医三大基因学》、《藏医保健学》、《藏药方剂学》、《藏医外治学》、《藏医诊断学》、《藏医内科学》、《藏医热病疫病学》、《藏医五官科学》。,中医科医生，综合门诊/全科医生，事业单位人员,https://p.qianwen.com/major/tab?app=index&collegesTab=allColleges&webCompassApp=true&q=%E8%97%8F%E5%8C%BB%E5%AD%A6%E4%B8%93%E4%B8%9A&entry=gaokao_channel&device=pc
中医骨伤科学,100513TK,医学,中医学类,五年,医学学士,125348,,,,,物理+化学 / 物理+生物,培养学习中医骨伤科学的内容、掌握骨伤科的基本知识、基本技能、基本操作。遇到相关疾病时，可进行中医临床诊疗的能力。例如肩关节疼痛、活动受限病人 关键词：中医 骨伤 治疗。,《中医骨病学》《中医经典》《中医内科学》《中医外科学》等 。,可在各级医疗卫生、预防保健及教学等部门从事中医骨伤临床医疗、预防保健、教学以及卫生行政管理等工作。,https://p.qianwen.com/major/tab?app=index&collegesTab=allColleges&webCompassApp=true&q=%E4%B8%AD%E5%8C%BB%E9%AA%A8%E4%BC%A4%E7%A7%91%E5%AD%A6%E4%B8%93%E4%B8%9A&entry=gaokao_channel&device=pc
蒙医学,100504K,医学,中医学类,五年,医学学士,113357,6500,华东地区,,,物理+生物,本专业培养具备蒙医学、临床医学的基本理论和医疗预防的基本技能及人文知识；能在各级医疗卫生机构、科研部门从事医疗、预防、科研等方面工作的有创新精神的应用人才。学生主要学习蒙医药学基本理论、基本知识和蒙医临床诊疗技能，掌握一定的现代自然科学和现代医学等方面的知识，接受蒙医临床技能和现代医学临床技能的基本训练，掌握蒙医各科疾病的临床诊疗技能。,《蒙医基础理论》、《蒙医诊断学》、《蒙药学》、《蒙医方剂学》、《蒙医疗术学》、《蒙医温病学》、《蒙医内科学》、《人体解剖学》、《生理学》、《诊断学》 部分高校按以下专业方向培养：医生、蒙西医结合。,内科医生，事业单位人员，针灸/推拿，外科医生，综合门诊/全科医生,https://p.qianwen.com/major/tab?app=index&collegesTab=allColleges&webCompassApp=true&q=%E8%92%99%E5%8C%BB%E5%AD%A6%E4%B8%93%E4%B8%9A&entry=gaokao_channel&device=pc
中医儿科学,100512TK,医学,中医学类,五年,医学学士,105593,,,,,物理+化学,本专业培养适应全面发展，同时具备良好的人文、科学和职业素养，系统的中医学基本理论、基本知识、基本技能和对常见病症尤其是儿科病症进行中医临床诊疗的能力，具有继承与创新精神人才，能在各类机构工作或科研。例如：医疗卫生领域、儿童保健工作及学科研究机构。 关键词：中医 儿科 临床 。,《中医基础理论》《中医诊断学》《中药学》《方剂学》《针灸学》《正常人体解剖学》等 。,可在各级中医院、儿童医院、妇幼保健医院及中医教学科研机构及各级综合性医院等部门从事中医儿科临床、教学、科研工作。,https://p.qianwen.com/major/tab?app=index&collegesTab=allColleges&webCompassApp=true&q=%E4%B8%AD%E5%8C%BB%E5%84%BF%E7%A7%91%E5%AD%A6%E4%B8%93%E4%B8%9A&entry=gaokao_channel&device=pc
维医学,100505K,医学,中医学类,五年,医学学士,95858,6200,华东地区,,,物理+生物,本专业培养热爱维吾尔医药事业，具有系统的维医基础理论和基本知识，坚实的维医临床诊疗技能，必要的现代基础知识和临床诊疗技能；能从事维吾尔医临床工作和维吾尔医科研工作的高级医学人才；要求掌握维医基础理论、基本知识和基本技能；掌握运用维医辨证施治的基本能力；掌握必要的现代医学基本理论和基本知识；熟悉国家及民族医药卫生工作方针、政策和法规；了解维医学理论与学术的发展动态；掌握文献检索、资料查询的基本方法，具有一定的科学研究和实际工作能力。,《维医基础理论》、《维药学》、《维药方剂学》、《维医诊断》、《维医内科》、《维医外科》、《维医妇科》、《维医儿科》、《人体解剖生理学》、《中医学概论》。,中医科医生，内科医生，药房管理/药剂师,https://p.qianwen.com/major/tab?app=index&collegesTab=allColleges&webCompassApp=true&q=%E7%BB%B4%E5%8C%BB%E5%AD%A6%E4%B8%93%E4%B8%9A&entry=gaokao_channel&device=pc
回医学,100509TK,医学,中医学类,五年,医学学士,41610,,,,,,回医学主要研究回药学、回医诊疗法、回医临床医疗技术等方面的基本知识和技能，以辩质为主，运用回医的理法方药进行常见病的诊断、治疗等，多见于宁夏地区。常见的回医疗法有饮食疗法（如：羊脖子炖黄芪、鸽子炖三七）和放血疗法（如：眉心放血、太阳穴放血）。 关键词：中医 回族 药膳 放血疗法。,《回医基础理论》、《回医诊断学》、《回药学》、《回医方剂学》、《回医药学史》、《回医内科学》、《回医妇科学》、《回医儿科学》、《回医外科学》、《回医治疗学》。,回医类单位：回医医疗、回药研发。,https://p.qianwen.com/major/tab?app=index&collegesTab=allColleges&webCompassApp=true&q=%E5%9B%9E%E5%8C%BB%E5%AD%A6%E4%B8%93%E4%B8%9A&entry=gaokao_channel&device=pc
傣医学,100508TK,医学,中医学类,五年,医学学士,36031,,,医生,医疗保健,物理+化学 / 物理+生物,傣医学主要研究傣药学、傣医诊疗法、傣医临床医疗技术等方面的基本知识和技能，运用傣医的理法方药恢复体内四塔（风、水、火、土）的平衡，从而实现疾病的治愈。傣医常见的诊法有望诊、问诊和摸诊，脉诊较为少用，傣医疗法除了内服、外用和二者结合外，独特疗法有睡药、敷药、蒸药、熏药、刺药等。 关键词：中医 傣族 四塔 五宝药散。,《傣医基础理论》、《傣医诊断学》、《傣药学》、《傣医方剂学》、《傣医药学史》、《傣医内科学》、《傣医妇科学》、《傣医儿科学》、《傣医外科学》、《傣医治疗学》。,傣医类单位：傣医医疗、傣药研发。,https://p.qianwen.com/major/tab?app=index&collegesTab=allColleges&webCompassApp=true&q=%E5%82%A3%E5%8C%BB%E5%AD%A6%E4%B8%93%E4%B8%9A&entry=gaokao_channel&device=pc
药学,100701,医学,药学类,四年,理学学士,1358571,5800,上海市,医药注册/推广,医药,物理 / 物理+化学 / 物理+化学+生物,本专业培养具有化学生物学与基础医学背景，掌握必需的人文社科知识以及化学生物学与相关基础医学知识、较扎实的自然科学理论和系统的药学知识，具有较强的创新意识、科研思维能力与实践技能，适应研究生生源培养的要求，能够从事与药物合成、药物制剂、药物检验、药品生产与营销、新药研究与开发、质量控制，以及药学管理和教学工作的具有理学学士学位药学专门人才 。学生需掌握药物化学、药理学、生物化学、药剂学、天然药物化学、药物分析学等学科的基本理论和专业技能，学会药物制备、质量控制、药物与生物间相互作用、药效学与药物安全性评价等主要基本方法和技术，具有药物制剂的初步设计、选择药物分析方法、新药药理实验与评价等能力，熟知药事管理法规、政策等。,《中医学》、《方剂学》、《药事管理》、《临床药理学》、《药物合成》、《生物化学与分子生物学》、《生物药剂学与药物动力学》、《临床药物治疗学》、《临床药物治疗学》、《药物分析方法》 部分高校按以下专业方向培养：营销、中药、临床药理、临床药学、食品药学、医药经济。,药房管理/药剂师，事业单位人员，药品研发，考研，公务员(中央国家机关)，医药化学分析，公务员(地市级机关)，公务员(区县级及以下机关)，药品生产/质量管理，销售代表，公务员(省级机关),https://p.qianwen.com/major/tab?app=index&collegesTab=allColleges&webCompassApp=true&q=%E8%8D%AF%E5%AD%A6%E4%B8%93%E4%B8%9A&entry=gaokao_channel&device=pc
临床药学,100703TK,医学,药学类,四-五年,理学学士,636414,6700,东北地区,医药注册/推广,医药,物理+化学 / 物理+化学+生物,临床药学是研究药物防病治病的有效性、安全性与合理性的一门学科，其主要研究内容包括，药物治疗疾病的临床规律、临床合理用药、临床药物评价、药学监护、药物配伍与禁忌等；临床药学的主要任务是综合运用药学和医学的理论、观点和方法，为药物临床治疗的有效性、安全性、经济性提供保障；本专业培养具备药学、医学的基本理论知识，掌握临床合理用药、安全用药及安全用药的重要意义和基本 原理，熟悉新药开发研制基本流程和技能，综合素质高、知识结构合理、基础扎实、知识面宽、综合运用知识能力强、具有创新精神和实践能力，从事临床合理用 药、治疗药物监测和临床药学研究的融药学与医学为一体复合型应用型药学专门人才。,《生物化学与分子生物学》、《天然药物化学》、《药物化学》、《药物分析》、《药理学》、《药剂学》、《药物化学》、《临床药物代谢动力学》、《药物毒理学》、《临床药物治疗学》。,药房管理/药剂师，事业单位人员，临床研究员，药品研发人员,https://p.qianwen.com/major/tab?app=index&collegesTab=allColleges&webCompassApp=true&q=%E4%B8%B4%E5%BA%8A%E8%8D%AF%E5%AD%A6%E4%B8%93%E4%B8%9A&entry=gaokao_channel&device=pc
药物化学,100706T,医学,药学类,四年,理学学士,407213,5800,上海市,医学/医疗器械研发,医药,物理+化学,本专业培养掌握药物化学的基础理论、基本知识和实验技能，熟悉和了解本学科国内外研究前沿及其发展方向；掌握新药设计和合成路线设计的基本理论和技术，药物生产工艺研究的基本技能和方法；熟悉药品生产质量管理规范，具有良好的科学素养、严谨求实的科学作风和开拓创新的进取精神，能够在化学药物研究和医药设计机构、化学药物生产和流通企业、药品监督管理和检验以及农药、精细化工等领域从事化学药物的设计、研究、开发、生产、工艺改进、质量控制和经营管理等方面工作的高级专门人才。,《有机化学》、《生物化学》、《药理学》、《高等药物化学》、《药物合成设计》、《药物合成反应》、《近代有机合成》、《药物设计进展》、《天然产物化学》、《有机光谱鉴定》。,医药类企业：药物设计、药品研发、药物制剂开发、药品质检、药品销售； 日用化工类企业：产品研发、质量检测。,https://p.qianwen.com/major/tab?app=index&collegesTab=allColleges&webCompassApp=true&q=%E8%8D%AF%E7%89%A9%E5%8C%96%E5%AD%A6%E4%B8%93%E4%B8%9A&entry=gaokao_channel&device=pc
药物分析,100705T,医学,药学类,四年,理学学士,380595,5700,华东地区,医学/医疗器械研发,医药,物理+化学,本专业培养具备化学、生物学和药学的基本理论和技能，熟练掌握国内外药品生产质量管理规范、药品质量监督管理的法规与标准体系，能够在药物研究、生产、流通和临床使用领域，从事药物分析研究、药物质量控制与管理、临床用药监测等工作的高级科学技术人才。要求系统掌握药物分析的基本理论、基本知识和基本技能，具有良好的专业素养，具备药物分析及体内药物分析、中药及其制剂分析、新药研发、药品质量标准制定、药事管理知识能力，能够在药品生产企业的质量管理（QA）、质量控制（QC）关键质控及管理岗位，药品研发企业的新药研发、药品质量标准制定、临床研究（CRC）等关键岗位，国家及省市地方食品药品监督管理局（所）、药品检验检定所药品检验检定及管理岗位，药品流通领域质量管理岗位等方面工作。,《分析化学》、《天然药物化学》、《药理学》、《药学概论》、《化学原理与化学分析》、《药物化学》、《药物分析》、《药剂学》、《药品质量管理技术》、《现代药物分析检验技术》。,医药类企业：药物设计、药品检验、药品生产、质量控制； 医疗机构：临床药物分析、体内药物分析。,https://p.qianwen.com/major/tab?app=index&collegesTab=allColleges&webCompassApp=true&q=%E8%8D%AF%E7%89%A9%E5%88%86%E6%9E%90%E4%B8%93%E4%B8%9A&entry=gaokao_channel&device=pc
药物制剂,100702,医学,药学类,四年,理学学士,307851,5600,上海市,医学/医疗器械研发,医药,物理+化学 / 物理+化学+生物,药物制剂学是综合运用化学、生物化学、药学基础理论与现代制药工程手段进行药物制剂的研究、设计、开发与生产的学科，本专业培养德、智、体全面发展，具备广博而坚实的化学、生物学、药学基本理论知识和实验技能，能够从事药物新剂型与新制剂的研究、设计与开发，药物制剂及其生产管理、工艺设计与技术改造工作的高级药物制剂专门人才以及具有一定的企业管理知识，良好的科学素养和一定的创新创业能力的高级实用型人才；要求掌握物理化学、药物化学、药用高分子材料学、工业药剂学、制剂设备与车间工艺设计等方面的基本理论、基本知识；掌握制剂的研究、剂型设计与改进以及药物制剂生产的工艺设计等技术；具有药物制剂的研究与开发、剂型的设计与改进和药物制剂生产工艺设计熟悉药事管理的法规、政策；了解现代药物制剂的发展动态；掌握文献检索、资料查询的基本方法，具有初步的科学研究和实际工作能力。,《药理学》、《药物分析》、《工业药剂学》、《生物制剂工艺》、《药物制剂分子生物学》、《组织工程学》、《药物化学》、《生物药剂学》、《药用高分子材料学》、《制剂设备与车间工艺设计》。,药房管理/药剂师，事业单位人员，药品生产/质量管理，药品研发，考研，医药化学分析，公务员(省级机关)，公务员(地市级机关)，公务员(区县级及以下机关)，医药代表，公务员(中央国家机关),https://p.qianwen.com/major/tab?app=index&collegesTab=allColleges&webCompassApp=true&q=%E8%8D%AF%E7%89%A9%E5%88%B6%E5%89%82%E4%B8%93%E4%B8%9A&entry=gaokao_channel&device=pc
药事管理,100704T,医学,药学类,四年,理学学士,188558,5500,华东地区,医药注册/推广,医药,化学 / 物理+化学,本专业培养掌握药学、管理学、法学等自然科学和社会科学的基本理论知识与技能，掌握药品研制、生产、经营、使用、价格、广告、包装及监督管理等不同环节的相关法律法规，能够运用药物经济学、药品质量管理、药品风险管理等经济、管理方法从事行业管理、预测、评估、注册等活动，能够适应现代医药事业建设与发展需要，从事药事相关管理工作的复合型专业人才。学生毕业后能在药事各部门如各级药品监督管理部门、社会劳动保障部门、药品价格管理部门、工商行政管理部门、药品生产企业、药品经营企业、药品科研院所、医疗卫生机构、各类社会中介机构中从事药事管理工作。,《临床医学概论》、《药事管理学经济学》、《药学概论》、《药事企业管理》、《中医方药学》、《中药商品学》、《中药药剂学》、《中药炮制与加工》、《药理学》、《中药药理学》。,医药学术推广，药品生产/质量管理，药房管理/药剂师，行政执法人员,https://p.qianwen.com/major/tab?app=index&collegesTab=allColleges&webCompassApp=true&q=%E8%8D%AF%E4%BA%8B%E7%AE%A1%E7%90%86%E4%B8%93%E4%B8%9A&entry=gaokao_channel&device=pc
海洋药学,100707T,医学,药学类,四年,理学学士,155545,6500,华东地区,医学/医疗器械研发,医药,物理+化学,本专业旨在通过药学、海洋生物学基本理论以及现代生物技术基本专业技能等的传授，培养能够从事海洋药物研究、生产与工艺设计以及海洋生物工程技术研究的专业技术人才。学生毕业后既可以从事生物医药领域的相关工作，也可以从事与海洋生物资源开发利用及海洋药物研发的相关工作，包括：药品研发、质量控制、生产管理、药品销售等工作。,《有机化学》、《分析化学》、《海洋生物学》、《海洋药用生物资源学》、《海洋药用生物技术》、《海洋制药学》、《近代有机合成》、《海洋药物化学》、《药剂学》、《药理学》。,考研，考研，科研人员，销售代表，药品生产/质量管理，药品市场推广专员/助理,https://p.qianwen.com/major/tab?app=index&collegesTab=allColleges&webCompassApp=true&q=%E6%B5%B7%E6%B4%8B%E8%8D%AF%E5%AD%A6%E4%B8%93%E4%B8%9A&entry=gaokao_channel&device=pc
化妆品科学与技术,100708T,医学,药学类,四年,理学学士,128854,,,,,物理+化学,培养面向化妆品行业，具备化学基本知识和基本理论，掌握化妆品、医药、农药、香精香料、颜料染料、电子化学品、化工助剂等精细化学品的专业知识，具有较强创新意识、创新能力和实践能力人才。例如：从事化妆品配方与工艺、化妆品分析检测、化妆品安全与功效评价，及精细化工产品研究与开发、生产技术管理、产品质量控制、技术咨询和产品营销等方面工作的应用型技术 关键词 化妆品 化学 应用 。,《化妆品概论》《化妆品管理与法规》《美容皮肤科学》《化妆品工艺学》《表面活性剂》等 。,可在国家机关、企事业单位从事化妆品等精细化工产品管理，在教育机构从事教育教学或科学研究 。,https://p.qianwen.com/major/tab?app=index&collegesTab=allColleges&webCompassApp=true&q=%E5%8C%96%E5%A6%86%E5%93%81%E7%A7%91%E5%AD%A6%E4%B8%8E%E6%8A%80%E6%9C%AF%E4%B8%93%E4%B8%9A&entry=gaokao_channel&device=pc
药物经济与管理,100709TK,医学,药学类,四年,管理学学士,102,,,,,,药物经济与管理专业是一门融合药学、经济学、管理学等多学科知识的交叉性专业。该专业顺应医药产业发展需求，聚焦于运用经济管理理论与方法，研究药物研发、生产、流通、使用等环节中的成本 - 效益、资源配置、政策制定等问题，旨在为医药行业培养既懂医药专业知识，又具备经济管理能力的复合型人才，以提升医药资源利用效率，推动医药产业健康可持续发展 。,药物经济学、药事管理学、医药市场营销学、医药企业战略管理、卫生经济学、医疗保险学、药物研发管理、医药供应链管理。,医药企业：在医药生产企业、医药流通企业、医药研发企业等，从事药物研发管理、市场调研、产品推广、销售管理、供应链管理、战略规划等工作。​政府部门：进入卫生健康委员会、医疗保障局、药品监督管理局等政府机构，参与医药政策制定、医保基金管理、药品市场监管等工作。​医疗机构：在医院药剂科、医保办等部门，从事药品采购管理、药物经济学评价、医保费用审核与控制等工作。​科研与咨询机构：在高校、科研院所、医药咨询公司等，开展药物经济学研究、医药产业政策研究、市场分析与咨询等工作。,https://p.qianwen.com/major/tab?app=index&collegesTab=allColleges&webCompassApp=true&q=%E8%8D%AF%E7%89%A9%E7%BB%8F%E6%B5%8E%E4%B8%8E%E7%AE%A1%E7%90%86%E4%B8%93%E4%B8%9A&entry=gaokao_channel&device=pc
口腔医学,100301K,医学,口腔医学类,五年,医学学士,3042429,6300,北京市,医生,医疗保健,物理+化学 / 物理+化学+生物,本专业培养具备医学基础理论和临床医学知识，掌握口腔医学的基本理论和临床操作技能，能通过国家执业医师资格考试，在医疗机构从事口腔常见病、多发病诊治和预防工作的口腔医学专门人才；要求学生具有较广泛的人文、社会科学知识，较宽厚的自然科学基础，较坚实和较系统的基础医学和临床医学理论，扎实的口腔医学理论知识，一定的预防医学知识，同时具有较强的自学能力；熟练掌握一门外国语，并能较熟练阅读本专业外文资料；具有较强的临床分析和思维能力，能独立诊治口腔医学领域内的常见病和多发病，基本达到卫生部颁发的《口腔医学住院医师规范化培训试行办法》中规定第一阶段培训结束时要求的临床工作水平；能结合口腔临床实际，学习并掌握临床科学研究的基本方法。,《临床药理学》、《耳鼻喉科学》、《口腔解剖生理学》、《口腔内科学》、《口腔修复学》、《病原学》、《口腔正畸学》、《牙体牙髓病学》、《预防口腔医学》、《口腔分子生物学》。,牙科医生，事业单位人员，综合门诊/全科医生,https://p.qianwen.com/major/tab?app=index&collegesTab=allColleges&webCompassApp=true&q=%E5%8F%A3%E8%85%94%E5%8C%BB%E5%AD%A6%E4%B8%93%E4%B8%9A&entry=gaokao_channel&device=pc
预防医学,100401K,医学,公共卫生与预防医学类,五年,医学学士,755263,6700,北京市,医生,医疗保健,物理+化学 / 物理+化学+生物,预防医学以人群为研究对象，应用基础医学和临床医学理论以及预防医学的理论和方法，从群体的角度研究环境因素、宿主因素以及致病因子与人类疾病和健康的关系，是预防疾病发生、控制疾病发展以及促进健康的一门医学科学；本专业要求学生系统掌握基础医学、临床医学和预防医学的基本理论和技能，能灵活运用所学知识分析、解决预防医学与公共卫生领域的实际问题，具有进行卫生监督与管理、科学研究、信息和数据处理的能力，具备应对突发公共卫生事件的能力，能成为应用型、复合型的预防医学人才。,《病理解剖学》、《生理学》、《精神病学》、《传染病学理论》、《劳动卫生学》、《流行病学实践》、《卫生微生物学》、《基础毒理》、《卫生理化检验》、《妇幼保健》。,事业单位人员，卫生防疫、妇幼保健员，公务员(中央国家机关)，医疗管理人员，公务员(地市级机关)，公务员(区县级及以下机关)，公务员(省级机关),https://p.qianwen.com/major/tab?app=index&collegesTab=allColleges&webCompassApp=true&q=%E9%A2%84%E9%98%B2%E5%8C%BB%E5%AD%A6%E4%B8%93%E4%B8%9A&entry=gaokao_channel&device=pc
食品卫生与营养学,100402,医学,公共卫生与预防医学类,四年,理学学士,558934,5200,上海市,医生,快消,物理+化学 / 物理+化学+生物,食品卫生与营养学是研究食物与机体的相互作用，以及食物营养成分（包括营养素、非营养素、抗营养素等成分）在机体里分布、运输、消化、代谢等方面的一门学科；本专业培养学生具备基础医学、营养学和预防医学、临床医学的基本知识、基本理论和基本技能，使毕业生能够成为从事人群的营养指导、保健和营养知识的宣传教育、防病治病、医院临床营养治疗和指导食品配制的高级营养专业人才；要求学生掌握食品卫生与营养学的基本理论知识；掌握基础医学、临床医学、营养与食品卫生的基本理论知识及食品卫生检测技能；能够从事营养与食品卫生的监督、检测和管理工作；熟悉国家的食品卫生法规； 具有一定的社会医学知识、劳动卫生、环境卫生和职业病知识，具有调查、研究的能力和科学的思维方法。,《营养学基础》、《临床营养学》、《食品卫生学》、《食品工艺学》、《食品毒理学》、《烹调学》、《生理学》、《生物化学》、《流行病学》 部分高校按以下专业方向培养：食品质量与安全。,事业单位人员，医疗管理人员，销售代表,https://p.qianwen.com/major/tab?app=index&collegesTab=allColleges&webCompassApp=true&q=%E9%A3%9F%E5%93%81%E5%8D%AB%E7%94%9F%E4%B8%8E%E8%90%A5%E5%85%BB%E5%AD%A6%E4%B8%93%E4%B8%9A&entry=gaokao_channel&device=pc
卫生监督,100404TK,医学,公共卫生与预防医学类,五年,医学学士,522076,5800,广州市,行政/后勤/文秘,保险,,卫生监督主要研究基础医学、卫生监督执法等方面的基本知识和技能，包括流行病学、病理学、食品卫生、卫生的法规与条例等，在食品行业、各级卫生监督机构进行食品、餐饮的卫生监督和卫生执法等。 关键词：卫生 餐饮 法规 卫生许可证。,《医学微生物学基础》、《病理学基础》、《卫生统计学》、《流行病学基础》、《环境卫生学》、《劳动卫生与职业病》、《营养与食品卫生》、《卫生法学概论》、《卫生事业管理》。,食品类企业：卫生监督； 政府、事业类单位：卫生监督、卫生执法、食品卫生。,https://p.qianwen.com/major/tab?app=index&collegesTab=allColleges&webCompassApp=true&q=%E5%8D%AB%E7%94%9F%E7%9B%91%E7%9D%A3%E4%B8%93%E4%B8%9A&entry=gaokao_channel&device=pc
全球健康学,100405TK,医学,公共卫生与预防医学类,四年,理学学士,452588,5800,广州市,,,物理+化学,全球健康学主要研究全球健康学、全球卫生等方面的基本知识和技能，以适应全球卫生合作和发展的需要，保障国家安全与国民健康，进行全球健康学领域理论研究、政策评估、国际卫生资源整合和疾病控制等。 关键词：国际 健康 卫生 疾病。,《全球健康概论》、《基础医学概论》、《公共卫生概论》、《心理学》、《全球文化概论》。,政府、事业类单位：国际卫生合作、国际卫生资源整合、疾病控制。,https://p.qianwen.com/major/tab?app=index&collegesTab=allColleges&webCompassApp=true&q=%E5%85%A8%E7%90%83%E5%81%A5%E5%BA%B7%E5%AD%A6%E4%B8%93%E4%B8%9A&entry=gaokao_channel&device=pc
妇幼保健医学,100403TK,医学,公共卫生与预防医学类,五年,医学学士,334498,5800,成都市,医生,医疗保健,物理+化学,妇幼保健医学主要研究妇幼保健基础医学、临床医学、预防医学等方面的基本知识和技能，进行妇女和儿童的保健管理、计划生育等，其中妇女保健包括婚检、产检、高危孕产妇的监控、生殖健康的宣传等，儿童保健包括了儿童体检、疫苗接种、体弱儿的监控、新生儿筛查等。 关键词：妇女 儿童 体检 计划生育。,《组织胚胎学》、《遗传与优生学》、《生殖内分泌与免疫》、《妇产科学》、《生殖健康》、《妇幼与少儿卫生》、《妇女保健学》、《儿童保健学》、《妇幼营养学》、《妇幼心理学》。,医疗机构：妇幼保健、计划生育、围产期保健、妇幼营养、妇幼常见病预防宣传。,https://p.qianwen.com/major/tab?app=index&collegesTab=allColleges&webCompassApp=true&q=%E5%A6%87%E5%B9%BC%E4%BF%9D%E5%81%A5%E5%8C%BB%E5%AD%A6%E4%B8%93%E4%B8%9A&entry=gaokao_channel&device=pc
运动与公共健康,100406T,医学,公共卫生与预防医学类,四年,理学学士,64488,,,,,物理+化学,培养德、智、体、美、劳全面发展，服务“健康中国”国家战略需求，掌握体育学、预防医学的基本理论、基本知识和基本技能；能够在社区卫生服务中心、街道基层社区服务站点、卫生管理部门及相关机构、运动健康产业相关机构等从事运动与公共健康相关工作的高素质复合应用型人才。,《人体解剖学》《人体生理学》《卫生统计学》《卫生法学》《医学伦理学》《临床疾病概要》《营养学》《食品卫生与安全》《运动医务监督》《预防医学概论》《体力活动流行病学》《体适能评定理论与方法》《卫生事业管理学》《社会医学》《运动健康管理学》 。,毕业生可在社区卫生服务中心、街道基层社区服务站点、卫生管理部门及相关机构、运动健康产业相关机构工作。,https://p.qianwen.com/major/tab?app=index&collegesTab=allColleges&webCompassApp=true&q=%E8%BF%90%E5%8A%A8%E4%B8%8E%E5%85%AC%E5%85%B1%E5%81%A5%E5%BA%B7%E4%B8%93%E4%B8%9A&entry=gaokao_channel&device=pc
护理学,101101K,医学,护理学类,四年,理学学士,2384967,6300,,,,,护理学专业本科教育的培养目标是培养适应我国社会主义现代化建设和卫生保健事业发展需要，德、智、体、美全面发展，比较系统地掌握护理学的基础理论、基本知识和基本技能，具有基本的临床护理工作能力，初步的教学能力、管理能力、科研能力及创新能力，能在各类医疗卫生、保健机构从事护理和预防保健工作的专业人才。,《人体解剖学》、《生理学》、《医学伦理学》、《药物治疗学》、《诊断学基础》、《护理学基础》、《急重症护理》、《内外科护理学》、《妇儿科护理学》、《精神护理学》。,门诊护士，病房护士，医疗管理人员，大学教师，事业单位人员,https://p.qianwen.com/major/tab?app=index&collegesTab=allColleges&webCompassApp=true&q=%E6%8A%A4%E7%90%86%E5%AD%A6%E4%B8%93%E4%B8%9A&entry=gaokao_channel&device=pc
助产学,101102TK,医学,护理学类,四年,理学学士,153090,,,,,化学 / 生物 / 物理+化学 / 物理+生物,培养掌握护理学和助产学的基础理论、基本知识和基本技能，具有国际视野、终生学习能力和创新精神，具备良好职业素质和责任感，在各类医疗卫生保健机构中能够从事临床助产、围产期护理，以及母婴保健工作的高级助产专门人才和各项基本能力。例如具有基本的临床护理和临床助产能力，初步的助产专业教学能力、围产期管理能力及产科相关科研能力。 关键词：助产 母婴 临床 。,《基础医学》《临床医学》《护理学》《女性盆底解剖学》《解剖学》《生理学》等 。,在大型综合性医院中从事产科方向的临床和研究工作 。,https://p.qianwen.com/major/tab?app=index&collegesTab=allColleges&webCompassApp=true&q=%E5%8A%A9%E4%BA%A7%E5%AD%A6%E4%B8%93%E4%B8%9A&entry=gaokao_channel&device=pc
基础医学,100101K,医学,基础医学类,五年,医学学士,1584988,9100,上海市,销售业务,医药,物理+化学 / 物理+化学+生物,本专业培养具备自然科学、生命科学和医学科学基础理论知识和实验技能，熟悉基础医学先进仪器设备，具有较高的外语水平、一定的教学实践能力和开展实验研究的能力，自主学习、独立分析问题和解决问题的能力；能够从事基础医学各学科教学、科研研究及基础与临床相结合的医学实验研究工作的有较大发展潜力的基础医学高级专门人才。,《医学影像学》、《放射医学》、《精神病学》、《全科医学》、《神经生理学》、《神经与行为科学》、《体检诊断学》、《现代物理及医学》、《现代仪器分析与应用》、《人体形态学实验》。,事业单位人员，科研人员，化验/检验科医师，公务员(中央国家机关)，公务员(省级机关)，医疗管理人员，公务员(区县级及以下机关)，考研，内科医生，生物工程/生物制药，公务员(地市级机关),https://p.qianwen.com/major/tab?app=index&collegesTab=allColleges&webCompassApp=true&q=%E5%9F%BA%E7%A1%80%E5%8C%BB%E5%AD%A6%E4%B8%93%E4%B8%9A&entry=gaokao_channel&device=pc
生物医学,100102TK,医学,基础医学类,四年,理学学士,566369,,,,,物理+化学,生物医学主要研究生物学、基础医学等方面的基本知识和技能，进行人体健康知识的探寻和完善，从而对人体疾病的预防和诊疗手段实现创新。例如：肿瘤的免疫治疗、人体抗衰老技术的研发，遗传缺陷的纠正，克隆、试管婴儿等基因工程技术的研究，人类染色体的合成等。 关键词：医生 肿瘤 DNA 基因编辑。,《整合生物医学》、《分子细胞生物学》、《建立生物体》、《微生物与免疫学》、《应用生物医学》、《人体系统的整合功能》、《发育生物学》、《人体结构与功能学》。,医疗机构：肿瘤攻克、遗传病检测、基因工程、干细胞技术； 制药类企业：生物制药、疫苗研发。,https://p.qianwen.com/major/tab?app=index&collegesTab=allColleges&webCompassApp=true&q=%E7%94%9F%E7%89%A9%E5%8C%BB%E5%AD%A6%E4%B8%93%E4%B8%9A&entry=gaokao_channel&device=pc
生物医学科学,100103T,医学,基础医学类,四年,理学学士,336134,,,,,物理+化学,生物医学科学主要研究生物学、生命科学、基础医学、遗传学等方面的基本知识和技能，进行肿瘤、糖尿病、遗传疾病、病毒等方面的诊疗与探索。例如：人体DNA的检测与排序，基因治疗技术的研究，白化病、血友病等遗传疾病的诊断与治疗等。 关键词：医生 基因 遗传 癌症。,《生物化学》、《细胞分子生物学》、《遗传学》、《胚胎学》、《解剖学》、《生理学》、《病理学》、《药理学》、《微生物学》、《免疫学》。,医疗机构：DNA检测、遗传研究、肿瘤研究、基因治疗。,https://p.qianwen.com/major/tab?app=index&collegesTab=allColleges&webCompassApp=true&q=%E7%94%9F%E7%89%A9%E5%8C%BB%E5%AD%A6%E7%A7%91%E5%AD%A6%E4%B8%93%E4%B8%9A&entry=gaokao_channel&device=pc
中药学,100801,医学,中药学类,四年,理学学士,630238,5900,广州市,医学/医疗器械研发,医药,物理+化学 / 物理+化学+生物,本专业培养具备中药学科基本理论、基本知识和实验技能，具有良好的科学素养，在中药科研、生产、检验、流通、应用和经营领域从事中药鉴定、炮制、药剂及临床、合理用药等方面工作的中药人才；要求掌握中医药基本理论和临床用药基本知识；熟练运用现代中药化学与中药药理学基本理论与方法，研究中药化学成分以及中药与机体相互作用的规律；掌握中药鉴定的基本理论知识和技能；掌握中药炮制加工和制剂制备的基本理论和技能；了解中药从开发、生产到临床应用的流程；熟悉营销理论与药事管理法规、政策；了解中药学科的学术发展动态，具备在中药临床、科研及相关领域独立工作以及获取新知识和创新的能力；掌握一门外国语，具有较好的听说读写能力，具备较熟练地阅读本专业外文书刊和进行国际学术交流的能力。,《方剂学》、《药理学》、《中药炮制学》、《药物合成》、《生物药剂学与药物动力学》、《临床药物治疗学》、《温病学》、《中药化学》、《中药鉴定学》、《中药制剂学》 部分高校按以下专业方向培养：保健食品、中药分析、临床中药学。,药房管理/药剂师，事业单位人员，药品生产/质量管理，公务员(中央国家机关)，公务员(省级机关)，科研人员，公务员(区县级及以下机关)，药品研发，考研，销售代表，公务员(地市级机关),https://p.qianwen.com/major/tab?app=index&collegesTab=allColleges&webCompassApp=true&q=%E4%B8%AD%E8%8D%AF%E5%AD%A6%E4%B8%93%E4%B8%9A&entry=gaokao_channel&device=pc
中药制药,100805T,医学,中药学类,四年,理学学士、工学学士,386340,5800,北京市,医学/医疗器械研发,医药,物理 / 化学 / 物理+化学,本专业培养具备中医药和现代药学等方面的基础理论知识和工程实践技能，具有良好的科学素养，在医药科研单位、生产企业和管理部门从事医药产品的研究与开发、生产、质量控制、管理及临床应用等方面进行工作的药学专门人才。学生要求熟悉中医药基本理论和知识；掌握制药技术与工程的基本知识和技能；了解药品生产常用设备，掌握药物生产工艺设计方法；掌握制药生产工艺管理；熟悉营销理论与药事管理法规、政策；了解药物新剂型、新工艺、新技术和新设备的发展动态，具有药物新制剂、新工艺研发的初步能力；掌握一门外国语，具有较好的听说读写能力，具备较熟练地阅读本专业外文书刊和进行国际学术交流的能力。,《中医学基础》、《中药学》、《方剂学》、《中药化学》、《中药炮制学》、《中药药理学》、《中药药剂学》、《药用植物识别技术》、《中药鉴定技术》、《中药制剂设备和车间设计》 部分高校按以下专业方向培养：生物制药。,药剂师，药品研发人员，制药工程技术人员，销售代表,https://p.qianwen.com/major/tab?app=index&collegesTab=allColleges&webCompassApp=true&q=%E4%B8%AD%E8%8D%AF%E5%88%B6%E8%8D%AF%E4%B8%93%E4%B8%9A&entry=gaokao_channel&device=pc
中草药栽培与鉴定,100806T,医学,中药学类,四年,理学学士,178682,5300,西南地区,销售业务,医药,物理+化学,本专业培养面向药材种植基地、中药研究部门、药品监督管理部门、药品生产企业、医药贸易部门、教学、科研等单位、行业，具备中药学学科基础理论、基本知识和基本实验技能，及其相关的中医学、药学、农学等方面的知识和技能，从事中药材栽培，药材的品质鉴定，药用植物资源开发与保护以及中草药栽培基地的规划、建设及管理等方面工作的高级专门人才；学生将系统学习中药学、农学和生物学基本理论，深入进行药用植物种质资源的保存与鉴定、野生药用植物归圃与药用植物新品种选育、中草药栽培管理与病虫害防治、中草药采收与加工炮制、中药化学成分研究与质量评价等方面的理论学习与生产实践锻炼，培养具有从事中草药生产管理、技术推广、质量评价、成分提取、加工炮制以及经营管理和教学科研创新能力。,《中药学》、《药用植物学》、《植物生理生化》、《中草药资源学植物保护学》、《药用植物组织培养学》、《药用植物病虫防治学》、《中药化学》、《中药炮制学》、《中草药遗传育种学》、《中药贮藏与加工》。,药品生产/质量管理，药房管理/药剂师，药品研发，医药代表，医药代表，销售行政专员/助理，科研管理人员,https://p.qianwen.com/major/tab?app=index&collegesTab=allColleges&webCompassApp=true&q=%E4%B8%AD%E8%8D%89%E8%8D%AF%E6%A0%BD%E5%9F%B9%E4%B8%8E%E9%89%B4%E5%AE%9A%E4%B8%93%E4%B8%9A&entry=gaokao_channel&device=pc
中药资源与开发,100802,医学,中药学类,四年,理学学士,121990,5900,华东地区,销售业务,医药,物理+化学 / 物理+化学+生物,本专业培养适应现代社会发展需要、掌握中药资源与开发的基本理论和基本技能的高级专门人才。学生可受到中药资源与开发训练，尤其是掌握常规及珍稀中草药栽培、常规与基因工程育种以及细胞培养、组织培养等现代中药生产技术与现代生物技术提取中药成分、中药药效及保健作用等基本理论和实用技术，并获得一定的企业管理知识，具有良好科学素养及创新精神，能够胜任中药资源方面研发、教学和管理工作。,《中医药基础理论》、《药用植物学》、《药用动物学》、《植物生理和生态学》、《生药学》、《药用植物栽培学》、《中药资源学》、《天然药物化学》、《中药分析化学》、《中药生物技术》。,事业单位人员，药房管理/药剂师，药品生产/质量管理，销售代表，公务员(中央国家机关)，药品研发，公务员(地市级机关)，公务员(区县级及以下机关)，医药代表，考研，公务员(省级机关),https://p.qianwen.com/major/tab?app=index&collegesTab=allColleges&webCompassApp=true&q=%E4%B8%AD%E8%8D%AF%E8%B5%84%E6%BA%90%E4%B8%8E%E5%BC%80%E5%8F%91%E4%B8%93%E4%B8%9A&entry=gaokao_channel&device=pc
蒙药学,100804T,医学,中药学类,四年,理学学士,80066,6000,,,,物理+化学+生物,本专业培养具备蒙药学基础理论、基本知识、基本技能以及与其相关的蒙医学、药学等方面的知识和能力及人文知识，能在蒙药生产、检验、流通；使用和研究与开发领域从事蒙药鉴定、设计、制剂、栽培及临床合理用药等方面工作的科学专门人才；学生应掌握蒙医学与蒙药学的基本理论、基本知识和基本技能，掌握蒙药制剂的制备原理、方法、生产工艺、质量控制方法和应用，能够充实蒙药剂型的研究开发，充实蒙药制剂的生产及质理管理，从事制剂工艺技术的设计以及承担蒙药调剂和临床应用指导等工作。,《蒙医学基础》、《蒙药学》、《蒙医方剂学》、《药用植物学》、《蒙药鉴定学》、《蒙药资源学》、《蒙药化学》、《蒙药药理学》、《蒙药炮制学》、《蒙药药剂学》。,药房管理/药剂师，药品生产/质量管理，医疗管理人员，商务专员/助理,https://p.qianwen.com/major/tab?app=index&collegesTab=allColleges&webCompassApp=true&q=%E8%92%99%E8%8D%AF%E5%AD%A6%E4%B8%93%E4%B8%9A&entry=gaokao_channel&device=pc
藏药学,100803T,医学,中药学类,四-五年,理学学士,71261,4200,,,,物理+化学 / 物理+化学+生物,本专业培养具有藏医药学和现代药学基本理论、基本知识和基本技能，能从事藏药生产经营管理、藏药质量分析鉴定、藏药资源可持续利用、新药和保健品开发等工作的藏药学专门人才；学生要求掌握基础医学和藏药学基础理论、基本知识及基本技能；全面掌握藏药基本知识、藏药材辨认及配制技能；掌握一定的现代药学基础知识，能够结合现代科学知识来分析药理及药物性能；对常见病和多发病的药方，能够独立配药的基本技能；基本掌握常见病及多发病的诊疗技能；了解并掌握GMP有关内容；掌握藏医天文星算的基础知识；具有一定的科学研究和实际工作能力；具有良好的医风医德和人际沟通能力。,《藏医概论学》、《藏医人体学》、《藏药学》、《藏药植物学》、《藏药动物学》、《藏药矿物学》、《藏医药物学》、《藏医常用配方学》、《藏药冶炼学》、《藏药炮制学》。,药品生产/质量管理，医药学术推广，初中教师，化验/检验科医师,https://p.qianwen.com/major/tab?app=index&collegesTab=allColleges&webCompassApp=true&q=%E8%97%8F%E8%8D%AF%E5%AD%A6%E4%B8%93%E4%B8%9A&entry=gaokao_channel&device=pc
法医学,100901K,医学,法医学类,五年,医学学士,922740,6800,上海市,核保/理赔,保险,物理+化学+生物 / 物理+化学,法医学是以医学为基础的自然学科，也是医学与法学交叉的边缘学科，在法制实践中，法医学为医疗纠纷、刑事侦查、司法审判以及灾害事故鉴定提供科学依据。本专业培养具有扎实的生物医学、临床医学、法医学及相关自然科学和社会科学知识，掌握法医学的基本理论和鉴定技能，具有较强的人际交往沟通能力，良好的职业道德和人文素养，具有创新精神，能够致力于法医学事业的复合型人才。,《医学生物学》、《卫生法学》、《解剖学》、《组织学与胚胎学》、《医学微生物学》、《医学细胞生物学》、《医学遗传学》、《生物化学与分子生物学》、《生理学》、《医学免疫学》。,法医，公务员(中央国家机关)，公务员(省级机关)，公务员(地市级机关)，外科医生，警察，司法鉴定人员，事业单位人员，公务员(区县级及以下机关),https://p.qianwen.com/major/tab?app=index&collegesTab=allColleges&webCompassApp=true&q=%E6%B3%95%E5%8C%BB%E5%AD%A6%E4%B8%93%E4%B8%9A&entry=gaokao_channel&device=pc
中西医临床医学,100601K,医学,中西医结合类,五年,医学学士,753066,6400,北京市,医生,医疗保健,物理+化学 / 物理+生物 / 物理+化学+生物,本专业培养具备中西医学基础理论、中西医学专业知识和临床专业实践技能，具有良好的职业道德和人文素养，能够熟练、准确运用中西医两套理论，对常见病、多发病进行中西医临床诊疗，熟悉国家卫生工作的方针、政策和法规，能够在各级医院从事中西医临床医疗工作，具有一定科研能力的实用型中西医临床医学人才。,《病理解剖学》、《方剂学》、《医学影像学》、《医古文》、《人体机能学》、《温病学》、《中西医结合内科学》、《中西医结合骨伤学》、《中西医结合外科学》、《中西医结合皮肤与性病》 部分高校按以下专业方向培养：中医学、全科医生。,内科医生，中医科医生，考研，事业单位人员，外科医生,https://p.qianwen.com/major/tab?app=index&collegesTab=allColleges&webCompassApp=true&q=%E4%B8%AD%E8%A5%BF%E5%8C%BB%E4%B8%B4%E5%BA%8A%E5%8C%BB%E5%AD%A6%E4%B8%93%E4%B8%9A&entry=gaokao_channel&device=pc
英语,050201,文学,外国语言文学类,四-五年,文学学士,4374801,,上海市,贸易,教育培训,,本专业旨在培养具有较扎实的英语语言知识基础、较强的英语运用能力和广泛的人文、科技、经贸等专业基础知识，毕业后能从事翻译、教学、商贸、管理、国际文化与科技交流领域工作的高级英语人才。 英语专业学生主要学习英语语言、文学，英美等英语国家历史、政治、经济、外交、社会文化等方面基本理论和基本知识，受到英语听、说、读、写、译等方面的良好的技巧训练，掌握一定的科研方法，具有从事翻译、研究、教学、管理工作的业务水平及较好的素质与能力。,综合英语、英语视听说、英语口语、英语阅读、英语写作、英语语法、英语演讲、英语辩论、英汉/汉英笔译、英汉/汉英口译、语言导论、英语文学导论、跨文化交际、西方文明史、 学术写作与研究方法等,事业单位人员，初中教师，高中教师，公务员(中央国家机关)，公务员(省级机关)，外贸/贸易专员/助理，公务员(区县级及以下机关)，小学教师，英语翻译，大学教师，公务员(地市级机关),https://p.qianwen.com/major/tab?app=index&collegesTab=allColleges&webCompassApp=true&q=%E8%8B%B1%E8%AF%AD%E4%B8%93%E4%B8%9A&entry=gaokao_channel&device=pc
日语,050207,文学,外国语言文学类,四年,文学学士,1010715,,上海市,翻译,教育培训,,本专业学生主要学习相应语语言、文学、历史、政治、经济、外交、社会文化等方面的基本理论和基本知识，受到相应语听、说、读、写、译等方面的良好的熟巧训练，掌握一定的科研方法，具有从事翻译、研究、教学、管理工作的业务水平及较好的素质和较强的能力。,基础日语、高级日语、视听说、口语、翻译理论与实践、写作、语言理论、日本文学史、日本文学选读、日本概况(文化)。,日语翻译，事业单位人员，公务员(中央国家机关)，公务员(省级机关)，公务员(地市级机关)，考研，助理/秘书/文员，行政专员/助理，大学教师，外贸/贸易专员/助理，公务员(区县级及以下机关),https://p.qianwen.com/major/tab?app=index&collegesTab=allColleges&webCompassApp=true&q=%E6%97%A5%E8%AF%AD%E4%B8%93%E4%B8%9A&entry=gaokao_channel&device=pc
世界语,050241,文学,外国语言文学类,四年,文学学士,793840,8600,华东地区,,,不限,世界语主要研究世界语语言、语法、口语以及世界语相关的文化与历史等方面的基本理论和知识，接受世界语听、说、读、写、译等方面的技能训练，进行世界语的翻译、教学与研究等。世界语是由人类创立的一种语言，旨在消除国际交往中的语言障碍，是目前国际上使用最为广泛的国际辅助语，遍布全球150多个国家和地区，但其实际应用范围相当局限。 关键词：世界语 国际辅助语 人造语言。,《基础世界语》、《高级世界语》、《世界语阅读》、《世界语语法》、《世界语听力》、《世界语口语》、《世界语写作》、《翻译理论与实践》、《世界语报刊导读》、《世界语文学史》。,外事、外贸类企事业：世界语翻译。,https://p.qianwen.com/major/tab?app=index&collegesTab=allColleges&webCompassApp=true&q=%E4%B8%96%E7%95%8C%E8%AF%AD%E4%B8%93%E4%B8%9A&entry=gaokao_channel&device=pc
商务英语,050262,文学,外国语言文学类,四年,文学学士,788119,6500,广州市,贸易,贸易,历史 / 地理,本专业旨在培养具有扎实的英语基本功、宽阔的国际视野、专门的国际商务知识与技能，掌握国际经济、管理和法律基础理论知识和技能，具备较强的跨文化交际能力与较高的人文素养，能适应经济全球化，在国际环境中熟练使用英语从事商务、经贸、管理、金融、外事等工作的应用型商务英语专业人才。,《基础英语》、《高级英语》、《商务英语阅读》、《商务英语写作》、《商务英语口语》、《商务英语听力》、《商务英语翻译》、《口译与听力》、《西方经济学》、《国际商务》 部分高校按以下专业方向培养：国际航空、国际经贸、航空服务、涉外酒店、民航服务英语。,公务员(中央国家机关)，公务员(省级机关)，公务员(地市级机关)，公务员(区县级及以下机关)，银行会计/柜员，公司业务，助理/秘书/文员，培训师/讲师，初中教师，事业单位人员，外贸/贸易专员/助理,https://p.qianwen.com/major/tab?app=index&collegesTab=allColleges&webCompassApp=true&q=%E5%95%86%E5%8A%A1%E8%8B%B1%E8%AF%AD%E4%B8%93%E4%B8%9A&entry=gaokao_channel&device=pc
法语,050204,文学,外国语言文学类,四年,文学学士,693179,8700,上海市,翻译,房地产,思政,本专业培养学生系统掌握法语的词汇、语法、口笔头理解与表达等基础知识；培养学生全面了解法国的历史、文化，熟悉当代法国在社会、教育、经济、外贸、文化、艺术、科技等方面的现状；要求学生备法语听、说、读、写、译五种实际应用能力、中法跨文化交际工作能力，具备扎实的人文素养和开阔的当代国际视野；能熟练地运用法语，在外事、经贸、文化、新闻出版、教育、科研、旅游等部门从事翻译、研究、教学、咨询、管理等工作。,《法语语言理论》、《基础法语》、《高级法语》、《法语阅读》、《法语视听说》、《法语口译》、《法语写作》、《翻译理论与实践》、《法国文学》、《法国社会文化》 部分高校按以下专业方向培养：经贸、商务法语。,法语翻译，事业单位人员，公务员(中央国家机关)，公务员(省级机关)，公务员(地市级机关)，销售代表，大学教师，外贸/贸易专员/助理，项目专员/助理，行政专员/助理，公务员(区县级及以下机关),https://p.qianwen.com/major/tab?app=index&collegesTab=allColleges&webCompassApp=true&q=%E6%B3%95%E8%AF%AD%E4%B8%93%E4%B8%9A&entry=gaokao_channel&device=pc
翻译,050261,文学,外国语言文学类,四年,文学学士,600461,,广州市,翻译,教育培训,,本专业旨在培养国家与社会急需的专业口、笔译人才。要求学生具备良好的英汉双语表达、沟通与转换能力，拥有一定的口、笔译实践经验，具有成为职业翻译工作者的从业实力、心理素质和职业道德素养，熟悉英语国家与中国的历史文化和文学传统，了解政治、经济、科技、法律、教育、金融商贸等主要社会生活领域，能够胜任全球化背景下的国际交流。该专业毕业生可在政府或企事业单位的外事部门、中国驻外机构、对外或涉外出版社、传媒单位的海外部、涉外企业以及跨国公司从事口笔译工作，也可以成为提供专业口笔译服务的自由职业者。,英汉翻译技巧、汉英翻译技巧、文学翻译、商务笔译、新闻翻译、视听译、随同口译、政务口译、商务口译、同声传译入门等,英语翻译，公务员(中央国家机关)，公务员(省级机关)，公务员(地市级机关)，公务员(区县级及以下机关)，高中教师，事业单位人员，考研，培训师/讲师，培训/招生/课程顾问，初中教师,https://p.qianwen.com/major/tab?app=index&collegesTab=allColleges&webCompassApp=true&q=%E7%BF%BB%E8%AF%91%E4%B8%93%E4%B8%9A&entry=gaokao_channel&device=pc
俄语,050202,文学,外国语言文学类,四年,文学学士,508501,6300,东北地区,翻译,贸易,历史,本专业学生主要学习俄罗斯语言、文学、历史、政治、经济、社会文化等方面的基本知识，受到俄语听、说、读、写、译等方面的语言基本技能训练；要求学生掌握扎实的俄语语言基础知识和语言基本技能，熟练俄语语言运用能力，并能通过教育理论课程和教育实习环节形成良好的教师素养，获得从事俄语教学和俄语教育研究的基本能力，以及胜任各种口笔语交际和翻译工作。,《俄语语言理论》、《俄语基础》、《俄语语法》、《俄语阅读》、《俄语口语》、《俄语写作》、《翻译理论与实践》、《俄罗斯文学史》、《俄罗斯文学作品选读》、《俄罗斯社会文化》 部分高校按以下专业方向培养：俄英双语、国际贸易、商务俄语、经贸和旅游。,俄语翻译，公务员(中央国家机关)，公务员(省级机关)，公务员(地市级机关)，公务员(区县级及以下机关)，考研，外贸/贸易专员/助理，销售代表，教学/教务管理人员，大学教师，事业单位人员,https://p.qianwen.com/major/tab?app=index&collegesTab=allColleges&webCompassApp=true&q=%E4%BF%84%E8%AF%AD%E4%B8%93%E4%B8%9A&entry=gaokao_channel&device=pc
西班牙语,050205,文学,外国语言文学类,四年,文学学士,456549,10000,北京市,翻译,贸易,历史,本专业培养具有西班牙语听、说、读、写、译扎实的基本技能和功底，且具有广博的文化知识和良好的文化沟通能力，综合素质较高的高级专业人才。强调语言基本技能和语言交流能力，将西班牙语专业知识与实践相结合，着重培养学生的交流技能和翻译能力。,《基础西班牙语》、《高级西班牙语》、《西班牙语视听说》、《西班牙语语法》、《西班牙语语音》、《西班牙语泛读》、《西班牙语精读》、《西班牙语写作》、《西班牙文学史》、《拉美文学史》 部分高校按以下专业方向培养：经贸、商务。,西班牙语翻译，事业单位人员，外贸/贸易专员/助理，大学教师，公务员(中央国家机关)，公务员(省级机关)，公务员(区县级及以下机关)，公务员(地市级机关)，考研，销售代表，市场专员/助理,https://p.qianwen.com/major/tab?app=index&collegesTab=allColleges&webCompassApp=true&q=%E8%A5%BF%E7%8F%AD%E7%89%99%E8%AF%AD%E4%B8%93%E4%B8%9A&entry=gaokao_channel&device=pc
拉脱维亚语,050252,文学,外国语言文学类,四年,文学学士,440747,8400,,,,不限,拉脱维亚语主要研究拉脱维亚语语言、语法、口语以及拉脱维亚的文化与历史等方面的基本理论和知识，接受拉脱维亚语听、说、读、写、译等方面的技能训练，进行拉脱维亚语的翻译、教学与研究等。拉脱维亚语又称莱提什语，是拉脱维亚的官方语言，属印欧语系波罗语族，是该语族仅存的两种语言之一，主要分布于拉脱维亚及其附近地区和美国部分地区。 关键词：翻译 印欧语系 拉脱维亚。,《基础拉脱维亚语》、《高级拉脱维亚语》、《拉脱维亚语泛读》、《拉脱维亚语语法》、《拉脱维亚语视听说》、《拉脱维亚语会话》、《拉脱维亚语写作》、《翻译理论与实践》、《拉脱维亚语报刊选读》、《拉脱维亚文学史》。,外事、外贸类企事业：拉脱维亚语翻译、国际商贸。,https://p.qianwen.com/major/tab?app=index&collegesTab=allColleges&webCompassApp=true&q=%E6%8B%89%E8%84%B1%E7%BB%B4%E4%BA%9A%E8%AF%AD%E4%B8%93%E4%B8%9A&entry=gaokao_channel&device=pc
斯洛伐克语,050230,文学,外国语言文学类,四年,文学学士,440650,8200,华东地区,,,不限,斯洛伐克语主要研究斯洛伐克语语言、语法、口语以及斯洛伐克等斯洛伐克语国家和地区的文化与历史等方面的基本理论和知识，接受斯洛伐克语听、说、读、写、译等方面的技能训练，进行斯洛伐克语的翻译、教学与研究等。斯洛伐克语同波兰语、捷克语以及索布语相近，特别是跟捷克语的使用者可以无障碍交流，主要分布于中欧国家斯洛伐克及其周边国家及地区。 关键词： 中欧 斯洛伐克。,《基础斯洛伐克语》、《高级斯洛伐克语》、《斯洛伐克语阅读》、《斯洛伐克语听力》、《斯洛伐克语语法》、《斯洛伐克语口语》、《斯洛伐克语写作》、《翻译理论与实践》、《斯洛伐克语文学》、《斯洛伐克概况》。,外事、外贸类企事业：斯洛伐克语翻译、国际商贸。,https://p.qianwen.com/major/tab?app=index&collegesTab=allColleges&webCompassApp=true&q=%E6%96%AF%E6%B4%9B%E4%BC%90%E5%85%8B%E8%AF%AD%E4%B8%93%E4%B8%9A&entry=gaokao_channel&device=pc
立陶宛语,050253,文学,外国语言文学类,四年,文学学士,420914,8500,华东地区,,,不限,立陶宛语主要研究立陶宛语语言、语法、口语以及立陶宛的文化与历史等方面的基本理论和知识，接受立陶宛语听、说、读、写、译等方面的技能训练，进行立陶宛语的翻译、教学与研究等。立陶宛语是立陶宛的官方语言，属印欧语系波罗语族，是该语族仅存的两种语言之一，主要分布于立陶宛以及美国、巴西、中欧和西欧的部分地区。 关键词：立陶宛语 立陶宛语字母 印欧语系 立陶宛。,《基础立陶宛语》、《高级立陶宛语》、《立陶宛语泛读》、《立陶宛语语法》、《立陶宛语视听说》、《立陶宛语会话》、《立陶宛语写作》、《翻译理论与实践》、《立陶宛语报刊选读》、《立陶宛文学史》。,外事、外贸类企事业：立陶宛语翻译、国际商贸。,https://p.qianwen.com/major/tab?app=index&collegesTab=allColleges&webCompassApp=true&q=%E7%AB%8B%E9%99%B6%E5%AE%9B%E8%AF%AD%E4%B8%93%E4%B8%9A&entry=gaokao_channel&device=pc
希伯来语,050222,文学,外国语言文学类,四年,文学学士,410338,8800,华东地区,,,不限,希伯来语主要研究希伯来语语言、语法、口语以及《圣经》等希伯来语宗教法典和文献等方面的基本理论和知识，接受希伯来语听、说、读、写、译等方面的技能训练，进行希伯来语的翻译、教学与研究等。希伯来语是犹太人的民族语言，是世界上最古老的语言之一，现今主要保留在基督教《圣经》、《死海古卷》和大量犹太教法典及文献之中。 关键词：希伯来语 迦南地 犹太教 圣经。,《基础希伯来语》、《高级希伯来语》、《希伯来语语法》、《希伯来语视听说》、《希伯来语口语》、《希伯来语阅读》、《希伯来语写作》、《翻译理论与实践》、《希伯来语报刊选读》、《希伯来〈圣经〉导读》。,外事、外贸类企事业：希伯来语翻译、国际商贸； 科研、考古单位：犹太教研究、中东文明研究。,https://p.qianwen.com/major/tab?app=index&collegesTab=allColleges&webCompassApp=true&q=%E5%B8%8C%E4%BC%AF%E6%9D%A5%E8%AF%AD%E4%B8%93%E4%B8%9A&entry=gaokao_channel&device=pc
希腊语,050236,文学,外国语言文学类,四年,文学学士,404157,8900,上海市,,,不限,希腊语主要研究希腊语语言、语法、口语以及希腊等希腊语国家的文化与历史等方面的基本理论和知识，接受希腊语听、说、读、写、译等方面的技能训练，进行希腊语的翻译、教学与研究等。希腊语是希腊和塞浦路斯的官方语言，也是欧盟的官方语言之一，常见于希腊、阿尔巴尼亚、塞浦路斯等国家与土耳其一带的某些地区。 关键词： 希腊字母 希腊 塞浦路斯。,《基础希腊语》、《高级希腊语》、《希腊语阅读》、《希腊语视听说》、《希腊语系统语法》、《希腊语会话》、《希腊语写作》、《翻译理论与实践》、《希腊现代文学史》、《希腊概况》。,外事、外贸类企事业：希腊语翻译、国际商贸。,https://p.qianwen.com/major/tab?app=index&collegesTab=allColleges&webCompassApp=true&q=%E5%B8%8C%E8%85%8A%E8%AF%AD%E4%B8%93%E4%B8%9A&entry=gaokao_channel&device=pc
僧伽罗语,050219,文学,外国语言文学类,四年,文学学士,395296,8900,华东地区,,,不限,僧伽罗语主要研究僧伽罗语语言、语法、口语以及斯里兰卡等僧伽罗语国家的文化与历史等方面的基本理论和知识，接受僧伽罗语听、说、读、写、译等方面的技能训练，进行僧伽罗语的翻译、教学与研究等。僧伽罗语和印度北部诸语言相近，是斯里兰卡主体民族僧伽罗族的语言，也是斯里兰卡的主要官方语言。 关键词： 斯里兰卡 僧伽罗族。,《基础僧伽罗语》、《僧伽罗语听力》、《僧伽罗语语法》、《僧伽罗语口语》、《僧伽罗语阅读》、《僧伽罗语写作》、《翻译理论与实践》、《僧伽罗语报刊选读》、《斯里兰卡国家概况》、《斯里兰卡文学史》。,外事、外贸类企事业：僧伽罗语翻译、国际商贸。,https://p.qianwen.com/major/tab?app=index&collegesTab=allColleges&webCompassApp=true&q=%E5%83%A7%E4%BC%BD%E7%BD%97%E8%AF%AD%E4%B8%93%E4%B8%9A&entry=gaokao_channel&device=pc
德语,050203,文学,外国语言文学类,四年,文学学士,386204,6400,上海市,翻译,教育培训,历史,本专业培养具有扎实的德语语言基础，对德语国家的文化、历史、文学和政治、经济现状有较全面的了解，具有较好的听、说、读、写、译的技能，了解科技德语的主要特点，掌握科技德语的阅读、写作和翻译技巧，能从事外语教学、国际交流和一般性科研工作的德语高级专门人才。,《德语语言理论》、《基础德语》、《高级德语》、《德语语法》、《德语视听》、《德语口语》、《德语写作》、《翻译理论与实践》、《德国文学史》、《德国社会文化》 部分高校按以下专业方向培养：经贸、商务、企业管理、经济德语大数据管理。,公务员(中央国家机关)，公务员(省级机关)，公务员(地市级机关)，公务员(区县级及以下机关)，事业单位人员，人力资源专员/助理，大学教师，培训师/讲师，德语翻译，外贸/贸易专员/助理，助理/秘书/文员,https://p.qianwen.com/major/tab?app=index&collegesTab=allColleges&webCompassApp=true&q=%E5%BE%B7%E8%AF%AD%E4%B8%93%E4%B8%9A&entry=gaokao_channel&device=pc
祖鲁语,050259,文学,外国语言文学类,四年,文学学士,355710,8600,华东地区,,,不限,祖鲁语主要研究祖鲁语语言、语法、口语以及祖鲁族的文化与历史等方面的基本理论和知识，接受祖鲁语听、说、读、写、译等方面的技能训练，进行祖鲁语的翻译、教学与研究等。祖鲁语是南非第一大民族祖鲁族的语言，是非洲最为流行的语言之一，也是南非最大的语言，主要分布于南非的祖鲁兰和纳塔尔。 关键词：祖鲁语 祖鲁语字母 南非 祖鲁族。,《基础祖鲁语》、《高级祖鲁语》、《祖鲁语泛读》、《祖鲁语语法》、《祖鲁语视听》、《祖鲁语口语》、《祖鲁语写作》、《翻译理论与实践》、《祖鲁语报刊选读》、《祖鲁族概况》。,外事、外贸类企事业：祖鲁语翻译、国际商贸。,https://p.qianwen.com/major/tab?app=index&collegesTab=allColleges&webCompassApp=true&q=%E7%A5%96%E9%B2%81%E8%AF%AD%E4%B8%93%E4%B8%9A&entry=gaokao_channel&device=pc
马耳他语,050256,文学,外国语言文学类,四年,文学学士,355574,8100,华东地区,,,不限,马耳他语主要研究马耳他语语言、语法、口语以及马耳他的文化与历史等方面的基本理论和知识，接受马耳他语听、说、读、写、译等方面的技能训练，进行马耳他语的翻译、教学与研究等。马耳他语是马耳他的官方语言之一，起源于古代迦太基语，受阿拉伯语影响而形成，主要分布于马耳他，在澳大利亚和北美诸国也有一定的使用者。 关键词：马耳他语 马耳他语字母 马耳他 岛国。,《基础马耳他语》、《高级马耳他语》、《马耳他语泛读》、《马耳他语语法》、《马耳他语视听说》、《马耳他语会话》、《马耳他语写作》、《翻译理论与实践》、《马耳他语报刊选读》、《马耳他文学史》。,外事、外贸类企事业：马耳他语翻译、国际商贸。,https://p.qianwen.com/major/tab?app=index&collegesTab=allColleges&webCompassApp=true&q=%E9%A9%AC%E8%80%B3%E4%BB%96%E8%AF%AD%E4%B8%93%E4%B8%9A&entry=gaokao_channel&device=pc
爱尔兰语,050251,文学,外国语言文学类,四年,文学学士,350572,8800,华东地区,,,不限,爱尔兰语主要研究爱尔兰语语言、语法、口语以及爱尔兰的文化与历史等方面的基本理论和知识，接受爱尔兰语听、说、读、写、译等方面的技能训练，进行爱尔兰语的翻译、教学与研究等。爱尔兰语是爱尔兰的第一官方语言，属于印欧语系凯尔特语族，与布列塔尼语、威尔士语以及苏格兰盖尔语有相当密切的关系，主要分布于爱尔兰。 关键词：翻译 印欧语系 爱尔兰。,《基础爱尔兰语》、《高级爱尔兰语》、《爱尔兰语泛读》、《爱尔兰语语法》、《爱尔兰语视听说》、《爱尔兰语会话》、《爱尔兰语写作》、《翻译理论与实践》、《爱尔兰语报刊选读》、《爱尔兰文学史》。,外事、外贸类企事业：爱尔兰语翻译、国际商贸。,https://p.qianwen.com/major/tab?app=index&collegesTab=allColleges&webCompassApp=true&q=%E7%88%B1%E5%B0%94%E5%85%B0%E8%AF%AD%E4%B8%93%E4%B8%9A&entry=gaokao_channel&device=pc
爱沙尼亚语,050255,文学,外国语言文学类,四年,文学学士,349553,8600,华东地区,,,不限,爱沙尼亚语主要研究爱沙尼亚语语言、语法、口语以及爱沙尼亚的文化与历史等方面的基本理论和知识，接受爱沙尼亚语听、说、读、写、译等方面的技能训练，进行爱沙尼亚语的翻译、教学与研究等。爱沙尼亚语是爱沙尼亚的官方语言，是欧盟的官方语言之一，主要分布于爱沙尼亚，在列宁格勒、普斯科夫、鄂木斯克等州以及拉脱维亚等地也有使用者。 关键词：爱沙尼亚语 爱沙尼亚语字母 欧盟 爱沙尼亚。,《基础爱沙尼亚语》、《高级爱沙尼亚语》、《爱沙尼亚语泛读》、《爱沙尼亚语语法》、《爱沙尼亚语视听说》、《爱沙尼亚语会话》、《爱沙尼亚语写作》、《翻译理论与实践》、《爱沙尼亚语报刊选读》、《爱沙尼亚文学史》。,外事、外贸类企事业：爱沙尼亚语翻译、国际商贸。,https://p.qianwen.com/major/tab?app=index&collegesTab=allColleges&webCompassApp=true&q=%E7%88%B1%E6%B2%99%E5%B0%BC%E4%BA%9A%E8%AF%AD%E4%B8%93%E4%B8%9A&entry=gaokao_channel&device=pc
哈萨克语,050257,文学,外国语言文学类,四年,文学学士,348522,8600,华东地区,,,不限,哈萨克语主要研究哈萨克语语言、语法、口语以及哈萨克斯坦的文化与历史等方面的基本理论和知识，接受哈萨克语听、说、读、写、译等方面的技能训练，进行哈萨克语的翻译、教学与研究等。哈萨克语是哈萨克斯坦的官方语言之一，也是全球哈萨克人所使用的语言，属阿尔泰语系突厥语族，主要分布于哈萨克斯坦，其次分布于中国、乌兹别克斯坦、俄罗斯、蒙古等国家。 关键词：哈萨克语 哈萨克语字母 哈萨克斯坦 哈萨克族。,《基础哈萨克语》、《高级哈萨克语》、《哈萨克语泛读》、《哈萨克语语法》、《哈萨克语视听说》、《哈萨克语会话》、《哈萨克语写作》、《翻译理论与实践》、《哈萨克语报刊选读》、《哈萨克斯坦文学史》。,外事、外贸类企事业：哈萨克语翻译、国际商贸。,https://p.qianwen.com/major/tab?app=index&collegesTab=allColleges&webCompassApp=true&q=%E5%93%88%E8%90%A8%E5%85%8B%E8%AF%AD%E4%B8%93%E4%B8%9A&entry=gaokao_channel&device=pc
拉丁语,050260,文学,外国语言文学类,四年,文学学士,340868,8700,华东地区,,,不限,拉丁语主要研究拉丁语语言、语法、口语以及拉丁语的历史等方面的基本理论和知识，接受拉丁语听、说、读、写、译等方面的技能训练，进行拉丁语的翻译、教学与研究等。拉丁语属印欧语系意大利语族，起源拉丁姆地区后为罗马帝国使用，罗马天主教也曾以此为公用语，现今只有梵蒂冈尚在使用，是一种日常口语基本已经消亡的西方古典语言。 关键词：拉丁语 拉丁字母 罗马 梵蒂冈。,《基础拉丁语》、《高级拉丁语》、《拉丁语泛读》、《拉丁语精读》、《拉丁语语法》、《拉丁语视听》、《拉丁语写作》、《翻译理论与实践》、《拉丁语文献选读》、《拉丁语历史》。,外事类企事业：拉丁语翻译； 科研类单位：拉丁语文献研究，宗教历史研究。,https://p.qianwen.com/major/tab?app=index&collegesTab=allColleges&webCompassApp=true&q=%E6%8B%89%E4%B8%81%E8%AF%AD%E4%B8%93%E4%B8%9A&entry=gaokao_channel&device=pc
斯洛文尼亚语,050254,文学,外国语言文学类,四年,文学学士,331526,8100,华东地区,,,不限,斯洛文尼亚语主要研究斯洛文尼亚语语言、语法、口语以及斯洛文尼亚的文化与历史等方面的基本理论和知识，接受斯洛文尼亚语听、说、读、写、译等方面的技能训练，进行斯洛文尼亚语的翻译、教学与研究等。斯洛文尼亚语是斯洛文尼亚的官方语言，属印欧语系斯拉夫语族，主要分布于斯洛文尼亚以及匈牙利、奥地利和意大利等国家与斯洛文尼亚接壤的地区。 关键词：斯洛文尼亚语 斯洛文尼亚语字母 印欧语系 斯洛文尼亚。,《基础斯洛文尼亚语》、《高级斯洛文尼亚语》、《斯洛文尼亚语泛读》、《斯洛文尼亚语语法》、《斯洛文尼亚语视听说》、《斯洛文尼亚语会话》、《斯洛文尼亚语写作》、《翻译理论与实践》、《斯洛文尼亚语报刊选读》、《斯洛文尼亚文学史》。,外事、外贸类企事业：斯洛文尼亚语翻译、国际商贸。,https://p.qianwen.com/major/tab?app=index&collegesTab=allColleges&webCompassApp=true&q=%E6%96%AF%E6%B4%9B%E6%96%87%E5%B0%BC%E4%BA%9A%E8%AF%AD%E4%B8%93%E4%B8%9A&entry=gaokao_channel&device=pc
乌兹别克语,050258,文学,外国语言文学类,四年,文学学士,327583,8400,华东地区,,,不限,乌兹别克语主要研究乌兹别克语语言、语法、口语以及乌兹别克斯坦的文化与历史等方面的基本理论和知识，接受乌兹别克语听、说、读、写、译等方面的技能训练，进行乌兹别克语的翻译、教学与研究等。乌兹别克语是乌兹别克斯坦的官方语言，属阿尔泰语系突厥语族，与维吾尔语和哈萨克语等突厥语言比较接近，主要分布于乌兹别克斯坦、哈萨克斯坦、吉尔吉斯斯坦等地。 关键词：乌兹别克语 乌兹别克语拉丁字母 乌兹别克斯坦 乌兹别克族。,《基础乌兹别克语》、《高级乌兹别克语》、《乌兹别克语泛读》、《乌兹别克语语法》、《乌兹别克语视听说》、《乌兹别克语会话》、《乌兹别克语写作》、《翻译理论与实践》、《乌兹别克语报刊选读》、《乌兹别克文学史》。,外事、外贸类企事业：乌兹别克语翻译、国际商贸。,https://p.qianwen.com/major/tab?app=index&collegesTab=allColleges&webCompassApp=true&q=%E4%B9%8C%E5%85%B9%E5%88%AB%E5%85%8B%E8%AF%AD%E4%B8%93%E4%B8%9A&entry=gaokao_channel&device=pc
朝鲜语,050209,文学,外国语言文学类,四年,文学学士,233949,5700,华东地区,翻译,教育培训,历史,本专业以培养学生听、说、读、写、译为基本出发点，训练、提高学生的语言运用能力；培养具有全面扎实的韩国语基础知识和运用能力，能在外事、经贸、文化、新闻出版、教育、科研、旅游、管理等部门工作的韩国语专门人才。,《基础朝鲜语》、《高级朝鲜语》、《朝鲜语阅读》、《朝鲜语听力》、《朝鲜语语法》、《朝鲜语会话》、《朝鲜语写作》、《朝汉互译》、《朝鲜文学作品选读》、《朝鲜文学史》 部分高校按以下专业方向培养：经贸、经贸翻译、中韩经贸。,公务员(中央国家机关)，公务员(省级机关)，公务员(地市级机关)，公务员(区县级及以下机关)，韩语/朝鲜语翻译，考研，大学教师，银行会计/柜员，警察，助理/秘书/文员，事业单位人员,https://p.qianwen.com/major/tab?app=index&collegesTab=allColleges&webCompassApp=true&q=%E6%9C%9D%E9%B2%9C%E8%AF%AD%E4%B8%93%E4%B8%9A&entry=gaokao_channel&device=pc
阿拉伯语,050206,文学,外国语言文学类,四年,文学学士,225108,10900,北京市,翻译,房地产,不限,本专业培养具有扎实阿拉伯语语言基础、比较广泛的科学文化知识、一定社会、自然科学文化素养及相关专业基础知识，能在外事、经贸、新闻出版、教育、旅游、文化、科研等部门从事翻译、教学、管理和研究工作的复合型阿拉伯语高级人才。要求学生掌握阿拉伯语语言、文学、历史、政治、经济、外交、社会文化等方面的基本理论和知识，接受阿拉伯语听、说、读、写、译等方面的良好训练，具备 较强的阿拉伯语和汉语表达能力和从事中外跨文化交流所需要的专门知识技能，具有从事翻译、教学、管理和科研工作的专业素质和运用能力。,《基础阿拉伯语》、《高级阿拉伯语》、《阿拉伯语视听说》、《阿拉伯语语法》、《阿拉伯语口语》、《阿拉伯语泛读》、《阿拉伯语精读》、《阿拉伯语写作》、《阿拉伯国家社会与文化》、《翻译理论与实践》 部分高校按以下专业方向培养：经贸。,阿拉伯语翻译，公务员(中央国家机关)，公务员(省级机关)，公务员(地市级机关)，公务员(区县级及以下机关)，记者/采编，销售代表，大学教师，外贸/贸易专员/助理，行政专员/助理，警察,https://p.qianwen.com/major/tab?app=index&collegesTab=allColleges&webCompassApp=true&q=%E9%98%BF%E6%8B%89%E4%BC%AF%E8%AF%AD%E4%B8%93%E4%B8%9A&entry=gaokao_channel&device=pc
普什图语,050240,文学,外国语言文学类,四年,文学学士,217657,8400,华东地区,,,不限,普什图语主要研究普什图语语言、语法、口语以及阿富汗等普什图语国家和地区的文化与历史等方面的基本理论和知识，接受普什图语听、说、读、写、译等方面的技能训练，进行普什图语的翻译、教学与研究等。普什图语是阿富汗普什图人的语言，与波斯语同为阿富汗的官方语言，主要分布于阿富汗和巴基斯坦西北地区。 关键词：巴基斯坦 阿富汗 普什图人。,《基础普什图语》、《高级普什图语》、《普什图语阅读》、《普什图语语法》、《普什图语听力》、《普什图语口语》、《普什图语写作》、《翻译理论与实践》、《普什图语报刊导读》、《阿富汗社会与文化》。,外事、外贸类企事业：普什图语翻译、国际商贸。,https://p.qianwen.com/major/tab?app=index&collegesTab=allColleges&webCompassApp=true&q=%E6%99%AE%E4%BB%80%E5%9B%BE%E8%AF%AD%E4%B8%93%E4%B8%9A&entry=gaokao_channel&device=pc
冰岛语,050250,文学,外国语言文学类,四年,文学学士,166318,7900,华东地区,,,不限,冰岛语主要研究冰岛语语言、语法、口语以及冰岛的文化与历史等方面的基本理论和知识，接受冰岛语听、说、读、写、译等方面的技能训练，进行冰岛语的翻译、教学与研究等。冰岛语是冰岛的官方语言，属印欧语系日耳曼语族，主要分布于冰岛本土。 关键词：翻译 印欧语系 冰岛。,《基础冰岛语》、《高级冰岛语》、《冰岛语泛读》、《冰岛语语法》、《冰岛语视听说》、《冰岛语会话》、《冰岛语写作》、《翻译理论与实践》、《冰岛语报刊选读》、《冰岛文学史》。,外事、外贸类企事业：冰岛语翻译、国际商贸。,https://p.qianwen.com/major/tab?app=index&collegesTab=allColleges&webCompassApp=true&q=%E5%86%B0%E5%B2%9B%E8%AF%AD%E4%B8%93%E4%B8%9A&entry=gaokao_channel&device=pc
梵语巴利语,050211,文学,外国语言文学类,四年,文学学士,154722,8400,华东地区,,,不限,梵语巴利语主要研究梵语巴利语语言、语法、口语以及印度等梵语巴利语国家的文化与历史等方面的基本理论和知识，接受梵语巴利语听、说、读、写、译等方面的技能训练，进行梵语巴利语的翻译、教学与研究等。梵语巴利语，即梵语，是古代印度的标准书面语，是印度官方语言中使用人数最少的语言，严格意义上说，梵语已经成为语言学研究的活化石。 关键词：梵语巴利语 古印度 佛教。,《基础梵语巴利语》、《高级梵语巴利语》、《梵语巴利语阅读》、《梵语巴利语听力》、《梵语巴利语语法》、《梵语巴利语口语》、《梵语巴利语写作》、《翻译理论与实践》、《梵语文学作品选读》。,外事、外贸类企事业：梵语巴利语翻译、国际商贸。,https://p.qianwen.com/major/tab?app=index&collegesTab=allColleges&webCompassApp=true&q=%E6%A2%B5%E8%AF%AD%E5%B7%B4%E5%88%A9%E8%AF%AD%E4%B8%93%E4%B8%9A&entry=gaokao_channel&device=pc
意大利语,050238,文学,外国语言文学类,四年,文学学士,144743,7800,北京市,翻译,教育培训,不限,本专业学生主要学习意大利语语言、文学、历史、政治、经济、外交、社会文化等方面的基本理论和基本知识，受到意大利语听、说、读、写、译等方面良好的熟巧训练，掌握一定的科研方法，具有从事翻译、研究、教学、管理工作的业务水平及较好的素质和较强能力。,《意大利语泛读》、《意大利语精读》、《意大利语视听说》、《意大利语语法》、《意大利语听力》、《意大利语口语》、《意大利语写作》、《翻译理论与实践》、《意大利语报刊导读》、《意大利文学简史》 部分高校按以下专业方向培养：经贸。,意大利语翻译，公务员(中央国家机关)，公务员(省级机关)，公务员(地市级机关)，公务员(区县级及以下机关)，作家/编剧/撰稿人，外贸/贸易专员/助理，大学教师，警察，培训/招生/课程顾问，培训师/讲师,https://p.qianwen.com/major/tab?app=index&collegesTab=allColleges&webCompassApp=true&q=%E6%84%8F%E5%A4%A7%E5%88%A9%E8%AF%AD%E4%B8%93%E4%B8%9A&entry=gaokao_channel&device=pc
波斯语,050208,文学,外国语言文学类,四年,文学学士,138102,14800,北京市,翻译,贸易,不限,波斯语主要研究波斯语语言、语法、口语以及伊朗等波斯语国家的文化与历史等方面的基本理论和知识，接受波斯语听、说、读、写、译等方面的技能训练，进行波斯语的翻译、教学与研究等。波斯语是世界上的古老语言之一，是伊朗和塔吉克斯坦的官方语言，也是阿富汗斯坦境内两种主要语言之一，常见于伊朗、塔吉克斯坦、阿富汗斯坦以及中亚其他地区。 关键词：波斯语 翻译 伊朗 塔吉克斯坦。,《基础波斯语》、《高级波斯语》、《波斯语口语》、《波斯语视听说》、《波斯语写作》、《波斯语口译》、《翻译理论与实践》、《波斯语报刊选读》、《波斯文学作品选读》、《伊朗通史》。,外事、外贸类企事业：波斯语翻译、国际商贸。,https://p.qianwen.com/major/tab?app=index&collegesTab=allColleges&webCompassApp=true&q=%E6%B3%A2%E6%96%AF%E8%AF%AD%E4%B8%93%E4%B8%9A&entry=gaokao_channel&device=pc
桑戈语,050200T,文学,外国语言文学类,四年,文学学士,118534,,,,,,桑戈语是中非共和国的官方语言。它是有关班迪和法国克里奥尔语。桑戈语口语主要是在中非共和国、 乍得、 刚果民主人民共和国，由超过 500 万人使用。桑戈语专业培养能在外事、经贸、文化、新闻出版、教育、科研、旅游等部门从事翻译、研究、教学、管理工作的相应语言高级专门人才。,暂无简介。,在外事、外贸类企事业从事桑戈语翻译、国际商贸等工作。一般毕业生从事外事、经贸、文化、新闻出版、教育、科研、旅游等部门的管理工作和翻译工作。,https://p.qianwen.com/major/tab?app=index&collegesTab=allColleges&webCompassApp=true&q=%E6%A1%91%E6%88%88%E8%AF%AD%E4%B8%93%E4%B8%9A&entry=gaokao_channel&device=pc
荷兰语,050245,文学,外国语言文学类,四年,文学学士,107842,8500,北京市,编辑/记者,媒体,不限,荷兰语主要研究荷兰语语言、语法、口语以及荷兰等荷兰语国家的文化与历史等方面的基本理论和知识，接受荷兰语听、说、读、写、译等方面的技能训练，进行荷兰语的翻译、教学与研究等。荷兰语是荷兰的官方语言，也是比利时的官方语言之一，主要分布于荷兰、比利时、南非、苏里南、加勒比海荷属安的列斯群岛等地。 关键词：南非 荷兰 比利时。,《基础荷兰语》、《高级荷兰语》、《荷兰语泛读》、《荷兰语系统语法》、《荷兰语视听说》、《荷兰语会话》、《荷兰语写作》、《翻译理论与实践》、《荷兰语报刊导读》、《荷兰文学史》。,外事、外贸类企事业：荷兰语翻译、国际商贸。,https://p.qianwen.com/major/tab?app=index&collegesTab=allColleges&webCompassApp=true&q=%E8%8D%B7%E5%85%B0%E8%AF%AD%E4%B8%93%E4%B8%9A&entry=gaokao_channel&device=pc
瑞典语,050233,文学,外国语言文学类,四年,文学学士,106328,8200,华东地区,,,不限,瑞典语主要研究瑞典语语言、语法、口语以及瑞典等瑞典语国家的文化与历史等方面的基本理论和知识，接受瑞典语听、说、读、写、译等方面的技能训练，进行瑞典语的翻译、教学与研究等。瑞典语是欧盟的官方语言之一，与丹麦语和挪威语是相通语言，主要分布于瑞典和芬兰。 关键词：欧盟 瑞典 芬兰。,《基础瑞典语》、《高级瑞典语》、《瑞典语阅读》、《瑞典语视听说》、《瑞典语语法》、《瑞典语会话》、《瑞典语写作》、《翻译理论与实践》、《瑞典文学作品赏析》、《瑞典文化史》。,外事、外贸类企事业：瑞典语翻译、国际商贸。,https://p.qianwen.com/major/tab?app=index&collegesTab=allColleges&webCompassApp=true&q=%E7%91%9E%E5%85%B8%E8%AF%AD%E4%B8%93%E4%B8%9A&entry=gaokao_channel&device=pc
语言学,0502100T,文学,外国语言文学类,四年,文学学士,105942,,,,,物理,语言学是系统而科学地研究语言的本质、起源及运用的学科，学习现代语言学及心理、认知等学科的基础知识，培养具有完备现代语言学知识结构的语言学专门人才和跨学科学科视野的、国际化的复合型人才。例如：在人工智能企业、教育机构、文化传播机构等从事应用语言学工作。 关键词：语言 教育机构 文化传播。,《语言学》、《逻辑学》、《语音（音系）学》、《句法学》、《语义学》、《认知科学导论》、《心理语言学》、《认知语言学》等。,企事业单位：语言学相关教学与科研专门人才、语言培训机构教师、中小学教师、技术材料和书刊写作等。,https://p.qianwen.com/major/tab?app=index&collegesTab=allColleges&webCompassApp=true&q=%E8%AF%AD%E8%A8%80%E5%AD%A6%E4%B8%93%E4%B8%9A&entry=gaokao_channel&device=pc
挪威语,050248,文学,外国语言文学类,四年,文学学士,104466,7900,广州市,,,不限,挪威语主要研究挪威语语言、语法、口语以及挪威的文化与历史等方面的基本理论和知识，接受挪威语听、说、读、写、译等方面的技能训练，进行挪威语的翻译、教学与研究等。挪威语是挪威的官方语言，属于印欧语系日耳曼语族，与瑞典语和丹麦语十分相似，这三种语言基本可以互通。 关键词：翻译 印欧语系 挪威。,《基础挪威语》、《高级挪威语》、《挪威语泛读》、《挪威语语法》、《挪威语视听说》、《挪威语会话》、《挪威语写作》、《翻译理论与实践》、《挪威语报刊选读》、《挪威文学史》。,外事、外贸类企事业：挪威语翻译、国际商贸。,https://p.qianwen.com/major/tab?app=index&collegesTab=allColleges&webCompassApp=true&q=%E6%8C%AA%E5%A8%81%E8%AF%AD%E4%B8%93%E4%B8%9A&entry=gaokao_channel&device=pc
葡萄牙语,050232,文学,外国语言文学类,四年,文学学士,102255,16200,北京市,翻译,房地产,不限,本专业培养具有扎实的葡萄牙语语言基础和较强的语言实际应用能力的专业人才，学生通过四年的学习掌握较系统的葡萄牙语语言、文学和文化基础知识和基本原理， 能熟练使用葡萄牙语进行听、说、读、写、译的综合交际能力，能在外交、外贸、文化、教育、新闻出版、旅游等部门从事翻译、调研、教学、管理等工作。,《基础葡萄牙语》、《高级葡萄牙语》、《葡萄牙语阅读》、《葡萄牙语听力》、《葡萄牙语语法》、《葡萄牙语口语》、《葡萄牙语写作》、《翻译理论与实践》、《葡萄牙文学》、《巴西国情》 部分高校按以下专业方向培养：经贸。,葡萄牙语翻译，出国，市场专员/助理，公务员(地市级机关)，公务员(区县级及以下机关)，公务员(省级机关)，公务员(中央国家机关)，项目专员/助理,https://p.qianwen.com/major/tab?app=index&collegesTab=allColleges&webCompassApp=true&q=%E8%91%A1%E8%90%84%E7%89%99%E8%AF%AD%E4%B8%93%E4%B8%9A&entry=gaokao_channel&device=pc
泰语,050220,文学,外国语言文学类,四年,文学学士,98204,6100,华南地区,翻译,教育培训,历史 / 思政,本专业旨在培养具有扎实的泰语语言基础和熟练的听、说、读、写、译能力，熟悉我国有关的方针、政策和法规，并对泰国社会、经济和文化有广泛了解，且具有良好的泰语交际和汉泰互译能力，能从事初步科研工作的人才。,《基础泰语》、《高级泰语》、《实用泰语》、《泰语语音》、《泰语听力》、《泰语口语》、《泰语阅读》、《泰语写作》、《翻译理论与实践》、《泰国历史与文化》。,公务员(地市级机关)，其他语种翻译，公务员(省级机关)，公务员(区县级及以下机关)，公务员(中央国家机关)，大学教师，事业单位人员，高中教师，商务专员/助理，销售运营专员/助理，咨询经理/主管,https://p.qianwen.com/major/tab?app=index&collegesTab=allColleges&webCompassApp=true&q=%E6%B3%B0%E8%AF%AD%E4%B8%93%E4%B8%9A&entry=gaokao_channel&device=pc
芬兰语,050246,文学,外国语言文学类,四年,文学学士,95272,7900,北京市,,,不限,芬兰语主要研究芬兰语语言、语法、口语以及芬兰等芬兰语国家的文化与历史等方面的基本理论和知识，接受芬兰语听、说、读、写、译等方面的技能训练，进行芬兰语的翻译、教学与研究等。芬兰语是芬兰的两种官方语言之一，也是瑞典的一种法定少数民族语言，主要分布于芬兰、瑞典、挪威、爱沙尼亚和俄罗斯。 关键词：挪威 芬兰 瑞典。,《基础芬兰语》、《高级芬兰语》、《芬兰语泛读》、《芬兰语语法》、《芬兰语视听说》、《芬兰语会话》、《芬兰语写作》、《翻译理论与实践》、《芬兰语报刊导读》、《芬兰文学史》。,外事、外贸类企事业：芬兰语翻译、国际商贸。,https://p.qianwen.com/major/tab?app=index&collegesTab=allColleges&webCompassApp=true&q=%E8%8A%AC%E5%85%B0%E8%AF%AD%E4%B8%93%E4%B8%9A&entry=gaokao_channel&device=pc
塞尔维亚语,050234,文学,外国语言文学类,四年,文学学士,94172,7900,华东地区,,,不限,塞尔维亚语主要研究塞尔维亚语语言、语法、口语以及塞尔维亚等塞尔维亚语国家的文化与历史等方面的基本理论和知识，接受塞尔维亚语听、说、读、写、译等方面的技能训练，进行塞尔维亚语的翻译、教学与研究等。塞尔维亚语是流行在东欧巴尔干半岛前南斯拉夫诸国的语言，通行于塞尔维亚、波斯尼亚和黑塞哥维那、黑山、克罗地亚等国家。 关键词： 拉丁字母 西里尔字母 塞尔维亚。,《基础塞尔维亚语》、《高级塞尔维亚语》、《塞尔维亚语阅读》、《塞尔维亚语听力》、《塞尔维亚语语法》、《塞尔维亚语口语》、《塞尔维亚语写作》、《翻译理论与实践》、《塞尔维亚文学史》、《塞尔维亚概况》。,外事、外贸类企事业：塞尔维亚语翻译、国际商贸。,https://p.qianwen.com/major/tab?app=index&collegesTab=allColleges&webCompassApp=true&q=%E5%A1%9E%E5%B0%94%E7%BB%B4%E4%BA%9A%E8%AF%AD%E4%B8%93%E4%B8%9A&entry=gaokao_channel&device=pc
丹麦语,050249,文学,外国语言文学类,四年,文学学士,92992,7600,广州市,,,不限,丹麦语主要研究丹麦语语言、语法、口语以及丹麦等丹麦语国家和地区的文化与历史等方面的基本理论和知识，接受丹麦语听、说、读、写、译等方面的技能训练，进行丹麦语的翻译、教学与研究等。丹麦语是丹麦王国的官方语言，属于印欧语系日耳曼语族，主要分布于丹麦王国以及其属地法罗群岛和格陵兰。 关键词：格陵兰 印欧语系 丹麦。,《基础丹麦语》、《高级丹麦语》、《丹麦语泛读》、《丹麦语语法》、《丹麦语视听说》、《丹麦语会话》、《丹麦语写作》、《翻译理论与实践》、《丹麦语报刊选读》、《丹麦文学史》。,外事、外贸类企事业：丹麦语翻译、国际商贸。,https://p.qianwen.com/major/tab?app=index&collegesTab=allColleges&webCompassApp=true&q=%E4%B8%B9%E9%BA%A6%E8%AF%AD%E4%B8%93%E4%B8%9A&entry=gaokao_channel&device=pc
豪萨语,050224,文学,外国语言文学类,四年,文学学士,92303,7900,华东地区,,,不限,豪萨语主要研究豪萨语语言、语法、口语以及尼日利亚等豪萨语国家和地区的文化与历史等方面的基本理论和知识，接受豪萨语听、说、读、写、译等方面的技能训练，进行豪萨语的翻译、教学与研究等。豪萨语是非洲最重要的三大语言之一，是西非地区公认的一种商业交际语，主要分布于尼日利亚北部、尼日尔南部、乍得湖沿岸、喀麦隆北部、加纳北部以及非洲萨丽那地带的西非其他各国。 关键词： 豪萨语字母 西非 尼日利亚。,《基础豪萨语》、《高级豪萨语》、《豪萨语泛读》、《豪萨语视听说》、《豪萨语语法》、《豪萨语会话》、《豪萨语写作》、《翻译理论与实践》、《豪萨语报刊选读》、《尼日利亚概况》。,外事、外贸类企事业：豪萨语翻译、国际商贸。,https://p.qianwen.com/major/tab?app=index&collegesTab=allColleges&webCompassApp=true&q=%E8%B1%AA%E8%90%A8%E8%AF%AD%E4%B8%93%E4%B8%9A&entry=gaokao_channel&device=pc
土耳其语,050235,文学,外国语言文学类,四年,文学学士,90295,8000,深圳市,,,不限,土耳其语主要研究土耳其语语言、语法、口语以及土耳其等土耳其语国家的文化与历史等方面的基本理论和知识，接受土耳其语听、说、读、写、译等方面的技能训练，进行土耳其语的翻译、教学与研究等。土耳其语是土耳其人的语言，其字词采用主-宾-动（SOV）词序，主要在土耳其本土使用，并通行于阿塞拜疆、塞浦路斯、希腊、马其顿、罗马尼亚等国家。 关键词： 土耳其语字母 土耳其 SOV。,《基础土耳其语》、《高级土耳其语》、《土耳其语泛读》、《土耳其语视听说》、《土耳其语语法》、《土耳其语会话》、《土耳其语写作》、《翻译理论与实践》、《土耳其语报刊选读》、《土耳其概况》。,外事、外贸类企事业：土耳其语翻译、国际商贸。,https://p.qianwen.com/major/tab?app=index&collegesTab=allColleges&webCompassApp=true&q=%E5%9C%9F%E8%80%B3%E5%85%B6%E8%AF%AD%E4%B8%93%E4%B8%9A&entry=gaokao_channel&device=pc
孟加拉语,050242,文学,外国语言文学类,四年,文学学士,87436,8200,上海市,,,不限,孟加拉语主要研究孟加拉语语言、语法、口语以及孟加拉等孟加拉语国家和地区的文化与历史等方面的基本理论和知识，接受孟加拉语听、说、读、写、译等方面的技能训练，进行孟加拉语的翻译、教学与研究等。孟加拉语是印度语族在印地语之后第二大语言，主要分布于孟加拉国和印度西孟加拉邦、特里普拉邦、阿萨姆邦部分地区。 关键词：翻译 孟加拉国 特里普拉邦。,《基础孟加拉语》、《高级孟加拉语》、《孟加拉语阅读》、《孟加拉语语法》、《孟加拉语听力》、《孟加拉语口语》、《孟加拉语写作》、《翻译理论与实践》、《孟加拉语报刊导读》、《孟加拉文学史》。,外事、外贸类企事业：孟加拉语翻译、国际商贸。,https://p.qianwen.com/major/tab?app=index&collegesTab=allColleges&webCompassApp=true&q=%E5%AD%9F%E5%8A%A0%E6%8B%89%E8%AF%AD%E4%B8%93%E4%B8%9A&entry=gaokao_channel&device=pc
乌克兰语,050247,文学,外国语言文学类,四年,文学学士,83473,7800,西南地区,,,不限,乌克兰语主要研究乌克兰语语言、语法、口语以及乌克兰的文化与历史等方面的基本理论和知识，接受乌克兰语听、说、读、写、译等方面的技能训练，进行乌克兰语的翻译、教学与研究等。乌克兰语是乌克兰的官方语言，在斯拉夫语族中仅次于俄语而居第二位，分为西北、西南、东南及喀尔巴阡四种方言。 关键词：翻译 印欧语系 乌克兰。,《基础乌克兰语》、《高级乌克兰语》、《乌克兰语泛读》、《乌克兰语语法》、《乌克兰语视听说》、《乌克兰语会话》、《乌克兰语写作》、《翻译理论与实践》、《俄语乌克兰语比较研究》、《乌克兰文学史》。,外事、外贸类企事业：乌克兰语翻译、国际商贸。,https://p.qianwen.com/major/tab?app=index&collegesTab=allColleges&webCompassApp=true&q=%E4%B9%8C%E5%85%8B%E5%85%B0%E8%AF%AD%E4%B8%93%E4%B8%9A&entry=gaokao_channel&device=pc
越南语,050223,文学,外国语言文学类,四年,文学学士,82679,5300,华南地区,翻译,房地产,不限,本专业培养能在外事、教育、科研、旅游、外经贸、文化管理等部门从事翻译、教学、管理工作的应用型人才。要求学生具有扎实的越南语语言基础知识，了解越南国情概况，掌握越南语听、说、读、写、译等专业技能和实际运用能力，同时掌握对外交往、管理及教学方面的相关知识与技能。,《基础越南语》、《高级越南语》、《越南语泛读》、《越南语视听说》、《越南语语法》、《越南语会话》、《越南语写作》、《翻译理论与实践》、《越南语报刊选读》、《越南概况》 部分高校按以下专业方向培养：经贸。,公务员(中央国家机关)，公务员(省级机关)，公务员(地市级机关)，警察，事业单位人员，其他语种翻译，大学教师，公务员(区县级及以下机关),https://p.qianwen.com/major/tab?app=index&collegesTab=allColleges&webCompassApp=true&q=%E8%B6%8A%E5%8D%97%E8%AF%AD%E4%B8%93%E4%B8%9A&entry=gaokao_channel&device=pc
泰米尔语,050239,文学,外国语言文学类,四年,文学学士,79911,8700,华东地区,,,不限,泰米尔语主要研究泰米尔语语言、语法、口语以及泰米尔纳德邦等泰米尔语地区的文化与历史等方面的基本理论和知识，接受泰米尔语听、说、读、写、译等方面的技能训练，进行泰米尔语的翻译、教学与研究等。泰米尔语是达罗毗荼语系中最重要的语言，印度宪法承认的语言之一，主要分布于泰米尔纳德邦、印度南部、斯里兰卡东北部等地区。 关键词： 泰米尔纳德邦 斯里兰卡 翻译。,《基础泰米尔语》、《高级泰米尔语》、《泰米尔语阅读》、《泰米尔语语法》、《泰米尔语听力》、《泰米尔语口语》、《泰米尔语写作》、《翻译理论与实践》、《泰米尔语报刊导读》、《泰米尔语文学作品选读》。,外事、外贸类企事业：泰米尔语翻译、国际商贸。,https://p.qianwen.com/major/tab?app=index&collegesTab=allColleges&webCompassApp=true&q=%E6%B3%B0%E7%B1%B3%E5%B0%94%E8%AF%AD%E4%B8%93%E4%B8%9A&entry=gaokao_channel&device=pc
尼泊尔语,050243,文学,外国语言文学类,四年,文学学士,79343,8400,上海市,,,不限,尼泊尔语主要研究尼泊尔语语言、语法、口语以及尼泊尔等尼泊尔语国家的文化与历史等方面的基本理论和知识，接受尼泊尔语听、说、读、写、译等方面的技能训练，进行尼泊尔语的翻译、教学与研究等。尼泊尔语属印欧语系印度语族，是尼泊尔的官方语言，主要分布于尼泊尔、不丹和印度的一些地区。 关键词：尼泊尔语 天城字母 印欧语系 尼泊尔。,《基础尼泊尔语》、《高级尼泊尔语》、《尼泊尔语阅读》、《尼泊尔语语法》、《尼泊尔语听力》、《尼泊尔语口语》、《尼泊尔语写作》、《翻译理论与实践》、《尼泊尔语报刊导读》、《尼泊尔文学史》。,外事、外贸类企事业：尼泊尔语翻译、国际商贸。,https://p.qianwen.com/major/tab?app=index&collegesTab=allColleges&webCompassApp=true&q=%E5%B0%BC%E6%B3%8A%E5%B0%94%E8%AF%AD%E4%B8%93%E4%B8%9A&entry=gaokao_channel&device=pc
波兰语,050228,文学,外国语言文学类,四年,文学学士,76261,8500,深圳市,,,不限,波兰语主要研究波兰语语言、语法、口语以及波兰等波兰语国家的文化与历史等方面的基本理论和知识，接受波兰语听、说、读、写、译等方面的技能训练，进行波兰语的翻译、教学与研究等。波兰语是波兰人的语言，主要分布于波兰、乌克兰的鲁维和鲁克地区、白俄罗斯西部等国家和地区。 关键词：乌克兰 波兰 天主教。,《基础波兰语》、《高级波兰语》、《波兰语阅读》、《波兰语视听说》、《波兰语语法》、《波兰语口语》、《波兰语写作》、《翻译理论与实践》、《波兰语报刊选读》、《波兰概况》。,外事、外贸类企事业：波兰语翻译、国际商贸。,https://p.qianwen.com/major/tab?app=index&collegesTab=allColleges&webCompassApp=true&q=%E6%B3%A2%E5%85%B0%E8%AF%AD%E4%B8%93%E4%B8%9A&entry=gaokao_channel&device=pc
阿尔巴尼亚语,050226,文学,外国语言文学类,四年,文学学士,75455,7900,华东地区,,,不限,阿尔巴尼亚语主要研究阿尔巴尼亚语语言、语法、口语以及阿尔巴尼亚等阿尔巴尼亚语国家和地区的文化与历史等方面的基本理论和知识，接受阿尔巴尼亚语听、说、读、写、译等方面的技能训练，进行阿尔巴尼亚语的翻译、教学与研究等。阿尔巴尼亚语是是阿尔巴尼亚、科索沃和马其顿的官方语言，主要分布于阿尔巴尼亚、塞尔维亚科索沃等国家和地区。 关键词： 阿尔巴尼亚 科索沃 翻译。,《基础阿尔巴尼亚语》、《高级阿尔巴尼亚语》、《阿尔巴尼亚语阅读》、《阿尔巴尼亚语视听说》、《阿尔巴尼亚语语法》、《阿尔巴尼亚语口语》、《阿尔巴尼亚语写作》、《翻译理论与实践》、《阿尔巴尼亚语报刊选读》、《阿尔巴尼亚概况》。,外事、外贸类企事业：阿尔巴尼亚语翻译、国际商贸。,https://p.qianwen.com/major/tab?app=index&collegesTab=allColleges&webCompassApp=true&q=%E9%98%BF%E5%B0%94%E5%B7%B4%E5%B0%BC%E4%BA%9A%E8%AF%AD%E4%B8%93%E4%B8%9A&entry=gaokao_channel&device=pc
捷克语,050229,文学,外国语言文学类,四年,文学学士,74179,8100,北京市,财务/审计/税务,物流运输,不限,捷克语主要研究捷克语语言、语法、口语以及捷克等捷克语国家的文化与历史等方面的基本理论和知识，接受捷克语听、说、读、写、译等方面的技能训练，进行捷克语的翻译、教学与研究等。捷克语是捷克的官方语言，主要分布于捷克、塞尔维亚、美国部分地区等捷克人侨居的国家和地区，其中捷克人忌讳红三角图案。捷克语是一种非常难学的语言，选择需谨慎。 关键词：塞尔维亚 捷克 自鸣音。,《基础捷克语》、《高级捷克语》、《捷克语阅读》、《捷克语听力》、《捷克语语法》、《捷克语口语》、《捷克语写作》、《翻译理论与实践》、《捷克语文学》、《捷克概况》。,外事、外贸类企事业：捷克语翻译、国际商贸。,https://p.qianwen.com/major/tab?app=index&collegesTab=allColleges&webCompassApp=true&q=%E6%8D%B7%E5%85%8B%E8%AF%AD%E4%B8%93%E4%B8%9A&entry=gaokao_channel&device=pc
印度尼西亚语,050212,文学,外国语言文学类,四年,文学学士,72270,7300,上海市,翻译,采掘冶炼,不限,本专业培养学生具有扎实的语言文学理论基础，熟练掌握印度尼西亚语听、说、读、写、译等方面的语言技能，学习印度尼西亚政治、经济、文化各领域的基本知识，毕业后能从事外语翻译、教学研究和对外经贸管理等工作。,《印度尼西亚语泛读》、《印度尼西亚语精读》、《印度尼西亚语视听说》、《印度尼西亚语听力》、《印度尼西亚语语法》、《印度尼西亚语口语》、《印度尼西亚语写作》、《翻译理论与实践》、《印尼语文学作品选读》、《印尼文学史》。,公务员(地市级机关)，公务员(区县级及以下机关)，公务员(省级机关)，公务员(中央国家机关)，助理/秘书/文员，大客户销售代表,https://p.qianwen.com/major/tab?app=index&collegesTab=allColleges&webCompassApp=true&q=%E5%8D%B0%E5%BA%A6%E5%B0%BC%E8%A5%BF%E4%BA%9A%E8%AF%AD%E4%B8%93%E4%B8%9A&entry=gaokao_channel&device=pc
罗马尼亚语,050231,文学,外国语言文学类,四年,文学学士,65528,7600,北京市,翻译,咨询服务,不限,罗马尼亚语主要研究罗马尼亚语语言、语法、口语以及罗马尼亚等罗马尼亚语国家和地区的文化与历史等方面的基本理论和知识，接受罗马尼亚语听、说、读、写、译等方面的技能训练，进行罗马尼亚语的翻译、教学与研究等。罗马尼亚语是罗马尼亚的官方语言，主要分布于欧洲的巴尔干半岛的罗马尼亚和摩尔多瓦等国家和地区。 关键词：翻译 巴尔干半岛 罗马尼亚。,《基础罗马尼亚语》、《高级罗马尼亚语》、《罗马尼亚语阅读》、《罗马尼亚语听力》、《罗马尼亚语语法》、《罗马尼亚语口语》、《罗马尼亚语写作》、《翻译理论与实践》、《罗马尼亚文学史》、《罗马尼亚国情》。,外事、外贸类企事业：罗马尼亚语翻译、国际商贸。,https://p.qianwen.com/major/tab?app=index&collegesTab=allColleges&webCompassApp=true&q=%E7%BD%97%E9%A9%AC%E5%B0%BC%E4%BA%9A%E8%AF%AD%E4%B8%93%E4%B8%9A&entry=gaokao_channel&device=pc
匈牙利语,050237,文学,外国语言文学类,四年,文学学士,65389,8300,华东地区,,,不限,匈牙利语主要研究匈牙利语语言、语法、口语以及匈牙利等匈牙利语国家的文化与历史等方面的基本理论和知识，接受匈牙利语听、说、读、写、译等方面的技能训练，进行匈牙利语的翻译、教学与研究等。匈牙利语是匈牙利共和国的官方语言，主要分布于匈牙利、罗马尼亚、斯洛伐克、塞尔维亚、乌克兰、奥地利等国家，其中匈牙利人忌讳数字13和星期五。 关键词： 匈牙利语字母 匈牙利 塞浦路斯。,《基础匈牙利语》、《高级匈牙利语》、《匈牙利语阅读》、《匈牙利语视听说》、《匈牙利语语法》、《匈牙利语口语》、《匈牙利语写作》、《翻译理论与实践》、《匈牙利语文学作品选读》、《匈牙利国情》。,外事、外贸类企事业：匈牙利语翻译、国际商贸。,https://p.qianwen.com/major/tab?app=index&collegesTab=allColleges&webCompassApp=true&q=%E5%8C%88%E7%89%99%E5%88%A9%E8%AF%AD%E4%B8%93%E4%B8%9A&entry=gaokao_channel&device=pc
蒙古语,050218,文学,外国语言文学类,四年,文学学士,64867,6900,华北地区,翻译,采掘冶炼,不限,蒙古语主要研究蒙古语语言、语法、口语以及蒙古等蒙古语国家的文化与历史等方面的基本理论和知识，接受蒙古语听、说、读、写、译等方面的技能训练，进行蒙古语的翻译、教学与研究等。蒙古语主要分布于中国蒙古族聚居区、蒙古国和俄罗斯联邦西伯利亚联邦管区，其中俄罗斯的卡尔梅克语、布里亚特语被视为蒙古语的方言。 关键词： 西里尔字母 蒙古 俄罗斯。,《蒙古语语言理论》、《基础蒙古语》、《高级蒙古语》、《蒙古语视听》、《蒙古语口语》、《蒙古语语法》、《蒙古语写作》、《翻译理论与实践》、《蒙古语报刊选读》、《蒙古文学史》。,外事、外贸类企事业：蒙古语翻译、国际商贸。,https://p.qianwen.com/major/tab?app=index&collegesTab=allColleges&webCompassApp=true&q=%E8%92%99%E5%8F%A4%E8%AF%AD%E4%B8%93%E4%B8%9A&entry=gaokao_channel&device=pc
缅甸语,050216,文学,外国语言文学类,四年,文学学士,64763,6900,西南地区,翻译,采掘冶炼,不限,本专业学生主要学习缅甸语语言、文学、历史、政治、经济、社会文化等方面的基本理论和基本知识，接受听、说、读、写、译基本技能的训练，有较广的知识面和较强的 独立处事能力，有较高的综合素质，培养能在旅游、外事、外贸、文化、教研、国际广播电台、外文出版社等部门从事翻译、研究、管理工作的缅甸语的高级专门人 才。,《基础缅甸语》、《高级缅甸语》、《缅甸语阅读》、《缅甸语听说》、《缅甸语语法》、《缅甸语语音》、《缅甸语写作》、《翻译理论与实践》、《缅甸文学》、《缅甸文化》。,事业单位人员，石油/天然气技术人员，高中教师,https://p.qianwen.com/major/tab?app=index&collegesTab=allColleges&webCompassApp=true&q=%E7%BC%85%E7%94%B8%E8%AF%AD%E4%B8%93%E4%B8%9A&entry=gaokao_channel&device=pc
马来语,050217,文学,外国语言文学类,四年,文学学士,63949,9100,北京市,翻译,贸易,不限,绘本专业培养学生具有扎实的语言文学理论基础，熟练掌握马来语听、说、读、写、译等方面的语言技能，学习马来西亚政治、经济、文化各领域的基本知识，毕业后能从事外语翻译、教学研究和对外经贸管理等工作。,《马来语泛读》、《马来语精读》、《马来语视听说》、《马来语语音》、《马来语语法》、《马来语写作》、《外事马来语》、《翻译理论与实践》、《马来语报刊选读》、《马来西亚文学历史》。,大学教师，公务员(地市级机关)，公务员(区县级及以下机关)，公务员(省级机关)，公务员(中央国家机关)，其他语种翻译，保险代理/经纪人/客户经理，销售运营专员/助理,https://p.qianwen.com/major/tab?app=index&collegesTab=allColleges&webCompassApp=true&q=%E9%A9%AC%E6%9D%A5%E8%AF%AD%E4%B8%93%E4%B8%9A&entry=gaokao_channel&device=pc
印地语,050213,文学,外国语言文学类,四年,文学学士,63674,9300,北京市,翻译,咨询服务,不限,本专业旨在培养具有扎实的印地语语言基础和熟练的听、说、读、写、译能力，熟悉我国有关的方针、政策和法规，并对印度社会、经济和文化有广泛了解，且具有良好的印地语交际和汉印互译能力，能从事初步科研工作的人才。,《基础印地语》、《高级印地语》、《印地语泛读》、《印地语会话》、《印地语视听说》、《印地语语法》、《印地语写作》、《翻译理论与实践》、《印地语报刊选读》、《印度文学史》。,外事、外贸类企事业：印地语翻译、国际商贸。,https://p.qianwen.com/major/tab?app=index&collegesTab=allColleges&webCompassApp=true&q=%E5%8D%B0%E5%9C%B0%E8%AF%AD%E4%B8%93%E4%B8%9A&entry=gaokao_channel&device=pc
乌尔都语,050221,文学,外国语言文学类,四年,文学学士,62609,7800,华东地区,,,不限,乌尔都语主要研究乌尔都语语言、语法、口语以及巴基斯坦等乌尔都语国家的文化与历史等方面的基本理论和知识，接受乌尔都语听、说、读、写、译等方面的技能训练，进行乌尔都语的翻译、教学与研究等。乌尔都语是巴基斯坦的国语，也是印度宪法承认的语言之一，主要分布于巴基斯坦和印度等国家。 关键词：乌尔都语 阿拉伯字母 巴基斯坦 印度。,《基础乌尔都语》、《高级乌尔都语》、《乌尔都语语法》、《乌尔都语语音》、《乌尔都语听力》、《乌尔都语口语》、《乌尔都语阅读》、《乌尔都语写作》、《翻译理论与实践》、《巴基斯坦概况》。,外事、外贸类企事业：乌尔都语翻译、国际商贸。,https://p.qianwen.com/major/tab?app=index&collegesTab=allColleges&webCompassApp=true&q=%E4%B9%8C%E5%B0%94%E9%83%BD%E8%AF%AD%E4%B8%93%E4%B8%9A&entry=gaokao_channel&device=pc
斯瓦希里语,050225,文学,外国语言文学类,四年,文学学士,62149,12700,华东地区,,教育培训,不限,斯瓦希里语主要研究斯瓦希里语语言、语法、口语以及坦桑尼亚等斯瓦希里语国家的文化与历史等方面的基本理论和知识，接受斯瓦希里语听、说、读、写、译等方面的技能训练，进行斯瓦希里语的翻译、教学与研究等。斯瓦希里语是非洲使用人数最多的语言之一，也是坦桑尼亚、肯尼亚、乌干达的官方语言，主要分布于坦桑尼亚、肯尼亚、刚果民主共和国、布隆迪等东非和中非的国家。 关键词： 阿拉伯字母 东非 中非。,《基础斯语》、《高级斯语》、《斯语阅读》、《斯语视听说》、《斯语语法》、《斯语口语》、《斯语写作》、《翻译理论与实践》、《斯语报刊选读》、《东非概况》。,外事、外贸类企事业：斯瓦希里语翻译、国际商贸。,https://p.qianwen.com/major/tab?app=index&collegesTab=allColleges&webCompassApp=true&q=%E6%96%AF%E7%93%A6%E5%B8%8C%E9%87%8C%E8%AF%AD%E4%B8%93%E4%B8%9A&entry=gaokao_channel&device=pc
老挝语,050215,文学,外国语言文学类,四年,文学学士,59067,8400,西南地区,翻译,房地产,不限,老挝语主要研究老挝语语言、语法、口语以及老挝等老挝语国家的文化与历史等方面的基本理论和知识，接受老挝语听、说、读、写、译等方面的技能训练，进行老挝语的翻译、教学与研究等。老挝语，分布于中南半岛，和泰语是同一种语言，但是文字外观有一定的差别，常见于老挝、泰国、越南、缅甸等国家和地区。 关键词： 老挝 泰国 缅甸。,《基础老挝语》、《高级老挝语》、《老挝语阅读》、《老挝语听力》、《老挝语语法》、《老挝语口语》、《老挝语写作》、《翻译理论与实践》、《老挝语文学作品选读》、《老挝文学史》。,事业单位人员，大学教师，其他语种翻译,https://p.qianwen.com/major/tab?app=index&collegesTab=allColleges&webCompassApp=true&q=%E8%80%81%E6%8C%9D%E8%AF%AD%E4%B8%93%E4%B8%9A&entry=gaokao_channel&device=pc
克罗地亚语,050244,文学,外国语言文学类,四年,文学学士,56903,7900,华东地区,,,不限,克罗地亚语主要研究克罗地亚语语言、语法、口语以及克罗地亚等克罗地亚语国家的文化与历史等方面的基本理论和知识，接受克罗地亚语听、说、读、写、译等方面的技能训练，进行克罗地亚语的翻译、教学与研究等。克罗地亚语主要分布于中欧和巴尔干半岛，通行于克罗地亚、塞尔维亚、黑山、波黑、斯洛文尼亚等前南斯拉夫国家。 关键词：塞尔维亚 中欧 巴尔干半岛 翻译。,《基础克罗地亚语》、《高级克罗地亚语》、《克罗地亚语阅读》、《克罗地亚语语法》、《克罗地亚语听力》、《克罗地亚语口语》、《克罗地亚语写作》、《翻译理论与实践》、《克罗地亚语报刊导读》、《克罗地亚文学史》。,外事、外贸类企事业：克罗地亚语翻译、国际商贸。,https://p.qianwen.com/major/tab?app=index&collegesTab=allColleges&webCompassApp=true&q=%E5%85%8B%E7%BD%97%E5%9C%B0%E4%BA%9A%E8%AF%AD%E4%B8%93%E4%B8%9A&entry=gaokao_channel&device=pc
保加利亚语,050227,文学,外国语言文学类,四年,文学学士,51390,8500,华东地区,,,不限,保加利亚语主要研究保加利亚语语言、语法、口语以及保加利亚等保加利亚语国家的文化与历史等方面的基本理论和知识，接受保加利亚语听、说、读、写、译等方面的技能训练，进行保加利亚语的翻译、教学与研究等。保加利亚语是保加利亚的官方语言，主要分布于巴尔干半岛的保加利亚及其周边地区，包括罗马尼亚、匈牙利、摩尔达维亚等。 关键词： 西里尔字母 巴尔干半岛 保加利亚。,《基础保加利亚语》、《高级保加利亚语》、《保加利亚语阅读》、《保加利亚语视听说》、《保加利亚语语法》、《保加利亚语口语》、《保加利亚语写作》、《翻译理论与实践》、《保加利亚语报刊选读》、《保加利亚概况》。,外事、外贸类企事业：保加利亚语翻译、国际商贸。,https://p.qianwen.com/major/tab?app=index&collegesTab=allColleges&webCompassApp=true&q=%E4%BF%9D%E5%8A%A0%E5%88%A9%E4%BA%9A%E8%AF%AD%E4%B8%93%E4%B8%9A&entry=gaokao_channel&device=pc
柬埔寨语,050214,文学,外国语言文学类,四年,文学学士,49580,7800,西南地区,人力资源,房地产,不限,本专业培养学生具有扎实的语言文学理论基础，又熟练掌握柬埔寨语听、说、读、写、译等方面的语言技能，掌握柬埔寨政治、经济、文化各领域的基本知识，毕业后能从事教学、研究、外事翻译和对外经贸管理工作。,《基础柬埔寨语》、《高级柬埔寨语》、《柬埔寨语阅读》、《柬埔寨语听力》、《柬埔寨语语法》、《柬埔寨语口语》、《柬埔寨语写作》、《翻译理论与实践》、《高棉文学作品选读》、《柬埔寨文学史》。,编辑，事业单位人员，外贸/贸易专员/助理，公务员(中央国家机关)，公务员(省级机关)，公务员(区县级及以下机关)，公务员(地市级机关)，服装/纺织品设计，幼教，助理/秘书/文员,https://p.qianwen.com/major/tab?app=index&collegesTab=allColleges&webCompassApp=true&q=%E6%9F%AC%E5%9F%94%E5%AF%A8%E8%AF%AD%E4%B8%93%E4%B8%9A&entry=gaokao_channel&device=pc
菲律宾语,050210,文学,外国语言文学类,四年,文学学士,49393,8700,深圳市,,,不限,菲律宾语主要研究菲律宾语语言、语法、口语以及菲律宾等菲律宾语国家的文化与历史等方面的基本理论和知识，接受菲律宾语听、说、读、写、译等方面的技能训练，进行菲律宾语的翻译、教学与研究等。菲律宾语，以塔加洛语作为主体而发展而来，是菲律宾国语及官方语言之一，主要被使用于菲律宾。 关键词：菲律宾语 翻译 菲律宾 南岛语系。,《基础菲律宾语》、《高级菲律宾语》、《菲律宾语阅读》、《菲律宾语听力》、《菲律宾语语法》、《菲律宾语口语》、《菲律宾语写作》、《翻译理论与实践》、《菲律宾文学作品选读》、《菲律宾文学史》。,外事、外贸类企事业：菲律宾语翻译、国际商贸。,https://p.qianwen.com/major/tab?app=index&collegesTab=allColleges&webCompassApp=true&q=%E8%8F%B2%E5%BE%8B%E5%AE%BE%E8%AF%AD%E4%B8%93%E4%B8%9A&entry=gaokao_channel&device=pc
爪哇语,0502102T,文学,外国语言文学类,四年,文学学士,39618,,,,,,爪哇语是印度尼西亚人数最多的民族爪哇族的语言，该专业主要培养具有扎实的相应语语言基础比较广泛的科学文化知识，能从事翻译、研究、教学、管理工作的相应语言高级专门人才。例如：在外企从事爪哇语翻译工作。 关键词：小语种 语言 翻译。,《基础爪哇语》、《高级爪哇语》、《报刊选读》、《爪哇语口语》、《爪哇语写作》、《翻译理论与实践》、《语言理论》、《语言学概论》等。,政府部门：公务员 企事业单位：高校教师、翻译、爪哇语研究、外资企业、旅游公司等。,https://p.qianwen.com/major/tab?app=index&collegesTab=allColleges&webCompassApp=true&q=%E7%88%AA%E5%93%87%E8%AF%AD%E4%B8%93%E4%B8%9A&entry=gaokao_channel&device=pc
塔玛齐格特语,0502101T,文学,外国语言文学类,四年,文学学士,37896,,,,,,塔玛齐格特语专业是小语种，属外国语言文学专业亚非语言文学学科，培养具有扎实的相应语语言基础比较广泛的科学文化知识，能从事翻译、研究、教学、管理工作的相应语言高级专门人才。例如：在外企从事塔玛齐格特语翻译工作。 关键词：小语种 语言 翻译。,《基础塔玛齐格特语》、《中级塔玛齐格特语》、《高级塔玛齐格特语》、《阿拉伯综合》、《塔玛齐格特语口语》、《塔玛齐格特语视听说》、《塔玛齐格特语新闻阅读》、《塔玛齐格特语文学》、《摩洛哥和阿尔及利亚研究》等。,政府部门：公务员 企事业单位：高校教师、翻译、塔玛齐格特语研究、外资企业、旅游公司等。,https://p.qianwen.com/major/tab?app=index&collegesTab=allColleges&webCompassApp=true&q=%E5%A1%94%E7%8E%9B%E9%BD%90%E6%A0%BC%E7%89%B9%E8%AF%AD%E4%B8%93%E4%B8%9A&entry=gaokao_channel&device=pc
白俄罗斯语,050282T,文学,外国语言文学类,四年,文学学士,28913,,,,,不限,白俄罗斯语是白俄罗斯的官方语言。该专业主要培养具有扎实的相应语语言基础比较广泛的科学文化知识，能从事翻译、研究、教学、管理工作的相应语言高级专门人才。例如：在中白工业园馆从事白俄罗斯语相关工作。 关键词：小语种 语言 翻译。,《基础俄语》、《中级俄语》、《高级俄语》、《俄语语法》、《俄语视听说》、《基础白俄罗斯语》、《高级白俄罗斯语》、《白俄罗斯语语法》、《白俄罗斯语视听说》、《白俄罗斯语口译》、《白译汉笔译》、《汉译白笔译》、《论文写作指导》等。,政府部门：公务员 企事业单位：高校教师、翻译、白俄罗斯语研究、外资企业、旅游公司等。,https://p.qianwen.com/major/tab?app=index&collegesTab=allColleges&webCompassApp=true&q=%E7%99%BD%E4%BF%84%E7%BD%97%E6%96%AF%E8%AF%AD%E4%B8%93%E4%B8%9A&entry=gaokao_channel&device=pc
皮金语,050297T,文学,外国语言文学类,四年,文学学士,28208,,,,,,皮金语别名巴布亚皮钦语，又叫皮钦语、新美拉尼西亚语、托克皮辛语等，是一种基于英语的克里奥尔语，是巴布亚新几内亚的官方语言之一。皮金语专业培养能在外事、经贸、文化、新闻出版、教育、科研、旅游等部门从事翻译、研究、教学、管理工作的相应语言高级专门人才。,《基础皮金语》、《高级皮金语》、《皮金语写作》、《皮金语口语》、《皮金语语法》、《语言学概论》、《翻译理论与实践》等。,暂无简介。,https://p.qianwen.com/major/tab?app=index&collegesTab=allColleges&webCompassApp=true&q=%E7%9A%AE%E9%87%91%E8%AF%AD%E4%B8%93%E4%B8%9A&entry=gaokao_channel&device=pc
比斯拉马语,050287T,文学,外国语言文学类,四年,文学学士,27080,,,,,,比斯拉马语是一种美拉尼西亚克里奥尔语，该专业主要培养具有扎实的相应语语言基础比较广泛的科学文化知识，能从事翻译、研究、教学、管理工作的相应语言高级专门人才。例如：在大使馆从事比斯拉马语相关工作。 关键词：小语种 语言 翻译。,《基础比斯拉马语》、《高级比斯拉马语》、《报刊选读》、《比斯拉马语口语》、《比斯拉马语写作》、《翻译理论与实践》、《语言理论》、《语言学概论》等。,政府部门：公务员 企事业单位：高校教师、翻译、比斯拉马语研究、外资企业等。,https://p.qianwen.com/major/tab?app=index&collegesTab=allColleges&webCompassApp=true&q=%E6%AF%94%E6%96%AF%E6%8B%89%E9%A9%AC%E8%AF%AD%E4%B8%93%E4%B8%9A&entry=gaokao_channel&device=pc
汤加语,050284T,文学,外国语言文学类,四年,文学学士,26569,,,,,,汤加语属于南岛语系马来—波利尼西亚语族，主要用于汤加王国。该专业主要培养具有扎实的相应语语言基础比较广泛的科学文化知识，能从事翻译、研究、教学、管理工作的相应语言高级专门人才。例如：在大使馆从事汤加语相关工作。 关键词：小语种 语言 翻译。,《基础汤加语》、《高级汤加语》、《报刊选读》、《汤加语口语》、《汤加语写作》、《翻译理论与实践》、《语言理论》、《语言学概论》等。,政府部门：公务员 企事业单位：高校教师、翻译、汤加语研究、外资企业等。,https://p.qianwen.com/major/tab?app=index&collegesTab=allColleges&webCompassApp=true&q=%E6%B1%A4%E5%8A%A0%E8%AF%AD%E4%B8%93%E4%B8%9A&entry=gaokao_channel&device=pc
阿姆哈拉语,050263T,文学,外国语言文学类,四年,文学学士,26210,,,,,不限,阿姆哈拉语主要研究阿姆哈拉语语言、语法、口语以及阿姆哈拉人的文化与历史等方面的基本理论和知识，接受阿姆哈拉语听、说、读、写、译等方面的技能训练，进行阿姆哈拉语的翻译、教学与研究等。阿姆哈拉语是埃塞俄比亚的官方语言，属阿非罗-亚细亚语系闪语族，原先分布于埃塞俄比亚阿姆哈拉地区，现主要分布于埃塞俄比亚的中部和南部地区。 关键词：阿姆哈拉语 斐德字母 音节文字 埃塞俄比亚。,《基础阿姆哈拉语》、《高级阿姆哈拉语》、《阿姆哈拉语泛读》、《阿姆哈拉语语法》、《阿姆哈拉语视听》、《阿姆哈拉语口语》、《阿姆哈拉语写作》、《翻译理论与实践》、《阿姆哈拉语报刊选读》、《阿姆哈拉人文化》。,外事、外贸类企事业：阿姆哈拉语翻译、国际商贸。,https://p.qianwen.com/major/tab?app=index&collegesTab=allColleges&webCompassApp=true&q=%E9%98%BF%E5%A7%86%E5%93%88%E6%8B%89%E8%AF%AD%E4%B8%93%E4%B8%9A&entry=gaokao_channel&device=pc
斐济语,050291T,文学,外国语言文学类,四年,文学学士,26112,,,,,,斐济语是斐济的民族语言，属于南岛语系。该专业主要培养具有扎实的相应语语言基础比较广泛的科学文化知识，能从事翻译、研究、教学、管理工作的相应语言高级专门人才。例如：在大使馆从事斐济语相关工作。 关键词：小语种 语言 翻译。,《基础斐济语》、《高级斐济语》、《报刊选读》、《斐济语口语》、《斐济语写作》、《翻译理论与实践》、《语言理论》、《语言学概论》等。,政府部门：公务员 企事业单位：高校教师、翻译、斐济语研究、外资企业、旅游公司等。,https://p.qianwen.com/major/tab?app=index&collegesTab=allColleges&webCompassApp=true&q=%E6%96%90%E6%B5%8E%E8%AF%AD%E4%B8%93%E4%B8%9A&entry=gaokao_channel&device=pc
克里奥尔语,050279T,文学,外国语言文学类,四年,文学学士,26038,,,,,,克里奥尔语专业主要培养具有扎实的相应语语言基础比较广泛的科学文化知识，能从事翻译、研究、教学、管理工作的相应语言高级专门人才。例如：在大使馆从事克里奥尔语相关工作。 关键词：小语种 语言 翻译。,《基础克里奥尔语》、《高级克里奥尔语》、《报刊选读》、《克里奥尔语口语》、《克里奥尔语写作》、《翻译理论与实践》、《语言理论》、《语言学概论》等。,政府部门：公务员 企事业单位：高校教师、翻译、克里奥尔语研究、外资企业、旅游公司等。,https://p.qianwen.com/major/tab?app=index&collegesTab=allColleges&webCompassApp=true&q=%E5%85%8B%E9%87%8C%E5%A5%A5%E5%B0%94%E8%AF%AD%E4%B8%93%E4%B8%9A&entry=gaokao_channel&device=pc
塞苏陀语,050299T,文学,外国语言文学类,四年,文学学士,25567,,,,,,塞苏陀语是莱索托的通用语。莱索托是非洲南部内陆国家，通用英语和塞苏陀语。赛苏陀语专业培养能在外事、经贸、文化、新闻出版、教育、科研、旅游等部门从事翻译、研究、教学、管理工作的相应语言高级专门人才。,《基础赛苏陀语》、《高级赛苏陀语》、《赛苏陀语写作》、《赛苏陀语口语》、《赛苏陀语语法》、《语言学概论》、《翻译理论与实践》等。,暂无简介。,https://p.qianwen.com/major/tab?app=index&collegesTab=allColleges&webCompassApp=true&q=%E5%A1%9E%E8%8B%8F%E9%99%80%E8%AF%AD%E4%B8%93%E4%B8%9A&entry=gaokao_channel&device=pc
迪维希语,050290T,文学,外国语言文学类,四年,文学学士,25286,,,,,,迪维希语属于印欧语系印度语族，用字母拼写，是马尔代夫的官方语言。该专业主要培养具有扎实的相应语语言基础比较广泛的科学文化知识，能从事翻译、研究、教学、管理工作的相应语言高级专门人才。例如：在大使馆从事迪维希语相关工作。 关键词：小语种 语言 翻译。,《基础迪维希语》、《高级迪维希语》、《报刊选读》、《迪维希语口语》、《迪维希语写作》、《翻译理论与实践》、《语言理论》、《语言学概论》等。,政府部门：公务员 企事业单位：高校教师、翻译、迪维希语研究、外资企业、旅游公司等。,https://p.qianwen.com/major/tab?app=index&collegesTab=allColleges&webCompassApp=true&q=%E8%BF%AA%E7%BB%B4%E5%B8%8C%E8%AF%AD%E4%B8%93%E4%B8%9A&entry=gaokao_channel&device=pc
卢森堡语,050294T,文学,外国语言文学类,四年,文学学士,24674,,,,,,卢森堡语是卢森堡大公国的母语，该专业主要培养具有扎实的相应语语言基础比较广泛的科学文化知识，能从事翻译、研究、教学、管理工作的相应语言高级专门人才。例如：在大使馆从事卢森堡语相关工作。 关键词：小语种 语言 翻译。,《基础卢森堡语》、《高级卢森堡语》、《报刊选读》、《卢森堡语口语》、《卢森堡语写作》、《翻译理论与实践》、《语言理论》、《语言学概论》等。,政府部门：公务员 企事业单位：高校教师、翻译、卢森堡语研究、外资企业、旅游公司等。,https://p.qianwen.com/major/tab?app=index&collegesTab=allColleges&webCompassApp=true&q=%E5%8D%A2%E6%A3%AE%E5%A0%A1%E8%AF%AD%E4%B8%93%E4%B8%9A&entry=gaokao_channel&device=pc
土库曼语,050266T,文学,外国语言文学类,四年,文学学士,24555,,,,,,土库曼语主要研究土库曼语语言、语法、口语以及土库曼斯坦的文化与历史等方面的基本理论和知识，接受土库曼语听、说、读、写、译等方面的技能训练，进行土库曼语的翻译、教学与研究等。土库曼语是土库曼斯坦的官方语言，属阿尔泰语系突厥语族，主要分布于土库曼斯坦、阿富汗斯坦、伊朗等国家。 关键词：土库曼语 西里尔字母 拉丁字母 土库曼斯坦。,《基础土库曼语》、《高级土库曼语》、《土库曼语泛读》、《土库曼语语法》、《土库曼语视听》、《土库曼语口语》、《土库曼语写作》、《翻译理论与实践》、《土库曼语报刊选读》、《土库曼斯坦概况》。,外事、外贸类企事业：土库曼语翻译、国际商贸。,https://p.qianwen.com/major/tab?app=index&collegesTab=allColleges&webCompassApp=true&q=%E5%9C%9F%E5%BA%93%E6%9B%BC%E8%AF%AD%E4%B8%93%E4%B8%9A&entry=gaokao_channel&device=pc
旁遮普语,0502103T,文学,外国语言文学类,四年,文学学士,24336,,,,,,旁遮普语属印欧语系印度-伊朗语族印度语支，该专业主要培养具有扎实的相应语语言基础比较广泛的科学文化知识，能从事翻译、研究、教学、管理工作的相应语言高级专门人才。例如：在外企从事爪哇语翻译工作。 关键词：小语种 语言 翻译。,《基础旁遮普语》、《高级旁遮普语》、《报刊选读》、《旁遮普语口语》、《旁遮普语写作》、《翻译理论与实践》、《语言理论》、《语言学概论》等。,政府部门：公务员 企事业单位：高校教师、翻译、旁遮普研究、外资企业等。,https://p.qianwen.com/major/tab?app=index&collegesTab=allColleges&webCompassApp=true&q=%E6%97%81%E9%81%AE%E6%99%AE%E8%AF%AD%E4%B8%93%E4%B8%9A&entry=gaokao_channel&device=pc
恩德贝莱语,050277T,文学,外国语言文学类,四年,文学学士,23387,,,,,,恩德贝莱语是与英语和绍纳语并列的津巴布韦官方语言，，该专业主要培养具有扎实的相应语语言基础比较广泛的科学文化知识，能从事翻译、研究、教学、管理工作的相应语言高级专门人才。例如：在大使馆从事恩德贝莱语相关工作。 关键词：小语种 语言 翻译。,《基础恩德贝莱语》、《高级恩德贝莱语》、《报刊选读》、《恩德贝莱语口语》、《恩德贝莱语写作》、《翻译理论与实践》、《语言理论》、《语言学概论》等。,政府部门：公务员 企事业单位：高校教师、翻译、恩德贝莱语研究、外资企业等。,https://p.qianwen.com/major/tab?app=index&collegesTab=allColleges&webCompassApp=true&q=%E6%81%A9%E5%BE%B7%E8%B4%9D%E8%8E%B1%E8%AF%AD%E4%B8%93%E4%B8%9A&entry=gaokao_channel&device=pc
塔吉克语,050275T,文学,外国语言文学类,四年,文学学士,22737,,,,,不限,塔吉克语主要研究塔吉克语语言、语法、口语以及塔吉克斯坦的文化与历史等方面的基本理论和知识，接受塔吉克语听、说、读、写、译等方面的技能训练，进行塔吉克语的翻译、教学与研究等。塔吉克语是塔吉克斯坦的官方语言，也是塔吉克族的语言，属印欧语系伊朗语族，与波斯语相近，主要分布于塔吉克斯坦、阿富汗斯坦、乌兹别克斯坦等地。 关键词：塔吉克语 西里尔字母 塔吉克族 塔吉克斯坦。,《基础塔吉克语》、《高级塔吉克语》、《塔吉克语泛读》、《塔吉克语语法》、《塔吉克语视听》、《塔吉克语口语》、《塔吉克语写作》、《翻译理论与实践》、《塔吉克语报刊选读》、《塔吉克斯坦概况》。,外事、外贸类企事业：塔吉克语翻译、国际商贸。,https://p.qianwen.com/major/tab?app=index&collegesTab=allColleges&webCompassApp=true&q=%E5%A1%94%E5%90%89%E5%85%8B%E8%AF%AD%E4%B8%93%E4%B8%9A&entry=gaokao_channel&device=pc
约鲁巴语,050268T,文学,外国语言文学类,四年,文学学士,22455,,,,,,约鲁巴语主要研究约鲁巴语语言、语法、口语以及尼日利亚的文化与历史等方面的基本理论和知识，接受约鲁巴语听、说、读、写、译等方面的技能训练，进行约鲁巴语的翻译、教学与研究等。约鲁巴语是约鲁巴人的母语，主要分布于尼日利亚、贝宁、多哥等西非国家和地区。 关键词：贝宁 约鲁巴人 尼日利亚。,《基础约鲁巴语》、《高级约鲁巴语》、《约鲁巴语泛读》、《约鲁巴语语法》、《约鲁巴语视听》、《约鲁巴语口语》、《约鲁巴语写作》、《翻译理论与实践》、《约鲁巴语报刊选读》、《尼日利亚概况》。,外事、外贸类企事业：约鲁巴语翻译、国际商贸。,https://p.qianwen.com/major/tab?app=index&collegesTab=allColleges&webCompassApp=true&q=%E7%BA%A6%E9%B2%81%E5%B7%B4%E8%AF%AD%E4%B8%93%E4%B8%9A&entry=gaokao_channel&device=pc
萨摩亚语,050285T,文学,外国语言文学类,四年,文学学士,22309,,,,,,萨摩亚语是萨摩亚与美属萨摩亚的官方语言之一，也是两地的传统语言。该专业主要培养具有扎实的相应语语言基础比较广泛的科学文化知识，能从事翻译、研究、教学、管理工作的相应语言高级专门人才。例如：在大使馆从事萨摩亚语相关工作。 关键词：小语种 语言 翻译。,《基础萨摩亚语》、《高级萨摩亚语》、《报刊选读》、《汤加语口语》、《萨摩亚语写作》、《翻译理论与实践》、《语言理论》、《语言学概论》等。,政府部门：公务员 企事业单位：高校教师、翻译、萨摩亚语研究、外资企业等。,https://p.qianwen.com/major/tab?app=index&collegesTab=allColleges&webCompassApp=true&q=%E8%90%A8%E6%91%A9%E4%BA%9A%E8%AF%AD%E4%B8%93%E4%B8%9A&entry=gaokao_channel&device=pc
加泰罗尼亚语,050267T,文学,外国语言文学类,四年,文学学士,21972,,,,,,加泰罗尼亚语主要研究加泰罗尼亚语语言、语法、口语以及加泰罗尼亚的文化与历史等方面的基本理论和知识，接受加泰罗尼亚语听、说、读、写、译等方面的技能训练，进行加泰罗尼亚语的翻译、教学与研究等。加泰罗尼亚语是加泰隆人的语言，属印欧语系罗曼语族，是安道尔公国的官方语言，主要分布于安道尔、西班牙的加泰罗尼亚、瓦伦西亚和巴利阿里群岛以及法国和意大利的部分地区。 关键词：加泰罗尼亚语 拉丁字母 安道尔 加泰罗尼亚。,《基础加泰罗尼亚语》、《高级加泰罗尼亚语》、《加泰罗尼亚语泛读》、《加泰罗尼亚语语法》、《加泰罗尼亚语视听》、《加泰罗尼亚语口语》、《加泰罗尼亚语写作》、《翻译理论与实践》、《加泰罗尼亚语报刊选读》、《加泰罗尼亚概况》。,外事、外贸类企事业：加泰罗尼亚语翻译、国际商贸。,https://p.qianwen.com/major/tab?app=index&collegesTab=allColleges&webCompassApp=true&q=%E5%8A%A0%E6%B3%B0%E7%BD%97%E5%B0%BC%E4%BA%9A%E8%AF%AD%E4%B8%93%E4%B8%9A&entry=gaokao_channel&device=pc
亚美尼亚语,050269T,文学,外国语言文学类,四年,文学学士,21596,,,,,,亚美尼亚语主要研究亚美尼亚语语言、语法、口语以及亚美尼亚的文化与历史等方面的基本理论和知识，接受亚美尼亚语听、说、读、写、译等方面的技能训练，进行亚美尼亚语的翻译、教学与研究等。亚美尼亚语是亚美尼亚共和国及纳戈尔诺-卡拉巴赫共和国的官方语言，广泛被亚美尼亚人使用，主要分布于亚美尼亚、格鲁吉亚等地。 关键词 ：格鲁吉亚 亚美尼亚人 亚美尼亚。,《基础亚美尼亚语》、《高级亚美尼亚语》、《亚美尼亚语泛读》、《亚美尼亚语语法》、《亚美尼亚语视听》、《亚美尼亚语口语》、《亚美尼亚语写作》、《翻译理论与实践》、《亚美尼亚语报刊选读》、《亚美尼亚概况》。,外事、外贸类企事业：亚美尼亚语翻译、国际商贸。,https://p.qianwen.com/major/tab?app=index&collegesTab=allColleges&webCompassApp=true&q=%E4%BA%9A%E7%BE%8E%E5%B0%BC%E4%BA%9A%E8%AF%AD%E4%B8%93%E4%B8%9A&entry=gaokao_channel&device=pc
提格雷尼亚语,050281T,文学,外国语言文学类,四年,文学学士,21324,,,,,,提格里尼亚语是一种闪含语系闪语族的语言。该专业主要培养具有扎实的相应语语言基础比较广泛的科学文化知识，能从事翻译、研究、教学、管理工作的相应语言高级专门人才。例如：在大使馆从事提格里尼亚语相关工作。 关键词：小语种 语言 翻译。,《基础提格里尼亚语》、《高级提格里尼亚语》、《报刊选读》、《提格里尼亚语口语》、《提格里尼亚语写作》、《翻译理论与实践》、《语言理论》、《语言学概论》等。,政府部门：公务员 企事业单位：高校教师、翻译、提格雷尼亚语研究、外资企业等。,https://p.qianwen.com/major/tab?app=index&collegesTab=allColleges&webCompassApp=true&q=%E6%8F%90%E6%A0%BC%E9%9B%B7%E5%B0%BC%E4%BA%9A%E8%AF%AD%E4%B8%93%E4%B8%9A&entry=gaokao_channel&device=pc
茨瓦纳语,050276T,文学,外国语言文学类,四年,文学学士,20573,,,,,,茨瓦纳语是一种南非官方语言，属于班图语系，该专业主要培养具有扎实的相应语语言基础比较广泛的科学文化知识，能从事翻译、研究、教学、管理工作的相应语言高级专门人才。例如：在大使馆从事茨瓦纳语相关工作。 关键词：小语种 语言 翻译。,《基础茨瓦纳语》、《高级茨瓦纳语》、《报刊选读》、《茨瓦纳语口语》、《茨瓦纳语写作》、《翻译理论与实践》、《语言理论》、《语言学概论》等。,政府部门：公务员 企事业单位：高校教师、翻译、茨瓦纳语研究、外资企业、等。,https://p.qianwen.com/major/tab?app=index&collegesTab=allColleges&webCompassApp=true&q=%E8%8C%A8%E7%93%A6%E7%BA%B3%E8%AF%AD%E4%B8%93%E4%B8%9A&entry=gaokao_channel&device=pc
切瓦语,050298T,文学,外国语言文学类,四年,文学学士,20536,,,,,,切瓦语也称马拉维语，是马拉维共和国的官方语言之一，也是当地土著的母语。这种语言主要通行于马拉维共和国，并有五百多人以这种语言作母语，语言人口接近一千万，属于班图语族的一个分支。切瓦语专业培养能在外事、经贸、文化、新闻出版、教育、科研、旅游等部门从事翻译、研究、教学、管理工作的相应语言高级专门人才。,《基础切瓦语》、《高级切瓦语》、《切瓦语写作》、《切瓦语口语》、《切瓦语语法》、《语言学概论》、《翻译理论与实践》等。,暂无简介。,https://p.qianwen.com/major/tab?app=index&collegesTab=allColleges&webCompassApp=true&q=%E5%88%87%E7%93%A6%E8%AF%AD%E4%B8%93%E4%B8%9A&entry=gaokao_channel&device=pc
马其顿语,050274T,文学,外国语言文学类,四年,文学学士,19852,,,,,,马其顿语主要研究马其顿语语言、语法、口语以及马其顿的文化与历史等方面的基本理论和知识，接受马其顿语听、说、读、写、译等方面的技能训练，进行马其顿语的翻译、教学与研究等。马其顿语是马其顿的官方语言，属印欧语系斯拉夫语族，主要分布于巴尔干半岛南部的马其顿及其周边地区。 关键词： 西里尔字母 巴尔干半岛 马其顿。,《基础马其顿语》、《高级马其顿语》、《马其顿语泛读》、《马其顿语语法》、《马其顿语视听》、《马其顿语口语》、《马其顿语写作》、《翻译理论与实践》、《马其顿语报刊选读》、《马其顿概况》。,外事、外贸类企事业：马其顿语翻译、国际商贸。,https://p.qianwen.com/major/tab?app=index&collegesTab=allColleges&webCompassApp=true&q=%E9%A9%AC%E5%85%B6%E9%A1%BF%E8%AF%AD%E4%B8%93%E4%B8%9A&entry=gaokao_channel&device=pc
隆迪语,050293T,文学,外国语言文学类,四年,文学学士,19428,,,,,,隆迪语专业主要培养具有扎实的相应语语言基础比较广泛的科学文化知识，能从事翻译、研究、教学、管理工作的相应语言高级专门人才。例如：在大使馆从事隆迪语相关工作。 关键词：小语种 语言 翻译。,《基础隆迪语》、《高级隆迪语》、《报刊选读》、《隆迪语口语》、《隆迪语写作》、《翻译理论与实践》、《语言理论》、《语言学概论》等。,政府部门：公务员 企事业单位：高校教师、翻译、隆迪语研究、外资企业、旅游公司等。,https://p.qianwen.com/major/tab?app=index&collegesTab=allColleges&webCompassApp=true&q=%E9%9A%86%E8%BF%AA%E8%AF%AD%E4%B8%93%E4%B8%9A&entry=gaokao_channel&device=pc
纽埃语,050296T,文学,外国语言文学类,四年,文学学士,18833,,,,,,纽埃语是一种波利尼西亚语言，属于南岛语系马来-波利尼西亚语族。该专业主要培养具有扎实的相应语语言基础比较广泛的科学文化知识，能从事翻译、研究、教学、管理工作的相应语言高级专门人才。例如：在大使馆从事纽埃语相关工作。 关键词：小语种 语言 翻译。,《基础纽埃语》、《高级纽埃语》、《报刊选读》、《纽埃语口语》、《纽埃语写作》、《翻译理论与实践》、《语言理论》、《语言学概论》等。,政府部门：公务员 企事业单位：高校教师、翻译、纽埃语研究、外资企业、旅游公司等。,https://p.qianwen.com/major/tab?app=index&collegesTab=allColleges&webCompassApp=true&q=%E7%BA%BD%E5%9F%83%E8%AF%AD%E4%B8%93%E4%B8%9A&entry=gaokao_channel&device=pc
格鲁吉亚语,050271T,文学,外国语言文学类,四年,文学学士,18685,,,,,,格鲁吉亚语主要研究格鲁吉亚语语言、语法、口语以及格鲁吉亚的文化与历史等方面的基本理论和知识，接受格鲁吉亚语听、说、读、写、译等方面的技能训练，进行格鲁吉亚语的翻译、教学与研究等。格鲁吉亚语是高加索语言的一种，是格鲁吉亚的官方语言，主要分布于格鲁吉亚、伊朗、土耳其等地。 关键词：翻译 高加索地区 格鲁吉亚。,《基础格鲁吉亚语》、《高级格鲁吉亚语》、《格鲁吉亚语泛读》、《格鲁吉亚语语法》、《格鲁吉亚语视听》、《格鲁吉亚语口语》、《格鲁吉亚语写作》、《翻译理论与实践》、《格鲁吉亚语报刊选读》、《格鲁吉亚概况》。,外事、外贸类企事业：格鲁吉亚语翻译、国际商贸。,https://p.qianwen.com/major/tab?app=index&collegesTab=allColleges&webCompassApp=true&q=%E6%A0%BC%E9%B2%81%E5%90%89%E4%BA%9A%E8%AF%AD%E4%B8%93%E4%B8%9A&entry=gaokao_channel&device=pc
阿非利卡语,050273T,文学,外国语言文学类,四年,文学学士,18349,,,,,,阿非利卡语主要研究阿非利卡语语言、语法、口语以及阿非利卡人的文化与历史等方面的基本理论和知识，接受阿非利卡语听、说、读、写、译等方面的技能训练，进行阿非利卡语的翻译、教学与研究等。阿非利卡语属印欧语系日耳曼语族，是南非共和国11种官方语言之一，在纳米比亚也有官方地位，是其族际通用语之一。 关键词： 印欧语系 南非 纳米比亚。,《基础阿非利卡语》、《高级阿非利卡语》、《阿非利卡语泛读》、《阿非利卡语语法》、《阿非利卡语视听》、《阿非利卡语口语》、《阿非利卡语写作》、《翻译理论与实践》、《阿非利卡语报刊选读》、《阿非利卡语文学作品选读》。,外事、外贸类企事业：阿非利卡语翻译、国际商贸。,https://p.qianwen.com/major/tab?app=index&collegesTab=allColleges&webCompassApp=true&q=%E9%98%BF%E9%9D%9E%E5%88%A9%E5%8D%A1%E8%AF%AD%E4%B8%93%E4%B8%9A&entry=gaokao_channel&device=pc
吉尔吉斯语,050264T,文学,外国语言文学类,四年,文学学士,18254,,,,,不限,吉尔吉斯语主要研究吉尔吉斯语语言、语法、口语以及吉尔吉斯斯坦和吉尔吉斯族的文化与历史等方面的基本理论和知识，接受吉尔吉斯语听、说、读、写、译等方面的技能训练，进行吉尔吉斯语的翻译、教学与研究等。吉尔吉斯语又称柯尔克孜语，是吉尔吉斯斯坦的官方语言之一，属阿尔泰语系突厥语族，主要分布于中亚吉尔吉斯斯坦、阿富汗斯坦以及中国的新疆维吾尔自治区西南部等地。 关键词：吉尔吉斯语 阿拉伯字母 吉尔吉斯斯坦 吉尔吉斯族。,《基础吉尔吉斯语》、《高级吉尔吉斯语》、《吉尔吉斯语泛读》、《吉尔吉斯语语法》、《吉尔吉斯语视听》、《吉尔吉斯语口语》、《吉尔吉斯语写作》、《翻译理论与实践》、《吉尔吉斯语报刊选读》、《吉尔吉斯族文化》。,外事、外贸类企事业：吉尔吉斯语翻译、国际商贸。,https://p.qianwen.com/major/tab?app=index&collegesTab=allColleges&webCompassApp=true&q=%E5%90%89%E5%B0%94%E5%90%89%E6%96%AF%E8%AF%AD%E4%B8%93%E4%B8%9A&entry=gaokao_channel&device=pc
索马里语,050265T,文学,外国语言文学类,四年,文学学士,17631,,,,,,索马里语主要研究索马里语语言、语法、口语以及索马里的文化与历史等方面的基本理论和知识，接受索马里语听、说、读、写、译等方面的技能训练，进行索马里语的翻译、教学与研究等。索马里语是非洲东部国家索马里的官方语言，属闪含语系库希特语族，主要分布于索马里、埃塞俄比亚、苏丹、肯尼亚等国家和地区。 关键词：索马里语 拉丁字母 奥斯马尼亚字母 索马里。,《基础索马里语》、《高级索马里语》、《索马里语泛读》、《索马里语语法》、《索马里语视听》、《索马里语口语》、《索马里语写作》、《翻译理论与实践》、《索马里语报刊选读》、《索马里概况》。,外事、外贸类企事业：索马里语翻译、国际商贸。,https://p.qianwen.com/major/tab?app=index&collegesTab=allColleges&webCompassApp=true&q=%E7%B4%A2%E9%A9%AC%E9%87%8C%E8%AF%AD%E4%B8%93%E4%B8%9A&entry=gaokao_channel&device=pc
阿塞拜疆语,050272T,文学,外国语言文学类,四年,文学学士,17627,,,,,,阿塞拜疆语主要研究阿塞拜疆语语言、语法、口语以及阿塞拜疆的文化与历史等方面的基本理论和知识，接受阿塞拜疆语听、说、读、写、译等方面的技能训练，进行阿塞拜疆语的翻译、教学与研究等。阿塞拜疆语是阿塞拜疆的官方语言，属突厥语系，与土耳其语有很大联系，主要分布于阿塞拜疆、伊朗和原苏联地区。 关键词： 拉丁字母 伊朗 阿塞拜疆。,《基础阿塞拜疆语》、《高级阿塞拜疆语》、《阿塞拜疆语泛读》、《阿塞拜疆语语法》、《阿塞拜疆语视听》、《阿塞拜疆语口语》、《阿塞拜疆语写作》、《翻译理论与实践》、《阿塞拜疆语报刊选读》、《阿塞拜疆概况》。,外事、外贸类企事业：阿塞拜疆语翻译、国际商贸。,https://p.qianwen.com/major/tab?app=index&collegesTab=allColleges&webCompassApp=true&q=%E9%98%BF%E5%A1%9E%E6%8B%9C%E7%96%86%E8%AF%AD%E4%B8%93%E4%B8%9A&entry=gaokao_channel&device=pc
德顿语,050289T,文学,外国语言文学类,四年,文学学士,17501,,,,,,德顿语是东帝汶的官方语言，属于南岛语系。该专业主要培养具有扎实的相应语语言基础比较广泛的科学文化知识，能从事翻译、研究、教学、管理工作的相应语言高级专门人才。例如：在大使馆从事德顿语相关工作。 关键词：小语种 语言 翻译。,《基础德顿语》、《高级德顿语》、《报刊选读》、《德顿语口语》、《德顿语写作》、《翻译理论与实践》、《语言理论》、《语言学概论》等。,政府部门：公务员 企事业单位：高校教师、翻译、德顿语研究、外资企业等。,https://p.qianwen.com/major/tab?app=index&collegesTab=allColleges&webCompassApp=true&q=%E5%BE%B7%E9%A1%BF%E8%AF%AD%E4%B8%93%E4%B8%9A&entry=gaokao_channel&device=pc
毛利语,050283T,文学,外国语言文学类,四年,文学学士,16862,,,,,,毛利语是新西兰土著毛利人的语言，也是新西兰的三种官方语言之一。该专业主要培养具有扎实的相应语语言基础比较广泛的科学文化知识，能从事翻译、研究、教学、管理工作的相应语言高级专门人才。例如：在大使馆从事毛利语相关工作。 关键词：小语种 语言 翻译。,《基础毛利语》、《高级毛利语》、《报刊选读》、《毛利语口语》、《毛利语写作》、《翻译理论与实践》、《语言理论》、《语言学概论》等。,政府部门：公务员 企事业单位：高校教师、翻译、毛利语研究、外资企业、旅游公司等。,https://p.qianwen.com/major/tab?app=index&collegesTab=allColleges&webCompassApp=true&q=%E6%AF%9B%E5%88%A9%E8%AF%AD%E4%B8%93%E4%B8%9A&entry=gaokao_channel&device=pc
卢旺达语,050295T,文学,外国语言文学类,四年,文学学士,16070,,,,,,卢旺达语是班图语系的一种语言，该专业主要培养具有扎实的相应语语言基础比较广泛的科学文化知识，能从事翻译、研究、教学、管理工作的相应语言高级专门人才。例如：在大使馆从事卢旺达语相关工作。 关键词：小语种 语言 翻译。,《基础卢旺达语》、《高级卢旺达语》、《报刊选读》、《卢旺达语口语》、《卢旺达语写作》、《翻译理论与实践》、《语言理论》、《语言学概论》等。,政府部门：公务员 企事业单位：高校教师、翻译、卢旺达语研究、外资企业、旅游公司等。,https://p.qianwen.com/major/tab?app=index&collegesTab=allColleges&webCompassApp=true&q=%E5%8D%A2%E6%97%BA%E8%BE%BE%E8%AF%AD%E4%B8%93%E4%B8%9A&entry=gaokao_channel&device=pc
科摩罗语,050278T,文学,外国语言文学类,四年,文学学士,16058,,,,,,科摩罗语是斯瓦希里语的一种方言，属于班图语的一种，该专业主要培养具有扎实的相应语语言基础比较广泛的科学文化知识，能从事翻译、研究、教学、管理工作的相应语言高级专门人才。例如：在大使馆从事科摩罗语相关工作。 关键词：小语种 语言 翻译。,《基础科摩罗语》、《高级科摩罗语》、《报刊选读》、《科摩罗语口语》、《科摩罗语写作》、《翻译理论与实践》、《语言理论》、《语言学概论》等。,政府部门：公务员 企事业单位：高校教师、翻译、科摩罗语研究、外资企业等。,https://p.qianwen.com/major/tab?app=index&collegesTab=allColleges&webCompassApp=true&q=%E7%A7%91%E6%91%A9%E7%BD%97%E8%AF%AD%E4%B8%93%E4%B8%9A&entry=gaokao_channel&device=pc
马达加斯加语,050270T,文学,外国语言文学类,四年,文学学士,15710,,,,,,马达加斯加语主要研究马达加斯加语语言、语法、口语以及马达加斯加的文化与历史等方面的基本理论和知识，接受马达加斯加语听、说、读、写、译等方面的技能训练，进行马达加斯加语的翻译、教学与研究等。马达加斯加语是马达加斯加的官方语言之一，属南岛语系印度尼西亚语族，主要分布于马达加斯加本土及邻近诸岛，其中马达加斯加是世界最不发达国家之一。 关键词：南岛语系 马达加斯加 翻译。,《基础马达加斯加语》、《高级马达加斯加语》、《马达加斯加语泛读》、《马达加斯加语语法》、《马达加斯加语视听》、《马达加斯加语口语》、《马达加斯加语写作》、《翻译理论与实践》、《马达加斯加语报刊选读》、《马达加斯加概况》。,外事、外贸类企事业：马达加斯加语翻译、国际商贸。,https://p.qianwen.com/major/tab?app=index&collegesTab=allColleges&webCompassApp=true&q=%E9%A9%AC%E8%BE%BE%E5%8A%A0%E6%96%AF%E5%8A%A0%E8%AF%AD%E4%B8%93%E4%B8%9A&entry=gaokao_channel&device=pc
达里语,050288T,文学,外国语言文学类,四年,文学学士,15061,,,,,不限,达利语是阿富汗，伊朗，塔吉克斯坦的官方语言，该专业主要培养具有扎实的相应语语言基础比较广泛的科学文化知识，能从事翻译、研究、教学、管理工作的相应语言高级专门人才。例如：在大使馆从事达里语相关工作。 关键词：小语种 语言 翻译。,《基础达里语》、《高级达里语》、《报刊选读》、《达里语口语》、《达里语写作》、《翻译理论与实践》、《语言理论》、《语言学概论》等。,政府部门：公务员 企事业单位：高校教师、翻译、达里语研究、外资企业等。,https://p.qianwen.com/major/tab?app=index&collegesTab=allColleges&webCompassApp=true&q=%E8%BE%BE%E9%87%8C%E8%AF%AD%E4%B8%93%E4%B8%9A&entry=gaokao_channel&device=pc
库克群岛毛利语,050292T,文学,外国语言文学类,四年,文学学士,14738,,,,,,库克群岛毛利语专业培养能在外事、经贸、文化、新闻出版、教育、科研、旅游等部门从事翻译、研究、教学、管理工作的相应语言高级专门人才。,《基础库克群岛毛利语》、《高级库克群岛毛利语》、《库克群岛毛利语写作》、《库克群岛毛利语口语》、《库克群岛毛利语语法》、《语言学概论》、《翻译理论与实践》等。,暂无简介。,https://p.qianwen.com/major/tab?app=index&collegesTab=allColleges&webCompassApp=true&q=%E5%BA%93%E5%85%8B%E7%BE%A4%E5%B2%9B%E6%AF%9B%E5%88%A9%E8%AF%AD%E4%B8%93%E4%B8%9A&entry=gaokao_channel&device=pc
绍纳语,050280T,文学,外国语言文学类,四年,文学学士,14695,,,,,,绍纳语是尼日尔—刚果语系班图语族的一种语言。该专业主要培养具有扎实的相应语语言基础比较广泛的科学文化知识，能从事翻译、研究、教学、管理工作的相应语言高级专门人才。例如：在大使馆从事绍纳语相关工作。 关键词：小语种 语言 翻译。,《基础绍纳语》、《高级绍纳语》、《报刊选读》、《绍纳语口语》、《绍纳语写作》、《翻译理论与实践》、《语言理论》、《语言学概论》等。,政府部门：公务员 企事业单位：高校教师、翻译、绍纳语研究、外资企业、旅游公司等。,https://p.qianwen.com/major/tab?app=index&collegesTab=allColleges&webCompassApp=true&q=%E7%BB%8D%E7%BA%B3%E8%AF%AD%E4%B8%93%E4%B8%9A&entry=gaokao_channel&device=pc
库尔德语,050286T,文学,外国语言文学类,四年,文学学士,14500,,,,,不限,库尔德语属印欧语系-伊朗语族-西伊朗语支，该专业主要培养具有扎实的相应语语言基础比较广泛的科学文化知识，能从事翻译、研究、教学、管理工作的相应语言高级专门人才。例如：在大使馆从事库尔德语相关工作。 关键词：小语种 语言 翻译。,《基础库尔德语》、《高级库尔德语》、《报刊选读》、《汤加语口语》、《库尔德语写作》、《翻译理论与实践》、《语言理论》、《语言学概论》等。,政府部门：公务员 企事业单位：高校教师、翻译、库尔德语研究、外资企业等。,https://p.qianwen.com/major/tab?app=index&collegesTab=allColleges&webCompassApp=true&q=%E5%BA%93%E5%B0%94%E5%BE%B7%E8%AF%AD%E4%B8%93%E4%B8%9A&entry=gaokao_channel&device=pc
区域国别学,0502104TK,文学,外国语言文学类,四年,文学学士,101,,,,,,区域国别学是研究世界各个区域和国家的政治、经济、文化、社会等方面的综合性学科，旨在深入了解不同区域和国家的特点、发展规律以及相互之间的关系。,区域国别学导论、世界地理、世界历史、区域概论、区域政治与国际关系、区域经济与社会发展、国别政治与外交等,毕业生可以在政府部门从事外交、外事、国际合作等工作，为国家的对外政策制定提供参考；也可以在高校、科研机构从事教学和研究工作，推动区域国别学的学科发展；还可以在企业中担任国际业务专员、市场分析师等职务，为企业的跨国经营和国际市场拓展提供支持。此外，在新闻媒体、国际组织等领域，也有广泛的就业机会。,https://p.qianwen.com/major/tab?app=index&collegesTab=allColleges&webCompassApp=true&q=%E5%8C%BA%E5%9F%9F%E5%9B%BD%E5%88%AB%E5%AD%A6%E4%B8%93%E4%B8%9A&entry=gaokao_channel&device=pc
网络与新媒体,050306T,文学,新闻传播学类,四年,文学学士,1566464,7300,北京市,影视策划/制作,媒体,,本专业要求学生能够把握传统媒介和新媒体与信息网络领域的变革趋势；理解信息网络交叉融合的发 展方向、新媒体与信息网络业态的多样性；掌握和运用新媒体内容策划与制作、新媒体与信息网络的传播战略、现代互动营销理论和媒体经营模式、新互动广告类型 策划与创意、新媒介数据监测系统分析应用等知识结构体系，最终培养能够服务于广播电视网络、通信网络、互联网络等各种新媒体行业所急需的高级复合型专业人 才。,《传播学原理》、《新媒体概论》、《网络传播》、《传播统计学》、《新媒体技术与运用》、《新媒体创意与策划》、《新媒体营销传播》、《网络新闻编辑》、《网页设计与制作》、《数据库系统原理》 部分高校按以下专业方向培养：媒体创意、新媒体网络经营。,编辑，网络运营专员/助理，互联网产品经理，文案策划，广播电视编导，小学教师,https://p.qianwen.com/major/tab?app=index&collegesTab=allColleges&webCompassApp=true&q=%E7%BD%91%E7%BB%9C%E4%B8%8E%E6%96%B0%E5%AA%92%E4%BD%93%E4%B8%93%E4%B8%9A&entry=gaokao_channel&device=pc
新闻学,050301,文学,新闻传播学类,四年,文学学士,1551425,6100,北京市,编辑/记者,媒体,历史 / 思政 / 思政+历史 / 历史+地理 / 思政+历史+地理,本专业学生应掌握新闻学基本理论，了解新闻实践的历史沿革及发展趋势，了解国内外新闻事业的现状与动态；掌握一定的经济学知识，具备从事经济新闻采访、写作、编辑、评论的业务能力；掌握媒体经营管理的基本理论，熟悉有关媒体经营管理的政策法规，具备从事媒体经营管理的基本素养；比较熟练地运用一门外语阅读专业书刊，并具有一定的听、说、写能力；能合在报社、杂志社、广播电台、电视台、通讯社、新闻网站等新闻单位从事采编工作和大众传播媒介的经营管理工作，也可以进入政府部门、大型企事业单位从事公关策划工作。,《新闻学概论》、《中国新闻事业史》、《外国新闻事业史》、《新闻采访与写作》、《新闻编辑与评论》、《马列新闻论著选读》、《现代汉语基础》、《大众传播学》、《广播电视学》、《新闻法规与新闻职业道德》 部分高校按以下专业方向培养：法治新闻、广播电视、国际新闻、经济新闻、体育新闻、新闻摄影、数据新闻报道、网络与新媒体、影视后期制作、财经新闻、传媒经营。,记者/采编，公务员(中央国家机关)，公务员(省级机关)，公务员(地市级机关)，公务员(区县级及以下机关)，考研，编辑，助理/秘书/文员，文字编辑/组稿，文案策划，事业单位人员,https://p.qianwen.com/major/tab?app=index&collegesTab=allColleges&webCompassApp=true&q=%E6%96%B0%E9%97%BB%E5%AD%A6%E4%B8%93%E4%B8%9A&entry=gaokao_channel&device=pc
广告学,050303,文学,新闻传播学类,四年,文学学士,867576,6300,北京市,广告/文案/策划,广告,历史 / 思政+历史 / 思政+历史+地理,本专业要求学生熟练掌握现代广告理论，了解广告实践的历史沿革及发展趋势，了解国内外广告业的现状与动态；掌握现代广告经营管理的基本知识，具有行业经济、国际贸易、公共关系等方面的知识，具备从事广告调研、策划、创意、设计、制作、发布的业务能力；熟悉广告活动的业务流程，熟悉有关广告的政策法规；比较熟练地运用一门外语阅读专业书刊，并具有一定的听、说、写能力；能在广告公司、广告媒体、广告客户、国家行政机构等单位，从事广告经营、广告管理、广告策划、广告创意、广告传播、公关策划等方面的工作，也可以从事广告方面的教学与科研工作。,《传播学概论》、《中国文化概论》、《中外广告史》、《广告学》、《广告策划》、《平面广告设计》、《广告摄像与摄影》、《广告经营与管理学》、《新闻事业管理》、《广告法规与管理》 部分高校按以下专业方向培养：媒介经营、网络传播、形象设计、新媒体传播、平面广告设计、体育营销传播、广告策划与设计。,公务员(中央国家机关)，公务员(省级机关)，公务员(地市级机关)，公务员(区县级及以下机关)，事业单位人员，助理/秘书/文员，记者/采编，平面设计，文案策划，市场策划/企划专员/助理，广告文案策划,https://p.qianwen.com/major/tab?app=index&collegesTab=allColleges&webCompassApp=true&q=%E5%B9%BF%E5%91%8A%E5%AD%A6%E4%B8%93%E4%B8%9A&entry=gaokao_channel&device=pc
传播学,050304,文学,新闻传播学类,四年,文学学士,774153,6900,北京市,编辑/记者,媒体,历史 / 思政+历史,本专业主要培养研究分析能力强，熟悉我国媒体市场运作，熟练运用计算机处理数据，能在新闻媒体、企事业单位及经济管理部门从事媒介市场研究、传播效果分析、受众调查、信息管理与开发的实用型和通用型的高级专门人才。,《中外新闻传播史》、《传播学概论》、《新闻学概论》、《舆论学》、《文艺美学》、《基础摄影》、《影视脚本创作》、《新闻采访与写作》、《多媒体应用技术》、《网络传播与文化》 部分高校按以下专业方向培养：新闻、网络传播、新媒体传播、媒体市场调查与分析、网络媒体经营与管理。,公务员(中央国家机关)，公务员(省级机关)，公务员(地市级机关)，公务员(区县级及以下机关)，记者/采编，广播电视编导，文字编辑/组稿，助理/秘书/文员，编辑，网络运营专员/助理，事业单位人员,https://p.qianwen.com/major/tab?app=index&collegesTab=allColleges&webCompassApp=true&q=%E4%BC%A0%E6%92%AD%E5%AD%A6%E4%B8%93%E4%B8%9A&entry=gaokao_channel&device=pc
广播电视学,050302,文学,新闻传播学类,四年,文学学士,714298,6700,北京市,,,历史 / 思政,本专业培养从事广播电视学工作的高级应用型人才和从事广播电视学研究的较高层次专门人才；要求学生具备扎实的广播电视学、大众传播学专业基础知识和专业技能，具备较广博的科学文化知识和较深厚人文底蕴，能够从事并胜任广播、电视行业采、写、编、播、摄录、评论、主持、策划等各项工作以及其他新闻部门工作。,《广播电视概论》、《广播电视技术基础》、《广播电视新闻采访与写作》、《广播电视节目策划》、《广播电视编辑》、《广播电视节目制作》、《电视专题与电视栏目》、《电视摄像技术》、《广播电视史》、《广播电视法规与广电职业道德》 部分高校按以下专业方向培养：财经新闻、电视摄影、影视编导、播音与主持、新媒体传播、国际新闻传播、影视多媒体技术。,编辑，小学教师，记者，公务员，广播电视编导，助理/秘书/文员,https://p.qianwen.com/major/tab?app=index&collegesTab=allColleges&webCompassApp=true&q=%E5%B9%BF%E6%92%AD%E7%94%B5%E8%A7%86%E5%AD%A6%E4%B8%93%E4%B8%9A&entry=gaokao_channel&device=pc
编辑出版学,050305,文学,新闻传播学类,四年,文学学士,676527,6000,北京市,编辑/记者,媒体,思政,本专业旨在培养掌握编辑出版、语言文化、经济管理等基本知识和基本理论，具备书刊编辑策划、出版经营管理、出版物市场营销、出版新技术等方面的知识与能力，能够在出版单位、发行部门、新闻机构等从事编辑策划、出版管理、发行营销等方面工作的应用型高级专门人才。 要求学生掌握编辑与出版的基本理论与基本知识；掌握市场分析？选题策划？文字加工？宣传促销的知识与方法；具有较强的口头表达和文字表达能力和初步从事科学研究的能力；了解我国有关编辑与出版市场营销的方针？政策？法规；了解有关社会科学？人文科学？管理科学？自然科学与技术科学基本知识？,《编辑学概论》、《古代汉语》、《现代汉语》、《出版发行学基础》、《中国编辑出版史》、《图书学》、《出版美学》、《书业法律基础》、《报刊编辑学》、《出版现代技术》 部分高校按以下专业方向培养：新媒体、网络编辑。,编辑，公务员(中央国家机关)，公务员(省级机关)，公务员(地市级机关)，公务员(区县级及以下机关)，考研，记者/采编，文字编辑/组稿，助理/秘书/文员，文案策划，事业单位人员,https://p.qianwen.com/major/tab?app=index&collegesTab=allColleges&webCompassApp=true&q=%E7%BC%96%E8%BE%91%E5%87%BA%E7%89%88%E5%AD%A6%E4%B8%93%E4%B8%9A&entry=gaokao_channel&device=pc
数字出版,050307T,文学,新闻传播学类,四年,文学学士,512426,6100,华东地区,艺术设计,互联网,不限,数字出版主要研究编辑学、数字出版、计算机技术等方面的基本知识和技能，在网络传播、出版、宣传等行业进行书刊、杂志、报纸、音乐的数字化出版、发行、传播与管理等。例如：电子书、数字报纸、数字期刊的出版，线上音乐的发行与传播，DVD的出版与发行，彩铃、彩信的生成与编辑等。 关键词：电子书 数字期刊 MP3 DVD。,《图书出版史》、《网络传播》、《数字书刊编辑学》、《数字出版技术》、《编辑出版概论》、《网页编辑》、《多媒体编辑》、《出版法规与版权贸易》、《媒介经营与管理》、《社会学概论》。,新闻、出版类企事业单位：书刊、杂志、报纸的数字化出版与传播。,https://p.qianwen.com/major/tab?app=index&collegesTab=allColleges&webCompassApp=true&q=%E6%95%B0%E5%AD%97%E5%87%BA%E7%89%88%E4%B8%93%E4%B8%9A&entry=gaokao_channel&device=pc
国际新闻与传播,050309T,文学,新闻传播学类,四年,文学学士,191978,,,,,不限,国际新闻与传播学主要研究新闻现象和新闻活动规律、人类传播行为和过程发展规律、国际新闻传播发展现实需要和未来前景等，培养能够掌握现现代电子媒体、特别是网络多媒体传播等对外宣传及涉外新闻报道技能的国际传播应用型人才。例如：在新闻传媒机构和节目制作单位能够胜任专业记者、编辑工作。 关键词：国际 新闻 传播。,《英语新闻采访与写作》、《新闻理论》、《传播学概论》、《高级英语》、《英语新闻评论》、《新闻摄影》、《国际新闻与中国外交》、《中外新闻史》、《国际传播》等。,传媒行业：记者、编辑、播音、媒介管理者、公关人员、作者、翻译者、教师、研究者、广告业人士、跨文化交流和传播者。,https://p.qianwen.com/major/tab?app=index&collegesTab=allColleges&webCompassApp=true&q=%E5%9B%BD%E9%99%85%E6%96%B0%E9%97%BB%E4%B8%8E%E4%BC%A0%E6%92%AD%E4%B8%93%E4%B8%9A&entry=gaokao_channel&device=pc
时尚传播,050308T,文学,新闻传播学类,四年,文学学士,107734,,,,,不限,时尚传播是为了满足时尚产业的传播人才需求，由国家教育部特别设置的专业，主要研究时尚行业的特性和要求、现代传播新技术、时尚传播基础知识、新媒体传播技术等，培养具备策划、制作、执行等时尚产业全媒体传播实际工作能力的复合应用型人才。例如：在时尚企业做时尚媒体策划等。 关键词：时尚 传播 媒体。,《传播学概论》、《新媒体传播》、《时尚整合营销传播》、《时尚与审美》、《视听语言》、《虚拟空间表现（虚拟漫游）》、《VR基础与创意来源》、《动态图像实验》、《影视特效表现》、《时尚场景社交》、《服饰搭配艺术》、《公共关系与活动策划》。,企事业单位：时尚项目（活动）策划执行专员、自媒体策划与运营、时尚媒体策划专员、时尚新媒体编辑。,https://p.qianwen.com/major/tab?app=index&collegesTab=allColleges&webCompassApp=true&q=%E6%97%B6%E5%B0%9A%E4%BC%A0%E6%92%AD%E4%B8%93%E4%B8%9A&entry=gaokao_channel&device=pc
会展,050310T,文学,新闻传播学类,四年,文学学士、管理学学士,99680,,,,,不限,培养适应行业需要，具有良好职业道德和商务素养，掌握互联网+会展行业必备的基础理论和专门知识，具备从事节事、会议、展览、演艺活动、赛事、奖励旅游及商务活动策划与管理实际工作能力，具有创新创业和实践精神的高素质技术技能人才。,《会展学概论》、《中外会展史》、《会展策划》、《会展管理》、《会展营销》、《会展平台与产业发展》、《会展前沿与动态》、《会展文案》、《 会展英语》、《会展礼，仪》、《谈判技巧》等。,能够在会展企业从事项目策划、市场分析、运营管理、招商招展及相关业务工作；能够在大中型企事业单位从事市场推广、参展规划与管理工作。,https://p.qianwen.com/major/tab?app=index&collegesTab=allColleges&webCompassApp=true&q=%E4%BC%9A%E5%B1%95%E4%B8%93%E4%B8%9A&entry=gaokao_channel&device=pc
汉语言文学,050101,文学,中国语言文学类,四年,文学学士,2619907,5600,北京市,行政/后勤/文秘,教育培训,历史 / 思政+历史 / 物理+化学 / 思政+历史+地理,本专业培养能够从事语言文学教学与研究工作或与专业相关的工作的专门人才。通过本专业的学习，使学生具有坚实宽厚的文史哲基础知识和理论，较高的文学修养、鉴赏和评论能力，较强的写作能力、古籍阅读能力、外语能力和一定的科研能力。,《中国古代文学》、《中国现代文学》、《中国当代文学》、《外国文学》、《比较文学》、《民间文学》、《儿童文学》、《影视文学》、《古代汉语》、《现代汉语》 部分高校按以下专业方向培养：编辑、文秘、播音主持、财经文秘、创意写作、高级文秘、高级文员、企业秘书、商务文秘、新闻传播。,事业单位人员，公务员(中央国家机关)，公务员(省级机关)，公务员(地市级机关)，公务员(区县级及以下机关)，考研，高中教师，小学教师，助理/秘书/文员，大学教师，初中教师,https://p.qianwen.com/major/tab?app=index&collegesTab=allColleges&webCompassApp=true&q=%E6%B1%89%E8%AF%AD%E8%A8%80%E6%96%87%E5%AD%A6%E4%B8%93%E4%B8%9A&entry=gaokao_channel&device=pc
汉语国际教育,050103,文学,中国语言文学类,四年,文学学士,689411,5600,北京市,教师,教育培训,历史 / 思政 / 思政+历史 / 思政+历史+地理,本专业要求学生熟练掌握汉语言文学的基本理论和知识，具备良好的汉语言文字学和文学修养；具备良好的普通语言学基本知识和基本理论，掌握第二语言习得理论和非母语汉语教学基本理论，受到教育学、心理学和教学法的指导和训练；具备坚实的文史基础以及较宽广的文化视野，对中国和世界文化、历史、艺术及相关的社会科学、人文科学与自然科学有一定的了解；熟悉教育法规、现代教育理念，掌握现代信息技术，有较强的计算机操作能力和运用现代教育技术辅助教学的能力；英文基础扎实，有良好的听、说、读、写以及翻译能力；有较高的普通话水平，较强的沟通能力，良好的口语和书面语表达能力以及应变开拓能力，能在国内外相关学校或企事业单位从事汉语教学、跨文化传播及相关工作的专业人才。,《基础英语》、《英语写作》、《英汉翻译》、《现代汉语》、《古代汉语》、《西方文化与礼仪》、《国外汉学研究》、《中国文学》、《外国文学》、《对外汉语教学概论》 部分高校按以下专业方向培养：汉英双语、商务汉语。,小学教师，中学教师，公务员，助理/秘书/文员，人力资源管理人员，教学/教务管理人员，培训/招生/课程顾问，企业行政人员,https://p.qianwen.com/major/tab?app=index&collegesTab=allColleges&webCompassApp=true&q=%E6%B1%89%E8%AF%AD%E5%9B%BD%E9%99%85%E6%95%99%E8%82%B2%E4%B8%93%E4%B8%9A&entry=gaokao_channel&device=pc
汉语言,050102,文学,中国语言文学类,四年,文学学士,662936,6500,北京市,行政/后勤/文秘,教育培训,历史,本专业培养能够从事语言文字教学与研究工作或与此专业相关工作的专门人才。通过本专业的学习，使学生具有坚实宽厚的文史哲基础知识和理论，扎实的语言学理论基础和汉语及汉语史知识，一定的语言分析能力，较强的写作能力，古籍阅读能力和外语能力。,《语言学概论》、《现代汉语》、《古代汉语》、《文学概论》、《中国文学史》、《中国语言学史》、《计算语言学》、《汉语史》、《音韵学》、《汉语方言调查》 部分高校按以下专业方向培养：应用语言学。,公务员(中央国家机关)，公务员(省级机关)，公务员(地市级机关)，公务员(区县级及以下机关)，事业单位人员，高中教师，初中教师，考研，编辑，小学教师，助理/秘书/文员,https://p.qianwen.com/major/tab?app=index&collegesTab=allColleges&webCompassApp=true&q=%E6%B1%89%E8%AF%AD%E8%A8%80%E4%B8%93%E4%B8%9A&entry=gaokao_channel&device=pc
秘书学,050107T,文学,中国语言文学类,四年,文学学士,578120,5200,北京市,行政/后勤/文秘,教育培训,历史 / 思政+历史+地理 / 思政+历史 / 历史+地理,本专业学生应具有广博的基础知识和精深的专业知识，系统掌握秘书学、文书学、逻辑学、应用写作、档案管理、形象礼仪、现代办公、企业和行政管理等方面的基本知识；熟悉现代办公流程，全面掌握打印机、复印机、多功能一体机、扫描仪和传真机等办公设备的操作及维护；具有良好的职业精神、深厚的语言文化素养和较强的企业与行政管理能力；具备适合秘书要求的听、说、写、做的能力，能够胜任行政机关、企事业单位、社会团体等部门从事文秘工作的应用型文秘人才。,《秘书学概论》、《秘书实务》、《策划学基础》、《现代汉语基础》、《秘书公关和礼仪》、《秘书文档管理》、《中国秘书史》、《中外秘书比较》、《秘书写作》、《秘书实训》。,助理/秘书/文员，小学教师，中学教师，公务员，企业行政人员，人力资源管理人员,https://p.qianwen.com/major/tab?app=index&collegesTab=allColleges&webCompassApp=true&q=%E7%A7%98%E4%B9%A6%E5%AD%A6%E4%B8%93%E4%B8%9A&entry=gaokao_channel&device=pc
古典文献学,050105,文学,中国语言文学类,四年,文学学士,563324,7300,上海市,行政/后勤/文秘,媒体,历史,古典文献学主要研究古籍整理、中国古典文献学方面的基本理论和知识，涉及中国古代文学典籍的研究、考辨、编纂、译注及现代化传播等，多在图书馆、出版社、文化单位进行中国古籍的辨伪、校勘、注解等。常见的中国古典文献有：《周易》、《诗经》、《论语》、《说文解字》、《礼记》、《史记》、《资治通鉴》等。 关键词：史记 论语 周易 诗经。,《中国古典文献学》、《目录学》、《版本学》、《校勘学》、《文字学》、《音韵学》、《训诂学》、《出土文献概论》、《古代文化概论》、《古文献学史》。,出版社、图书馆、文化单位：古典文献的研究、校勘、注解。,https://p.qianwen.com/major/tab?app=index&collegesTab=allColleges&webCompassApp=true&q=%E5%8F%A4%E5%85%B8%E6%96%87%E7%8C%AE%E5%AD%A6%E4%B8%93%E4%B8%9A&entry=gaokao_channel&device=pc
应用语言学,050106T,文学,中国语言文学类,四年,文学学士,369691,8300,北京市,行政/后勤/文秘,房地产,历史,应用语言学主要研习语言学、语义、语法、语音等方面的基本知识和理论，研究各种与语言有关的实际问题，包括语言教学、标准语的建立和规范化、文字的创制和改革、辞书编纂、翻译等。例如：简体字的创制，标点符号和字母表的改进，词典和字典的编撰与修订，外文文章的翻译等。 关键词：简体字 标点符号 词典 翻译。,《语言理论》、《语言研究方法》、《应用语言学》、《对外汉语教学概论》、《语法理论》、《语义理论》、《词汇理论》、《实验语音学》、《汉语语用学》、《语言与文化》。,出版类企事业单位：文字评论、文字编辑、辞书修订； 各类企事业单位：文案策划； 中小学、教育机构：语文教学。,https://p.qianwen.com/major/tab?app=index&collegesTab=allColleges&webCompassApp=true&q=%E5%BA%94%E7%94%A8%E8%AF%AD%E8%A8%80%E5%AD%A6%E4%B8%93%E4%B8%9A&entry=gaokao_channel&device=pc
中国语言与文化,050108T,文学,中国语言文学类,四年,文学学士,162694,,,,,,中国语言与文化专业主要研究中国语言及文化的相关历史与知识，为文化传播、历史传承提供底蕴及支持，培养能够在高等和中等学校进行汉语言文学教学和教学研究的教师、教学研究人员及其他教育工作者。例如：在报社采访、出版社杂志、社编辑、党政机关文化宣传部门等从事编辑、报告、宣传、文秘等工作。 关键词：汉语言 教师 编辑。,《语言学概论》、《现代汉语》、《古代汉语》、《中国汉字学》、《中外语言学史》、《中国文化概论》、《文学概论》、《马克思主义文论》、《中国现代文学史》、《中国古代文学史》、《民间文学》、《写作》、《文艺心理学》等。,企事业单位：编辑、报告、宣传、文秘等 学校：中小学及高校教学、研究生科研。,https://p.qianwen.com/major/tab?app=index&collegesTab=allColleges&webCompassApp=true&q=%E4%B8%AD%E5%9B%BD%E8%AF%AD%E8%A8%80%E4%B8%8E%E6%96%87%E5%8C%96%E4%B8%93%E4%B8%9A&entry=gaokao_channel&device=pc
中国少数民族语言文学,050104,文学,中国语言文学类,四年,文学学士,144909,6200,北京市,行政/后勤/文秘,教育培训,历史 / 历史+地理,本专业要求学生掌握本专业的基本知识以及与专业有关的新闻、历史、哲学、艺术、计算语言学、心理学、教育学、行政管理学、文书学、逻辑学、民族学等相关学科的知识； 具有较强的语言、文学修养和鉴赏能力，能阅读古典文献； 了解我国关于民族语言文字和文学艺术的方针、政策及法规； 了解本学科的前沿成就和发展前景； 掌握有关民族文献资料的查询方法，有较强的写作能力和一定的实际工作能力以及初步的科研能力；在少数民族教育文化部门及相关单位从事有关少数民族语、文字、文学、文献的教学、研究、编辑、翻译、新闻、文学创作等方面的工作。,《语言学概论》、《有关民族语言史》、《古代汉语》、《有关民族现代语言》、《现代汉语》、《汉语一民族语语法对比》、《文学概论》、《有关民族文学史》、《中国文学史》、《有关民族历史》 部分高校按以下专业方向培养：满语、藏语言文学。,事业单位人员，公务员(中央国家机关)，公务员(省级机关)，公务员(地市级机关)，公务员(区县级及以下机关)，助理/秘书/文员，警察，小学教师，其他语种翻译，高中教师，初中教师,https://p.qianwen.com/major/tab?app=index&collegesTab=allColleges&webCompassApp=true&q=%E4%B8%AD%E5%9B%BD%E5%B0%91%E6%95%B0%E6%B0%91%E6%97%8F%E8%AF%AD%E8%A8%80%E6%96%87%E5%AD%A6%E4%B8%93%E4%B8%9A&entry=gaokao_channel&device=pc
手语翻译,050109T,文学,中国语言文学类,四年,文学学士,87301,,,,,不限,手语翻译专业架起了聋听沟通的桥梁，培养具有博爱精神和人文情怀，扎实的手语、汉语基础，较强的手语汉语互译能力和多元文化交际与沟通能力，高素质应用型手语翻译工作者。例如：为听障人士提供将口语翻译成手语的服务。 关键词：手语 翻译 教育。,《手语语言学》、《国家通用手语》、《行业手语》、《手语翻译概论》、《聋人与社会》、《手语翻译技巧》、《同声传译》、《文体翻译》。,企事业单位：接待翻译、手语播音主持、传译、聋校教学、聋人事务管理等。,https://p.qianwen.com/major/tab?app=index&collegesTab=allColleges&webCompassApp=true&q=%E6%89%8B%E8%AF%AD%E7%BF%BB%E8%AF%91%E4%B8%93%E4%B8%9A&entry=gaokao_channel&device=pc
汉学与中国学,050112T,文学,中国语言文学类,四年,文学学士,11995,,,,,,汉学与中国学主要研究汉学和中国学等方面的理论知识，包含中国语言，文学，文化，历史，以及在哲学，政治，经济，社会等方面深刻研究中国历史。熟悉中国国家战略和文化、外交等政策，接受汉学有关理论、发展历史、研究现状等方面的系统教育，具备人文情怀和社会责任感。关键词：现代汉语 古代汉语 近现代文学,中国历史，中国文化，中国哲学，古代汉语，现代汉语，文学理论，文化遗产，比较文化，国际汉学，专业英语,教育机构：汉语教学、文化传播； 外交、外贸单位：国际交流、翻译； 文化机构：文化研究、传承； 深造：考研或保研，继续中国语言文学、历史学等相关专业的学习深造。,https://p.qianwen.com/major/tab?app=index&collegesTab=allColleges&webCompassApp=true&q=%E6%B1%89%E5%AD%A6%E4%B8%8E%E4%B8%AD%E5%9B%BD%E5%AD%A6%E4%B8%93%E4%B8%9A&entry=gaokao_channel&device=pc
中国古典学,050111T,文学,中国语言文学类,四年,文学学士,11877,,,,,,中国古典学主要研究的是中国古代经典，是以古代中国的本体研究为目标所设立的新专业。关注中国古代语言文字和古代经典的继承，强调继承中国传统小学研究的方法，由小学通大学，在中国传统文献学的基础上，加强对于中国古代经典的诠释，同时重视“语文学”，强调除古代汉语之外，对于古代中国境内其他民族历史语言文化的研究，推广中华民族共同体理念下的中华民族优秀传统文化观念。强调与海外汉学的对话，强调文明互鉴，同时也希望能够与海外汉学合作，形成世界性的古代中国研究模式。关键词：唐宋学 古代经典 名著,中国古代文学，中国古代历史，古代汉语，训诂学，目录学，版本学，古典文献学，经学概论，史学理论，哲学导论,教育机构：中小学语文教师、高校教师； 文化出版单位：编辑、校对、策划； 科研院所：学术研究、文献整理； 深造：考研或保研，继续古典文献、历史学等相关专业的学习深造。,https://p.qianwen.com/major/tab?app=index&collegesTab=allColleges&webCompassApp=true&q=%E4%B8%AD%E5%9B%BD%E5%8F%A4%E5%85%B8%E5%AD%A6%E4%B8%93%E4%B8%9A&entry=gaokao_channel&device=pc
数字人文,050110T,文学,中国语言文学类,四年,文学学士,10427,,,,,,数字人文主要研究人文学科、数字技术等方面的基本理论和知识，进行人文研究的数字化、可视化和传播。例如：历史文献的数字化整理，文化遗产的数字保护，人文数据的分析与可视化等。该专业是人文科学与数字技术的交叉学科，在教育、文化、出版等领域有广泛应用。,数字技术基础，人文社科基础，数字历史，数字文学，数字考古，数据可视化，人文计算，信息管理，数字出版，数字博物馆,教育机构：数字人文教学、研究； 文化出版单位：数字内容开发、编辑； 科研院所：数字人文研究； 深造：考研或保研，继续中国语言文学、历史学等相关专业的学习深造。,https://p.qianwen.com/major/tab?app=index&collegesTab=allColleges&webCompassApp=true&q=%E6%95%B0%E5%AD%97%E4%BA%BA%E6%96%87%E4%B8%93%E4%B8%9A&entry=gaokao_channel&device=pc
应用中文,050113T,文学,中国语言文学类,四年,文学学士,10105,,,,,,应用中文主要研究的是汉语、中国文化以及文学作品，主要学习汉语和中国文学方面的基本知识，受到有关理论、发 展历史、研究现状等方面的系统教育和业务能力的基本训练。关键词：中国文化概论 中国古代文学作品选 中国现代文学作品选 写作,现代汉语，古代汉语，应用写作，文学欣赏，秘书学，办公自动化，传播学，公共关系，企业文化，职场礼仪,企事业单位：文秘、行政、宣传； 媒体机构：编辑、记者、策划； 教育机构：语文教学、培训； 深造：考研或保研，继续中国语言文学、新闻传播学等相关专业的学习深造。,https://p.qianwen.com/major/tab?app=index&collegesTab=allColleges&webCompassApp=true&q=%E5%BA%94%E7%94%A8%E4%B8%AD%E6%96%87%E4%B8%93%E4%B8%9A&entry=gaokao_channel&device=pc
会计学,120203K,管理学,工商管理类,四年,管理学学士,2093352,5600,北京市,财务/审计/税务,房地产,物理 / 地理 / 历史 / 思政 / 思政+历史 / 物理+化学,本专业培养适应社会主义市场经济要求，培养德智体美全面发展，具有经济学、管理学的基础理论，具备财务管理、会计、审计、资产管理等方面专业知识和基本技能，能够在综合经济管理部门、各类企事业单位及会计师事务所、资产评估事务所等中介机构从事管理、咨询等工作的高级专门人才；学生要求系统地掌握会计学的基本理论、知识和技能，能熟练地运用计算机处理财务、会计、审计等方面的业务，较熟练地掌握一门外语。深入理解中国和国际会计准则，精通现代会计业务，掌握国际通行的会计核算与公司理财技能，能够独立从事财务管理、会计核算、审计等方面的工作。,《初级会计》、《计算技术》、《管理统计学》、《高级会计学》、《税收学》、《银行会计实务》、《企业会计实务》、《微观经济学》、《财政金融学》、《财务审计》 部分高校按以下专业方向培养：CPA、ACCA、CIMA、审计、会计师、国际会计、涉外会计、会计电算化、注册会计师、会计实务与管理。,会计/会计师，公务员(中央国家机关)，公务员(省级机关)，公务员(地市级机关)，公务员(区县级及以下机关)，财务分析经理/主管，审计专员/助理，事业单位人员，出纳员，财务助理，银行会计/柜员,https://p.qianwen.com/major/tab?app=index&collegesTab=allColleges&webCompassApp=true&q=%E4%BC%9A%E8%AE%A1%E5%AD%A6%E4%B8%93%E4%B8%9A&entry=gaokao_channel&device=pc
工商管理,120201K,管理学,工商管理类,四年,管理学学士,2042039,6100,北京市,销售业务,房地产,物理 / 历史 / 思政 / 物理+化学,本专业培养具备管理、经济、法律及企业管理方面的知识和能力，能在企、事业单位及政府部门从事管理以及教学、科研方面工作的工商管理学科高级专门人才；要求掌握管理学、经济学的基本原理和现代企业管理的基本理论、基本知识；掌握企业管理的定性、定量分析方法； 具有较强的语言与文字表达、人际沟通以及分析和解决企业管理工作问题的基本能力； 熟悉我国企业管理的有关方针、政策和法规以及国际企业管理的惯例与规则； 了解本学科的理论前沿和发展动态；掌握文献检索、资料查询的基本方法，具有初步的科学研究和实际工作能力。,《管理统计学》、《经营管理学》、《微观经济学》、《采购与供应管理》、《市场预测与决策》、《财务运营》、《工商企业管理》、《质量管理》、《市场营销学》、《管理策略》 部分高校按以下专业方向培养：会计、创业管理、经贸英语、企业管理、拍卖与典当、管理审计CIA、国际企业管理、金融企业管理、跨国公司管理、人力资源管理、中小企业管理。,公务员(中央国家机关)，公务员(省级机关)，公务员(地市级机关)，公务员(区县级及以下机关)，事业单位人员，公司业务，银行会计/柜员，会计/会计师，销售代表，行政专员/助理，人力资源专员/助理,https://p.qianwen.com/major/tab?app=index&collegesTab=allColleges&webCompassApp=true&q=%E5%B7%A5%E5%95%86%E7%AE%A1%E7%90%86%E4%B8%93%E4%B8%9A&entry=gaokao_channel&device=pc
市场营销,120202,管理学,工商管理类,四年,管理学学士,1778376,6400,北京市,销售业务,快消,物理 / 历史 / 生物+思政 / 物理+化学 / 物理+地理,本专业培养具备管理、经济、法律等方面的知识和能力，掌握营销和管理学的基本理论，统计分析、预测决策等知识与方法，具有较强的语言与文字表达、人际沟通，熟悉我国有关市场营销的方针和政策、熟悉国际市场营销惯例，分析和解决营销管理各种问题，熟练掌握一门以上外语，掌握文献检索、资料查询基本方法，了解本学科的理论前沿和发展动态，具有较强实际工作能力，能在各类企、事业单位从事市场营销策划和营销管理工作应用型专门人才。,《管理统计学》、《经营管理学》、《市场预测与决策》、《贸易经济学》、《新媒体与大数据营销》、《国际市场营销》、《宏观经济管理学》、《零售业营销》、《销售心理学》、《互联网营销》 部分高校按以下专业方向培养：医药、电子商务、国际营销、品牌管理、网络营销、大数据金融、奢侈品营销、商务策划与管理、营销管理与策划、时装销售与设计管理。,销售代表，事业单位人员，公务员(中央国家机关)，公务员(省级机关)，公务员(地市级机关)，市场专员/助理，银行会计/柜员，公司业务，市场营销专员/助理，市场策划/企划专员/助理，公务员(区县级及以下机关),https://p.qianwen.com/major/tab?app=index&collegesTab=allColleges&webCompassApp=true&q=%E5%B8%82%E5%9C%BA%E8%90%A5%E9%94%80%E4%B8%93%E4%B8%9A&entry=gaokao_channel&device=pc
财务管理,120204,管理学,工商管理类,四年,管理学学士,1271235,5000,上海市,财务/审计/税务,房地产,历史 / 物理 / 思政 / 物理+思政 / 思政+历史 / 物理+化学,本专业培养具备管理学、经济学、法律和理财、金融等方面的基础知识和能力，具有扎实的财务管理知识和技能，适应政府经济管理部门、企事业单位、金融与证券机构以及会计事务所、资产评估事务所等中介机构的相关业务工作，能在工商、金融企业、事业单位和政府部门从事财务、金融管理以及在大专院校、科研单位从事教学、科研方面工作的工商管理学科高素质复合型专门人才。学生要求掌握管理学科、经济学科的基本理论与基础知识；熟悉国家有关财务管理法律法规和方针、政策；较深入了解市场经济运行机制，具备综合分析、解决财务管理实际问题的能力和初步的科研能力；熟练掌握一门外语，具有较强的外语阅读能力和相当的外语听、说、写、译能力，能利用外语获取专业信息；通过国家计算机二级水平考试，能熟练运用计算机从事业务工作。,《管理统计学》、《税收学》、《高级会计学》、《财务信息系统》、《高级财务会计学》、《金融会计学》、《证券投资学》、《中高级财务管理》、《财务报表编制与分析》、《财务与会计电算化》 部分高校按以下专业方向培养：会计、财务会计、企业理财、税务筹划、投资理财、理财规划师、注册会计师、国际资产经营、企业财务管理、财务与资本运营。,会计/会计师，公务员(中央国家机关)，公务员(省级机关)，公务员(地市级机关)，公务员(区县级及以下机关)，财务分析经理/主管，事业单位人员，出纳员，财务助理，审计专员/助理，银行会计/柜员,https://p.qianwen.com/major/tab?app=index&collegesTab=allColleges&webCompassApp=true&q=%E8%B4%A2%E5%8A%A1%E7%AE%A1%E7%90%86%E4%B8%93%E4%B8%9A&entry=gaokao_channel&device=pc
人力资源管理,120206,管理学,工商管理类,四年,管理学学士,994216,5600,北京市,人力资源,房地产,物理 / 历史 / 思政,本专业培养具有较为深厚的心理学、经济学、管理学等学科基础知识与分析方法，熟练掌握人力资源管理的各种理论和技术，能独立从事人力资源管理不同功能模块方案设计、操作和实施的应用型专门人才。学生将学习人力资源管理、管理学、经济学和心理学等方面的基础理论和基础知识，获得人力资源管理方法与技巧的基本训练，具备分析和解决人力资源管理问题的基本能力。,《公司组织与管理》、《人力资源会计》、《人力资源招聘与录用》、《应用心理与管理》、《培训与开发管理》、《金融会计学》、《劳动关系管理》、《员工关系管理》、《劳动关系与劳动法规》、《人力资源信息化管理》 部分高校按以下专业方向培养：发制品、国际人力资源管理。,人力资源专员/助理，公务员(省级机关)，公务员(地市级机关)，公务员(区县级及以下机关)，行政专员/助理，招聘专员/助理，薪酬福利专员/助理，银行会计/柜员，培训专员/助理，公务员(中央国家机关)，事业单位人员,https://p.qianwen.com/major/tab?app=index&collegesTab=allColleges&webCompassApp=true&q=%E4%BA%BA%E5%8A%9B%E8%B5%84%E6%BA%90%E7%AE%A1%E7%90%86%E4%B8%93%E4%B8%9A&entry=gaokao_channel&device=pc
审计学,120207,管理学,工商管理类,四年,管理学学士,882877,5700,华东地区,财务/审计/税务,咨询服务,物理,本专业培养具备经济学、管理学、会计学和审计学的基础知识，掌握现代审计理论、方法和手段，掌握外语和计算机工具，具有较强的创新意识和继续发展潜力，能在国内外经济管理领域从事财务审计、绩效审计、固定资产投资审计、信息系统审计工作的复合型应用人才。学生要求必须掌握理论知识和业务技能，了解本学科的理论前沿和发展动态，具有一定的科学研究能力；掌握文献检索、经济管理信息搜集、资料查询等专业性信息处理方法；熟悉常用的经营管理、会计审计等专业软件，能熟练运用计算机处理会计审计业务；具备英语的听、说、读、写、译能力，英语水平达到国家大学英语等级考试四级要求，或学校学位英语要求；具有良好的审计文化底蕴和诚信品格，有较强的沟通协调能力及团队意识。,《国际审计》、《经济效益审计》、《金融审计》、《审计史》、《政府审计》、《财务收支审计》、《内部审计学》、《海关稽查》、《商业财务与分析》、《环境审计》 部分高校按以下专业方向培养：ACCA、IAEP、注册会计师、信息系统审计。,审计专员/助理，公务员(中央国家机关)，公务员(省级机关)，公务员(地市级机关)，公务员(区县级及以下机关)，公司业务，银行会计/柜员，事业单位人员，出纳员，财务助理，会计/会计师,https://p.qianwen.com/major/tab?app=index&collegesTab=allColleges&webCompassApp=true&q=%E5%AE%A1%E8%AE%A1%E5%AD%A6%E4%B8%93%E4%B8%9A&entry=gaokao_channel&device=pc
文化产业管理,120210,管理学,工商管理类,四年,管理学学士、艺术学学士,607713,5500,北京市,销售业务,媒体,历史 / 思政+历史,本专业方向面向文化产业领域、影视制作公司、电视台和相关媒体机构，培养具有良好的影视艺术创作基础、较强的经营管理能力的影视剧及电视栏目制片人，培养从事影视制片、媒体管理、策划、组织、协调、项目运作、受众研究等方面工作的复合型高级专门人才；学生应学习和掌握文化学、经济学、管理学等相关基本知识、理论和专业技能；具有文化产业投融资、文化企业经营管理、创意策划等多方面的基础理论与业务技能，熟知国际文化产业管理的理念与运营模式，具备有效介入我国文化产业并与国际接轨、参与国际文化产业竞争的基本素养；具有扎实的文化功底，掌握文化规律，具有某一方面较突出的文化技能；熟练掌握本专业外语，具有外语交际能力；能熟练使用计算机从事业务工作。,《网络广告学》、《影视剧制片管理》、《财务与会计》、《艺术品经营管理》、《电影制作与发行》、《文化产业政策与法规》、《广播电视经营管理》、《现代传媒策划与运作》、《广电节目产制管理》、《文化产业经济学》 部分高校按以下专业方向培养：文化经纪、文化旅游、影视制片管理。,事业单位人员，公务员(中央国家机关)，公务员(省级机关)，公务员(地市级机关)，公务员(区县级及以下机关)，房地产项目策划专员/助理，文案策划，记者/采编，初中教师，助理/秘书/文员，考研,https://p.qianwen.com/major/tab?app=index&collegesTab=allColleges&webCompassApp=true&q=%E6%96%87%E5%8C%96%E4%BA%A7%E4%B8%9A%E7%AE%A1%E7%90%86%E4%B8%93%E4%B8%9A&entry=gaokao_channel&device=pc
体育经济与管理,120212T,管理学,工商管理类,四年,管理学学士,473462,7100,北京市,销售业务,娱乐,不限,体育经济与管理主要研究经济学、管理学、体育经济与管理等方面的基本知识和技能，进行体育产业的开发和管理，促进体育经济的发展。例如：球拍、跑步机、运动护具等体育用品的营销，健身训练、网球课程等体育服务的推广，田径场、篮球场等运动场馆的管理，世锦赛、奥运会等体育赛事的经营与管理等。 关键词：体育 球拍 网球 奥运会。,《体育产业概论》、《体育企业战略管理》、《体育产业经济学》、《管理学原理》、《微观经济学》、《运营管理》、《体育场馆管理》、《体育赛事的经营与管理》、《俱乐部管理》、《体育风险管理》。,体育类企业：俱乐部管理、体育用品营销、体育服务、体育场馆管理、体育市场开发； 政府、事业类单位：体育赛事管理、体育事业规划。,https://p.qianwen.com/major/tab?app=index&collegesTab=allColleges&webCompassApp=true&q=%E4%BD%93%E8%82%B2%E7%BB%8F%E6%B5%8E%E4%B8%8E%E7%AE%A1%E7%90%86%E4%B8%93%E4%B8%9A&entry=gaokao_channel&device=pc
国际商务,120205,管理学,工商管理类,四年,管理学学士,447199,6400,上海市,销售业务,贸易,历史,本专业培养具有国际视野，掌握当代国际商务理论和国际商务专业技能，熟练应用英语和现代信息技术，通晓国际商务环境和规则，尤其熟悉跨国企业经营管理和战略，可以在国内企业、跨国公司、金融机构、咨询机构和政府部门等从事国际贸易、国际投融资、跨国企业经营管理、国际商务营销、国际商务谈判等实际业务以及策划、咨询和管理工作的国际化、复合型和创新性人才。学生要求掌握扎实的经济学和管理学基础理论和方法；系统掌握国际商务理论和专业技能；熟悉国际商务惯例和相关法律法规；了解国际经济、国际贸易与投资的发展状况与趋势；具有较强的科研能力、市场调研和市场预测能力；具备较高的英语应用能力和跨文化交流能力，具有突出的适应英语工作环境的综合能力。,《国际税收学》、《国际商务项目》、《国际商务管理学》、《财务管理》、《采购管理与全球采购》、《港口管理》、《关税制度》、《国际金融与投资》、《国际贸易规则与惯例》、《国际人力资源》 部分高校按以下专业方向培养：CIMA、通关、国际财务。,银行会计/柜员，公务员(中央国家机关)，公务员(省级机关)，公务员(地市级机关)，公务员(区县级及以下机关)，外贸/贸易专员/助理，销售代表，公司业务，审计专员/助理，个人业务，事业单位人员,https://p.qianwen.com/major/tab?app=index&collegesTab=allColleges&webCompassApp=true&q=%E5%9B%BD%E9%99%85%E5%95%86%E5%8A%A1%E4%B8%93%E4%B8%9A&entry=gaokao_channel&device=pc
资产评估,120208,管理学,工商管理类,四年,管理学学士,333670,6000,上海市,财务/审计/税务,金融投资,物理,本专业旨在培养具备扎实的经济学、管理学基础理论知识，以及资产评估理论知识，具有能够出色完成各类资产价值分析和评估的专业能力，并具有国际化视野的创新型、应用型、复合型专门人才；学生应系统掌握经济学、管理学基础理论与基本知识，全面掌握企业资产、无形资产、金融资产、房地产等各类资产的价值评估理论和方法，熟悉国内外与资产评估业务有关的方针、政策和法律法规，熟练掌握一至两门外语，具有较强的外语阅读能力及相当的外语听、说、写、译能力，能利用外语获取专业信息，能熟练使用计算机从事实际业务工作和研究工作。,《建筑工程评估基础》、《机电设备评估基础》、《ERP模拟演练》、《无形资产评估》、《证券分析》、《金融资产评估》、《投资估价》、《战略管理概论》、《资产评估基础业务实践》 部分高校按以下专业方向培养：注册资产评估师。,公务员(中央国家机关)，公务员(省级机关)，公务员(地市级机关)，公务员(区县级及以下机关)，会计/会计师，个人业务，事业单位人员，公司业务，审计专员/助理，资产/资金管理，银行会计/柜员,https://p.qianwen.com/major/tab?app=index&collegesTab=allColleges&webCompassApp=true&q=%E8%B5%84%E4%BA%A7%E8%AF%84%E4%BC%B0%E4%B8%93%E4%B8%9A&entry=gaokao_channel&device=pc
物业管理,120209,管理学,工商管理类,四年,管理学学士,243316,5600,北京市,物业管理,物业管理,不限,本专业培养具备管理学、经济学、法学以及与物业管理直接相关的自然与人文学科的基本理论；熟悉物业管理的有关理论、方针、政策与法规，能综合运用国内外物业管理的理论和方法，对物业管理系统进行规划、设计、完善，具备解决物业管理具体问题的基本能力；能够在各级房地产管理部门、物业管理公司、政府及企事业单位从事物业管理、项目管理、招投标及合同管理、环境设计等工作的高级复合型管理人才。,《城市管理学》、《物业环境管理》、《写字楼物业管理》、《房地产产权与产籍管理》、《社区物业管理与服务》、《物业管理发展战略》、《物业管理法规制度与政策》、《物业管理经济学》、《物业管理社会学》、《物业绿地规划及管理》 部分高校按以下专业方向培养：不动产管理。,物业管理专员/助理，行政专员/助理，房地产项目招投标，出纳员,https://p.qianwen.com/major/tab?app=index&collegesTab=allColleges&webCompassApp=true&q=%E7%89%A9%E4%B8%9A%E7%AE%A1%E7%90%86%E4%B8%93%E4%B8%9A&entry=gaokao_channel&device=pc
财务会计教育,120213T,管理学,工商管理类,四年,管理学学士,211517,5100,北京市,财务/审计/税务,房地产,不限,专业培养掌握现代理财理论和方法，具备经济、管理和法律等方面的相关知识和能力，能在中等和高等职业教育领域进行专业教学的专业化、技能化、双证书一体化职教师资和应用型高级专门人才。学生要求学习宏微观经济学、会计、税收、审计、筹资、投资等基本理论与专业知识，接受与会计、审计、税收、筹资、投资等相关的专业教学与基本能力训练，拥有必要的财务会计专业基础理论，掌握财务会计实务操作方法，掌握信息收集与处理的技术方法，具备必要的理论分析与业务创新能力，熟练掌握一门外语，熟练掌握计算机应用技术，获得与专业内容相关的职业资格证书。,《计算技术》、《办公室自动化》、《管理会计实务》、《电算会计实务》、《管理学实务》、《教学设计与组织》、《企业财务管理实务》、《企业生产运营管理》、《社会经济统计》、《税收会计》。,会计/会计师，事业单位人员，公务员(中央国家机关)，公务员(省级机关)，公务员(地市级机关)，成本会计，出纳员，财务分析经理/主管，大学教师，银行会计/柜员，公务员(区县级及以下机关),https://p.qianwen.com/major/tab?app=index&collegesTab=allColleges&webCompassApp=true&q=%E8%B4%A2%E5%8A%A1%E4%BC%9A%E8%AE%A1%E6%95%99%E8%82%B2%E4%B8%93%E4%B8%9A&entry=gaokao_channel&device=pc
劳动关系,120211T,管理学,工商管理类,四年,管理学学士,131381,6200,北京市,人力资源,咨询服务,不限,本专业培养学生掌握国内外劳动经济学和劳动关系的理论与方法，熟悉我国劳动关系政策、劳动法及劳动争议处理实务、社会保险理论及政策的变化与发展，具有调查、研究和解决各类型组织现实劳动关系、劳动争议处理及相关劳动问题的实际能力。培养协调劳动关系的实务人才（企业管理等），处理劳动行政事务的行政人才（劳工政策制定、劳动关系管理和仲裁等），研究劳动关系并进行国际交流的理论人才（教学、研究、国际国内非政府组织等）。,《劳动关系管理》、《工会组织与管理》、《国际劳工标准》、《劳动合同制度与管理》、《劳动争议处理》、《集体合同与集体谈判》、《就业理论与实务》、《员工参与管理》、《劳工政策》、《员工关系管理》。,招聘专员/助理，员工关系/企业文化/工会，培训/招生/课程顾问，猎头顾问/助理，人力资源专员/助理,https://p.qianwen.com/major/tab?app=index&collegesTab=allColleges&webCompassApp=true&q=%E5%8A%B3%E5%8A%A8%E5%85%B3%E7%B3%BB%E4%B8%93%E4%B8%9A&entry=gaokao_channel&device=pc
市场营销教育,120214T,管理学,工商管理类,四年,管理学学士,113126,5100,华东地区,销售业务,教育培训,不限,本专业培养具备管理、经济、法律、市场营销、教育学等方面的知识和能力，能在企、事业单位及政府部门从事市场营销与管理、科研和在中、高等职业学校从事教育教学等方面工作的高级人才；学生主要学习市场营销、工商管理及教育学方面的基本理论和基本知识、受到营销方法与技巧方面以及职业教育教学法的基本训练，具有分析、解决营销问题和从事职业教育工作的基本能力。,《微观经济学》、《宏观经济学》、《管理学》、《管理信息系统》、《统计学》、《会计学》、《财务管理》、《市场营销学》、《国际市场营销》、《市场调查与预测》。,大客户销售代表，公司业务，销售代表，助理/秘书/文员,https://p.qianwen.com/major/tab?app=index&collegesTab=allColleges&webCompassApp=true&q=%E5%B8%82%E5%9C%BA%E8%90%A5%E9%94%80%E6%95%99%E8%82%B2%E4%B8%93%E4%B8%9A&entry=gaokao_channel&device=pc
创业管理,120216T,管理学,工商管理类,四年,管理学学士,62493,,,,,不限,创业管理专业致力于培养适应新经济和社会发展需要，具有家国情怀、责任感、创新创业精神，具备洞见与创新能力、商业模式设计与实践能力、创业企业运营管理能力的创业型人才，造就高素质、复合型的新经济企业管理者、创服机构经营者、家族企业接班人和新一代创业者。,《管理学》《创业政策与法规》《产业经济与产业分析》《商业模式设计与创新》《设计思维》《数字营销》《创业领导力与团队管理》《精益创业》《创业融资与风险投资》《项目分析与商业计划书》《科技园区及孵化器运营与管理》《科技创新与创业》 。,暂无介绍。,https://p.qianwen.com/major/tab?app=index&collegesTab=allColleges&webCompassApp=true&q=%E5%88%9B%E4%B8%9A%E7%AE%A1%E7%90%86%E4%B8%93%E4%B8%9A&entry=gaokao_channel&device=pc
零售业管理,120215T,管理学,工商管理类,四年,管理学学士,30185,,,,,不限,通过规范并管理买卖形式将工农业生产者生产的产品直接售给居民作为生活消费用或售给社会集团供公共消费用的商品销售行业。例如：在零售企业(比如连锁店、超市、百货商店、网店等)从事经营管理的应用型专业人才。 关键词：市场秩序、运营管理、市场营销 。,《管理学经济学》《会计学财务管理》《人力资源管理》《零售学》《统计学》《高等数学》《概率论与数理统计》《线性代数》《商业数据分析》等 。,企业单位：企业管理员、市场经理、人力资源管理、销售员、市场营销员等。,https://p.qianwen.com/major/tab?app=index&collegesTab=allColleges&webCompassApp=true&q=%E9%9B%B6%E5%94%AE%E4%B8%9A%E7%AE%A1%E7%90%86%E4%B8%93%E4%B8%9A&entry=gaokao_channel&device=pc
内部审计,120218T,管理学,工商管理类,四年,管理学学士,6622,,,,,,内部审计专业主要研究财政财务收支审计、经济效益审计和经济责任审计等内容，并致力于培养具有深厚数智审计技术功底、懂得中国内部审计理论和实践、深谙国际惯例的“首席审计官”与“首席风险官”。关键词：财政 经济 会计 税法,审计学原理，内部控制学，财务审计，管理审计，风险管理，内部审计准则，企业财务会计，成本管理会计，经济法，税法，审计信息化,企事业单位：内部审计、风险管理、内部控制、财务管理； 政府部门：审计监督、财政监督； 会计师事务所：审计助理、审计师； 深造：考研或保研，继续审计、会计等相关专业的学习深造。,https://p.qianwen.com/major/tab?app=index&collegesTab=allColleges&webCompassApp=true&q=%E5%86%85%E9%83%A8%E5%AE%A1%E8%AE%A1%E4%B8%93%E4%B8%9A&entry=gaokao_channel&device=pc
海关稽查,120217TK,管理学,工商管理类,四年,管理学学士,4399,,,,,,海关稽查，是指海关自进出口货物放行之日起3年内或者在保税货物、减免税进口货物的海关监管期限内及其后的3年内，对被稽查人的会计帐薄、会计凭证、报关单证以及其他有关资料和有关进出口货物进行核查，监督被稽查人进出口活动的真实性和合法性。,《管理学原理》、《微观经济学》、《宏观经济学》、《会计学基础》、《审计学基础》、《财务管理》、《公司战略与风险管理》、《海关稽查导论》、《现场稽查技术》、《海关稽查大数据分析》、《海关稽查法律法规》、《海关AEO制度与认证》、《国际海关稽查制度》等。,暂无简介。,https://p.qianwen.com/major/tab?app=index&collegesTab=allColleges&webCompassApp=true&q=%E6%B5%B7%E5%85%B3%E7%A8%BD%E6%9F%A5%E4%B8%93%E4%B8%9A&entry=gaokao_channel&device=pc
工程造价,120105,管理学,管理科学与工程类,四年,工学学士、管理学学士,1637825,5100,西南地区,建筑/土木工程,房地产,物理 / 物理+化学,本专业培养具备管理、技术、经济、法律等基本理论知识，系统掌握固定资产投资、融资管理、工程经济管理及工程造价管理等方面的理论基础和基本技能，能在各类建筑施工企业、造价咨询单位、监理公司与设计院、建设单位、金融机构以及各级政府投资管理部门、高等院校、科研机构等部门从事投资与工程造价管理、咨询与服务、工程保险、房地产估价等工作的高级应用型专门人才；要求学生掌握管理学、经济学以及土木工程技术的基本理论知识；了解世界先进的工程造价管理经验和主要发达国家和地区的工程造价管理方法，以及世界工程投资与管理的发展状况及趋势；具有工程造价的确定与控制、工程担保与保险的管理能力；能熟练运用计算机技术处理各种工程造价文件及信息；具备从事工程投资与管理实践的基本技能；熟练地掌握一门外语。,《CAD技术基础》、《建筑制图与识图》、《工程财务管理》、《建设工程成本规划与控制》、《安装工程施工技术》、《建设工程项目融资》、《建筑物经济学》、《建筑与装饰工程施工技术》、《建筑与装饰工程估价》、《安装工程估价》 部分高校按以下专业方向培养：注册造价师、土木建筑工程。,工程造价/预结算，事业单位人员，公务员(中央国家机关)，施工员，公务员(地市级机关)，公务员(区县级及以下机关)，房地产项目招投标，公务员(省级机关),https://p.qianwen.com/major/tab?app=index&collegesTab=allColleges&webCompassApp=true&q=%E5%B7%A5%E7%A8%8B%E9%80%A0%E4%BB%B7%E4%B8%93%E4%B8%9A&entry=gaokao_channel&device=pc
工程管理,120103,管理学,管理科学与工程类,四年,工学学士、管理学学士,1101847,5800,北京市,现场专业人员,房地产,物理 / 物理+化学,本专业是工程技术与管理科学相结合的复合型专业，主要培养具备管理学、经济学和工程技术知识，掌握现代项目管理科学的理论、方法与手段，能在国内外项目管理领域从事项目决策和全过程项目管理的复合型高级管理人才。毕业生可在金融、证券及保险企业、制造类企业、物流企业、中介及服务业企业、IT类高科技企业、房地产企业、建筑业企业及投资业主单位从事项目管理工作。,《工程造价管理》、《工程测量学》、《施工组织》、《CAD技术基础》、《工程估价》、《城市与房地产经济学》、《工程经济学》、《项目质量管理》、《项目组织与规划》、《工程合同管理》 部分高校按以下专业方向培养：工程审计、工程造价、房地产开发、不动产评估师、工程项目管理、智能建筑运维、智能楼宇运维、建筑管理工程师、项目管理与造价管理。,公务员(区县级及以下机关)，公务员(地市级机关)，公务员(省级机关)，公务员(中央国家机关)，工程造价/预结算，土木/土建/结构工程师，建筑工程师，建筑施工现场管理，事业单位人员，工程监理/质量管理，施工员,https://p.qianwen.com/major/tab?app=index&collegesTab=allColleges&webCompassApp=true&q=%E5%B7%A5%E7%A8%8B%E7%AE%A1%E7%90%86%E4%B8%93%E4%B8%9A&entry=gaokao_channel&device=pc
信息管理与信息系统,120102,管理学,管理科学与工程类,四年,工学学士、管理学学士,1034651,6400,北京市,销售业务,IT软件,物理 / 物理+化学 / 物理+生物 / 物理+化学+生物 / 物理+生物+思政,本专业旨在培养熟悉互联网、移动互联网、大数据等领域最新动态和发展趋势，掌握相关领域信息系统需求分析、架构设计方法和信息系统实现技术，能够服务于互联网、移动互联网和大数据等领域的既懂信息技术又懂运营管理的复合型人才；学生系统学习数据管理与数据库、决策分析、信息系统分析与设计、IT服务管理、信息系统安全与管理、信息管理学、人工智能与数据挖掘、信息系统项目管理、信息化与信息技术应用等课程。,《管理统计学》、《ERP概论》、《SQL Server数据库应用》、《供应链管理与ERP》、《管理信息系统分析与设计》、《数据结构与算法基础》、《财务管理概论》、《Oracle数据库基础》、《数据库系统原理及应用》、《大型数据库应用》 部分高校按以下专业方向培养：医药、大数据、电子商务、管理信息、商务智能、金融信息系统、农村基层管理、信息系统审计、财务会计信息管理、企业信息系统应用。,公务员(中央国家机关)，公务员(省级机关)，公务员(地市级机关)，公务员(区县级及以下机关)，事业单位人员，公司业务，银行会计/柜员，IT项目经理/主管，考研，人力资源专员/助理，软件工程师,https://p.qianwen.com/major/tab?app=index&collegesTab=allColleges&webCompassApp=true&q=%E4%BF%A1%E6%81%AF%E7%AE%A1%E7%90%86%E4%B8%8E%E4%BF%A1%E6%81%AF%E7%B3%BB%E7%BB%9F%E4%B8%93%E4%B8%9A&entry=gaokao_channel&device=pc
管理科学,120101,管理学,管理科学与工程类,四-五年,理学学士、管理学学士,647307,6400,上海市,销售业务,房地产,物理 / 物理+化学,本专业培养学生掌握经济学、管理学的基本理论和基础知识；具有扎实的现代管理科学理论功底，了解现代管理科学前沿，掌握管理科学方法、模型和工具；具有定性和定量相结合研究和解决管理问题的能力；掌握常用的计算软件和计算工具，能熟练使用电子计算机从事管理工作；具备针对财经领域管理工作中的实际问题进行分析与决策的能力；成为理论基础扎实、应用能力强大的高素质复合型人才。,《财务管理概论》、《电子商务技术基础》、《管理决策方法与模型》、《商业预测》、《ERP软件应用》、《采购管理概论》、《电子商务战略与组织》、《商业统计》、《商业智能及数据挖掘》、《信息、用户与技术》 部分高校按以下专业方向培养：后勤管理、矫正管理、精益管理、项目管理。,公务员(中央国家机关)，公务员(省级机关)，公务员(地市级机关)，公务员(区县级及以下机关)，事业单位人员，公司业务，销售代表，人力资源专员/助理，银行会计/柜员，银行客户服务，考研,https://p.qianwen.com/major/tab?app=index&collegesTab=allColleges&webCompassApp=true&q=%E7%AE%A1%E7%90%86%E7%A7%91%E5%AD%A6%E4%B8%93%E4%B8%9A&entry=gaokao_channel&device=pc
房地产开发与管理,120104,管理学,管理科学与工程类,四年,管理学学士,564083,5600,上海市,房地产规划/开发,房地产,物理 / 物理+化学,本专业旨在培养能够在政府机关等行政事业单位、银行等各类金融机构、房地产开发经营和房地产咨询、估价、物业管理等各类企业中胜任与土地和房地产行政管理、住房保障、房地产金融、房地产投资、房地产资产经营管理、房地产价格评估等相关工作的高素质复合型人才；学生要掌握经济学、管理学、法学，以及建筑规划、工程技术的基础知识，了解国内外房地产行业的发展动态，掌握房地产企业经营管理、开发项目管理、金融学和投资学的基本理论与方法，熟悉房地产开发流程、房地产经营实务、房地产估价理论和方法、房地产金融理论和实务、房地产投资与风险管理、房地产法律和政策，具有进行房地产开发、经营管理、估价、房地产投融资决策分析及运作的能力。,《城市经济学》、《测量与地图》、《管理学》、《房地产市场》、《房地产投资》、《房地产项目策划》、《房地产营销》、《城市规划原理》、《工程概预算》、《房地产项目管理》。,房地产项目策划专员/助理，事业单位人员，房地产项目开发报建，房地产评估，房地产销售/置业顾问,https://p.qianwen.com/major/tab?app=index&collegesTab=allColleges&webCompassApp=true&q=%E6%88%BF%E5%9C%B0%E4%BA%A7%E5%BC%80%E5%8F%91%E4%B8%8E%E7%AE%A1%E7%90%86%E4%B8%93%E4%B8%9A&entry=gaokao_channel&device=pc
保密管理,120106TK,管理学,管理科学与工程类,四年,管理学学士,534802,5600,西南地区,,,物理 / 物理+化学,保密管理为教育部特殊专业、国家控制布点专业，主要研究信息科学、管理科学、法律科学、信息安全与保密等方面的基本知识和技能，涉及保密法律法规、保密防护和检查技术、保密工作管理等多个领域，在国家保密部门、国家行政机关、军工企事业单位等进行保密技术开发、保密组织管理、信息安全与保密等。 关键词：保密 信息安全 密码 国防。,《数据库原理》、《计算机网络》、《现代密码学》、《信息系统安全》、《网络安全》、《信息管理学》、《公共经济学》、《档案管理学》、《保密法学》、《保密技术》。,政府、事业类单位：保密理论研究、保密技术开发、保密组织管理、保密法规制定、保密教学培训。,https://p.qianwen.com/major/tab?app=index&collegesTab=allColleges&webCompassApp=true&q=%E4%BF%9D%E5%AF%86%E7%AE%A1%E7%90%86%E4%B8%93%E4%B8%9A&entry=gaokao_channel&device=pc
大数据管理与应用,120108T,管理学,管理科学与工程类,四年,管理学学士,449442,,,,,物理 / 物理+化学 / 物理+思政,以互联网+和大数据时代为背景，主要研究大数据分析理论和方法在经济管理中的应用以及大数据管理与治理方法。例如：商务数据分析、商务智能、电子健康、大数据金融、数据挖掘、大数据管理与治理等。 关键词：航空航天、互联网、金融、通信。,《数学分析》《高等代数》《普通物理数学与信息科学概论》《数据结构》《数据科学导论》《程序设计导论》《程序设计实践》《离散数学》《概率与统计》《算法分析与设计》《数据计算智能数据库系统概论》《计算机系统基础》《并行体系结构与编程》《非结构化大数据分析》《数据科学算法导论》《经济管理理论》等。,企事业单位：大数据系统架构师、Java大数据分布式程序开发师、大数据平台运维师、数据可视化、大数据挖掘师等。,https://p.qianwen.com/major/tab?app=index&collegesTab=allColleges&webCompassApp=true&q=%E5%A4%A7%E6%95%B0%E6%8D%AE%E7%AE%A1%E7%90%86%E4%B8%8E%E5%BA%94%E7%94%A8%E4%B8%93%E4%B8%9A&entry=gaokao_channel&device=pc
工程审计,120109T,管理学,管理科学与工程类,四年,管理学学士,132369,,,,,物理,工程审计是专业审计人员通过行使独立审计职权，检查工程建设各基建环节的管理是否合规合法、建设成本的真实性和相关规定的贯彻执行情况等，通过检查，纠正工程管理中存在的不规范行为。例如：企业会计手工和微机操作基本技能、审计技能，有一定财会、审计理论水平和较强的动手能力的高级岗位技术人才 。 关键词：工商管理、经济学、会计、审计 。,《经济学》《管理学》《会计学》《审计学》《运筹学》《应用统计学》《财务管理》 《经济法》《工程制图与识图》《土木工程概论》《工程力学》《工程结构》《工程经济学》《工程估价》《工程项目管理》《工程项目融资》《合同管理》《建设单位会计》《建设与审计法规》《建设项目审计》等 。,政府部门：政府审计机关审计员、国资委资产管理员。 企事业单位：工程审计专员、审计监督员、造价咨询员等。,https://p.qianwen.com/major/tab?app=index&collegesTab=allColleges&webCompassApp=true&q=%E5%B7%A5%E7%A8%8B%E5%AE%A1%E8%AE%A1%E4%B8%93%E4%B8%9A&entry=gaokao_channel&device=pc
计算金融,120110T,管理学,管理科学与工程类,四年,管理学学士,125180,,,,,物理,专业与大数据及互联网+的背景紧密结合，主要研究方向包括数据分析、数据挖掘理论与方法、商务智能、电子健康、信息系统开发与管理、基于信息技术的业务流程优化等。例如：信息管理员、数据分析师、业务流程优化员、商务智能决策和互联网智能化管理。 关键词：互联网、通信、数据分析 。,《经济管理理论》《数理基础和计算机基础》《金融量化分析》《数据库和数据分析方法》《计算机理论》《大数据技术》《数学和统计学理论》等 。,企事业单位：投资银行业务、证券经理、投资项目经理、风险管控员、证券经纪人等。,https://p.qianwen.com/major/tab?app=index&collegesTab=allColleges&webCompassApp=true&q=%E8%AE%A1%E7%AE%97%E9%87%91%E8%9E%8D%E4%B8%93%E4%B8%9A&entry=gaokao_channel&device=pc
应急管理,120111T,管理学,管理科学与工程类,四年,管理学学士,108645,,,,,,培养具有高度社会责任感及敬业精神、过硬的政治素质和良好的道德修养，学习并掌握应急管理方向理论基础及相关知识，能够在国家机关、企事业单位和社会团体从事应急法律法规、政策制定与分析、应急指挥与决策、应急资源管理、应急救援等方面的专门人才。,《管理学》《应急基础设施规划建设与管理》《灾害经济学》《人力资源管理》《突发事件应对法》《心理学》《应急管理法律法规》《应急资源管理》《决策学》《风险评估与管理》《事故与灾难应急管理》《应急工程管理与方法》等。,暂无简介。,https://p.qianwen.com/major/tab?app=index&collegesTab=allColleges&webCompassApp=true&q=%E5%BA%94%E6%80%A5%E7%AE%A1%E7%90%86%E4%B8%93%E4%B8%9A&entry=gaokao_channel&device=pc
邮政管理,120107T,管理学,管理科学与工程类,四年,管理学学士,76121,,,,,物理,培养管理科学与计算机科学在物流领域的学科融合，以运用经济金融知识与智能信息技术建设智慧供应链协同平台及管理运营系统为目标，在一带一路和快递电商交叉融合背景下，培养“互联网+”和智能制造时代具有国际化视野的高端复合型管理人才和复合型能力。例如：数据分析能力在电子商务与智能制造产业的应用与创新，具备分析和解决行业运行与发展中各类问题的能力 关键词 物流 电商 互联网+ 。,《管理科学与工程》《计算机科学与技术》《信息技术》等 。,可在各类电商及互联网公司、物流企事业单位、咨询机构和科研院所等从事运营管理和数据分析等工作。,https://p.qianwen.com/major/tab?app=index&collegesTab=allColleges&webCompassApp=true&q=%E9%82%AE%E6%94%BF%E7%AE%A1%E7%90%86%E4%B8%93%E4%B8%9A&entry=gaokao_channel&device=pc
行政管理,120402,管理学,公共管理类,四年,管理学学士,823431,5800,北京市,行政/后勤/文秘,房地产,历史 / 思政 / 思政+历史,本专业立足公共管理学科，培养具有行政学、管理学、经济学、法学、传播学等方面的基本理论及相应专业知识，具有一定的理论研究素养和实际工作能力，能在党和国家机关、企事业单位、社会团体和媒体管理部门从事政策咨询和分析、组织人事管理、机关管理和文秘等行政管理工作的专门人才。学生主要学习行政学、政治学、管理学、法学等方面的基本理论和基本知识，受到行政学理论研究、公共政策分析、社会调查与统计、外语、公文写作和办公自动化等方面的基本训练，具备行政管理的基本能力及科研的初步能力。,《市政学》、《管理学原著》、《行政秘书与公文写作》、《公共组织行为学》、《城市管理学》、《电子政务与办公自动化》、《社会调查统计分析》、《行政法与行政诉讼》、《社会保障制度》、《公共行政原理》 部分高校按以下专业方向培养：公务员、电子政务、警察管理、行政文秘、金融事务助理、人力资源管理、涉外行政管理、涉外经济事务管理、公共文化服务与管理、公共政策与政府治理。,公务员(中央国家机关)，公务员(省级机关)，公务员(地市级机关)，公务员(区县级及以下机关)，事业单位人员，行政专员/助理，警察，人力资源专员/助理，助理/秘书/文员，考研，银行会计/柜员,https://p.qianwen.com/major/tab?app=index&collegesTab=allColleges&webCompassApp=true&q=%E8%A1%8C%E6%94%BF%E7%AE%A1%E7%90%86%E4%B8%93%E4%B8%9A&entry=gaokao_channel&device=pc
公共事业管理,120401,管理学,公共管理类,四年,管理学学士,717873,6100,北京市,人力资源,房地产,物理 / 历史 / 思政 / 思政+历史 / 生物+思政,本专业培养掌握现代化管理理论、技术与方法等基本知识和能力，有一定的自然科学基础和工程科学技术知识背景，具有较强理论联系实际能力，能在文教、体育、卫生、环保、社会保险等公共事业管理机构和其它社会中介组织从事管理工作的应用型高级专业人才；要求学生具有扎实的经济学和管理学基础，熟练运用各种经济分析工具，熟悉环境经济与管理活动规律和我国环境政策及有关法规，具备独立进行环境经济调查研究、分析解决实际问题、参与环境经济管理宏观决策的能力。,《公共组织行为学》、《公共卫生监督学》、《城市管理学》、《公共卫生管理与疾病控制》、《电子政务系统的安全管理》、《公共事业管理学》、《政府公共关系学》、《会计与财务管理》、《城市社会保障管理》、《城市生态环境管理》 部分高校按以下专业方向培养：公共安全、健康管理、体育管理、行政管理、休闲体育、医疗保险、医事法学、健康产业管理、卫生事业管理、医药贸易与管理、政府应急与安全社区建设。,事业单位人员，公务员(中央国家机关)，公务员(省级机关)，公务员(地市级机关)，公务员(区县级及以下机关)，销售代表，人力资源专员/助理，行政专员/助理，助理/秘书/文员，考研，医疗管理人员,https://p.qianwen.com/major/tab?app=index&collegesTab=allColleges&webCompassApp=true&q=%E5%85%AC%E5%85%B1%E4%BA%8B%E4%B8%9A%E7%AE%A1%E7%90%86%E4%B8%93%E4%B8%9A&entry=gaokao_channel&device=pc
海关管理,120406TK,管理学,公共管理类,四年,管理学学士,485482,7000,北京市,船舶运输,咨询服务,不限,本专业培养具有广泛的科学文化知识和良好的科学精神和人文素质；了解公共管理理论的前沿和发展动态；熟悉海关管理相关领域的方针、政策和法规；系统掌握海关管理的基础知识、基本理论和基本技能；富有创新精神、视野开阔，能适应现代化、智能型海关发展要求的复合型、高素质专业人才。学生主要学习管理学、经济学和法学的基本理论和基础知识，接受海关业务知识和管理方法的基本训练，具有分析和解决现代海关业务和管理问题的基本能力；能够熟练掌握英语，具有较强的语言表达能力和计算机综合应用能力。,《国际贸易实务》、《国际金融》、《涉外经济法》、《国际商法》、《税收学原理》、《关税理论与实务》、《海关法规》、《海关信息处理系统》、《海关商品学》、《海关统计》。,政府、事业单位：海关管理、海关调查、海关监管、海关稽查； 外贸类企业：进口管理、出口管理。,https://p.qianwen.com/major/tab?app=index&collegesTab=allColleges&webCompassApp=true&q=%E6%B5%B7%E5%85%B3%E7%AE%A1%E7%90%86%E4%B8%93%E4%B8%9A&entry=gaokao_channel&device=pc
交通管理,120407T,管理学,公共管理类,四年,工学学士、管理学学士,408545,,上海市,船舶运输,物流运输,物理 / 地理,交通管理主要研究管理学、法学、航运管理等方面的基本知识和技能，以水路交通管理方向为主，进行港口与航运的管理、海上交通状况的监测、海上交通事故的处理、海上交通路线和标志的设置等，以保障海上货运的安全与通畅。 关键词：海上 航运 港口 交通。,《系统工程》、《物流基础》、《国际贸易》、《统计学》、《交通工程学》、《经贸地理》、《班轮运输实务与法律》、《租船运输业务》、《海商法》、《航运行政管理与法规》。,航运类企业：船舶管理、货运代理、物流运输； 政府、事业类单位：航运管理、港口管理、运输管理、指挥调度。,https://p.qianwen.com/major/tab?app=index&collegesTab=allColleges&webCompassApp=true&q=%E4%BA%A4%E9%80%9A%E7%AE%A1%E7%90%86%E4%B8%93%E4%B8%9A&entry=gaokao_channel&device=pc
劳动与社会保障,120403,管理学,公共管理类,四年,管理学学士,301127,5300,华东地区,人力资源,房地产,不限,本专业培养具有扎实的管理学、经济学、劳动与社会保障学基础理论与专业知识，能够在政府财政、民政、人力资源和社会保障部门和企事业单位胜任劳动社会保障管理、员工福利规划及相关基金管理与运用等工作，以及学校、科研单位教学与研究工作的高素质复合型专门人才；学生应能够掌握管理学、劳动与社会保障学、社会保障精算、企业风险管理基础理论与基本知识，熟悉我国劳动和社会保障领域的法律和政策，掌握社会保障基金的管理与运用流程，熟悉劳动和社会保障业务运作。争取达到英语六级水平，熟练利用英语获取专业信息，可以利用计算机、数据库和相关网络工具从事实际业务和研究工作。,《精算学》、《劳动关系管理》、《社会保障基金管理》、《社会福利与社会救济》、《保险统计学》、《比较社会保障制度》、《公共卫生学》、《劳动法与劳动争议处理》、《社会保险学》、《社会保障制度国际比较》。,公务员(中央国家机关)，公务员(省级机关)，公务员(地市级机关)，公务员(区县级及以下机关)，事业单位人员，招聘专员/助理，助理/秘书/文员，银行会计/柜员，薪酬福利专员/助理，考研，人力资源专员/助理,https://p.qianwen.com/major/tab?app=index&collegesTab=allColleges&webCompassApp=true&q=%E5%8A%B3%E5%8A%A8%E4%B8%8E%E7%A4%BE%E4%BC%9A%E4%BF%9D%E9%9A%9C%E4%B8%93%E4%B8%9A&entry=gaokao_channel&device=pc
土地资源管理,120404,管理学,公共管理类,四年,工学学士、管理学学士,279780,6400,北京市,房地产规划/开发,房地产,地理 / 物理 / 化学,本专业培养具备现代管理学、经济学及资源学的基本理论，掌握土地管理及房地产开发经营方面的基础知识，具有测量、制图、计算机等基本技能，能在国土、城建、农业、房地产以及相关领域从事土地调查、土地利用规划、土地整治、地籍管理、不动产估价、土地管理政策法规研究与实施以及房地产开发、经营、管理等工作的高级专门人才；学生主要学习土地管理方面的基本理论和基本知识，接受土地调查、土地评价、土地规划、土地整治、测量、计算机、地籍管理、不动产估价的基本训练，突出特点是把学生培养成既具有现代管理理论又具有土地科学与管理领域专业技术才能的专门人才。该专业学生具有突出的土地资源管理和房地产开发经营方面的技术专长，同时具备遥感和GIS技术等现代专业技术特长。,《建筑制图与识图》、《不动产估价》、《土地信息系统》、《城市管理学》、《地籍测量》、《土地规划与利用》、《房地产开发与经营管理》、《统计学原理及应用》、《房地产市场分析》、《土地资源学》 部分高校按以下专业方向培养：土地整治、土地规划与地价评估。,事业单位人员，公务员(中央国家机关)，公务员(省级机关)，公务员(地市级机关)，公务员(区县级及以下机关)，大学教师，房地产项目策划专员/助理，考研，房地产项目开发报建，银行会计/柜员，房地产评估,https://p.qianwen.com/major/tab?app=index&collegesTab=allColleges&webCompassApp=true&q=%E5%9C%9F%E5%9C%B0%E8%B5%84%E6%BA%90%E7%AE%A1%E7%90%86%E4%B8%93%E4%B8%9A&entry=gaokao_channel&device=pc
公共关系学,120409T,管理学,公共管理类,四年,管理学学士,243640,7300,上海市,公关/媒介,广告,不限,本专业培养具有系统的公共关系理论知识、扎实的实践操作能力与较强的创新能力；拥有广泛的人文和社会学知识；较好的掌握传播学、新闻学、管理学和广告学、营销学等相关学科基本知识和技能的高级公共关系专业人才，以满足社会组织对公关人才的需求。学生要求掌握系统的经营管理知识、熟悉现代传播沟通理论和方法，理解现代媒体尤其是新媒体的传播规律，具备调研、策划和创意能力，掌握各种宣传技巧和沟通艺术。,《公共关系礼仪与训练》、《公共关系学原理》、《公共关系研究与评估》、《广告策划与策略》、《广告运作策略》、《互联网及新媒体实务》、《媒体法规研究》、《人际关系理论与方法》、《商务谈判策略》、《网络公关实务》。,公务员(中央国家机关)，公务员(省级机关)，公务员(地市级机关)，公务员(区县级及以下机关)，公关专员/助理，市场文案策划，公关专员，销售代表，银行会计/柜员，客户代表，事业单位人员,https://p.qianwen.com/major/tab?app=index&collegesTab=allColleges&webCompassApp=true&q=%E5%85%AC%E5%85%B1%E5%85%B3%E7%B3%BB%E5%AD%A6%E4%B8%93%E4%B8%9A&entry=gaokao_channel&device=pc
城市管理,120405,管理学,公共管理类,四年,管理学学士,229829,6700,华东地区,行政/后勤/文秘,房地产,物理 / 思政 / 物理+化学,本专业培养学生掌握管理学、经济学、城乡规划学的基本理论和基础知识，熟悉城市行政体制与治理结构、城市发展战略、城市与区域规划、城市财政、土地与住房管理、城市社区管理、城市品牌管理、城市危机管理等专业领域知识，掌握城市规划、地理信息系统（GIS）、计量分析等现代城市管理技术和手段，具有较强的专业信息获取和应用能力。通过国家计算机二级考试，具备较高的通识英语与专业英语听、说、读、写能力。,《公共关系学原理》、《公共经济学原理》、《财政预算与行政财务管理》、《城市财政学》、《城市道路交通管理》、《城市公用事业管理》、《城市管理》、《城市管理法规研究》、《城市环境管理》、《城市历史文化保护与管理》 部分高校按以下专业方向培养：城市经济与数字化管理。,公务员(中央国家机关)，公务员(省级机关)，公务员(地市级机关)，公务员(区县级及以下机关)，事业单位人员，培训/招生/课程顾问，销售代表，小学教师，银行会计/柜员，渠道/分销专员，城市规划与设计,https://p.qianwen.com/major/tab?app=index&collegesTab=allColleges&webCompassApp=true&q=%E5%9F%8E%E5%B8%82%E7%AE%A1%E7%90%86%E4%B8%93%E4%B8%9A&entry=gaokao_channel&device=pc
健康服务与管理,120410T,管理学,公共管理类,四年,管理学学士,194217,,,,,物理 / 历史,健康服务与管理主要研究管理学、健康服务、预防医学、人文科学等方面的基本知识和技能，在健康管理公司、体检中心、社区服务机构等进行健康教育、健康咨询、健康指导、健康监测、卫生保健、医疗监督、疾病的预防和控制等。 关键词：健康 营养 体检 保健。,《中医学基础》、《基础医学》、《预防医学概论》、《循证医学基础》、《健康管理概论》、《营养学基础》、《运动与健康》、《服务管理》、《卫生事业管理》、《社区健康管理》。,卫生服务类机构：健康管理、卫生管理、营养保健。,https://p.qianwen.com/major/tab?app=index&collegesTab=allColleges&webCompassApp=true&q=%E5%81%A5%E5%BA%B7%E6%9C%8D%E5%8A%A1%E4%B8%8E%E7%AE%A1%E7%90%86%E4%B8%93%E4%B8%9A&entry=gaokao_channel&device=pc
海事管理,120408T,管理学,公共管理类,四年,管理学学士,134366,6400,上海市,船舶运输,物流运输,物理+化学,本专业培养具备海洋及内河船舶驾驶、船舶运输管理等方面的知识和技能，能在海洋及内河运输企事业单位从事船舶驾驶、营运管理、港口引航、海事管理及高等学校、科研院所从事教学和科学工作，符合国际海员培训、发证和值班标准公约（STCW78/95）和我国船员适任标准要求并取得高级船员适任证书的高级航海技术及管理人才。,《航海力学》、《船舶原理》、《电工与电子技术基础》、《航海学》、《航海英语》、《现代导航信息系统》、《船舶操纵与海上搜救》、《船舶值班与避碰》、《航海仪器》、《航海气象与海洋学》。,水运/空运/陆运操作,https://p.qianwen.com/major/tab?app=index&collegesTab=allColleges&webCompassApp=true&q=%E6%B5%B7%E4%BA%8B%E7%AE%A1%E7%90%86%E4%B8%93%E4%B8%9A&entry=gaokao_channel&device=pc
养老服务管理,120414T,管理学,公共管理类,四年,管理学学士,61098,,,,,不限,本专业培养德、智、体、美、劳全面发展，秉持“尊重生命、关爱长者”专业价值理念，具有管理学、社会学、护理学的专业基础知识，具备现代养老服务管理理念和技能、较强科研能力，具有创造性思维、国际化视野，能够在民政或卫健委等行政部门、大型养老企业从事养老政策制定、养老企业运营管理、养老项目策划、养老产品开发等工作的高素质、应用复合型养老服务管理专门人才。,《管理学》《社会学》《养老服务管理》《公共管理学》《生命伦理学》《养老护理基础》《养老机构经营与管理》《老年政策与法规》《老年心理健康》《养老服务评估》《战略管理》《养老规划》。,可在养老集团的管理部门、老年大学、养老相关职能部门任职；亦可从事旅居养老、养老产品设计研发或养老机构评估等相关的工作。,https://p.qianwen.com/major/tab?app=index&collegesTab=allColleges&webCompassApp=true&q=%E5%85%BB%E8%80%81%E6%9C%8D%E5%8A%A1%E7%AE%A1%E7%90%86%E4%B8%93%E4%B8%9A&entry=gaokao_channel&device=pc
海关检验检疫安全,120415TK,管理学,公共管理类,四年,管理学学士,52003,,,,,物理,本专业培养适应新时代中国特色社会主义发展需要，德、智、体、美、劳全面发展，具有正确的政治意识和坚定的爱国情怀，系统掌握海关检验检疫安全的基本理论和方法，熟悉国内外主要的海关检验检疫技术标准与法规，有针对性的掌握检验检疫专业技能，了解海关检验检疫的国际规则和新海关发展的前沿知识，具备较强的海关检验检疫安全风险防控能力以及应对口岸突发公共卫生事件的应急管理能力，具有较强的信息技术素养和国际视野，能够在海关等政府部门及其他各类组织中从事检验检疫安全管理相关工作的应用型、复合型、涉外型的高素质海关专业人才。,《国家安全学》《非传统安全导论》《全球治理》《口岸管理》《进出口商品检验与管理》《海关检验检疫风险分析与评估》《口岸突发公共卫生事件应急处置海关检验检疫实务》《海关检验检疫统计》 。,毕业生可在海关等政府部门、大型企业、科研院所等单位从事与本专业相关领域的行政管理、技术服务和应用研究等工作。,https://p.qianwen.com/major/tab?app=index&collegesTab=allColleges&webCompassApp=true&q=%E6%B5%B7%E5%85%B3%E6%A3%80%E9%AA%8C%E6%A3%80%E7%96%AB%E5%AE%89%E5%85%A8%E4%B8%93%E4%B8%9A&entry=gaokao_channel&device=pc
医疗产品管理,120412T,管理学,公共管理类,四年,管理学学士,46792,,,,,化学,对医疗药品、医疗器械等进行监督与管理。例如：从事医疗产品管理，医疗卫生服务机构，医疗产品监管相关工作的应用型高级专门人才。 关键词：医疗产品、产品管理、健康服务 。,《基础医学》《医疗产品运营管理》《医疗法律法规》《C语言程序设计》《管理统计学》、《医疗产品生产管理》《医疗器械注册管理》《医疗产品质量管理》医疗器械临床评价》《医疗数据挖掘导论》《医疗大数据分析》《医疗信息化平台应用》《Python语言程序设计》《健康服务与管理》《SAP项目管理》等 。,企事业单位：医疗器械注册专员、管理者代表、体系工程师、质量工程师等。,https://p.qianwen.com/major/tab?app=index&collegesTab=allColleges&webCompassApp=true&q=%E5%8C%BB%E7%96%97%E4%BA%A7%E5%93%81%E7%AE%A1%E7%90%86%E4%B8%93%E4%B8%9A&entry=gaokao_channel&device=pc
自然资源登记与管理,120417T,管理学,公共管理类,四年,管理学学士,41506,,,,,不限,自然资源登记与管理主要研究自然资源学、不动产登记原理、地理信息系统等方面的基本理论和知识，进行自然资源的调查、确权、登记、评估与管理。例如：土地、森林、矿产等自然资源的权属调查与确权，不动产登记流程的智能化操作，自然资源数据的管理与分析等。该专业在自然资源管理部门、不动产登记机构、规划设计院等单位有广泛应用，是国家自然资源统一确权登记和生态文明建设的重要支撑。,《自然资源学》《自然资源经济学》《自然资源管理学》《民法学》《行政法与行政诉讼法学》《自然资源管理法》《不动产登记法》《地籍调查与管理》《地籍测量学》《自然资源评价》《自然资源估价》《自然资源登记》《地理信息系统原理》 。,在自然资源登记、不动产测绘、自然资源管理、自然资源地籍调查、国土空间规划、国土开发与保护、自然资源核算与估价、国有资产管理、市政建设等专业相关领域从事行政管理、教育、科研、科技服务等工作，或继续攻读硕士、博士研究生。,https://p.qianwen.com/major/tab?app=index&collegesTab=allColleges&webCompassApp=true&q=%E8%87%AA%E7%84%B6%E8%B5%84%E6%BA%90%E7%99%BB%E8%AE%B0%E4%B8%8E%E7%AE%A1%E7%90%86%E4%B8%93%E4%B8%9A&entry=gaokao_channel&device=pc
医疗保险,120413T,管理学,公共管理类,四年,管理学学士,32153,,,,,历史,医疗保险专业依托医学院校的医学教育资源，结合社会对医疗保险专业人才的需求，侧重培养能够从事健康保险、医疗保险等相关工作的复合型人才。,《西方经济学》、《会计学原理》、《统计学原理》、《管理学原理》、《保险学原理》、《人身保险》、《经济法》、《社会保障学》、《卫生经济学》、《健康保险学》、《保险核保与理赔》、《保险法概论》、《临床医学概论》等。,毕业生主要在政府医疗保障部门、健康保险机构、医院医保部门从事医疗保险管理与政策研究、医疗保险基金管理、健康保险核保理赔、医院医保支付结算工作。,https://p.qianwen.com/major/tab?app=index&collegesTab=allColleges&webCompassApp=true&q=%E5%8C%BB%E7%96%97%E4%BF%9D%E9%99%A9%E4%B8%93%E4%B8%9A&entry=gaokao_channel&device=pc
海外安全管理,120416TK,管理学,公共管理类,四年,管理学学士,30748,,,,,不限,海外安全管理专业是为驻外政府机构、驻外中资企业进行海外风险管理、应急处置和安防体系构建的专业。,《国家安全学》《安全管理学》《海外利益保护概论》《中国海外利益保护史》《国际法概论》《情报信息管理》《海外安全风险评估预警》《海外应急管理》《海外安全防范工程》《国别与区域安全》《突发事件处置指挥与战术》《安全防范技术及装备管理》。,1.毕业生可在外交部、发改委、商务部、国资委及相关省、区、市政府驻外机构从事海外安全管理相关工作。2.毕业生可在海外中资企业、海外安保公司担任海外安全官、安全咨询师、安全工程师，从事海外安全风险评估、危机响应与应急处置、海外安保勤务组织、安防体系设计与构建等工作。3.毕业生可在社会团体及在境外开展活动的非政府组织从事海外项目的安全保障工作。4.毕业生可考取研究生，进入高校、研究机构、智库等从事中国海外利益保护领域的教学科研工作。,https://p.qianwen.com/major/tab?app=index&collegesTab=allColleges&webCompassApp=true&q=%E6%B5%B7%E5%A4%96%E5%AE%89%E5%85%A8%E7%AE%A1%E7%90%86%E4%B8%93%E4%B8%9A&entry=gaokao_channel&device=pc
海警后勤管理,120411TK,管理学,公共管理类,四年,管理学学士,29192,,,,,,专业主要负责学习部队资源的维护、物资保障、基础设施建设等知识，为部队提供强有力的后勤保障。例如：从事财务、军需、营房、军械、运输等工作的高级管理人才。 关键词：维护管理、后勤保障 。,《后勤工作概论》《军械运输管理》《审计学》《后勤参谋学》《后勤管理学》《财务管理》《会计管理》《会计核》《军需管理》《建筑构造与识图》《工程建设与房地产管理》等 。,部队：车辆装备管理员、财务管理员、营房维修员、基础工程监督员、营区绿化改造员、码头维护管理员等。,https://p.qianwen.com/major/tab?app=index&collegesTab=allColleges&webCompassApp=true&q=%E6%B5%B7%E8%AD%A6%E5%90%8E%E5%8B%A4%E7%AE%A1%E7%90%86%E4%B8%93%E4%B8%9A&entry=gaokao_channel&device=pc
无障碍管理,120420TK,管理学,公共管理类,四年,管理学学士,10935,,,,,,无障碍管理主要研究公共管理、康复医学等方面的基本理论和知识，进行无障碍环境的设计、管理和服务。例如：无障碍设施的规划与建设，无障碍服务的提供与管理，无障碍标准的制定与推广等。该专业在政府部门、社会机构等有广泛应用，是社会公平和包容性发展的重要支撑。,无障碍环境设计，康复医学，社会保障，公共管理学，特殊教育，法律法规，无障碍技术，服务管理，项目管理，社会福利,政府部门：无障碍规划、管理； 社会机构：无障碍服务、咨询； 建筑企业：无障碍设计、改造； 深造：考研或保研，继续公共管理、康复医学等相关专业的学习深造。,https://p.qianwen.com/major/tab?app=index&collegesTab=allColleges&webCompassApp=true&q=%E6%97%A0%E9%9A%9C%E7%A2%8D%E7%AE%A1%E7%90%86%E4%B8%93%E4%B8%9A&entry=gaokao_channel&device=pc
航空安防管理,120419TK,管理学,公共管理类,四年,管理学学士,9941,,,,,,航空安防管理主要研究航空安全、安防技术等方面的基本理论和知识，进行航空安防的管理、监督和保障。例如：机场安全检查的实施与管理，航空安全隐患的排查与治理，航空安防系统的建设与维护等。该专业在机场、航空公司等有广泛应用，是航空安全的重要保障。,航空安全，安防技术，机场管理，民航法规，安全检查，应急管理，风险评估，安全培训，公共安全，航空物流,机场：安全检查、安防管理； 航空公司：航空安全、应急管理； 政府部门：航空安全监管； 深造：考研或保研，继续安全科学与工程、航空安全等相关专业的学习深造。,https://p.qianwen.com/major/tab?app=index&collegesTab=allColleges&webCompassApp=true&q=%E8%88%AA%E7%A9%BA%E5%AE%89%E9%98%B2%E7%AE%A1%E7%90%86%E4%B8%93%E4%B8%9A&entry=gaokao_channel&device=pc
慈善管理,120418T,管理学,公共管理类,四年,管理学学士,1836,,,,,,本专业培养具有良好的人文与科学素养，具备扎实的管理学、社会学、经济学、法学等多学科理论基础；掌握专业的社会学技术与方法，通晓慈善管理的专业知识，熟悉慈善管理的法律政策和运行规范等；具有较强公益慈善项目管理能力和数据分析能力，较高的组织管理和沟通协调能力，慈善基金募集与管理能力，公益慈善事业研究、咨询、服务能力，公关和传播能力等，能够为民政部门等党政机关、社会组织、企事业单位提供慈善管理高素质复合式创新应用型专业人才。,《慈善伦理》、《志愿服务原理》、《非营利组织管理》、《慈善法规与政策》、《公益慈善事业管理》、《筹款原理与实务》、《全球慈善发展》、《财富管理》、《公益慈善营销》等。,各级民政部门等政府机关可从事社会组织登记、监管等组织管理工作；社区等基层治理组织可从事政策咨询、社会服务和安全治理等工作；基金会等各类社会组织可从事项目管理、募捐宣传运作、基金管理、慈善信托等工作。,https://p.qianwen.com/major/tab?app=index&collegesTab=allColleges&webCompassApp=true&q=%E6%85%88%E5%96%84%E7%AE%A1%E7%90%86%E4%B8%93%E4%B8%9A&entry=gaokao_channel&device=pc
人才发展与管理,120421TK,管理学,公共管理类,四年,管理学学士,59,,,,,,人才发展与管理本科专业主要聚焦于培养适应现代企业和社会发展需求，掌握人才发展与管理的理论知识和实践技能，能运用大数据、心理学等多学科知识进行人才战略制定、员工培训与发展等工作的复合型专业人才。,人才学概论、人力资源管理、人力资源开发概论、组织行为学、劳动经济学、人员素质测评、绩效考评与管理、劳动关系管理、人才战略管理、数字化人才管理等。,企业人力资源部门：从事人才招聘、培训与发展、绩效管理、员工关系管理等工作，为企业的发展提供人才支持和保障。人力资源服务机构：如人力资源咨询公司、猎头公司、培训公司等，为客户提供专业的人才管理咨询、招聘服务、培训课程等。政府部门和事业单位：在人力资源和社会保障部门、人才服务中心等机构，从事人才政策制定、人才市场管理、公共就业服务等工作。,https://p.qianwen.com/major/tab?app=index&collegesTab=allColleges&webCompassApp=true&q=%E4%BA%BA%E6%89%8D%E5%8F%91%E5%B1%95%E4%B8%8E%E7%AE%A1%E7%90%86%E4%B8%93%E4%B8%9A&entry=gaokao_channel&device=pc
旅游管理,120901K,管理学,旅游管理类,四年,管理学学士,847392,6100,北京市,销售业务,休闲度假,历史 / 地理 / 历史+地理,本专业培养符合市场经济与国内、国际旅游发展需要的具有经济、管理、行政及相关学科知识和能力，掌握旅游管理理论知识和方法，具有旅游开发实际问题能力，能在各级旅游行政部门和企事业单位从事饭店管理、旅行社管理、旅游管理学科研究的高级专业人才；学生主要学习旅游管理方面的基本理论、基本知识，突出旅游资源开发与规划旅游管理等学科体系的掌握，受到旅游经营管理、旅游资源规划开发等方面的基本训练，具有较好的科学素养及资源开发、规划管理的基本技能。,《旅游客源国概况》、《酒店餐饮管理》、《旅游统计学》、《中国旅游史》、《旅游公共关系学》、《旅游资源开发与管理》、《金融计量学》、《旅游环境与保护》、《模拟导游教程》、《旅游政策法规》 部分高校按以下专业方向培养：航空服务与管理、酒店服务与营销、旅游开发与经营、休闲与服务管理、旅游规划与景区管理、会展旅游、酒店管理、酒店经理、涉外旅游、高尔夫经营管理。,事业单位人员，公务员(中央国家机关)，公务员(省级机关)，公务员(地市级机关)，公务员(区县级及以下机关)，行政专员/助理，人力资源专员/助理，酒店管理，大学教师，中等职业学校教师，导游/票务，大学教师,https://p.qianwen.com/major/tab?app=index&collegesTab=allColleges&webCompassApp=true&q=%E6%97%85%E6%B8%B8%E7%AE%A1%E7%90%86%E4%B8%93%E4%B8%9A&entry=gaokao_channel&device=pc
酒店管理,120902,管理学,旅游管理类,四年,管理学学士,545985,5600,东北地区,服务人员,休闲度假,,本专业学生主要学习现代酒店经营与管理的基本理论和基础知识，接受酒店经营管理岗位的基本技能训练和国际化酒店服务与管理职业素养培训，具备现代高星级酒店业经营管理理念，具有专业管理理论知识和熟练服务与管理的能力，能从事经营管理和接待服务的中高级管理工作；学生就业领域广泛，可以在涉外旅游企业、外资企业从事国际经营管理、会展策划与管理、酒店财务管理、酒店营销管理、酒店房务与餐饮管理、酒店人事与培训管理等工作，也可在政府管理部门和经贸管理部门从事行政管理工作。,《酒店人力资源管理》、《餐饮经营管理》、《酒店前台与客房管理》、《旅游商品学》、《酒吧经营与管理》、《酒店服务质量管理》、《酒店公共关系》、《酒店规划与设计》、《酒店经营战略》、《酒店投资规划与设计》 部分高校按以下专业方向培养：旅游、涉外、高级管家、人力资源、现代营销、奢侈品管理、财务及投融资、航空旅游服务、酒店部门经理、酒店运营管理。,前厅接待/礼仪/迎宾，酒店管理，高中教师，会计助理/文员，事业单位人员，行政专员/助理，公务员(省级机关)，公务员(地市级机关)，公务员(区县级及以下机关)，银行会计/柜员，公务员(中央国家机关),https://p.qianwen.com/major/tab?app=index&collegesTab=allColleges&webCompassApp=true&q=%E9%85%92%E5%BA%97%E7%AE%A1%E7%90%86%E4%B8%93%E4%B8%9A&entry=gaokao_channel&device=pc
会展经济与管理,120903,管理学,旅游管理类,四年,管理学学士,491953,6400,上海市,会务/会展,广告,思政+历史,本专业培养掌握经济、管理、法律等基础理论和会展管理专业理论，熟练掌握外语和计算机等工具，能在政府相关职能部门、行业协会、研究机构从事会展政策、法规、管理等相关研究、管理工作，在各类会展企业从事展览、会议、节庆、演出、比赛及相关大型活动策划和产品管理、营销、服务等工作， 从事企业、产品形象及经营理念策划、展示、推广的高素质应用型会展经济与管理专业人才；毕业生具有扎实的会展基础知识和较高的会展业务水平，较强的外语水平，能在会展公司、会展中心、各类展览场馆、博览会、广告公司、旅行社、旅游公司、酒店、外贸公司、媒体传播机构、庆典公司、经贸行政管理部门等相关企事业单位从事会展策划与管理工作。,《会展文案》、《会展场馆与目的地管理》、《会展服务与接待》、《会展策划与组织》、《会展营销与客户关系》、《会展营销与客户关系》、《博览会组织与管理》、《大型活动组织与管理》、《会议需求与策划》、《会展传播学》 部分高校按以下专业方向培养：国际会展。,事业单位人员，银行会计/柜员，销售代表，会展策划/设计，市场专员/助理，大学教师，公务员(中央国家机关)，公务员(省级机关)，公务员(地市级机关)，公务员(区县级及以下机关)，综合业务专员/助理,https://p.qianwen.com/major/tab?app=index&collegesTab=allColleges&webCompassApp=true&q=%E4%BC%9A%E5%B1%95%E7%BB%8F%E6%B5%8E%E4%B8%8E%E7%AE%A1%E7%90%86%E4%B8%93%E4%B8%9A&entry=gaokao_channel&device=pc
旅游管理与服务教育,120904T,管理学,旅游管理类,四年,管理学学士,152166,5200,华东地区,行政/后勤/文秘,餐饮娱乐,历史+地理,本专业为旅游职业学校培养旅游管理专业教师，并为旅游行业培养应用型高级专门人才。通过本专业学习，使掌握旅游管理的基础理论、基本知识；掌握科学的学习与思维方法，具有运用旅游管理理论分析和解决问题的基本能力；熟悉我国关于旅游业发展的方针、政策和法规；了解国内外旅游业和现代服务业的发展趋势；掌握文献检索、资料查询的基本方法，具有一定的科学研究和实际工作能力，具有一定的创新思维能力；掌握创业的基本原理和方法，具有较强的创新意识和能力；具有较高的外语水平，拥有较好的国际交流能力；掌握教育学基本理论和旅游教学法，具备优秀的表达能力，能应用可视化等现代教学手段开展旅游教学工作。毕业后可从事旅游的教学、科研、管理工作。,《饭店服务心理学》、《会展旅游概论》、《酒店公共关系》、《酒店管理与经营》、《酒店企业财务管理》、《酒店信息系统管理》、《酒店政策与法规》、《酒店经营策划》、《现代酒店管理学》、《教学技能与教材教法》 部分高校按以下专业方向培养：酒店管理。,事业单位人员，公务员(中央国家机关)，公务员(省级机关)，公务员(地市级机关)，公务员(区县级及以下机关)，文档/资料管理，教学/教务管理人员，销售代表，小学教师，大学教师，中等职业学校教师，大学教师,https://p.qianwen.com/major/tab?app=index&collegesTab=allColleges&webCompassApp=true&q=%E6%97%85%E6%B8%B8%E7%AE%A1%E7%90%86%E4%B8%8E%E6%9C%8D%E5%8A%A1%E6%95%99%E8%82%B2%E4%B8%93%E4%B8%9A&entry=gaokao_channel&device=pc
国际邮轮管理,120905TK,管理学,旅游管理类,四年,管理学学士,94,,,,,,国际邮轮管理本科专业主要培养适应国际邮轮产业发展需要，具备扎实的邮轮管理理论知识和实践技能，掌握现代邮轮企业经营管理理念，熟悉国际邮轮行业各项主要业务，能在国际邮轮公司、邮轮港口等相关企事业单位从事邮轮运营管理、宾客服务管理、市场营销等工作的高素质应用型人才。,邮轮运营管理、邮轮服务礼仪、邮轮餐饮服务与管理、邮轮客舱服务与管理、邮轮休闲娱乐服务与管理、邮轮安全管理、邮轮旅游市场营销、邮轮人力资源管理、海事法规等。,国际邮轮公司：从事邮轮乘务、邮轮运营管理、宾客服务管理、餐饮服务管理、休闲娱乐服务管理等工作。邮轮港口：负责邮轮码头运营、邮轮票务销售、港口客运服务等工作。旅游企业：参与旅游产品开发、旅游线路设计、旅游市场营销等工作。酒店行业：从事酒店服务与管理、前厅接待、餐饮管理等工作。,https://p.qianwen.com/major/tab?app=index&collegesTab=allColleges&webCompassApp=true&q=%E5%9B%BD%E9%99%85%E9%82%AE%E8%BD%AE%E7%AE%A1%E7%90%86%E4%B8%93%E4%B8%9A&entry=gaokao_channel&device=pc
物流管理,120601,管理学,物流管理与工程类,四年,管理学学士,981102,5800,上海市,物流/快递,物流运输,物理 / 地理 / 物理+化学,本专业培养具有物流企业经营与管理、物流系统规划与设计及相关学科基础理论和专业知识技能、具有扎实的运筹学、管理学、经济学、物流学及国际运输法规的基础理论知识，并能熟练地运用外语和现代化管理技术及方法处理物流管理业务的高级应用人才；学生要求熟悉国内外运输法规、公约和惯例，了解我国对外经济贸易的方针、政策和法规，掌握物流服务企业经营管理的基本知识、技术和方法；具有一定的经营管理组织能力和公关能力，并有初步的科研能力；具有较强的英语听、说、读、写、译的能力。了解物流管理发展的现状及趋势。,《管理统计学》、《物流运筹学》、《采购与供应管理》、《采购与供应管理实务》、《商品学概论》、《港口物流》、《仓储与配送中心设计》、《现代流通学》、《进出口报关实务》、《物流系统规划与设计》 部分高校按以下专业方向培养：仓储管理、电商物流、港口物流、国际物流、航空物流、物流工程、物联网与智能化、采购与供应链管理。,公务员(中央国家机关)，公务员(省级机关)，公务员(地市级机关)，公务员(区县级及以下机关)，事业单位人员，大学教师，采购专员/助理，银行会计/柜员，销售代表，供应链管理，物流专员/助理,https://p.qianwen.com/major/tab?app=index&collegesTab=allColleges&webCompassApp=true&q=%E7%89%A9%E6%B5%81%E7%AE%A1%E7%90%86%E4%B8%93%E4%B8%9A&entry=gaokao_channel&device=pc
采购管理,120603T,管理学,物流管理与工程类,四年,管理学学士,366339,4600,上海市,采购,餐饮娱乐,不限,采购管理主要研究经济学、工商管理、采购管理等方面的基本知识和技能，包括采购计划、订单管理及发票校验三个方面，在各类企事业单位的采购管理和行政管理部门进行企业用品的采购、供应商管理、库存管理、报价与谈判以及发票的检验等。 关键词：采购 供应商 报价 发票。,《采购供应管理导论》、《供应战略》、《供应商管理》、《报价与谈判》、《采购合同管理》、《企业物流管理》、《采购绩效管理》、《供应链管理》、《国际贸易理论与实务》、《库存管理》。,各类企事业单位：采购管理、供应链管理、物流管理。,https://p.qianwen.com/major/tab?app=index&collegesTab=allColleges&webCompassApp=true&q=%E9%87%87%E8%B4%AD%E7%AE%A1%E7%90%86%E4%B8%93%E4%B8%9A&entry=gaokao_channel&device=pc
物流工程,120602,管理学,物流管理与工程类,四年,工学学士、管理学学士,293644,5800,上海市,物流/快递,物流运输,物理 / 物理+化学,物流工程专业培养以移动互联网、物联网为背景，以物流信息技术为特色，富有创新精神、竞争意识和实践能力，跨工学和管理学两大学科的物流技术人才。本专业培养的人才能够熟练运用现代物流工程理论、系统规划设计方法和计算机技术，具有很强的物流系统自动化技术知识、物流信息技术知识以及物联网在物流领域的应用能力，具备从事物流系统设计、制造、运行、决策、管理、运营的工作能力以及物流工程领域教学和科研等能力。,《物流运筹学》、《采购与供应管理》、《商品学概论》、《物流系统仿真》、《物流系统规划与设计》、《数据库开发技术》、《物流成本分析与控制》、《物流配送中心设计》、《运输与配送管理》、《现代物流装备》 部分高校按以下专业方向培养：冷链物流。,物流专员/助理，公务员(中央国家机关)，公务员(省级机关)，公务员(地市级机关)，公务员(区县级及以下机关)，供应链管理，采购专员/助理，大学教师，考研，仓库/物料管理员，事业单位人员,https://p.qianwen.com/major/tab?app=index&collegesTab=allColleges&webCompassApp=true&q=%E7%89%A9%E6%B5%81%E5%B7%A5%E7%A8%8B%E4%B8%93%E4%B8%9A&entry=gaokao_channel&device=pc
供应链管理,120604T,管理学,物流管理与工程类,四年,管理学学士,118904,,,,,物理,在物流与采购管理、工商管理、市场营销、电子商务、金融、信息网络技术等多个学科基础上，运用大数据、人工智能、深度学习等前沿技术发展起来的一门新兴学科。例如：管理合同与供应商关系，供应链中的物流管理，库存管理，绩效考评。 关键词：物流、工商管理、市场营销。,《物流管理学》《市场营销学》《生产运营管理》《采购与供应管理》《供应链管理基础》《供应链协同运营管理》《供应链信息管理》《电子商务管理》等 。,企业单位：物流管理员、零售批发员、财会、供应链管理等。,https://p.qianwen.com/major/tab?app=index&collegesTab=allColleges&webCompassApp=true&q=%E4%BE%9B%E5%BA%94%E9%93%BE%E7%AE%A1%E7%90%86%E4%B8%93%E4%B8%9A&entry=gaokao_channel&device=pc
电子商务,120801,管理学,电子商务类,四年,经济学学士、工学学士、管理学学士,1246572,6800,北京市,销售业务,互联网,物理 / 物理+化学,本专业旨在培养具有互联网思维，掌握和善于运用信息技术的商务、管理人才，为政府、金融机构、企业及其他机构输送从事电子商务与电子政务系统建设与管理、金融行业信息化服务与咨询决策、互联网企业财务数据分析等工作的专业人才；学生应具有扎实的经济与管理理论基础，掌握信息科学技术与手段，具备使用现代信息技术开展商务活动和从事电子商务系统建设与管理的能力；具有良好的沟通能力、团队协作能力和正确的价值观；具有较强的利用网络平台和信息手段从事调研、分析、解决实际问题的能力和一定的科研能力；熟练掌握一门外语，具有较强的阅读能力和良好的听、说、写、译能力，能利用外语获取专业信息。,《税收学》、《模拟电路基础》、《电子商务案例分析》、《网络广告学》、《WEB技术应用与开发》、《电子商务开发技术》、《电子商务系统安全与保密》、《电子商务法律法规》、《电子商务经济学》、《电子商务需求分析》 部分高校按以下专业方向培养：电子政务、国际商务、跨境电商、应用技术、运营管理、支付结算、大数据金融、互联网金融、互联网营销、互联网运营。,公务员(中央国家机关)，公务员(省级机关)，公务员(地市级机关)，公务员(区县级及以下机关)，事业单位人员，大学教师，电子商务专员/助理，公司业务，软件工程师，销售代表，银行会计/柜员,https://p.qianwen.com/major/tab?app=index&collegesTab=allColleges&webCompassApp=true&q=%E7%94%B5%E5%AD%90%E5%95%86%E5%8A%A1%E4%B8%93%E4%B8%9A&entry=gaokao_channel&device=pc
电子商务及法律,120802T,管理学,电子商务类,四年,管理学学士,374302,7200,北京市,销售业务,互联网,不限,电子商务及法律专业是面向信息行业、宽口径的交叉学科专业，本专业根据现代信息社会需求，培养既具有扎实的经济与管理理论基础，又具备现代信息科学技术的方法与手段，能在较宽泛的领域从事电子商务运作与管理、开展商务活动的高素质复合型人才。学生系统地学习数理基础课程、英语、电路系列课程、计算机系列课程、电子商务法、企业管理理论、产品开发、物流与供应链管理、隐私与数据保护法、信息安全的技术与法律等。,《安全与认证》、《电信基础》、《高级网络程序设计》、《互联网数据库》、《计算机犯罪》、《离散计算技术》、《数字电路设计》、《信息及隐私保护法》、《知识产权基础》、《互联网协议》。,采购专员/助理，软件工程师，电子商务专员/助理，互联网产品专员/助理,https://p.qianwen.com/major/tab?app=index&collegesTab=allColleges&webCompassApp=true&q=%E7%94%B5%E5%AD%90%E5%95%86%E5%8A%A1%E5%8F%8A%E6%B3%95%E5%BE%8B%E4%B8%93%E4%B8%9A&entry=gaokao_channel&device=pc
跨境电子商务,120803T,管理学,电子商务类,四年,管理学学士,99150,,,,,物理,本专业培养具有国际视野和创新意识，系统掌握跨境电子商务相关理论、运行规则和技能，熟悉跨境电子商务前沿趋势，能够充分整合经贸、管理、大数据分析、跨文化沟通、法律等多种国际商务知识与技能并运用于实践工作，且能够在多元文化环境中灵活自如运用外语从事跨境电子商务、数据分析与决策、国际商务谈判等的人才。,《跨境电子商务平台实务》、《跨境电子商务数据分析与应用》、《跨境电子商务营销策划》、《跨境电子商务视觉设计》、《跨境电子商务客户服务》、《跨境电子商务采购与物流管理》等。,在政府机关从事电子政务、政府采购相关工作，网络营销策划、外贸电子商务、网络营销、网站推广、论坛社区营销、网站建设、国际商务、论坛社区营销、企业信息化管理等工作。,https://p.qianwen.com/major/tab?app=index&collegesTab=allColleges&webCompassApp=true&q=%E8%B7%A8%E5%A2%83%E7%94%B5%E5%AD%90%E5%95%86%E5%8A%A1%E4%B8%93%E4%B8%9A&entry=gaokao_channel&device=pc
工业工程,120701,管理学,工业工程类,四年,工学学士、管理学学士,431585,6000,华东地区,生产工艺,电子技术,物理 / 物理+化学,工业工程从系统的角度，对由人、物料、设备、信息和能源等要素构成的集成系统进行设计、规划、预测、评价；研究生产过程中各种因素对生产率、产品质量和成本的影响；探索提高运作效率、降低运作成本、保证质量的现代管理方法；从而达到提高企业素质、经济效益和企业竞争力的目的。本专业培养既懂工程技术又掌握管理科学知识的高素质人才，培养的学生具有扎实深厚的数理基础理论，良好的外语和计算机能力以及宽广的工程、企业管理、人文社科等方面的基本知识和技能，具有对复杂生产系统、服务系统进行分析、规划、设计、管理和运作的能力。,《自动化制造系统》、《基础工业工程设计》、《产品设计原理与方法》、《Auto CAD工程制图》、《系统预测与决策》、《生产计划与调度运作管理》、《质量控制与质量管理》、《成本控制》、《工业产品造型》、《工效学》 部分高校按以下专业方向培养：民航工程、物流管理、工业技术管理。,工业工程师，公务员(中央国家机关)，公务员(省级机关)，公务员(地市级机关)，公务员(区县级及以下机关)，项目专员/助理，生产运营管理，事业单位人员，考研，销售代表，生产计划,https://p.qianwen.com/major/tab?app=index&collegesTab=allColleges&webCompassApp=true&q=%E5%B7%A5%E4%B8%9A%E5%B7%A5%E7%A8%8B%E4%B8%93%E4%B8%9A&entry=gaokao_channel&device=pc
质量管理工程,120703T,管理学,工业工程类,四年,管理学学士,405713,5500,华东地区,质量管理,机械重工,物理,本专业围绕产品质量、工程质量、服务质量领域所急需的应用型质量管理工程人才应具备的知识体系与能力体系的要求，以先进的质量管理理念的形成、质量安全关键技术的突破和质量科学理论的实践为中心，培养具有扎实的管理学、经济学基础理论，掌握现代质量管理工程领域的技术和方法，能对产品质量、工程质量和服务质量领域内的技术经济问题进行计测分析、评价、优化与创新，充分发挥标准的社会学和经济学效应，保护消费者权益，促进社会经济的和谐高效发展的质量管理高级专门人才。,《质量管理学》、《质量工程学》、《质量统计学》、《质量经济学》、《计量与标准化基础》、《质量管理体系认证》、《质量规划理论与方法》、《产品质量快速检测理论与方法》、《电器设备质量检测理论与技术》。,质量管理/测试工程师，认证/体系工程师/审核员，产品管理，信息技术(IT)项目经理，项目专员/助理,https://p.qianwen.com/major/tab?app=index&collegesTab=allColleges&webCompassApp=true&q=%E8%B4%A8%E9%87%8F%E7%AE%A1%E7%90%86%E5%B7%A5%E7%A8%8B%E4%B8%93%E4%B8%9A&entry=gaokao_channel&device=pc
标准化工程,120702T,管理学,工业工程类,四年,管理学学士,365516,5900,上海市,,,物理,本专业致力于培养适应国家现代化建设需要、德智体全面发展，具备标准化工程和系统管理等方面的知识和应用能力，能够从事有关标准化工程项目的设计开发、组织实施全过程管理的食品（工科类）、材料（工科类）和服务（文科类）等标准化方向复合型高级专门人才。毕业生能在各级各类企事业单位及政府部门、群众团体等从事有关标准制修订、标准化管理及咨询服务、标准化项目研发和系统建设等方面的工作。,《标准化基础》、《应用统计学》、《误差理论与数据处理》、《质量管理与质量认证》、《现代质量工程方法》、《标准化技术》、《标准化与知识产权》、《企业标准化管理与实务》、《标准化工程实践》、《管理学》。,各类企事业单位：标准化工程、标准化管理、标准化系统建设、标准文件起草、质量数据处理、质量认证。,https://p.qianwen.com/major/tab?app=index&collegesTab=allColleges&webCompassApp=true&q=%E6%A0%87%E5%87%86%E5%8C%96%E5%B7%A5%E7%A8%8B%E4%B8%93%E4%B8%9A&entry=gaokao_channel&device=pc
档案学,120502,管理学,图书情报与档案管理类,四年,管理学学士,390760,5900,北京市,行政/后勤/文秘,房地产,物理 / 历史,档案学专业以电子档案管理为主要方向，培养具有系统的档案学基本理论与基础知识，接受过现代信息技术、管理学等方面的基本培训，具备现代信息管理，尤其是电子档案管理与服务的基本理论与技能，能在各级各类档案机构、国家机关、企事业单位和新型经济实体的档案部门以及信息部门从事档案信息管理、服务与研究的应用型、复合型高级专业人才。,《档案保护技术学》、《档案文献编纂学》、《信息检索原理与方法》、《档案鉴辨学》、《秘书学与秘书工作》、《文书学》、《外国档案管理》、《机关事务管理》、《科技档案管理学》、《情报学》 部分高校按以下专业方向培养：建筑工程档案管理。,事业单位人员，公务员(中央国家机关)，公务员(省级机关)，公务员(地市级机关)，公务员(区县级及以下机关)，图书馆技术人员，行政专员/助理，文档/资料管理，人力资源专员/助理，助理/秘书/文员，档案管理人员,https://p.qianwen.com/major/tab?app=index&collegesTab=allColleges&webCompassApp=true&q=%E6%A1%A3%E6%A1%88%E5%AD%A6%E4%B8%93%E4%B8%9A&entry=gaokao_channel&device=pc
图书馆学,120501,管理学,图书情报与档案管理类,四年,管理学学士,324975,5800,北京市,行政/后勤/文秘,教育培训,历史,本专业是研究知识信息的收集、组织、管理与利用的专门学科，解决社会信息化、网络化与数字化进程中信息资源的开发、利用与服务等一系列问题，培养具备熟悉图书馆学基础理论与方法，掌握现代信息技术与管理科学知识，熟练应用信息采集、描述、组织、检索、分析、评价、咨询和开发利用的相关专业技能，能够适应经济和社会发展的厚基础、宽口径、高素质、强能力的复合型人才。,《图书馆学基础》、《图书馆管理》、《信息管理概论》、《信息用户研究》、《文献资源建设》、《文献分类法》、《文献编目》、《人文社会科学文献检索》、《科技文献检索》、《咨询与决策》。,事业单位人员，图书管理员，图书馆技术人员，公务员(中央国家机关)，公务员(省级机关)，教学/教务管理人员，公务员(区县级及以下机关)，大学教师，销售代表，考研，公务员(地市级机关),https://p.qianwen.com/major/tab?app=index&collegesTab=allColleges&webCompassApp=true&q=%E5%9B%BE%E4%B9%A6%E9%A6%86%E5%AD%A6%E4%B8%93%E4%B8%9A&entry=gaokao_channel&device=pc
信息资源管理,120503,管理学,图书情报与档案管理类,四年,管理学学士,274861,6200,北京市,销售业务,房地产,不限,本专业培养具有系统的信息资源管理理论知识，掌握现代管理知识、信息技术和信息资源管理专业技能，能够在政府机构、公共部门、企事业单位、高等院校等各类机构以及信息资源开发和咨询服务等专门机构中从事信息资源管理即信息收集、信息分析、信息利用和信息服务等复合型、应用型专门人才。要求学生熟练掌握各类信息资源管理流程，具有熟练运用信息技术采集、组织、加工和开发利用信息资源等核心技能。,《情报学》、《管理心理学》、《秘书学与秘书工作》、《民俗学理论》、《数字图书馆技术》、《网络信息管理》、《网络营销与电子商务》、《信息标引》、《信息产业管理》、《信息分析预测》。,图书管理员，工程造价/预结算，互联网产品专员/助理，会计/会计师，市场营销专员/助理,https://p.qianwen.com/major/tab?app=index&collegesTab=allColleges&webCompassApp=true&q=%E4%BF%A1%E6%81%AF%E8%B5%84%E6%BA%90%E7%AE%A1%E7%90%86%E4%B8%93%E4%B8%9A&entry=gaokao_channel&device=pc
农林经济管理,120301,管理学,农业经济管理类,四年,管理学学士,245985,6100,北京市,销售业务,房地产,不限,本专业学生主要学习经济科学和管理科学的基本理论和相关的农（林）业科学基本知识，学会调查、策划、技术经济分析、计算机应用的基本训练，掌握企业经营管理、市场营销、政策研究等方面的基本能力；掌握管理科学和经济科学的基本理论、基本知识，具有相关的农业科学知识和较宽广的人文、社会科学知识；掌握企业经营管理、技术经济分析、经济核算、社会调查等基本方法；具有独立获取知识、计算机应用和信息处理、较好的语言和文字表达、组织协调、分析和解决实际问题等方面的基本能力；熟悉国家有关方针、政策和法规；了解农业经济科学的理论前沿和农业企业经营管理的发展动态；掌握文献检索、资料查询的基本方法，具有一定的科学研究和实际工作能力。,《林业经济学》、《水产养殖概论》、《农产品物流管理》、《农产品储藏加工概论》、《农产品营销》、《农业投资项目评估》、《农业与食品政策》、《农业政策学》、《农产品市场分析》、《国际农产品贸易》。,公务员(中央国家机关)，公务员(省级机关)，公务员(地市级机关)，公务员(区县级及以下机关)，事业单位人员，公司业务，银行会计/柜员，销售代表，大学教师，出纳员，会计/会计师,https://p.qianwen.com/major/tab?app=index&collegesTab=allColleges&webCompassApp=true&q=%E5%86%9C%E6%9E%97%E7%BB%8F%E6%B5%8E%E7%AE%A1%E7%90%86%E4%B8%93%E4%B8%9A&entry=gaokao_channel&device=pc
农村区域发展,120302,管理学,农业经济管理类,四年,农学学士、管理学学士,152631,5900,西南地区,销售业务,农业,不限,本专业培养农村区域发展设计与规划，现代农业管理和现代农业技术结合的高级复合型人才；要求学生系统掌握农村区域发展及相关学科的理论和知识，熟悉我国关于农村发展的有关方针、政策、法律法规和制度，掌握运用经济学与现代管理学的基本理论与方法分析与解决农村区域发展中实际问题的基本技能。具备参与产业与市场分析、区域经济规划、开发管理等有关的宏观决策与微观管理的农村区域发展规划、设计、经济管理、教学和科研的能力。,《农业政策学》、《农业资源与环境学概论》、《普通发展学》、《参与式发展规划》、《发展研究方法》、《ERP系统管理基础》、《发展项目管理》、《公民社会组织管理》、《农村发展与管理的政策》、《农业产业化的推广与营销》。,公务员(中央国家机关)，公务员(省级机关)，公务员(地市级机关)，公务员(区县级及以下机关)，事业单位人员，会计/会计师，考研，行政专员/助理，遗传育种栽培技术人员，土壤肥料技术人员，社会工作者，综合业务专员/助理,https://p.qianwen.com/major/tab?app=index&collegesTab=allColleges&webCompassApp=true&q=%E5%86%9C%E6%9D%91%E5%8C%BA%E5%9F%9F%E5%8F%91%E5%B1%95%E4%B8%93%E4%B8%9A&entry=gaokao_channel&device=pc
乡村治理,120303TK,管理学,农业经济管理类,四年,管理学学士,7981,,,,,,乡村治理主要研究公共管理、农村发展等方面的基本理论和知识，进行乡村的治理、建设和发展。例如：乡村规划的制定与实施，农村公共服务的提供与管理，乡村社会矛盾的协调与处理等。该专业在政府部门、农村基层组织等有广泛应用，是乡村振兴战略的重要支撑。,农村社会学，公共管理学，政治学，经济学，法律基础，乡村规划，社区管理，公共政策，社会服务，乡村发展,政府部门：乡村规划、管理； 农村基层组织：乡村治理、公共服务； 社会组织：乡村发展、社区建设； 深造：考研或保研，继续公共管理、农村发展等相关专业的学习深造。,https://p.qianwen.com/major/tab?app=index&collegesTab=allColleges&webCompassApp=true&q=%E4%B9%A1%E6%9D%91%E6%B2%BB%E7%90%86%E4%B8%93%E4%B8%9A&entry=gaokao_channel&device=pc
数学与应用数学,070101,理学,数学类,四年,理学学士,1965625,6500,上海市,教师,教育培训,物理+化学,本专业培养掌握数学科学的基本理论与基本方法，具备运用数学知识、使用计算机解决实际问题的能力，受到科学研究的初步训练，能在科技、教育和经济部门从事研究、教学工作或在生产经营及管理部门从事实际应用、开发研究和管理工作的高级专门人才；要求学生主要学习数学和应用数学的基础理论、基本方法，受到数学模型、计算机和数学软件方面的基本训练，具有较好的科学素养，初步具备科学研究、教学、解决实际问题及开发软件等方面的基本能力。,《C/C++程序设计》、《高等代数与几何》、《复变函数论》、《初等数论》、《数学分析实践》、《初等代数》、《几何分析》、《常微分方程和偏微分方程》 部分高校按以下专业方向培养：基础、财经数学、经济数学、数理金融、金融与统计、金融与保险精算、金融数学与金融工程、物流系统模型与仿真、数据科学与大数据技术。,事业单位人员，初中教师，高中教师，公务员(地市级机关)，公务员(区县级及以下机关)，考研，软件工程师，大学教师，公务员(中央国家机关)，小学教师，公务员(省级机关),https://p.qianwen.com/major/tab?app=index&collegesTab=allColleges&webCompassApp=true&q=%E6%95%B0%E5%AD%A6%E4%B8%8E%E5%BA%94%E7%94%A8%E6%95%B0%E5%AD%A6%E4%B8%93%E4%B8%9A&entry=gaokao_channel&device=pc
信息与计算科学,070102,理学,数学类,四年,理学学士,1777246,6800,北京市,后端开发,IT软件,物理+化学,本专业是由信息科学、科学计算、运筹与控制科学等交叉渗透而形成的新的理科专业，培养学生具有良好的数学基础和数学思维能力，掌握信息与计算科学的基本理论、方法和技能，受到科学研究训练，能解决科学研究与工程实际问题中的信息处理和计算问题；通过信息论、科学计算、运筹学等方面基础知识的教育和数学模型建模、数学实践课、专业实习，毕业设计等环节的训练，培养学生解决工程中的科学计算、软件开发和设计、信息处理和编码等实际问题的能力，培养能胜任信息处理、科学与工程计算部门工作。,《高等代数与几何》、《复变函数论》、《数学分析实践》、《JAVA面向对象的程序设计》、《C++程序语言》、《数据建模》、《高等代数与空间解析几何》、《数据结构与算法导论》、《数学分析方法》 部分高校按以下专业方向培养：大数据、云计算、数理金融、信息处理、信息数字化、移动互联网、计算数学与软件。,软件工程师，事业单位人员，公务员(中央国家机关)，公务员(省级机关)，公务员(地市级机关)，公务员(区县级及以下机关)，考研，银行会计/柜员，高中教师，初中教师，IT项目经理/主管,https://p.qianwen.com/major/tab?app=index&collegesTab=allColleges&webCompassApp=true&q=%E4%BF%A1%E6%81%AF%E4%B8%8E%E8%AE%A1%E7%AE%97%E7%A7%91%E5%AD%A6%E4%B8%93%E4%B8%9A&entry=gaokao_channel&device=pc
数理基础科学,070103T,理学,数学类,四年,理学学士,467516,7500,北京市,教师,教育培训,物理+化学,本专业主要培养能从事数学、物理等基础科学教学和科研的有发展潜力的优秀人才，尤其是在数学、物理上具有创新的能力的人才，同时也为对数理基础要求高的其它学科培养有良好的数理基础的新型人才；要求学生具有扎实的数学、物理基础，受到比较严格的科学思维训练，初步掌握数学科学的思想方法；具有应用数学、物理知识去解决实际问题，特别是建立数理模型的初步能力，了解某一应用领域的基本知识；能熟练使用计算机(包括常用语言、工具及一些数学软件)，具有编写简单应用程序的能力；了解国家科学技术等有关政策和法规；了解数理基础科学的某些新发展和应用前景；有较强的语言表达能力，掌握资料查询、文献检索及运用现代信息技术获取相关信息的基本方法，具有一定的科学研究和教学能力。,《高等代数与几何》、《数学分析》、《实变函数》、《数学物理方法》、《基础物理学原理》、《力学》、《热学》、《光学》、《电磁学》、《原子物理学》 部分高校按以下专业方向培养：数学、物理。,考研，初中教师，教学/教务管理人员，银行会计/柜员，银行客户代表，游戏设计/开发，公务员(地市级机关)，公务员(省级机关)，公务员(区县级及以下机关)，公务员(中央国家机关),https://p.qianwen.com/major/tab?app=index&collegesTab=allColleges&webCompassApp=true&q=%E6%95%B0%E7%90%86%E5%9F%BA%E7%A1%80%E7%A7%91%E5%AD%A6%E4%B8%93%E4%B8%9A&entry=gaokao_channel&device=pc
数据计算及应用,070104T,理学,数学类,四年,理学学士,367208,5900,,,,物理+化学,数据计算及应用专业是数学、统计学和信息科学多学科交叉融合的应用理科专业，主要培养能运用所学知识与技能解决数据分析、信息处理、科学与工程计算等领域实际问题的复合型应用理科专业人才。例如：掌握信息科学和统计学的基本理论、方法与技能，受到科学研究的初步训练，具备一定的数据建模、高性能计算、大数据处理以及程序设计能力。 关键词：数据计算 统计学 大数据。,《数学分析》、《高等代数》、《解析几何》、《概率论》、《数理统计》、《常微分方程》、《数据科学导论》、《高级语言程序设计》、《数据库原理》、《数据结构》、《统计预测与决策》、《数据建模》、《数值最优化方法》、《数据算法与分析》、《应用时间序列分析》、《数据挖掘基础》、《统计推断》、《统计计算》、《机器学习》、《R语言与数据分析》、《Hadoop大数据分析》、《数据可视化分析》、《多元统计分析》等。,企事业单位：大数据相关的实际应用、教学、设计、开发和管理等。,https://p.qianwen.com/major/tab?app=index&collegesTab=allColleges&webCompassApp=true&q=%E6%95%B0%E6%8D%AE%E8%AE%A1%E7%AE%97%E5%8F%8A%E5%BA%94%E7%94%A8%E4%B8%93%E4%B8%9A&entry=gaokao_channel&device=pc
心理学,071101,理学,心理学类,四年,教育学学士、理学学士,2457502,6000,北京市,人力资源,教育培训,物理 / 物理+化学,本专业要求学生具有扎实的自然科学和人文社科训练；掌握心理学的基本理论和广泛的心理学知识；掌握心理学基本研究方法，具备发现、分析和解决问题的能力，以及知识自我更新与不断创新的能力，能适应科学研究的需要；具有一定的科学研究能力，可从事心理学及相关专业教学、科研及应用研究；本科毕业后，可继续攻读硕士、博士学位，或在组织管理、学校教育、咨询临床等领域从事心理学应用相关的职业。,《普通心理学》、《变态心理学》、《社会心理学》、《人格心理学》、《认知心理学》、《心理咨询与治疗》、《发展心理学》、《管理心理学》、《心理测量学》、《SPSS和多元统计》 部分高校按以下专业方向培养：特殊教育、人力资源开发与测评、学校心理辅导与咨询。,事业单位人员，中学教师，小学教师，大学教师，公务员，人力资源管理人员，考研,https://p.qianwen.com/major/tab?app=index&collegesTab=allColleges&webCompassApp=true&q=%E5%BF%83%E7%90%86%E5%AD%A6%E4%B8%93%E4%B8%9A&entry=gaokao_channel&device=pc
应用心理学,071102,理学,心理学类,四年,教育学学士、理学学士,1420500,5800,上海市,人力资源,教育培训,物理 / 生物 / 物理+化学 / 物理+化学+生物,本专业培养具备心理学理论、知识和技能，掌握心理学研究、咨询和治疗方法，有能力随时了解心理学的最新发展的专业人才；要求学生掌握扎实的心理学专业理论知识；培养精确缜密的科学思维，具备开展心理学实验，进行心理测试、心理评估、心理咨询等实际工作的能力；具备广博的人文视野和较高的人文素养，积极参加社会活动，心系人文关怀；熟练掌握一门外国语，达到国家规定的等级水平；熟练应用计算机，能够使用统计软件对所得数据进行分析；具备一定的独立科学研究能力、进一步专业深造的理论素养和必要的知识储备。,《儿童发展心理学》、《解剖生理学》、《个体心理咨询》、《普通心理学》、《群体心理学》、《认知与行为治疗》、《生涯心理辅导》、《心理测量与评估》、《心理学原理》、《SPSS统计应用》 部分高校按以下专业方向培养：运动心理、人力资源管理、组织管理心理学、教师教育心理健康、人力资源与市场营销、心理健康咨询与教育。,事业单位人员，公务员(中央国家机关)，公务员(省级机关)，公务员(地市级机关)，公务员(区县级及以下机关)，心理医生，考研，大学教师，初中教师，小学教师，人力资源专员/助理,https://p.qianwen.com/major/tab?app=index&collegesTab=allColleges&webCompassApp=true&q=%E5%BA%94%E7%94%A8%E5%BF%83%E7%90%86%E5%AD%A6%E4%B8%93%E4%B8%9A&entry=gaokao_channel&device=pc
地理科学,070501,理学,地理科学类,四年,理学学士,1138489,6100,北京市,教师,教育培训,地理 / 化学 / 化学+地理 / 历史+地理 / 地理+物理 / 物理+化学,本专业要求学生具有扎实的地理学基本理论、基本知识，掌握地理学基本实践和实验技能和基本思想方法和工作方法，初步具有从事地理科学的研究能力；了解地理科学最新进展和地理教育最新研究成果，具备运用现代教育技术开展地理教学的基本能力；掌握资料查询、文献检索及运用现代化信息技术获得相关信息的基本方法，具有较强的科研能力；能胜任中等学校地理必修课、选修课、活动课和班主任工作，能从事地理教学研究和其他教育工作。,《地理信息系统原理》、《GIS概论与应用》、《遥感与地理信息系统概论》、《土地信息系统》、《土壤环境学》、《综合自然地理学》、《普通水文学》 部分高校按以下专业方向培养：城乡规划管理、旅游资源开发、人文地理与城乡规划、遥感与地理信息系统、资源环境与城乡规划。,高中教师，事业单位人员，初中教师，公务员(区县级及以下机关)，公务员(省级机关)，公务员(地市级机关)，公务员(中央国家机关),https://p.qianwen.com/major/tab?app=index&collegesTab=allColleges&webCompassApp=true&q=%E5%9C%B0%E7%90%86%E7%A7%91%E5%AD%A6%E4%B8%93%E4%B8%9A&entry=gaokao_channel&device=pc
地理信息科学,070504,理学,地理科学类,四年,理学学士,1089029,6200,北京市,后端开发,IT软件,地理 / 化学 / 物理+化学 / 物理+地理 / 思政+地理,本专业培养具备地理学基础知识，掌握地理信息系统、数据库原理、遥感原理与技术、制图学、地理科学、资源与环境学的基础理论和基本知识，具备地理信息系统、全球定位系统和遥感的集成与应用以及相关信息处理和分析能力，能在科研机构、高等学校从事科学研究与开发，能在城市、区域、资源、环境、交通、人口、土地、房地产、基础设施和规划管理等领域从事地理信息系统开发、管理和有关应用的高素质复合型人才。,《摄影测量学》、《GIS空间分析》、《GIS设计与开发》、《遥感导论》、《自然地理学》、《计量地理学》、《遥感数字图像处理》、《卫星导航定位原理与应用》 部分高校按以下专业方向培养：数字城市建设、智慧城市建设、无人机遥感技术。,计算机软件工程师，建筑工程测绘/测量，地质勘探技术人员，公务员，网页(WEB)前端开发工程师，信息技术(IT)项目经理,https://p.qianwen.com/major/tab?app=index&collegesTab=allColleges&webCompassApp=true&q=%E5%9C%B0%E7%90%86%E4%BF%A1%E6%81%AF%E7%A7%91%E5%AD%A6%E4%B8%93%E4%B8%9A&entry=gaokao_channel&device=pc
人文地理与城乡规划,070503,理学,地理科学类,四年,理学学士、管理学学士,880777,,,,,地理 / 思政 / 化学 / 生物 / 物理+化学 / 物理+地理 / 物理+生物+地理,本专业培养具有良好科学素养、掌握地理科学、城乡与土地资源管理与规划、地理信息系统应用等方面的基础理论、方法与技能，能够从事国土规划、城乡规划、产业规划、旅游规划、土地利用与社区规划等领域研究、规划和管理工作的应用型人才；主要设置自然地理学、人文地理学、经济地理学、自然资源概论、环境学概论、城市经济学、城市规划与管理、环境影响评价与规划、区域分析与规划、村镇规划与管理、居住区规划与设计、遥感概论、GIS原理与应用、CAD制图、管理学原理、经济学概论等课程。,《自然地理学》、《地图学与现代测量》、《人文地理学》、《经济地理学》、《区域分析与规划》、《城市规划原理》、《土地利用规划学》 部分高校按以下专业方向培养：房地产经营、旅游规划与策划、旅游开发与管理、房地产开发与管理。,城市规划与设计，房地产项目策划专员/助理，风景园林工程技术人员，建筑工程测绘/测量，房地产评估，中学教师，销售代表,https://p.qianwen.com/major/tab?app=index&collegesTab=allColleges&webCompassApp=true&q=%E4%BA%BA%E6%96%87%E5%9C%B0%E7%90%86%E4%B8%8E%E5%9F%8E%E4%B9%A1%E8%A7%84%E5%88%92%E4%B8%93%E4%B8%9A&entry=gaokao_channel&device=pc
自然地理与资源环境,070502,理学,地理科学类,四年,理学学士、管理学学士,728861,5900,广州市,,,地理 / 化学 / 物理+化学 / 物理+地理,本专业培养具备自然地理和资源环境方面的基本理论、知识和技能，具有创新意识和实践能力，掌握水资源的合理利用、土地资源的利用与评价、资源环境遥感的专业知识与方法以及资源利用和环境发展相关政策和法规，能在企事业单位、科研院所、政府机关、大中专院校等从事与资源环境相关工作的应用型高级人才。,《GIS概论》、《自然地理学》、《地质学》、《环境科学》、《资源学》、《生态环境规划》、《土地评价与土地管理》、《水资源计算与管理》。,中学教师，小学教师，公务员，培训/招生/课程顾问，环境评价工程师，环境监测工程师，项目专员/助理,https://p.qianwen.com/major/tab?app=index&collegesTab=allColleges&webCompassApp=true&q=%E8%87%AA%E7%84%B6%E5%9C%B0%E7%90%86%E4%B8%8E%E8%B5%84%E6%BA%90%E7%8E%AF%E5%A2%83%E4%B8%93%E4%B8%9A&entry=gaokao_channel&device=pc
生物科学,071001,理学,生物科学类,四年,理学学士,1450570,5900,北京市,销售业务,医药,物理+化学 / 物理+化学+生物,本专业旨在培养具备良好的现代生命科学基本理论、基本知识和基本技能，能够从事工业、医药、食品、农、林、牧、渔、环境保护、园林等行业的企业、事业和行政管理部门从事与生物科学、生物技术相关的应用研究、技术开发、生产管理、行政管理等工作高级专门人才；本专业要求生具有扎实的数理化基础，掌握系统的生物科学的基本理论基本知识和基本技术，受到系统的专业理论和专业技能训练，具有较好的科学研究、技术开发、教学及管理等方面的能力。,《生物信息学》、《细胞工程》、《基因工程》、《分子生物学》、《解剖生理学》、《现代遗传学》、《人体组织学与解剖学》、《组织培养》、《人体及动物生理学》 部分高校按以下专业方向培养：实验、海洋生物、生物教育、检验与检测、应用微生物学、生态监测与评价、动物养殖与产品加工、药用植物资源与利用。,事业单位人员，高中教师，初中教师，公务员(中央国家机关)，公务员(省级机关)，小学教师，公务员(区县级及以下机关)，考研，科研人员，生物工程/生物制药，公务员(地市级机关),https://p.qianwen.com/major/tab?app=index&collegesTab=allColleges&webCompassApp=true&q=%E7%94%9F%E7%89%A9%E7%A7%91%E5%AD%A6%E4%B8%93%E4%B8%9A&entry=gaokao_channel&device=pc
生物技术,071002,理学,生物科学类,四年,理学学士、工学学士,1177571,6100,北京市,医学/医疗器械研发,医药,物理+化学 / 物理+化学+生物,本专业培养以现代细胞与分子生物学为基础、以分子克隆技术为手段的现代生物技术人才；要求学生掌握生物学、生物化学、微生物学、细胞生物学、分子生物学、神经生物学、免疫学、遗传学、基因工程、酶工程、发酵工程等方面的基本理论和知识；着重掌握分子生物学技术、细胞与组织培养技术、基因工程、酶工程、蛋白质工程、微生物工程、生物制药技术、药用植物化学分析技术、植物工厂化繁育与生产的技术、动植物检疫技术、市场营销、企业策划等知识和技能。毕业生能在科研机构或高等学校从事生物技术及其相关领域的科学研究或教学工作，能在工业、医药、商检、食品、农林生产、环保、科技情报、园林等行业的企业、事业和行政管理部门从事与生物技术有关的应用研究、技术开发、生产管理和行政管理等工作。,《细胞工程》、《基因工程》、《现代遗传学》、《发酵工程》、《普通微生物学》、《生化工程》、《药物合成》、《生物技术制药》、《生物信息学》、 部分高校按以下专业方向培养：食用菌、茶叶检测、功能食品、生物制药。,事业单位人员，生物工程/生物制药，考研，公务员(中央国家机关)，公务员(省级机关)，化验/检验科医师，公务员(区县级及以下机关)，科研人员，销售代表，高中教师，公务员(地市级机关),https://p.qianwen.com/major/tab?app=index&collegesTab=allColleges&webCompassApp=true&q=%E7%94%9F%E7%89%A9%E6%8A%80%E6%9C%AF%E4%B8%93%E4%B8%9A&entry=gaokao_channel&device=pc
生物信息学,071003,理学,生物科学类,四年,理学学士、工学学士,434506,7000,北京市,销售业务,医药,物理+化学 / 物理+化学+生物,生物信息学是一门以生物学、数学和信息科学为基础的交叉科学，它通过综合运用数学和信息科学等多领域的方法和工具对生物信息进行获取、加工、存储、分析和解释，来阐明大量生物数据所包含的生物学意义。本专业培养具备生命科学和医学基础知识，掌握与生物信息学相关的信息科学、计算机科学、数学和生物技术等基本理论知识和技能，实践能力强，受过严格的科学实验训练，具备较强的知识更新能力和创新能力的高素质人才。毕业后能从事生物信息学及相关领域的科学研究、技术开发、服务、管理和教育等工作。,《生物信息学》、《普通生物学》、《生物化学》、《分子生物学》、《遗传学》、《计算生物学》、《基因组学》、《生物芯片原理与技术》、《蛋白质组学》、《Perl/Python语言编程》。,考研，事业单位人员，高中教师，科研人员，药品研发，生物工程/生物制药,https://p.qianwen.com/major/tab?app=index&collegesTab=allColleges&webCompassApp=true&q=%E7%94%9F%E7%89%A9%E4%BF%A1%E6%81%AF%E5%AD%A6%E4%B8%93%E4%B8%9A&entry=gaokao_channel&device=pc
生态学,071004,理学,生物科学类,四年,理学学士,362260,5900,北京市,销售业务,教育培训,物理+化学 / 物理+化学+生物,生态学专业是一门新兴的、多学科交叉渗透形成的、与人类、生物生存、现代工业发展和城市建设息息相关的前沿学科；本专业培养具备生态学基本理论、基础知识和基本技能，能在科研机构、企事业单位和行政部门从事工业生态、城市生态和普通生态等生态规划、研究、建设、改造和管理的高级专门人才。学生主要学习生态学方面的基本理论、基本知识，受到基础研究和应用基础研究的科学思维和科学实验训练，具有较好的科学素养，掌握现代生态学理论和计算机模拟等实验技能，初步具备教学、研究、开发和管理能力。,《普通生态学》、《植物生态学》、《生态系统生态学》、《农业生态学》、《生态工程与设计》、《生态管理工程》、《环境生态工程》、《水源地保护与饮水保障技术》、《湿地植物生理生态学》、《污染生态学》 部分高校按以下专业方向培养：海洋生态。,事业单位人员，公务员(中央国家机关)，公务员(省级机关)，公务员(地市级机关)，公务员(区县级及以下机关)，初中教师，人力资源专员/助理，科研人员，销售代表，助理/秘书/文员，考研,https://p.qianwen.com/major/tab?app=index&collegesTab=allColleges&webCompassApp=true&q=%E7%94%9F%E6%80%81%E5%AD%A6%E4%B8%93%E4%B8%9A&entry=gaokao_channel&device=pc
神经科学,071006T,理学,生物科学类,四年,理学学士,165098,,,,,,该专业主要培养具备神经科学的基本理论、基本知识和较强的实验技能，能在科研机构、高等学校及企事业单位等从事科学研究、教学工作及管理工作的神经科学高级专门人才。 关键词：神经科学 科研 实验。,《脑科学》、《神经生物学》、《神经病理学》、《行为遗传学》等。,科研机构、高等学校及企事业单位：科学研究、教学工作及管理。,https://p.qianwen.com/major/tab?app=index&collegesTab=allColleges&webCompassApp=true&q=%E7%A5%9E%E7%BB%8F%E7%A7%91%E5%AD%A6%E4%B8%93%E4%B8%9A&entry=gaokao_channel&device=pc
整合科学,071005T,理学,生物科学类,四年,理学学士,119344,,,,,,该专业主要促进学科之间特别是生命科学与其它定量学科之间的深入交叉融合，培养新一代跨学科创新性科研人才 关键词：科学 生命科学 科研。,《微积分与力学》、《定量分子生物学》、《生物化学》、《定量细胞生物学》、《整合热力学》、《整合化学动力学》、《电磁学》、《概率统计》、《量子力学与光谱基础》等。,科研机构、高等学校及企事业单位：科学研究、教学工作及管理。,https://p.qianwen.com/major/tab?app=index&collegesTab=allColleges&webCompassApp=true&q=%E6%95%B4%E5%90%88%E7%A7%91%E5%AD%A6%E4%B8%93%E4%B8%9A&entry=gaokao_channel&device=pc
物理学,070201,理学,物理学类,四年,理学学士,1254836,6100,上海市,教师,教育培训,物理+化学 / 物理+化学+生物,物理学是研究物质运动最一般规律和物质基本结构的学科，它揭示物质产生、演化、转化和相互作用等方面的基本规律，涉及从微观、宏观到宇观，从少体到多体，从简单到复杂的各种系统，是自然科学的核心和工程技术的基础，并与社会学科具有很强的交叉性；本专业旨在培养掌握坚实的、系统的物理学基础理论及较广泛的物理学基本知识和基本实验方法，具有一定的基础科学研究能力和应用开发能力，能发展成为在物理学及其相关交叉学科的不同专业领域继续深造或在相应的科学技术领域中从事科研、教学、技术、应用和管理等方面的创新性人才。,《广义相对论》、《量子场论》、《粒子物理》、《高等量子力学》、《固体物理与结构物性》、《热力学和统计物理学》、《近代光学》 部分高校按以下专业方向培养：太阳能、通用技术、应用物理、新能源材料、绿色能源技术、光伏科学与技术、光电器件及其应用、光信息科学与技术。,事业单位人员，高中教师，初中教师，考研，公务员(中央国家机关)，科研人员，公务员(地市级机关)，公务员(区县级及以下机关)，大学教师，软件工程师，公务员(省级机关),https://p.qianwen.com/major/tab?app=index&collegesTab=allColleges&webCompassApp=true&q=%E7%89%A9%E7%90%86%E5%AD%A6%E4%B8%93%E4%B8%9A&entry=gaokao_channel&device=pc
应用物理学,070202,理学,物理学类,四年,理学学士,881672,5900,上海市,生产工艺,电子技术,物理+化学,本专业以物理学为主要内容，了解物理的理论前沿、应用前景和最新发展动态以及相关高新技术的发展状况，掌握物理理论以及相关的工程技术知识，进行基础研究和应用技术方面的科学思维和科学实验训练；旨在培养能在大中型高新技术产业、公司、科研单位、高等院校从事科研、开发、教学和管理工作的高级应用型人才；具有向不同领域发展的潜力和素质，特别是在交叉学科的进一步深造方面具有优势的人才。,《传感技术与应用》、《普通物理学》、《模拟电路与数字电路》、《量子物理》、《半导体物理学》、《Matlab及其在物理学中的应用》、《等离子体物理》 部分高校按以下专业方向培养：微电子、物联网、原子核、光伏工程、生物物理、医学物理学、应用电子技术。,考研，事业单位人员，高中教师，公务员(中央国家机关)，公务员(省级机关)，科研人员，公务员(区县级及以下机关)，软件工程师，初中教师，硬件工程师，公务员(地市级机关),https://p.qianwen.com/major/tab?app=index&collegesTab=allColleges&webCompassApp=true&q=%E5%BA%94%E7%94%A8%E7%89%A9%E7%90%86%E5%AD%A6%E4%B8%93%E4%B8%9A&entry=gaokao_channel&device=pc
核物理,070203,理学,物理学类,四年,理学学士,477914,9400,北京市,教师,教育培训,物理+化学,本专业培养在核物理与核科学技术领域内具有扎实、宽厚的理论基础、熟练的实验技能并获得科学研究的系统训练，具有较强的工作适应能力和后劲，能在工业、农业、国防、医学及环保及其相关领域从事核物理专业基础研究、应用研究、教学、管理等的高级专门人才。主干课程包括：普通物理、电子技术基础、数学物理方法、理论力学、热力学与统计物理、电动力学、量子力学、固体物理、原子核物理学、核电子学、核物理实验方法、辐射剂量与防护、核技术基础。,《普通物理学》、《原子核物理学》、《核电子学》、《核物理实验方法》、《核技术基础》、《辐射剂量与防护》。,科研人员，事业单位人员，高中教师，环境/健康/安全工程师，医疗器械研发,https://p.qianwen.com/major/tab?app=index&collegesTab=allColleges&webCompassApp=true&q=%E6%A0%B8%E7%89%A9%E7%90%86%E4%B8%93%E4%B8%9A&entry=gaokao_channel&device=pc
声学,070204T,理学,物理学类,四年,理学学士,226722,5300,上海市,电子/电器通用技术,电子技术,物理+化学,声学主要研究声波的产生、传播、接收和效应，探索声音与声波对人类生活产生的影响，例如：噪声的产生与消减、超声波清洗高精密仪器、超声判断未出世胎儿性别、楼道里的声控灯等。 关键词：噪声 超声波 声音感应 回声探测。,《声学基础》、《近代声学》、《噪声控制概论》、《超声概论》、《声频测量》、《电声技术》、《工程噪声控制》 部分高校按以下专业方向培养：物理声学、光声学、超声学、生物医学超声学、音频声学、声信号处理。,技术类企业：电声工程、音频工程、光声信息处理、声电子器件、传感器、回声探测； 政府、事业单位：噪声控制、建筑声学。,https://p.qianwen.com/major/tab?app=index&collegesTab=allColleges&webCompassApp=true&q=%E5%A3%B0%E5%AD%A6%E4%B8%93%E4%B8%9A&entry=gaokao_channel&device=pc
量子信息科学,070206T,理学,物理学类,四年,理学学士,224836,,,,,物理+化学,量子信息科学是量子力学与信息学交叉形成的一门边缘学科。量子信息科学的诞生和发展，极大丰富了量子理论本身的内容，深化了量子力学基本原理的内涵，并进一步验证了量子论的科学性。,《数字电子技术》《原子物理学》《数学物理方法》《电动力学》《理论力学》《量子力学I》《固体物理学》《热力学与统计物理》《量子计算机导论》《量子安全通信导论》《量子信息论基础》《激光物理》《量子光学基础》《量子信息科学》等。,量子信息科学专业的学生毕业后可进入国内外高校和研究机构，在学术上继续深造；进入研究机构从事量子信息科学方面的科研或技术管理工作；在企业中从事量子材料、量子芯片、量子通信、量子计算机、量子软件等领域的技术研发、生产或管理工作。,https://p.qianwen.com/major/tab?app=index&collegesTab=allColleges&webCompassApp=true&q=%E9%87%8F%E5%AD%90%E4%BF%A1%E6%81%AF%E7%A7%91%E5%AD%A6%E4%B8%93%E4%B8%9A&entry=gaokao_channel&device=pc
系统科学与工程,070205T,理学,物理学类,四年,理学学士,204067,,,,,物理+化学,系统科学与工程主要研究系统科学、决策管理、控制系统、计算系统等方面的理论和知识，培养具有系统分析与设计、研究与开发、管理与决策基本能力，能够与国际接轨、有知识创新能力的高级工程技术人才和管理人才。例如：在自动化系统、网络与通信、生产系统、金融经济、社会管理等宽广领域从事系统建模、分析、控制、设计、研究、开发、运行等。 关键词：电子技术 通信 计算机。,《电路原理》、《模拟电子技术基础》、《数字电子技术基础》、《信号分析与处理》、《应用统计学》、《控制理论》、《现代控制理论》、《系统建模分析与仿真》、《系统理论与系统工程》、《运筹学》、《微机原理与接口技术》、《可编程控制器系统》等。,企事业单位：系统分析、设计、科学研究开发、管理决策、设计规划 高校：教学、科研。,https://p.qianwen.com/major/tab?app=index&collegesTab=allColleges&webCompassApp=true&q=%E7%B3%BB%E7%BB%9F%E7%A7%91%E5%AD%A6%E4%B8%8E%E5%B7%A5%E7%A8%8B%E4%B8%93%E4%B8%9A&entry=gaokao_channel&device=pc
化学,070301,理学,化学类,四年,理学学士,1178483,,北京市,化工工程,石油化工,,本专业要求学生掌握系统的化学基础理论知识，具备扎实的化学实验基本操作技能，了解化学学科的最新知识及学科发展的前沿状况，具有向不同领域发展的潜力和素质，特别是在交叉学科的进一步深造方面具有优势；旨在培养富有科学研究的创新和挑战精神并能适应社会发展的高素质、复合型人才，并能在大中型高新技术产业、公司、科研单位、高等院校从事科研、教学、开发和管理工作。,无机化学、分析化学(含仪器分析)、有机化学、物理化学(含结构化学)、化学工程基础等。,事业单位人员，高中教师，初中教师，公务员(中央国家机关)，公务员(省级机关)，化工工程师，公务员(区县级及以下机关)，考研，化学实验室技术员/研究员，小学教师，公务员(地市级机关),https://p.qianwen.com/major/tab?app=index&collegesTab=allColleges&webCompassApp=true&q=%E5%8C%96%E5%AD%A6%E4%B8%93%E4%B8%9A&entry=gaokao_channel&device=pc
应用化学,070302,理学,化学类,四年,理学学士、工学学士,829914,5900,上海市,化工工程,石油化工,物理+化学 / 物理+化学+生物,本专业培养具有坚实应用化学理论基础和具有较高外语水平及较强计算机应用能力，能够适应从事精细化工、有机合成、生物化学、生物化工、药物合成及环境保护等相关专业的产品研制、科学研究、技术开发、工程设计、生产管理，并能解决工程实际问题的宽口径高级专门人才；本专业学生主要学习化学方面的基础知识、基本理论、基本技能以及相关的工程技术知识，受到基础研究和应用基础研究方面的科学思维和科学实验训练，具有较好的科学素养，具备运用所学知识和实验技能进行应用研究、技术开发和科技管理的基本技能。,《化学反应工程》、《高分子化学》、《无机化学》、《材料分析测试技术》、《精细高分子合成与应用》、《电化学测试技术》、《有机波谱学》、《表面活性剂化学》 部分高校按以下专业方向培养：制药、功能材料、精细化工、药物合成、质量检测、分析与检测、药用化妆品、产品检测技术、化学生物应用、环境监测与评价。,化学实验室技术员/研究员，事业单位人员，化学分析，公务员(中央国家机关)，公务员(省级机关)，高中教师，公务员(区县级及以下机关)，考研，化工工程师，销售代表，公务员(地市级机关),https://p.qianwen.com/major/tab?app=index&collegesTab=allColleges&webCompassApp=true&q=%E5%BA%94%E7%94%A8%E5%8C%96%E5%AD%A6%E4%B8%93%E4%B8%9A&entry=gaokao_channel&device=pc
化学生物学,070303T,理学,化学类,四年,理学学士,561273,5100,广州市,销售业务,医药,物理+化学,化学生物学是化学与生物、医学全面交叉结合的新兴学科，培养具有坚实的化学与生物学基础知识和较广泛的化学生物学交叉领域知识，熟练掌握化学与相关生物学实验技能，具备从事化学生物学交叉领域科学研究的基本能力，创新意识强，综合素质高的高级人才。毕业后的学生应能胜任化学、生物学及生物制药技术等相关领域的科研及管理工作，也可在化学、生命科学、生物技术以及生物制药技术等领域继续深造。,《生物无机化学》、《生物有机化学》、《细胞生物学》、《分子生物学》、《化学生物学》、《生物信息学》。,事业单位人员，化学实验室技术员/研究员，考研，药品研发，化验/检验，生物工程/生物制药,https://p.qianwen.com/major/tab?app=index&collegesTab=allColleges&webCompassApp=true&q=%E5%8C%96%E5%AD%A6%E7%94%9F%E7%89%A9%E5%AD%A6%E4%B8%93%E4%B8%9A&entry=gaokao_channel&device=pc
分子科学与工程,070304T,理学,化学类,四年,理学学士,293541,6500,北京市,化工工程,石油化工,物理+化学,本专业优化化学与化工教学内容，增添新的交叉学科知识，培养适应国家发展需要的，拥有宽广深厚的化学、化工基础，具备较强创新意识、基础科学研究能力和功能性化学新产品研发与产业化能力的复合型高素质人才。,《高分子化学》、《化学反应工程》、《胶体与表面化学》、《化工机械基础》、《分子科学与工程信息学》、《分子设计与产品工程》。,初中教师,https://p.qianwen.com/major/tab?app=index&collegesTab=allColleges&webCompassApp=true&q=%E5%88%86%E5%AD%90%E7%A7%91%E5%AD%A6%E4%B8%8E%E5%B7%A5%E7%A8%8B%E4%B8%93%E4%B8%9A&entry=gaokao_channel&device=pc
能源化学,070305T,理学,化学类,四年,理学学士,211427,,,,,物理+化学,能源化学以能源为研究对象，主要研究化学、可再生能源等方面的基本知识和技能，包括能源的分类、性质、用途、利用、高效转化等，以能源的合理、高效、持续利用为目标，进行能源转化效率的提高以及能源可持续发展的探索等。能源化学与能源化学工程相比，能源化学侧重于化工化学方面，能源化学工程侧重于机械物理方面。 关键词：太阳能 风能 核能 地热能。,《能源化学导论》、《无机化学》、《有机化学》、《基础化学实验》、《能源材料基础》、《能源系统工程》、《分析化学》、《电化学能源》。,化工类企业：可再生能源利用、能源高效转化、技术开发。,https://p.qianwen.com/major/tab?app=index&collegesTab=allColleges&webCompassApp=true&q=%E8%83%BD%E6%BA%90%E5%8C%96%E5%AD%A6%E4%B8%93%E4%B8%9A&entry=gaokao_channel&device=pc
化学测量学与技术,070306T,理学,化学类,四年,理学学士,64374,,,,,物理+化学,“化学测量学与技术”专业是基于化学、物理、精密仪器制造、计算机科学、软件等多学科融合的交叉专业。课程体系以化学和物理学为基础，同时融入与化学测量学相关精密仪器制造、计算机科学、软件、信号与控制、人工智能等内容。,《基础化学》《基础化学实验》《综合化学实验》《计算机技术基础》《化学测量学与技术》《化学测量原理与仪器》《机械学基础》《自动控制原理》。,适合从事仪器改进、仪器创新、检测方法发展等工作，可以服务于现代化学、材料、信息、能源、环境、生命、医学和药学等行业领域。,https://p.qianwen.com/major/tab?app=index&collegesTab=allColleges&webCompassApp=true&q=%E5%8C%96%E5%AD%A6%E6%B5%8B%E9%87%8F%E5%AD%A6%E4%B8%8E%E6%8A%80%E6%9C%AF%E4%B8%93%E4%B8%9A&entry=gaokao_channel&device=pc
资源化学,070307T,理学,化学类,四年,理学学士,2876,,,,,,资源化学主要研究化学、资源科学等方面的基本理论和知识，进行资源的开发、利用和保护。例如：矿产资源的化学处理，可再生资源的开发与利用，资源利用过程的环境治理等。该专业在资源利用、环境治理等领域有广泛应用，是可持续发展的重要支撑。,化学基础，资源化学，环境化学，分析化学，有机化学，无机化学，物理化学，材料化学，资源利用，环境监测,科研院所：资源化学研究、技术开发； 化工企业：资源利用、工艺优化； 环保部门：资源回收、环境治理； 深造：考研或保研，继续化学、环境科学与工程等相关专业的学习深造。,https://p.qianwen.com/major/tab?app=index&collegesTab=allColleges&webCompassApp=true&q=%E8%B5%84%E6%BA%90%E5%8C%96%E5%AD%A6%E4%B8%93%E4%B8%9A&entry=gaokao_channel&device=pc
统计学,071201,理学,统计学类,四年,理学学士,905602,6000,北京市,财务/审计/税务,金融投资,物理+化学,统计学是关于数据的方法论学科，提供数据采集、数据处理、数据分析的各种方法；统计学专业旨在培养具备较强的计算机和统计软件的应用能力，具有坚实的数学与外语基础，掌握扎实的经济学基础知识，具有一定的独立观察、分析、研究社会经济问题的能力，能够系统掌握统计学原理和方法，专长于应用统计方法对各种数据进行处理和分析的实用型和通用型人才；毕业生可在银行、证券公司、信托投资公司、保险公司等各种金融机构以及国家部委、企业、咨询公司从事统计分析工作与管理工作。,《C/C++程序设计》、《数理统计学》、《保险会计学》、《初等数论》、《应用多元统计分析》、《统计学概论》、《金融建模》、《风险理论分析》、《复变与积分变换》、《宏观经济统计分析》 部分高校按以下专业方向培养：保险精算、金融统计、数据工程、大数据分析与应用、市场调查与数据分析。,公务员(中央国家机关)，公务员(省级机关)，公务员(地市级机关)，公务员(区县级及以下机关)，银行会计/柜员，数据分析师，会计/会计师，考研，公司业务，个人业务，事业单位人员,https://p.qianwen.com/major/tab?app=index&collegesTab=allColleges&webCompassApp=true&q=%E7%BB%9F%E8%AE%A1%E5%AD%A6%E4%B8%93%E4%B8%9A&entry=gaokao_channel&device=pc
应用统计学,071202,理学,统计学类,四年,理学学士,771965,5100,华东地区,运营,咨询服务,物理+化学,本专业培养具有良好的数学基础和一定的经济学基础，掌握统计学的基本理论和方法，受到用统计方法和统计软件收集、整理、分析数据的基本训练，掌握统计建模和统计应用的基本方法，能熟练地运用统计方法分析数据和解决实际统计应用问题，能在政府、企业、事业单位和经济、管理等部门从事统计调查、统计信息分析、数量分析等方面工作的统计学高级应用型人才。,《C/C++程序设计》、《数理统计学》、《运筹学》、《描述统计》、《抽样调查原理》、《多元统计分析》、《应用随机过程》、《复变与积分变换》 部分高校按以下专业方向培养：大数据、金融统计、生物统计学、风险管理与精算。,银行柜员，中学教师，计算机软件工程师，数据分析师，网络运营专员/助理,https://p.qianwen.com/major/tab?app=index&collegesTab=allColleges&webCompassApp=true&q=%E5%BA%94%E7%94%A8%E7%BB%9F%E8%AE%A1%E5%AD%A6%E4%B8%93%E4%B8%9A&entry=gaokao_channel&device=pc
数据科学,071203T,理学,统计学类,四年,理学学士,11893,,,,,,数据科学主要研究数学、计算机科学等方面的基本理论和知识，进行数据的分析、挖掘和应用。例如：大数据的分析与处理，机器学习模型的构建与应用，数据可视化的设计与实现等。该专业在大数据、人工智能等领域有广泛应用，是数字经济时代的重要技术支撑。,数学基础，统计学，计算机编程，数据结构，数据库原理，机器学习，数据挖掘，数据分析，数据可视化，大数据技术,科技企业：数据科学家、机器学习工程师； 互联网企业：数据分析、数据挖掘； 金融机构：金融数据分析、风险建模； 深造：考研或保研，继续数据科学、统计学等相关专业的学习深造。,https://p.qianwen.com/major/tab?app=index&collegesTab=allColleges&webCompassApp=true&q=%E6%95%B0%E6%8D%AE%E7%A7%91%E5%AD%A6%E4%B8%93%E4%B8%9A&entry=gaokao_channel&device=pc
生物统计学,071204T,理学,统计学类,四年,理学学士,10012,,,,,,生物统计学主要研究统计学、生物学等方面的基本理论和知识，进行生物数据的统计分析和研究。例如：临床试验数据的分析，生物实验结果的统计处理，生物信息学数据的挖掘与分析等。该专业在科研机构、医疗机构等有广泛应用，是生物医学研究的重要工具。,概率论与数理统计，生物统计学，分子生物学，细胞生物学，生物信息学，流行病学，实验设计，数据分析，统计软件，专业英语,科研院所：生物统计研究、数据分析； 医疗机构：临床试验统计、医学数据管理； 医药企业：药物研发统计、数据支持； 深造：考研或保研，继续生物统计学、统计学等相关专业的学习深造。,https://p.qianwen.com/major/tab?app=index&collegesTab=allColleges&webCompassApp=true&q=%E7%94%9F%E7%89%A9%E7%BB%9F%E8%AE%A1%E5%AD%A6%E4%B8%93%E4%B8%9A&entry=gaokao_channel&device=pc
古生物学,070904T,理学,地质学类,四年,理学学士,581131,6700,北京市,,,物理+化学,古生物学是地质学与生物学之间的边缘交叉学科，主要研究保存在地层中的地质历史时期的生物遗体和遗迹化石；本专业培养具备良好的科学素质、掌握地质学、古生物学、演化生物学和化石能源的基础知识和实验技能，掌握博物馆学、化石保护法律法规的基本知识和化石修复技能，能够从事古生物学与生物进化学、古地理与古环境学、化石能源、化石保护与自然类博物馆及相关领域研究或管理工作的复合型、应用型专业技术人才。,《古生物学》、《植物生物学》、《动物生物学》、《生物化学》、《生物进化论》、《普通地质学》、《构造地质学》、《地史学》、《普通岩石学》。,政府、事业类单位：生物保护、生物科研、自然保护区管理、化石管理。,https://p.qianwen.com/major/tab?app=index&collegesTab=allColleges&webCompassApp=true&q=%E5%8F%A4%E7%94%9F%E7%89%A9%E5%AD%A6%E4%B8%93%E4%B8%9A&entry=gaokao_channel&device=pc
地质学,070901,理学,地质学类,四年,理学学士,379167,6500,北京市,地质勘查,石油化工,物理+化学,本专业要求学生掌握自然科学基础知识和地质学基础理论、基本知识；系统接受地质基本工作技能、地质科学研究和计算机应用、外语交流的训练； 概略学习相关学科基础知识和人文社会科学知识；人才培养实行导师制，引导科研生产活动，培养基本研究能力和较强的实践能力；熟练掌握一门外语；能够在科研机构、高等院校从事地质科学研究或教学工作，在海洋、石油、地矿、珠宝、材料、环境、基础工程、旅游开发等部门从事技术开发与技术管理工作。,《地理信息系统原理》、《工程地质学》、《地学导论》、《地理信息系统实验》、《古生物学与地史学》、《水文地质学》、《构造地质学》、《岩石学》 部分高校按以下专业方向培养：地球物理学。,地质勘查/选矿/采矿，事业单位人员，石油/天然气技术人员，岩土工程，道路/桥梁/隧道工程技术，施工员,https://p.qianwen.com/major/tab?app=index&collegesTab=allColleges&webCompassApp=true&q=%E5%9C%B0%E8%B4%A8%E5%AD%A6%E4%B8%93%E4%B8%9A&entry=gaokao_channel&device=pc
地球信息科学与技术,070903T,理学,地质学类,四年,理学学士、工学学士,237470,6100,北京市,地质勘查,采掘冶炼,物理+化学,本专业培养具备地质学、工程地质学、应用地球物理学、计算机信息处理技术、软件技术与工程等方面的基本理论和方法，掌握地球物理勘探的主要技术手段，具备从事各种工程勘查、信息采集、计算机处理和综合应用能力，能在工程勘察、水利水电、国土资源、环境工程、城市基础设施规划与管理等领域从事地球物理勘探、地质工程技术管理等工作的高级应用型专门人才。本专业要求学生掌握基础地质学、工程地质学、地球物理学、遥感技术、地理信息系统、信息处理技术、软件技术的基本理论知识和基本技能；具有数据库应用、面向对象程序设计和初步系统软件设计能力；具备运用主要地球物理勘探技术方法进行岩土工程、资源工程、环境工程等工程勘查的能力，熟练掌握一门外语和计算机应用技能。,《地球动力学》、《地球物理学》、《空间测地学》、《遥感学》、《全球定位系统》、《数字地形模拟》、《卫星摄像与空间摄影测量学》、《地球信息探测技术》、《地学数字信号处理》。,地质勘查/选矿/采矿，考研，事业单位人员，水利/水电工程师，石油/天然气技术人员，信息技术专员，公务员(地市级机关)，公务员(区县级及以下机关)，公务员(省级机关)，公务员(中央国家机关)，培训师/讲师,https://p.qianwen.com/major/tab?app=index&collegesTab=allColleges&webCompassApp=true&q=%E5%9C%B0%E7%90%83%E4%BF%A1%E6%81%AF%E7%A7%91%E5%AD%A6%E4%B8%8E%E6%8A%80%E6%9C%AF%E4%B8%93%E4%B8%9A&entry=gaokao_channel&device=pc
地球化学,070902,理学,地质学类,四年,理学学士,156548,7100,北京市,地质勘查,采掘冶炼,物理+化学,地球化学是化学科学与地球科学相互交叉衍生形成的一门科学，它主要研究地球的物质组成和化学性质，研究这些组成的变化及其机理；本专业学生具备地球化学研究的基本理论、基本方法和基本技能，受到专业技能和技术开发的基本训练，具有扎实的数学、化学基础理论和熟练的计算机应用技能，能进行文字、图形、数据处理和编程，适合在地矿、环境、能源、冶金、农业、海洋等部门从事科学研究、生产和管理等工作。,《地球化学》、《环境地质学》、《生物地球化学》、《构造地质学》、《结晶学与矿物学》、《岩石学》、《矿床学》、《环境地球化学》、《变质岩岩石学》。,地质勘查/选矿/采矿，事业单位人员，石油/天然气技术人员，岩土工程，土木建筑工程人员，施工员,https://p.qianwen.com/major/tab?app=index&collegesTab=allColleges&webCompassApp=true&q=%E5%9C%B0%E7%90%83%E5%8C%96%E5%AD%A6%E4%B8%93%E4%B8%9A&entry=gaokao_channel&device=pc
海洋资源与环境,070703T,理学,海洋科学类,四年,理学学士,460813,6700,广州市,销售业务,房地产,物理+化学,本专业培养具有生物学、环境科学基本理论和基本知识，具有较强的实验、实践基本技能；具备生物资源增殖与保护、海洋环境监测与评价、海洋与渔业管理等方面的基本技能；能从事本专业及相关专业的科学研究、教学、海洋生物资源开发与保护及海洋管理等工作的高级技术人才；课程设置包含海洋生物学、海洋科学、海洋环境修复与治理、海洋管理和规划等多方面内容。,《海洋生态学》、《海洋科学导论》、《环境科学概论》、《微生物学》、《海洋环境监测与评价》、《海洋技术概论》、《环境毒理学》、《环境中的分子生物学诊断技术》、《海洋生物资源评估与管理》。,工程类企业：环境监测、环境评价； 政府、事业类单位：海洋资源调查、海洋资源管理、海洋环境保护、海洋开发利用、海域区划管理、受损海洋生态系统修复或重建。,https://p.qianwen.com/major/tab?app=index&collegesTab=allColleges&webCompassApp=true&q=%E6%B5%B7%E6%B4%8B%E8%B5%84%E6%BA%90%E4%B8%8E%E7%8E%AF%E5%A2%83%E4%B8%93%E4%B8%9A&entry=gaokao_channel&device=pc
海洋科学,070701,理学,海洋科学类,四年,理学学士,399453,6400,华北地区,销售业务,教育培训,物理+化学 / 物理+化学+生物,本专业要求学生掌握海洋科学基本理论、基本知识和专业技能；具备物理海洋学、化学海洋学、海洋生态学、海洋调查及数据处理分析、海洋资源开发利用与保护等方面的知识和基本技能；具有初步的海洋科学调查与研究能力的综合素质；能在海洋生物、海洋化学的基础理论研究、海洋生物和化学资源调查、海洋环境监测等领域从事科学研究、教学与管理工作。,《海洋科学导论》、《生物海洋学》、《物理海洋学》、《海洋地质学》、《海洋调查与观测技术》、《近海区域海洋学》、《流体力学》、《海洋环境生物学》、《海洋微生物学》 部分高校按以下专业方向培养：海洋生物学、物理海洋学、海洋环境科学、海洋生物制药。,事业单位人员，考研，公务员(中央国家机关)，公务员(省级机关)，公务员(地市级机关)，石油/天然气技术人员，销售代表，高中教师，水利/港口工程技术，地质勘查/选矿/采矿，公务员(区县级及以下机关),https://p.qianwen.com/major/tab?app=index&collegesTab=allColleges&webCompassApp=true&q=%E6%B5%B7%E6%B4%8B%E7%A7%91%E5%AD%A6%E4%B8%93%E4%B8%9A&entry=gaokao_channel&device=pc
军事海洋学,070704T,理学,海洋科学类,四年,理学学士,283609,6300,北京市,,,物理+化学,军事海洋学主要研究和利用海洋自然规律，为海上军事行动提供科学依据和实施海洋保障，是在海洋科学和军事科学基础上结合发展起来的研究领域，多为国家部队服务。 关键词：海洋 海战 部队 军事。,《海洋》、《海洋物理学》、《军事海洋学》、《海浪预报理论及方法》、《海洋声学》、《海洋动力学》、《海洋天气学》、《海战战场海洋环境评估与预测》、《卫星遥感及海洋遥测》。,部队：海浪预报、深海研究、海洋战场环境建设、海战战场海洋环境评估与预测。,https://p.qianwen.com/major/tab?app=index&collegesTab=allColleges&webCompassApp=true&q=%E5%86%9B%E4%BA%8B%E6%B5%B7%E6%B4%8B%E5%AD%A6%E4%B8%93%E4%B8%9A&entry=gaokao_channel&device=pc
海洋技术,070702,理学,海洋科学类,四年,理学学士、工学学士,180368,6600,华东地区,销售业务,房地产,物理+化学,本专业培养具备海洋科学、遥感与信息处理和水声学的基本理论和基本技能，能在海洋和信息处理技术及相关领域，从事海洋基础研究、海洋资源开发、声学技术研发及应用、信息系统开发管理及数据处理等工作的高素质应用型人才。毕业生可从事海洋资源调查与开发，海洋环境监测、海洋资源管理、海洋探测、海洋信息处理技术等工作。,《海洋科学导论》、《化学海洋学》、《物理海洋学》、《海洋测量学》、《海洋遥感应用技术》、《地理信息系统原理与应用》、《海洋管理信息系统》、《数字海洋工程》、《海洋要素计算及预报》。,水利/港口工程技术，环保技术工程师，事业单位人员，销售代表，公务员(地市级机关)，公务员(区县级及以下机关)，公务员(省级机关)，公务员(中央国家机关),https://p.qianwen.com/major/tab?app=index&collegesTab=allColleges&webCompassApp=true&q=%E6%B5%B7%E6%B4%8B%E6%8A%80%E6%9C%AF%E4%B8%93%E4%B8%9A&entry=gaokao_channel&device=pc
海洋科学与技术,070705T,理学,海洋科学类,四年,理学学士,178,,,,,,海洋科学与技术专业融合了海洋科学的基础理论和海洋技术的实践应用，培养学生掌握海洋物理、海洋化学、海洋生物、海洋地质等多方面的知识，以及海洋探测、海洋资源开发、海洋环境保护等相关技术。,包括高等数学、大学物理、大学化学、海洋科学导论、海洋地质学、海洋生物学、海洋化学、海洋物理学等。,从事海洋科学研究工作，如海洋生态系统研究、海洋地质勘探、海洋物理现象研究等。例如，在中国科学院海洋研究所等科研机构，参与国家重大海洋科研项目。参与海洋油气开发、海洋渔业资源开发、海洋矿产资源开发等工作。如在中海油等企业，从事海洋油气勘探开发中的技术支持和研究工作。从事海洋环境监测、评价和保护工作，参与海洋生态修复项目。例如，在生态环境部海洋生态环境司或相关监测机构，负责海洋环境质量监测和评估。参与海洋政策制定、海洋资源管理、海洋权益维护等工作。如在自然资源部等部门，从事海洋规划、海域使用管理等工作。,https://p.qianwen.com/major/tab?app=index&collegesTab=allColleges&webCompassApp=true&q=%E6%B5%B7%E6%B4%8B%E7%A7%91%E5%AD%A6%E4%B8%8E%E6%8A%80%E6%9C%AF%E4%B8%93%E4%B8%9A&entry=gaokao_channel&device=pc
大气科学,070601,理学,大气科学类,四年,理学学士,493812,6400,北京市,销售业务,教育培训,物理+化学,本专业要求学生具有大气科学等方面的基本理论、基本知识和基本技能，受到科学思维、科学实验和信息处理等方面的基本训练，掌握气象信息获取、分析及应用、天气预报、气候资源的分析与评价、短期气候预测的基本方法，具有进行大气科学基础研究或应用研究、理论分析、数据处理和计算机应用的基本技能；能在气象、海洋、环境保护、航空航天、政府部门、高等院校、科研单位及部队从事气象学、气候学、大气环境及相关学科等方面的科研、教学、科技开发及相关管理工作。,《天气学》、《动力气象学》、《卫星气象学》、《边界层气象学》、《应用气象学》、《大气电学》、《大气物理学》、《大气化学》、《大气科学进展》 部分高校按以下专业方向培养：大气环境、大气探测、大气物理、水文气象。,事业单位人员，参军，考研，小学教师，中学教师，公务员,https://p.qianwen.com/major/tab?app=index&collegesTab=allColleges&webCompassApp=true&q=%E5%A4%A7%E6%B0%94%E7%A7%91%E5%AD%A6%E4%B8%93%E4%B8%9A&entry=gaokao_channel&device=pc
应用气象学,070602,理学,大气科学类,四年,理学学士,483908,5100,北京市,销售业务,金融投资,物理+化学,本专业要求学生具有良好的科学素养和坚实的大气科学、生物科学和环境科学等方面的基础，掌握气象信息服务系统研制与运用、气候资源开发与利用、产业工程的适用气象技术研究、气象防灾减灾对策与技术研究、生态环境调控以及解决气象学在有关领域中应用问题等方面的基本能力，具有较强的知识更新能力和较广泛的科学适应能力；能够在农业气象及生态环境监测调控、信息分析处理、资源开发利用和防灾减灾等科研、教学和业务部门工作。,《边界层气象学》、《大气科学基础》、《大气探测学》、《天气学原理》、《产业工程气象学》、《气象信息服务》、《应用气象学方法》、《农业气象学》 部分高校按以下专业方向培养：公共气象服务。,事业单位人员，参军，公务员(中央国家机关)，财务助理，公务员(地市级机关)，公务员(区县级及以下机关)，公务员(省级机关),https://p.qianwen.com/major/tab?app=index&collegesTab=allColleges&webCompassApp=true&q=%E5%BA%94%E7%94%A8%E6%B0%94%E8%B1%A1%E5%AD%A6%E4%B8%93%E4%B8%9A&entry=gaokao_channel&device=pc
气象技术与工程,070603T,理学,大气科学类,四年,理学学士、工学学士,104033,,,,,物理+化学,本专业以目标是为国家培养气象领域的新工科高级专业人才。将掌握现代化地面观测系统、多波段的天气雷达系统、卫星数据处理分析系统等全方位的探测原理与技术，具备探测系统开发能力；具备扎实的大规模组网数据处理与同化方面的专业知识，并具备将气象技能应用于各类社会服务的能力。,《气象学原理》《应用气象学》《大气物理学》《人工影响天气》《大气遥感》《天气系统分析》。,毕业生可从事大气特性、大气现象、大气运动以及气象环境、气候变化的探测、研究、预报、预测和应用服务的工程技术人员。,https://p.qianwen.com/major/tab?app=index&collegesTab=allColleges&webCompassApp=true&q=%E6%B0%94%E8%B1%A1%E6%8A%80%E6%9C%AF%E4%B8%8E%E5%B7%A5%E7%A8%8B%E4%B8%93%E4%B8%9A&entry=gaokao_channel&device=pc
地球系统科学,070604T,理学,大气科学类,四年,理学学士,5407,,,,,,地球系统科学主要研究地球科学、环境科学等方面的基本理论和知识，进行地球系统的分析、模拟和研究。例如：气候变化的研究，地球环境的监测，地球系统模型的构建与应用等。该专业在科研机构、环保部门等有广泛应用，是全球环境变化研究的重要支撑。,地球科学基础，大气科学，海洋科学，地质学，环境科学，气候学，地球化学，地球物理，遥感技术，数据建模,科研院所：地球系统研究、气候变化研究； 环保部门：环境监测、气候评估； 气象部门：气象预报、气候分析； 深造：考研或保研，继续地球科学、环境科学等相关专业的学习深造。,https://p.qianwen.com/major/tab?app=index&collegesTab=allColleges&webCompassApp=true&q=%E5%9C%B0%E7%90%83%E7%B3%BB%E7%BB%9F%E7%A7%91%E5%AD%A6%E4%B8%93%E4%B8%9A&entry=gaokao_channel&device=pc
天文学,070401,理学,天文学类,四年,理学学士,863316,9600,北京市,教师,教育培训,物理+化学,本专业要求学生具备坚实的数理基础，掌握天文专业基础知识，掌握天文观测和处理技术，有较强计算机应用能力，能从事天文学及相关领域的研究、教学、科技开发工作。,《广义相对论》、《量子场论》、《普通天文学》、《天体物理》、《天文技术与方法》、《恒星物理基础》、《计算天文学入门》。,科研人员，药品生产/质量管理，制造工程师,https://p.qianwen.com/major/tab?app=index&collegesTab=allColleges&webCompassApp=true&q=%E5%A4%A9%E6%96%87%E5%AD%A6%E4%B8%93%E4%B8%9A&entry=gaokao_channel&device=pc
地球物理学,070801,理学,地球物理学类,四年,理学学士,329478,6500,北京市,地质勘查,石油化工,物理+化学,本专业学生应具备坚实的数理基础和较系统的地球物理学基本理论、基本知识和基本技能，应受到基础研究和应用基础研究的基本训练，具有较好的科学素养及教学、科学研究能力；掌握应用数学、物理学、地质学等方面的基本理论和知识；掌握地球物理学的基本理论、基本知识和基本实验技能，以及解决能源及矿产资源勘察、环境与工程地球物理等基本技能；了解勘查技术与工程、资源勘察与工程等专业的一般原理和知识；能在资源勘探和开发、地质灾害的预测和防治、国防工程与国家重大工程建设、生态环境保护以及对污染的监测等方面从事相关工作。,《地球物理学》、《地球物理观测》、《地质学》、《电路与模拟电子技术》、《地震勘探原理》、《重力勘探》、《连续介质力学》、《重力与固体潮》。,地质勘查/选矿/采矿，事业单位人员，科研人员，考研，石油/天然气技术人员,https://p.qianwen.com/major/tab?app=index&collegesTab=allColleges&webCompassApp=true&q=%E5%9C%B0%E7%90%83%E7%89%A9%E7%90%86%E5%AD%A6%E4%B8%93%E4%B8%9A&entry=gaokao_channel&device=pc
空间科学与技术,070802,理学,地球物理学类,四年,理学学士、工学学士,235135,6500,北京市,销售业务,航天航空,物理+化学,本专业是密切结合航空航天科技迅猛发展需求以及成都理工大学地学优势而开设的新型专业，是一个具有明确背景需求的综合性专业，要求学生具有扎实的数学、物理、外语和计算机基础，具备空间信息科学，现代通信理论，空间环境及探测，空间应用与开发等方面的基础理论知识和技术应用能力，具有较强创新精神，能够在航天工程、空间环境、空间探测、空间应用和空间资源开发以及其它相邻学科领域从事科学研究、人才培养、工程技术和管理工作。,《电磁场与电磁波技术》、《空间探测技术》、《太阳大气层与日球层物理学》、《地磁学与地电学》、《空间等离子体物理基础》、《空间物理基础》、《宇航技术基础》。,航空航天类企业：航空工程、空间探测、空间应用、空间资源开发、航天技术。,https://p.qianwen.com/major/tab?app=index&collegesTab=allColleges&webCompassApp=true&q=%E7%A9%BA%E9%97%B4%E7%A7%91%E5%AD%A6%E4%B8%8E%E6%8A%80%E6%9C%AF%E4%B8%93%E4%B8%9A&entry=gaokao_channel&device=pc
防灾减灾科学与工程,070803T,理学,地球物理学类,四年,工学学士,98121,,,,,物理+化学,防灾减灾科学与工程主要研究气象灾害产生的机理和自然规律、衍生灾害的探测、预警和减灾，培养能在极端天气预警、极端天气次生灾害处理、雷电科学与防护工程、空间天气灾害与预报等各相关领域从事勘察、设计、施工、管理等工作的应用型、复合型工程技术人才。例如：在地质、气象、交通、铁路、国家电网、石化、移动、矿产等相关部门、研究所等从事相关的防灾减灾的工作。 关键词：防灾、减灾、预警。,《雷电原理》、《建筑防雷技术》、《雷电预警》、《雷电探测技术》、《大气物理学》、《人工影响天气》；《气象灾害风险评估》、《气象灾害防御能力评估》、《气象衍生灾害预报机制》、《天气学》、《雷达气象学》、《太阳物理学》、《磁层与电离层物理学》、《空间天气灾害预警与防护》。,政府部门、企事业单位：防雷安全、防灾减灾。,https://p.qianwen.com/major/tab?app=index&collegesTab=allColleges&webCompassApp=true&q=%E9%98%B2%E7%81%BE%E5%87%8F%E7%81%BE%E7%A7%91%E5%AD%A6%E4%B8%8E%E5%B7%A5%E7%A8%8B%E4%B8%93%E4%B8%9A&entry=gaokao_channel&device=pc
行星科学,070804TK,理学,地球物理学类,四年,理学学士,15768,,,,,,由地球科学、天文学、空间科学等基础学科交叉而成，主要研究对象为太阳系的行星、彗星、小行星和系外行星，以阐明太阳系天体的物质和结构组成、揭示太阳系主要天体及系外行星的形成和演化、探寻地外生命、寻找宜居星球等为主要研究内容，涉及国家深空探测、航空航天等多个领域，是当前国家战略发展的重要学科之一。行星科学立足于深空探测返回的样品和采集的数据，以比较行星科学的角度进行交叉综合分析，在与数学、物理学、生物学、化学、地球物理学和地质学等学科的深度融合中形成一系列全新的研究领域和方向，例如系外行星统计学、天体生物学、行星增生动力学、行星地质学、实验行星科学、行星工程地质学、行星化学等。,《行星科学导论》《行星地质学》《行星动力学》《空间探测原理与技术》《月球与火星科学导论》《陨石学与宇宙化学》《矿物学与岩石学》《构造地质学与大地构造学》《地球化学》《同位素地球化学》《分析地球化学》《普通地质学》《理论与实验行星科学导论》《地球物理学基础》《空间物理学基础》《量子力学》。,行星科学专业的毕业生主要在我国深空探测、地球科学和行星科学研究领域相关的科研院所和高校等从事行星表面环境、行星动力学、陨石学与宇宙化学、探测任务科学目标选取、小行星防御等方面的科学研究、技术研发与管理等工作。,https://p.qianwen.com/major/tab?app=index&collegesTab=allColleges&webCompassApp=true&q=%E8%A1%8C%E6%98%9F%E7%A7%91%E5%AD%A6%E4%B8%93%E4%B8%9A&entry=gaokao_channel&device=pc
商务经济学,020105T,经济学,经济学类,四年,经济学学士,3332139,6700,北京市,,,思政,本专业要求学生具备扎实的经济学理论基础；系统掌握商务经济学、金融学和财富管理的基本原理和应用技能；熟悉现代市场经济、商务活动和金融市场的运行规律；具备较强的商务统计与分析、商务决策与计划、商务运营与控制、商务经纪与咨询、金融业务与拓展、商务理财与规划等现代商务技能和财富管理技能。,《商务数学》、《统计》、《财务会计原理》、《营销原理》、《宏观经济学原理》、《中级微观经济学》、《数理经济学》、《货币银行学》、《公共金融学》、《经济计量学基础》。,贸易类企业：合作招商、投资分析、市场调查、产品销售、业务推广、商务管理。,https://p.qianwen.com/major/tab?app=index&collegesTab=allColleges&webCompassApp=true&q=%E5%95%86%E5%8A%A1%E7%BB%8F%E6%B5%8E%E5%AD%A6%E4%B8%93%E4%B8%9A&entry=gaokao_channel&device=pc
经济学,020101,经济学,经济学类,四年,经济学学士,2622829,6100,上海市,财务/审计/税务,金融投资,物理 / 历史 / 思政 / 地理 / 物理+化学,本专业要求学生系统掌握经济学基本理论和相关的基础专业知识，了解市场经济的运行机制，熟悉党和国家的经济方针、政策和法规，了解中外经济发展的历史和现状；了解经济学的学术动态；具有运用数量分析方法和现代技术手段进行社会经济调查、经济分析和实际操作的能力；具有较强的文字和口头表达能力的专门人才，能熟练掌握一门外语。,《税收学》、《贸易经济学》、《计量经济学》、《公司金融学》、《政治经济学》、《金融计量学》、《国际经济学》、《国际贸易谈判模拟》、《金融会计学》、《精算学》 部分高校按以下专业方向培养：信用、城市经济、电算会计、国际金融、国际投资、航空经济、经济计量、金融与会计、能源经济管理、企业财务会计、金融服务与理财。,公务员，银行柜员，事业单位人员，公司产品经理，会计人员,https://p.qianwen.com/major/tab?app=index&collegesTab=allColleges&webCompassApp=true&q=%E7%BB%8F%E6%B5%8E%E5%AD%A6%E4%B8%93%E4%B8%9A&entry=gaokao_channel&device=pc
资源与环境经济学,020104T,经济学,经济学类,四年,经济学学士,2378854,10600,北京市,编辑/记者,媒体,物理 / 化学,本专业主要学习资源与环境经济学方面的基本理论和基本知识，接受相关业务的基本训练；要求学生掌握经济学、管理学、发展经济学和环境与资源方面的基本理论，兼有经济学、管理学和环境与资源技术科学的交叉优势；掌握资源与环境经济学分析的基本理论和方法，能够运用经济学的方法和手段进行环境资源管理；熟悉重要的国际资源与环境经济学方面的经典文献，掌握国家环境资源合理开发与利用、可持续发展的有关政策与法规；具有较强的表达能力和英语读写能力，能熟练运用计算机和网络资源，良好的身体素质；具备从事本专业实际工作和科学研究工作的基本能力。,《自然资源学》、《环境学概论》、《资源与环境经济学》、《资源开发与管理》、《产业经济学》、《发展经济学》、《生态经济学》、《资源环境定量分析方法》、《经济地理学》、《可持续发展理论与实践》。,银行柜员，公务员，会计人员，中学教师，审计人员，销售代表,https://p.qianwen.com/major/tab?app=index&collegesTab=allColleges&webCompassApp=true&q=%E8%B5%84%E6%BA%90%E4%B8%8E%E7%8E%AF%E5%A2%83%E7%BB%8F%E6%B5%8E%E5%AD%A6%E4%B8%93%E4%B8%9A&entry=gaokao_channel&device=pc
经济统计学,020102,经济学,经济学类,四年,经济学学士,731107,4900,华东地区,财务/审计/税务,房地产,物理 / 物理+化学,经济统计学是统计学在经济领域中的应用，是以经济数据为研究对象，包括经济数据的采集，以及用统计方法分析经济数据背后的经济现象以及复杂经济系统的规律，从而为经济和管理决策服务。本专业培养学生具备扎实的数学与统计学理论基础，良好的经济学素养；了解统计学理论与方法的发展动态及其应用前景，具有较强的采集数据、设计调查方案和处理数据的能力，能将统计方法应用于实际经济研究领域，成为财经领域擅长统计分析的专门人才和高水平研究工作的基础性人才。,《数学分析》、《高等代数》、《微观经济学》、《宏观经济学》、《统计学原理》、《经济统计学》、《金融统计学》、《多元统计分析》、《抽样调查技术》、《统计预测与决策》 部分高校按以下专业方向培养：金融统计、投资决策、企业管理统计。,银行柜员，会计人员，小学教师，出纳员，财务助理，银行客户服务，销售代表，审计人员,https://p.qianwen.com/major/tab?app=index&collegesTab=allColleges&webCompassApp=true&q=%E7%BB%8F%E6%B5%8E%E7%BB%9F%E8%AE%A1%E5%AD%A6%E4%B8%93%E4%B8%9A&entry=gaokao_channel&device=pc
国民经济管理,020103T,经济学,经济学类,四年,经济学学士,717650,6600,北京市,销售业务,房地产,不限,本专业主要培养掌握经济学基础理论和系统的专业知识，熟悉我国经济社会发展战略与规划、经济政策和经济管理实践，了解国民经济动态，能够独立从事经济政策分析和解决实际经济问题，具有较强的写作能力和适应能力的复合型专门人才。,《国民经济核算概论》、《金融操作实务》、《国际经济》、《税收的微观经济分析》、《私营产业国际贸易法》、《银行经营管理学》、《产业经济管理》、《管制经济学》、《国民经济管理学》、《国际金融理论与制度》。,公务员(中央国家机关)，公务员(省级机关)，公务员(地市级机关)，公务员(区县级及以下机关)，事业单位人员，编辑，公司业务，证券/期货/外汇经纪人，个人业务，会计/会计师，银行会计/柜员,https://p.qianwen.com/major/tab?app=index&collegesTab=allColleges&webCompassApp=true&q=%E5%9B%BD%E6%B0%91%E7%BB%8F%E6%B5%8E%E7%AE%A1%E7%90%86%E4%B8%93%E4%B8%9A&entry=gaokao_channel&device=pc
能源经济,020106T,经济学,经济学类,四年,经济学学士,705408,6600,华东地区,,,物理 / 物理+化学,本专业将能源和经济结合起来，包括能源的战略选择、能源的融资、能源的预测、能源企业的组织形式等，以能源为研究对象，涉及到经济管理方面的内容；主要学习能源经济及其运行管理方面的基本知识和方法，熟悉能源经济运行规律和能源政策法规，熟练掌握现代能源经济分析方法及管理技能；能在能源企业、政府能源管理部门、能源交易及中介组织、教学及研究机构等单位和部门从事能源预警预测分析、能源政策研究、能源管理等工作。,《能源金融》、《大宗商品和电子商务》、《低碳经济与新能源发展》、《国际政治经济与能源》、《计量经济学软件及应用》、《能源经济数量模型》、《能源市场与价格》、《气候变化经济学》、《能源战略与能源安全》、《自然资源与环境经济学》。,银行柜员，销售代表，项目专员/助理，出纳员，人力资源管理人员，财务助理,https://p.qianwen.com/major/tab?app=index&collegesTab=allColleges&webCompassApp=true&q=%E8%83%BD%E6%BA%90%E7%BB%8F%E6%B5%8E%E4%B8%93%E4%B8%9A&entry=gaokao_channel&device=pc
数字经济,020109T,经济学,经济学类,四年,经济学学士,422897,,,,,,数字经济是继农业经济、工业经济之后的一种新的经济社会发展形态，急需大量既熟练掌握经典经济学理论知识，又懂互联网、大数据相关知识的专业人才。,经济学原理、中级微观经济学、中级宏观经济学、政治经济学、会计学、产业经济学、金融学、计量经济学、国际经济学、统计学、当代中国经济、数字经济概论、互联网经济学、数字金融、数字贸易、数字营销、区块链与通证经济大数据分析、数据可视化、社会网络分析等。,毕业后可以从事有关区块链、人工智能、物联网、机器人、电子商务等新兴领域的相关经济分析、金融分析和行业管理工作,https://p.qianwen.com/major/tab?app=index&collegesTab=allColleges&webCompassApp=true&q=%E6%95%B0%E5%AD%97%E7%BB%8F%E6%B5%8E%E4%B8%93%E4%B8%9A&entry=gaokao_channel&device=pc
经济工程,020108T,经济学,经济学类,四年,经济学学士,215708,,,,,物理,经济工程主要研究经济学和建筑工程学相关内容，包括产业经济学、投资学、市场营销、统计学、建筑识图、项目管理等例如：进行房地产等不动产投资与管理，对城市规划中经济分析及管理等。 关键词：经济 建筑 规划 投资。,《政治经济学》、《微观经济学》、《城市规划》、《产业经济学》、《管理学》、《会计学》、《工程造价》、《计量经济学》、《运筹学》、《工程经济学》。,建筑/金融业、市政企业：不动产投资、咨询与管理，建筑开发、管理、评价和决策等。,https://p.qianwen.com/major/tab?app=index&collegesTab=allColleges&webCompassApp=true&q=%E7%BB%8F%E6%B5%8E%E5%B7%A5%E7%A8%8B%E4%B8%93%E4%B8%9A&entry=gaokao_channel&device=pc
劳动经济学,020107T,经济学,经济学类,四年,经济学学士,194765,,,,,不限,劳动经济学主要研究劳动力市场现象及其所引起的劳动力资源配置等相关问题，包括劳动力供给、劳动力需求、就业、工资、人力资本投资、收入分配等。例如：劳动力市场失衡背后各种因素的变化，如何通过资源的配置使劳动资源配置达到最优等等。 关键词：劳动力 就业 工资。,《经济学原理》、《劳动经济学》、《计量经济学》、《中国劳动力市场》、《发展与就业》、《统计学》、《人事管理经济学》、《工资理论与工资管理》。,企事业单位：经济分析、经济预测与规划、经济管理。,https://p.qianwen.com/major/tab?app=index&collegesTab=allColleges&webCompassApp=true&q=%E5%8A%B3%E5%8A%A8%E7%BB%8F%E6%B5%8E%E5%AD%A6%E4%B8%93%E4%B8%9A&entry=gaokao_channel&device=pc
金融学,020301K,经济学,金融学类,四年,经济学学士,2350669,6700,上海市,财务/审计/税务,金融投资,物理 / 历史 / 思政 / 物理+化学,本专业培养系统掌握金融基本理论、基本知识、基本技能，具备能进行金融实际业务操作和金融风险防范、化解金融风险的基本素质和能力，并注重强化外语和计算机教学，成为具有深厚的金融理论知识，有较强的实践能力、分析综合能力、组织能力、表达能力和创新能力的复合型金融人才。,《税收学》、《公司金融学》、《囯际金融学》、《金融会计学》、《金融计量学》、《证券经济学》、《金融建模》、《金融衍生产品》、《模拟银行业务》、《银行会计学》 部分高校按以下专业方向培养：CFA、投资、国际金融、国际银行、金融理财、金融统计、证券投资、证券与期货、商业银行金融、保险理论与运营。,银行会计/柜员，公务员(中央国家机关)，公务员(省级机关)，公务员(地市级机关)，公务员(区县级及以下机关)，信贷管理/资信评估/分析，事业单位人员，个人业务，会计/会计师，银行客户代表，公司业务,https://p.qianwen.com/major/tab?app=index&collegesTab=allColleges&webCompassApp=true&q=%E9%87%91%E8%9E%8D%E5%AD%A6%E4%B8%93%E4%B8%9A&entry=gaokao_channel&device=pc
金融工程,020302,经济学,金融学类,四年,经济学学士,1722540,6900,北京市,销售业务,金融投资,物理 / 物理+化学 / 物理+思政,本专业是以现代金融活动为研究对象，以金融创新为核心，综合运用是以数理分析为中心的现代金融理论、工具、技术与方法，创造性地解决金融问题的一门新兴金融学科，具有较强的应用性与技术性。本专业学生应掌握经济学、金融学、经济数学、计算机的基本理论和基础知识，掌握微观金融业务原理与操作实务，具有从事银行、证券、保险、投资、风险管理等相关业务的基本技能；具有较扎实的数理分析基础，熟练掌握现代信息化分析工具的应用；熟悉有关法规、政策和国际金融业的通行规则，了解本学科的发展动态；熟练掌握一门外语，具有较强外语应用能力，能利用外语获取专业信息；能熟练使用计算机从事业务工作。,《财政金融学》、《公司金融学》、《金融计量学》、《金融资产定价》、《金融风险定量分析》、《证券投资案例分析》、《寿险精算》、《投资银行实务》、《证券法》、《国际结算与融资》 部分高校按以下专业方向培养：金融科技、计算机与金融工程。,银行会计/柜员，公司业务，公务员(中央国家机关)，公务员(省级机关)，公务员(地市级机关)，银行客户代表，个人业务，证券分析/金融研究，事业单位人员，会计/会计师，公务员(区县级及以下机关),https://p.qianwen.com/major/tab?app=index&collegesTab=allColleges&webCompassApp=true&q=%E9%87%91%E8%9E%8D%E5%B7%A5%E7%A8%8B%E4%B8%93%E4%B8%9A&entry=gaokao_channel&device=pc
投资学,020304,经济学,金融学类,四年,经济学学士,851607,7000,上海市,财务/审计/税务,金融投资,物理 / 思政,本专业要求学生掌握经济学、金融学、管理学的理论知识，通晓投资相关学科主要理论和方法，熟练掌握金融资产价值与风险评估、组合投资、资本运营、公司理财等微观金融业务技能，熟悉国内外经济形势及投资管理运作，具有较强的投资策划、决策与管理能力，能在政府部门、教学科研单位、金融机构、实业公司、事业单位等从事相关工作。,《风险投资学》、《公司金融学》、《财务报表与分析》、《汇率与国际收支》、《融资学》、《项目管理原理》、《产业经济分析》、《金融风险管理》、《金融理财原理与实务》、《公共投融资管理》 部分高校按以下专业方向培养：典当、期货、信用。,银行会计/柜员，公务员(中央国家机关)，公务员(省级机关)，公务员(地市级机关)，公务员(区县级及以下机关)，证券分析/金融研究，投资/理财服务，银行客户服务，事业单位人员，证券/期货/外汇经纪人，公司业务,https://p.qianwen.com/major/tab?app=index&collegesTab=allColleges&webCompassApp=true&q=%E6%8A%95%E8%B5%84%E5%AD%A6%E4%B8%93%E4%B8%9A&entry=gaokao_channel&device=pc
经济与金融,020307T,经济学,金融学类,四年,经济学学士,839601,4700,北京市,财务/审计/税务,金融投资,思政 / 历史,本专业培养学生具备扎实的经济和金融专业知识和实务，掌握系统的经济学与金融学理论和分析方法，具备解决现代经济特别是金融领域中实际问题的技能，熟悉国内外经济与金融发展动态，能在经济管理部门，证券公司、投资银行、商业银行、保险公司、各类投资基金及管理公司等金融机构和工商企业从事相关工作。,《微观经济学》、《宏观经济学》、《货币银行学》、《计量经济学》、《财务会计》、《投资学》、《国际金融学》、《金融衍生产品市场》、《金融随机分析》、《金融经济学》 部分高校按以下专业方向培养：互联网。,会计/会计师，初中教师，投资银行业务，银行客户代表，证券分析/金融研究，咨询顾问/咨询员，考研,https://p.qianwen.com/major/tab?app=index&collegesTab=allColleges&webCompassApp=true&q=%E7%BB%8F%E6%B5%8E%E4%B8%8E%E9%87%91%E8%9E%8D%E4%B8%93%E4%B8%9A&entry=gaokao_channel&device=pc
金融数学,020305T,经济学,金融学类,四年,经济学学士,819299,8600,上海市,销售业务,金融投资,物理 / 物理+化学,本专业培养学生掌握金融数学与金融经济的基本理论和思想方法，初步掌握使用现代数学与计算技术进行经济、金融信息的分析预测和决策，解决公司财务管理，证券组合分析，投资项目评估，保险精算等金融实际问题，具备较强的数学建模能力，具备初步的科学研究与应用开发的能力。,《数学分析》、《高等代数》、《概率论》、《多元统计分析》、《运筹学》、《实变函数》、《西方经济学》、《货币银行学》、《金融工程学》、《金融数学》。,银行会计/柜员，保险内勤，财务分析员，项目专员/助理，银行客户代表,https://p.qianwen.com/major/tab?app=index&collegesTab=allColleges&webCompassApp=true&q=%E9%87%91%E8%9E%8D%E6%95%B0%E5%AD%A6%E4%B8%93%E4%B8%9A&entry=gaokao_channel&device=pc
精算学,020308T,经济学,金融学类,四年,经济学学士、理学学士,519690,,,,,物理,精算学是对风险的评价和制定经济安全方案的科学。现代精算学除了应用于保险公司和参与社会保障体系的设计等传统领域，还更广泛地应用于商业银行、投行、金融中介、政府咨询及监管等机构和长期资本项目等。本专业旨在培养具有扎实的经济学、金融学、保险学、统计学、财务等知识，熟练掌握精算基本理论与方法，以及风险管理、投资理财、大数据应用等现代化精算技术，具有创新精神和实践能力的复合型、应用型高级专门人才。,《金融计算学》、《统计学》、《宏观经济学》、《数学风险理论》、《统计分布理论》、《金融数学基础》、《寿险精算学》、《损失分布》、《线性统计模型》、《随机模型在保险与金融的应用》。,精算师，保险产品开发/项目策划，审计人员，风险控制人员，资产评估,https://p.qianwen.com/major/tab?app=index&collegesTab=allColleges&webCompassApp=true&q=%E7%B2%BE%E7%AE%97%E5%AD%A6%E4%B8%93%E4%B8%9A&entry=gaokao_channel&device=pc
信用管理,020306T,经济学,金融学类,四年,经济学学士、管理学学士,424284,6400,西南地区,销售业务,快消,物理+化学,本专业要求学生具备扎实的经济学和金融学理论基础知识，掌握资信评级与信用管理方面的基本理论，熟悉数理统计和计量经济基本分析方法，掌握现代信用管理专业必备的基本理论知识、专门知识和岗位操作技术与能力，能在政府部门、金融部门、企业单位从事信用政策的制定、资信调查、信用评级、企业的客户关系管理、风险控制等相关业务工作，以及在高等院校从事信用管理教学、科研方面的工作。,《金融计量学》、《管理信息技术》、《金融机构信用风险管理》、《经济学科导论》、《跨国银行管理》、《利息实务分析》、《信用信息与客户关系管理》、《银行经营管理学》、《征信技术基础》、《资信评级》。,银行会计/柜员，公司业务，公务员(中央国家机关)，公务员(省级机关)，公务员(地市级机关)，银行客户代表，风险管理/控制/稽查，考研，证券分析/金融研究，银行客户服务，公务员(区县级及以下机关),https://p.qianwen.com/major/tab?app=index&collegesTab=allColleges&webCompassApp=true&q=%E4%BF%A1%E7%94%A8%E7%AE%A1%E7%90%86%E4%B8%93%E4%B8%9A&entry=gaokao_channel&device=pc
互联网金融,020309T,经济学,金融学类,四年,经济学学士,311482,,,,,物理 / 物理+化学,互联网金融主要研究现代金融理论、金融科技及互联网金融、管理理论与电子商务技术，进行金融数据分析、金融信息系统分析和设计等。例如：余额宝等投资理财类产品的设计、金融建模，对金融产品进行数据收集于分析管理。 关键词：互联网 数据 金融 支付宝。,《金融资本运作》、《互联网金融支付》、《计算机网络与通信技术》、《移动通信与智能终端》、《物联网与传感技术》、《数据挖掘与大数据分析》、《互联网思维与应用》、《互联网金融导论》、《计算机系统与网络安全》、《创新投融资管理》。,“互联网+”行业：产品研发、金融产品设计、金融建模、信息系统分析与设计、商业模式设计产品运营。,https://p.qianwen.com/major/tab?app=index&collegesTab=allColleges&webCompassApp=true&q=%E4%BA%92%E8%81%94%E7%BD%91%E9%87%91%E8%9E%8D%E4%B8%93%E4%B8%9A&entry=gaokao_channel&device=pc
保险学,020303,经济学,金融学类,四年,经济学学士,266188,6200,北京市,保险人员,保险,物理 / 物理+化学,本专业培训学生系统学习和掌握经济学、金融学基础理论与基本知识，具有统计学、会计学和民商法基础，全面深入了解风险管理理论，熟悉保险运作、保险运营、保险规划和保险监管，能胜任风险分析与管理、保险产品开发、保险经营管理、保险监管等工作，以及学校、科研单位教学与研究等工作。,《保险学原理》、《风险管理》、《财产保险学》、《人身保险学》、《精算学原理》、《非寿险精算》、《寿险精算》、《保险基金管理与运行》、《货币银行学》、《财务管理》 部分高校按以下专业方向培养：风险管理与保险、精算与风险管理。,保险代理/经纪人/客户经理，核保理赔，保险内勤，信托服务，记者/采编，IT项目经理/主管,https://p.qianwen.com/major/tab?app=index&collegesTab=allColleges&webCompassApp=true&q=%E4%BF%9D%E9%99%A9%E5%AD%A6%E4%B8%93%E4%B8%9A&entry=gaokao_channel&device=pc
金融科技,020310T,经济学,金融学类,四年,经济学学士,254027,,,,,物理 / 物理+化学,金融科技主要研究金融学、投资学、互联网金融等，将相关商业场景下计量分析原理及方法与大数据分析技术有机结合，进行金融产品设计与运营、金融大数据分析与管理。例如：在网络信贷、智能投顾、数字货币中进行产品设计、量化分析、风险控制、运营管理等。 关键词：金融 科技 设计 数据。,《金融科技概论》、《金融学》、《投资学》、《互联网金融风险管理》、《互联网金融运营管理》、《金融大数据》、《新消费金融模式与实践》、《数据仓库与数据挖掘》、《可视化数据处理技术》、《数据科学基础与Python语言》。,金融机构：金融科技产品开发、数据挖掘、数据分析，金融产品运营和管理。,https://p.qianwen.com/major/tab?app=index&collegesTab=allColleges&webCompassApp=true&q=%E9%87%91%E8%9E%8D%E7%A7%91%E6%8A%80%E4%B8%93%E4%B8%9A&entry=gaokao_channel&device=pc
金融审计,020311TK,经济学,金融学类,四年,经济学学士,17211,,,,,,金融审计主要研究审计学、金融学等方面的基本理论和知识，进行金融机构的审计、监督和风险管理。例如：银行财务的审计，金融产品的风险评估，金融机构内部控制的评价等。该专业在金融机构、审计机构等有广泛应用，是金融安全的重要保障。,审计学原理，金融学，财务管理，会计，税法，经济法，金融市场，风险管理，内部控制，审计信息化,金融机构：内部审计、风险管理； 会计师事务所：金融审计、咨询； 政府部门：金融监管、审计监督； 深造：考研或保研，继续审计学、金融学等相关专业的学习深造。,https://p.qianwen.com/major/tab?app=index&collegesTab=allColleges&webCompassApp=true&q=%E9%87%91%E8%9E%8D%E5%AE%A1%E8%AE%A1%E4%B8%93%E4%B8%9A&entry=gaokao_channel&device=pc
财政学,020201K,经济学,财政学类,四年,经济学学士,1363545,5800,北京市,财务/审计/税务,房地产,物理 / 历史,本专业属于应用经济学科，主要研究政府部门在资金筹集和使用方面的理论、制度和管理方法，同时也研究企业在生产经营过程中的税收问题；要求学生系统学习和掌握现代经济学基础理论与基本知识，深入了解古今中外的财政思想和实践经验，掌握财政、税收基本理论及其相关法律法规及政策，熟悉中国税制、政府预算管理、政府债务管理、政府采购管理等理论与实务；具备扎实的经济学、管理学及财政学理论知识，掌握较强的财税业务实践能力和精湛的财税业务技能，具备进一步深造和从事财经研究的坚实基础，具备国际化视野和创新精神，能胜任各级财政税务部门、企事业单位、科研单位及其他经济管理部门的相关工作。,《税收学》、《纳税检查》、《财政学说史》、《比较财政学》、《公债学》、《国有资产管理学》、《应用经济学》、《税收征收管理系统》、《中国财税史》、《财政管理系统》 部分高校按以下专业方向培养：绩效评价、涉税会计、资产评估与资产管理。,公务员(中央国家机关)，公务员(省级机关)，公务员(地市级机关)，公务员(区县级及以下机关)，会计/会计师，财务助理，事业单位人员，公司业务，审计专员/助理，个人业务，银行会计/柜员,https://p.qianwen.com/major/tab?app=index&collegesTab=allColleges&webCompassApp=true&q=%E8%B4%A2%E6%94%BF%E5%AD%A6%E4%B8%93%E4%B8%9A&entry=gaokao_channel&device=pc
税收学,020202,经济学,财政学类,四年,经济学学士,636060,5600,北京市,财务/审计/税务,金融投资,不限,本专业属于应用经济学科，它以企业经营管理中的税务问题为主要研究对象，培养学生理解国家税收政策和税收制度以及分析企业税务发展战略的能力；要求学生掌握经济学、管理学和法学的基本理论与基本分析方法，熟悉国内和国际税务、会计、金融等方面的法律法规与操作实务，较为熟练地掌握一门外语和计算机使用技能，具有较好的科研能力和一定的税收综合业务能力，能独立在税务师事务所、会计师事务所、各类企事业单位的涉税岗位、政府财税等部门从事税收业务工作。,《中国税制》、《外国税制》、《税收筹划》、《税务代理实务》、《国际税收》、《税收管理》、《财税信息化》、《财务会计》、《公共财政学》、《国家预算》 部分高校按以下专业方向培养：税务师、国际税收、注册税务师。,会计人员，公务员，银行柜员，税务专员/助理，财务助理，审计人员，出纳员，财务分析经理/主管,https://p.qianwen.com/major/tab?app=index&collegesTab=allColleges&webCompassApp=true&q=%E7%A8%8E%E6%94%B6%E5%AD%A6%E4%B8%93%E4%B8%9A&entry=gaokao_channel&device=pc
国际税收,020203TK,经济学,财政学类,四年,经济学学士,23339,,,,,,国际税收是税收的一个分支，属于财政学类专业，是一门系统地反映税收理论、政策、制度和管理内容的学科；国际税收是两个或两个以上的国家政府，对同一跨国纳税人的跨国所得或财产进行重叠交叉征税的结果。,《国际税收基础（英语）》《英美税制（英语）》《国际税收协定（英语）》《国际税务应用（英语）》等。,本专业类毕业生适合财税机关、大型中介服务机构、跨国企业和研究机构从事国际税收工作，以及在市场上自主创业的创新复合型高素质税务人才。,https://p.qianwen.com/major/tab?app=index&collegesTab=allColleges&webCompassApp=true&q=%E5%9B%BD%E9%99%85%E7%A8%8E%E6%94%B6%E4%B8%93%E4%B8%9A&entry=gaokao_channel&device=pc
国际经济与贸易,020401,经济学,经济与贸易类,四年,经济学学士,989981,5700,上海市,销售业务,贸易,物理 / 历史 / 思政 / 地理 / 思政+地理,本专业以经济学、国际贸易为主干学科，培养学生系统学习国际贸易、国际金融、国际市场营销、国际商法等方面的专门知识和技能，深入了解国际经济的发展趋势及国际市场运行规则，熟悉我国对外经贸方针、政策；使学生掌握分析经济、法律、文化、技术等国际商务环境的基本方法以及计算机等现代科技和管理手段；强调熟练的英语应用能力。,《国际贸易学》、《税收学》、《贸易经济学》、《国际商务交际与谈判》、《采购与供应管理》、《外贸单证与函电》、《公司金融学》、《外贸口译》、《外贸单证制作与审核》、《国际知识产权贸易》 部分高校按以下专业方向培养：CITF、海关业务、跨境电商、贸易经济、外贸会计、保税港区经济、跨境网络贸易、国际商务与报关、跨国公司经营与管理、商品质量检验与管理。,公务员(中央国家机关)，公务员(省级机关)，公务员(地市级机关)，公务员(区县级及以下机关)，事业单位人员，考研，外贸/贸易专员/助理，公司业务，销售代表，会计/会计师，银行会计/柜员,https://p.qianwen.com/major/tab?app=index&collegesTab=allColleges&webCompassApp=true&q=%E5%9B%BD%E9%99%85%E7%BB%8F%E6%B5%8E%E4%B8%8E%E8%B4%B8%E6%98%93%E4%B8%93%E4%B8%9A&entry=gaokao_channel&device=pc
贸易经济,020402,经济学,经济与贸易类,四年,经济学学士,532927,6000,北京市,销售业务,房地产,不限,本专业要求学生掌握扎实的经济学和管理学基础理论和方法；掌握内、外贸企业经营管理所需的经济、法律、财会、数学、金融等多方面的基础知识；熟悉国内外市场及其商业模式；熟悉资本市场和企业经营管理知识，具备较高的英语水平；具有较强的科研能力、市场调研和市场预测能力；能熟练运用外语和计算机技术，具备广泛的经济与管理能力。,《贸易经济学》、《财务管理概论》、《成本管理学》、《组织行为学概论》、《宏观经济学概论》、《期货市场运作》、《消费经济》、《电子商务与网络贸易》、《服务贸易概论》、《商品市场管理》。,公务员(中央国家机关)，公务员(省级机关)，公务员(地市级机关)，公务员(区县级及以下机关)，银行会计/柜员，外贸/贸易专员/助理，公司业务，销售代表，银行客户代表，会计/会计师，事业单位人员,https://p.qianwen.com/major/tab?app=index&collegesTab=allColleges&webCompassApp=true&q=%E8%B4%B8%E6%98%93%E7%BB%8F%E6%B5%8E%E4%B8%93%E4%B8%9A&entry=gaokao_channel&device=pc
国际经济发展合作,020403T,经济学,经济与贸易类,四年,经济学学士,20713,,,,,,本专业培养学生爱国情怀和社会责任感，践行人类命运共同体理念和社会主义核心价值观，适应国家积极参与全球治理和推进更高水平对外开放的发展需要，懂得国际发展的专业知识和理论基础，熟悉掌握经济学知识在国际发展与合作领域专业的应用，培养具有较高的国际经济和国际政治理论素养，具有国际意识、战略思维和创新能力，有较强的国际谈判与国际沟通能力，立足发展中国家和新兴经济体，服务中国经济发展，能够在国际组织、跨国公司、涉外机构、大众传媒、大型国企和政府相关部门从事国际经济发展合作领域的战略研究、政策咨询、外交外事管理工作的国际化、复合型高素质专门人才。,《经济学原理》、《发展经济学》、《国际发展学》、《跨国公司与企业社会责任》、《国际经贸规则与全球治理》、《世界经济与政治》、《开发性金融》、《国际金融》、《国际税收管理》、《第二外语（法语等）》、《商务统计与大数据分析》、《国际工程项目管理》、《国际人力资源开发》、《跨文化沟通》、《公共政策分析》等。,国家政府机构、国际组织机构、跨国公司和涉外企事业单位等。,https://p.qianwen.com/major/tab?app=index&collegesTab=allColleges&webCompassApp=true&q=%E5%9B%BD%E9%99%85%E7%BB%8F%E6%B5%8E%E5%8F%91%E5%B1%95%E5%90%88%E4%BD%9C%E4%B8%93%E4%B8%9A&entry=gaokao_channel&device=pc
法学,030101K,法学,法学类,四年,法学学士,4198474,6100,北京市,律师/法务/合规,咨询服务,物理 / 历史 / 思政 / 历史+思政,本专业培养学生具有良好法学思维，掌握法学基本理论和系统法律专业知识；熟悉我国法律法规及有关政策，具有社会责任感和担当精神；了解外国的法律和法学动态；能够独立分析和解决实际法律问题；具有较强的文字和口头表达能力；掌握律师实务、司法鉴定、法医等技术知识；有较好的外语听说读写能力，使学生成为既能从事立法工作和司法实务，又能从事法学教育和研究工作的德才兼备的高级法律专门人才。,《中国法律史》、《中国宪法学》、《劳动和社会保障法》、《比较刑法》、《公司法与企业法》、《婚姻和继承法》、《比较民商法》、《国际刑法学》、《民法学总论》、《物权法与债法》 部分高校按以下专业方向培养：检察、经济法、民商法、法务会计、法务金融、律师实务、刑事司法、行政法务、国际经济法、医事法律实务。,公务员(中央国家机关)，公务员(省级机关)，公务员(地市级机关)，公务员(区县级及以下机关)，考研，事业单位人员，律师助理，法务专员/助理，检察官，律师,https://p.qianwen.com/major/tab?app=index&collegesTab=allColleges&webCompassApp=true&q=%E6%B3%95%E5%AD%A6%E4%B8%93%E4%B8%9A&entry=gaokao_channel&device=pc
监狱学,030103T,法学,法学类,四年,法学学士,824638,5500,华北地区,律师/法务/合规,房地产,不限,本专业培养系统掌握法学基础知识和监狱学、刑罚学、犯罪心理学等专业知识，具有预防和打击刑事犯罪、执行刑罚、管理教育改造罪犯的业务能力，具有一定的计算机知识、外语水平和较强的文字口头表达能力，能在监狱等司法系统从事行政管理和罪犯改造等工作的应用型高级专门人才。,《宪法学》、《刑法学》、《刑事诉讼法学》、《犯罪学》、《刑罚学》、《犯罪心理学》、《狱政管理学》、《监狱教育学》、《狱内侦查学》、《罪犯改造心理学》 部分高校按以下专业方向培养：社区矫正、心理矫治。,公务员(省级机关)，公务员(地市级机关)，公务员(中央国家机关)，警察，公务员(区县级及以下机关),https://p.qianwen.com/major/tab?app=index&collegesTab=allColleges&webCompassApp=true&q=%E7%9B%91%E7%8B%B1%E5%AD%A6%E4%B8%93%E4%B8%9A&entry=gaokao_channel&device=pc
知识产权,030102T,法学,法学类,四年,法学学士,791675,6100,上海市,律师/法务/合规,咨询服务,思政 / 物理,本专业旨在培养具有理工科基础，掌握管理和法律知识的知识产权复合型人才；要求学生具有一定的理工科基础知识，了解科技创新和发展规律，掌握知识产权经营、管理与保护实践技能，熟练掌握知识产权法律原理和实务知识，能够从事知识产权管理和法律工作。,《法理学》、《中国宪法学》、《民法学》、《著作权法》、《专利法》、《商标法》、《知识产权国际公约》、《知识产权损害赔偿》、《知识产权法原理》、《企业知识产权战略》。,公务员(中央国家机关)，公务员(省级机关)，公务员(地市级机关)，公务员(区县级及以下机关)，律师助理，银行卡/电子银行业务推广，公司业务，事业单位人员，法官，行政专员/助理，法务专员/助理,https://p.qianwen.com/major/tab?app=index&collegesTab=allColleges&webCompassApp=true&q=%E7%9F%A5%E8%AF%86%E4%BA%A7%E6%9D%83%E4%B8%93%E4%B8%9A&entry=gaokao_channel&device=pc
司法警察学,030106TK,法学,法学类,四年,法学学士,456735,,,,,不限,司法警察学主要研究司法学、监狱学、侦查学相关内容，进行刑事犯罪预防与打击、改造罪犯、管理劳动教养人员、维护社会治安等。例如：监狱中改造及教育管理劳动教养人员，人民法院中警卫法庭、提押犯人、执行搜查、拘传和送达诉讼文书。 关键字：监狱 法院 警察 手枪。,《法学基础理论》、《宪法学》、《民法学》、《法律文书》、《计算机技术》、《刑法学》、《射击技术》、《行政法学》、《经济法学》。,法院及公安机关：打击犯罪、改造罪犯、警卫法庭、提押犯人、执行搜查、维护社会治安。,https://p.qianwen.com/major/tab?app=index&collegesTab=allColleges&webCompassApp=true&q=%E5%8F%B8%E6%B3%95%E8%AD%A6%E5%AF%9F%E5%AD%A6%E4%B8%93%E4%B8%9A&entry=gaokao_channel&device=pc
信用风险管理与法律防控,030104T,法学,法学类,四年,法学学士,168498,,,,,不限,信用风险管理与法律防控主要研究信用风险法律防控相关知识，化解信用管理领域法律风险、处置经济矛盾纠纷，保障市场主体合法权益，维护交易安全。例如：化解市场主体因失信引发的违约、违法、犯罪等法律风险、处置经济矛盾纠纷。 关键词：纠纷 交易 法律 犯罪。,《金融投资分析与理财》、《囯际金融学》、《金融计量学》、《证券市场基本法律法规》、《风险管理》、《风险投资学》、《劳动和社会保障法》、《公司法与企业法》、《金融风险管理》。,信用、金融类企事业单位：信用风险评估、信用风险管理、风险防控与管理、处置经济矛盾纠纷。,https://p.qianwen.com/major/tab?app=index&collegesTab=allColleges&webCompassApp=true&q=%E4%BF%A1%E7%94%A8%E9%A3%8E%E9%99%A9%E7%AE%A1%E7%90%86%E4%B8%8E%E6%B3%95%E5%BE%8B%E9%98%B2%E6%8E%A7%E4%B8%93%E4%B8%9A&entry=gaokao_channel&device=pc
国际经贸规则,030105T,法学,法学类,四年,法学学士,152659,,,,,不限,国际经贸规则主要研究国际经济法、国际商事仲裁、知识产权法等相关内容，包括研究国际贸易规则、中国法律知识、英美国家法律制度等。例如：在国际投资争端解决中心（ICSID）处理国际投资争议、在世界知识产权组织（WIPO）处理跨国知识产权纠纷。 关键词：贸易 法官 国际 投资。,《经济法》、《知识产权法》、《国际经济法》、《世界贸易组织法》、《国际商事仲裁》、《非诉业务模拟》、《WTO争端解决案例模拟》。,贸易组织、政府机构：法官、律师、法务。,https://p.qianwen.com/major/tab?app=index&collegesTab=allColleges&webCompassApp=true&q=%E5%9B%BD%E9%99%85%E7%BB%8F%E8%B4%B8%E8%A7%84%E5%88%99%E4%B8%93%E4%B8%9A&entry=gaokao_channel&device=pc
社区矫正,030107TK,法学,法学类,四年,法学学士,123457,,,,,不限,社区矫正主要研究刑法学、监狱学、社区矫正理论等相关内容，社区矫正是与监禁矫正相对的一种行刑方式，主要采用心理引导和行为规范等方式，矫正其犯罪心理和行为恶习。例如：将罪行较轻、人身危险性较小罪犯置于社区中，对其行动范围及行为进行规范，促进罪犯形成健康的社会人格。 关键词：社区 罪犯 劳动 心理。,《法学基础》、《刑法原理与实务》、《社会学概论》、《社区矫正理论基础》、《社会心理学》、《社区矫正信息化应用》、《人民调解实务》、《犯罪学》、《行政法与行政诉讼法》、《社区矫正人员心理干预》。,监狱、公安机关：刑罚执行、心理矫正、教育管理、社会工作。,https://p.qianwen.com/major/tab?app=index&collegesTab=allColleges&webCompassApp=true&q=%E7%A4%BE%E5%8C%BA%E7%9F%AB%E6%AD%A3%E4%B8%93%E4%B8%9A&entry=gaokao_channel&device=pc
纪检监察,030108TK,法学,法学类,四年,法学学士,33250,,,,,,​暂无简介纪检监察学能提升纪检监察理论化水平，培养输送高素质、专业化纪检监察人才，是推动提高纪检监察治理质效的实际举措，有利于推进国家治理体系和治理能力现代化。,法学基础，政治学，纪检监察理论，党纪党规，法律法规，案件查办，廉政教育，监督学，行政学，公共管理学,​暂无简介。,https://p.qianwen.com/major/tab?app=index&collegesTab=allColleges&webCompassApp=true&q=%E7%BA%AA%E6%A3%80%E7%9B%91%E5%AF%9F%E4%B8%93%E4%B8%9A&entry=gaokao_channel&device=pc
司法鉴定学,030110TK,法学,法学类,四年,法学学士,13568,,,,,,司法鉴定学主要研究法学、司法鉴定等方面的基本理论和知识，进行司法鉴定、法律实务等工作。例如：法医鉴定，物证鉴定，文书鉴定等。该专业在司法鉴定机构、司法机关等有广泛应用，是司法公正的重要技术保障。,法学基础，证据学，司法鉴定学，法医学，物证技术，文书鉴定，痕迹鉴定，微量物证，计算机取证，司法鉴定法规,司法鉴定机构：司法鉴定、技术鉴定； 司法机关：检察辅助、法医； 律师事务所：司法鉴定咨询、技术支持； 深造：考研或保研，继续法学、法医学等相关专业的学习深造。,https://p.qianwen.com/major/tab?app=index&collegesTab=allColleges&webCompassApp=true&q=%E5%8F%B8%E6%B3%95%E9%89%B4%E5%AE%9A%E5%AD%A6%E4%B8%93%E4%B8%9A&entry=gaokao_channel&device=pc
海外利益安全,030112TK,法学,法学类,四年,法学学士,10955,,,,,,海外利益安全主要研究我国在海外的利益安全保障问题。海外利益安全专业旨在培养学生具备海外利益风险评估、安全保障和危机应对的能力。主要涉及学习国际法、国际关系、风险管理等方面的知识，海外利益安全保障的策略和方法。关键词：国际法 风险评估 海外利益 法律知识,国际关系，国际安全，国际法，海外投资，跨国公司管理，国际风险管理，危机管理，情报分析，国别研究，专业英语,政府部门：海外安全管理、风险评估； 企业：海外投资安全、风险管理； 科研院所：海外安全研究； 深造：考研或保研，继续国际关系、安全学等相关专业的学习深造。,https://p.qianwen.com/major/tab?app=index&collegesTab=allColleges&webCompassApp=true&q=%E6%B5%B7%E5%A4%96%E5%88%A9%E7%9B%8A%E5%AE%89%E5%85%A8%E4%B8%93%E4%B8%9A&entry=gaokao_channel&device=pc
国际法,030109TK,法学,法学类,四年,法学学士,10705,,,,,,国际法主要研究国际法、国际关系等方面的基本理论和知识，进行国际法的应用、研究和服务。例如：国际条约的起草与谈判，国际争端的解决，国际法律事务的咨询等。该专业在外交、国际组织、律师事务所等有广泛应用，是国际交往和合作的重要法律保障。,国际法原理，国际公法，国际私法，国际经济法，国际关系，国际组织，国际争端解决，国际法案例，专业英语，法律实务,外交部门：外交事务、国际谈判； 国际组织：国际合作、项目管理； 律师事务所：国际法律师、法律咨询； 深造：考研或保研，继续国际法、国际关系等相关专业的学习深造。,https://p.qianwen.com/major/tab?app=index&collegesTab=allColleges&webCompassApp=true&q=%E5%9B%BD%E9%99%85%E6%B3%95%E4%B8%93%E4%B8%9A&entry=gaokao_channel&device=pc
国家安全学,030111TK,法学,法学类,四年,法学学士,9821,,,,,,国家安全学主要研究国家安全的基本理论、战略策略、政策法规以及实践应用等方面，这个专业致力于培养具备国家安全意识和战略思维的人才，为维护国家安全提供理论支持和实际指导。国家安全学的内容涵盖了政治安全、经济安全、军事安全、文化安全、科技安全等多个领域，学生将学习国家安全战略、危机管理、情报分析等方面的知识和技能，以适应复杂多变的国际安全环境。关键词：国家安全 政治安全 经济安全 军事安全 文化安全 科技安全,国家安全理论，国家安全法规，情报学，危机管理，反恐研究，网络安全，地缘政治，国际关系，国防教育，安全评估,政府部门：国家安全管理、情报分析； 安全机构：安全评估、风险预警； 科研院所：国家安全研究； 深造：考研或保研，继续国家安全学、国际关系等相关专业的学习深造。,https://p.qianwen.com/major/tab?app=index&collegesTab=allColleges&webCompassApp=true&q=%E5%9B%BD%E5%AE%B6%E5%AE%89%E5%85%A8%E5%AD%A6%E4%B8%93%E4%B8%9A&entry=gaokao_channel&device=pc
侦查学,030602K,法学,公安学类,四年,法学学士,843125,6000,北京市,律师/法务/合规,加工制造,思政,本专业要求学生具备坚定正确的政治方向、严格的组织纪律观念和良好的职业道德，系统掌握侦查学的基本理论、基本知识和基本技能，具有较强的实践能力和创新能力；毕业生除公共课知识外，需掌握法学、侦查学的基本理论、基础能力，熟悉侦查方法和技术，掌握侦查学理论研究的基本方法，具备一定的科研和实际工作能力，能够在公安、检察、国家安全、军队保卫、海关、工商、税务、金融机构、监察、审计、高校及科研机构等部门从事侦查、稽查、刑事执法、专业教学、科研等工作。,《公安基础理论》、《犯罪学》、《公安管理学》、《刑事诉讼法》、《刑事侦查学》、《物证技术学》、《侦查讯问学》、《现场勘查学》、《刑法》、《自卫擒敌》 部分高校按以下专业方向培养：反恐怖、公安情报、技术侦察、视频侦查、铁路反恐、维吾尔语、狱内侦查、预审监管、网络犯罪侦查。,警察，公务员(中央国家机关)，公务员(区县级及以下机关)，公务员(地市级机关)，公务员(省级机关),https://p.qianwen.com/major/tab?app=index&collegesTab=allColleges&webCompassApp=true&q=%E4%BE%A6%E6%9F%A5%E5%AD%A6%E4%B8%93%E4%B8%9A&entry=gaokao_channel&device=pc
犯罪学,030611TK,法学,公安学类,四年,法学学士,507908,5700,北京市,,,思政,本专业要求学生具有良好职业素养、科学素质和人文素养，熟悉党和国家的路线、方针、政策，掌握本专业基础理论、基本知识与基本技能，具备开展违法犯罪矫治矫正、群众工作及犯罪预防、公安民警心理健康工作的职业核心能力和创新精神，能够在公安派出所从事社区矫正、犯罪预防、纠纷调解等工作，在公安监管场所从事违法犯罪人员的矫治矫正工作，在公安政工部门从事民警心理健康工作，以及在其他政法机关从事相关工作。,《犯罪学原理》、《西方犯罪学》、《刑事政策学》、《犯罪被害人学》、《犯罪预防学》、《犯罪心理学》、《罪犯矫治学》、《犯罪评估导论》、《犯罪学研究方法》、《犯罪统计学》。,警察，公务员(地市级机关)，公务员(区县级及以下机关)，公务员(省级机关)，公务员(中央国家机关),https://p.qianwen.com/major/tab?app=index&collegesTab=allColleges&webCompassApp=true&q=%E7%8A%AF%E7%BD%AA%E5%AD%A6%E4%B8%93%E4%B8%9A&entry=gaokao_channel&device=pc
国内安全保卫,030614TK,法学,公安学类,四年,法学学士,475245,5900,,,,,本专业培养掌握马克思主义基本原理，具有良好的科学素质与人文素养、警察基本素质和技术技能，具备扎实的国内安全保卫方面的基础理论、基本知识和基本技能，能在公安机关等政法机关从事国内安全保卫工作及相关业务工作的应用型高级专门人才。,《国内安全保卫学基础》、《专案侦察》、《国内安全保卫情报学》、《国内安全保卫法律法规》。,公安、国家安全等机关：安全保卫、打击犯罪。,https://p.qianwen.com/major/tab?app=index&collegesTab=allColleges&webCompassApp=true&q=%E5%9B%BD%E5%86%85%E5%AE%89%E5%85%A8%E4%BF%9D%E5%8D%AB%E4%B8%93%E4%B8%9A&entry=gaokao_channel&device=pc
警务指挥与战术,030615TK,法学,公安学类,四年,法学学士,448555,6100,,安防,金融投资,思政,本专业要求学生熟悉和掌握公安各主要业务工作及法律知识，全面系统掌握警务指挥与战术的基本理论与应用技术，具备较高的战术素养和作战技能；较全面系统地掌握反恐、处突、防暴的基本理论与应用技战术，具备较高的执法作战技能，能够在公安一线从事防暴处突，在各级公安部门从事执法行动指挥及警务指挥，或在公安机关从事警务实战训练工作。,《侦查学》、《治安管理学》、《警务指挥学》、《警务战术学》、《警察谋略学》、《警务实战心理学》、《警务指挥与战术总论》、《公安作战指挥》、《警务指挥信息系统》、《警务实战训练》 部分高校按以下专业方向培养：特警、反恐怖。,警察，公务员，公务员(区县级及以下机关)，公务员(地市级机关)，公务员(中央国家机关),https://p.qianwen.com/major/tab?app=index&collegesTab=allColleges&webCompassApp=true&q=%E8%AD%A6%E5%8A%A1%E6%8C%87%E6%8C%A5%E4%B8%8E%E6%88%98%E6%9C%AF%E4%B8%93%E4%B8%9A&entry=gaokao_channel&device=pc
涉外警务,030613TK,法学,公安学类,四年,法学学士,414170,5700,广州市,翻译,教育培训,思政,本专业要求学生掌握马克思主义基本原理，政治坚定，具有良好职业素养、科学素养和人文素养，熟悉党和国家的路线、方针、政策，掌握本专业基础理论、基本知识与基本技能，具备开展涉外警务工作的专业核心能力和创新精神，能够在各级公安机关从事涉外警务工作以及在其他政法机关从事相关工作。,《涉外警务法律基础》、《涉外警务概论》、《出入境管理》、《涉外案件处置》、《国际警务合作概论》、《跨国犯罪对策》、《国际移民概论》、《国际关系概论》、《外交学》。,警察，公务员(地市级机关)，公务员(区县级及以下机关)，公务员(省级机关)，公务员(中央国家机关),https://p.qianwen.com/major/tab?app=index&collegesTab=allColleges&webCompassApp=true&q=%E6%B6%89%E5%A4%96%E8%AD%A6%E5%8A%A1%E4%B8%93%E4%B8%9A&entry=gaokao_channel&device=pc
治安学,030601K,法学,公安学类,四年,法学学士,352444,5200,华中地区,销售业务,金融投资,思政,治安学是综合运用行政管理学、法学、社会学、侦查学、犯罪学、信息学等相关学科的理论与技术，研究社会治安现象及其演变规律，探讨治安管理、防控对策与公共安全危机管理的公安应用性学科。学生要熟悉掌握治安学专业的基础知识、基本理论与基本技能，具有较高的查处治安案件、侦办治安部门管辖刑事案件与管控公共安全危机事务的技能与水平，能够适应现代社会治安形势所需的、“打、防”知识兼备的治安管理工作。,《法理学》、《宪法学》、《警察法学》、《公安基础理论》、《治安管理学总论》、《刑事侦查学》、《犯罪学》、《犯罪心理学》、《治安秩序管理》、《治安案件查处》 部分高校按以下专业方向培养：特警、公安法制、铁路警卫、铁路警务、公安舆情管理、海上治安管理、城轨安全与执法。,警察，公务员(中央国家机关)，公务员(区县级及以下机关)，公务员(地市级机关)，公务员(省级机关),https://p.qianwen.com/major/tab?app=index&collegesTab=allColleges&webCompassApp=true&q=%E6%B2%BB%E5%AE%89%E5%AD%A6%E4%B8%93%E4%B8%9A&entry=gaokao_channel&device=pc
公安管理学,030612TK,法学,公安学类,四年,法学学士,319356,5400,北京市,行政/后勤/文秘,房地产,思政,本专业培养适应全面建成小康社会需要，掌握马克思主义基本原理，政治坚定，具有良好职业素养、科学素养和人文素养，熟悉党和国家的路线、方针、政策，掌握本专业基础理论、基本知识与基本技能，具备开展公安机关综合管理工作、政治工作和警务保障等工作的职业核心能力和创新精神，能够在公安机关各部门从事综合管理、公安政治工作、公安文秘和警务保障或在其他政法机关从事相关工作的应用型高级专门人才。,《政治学》、《公安管理学》、《公安决策学》、《公安指挥学》、《公安政工学》、《警察人力资源管理》、《警察组织行为学》、《公安信息系统管理》、《警察公共关系》 部分高校按以下专业方向培养：公安文秘、警务心理、法制宣传与新闻发言人。,警察，公务员(中央国家机关)，公务员(区县级及以下机关)，公务员(地市级机关)，公务员(省级机关),https://p.qianwen.com/major/tab?app=index&collegesTab=allColleges&webCompassApp=true&q=%E5%85%AC%E5%AE%89%E7%AE%A1%E7%90%86%E5%AD%A6%E4%B8%93%E4%B8%9A&entry=gaokao_channel&device=pc
禁毒学,030604TK,法学,公安学类,四年,法学学士,263843,4800,华南地区,,,思政,本专业要求学生具备良好的政治素质和人文素质，全面系统地掌握禁毒学基础理论和基本知识，了解禁毒工作的发展现状，掌握禁毒工作基本技能，熟悉相关法律、法规，能够适应公安机关、检察院、法院、司法机关、海关及政府各级禁毒部门开展禁毒工作需要，能在相关部门从事毒品预防、戒毒、禁毒及社会服务等实务工作和理论研究等工作。,《禁毒学导论》、《毒品学》、《禁毒法学》、《禁毒情报》、《戒毒学》、《毒品公开查缉》、《毒品犯罪案件侦查》、《毒品预防》、《国外禁毒概论（双语）》、《艾滋病与职业防护》。,警察，公务员(地市级机关)，公务员(区县级及以下机关)，公务员(省级机关)，公务员(中央国家机关)，律师，事业单位人员，培训师/讲师，行政专员/助理，医药代表,https://p.qianwen.com/major/tab?app=index&collegesTab=allColleges&webCompassApp=true&q=%E7%A6%81%E6%AF%92%E5%AD%A6%E4%B8%93%E4%B8%9A&entry=gaokao_channel&device=pc
公安情报学,030610TK,法学,公安学类,四年,法学学士,251297,6100,北京,安防,教育培训,思政,本专业要求学生具备良好的政治素质、科学文化素质和警察职业素质，掌握较扎实的公安学和公安情报学基础理论、基本知识和基本技能，具有从事公安情报信息获取、加工、管理以及分析研判工作需要的实践应用能力和初步研究能力，能在公安部门从事情报搜集、整理、分析、综合研判及应用工作和在国家安全、边防检查等部门从事相关工作以及在相关领域从事教学、科研工作。,《情报学导论》、《公安情报学》、《公安情报技术》、《公安情报管理信息系统》、《公安情报分析与研判》、《公安情报组织与利用》、《公安情报工作实务》、《公安情报政策与法规》、《犯罪情报分析》、《情报与反情报》。,警察，公务员(地市级机关)，公务员(区县级及以下机关)，公务员(省级机关)，公务员(中央国家机关),https://p.qianwen.com/major/tab?app=index&collegesTab=allColleges&webCompassApp=true&q=%E5%85%AC%E5%AE%89%E6%83%85%E6%8A%A5%E5%AD%A6%E4%B8%93%E4%B8%9A&entry=gaokao_channel&device=pc
警犬技术,030605TK,法学,公安学类,四年,法学学士,242518,6200,华东地区,,,思政,警犬技术是一门为侦查破案和安全防范服务的综合性应用科学，是刑事侦查和治安防范科学的组成部分，在公安、司法、国家安全等部门广泛应用。警犬技术专业主要培养公安业务基础扎实，精通警犬技术，有教学、科研和实践能力的警犬技术应用型人才。,《公安法规》、《临场查缉战术》、《刑事案件侦查》、《警犬学概论》、《犬解剖生理》、《犬病学》、《养犬学》、《警犬训练学》、《警犬使用学》、《犬行为学》。,警察，公务员(地市级机关)，公务员(区县级及以下机关)，公务员(省级机关)，公务员(中央国家机关),https://p.qianwen.com/major/tab?app=index&collegesTab=allColleges&webCompassApp=true&q=%E8%AD%A6%E7%8A%AC%E6%8A%80%E6%9C%AF%E4%B8%93%E4%B8%9A&entry=gaokao_channel&device=pc
警卫学,030609TK,法学,公安学类,四年,法学学士,223874,6200,华中地区,,,,警卫学主要研究警卫活动的现象、特点、规律和对策等方面的基本知识和技能，包括警卫工作的基本原理和基本措施、各种敌对势力和敌对分子的阴谋暗害活动的特点及规律、警卫工作的历史及现状等，在公安警卫部队进行党和国家领导人、来访重要外宾及重要会议、重大活动安全的警戒保卫。 关键词：公安 警卫 防暴 反恐。,《治安管理学》、《警卫基础理论》、《警卫参谋学》、《警卫勤务学》、《警卫战术学》、《警卫指挥学》、《部队管理科学基础》、《防暴技术》、《体能训练》、《擒拿格斗》。,公安、国家安全等机关：安全警卫。,https://p.qianwen.com/major/tab?app=index&collegesTab=allColleges&webCompassApp=true&q=%E8%AD%A6%E5%8D%AB%E5%AD%A6%E4%B8%93%E4%B8%9A&entry=gaokao_channel&device=pc
经济犯罪侦查,030606TK,法学,公安学类,四年,法学学士,186605,6300,华中地区,销售业务,互联网,思政,本专业学生通过系统学习刑事法学、经济法学、案件侦查、犯罪防范、财税金融、物证技术、司法会计等专业基本理论和基础知识，掌握涉及经济犯罪的法律法规，熟悉经济犯罪侦查和防范的基本理论、方法和技能，熟练运用经济侦查策略方法和物证分析技术，培养既有丰富的经济学知识，又有从事经济犯罪侦查防控工作的基本素质和实践能力的综合性应用型专门人才。,《侦查策略》、《刑法学》、《证据学》、《司法会计》、《走私犯罪案件侦查》、《金融犯罪案件侦查》、《商业犯罪案件侦查》、《经济犯罪防范对策》、《痕迹检验》、《侦查心理学》、《经济法学》。,警察，公务员(中央国家机关)，公务员(区县级及以下机关)，公务员(地市级机关)，公务员(省级机关),https://p.qianwen.com/major/tab?app=index&collegesTab=allColleges&webCompassApp=true&q=%E7%BB%8F%E6%B5%8E%E7%8A%AF%E7%BD%AA%E4%BE%A6%E6%9F%A5%E4%B8%93%E4%B8%9A&entry=gaokao_channel&device=pc
消防指挥,030608TK,法学,公安学类,四年,法学学士,170820,6000,广州市,,,思政,消防指挥主要研究消防工程、灭火技术、抢险救援、安全管理、作战组织指挥等方面的基本知识和技能，熟悉各种消防技术和设施，在消防部队进行火灾、洪灾、震灾、化学危险品泄漏灾害事故、核灾害事故的抢险救援和作战指挥等。例如：火灾扑救的战术规划，洪水、地震等灾害救援时的作战指挥等。 关键词：消防员 火灾 地质 洪水。,《消防燃烧理论》、《消防法规》、《消防技术装备》、《灭火战术》、《抢险救援及救助技术》、《消防技能训练》、《火灾调查》、《灭火救援指挥》、《防火工程概论》、《消防监督管理》。,消防部队：灭火救援、抢险救灾、防火监督。,https://p.qianwen.com/major/tab?app=index&collegesTab=allColleges&webCompassApp=true&q=%E6%B6%88%E9%98%B2%E6%8C%87%E6%8C%A5%E4%B8%93%E4%B8%9A&entry=gaokao_channel&device=pc
边防管理,030603K,法学,公安学类,四年,法学学士,151539,6700,上海市,销售业务,金融投资,思政,本专业要求学生熟练掌握边防管理学的基本理论与方法，具备从事国（边）境出入管理、缉私、缉毒案件侦查等工作的基本技能； 熟悉边防管理工作的各项法律、法规； 了解边防管理的理论动态、边防工作的实际情况以及其他国家的边防管理的情况； 熟练掌握各项警务技能（边防战术、勤务、擒拿格斗、射击、驾驶技能）； 具有良好的身体素质； 具有较强的思维能力、决策能力、解决问题的能力； 具有较强语言表达能力、写作能力、外事交往能力； 具有严格的组织纪律性、强烈的国家荣誉感、高尚的道德品质；有较强的计算机应用能力，能在相关部门从事边防管理、刑事执法及社会服务等实务工作和理论研究。,《国际法》、《刑法》、《边防公安法规》、《治安管理学》、《刑事侦查学》、《边境管理学》、《边防勤务学》、《边防战术学》、《边防情报学》、《边防检查学》、《护照鉴证制度》。,警察，公务员(地市级机关)，公务员(区县级及以下机关)，公务员(省级机关)，公务员(中央国家机关)，法官，律师,https://p.qianwen.com/major/tab?app=index&collegesTab=allColleges&webCompassApp=true&q=%E8%BE%B9%E9%98%B2%E7%AE%A1%E7%90%86%E4%B8%93%E4%B8%9A&entry=gaokao_channel&device=pc
边防指挥,030607TK,法学,公安学类,四年,法学学士,109846,5800,深圳市,行政/后勤/文秘,物业管理,,边防指挥主要研究边防部队管理、边防作战指挥、边防执勤、边防案件侦查等方面的基本知识和技能，熟悉边防政策法规、边界条约、协定、协议和国际惯例以及边防勤务与作战的指挥程序等，在公安边防部队进行边防执勤执法行动的指挥、边境突发事件的处理、边境出入境人员和车辆的检查等。 关键词：警察 边防部队 边境 指挥。,《军事地形学》、《行政法与行政诉讼法》、《边防基础战术训练》、《边防军事训练概论》、《边防战术学》、《边防勤务学》、《边防指挥学》、《处置边境突发事件》、《边防战例分析》、《边防案件侦查》、《边境管理学》。,公安、边防等机关：边防执法行动指挥、边防管理、边防检查。,https://p.qianwen.com/major/tab?app=index&collegesTab=allColleges&webCompassApp=true&q=%E8%BE%B9%E9%98%B2%E6%8C%87%E6%8C%A5%E4%B8%93%E4%B8%9A&entry=gaokao_channel&device=pc
技术侦查学,030616TK,法学,公安学类,四年,法学学士,83371,,,,,思政,技术侦查学专业培养熟悉我国公安工作的路线、方针、政策和相关法律、法规，系统掌握侦查学专业的基本理论、基本知识和基本技能，能在公安、检察、国家安全等部门从事侦查工作、刑事执法工作、预防和控制犯罪以及侦查学教学、科研等方面工作的高级专门人才。 关键词：侦查 执法 公安。,《公安学基础理论》、《犯罪学》、《公安管理学》、《刑法》、《刑事诉讼法》、《行政法与行政诉讼法》、《自卫擒敌》、《射击》、《刑事侦查学》、《物证技术学》、《法医学》、《侦查讯问学》、《现场勘查学》等。,政府部门：侦查工作、刑事执法工作、预防和控制犯罪以及侦查学教学、科研等 。,https://p.qianwen.com/major/tab?app=index&collegesTab=allColleges&webCompassApp=true&q=%E6%8A%80%E6%9C%AF%E4%BE%A6%E6%9F%A5%E5%AD%A6%E4%B8%93%E4%B8%9A&entry=gaokao_channel&device=pc
移民管理,030619TK,法学,公安学类,四年,法学学士,82958,,,,,思政,该专业主要为公安机关培养从事国籍管理、签证管理、外国人停留居留和永久居留管理、难民管理、移民管理执法办案、移民领域国际合作等工作的高素质应用型警务人才。 关键词：移民 国籍 签证。,《当代世界政治经济》、《边防公安法规》、《公安学概论》、《治安管理学》等。,政府部门：国籍管理、签证管理、外国人停留居留和永久居留管理、难民管理、移民管理执法办案、移民领域国际合作等。,https://p.qianwen.com/major/tab?app=index&collegesTab=allColleges&webCompassApp=true&q=%E7%A7%BB%E6%B0%91%E7%AE%A1%E7%90%86%E4%B8%93%E4%B8%9A&entry=gaokao_channel&device=pc
出入境管理,030620TK,法学,公安学类,四年,法学学士,82612,,,,,思政,该专业主要培养具备出入境边防检查等方面的知识和能力，能在公安边防部队和出入境管理部门从事国(边)境管理和出入境边防检查等方面工作的高级专门人才。 关键词：。,《国际法》、《刑法》、《刑事诉讼法》、《当代世界政治经济》、《边防公安法规》、《公安学概论》、《治安管理学》、《刑事侦察学》、《边境管理学》、《边防勤务学》、《边防情报学》、《边防检查学》、《护照签证制度》、《边防专业外语》等。,公安边防部队、出入境管理部门：国(边)境管理和出入境边防检查等。,https://p.qianwen.com/major/tab?app=index&collegesTab=allColleges&webCompassApp=true&q=%E5%87%BA%E5%85%A5%E5%A2%83%E7%AE%A1%E7%90%86%E4%B8%93%E4%B8%9A&entry=gaokao_channel&device=pc
公安政治工作,030618TK,法学,公安学类,四年,法学学士,77930,,,,,思政,公安政治工作专业着重培养能在综合管理、政治工作、法制工作、后勤保障等部门从事管理、法制工作和在公安业务部门从事警务指挥、组织管理、信息调研工作以及在相关领域从事教学、科研工作的高级复合型专门人才。 关键词：公安政治 公安机关 法制。,《政治学》、《管理学》、《公安管理学》、《公安决策学》、《公安指挥学》、《公安政工学》、《警察人力资源管理》、《警察组织行为学》、《公安信息系统管理》、《警察公共关系》等。,政府部门：警务指挥、组织管理、信息调研工作以及在相关领域从事教学、科研等。,https://p.qianwen.com/major/tab?app=index&collegesTab=allColleges&webCompassApp=true&q=%E5%85%AC%E5%AE%89%E6%94%BF%E6%B2%BB%E5%B7%A5%E4%BD%9C%E4%B8%93%E4%B8%9A&entry=gaokao_channel&device=pc
反恐警务,030621TK,法学,公安学类,四年,法学学士,56556,,,,,思政,该专业培养对党忠诚、服务人民、执法公正、纪律严明，德智体美劳全面发展，具有较强的社会责任感、法治意识、科学素养、创新精神和公安实战能力，熟悉党和国家的路线、方针、政策，能够按照公安工作专业化、职业化、实战化要求，系统掌握反恐怖基本理论、基本知识、基本技能，掌握相关法律法规政策及相关的知识、方法，具有从事反恐怖工作专业核心能力和研究能力，能够在各级反恐怖工作领导机构和公安机关从事反恐怖相关工作以及在相关领域从事教学、科研工作的应用型高级专门人才。,《反恐概论》《反恐法律法规》《国家安全学》《反恐情报》《恐怖案件侦查》等。,在各级公安机关的反恐怖专业部门、各级政府的应急管理部门和各地公安、政法院校和武警部队等单位工作。,https://p.qianwen.com/major/tab?app=index&collegesTab=allColleges&webCompassApp=true&q=%E5%8F%8D%E6%81%90%E8%AD%A6%E5%8A%A1%E4%B8%93%E4%B8%9A&entry=gaokao_channel&device=pc
消防政治工作,030622TK,法学,公安学类,四年,法学学士,54976,,,,,思政,主要培养能够在国家综合性消防救援队伍基层从事思想政治教育、组织建设和队伍管理的初级指挥人才。,《消防政治工作基础理论》《消防政治机关工作》《消防基层政治工作》《消防基层管理工作》《思想政治工作心理学》等。,政治机关工作岗位群主要是组织教育岗、人事管理岗、纪检督察岗、法制与社会消防工作岗、新闻宣传岗、心理服务岗；基层政治岗主要是中队(站)指导员岗、大队教导员岗。,https://p.qianwen.com/major/tab?app=index&collegesTab=allColleges&webCompassApp=true&q=%E6%B6%88%E9%98%B2%E6%94%BF%E6%B2%BB%E5%B7%A5%E4%BD%9C%E4%B8%93%E4%B8%9A&entry=gaokao_channel&device=pc
海警执法,030617TK,法学,公安学类,四年,法学学士,49609,,,,,,警执法具有开展调查研究以及预防、处理海上各类治安案件、事件的能力，培养能适应海上生活、工作和执勤环境，讲政治、懂技术、会管理、能执法的海警执法办案人才。海警执法专业人才是海上执法实践的行为主体，其人才培养质量直接关系到我国海警海上执法能力和应对水平。,《法理学》、《宪法学》、《政治学》、《行政管理学》、《警察法学》、《公安基础理论》、《刑法学》、《行政法与行政诉讼法学》、《治安管理学总论》、《犯罪学》、《犯罪心理学》、《安全防范技术》等。,公安机关边防海警、海关总署海上缉私警察等工作，该专业适合公务员岗位。,https://p.qianwen.com/major/tab?app=index&collegesTab=allColleges&webCompassApp=true&q=%E6%B5%B7%E8%AD%A6%E6%89%A7%E6%B3%95%E4%B8%93%E4%B8%9A&entry=gaokao_channel&device=pc
铁路警务,030623TK,法学,公安学类,四年,法学学士,17885,,,,,,“铁路警务”是一个特殊的警种，在警务执法上存在特殊性。铁路警务工作包括列车乘警和车站派出所警务，都存在人员流动性大，人员复杂，信息变化快的问题，需要出警迅速。铁路警务工作长期存在“铁路警察，各管一段”的问题，另外还需要各警务间的协调、协作紧密及时，所以与地方性警务工作区别比较大。而我国即使是警察院校，之前也没有单独培养过专为铁路系统执警的专门人才，于是“铁路警务”专业应运而生。,《铁路特警勤务》《特警防卫控制》《铁路警务战术》《铁路消防管理》《铁路危险物品管理》《铁路车站派出所勤务》《铁路警卫》《铁路乘警勤务》《法学概论》《行政法与行政诉讼法》《铁道运输概论》《铁路犯罪现场勘查》。,本专业培养的毕业生主要面向铁路公安基层一线，因此本专业毕业生具有广阔人才需求。,https://p.qianwen.com/major/tab?app=index&collegesTab=allColleges&webCompassApp=true&q=%E9%93%81%E8%B7%AF%E8%AD%A6%E5%8A%A1%E4%B8%93%E4%B8%9A&entry=gaokao_channel&device=pc
政治学、经济学与哲学,030205T,法学,政治学类,四年,法学学士,605672,6800,,金融分析/研究,金融投资,思政,政治学、经济学与哲学为复合型专业，主要研究政治学、经济学、哲学等方面的基本知识和技能，融会贯通三个学科的理论与方法，具备政治学、经济学的知识和思维方式，并能够从哲学的高度、以哲学的思维方式来分析和解决经济和政治领域的问题，立志于培养具备全球视野的领导型人才。 关键词：政治 经济 哲学 复合。,《逻辑与批判性思维》、《政治学原理》、《政治哲学》、《政治经济学》、《比较政治学》、《中国近现代政治发展史》、《经济学原理》、《中级微观经济学》、《中国哲学史》、《西方哲学史》。,政府、事业单位：学术研究、咨询策划、贸易经营。,https://p.qianwen.com/major/tab?app=index&collegesTab=allColleges&webCompassApp=true&q=%E6%94%BF%E6%B2%BB%E5%AD%A6%E3%80%81%E7%BB%8F%E6%B5%8E%E5%AD%A6%E4%B8%8E%E5%93%B2%E5%AD%A6%E4%B8%93%E4%B8%9A&entry=gaokao_channel&device=pc
外交学,030203,法学,政治学类,四年,法学学士,574454,7500,北京市,行政/后勤/文秘,教育培训,思政,本专业培养具有一定的马克思主义理论素养和强烈的爱国心，对国际事务和中国外交有系统全面的了解，有交际和谈判的能力，在政治、业务、作风、纪律和语言方面具有较高的综合素质，能在外交和其他外事部门从事实际工作、国际问题研究和教学工作的外交学高级专门人才。 本专业学生主要学习外语、外交学和国际政治、法律、经济知识，接受有关理论、发展历史和现状等方面的系统教育。,《交流语言学》、《交流中的媒体应对》、《领事与侨务》、《外交外事调研》、《比较政治与经济》、《大国关系研究》、《当代西方国家政治制度》、《东方外交史》、《国际公共关系学》、《国际危机管理》。,公务员(中央国家机关)，公务员(省级机关)，公务员(地市级机关)，公务员(区县级及以下机关)，事业单位人员，投资银行业务，项目专员/助理，英语翻译，行政专员/助理，培训师/讲师，培训/招生/课程顾问,https://p.qianwen.com/major/tab?app=index&collegesTab=allColleges&webCompassApp=true&q=%E5%A4%96%E4%BA%A4%E5%AD%A6%E4%B8%93%E4%B8%9A&entry=gaokao_channel&device=pc
政治学与行政学,030201,法学,政治学类,四年,法学学士,449542,5600,北京市,行政/后勤/文秘,教育培训,思政 / 思政+历史 / 历史+思政+地理,本专业培养学生系统掌握政治学与行政学的理论基础知识，尤其是中外政治思想与文化的核心知识，具备良好的现代政治思想素质；了解中外政治制度及当代中国政府的运作过程及其治理方式，熟悉党和国家的路线、方针、政策和公共管理方面的法律；具有较高的政治理论素质、较强的理论分析能力和组织管理能力；具备熟练应用现代政治科学与行政学有关理论与方法进行调查研究、政策分析、设计解决问题方案的基本能力，并具有良好的从事政治学与行政学教育和研究工作的能力和素质。,《市政学》、《比较政治学》、《西方政治制度比较》、《政府公共关系》、《中外政治文化比较》、《当代中国社会政治分析》、《公共权力与政府问责》、《民主与民主化》、《西方政治制度史》、《政党与政党政治》 部分高校按以下专业方向培养：法治政务、比较政治学。,公务员(中央国家机关)，公务员(地市级机关)，公务员(区县级及以下机关)，事业单位人员，警察，人力资源专员/助理，考研，销售代表，助理/秘书/文员，公务员(省级机关)，行政专员/助理,https://p.qianwen.com/major/tab?app=index&collegesTab=allColleges&webCompassApp=true&q=%E6%94%BF%E6%B2%BB%E5%AD%A6%E4%B8%8E%E8%A1%8C%E6%94%BF%E5%AD%A6%E4%B8%93%E4%B8%9A&entry=gaokao_channel&device=pc
国际政治,030202,法学,政治学类,四年,法学学士,388660,6300,北京市,行政/后勤/文秘,教育培训,思政,本专业主要培养各级党政机关外交外事部门的涉外工作干部；新闻单位国际报道和评论的专业人才；高等院校和科研机构国际问题教学与研究的专门人才；要求学生掌握扎实的专业基础和广泛的国际问题知识，具有较好的语言文字表达能力，较强的分析能力和社会活动能力，并能熟练地运用英语从事有关实际工作。,《近代国际关系史》、《现代国际关系理论》、《当代西方国际关系理论》、《国际安全概论》、《公共外交概论》、《国际关系学》、《国际组织论》、《外交学》、《中国政治概论》、《西方各国政治制度》 部分高校按以下专业方向培养：公共外交、经济外交、国际政治经济。,公务员(中央国家机关)，公务员(省级机关)，公务员(地市级机关)，公务员(区县级及以下机关)，事业单位人员，高中教师，培训师/讲师，初中教师，助理/秘书/文员，人力资源专员/助理，考研,https://p.qianwen.com/major/tab?app=index&collegesTab=allColleges&webCompassApp=true&q=%E5%9B%BD%E9%99%85%E6%94%BF%E6%B2%BB%E4%B8%93%E4%B8%9A&entry=gaokao_channel&device=pc
国际事务与国际关系,030204T,法学,政治学类,四年,法学学士,236667,9500,上海市,行政/后勤/文秘,教育培训,思政 / 思政+历史,本专业要求学生具备较强的政治素养和敏锐性；掌握扎实的外交外事专业知识；具备一定国际关系理论素养，了解国际关系历史与现状，具备较强的分析问题和解决问题的能力；掌握扎实的英语语言基本功和应用能力，能熟练地运用英语独立从事外事工作；具备资料检索、信息收集和综合分析等基本科研能力；了解我国国情和对象国家的社会和文化；能够胜任外交、外事日常工作，能够参与外交、外事谈判，能够在外交机关和外事部门、涉外企事业单位从事组织、管理、业务和政策调研工作，承担外交方面的口、笔译工作，能在党政机关、企事业单位、高校和科研等部门从事外交、外事、对外宣传等方面工作。,《比较政治学》、《全球关系认识》、《国际政治经济》、《国际组织》、《资本主义的起源》、《中国与世界》、《发展政治学》、《当代欧洲形成》、《欧盟组织》、《全球关系课题》。,政府、事业单位：外交外事、对外贸易、国际事务处理、国际关系维护； 跨国、外资类企业：国际贸易。,https://p.qianwen.com/major/tab?app=index&collegesTab=allColleges&webCompassApp=true&q=%E5%9B%BD%E9%99%85%E4%BA%8B%E5%8A%A1%E4%B8%8E%E5%9B%BD%E9%99%85%E5%85%B3%E7%B3%BB%E4%B8%93%E4%B8%9A&entry=gaokao_channel&device=pc
国际组织与全球治理,030206TK,法学,政治学类,四年,法学学士,95568,,,,,思政,国际组织与全球治理是一门以国际学学位为基础的交叉学科，主要研究国际组织运营规律、全球发展趋势、全球治理动态、国际通用语言-英语和法语、国际谈判、国际法、国际关系等。例如：为国家大型外交外事论坛提供服务。 关键词：国际组织 全球治理 国际法。,《国际组织概论》、《国际政治概论》、《联合国研究》、《国际公法》，《全球治理概论》、《国际公务员制度》，《援助与全球发展》、《国际谈判》、《非政府组织研究》、《外交学概论》、《当代中国外交》、《专业英语》、《专业法语》。,在联合国等全球性国际组织、国家部委国际合作部门、上海合作组织等区域性国际组织、国际组织驻华机构、中外企事业单位涉外部门等单位，从事外交外事领域工作。,https://p.qianwen.com/major/tab?app=index&collegesTab=allColleges&webCompassApp=true&q=%E5%9B%BD%E9%99%85%E7%BB%84%E7%BB%87%E4%B8%8E%E5%85%A8%E7%90%83%E6%B2%BB%E7%90%86%E4%B8%93%E4%B8%9A&entry=gaokao_channel&device=pc
社会学,030301,法学,社会学类,四年,法学学士,784597,5900,上海市,人力资源,房地产,历史 / 思政+历史+地理,本专业学生应掌握社会学基本理论和基础知识，具备一定经济学、管理学基础；熟悉社会统计分析方法，熟练运用 STATA、SPSS 等统计软件；具有较高的英语水平；熟练使用计算机；具有组织和实施社会调查、政策研究、项目评估、社会规划和社会治理的能力，能够从事社 会研究、社会管理和公共管理，具备使用社会学理论、社会学的调查研究方法、社会统计学和分析及解决社会问题的能力。,《社会心理学》、《社会人类学》、《社会统计学》、《社会分层与社会流动》、《国外社会学》、《社会调查研究方法》、《社会结构与分层》、《当代西方社会学》、《消费社会学》、《社会变迁与中国现代化》 部分高校按以下专业方向培养：法律、民俗、司法社会工作。,公务员(中央国家机关)，公务员(省级机关)，公务员(地市级机关)，公务员(区县级及以下机关)，事业单位人员，大学教师，助理/秘书/文员，人力资源专员/助理，行政专员/助理，警察，考研,https://p.qianwen.com/major/tab?app=index&collegesTab=allColleges&webCompassApp=true&q=%E7%A4%BE%E4%BC%9A%E5%AD%A6%E4%B8%93%E4%B8%9A&entry=gaokao_channel&device=pc
女性学,030304T,法学,社会学类,四年,法学学士,450723,6000,北京市,,,不限,女性学专业旨在培养德智体美全面发展，具有“四自”精神、公益意识、性别平等意识，掌握女性学基本理论、基础知识和基本方法，了解社会学、管理学、政治学等多学科和跨学科知识，了解国内外妇女发展状况以及与妇女有关的法律政策与条约，能够在党政部门、企事业单位和妇女组织中从事相关工作，并具备性别研究能力的复合型人才。,《社会学》、《社会政策与制度分析》、《社会科学研究方法》、《社会心理学》、《女性学理论》、《女性史》、《女性心理学》、《女性与健康》、《女性领导学》、《性别与发展》。,事业单位人员，公务员(地市级机关)，公务员(区县级及以下机关)，公务员(省级机关)，公务员(中央国家机关)，行政专员/助理，助理/秘书/文员,https://p.qianwen.com/major/tab?app=index&collegesTab=allColleges&webCompassApp=true&q=%E5%A5%B3%E6%80%A7%E5%AD%A6%E4%B8%93%E4%B8%9A&entry=gaokao_channel&device=pc
社会工作,030302,法学,社会学类,四年,法学学士,444675,5800,北京市,行政/后勤/文秘,教育培训,历史 / 思政 / 思政+历史+地理,本专业以社会学、心理学为主干学科，学习社会行政、社会政策、社会福利等宏观理论知识；学习社会工作的主要方法；学习儿童、家庭、学校、企业等领域的社会工作专业知识及具体工作方法；掌握计算机与统计等现代科技手段；强调坚实的理论基础，注重社会实践能力的培养；强调学生的社会责任感，重视人文关怀精神和实际社会服务能力。,《社会人类学》、《个案社会工作》、《青年社会工作》、《人格心理学》、《普通心理学》、《儿童青少年社会工作》、《家庭社会工作》、《社会研究方法》、《矫正社会工作》、《社现代社会福利思想》 部分高校按以下专业方向培养：医学、社会福利、社区管理、海洋社会工作、矫正社会工作、企业社会工作、社会养老服务与管理。,社会工作者，公务员(中央国家机关)，公务员(省级机关)，公务员(地市级机关)，公务员(区县级及以下机关)，销售代表，人力资源专员/助理，行政专员/助理，考研，助理/秘书/文员，事业单位人员,https://p.qianwen.com/major/tab?app=index&collegesTab=allColleges&webCompassApp=true&q=%E7%A4%BE%E4%BC%9A%E5%B7%A5%E4%BD%9C%E4%B8%93%E4%B8%9A&entry=gaokao_channel&device=pc
人类学,030303T,法学,社会学类,四年,法学学士,260114,6500,广州市,行政/后勤/文秘,教育培训,,人类学是一门以人类体质及文化为研究对象的综合性学科，它与考古学、语言学、政治学、经济学、社会学、宗教学和心理学等其他学科有着密切的联系；人类学既研究传统社会，也研究现代社会，既研究陌生的异文化，也研究熟悉的本文化。本专业强调知识传授的系统性，注重田野调查和社会研究方法的整体训练，培养学生具备人文社会科学的综合素质和实践能力，适应国家和社会的现实需求。,人类学概论，文化人类学理论方法，考古学，体质人类学，语言学，世界民族志，中国民族学，中国民族志，宗教学概论，社会学概论，田野调查方法等。,公司业务，公务员(地市级机关)，公务员(区县级及以下机关)，公务员(省级机关)，公务员(中央国家机关)，培训/招生/课程顾问，社会工作者，助理/秘书/文员,https://p.qianwen.com/major/tab?app=index&collegesTab=allColleges&webCompassApp=true&q=%E4%BA%BA%E7%B1%BB%E5%AD%A6%E4%B8%93%E4%B8%9A&entry=gaokao_channel&device=pc
家政学,030305T,法学,社会学类,四年,法学学士,253020,6600,东北地区,行政/后勤/文秘,教育培训,不限,家政学是教育学、心理学、管理学及营养学等多学科交叉的专业，本专业要求学生接受严格的家政学基础训练，广泛了解家政学基本理论和相关学科知识，熟练掌握家政学基本研究方法，掌握家政产业的市场策划、运作和预测技能，能够运用所学知识科学指导家庭生活，同时具备传授家庭生活知识的教育能力，能够胜任社区工作、家庭和城市社区生活指导、科学生活模式的研究及教学，并且能够指导城市社区及家庭建设、管理，胜任政府部门和社区、公司等相关服务与管理工作。,《社会学》、《社会医学》、《社会心理学》、《应用营养学》、《优生学》、《儿童保育与教育》、《心理咨询与辅导》、《社会保障》、《婚姻与家庭咨询》、《公共事业管理》。,教学/教务管理人员，大学教师，公务员(地市级机关)，公务员(区县级及以下机关)，公务员(省级机关)，公务员(中央国家机关)，培训专员/助理，人力资源专员/助理,https://p.qianwen.com/major/tab?app=index&collegesTab=allColleges&webCompassApp=true&q=%E5%AE%B6%E6%94%BF%E5%AD%A6%E4%B8%93%E4%B8%9A&entry=gaokao_channel&device=pc
老年学,030306T,法学,社会学类,四年,法学学士,102388,,,,,不限,老年学是研究人类老化规律的学科，是以自然科学、社会科学和自然科学、社会科学相互交叉渗透的科学的理论和方法，研究人的个体老化和群体老化及由此而引起的社会的经济和自然的诸问题，以及老化现象本身规律的一门综合学科。,《老年学概论》、《社会老年学》、《老年人口学》、《老年经济学》、《老年保障学》、《老年教育学》、《家庭老年学》、《老年心理学》、《衰老生物学》、《老年护理学》、《老龄工作管理》、《国外老年学研究新进展》、《比较老年学》。,养老机构，即各类公办养老福利机构、民办养老机构。社区养老服务单位，包括各类社区居家养老服务站、社区集中养老服务机构等。 老龄产业相关机构，包括老年产品生产机构、老年产品销售机构、老年服务相关机构等。,https://p.qianwen.com/major/tab?app=index&collegesTab=allColleges&webCompassApp=true&q=%E8%80%81%E5%B9%B4%E5%AD%A6%E4%B8%93%E4%B8%9A&entry=gaokao_channel&device=pc
社会政策,030307T,法学,社会学类,四年,法学学士,53516,,,,,不限,本专业致力于培养具备过硬的思想政治素质、道德素养和学术修养，具有社会责任感和事业心，具有全球视野和创新意识，能够系统掌握和熟练运用社会政策及相关学科的基本理论和方法，具有解决现实社会问题的能力，在海内外享有卓越声誉的高层次专业人才。,《社会政策概论》《社会政策理论》《中外社会政策思想史》《社会政策经典著作导读》《社会政策理论前沿》《国际社会问题与社会政策》《社会政策伦理》。,毕业生可以选择党政机关、大专院校、科研机构、事业单位、社会团体、公司企业等单位，从事领导、管理、研究、教学和咨询等工作。,https://p.qianwen.com/major/tab?app=index&collegesTab=allColleges&webCompassApp=true&q=%E7%A4%BE%E4%BC%9A%E6%94%BF%E7%AD%96%E4%B8%93%E4%B8%9A&entry=gaokao_channel&device=pc
思想政治教育,030503,法学,马克思主义理论类,四年,法学学士,396332,6000,北京市,教师,教育培训,思政 / 历史+思政 / 物理+思政,本专业要求学生在掌握扎实的马克思主义理论功底的同时，广泛涉猎哲学、法学、政治学、管理学、社会学、心理学、教育学等多学科知识基础；学生要在理解人类文明发展史的基础上掌握马克思主义基本理论；要在对中国现代化历史和现实的学习中深刻理解中国的国情、社情、人情；理解中国特色社会主义的理论与实践；要在对思想政治教育及相关知识技能的学习中掌握思想政治工作的基本能力。,《政治学理论》、《马克思主义哲学》、《马克思主义政治经济学概论》、《科学社会主义概论》、《马克思主义中国化研究》、《中国政治思想史》、《西方政治思想史》、《中国革命史》、《中华人民共和国史》、《国际共产主义运动史》、《思想政治教育原理》 部分高校按以下专业方向培养：法制教育、青年社会心理、心理健康教育。,事业单位人员，公务员(中央国家机关)，公务员(省级机关)，公务员(地市级机关)，公务员(区县级及以下机关)，助理/秘书/文员，初中教师，大学教师，小学教师，考研，高中教师,https://p.qianwen.com/major/tab?app=index&collegesTab=allColleges&webCompassApp=true&q=%E6%80%9D%E6%83%B3%E6%94%BF%E6%B2%BB%E6%95%99%E8%82%B2%E4%B8%93%E4%B8%9A&entry=gaokao_channel&device=pc
马克思主义理论,030504T,法学,马克思主义理论类,四年,法学学士,262210,,,,,思政 / 思政+历史,旨在培养具有坚定的马克思主义信仰、扎实的马克思主义基础知识、科学的马克思主义思想体系、丰厚的马克思主义理论素养，自觉运用马克思主义立场、观点和方法分析和解决实际问题，具有较强的社会实践能力和一定的学术创新能力，切实做到对马克思主义的真学、真懂、真信、真用；能够胜任与马克思主义理论相关的教育教学、科学研究、思想宣传等工作，能够胜任学校学生管理以及党政群团、企事业单位的实际工作的复合型人才。,《马克思主义哲学》、《马克思主义发展史》《科学社会主义原理》、《马列主义经典著作选读》、《中国特色社会主义理论》、《国际政治学》、《中共党史》、《社会主义思想史》。,事业单位人员，助理/秘书/文员，大学教师，中学教师，公务员,https://p.qianwen.com/major/tab?app=index&collegesTab=allColleges&webCompassApp=true&q=%E9%A9%AC%E5%85%8B%E6%80%9D%E4%B8%BB%E4%B9%89%E7%90%86%E8%AE%BA%E4%B8%93%E4%B8%9A&entry=gaokao_channel&device=pc
科学社会主义,030501,法学,马克思主义理论类,四年,法学学士,203850,6200,广州市,销售业务,加工制造,,科学社会主义主要研究马克思列宁主义、毛泽东思想、邓小平理论和国际共产主义运动等方面的基本理论和知识，接受社会调查、理论写作和外语等方面的技能训练，以马克思主义基本理论为指导，进行当今社会主义运动出现的新情况和新问题的研究、分析等。 关键词：马克思主义 毛泽东思想 邓小平理论 共产党。,《科学社会主义原理》、《马列主义经典著作选读》、《国际政治学》、《社会主义思想史》、《政治学》、《行政管理学》、《中共党史》。,政府、事业单位：理论宣传； 深造：保研或者考研，继续科学社会主义方面的学习深造，进行科学社会主义方面的研究和教学。,https://p.qianwen.com/major/tab?app=index&collegesTab=allColleges&webCompassApp=true&q=%E7%A7%91%E5%AD%A6%E7%A4%BE%E4%BC%9A%E4%B8%BB%E4%B9%89%E4%B8%93%E4%B8%9A&entry=gaokao_channel&device=pc
中国共产党历史,030502,法学,马克思主义理论类,四年,法学学士,178719,,北京市,销售业务,媒体,思政 / 历史+思政,中国共产党历史主要研究中国革命史、中国共产党历史、马克思主义基本原理等方面的基本理论和知识，全面理解中国共产党领导下的中国人民进行新民主主义革命、社会主义革命和建设的历程和经验，了解党的建设理论和党的纲领、路线、方针、政策等，能够运用马克思主义的立场、观点和方法进行党的建设中有关问题的分析和研究。 关键词：共产党 革命 历史 党史。,《马克思主义哲学原理》、《科学社会主义理论与实践》、《中国近代史》、《中共党史》、《中国近现代政治思想史》、《政党学》、《当代中国政府与政治》、《当代中国社会思潮》、《当代中国社会问题》、《世界近现代史》。,政府、事业单位：党史研究、理论宣传、党务工作； 深造：保研或者考研，继续中国共产党历史方面的学习深造，进行中国共产党历史方面的研究和教学。,https://p.qianwen.com/major/tab?app=index&collegesTab=allColleges&webCompassApp=true&q=%E4%B8%AD%E5%9B%BD%E5%85%B1%E4%BA%A7%E5%85%9A%E5%8E%86%E5%8F%B2%E4%B8%93%E4%B8%9A&entry=gaokao_channel&device=pc
工会学,030505TK,法学,马克思主义理论类,四年,法学学士,9985,,,,,,工会学主要研究政治学、管理学等方面的基本理论和知识，进行工会工作、劳动关系管理等工作。例如：工会组织的建设与管理，劳动关系的协调与处理，职工权益的维护与保障等。该专业在工会组织、企事业单位等有广泛应用，是构建和谐劳动关系的重要支撑。,工会理论，劳动关系，劳动法，社会学，管理学，政治学，经济学，组织行为学，社会政策，工会实务,工会组织：工会工作、劳动关系管理； 企事业单位：人力资源、员工关系； 政府部门：劳动保障、劳动关系协调； 深造：考研或保研，继续公共管理、劳动关系等相关专业的学习深造。,https://p.qianwen.com/major/tab?app=index&collegesTab=allColleges&webCompassApp=true&q=%E5%B7%A5%E4%BC%9A%E5%AD%A6%E4%B8%93%E4%B8%9A&entry=gaokao_channel&device=pc
民族学,030401,法学,民族学类,四年,法学学士,316013,5800,西南地区,行政/后勤/文秘,教育培训,历史 / 历史+地理 / 思政+历史+地理,本专业培养学生掌握系统扎实的民族学专业知识，熟悉我国民族理论和政策，了解国内外各民族的社会与文化，掌握民族学基本理论和调查方法，具备实地搜集资料、民族田野调查的能力，最终可从事民族文化研究和管理、民俗文化导游、民族事务服务、民族地区经济建设的咨询服务等工作。本专业学生主要学习民族学的基本理论，了解中国民族和族群、中国社会与文化的基本情况；掌握民族学研究的基本方法；受到人类学、社会学及历史学等方面的基本训练。,《人类学》、《民族学》、《中国民族概论》、《民族学调查方法》、《民族考古学》、《民族经济学》、《族群与家族》、《民族理论与政策》、《民俗学》、《宗教文化学》。,公务员(中央国家机关)，公务员(省级机关)，公务员(地市级机关)，公务员(区县级及以下机关)，事业单位人员，编辑，高中教师，考研，社会工作者，销售代表，助理/秘书/文员,https://p.qianwen.com/major/tab?app=index&collegesTab=allColleges&webCompassApp=true&q=%E6%B0%91%E6%97%8F%E5%AD%A6%E4%B8%93%E4%B8%9A&entry=gaokao_channel&device=pc
艺术设计学,130501,艺术学,设计学类,四年,艺术学学士,1068331,6300,北京市,艺术设计,房地产,不限,本专业培养具备艺术设计学教学和研究等方面的知识和能力，能在艺术设计教育？研究？设计？出版和文博等单位从事艺术设计学教学？研究？编辑等方面工作的专门人才；学生主要学习艺术设计学方面的基本理论和基本知识，接受艺术设计理论思维能力？造型艺术基础及设计原理与方法的基本训练，具备了解艺术设计的历史？现状和进行理论研究的基本素质？,《西方现代设计史》、《艺术传播学》、《艺术管理学》、《艺术市场简史》、《中国工艺美学史》、《中国现代美术理论与思潮》、《中国现当代艺术》、《西方古代美术史》、《设计批评》、《软件设计基础》 部分高校按以下专业方向培养：空间环境设计。,事业单位人员，公务员(中央国家机关)，公务员(省级机关)，公务员(地市级机关)，店面/展览/展示/陈列设计，考研，大学教师，建筑设计师，视觉设计，平面设计，公务员(区县级及以下机关),https://p.qianwen.com/major/tab?app=index&collegesTab=allColleges&webCompassApp=true&q=%E8%89%BA%E6%9C%AF%E8%AE%BE%E8%AE%A1%E5%AD%A6%E4%B8%93%E4%B8%9A&entry=gaokao_channel&device=pc
视觉传达设计,130502,艺术学,设计学类,四年,艺术学学士,1054534,5900,上海市,艺术设计,房地产,历史 / 物理+化学 / 思政+历史+地理,本专业致力于培养具有现代设计理念和创新思维，通晓视觉传达语言，熟练掌握数字设计工具与技能，能够独立从事各种平面设计和创意表现的专业性人才。毕业生能在专业设计机构、平面及网络媒体、出版行业、广告公司及企业企划部门从事各类印刷品设计、网络媒体设计、广告创意设计、企业形象设计、包装设计、书籍装帧设计、以及设计管理等工作。,《插图基础》、《平面与立体构成》、《字体与版式设计》、《数学图像技术》、《基础表现》、《设计造型基础》、《包装设计》、《日用陶瓷设计》、《广告招贴设计》、《展示设计》 部分高校按以下专业方向培养：青瓷、广告设计、环境设计、印刷设计、二维数码设计、平面艺术设计、数码媒体艺术、会展与展示设计、影视与数字特效设计。,平面设计师，视觉设计，广告设计师，用户界面(UI)设计师,https://p.qianwen.com/major/tab?app=index&collegesTab=allColleges&webCompassApp=true&q=%E8%A7%86%E8%A7%89%E4%BC%A0%E8%BE%BE%E8%AE%BE%E8%AE%A1%E4%B8%93%E4%B8%9A&entry=gaokao_channel&device=pc
环境设计,130503,艺术学,设计学类,四年,艺术学学士,807481,6800,上海市,装饰装修,房地产,地理 / 历史 / 历史+地理 / 思政+历史+地理,环境设计专业主要培养室内外环境设计的专业人才，通过系统的学习和实践环节的训练，使学生在掌握空间环境艺术创作与设计的专业理论和专业技能的基础上，具备社会实际工作的能力，能够独立承担相关的设计、教学和研究工作，并成为从事相关设计领域的管理、教学、研究等方面的应用型高级专门人才。本专业要求学生具有较好的审美素养，掌握现代设计语言；具有较强创新设计意识；具备一定的城市规划、建筑装饰、公共艺术、环境保护等方面的相关知识，并且能够独立从事环境的规划与设计。,《设计制图与透视》、《装饰材料与构造》、《室内环境设计》、《建筑景观设计》、《办公空间设计》、《公共艺术设计》、《材料与结构》、《环艺模型制作与材料加工》、《建筑结构原理》、《营造元素》 部分高校按以下专业方向培养：美术、会展设计、景观设计、空间设计、室内设计、展示设计、环境艺术设计、建筑艺术设计、景观艺术设计、城市园林艺术设计。,室内装潢设计，CAD设计/制图，风景园林工程技术人员，店面/展览/展示/陈列设计，三维/3D设计/制作，平面设计师,https://p.qianwen.com/major/tab?app=index&collegesTab=allColleges&webCompassApp=true&q=%E7%8E%AF%E5%A2%83%E8%AE%BE%E8%AE%A1%E4%B8%93%E4%B8%9A&entry=gaokao_channel&device=pc
数字媒体艺术,130508,艺术学,设计学类,四年,艺术学学士,714778,5700,北京市,视觉/交互设计,媒体,,本专业培养在信息产业从事数字娱乐内容设计、信息资讯系统设计、软件界面设计、数字媒体广告与传播、科学视觉化设计等虚拟设计实践，具备科学精神以及艺术创新能力的交叉型人才；要求学生熟悉新媒体发展现状，具备基于交互平台的数字内容设计以及数字体验设计的相关知识和技能，具备电子信息、计算机科学、视音频处理、媒体网络与系统、媒体业务信息处理与媒体安全等方面的专业知识和技能， 具有较强的实践能力和创新意识，掌握信息设计的思想和方法。,《构成设计》、《3D影像基础》、《CG艺术创作》、《动画表演》、《动画技法》、《动画造型设计》、《二维动画技术与造型设计》、《立体影像制作》、《视音频剪辑》、《网页设计与网页脚本程序》 部分高校按以下专业方向培养：网络多媒体、新媒体艺术、环境艺术设计、数字影视特效、游戏设计艺术、广告设计与策划、影视制作与设计。,事业单位人员，平面设计，后期制作，摄影师/摄像师，广播电视编导，视觉设计，公务员(省级机关)，公务员(地市级机关)，公务员(区县级及以下机关)，游戏设计/开发，公务员(中央国家机关),https://p.qianwen.com/major/tab?app=index&collegesTab=allColleges&webCompassApp=true&q=%E6%95%B0%E5%AD%97%E5%AA%92%E4%BD%93%E8%89%BA%E6%9C%AF%E4%B8%93%E4%B8%9A&entry=gaokao_channel&device=pc
产品设计,130504,艺术学,设计学类,四年,艺术学学士,707665,7300,北京市,艺术设计,服装,,产品设计是以当代工业化和信息化为背景，综合运用科技成果结合美学、工学、心理学、经济学等知识，对产品的功能、结构、形态、色彩及包装等进行整合优化的创新设计活动；本专业要求学生系统掌握产品设计专业的基本理论、基本知识、基本方法，具有产品设计、环境设施设计、展示设计的基本能力和技能，了解本专业设计前沿，具备社会责任意识、创新意识、团队意识的职业素质，能在产品设计、展示设计、交互设计、设施设计等领域从事相关工作。,《工艺美术史》、《工业设计史》、《设计手绘》、《色彩传达》、《产品结构设计》、《产品造型设计》、《产品创新设计》、《产品造型材料工艺》、《产品语义设计》、《计算机辅助设计》 部分高校按以下专业方向培养：服装设计、家具设计、数字设计、应用设计、纺织品设计、产品造型设计、珠宝首饰设计、鞋类设计与工程、鞋类与皮具设计、鞋靴与箱包艺术设计、现代陶艺与装饰雕刻设计。,工业设计师，平面设计师，视觉设计，家具设计，用户界面(UI)设计师,https://p.qianwen.com/major/tab?app=index&collegesTab=allColleges&webCompassApp=true&q=%E4%BA%A7%E5%93%81%E8%AE%BE%E8%AE%A1%E4%B8%93%E4%B8%9A&entry=gaokao_channel&device=pc
服装与服饰设计,130505,艺术学,设计学类,四年,艺术学学士,568606,7000,上海市,服装/纺织/皮革,服装,历史,本专业旨在培养具有国际视野创新服装设计人才；要求学生掌握服装设计的基本理论、基本专业知识和基本专业技能，理解设计的概念和掌握设计方法，注重设计创造能力和动手制作能力的培养，及时把握时尚潮流并能够进行流行趋势预测，具备较强的市场设计意识和市场竞争能力。,《中西服装史》、《服装立体构成》、《服装造型设计》、《服装画手绘技法》、《服饰图案》、《服装结构原理》、《配饰造型设计》、《配饰材料与应用》、《品牌设计与开发》、《服装定制设计》 部分高校按以下专业方向培养：空乘与管理、人物形象设计、纺织品艺术设计、服装设计与表演、服装设计与营销、服装表演与形象设计。,服装设计师，平面设计师，视觉设计，色彩搭配师,https://p.qianwen.com/major/tab?app=index&collegesTab=allColleges&webCompassApp=true&q=%E6%9C%8D%E8%A3%85%E4%B8%8E%E6%9C%8D%E9%A5%B0%E8%AE%BE%E8%AE%A1%E4%B8%93%E4%B8%9A&entry=gaokao_channel&device=pc
工艺美术,130507,艺术学,设计学类,四年,艺术学学士,479631,6400,北京市,艺术设计,教育培训,,本专业将手工艺传统理论与当代实践相结合，主要培养现代装饰艺术的高级专门人才，不仅能系统掌握工艺美术的理论知识和设计制作的基本能力，熟悉相关专业发展演进的历史、现状和发展趋势，而且能独立完成各种材料的设计任务，从事各种传统与现代工艺美术品设计制作以及相关教学与研究，达成传统与现代的完美融合。,《中外美术通史》、《中外工艺美术通史》、《绘画基础》、《美学》、《专业写作》、《中国文化史》、《中国传统纹饰》、《传统漆器研究》、《立体构成》、《色彩构成》 部分高校按以下专业方向培养：陶艺、玉雕。,平面设计师，视觉设计，室内装潢设计，工艺品/珠宝设计,https://p.qianwen.com/major/tab?app=index&collegesTab=allColleges&webCompassApp=true&q=%E5%B7%A5%E8%89%BA%E7%BE%8E%E6%9C%AF%E4%B8%93%E4%B8%9A&entry=gaokao_channel&device=pc
公共艺术,130506,艺术学,设计学类,四年,艺术学学士,453293,6000,北京市,艺术设计,房地产,不限,本专业以培养装饰绘画创作、环境壁画与景观设计为主要目标，兼具平面设计、动画图形设计等相关专业能力的设计及教学、研究的高级专门人才；要求学生具备良好的艺术修养和艺术造诣，掌握公共艺术设计的理论知识，了解本学科的发展趋势和前沿动态，熟悉各类工艺材料的特性及制作方法，具备壁画艺术与景观设计、装饰绘画创作以及相关的平面设计、动画图形设计等方面的综合能力。,《装饰基础》、《雕塑基础》、《材料与工艺》、《建筑与环境设计》、《空间形态设计》、《展示设计》、《公共景观设计》、《园林建筑设计》、《公共设施设计》、《壁画与浮雕》。,培训/招生/课程顾问，大学教师，绘画，高中教师，文字编辑/组稿,https://p.qianwen.com/major/tab?app=index&collegesTab=allColleges&webCompassApp=true&q=%E5%85%AC%E5%85%B1%E8%89%BA%E6%9C%AF%E4%B8%93%E4%B8%9A&entry=gaokao_channel&device=pc
艺术与科技,130509T,艺术学,设计学类,四-五年,艺术学学士,395492,6600,上海市,艺术设计,广告,不限,本专业培养适应我国经济发展和改革开放需要，获得室内外展示设计、室内设计、平面设计及相关知识基本训练，具备会展艺术设计的基础理论、专业知识和综合能力，能从事会展展示设计、商业展示设计、博物馆展示设计、户外景点展示设计等室内外相应的工程设计，并具备一定艺术创作、VI策划等平面设计能力，能在展示设计、室内设计、装饰工程等领域的企业、设计和科研单位，从事展示设计、室内设计、策划管理和研究工作的高等复合型人才。,《艺术概论》、《创意思维方法》、《视觉传达设计》、《建筑可视化设计》、《VR全景展示技术》、《色彩心理学》、《虚拟现实技术》、《数字影像合成》、《展示空间设计》、《交互设计》 部分高校按以下专业方向培养：会展设计。,店面/展览/展示/陈列设计，平面设计师，室内装潢设计，会展策划/设计，三维/3D设计/制作，广告设计师,https://p.qianwen.com/major/tab?app=index&collegesTab=allColleges&webCompassApp=true&q=%E8%89%BA%E6%9C%AF%E4%B8%8E%E7%A7%91%E6%8A%80%E4%B8%93%E4%B8%9A&entry=gaokao_channel&device=pc
新媒体艺术,130511T,艺术学,设计学类,四年,艺术学学士,125586,,,,,不限,新媒体艺术专业通常以当下最新的技术手段去提供传统艺术所无法比拟的多维度感官体验，通过视觉、听觉甚至触觉、嗅觉等多种方式创造出浸入式的互动作品的专业。例如：在互联网新媒体企业、传统媒体新媒体部门、专业院校、设计机构等单位从事和媒体相关工作的高级专业复合型人才。 关键词：媒体、艺术、视听艺术 。,《数字文化》《当代艺术现象学》《计算机科学基础》《摄影》《英语多媒体语言》《声音设计》《大众传媒》《线性视听设备》《数字视频》《多媒体装置》《声音空间设计》《当代艺术史》《数字3D计算机建模技术》《数字技术和应用》《交互理论与技术网页设计》等 。,企事业单位：节目制作人、影视团队后期、游戏制作师、软件开发师等。,https://p.qianwen.com/major/tab?app=index&collegesTab=allColleges&webCompassApp=true&q=%E6%96%B0%E5%AA%92%E4%BD%93%E8%89%BA%E6%9C%AF%E4%B8%93%E4%B8%9A&entry=gaokao_channel&device=pc
包装设计,130512T,艺术学,设计学类,四年,艺术学学士,86134,,,,,不限,包装设计是一门综合运用自然科学和美学知识，为在商品流通过程中更好的保护商品，并促进商品的销售而开设的专业学科。例如：从事现代包装设计、包装印刷、包装材料及设备选用、质量检测、技术管理的高级技术应用性专门人才。 关键词：美学、商品包装、设计 。,《包装概论》《印刷色彩》《包装工艺》《包装印刷》《包装材料与加工》《包装印刷设备》《平面设计》《包装装潢设计》《包装结构设计》《包装测试》《包装设计》《包装印刷实训》等 。,企事业单位：包装设计师、平面设计师、设计策划人、排版输出、美工制作师、书籍装帧员等。,https://p.qianwen.com/major/tab?app=index&collegesTab=allColleges&webCompassApp=true&q=%E5%8C%85%E8%A3%85%E8%AE%BE%E8%AE%A1%E4%B8%93%E4%B8%9A&entry=gaokao_channel&device=pc
陶瓷艺术设计,130510TK,艺术学,设计学类,四年,艺术学学士,52348,,,,,不限,陶瓷艺术设计主要研究艺术学、设计学、陶瓷设计、陶瓷工艺等方面的基本知识和技能，进行陶瓷艺术品、装饰品、日用品的设计、制作等。常见的陶瓷制品有陶瓷摆件、白瓷观音像、陶瓷装饰盘、陶瓷壁饰、陶瓷茶具等。 关键词：陶瓷茶具 白瓷观音 瓷瓶 景德镇。,《中外陶瓷史》、《陶瓷造型基础》、《装饰基础》、《陶瓷材料工艺学》、《陶瓷工艺及设备》、《陶瓷日用品设计》、《陶瓷艺术品设计》、《陶瓷壁饰设计》。,工艺美术类企业：陶瓷艺术品设计； 陶瓷类企业：陶瓷日用品设计、陶瓷装饰品设计。,https://p.qianwen.com/major/tab?app=index&collegesTab=allColleges&webCompassApp=true&q=%E9%99%B6%E7%93%B7%E8%89%BA%E6%9C%AF%E8%AE%BE%E8%AE%A1%E4%B8%93%E4%B8%9A&entry=gaokao_channel&device=pc
珠宝首饰设计与工艺,130513TK,艺术学,设计学类,四年,艺术学学士,4172,,,,,,珠宝首饰设计与工艺专业要求具有一定的绘画基础，本专业是培养个性化珠宝艺术家的摇篮，需经过严格的专业学习及艺术实践训练，具备深厚的艺术设计功底和宝石学理论知识。,《首饰设计基础》、《首饰概论》、《宝石学》、《首饰设计》、《首饰工艺基础》、《计算机辅助珠宝设计》、《宝石工艺学》、《玉雕造型设计及加工》、《珍珠学》、《蜡雕》、《锤碟及珐琅工艺》、《商务首饰设计》、《雕塑基础》、《现代首饰工艺》、《首饰与服装搭配》、《珠宝首饰评估》等。,可在珠宝类企业从事珠宝首饰鉴定、珠宝价值评估、珠宝首饰营销、宝石款式设计、珠宝橱窗设计、珠宝汇展设计策划、珠宝首饰企业形象设计、珠宝首饰加工制作等工作。,https://p.qianwen.com/major/tab?app=index&collegesTab=allColleges&webCompassApp=true&q=%E7%8F%A0%E5%AE%9D%E9%A6%96%E9%A5%B0%E8%AE%BE%E8%AE%A1%E4%B8%8E%E5%B7%A5%E8%89%BA%E4%B8%93%E4%B8%9A&entry=gaokao_channel&device=pc
游戏艺术设计,130515TK,艺术学,设计学类,四年,艺术学学士,266,,,,,,游戏艺术设计是一门普通高等学校本科专业，属设计学类专业，基本修业年限为四年，授予艺术学学士学位。,游戏叙事基础、互动娱乐策划、虚拟造型 1-2、交互引擎应用1-2、游戏特效设计、互动界面设计、游戏角色设计、游戏场景编辑、技术美术应用、互动娱乐运营与市场营销、XR 混合现实应用、数字游戏联合创作。,本专业致力于培养德、智、体、美全面发展的复合型游戏设计艺术人才。学生将具备良好的职业道德和人文素养，拥有广阔的行业视野，熟悉游戏产品开发流程，同时具备审美能力和专业素养。通过学习，学生将具备包括电子竞技在内的游戏艺术设计，及相关企业从事游戏艺术、设计、创作、制作、游戏研发、策划运营、技术、美术、解说和评论等工作的能力。同时，学生还将熟悉行业研发管线与流程，掌握前沿技术，具备竞争力和创新精神。,https://p.qianwen.com/major/tab?app=index&collegesTab=allColleges&webCompassApp=true&q=%E6%B8%B8%E6%88%8F%E8%89%BA%E6%9C%AF%E8%AE%BE%E8%AE%A1%E4%B8%93%E4%B8%9A&entry=gaokao_channel&device=pc
人居设计,130514T,艺术学,设计学类,四年,艺术学学士,148,,,,,,环境设计专业是人居环境设计的关键构成，融合了建筑工程技术与人文艺术科学，专注于室内外人居环境的设计研究及相关的环境营造实践。,室内设计基础、景观设计基础、环境设计材料与构造、室内公共空间设计、城市公园设计、环境设计工程施工技术、数字化环境设计表现技术等。,设计公司：在建筑设计研究院、室内装饰设计或工程公司、景观设计工程公司等各类相关行业企业，从事建筑室内外空间设计、软装设计、园林景观设计等工作。房地产企业：参与房地产项目的规划设计、户型设计、景观设计等工作，为房地产项目的开发提供专业支持。政府部门：在城市规划、建设、园林等政府部门，从事城市规划、环境设计管理、公共空间设计等工作，参与城市建设和环境改善的相关政策制定和项目实施。,https://p.qianwen.com/major/tab?app=index&collegesTab=allColleges&webCompassApp=true&q=%E4%BA%BA%E5%B1%85%E8%AE%BE%E8%AE%A1%E4%B8%93%E4%B8%9A&entry=gaokao_channel&device=pc
播音与主持艺术,130309,艺术学,戏剧与影视学类,四年,艺术学学士,773723,8200,北京市,演艺人员/经纪人,媒体,历史 / 思政,本专业面向广播影视媒体及相关机构，培养具备中国播音学、新闻传播学、中国语言文学、哲学美学、艺术学等多学科知识与能力，从事广播电视普通话新闻播音主持及新 闻报道、专题播音主持、文艺节目主持、体育评论解说、影视配音及演播，以及播音主持教学与研究工作的复合型语言传播精英人才。,《电视播音与节目主持》、《广播播音与节目主持》、《新闻播音》、《广播播音主持实训》、《播音创作基础》、《广播电视新闻采写》、《普通话语音及播音发声》、《播音主持概论》、《广播新闻学》、《广播电视采访》 部分高校按以下专业方向培养：汉语、英语、广播电视、航空服务、空中乘务、双语播音、网络传播、空乘与礼仪、综艺娱乐主持、空乘与地面服务。,播音主持人员，事业单位人员，记者/采编，大学教师，公务员(中央国家机关)，行政专员/助理，公务员(地市级机关)，公务员(区县级及以下机关)，助理/秘书/文员，考研，公务员(省级机关),https://p.qianwen.com/major/tab?app=index&collegesTab=allColleges&webCompassApp=true&q=%E6%92%AD%E9%9F%B3%E4%B8%8E%E4%B8%BB%E6%8C%81%E8%89%BA%E6%9C%AF%E4%B8%93%E4%B8%9A&entry=gaokao_channel&device=pc
广播电视编导,130305,艺术学,戏剧与影视学类,四年,艺术学学士,677215,6400,北京市,导演/编导,媒体,历史 / 思政,本专业根据广播电视事业未来发展的趋势，针对广播电视及其他媒体机构、影视节目制作公司的需要，培养具有广播电视节目策划、创作、制作等方面的专业知识，具备较高的政治水平、理论修养和艺术鉴赏等能力，能从事广播电视节目编导、电视摄像、采访、撰稿、编辑、制作等工作的广播电视艺术类的应用型专业人才。,《AE影像特效制作》、《摄影摄像》、《剪辑技术与艺术》、《电影导演》、《电视采访》、《电影制作》、《电视摄像基础》、《广播电视编导》、《广播电视采访》、《灯光及录音技术基础》 部分高校按以下专业方向培养：新闻、影视学、电视编导、电视编辑、电视剪辑、空中乘务、文艺编导、影视制片、数码影视制作、网络与新媒体传播。,广播电视编导，记者/采编，事业单位人员，公务员(中央国家机关)，公务员(省级机关)，助理/秘书/文员，公务员(区县级及以下机关)，考研，编辑，大学教师，公务员(地市级机关),https://p.qianwen.com/major/tab?app=index&collegesTab=allColleges&webCompassApp=true&q=%E5%B9%BF%E6%92%AD%E7%94%B5%E8%A7%86%E7%BC%96%E5%AF%BC%E4%B8%93%E4%B8%9A&entry=gaokao_channel&device=pc
影视摄影与制作,130311T,艺术学,戏剧与影视学类,四年,艺术学学士,647949,7400,北京市,,,,本专业培养具备一定的科学文化和艺术理论知识，具备广告、电视、电影的图片摄影、摄像能力，能在电影、电视制作部门、广告宣传部门和教育机构从事影像艺术创作、教学和研究工作的高级专门人才；学生主要学习电影学、戏剧学、设计学等方面的基础理论和基本知识，受到图片摄影、影视摄影等方面的基本训练、掌握影视摄影和图片摄影创作的基本能力。,《图片摄影》、《影视造型手段》、《影视剪辑》、《影视声音》、《影片制作》、《特效CGI入门》、《电影导演创作》、《电影摄影创作》、《电影剪辑创作》、《电影录音创作》 部分高校按以下专业方向培养：电视摄影、图片摄影、照明艺术、光环境设计、电影电视剧摄影。,摄影师/摄像师，后期制作，广播电视编导，编辑，培训/招生/课程顾问，文案策划,https://p.qianwen.com/major/tab?app=index&collegesTab=allColleges&webCompassApp=true&q=%E5%BD%B1%E8%A7%86%E6%91%84%E5%BD%B1%E4%B8%8E%E5%88%B6%E4%BD%9C%E4%B8%93%E4%B8%9A&entry=gaokao_channel&device=pc
动画,130310,艺术学,戏剧与影视学类,四年,艺术学学士,609749,6600,北京市,视觉/交互设计,媒体,历史 / 物理,本专业为电影、电视、电子出版、互联网、移动媒体、游戏等数字媒体行业培养动画内容创作与创新人才；要求学生具有开阔的国际视野，良好的人文修养与艺术鉴赏力，系统掌握动画艺术理论和前沿的动画技术手段，具备较强的艺术创作实践能力，能够把握艺术创作与商业需求之间的平衡，将来可以从事动画项目策划、动画导演、动画编剧、动画设计制作、衍生产品开发等工作。,《构成设计》、《透视学》、《动画技法》、《动画视听语言》、《动画影视后期制作》、《动画造型设计》、《动画运动规律及表演》、《动画导演》、《动画概念设计》、《3d Max三维基础与应用》 部分高校按以下专业方向培养：创意设计、动漫文学、影视动画、游戏美术、游戏设计艺术、动画设计与制作、三维动画与特效。,多媒体/动画设计，事业单位人员，后期制作，大学教师，平面设计，绘画，原画师，考研,https://p.qianwen.com/major/tab?app=index&collegesTab=allColleges&webCompassApp=true&q=%E5%8A%A8%E7%94%BB%E4%B8%93%E4%B8%9A&entry=gaokao_channel&device=pc
电影学,130303,艺术学,戏剧与影视学类,四年,艺术学学士,567493,7500,北京市,影视策划/制作,媒体,不限,电影学主要研究电影的中外历史、审美特性、创作规律、摄影艺术、造型艺术等方面的基本知识和技能，在电视台、电影厂、影视制作公司等进行电影、广播电视节目的策划、创作、制作，以及对影视剧作的鉴赏评论等。 关键词：电影 电视节目 影评 中影。,《世界电影史》、《中国电影史》、《电影美学》、《电影造型》、《电影声音》、《摄影艺术》。,影视传媒类单位：影视创作、节目策划、节目编导、影视拍摄； 新闻出版机构：剧作评价。,https://p.qianwen.com/major/tab?app=index&collegesTab=allColleges&webCompassApp=true&q=%E7%94%B5%E5%BD%B1%E5%AD%A6%E4%B8%93%E4%B8%9A&entry=gaokao_channel&device=pc
戏剧影视导演,130306,艺术学,戏剧与影视学类,四年,艺术学学士,421854,8900,北京市,导演/编导,媒体,不限,本专业旨在挖掘具备一定素质、潜质与能力的学生，通过对其在故事建构、影像造型、声音处理、表演控制及后期制作等方面的训练，培养通晓视听语言、掌握导演工作技能，具备一定想象力、创造力、执行力，能独立从事电影、电视剧、纪录片编导工作的复合型专门优质人才。,《中外电影史》、《美术作品分析》、《影视导演基础》、《影视剧创作》、《影视大师作品读解》、《影视精品赏析》、《绘画基础》、《广告摄影》、《电视摄像》、《数字图象处理技术》 部分高校按以下专业方向培养：播音主持、黄梅戏表演、中国舞表演、戏剧影视表演、剪辑艺术与技术。,广播电视编导，文案策划，作家/编剧/撰稿人，后期制作，编辑，记者,https://p.qianwen.com/major/tab?app=index&collegesTab=allColleges&webCompassApp=true&q=%E6%88%8F%E5%89%A7%E5%BD%B1%E8%A7%86%E5%AF%BC%E6%BC%94%E4%B8%93%E4%B8%9A&entry=gaokao_channel&device=pc
表演,130301,艺术学,戏剧与影视学类,四年,艺术学学士,399593,8100,北京市,演艺人员/经纪人,媒体,历史,表演专业培养具有一定的马克思主义基本理论素养，并具备和掌握表演艺术的基本理论和基本技巧，能够在戏剧、戏曲、电影、电视和舞蹈等表演中独立完成不同人物形象创作的高级专门人才；该专业学生主要学习戏剧、戏曲、影视、舞蹈、音乐等方面表演艺术基本知识、基本理论和基本技能，受到有关理论、发展历史、研究现状等系统教育和从事专业工作所需业务能力的基本训练。,《和声》、《表演》、《表演声音训练》、《表演台词训练》、《播音主持艺术》、《表演多幕剧训练》、《表演风格流派》、《表演化妆艺术》、《表演艺术语言基本功》、《台词艺术》 部分高校按以下专业方向培养：主持、瑜伽、空中乘务、体育舞蹈、影视配音、民间艺术表演、社会文体工作、体育艺术表演、服装表演与设计、空乘与地面服务、戏剧与影视表演。,考研，事业单位人员，演员/模特，大学教师，培训/招生/课程顾问，中等职业学校教师，大学教师，培训师/讲师，播音主持人员,https://p.qianwen.com/major/tab?app=index&collegesTab=allColleges&webCompassApp=true&q=%E8%A1%A8%E6%BC%94%E4%B8%93%E4%B8%9A&entry=gaokao_channel&device=pc
戏剧影视文学,130304,艺术学,戏剧与影视学类,四年,艺术学学士,326409,5500,北京市,编辑/记者,媒体,历史 / 思政+历史,本专业旨在通过讲授戏剧影视文学基本理论、中外电影史、电影名著解读、影视剧本写作、影视编辑制作与管理等专业课程，培养具备戏剧影视文学基本理论及剧本创作、评论、编辑的专门人才，能够在电影、电视、电台等媒体从事创作、编辑和评论工作，能够胜任高等院校、艺术院校的戏剧影视类课程教学工作，以及参与国家机关、文化事业单位的戏剧影视管理工作。,《电影剧本写作》、《编剧理论与技巧》、《影视拍摄实务》、《电视纪录片策划与制作》、《电影剧作理论与技巧》、《电视剧编剧理论》、《表导演基础》、《电视专题片制作》、《独幕剧写作》、《数字图片处理技术》 部分高校按以下专业方向培养：影视编导、影视技术、戏剧影视写作。,事业单位人员，记者/采编，作家/编剧/撰稿人，文案策划，广播电视编导，编辑，公务员(省级机关)，公务员(地市级机关)，公务员(区县级及以下机关)，考研，公务员(中央国家机关),https://p.qianwen.com/major/tab?app=index&collegesTab=allColleges&webCompassApp=true&q=%E6%88%8F%E5%89%A7%E5%BD%B1%E8%A7%86%E6%96%87%E5%AD%A6%E4%B8%93%E4%B8%9A&entry=gaokao_channel&device=pc
戏剧影视美术设计,130307,艺术学,戏剧与影视学类,四年,艺术学学士,266078,7300,北京市,艺术设计,媒体,历史,本专业培养具有一定的马克思主义基本理论素养，并具备戏剧、 戏曲、影视和其他舞台演出的美术设计(含灯光设计、服装与化妆设计、布景绘制)等方面的能力，能在剧院(团)、电影厂、电视台、电视剧制作中心从事美术设计的高级专门人才；学生主要学习戏剧、戏曲、影视美术设计、戏剧史、电影史、舞台美术史、中外美术史等方面的基础理论和基本知识，受到绘画、美术设计的基本训练 ，掌握场景设计、服装道具设计、化妆造型设计等方面的基本能力。,《舞台影视美术设计》、《灯光设计》、《服装道具设计》、《化妆设计》、《绘画》、《绘景》、《计算机辅助设计》、《特技美术》 部分高校按以下专业方向培养：影视人物造型设计。,艺术指导/舞美设计，绘画，平面设计，视觉设计，化妆师/造型师/服装/道具，行政专员/助理，摄影师/摄像师，大学教师,https://p.qianwen.com/major/tab?app=index&collegesTab=allColleges&webCompassApp=true&q=%E6%88%8F%E5%89%A7%E5%BD%B1%E8%A7%86%E7%BE%8E%E6%9C%AF%E8%AE%BE%E8%AE%A1%E4%B8%93%E4%B8%9A&entry=gaokao_channel&device=pc
录音艺术,130308,艺术学,戏剧与影视学类,四年,艺术学学士,247826,7600,北京市,影视策划/制作,媒体,不限,本专业培养的学生要求具有较高的艺术素质和修养，具备深厚的音乐功底，熟知各种录音设备，同时又掌握一定的录音理论及技巧，能在广播、电视、电影系统和文化艺术部门从事声音(音响)设计、录制的高级专门人才；学生主要学习音乐、广播、电影、电视录音等方面的基本理论和基本知识，受到声音录制、艺术处理等方面的基本训练，掌握声音(音响)设计、音频节目制作、艺术处理的基本能力。,《数字音频技术》、《无线电基础》、《影视音乐创编》、《作曲技术理论与应用》、《播音室声学及电声学》、《电脑音乐系统》、《电视采访与写作》、《电视文化学》、《广播电视非线性编辑》、《录音节目制作》 部分高校按以下专业方向培养：录音工程、音响导演、音响工程。,后期制作，音效师，事业单位人员，教学/教务管理人员，考研，编辑，培训/招生/课程顾问，大学教师,https://p.qianwen.com/major/tab?app=index&collegesTab=allColleges&webCompassApp=true&q=%E5%BD%95%E9%9F%B3%E8%89%BA%E6%9C%AF%E4%B8%93%E4%B8%9A&entry=gaokao_channel&device=pc
戏剧学,130302,艺术学,戏剧与影视学类,四年,艺术学学士,160318,7500,北京市,演艺人员/经纪人,媒体,不限,戏剧学专业培养有较强的艺术感受能力和坚实的戏剧艺术史论基础，能从事戏剧艺术理论研究、编辑工作的专门人才。；要求学生熟悉我国的文艺方针、政策，系统地掌握戏剧、影视文学的基本理论和创作技能，了解相关学科的知识，有较好的文化艺术修养，较强的审美感觉和创造性思维；具有较系统和广博的戏剧影视理论和历史知识，掌握分析和研究戏剧影视作品的方法，有较强的理论写作能力。,《导演学》、《表演艺术》、《舞台美术设计基础》、《中外戏剧史》、《艺术概论》。,作家/编剧/撰稿人，文字编辑/组稿，小学教师，大学教师，公关专员,https://p.qianwen.com/major/tab?app=index&collegesTab=allColleges&webCompassApp=true&q=%E6%88%8F%E5%89%A7%E5%AD%A6%E4%B8%93%E4%B8%9A&entry=gaokao_channel&device=pc
影视技术,130312T,艺术学,戏剧与影视学类,四年,艺术学学士,81304,,,,,不限,影视艺术技术专业是将视觉艺术与听觉艺术、时间艺术与空间艺术、纪实艺术与表演艺术、再现艺术与表现艺术有机地综合到一起，特别是电影艺术综合吸收了各门艺术的长处和特点，大大丰富了自己的艺术表现力。例如：影视制作单位后期制作团队等。 关键词：影视、广播电视、艺术 。,《美学原理》《动画概论》《影视简史》《影视编导》《游戏编程原画创作》《非线性编辑》《影视特效》《音频编辑》《录音艺术》《流行音乐》等 。,企事业单位：电视台节目编导、音响工程师、录音师、电子媒体制作员、特效工程师、影视设备应用开发员等。,https://p.qianwen.com/major/tab?app=index&collegesTab=allColleges&webCompassApp=true&q=%E5%BD%B1%E8%A7%86%E6%8A%80%E6%9C%AF%E4%B8%93%E4%B8%9A&entry=gaokao_channel&device=pc
戏剧教育,130313T,艺术学,戏剧与影视学类,四年,艺术学学士,22254,,,,,不限,本专业培养具备戏剧和影视的理论、评论、编辑和艺术管理等力面的知识。例如：在剧院(团)或电视台、电影厂、编辑部以及文化管理机关等部门从事理论研究、编审与文化管理等方面工作以及能在国家机关、文教事业单位从事实际工作的高级专门人才。 关键词：教育学、戏剧、艺术文学 。,《导演学》《表演艺术》《舞台美术设计基础》《中外戏剧史》《艺术概论》等 。,企事业单位：编剧编导、文案策划、影视策划、表演老师等。,https://p.qianwen.com/major/tab?app=index&collegesTab=allColleges&webCompassApp=true&q=%E6%88%8F%E5%89%A7%E6%95%99%E8%82%B2%E4%B8%93%E4%B8%9A&entry=gaokao_channel&device=pc
音乐剧,130315TK,艺术学,戏剧与影视学类,四年,艺术学学士,1524,,,,,,本专业培养具有综合文化艺术素质，系统掌握音乐剧表演艺术方法、创作技能和专业理论，音乐、舞蹈、台词基本功扎实，能够运用音乐剧表演创作技巧从事舞台艺术创作的高素质综合性表演人才。,《音乐剧演唱基础》、《音乐剧演唱技巧》、《音乐剧演唱技巧》、《戏剧表演技巧》、《音乐剧表演》、《音乐基础理论》、《视唱练耳》、《视唱练耳》、《音乐剧舞蹈》、《艺术语言基础》、《艺术语言技巧》、《剧目创作》、《音乐剧赏析》、《化妆基础》、《芭蕾舞基训》、《爵士舞基训》、《中外风格舞蹈》等。,暂无简介。,https://p.qianwen.com/major/tab?app=index&collegesTab=allColleges&webCompassApp=true&q=%E9%9F%B3%E4%B9%90%E5%89%A7%E4%B8%93%E4%B8%9A&entry=gaokao_channel&device=pc
曲艺,130314TK,艺术学,戏剧与影视学类,四年,艺术学学士,1428,,,,,,曲艺是中华民族各种说、拉、弹、唱等艺术的统称，它是由中国民间口头文学和歌唱艺术经过长期发展演变形成的一种独特的艺术形式，故称“曲艺”，也就是“曲”的“艺术”表现。曲艺本科专业的正式设立标志着中国曲艺艺术教育和文化传承迈入全新的发展时代，是曲艺行业历史上的一个重大里程碑。,暂无简介。,曲艺专业的学生毕业后一般可以进入各类文艺团体、电视台、电台、部队及学校从事与所学专业方向相关的相声、快板等曲艺工作，也可以从事主持、表演及教学管理等工作。,https://p.qianwen.com/major/tab?app=index&collegesTab=allColleges&webCompassApp=true&q=%E6%9B%B2%E8%89%BA%E4%B8%93%E4%B8%9A&entry=gaokao_channel&device=pc
智能影像艺术,130318T,艺术学,戏剧与影视学类,四年,艺术学学士,92,,,,,,智能影像艺术是一门新兴的交叉学科专业，它将人工智能技术与传统的影像艺术创作深度融合，涵盖了影视制作、动画设计、数字媒体等多个领域，旨在探索和创新影像艺术的表现形式与创作方法，利用智能技术提升影像的制作效率、艺术表现力和观众体验。,人工智能与影像艺术、智能影像生成技术、智能剪辑技术、智能特效制作、虚拟摄影技术、影视后期制作等。,媒体机构：影像创作、特效制作； 艺术团体：数字艺术、视觉设计； 科技企业：虚拟现实、增强现实内容开发； 深造：考研或保研，继续数字媒体艺术、艺术学等相关专业的学习深造。,https://p.qianwen.com/major/tab?app=index&collegesTab=allColleges&webCompassApp=true&q=%E6%99%BA%E8%83%BD%E5%BD%B1%E5%83%8F%E8%89%BA%E6%9C%AF%E4%B8%93%E4%B8%9A&entry=gaokao_channel&device=pc
数字戏剧,130316T,艺术学,戏剧与影视学类,五年,艺术学学士,81,,,,,,数字戏剧专业由中央戏剧学院开设，是运用数字技术，如虚拟现实、增强现实、互动媒体等，创新戏剧创作与演出形式的专业，旨在推动戏剧艺术在数字时代的创新发展，打造互动戏剧、虚拟演出等，让观众获得沉浸式体验。,艺术学理论相关方向,数字戏剧制作公司：从事数字戏剧的创作、制作和演出工作，包括数字剧本创作、数字场景设计、数字演员制作、演出策划和组织等。影视与动画公司：参与影视特效制作、动画设计与制作、虚拟拍摄等工作，将数字戏剧的技术和理念应用于影视和动画领域，提升作品的视觉效果和艺术品质。文化旅游产业：为主题公园、文化旅游景区等设计和制作数字演艺项目，如沉浸式戏剧演出、虚拟导游等，丰富文化旅游产品的形式和内容，提升游客的体验。,https://p.qianwen.com/major/tab?app=index&collegesTab=allColleges&webCompassApp=true&q=%E6%95%B0%E5%AD%97%E6%88%8F%E5%89%A7%E4%B8%93%E4%B8%9A&entry=gaokao_channel&device=pc
数字演艺设计,130317T,艺术学,戏剧与影视学类,四年,艺术学学士,72,,,,,,数字演艺设计是顺应文旅产业升级与数字时代新需求而设立的专业，将数字技术与演艺艺术深度融合，聚焦于大型实景演出、沉浸式剧场等新兴业态，强调人工智能、虚拟现实等前沿科技在戏剧艺术教育中的应用。,数字场景设计、交互式舞台技术、虚拟现实演艺技术、人工智能与演艺应用、数字演艺策划与管理等。,文旅演艺行业：参与大型实景演出、主题公园演艺项目、沉浸式剧场等的数字场景设计、交互技术开发和演出策划等工作。影视与动画行业：从事数字影视特效制作、动画设计与制作、虚拟拍摄等工作，为影视作品和动画作品增添独特的视觉效果。数字媒体与游戏行业：负责数字媒体内容创作、游戏场景设计、游戏交互设计等工作，提升数字媒体产品和游戏的用户体验。,https://p.qianwen.com/major/tab?app=index&collegesTab=allColleges&webCompassApp=true&q=%E6%95%B0%E5%AD%97%E6%BC%94%E8%89%BA%E8%AE%BE%E8%AE%A1%E4%B8%93%E4%B8%9A&entry=gaokao_channel&device=pc
美术学,130401,艺术学,美术学类,四年,艺术学学士,817922,5900,北京市,教师,教育培训,历史 / 思政+历史+地理,该专业培养热爱美术事业、面向现代化、面向世界、面向未来的高级美术人才。培养学生具有扎实的绘画理论基础和纯熟的绘画技巧，有较强的创新思维能力，掌握基本的美术史知识，有较高的艺术素养，有较强的与人沟通和合作的能力，具有独立分析问题和解决问题的能力，熟练掌握一门外语，并能掌握计算机和现代信息技术的美术专业的专门人才。,《素描静物》、《书法、篆刻》、《透视学》、《书法史》、《工笔花鸟》、《线性人物素描》、《艺术品鉴定》、《油画创作》、《工艺美术》、《世界美术史》 部分高校按以下专业方向培养：国画、书法、小教、油画、美术教育、实用绘画、数字绘画、艺术设计、美术与服装、美术与装潢。,事业单位人员，小学教师，绘画，初中教师，高中教师，大学教师，培训/招生/课程顾问，考研,https://p.qianwen.com/major/tab?app=index&collegesTab=allColleges&webCompassApp=true&q=%E7%BE%8E%E6%9C%AF%E5%AD%A6%E4%B8%93%E4%B8%9A&entry=gaokao_channel&device=pc
中国画,130406T,艺术学,美术学类,四年,艺术学学士,498649,6800,北京市,教师,教育培训,历史,本专业培养具有系统了解中华民族传统文化精神，具备中国书画基础理论和中国书画创作实践、教学、研究等方面的能力，既能体现时代审美取向，又有积极探索相对独立的个体艺术价值的专业人才，能在艺术领域、教育、研究、出版、管理等单位和部门从事教学、创作、研究、出版、管理等方面工作的高级专业人才。要求学生能熟练地握中国画人物、山水、花鸟、书法篆刻的传统技法；了解中国画的历史传统和造型规律、艺术手法；具有较高的艺术修养、独立完成创作和教学的能力；有一定的实际工作能力和初步的科研能力。,《中国画论》、《人物画》、《山水画》、《花鸟画》、《中国画造型》、《中国工笔花鸟画》、《中国写意花鸟画》、《书法篆刻》、《中外美术史》、《中国古典诗词》。,绘画，大学教师，培训/招生/课程顾问，考研,https://p.qianwen.com/major/tab?app=index&collegesTab=allColleges&webCompassApp=true&q=%E4%B8%AD%E5%9B%BD%E7%94%BB%E4%B8%93%E4%B8%9A&entry=gaokao_channel&device=pc
书法学,130405T,艺术学,美术学类,四年,艺术学学士,382792,7400,华东地区,教师,教育培训,历史 / 思政+历史+地理,本专业培养适应社会主义建设需要，在思想道德、业务文化、身心素质等方面得到全面发展，旨在培养以书法研究、创作为主，兼具经济、管理能力的艺术品制作、经营与管理的高级专门人才。本专业重点培养学生的文史功底和书法创作、研究的基本能力，重视对学生实际能力的教学与训练。学生经过本专业的培养和基本技能训练，能在社会团体、学校、文化艺术部门、博物馆、拍卖行业及广告公司等企事业单位从事书法艺术研究、教学、创作、艺术管理以及艺术品经营与管理等方面的工作。,《草书》、《正书》、《碑帖鉴赏与金石学史》、《古代书论选读》、《古文字》、《汉印临摹》、《绘本赏析》、《楷书临摹》、《诗词格律及楹联基础》、《书法临摹与创作》。,雕刻/篆刻家，培训/招生/课程顾问，小学教师，初中教师,https://p.qianwen.com/major/tab?app=index&collegesTab=allColleges&webCompassApp=true&q=%E4%B9%A6%E6%B3%95%E5%AD%A6%E4%B8%93%E4%B8%9A&entry=gaokao_channel&device=pc
摄影,130404,艺术学,美术学类,四年,艺术学学士,331543,7200,北京市,摄影/摄像,媒体,历史 / 思政+历史+地理,本专业培养具有国际化的眼光和视野，了解商业视觉的运作规律，从事商业摄影、时装摄影、影像设计的应用型高级专门人才；了解本学科的发展趋势和前沿艺术与技术发展动态；全方位掌握人像摄影、时装摄影、广告摄影以及数字后期处理的高级技术；具备现代的摄影意识和创作风格；掌握商业摄影的市场运作规律，多角度掌握其他摄影门类的主要风格和技能；具有开拓和创新的学习和创作精神。,《构成设计》、《数码图片后期处理》、《商业广告摄影》、《产品与静物摄影》、《摄影构图与用光》、《电视摄像基础》、《黑白暗房工艺》、《世界摄影史》、《黑白影调控制》、《布光艺术》。,摄影师/摄像师，事业单位人员，记者/采编，大学教师，公务员(中央国家机关)，平面设计，公务员(地市级机关)，公务员(区县级及以下机关)，后期制作，广播电视编导，公务员(省级机关),https://p.qianwen.com/major/tab?app=index&collegesTab=allColleges&webCompassApp=true&q=%E6%91%84%E5%BD%B1%E4%B8%93%E4%B8%9A&entry=gaokao_channel&device=pc
绘画,130402,艺术学,美术学类,四年,艺术学学士,317968,7100,北京市,教师,教育培训,历史 / 思政+历史+地理,本专业以培养高水平绘画专业人才为目标，要求毕业生具有高度的文化责任感和艺术使命感，较高的艺术鉴赏水平和强烈的创新意识，有较宽博的文化理论基础素养和扎实的专业技能，可以独立进行绘画创作及理论研究。毕业生就业去向主要为高校、画院、美术部门、媒体等。,《水彩》、《人体速写》、《透视学》、《素描表现》、《插画创作》、《油画肖像写生》、《色彩静物》、《油画基础技法》、《人物素描》、《版画技法》 部分高校按以下专业方向培养：版画、动画、国画、书法、油画、鉴定与修复、新媒体艺术、壁画与公共艺术。,绘画，考研，事业单位人员，大学教师，培训/招生/课程顾问，小学教师，培训师/讲师，高中教师,https://p.qianwen.com/major/tab?app=index&collegesTab=allColleges&webCompassApp=true&q=%E7%BB%98%E7%94%BB%E4%B8%93%E4%B8%9A&entry=gaokao_channel&device=pc
雕塑,130403,艺术学,美术学类,四-五年,艺术学学士,151841,7300,北京市,艺术设计,教育培训,历史 / 思政+历史+地理,雕塑专业培养于造型艺术造型范围内具备基础素描以及泥塑、木、石、陶、金属等专门材料进行具象及抽象造型的能力，能在户外城市公共环境雕塑及室内架上雕塑等专业领域从事专业创作设计、放大制作，并能从事该专业教学和研究工作的高级专门人才。要求学生理解掌握立体造型的基本理论知识；掌握并运用在三维空间中进行造型设计创作的技术与基本方法；具有运用泥塑及硬质材料进行浮雕甚至动态的人物及抽象造型写生与创作设计的基本能力；了解并掌握有关国家文艺创作的方针政策及城市公共环境设计制作法规；了解国内外造型领域的理论前沿状况及发展动态；掌握专业文献检索、资料查询及文字表述的基本方法，具备初步的文本研究和写作能力。,《壁雕设计》、《创作性人体泥塑》、《雕塑创稿设计》、《雕塑构图》、《雕塑理论与写作》、《浮雕》、《计算机雕塑设计》、《金属雕塑技法》、《木雕技法普修》、《泥塑》。,雕刻/篆刻家，考研，事业单位人员，教学/教务管理人员，大学教师，培训/招生/课程顾问，高中教师，绘画,https://p.qianwen.com/major/tab?app=index&collegesTab=allColleges&webCompassApp=true&q=%E9%9B%95%E5%A1%91%E4%B8%93%E4%B8%9A&entry=gaokao_channel&device=pc
漫画,130410T,艺术学,美术学类,四年,艺术学学士,143556,,,,,,漫画是动画设计和漫画设计的有机结合，是影视动画专业的深化与延伸，是用简单而夸张的手法来描绘生活或时事的图画。,素描、速写、色彩、二维动漫设计制作、影视广告制作、动画运动规律、角色造型设计、动画脚本、动画角色与场景设计、动画分镜设计、原画与漫画设计、二维动画制作、三维建模与动画、三维材质与渲染等,学生毕业后可选择新闻出版、动漫公司、学校、影视广告公司、动漫周边设计等漫画艺术方向就业，也可以选择在新闻出版、商业手绘、学校、报社、设计事务所等数字插画方向就业。,https://p.qianwen.com/major/tab?app=index&collegesTab=allColleges&webCompassApp=true&q=%E6%BC%AB%E7%94%BB%E4%B8%93%E4%B8%9A&entry=gaokao_channel&device=pc
文物保护与修复,130409T,艺术学,美术学类,四年,艺术学学士,115370,,,,,不限,该专业教育的特点是文、理、工交叉渗透，现代科学技术与人文科学知识相结合；既掌握数理化等学科的基本知识和历史、文物考古的一般知识，又掌握文物保护材料应用、文物材质分析和文物保护修复等实际操作技能。例如：培养能在考古、博物馆、文物管理机构从事文物保护与科学研究工作的高级专门人才。 关键词：历史、文物保护、文物修复 。,《考古学概论》《文物学概论》《博物学概论》《普通化学及实验》《有机化学及实验》《分析化学及实验》《普通物理学》《高等数学》《防腐防霉杀菌概论》《文物修复与保护实验》《古建保护与维修》《文物近代分析技术》《文物与环境》等 。,事业单位：考古专家、博物馆文物管理员、文物管理员、科学研究员等。,https://p.qianwen.com/major/tab?app=index&collegesTab=allColleges&webCompassApp=true&q=%E6%96%87%E7%89%A9%E4%BF%9D%E6%8A%A4%E4%B8%8E%E4%BF%AE%E5%A4%8D%E4%B8%93%E4%B8%9A&entry=gaokao_channel&device=pc
跨媒体艺术,130408TK,艺术学,美术学类,四年,艺术学学士,106895,,,,,不限,跨媒体艺术强调打破媒介间的屏障，运用更灵活的媒介和手段进行艺术创作，涵盖实验影像、虚拟现实、空间多媒体与社会学、图像与视觉文化、现场艺术等多个专业领域，突破了既有的美术学学科格局，并旨在从媒体中发掘创意，从技术中发显人文，致力于培养掌握媒体技术、具有实验精神和深厚造型基础的当代艺术与新兴媒体产业的创作型人才。 关键词：实验影像 虚拟现实 动画 现场艺术。,《社会基础》、《媒介基础》、《影像创作中的分工和协作》、《媒体素描》、《三维动画》、《社会性互动》、《活动影像基础》、《日常生活艺术》、《自由创作》、《影像的跨媒体实践》。,影视、设计类企业：艺术设计、影视剪辑、动画创作。,https://p.qianwen.com/major/tab?app=index&collegesTab=allColleges&webCompassApp=true&q=%E8%B7%A8%E5%AA%92%E4%BD%93%E8%89%BA%E6%9C%AF%E4%B8%93%E4%B8%9A&entry=gaokao_channel&device=pc
实验艺术,130407TK,艺术学,美术学类,四年,艺术学学士,91488,,,,,不限,实验艺术不同于传统美术学中的油画、版画、雕塑等以工具材料与技术及其风格样式作为划分标准，而是以艺术工作方法而确定性质，不必受制于特定媒介和艺术形式的限制，进行新媒介形式和新视觉经验的探索，自由地进行艺术创作，并试图让艺术更接近现实生活。 关键词：艺术 绘画 设计 行为艺术。,《艺术学》、《设计学》、《素描》、《绘画》、《雕塑》、《色彩场景》、《美术设计》。,设计类企业：艺术设计。,https://p.qianwen.com/major/tab?app=index&collegesTab=allColleges&webCompassApp=true&q=%E5%AE%9E%E9%AA%8C%E8%89%BA%E6%9C%AF%E4%B8%93%E4%B8%9A&entry=gaokao_channel&device=pc
纤维艺术,130411T,艺术学,美术学类,四年,艺术学学士,28560,,,,,不限,本专业旨在培养具备深厚造型艺术基础与相关艺术理论知识，掌握纤维艺术多样表现手段及多维空间形态塑造，具有独立思考能力，从中西方艺术精神融合的角度上进行当代艺术创作的综合性艺术人才。纤维艺术专业进一步强调实践与理论的结合，科研与上手能力的结合，打造创作型、复合型和创新型的人才，满足社会各界对艺术人才的需求。,《立体造型基础》《色彩创意表达》《纤维材料基础》《缂织》《手工印染》《珩缝与刺绣》《篮筐编织》《纸艺》《数码编织》《纤维与身体》《纤维与场域》《纤维与时尚》《纤维与跨媒介》 。,主要是从事纺织品和纤维艺术设计、纺织品和纤维艺术工艺、企业管理、纺织品贸易、教育、CAD以及与时尚专业传媒等领域的工作。,https://p.qianwen.com/major/tab?app=index&collegesTab=allColleges&webCompassApp=true&q=%E7%BA%A4%E7%BB%B4%E8%89%BA%E6%9C%AF%E4%B8%93%E4%B8%9A&entry=gaokao_channel&device=pc
美术教育,130413TK,艺术学,美术学类,四年,艺术学学士,21634,,北京市,教师,教育培训,,在强调文化自信，积极弘扬传统优秀文化，借鉴世界先进文化的大背景下，美术文化是其中核心要素和媒介，美术教育是达成这一目标的重要途径和方式。目前，国家将推动艺术教育、制定艺术教育标准列为一项国家战略，随着基础美术教育的改革与深化，美术教师教育已经被推到了前沿，责任和义务重大。,《教师技能》、《现代教育技术》、《素描》、《色彩》、《书法基础》、《美术鉴赏 》、《设计基础》、《电脑辅助设计》、《室外风景写生》等。,可从事美术教育、美术研究、文博艺术管理、新闻出版等方面工作。,https://p.qianwen.com/major/tab?app=index&collegesTab=allColleges&webCompassApp=true&q=%E7%BE%8E%E6%9C%AF%E6%95%99%E8%82%B2%E4%B8%93%E4%B8%9A&entry=gaokao_channel&device=pc
科技艺术,130412TK,艺术学,美术学类,四年,艺术学学士,2291,,,,,,科技艺术专业是艺术创作与科技创新深度结合的交叉专业。科技艺术是秉持人文精神和社会关怀，积极面对科技发展所带来的崭新人类经验和社会问题，创造性地运用新的科技发展成果。科技艺术专业致力于培养具有良好的艺术素养，关注科技发展前沿，具备科技全景视野，能够通过研究与协作将科技创新与美术创作紧密结合的创新型美术人才。,暂无简介。,暂无简介。,https://p.qianwen.com/major/tab?app=index&collegesTab=allColleges&webCompassApp=true&q=%E7%A7%91%E6%8A%80%E8%89%BA%E6%9C%AF%E4%B8%93%E4%B8%9A&entry=gaokao_channel&device=pc
虚拟空间艺术,130414T,艺术学,美术学类,四年,艺术学学士,88,,,,,,数字媒体艺术专业中的虚拟空间艺术方向，聚焦于利用数字技术和艺术创作手段，构建虚拟的视觉空间和交互体验。它融合了计算机科学、艺术设计、影视动画等多学科知识，旨在创造出具有沉浸感、交互性和创意性的虚拟空间作品，应用于游戏、影视、虚拟现实、增强现实等多个领域。,虚拟空间设计、三维建模与动画、交互设计、虚拟现实技术、增强现实技术、数字音频处理、数字视频编辑等。,游戏行业：从事游戏场景设计、角色建模、动画制作、游戏特效设计等工作，为玩家打造沉浸式的虚拟游戏空间。影视与动画行业：参与影视特效制作、虚拟场景搭建、动画短片创作等工作，为影视作品和动画作品增添奇幻的虚拟空间元素。虚拟现实与增强现实行业：负责 VR/AR 应用的设计与开发，如虚拟展厅、虚拟教育、增强现实游戏等领域，为用户提供身临其境的交互体验。,https://p.qianwen.com/major/tab?app=index&collegesTab=allColleges&webCompassApp=true&q=%E8%99%9A%E6%8B%9F%E7%A9%BA%E9%97%B4%E8%89%BA%E6%9C%AF%E4%B8%93%E4%B8%9A&entry=gaokao_channel&device=pc
音乐学,130202,艺术学,音乐与舞蹈学类,四-五年,艺术学学士,546873,6200,北京市,教师,教育培训,历史,本专业的学生主要学习音乐学的基本理论，中国音乐史、外国音乐史以及其他适应音乐工作所具备的音乐技术理论，具有一定的音乐实践、研究、评论能力。具有从事各种与音乐有关的文字工作能力，音响编辑能力；了解党和国家的文艺方针、政策和法规；了解本专业及相关学科的发展动态；掌握文献检查、资料查询的基本方法，具有一定的科学研究和实际工作能力。,《和声》、《作曲》、《声乐》、《钢琴技巧》、《多声部音乐分析与写作》、《配器与创作》、《打击乐》、《复调音乐基础》、《指挥技法》 部分高校按以下专业方向培养：器乐、声乐、舞蹈、国际乘务、教师教育、学前教育、音乐表演、音乐教育、音乐治疗、航空及高级综合服务管理。,事业单位人员，小学教师，大学教师，教学/教务管理人员，高中教师，培训/招生/课程顾问，考研，初中教师,https://p.qianwen.com/major/tab?app=index&collegesTab=allColleges&webCompassApp=true&q=%E9%9F%B3%E4%B9%90%E5%AD%A6%E4%B8%93%E4%B8%9A&entry=gaokao_channel&device=pc
舞蹈表演,130204,艺术学,音乐与舞蹈学类,四年,艺术学学士,543396,7700,北京市,运动/健身,教育培训,历史,本专业培养具备扎实的舞蹈学、体育学专业基础理论、基本知识和基本技能，具有较高的体育舞蹈、流行舞蹈、民族舞蹈、健美操、艺术体操等表演能力、创编能力和教学能力，符合舞蹈表演发展需求的专门人才；毕业生可在各类专业表演团体、企事业文化机构、各级各类学校、舞蹈培训机构、健身俱乐部、社区文化机构、社团组织（协会）、影视传媒等单位从事表演、教学、管理、科研等工作。,《排练》、《国际舞蹈教学法》、《剧目排练》、《双人舞》、《舞蹈编导技巧》、《舞蹈解剖学》、《拉丁舞竞技技术分析》、《中外舞蹈史》、《舞蹈名作赏析》、《舞蹈美学》 部分高校按以下专业方向培养：健美操、体育表演、体育舞蹈、空乘与礼仪。,小学教师，培训/招生/课程顾问，教学/教务管理人员，幼儿教师，航空乘务,https://p.qianwen.com/major/tab?app=index&collegesTab=allColleges&webCompassApp=true&q=%E8%88%9E%E8%B9%88%E8%A1%A8%E6%BC%94%E4%B8%93%E4%B8%9A&entry=gaokao_channel&device=pc
音乐表演,130201,艺术学,音乐与舞蹈学类,四年,艺术学学士,524793,6600,北京市,教师,教育培训,历史,音乐表演专业设有钢琴、声乐、管弦乐等多个方向，培养既具良好的人文素质及审美品位又具高超演奏技巧的音乐表演艺术家、乐队演奏演员及音乐艺术教育工作者。,《和声》、《作曲》、《复调写作基础》、《独唱》、《器乐演奏》、《指挥技法》、《室内乐》、《曲式》、《伴奏法》、《古典舞》 部分高校按以下专业方向培养：钢琴、管弦、美声、民乐、器乐、声乐、音乐剧、空中乘务、流行音乐、体育舞蹈。,事业单位人员，大学教师，考研，高中教师，培训/招生/课程顾问，教学/教务管理人员，初中教师，小学教师,https://p.qianwen.com/major/tab?app=index&collegesTab=allColleges&webCompassApp=true&q=%E9%9F%B3%E4%B9%90%E8%A1%A8%E6%BC%94%E4%B8%93%E4%B8%9A&entry=gaokao_channel&device=pc
舞蹈学,130205,艺术学,音乐与舞蹈学类,四年,艺术学学士,195519,5900,北京市,运动/健身,教育培训,历史,舞蹈学专业旨在培养具有较高文化修养、熟悉舞蹈艺术发展基本规律、掌握中外舞蹈专业基本技能的专门人才；要求学生系统地掌握舞蹈历史文化知识和舞蹈基本理论，了解相关学科的知识，有较强的审美感觉和创造性思维，有从事该专业教学和初步的科研能力；掌握分析和研究舞蹈作品的方法，具有较强的理论写作能力。,《舞蹈解剖学》、《环境即兴编舞训练》、《编舞技法》、《基本功》、《成品舞与创作》、《剧目排练》、《芭蕾舞》、《东方舞》、《敦煌舞》、《汉族民间舞》 部分高校按以下专业方向培养：健美操、空中乘务、民族舞等、体育舞蹈、舞蹈教育、运动舞蹈、舞蹈表演与教育。,大学教师，事业单位人员，大学教师，中等职业学校教师，考研，培训/招生/课程顾问，演员/模特，高中教师，小学教师,https://p.qianwen.com/major/tab?app=index&collegesTab=allColleges&webCompassApp=true&q=%E8%88%9E%E8%B9%88%E5%AD%A6%E4%B8%93%E4%B8%9A&entry=gaokao_channel&device=pc
作曲与作曲技术理论,130203,艺术学,音乐与舞蹈学类,四-五年,艺术学学士,156009,7100,北京市,影视策划/制作,教育培训,不限,本专业培养具有一定的音乐素养，并具备较全面的音乐创作知识、能力和专业化水平，能在有关文艺单位、艺术院校、科研机构以及出版、广播影视部门从事作曲与作曲技术理论的创作、教学、研究、编辑等方面工作的高级专门人才；学生主要学习作曲技术与作曲技术理论方面的基本理论和基础知识，掌握音乐创作、教学、研究的作曲技巧；侧重学习作曲者，应全面掌握并熟练地运用各种曲式和体裁的作曲技巧；侧重学习作曲技术理论者，应深入系统地掌握和声、复调、曲式、配器的专业知识和技能；侧重学习视唱练耳，应深入系统地掌握音乐院校视唱练耳教师所具备的专业知识和技能；侧重学习戏曲音乐作曲者，应系统地掌握戏曲音乐艺术的基础知识、戏曲作曲的基本技能和创作规律，具备从事戏曲作曲创作的专业水平和能力；侧重学习电子、电子计算机音乐者，应系统地掌握电子技术的有关知识，能较熟练地通过电子计算机进行音乐分析、研究和创作。,《和声》、《作曲》、《电脑MIDI制作》、《现代音乐分析》、《曲式》、《风格化音乐分析与写作》、《管弦乐配器》、《近现代和声》、《电影音乐史》、《多声部写作》。,考研，培训/招生/课程顾问，培训师/讲师，乐器演奏，高中教师，后期制作，大学教师，事业单位人员,https://p.qianwen.com/major/tab?app=index&collegesTab=allColleges&webCompassApp=true&q=%E4%BD%9C%E6%9B%B2%E4%B8%8E%E4%BD%9C%E6%9B%B2%E6%8A%80%E6%9C%AF%E7%90%86%E8%AE%BA%E4%B8%93%E4%B8%9A&entry=gaokao_channel&device=pc
舞蹈编导,130206,艺术学,音乐与舞蹈学类,四年,艺术学学士,155859,8300,北京市,运动/健身,教育培训,不限,舞蹈编导主要研究舞蹈学、表演学等方面的基本知识和技能，包括舞蹈、舞剧的创作和编导理论、人体动作编创技巧、舞蹈音乐赏析等，在文艺表演团体进行舞蹈、舞剧动作和造型的创作、编导等。例如：《千手观音》、《大梦敦煌》等舞剧的创作、编排，春节、元宵节等节日晚会舞蹈演出的设计、编导等。 关键词：中国舞 千手观音 晚会 编舞。,《编舞技法》、《编导创作》、《古典基训》、《古典身韵》、《民间舞打击乐》、《外国舞蹈史》、《舞蹈剧目分析》、《舞蹈身体语言解读》、《中国民间舞音乐赏析》、《中外舞蹈史》 部分高校按以下专业方向培养：体育舞蹈、舞蹈教育、中国舞和现代舞。,大学教师，事业单位人员，培训/招生/课程顾问，大学教师，教学/教务管理人员，考研，小学教师，幼教，中等职业学校教师,https://p.qianwen.com/major/tab?app=index&collegesTab=allColleges&webCompassApp=true&q=%E8%88%9E%E8%B9%88%E7%BC%96%E5%AF%BC%E4%B8%93%E4%B8%9A&entry=gaokao_channel&device=pc
航空服务艺术与管理,130208TK,艺术学,音乐与舞蹈学类,四年,艺术学学士,139640,,,,,历史,在航空公司从事空中服务工作的专业人员 ， 要求有一定英语或其他语种的听说能力，具备一定社交礼仪知识与技能。例如：在航空飞机上为旅客提供服务的人员。 关键词：空乘、航空公司 。,《民航概论》《民航法》《民航基础知》《民航地勤服务》《民航服务礼仪》《民航商务英语》《、民航实用英语口语》《普通话》《第二外语（日语或韩语）》《形体训练》《化妆及整体形象设计》《航空服务技能实训》 。,企业单位：空中乘务员、飞机机电管理员、安检员、机务人员等。,https://p.qianwen.com/major/tab?app=index&collegesTab=allColleges&webCompassApp=true&q=%E8%88%AA%E7%A9%BA%E6%9C%8D%E5%8A%A1%E8%89%BA%E6%9C%AF%E4%B8%8E%E7%AE%A1%E7%90%86%E4%B8%93%E4%B8%9A&entry=gaokao_channel&device=pc
音乐教育,130212T,艺术学,音乐与舞蹈学类,四年,艺术学学士,121010,,北京市,教师,教育培训,不限,培养德、智、体、美等全面发展的具备音乐教育方面的专业理论基础、实际解决问题的能力，能适应中小学的音乐教育专业教学工作的高级专门人才。,《中西方音乐教育发展史》《教育学原理》《教育心理学》《中国音乐史》《西方音乐史》《中国民族音乐概论》《外国民族音乐》《钢琴》。,音乐、教育学相关专业方向。,https://p.qianwen.com/major/tab?app=index&collegesTab=allColleges&webCompassApp=true&q=%E9%9F%B3%E4%B9%90%E6%95%99%E8%82%B2%E4%B8%93%E4%B8%9A&entry=gaokao_channel&device=pc
流行音乐,130209T,艺术学,音乐与舞蹈学类,四年,艺术学学士,83986,,,,,不限,本专业采用专业技能培养，实践教学、项目教学、训练营教学等多元化的教学模式，注重学生的专业理论知识培养和实践创作能力的培养。将教学延伸到校内外的音乐演出市场、音乐剧演出剧组等，学生全程参与项目实践。例如：文艺演出团体演员；行政、企事业单位宣传干事；流行音乐制作、培训机构的音乐人及教师等 。 关键词：音乐、艺术 。,《流行声乐演唱》《现代舞蹈》《器乐》《流行合唱》《即兴伴奏》《MIDI音乐》《制作与编创》《录音演唱实践》《乐队编配》《流行音乐简史及欣赏》《歌曲分析与写作》《视唱练耳》《乐理》 。,企业单位：音乐媒体开发员、音乐评论家、音乐记者、音乐制作人、表演艺术家、音乐生产商、音乐编曲或作曲家等。,https://p.qianwen.com/major/tab?app=index&collegesTab=allColleges&webCompassApp=true&q=%E6%B5%81%E8%A1%8C%E9%9F%B3%E4%B9%90%E4%B8%93%E4%B8%9A&entry=gaokao_channel&device=pc
舞蹈教育,130207T,艺术学,音乐与舞蹈学类,四年,艺术学学士,74244,,西南地区,运动/健身,教育培训,不限,舞蹈教育学研究的对象是舞蹈教育这种特殊的社会现象及舞蹈教育的基本规律，包括一般规律和特殊规律。例如：能够为儿童提供专业化的支持和服务、适应地方经济社会发展需求的创新型应用性人才。 关键词：文化教育、艺术 。,《芭蕾基训》《中国古典舞基训》《中国古典舞身韵》《中国民族民间舞》《儿童舞蹈及创编》《剧目与实践》《拉丁舞基础》《摩登舞基础》《舞蹈素质训练》《现代舞基础》《爵士舞基础》《流行舞基础》 。,教育类机构：舞蹈教师、形体教师、课程咨询、 文艺团体演员、文艺干事等。,https://p.qianwen.com/major/tab?app=index&collegesTab=allColleges&webCompassApp=true&q=%E8%88%9E%E8%B9%88%E6%95%99%E8%82%B2%E4%B8%93%E4%B8%9A&entry=gaokao_channel&device=pc
音乐治疗,130210T,艺术学,音乐与舞蹈学类,四年,艺术学学士,64726,,,,,不限,音乐治疗已成为一门成熟完整的边缘学科，已经确立的临床治疗方法多达上百种，并形成了众多的理论流派。例如：医院以及特殊教育学校的音乐治疗师。 关键词：音乐、心理疏导、治疗 。,《音乐治疗理论基础》《音乐治疗临床应用概况》《接受式音乐疗法》《再创造式音乐治疗法》《音乐心理学》《个体音乐心理治疗》 。,心理咨询师 企业单位：特殊教育学校老师、医院心理治疗师等。,https://p.qianwen.com/major/tab?app=index&collegesTab=allColleges&webCompassApp=true&q=%E9%9F%B3%E4%B9%90%E6%B2%BB%E7%96%97%E4%B8%93%E4%B8%9A&entry=gaokao_channel&device=pc
流行舞蹈,130211T,艺术学,音乐与舞蹈学类,四年,艺术学学士,46592,,,,,不限,本专业采用多元化教学模式，以此培养一批集表演、教育和编导于一身的多元化高素质流行歌舞表演人才。 例如：文艺演出团体演员；行政、企事业单位宣传干事；流行音乐制作、培训机构的音乐人及教师等 。 关键词：艺术、舞蹈 。,《礼仪基本常识》《化妆造型》《社交礼仪》《职场礼仪》《商务礼仪》《社交舞》《舞蹈形体》《爵士舞》《歌舞编排》《中东舞》《街舞》《现代舞》《国际标准舞》《瑜伽》等 。,企事业单位：公司签约艺员、各类文艺表演单位及电视舞蹈编导、青少年宫、中小学和舞蹈教师等。,https://p.qianwen.com/major/tab?app=index&collegesTab=allColleges&webCompassApp=true&q=%E6%B5%81%E8%A1%8C%E8%88%9E%E8%B9%88%E4%B8%93%E4%B8%9A&entry=gaokao_channel&device=pc
冰雪舞蹈表演,130213TK,艺术学,音乐与舞蹈学类,四年,艺术学学士,10735,,,,,,冰雪舞蹈表演是学校冰雪运动专业和舞蹈表演专业相结合而成的新兴专业，主要研究舞蹈艺术与冰雪运动的完美结合。旨在培养具备舞蹈表演、冰雪运动技能及文化艺术素养的复合型人才。主要涉及舞蹈教学和花样滑冰基础、速度滑冰基础、滑雪基础教学，融合了舞蹈艺术与冰雪运动的技巧和美感。关键词：冰上运动 舞蹈艺术,舞蹈基础，冰雪舞蹈技巧，表演艺术，音乐基础，编舞，舞台艺术，艺术理论，文化素养，职业素养，形体训练,艺术团体：冰雪舞蹈表演、创作； 体育机构：冰雪运动教练、指导； 文化部门：文化演出、活动策划； 深造：考研或保研，继续舞蹈学、表演艺术等相关专业的学习深造。,https://p.qianwen.com/major/tab?app=index&collegesTab=allColleges&webCompassApp=true&q=%E5%86%B0%E9%9B%AA%E8%88%9E%E8%B9%88%E8%A1%A8%E6%BC%94%E4%B8%93%E4%B8%9A&entry=gaokao_channel&device=pc
音乐科技,130215T,艺术学,音乐与舞蹈学类,四年,艺术学学士,75,,,,,,音乐科技是音乐与科学技术相结合的交叉学科，涵盖艺术与科技两大领域。在艺术领域，涉及具有科技含量的音乐创作、表演、教育、理论研究等；在科技领域，包含与音乐相关的科技工具和方法，如音乐声学、音乐信息检索、音频信号处理、人工智能等。,音乐理论，音乐制作，数字音频技术，计算机音乐，声学，电子音乐，音乐软件，录音技术，音乐产业，专业英语,音乐制作公司：从事音乐创作、编曲、录音、混音等工作，为影视、广告、游戏等制作音乐。科技公司：参与音乐相关软件和应用的开发，如音乐制作软件、音乐教育软件、音乐流媒体平台等。文化艺术机构：负责音乐演出的技术支持、音响设计、舞台多媒体设计等工作，也可从事音乐教育、音乐研究等方面的工作。,https://p.qianwen.com/major/tab?app=index&collegesTab=allColleges&webCompassApp=true&q=%E9%9F%B3%E4%B9%90%E7%A7%91%E6%8A%80%E4%B8%93%E4%B8%9A&entry=gaokao_channel&device=pc
舞蹈治疗,130214TK,艺术学,音乐与舞蹈学类,四年,艺术学学士,69,,,,,,舞蹈治疗，又称舞动治疗、动作治疗，是一门将舞蹈与心理学、医学等多学科相结合的新兴交叉学科。它通过身体动作、舞蹈等方式来促进个体的心理、情感和身体的健康与发展，帮助人们解决心理问题、改善人际关系、提升自我认知和促进身体机能的恢复等。,芭蕾基训、现代舞基训、民族民间舞、舞蹈编导、舞蹈治疗概论、舞蹈治疗评估、舞蹈治疗技术与方法,心理健康机构：在心理咨询中心、心理治疗机构等担任舞蹈治疗师，为患有心理疾病、情绪问题、创伤后应激障碍等患者提供舞蹈治疗服务，辅助传统的心理治疗方法，促进患者的心理康复。康复治疗机构：与物理治疗师、职业治疗师等合作，为身体残疾、运动功能障碍、慢性疾病患者等提供舞蹈治疗，帮助他们改善身体机能、提高运动能力、增强身体协调性和平衡能力，同时促进心理康复。教育机构：在学校、特殊教育学校等担任舞蹈治疗教师或顾问，为学生提供心理健康教育和辅导。针对有学习困难、行为问题、情绪障碍的学生，运用舞蹈治疗的方法帮助他们提高自我认知、改善人际关系、增强自信心和学习动力。,https://p.qianwen.com/major/tab?app=index&collegesTab=allColleges&webCompassApp=true&q=%E8%88%9E%E8%B9%88%E6%B2%BB%E7%96%97%E4%B8%93%E4%B8%9A&entry=gaokao_channel&device=pc
艺术史论,130101,艺术学,艺术学理论类,四年,艺术学学士,523553,6000,北京市,艺术设计,媒体,历史,艺术史论主要研究中外艺术学理论和中外艺术史等方面的基本理论和知识，在各级文化部门、美术馆、博物馆，以及报纸杂志、广播电视、出版机构、文化公司等单位进行策划、管理、编辑、评论与文创等。例如：油画、雕塑等艺术品的创作与鉴赏，诗词、文章的撰写与编辑，艺术品真伪的鉴定等。 关键词：油画 雕塑 水墨画 诗词。,《艺术学原理》、《艺术文化学》、《艺术心理学》、《艺术教育学》、《艺术传播学》、《中国艺术学》、《西方艺术学》、《中国艺术史》、《亚洲艺术史》、《西方艺术史》。,文博、艺术类单位：专业鉴定、艺术鉴赏、文化艺术、艺术创作、艺术评论； 艺术类院校：艺术教育； 出版类单位：出版编辑。,https://p.qianwen.com/major/tab?app=index&collegesTab=allColleges&webCompassApp=true&q=%E8%89%BA%E6%9C%AF%E5%8F%B2%E8%AE%BA%E4%B8%93%E4%B8%9A&entry=gaokao_channel&device=pc
艺术管理,130102T,艺术学,艺术学理论类,四年,艺术学学士,183143,,,,,历史,艺术管理专业是以现代管理观念与管理理论为依托，以文化市场需要为根据所设计的新型专业。例如：对知识产权、文化法规进行管理 ，对广告内容进行规范审核。 关键词：市场营销、信息管理、广播电视 。,《公共关系》《会计学原理》《财务管理》《电视剧创作》《电视导演艺术》《电视剪辑艺术》《管理心理学》《应用统计与受众调查》《电视节目制作》《管理信息系统》《市场营销》等 。,企事业单位：艺术经纪人、艺术策划人、文化管理者、制片管理。文化经纪人等。,https://p.qianwen.com/major/tab?app=index&collegesTab=allColleges&webCompassApp=true&q=%E8%89%BA%E6%9C%AF%E7%AE%A1%E7%90%86%E4%B8%93%E4%B8%9A&entry=gaokao_channel&device=pc
非物质文化遗产保护,130103T,艺术学,艺术学理论类,四年,艺术学学士,112775,,,,,不限,非物质文化遗产保护主要研究非物质文化遗产的理论、保护方法、传承机制等方面的基本理论和知识，进行非遗项目的调查、认定、保护与传承。例如：传统技艺（如剪纸、刺绣）的保护与传承，非遗项目的申报与管理，非遗数字化记录与展示，传统节庆与民俗活动的活态传承等。该专业在文化和旅游部门、博物馆、非遗保护中心、文化遗产公司等单位有广泛应用，是中华优秀传统文化传承与发展的重要支撑。,暂无介绍。,暂无介绍。,https://p.qianwen.com/major/tab?app=index&collegesTab=allColleges&webCompassApp=true&q=%E9%9D%9E%E7%89%A9%E8%B4%A8%E6%96%87%E5%8C%96%E9%81%97%E4%BA%A7%E4%BF%9D%E6%8A%A4%E4%B8%93%E4%B8%9A&entry=gaokao_channel&device=pc
小学教育,040107,教育学,教育学类,四年,教育学学士,1947825,5500,东北地区,教师,教育培训,物理 / 思政+历史 / 思政+历史+地理,本专业要求学生具有良好的思想品德、社会公德和教师职业道德以及求实创新精神；具有扎实、宽厚的文化科学知识，具有较为扎实、系统的学科专业的基本理论、基础知识和基本技能，具有较为系统的小学教育理论知识，能承担活动课教学，具有基本的教育教学能力、教育管理能力和教育科研能力，能从事小学教育、教学、研究和管理工作。,《教育学》、《心理学》、《教育社会学》、《教育哲学》、《心理卫生与心理辅导》、《现代汉语基础》、《基础写作》、《儿童文学》、《小学语文课程教学》、《小学数学课程教学》 部分高校按以下专业方向培养：理科、美术、文科、音乐、全科教育、数学教育、英语教育、语文教育、数学与科学、中文与社会。,小学教师，事业单位人员，初中教师，幼教，公务员(省级机关)，公务员(地市级机关)，公务员(区县级及以下机关)，公务员(中央国家机关),https://p.qianwen.com/major/tab?app=index&collegesTab=allColleges&webCompassApp=true&q=%E5%B0%8F%E5%AD%A6%E6%95%99%E8%82%B2%E4%B8%93%E4%B8%9A&entry=gaokao_channel&device=pc
教育学,040101,教育学,教育学类,四年,教育学学士,1688927,6700,北京市,教师,教育培训,历史,教育学专业旨在培养具有良好的教育理论素养，较强的教学能力及一定的教育管理和教育科研能力的专门人才。本专业致力于培养学生具有较宽的知识面，德、智、体、美全面发展，使学生掌握系统的教育科学理论知识，培养学生的教育实践能力及创新精神，为进修深造奠定扎实的学术基础。学生毕业后适合从事中小学教育教学工作、教育行政机构管理工作、社会教育机构的咨询、管理及教学工作及中小学教育科研工作。,《教育心理学》、《教育研究方法》、《比较教育学》、《德育原理》、《教育哲学》、《西方教育思潮》、《中国教育史》、《国际课程流派》、《教育实验学》、《教育统计与测量》 部分高校按以下专业方向培养：小教、卫生教育、学前英语、教学与管理、小学教育理科、小学教育文科、心理健康教育、职业技术教育。,事业单位人员，小学教师，公务员，中学教师，大学教师，教学/教务管理人员,https://p.qianwen.com/major/tab?app=index&collegesTab=allColleges&webCompassApp=true&q=%E6%95%99%E8%82%B2%E5%AD%A6%E4%B8%93%E4%B8%9A&entry=gaokao_channel&device=pc
学前教育,040106,教育学,教育学类,四年,教育学学士,1687680,6000,北京市,教师,教育培训,历史 / 思政+历史+地理 / 思政+历史,本专业要求学生掌握学前教育的基本理论，形成正确的儿童观和教育观；树立学前教育工作者的专业意识，了解学前教育工作者的基本职责；对学前教育工作拥有热情与兴趣 ；具备基本的钢琴演奏、绘画和手工、舞蹈等艺术教学技能，及运用现代化教育技术手段开展教育、教学的能力； 培养具备全面的学前教育专业知识与技能，较强的教育心理科学素养，能在各种儿童教育机构、教育行政与科研部门、广播电视和图书出版部门，以及各级各类师资培训部门等从事儿童教育、教学科研等工作的高级专门人才。,《普通心理学》、《教育社会学》、《儿童文学》、《幼儿园课程》、《学前儿童语言教育》、《学前儿童科学教育》、《学前教育学》、《幼儿心理健康教育》、《幼儿心理学》、《幼儿保健学》 部分高校按以下专业方向培养：教育管理、美术教育、音乐教育、少儿推拿保健、幼儿园艺体教育。,幼教，事业单位人员，大学教师，大学教师，中等职业学校教师，小学教师,https://p.qianwen.com/major/tab?app=index&collegesTab=allColleges&webCompassApp=true&q=%E5%AD%A6%E5%89%8D%E6%95%99%E8%82%B2%E4%B8%93%E4%B8%9A&entry=gaokao_channel&device=pc
人文教育,040103,教育学,教育学类,四年,教育学学士,672648,6300,上海市,教师,教育培训,历史 / 思政,本专业要求学生掌握历史与社会的基础知识、基本理论和基本技能；具有较宽厚的人文社会科学知识，并了解一定的现代科学技术知识，应用现代化的教学设备教学；具有较强的教学研究能力、社会实践和社会调查的能力；掌握人文科学教育教学规律，具有扎实的教师基本技能，具备完备人文社会科学的教学能力和较强的班级管理能力，能在基础教育学校和中等职业教育学校从事人文学科综合课程及相关分科课程教学工作。,《中外文化史》、《文学概论》、《社会学研究》、《美学原理》、《管理学通论》、《科学研究方法》、《现代汉语》、《中外名著选读》、《自然与人文》、《科学与人文》。,事业单位人员，初中教师，高中教师，公务员(中央国家机关)，公务员(省级机关)，考研，公务员(区县级及以下机关)，小学教师，教学/教务管理人员，培训/招生/课程顾问，公务员(地市级机关),https://p.qianwen.com/major/tab?app=index&collegesTab=allColleges&webCompassApp=true&q=%E4%BA%BA%E6%96%87%E6%95%99%E8%82%B2%E4%B8%93%E4%B8%9A&entry=gaokao_channel&device=pc
特殊教育,040108,教育学,教育学类,四年,教育学学士,610563,6500,北京市,教师,教育培训,历史 / 思政+历史,本专业主要学习教育学、特殊教育学、心理学的基本理论和基本知识；接受特殊教育、教学和特殊教育研究的基本训练，获得特殊教育教学、特殊需要教育康复的相关知识和能力；具有良好的人文素养和教师职业素养；初步具备从事特殊教育教学、管理、科研和社会工作能力。具有合理的知识结构、较强的创新意识、创新能力。,《特殊教育学》、《特殊儿童评估》、《特殊儿童病理学》、《教育听力学》、《特殊儿童早期干预》、《特殊学校教材教法》、《残疾儿童康复教育》、《心理测量及特殊学校实践》 部分高校按以下专业方向培养：康复、手语、教育康复、手语翻译、动作与言语康复。,特殊教育教师，事业单位人员，公务员(中央国家机关)，公务员(省级机关)，公务员(地市级机关)，公务员(区县级及以下机关),https://p.qianwen.com/major/tab?app=index&collegesTab=allColleges&webCompassApp=true&q=%E7%89%B9%E6%AE%8A%E6%95%99%E8%82%B2%E4%B8%93%E4%B8%9A&entry=gaokao_channel&device=pc
科学教育,040102,教育学,教育学类,四年,教育学学士,511226,6200,北京市,教师,教育培训,物理 / 物理+化学 / 物理+化学+生物,本专业是一个化学、物理、生物和地理交叉学科，属于师范类本科。培养具有现代教育思想观念，德、智、体全面发展，掌握自然科学基础知识、基本理论和实验技能，掌握科学教学的基本原理、方法和现代教育技术，具有良好的科学教育素质和职业技能，能胜任《综合理科》或《科学》课程的教学与研究工作，在教育、科研部门、公共事业单位从事教学科学教育研究、科学普及教育和教育管理的高级复合型专业人才。,《大学物理》、《大学化学》、《生命科学及实验》、《现代科技概论》、《手工工艺技术》、《综合实践活动教学论》、《科技创新教育概论》、《自动化技术基础》、《机械技术》、《技术设计与制作》。,事业单位人员，初中教师，小学教师，公务员(区县级及以下机关)，公务员(中央国家机关)，公务员(省级机关)，公务员(地市级机关)，高中教师,https://p.qianwen.com/major/tab?app=index&collegesTab=allColleges&webCompassApp=true&q=%E7%A7%91%E5%AD%A6%E6%95%99%E8%82%B2%E4%B8%93%E4%B8%9A&entry=gaokao_channel&device=pc
教育技术学,040104,教育学,教育学类,四年,教育学学士、理学学士、工学学士,487762,6400,北京市,教师,教育培训,物理 / 物理+化学 / 物理+思政 / 物理+技术,教育技术学是现代信息技术和教育学的一门交叉学科，本专业学生主要学习教育技术学和计算机科学及相关学科的基本知识，接受教学设计、教育软件设计与开发、教育信息系统建设等方面的基本训练，具备新技术教育应用及教育软件的设计、制作的能力，熟练掌握教学设计和教学平台及资源开发技术，适宜到各教育信息化资源建设和管理单位、各教育软件开发公司的应用型高级专门人才和职业教育领域“一体化”师资。,《中外文化史》、《文学概论》、《社会学研究》、《美学原理》、《管理学通论》、《科学研究方法》、《现代汉语》、《中外名著选读》、《自然与人文》、《科学与人文》 部分高校按以下专业方向培养：数字媒体技术、数字媒体设计、信息技术教育、网络与数字媒体、教育电视节目制作、教育软件与知识工程。,事业单位人员，公务员(中央国家机关)，公务员(省级机关)，公务员(地市级机关)，公务员(区县级及以下机关)，教学/教务管理人员，小学教师，高中教师，大学教师，大学教师，中等职业学校教师，初中教师,https://p.qianwen.com/major/tab?app=index&collegesTab=allColleges&webCompassApp=true&q=%E6%95%99%E8%82%B2%E6%8A%80%E6%9C%AF%E5%AD%A6%E4%B8%93%E4%B8%9A&entry=gaokao_channel&device=pc
华文教育,040109T,教育学,教育学类,四年,教育学学士,371290,7700,北京市,教师,教育培训,,华文教育主要研究教育学、心理学、文化学、第二语言教学、汉语言等方面的基本知识和技能，熟练掌握汉语听、说、读、写、口译、笔译的能力，了解中国国情与中华文化，服务于广大华侨华人，在海外华文机构进行汉语言的教育教学，亦或在海外华文媒体进行采访、编辑等。 关键词：海外 华侨 汉语 第二语言。,《教育学》、《心理学》、《第二语言教学论》、《综合汉语》、《汉语听力》、《汉语口语》、《汉语阅读》、《汉语写作》、《汉英语言对比》、《中华文化》。,海外华人教育机构：汉语教学； 海外华文媒体：编辑、记者。,https://p.qianwen.com/major/tab?app=index&collegesTab=allColleges&webCompassApp=true&q=%E5%8D%8E%E6%96%87%E6%95%99%E8%82%B2%E4%B8%93%E4%B8%9A&entry=gaokao_channel&device=pc
艺术教育,040105,教育学,教育学类,四年,教育学学士、艺术学学士,359151,6600,北京市,教师,教育培训,历史,本专业实现多种艺术的交叉与融合，培养学生具备一定的音乐基本理论素养和系统的专业基本知识，具备一定的音乐、舞蹈、美术(含书法)的实践技能和教学能力，能在中、小学校特别是基层、中等师范学校、幼儿师范学校和艺术馆(所)从事教学研究工作，也能在群众和文化团体从事管理和宣传方面工作。,《艺术概论》、《学前教育概论》、《中外音乐史》、《中外美术史》、《艺术欣赏》、《中外文学名篇欣赏》、《声乐基础》、《舞蹈》、《素描》、《美术创作》 部分高校按以下专业方向培养：美术教育。,小学教师，事业单位人员，幼教，教学/教务管理人员，大学教师，参军，培训/招生/课程顾问，初中教师,https://p.qianwen.com/major/tab?app=index&collegesTab=allColleges&webCompassApp=true&q=%E8%89%BA%E6%9C%AF%E6%95%99%E8%82%B2%E4%B8%93%E4%B8%9A&entry=gaokao_channel&device=pc
卫生教育,040111T,教育学,教育学类,四年,教育学学士,146385,,,,,不限,卫生教育以“医养结合”为特色，主要研究健康教育、卫生保健服务、学校卫生管理等，培养有教育资质、健康教育与宣传能力、良好职业素养的复合应用型人才。例如：在学校进行卫生保健服务、学校卫生管理、健康教育教学、疾病预防与控制等。 关键词：卫生保健 卫生管理 健康教育。,《教育学基础》、《心理学基础》、《健康教育学》、《预防医学》、《儿童健康评估》、《儿童卫生与保健》、《心理咨询与辅导》、《学校卫生管理与实践》等。,学校：卫生保健教师、健康教育教学、卫生保健服务。,https://p.qianwen.com/major/tab?app=index&collegesTab=allColleges&webCompassApp=true&q=%E5%8D%AB%E7%94%9F%E6%95%99%E8%82%B2%E4%B8%93%E4%B8%9A&entry=gaokao_channel&device=pc
教育康复学,040110TK,教育学,教育学类,四年,教育学学士,141973,,,,,不限,教育康复学综合了教育和康复两个方面，主要研究教育学、特殊教育学、康复治疗学、心理学等方面的基本知识和技能，在特殊教育学校、社会康复机构等对听力障碍、言语语言障碍、智力障碍、脑瘫、自闭症等特殊儿童进行教育教学和康复治疗并行。例如：听力障碍的儿童进行听力矫治的同时接受教育教学。 关键词：残疾 聋哑 教育 治疗。,《心理学》、《言语科学基础》、《儿童语言发展》、《听力学基础》、《言语障碍评估与矫治》、《特殊儿童运动康复实践》、《康复听力学》、《临床语音学》、《情绪行为障碍的评估与训练》、《特殊教育学科教学法》。,特殊教育学校、社会康复机构：特殊教育、残障康复训练。,https://p.qianwen.com/major/tab?app=index&collegesTab=allColleges&webCompassApp=true&q=%E6%95%99%E8%82%B2%E5%BA%B7%E5%A4%8D%E5%AD%A6%E4%B8%93%E4%B8%9A&entry=gaokao_channel&device=pc
认知科学与技术,040112T,教育学,教育学类,四年,教育学学士,101620,,,,,,认知科学与技术主要研究认知科学基础理论、专业知识与技能，人工智能，文化与认知等，培养未来的心理学家、语言学家、逻辑学家和认知科学家。例如，在科研机构从事脑与认知训练、人工智能与人机交互等应用型工作。 关键词：认知科学 人工智能 用户体验。,《认知科学导论》、《认知神经科学》、《社会神经科学》、《脑与行为》、《心理学》、《语言学》、《逻辑与认知》、《计算机科学导论》、《人工智能》等。,学校、科研机构、社会管理机构：科学研究、人力资源测评、用户体验、脑与认知训练、人工智能与人机交互。,https://p.qianwen.com/major/tab?app=index&collegesTab=allColleges&webCompassApp=true&q=%E8%AE%A4%E7%9F%A5%E7%A7%91%E5%AD%A6%E4%B8%8E%E6%8A%80%E6%9C%AF%E4%B8%93%E4%B8%9A&entry=gaokao_channel&device=pc
融合教育,040113T,教育学,教育学类,四年,教育学学士,75076,,,,,不限,该专业是围绕融合教育理论展开，是继「回归主流」教育理念后的全新特殊教育理论，针对孩子不同的特质设定每个孩子不同的学习目标，以合作学习、合作小组及同辈间的学习、合作以达到完全包含的策略和目的，最终目的是将特殊孩子包含在教育、物理环境及社会生活的主流内的教育教学的实施。,《幼儿卫生与保健》《学前教育学》《儿童发展》《幼儿游戏理论与实践》《幼儿语言教育》《幼儿数学教育》《幼儿科学教育》《幼儿社会性发展与教育》《幼儿体育活动》《幼儿园课程与教育活动设计》《幼儿园艺术教育实践模块》《特殊儿童教育模块》《学前教育拓展模块》。,毕业后可在各级各类幼儿园、特殊学校的早期教育部门、早期教育培训机构工作。,https://p.qianwen.com/major/tab?app=index&collegesTab=allColleges&webCompassApp=true&q=%E8%9E%8D%E5%90%88%E6%95%99%E8%82%B2%E4%B8%93%E4%B8%9A&entry=gaokao_channel&device=pc
劳动教育,040114TK,教育学,教育学类,四年,教育学学士,20497,,,,,,培养具有正确的劳动价值观、积极的劳动精神和良好的劳动品质，掌握系统的劳动专业知识，具备娴熟的劳动技术技能，具备专业的劳动教育教学能力，能够进行劳动课程开发和教学，能够进行课外劳动实践活动的策划、组织和指导，能够进行劳动素养评价的专业劳动教育教师。,《教育学原理》、《普通心理学》、《教育心理学》、《管理学原理》、《劳动通论》、《劳动教育课程教学论》、《劳动教育教学法》、《劳动实践活动与组织》等。,学校和企业劳动教育教师等。,https://p.qianwen.com/major/tab?app=index&collegesTab=allColleges&webCompassApp=true&q=%E5%8A%B3%E5%8A%A8%E6%95%99%E8%82%B2%E4%B8%93%E4%B8%9A&entry=gaokao_channel&device=pc
孤独症儿童教育,040116TK,教育学,教育学类,四年,教育学学士,6518,,,,,,孤独症儿童教育主要研究特殊教育、心理学等方面的基本理论和知识，进行孤独症儿童的教育、康复和训练。例如：孤独症儿童的行为干预，沟通能力的训练，社交技能的培养等。该专业在特殊教育机构、康复中心等有广泛应用，是孤独症儿童成长和发展的重要支撑。,特殊教育学，孤独症谱系障碍，儿童发展心理学，行为分析，教育心理学，康复训练，沟通训练，感觉统合训练，教育评估，特殊教育法规,特殊教育机构：孤独症儿童教育、康复训练； 康复中心：行为干预、治疗； 学校：特殊教育教师； 深造：考研或保研，继续特殊教育、心理学等相关专业的学习深造。,https://p.qianwen.com/major/tab?app=index&collegesTab=allColleges&webCompassApp=true&q=%E5%AD%A4%E7%8B%AC%E7%97%87%E5%84%BF%E7%AB%A5%E6%95%99%E8%82%B2%E4%B8%93%E4%B8%9A&entry=gaokao_channel&device=pc
家庭教育,040115T,教育学,教育学类,四年,教育学学士,4053,,,,,,家庭教育主要研究教育学、心理学等方面的基本理论和知识，进行家庭教育的指导、咨询和服务。例如：亲子关系的指导，家庭教育方案的制定，家庭教育问题的咨询等。该专业在家庭教育机构、学校等有广泛应用，是家庭建设和儿童成长的重要支撑。,教育学原理，心理学，家庭教育学，儿童发展心理学，教育心理学，家庭社会学，家庭教育指导，教育法规，亲子关系，教育评估,家庭教育机构：家庭教育指导、咨询； 学校：家校共育、心理健康； 社区：家庭服务、亲子教育； 深造：考研或保研，继续教育学、心理学等相关专业的学习深造。,https://p.qianwen.com/major/tab?app=index&collegesTab=allColleges&webCompassApp=true&q=%E5%AE%B6%E5%BA%AD%E6%95%99%E8%82%B2%E4%B8%93%E4%B8%9A&entry=gaokao_channel&device=pc
人工智能教育,040117TK,教育学,教育学类,四年,教育学学士,257,,,,,,人工智能教育专业是顺应人工智能技术在教育领域广泛应用的趋势而设立的新兴专业，该专业属于教育学门类下的特设专业，授予教育学学位。,基础课程包括教育学原理、教育心理学、教育技术学、教育统计学、教育研究方法、程序设计基础、数据结构、计算机网络等。专业课程有人工智能导论、机器学习、深度学习、自然语言处理、计算机视觉、智能教育应用、教育数据挖掘、智能教学系统设计、教育机器人等。,毕业生可在各类学校、教育培训机构担任人工智能教育课程教师或教育技术专员，教授人工智能相关课程，如机器人编程、人工智能基础等，并为学校的信息化教学提供技术支持。能在教育科技企业从事智能教育产品的设计、开发与推广工作，如参与开发智能辅导系统、教育机器人等产品。也可以在教育行政部门、教育研究机构从事教育信息化规划、教育大数据分析等工作，为教育政策的制定提供数据支持和决策依据。,https://p.qianwen.com/major/tab?app=index&collegesTab=allColleges&webCompassApp=true&q=%E4%BA%BA%E5%B7%A5%E6%99%BA%E8%83%BD%E6%95%99%E8%82%B2%E4%B8%93%E4%B8%9A&entry=gaokao_channel&device=pc
婴幼儿发展与健康管理,040118T,教育学,教育学类,四年,教育学学士、管理学学士,124,,,,,,婴幼儿发展与健康管理是中国普通高等学校的一个本科专业，属于教育学类，修业年限为四年，授予教育学和管理学学士学位,婴幼儿生活照料与保健、婴幼儿常见疾病预防与护理（含急救)等,可在各类托育服务中心担任婴幼儿照护教师、托育专员等职务，负责婴幼儿的日常生活照料、健康护理和早期教育等工作。能在幼儿园从事保育工作，协助教师进行班级管理和幼儿教育教学活动，关注幼儿的身心健康发展。有些毕业生会进入专门的婴幼儿健康管理机构，从事婴幼儿健康监测、评估和干预等工作，为婴幼儿制定个性化的健康管理方案。,https://p.qianwen.com/major/tab?app=index&collegesTab=allColleges&webCompassApp=true&q=%E5%A9%B4%E5%B9%BC%E5%84%BF%E5%8F%91%E5%B1%95%E4%B8%8E%E5%81%A5%E5%BA%B7%E7%AE%A1%E7%90%86%E4%B8%93%E4%B8%9A&entry=gaokao_channel&device=pc
体育教育,040201,教育学,体育学类,四年,教育学学士,918046,7100,北京市,销售业务,教育培训,生物,本专业要求学生掌握较系统的教育心理科学、体育生物科学、体育社会科学和体育技术学科的基础理论，全面掌握体育教育的基本理论、基本技术和基本技能，并在全面发展的基础上有所专长，毕业后能够胜任学校体育教学、课余运动训练、体育部门的管理和科研工作。,《教育学原理》、《运动解剖学》、《运动生理学》、《体育心理学》、《体育保健学》、《体育概论》、《学校体育学》、《体育科研方法》、《体育统计学》、《田径》 部分高校按以下专业方向培养：足球、高尔夫、健美操、旅游体育、社会体育、特殊体育、体育保健、体育表演、体育经营与管理。,公务员(省级机关)，公务员(地市级机关)，公务员(区县级及以下机关)，销售代表，考研，公务员(中央国家机关)，小学教师，初中教师，大学教师，高中教师，事业单位人员,https://p.qianwen.com/major/tab?app=index&collegesTab=allColleges&webCompassApp=true&q=%E4%BD%93%E8%82%B2%E6%95%99%E8%82%B2%E4%B8%93%E4%B8%9A&entry=gaokao_channel&device=pc
运动康复,040206T,教育学,体育学类,四年,教育学学士、理学学士,628267,7100,北京市,养身/保健,医疗保健,物理 / 生物 / 物理+化学 / 物理+生物 / 物理+化学+生物,本专业培养掌握基础医学、预防医学、临床医学、人体运动科学基础理论、基本知识的基础上，系统掌握现代康复医学和健康科学的基本理论、基本技能、基本方法，具有较强实践能力和创新精神，能在各类康复医疗机构和健康机构从事康复治疗及健康服务与管理的高级康复治疗师。要求学生熟悉国家体育卫生的工作方针、政策及有关法规，掌握运动康复与健康专业的基础理论、基本知识、基本技能，了解中外运动康复与健康方面的学术动态和发展趋势；具备独立思考、合作精神和从事康复治疗工作的实际能力。,《运动解剖学》、《运动生理学》、《运动医学》、《运动康复学》、《运动康复生物力学》、《康复心理学》、《运动生物化学及实验》、《运动伤害事故处理与急救》、《运动处方原理》、《康复评定学》。,康复治疗师，理疗师，小学教师，大学教师，公务员,https://p.qianwen.com/major/tab?app=index&collegesTab=allColleges&webCompassApp=true&q=%E8%BF%90%E5%8A%A8%E5%BA%B7%E5%A4%8D%E4%B8%93%E4%B8%9A&entry=gaokao_channel&device=pc
社会体育指导与管理,040203,教育学,体育学类,四年,教育学学士,477491,7200,北京市,销售业务,教育培训,,本专业要求学生掌握社会体育方面的基础理论和基本知识，掌握指导大众体育、养生健身、休闲娱乐及特殊人群运动、健身的基本技能，毕业后能够胜任社会体育领域中的实际工作和理论研究；能够把握休闲体育活动规律和洞察体育休闲市场变化，在休闲体育活动中，有效地从事推广、指导、经营、和规划工作，有效地进行产品策划、设计与开发，并组织各种休闲类体育活动。,《运动生理学》、《运动心理学》、《运动保健》、《社会体育概论》、《社会体育管理》、《体育健身概论》、《体育保健学》、《体育市场营销》、《体育专项技术》、《休闲体育》 部分高校按以下专业方向培养：户外运动、休闲体育、高尔夫运动与管理、体育旅游与运动康复。,小学教师，中学教师，销售代表，健身教练，培训/招生/课程顾问,https://p.qianwen.com/major/tab?app=index&collegesTab=allColleges&webCompassApp=true&q=%E7%A4%BE%E4%BC%9A%E4%BD%93%E8%82%B2%E6%8C%87%E5%AF%BC%E4%B8%8E%E7%AE%A1%E7%90%86%E4%B8%93%E4%B8%9A&entry=gaokao_channel&device=pc
休闲体育,040207T,教育学,体育学类,四年,教育学学士,453622,8200,,,,不限,本专业要求学生掌握休闲体育相关学科的基本理论、基本知识；掌握指导休闲体育、大众健身、体育旅游、体育赛事相关的运动技术和技能；具有从事休闲体育活动的组织管理、咨询指导、经营开发及教学等方面的基本能力；了解国内外在休闲体育的前沿状况和发展动态；掌握指导与服务、开发与管理、策划与设计的基本能力；能从事休闲体育健身俱乐部工作、休闲体育指导与服务、体育旅游项目开发与管理、休闲体育产品策划与设计等工作。,《休闲体育理论与方法》、《运动休闲事业管理》、《心理学》、《教育学》、《体育产业与经济》、《体育俱乐部经营管理》、《体育市场营销》、《时尚有氧运动》、《户外运动》、《体育舞蹈》 部分高校按以下专业方向培养：海上运动。,健身/美体/舞蹈教练，小学教师，销售行政专员/助理，培训/招生/课程顾问，事业单位人员，公务员(中央国家机关)，公务员(省级机关)，公务员(区县级及以下机关)，公务员(地市级机关),https://p.qianwen.com/major/tab?app=index&collegesTab=allColleges&webCompassApp=true&q=%E4%BC%91%E9%97%B2%E4%BD%93%E8%82%B2%E4%B8%93%E4%B8%9A&entry=gaokao_channel&device=pc
武术与民族传统体育,040204K,教育学,体育学类,四年,教育学学士,423192,7900,北京市,销售业务,教育培训,不限,本专业要求学生掌握武术、传统体育养生、民族民间体育的基本理论与基本知识；掌握本专业的技术技能与功法；具有在本专业领域进行教学、训练、指导与管理的基本能力；熟悉国家所制定的与本专业有关的方针、政策与法规；了解本专业的国内外发展动态；能从事武术、传统体育养生及民族民间体育工作。,《民族传统体育概论》、《中国武术史》、《中国文化概论》、《武术理论基础》、《传统养生学》、《中医学基础》、《运动生理学》、《运动解剖学》、《运动心理学》、《专项理论与实践》 部分高校按以下专业方向培养：防卫体育。,小学教师，中学教师，警察，公务员，大学教师，销售代表,https://p.qianwen.com/major/tab?app=index&collegesTab=allColleges&webCompassApp=true&q=%E6%AD%A6%E6%9C%AF%E4%B8%8E%E6%B0%91%E6%97%8F%E4%BC%A0%E7%BB%9F%E4%BD%93%E8%82%B2%E4%B8%93%E4%B8%9A&entry=gaokao_channel&device=pc
电子竞技运动与管理,040210TK,教育学,体育学类,四年,教育学学士,236770,,,,,不限,电子竞技运动与管理主要研究游戏品种研发、IP赛事活动打造、专业战队运营、衍生产品开发、关联产业服务发展等，培养承担电竞产业中的教育培训、赛事组织、企业管理、俱乐部管理等工作的专业复合型人才。例如：组建电子竞技专业战队、筹建电竞职业俱乐部，征战国内外赛场，为国争光。 关键词：电子竞技 管理 游戏研发。,《电子竞技技术》、《电子竞技概论》、《电子竞技裁判》、《赛事组织策划》、《数据分析与战术设计》等。,电竞类企业：竞运动员、教练员、裁判员、职业经理人、赛事策划与执行、俱乐部运营与管理、电竞主持与主播等。,https://p.qianwen.com/major/tab?app=index&collegesTab=allColleges&webCompassApp=true&q=%E7%94%B5%E5%AD%90%E7%AB%9E%E6%8A%80%E8%BF%90%E5%8A%A8%E4%B8%8E%E7%AE%A1%E7%90%86%E4%B8%93%E4%B8%9A&entry=gaokao_channel&device=pc
运动训练,040202K,教育学,体育学类,四年,教育学学士,188711,6600,北京市,销售业务,教育培训,生物,本专业要求学生掌握运动技术学科、运动人体学科、教育心理学科的基本理论、基本知识；掌握一般运动训练和专项运动训练的分析方法和技术；具有从事专项运动训练与教学、竞赛组织与裁判等工作的基本能力；熟悉我国体育工作运动训练、运动竞赛等方面的方针、政策和法规；了解一般运动训练和专项运动训练的发展动态；能够在专业运动队、各类体育院校、普通高等院校运动队、体育传统项目学校、各级体育俱乐部、业余体育学校等单位从事运动训练、教学、科研和管理等工作。,《运动训练学》、《运动解剖学》、《运动技术分析与诊断》、《运动选材学》、《运动营养与恢复》、《运动损伤与治疗》、《运动训练管理学》、《运动心理学》、《运动生理学》、《运动生物力学》。,事业单位人员，大学教师，小学教师，高中教师，初中教师，公务员(区县级及以下机关)，参军，公务员(中央国家机关)，公务员(省级机关)，公务员(地市级机关)，考研,https://p.qianwen.com/major/tab?app=index&collegesTab=allColleges&webCompassApp=true&q=%E8%BF%90%E5%8A%A8%E8%AE%AD%E7%BB%83%E4%B8%93%E4%B8%9A&entry=gaokao_channel&device=pc
运动人体科学,040205,教育学,体育学类,四年,教育学学士,184319,7000,北京市,销售业务,医疗保健,物理 / 生物 / 物理+化学 / 物理+生物 / 物理+化学+生物,本专业要求学生掌握生物科学、临床医学和体育学的基本理论、基本知识；掌握体育保健与康复的工作方法、运动员身体机能诊断与评价；掌握文献检索的基本方法，具有从事运动人体科学教学、研究和实验操作的基本能力；熟悉党和国家体育事业、科学研究、社会发展方针、政策和法规；了解本专业及相关学科的发展动态和理论前沿；能从事运动人体科学、体育保健康复方面的健身指导、治疗、教学、科研及竞技运动科研攻关、服务等工作。,《人体解剖与运动解剖学》、《人体生理与运动生理学》、《生物化学与运动生物化学》、《运动生物力学》、《运动保健学》、《运动康复学》、《医务监督》、《临床医学基础》、《中医养生康复学》、《田径》 部分高校按以下专业方向培养：健康管理。,康复治疗师，事业单位人员，公务员(中央国家机关)，公务员(省级机关)，公务员(地市级机关)，销售代表，初中教师，科研人员，健身/美体/舞蹈教练，大学教师，公务员(区县级及以下机关),https://p.qianwen.com/major/tab?app=index&collegesTab=allColleges&webCompassApp=true&q=%E8%BF%90%E5%8A%A8%E4%BA%BA%E4%BD%93%E7%A7%91%E5%AD%A6%E4%B8%93%E4%B8%9A&entry=gaokao_channel&device=pc
体育旅游,040212TK,教育学,体育学类,四年,教育学学士,76491,,,,,不限,体育旅游以旅游综合服务为基础，以休闲体育项目为特色，主要研究体育旅游行业管理、休闲运动项目技术指导、项目策划与营销、培训与咨询等，培养体育旅游行业具有综合实践能力的高素质应用复合型人才。例如：长城、黄河、五岳等对应的体育旅游产品有登山、漂流、森林徒步等。 关键词：休闲运动　体育旅游　技术指导。,《旅游学概论》、《旅游接待业》、《旅游目的地管理》、《旅游消费者行为》、《体育旅游概论》、《体育活动策划与组织》、《教学方法论》、《专项教学训练理论与实践》。,企事业单位：政府旅游管理部门、相关旅游企业、体育赛事组织与经纪公司、体育休闲度假中心、国家公园、主题公园等。,https://p.qianwen.com/major/tab?app=index&collegesTab=allColleges&webCompassApp=true&q=%E4%BD%93%E8%82%B2%E6%97%85%E6%B8%B8%E4%B8%93%E4%B8%9A&entry=gaokao_channel&device=pc
智能体育工程,040211TK,教育学,体育学类,四年,教育学学士、工学学士,62506,,,,,物理,智能体育工程利用人工智能、虚拟现实、物联网等技术，与体育深度融合，依托运动人体科学、运动训练学研究成果，构建体育大数据，研究体育运动中人类智能活动规律，构造智能化系统，为提高运动员竞技能力、促进大众科学健身提供新的高科技手段。,《运动人体科学导论》、《生物力学》、《生物与运动信息采集》、《体育测量与评价》、《运动训练学》、《生物力学》、《人机工效学》、《数字逻辑与数字系统》、《算法设计与分析》、《数据结构》、《人工智能基础》、《机器学习导论》、《模式识别基础》、《智能信息处理》、《机器视觉》、《动作捕捉与虚拟现实》、《数字体育概论》等。,暂无简介。,https://p.qianwen.com/major/tab?app=index&collegesTab=allColleges&webCompassApp=true&q=%E6%99%BA%E8%83%BD%E4%BD%93%E8%82%B2%E5%B7%A5%E7%A8%8B%E4%B8%93%E4%B8%9A&entry=gaokao_channel&device=pc
体能训练,040208T,教育学,体育学类,四年,教育学学士,50757,,,,,不限,体能训练主要研究体育训练、身体运动功能训练、保健康复等，培养能够从事体能训练、学校体育教学等体能指导工作的一专多能的应用型人才。例如：在奥运会、世锦赛等大型赛事上为运动员提供体能训练指导。 关键词：训练 保健 指导。,《体育学》、《教育学》、《运动解剖学》、《运动生理学》、《运动心理学》、《体能训练原理》、《体能测试与评估》、《肌肉骨骼功能评估与康复》等。,运动队、学校、健身机构：体育教学、体能训练、体能指导。,https://p.qianwen.com/major/tab?app=index&collegesTab=allColleges&webCompassApp=true&q=%E4%BD%93%E8%83%BD%E8%AE%AD%E7%BB%83%E4%B8%93%E4%B8%9A&entry=gaokao_channel&device=pc
冰雪运动,040209T,教育学,体育学类,四年,教育学学士,45009,,,,,不限,冰雪运动专业主要研究冰雪运动教学与指导、冰雪运动损伤防护、冰雪运动产业经营与营销、冰雪场地管理与设备维护等，为国家培养从事冰雪项目的运动员、教练员、体育教师等体育工作者。例如：在冬奥会等大型赛事上，从事冰雪运动竞技、项目裁判及技术官员等工作。 关键词：冰雪运动 运动员 教学。,《冬季运动概论》、《轮滑》、《速度滑冰》、《冰壶》、《单板滑雪》、《冰球》和《冰雪运动伤害防护与急救》等。,运动队、学校：运动员、教练员、体育教师、体育行政管理人员、竞赛组织者等体育工作。,https://p.qianwen.com/major/tab?app=index&collegesTab=allColleges&webCompassApp=true&q=%E5%86%B0%E9%9B%AA%E8%BF%90%E5%8A%A8%E4%B8%93%E4%B8%9A&entry=gaokao_channel&device=pc
运动能力开发,040213T,教育学,体育学类,四年,教育学学士、理学学士,37615,,,,,物理+化学,本专业致力于培养深入了解运动科学知识，能测量和监控不同人群参与运动过程中的表现情况，并为参与体育运动人群提供运动能力提升建议；能向各类人群传播运动科学知识，制定运动处方并指导训练实践；擅长通过数理统计分析运动员比赛和训练中的运动表现并提供改善方案；能胜任大众健身和体育健康机构运动训练指导、体育科研机构学术研究和实践探索、各类职业和社会体育运动团体数据分析及运动表现提升工作的高水平复合型人才。,《运动表现分析概论》、《运动训练监控》、《运动训练学概论》、《生长发育与运动》、《体能训练理论与方法》、《运动技能学习与控制》、《肌动学》等。,暂无简介。,https://p.qianwen.com/major/tab?app=index&collegesTab=allColleges&webCompassApp=true&q=%E8%BF%90%E5%8A%A8%E8%83%BD%E5%8A%9B%E5%BC%80%E5%8F%91%E4%B8%93%E4%B8%9A&entry=gaokao_channel&device=pc
足球运动,040214TK,教育学,体育学类,四年,教育学学士,5733,,,,,,足球运动主要研究运动训练学、足球理论，足球技能战术，足球裁判法等方面，这个专业致力于培养能够在学校，专业运动队、体育俱乐部和社会（体育培训）机构中从事足球教学与训练指导、足球文化推广等实践能力强、综合素质高，发展潜力大的复合应用型人才。不同高校将针对足球细分领域，结合自身特色开设不同核心课程。关键词：体育运动 足球教学与训练指导 足球教学与训练指导 足球文化推广,足球技术，足球战术，运动训练学，体育心理学，运动解剖学，运动生理学，体育概论，体育社会学，裁判法，运动损伤防治,体育俱乐部：足球教练、运动员； 学校：足球教学、训练； 体育机构：足球赛事组织、裁判； 深造：考研或保研，继续体育教育训练学、运动训练等相关专业的学习深造。,https://p.qianwen.com/major/tab?app=index&collegesTab=allColleges&webCompassApp=true&q=%E8%B6%B3%E7%90%83%E8%BF%90%E5%8A%A8%E4%B8%93%E4%B8%9A&entry=gaokao_channel&device=pc
马术运动与管理,040215TK,教育学,体育学类,四年,教育学学士,5610,,,,,,马术运动主要研究体育学、管理学的基本理论知识，具备马业科学管理、休闲骑乘指导、马匹调教、赛马赛事组织与管理、马房管理等实践能力，能胜任马术骑乘指导与服务、马匹调教、马术赛事活动组织与策划、马术俱乐部运营与管理等工作。要求学生们不仅要掌握马术运动的基本技巧，还要深入了解马匹的生理、心理和行为特点，以便更好地与它们建立互信关系。关键词：马术 体育运动,体育概论、体育社会学、运动解剖学、运动生理学、健康教育学、体育心理学、运动选材学、体育科学研究方法马术运动概论、马术安全防范与救护、马房管理、马匹解剖生理学、骑术理论与实践、马场建设与维护、马匹诊断基础、马匹常见疾病防治、马匹护理、马匹营养学、马术(赛马)专业英语、运动训练学、马术市场运作与开发等,马术运动与管理专业的毕业生一般可以在马术俱乐部、育马场、马术学校、省市马术协会、马术类企事业单位等相关部门从事马术运动教学、训练、竞赛、繁育、科研和管理等方面工作。,https://p.qianwen.com/major/tab?app=index&collegesTab=allColleges&webCompassApp=true&q=%E9%A9%AC%E6%9C%AF%E8%BF%90%E5%8A%A8%E4%B8%8E%E7%AE%A1%E7%90%86%E4%B8%93%E4%B8%9A&entry=gaokao_channel&device=pc
体育康养,040216T,教育学,体育学类,四年,教育学学士,5437,,,,,,体育康养主要研究体育在促进生命周期健康中的关键作用，尤其关注老年人群体的健康提升，旨在通过体育的手段改善人的身、心、神并使其不断趋于最佳状态的行为活动，可以起到预防疾病、辅助治疗疾病等作用在课程设置上注重理论与实验的结合，涵盖体育基础理论、运动康复技术、中国养生方法、营养健康指导等内容。关键词：体育运动 中国养生 老年人群 全生命周期,运动解剖学，运动生理学，康复医学，营养学，运动处方，健康评估，体育疗法，康复器械，运动损伤防治，健康管理学,康复机构：运动康复、体育康养； 体育俱乐部：健康指导、运动处方； 医疗机构：康复治疗、健康管理； 深造：考研或保研，继续运动人体科学、康复医学等相关专业的学习深造。,https://p.qianwen.com/major/tab?app=index&collegesTab=allColleges&webCompassApp=true&q=%E4%BD%93%E8%82%B2%E5%BA%B7%E5%85%BB%E4%B8%93%E4%B8%9A&entry=gaokao_channel&device=pc
航空运动,040217TK,教育学,体育学类,四年,教育学学士,122,,,,,,航空运动专业是一个涉及航空运动理论与实践、飞行器操作与维护、赛事组织与管理等多方面知识和技能的专业，包括飞行原理、航空器材使用、运动安全保障等，培养能够从事航空运动教学、训练、赛事组织、器材维护等,空气动力学、航空运动气象学、飞行原理、航空法规、航空运动竞赛组织与管理、航空飞行营地运营与管理、滑翔伞、动力伞、无人机、热气球等,航空运动专业学生毕业后，不仅能够在航空运动俱乐部、赛事运营公司、航空培训机构等从事专业技术与管理工作，还将为推动我国航空运动产业的规范化、专业化发展贡献力量,https://p.qianwen.com/major/tab?app=index&collegesTab=allColleges&webCompassApp=true&q=%E8%88%AA%E7%A9%BA%E8%BF%90%E5%8A%A8%E4%B8%93%E4%B8%9A&entry=gaokao_channel&device=pc
农学,090101,农学,植物生产类,四年,农学学士,817233,5900,北京市,销售业务,农业,物理+化学 / 物理+化学+生物,本专业培养具有坚实的现代生物学基础知识，熟悉作物生长发育、遗传变异和产量品质形成规律，掌握作物育种和良种繁育、农业信息与管理、农业资源开发与利用和作物高产优质与可持续发展的基础理论、基本知识和基本技能，熟练掌握现代生物技术、作物生产技术、农副产品加工技术和农业标准化与质量认证技术，能够适应农作物产业化开发、农业经营与管理、教学与科研等工作的应用型、复合型高级专门人才。,《农业微生物学》、《农业气象学》、《植物生物技术导论》、《农业生态学》、《植物生理与生物化学》、《遗传学》、《植物生理学实验》、《作物栽培与耕作学》、《育种学》、《农业经济管理》 部分高校按以下专业方向培养：功能农业、观光农业、都市型现代农业、农产品加工与营销。,事业单位人员，遗传育种栽培技术人员，土壤肥料技术人员，公务员(中央国家机关)，公务员(省级机关)，助理/秘书/文员，公务员(区县级及以下机关)，考研，科研人员，遗传育种栽培技术人员，销售代表，公务员(地市级机关),https://p.qianwen.com/major/tab?app=index&collegesTab=allColleges&webCompassApp=true&q=%E5%86%9C%E5%AD%A6%E4%B8%93%E4%B8%9A&entry=gaokao_channel&device=pc
园艺,090102,农学,植物生产类,四年,农学学士,547704,5600,北京市,农业/林业/种植,房地产,物理+化学 / 物理+化学+生物,园艺专业是以生物学为基础研究果树、蔬菜、花卉的育种、栽培、生理等理论与技术的学科；本专业培养学生具备坚实的生物科学基础知识，掌握园艺植物生长发育的基本规律和系统基础理论，具有栽培管理、育种良繁、贮藏加工及园艺场所规划设计等本技能；毕业生主要面向科研、农业管理、高新技术产业及其相关部门，从事果树、蔬菜、花卉、设施园艺科学研究、技术推广、生产经营等工作。,《农业微生物学》、《园林设计初步》、《植物生物技术导论》、《土壤学实验》、《微生物学基础》、《农业气象学》、《农业生态学》、《田间技术实验》、《园林工程》、《花卉育种学》 部分高校按以下专业方向培养：蔬菜、观赏园艺、景观园艺、园林规划设计、草坪科学与工程、花卉与景观设计。,事业单位人员，公务员(中央国家机关)，公务员(省级机关)，公务员(地市级机关)，公务员(区县级及以下机关)，林业技术人员，园林/景观设计，考研，遗传育种栽培技术人员，土壤肥料技术人员，科研人员，园艺师,https://p.qianwen.com/major/tab?app=index&collegesTab=allColleges&webCompassApp=true&q=%E5%9B%AD%E8%89%BA%E4%B8%93%E4%B8%9A&entry=gaokao_channel&device=pc
烟草,090108T,农学,植物生产类,四年,农学学士,415573,5700,西南地区,销售业务,农业,物理+化学,烟草专业培养基础扎实、知识面广、能力强、素质高，能适应烟草农业、烟草工业和烟草商业发展的人才；要求学生具备烟草栽培生理、烟草遗传育种、烟草调制加工、烟叶质量检测与管理，及烟草化学、卷烟加工工艺、卷烟配方设计、卷烟营销方面的基本理论、基本知识和基本技能；能胜任烟草生产与加工、卷烟营销、教学、科学研究和技术开发工作，以及与烟草科学相关的应用研究，生产管理和行政管理等工作。,《烟草化学》、《烟草机械学》、《烟草艺术设计》、《烟草育种学》、《烟草栽培学》、《烟叶调制》、《烟叶分级》、《烟草病理》、《烟叶品质分析》、《烟草商品学》 部分高校按以下专业方向培养：现代烟草农业。,土壤肥料技术人员，遗传育种栽培技术人员，事业单位人员，事业单位人员，事业单位人员，化学分析，遗传育种栽培技术人员,https://p.qianwen.com/major/tab?app=index&collegesTab=allColleges&webCompassApp=true&q=%E7%83%9F%E8%8D%89%E4%B8%93%E4%B8%9A&entry=gaokao_channel&device=pc
茶学,090107T,农学,植物生产类,四年,农学学士,284715,6100,西南地区,销售业务,快消,物理+化学,本专业培养具有开阔的国际化视野，掌握较完整的现代生物学知识体系，具备扎实的自然科学、人文社会科学知识和外语综合能力以及良好的专业技能，具有扎实的茶学基础理论知识和熟练的基本技能，能在茶的科技、经济、文化和健康等领域从事行政管理、教学研究，国内外贸易和文化交流等部门从事工作的高层次专业人才；学生主要学习农业生物科学和茶学基本理论、茶树栽培育种、茶叶生物化学、茶叶加工与机械等方面的基础知识，新品种选育、种苗繁育、机械化加工、茶叶审评与品质检验、茶叶经营与销售、茶文化等方面的实验、实践技能，具备该领域教学、研究、开发和管理能力。,《植物生理与生物化学》、《遗传学》、《土壤学》、《农业生态学》、《茶树栽培与育种学》、《茶叶生物化学》、《茶叶机械》、《茶叶加工学》、《茶叶审评与检验》、《经济管理与营销》 部分高校按以下专业方向培养：茶艺茶道、茶文化经济、茶文化与贸易。,公务员(中央国家机关)，事业单位人员，公务员(区县级及以下机关)，遗传育种栽培技术人员，考研，销售代表，助理/秘书/文员，大学教师，中等职业学校教师，销售行政专员/助理，公务员(地市级机关)，公务员(省级机关)，土壤肥料技术人员,https://p.qianwen.com/major/tab?app=index&collegesTab=allColleges&webCompassApp=true&q=%E8%8C%B6%E5%AD%A6%E4%B8%93%E4%B8%9A&entry=gaokao_channel&device=pc
植物保护,090103,农学,植物生产类,四年,农学学士,283908,6200,北京市,销售业务,农业,物理+化学,植物保护专业是以植物学、动物学、微生物学、农业生态学、信息科学为基础，研究有害生物的发生发展规律并提出综合治理技术的学科。本专业主要培养具备植物保护及相关学科的基本理论和基本技能，从事植物保护技术研究、农产品有机安全生产技术应用推广、农用化学品研发及营销、进出口植物的安全生产监控及植物产品的检疫或报检、植物有害生物疫情监测与控制、现代植物保护和植物检疫技术研究等方面工作的复合型、应用性专业人才；要求学生掌握农业科学、植物保护等方面的基础知识、基本理论和技能，具备病、虫、草等有害生物识别鉴定、监测防治及可持续控制等方面的知识和能力。,《农业微生物学》、《植物化学保护》、《农业气象学》、《普通昆虫学》、《植物病理学》、《农药学》、《植物病害流行与预测》、《农药残留分析》、《果蔬保鲜贮运技术》、《农药毒理学》 部分高校按以下专业方向培养：植物医学、农药与农产品安全。,公务员(中央国家机关)，公务员(省级机关)，公务员(地市级机关)，公务员(区县级及以下机关)，事业单位人员，农业销售代表/农产品销售代表，土壤肥料技术人员，考研，销售代表，林业技术人员，初中教师，遗传育种栽培技术人员,https://p.qianwen.com/major/tab?app=index&collegesTab=allColleges&webCompassApp=true&q=%E6%A4%8D%E7%89%A9%E4%BF%9D%E6%8A%A4%E4%B8%93%E4%B8%9A&entry=gaokao_channel&device=pc
应用生物科学,090109T,农学,植物生产类,四年,理学学士、农学学士,272979,4300,华东地区,销售业务,医药,物理+化学,本专业以现代生物技术为核心，培养具备化学和生物学的基本理论和基本技能，可在相关部门和单位从事农产品有害物质分析检测、植物检疫、微生物发酵产品研发、转基因生物风险评估等方面的教学、科研与管理工作的高级科学技术人才；学生主要学习农业有害生物学、应用微生物学和转基因生物管理等方面的基本理论和基本知识，接受植物检疫、农产品有害物质分析检测、转基因生物风险评估、微生物发酵、入侵生物防控等方面的基本训练，具有从事农业有害生物综合防控、微生物发酵产品研发、转基因生物风险评估、农产品质量安全控制等方面工作的基本能力。,《普通微生物学》、《微生物生理学》、《微生物遗传学》、《病毒学》、《真菌学概论》、《食用菌栽培学》、《食用菌分类学》、《食用菌加工技术》、《微生物检验技术》、《微生物发酵工程》 部分高校按以下专业方向培养：菌物科学与技术。,医药技术研发管理人员，医药技术研发管理人员，畜牧师，初中教师，销售代表，咨询顾问/咨询员,https://p.qianwen.com/major/tab?app=index&collegesTab=allColleges&webCompassApp=true&q=%E5%BA%94%E7%94%A8%E7%94%9F%E7%89%A9%E7%A7%91%E5%AD%A6%E4%B8%93%E4%B8%9A&entry=gaokao_channel&device=pc
种子科学与工程,090105,农学,植物生产类,四年,农学学士,254167,4700,华东地区,销售业务,农业,物理+化学 / 物理+化学+生物,本专业以植物遗传育种为基础，研究各类作物种子生产、种子质量控制及提高种子商品性的种子加工包装贮藏等理论与技术；学生在掌握生物科学及植物遗传育种、耕作栽培学的基本知识和理论基础上，接受种子生产、贮藏加工、种子检验、经营管理、成本会计、国际商法等专业知识、技能的学习训练，具备植物育种、种子加工贮藏、种子质量检测、种子营销基本理论和基本技能，能在种子相关部门或单位从事教学与科研、技术与设计、推广与开发、经营与管理等工作。,《细胞工程》、《基因工程》、《生物信息学》、《种子加工储藏学》、《种子生产学》、《种子生物学》、《基础蛋白质组学》、《农业机械化》、《土壤与植物营养》、《种质资源学》。,公务员(中央国家机关)，公务员(省级机关)，公务员(地市级机关)，公务员(区县级及以下机关)，事业单位人员，施工员，会计/会计师，遗传育种栽培技术人员，销售代表，银行会计/柜员，考研,https://p.qianwen.com/major/tab?app=index&collegesTab=allColleges&webCompassApp=true&q=%E7%A7%8D%E5%AD%90%E7%A7%91%E5%AD%A6%E4%B8%8E%E5%B7%A5%E7%A8%8B%E4%B8%93%E4%B8%9A&entry=gaokao_channel&device=pc
植物科学与技术,090104,农学,植物生产类,四年,农学学士,224235,3800,北京市,销售业务,农业,物理+化学,本专业培养学生熟悉国内外本领域学科发展前沿和应用前景、国家科学技术、知识产权、植物生产、生物环境等有关方针、政策和法规；具备深厚的人文底蕴、较强的生态环境保护意识、扎实的生物科学基础知识及有关植物科学与技术的基本理论、基本知识和基本技能；熟练掌握植物生产、植物育种、植物保护、植物开发的方法和技能；具备较强的调查研究与决策、试验设计、组织管理以及应用现代生物技术、信息技术获取知识并创新的能力；能够从事与植物科学相关的科学研究与教学、技术推广与开发、生产经营与管理等高级技术研发工作。,《植物生理学》、《植物生理实验技术》、《基础生物化学》、《细胞生物学》、《普通遗传学》、《土壤肥料学》、《土壤农化分析》、《植物生物技术》、《植物保护学》、《植物育种学》 部分高校按以下专业方向培养：植物栽培与产品加工。,事业单位人员，公务员(中央国家机关)，公务员(省级机关)，公务员(地市级机关)，公务员(区县级及以下机关)，人事信息系统(HRIS)管理，销售代表，考研，遗传育种栽培技术人员，土壤肥料技术人员，生物工程/生物制药，科研人员,https://p.qianwen.com/major/tab?app=index&collegesTab=allColleges&webCompassApp=true&q=%E6%A4%8D%E7%89%A9%E7%A7%91%E5%AD%A6%E4%B8%8E%E6%8A%80%E6%9C%AF%E4%B8%93%E4%B8%9A&entry=gaokao_channel&device=pc
设施农业科学与工程,090106,农学,植物生产类,四年,工学学士、农学学士,208266,5500,北京市,销售业务,农业,物理+化学 / 物理+化学+生物,本专业培养具有坚实的生物学、工程学及环境控制基础，具有系统的设施工程科学和农业科学基础理论、知识和技能，能在设施农业科学与工程及相关部门或单位从事设施管理、设施植物产品生产、设施农业工程设计、建造、科研教学、技术开发、经营管理等工作的应用型复合型高级专门人才；要求学生系统掌握相关基础知识和专业基础知识，熟练掌握一门外语和计算机应用能力；掌握园艺设施的设计与建造、设施环境自动化调控、工厂化农业生产、农业高新技术园区的规划和经营管理，掌握高效、特色作物的优质无公害标准化设施栽培技术；具有创新意识和现代理念，能够胜任设施园艺工程设计、生产技术、经营管理、教学和科研等方面工作。,《植物学》、《土壤肥料学》、《温室建筑力学基础》、《园艺植物栽培原理》、《园艺设施学》、《设施环境工程学》、《温室设计与建造》、《设施园艺作物栽培学》、《园艺植物病理学》、《工程测量》 部分高校按以下专业方向培养：都市园艺。,公务员(中央国家机关)，公务员(省级机关)，公务员(地市级机关)，公务员(区县级及以下机关)，事业单位人员，园艺师，土壤肥料技术人员，考研，施工员，银行会计/柜员，社会工作者，遗传育种栽培技术人员,https://p.qianwen.com/major/tab?app=index&collegesTab=allColleges&webCompassApp=true&q=%E8%AE%BE%E6%96%BD%E5%86%9C%E4%B8%9A%E7%A7%91%E5%AD%A6%E4%B8%8E%E5%B7%A5%E7%A8%8B%E4%B8%93%E4%B8%9A&entry=gaokao_channel&device=pc
农艺教育,090110T,农学,植物生产类,四年,农学学士,129747,6500,华东地区,销售业务,农业,物理+化学,农艺教育专业旨在培养中等职业教育农艺专业课程师资和应用型人才。该专业要求掌握农业生物科学的基本知识和理论，掌握大田作物、园艺作物等高产栽培措施，掌握作物良种繁育、病虫害防治等的基本理论和技能；掌握科学的教育理论和教学方法，教师职业基本技能达标；具有从事现代农业教学、生产、技术开发与推广等工作的能力。,《生物学》、《作物栽培学》、《耕作学》、《作物育种与良种繁育学》、《园艺学》、《生物技术》、《农业经济与管理》、《教育学》、《教育心理学》、《职业教育》。,临床数据分析员，区域销售专员/助理，小学教师，行政专员/助理,https://p.qianwen.com/major/tab?app=index&collegesTab=allColleges&webCompassApp=true&q=%E5%86%9C%E8%89%BA%E6%95%99%E8%82%B2%E4%B8%93%E4%B8%9A&entry=gaokao_channel&device=pc
智慧农业,090112T,农学,植物生产类,四年,农学学士,125446,,,,,物理+化学 / 物理+化学+生物,智慧农业专业致力于培养服务国家和区域农业农村现代化发展战略需求，能将信息技术、生物技术、现代工程装备技术、现代经营管理知识与农学有机融合的高素质创新型复合人才。智慧农业专业有注重跨学院、跨专业的学科深度交叉、着力培养综合型复合型人才以及着眼未来前沿的高精尖特等特点。,《作物生产学》、《作物育种学》、《植物保护学》、《神经网络与深度学习》、《大数据框架与模式》、《Python语言程序设计》、《生物统计学》、《机器学习》等 。,可在国内大型农场、现代涉农企业、政府农业管理部门、现代农业科研部门从事作物精细智能管理、智慧植保方案制定与实施、农业大数据分析与挖掘、农机装备智能管理与应用等方面的工作。,https://p.qianwen.com/major/tab?app=index&collegesTab=allColleges&webCompassApp=true&q=%E6%99%BA%E6%85%A7%E5%86%9C%E4%B8%9A%E4%B8%93%E4%B8%9A&entry=gaokao_channel&device=pc
园艺教育,090111T,农学,植物生产类,四年,农学学士,118803,5700,华东地区,销售业务,教育培训,物理+化学,园艺教育专业是为了培养具有从事综合园艺的教学、生产、经营管理、技术开发与推广等工作的能力的人才而设立的专业。该专业培养具备生物学和园艺学的基本理论、基本知识和基本技能，能在农业、商贸、园林管理等领域和部门从事与园艺科学有关的技术与设计、推广与开发、经营与管理、教学和科研等工作的高级科学技术人才。,《植物学》、《植物生理与生物化学》、《应用概率统计》、《遗传学》、《土壤学》、《农业生态学》、《园艺植物育种学》、《园艺植物栽培学》、《园艺植物病虫害防治学》、《园艺产品贮藏加工及营销学》。,风景园林工程技术人员，园艺技术人员，农艺师，植物保护人员，销售代表,https://p.qianwen.com/major/tab?app=index&collegesTab=allColleges&webCompassApp=true&q=%E5%9B%AD%E8%89%BA%E6%95%99%E8%82%B2%E4%B8%93%E4%B8%9A&entry=gaokao_channel&device=pc
生物农药科学与工程,090115T,农学,植物生产类,四年,农学学士,35698,,,,,物理+化学,旨在培养具备生物农药、绿色农药方面的基本理论、基本知识和基本技能；具有在绿色农药尤其是生物农药领域开展新资源、新产品、新工艺研究、设计与应用能力；能在农药制药、生物制药和植物保护等领域从事科学研究、技术开发、工艺设计、生产管理、科学应用和市场营销的复合型新农科技术人才。,《植物学》《植物生理学》《农药学原理》《生物农药原理》《药物合成反应》《化工原理》《化学制药工程》《生化分离工程》《农药制剂工程》《天然产物化学》《发酵工程》《生物防治》 。,除继续升学深造外，毕业生就业领域较广，其中以农药企业、制药企业、农林植保、精细化工为主要就业去向。,https://p.qianwen.com/major/tab?app=index&collegesTab=allColleges&webCompassApp=true&q=%E7%94%9F%E7%89%A9%E5%86%9C%E8%8D%AF%E7%A7%91%E5%AD%A6%E4%B8%8E%E5%B7%A5%E7%A8%8B%E4%B8%93%E4%B8%9A&entry=gaokao_channel&device=pc
农药化肥,090114T,农学,植物生产类,四年,农学学士,33596,,,,,物理+化学,本专业要求学生掌握作物生产、作物遗传育种、作物种子生产等方面的基本理论、基本知识和基本技能的，具备有创新、创造和创业精神的，能在农业及相关部门或单位，从事与农学有关的技术研究与设计、推广与开发、经营与管理的复合应用型人才。,《农药学》、《植物营养学》、《肥料学》、《作物施肥原理与技术》、《植物病理学》、《昆虫学》、《生物防治学》、《企业管理学》、《环境影响评价》、《绿色农产品生产》、《农药化肥法规》等。,毕业生可从事国内外农药化肥生产、流通企业中技术服务、推广应用、营销管理、产品研发等以及相关领域工作岗位。,https://p.qianwen.com/major/tab?app=index&collegesTab=allColleges&webCompassApp=true&q=%E5%86%9C%E8%8D%AF%E5%8C%96%E8%82%A5%E4%B8%93%E4%B8%9A&entry=gaokao_channel&device=pc
菌物科学与工程,090113T,农学,植物生产类,四年,农学学士,33567,,,,,物理+化学,本专业培养学生具备分析研究食药用菌资源、栽培育种、产品加工和菌物药等理论知识与生产能力，从事菌物开发与利用的生产、管理及科研工作，培养自主学习、自主创新及自主管理等能力的复合型人才。,《蕈菌分类学》、《菌物生物学基础》、《菌物化学》、《菌物资源学》、《菌类作物栽培学》、《菌类产品加工学》、《菌类作物育种菌种学》、《菌类作物病虫害防治》、《菌物生物技术》、《普通微生物学》、《菌类作物机械设备与原理》、《菌物生物信息学》、《菌类产品营销学》等。,毕业生能够在教育、农业、林业、工业等领域的各级政府、院校、科研单位、企事业单位从事菌物学相关（食药用菌栽培与育种、菌类食品加工、菌物药、菌物饲料、菌物肥料等）教学、科研、生产、技术推广开发、经营和管理等工作。,https://p.qianwen.com/major/tab?app=index&collegesTab=allColleges&webCompassApp=true&q=%E8%8F%8C%E7%89%A9%E7%A7%91%E5%AD%A6%E4%B8%8E%E5%B7%A5%E7%A8%8B%E4%B8%93%E4%B8%9A&entry=gaokao_channel&device=pc
生物育种技术,090117TK,农学,植物生产类,四年,农学学士,6899,,,,,,生物育种技术是综合利用遗传学、育种学、细胞生物学、现代生物工程技术等方法原理培育优良生物新品种的技术，是21世纪作物育种的主导技术之一。主要涉及遗传育种、生物学、生产与质量控制、政策法规等理论知识以及现代农作物和动物“育繁推”体系各环节技术与技能。关键词：基因遗传 生物学 育种,遗传学，育种学，分子生物学，细胞生物学，生物化学，植物生理学，动物生理学，生物技术，生物统计，专业英语,农业企业：育种研发、品种推广； 科研院所：育种技术研究、种质资源保护； 种业公司：种子生产、质量控制； 深造：考研或保研，继续作物学、遗传学等相关专业的学习深造。,https://p.qianwen.com/major/tab?app=index&collegesTab=allColleges&webCompassApp=true&q=%E7%94%9F%E7%89%A9%E8%82%B2%E7%A7%8D%E6%8A%80%E6%9C%AF%E4%B8%93%E4%B8%9A&entry=gaokao_channel&device=pc
生物育种科学,090116TK,农学,植物生产类,四年,理学学士,4078,,,,,,生物育种科学专业以国家农业和现代种业发展对人才的需求为导向，围绕新农科建设的基本要求，着力夯实动植物种质资源创新、数字化育种、基因编辑等现代育种理论基础与前沿技术，致力于培养现代种业及相关领域富有创新精神与创造能力的卓越人才。,《生物化学》、《遗传学》、《分子生物学》、《生物信息学》、《生物统计》、《植物生理学》、《植物田间技术》、《植物育种原理》、《种子学》等。,生物育种科学专业学生毕业后可以到工业、医药、食品等行业的企业、事业和行政管理部门从事与生物育种有关的应用研究、技术开发、生产管理和行政管理等方面的工作；还可以选择在高等院校和科研所从事教学和研究工作。,https://p.qianwen.com/major/tab?app=index&collegesTab=allColleges&webCompassApp=true&q=%E7%94%9F%E7%89%A9%E8%82%B2%E7%A7%8D%E7%A7%91%E5%AD%A6%E4%B8%93%E4%B8%9A&entry=gaokao_channel&device=pc
动物医学,090401,农学,动物医学类,四-五年,农学学士,963950,6100,北京市,畜牧/渔业/饲料,农业,物理 / 物理+化学 / 物理+化学+生物,本专业培养德、智、体、美全面发展，具备小动物疾病防治、牧场兽医、兽医公共卫生、兽医医学等方面的基本理论、基本知识和基本技能，能在兽医业务部门、各级政府机关和行政事业单位、动物生产单位等从事兽医临床、防疫检疫、教学、科研、生产经营、行政管理、产品开发营销、机关公务员等方面工作的高素质创新型应用技术人才和创新型拔尖人才。要求学生通过学习基础兽医学、预防兽医学和临床兽医学的基本理论和基本知识，了解动物机体正常和异常结构及功能，掌握疾病预防、诊断、治疗的基本技术，掌握动物保健、临床诊疗、动物防疫检疫和兽医公共卫生管理方面的基本知识。,《兽医临床诊断学》、《动物解剖学》、《兽医病理学诊断技术》、《兽医影像学》、《动物学基础》、《动物检疫学》、《兽医药理学》、《兽医外科手术学》、《兽医内科学》、《小动物疾病学》 部分高校按以下专业方向培养：宠物医学、动物检疫、小动物医学。,兽医，事业单位人员，公务员(中央国家机关)，公务员(省级机关)，科研人员，公务员(区县级及以下机关)，考研，销售代表，动物育种/养殖，公务员(地市级机关),https://p.qianwen.com/major/tab?app=index&collegesTab=allColleges&webCompassApp=true&q=%E5%8A%A8%E7%89%A9%E5%8C%BB%E5%AD%A6%E4%B8%93%E4%B8%9A&entry=gaokao_channel&device=pc
动物药学,090402,农学,动物医学类,四-五年,农学学士,212960,5500,北京市,销售业务,医药,物理+化学,本专业是以动物药学基本理论为核心内容，对动物药品配方、生产开发、药物与毒素残留检测、动物性食品安全、动物药品营销及药政管理等动物药品相关知识和技能进行研究的动物医、药学的交叉专业。它的基本任务是研究与基础兽医学相关的药理学与毒理学方面的相关内容，有效地研制、开发、检验、销售与生产兽药。,《动物药理学》、《药物化学》、《药物制剂学》、《药物分析》、《兽医生物制品学》、《动物生理学》、《兽医微生物学》、《动物免疫学》、《动物毒理学》、《制药工艺学》 部分高校按以下专业方向培养：中兽医药。,销售代表，销售代表，动物营养/饲料研发，兽医，动物育种/养殖，医药代表，初中教师，高中教师,https://p.qianwen.com/major/tab?app=index&collegesTab=allColleges&webCompassApp=true&q=%E5%8A%A8%E7%89%A9%E8%8D%AF%E5%AD%A6%E4%B8%93%E4%B8%9A&entry=gaokao_channel&device=pc
动植物检疫,090403T,农学,动物医学类,四年,理学学士、农学学士,130392,5900,华中地区,销售业务,农业,物理+化学 / 物理+化学+生物,本专业培养具备动植物检验检疫方面的基本理论、基本知识和基本技能，能在国家各级检验检疫部门、动植物产品卫生安全与监督机构、农畜产品生产销售企业及进出口管理部门从事动植物病虫害检验检疫及防治、农畜产品及食品卫生安全检测、动植物保护等方面的技术、管理、教学与推广的高级科学技术人才；要求学生掌握动植物有害生物的化验、检测、病虫害防治的基本知识； 掌握有害生物的鉴定、识别、监测和控制等方面的方法和技能； 熟悉国家关于动植物防疫检疫、动植物进出口检疫、农畜产品卫生安全流通等方面的方针、政策和法规； 了解动植物检验检疫理论与技术最新发展动态，了解相近专业的一般原理和知识。,《有机化学》、《分析化学》、《农药学基础》、《组织切片技术》、《植物生理学》、《植物病理学》、《动物病理学》、《动物卫生检验学》、《植物检验检疫》、《食品卫生检验技术》 部分高校按以下专业方向培养：动物检疫、植物检疫。,事业单位人员，公务员(中央国家机关)，公务员(省级机关)，公务员(地市级机关)，公务员(区县级及以下机关)，高中教师，保险内勤，科研人员，初中教师，行政执法人员，考研,https://p.qianwen.com/major/tab?app=index&collegesTab=allColleges&webCompassApp=true&q=%E5%8A%A8%E6%A4%8D%E7%89%A9%E6%A3%80%E7%96%AB%E4%B8%93%E4%B8%9A&entry=gaokao_channel&device=pc
中兽医学,090405T,农学,动物医学类,四年,农学学士,102321,,,,,物理+化学,培养具有强烈社会责任感、深厚人文底蕴、宽广国际视野，具备良好的职业道德和敬业精神，掌握扎实的现代动物医学及传统兽医学理论、知识和技能，富有创新创业精神和实践能力的高素质中西兽医结合的复合应用型人才。例如：中兽医诊断、开具中药及方剂。 关键词：中医 兽医 动物医学 。,《中兽医基础理论》《中药及方剂、针灸》《中兽医内科学》《中兽医外科及与产科学》等 。,在兽医业务部门、动物生产单位及相关部门从事中西兽医诊疗、动物防疫检疫、动物产品安全和中国传统兽医学研究与应用等工作。,https://p.qianwen.com/major/tab?app=index&collegesTab=allColleges&webCompassApp=true&q=%E4%B8%AD%E5%85%BD%E5%8C%BB%E5%AD%A6%E4%B8%93%E4%B8%9A&entry=gaokao_channel&device=pc
实验动物学,090404T,农学,动物医学类,四年,农学学士,57460,,,,,物理+化学,培养具有动物科学方面的基本理论、基本知识和基本技能，能在实验动物科学相关的领域从事技术与设计、经营与管理、推广与应用等工作，并具有创新精神和实践能力的复合型科学技术人才。例如：生物统计管理实验室 关键词：实验 动物 研究 。,《动物生物化学》《动物生理学》《动物营养学》《动物遗传学》等 。,实验动物科学相关领域：技术与设计、经营与管理、推广与应用等 。,https://p.qianwen.com/major/tab?app=index&collegesTab=allColleges&webCompassApp=true&q=%E5%AE%9E%E9%AA%8C%E5%8A%A8%E7%89%A9%E5%AD%A6%E4%B8%93%E4%B8%9A&entry=gaokao_channel&device=pc
兽医公共卫生,090406TK,农学,动物医学类,五年,农学学士,39942,,,,,物理+化学,面向国民经济和社会发展需求，培养具有坚定正确的政治方向，具有良好的思想品德修养、职业道德和科学素养，具有一定的人文素质和理学素质，具有较好的审辨思维能力和创新创业意识，具有较强的沟通表达和团队合作精神，具有全球化视野，积极为新农科和社会主义现代化建设服务，能够胜任解决人兽共患病防控、动物源食品安全监测、生物安全管理、动物福利保护和动物源细菌耐药性控制等兽医公共卫生学复杂问题的高水平应用型、复合型人才。,《兽医公共卫生学》《卫生统计学》《兽医信息学》《兽医流行病学》《动物福利与伦理》《环境兽医学》《人兽共患病学》《动物疫病生态学》《动物源性食品安全》《动物源性细菌耐药性》《实验动物与比较医学》《兽医生物安全》 。,毕业生可进入国内外知名高校和科研单位继续深造，或进入国家机关、事业单位从事兽医公共卫生管理、动物流行病学调查与溯源、进出境动物检验检疫、兽医公共卫生教学科研等领域的工作。,https://p.qianwen.com/major/tab?app=index&collegesTab=allColleges&webCompassApp=true&q=%E5%85%BD%E5%8C%BB%E5%85%AC%E5%85%B1%E5%8D%AB%E7%94%9F%E4%B8%93%E4%B8%9A&entry=gaokao_channel&device=pc
园林,090502,农学,林学类,四年,农学学士,497724,5600,西南地区,建筑设计/规划,房地产,生物 / 物理+生物 / 生物+历史 / 化学+生物 / 物理+化学+生物,本专业主要培养从事园林植物繁育、养护管理与应用，城乡各类园林绿地的规划与设计，园林施工组织与管理等方面的高级复合型科学技术人才；本专业学生可获得生态学、园林植物、园林规划设计、园林建筑工程等领域的基本理论和基础知识；受到园林植物认知方法、栽培养护技术、育种技术、种植设计方法、插花技法、绘画技法、制图方法、园林规划设计表现技法等方面的综合训练；具有园林植物的繁殖、栽培、养护、管理及应用的基本能力；具有运用生态学理论、植物学理论、艺术理论及设计理论进行规划设计艺术创作及表达的基本能力；具有城市园林绿化施工与组织管理方面的基本能力。,《构成设计》、《园林生态学》、《园林植物配置与造景》、《地理信息系统原理》、《园林规划设计》、《园林工程》、《园林美术》、《园林建筑设计》、《农业气象学》、《园林植物栽培与养护》 部分高校按以下专业方向培养：城市绿化、风景园林、观赏园艺、园林规划、植物景观、景观规划设计。,园林/景观设计，事业单位人员，公务员(中央国家机关)，公务员(省级机关)，公务员(地市级机关)，CAD设计/制图，施工员，考研，林业技术人员，工程造价/预结算，公务员(区县级及以下机关),https://p.qianwen.com/major/tab?app=index&collegesTab=allColleges&webCompassApp=true&q=%E5%9B%AD%E6%9E%97%E4%B8%93%E4%B8%9A&entry=gaokao_channel&device=pc
森林保护,090503,农学,林学类,四年,农学学士,426251,5700,西南地区,销售业务,房地产,物理+化学,森林保护主要研究生物学、地理学、林学、管理学等方面的基本知识和技能，进行森林资源保护、森林资源调查与管理、森林灾害防治等。例如：森林动植物情况的调查与管理，珍稀树木、野生动物等森林资源的保护，林木等森林资源耗量的控制，虫蛀、火灾等森林灾害的防治等。 关键词：森林 资源 保护 防火。,《植物学》、《土壤学》、《森林生态学》、《森林培育学》、《普通植物病理学》、《普通昆虫学》、《树木病理学》、《农药学》、《野生动植物资源管理》、《森林防火》 部分高校按以下专业方向培养：有害生物防控。,政府、事业类单位：森林资源调查、森林资源资产评估、森林资源保护、森林灾害防治、森林管理、自然保护区管理。,https://p.qianwen.com/major/tab?app=index&collegesTab=allColleges&webCompassApp=true&q=%E6%A3%AE%E6%9E%97%E4%BF%9D%E6%8A%A4%E4%B8%93%E4%B8%9A&entry=gaokao_channel&device=pc
林学,090501,农学,林学类,四年,农学学士,291603,5800,北京市,销售业务,农业,物理+化学,本专业培养具备森林培育、森林经理、林木遗传育种、野生植物资源开发利用等方面的理论知识和技术，从事林木良种选育、森林培育（包括经济林栽培）、森林资源经营管理、森林资源保护及开发利用、自然保护区与森林公园经营管理、城市绿地规划与设计、生态环境建设等方面的高级科学技术人才与管理人才。,《森林生态学》、《林木育种学》、《林业遥感与地理信息系统》、《森林抽样调查技术》、《森林经理学》、《森林经营技术》、《野生动物保护与管理》、《资源昆虫》、《土壤理化分析》、《经济林学》 部分高校按以下专业方向培养：经济林、城市林业、都市林业、森林防火、森林资源数字化管理。,林业技术人员，事业单位人员，公务员(中央国家机关)，公务员(省级机关)，公务员(地市级机关)，销售代表，考研，科研人员，园林/景观设计，人力资源专员/助理，公务员(区县级及以下机关),https://p.qianwen.com/major/tab?app=index&collegesTab=allColleges&webCompassApp=true&q=%E6%9E%97%E5%AD%A6%E4%B8%93%E4%B8%9A&entry=gaokao_channel&device=pc
经济林,090504T,农学,林学类,四年,农学学士,33611,,,,,物理+化学,培养从事经济林良种选育、经济林机械与智能化栽培管理、林下资源开发利用、经济林基地规划设计、经济林产品贮藏加工、经济林产品营销等方面工作的高级复合型专业技术人才。例如：板栗、枣、蓝莓、榛子、核桃、仁用杏、油橄榄等 关键词 经济林 林业资源 林产品 。,《气象学》《植物学》《植物生理学》《土壤学》《树木学》《森林生态学》等 。,在林业相关的企事业单位、研究所、林场、林木种子公司等 。,https://p.qianwen.com/major/tab?app=index&collegesTab=allColleges&webCompassApp=true&q=%E7%BB%8F%E6%B5%8E%E6%9E%97%E4%B8%93%E4%B8%9A&entry=gaokao_channel&device=pc
智慧林业,090505T,农学,林学类,四年,农学学士,3598,,,,,,智慧林业是充分利用云计算、物联网、大数据、移动互联网等新一代信息技术，通过感知化、物联化、智能化的手段，形成林业立体感知、管理协同高效、生态价值凸显、服务内外一体的林业发展新模式。本专业旨在将云计算、物联网、大数据、移动互联网、虚拟现实和3S北斗导航等技术融入林业人才的培养，构建智慧林业知识结构新体系，探索一条学科交叉融合的现代林业人才培养新模式。,《森林精准培育与经营》、《森林病虫害防治学》、《林火智能监测与预警》、《森林环境感知技术》、《森林资源监测与智慧决策》、《林业遥感》、《数据库应用技术》、《计算智能》、《物联网技术》、《地理信息系统原理与应用》、《人工智能》、《林业智能装备》等。,毕业生可在企业事业单位从事现代林业智慧育种、森林精准培育、森林资源监测与智能化决策、森林健康及质量监测、生态环境保护与综合治理、数字化城市绿地管理等工作；也可到林业、生物信息及软件公司等从事与智慧林业相关的应用研究、技术开发、生产及管理等工作。,https://p.qianwen.com/major/tab?app=index&collegesTab=allColleges&webCompassApp=true&q=%E6%99%BA%E6%85%A7%E6%9E%97%E4%B8%9A%E4%B8%93%E4%B8%9A&entry=gaokao_channel&device=pc
动物科学,090301,农学,动物生产类,四年,农学学士,464902,6300,北京市,销售业务,农业,物理+化学 / 物理+化学+生物,本专业培养具备动物科学方面的基本理论、基本知识和基本技能，能在畜牧业及其它相关领域和部门从事与畜禽养殖有关的技术与设计、推广与开发、经营与管理、教学与科研等工作的高级科学技术人才；通过学习，要求学生掌握牧场设计、动物生产与管理、动物遗传育种与繁殖、动物营养与饲料配合、畜产品加工等方面的基本理论和基本知识，受到饲料分析与检测、畜禽产品分析与检测和生产实践等方面的基本训练，具有从事动物育种、繁殖、生产与管理的基本能力。,《畜牧业经济管理》、《动物学基础》、《生物信息学》、《动物组织学与胚胎学》、《动物遗传学》、《动物解剖及组织胚胎学》、《动物性食品卫生学》、《动物繁殖学》、《动物生产学》、《动物微生物学》 部分高校按以下专业方向培养：食品科学、设施畜牧业、饲料科学与工程、动物营养与食品安全、动物营养与饲料科学。,事业单位人员，公务员(中央国家机关)，公务员(省级机关)，公务员(地市级机关)，公务员(区县级及以下机关)，兽医，动物育种/养殖，考研，畜牧师，销售代表，动物营养/饲料研发,https://p.qianwen.com/major/tab?app=index&collegesTab=allColleges&webCompassApp=true&q=%E5%8A%A8%E7%89%A9%E7%A7%91%E5%AD%A6%E4%B8%93%E4%B8%9A&entry=gaokao_channel&device=pc
蚕学,090302T,农学,动物生产类,四年,农学学士,132651,6500,华东地区,销售业务,医药,物理+化学,专业培养具有坚实的生物科学基础，具备蚕业生产与经营管理等方面的基本理论、基本知识和技能，能在蚕业及其相关部门从事蚕业生产、教学科研、技术开发、蚕业企业经营管理、茧丝绸商品贸易等工作的应用型、复合型高级专门人才。本专业学生主要学习生物科学和蚕业科学方面的基本理论和基本知识。学生将受到现代蚕业生产技术、资源开发利用及生物技术等方面的基本训练，具备现代蚕业及农业生产经营管理、科技推广等方面的基本能力。,《蚕病学》、《蚕种学》、《养蚕学》、《蚕体解剖生理学》、《细胞生物学》、《动物生物学》、《昆虫学》、《昆虫生物化学》、《桑树保护学》、《桑栽培与育种学》。,高中教师，采购专员/助理,https://p.qianwen.com/major/tab?app=index&collegesTab=allColleges&webCompassApp=true&q=%E8%9A%95%E5%AD%A6%E4%B8%93%E4%B8%9A&entry=gaokao_channel&device=pc
蜂学,090303T,农学,动物生产类,四年,农学学士,102817,6400,华东地区,销售业务,快消,物理+化学,蜂学专业学生主要学习养蜂生产与管理、蜜蜂遗传育种、蜂病防治、蜂产品加工、蜂产品贸易的基本理论与知识，接受与蜂学相关的实验、设计、调查、分析、评估等方面的基本训练，要求应具有养蜂、蜂产品加工和蜂产品贸易等方面的基本技能。,《蜜蜂饲养管理学》、《蜜蜂育种学》、《蜜蜂保护学》、《蜜蜂机具学》、《蜜粉源植物学》、《蜂产品加工学》、《蜜蜂生物学》、《蜜蜂生理学》、《蜜蜂授粉学》、《蜂学制图学》。,土壤肥料技术人员，遗传育种栽培技术人员,https://p.qianwen.com/major/tab?app=index&collegesTab=allColleges&webCompassApp=true&q=%E8%9C%82%E5%AD%A6%E4%B8%93%E4%B8%9A&entry=gaokao_channel&device=pc
马业科学,090305T,农学,动物生产类,四年,农学学士,60761,,,,,物理+化学,培养学生具有良好的科学文化素养，具备马属动物遗传育种与繁殖、营养、医学及马术等方面的基本理论和操作技能，能在马业科学及相关领域从事马属动物育种繁殖、饲养管理、营养调配，马的调教、饲料生产、疾病防治，马用具用品生产、马场设施建造、马术运动与管理、赛事组织与运营等业务与技术工作。例如：马术骑士俱乐部运营管理 关键词 马术 马属动物 赛事 。,《马生理解剖与组织胚胎学》《马遗传育种学》《马繁殖学》《马的营养与饲料》《马房管理》等 。,在马业相关的企业、俱乐部、马术培训、协会组织、新闻媒体、中国马业协会等国家级协会组织工作 。,https://p.qianwen.com/major/tab?app=index&collegesTab=allColleges&webCompassApp=true&q=%E9%A9%AC%E4%B8%9A%E7%A7%91%E5%AD%A6%E4%B8%93%E4%B8%9A&entry=gaokao_channel&device=pc
经济动物学,090304T,农学,动物生产类,四年,农学学士,59193,,,,,物理+化学,培养了解经济动物生物学特性、繁殖与育种、营养与饲料、饲养管理、产品初加工以及疾病防治等方面知识和技术的人才。例如哺乳类、特禽生产 等方面专业人才 关键词：动物 繁殖 饲养 。,《特种经济动物营养》《特种经济动物繁育》《特种经济动物产品开发利用》《动物生理学与生物化学》《动物营养与动物繁殖》 等 。,在医药卫生、动物检疫、外贸、质量检验检疫局、动物园、科研院所、学校、养殖企业从事经济动物生产与产品开发的教学、科研和管理工作。,https://p.qianwen.com/major/tab?app=index&collegesTab=allColleges&webCompassApp=true&q=%E7%BB%8F%E6%B5%8E%E5%8A%A8%E7%89%A9%E5%AD%A6%E4%B8%93%E4%B8%9A&entry=gaokao_channel&device=pc
饲料工程,090306T,农学,动物生产类,四年,工学学士、农学学士,36985,,,,,物理+化学,适应新时代全球发展、紧扣国家发展战略，培养能够适应社会发展需求，具备饲料科学与工程、营养学、管理学等多学科宽厚基础理论知识，富有创新思维、创造能力、创业精神和工程实践能力等核心素养，具有家国情怀和全球视野，在饲料工业及相关领域从事科学研究、技术开发、工程设计、生产管理、品质控制及教育教学等工作的具备终身学习能力的“三创型”复合型高级工程技术人才。,《饲料加工工艺与设备》《饲料资源开发与利用》《现代饲料加工技术》《动物营养学》《饲料产品质量控制》《饲料学发酵工程》《输送机械》《机械设计基础》《饲料厂设计原理》《通风与气力输送》 。,设备管理工程师、饲料工艺设计师、饲料厂建设项目管理工程师、饲料工艺设备研发工程师、饲料设备和工程服务工程师、国际国内销售工程师等岗位。,https://p.qianwen.com/major/tab?app=index&collegesTab=allColleges&webCompassApp=true&q=%E9%A5%B2%E6%96%99%E5%B7%A5%E7%A8%8B%E4%B8%93%E4%B8%9A&entry=gaokao_channel&device=pc
智慧牧业科学与工程,090307T,农学,动物生产类,四年,农学学士,25556,,,,,物理+化学,本专业培养学生掌握软件工程和人工智能相关知识，具备应用智慧牧业软件开发能力和嵌入式应用系统开发能力，具有较强学习能力与创新能力，能从事智慧牧业工程系统的规划、设计、开发、部署、运行或维护等方面工作的高素质应用型专门人才。,《农业工程》《环境科学与工程》《动物行为与福利学》《畜牧大数据采集与分析》《智慧牧场设计》《智慧牧场管理》《智慧牧场环境监测》《动物生产学》《智能畜牧机械》《畜禽精准饲养技术》《畜禽废弃物处理技术》 。,面向软件开发+人工智能+畜牧行业领域从事智慧牧业系统的规划设计、技术研发，系统集成、运行、维护和管理等工作。,https://p.qianwen.com/major/tab?app=index&collegesTab=allColleges&webCompassApp=true&q=%E6%99%BA%E6%85%A7%E7%89%A7%E4%B8%9A%E7%A7%91%E5%AD%A6%E4%B8%8E%E5%B7%A5%E7%A8%8B%E4%B8%93%E4%B8%9A&entry=gaokao_channel&device=pc
野生动物与自然保护区管理,090202,农学,自然保护与环境生态类,四年,农学学士,256614,4800,东北地区,销售业务,农业,物理+化学 / 物理+化学+生物,本专业培养具备野生动物繁育、驯养、检疫、疾病防治和自然保护区规划设计、管理等方面的知识，能在野生动物科研院所、国家海关和边境口岸、工商、自然保护区、动物园等部门或单位从事野生动物保护、利用、检疫和自然保护区资源管理的高级科学技术人才；学生主要学习保护生物学、野生动植物保护与利用、动物遗传育种与繁殖、预防兽医学、自然保护区资源管理方面的基本理论和基本知识， 受到显微制片技术、动物解剖、生物化学分析、饲料营养成分分析、自然保护区规划、动植物检疫方面的基本训练，具有野生动物资源调查与评价、野生动物产品鉴 定与开发利用、经营管理的基本能力。,《动物遗传育种学》、《淡水养殖》、《动物繁殖学》、《动物普通病学》、《动物微生物学》、《解剖与组织胚胎学》、《毛皮动物饲养学》、《配合饲料生产学》、《野生动物管理学》、《野生动物生态学》 部分高校按以下专业方向培养：经济动物。,电话销售，事业单位人员，公务员(中央国家机关)，公务员(省级机关)，公务员(地市级机关)，证券/期货/外汇经纪人，销售代表，考研，饲料销售，培训师/讲师，公务员(区县级及以下机关),https://p.qianwen.com/major/tab?app=index&collegesTab=allColleges&webCompassApp=true&q=%E9%87%8E%E7%94%9F%E5%8A%A8%E7%89%A9%E4%B8%8E%E8%87%AA%E7%84%B6%E4%BF%9D%E6%8A%A4%E5%8C%BA%E7%AE%A1%E7%90%86%E4%B8%93%E4%B8%9A&entry=gaokao_channel&device=pc
农业资源与环境,090201,农学,自然保护与环境生态类,四年,农学学士,225841,5500,北京市,销售业务,农业,物理+化学,本专业培养农业可持续发展及生态环境保护等领域的专门人才，要求学生系统掌握农业资源与环境的规划与管理、农业环境保护、特色生物质资源深度开发利用等的基本理论和基本技能，具备环境质量评价及环境监控的先进技能，掌握农业环境污染治理及生态修复的技术方法，能够在农业资源与环境相关部门和单位从事资源合理利用与可持续发展、生态环境保护与规划管理、生态环境建设、环境规划设计等方面的教学、科研、管理等相关工作。,《地理信息系统原理》、《微生物学基础》、《农业气象学》、《计算机与数据处理》、《土壤与农化分析》、《地质与地貌学》、《肥料加工工艺》、《植物营养学》、《农产品品质分析与安全》、《农业废弃物综合利用》。,事业单位人员，公务员(中央国家机关)，公务员(省级机关)，公务员(地市级机关)，公务员(区县级及以下机关)，农业销售代表/农产品销售代表，遗传育种栽培技术人员，土壤肥料技术人员，考研，科研人员，环境监测工程师，土壤肥料技术人员,https://p.qianwen.com/major/tab?app=index&collegesTab=allColleges&webCompassApp=true&q=%E5%86%9C%E4%B8%9A%E8%B5%84%E6%BA%90%E4%B8%8E%E7%8E%AF%E5%A2%83%E4%B8%93%E4%B8%9A&entry=gaokao_channel&device=pc
水土保持与荒漠化防治,090203,农学,自然保护与环境生态类,四年,农学学士,191381,5600,北京市,销售业务,房地产,物理+化学,本专业毕业生具备生物学、生态学、森林及草场培育学、环境科学与工程、水利工程等方面的知识。主要学习生物学、生态学、地学、森林及草场培育学、环境科学及工程、水利工程等方面的基本理论和基本知识，受到水土保持与荒漠化防治、生物措施、工程措施的规划、设计、施工、管理的基本训练，具有水土流失与荒漠化的监测、防治及森林生态环境建设等方面的基本能力。,《生态学》、《森林环境学》、《土壤学与地质基础》、《土壤侵蚀原理》、《生态环境建设规划》、《沙漠化原理》、《水力学》、《水文学及水资源》、《环境地理学》、《荒漠化监测》。,事业单位人员，公务员(中央国家机关)，公务员(省级机关)，公务员(地市级机关)，公务员(区县级及以下机关)，大学教师，考研，行政专员/助理，环境评价工程师，土木/土建/结构工程师，生态治理/规划,https://p.qianwen.com/major/tab?app=index&collegesTab=allColleges&webCompassApp=true&q=%E6%B0%B4%E5%9C%9F%E4%BF%9D%E6%8C%81%E4%B8%8E%E8%8D%92%E6%BC%A0%E5%8C%96%E9%98%B2%E6%B2%BB%E4%B8%93%E4%B8%9A&entry=gaokao_channel&device=pc
生物质科学与工程,090204T,农学,自然保护与环境生态类,四年,农学学士,49627,,,,,,培养既具备化学、化工、生物、材料等方面扎实的基础，又具备生物质转化与利用基础知识和工程能力的，面向未来、服务现代化发展的高素质拔尖创新人才和行业领军人才。,《无机化学与化学分析》、《植物组织培养技术》、《有机化学》、《生物化学》、《化工原理》、《生化工程》、《微生物学》、《细胞生物学》、《遗传学》、《分子生物学》、《基因工程》、《细胞工程》、《蛋白质工程》、《微生物工程》、《生物工程下游技术》、《发酵工程设备》、《概率论与数理统计》、《动物生理学》、《生态学》等。,既可以在生物质材料、生物质化学品、生物质能源等新兴产业领域，从事科学研究、产品开发、生产管理等工作，也可以在轻工、化工、生物工程、食品、制药等行业从事技术创新、工程设计和管理等工作。,https://p.qianwen.com/major/tab?app=index&collegesTab=allColleges&webCompassApp=true&q=%E7%94%9F%E7%89%A9%E8%B4%A8%E7%A7%91%E5%AD%A6%E4%B8%8E%E5%B7%A5%E7%A8%8B%E4%B8%93%E4%B8%9A&entry=gaokao_channel&device=pc
土地科学与技术,090205T,农学,自然保护与环境生态类,四年,农学学士,41446,,,,,,本专业培养具备拥有宽厚的地学基础理论，掌握现代信息技术及工程技术，具备从国家到区域的土地资源利用及管理科学理论、土地信息及工程技术创新与应用能力的高级专门人才。,《农业资源与环境》《土地资源学》《土地资源调查与评价》《土地管理学》《国土空间规划》《土地资源监测技术》《土地信息建模与智能分析》《水土资源利用与管理》《土地整治工程》 。,毕业生可以从事土地资源调查与评价、土地整理、土地利用规划、地籍测量、地籍管理、土地及房地产价格评估、土地信息系统开发与应用及房地产开发经营等方面的技术和行政管理工作。,https://p.qianwen.com/major/tab?app=index&collegesTab=allColleges&webCompassApp=true&q=%E5%9C%9F%E5%9C%B0%E7%A7%91%E5%AD%A6%E4%B8%8E%E6%8A%80%E6%9C%AF%E4%B8%93%E4%B8%9A&entry=gaokao_channel&device=pc
国家公园建设与管理,090207TK,农学,自然保护与环境生态类,四年,农学学士、管理学学士,11153,,,,,,国家公园建设与管理主要研究生态学、管理学等方面的基本理论和知识，进行国家公园的规划、建设和管理。例如：国家公园的总体规划，生态保护的实施，旅游资源的开发与管理等。该专业在生态保护、旅游发展等领域有重要应用，是生态文明建设的重要支撑。,生态学基础，自然保护区管理，国家公园学，环境监测，生态保护，旅游管理，资源管理学，环境法规，景观规划，野生动植物保护,国家公园、自然保护区：管理、保护、教育； 环保部门：生态保护、环境管理； 旅游企业：生态旅游、规划开发； 深造：考研或保研，继续生态学、环境科学等相关专业的学习深造。,https://p.qianwen.com/major/tab?app=index&collegesTab=allColleges&webCompassApp=true&q=%E5%9B%BD%E5%AE%B6%E5%85%AC%E5%9B%AD%E5%BB%BA%E8%AE%BE%E4%B8%8E%E7%AE%A1%E7%90%86%E4%B8%93%E4%B8%9A&entry=gaokao_channel&device=pc
生态修复学,090208TK,农学,自然保护与环境生态类,四年,农学学士,4082,,,,,,生态修复学专业主要研究生态修复原理、退化土地生态修复、水生态保护与修复、植被与大气环境治理、自然资源管理学、流域管理学等专业基础知识，主要培养培养能够在农业、林草、湿地、环境、生态等生态修复领域从事研究、规划设计、开发、管理工作的复合型人才。关键词：生态修复 农业 林草 湿地 环境,生态学，环境科学，生态工程，土壤学，植物学，动物学，生态监测，恢复生态学，环境法规，生态规划,环保部门：生态保护、环境治理； 生态修复企业：修复工程、技术实施； 科研院所：生态修复研究、技术开发； 深造：考研或保研，继续生态学、环境科学与工程等相关专业的学习深造。,https://p.qianwen.com/major/tab?app=index&collegesTab=allColleges&webCompassApp=true&q=%E7%94%9F%E6%80%81%E4%BF%AE%E5%A4%8D%E5%AD%A6%E4%B8%93%E4%B8%9A&entry=gaokao_channel&device=pc
湿地保护与恢复,090206T,农学,自然保护与环境生态类,四年,农学学士,2559,,,,,,湿地保护与恢复专业将为履行《国际湿地公约》、落实湿地保护修复制度培养专门人才，填补了我国在这领域的人才培养空白。开设“湿地保护与恢复”专业是践行生态文明思想的重要举措，也是构建“山水林田湖草”生命共同体的重要内容。,《湿地学》、《湿地生物学》、《湿地整体规划》、《湿地的维护和使用》、《环境微生物学》、《湿地保护与管理》、《湿地修复原理与技术》、《湿地监测与评价》、《环境科学概论》、《自然地理学》、《生态学》、《土壤学》、《水文学》、《地图与地理信息系统》、《生态工程与工程制图》等。,湿地公园及相关事业与科研部门从事湿地管理、技术和产品研发与推广等。,https://p.qianwen.com/major/tab?app=index&collegesTab=allColleges&webCompassApp=true&q=%E6%B9%BF%E5%9C%B0%E4%BF%9D%E6%8A%A4%E4%B8%8E%E6%81%A2%E5%A4%8D%E4%B8%93%E4%B8%9A&entry=gaokao_channel&device=pc
水产养殖学,090601,农学,水产类,四年,农学学士,219139,6900,华北地区,销售业务,农业,物理+化学 / 物理+化学+生物,本专业培养具备水产动植物的繁殖、育种与增养殖技术以及病害与防治、渔业企业经营管理等方面知识，能在水产养殖生产、教育、科研和管理等部门从事科学研究、教学、水产养殖技术开发及经营管理等工作的高级应用型、复合型人才。学生主要学习生物学和水域环境学的基本理论以及水产增养殖、疫病防治、渔业经济和管理等方面的基本知识，接受有关生物学和化学实验教学、水产增养殖实践性教学、计算机应用等方面的基本训练，掌握水产经济动植物增养殖、病害防治、水产生物育种等基本能力。,《渔业经济与管理》、《鱼类学》、《动物遗传育种学》、《水产动物病害学》、《水产动物环境生理学》、《生物饵料培养》、《观赏水族养殖学》、《水产动物营养与饲料》、《水产动物育种学》、《水产特种经济动物增养殖学》。,公务员(中央国家机关)，公务员(省级机关)，公务员(地市级机关)，公务员(区县级及以下机关)，事业单位人员，动物营养/饲料研发，水产养殖质量管理员（水产），考研，会计/会计师，饲料销售，销售代表,https://p.qianwen.com/major/tab?app=index&collegesTab=allColleges&webCompassApp=true&q=%E6%B0%B4%E4%BA%A7%E5%85%BB%E6%AE%96%E5%AD%A6%E4%B8%93%E4%B8%9A&entry=gaokao_channel&device=pc
海洋渔业科学与技术,090602,农学,水产类,四年,农学学士,154367,6000,上海市,销售业务,农业,物理+化学 / 物理+化学+生物,本专业在渔获机理与渔具设计、渔业资源养护与增殖工程、养殖工程、渔业管理等现代渔业科学与技术方向，培养专业知识扎实、实践能力突出、创新意识活跃的复合型人才，能够从事海洋渔业资源开发与养护、设施渔业工程设计、渔业管理、渔政管理与渔港监督等相关领域的教学、科研、管理及技术开发工作；毕业生可到海洋、水产系统的企业和相关产业管理部门从事工程技术与管理工作，或到高等院校和科研单位从事研究与教学工作，也可报考我校增殖养殖工程、渔业经济与管理、渔业资源、捕捞学等相关硕士、博士学科点继续深造。,《水生生物学》、《鱼类学》、《渔具渔法学》、《渔具理论与设计》、《航海技术》、《渔业资源与渔场学》、《渔业资源评估》、《海洋环境调查和监测》、《渔业法规与渔政管理》。,科研人员，农业销售代表/农产品销售代表，事业单位人员，公务员(中央国家机关)，公务员(省级机关)，公务员(区县级及以下机关)，公务员(地市级机关),https://p.qianwen.com/major/tab?app=index&collegesTab=allColleges&webCompassApp=true&q=%E6%B5%B7%E6%B4%8B%E6%B8%94%E4%B8%9A%E7%A7%91%E5%AD%A6%E4%B8%8E%E6%8A%80%E6%9C%AF%E4%B8%93%E4%B8%9A&entry=gaokao_channel&device=pc
水族科学与技术,090603T,农学,水产类,四年,农学学士,112616,6200,广州市,,,物理+化学,本专业培养具有观赏水族养殖与鉴赏、繁殖与育种、水质调控、营养与饲料、病害防治、水族工程设计、经营管理等方面知识与能力，能够在水族产业的企事业单位从事休闲渔业及观赏水族科研、开发、教学、管理等工作的复合型科学技术人才；要求学生学习现代生物科学和环境科学的基本理论以及观赏水族的养殖、水族产业的经营和管理等方面的知识，受到有关生物学和化学实验教学、观赏水族养殖实践性环节基本训练，掌握观赏水族养殖技术、水域环境控制、营养与饲料、病害防治等方面的基本能力。,《生物化学》、《鱼类学》、《水生生物学》、《观赏水族养殖学》、《水草栽培学》、《水族馆创意与设计》、《观赏水族营养与饲料学》、《观赏水族疾病防治学》、《水处理技术》、《景观生态学》。,大客户销售代表，科研管理人员，小学教师，药品生产/质量管理,https://p.qianwen.com/major/tab?app=index&collegesTab=allColleges&webCompassApp=true&q=%E6%B0%B4%E6%97%8F%E7%A7%91%E5%AD%A6%E4%B8%8E%E6%8A%80%E6%9C%AF%E4%B8%93%E4%B8%9A&entry=gaokao_channel&device=pc
水生动物医学,090604TK,农学,水产类,四年,农学学士,59788,,,,,物理+化学 / 物理+化学+生物,水生动物医学主要研究水产动物病原、病理、病害预防与控制等方面的基本知识和技能，涉及微生物学、免疫学、水产动物病理学、药理学等，进行鱼、虾、蟹、海豚等水生动物的疾病诊治、病害防控、防疫检验等。 关键词：医学 疾病 鱼 海葵。,《养殖水环境化学》、《水生动物生物学》、《水产动物病原生物学》、《水产药物学》、《水产动物病理学》、《水产动物免疫学》、《鱼病学》、《水产无脊椎动物疾病学》、《水产动物疾病诊断学》、《水产养殖学概论》。,水产类企业：水生动物疾病诊治、病害防控、防疫检验、渔药开发。,https://p.qianwen.com/major/tab?app=index&collegesTab=allColleges&webCompassApp=true&q=%E6%B0%B4%E7%94%9F%E5%8A%A8%E7%89%A9%E5%8C%BB%E5%AD%A6%E4%B8%93%E4%B8%9A&entry=gaokao_channel&device=pc
草业科学,090701,农学,草学类,四年,农学学士,181715,5700,北京市,销售业务,农业,物理+化学 / 物理+化学+生物,本专业培养具备草坪学、草地学、树木学、运动场草坪建植与管理、高尔夫球场草坪建植与管理、草坪与牧草病虫害、园林绿地规划等方面的知识，能在园林绿化、高尔夫球场、运动场、城市林业等部门从事草坪建植与管理、人工草地栽培、城市生态环境建设的高级科学技术人才；毕业生可在园林、水土保持、环保、人工草场、体育场等部门从事各种类型草坪的建植与管理工作，各种功能草地的培育以及园林绿地规划设计、园林花卉植物栽培以及优良牧草和草坪草的选育、人工牧草培育、人工牧草深加工、优良草种品种种子生产等的技术与管理工作。,《基础微生物学》、《农业气象学》、《动物营养与饲料学》、《草地生态学》、《草地资源调查》、《草地资源利用与管理》、《牧草与草坪草分类与鉴定》、《牧草与草坪草育种学》、《牧草与饲料作物栽培学》、《牧草种子学》 部分高校按以下专业方向培养：草坪科学与管理、草坪与城乡绿化。,事业单位人员，公务员(中央国家机关)，公务员(省级机关)，公务员(地市级机关)，公务员(区县级及以下机关)，土壤肥料技术人员，林业技术人员，销售代表，园林/景观设计，遗传育种栽培技术人员，土壤肥料技术人员，考研,https://p.qianwen.com/major/tab?app=index&collegesTab=allColleges&webCompassApp=true&q=%E8%8D%89%E4%B8%9A%E7%A7%91%E5%AD%A6%E4%B8%93%E4%B8%9A&entry=gaokao_channel&device=pc
草坪科学与工程,090702T,农学,草学类,四年,农学学士,40678,,,,,物理+化学,培养学生具有宽厚的专业基础知识和良好的科学及人文素养，具备草坪绿化植物配置与建植、草坪草优异种质创新、运动场草坪建造与管理、草坪环境工程监理、草坪工程信息技术、绿地景观规划设计、城市绿地工程、生态修复治理等领域的基本理论知识和生产技能，具有创新精神和实践能力，培养能在现代城镇绿化、美丽乡村建设、生态环境治理等方面承担技术开发与推广、教学与科研等工作的高素质复合应用型人才。,《植物学》、《基础生物化学》、《植物生理学》、《土壤学》、《普通生态学》、《植物分类学》、《草类植物育种学》、《草类植物种子学》、《测量学》、《园林工程制图》、《绿地景观规划设计》、《草坪工程学》、《草坪保护学》、《草坪灌排水工程学》、《运动场草坪》、《草坪营养与施肥》、《草坪工程监理》、《园林植物栽培学》等。,毕业生面向园林绿化、生态环境、体育运动、草业生产等行业从事技术和管理工作，在高等院校和科研院所从事教学与研究工作。近年来，毕业生主要流向经济发达地区从事草坪园林绿化、绿色有氧运动场地建造与维护、生态环境修复、草业生产技术与管理工作。,https://p.qianwen.com/major/tab?app=index&collegesTab=allColleges&webCompassApp=true&q=%E8%8D%89%E5%9D%AA%E7%A7%91%E5%AD%A6%E4%B8%8E%E5%B7%A5%E7%A8%8B%E4%B8%93%E4%B8%9A&entry=gaokao_channel&device=pc
历史学,060101,历史学,历史学类,四年,历史学学士,1496423,5800,北京市,教师,教育培训,历史 / 历史+地理 / 思政+历史 / 思政+历史+地理,本专业要求学生掌握历史专业的基础知识、基本理论和基本技能，对历史学科前沿和发展动态有所了解，具有较宽的知识面；具有独立获取知识、提出问题、分析问题和解决问题的能力；得到初步的科研训练，掌握基本的科研方法，具有一定的开拓创造精神；能在国家机关、文教事业、新闻出版、文博档案及各类事业单位从事实际工作。,《中国通史》、《世界通史》、《史学理论》、《中国史学史》、《西方史学史》、《中外关系史》、《文化人类学》、《历史地理学》、《文献学》、《中国断代史》 部分高校按以下专业方向培养：国学、文化遗产、历史文化产业、满族语言文化、满族历史与文化、文物鉴定与修复。,高中教师，事业单位人员，公务员(省级机关)，小学教师，公务员(区县级及以下机关)，考研，大学教师，助理/秘书/文员，公务员(中央国家机关)，初中教师，公务员(地市级机关),https://p.qianwen.com/major/tab?app=index&collegesTab=allColleges&webCompassApp=true&q=%E5%8E%86%E5%8F%B2%E5%AD%A6%E4%B8%93%E4%B8%9A&entry=gaokao_channel&device=pc
考古学,060103,历史学,历史学类,四年,历史学学士,1205334,6700,北京市,销售业务,教育培训,历史,本专业培养学生具备历史学、考古学和博物馆学的基础知识、方法以及相关的文博、历史及人类学知识，掌握玉石器、青铜器、陶瓷器、书画杂项等各类文物最基本的鉴定和保护技能，能在考古及历史研究机构、博物馆、各级学校、文物经营机构、公安、海关等部门，从事文博研究、管理等方面工作。,《中国考古学》、《外国考古学》、《考古学史》、《田野考古学》、《考古学技术》、《古文字学》、《石器时代考古》、《商周考古》、《汉唐考古》、《文物学》、《文物保护技术》 部分高校按以下专业方向培养：文物鉴定。,事业单位人员，考古及文物保护专业人员，公务员(中央国家机关)，公务员(省级机关)，公务员(地市级机关)，人力资源专员/助理，考研，高中教师，旅游产品/线路策划，图书管理员，公务员(区县级及以下机关),https://p.qianwen.com/major/tab?app=index&collegesTab=allColleges&webCompassApp=true&q=%E8%80%83%E5%8F%A4%E5%AD%A6%E4%B8%93%E4%B8%9A&entry=gaokao_channel&device=pc
文物与博物馆学,060104,历史学,历史学类,四年,历史学学士,864576,5800,北京市,行政/后勤/文秘,教育培训,历史 / 化学,文物与博物馆学主要研究博物馆学、文物学等方面的基本知识和技能，接受文化遗产保护、研究、鉴定、展示等方面的技能训练，在文博行业进行藏品保管、陈列展示、保护修复等。例如：博物馆展品陈列的设计规划，瓷器、玉器等文物展品的鉴定与管理，古画、古陶瓷等古文物的保护与修复等。 关键词：国家博物馆 故宫博物院 司马戊大方鼎 清明上河图。,《博物馆学概论》、《博物馆陈列设计》、《博物馆藏品管理》、《博物馆经营管理》、《物质文化史》、《文化人类学》、《文物学概论》、《文物管理与法规》、《文物与考古技术》、《文物保护基础》。,博物馆、文物馆：陈列设计、藏品管理、文物鉴定、文物保护。,https://p.qianwen.com/major/tab?app=index&collegesTab=allColleges&webCompassApp=true&q=%E6%96%87%E7%89%A9%E4%B8%8E%E5%8D%9A%E7%89%A9%E9%A6%86%E5%AD%A6%E4%B8%93%E4%B8%9A&entry=gaokao_channel&device=pc
世界史,060102,历史学,历史学类,四年,历史学学士,592224,6000,北京市,教师,教育培训,历史,本专业要求学生掌握历史学科的基本理论和基础知识，对社会科学、人文科学与自然科学有一定的了解；掌握历史学的基本研究方法与分析方法；具有从事历史研究的初步能力和较强的口头表达和文字表达能力； 熟悉古文字学、版本目录学、音韵学、史料学、历史地理学及考古学等方面的基础知识；了解国内外史学界重要的理论前沿和发展动态； 掌握文献检索，资料查询的基本方法；具有从事世界历史专业的研究与教学能力，并能满足各级政府机关和企事业单位对涉外人才的需要。,《世界古代史》、《世界近代史》、《世界现代史》、《世界文化史》、《美国史》、《加拿大史》、《西方史学史》、《西方政治制度史》、《西方经济史》、《世界历史英文文选》。,事业单位人员，中学教师，小学教师，教学/教务管理人员，公务员，培训/招生/课程顾问，助理/秘书/文员,https://p.qianwen.com/major/tab?app=index&collegesTab=allColleges&webCompassApp=true&q=%E4%B8%96%E7%95%8C%E5%8F%B2%E4%B8%93%E4%B8%9A&entry=gaokao_channel&device=pc
外国语言与外国历史,060106T,历史学,历史学类,四年,文学学士、历史学学士,542228,5600,北京市,,,历史,外国语言与外国历史主要研究历史学、语言学、文学等方面的基本知识和技能，涉及主修国家的历史、语言、文化、政治、社会、军事、经济等多个方面，要求熟练掌握除英语外的另一门与其研究方向相关的外语，有法语与法国史、德语与德国史、日语与日本史、越南语与越南史等多个方向可供选择。 关键词：法国 德国 日本 越南。,《史学概论》、《世界史通论》、《外国史学史》、《古代东方文明》、《古希腊罗马史》、《中世紀欧洲史》、《欧洲史》、《美洲史》、《亚洲史》、《非洲史》。,外事、外贸类企事业单位：外语翻译、国际商贸。,https://p.qianwen.com/major/tab?app=index&collegesTab=allColleges&webCompassApp=true&q=%E5%A4%96%E5%9B%BD%E8%AF%AD%E8%A8%80%E4%B8%8E%E5%A4%96%E5%9B%BD%E5%8E%86%E5%8F%B2%E4%B8%93%E4%B8%9A&entry=gaokao_channel&device=pc
文物保护技术,060105T,历史学,历史学类,四年,历史学学士,526198,5200,北京市,行政/后勤/文秘,教育培训,化学 / 物理+化学,本专业教特点是文、理科交叉与理、工科渗透，现代科学技术与人文科学知识相结合；既掌握数理化等学科的基本知识和历史、文物考古的一般知识，又掌握文物保护材料应用、文物材质分析和文物保护修复等实际操作技能；旨在培养能在文物考古、博物馆、文物管理机构从事文物保护与科学研究工作的专门人才。,《文物保护导论》、《普通物理学》、《无机质文物保护》、《有机质文物保护》、《土遗址保护》、《文物保护材料学》、《文物修复与保护实验》、《古建保护与维修》、《文物分析技术》、《文物与环境》。,考古及文物保护专业人员，房地产项目策划专员/助理，事业单位人员，银行客户服务,https://p.qianwen.com/major/tab?app=index&collegesTab=allColleges&webCompassApp=true&q=%E6%96%87%E7%89%A9%E4%BF%9D%E6%8A%A4%E6%8A%80%E6%9C%AF%E4%B8%93%E4%B8%9A&entry=gaokao_channel&device=pc
文化遗产,060107T,历史学,历史学类,四年,历史学学士,173148,,,,,历史,文化遗产主要研究文化学、考古学、文化遗产等方面的基本理论和知识，包括文化遗产的概况、分类、分布、管理、保护状况、法规与政策等，掌握文化遗产保护与修复的基本技能，进行物质与非物质文化遗产的调查、价值研究、保护、开发、管理等。 关键词：莫高窟 长城 故宫 孔庙。,《文化遗产概论》、《文化遗产规划与管理》、《文化遗产法规与政策》、《文化遗产保护技术》、《非物质文化遗产保护》、《文化遗产保护案例》、《北京文化遗产》、《文化人类学》、《考古学概论》、《中国文化史》。,文博类企事业单位：文化遗产的调查、评估、保护、开发、管理。,https://p.qianwen.com/major/tab?app=index&collegesTab=allColleges&webCompassApp=true&q=%E6%96%87%E5%8C%96%E9%81%97%E4%BA%A7%E4%B8%93%E4%B8%9A&entry=gaokao_channel&device=pc
古文字学,060108T,历史学,历史学类,四年,历史学学士,94967,,,,,历史,为古文字学科培养优秀后备人才，为各级考古文博机构、编辑出版、教育科研机构及相关政府部门和事业单位，培养基础扎实、知识通博、能力卓越的高素质优秀人才。,《文字学概要》《甲骨文通论》《金文通论》《战国文字通论》《简帛文献学》《夏商周考古》《战国秦汉考古》《石刻学导论》《中国古代史》《古代汉语》。,高校、科研机构、新闻出版及党政机关、企事业单位，与汉语言文字学相关的教学、科学研究、对内对外汉语教学、出版、编辑等工作及政府、企事业单位的宣传、广告、媒体管理等工作。,https://p.qianwen.com/major/tab?app=index&collegesTab=allColleges&webCompassApp=true&q=%E5%8F%A4%E6%96%87%E5%AD%97%E5%AD%A6%E4%B8%93%E4%B8%9A&entry=gaokao_channel&device=pc
科学史,060109T,历史学,历史学类,四年,历史学学士,20188,,,,,,科学史系致力于培养具有跨学科视野和文理综合发展潜力的精英人才，塑造具有宽阔的科学合理历史人文综合性知识背景和坚实的科学史专业基本，了解经济发展的过程，可以搜集、讲解科学史原材料，单独进行科学研究、编写期刊论文，不仅有全球化学术研究视线，又有文理综合发展前景的交叉学科专业人才。,《科学通史》、《技术通史》、《中国近现代科技史》、《科学哲学导论西方古代中世纪科学史》、《科学革命》、《科学革命名著选读》、《生命科学史博物学史》、《科学与宗教》、《科学仪器史》等。,毕业后可在科技出版社工作、杂志、网站、广播电视、科技馆、为各级政府科技管理部门和企业工作。,https://p.qianwen.com/major/tab?app=index&collegesTab=allColleges&webCompassApp=true&q=%E7%A7%91%E5%AD%A6%E5%8F%B2%E4%B8%93%E4%B8%9A&entry=gaokao_channel&device=pc
哲学,010101,哲学,哲学类,四年,哲学学士,2592421,6500,北京市,行政/后勤/文秘,教育培训,物理 / 历史 / 思政 / 思政+历史,本专业学生主要学习马克思主义哲学基本原理、中国哲学和西方哲学等方面的专业知识，以及伦理学、逻辑学、美学、宗教学、科学技术哲学、管理哲学、政治哲学等方面的基础知识；受到中西方哲学的基本理论和发展线索的系统教育，以及创造性思维的培养和业务能力的训练；要求学生比较系统地掌握马克思主义哲学、中国哲学和西方哲学的理论和历史；具有一定的社会科学、人文科学、自然科学、思维科学的相关知识；掌握哲学学科的基本研究方法、治学方法和相应的社会调查能力；了解国内外哲学界最重要的理论前沿和发展动态；了解国内外最重大的实践问题和发展动态；具有分析和解决社会现实问题的初步能力。,《西方哲学史》、《中国哲学史》、《马克思主义哲学史》、《现代中国哲学》、《西方现代哲学》、《马克思主义哲学原理》、《技术哲学》、《自然哲学》、《现代西方伦理学》、《逻辑学》 部分高校按以下专业方向培养：国学。,事业单位人员，公务员(中央国家机关)，公务员(省级机关)，公务员(地市级机关)，公务员(区县级及以下机关)，编辑，高中教师，行政专员/助理，初中教师，大学教师，考研,https://p.qianwen.com/major/tab?app=index&collegesTab=allColleges&webCompassApp=true&q=%E5%93%B2%E5%AD%A6%E4%B8%93%E4%B8%9A&entry=gaokao_channel&device=pc
逻辑学,010102,哲学,哲学类,四年,哲学学士,1140002,7200,西南地区,,,不限,逻辑学是研究论证和推理有效性的学科，是表达知识、构建智能系统、训练理性思维的必要工具。逻辑学专业培养学生扎实的逻辑学基础、严格的推理能力、广阔的学科视野，使其能成长为逻辑学领域的专业学术型人才，或在哲学、数学、计算机、心理学、法律等领域运用逻辑方法解决各类专业问题的实践型人才。,《中国逻辑史》、《西方逻辑史》、《数理逻辑》、《模态逻辑》、《非经典逻辑》、《逻辑哲学》、《归纳逻辑》、《法律逻辑》、《批判性思维》、《科学社会学》。,事业单位人员，初中教师,https://p.qianwen.com/major/tab?app=index&collegesTab=allColleges&webCompassApp=true&q=%E9%80%BB%E8%BE%91%E5%AD%A6%E4%B8%93%E4%B8%9A&entry=gaokao_channel&device=pc
伦理学,010104T,哲学,哲学类,四年,哲学学士,718557,9200,上海市,行政/后勤/文秘,教育培训,不限,伦理学以道德现象为研究对象，包括道德意识现象、道德活动现象、道德规范现象等，探讨道德的本质、起源和发展、道德的最高原则和道德评价的标准、道德规范体系、人生的意义等。常见的伦理问题有：克隆、转基因生物、安乐死、近亲结婚等。该专业涉及的内容思辨性较强，选择需慎重。 关键词：伦理 道德 克隆 安乐死。,《马克思主义哲学原理》、《伦理学》、《中国伦理思想史》、《西方伦理思想史》、《中国哲学概论》、《西方哲学概论》、《应用伦理学》、《现代西方伦理学》、《科学技术哲学》、《宗教学基础》。,深造：考研或者保研，继续伦理学方面的学习深造，完成硕士、博士学业后，进行社会伦理问题的研究； 转行：向公务员、编辑、教师、行政管理等方向发展。,https://p.qianwen.com/major/tab?app=index&collegesTab=allColleges&webCompassApp=true&q=%E4%BC%A6%E7%90%86%E5%AD%A6%E4%B8%93%E4%B8%9A&entry=gaokao_channel&device=pc
宗教学,010103K,哲学,哲学类,四年,哲学学士,666087,6500,北京市,行政/后勤/文秘,教育培训,不限,本专业重视马克思主义宗教学理论、宗教哲学、佛教、基督教、道教思想文化和历史的研究；培养学生掌握马克思主义哲学基本原理以及宗教学基础知识和专业知识，了解世界各大宗教的历史和现状，了解我国各民族宗教的状况，熟悉我国传统文化，懂得我国宗教法规和政策，具备较强的理论思维和分析问题、解决问题、语言文字表达的能力及宗教调查与研究技能，能够从事宗教事务管理、新闻传播、政策调研、科学研究等工作。,《道教原典》、《圣经神学》、《基督教原典》、《印度佛教经典选读》、《儒学哲学专题》、《佛教文献与佛学研究》、《西方基督教遗产》、《马克思主义宗教学》、《中国伊斯兰教史》、《历史社会学》。,公务员(地市级机关)，公务员(地市级机关)，公务员(区县级及以下机关)，公务员(省级机关)，公务员(中央国家机关)，事业单位人员，广告文案策划，记者/采编，考研，人力资源专员/助理,https://p.qianwen.com/major/tab?app=index&collegesTab=allColleges&webCompassApp=true&q=%E5%AE%97%E6%95%99%E5%AD%A6%E4%B8%93%E4%B8%9A&entry=gaokao_channel&device=pc
