year,subject_category,school_code,school_name,special_group,sg_name,sg_info,min_score,min_rank,source_url
2023,物理类,0105,陆军工程大学,0105-04,04,首选物理，再选不限,598,34106,https://www.jseea.cn/webfile/upload/2023/07-18/10-05-510166-183377989.xls
2023,物理类,0131,海军军医大学,0131-04,04,首选物理，再选不限,595,36406,https://www.jseea.cn/webfile/upload/2023/07-18/10-05-510166-183377989.xls
2023,物理类,0131,海军军医大学,0131-05,05,首选物理，再选化学,610,25495,https://www.jseea.cn/webfile/upload/2023/07-18/10-05-510166-183377989.xls
2023,物理类,0131,海军军医大学,0131-06,06,首选物理，再选化学或生物,632,12571,https://www.jseea.cn/webfile/upload/2023/07-18/10-05-510166-183377989.xls
2023,物理类,0201,中国人民公安大学,0201-07,07,首选物理，再选不限,624,16747,https://www.jseea.cn/webfile/upload/2023/07-18/10-05-510166-183377989.xls
2023,物理类,0203,中国人民警察大学,0203-08,08,首选物理，再选不限,554,73152,https://www.jseea.cn/webfile/upload/2023/07-18/10-05-510166-183377989.xls
2023,物理类,0306,中国民用航空飞行学院,0306-05,05,首选物理，再选不限,542,84967,https://www.jseea.cn/webfile/upload/2023/07-18/10-05-510166-183377989.xls
2023,物理类,0306,中国民用航空飞行学院,0306-06,06,首选物理，再选化学,558,69273,https://www.jseea.cn/webfile/upload/2023/07-18/10-05-510166-183377989.xls
2023,物理类,0306,中国民用航空飞行学院,0306-07,07,首选物理，再选思想政治,540,86936,https://www.jseea.cn/webfile/upload/2023/07-18/10-05-510166-183377989.xls
2023,物理类,1101,南京大学,1101-07,07,首选物理，再选不限,665,1847,https://www.jseea.cn/webfile/upload/2023/07-18/10-05-510166-183377989.xls
2023,物理类,1101,南京大学,1101-08,08,首选物理，再选不限,651,4919,https://www.jseea.cn/webfile/upload/2023/07-18/10-05-510166-183377989.xls
2023,物理类,1101,南京大学,1101-09,09,首选物理，再选化学,668,1412,https://www.jseea.cn/webfile/upload/2023/07-18/10-05-510166-183377989.xls
2023,物理类,1101,南京大学,1101-10,10,首选物理，再选化学,664,2019,https://www.jseea.cn/webfile/upload/2023/07-18/10-05-510166-183377989.xls
2023,物理类,1101,南京大学,1101-11,11,首选物理，再选化学或生物,664,2019,https://www.jseea.cn/webfile/upload/2023/07-18/10-05-510166-183377989.xls
2023,物理类,1102,东南大学,1102-05,05,首选物理，再选不限,660,2754,https://www.jseea.cn/webfile/upload/2023/07-18/10-05-510166-183377989.xls
2023,物理类,1102,东南大学,1102-06,06,首选物理，再选化学或生物,647,6253,https://www.jseea.cn/webfile/upload/2023/07-18/10-05-510166-183377989.xls
2023,物理类,1103,南京航空航天大学,1103-04,04,首选物理，再选不限,654,4113,https://www.jseea.cn/webfile/upload/2023/07-18/10-05-510166-183377989.xls
2023,物理类,1103,南京航空航天大学,1103-05,05,首选物理，再选不限,651,4919,https://www.jseea.cn/webfile/upload/2023/07-18/10-05-510166-183377989.xls
2023,物理类,1103,南京航空航天大学,1103-06,06,首选物理，再选不限,648,5893,https://www.jseea.cn/webfile/upload/2023/07-18/10-05-510166-183377989.xls
2023,物理类,1103,南京航空航天大学,1103-07,07,首选物理，再选不限,643,7655,https://www.jseea.cn/webfile/upload/2023/07-18/10-05-510166-183377989.xls
2023,物理类,1103,南京航空航天大学,1103-08,08,首选物理，再选不限,603,30376,https://www.jseea.cn/webfile/upload/2023/07-18/10-05-510166-183377989.xls
2023,物理类,1104,南京理工大学,1104-03,03,首选物理，再选不限,653,4396,https://www.jseea.cn/webfile/upload/2023/07-18/10-05-510166-183377989.xls
2023,物理类,1104,南京理工大学,1104-04,04,首选物理，再选不限,649,5542,https://www.jseea.cn/webfile/upload/2023/07-18/10-05-510166-183377989.xls
2023,物理类,1104,南京理工大学,1104-05,05,首选物理，再选不限,644,7265,https://www.jseea.cn/webfile/upload/2023/07-18/10-05-510166-183377989.xls
2023,物理类,1104,南京理工大学,1104-06,06,首选物理，再选不限,606,28267,https://www.jseea.cn/webfile/upload/2023/07-18/10-05-510166-183377989.xls
2023,物理类,1104,南京理工大学,1104-07,07,首选物理，再选不限,632,12571,https://www.jseea.cn/webfile/upload/2023/07-18/10-05-510166-183377989.xls
2023,物理类,1104,南京理工大学,1104-08,08,首选物理，再选不限,601,31865,https://www.jseea.cn/webfile/upload/2023/07-18/10-05-510166-183377989.xls
2023,物理类,1105,河海大学,1105-04,04,首选物理，再选不限,644,7265,https://www.jseea.cn/webfile/upload/2023/07-18/10-05-510166-183377989.xls
2023,物理类,1105,河海大学,1105-05,05,首选物理，再选不限,638,9656,https://www.jseea.cn/webfile/upload/2023/07-18/10-05-510166-183377989.xls
2023,物理类,1105,河海大学,1105-06,06,首选物理，再选不限,613,23567,https://www.jseea.cn/webfile/upload/2023/07-18/10-05-510166-183377989.xls
2023,物理类,1105,河海大学,1105-07,07,首选物理，再选不限,621,18502,https://www.jseea.cn/webfile/upload/2023/07-18/10-05-510166-183377989.xls
2023,物理类,1105,河海大学,1105-08,08,首选物理，再选不限,594,37178,https://www.jseea.cn/webfile/upload/2023/07-18/10-05-510166-183377989.xls
2023,物理类,1105,河海大学,1105-09,09,首选物理，再选化学,618,20291,https://www.jseea.cn/webfile/upload/2023/07-18/10-05-510166-183377989.xls
2023,物理类,1105,河海大学,1105-10,10,首选物理，再选化学,594,37178,https://www.jseea.cn/webfile/upload/2023/07-18/10-05-510166-183377989.xls
2023,物理类,1105,河海大学,1105-11,11,首选物理，再选化学或地理,630,13586,https://www.jseea.cn/webfile/upload/2023/07-18/10-05-510166-183377989.xls
2023,物理类,1106,南京信息工程大学,1106-10,10,首选物理，再选不限,635,11117,https://www.jseea.cn/webfile/upload/2023/07-18/10-05-510166-183377989.xls
2023,物理类,1106,南京信息工程大学,1106-11,11,首选物理，再选不限,630,13586,https://www.jseea.cn/webfile/upload/2023/07-18/10-05-510166-183377989.xls
2023,物理类,1106,南京信息工程大学,1106-12,12,首选物理，再选不限,608,26857,https://www.jseea.cn/webfile/upload/2023/07-18/10-05-510166-183377989.xls
2023,物理类,1106,南京信息工程大学,1106-13,13,首选物理，再选不限,600,32621,https://www.jseea.cn/webfile/upload/2023/07-18/10-05-510166-183377989.xls
2023,物理类,1106,南京信息工程大学,1106-14,14,首选物理，再选不限,586,43656,https://www.jseea.cn/webfile/upload/2023/07-18/10-05-510166-183377989.xls
2023,物理类,1106,南京信息工程大学,1106-15,15,首选物理，再选不限,578,50594,https://www.jseea.cn/webfile/upload/2023/07-18/10-05-510166-183377989.xls
2023,物理类,1106,南京信息工程大学,1106-16,16,首选物理，再选化学,570,57928,https://www.jseea.cn/webfile/upload/2023/07-18/10-05-510166-183377989.xls
2023,物理类,1106,南京信息工程大学,1106-17,17,首选物理，再选化学或地理,578,50594,https://www.jseea.cn/webfile/upload/2023/07-18/10-05-510166-183377989.xls
2023,物理类,1106,南京信息工程大学,1106-18,18,首选物理，再选化学或地理,597,34853,https://www.jseea.cn/webfile/upload/2023/07-18/10-05-510166-183377989.xls
2023,物理类,1107,南京农业大学,1107-03,03,首选物理，再选不限,601,31865,https://www.jseea.cn/webfile/upload/2023/07-18/10-05-510166-183377989.xls
2023,物理类,1107,南京农业大学,1107-04,04,首选物理，再选不限,608,26857,https://www.jseea.cn/webfile/upload/2023/07-18/10-05-510166-183377989.xls
2023,物理类,1107,南京农业大学,1107-05,05,首选物理，再选化学或生物,606,28267,https://www.jseea.cn/webfile/upload/2023/07-18/10-05-510166-183377989.xls
2023,物理类,1108,南京师范大学,1108-16,16,首选物理，再选不限,634,11592,https://www.jseea.cn/webfile/upload/2023/07-18/10-05-510166-183377989.xls
2023,物理类,1108,南京师范大学,1108-17,17,首选物理，再选不限,631,13100,https://www.jseea.cn/webfile/upload/2023/07-18/10-05-510166-183377989.xls
2023,物理类,1108,南京师范大学,1108-18,18,首选物理，再选不限,633,12049,https://www.jseea.cn/webfile/upload/2023/07-18/10-05-510166-183377989.xls
2023,物理类,1108,南京师范大学,1108-19,19,首选物理，再选不限,614,22856,https://www.jseea.cn/webfile/upload/2023/07-18/10-05-510166-183377989.xls
2023,物理类,1108,南京师范大学,1108-20,20,首选物理，再选不限,604,29715,https://www.jseea.cn/webfile/upload/2023/07-18/10-05-510166-183377989.xls
2023,物理类,1108,南京师范大学,1108-21,21,首选物理，再选不限,584,45409,https://www.jseea.cn/webfile/upload/2023/07-18/10-05-510166-183377989.xls
2023,物理类,1108,南京师范大学,1108-22,22,首选物理，再选不限,583,46257,https://www.jseea.cn/webfile/upload/2023/07-18/10-05-510166-183377989.xls
2023,物理类,1108,南京师范大学,1108-23,23,首选物理，再选不限,595,36406,https://www.jseea.cn/webfile/upload/2023/07-18/10-05-510166-183377989.xls
2023,物理类,1108,南京师范大学,1108-24,24,首选物理，再选不限,606,28267,https://www.jseea.cn/webfile/upload/2023/07-18/10-05-510166-183377989.xls
2023,物理类,1108,南京师范大学,1108-25,25,首选物理，再选化学,611,24840,https://www.jseea.cn/webfile/upload/2023/07-18/10-05-510166-183377989.xls
2023,物理类,1108,南京师范大学,1108-26,26,首选物理，再选化学或生物,637,10153,https://www.jseea.cn/webfile/upload/2023/07-18/10-05-510166-183377989.xls
2023,物理类,1108,南京师范大学,1108-27,27,首选物理，再选化学或生物,604,29715,https://www.jseea.cn/webfile/upload/2023/07-18/10-05-510166-183377989.xls
2023,物理类,1108,南京师范大学,1108-28,28,首选物理，再选化学或地理,628,14616,https://www.jseea.cn/webfile/upload/2023/07-18/10-05-510166-183377989.xls
2023,物理类,1109,中国药科大学,1109-02,02,首选物理，再选化学,623,17334,https://www.jseea.cn/webfile/upload/2023/07-18/10-05-510166-183377989.xls
2023,物理类,1109,中国药科大学,1109-03,03,首选物理，再选化学,652,4642,https://www.jseea.cn/webfile/upload/2023/07-18/10-05-510166-183377989.xls
2023,物理类,1109,中国药科大学,1109-04,04,首选物理，再选化学或生物,616,21589,https://www.jseea.cn/webfile/upload/2023/07-18/10-05-510166-183377989.xls
2023,物理类,1109,中国药科大学,1109-05,05,首选物理，再选化学或生物,604,29715,https://www.jseea.cn/webfile/upload/2023/07-18/10-05-510166-183377989.xls
2023,物理类,1110,南京工业大学,1110-06,06,首选物理，再选不限,578,50594,https://www.jseea.cn/webfile/upload/2023/07-18/10-05-510166-183377989.xls
2023,物理类,1110,南京工业大学,1110-07,07,首选物理，再选不限,547,79956,https://www.jseea.cn/webfile/upload/2023/07-18/10-05-510166-183377989.xls
2023,物理类,1110,南京工业大学,1110-08,08,首选物理，再选不限,579,49755,https://www.jseea.cn/webfile/upload/2023/07-18/10-05-510166-183377989.xls
2023,物理类,1110,南京工业大学,1110-09,09,首选物理，再选化学,561,66451,https://www.jseea.cn/webfile/upload/2023/07-18/10-05-510166-183377989.xls
2023,物理类,1110,南京工业大学,1110-10,10,首选物理，再选化学或生物,584,45409,https://www.jseea.cn/webfile/upload/2023/07-18/10-05-510166-183377989.xls
2023,物理类,1111,南京邮电大学,1111-06,06,首选物理，再选不限,635,11117,https://www.jseea.cn/webfile/upload/2023/07-18/10-05-510166-183377989.xls
2023,物理类,1111,南京邮电大学,1111-07,07,首选物理，再选不限,613,23567,https://www.jseea.cn/webfile/upload/2023/07-18/10-05-510166-183377989.xls
2023,物理类,1111,南京邮电大学,1111-08,08,首选物理，再选不限,591,39518,https://www.jseea.cn/webfile/upload/2023/07-18/10-05-510166-183377989.xls
2023,物理类,1112,南京医科大学,1112-04,04,首选物理，再选不限,568,59798,https://www.jseea.cn/webfile/upload/2023/07-18/10-05-510166-183377989.xls
2023,物理类,1112,南京医科大学,1112-05,05,首选物理，再选化学,580,48831,https://www.jseea.cn/webfile/upload/2023/07-18/10-05-510166-183377989.xls
2023,物理类,1112,南京医科大学,1112-06,06,首选物理，再选化学或生物,646,6589,https://www.jseea.cn/webfile/upload/2023/07-18/10-05-510166-183377989.xls
2023,物理类,1112,南京医科大学,1112-07,07,首选物理，再选化学或生物,603,30376,https://www.jseea.cn/webfile/upload/2023/07-18/10-05-510166-183377989.xls
2023,物理类,1113,南京中医药大学,1113-11,11,首选物理，再选不限,566,61773,https://www.jseea.cn/webfile/upload/2023/07-18/10-05-510166-183377989.xls
2023,物理类,1113,南京中医药大学,1113-12,12,首选物理，再选不限,543,83977,https://www.jseea.cn/webfile/upload/2023/07-18/10-05-510166-183377989.xls
2023,物理类,1113,南京中医药大学,1113-13,13,首选物理，再选化学,605,28961,https://www.jseea.cn/webfile/upload/2023/07-18/10-05-510166-183377989.xls
2023,物理类,1113,南京中医药大学,1113-14,14,首选物理，再选化学,567,60724,https://www.jseea.cn/webfile/upload/2023/07-18/10-05-510166-183377989.xls
2023,物理类,1113,南京中医药大学,1113-15,15,首选物理，再选化学,505,122563,https://www.jseea.cn/webfile/upload/2023/07-18/10-05-510166-183377989.xls
2023,物理类,1113,南京中医药大学,1113-16,16,首选物理，再选化学或生物,629,14096,https://www.jseea.cn/webfile/upload/2023/07-18/10-05-510166-183377989.xls
2023,物理类,1113,南京中医药大学,1113-17,17,首选物理，再选化学或生物,593,37931,https://www.jseea.cn/webfile/upload/2023/07-18/10-05-510166-183377989.xls
2023,物理类,1113,南京中医药大学,1113-18,18,首选物理，再选化学或生物,563,64500,https://www.jseea.cn/webfile/upload/2023/07-18/10-05-510166-183377989.xls
2023,物理类,1113,南京中医药大学,1113-19,19,首选物理，再选化学或生物,507,120486,https://www.jseea.cn/webfile/upload/2023/07-18/10-05-510166-183377989.xls
2023,物理类,1114,南京工程学院,1114-03,03,首选物理，再选不限,540,86936,https://www.jseea.cn/webfile/upload/2023/07-18/10-05-510166-183377989.xls
2023,物理类,1114,南京工程学院,1114-04,04,首选物理，再选不限,506,121516,https://www.jseea.cn/webfile/upload/2023/07-18/10-05-510166-183377989.xls
2023,物理类,1114,南京工程学院,1114-05,05,首选物理，再选不限,599,33366,https://www.jseea.cn/webfile/upload/2023/07-18/10-05-510166-183377989.xls
2023,物理类,1114,南京工程学院,1114-06,06,首选物理，再选不限,519,108391,https://www.jseea.cn/webfile/upload/2023/07-18/10-05-510166-183377989.xls
2023,物理类,1114,南京工程学院,1114-07,07,首选物理，再选化学,546,80934,https://www.jseea.cn/webfile/upload/2023/07-18/10-05-510166-183377989.xls
2023,物理类,1115,南京林业大学,1115-06,06,首选物理，再选不限,595,36406,https://www.jseea.cn/webfile/upload/2023/07-18/10-05-510166-183377989.xls
2023,物理类,1115,南京林业大学,1115-07,07,首选物理，再选不限,583,46257,https://www.jseea.cn/webfile/upload/2023/07-18/10-05-510166-183377989.xls
2023,物理类,1115,南京林业大学,1115-08,08,首选物理，再选化学,589,41158,https://www.jseea.cn/webfile/upload/2023/07-18/10-05-510166-183377989.xls
2023,物理类,1115,南京林业大学,1115-09,09,首选物理，再选化学,566,61773,https://www.jseea.cn/webfile/upload/2023/07-18/10-05-510166-183377989.xls
2023,物理类,1115,南京林业大学,1115-10,10,首选物理，再选化学或生物,588,42008,https://www.jseea.cn/webfile/upload/2023/07-18/10-05-510166-183377989.xls
2023,物理类,1115,南京林业大学,1115-11,11,首选物理，再选化学或生物,573,55137,https://www.jseea.cn/webfile/upload/2023/07-18/10-05-510166-183377989.xls
2023,物理类,1115,南京林业大学,1115-12,12,首选物理，再选化学或生物,558,69273,https://www.jseea.cn/webfile/upload/2023/07-18/10-05-510166-183377989.xls
2023,物理类,1116,南京财经大学,1116-04,04,首选物理，再选不限,558,69273,https://www.jseea.cn/webfile/upload/2023/07-18/10-05-510166-183377989.xls
2023,物理类,1116,南京财经大学,1116-05,05,首选物理，再选不限,552,75102,https://www.jseea.cn/webfile/upload/2023/07-18/10-05-510166-183377989.xls
2023,物理类,1116,南京财经大学,1116-06,06,首选物理，再选不限,551,76116,https://www.jseea.cn/webfile/upload/2023/07-18/10-05-510166-183377989.xls
2023,物理类,1117,南京体育学院,1117-04,04,首选物理，再选不限,460,164240,https://www.jseea.cn/webfile/upload/2023/07-18/10-05-510166-183377989.xls
2023,物理类,1117,南京体育学院,1117-05,05,首选物理，再选化学,506,121516,https://www.jseea.cn/webfile/upload/2023/07-18/10-05-510166-183377989.xls
2023,物理类,1117,南京体育学院,1117-06,06,首选物理，再选生物,514,113412,https://www.jseea.cn/webfile/upload/2023/07-18/10-05-510166-183377989.xls
2023,物理类,1117,南京体育学院,1117-07,07,首选物理，再选思想政治或地理,504,123513,https://www.jseea.cn/webfile/upload/2023/07-18/10-05-510166-183377989.xls
2023,物理类,1118,南京艺术学院,1118-02,02,首选物理，再选不限,517,110348,https://www.jseea.cn/webfile/upload/2023/07-18/10-05-510166-183377989.xls
2023,物理类,1119,南京审计大学,1119-04,04,首选物理，再选不限,566,61773,https://www.jseea.cn/webfile/upload/2023/07-18/10-05-510166-183377989.xls
2023,物理类,1119,南京审计大学,1119-05,05,首选物理，再选不限,573,55137,https://www.jseea.cn/webfile/upload/2023/07-18/10-05-510166-183377989.xls
2023,物理类,1119,南京审计大学,1119-06,06,首选物理，再选不限,559,68330,https://www.jseea.cn/webfile/upload/2023/07-18/10-05-510166-183377989.xls
2023,物理类,1120,南京晓庄学院,1120-12,12,首选物理，再选不限,529,98179,https://www.jseea.cn/webfile/upload/2023/07-18/10-05-510166-183377989.xls
2023,物理类,1120,南京晓庄学院,1120-13,13,首选物理，再选不限,522,105372,https://www.jseea.cn/webfile/upload/2023/07-18/10-05-510166-183377989.xls
2023,物理类,1120,南京晓庄学院,1120-14,14,首选物理，再选化学,539,87985,https://www.jseea.cn/webfile/upload/2023/07-18/10-05-510166-183377989.xls
2023,物理类,1120,南京晓庄学院,1120-15,15,首选物理，再选化学或生物,539,87985,https://www.jseea.cn/webfile/upload/2023/07-18/10-05-510166-183377989.xls
2023,物理类,1120,南京晓庄学院,1120-16,16,首选物理，再选化学或地理,548,78998,https://www.jseea.cn/webfile/upload/2023/07-18/10-05-510166-183377989.xls
2023,物理类,1120,南京晓庄学院,1120-17,17,首选物理，再选思想政治,557,70200,https://www.jseea.cn/webfile/upload/2023/07-18/10-05-510166-183377989.xls
2023,物理类,1128,金陵科技学院,1128-03,03,首选物理，再选不限,530,97144,https://www.jseea.cn/webfile/upload/2023/07-18/10-05-510166-183377989.xls
2023,物理类,1128,金陵科技学院,1128-04,04,首选物理，再选不限,531,96123,https://www.jseea.cn/webfile/upload/2023/07-18/10-05-510166-183377989.xls
2023,物理类,1128,金陵科技学院,1128-05,05,首选物理，再选不限,515,112371,https://www.jseea.cn/webfile/upload/2023/07-18/10-05-510166-183377989.xls
2023,物理类,1128,金陵科技学院,1128-06,06,首选物理，再选不限,489,138274,https://www.jseea.cn/webfile/upload/2023/07-18/10-05-510166-183377989.xls
2023,物理类,1128,金陵科技学院,1128-07,07,首选物理，再选不限,524,103298,https://www.jseea.cn/webfile/upload/2023/07-18/10-05-510166-183377989.xls
2023,物理类,1128,金陵科技学院,1128-08,08,首选物理，再选化学,518,109392,https://www.jseea.cn/webfile/upload/2023/07-18/10-05-510166-183377989.xls
2023,物理类,1128,金陵科技学院,1128-09,09,首选物理，再选化学或生物,521,106375,https://www.jseea.cn/webfile/upload/2023/07-18/10-05-510166-183377989.xls
2023,物理类,1128,金陵科技学院,1128-10,10,首选物理，再选化学或生物,462,162620,https://www.jseea.cn/webfile/upload/2023/07-18/10-05-510166-183377989.xls
2023,物理类,1131,江苏第二师范学院,1131-13,13,首选物理，再选不限,516,111339,https://www.jseea.cn/webfile/upload/2023/07-18/10-05-510166-183377989.xls
2023,物理类,1131,江苏第二师范学院,1131-14,14,首选物理，再选不限,486,141124,https://www.jseea.cn/webfile/upload/2023/07-18/10-05-510166-183377989.xls
2023,物理类,1131,江苏第二师范学院,1131-15,15,首选物理，再选化学,529,98179,https://www.jseea.cn/webfile/upload/2023/07-18/10-05-510166-183377989.xls
2023,物理类,1131,江苏第二师范学院,1131-16,16,首选物理，再选化学或生物,539,87985,https://www.jseea.cn/webfile/upload/2023/07-18/10-05-510166-183377989.xls
2023,物理类,1131,江苏第二师范学院,1131-17,17,首选物理，再选化学或地理,553,74111,https://www.jseea.cn/webfile/upload/2023/07-18/10-05-510166-183377989.xls
2023,物理类,1131,江苏第二师范学院,1131-18,18,首选物理，再选思想政治,552,75102,https://www.jseea.cn/webfile/upload/2023/07-18/10-05-510166-183377989.xls
2023,物理类,1133,南京特殊教育师范学院,1133-03,03,首选物理，再选不限,512,115419,https://www.jseea.cn/webfile/upload/2023/07-18/10-05-510166-183377989.xls
2023,物理类,1133,南京特殊教育师范学院,1133-04,04,首选物理，再选化学,515,112371,https://www.jseea.cn/webfile/upload/2023/07-18/10-05-510166-183377989.xls
2023,物理类,1136,南京工业职业技术大学,1136-04,04,首选物理，再选不限,506,121516,https://www.jseea.cn/webfile/upload/2023/07-18/10-05-510166-183377989.xls
2023,物理类,1136,南京工业职业技术大学,1136-05,05,首选物理，再选不限,498,129552,https://www.jseea.cn/webfile/upload/2023/07-18/10-05-510166-183377989.xls
2023,物理类,1201,江南大学,1201-04,04,首选物理，再选不限,602,31134,https://www.jseea.cn/webfile/upload/2023/07-18/10-05-510166-183377989.xls
2023,物理类,1201,江南大学,1201-05,05,首选物理，再选不限,587,42827,https://www.jseea.cn/webfile/upload/2023/07-18/10-05-510166-183377989.xls
2023,物理类,1201,江南大学,1201-06,06,首选物理，再选化学,604,29715,https://www.jseea.cn/webfile/upload/2023/07-18/10-05-510166-183377989.xls
2023,物理类,1201,江南大学,1201-07,07,首选物理，再选化学,595,36406,https://www.jseea.cn/webfile/upload/2023/07-18/10-05-510166-183377989.xls
2023,物理类,1201,江南大学,1201-08,08,首选物理，再选化学或生物,625,16212,https://www.jseea.cn/webfile/upload/2023/07-18/10-05-510166-183377989.xls
2023,物理类,1201,江南大学,1201-09,09,首选物理，再选思想政治,601,31865,https://www.jseea.cn/webfile/upload/2023/07-18/10-05-510166-183377989.xls
2023,物理类,1203,无锡学院,1203-02,02,首选物理，再选不限,530,97144,https://www.jseea.cn/webfile/upload/2023/07-18/10-05-510166-183377989.xls
2023,物理类,1203,无锡学院,1203-03,03,首选物理，再选化学,518,109392,https://www.jseea.cn/webfile/upload/2023/07-18/10-05-510166-183377989.xls
2023,物理类,1221,中国矿业大学,1221-02,02,首选物理，再选不限,601,31865,https://www.jseea.cn/webfile/upload/2023/07-18/10-05-510166-183377989.xls
2023,物理类,1221,中国矿业大学,1221-03,03,首选物理，再选不限,590,40321,https://www.jseea.cn/webfile/upload/2023/07-18/10-05-510166-183377989.xls
2023,物理类,1221,中国矿业大学,1221-04,04,首选物理，再选不限,588,42008,https://www.jseea.cn/webfile/upload/2023/07-18/10-05-510166-183377989.xls
2023,物理类,1221,中国矿业大学,1221-05,05,首选物理，再选化学,608,26857,https://www.jseea.cn/webfile/upload/2023/07-18/10-05-510166-183377989.xls
2023,物理类,1221,中国矿业大学,1221-06,06,首选物理，再选化学或地理,613,23567,https://www.jseea.cn/webfile/upload/2023/07-18/10-05-510166-183377989.xls
2023,物理类,1222,江苏师范大学,1222-09,09,首选物理，再选不限,542,84967,https://www.jseea.cn/webfile/upload/2023/07-18/10-05-510166-183377989.xls
2023,物理类,1222,江苏师范大学,1222-10,10,首选物理，再选不限,514,113412,https://www.jseea.cn/webfile/upload/2023/07-18/10-05-510166-183377989.xls
2023,物理类,1222,江苏师范大学,1222-11,11,首选物理，再选化学,556,71147,https://www.jseea.cn/webfile/upload/2023/07-18/10-05-510166-183377989.xls
2023,物理类,1222,江苏师范大学,1222-12,12,首选物理，再选化学或生物,562,65451,https://www.jseea.cn/webfile/upload/2023/07-18/10-05-510166-183377989.xls
2023,物理类,1222,江苏师范大学,1222-13,13,首选物理，再选化学或地理,567,60724,https://www.jseea.cn/webfile/upload/2023/07-18/10-05-510166-183377989.xls
2023,物理类,1222,江苏师范大学,1222-14,14,首选物理，再选思想政治,564,63653,https://www.jseea.cn/webfile/upload/2023/07-18/10-05-510166-183377989.xls
2023,物理类,1223,徐州医科大学,1223-04,04,首选物理，再选不限,537,90080,https://www.jseea.cn/webfile/upload/2023/07-18/10-05-510166-183377989.xls
2023,物理类,1223,徐州医科大学,1223-05,05,首选物理，再选不限,518,109392,https://www.jseea.cn/webfile/upload/2023/07-18/10-05-510166-183377989.xls
2023,物理类,1223,徐州医科大学,1223-06,06,首选物理，再选化学,536,91098,https://www.jseea.cn/webfile/upload/2023/07-18/10-05-510166-183377989.xls
2023,物理类,1223,徐州医科大学,1223-07,07,首选物理，再选化学或生物,513,114462,https://www.jseea.cn/webfile/upload/2023/07-18/10-05-510166-183377989.xls
2023,物理类,1223,徐州医科大学,1223-08,08,首选物理，再选化学或生物,603,30376,https://www.jseea.cn/webfile/upload/2023/07-18/10-05-510166-183377989.xls
2023,物理类,1223,徐州医科大学,1223-09,09,首选物理，再选化学或生物,573,55137,https://www.jseea.cn/webfile/upload/2023/07-18/10-05-510166-183377989.xls
2023,物理类,1223,徐州医科大学,1223-10,10,首选物理，再选化学或生物,536,91098,https://www.jseea.cn/webfile/upload/2023/07-18/10-05-510166-183377989.xls
2023,物理类,1224,徐州工程学院,1224-02,02,首选物理，再选不限,505,122563,https://www.jseea.cn/webfile/upload/2023/07-18/10-05-510166-183377989.xls
2023,物理类,1224,徐州工程学院,1224-03,03,首选物理，再选不限,483,143882,https://www.jseea.cn/webfile/upload/2023/07-18/10-05-510166-183377989.xls
2023,物理类,1224,徐州工程学院,1224-04,04,首选物理，再选不限,462,162620,https://www.jseea.cn/webfile/upload/2023/07-18/10-05-510166-183377989.xls
2023,物理类,1224,徐州工程学院,1224-05,05,首选物理，再选不限,494,133441,https://www.jseea.cn/webfile/upload/2023/07-18/10-05-510166-183377989.xls
2023,物理类,1224,徐州工程学院,1224-06,06,首选物理，再选化学,496,131452,https://www.jseea.cn/webfile/upload/2023/07-18/10-05-510166-183377989.xls
2023,物理类,1242,常州大学,1242-03,03,首选物理，再选不限,545,81926,https://www.jseea.cn/webfile/upload/2023/07-18/10-05-510166-183377989.xls
2023,物理类,1242,常州大学,1242-04,04,首选物理，再选不限,558,69273,https://www.jseea.cn/webfile/upload/2023/07-18/10-05-510166-183377989.xls
2023,物理类,1242,常州大学,1242-05,05,首选物理，再选不限,542,84967,https://www.jseea.cn/webfile/upload/2023/07-18/10-05-510166-183377989.xls
2023,物理类,1242,常州大学,1242-06,06,首选物理，再选化学,535,92078,https://www.jseea.cn/webfile/upload/2023/07-18/10-05-510166-183377989.xls
2023,物理类,1242,常州大学,1242-07,07,首选物理，再选化学或生物,544,82962,https://www.jseea.cn/webfile/upload/2023/07-18/10-05-510166-183377989.xls
2023,物理类,1242,常州大学,1242-08,08,首选物理，再选化学或生物,530,97144,https://www.jseea.cn/webfile/upload/2023/07-18/10-05-510166-183377989.xls
2023,物理类,1242,常州大学,1242-09,09,首选物理，再选化学或生物,509,118484,https://www.jseea.cn/webfile/upload/2023/07-18/10-05-510166-183377989.xls
2023,物理类,1243,常州工学院,1243-05,05,首选物理，再选不限,530,97144,https://www.jseea.cn/webfile/upload/2023/07-18/10-05-510166-183377989.xls
2023,物理类,1243,常州工学院,1243-06,06,首选物理，再选不限,518,109392,https://www.jseea.cn/webfile/upload/2023/07-18/10-05-510166-183377989.xls
2023,物理类,1243,常州工学院,1243-07,07,首选物理，再选不限,497,130481,https://www.jseea.cn/webfile/upload/2023/07-18/10-05-510166-183377989.xls
2023,物理类,1243,常州工学院,1243-08,08,首选物理，再选不限,478,148669,https://www.jseea.cn/webfile/upload/2023/07-18/10-05-510166-183377989.xls
2023,物理类,1243,常州工学院,1243-09,09,首选物理，再选不限,492,135454,https://www.jseea.cn/webfile/upload/2023/07-18/10-05-510166-183377989.xls
2023,物理类,1243,常州工学院,1243-10,10,首选物理，再选化学,509,118484,https://www.jseea.cn/webfile/upload/2023/07-18/10-05-510166-183377989.xls
2023,物理类,1244,江苏理工学院,1244-04,04,首选物理，再选不限,538,89031,https://www.jseea.cn/webfile/upload/2023/07-18/10-05-510166-183377989.xls
2023,物理类,1244,江苏理工学院,1244-05,05,首选物理，再选不限,525,102240,https://www.jseea.cn/webfile/upload/2023/07-18/10-05-510166-183377989.xls
2023,物理类,1244,江苏理工学院,1244-06,06,首选物理，再选不限,505,122563,https://www.jseea.cn/webfile/upload/2023/07-18/10-05-510166-183377989.xls
2023,物理类,1244,江苏理工学院,1244-07,07,首选物理，再选不限,459,165041,https://www.jseea.cn/webfile/upload/2023/07-18/10-05-510166-183377989.xls
2023,物理类,1244,江苏理工学院,1244-08,08,首选物理，再选不限,478,148669,https://www.jseea.cn/webfile/upload/2023/07-18/10-05-510166-183377989.xls
2023,物理类,1244,江苏理工学院,1244-09,09,首选物理，再选化学,537,90080,https://www.jseea.cn/webfile/upload/2023/07-18/10-05-510166-183377989.xls
2023,物理类,1244,江苏理工学院,1244-10,10,首选物理，再选化学,517,110348,https://www.jseea.cn/webfile/upload/2023/07-18/10-05-510166-183377989.xls
2023,物理类,1244,江苏理工学院,1244-11,11,首选物理，再选化学或生物,520,107386,https://www.jseea.cn/webfile/upload/2023/07-18/10-05-510166-183377989.xls
2023,物理类,1244,江苏理工学院,1244-12,12,首选物理，再选化学或生物,492,135454,https://www.jseea.cn/webfile/upload/2023/07-18/10-05-510166-183377989.xls
2023,物理类,1244,江苏理工学院,1244-13,13,首选物理，再选化学或生物,471,154931,https://www.jseea.cn/webfile/upload/2023/07-18/10-05-510166-183377989.xls
2023,物理类,1261,苏州大学,1261-14,14,首选物理，再选不限,635,11117,https://www.jseea.cn/webfile/upload/2023/07-18/10-05-510166-183377989.xls
2023,物理类,1261,苏州大学,1261-15,15,首选物理，再选不限,632,12571,https://www.jseea.cn/webfile/upload/2023/07-18/10-05-510166-183377989.xls
2023,物理类,1261,苏州大学,1261-16,16,首选物理，再选不限,630,13586,https://www.jseea.cn/webfile/upload/2023/07-18/10-05-510166-183377989.xls
2023,物理类,1261,苏州大学,1261-17,17,首选物理，再选不限,639,9243,https://www.jseea.cn/webfile/upload/2023/07-18/10-05-510166-183377989.xls
2023,物理类,1261,苏州大学,1261-18,18,首选物理，再选不限,634,11592,https://www.jseea.cn/webfile/upload/2023/07-18/10-05-510166-183377989.xls
2023,物理类,1261,苏州大学,1261-19,19,首选物理，再选不限,616,21589,https://www.jseea.cn/webfile/upload/2023/07-18/10-05-510166-183377989.xls
2023,物理类,1261,苏州大学,1261-20,20,首选物理，再选不限,621,18502,https://www.jseea.cn/webfile/upload/2023/07-18/10-05-510166-183377989.xls
2023,物理类,1261,苏州大学,1261-21,21,首选物理，再选不限,609,26160,https://www.jseea.cn/webfile/upload/2023/07-18/10-05-510166-183377989.xls
2023,物理类,1261,苏州大学,1261-22,22,首选物理，再选不限,592,38767,https://www.jseea.cn/webfile/upload/2023/07-18/10-05-510166-183377989.xls
2023,物理类,1261,苏州大学,1261-23,23,首选物理，再选化学,630,13586,https://www.jseea.cn/webfile/upload/2023/07-18/10-05-510166-183377989.xls
2023,物理类,1261,苏州大学,1261-24,24,首选物理，再选化学,630,13586,https://www.jseea.cn/webfile/upload/2023/07-18/10-05-510166-183377989.xls
2023,物理类,1261,苏州大学,1261-25,25,首选物理，再选化学,597,34853,https://www.jseea.cn/webfile/upload/2023/07-18/10-05-510166-183377989.xls
2023,物理类,1261,苏州大学,1261-26,26,首选物理，再选化学,613,23567,https://www.jseea.cn/webfile/upload/2023/07-18/10-05-510166-183377989.xls
2023,物理类,1261,苏州大学,1261-27,27,首选物理，再选化学,597,34853,https://www.jseea.cn/webfile/upload/2023/07-18/10-05-510166-183377989.xls
2023,物理类,1261,苏州大学,1261-28,28,首选物理，再选化学或生物,609,26160,https://www.jseea.cn/webfile/upload/2023/07-18/10-05-510166-183377989.xls
2023,物理类,1261,苏州大学,1261-29,29,首选物理，再选化学或生物,610,25495,https://www.jseea.cn/webfile/upload/2023/07-18/10-05-510166-183377989.xls
2023,物理类,1261,苏州大学,1261-30,30,首选物理，再选化学和生物,646,6589,https://www.jseea.cn/webfile/upload/2023/07-18/10-05-510166-183377989.xls
2023,物理类,1261,苏州大学,1261-31,31,首选物理，再选化学和生物,622,17907,https://www.jseea.cn/webfile/upload/2023/07-18/10-05-510166-183377989.xls
2023,物理类,1261,苏州大学,1261-32,32,首选物理，再选生物,604,29715,https://www.jseea.cn/webfile/upload/2023/07-18/10-05-510166-183377989.xls
2023,物理类,1262,苏州科技大学,1262-07,07,首选物理，再选不限,553,74111,https://www.jseea.cn/webfile/upload/2023/07-18/10-05-510166-183377989.xls
2023,物理类,1262,苏州科技大学,1262-08,08,首选物理，再选不限,537,90080,https://www.jseea.cn/webfile/upload/2023/07-18/10-05-510166-183377989.xls
2023,物理类,1262,苏州科技大学,1262-09,09,首选物理，再选不限,530,97144,https://www.jseea.cn/webfile/upload/2023/07-18/10-05-510166-183377989.xls
2023,物理类,1262,苏州科技大学,1262-10,10,首选物理，再选化学,544,82962,https://www.jseea.cn/webfile/upload/2023/07-18/10-05-510166-183377989.xls
2023,物理类,1262,苏州科技大学,1262-11,11,首选物理，再选化学或生物,547,79956,https://www.jseea.cn/webfile/upload/2023/07-18/10-05-510166-183377989.xls
2023,物理类,1262,苏州科技大学,1262-12,12,首选物理，再选化学或地理,552,75102,https://www.jseea.cn/webfile/upload/2023/07-18/10-05-510166-183377989.xls
2023,物理类,1262,苏州科技大学,1262-13,13,首选物理，再选思想政治,574,54145,https://www.jseea.cn/webfile/upload/2023/07-18/10-05-510166-183377989.xls
2023,物理类,1263,常熟理工学院,1263-04,04,首选物理，再选不限,533,94093,https://www.jseea.cn/webfile/upload/2023/07-18/10-05-510166-183377989.xls
2023,物理类,1263,常熟理工学院,1263-05,05,首选物理，再选不限,511,116463,https://www.jseea.cn/webfile/upload/2023/07-18/10-05-510166-183377989.xls
2023,物理类,1263,常熟理工学院,1263-06,06,首选物理，再选不限,523,104327,https://www.jseea.cn/webfile/upload/2023/07-18/10-05-510166-183377989.xls
2023,物理类,1263,常熟理工学院,1263-07,07,首选物理，再选不限,534,93121,https://www.jseea.cn/webfile/upload/2023/07-18/10-05-510166-183377989.xls
2023,物理类,1263,常熟理工学院,1263-08,08,首选物理，再选不限,495,132433,https://www.jseea.cn/webfile/upload/2023/07-18/10-05-510166-183377989.xls
2023,物理类,1263,常熟理工学院,1263-09,09,首选物理，再选不限,470,155785,https://www.jseea.cn/webfile/upload/2023/07-18/10-05-510166-183377989.xls
2023,物理类,1263,常熟理工学院,1263-10,10,首选物理，再选化学,500,127538,https://www.jseea.cn/webfile/upload/2023/07-18/10-05-510166-183377989.xls
2023,物理类,1263,常熟理工学院,1263-11,11,首选物理，再选化学,454,169034,https://www.jseea.cn/webfile/upload/2023/07-18/10-05-510166-183377989.xls
2023,物理类,1263,常熟理工学院,1263-12,12,首选物理，再选化学或生物,519,108391,https://www.jseea.cn/webfile/upload/2023/07-18/10-05-510166-183377989.xls
2023,物理类,1263,常熟理工学院,1263-13,13,首选物理，再选化学或生物,465,160211,https://www.jseea.cn/webfile/upload/2023/07-18/10-05-510166-183377989.xls
2023,物理类,1265,中国人民大学(苏州校区),1265-03,03,首选物理，再选不限,649,5542,https://www.jseea.cn/webfile/upload/2023/07-18/10-05-510166-183377989.xls
2023,物理类,1267,苏州城市学院,1267-04,04,首选物理，再选不限,527,100233,https://www.jseea.cn/webfile/upload/2023/07-18/10-05-510166-183377989.xls
2023,物理类,1267,苏州城市学院,1267-05,05,首选物理，再选不限,528,99220,https://www.jseea.cn/webfile/upload/2023/07-18/10-05-510166-183377989.xls
2023,物理类,1267,苏州城市学院,1267-06,06,首选物理，再选不限,491,136409,https://www.jseea.cn/webfile/upload/2023/07-18/10-05-510166-183377989.xls
2023,物理类,1267,苏州城市学院,1267-07,07,首选物理，再选不限,485,142059,https://www.jseea.cn/webfile/upload/2023/07-18/10-05-510166-183377989.xls
2023,物理类,1267,苏州城市学院,1267-08,08,首选物理，再选不限,494,133441,https://www.jseea.cn/webfile/upload/2023/07-18/10-05-510166-183377989.xls
2023,物理类,1267,苏州城市学院,1267-09,09,首选物理，再选化学,524,103298,https://www.jseea.cn/webfile/upload/2023/07-18/10-05-510166-183377989.xls
2023,物理类,1267,苏州城市学院,1267-10,10,首选物理，再选化学,493,134436,https://www.jseea.cn/webfile/upload/2023/07-18/10-05-510166-183377989.xls
2023,物理类,1301,南通大学,1301-10,10,首选物理，再选不限,551,76116,https://www.jseea.cn/webfile/upload/2023/07-18/10-05-510166-183377989.xls
2023,物理类,1301,南通大学,1301-11,11,首选物理，再选不限,533,94093,https://www.jseea.cn/webfile/upload/2023/07-18/10-05-510166-183377989.xls
2023,物理类,1301,南通大学,1301-12,12,首选物理，再选不限,542,84967,https://www.jseea.cn/webfile/upload/2023/07-18/10-05-510166-183377989.xls
2023,物理类,1301,南通大学,1301-13,13,首选物理，再选不限,560,67391,https://www.jseea.cn/webfile/upload/2023/07-18/10-05-510166-183377989.xls
2023,物理类,1301,南通大学,1301-14,14,首选物理，再选不限,573,55137,https://www.jseea.cn/webfile/upload/2023/07-18/10-05-510166-183377989.xls
2023,物理类,1301,南通大学,1301-15,15,首选物理，再选不限,573,55137,https://www.jseea.cn/webfile/upload/2023/07-18/10-05-510166-183377989.xls
2023,物理类,1301,南通大学,1301-16,16,首选物理，再选不限,527,100233,https://www.jseea.cn/webfile/upload/2023/07-18/10-05-510166-183377989.xls
2023,物理类,1301,南通大学,1301-17,17,首选物理，再选化学,553,74111,https://www.jseea.cn/webfile/upload/2023/07-18/10-05-510166-183377989.xls
2023,物理类,1301,南通大学,1301-18,18,首选物理，再选化学,552,75102,https://www.jseea.cn/webfile/upload/2023/07-18/10-05-510166-183377989.xls
2023,物理类,1301,南通大学,1301-19,19,首选物理，再选化学,542,84967,https://www.jseea.cn/webfile/upload/2023/07-18/10-05-510166-183377989.xls
2023,物理类,1301,南通大学,1301-20,20,首选物理，再选化学或生物,606,28267,https://www.jseea.cn/webfile/upload/2023/07-18/10-05-510166-183377989.xls
2023,物理类,1301,南通大学,1301-21,21,首选物理，再选化学或生物,547,79956,https://www.jseea.cn/webfile/upload/2023/07-18/10-05-510166-183377989.xls
2023,物理类,1301,南通大学,1301-22,22,首选物理，再选化学或地理,553,74111,https://www.jseea.cn/webfile/upload/2023/07-18/10-05-510166-183377989.xls
2023,物理类,1301,南通大学,1301-23,23,首选物理，再选思想政治,558,69273,https://www.jseea.cn/webfile/upload/2023/07-18/10-05-510166-183377989.xls
2023,物理类,1321,江苏海洋大学,1321-03,03,首选物理，再选不限,521,106375,https://www.jseea.cn/webfile/upload/2023/07-18/10-05-510166-183377989.xls
2023,物理类,1321,江苏海洋大学,1321-04,04,首选物理，再选不限,493,134436,https://www.jseea.cn/webfile/upload/2023/07-18/10-05-510166-183377989.xls
2023,物理类,1321,江苏海洋大学,1321-05,05,首选物理，再选不限,489,138274,https://www.jseea.cn/webfile/upload/2023/07-18/10-05-510166-183377989.xls
2023,物理类,1321,江苏海洋大学,1321-06,06,首选物理，再选化学,510,117453,https://www.jseea.cn/webfile/upload/2023/07-18/10-05-510166-183377989.xls
2023,物理类,1321,江苏海洋大学,1321-07,07,首选物理，再选化学或地理,533,94093,https://www.jseea.cn/webfile/upload/2023/07-18/10-05-510166-183377989.xls
2023,物理类,1341,淮阴师范学院,1341-09,09,首选物理，再选不限,494,133441,https://www.jseea.cn/webfile/upload/2023/07-18/10-05-510166-183377989.xls
2023,物理类,1341,淮阴师范学院,1341-10,10,首选物理，再选不限,510,117453,https://www.jseea.cn/webfile/upload/2023/07-18/10-05-510166-183377989.xls
2023,物理类,1341,淮阴师范学院,1341-11,11,首选物理，再选不限,491,136409,https://www.jseea.cn/webfile/upload/2023/07-18/10-05-510166-183377989.xls
2023,物理类,1341,淮阴师范学院,1341-12,12,首选物理，再选化学,526,101268,https://www.jseea.cn/webfile/upload/2023/07-18/10-05-510166-183377989.xls
2023,物理类,1341,淮阴师范学院,1341-13,13,首选物理，再选化学或生物,511,116463,https://www.jseea.cn/webfile/upload/2023/07-18/10-05-510166-183377989.xls
2023,物理类,1341,淮阴师范学院,1341-14,14,首选物理，再选化学或地理,507,120486,https://www.jseea.cn/webfile/upload/2023/07-18/10-05-510166-183377989.xls
2023,物理类,1342,淮阴工学院,1342-03,03,首选物理，再选不限,502,125541,https://www.jseea.cn/webfile/upload/2023/07-18/10-05-510166-183377989.xls
2023,物理类,1342,淮阴工学院,1342-04,04,首选物理，再选不限,465,160211,https://www.jseea.cn/webfile/upload/2023/07-18/10-05-510166-183377989.xls
2023,物理类,1342,淮阴工学院,1342-05,05,首选物理，再选不限,498,129552,https://www.jseea.cn/webfile/upload/2023/07-18/10-05-510166-183377989.xls
2023,物理类,1342,淮阴工学院,1342-06,06,首选物理，再选化学,497,130481,https://www.jseea.cn/webfile/upload/2023/07-18/10-05-510166-183377989.xls
2023,物理类,1342,淮阴工学院,1342-07,07,首选物理，再选化学或生物,501,126588,https://www.jseea.cn/webfile/upload/2023/07-18/10-05-510166-183377989.xls
2023,物理类,1361,盐城工学院,1361-02,02,首选物理，再选不限,500,127538,https://www.jseea.cn/webfile/upload/2023/07-18/10-05-510166-183377989.xls
2023,物理类,1361,盐城工学院,1361-03,03,首选物理，再选不限,474,152315,https://www.jseea.cn/webfile/upload/2023/07-18/10-05-510166-183377989.xls
2023,物理类,1361,盐城工学院,1361-04,04,首选物理，再选化学,483,143882,https://www.jseea.cn/webfile/upload/2023/07-18/10-05-510166-183377989.xls
2023,物理类,1362,盐城师范学院,1362-09,09,首选物理，再选不限,481,145762,https://www.jseea.cn/webfile/upload/2023/07-18/10-05-510166-183377989.xls
2023,物理类,1362,盐城师范学院,1362-10,10,首选物理，再选不限,487,140150,https://www.jseea.cn/webfile/upload/2023/07-18/10-05-510166-183377989.xls
2023,物理类,1362,盐城师范学院,1362-11,11,首选物理，再选化学,520,107386,https://www.jseea.cn/webfile/upload/2023/07-18/10-05-510166-183377989.xls
2023,物理类,1362,盐城师范学院,1362-12,12,首选物理，再选化学或生物,513,114462,https://www.jseea.cn/webfile/upload/2023/07-18/10-05-510166-183377989.xls
2023,物理类,1362,盐城师范学院,1362-13,13,首选物理，再选化学或地理,494,133441,https://www.jseea.cn/webfile/upload/2023/07-18/10-05-510166-183377989.xls
2023,物理类,1362,盐城师范学院,1362-14,14,首选物理，再选生物或地理,511,116463,https://www.jseea.cn/webfile/upload/2023/07-18/10-05-510166-183377989.xls
2023,物理类,1381,扬州大学,1381-19,19,首选物理，再选不限,616,21589,https://www.jseea.cn/webfile/upload/2023/07-18/10-05-510166-183377989.xls
2023,物理类,1381,扬州大学,1381-20,20,首选物理，再选不限,592,38767,https://www.jseea.cn/webfile/upload/2023/07-18/10-05-510166-183377989.xls
2023,物理类,1381,扬州大学,1381-21,21,首选物理，再选不限,551,76116,https://www.jseea.cn/webfile/upload/2023/07-18/10-05-510166-183377989.xls
2023,物理类,1381,扬州大学,1381-22,22,首选物理，再选不限,576,52349,https://www.jseea.cn/webfile/upload/2023/07-18/10-05-510166-183377989.xls
2023,物理类,1381,扬州大学,1381-23,23,首选物理，再选不限,539,87985,https://www.jseea.cn/webfile/upload/2023/07-18/10-05-510166-183377989.xls
2023,物理类,1381,扬州大学,1381-24,24,首选物理，再选不限,519,108391,https://www.jseea.cn/webfile/upload/2023/07-18/10-05-510166-183377989.xls
2023,物理类,1381,扬州大学,1381-25,25,首选物理，再选不限,559,68330,https://www.jseea.cn/webfile/upload/2023/07-18/10-05-510166-183377989.xls
2023,物理类,1381,扬州大学,1381-26,26,首选物理，再选化学,584,45409,https://www.jseea.cn/webfile/upload/2023/07-18/10-05-510166-183377989.xls
2023,物理类,1381,扬州大学,1381-27,27,首选物理，再选化学,555,72167,https://www.jseea.cn/webfile/upload/2023/07-18/10-05-510166-183377989.xls
2023,物理类,1381,扬州大学,1381-28,28,首选物理，再选化学或生物,580,48831,https://www.jseea.cn/webfile/upload/2023/07-18/10-05-510166-183377989.xls
2023,物理类,1381,扬州大学,1381-29,29,首选物理，再选化学或生物,557,70200,https://www.jseea.cn/webfile/upload/2023/07-18/10-05-510166-183377989.xls
2023,物理类,1381,扬州大学,1381-30,30,首选物理，再选化学或生物,551,76116,https://www.jseea.cn/webfile/upload/2023/07-18/10-05-510166-183377989.xls
2023,物理类,1381,扬州大学,1381-31,31,首选物理，再选化学或生物,510,117453,https://www.jseea.cn/webfile/upload/2023/07-18/10-05-510166-183377989.xls
2023,物理类,1401,江苏大学,1401-12,12,首选物理，再选不限,606,28267,https://www.jseea.cn/webfile/upload/2023/07-18/10-05-510166-183377989.xls
2023,物理类,1401,江苏大学,1401-13,13,首选物理，再选不限,596,35650,https://www.jseea.cn/webfile/upload/2023/07-18/10-05-510166-183377989.xls
2023,物理类,1401,江苏大学,1401-14,14,首选物理，再选不限,592,38767,https://www.jseea.cn/webfile/upload/2023/07-18/10-05-510166-183377989.xls
2023,物理类,1401,江苏大学,1401-15,15,首选物理，再选不限,586,43656,https://www.jseea.cn/webfile/upload/2023/07-18/10-05-510166-183377989.xls
2023,物理类,1401,江苏大学,1401-16,16,首选物理，再选不限,584,45409,https://www.jseea.cn/webfile/upload/2023/07-18/10-05-510166-183377989.xls
2023,物理类,1401,江苏大学,1401-17,17,首选物理，再选不限,566,61773,https://www.jseea.cn/webfile/upload/2023/07-18/10-05-510166-183377989.xls
2023,物理类,1401,江苏大学,1401-18,18,首选物理，再选不限,557,70200,https://www.jseea.cn/webfile/upload/2023/07-18/10-05-510166-183377989.xls
2023,物理类,1401,江苏大学,1401-19,19,首选物理，再选不限,577,51455,https://www.jseea.cn/webfile/upload/2023/07-18/10-05-510166-183377989.xls
2023,物理类,1401,江苏大学,1401-20,20,首选物理，再选不限,581,47954,https://www.jseea.cn/webfile/upload/2023/07-18/10-05-510166-183377989.xls
2023,物理类,1401,江苏大学,1401-21,21,首选物理，再选不限,570,57928,https://www.jseea.cn/webfile/upload/2023/07-18/10-05-510166-183377989.xls
2023,物理类,1401,江苏大学,1401-22,22,首选物理，再选不限,579,49755,https://www.jseea.cn/webfile/upload/2023/07-18/10-05-510166-183377989.xls
2023,物理类,1401,江苏大学,1401-23,23,首选物理，再选不限,544,82962,https://www.jseea.cn/webfile/upload/2023/07-18/10-05-510166-183377989.xls
2023,物理类,1401,江苏大学,1401-24,24,首选物理，再选不限,540,86936,https://www.jseea.cn/webfile/upload/2023/07-18/10-05-510166-183377989.xls
2023,物理类,1401,江苏大学,1401-25,25,首选物理，再选不限,506,121516,https://www.jseea.cn/webfile/upload/2023/07-18/10-05-510166-183377989.xls
2023,物理类,1401,江苏大学,1401-26,26,首选物理，再选化学,563,64500,https://www.jseea.cn/webfile/upload/2023/07-18/10-05-510166-183377989.xls
2023,物理类,1401,江苏大学,1401-27,27,首选物理，再选化学,581,47954,https://www.jseea.cn/webfile/upload/2023/07-18/10-05-510166-183377989.xls
2023,物理类,1401,江苏大学,1401-28,28,首选物理，再选化学或生物,600,32621,https://www.jseea.cn/webfile/upload/2023/07-18/10-05-510166-183377989.xls
2023,物理类,1401,江苏大学,1401-29,29,首选物理，再选化学或生物,581,47954,https://www.jseea.cn/webfile/upload/2023/07-18/10-05-510166-183377989.xls
2023,物理类,1402,江苏科技大学,1402-07,07,首选物理，再选不限,556,71147,https://www.jseea.cn/webfile/upload/2023/07-18/10-05-510166-183377989.xls
2023,物理类,1402,江苏科技大学,1402-08,08,首选物理，再选不限,532,95097,https://www.jseea.cn/webfile/upload/2023/07-18/10-05-510166-183377989.xls
2023,物理类,1402,江苏科技大学,1402-09,09,首选物理，再选不限,543,83977,https://www.jseea.cn/webfile/upload/2023/07-18/10-05-510166-183377989.xls
2023,物理类,1402,江苏科技大学,1402-10,10,首选物理，再选不限,552,75102,https://www.jseea.cn/webfile/upload/2023/07-18/10-05-510166-183377989.xls
2023,物理类,1402,江苏科技大学,1402-11,11,首选物理，再选不限,498,129552,https://www.jseea.cn/webfile/upload/2023/07-18/10-05-510166-183377989.xls
2023,物理类,1402,江苏科技大学,1402-12,12,首选物理，再选不限,496,131452,https://www.jseea.cn/webfile/upload/2023/07-18/10-05-510166-183377989.xls
2023,物理类,1402,江苏科技大学,1402-13,13,首选物理，再选不限,498,129552,https://www.jseea.cn/webfile/upload/2023/07-18/10-05-510166-183377989.xls
2023,物理类,1402,江苏科技大学,1402-14,14,首选物理，再选化学,541,85961,https://www.jseea.cn/webfile/upload/2023/07-18/10-05-510166-183377989.xls
2023,物理类,1402,江苏科技大学,1402-15,15,首选物理，再选化学,488,139208,https://www.jseea.cn/webfile/upload/2023/07-18/10-05-510166-183377989.xls
2023,物理类,1402,江苏科技大学,1402-16,16,首选物理，再选化学,492,135454,https://www.jseea.cn/webfile/upload/2023/07-18/10-05-510166-183377989.xls
2023,物理类,1402,江苏科技大学,1402-17,17,首选物理，再选化学,482,144814,https://www.jseea.cn/webfile/upload/2023/07-18/10-05-510166-183377989.xls
2023,物理类,1402,江苏科技大学,1402-18,18,首选物理，再选化学或生物,545,81926,https://www.jseea.cn/webfile/upload/2023/07-18/10-05-510166-183377989.xls
2023,物理类,1402,江苏科技大学,1402-19,19,首选物理，再选思想政治,557,70200,https://www.jseea.cn/webfile/upload/2023/07-18/10-05-510166-183377989.xls
2023,物理类,1421,泰州学院,1421-04,04,首选物理，再选不限,495,132433,https://www.jseea.cn/webfile/upload/2023/07-18/10-05-510166-183377989.xls
2023,物理类,1421,泰州学院,1421-05,05,首选物理，再选化学,488,139208,https://www.jseea.cn/webfile/upload/2023/07-18/10-05-510166-183377989.xls
2023,物理类,1421,泰州学院,1421-06,06,首选物理，再选化学,485,142059,https://www.jseea.cn/webfile/upload/2023/07-18/10-05-510166-183377989.xls
2023,物理类,1426,宿迁学院,1426-03,03,首选物理，再选不限,494,133441,https://www.jseea.cn/webfile/upload/2023/07-18/10-05-510166-183377989.xls
2023,物理类,1426,宿迁学院,1426-04,04,首选物理，再选化学,480,146747,https://www.jseea.cn/webfile/upload/2023/07-18/10-05-510166-183377989.xls
2023,物理类,1426,宿迁学院,1426-05,05,首选物理，再选化学或生物,497,130481,https://www.jseea.cn/webfile/upload/2023/07-18/10-05-510166-183377989.xls
2023,物理类,1426,宿迁学院,1426-06,06,首选物理，再选思想政治,528,99220,https://www.jseea.cn/webfile/upload/2023/07-18/10-05-510166-183377989.xls
2023,物理类,1802,东南大学成贤学院,1802-03,03,首选物理，再选不限,496,131452,https://www.jseea.cn/webfile/upload/2023/07-18/10-05-510166-183377989.xls
2023,物理类,1802,东南大学成贤学院,1802-04,04,首选物理，再选不限,503,124505,https://www.jseea.cn/webfile/upload/2023/07-18/10-05-510166-183377989.xls
2023,物理类,1802,东南大学成贤学院,1802-05,05,首选物理，再选不限,490,137354,https://www.jseea.cn/webfile/upload/2023/07-18/10-05-510166-183377989.xls
2023,物理类,1802,东南大学成贤学院,1802-06,06,首选物理，再选化学,485,142059,https://www.jseea.cn/webfile/upload/2023/07-18/10-05-510166-183377989.xls
2023,物理类,1803,南京航空航天大学金城学院,1803-05,05,首选物理，再选不限,490,137354,https://www.jseea.cn/webfile/upload/2023/07-18/10-05-510166-183377989.xls
2023,物理类,1803,南京航空航天大学金城学院,1803-06,06,首选物理，再选不限,486,141124,https://www.jseea.cn/webfile/upload/2023/07-18/10-05-510166-183377989.xls
2023,物理类,1803,南京航空航天大学金城学院,1803-07,07,首选物理，再选不限,481,145762,https://www.jseea.cn/webfile/upload/2023/07-18/10-05-510166-183377989.xls
2023,物理类,1803,南京航空航天大学金城学院,1803-08,08,首选物理，再选不限,481,145762,https://www.jseea.cn/webfile/upload/2023/07-18/10-05-510166-183377989.xls
2023,物理类,1803,南京航空航天大学金城学院,1803-09,09,首选物理，再选不限,488,139208,https://www.jseea.cn/webfile/upload/2023/07-18/10-05-510166-183377989.xls
2023,物理类,1803,南京航空航天大学金城学院,1803-10,10,首选物理，再选不限,481,145762,https://www.jseea.cn/webfile/upload/2023/07-18/10-05-510166-183377989.xls
2023,物理类,1803,南京航空航天大学金城学院,1803-11,11,首选物理，再选化学,474,152315,https://www.jseea.cn/webfile/upload/2023/07-18/10-05-510166-183377989.xls
2023,物理类,1803,南京航空航天大学金城学院,1803-12,12,首选物理，再选思想政治,482,144814,https://www.jseea.cn/webfile/upload/2023/07-18/10-05-510166-183377989.xls
2023,物理类,1804,南京理工大学紫金学院,1804-03,03,首选物理，再选不限,504,123513,https://www.jseea.cn/webfile/upload/2023/07-18/10-05-510166-183377989.xls
2023,物理类,1804,南京理工大学紫金学院,1804-04,04,首选物理，再选不限,506,121516,https://www.jseea.cn/webfile/upload/2023/07-18/10-05-510166-183377989.xls
2023,物理类,1804,南京理工大学紫金学院,1804-05,05,首选物理，再选不限,498,129552,https://www.jseea.cn/webfile/upload/2023/07-18/10-05-510166-183377989.xls
2023,物理类,1804,南京理工大学紫金学院,1804-06,06,首选物理，再选不限,494,133441,https://www.jseea.cn/webfile/upload/2023/07-18/10-05-510166-183377989.xls
2023,物理类,1804,南京理工大学紫金学院,1804-07,07,首选物理，再选不限,497,130481,https://www.jseea.cn/webfile/upload/2023/07-18/10-05-510166-183377989.xls
2023,物理类,1804,南京理工大学紫金学院,1804-08,08,首选物理，再选不限,496,131452,https://www.jseea.cn/webfile/upload/2023/07-18/10-05-510166-183377989.xls
2023,物理类,1804,南京理工大学紫金学院,1804-09,09,首选物理，再选化学,493,134436,https://www.jseea.cn/webfile/upload/2023/07-18/10-05-510166-183377989.xls
2023,物理类,1807,南京审计大学金审学院,1807-02,02,首选物理，再选不限,488,139208,https://www.jseea.cn/webfile/upload/2023/07-18/10-05-510166-183377989.xls
2023,物理类,1810,南京工业大学浦江学院,1810-04,04,首选物理，再选不限,488,139208,https://www.jseea.cn/webfile/upload/2023/07-18/10-05-510166-183377989.xls
2023,物理类,1810,南京工业大学浦江学院,1810-05,05,首选物理，再选不限,483,143882,https://www.jseea.cn/webfile/upload/2023/07-18/10-05-510166-183377989.xls
2023,物理类,1810,南京工业大学浦江学院,1810-06,06,首选物理，再选不限,479,147716,https://www.jseea.cn/webfile/upload/2023/07-18/10-05-510166-183377989.xls
2023,物理类,1810,南京工业大学浦江学院,1810-07,07,首选物理，再选不限,483,143882,https://www.jseea.cn/webfile/upload/2023/07-18/10-05-510166-183377989.xls
2023,物理类,1810,南京工业大学浦江学院,1810-08,08,首选物理，再选不限,462,162620,https://www.jseea.cn/webfile/upload/2023/07-18/10-05-510166-183377989.xls
2023,物理类,1810,南京工业大学浦江学院,1810-09,09,首选物理，再选化学,483,143882,https://www.jseea.cn/webfile/upload/2023/07-18/10-05-510166-183377989.xls
2023,物理类,1810,南京工业大学浦江学院,1810-10,10,首选物理，再选化学或生物,482,144814,https://www.jseea.cn/webfile/upload/2023/07-18/10-05-510166-183377989.xls
2023,物理类,1816,南京财经大学红山学院,1816-02,02,首选物理，再选不限,473,153184,https://www.jseea.cn/webfile/upload/2023/07-18/10-05-510166-183377989.xls
2023,物理类,1826,中国矿业大学徐海学院,1826-02,02,首选物理，再选不限,472,154057,https://www.jseea.cn/webfile/upload/2023/07-18/10-05-510166-183377989.xls
2023,物理类,1827,江苏师范大学科文学院,1827-03,03,首选物理，再选不限,469,156709,https://www.jseea.cn/webfile/upload/2023/07-18/10-05-510166-183377989.xls
2023,物理类,1827,江苏师范大学科文学院,1827-04,04,首选物理，再选化学,473,153184,https://www.jseea.cn/webfile/upload/2023/07-18/10-05-510166-183377989.xls
2023,物理类,1827,江苏师范大学科文学院,1827-05,05,首选物理，再选化学或地理,473,153184,https://www.jseea.cn/webfile/upload/2023/07-18/10-05-510166-183377989.xls
2023,物理类,1834,苏州大学应用技术学院,1834-02,02,首选物理，再选不限,478,148669,https://www.jseea.cn/webfile/upload/2023/07-18/10-05-510166-183377989.xls
2023,物理类,1834,苏州大学应用技术学院,1834-03,03,首选物理，再选不限,481,145762,https://www.jseea.cn/webfile/upload/2023/07-18/10-05-510166-183377989.xls
2023,物理类,1834,苏州大学应用技术学院,1834-04,04,首选物理，再选不限,468,157548,https://www.jseea.cn/webfile/upload/2023/07-18/10-05-510166-183377989.xls
2023,物理类,1834,苏州大学应用技术学院,1834-05,05,首选物理，再选化学,455,168261,https://www.jseea.cn/webfile/upload/2023/07-18/10-05-510166-183377989.xls
2023,物理类,1835,苏州科技大学天平学院,1835-03,03,首选物理，再选不限,480,146747,https://www.jseea.cn/webfile/upload/2023/07-18/10-05-510166-183377989.xls
2023,物理类,1835,苏州科技大学天平学院,1835-04,04,首选物理，再选化学,470,155785,https://www.jseea.cn/webfile/upload/2023/07-18/10-05-510166-183377989.xls
2023,物理类,1835,苏州科技大学天平学院,1835-05,05,首选物理，再选化学或生物,476,150469,https://www.jseea.cn/webfile/upload/2023/07-18/10-05-510166-183377989.xls
2023,物理类,1835,苏州科技大学天平学院,1835-06,06,首选物理，再选化学或地理,482,144814,https://www.jseea.cn/webfile/upload/2023/07-18/10-05-510166-183377989.xls
2023,物理类,1837,江苏科技大学苏州理工学院,1837-02,02,首选物理，再选不限,478,148669,https://www.jseea.cn/webfile/upload/2023/07-18/10-05-510166-183377989.xls
2023,物理类,1837,江苏科技大学苏州理工学院,1837-03,03,首选物理，再选化学,479,147716,https://www.jseea.cn/webfile/upload/2023/07-18/10-05-510166-183377989.xls
2023,物理类,1838,南通大学杏林学院,1838-02,02,首选物理，再选不限,468,157548,https://www.jseea.cn/webfile/upload/2023/07-18/10-05-510166-183377989.xls
2023,物理类,1838,南通大学杏林学院,1838-03,03,首选物理，再选化学,470,155785,https://www.jseea.cn/webfile/upload/2023/07-18/10-05-510166-183377989.xls
2023,物理类,1838,南通大学杏林学院,1838-04,04,首选物理，再选化学或生物,532,95097,https://www.jseea.cn/webfile/upload/2023/07-18/10-05-510166-183377989.xls
2023,物理类,1844,扬州大学广陵学院,1844-02,02,首选物理，再选不限,478,148669,https://www.jseea.cn/webfile/upload/2023/07-18/10-05-510166-183377989.xls
2023,物理类,1844,扬州大学广陵学院,1844-03,03,首选物理，再选化学,477,149565,https://www.jseea.cn/webfile/upload/2023/07-18/10-05-510166-183377989.xls
2023,物理类,1844,扬州大学广陵学院,1844-04,04,首选物理，再选化学或生物,478,148669,https://www.jseea.cn/webfile/upload/2023/07-18/10-05-510166-183377989.xls
2023,物理类,1845,江苏大学京江学院,1845-02,02,首选物理，再选不限,476,150469,https://www.jseea.cn/webfile/upload/2023/07-18/10-05-510166-183377989.xls
2023,物理类,1845,江苏大学京江学院,1845-03,03,首选物理，再选化学,477,149565,https://www.jseea.cn/webfile/upload/2023/07-18/10-05-510166-183377989.xls
2023,物理类,1846,南京医科大学康达学院,1846-03,03,首选物理，再选不限,497,130481,https://www.jseea.cn/webfile/upload/2023/07-18/10-05-510166-183377989.xls
2023,物理类,1846,南京医科大学康达学院,1846-04,04,首选物理，再选化学,467,158486,https://www.jseea.cn/webfile/upload/2023/07-18/10-05-510166-183377989.xls
2023,物理类,1846,南京医科大学康达学院,1846-05,05,首选物理，再选化学或生物,530,97144,https://www.jseea.cn/webfile/upload/2023/07-18/10-05-510166-183377989.xls
2023,物理类,1847,南京师范大学泰州学院,1847-02,02,首选物理，再选不限,472,154057,https://www.jseea.cn/webfile/upload/2023/07-18/10-05-510166-183377989.xls
2023,物理类,1847,南京师范大学泰州学院,1847-03,03,首选物理，再选化学,471,154931,https://www.jseea.cn/webfile/upload/2023/07-18/10-05-510166-183377989.xls
2023,物理类,1848,南京理工大学泰州科技学院,1848-02,02,首选物理，再选不限,491,136409,https://www.jseea.cn/webfile/upload/2023/07-18/10-05-510166-183377989.xls
2023,物理类,1848,南京理工大学泰州科技学院,1848-03,03,首选物理，再选不限,494,133441,https://www.jseea.cn/webfile/upload/2023/07-18/10-05-510166-183377989.xls
2023,物理类,1848,南京理工大学泰州科技学院,1848-04,04,首选物理，再选不限,494,133441,https://www.jseea.cn/webfile/upload/2023/07-18/10-05-510166-183377989.xls
2023,物理类,1848,南京理工大学泰州科技学院,1848-05,05,首选物理，再选不限,478,148669,https://www.jseea.cn/webfile/upload/2023/07-18/10-05-510166-183377989.xls
2023,物理类,1848,南京理工大学泰州科技学院,1848-06,06,首选物理，再选不限,488,139208,https://www.jseea.cn/webfile/upload/2023/07-18/10-05-510166-183377989.xls
2023,物理类,1848,南京理工大学泰州科技学院,1848-07,07,首选物理，再选化学,483,143882,https://www.jseea.cn/webfile/upload/2023/07-18/10-05-510166-183377989.xls
2023,物理类,1848,南京理工大学泰州科技学院,1848-08,08,首选物理，再选化学或生物,481,145762,https://www.jseea.cn/webfile/upload/2023/07-18/10-05-510166-183377989.xls
2023,物理类,1850,南京邮电大学通达学院,1850-02,02,首选物理，再选不限,486,141124,https://www.jseea.cn/webfile/upload/2023/07-18/10-05-510166-183377989.xls
2023,物理类,1850,南京邮电大学通达学院,1850-03,03,首选物理，再选不限,485,142059,https://www.jseea.cn/webfile/upload/2023/07-18/10-05-510166-183377989.xls
2023,物理类,1850,南京邮电大学通达学院,1850-04,04,首选物理，再选化学,485,142059,https://www.jseea.cn/webfile/upload/2023/07-18/10-05-510166-183377989.xls
2023,物理类,1855,常州大学怀德学院,1855-02,02,首选物理，再选不限,468,157548,https://www.jseea.cn/webfile/upload/2023/07-18/10-05-510166-183377989.xls
2023,物理类,1858,南京师范大学中北学院,1858-03,03,首选物理，再选不限,478,148669,https://www.jseea.cn/webfile/upload/2023/07-18/10-05-510166-183377989.xls
2023,物理类,1858,南京师范大学中北学院,1858-04,04,首选物理，再选不限,474,152315,https://www.jseea.cn/webfile/upload/2023/07-18/10-05-510166-183377989.xls
2023,物理类,1858,南京师范大学中北学院,1858-05,05,首选物理，再选化学,468,157548,https://www.jseea.cn/webfile/upload/2023/07-18/10-05-510166-183377989.xls
2023,物理类,1858,南京师范大学中北学院,1858-06,06,首选物理，再选化学或生物,473,153184,https://www.jseea.cn/webfile/upload/2023/07-18/10-05-510166-183377989.xls
2023,物理类,1901,南京传媒学院,1901-02,02,首选物理，再选不限,462,162620,https://www.jseea.cn/webfile/upload/2023/07-18/10-05-510166-183377989.xls
2023,物理类,1911,三江学院,1911-02,02,首选物理，再选不限,467,158486,https://www.jseea.cn/webfile/upload/2023/07-18/10-05-510166-183377989.xls
2023,物理类,1911,三江学院,1911-03,03,首选物理，再选化学,465,160211,https://www.jseea.cn/webfile/upload/2023/07-18/10-05-510166-183377989.xls
2023,物理类,1915,无锡太湖学院,1915-02,02,首选物理，再选不限,474,152315,https://www.jseea.cn/webfile/upload/2023/07-18/10-05-510166-183377989.xls
2023,物理类,1915,无锡太湖学院,1915-03,03,首选物理，再选不限,453,169837,https://www.jseea.cn/webfile/upload/2023/07-18/10-05-510166-183377989.xls
2023,物理类,1915,无锡太湖学院,1915-04,04,首选物理，再选化学,472,154057,https://www.jseea.cn/webfile/upload/2023/07-18/10-05-510166-183377989.xls
2023,物理类,1915,无锡太湖学院,1915-05,05,首选物理，再选化学或生物,478,148669,https://www.jseea.cn/webfile/upload/2023/07-18/10-05-510166-183377989.xls
2023,物理类,1921,西交利物浦大学,1921-03,03,首选物理，再选不限,554,73152,https://www.jseea.cn/webfile/upload/2023/07-18/10-05-510166-183377989.xls
2023,物理类,1921,西交利物浦大学,1921-04,04,首选物理，再选化学,570,57928,https://www.jseea.cn/webfile/upload/2023/07-18/10-05-510166-183377989.xls
2023,物理类,1921,西交利物浦大学,1921-05,05,首选物理，再选化学或生物,553,74111,https://www.jseea.cn/webfile/upload/2023/07-18/10-05-510166-183377989.xls
2023,物理类,1928,南通理工学院,1928-02,02,首选物理，再选不限,461,163419,https://www.jseea.cn/webfile/upload/2023/07-18/10-05-510166-183377989.xls
2023,物理类,1928,南通理工学院,1928-03,03,首选物理，再选化学,459,165041,https://www.jseea.cn/webfile/upload/2023/07-18/10-05-510166-183377989.xls
2023,物理类,2101,复旦大学,2101-04,04,首选物理，再选不限,678,493,https://www.jseea.cn/webfile/upload/2023/07-18/10-05-510166-183377989.xls
2023,物理类,2101,复旦大学,2101-05,05,首选物理，再选化学,676,624,https://www.jseea.cn/webfile/upload/2023/07-18/10-05-510166-183377989.xls
2023,物理类,2102,同济大学,2102-03,03,首选物理，再选不限,659,2949,https://www.jseea.cn/webfile/upload/2023/07-18/10-05-510166-183377989.xls
2023,物理类,2102,同济大学,2102-04,04,首选物理，再选不限,653,4396,https://www.jseea.cn/webfile/upload/2023/07-18/10-05-510166-183377989.xls
2023,物理类,2102,同济大学,2102-05,05,首选物理，再选化学,658,3165,https://www.jseea.cn/webfile/upload/2023/07-18/10-05-510166-183377989.xls
2023,物理类,2102,同济大学,2102-06,06,首选物理，再选化学或生物,660,2754,https://www.jseea.cn/webfile/upload/2023/07-18/10-05-510166-183377989.xls
2023,物理类,2103,上海交通大学,2103-02,02,首选物理，再选不限,677,557,https://www.jseea.cn/webfile/upload/2023/07-18/10-05-510166-183377989.xls
2023,物理类,2103,上海交通大学,2103-03,03,首选物理，再选不限,670,1162,https://www.jseea.cn/webfile/upload/2023/07-18/10-05-510166-183377989.xls
2023,物理类,2103,上海交通大学,2103-04,04,首选物理，再选不限,688,116,https://www.jseea.cn/webfile/upload/2023/07-18/10-05-510166-183377989.xls
2023,物理类,2104,华东理工大学,2104-02,02,首选物理，再选不限,631,13100,https://www.jseea.cn/webfile/upload/2023/07-18/10-05-510166-183377989.xls
2023,物理类,2104,华东理工大学,2104-03,03,首选物理，再选不限,615,22199,https://www.jseea.cn/webfile/upload/2023/07-18/10-05-510166-183377989.xls
2023,物理类,2104,华东理工大学,2104-04,04,首选物理，再选化学,637,10153,https://www.jseea.cn/webfile/upload/2023/07-18/10-05-510166-183377989.xls
2023,物理类,2104,华东理工大学,2104-05,05,首选物理，再选化学或生物,630,13586,https://www.jseea.cn/webfile/upload/2023/07-18/10-05-510166-183377989.xls
2023,物理类,2105,东华大学,2105-02,02,首选物理，再选不限,616,21589,https://www.jseea.cn/webfile/upload/2023/07-18/10-05-510166-183377989.xls
2023,物理类,2105,东华大学,2105-03,03,首选物理，再选化学,611,24840,https://www.jseea.cn/webfile/upload/2023/07-18/10-05-510166-183377989.xls
2023,物理类,2106,华东师范大学,2106-04,04,首选物理，再选不限,652,4642,https://www.jseea.cn/webfile/upload/2023/07-18/10-05-510166-183377989.xls
2023,物理类,2106,华东师范大学,2106-05,05,首选物理，再选化学,658,3165,https://www.jseea.cn/webfile/upload/2023/07-18/10-05-510166-183377989.xls
2023,物理类,2106,华东师范大学,2106-06,06,首选物理，再选化学或生物,651,4919,https://www.jseea.cn/webfile/upload/2023/07-18/10-05-510166-183377989.xls
2023,物理类,2106,华东师范大学,2106-07,07,首选物理，再选化学或地理,653,4396,https://www.jseea.cn/webfile/upload/2023/07-18/10-05-510166-183377989.xls
2023,物理类,2107,华东政法大学,2107-02,02,首选物理，再选不限,636,10611,https://www.jseea.cn/webfile/upload/2023/07-18/10-05-510166-183377989.xls
2023,物理类,2109,上海外国语大学,2109-03,03,首选物理，再选不限,625,16212,https://www.jseea.cn/webfile/upload/2023/07-18/10-05-510166-183377989.xls
2023,物理类,2110,上海财经大学,2110-02,02,首选物理，再选不限,640,8828,https://www.jseea.cn/webfile/upload/2023/07-18/10-05-510166-183377989.xls
2023,物理类,2111,上海师范大学,2111-03,03,首选物理，再选不限,581,47954,https://www.jseea.cn/webfile/upload/2023/07-18/10-05-510166-183377989.xls
2023,物理类,2111,上海师范大学,2111-04,04,首选物理，再选不限,578,50594,https://www.jseea.cn/webfile/upload/2023/07-18/10-05-510166-183377989.xls
2023,物理类,2111,上海师范大学,2111-05,05,首选物理，再选化学或生物,604,29715,https://www.jseea.cn/webfile/upload/2023/07-18/10-05-510166-183377989.xls
2023,物理类,2112,上海大学,2112-02,02,首选物理，再选不限,637,10153,https://www.jseea.cn/webfile/upload/2023/07-18/10-05-510166-183377989.xls
2023,物理类,2112,上海大学,2112-03,03,首选物理，再选不限,613,23567,https://www.jseea.cn/webfile/upload/2023/07-18/10-05-510166-183377989.xls
2023,物理类,2112,上海大学,2112-04,04,首选物理，再选化学,632,12571,https://www.jseea.cn/webfile/upload/2023/07-18/10-05-510166-183377989.xls
2023,物理类,2112,上海大学,2112-05,05,首选物理，再选化学,612,24194,https://www.jseea.cn/webfile/upload/2023/07-18/10-05-510166-183377989.xls
2023,物理类,2113,上海中医药大学,2113-01,01,首选物理，再选不限,637,10153,https://www.jseea.cn/webfile/upload/2023/07-18/10-05-510166-183377989.xls
2023,物理类,2113,上海中医药大学,2113-02,02,首选物理，再选化学或生物,594,37178,https://www.jseea.cn/webfile/upload/2023/07-18/10-05-510166-183377989.xls
2023,物理类,2114,上海对外经贸大学,2114-03,03,首选物理，再选不限,610,25495,https://www.jseea.cn/webfile/upload/2023/07-18/10-05-510166-183377989.xls
2023,物理类,2114,上海对外经贸大学,2114-04,04,首选物理，再选不限,584,45409,https://www.jseea.cn/webfile/upload/2023/07-18/10-05-510166-183377989.xls
2023,物理类,2115,上海理工大学,2115-03,03,首选物理，再选不限,602,31134,https://www.jseea.cn/webfile/upload/2023/07-18/10-05-510166-183377989.xls
2023,物理类,2115,上海理工大学,2115-04,04,首选物理，再选不限,594,37178,https://www.jseea.cn/webfile/upload/2023/07-18/10-05-510166-183377989.xls
2023,物理类,2116,上海海洋大学,2116-02,02,首选物理，再选不限,594,37178,https://www.jseea.cn/webfile/upload/2023/07-18/10-05-510166-183377989.xls
2023,物理类,2116,上海海洋大学,2116-03,03,首选物理，再选不限,578,50594,https://www.jseea.cn/webfile/upload/2023/07-18/10-05-510166-183377989.xls
2023,物理类,2117,上海海事大学,2117-03,03,首选物理，再选不限,595,36406,https://www.jseea.cn/webfile/upload/2023/07-18/10-05-510166-183377989.xls
2023,物理类,2117,上海海事大学,2117-04,04,首选物理，再选化学,598,34106,https://www.jseea.cn/webfile/upload/2023/07-18/10-05-510166-183377989.xls
2023,物理类,2118,上海电力大学,2118-02,02,首选物理，再选不限,608,26857,https://www.jseea.cn/webfile/upload/2023/07-18/10-05-510166-183377989.xls
2023,物理类,2118,上海电力大学,2118-03,03,首选物理，再选不限,617,20902,https://www.jseea.cn/webfile/upload/2023/07-18/10-05-510166-183377989.xls
2023,物理类,2119,上海体育大学,2119-03,03,首选物理，再选不限,571,56968,https://www.jseea.cn/webfile/upload/2023/07-18/10-05-510166-183377989.xls
2023,物理类,2120,上海工程技术大学,2120-02,02,首选物理，再选不限,566,61773,https://www.jseea.cn/webfile/upload/2023/07-18/10-05-510166-183377989.xls
2023,物理类,2120,上海工程技术大学,2120-03,03,首选物理，再选化学,552,75102,https://www.jseea.cn/webfile/upload/2023/07-18/10-05-510166-183377989.xls
2023,物理类,2123,上海应用技术大学,2123-01,01,首选物理，再选不限,564,63653,https://www.jseea.cn/webfile/upload/2023/07-18/10-05-510166-183377989.xls
2023,物理类,2123,上海应用技术大学,2123-02,02,首选物理，再选化学,576,52349,https://www.jseea.cn/webfile/upload/2023/07-18/10-05-510166-183377989.xls
2023,物理类,2124,上海第二工业大学,2124-02,02,首选物理，再选不限,564,63653,https://www.jseea.cn/webfile/upload/2023/07-18/10-05-510166-183377989.xls
2023,物理类,2124,上海第二工业大学,2124-03,03,首选物理，再选化学,560,67391,https://www.jseea.cn/webfile/upload/2023/07-18/10-05-510166-183377989.xls
2023,物理类,2125,上海政法学院,2125-02,02,首选物理，再选不限,592,38767,https://www.jseea.cn/webfile/upload/2023/07-18/10-05-510166-183377989.xls
2023,物理类,2128,复旦大学医学院,2128-02,02,首选物理，再选化学或生物,673,862,https://www.jseea.cn/webfile/upload/2023/07-18/10-05-510166-183377989.xls
2023,物理类,2135,上海健康医学院,2135-01,01,首选物理，再选不限,533,94093,https://www.jseea.cn/webfile/upload/2023/07-18/10-05-510166-183377989.xls
2023,物理类,2135,上海健康医学院,2135-02,02,首选物理，再选不限,536,91098,https://www.jseea.cn/webfile/upload/2023/07-18/10-05-510166-183377989.xls
2023,物理类,2135,上海健康医学院,2135-03,03,首选物理，再选不限,524,103298,https://www.jseea.cn/webfile/upload/2023/07-18/10-05-510166-183377989.xls
2023,物理类,2135,上海健康医学院,2135-04,04,首选物理，再选化学,532,95097,https://www.jseea.cn/webfile/upload/2023/07-18/10-05-510166-183377989.xls
2023,物理类,2136,上海电机学院,2136-02,02,首选物理，再选不限,572,56020,https://www.jseea.cn/webfile/upload/2023/07-18/10-05-510166-183377989.xls
2023,物理类,2137,上海立信会计金融学院,2137-02,02,首选物理，再选不限,568,59798,https://www.jseea.cn/webfile/upload/2023/07-18/10-05-510166-183377989.xls
2023,物理类,2137,上海立信会计金融学院,2137-03,03,首选物理，再选化学或生物,586,43656,https://www.jseea.cn/webfile/upload/2023/07-18/10-05-510166-183377989.xls
2023,物理类,2139,上海交通大学医学院,2139-01,01,首选物理，再选化学或生物,678,493,https://www.jseea.cn/webfile/upload/2023/07-18/10-05-510166-183377989.xls
2023,物理类,2139,上海交通大学医学院,2139-02,02,首选物理，再选化学或生物,665,1847,https://www.jseea.cn/webfile/upload/2023/07-18/10-05-510166-183377989.xls
2023,物理类,2139,上海交通大学医学院,2139-03,03,首选物理，再选化学或生物,686,142,https://www.jseea.cn/webfile/upload/2023/07-18/10-05-510166-183377989.xls
2023,物理类,2141,上海商学院,2141-03,03,首选物理，再选不限,545,81926,https://www.jseea.cn/webfile/upload/2023/07-18/10-05-510166-183377989.xls
2023,物理类,2141,上海商学院,2141-04,04,首选物理，再选不限,503,124505,https://www.jseea.cn/webfile/upload/2023/07-18/10-05-510166-183377989.xls
2023,物理类,2201,浙江大学,2201-04,04,首选物理，再选不限,676,624,https://www.jseea.cn/webfile/upload/2023/07-18/10-05-510166-183377989.xls
2023,物理类,2201,浙江大学,2201-05,05,首选物理，再选化学或生物,677,557,https://www.jseea.cn/webfile/upload/2023/07-18/10-05-510166-183377989.xls
2023,物理类,2202,中国计量大学,2202-02,02,首选物理，再选不限,585,44515,https://www.jseea.cn/webfile/upload/2023/07-18/10-05-510166-183377989.xls
2023,物理类,2202,中国计量大学,2202-03,03,首选物理，再选化学,578,50594,https://www.jseea.cn/webfile/upload/2023/07-18/10-05-510166-183377989.xls
2023,物理类,2202,中国计量大学,2202-04,04,首选物理，再选化学或生物,579,49755,https://www.jseea.cn/webfile/upload/2023/07-18/10-05-510166-183377989.xls
2023,物理类,2203,浙江理工大学,2203-02,02,首选物理，再选不限,585,44515,https://www.jseea.cn/webfile/upload/2023/07-18/10-05-510166-183377989.xls
2023,物理类,2203,浙江理工大学,2203-03,03,首选物理，再选化学,534,93121,https://www.jseea.cn/webfile/upload/2023/07-18/10-05-510166-183377989.xls
2023,物理类,2203,浙江理工大学,2203-04,04,首选物理，再选化学或生物,585,44515,https://www.jseea.cn/webfile/upload/2023/07-18/10-05-510166-183377989.xls
2023,物理类,2204,浙江工业大学,2204-02,02,首选物理，再选不限,599,33366,https://www.jseea.cn/webfile/upload/2023/07-18/10-05-510166-183377989.xls
2023,物理类,2204,浙江工业大学,2204-03,03,首选物理，再选不限,597,34853,https://www.jseea.cn/webfile/upload/2023/07-18/10-05-510166-183377989.xls
2023,物理类,2204,浙江工业大学,2204-04,04,首选物理，再选化学,588,42008,https://www.jseea.cn/webfile/upload/2023/07-18/10-05-510166-183377989.xls
2023,物理类,2204,浙江工业大学,2204-05,05,首选物理，再选化学或生物,590,40321,https://www.jseea.cn/webfile/upload/2023/07-18/10-05-510166-183377989.xls
2023,物理类,2205,中国美术学院,2205-02,02,首选物理，再选不限,615,22199,https://www.jseea.cn/webfile/upload/2023/07-18/10-05-510166-183377989.xls
2023,物理类,2206,浙江师范大学,2206-03,03,首选物理，再选不限,606,28267,https://www.jseea.cn/webfile/upload/2023/07-18/10-05-510166-183377989.xls
2023,物理类,2206,浙江师范大学,2206-04,04,首选物理，再选不限,544,82962,https://www.jseea.cn/webfile/upload/2023/07-18/10-05-510166-183377989.xls
2023,物理类,2206,浙江师范大学,2206-05,05,首选物理，再选化学或生物,605,28961,https://www.jseea.cn/webfile/upload/2023/07-18/10-05-510166-183377989.xls
2023,物理类,2207,浙江工商大学,2207-02,02,首选物理，再选不限,526,101268,https://www.jseea.cn/webfile/upload/2023/07-18/10-05-510166-183377989.xls
2023,物理类,2208,杭州电子科技大学,2208-01,01,首选物理，再选不限,610,25495,https://www.jseea.cn/webfile/upload/2023/07-18/10-05-510166-183377989.xls
2023,物理类,2208,杭州电子科技大学,2208-02,02,首选物理，再选不限,607,27544,https://www.jseea.cn/webfile/upload/2023/07-18/10-05-510166-183377989.xls
2023,物理类,2209,杭州师范大学,2209-02,02,首选物理，再选不限,563,64500,https://www.jseea.cn/webfile/upload/2023/07-18/10-05-510166-183377989.xls
2023,物理类,2209,杭州师范大学,2209-03,03,首选物理，再选不限,530,97144,https://www.jseea.cn/webfile/upload/2023/07-18/10-05-510166-183377989.xls
2023,物理类,2209,杭州师范大学,2209-04,04,首选物理，再选化学,525,102240,https://www.jseea.cn/webfile/upload/2023/07-18/10-05-510166-183377989.xls
2023,物理类,2209,杭州师范大学,2209-05,05,首选物理，再选化学或生物,547,79956,https://www.jseea.cn/webfile/upload/2023/07-18/10-05-510166-183377989.xls
2023,物理类,2209,杭州师范大学,2209-06,06,首选物理，再选化学或地理,538,89031,https://www.jseea.cn/webfile/upload/2023/07-18/10-05-510166-183377989.xls
2023,物理类,2209,杭州师范大学,2209-07,07,首选物理，再选化学或地理,586,43656,https://www.jseea.cn/webfile/upload/2023/07-18/10-05-510166-183377989.xls
2023,物理类,2211,浙江传媒学院,2211-03,03,首选物理，再选不限,544,82962,https://www.jseea.cn/webfile/upload/2023/07-18/10-05-510166-183377989.xls
2023,物理类,2211,浙江传媒学院,2211-04,04,首选物理，再选不限,546,80934,https://www.jseea.cn/webfile/upload/2023/07-18/10-05-510166-183377989.xls
2023,物理类,2211,浙江传媒学院,2211-05,05,首选物理，再选不限,559,68330,https://www.jseea.cn/webfile/upload/2023/07-18/10-05-510166-183377989.xls
2023,物理类,2212,浙江科技学院,2212-02,02,首选物理，再选不限,541,85961,https://www.jseea.cn/webfile/upload/2023/07-18/10-05-510166-183377989.xls
2023,物理类,2212,浙江科技学院,2212-03,03,首选物理，再选不限,513,114462,https://www.jseea.cn/webfile/upload/2023/07-18/10-05-510166-183377989.xls
2023,物理类,2212,浙江科技学院,2212-04,04,首选物理，再选化学,530,97144,https://www.jseea.cn/webfile/upload/2023/07-18/10-05-510166-183377989.xls
2023,物理类,2213,浙江财经大学,2213-03,03,首选物理，再选不限,561,66451,https://www.jseea.cn/webfile/upload/2023/07-18/10-05-510166-183377989.xls
2023,物理类,2213,浙江财经大学,2213-04,04,首选物理，再选不限,555,72167,https://www.jseea.cn/webfile/upload/2023/07-18/10-05-510166-183377989.xls
2023,物理类,2214,浙江农林大学,2214-02,02,首选物理，再选不限,554,73152,https://www.jseea.cn/webfile/upload/2023/07-18/10-05-510166-183377989.xls
2023,物理类,2214,浙江农林大学,2214-03,03,首选物理，再选化学,542,84967,https://www.jseea.cn/webfile/upload/2023/07-18/10-05-510166-183377989.xls
2023,物理类,2214,浙江农林大学,2214-04,04,首选物理，再选化学或生物,553,74111,https://www.jseea.cn/webfile/upload/2023/07-18/10-05-510166-183377989.xls
2023,物理类,2214,浙江农林大学,2214-05,05,首选物理，再选化学或生物,535,92078,https://www.jseea.cn/webfile/upload/2023/07-18/10-05-510166-183377989.xls
2023,物理类,2216,浙江中医药大学,2216-03,03,首选物理，再选不限,578,50594,https://www.jseea.cn/webfile/upload/2023/07-18/10-05-510166-183377989.xls
2023,物理类,2216,浙江中医药大学,2216-04,04,首选物理，再选化学,579,49755,https://www.jseea.cn/webfile/upload/2023/07-18/10-05-510166-183377989.xls
2023,物理类,2216,浙江中医药大学,2216-05,05,首选物理，再选化学或生物,584,45409,https://www.jseea.cn/webfile/upload/2023/07-18/10-05-510166-183377989.xls
2023,物理类,2221,宁波大学,2221-01,01,首选物理，再选不限,602,31134,https://www.jseea.cn/webfile/upload/2023/07-18/10-05-510166-183377989.xls
2023,物理类,2221,宁波大学,2221-02,02,首选物理，再选化学,603,30376,https://www.jseea.cn/webfile/upload/2023/07-18/10-05-510166-183377989.xls
2023,物理类,2222,宁波工程学院,2222-01,01,首选物理，再选不限,530,97144,https://www.jseea.cn/webfile/upload/2023/07-18/10-05-510166-183377989.xls
2023,物理类,2222,宁波工程学院,2222-02,02,首选物理，再选不限,517,110348,https://www.jseea.cn/webfile/upload/2023/07-18/10-05-510166-183377989.xls
2023,物理类,2222,宁波工程学院,2222-03,03,首选物理，再选不限,525,102240,https://www.jseea.cn/webfile/upload/2023/07-18/10-05-510166-183377989.xls
2023,物理类,2222,宁波工程学院,2222-04,04,首选物理，再选化学,516,111339,https://www.jseea.cn/webfile/upload/2023/07-18/10-05-510166-183377989.xls
2023,物理类,2223,绍兴文理学院,2223-02,02,首选物理，再选化学,496,131452,https://www.jseea.cn/webfile/upload/2023/07-18/10-05-510166-183377989.xls
2023,物理类,2228,温州大学,2228-02,02,首选物理，再选不限,551,76116,https://www.jseea.cn/webfile/upload/2023/07-18/10-05-510166-183377989.xls
2023,物理类,2228,温州大学,2228-03,03,首选物理，再选不限,539,87985,https://www.jseea.cn/webfile/upload/2023/07-18/10-05-510166-183377989.xls
2023,物理类,2231,嘉兴学院,2231-02,02,首选物理，再选不限,534,93121,https://www.jseea.cn/webfile/upload/2023/07-18/10-05-510166-183377989.xls
2023,物理类,2231,嘉兴学院,2231-03,03,首选物理，再选化学,512,115419,https://www.jseea.cn/webfile/upload/2023/07-18/10-05-510166-183377989.xls
2023,物理类,2231,嘉兴学院,2231-04,04,首选物理，再选化学或生物,540,86936,https://www.jseea.cn/webfile/upload/2023/07-18/10-05-510166-183377989.xls
2023,物理类,2240,浙江外国语学院,2240-03,03,首选物理，再选不限,524,103298,https://www.jseea.cn/webfile/upload/2023/07-18/10-05-510166-183377989.xls
2023,物理类,2240,浙江外国语学院,2240-04,04,首选物理，再选不限,517,110348,https://www.jseea.cn/webfile/upload/2023/07-18/10-05-510166-183377989.xls
2023,物理类,2241,温州医科大学,2241-01,01,首选物理，再选化学或生物,600,32621,https://www.jseea.cn/webfile/upload/2023/07-18/10-05-510166-183377989.xls
2023,物理类,2241,温州医科大学,2241-02,02,首选物理，再选化学或生物,621,18502,https://www.jseea.cn/webfile/upload/2023/07-18/10-05-510166-183377989.xls
2023,物理类,2242,浙江大学医学院,2242-01,01,首选物理，再选化学或生物,670,1162,https://www.jseea.cn/webfile/upload/2023/07-18/10-05-510166-183377989.xls
2023,物理类,2245,宁波诺丁汉大学,2245-03,03,首选物理，再选不限,602,31134,https://www.jseea.cn/webfile/upload/2023/07-18/10-05-510166-183377989.xls
2023,物理类,2245,宁波诺丁汉大学,2245-04,04,首选物理，再选不限,599,33366,https://www.jseea.cn/webfile/upload/2023/07-18/10-05-510166-183377989.xls
2023,物理类,2248,温州肯恩大学,2248-02,02,首选物理，再选不限,545,81926,https://www.jseea.cn/webfile/upload/2023/07-18/10-05-510166-183377989.xls
2023,物理类,2249,浙大城市学院,2249-02,02,首选物理，再选不限,542,84967,https://www.jseea.cn/webfile/upload/2023/07-18/10-05-510166-183377989.xls
2023,物理类,2250,浙大宁波理工学院,2250-02,02,首选物理，再选不限,531,96123,https://www.jseea.cn/webfile/upload/2023/07-18/10-05-510166-183377989.xls
2023,物理类,2251,浙江海洋大学,2251-03,03,首选物理，再选不限,551,76116,https://www.jseea.cn/webfile/upload/2023/07-18/10-05-510166-183377989.xls
2023,物理类,2251,浙江海洋大学,2251-04,04,首选物理，再选不限,533,94093,https://www.jseea.cn/webfile/upload/2023/07-18/10-05-510166-183377989.xls
2023,物理类,2251,浙江海洋大学,2251-05,05,首选物理，再选不限,540,86936,https://www.jseea.cn/webfile/upload/2023/07-18/10-05-510166-183377989.xls
2023,物理类,2251,浙江海洋大学,2251-06,06,首选物理，再选化学,535,92078,https://www.jseea.cn/webfile/upload/2023/07-18/10-05-510166-183377989.xls
2023,物理类,2251,浙江海洋大学,2251-07,07,首选物理，再选化学或生物,542,84967,https://www.jseea.cn/webfile/upload/2023/07-18/10-05-510166-183377989.xls
2023,物理类,2261,湖州师范学院,2261-02,02,首选物理，再选不限,528,99220,https://www.jseea.cn/webfile/upload/2023/07-18/10-05-510166-183377989.xls
2023,物理类,2261,湖州师范学院,2261-03,03,首选物理，再选不限,532,95097,https://www.jseea.cn/webfile/upload/2023/07-18/10-05-510166-183377989.xls
2023,物理类,2261,湖州师范学院,2261-04,04,首选物理，再选化学或生物,569,58807,https://www.jseea.cn/webfile/upload/2023/07-18/10-05-510166-183377989.xls
2023,物理类,2268,丽水学院,2268-03,03,首选物理，再选不限,518,109392,https://www.jseea.cn/webfile/upload/2023/07-18/10-05-510166-183377989.xls
2023,物理类,2268,丽水学院,2268-04,04,首选物理，再选不限,512,115419,https://www.jseea.cn/webfile/upload/2023/07-18/10-05-510166-183377989.xls
2023,物理类,2268,丽水学院,2268-05,05,首选物理，再选化学,506,121516,https://www.jseea.cn/webfile/upload/2023/07-18/10-05-510166-183377989.xls
2023,物理类,2268,丽水学院,2268-06,06,首选物理，再选化学或生物,520,107386,https://www.jseea.cn/webfile/upload/2023/07-18/10-05-510166-183377989.xls
2023,物理类,2272,浙江水利水电学院,2272-01,01,首选物理，再选不限,536,91098,https://www.jseea.cn/webfile/upload/2023/07-18/10-05-510166-183377989.xls
2023,物理类,2272,浙江水利水电学院,2272-02,02,首选物理，再选化学或地理,544,82962,https://www.jseea.cn/webfile/upload/2023/07-18/10-05-510166-183377989.xls
2023,物理类,2275,湖州学院,2275-02,02,首选物理，再选不限,515,112371,https://www.jseea.cn/webfile/upload/2023/07-18/10-05-510166-183377989.xls
2023,物理类,2276,温州理工学院,2276-01,01,首选物理，再选不限,520,107386,https://www.jseea.cn/webfile/upload/2023/07-18/10-05-510166-183377989.xls
2023,物理类,2277,嘉兴南湖学院,2277-02,02,首选物理，再选不限,516,111339,https://www.jseea.cn/webfile/upload/2023/07-18/10-05-510166-183377989.xls
2023,物理类,2277,嘉兴南湖学院,2277-03,03,首选物理，再选化学,492,135454,https://www.jseea.cn/webfile/upload/2023/07-18/10-05-510166-183377989.xls
2023,物理类,2301,中国科学技术大学,2301-01,01,首选物理，再选不限,674,762,https://www.jseea.cn/webfile/upload/2023/07-18/10-05-510166-183377989.xls
2023,物理类,2301,中国科学技术大学,2301-02,02,首选物理，再选化学,673,862,https://www.jseea.cn/webfile/upload/2023/07-18/10-05-510166-183377989.xls
2023,物理类,2302,合肥工业大学,2302-03,03,首选物理，再选不限,612,24194,https://www.jseea.cn/webfile/upload/2023/07-18/10-05-510166-183377989.xls
2023,物理类,2302,合肥工业大学,2302-04,04,首选物理，再选化学,620,19102,https://www.jseea.cn/webfile/upload/2023/07-18/10-05-510166-183377989.xls
2023,物理类,2303,安徽大学,2303-02,02,首选物理，再选不限,612,24194,https://www.jseea.cn/webfile/upload/2023/07-18/10-05-510166-183377989.xls
2023,物理类,2303,安徽大学,2303-03,03,首选物理，再选不限,585,44515,https://www.jseea.cn/webfile/upload/2023/07-18/10-05-510166-183377989.xls
2023,物理类,2304,安徽医科大学,2304-01,01,首选物理，再选化学或生物,584,45409,https://www.jseea.cn/webfile/upload/2023/07-18/10-05-510166-183377989.xls
2023,物理类,2304,安徽医科大学,2304-02,02,首选物理，再选化学和生物,594,37178,https://www.jseea.cn/webfile/upload/2023/07-18/10-05-510166-183377989.xls
2023,物理类,2305,安徽建筑大学,2305-02,02,首选物理，再选不限,541,85961,https://www.jseea.cn/webfile/upload/2023/07-18/10-05-510166-183377989.xls
2023,物理类,2305,安徽建筑大学,2305-03,03,首选物理，再选化学,534,93121,https://www.jseea.cn/webfile/upload/2023/07-18/10-05-510166-183377989.xls
2023,物理类,2305,安徽建筑大学,2305-04,04,首选物理，再选化学或生物,539,87985,https://www.jseea.cn/webfile/upload/2023/07-18/10-05-510166-183377989.xls
2023,物理类,2305,安徽建筑大学,2305-05,05,首选物理，再选地理,546,80934,https://www.jseea.cn/webfile/upload/2023/07-18/10-05-510166-183377989.xls
2023,物理类,2306,安徽农业大学,2306-04,04,首选物理，再选不限,559,68330,https://www.jseea.cn/webfile/upload/2023/07-18/10-05-510166-183377989.xls
2023,物理类,2306,安徽农业大学,2306-05,05,首选物理，再选不限,541,85961,https://www.jseea.cn/webfile/upload/2023/07-18/10-05-510166-183377989.xls
2023,物理类,2306,安徽农业大学,2306-06,06,首选物理，再选不限,548,78998,https://www.jseea.cn/webfile/upload/2023/07-18/10-05-510166-183377989.xls
2023,物理类,2306,安徽农业大学,2306-07,07,首选物理，再选化学,550,77082,https://www.jseea.cn/webfile/upload/2023/07-18/10-05-510166-183377989.xls
2023,物理类,2306,安徽农业大学,2306-08,08,首选物理，再选化学或生物,542,84967,https://www.jseea.cn/webfile/upload/2023/07-18/10-05-510166-183377989.xls
2023,物理类,2306,安徽农业大学,2306-09,09,首选物理，再选化学和生物,528,99220,https://www.jseea.cn/webfile/upload/2023/07-18/10-05-510166-183377989.xls
2023,物理类,2307,安徽中医药大学,2307-03,03,首选物理，再选不限,535,92078,https://www.jseea.cn/webfile/upload/2023/07-18/10-05-510166-183377989.xls
2023,物理类,2307,安徽中医药大学,2307-04,04,首选物理，再选化学或生物,576,52349,https://www.jseea.cn/webfile/upload/2023/07-18/10-05-510166-183377989.xls
2023,物理类,2308,安徽工程大学,2308-01,01,首选物理，再选不限,534,93121,https://www.jseea.cn/webfile/upload/2023/07-18/10-05-510166-183377989.xls
2023,物理类,2308,安徽工程大学,2308-02,02,首选物理，再选化学,528,99220,https://www.jseea.cn/webfile/upload/2023/07-18/10-05-510166-183377989.xls
2023,物理类,2309,安徽师范大学,2309-04,04,首选物理，再选不限,546,80934,https://www.jseea.cn/webfile/upload/2023/07-18/10-05-510166-183377989.xls
2023,物理类,2309,安徽师范大学,2309-05,05,首选物理，再选化学,567,60724,https://www.jseea.cn/webfile/upload/2023/07-18/10-05-510166-183377989.xls
2023,物理类,2309,安徽师范大学,2309-06,06,首选物理，再选化学或生物,558,69273,https://www.jseea.cn/webfile/upload/2023/07-18/10-05-510166-183377989.xls
2023,物理类,2309,安徽师范大学,2309-07,07,首选物理，再选化学或地理,590,40321,https://www.jseea.cn/webfile/upload/2023/07-18/10-05-510166-183377989.xls
2023,物理类,2310,安徽科技学院,2310-01,01,首选物理，再选不限,516,111339,https://www.jseea.cn/webfile/upload/2023/07-18/10-05-510166-183377989.xls
2023,物理类,2310,安徽科技学院,2310-02,02,首选物理，再选化学,500,127538,https://www.jseea.cn/webfile/upload/2023/07-18/10-05-510166-183377989.xls
2023,物理类,2310,安徽科技学院,2310-03,03,首选物理，再选化学或生物,505,122563,https://www.jseea.cn/webfile/upload/2023/07-18/10-05-510166-183377989.xls
2023,物理类,2310,安徽科技学院,2310-04,04,首选物理，再选化学或地理,510,117453,https://www.jseea.cn/webfile/upload/2023/07-18/10-05-510166-183377989.xls
2023,物理类,2321,安徽财经大学,2321-03,03,首选物理，再选不限,549,78084,https://www.jseea.cn/webfile/upload/2023/07-18/10-05-510166-183377989.xls
2023,物理类,2321,安徽财经大学,2321-04,04,首选物理，再选不限,551,76116,https://www.jseea.cn/webfile/upload/2023/07-18/10-05-510166-183377989.xls
2023,物理类,2321,安徽财经大学,2321-05,05,首选物理，再选不限,548,78998,https://www.jseea.cn/webfile/upload/2023/07-18/10-05-510166-183377989.xls
2023,物理类,2321,安徽财经大学,2321-06,06,首选物理，再选不限,546,80934,https://www.jseea.cn/webfile/upload/2023/07-18/10-05-510166-183377989.xls
2023,物理类,2327,合肥学院,2327-02,02,首选物理，再选不限,541,85961,https://www.jseea.cn/webfile/upload/2023/07-18/10-05-510166-183377989.xls
2023,物理类,2327,合肥学院,2327-03,03,首选物理，再选化学,521,106375,https://www.jseea.cn/webfile/upload/2023/07-18/10-05-510166-183377989.xls
2023,物理类,2327,合肥学院,2327-04,04,首选物理，再选化学或生物,526,101268,https://www.jseea.cn/webfile/upload/2023/07-18/10-05-510166-183377989.xls
2023,物理类,2331,阜阳师范大学,2331-03,03,首选物理，再选不限,523,104327,https://www.jseea.cn/webfile/upload/2023/07-18/10-05-510166-183377989.xls
2023,物理类,2332,蚌埠医学院,2332-03,03,首选物理，再选不限,547,79956,https://www.jseea.cn/webfile/upload/2023/07-18/10-05-510166-183377989.xls
2023,物理类,2332,蚌埠医学院,2332-04,04,首选物理，再选化学,555,72167,https://www.jseea.cn/webfile/upload/2023/07-18/10-05-510166-183377989.xls
2023,物理类,2332,蚌埠医学院,2332-05,05,首选物理，再选化学或生物,586,43656,https://www.jseea.cn/webfile/upload/2023/07-18/10-05-510166-183377989.xls
2023,物理类,2341,安徽理工大学,2341-01,01,首选物理，再选不限,544,82962,https://www.jseea.cn/webfile/upload/2023/07-18/10-05-510166-183377989.xls
2023,物理类,2341,安徽理工大学,2341-02,02,首选物理，再选不限,540,86936,https://www.jseea.cn/webfile/upload/2023/07-18/10-05-510166-183377989.xls
2023,物理类,2341,安徽理工大学,2341-03,03,首选物理，再选不限,542,84967,https://www.jseea.cn/webfile/upload/2023/07-18/10-05-510166-183377989.xls
2023,物理类,2341,安徽理工大学,2341-04,04,首选物理，再选化学,541,85961,https://www.jseea.cn/webfile/upload/2023/07-18/10-05-510166-183377989.xls
2023,物理类,2341,安徽理工大学,2341-05,05,首选物理，再选化学或生物,572,56020,https://www.jseea.cn/webfile/upload/2023/07-18/10-05-510166-183377989.xls
2023,物理类,2341,安徽理工大学,2341-06,06,首选物理，再选化学和生物,591,39518,https://www.jseea.cn/webfile/upload/2023/07-18/10-05-510166-183377989.xls
2023,物理类,2342,宿州学院,2342-02,02,首选物理，再选不限,494,133441,https://www.jseea.cn/webfile/upload/2023/07-18/10-05-510166-183377989.xls
2023,物理类,2342,宿州学院,2342-03,03,首选物理，再选化学,489,138274,https://www.jseea.cn/webfile/upload/2023/07-18/10-05-510166-183377989.xls
2023,物理类,2342,宿州学院,2342-04,04,首选物理，再选化学或生物,499,128535,https://www.jseea.cn/webfile/upload/2023/07-18/10-05-510166-183377989.xls
2023,物理类,2342,宿州学院,2342-05,05,首选物理，再选化学或地理,516,111339,https://www.jseea.cn/webfile/upload/2023/07-18/10-05-510166-183377989.xls
2023,物理类,2347,蚌埠学院,2347-01,01,首选物理，再选不限,529,98179,https://www.jseea.cn/webfile/upload/2023/07-18/10-05-510166-183377989.xls
2023,物理类,2348,池州学院,2348-02,02,首选物理，再选不限,499,128535,https://www.jseea.cn/webfile/upload/2023/07-18/10-05-510166-183377989.xls
2023,物理类,2349,皖南医学院,2349-01,01,首选物理，再选化学,535,92078,https://www.jseea.cn/webfile/upload/2023/07-18/10-05-510166-183377989.xls
2023,物理类,2349,皖南医学院,2349-02,02,首选物理，再选化学或生物,557,70200,https://www.jseea.cn/webfile/upload/2023/07-18/10-05-510166-183377989.xls
2023,物理类,2351,淮北师范大学,2351-05,05,首选物理，再选不限,540,86936,https://www.jseea.cn/webfile/upload/2023/07-18/10-05-510166-183377989.xls
2023,物理类,2351,淮北师范大学,2351-06,06,首选物理，再选化学,539,87985,https://www.jseea.cn/webfile/upload/2023/07-18/10-05-510166-183377989.xls
2023,物理类,2351,淮北师范大学,2351-07,07,首选物理，再选化学或生物,534,93121,https://www.jseea.cn/webfile/upload/2023/07-18/10-05-510166-183377989.xls
2023,物理类,2356,铜陵学院,2356-02,02,首选物理，再选不限,500,127538,https://www.jseea.cn/webfile/upload/2023/07-18/10-05-510166-183377989.xls
2023,物理类,2361,安徽工业大学,2361-02,02,首选物理，再选不限,555,72167,https://www.jseea.cn/webfile/upload/2023/07-18/10-05-510166-183377989.xls
2023,物理类,2361,安徽工业大学,2361-03,03,首选物理，再选化学,551,76116,https://www.jseea.cn/webfile/upload/2023/07-18/10-05-510166-183377989.xls
2023,物理类,2361,安徽工业大学,2361-04,04,首选物理，再选化学或生物,544,82962,https://www.jseea.cn/webfile/upload/2023/07-18/10-05-510166-183377989.xls
2023,物理类,2362,淮南师范学院,2362-03,03,首选物理，再选不限,514,113412,https://www.jseea.cn/webfile/upload/2023/07-18/10-05-510166-183377989.xls
2023,物理类,2362,淮南师范学院,2362-04,04,首选物理，再选化学,523,104327,https://www.jseea.cn/webfile/upload/2023/07-18/10-05-510166-183377989.xls
2023,物理类,2362,淮南师范学院,2362-05,05,首选物理，再选化学或生物,510,117453,https://www.jseea.cn/webfile/upload/2023/07-18/10-05-510166-183377989.xls
2023,物理类,2381,黄山学院,2381-04,04,首选物理，再选思想政治或地理,494,133441,https://www.jseea.cn/webfile/upload/2023/07-18/10-05-510166-183377989.xls
2023,物理类,2381,黄山学院,2381-05,05,首选物理，再选思想政治或地理,472,154057,https://www.jseea.cn/webfile/upload/2023/07-18/10-05-510166-183377989.xls
2023,物理类,2381,黄山学院,2381-06,06,首选物理，再选思想政治和地理,489,138274,https://www.jseea.cn/webfile/upload/2023/07-18/10-05-510166-183377989.xls
2023,物理类,2383,合肥工业大学(宣城校区),2383-02,02,首选物理，再选不限,601,31865,https://www.jseea.cn/webfile/upload/2023/07-18/10-05-510166-183377989.xls
2023,物理类,2383,合肥工业大学(宣城校区),2383-03,03,首选物理，再选化学,595,36406,https://www.jseea.cn/webfile/upload/2023/07-18/10-05-510166-183377989.xls
2023,物理类,2401,福州大学,2401-02,02,首选物理，再选不限,606,28267,https://www.jseea.cn/webfile/upload/2023/07-18/10-05-510166-183377989.xls
2023,物理类,2401,福州大学,2401-03,03,首选物理，再选化学,597,34853,https://www.jseea.cn/webfile/upload/2023/07-18/10-05-510166-183377989.xls
2023,物理类,2402,福建农林大学,2402-03,03,首选物理，再选不限,543,83977,https://www.jseea.cn/webfile/upload/2023/07-18/10-05-510166-183377989.xls
2023,物理类,2402,福建农林大学,2402-04,04,首选物理，再选不限,537,90080,https://www.jseea.cn/webfile/upload/2023/07-18/10-05-510166-183377989.xls
2023,物理类,2402,福建农林大学,2402-05,05,首选物理，再选不限,554,73152,https://www.jseea.cn/webfile/upload/2023/07-18/10-05-510166-183377989.xls
2023,物理类,2402,福建农林大学,2402-06,06,首选物理，再选化学或生物,543,83977,https://www.jseea.cn/webfile/upload/2023/07-18/10-05-510166-183377989.xls
2023,物理类,2402,福建农林大学,2402-07,07,首选物理，再选化学或生物,546,80934,https://www.jseea.cn/webfile/upload/2023/07-18/10-05-510166-183377989.xls
2023,物理类,2405,福建理工大学,2405-01,01,首选物理，再选不限,529,98179,https://www.jseea.cn/webfile/upload/2023/07-18/10-05-510166-183377989.xls
2023,物理类,2406,福建医科大学,2406-01,01,首选物理，再选不限,540,86936,https://www.jseea.cn/webfile/upload/2023/07-18/10-05-510166-183377989.xls
2023,物理类,2406,福建医科大学,2406-02,02,首选物理，再选化学,517,110348,https://www.jseea.cn/webfile/upload/2023/07-18/10-05-510166-183377989.xls
2023,物理类,2406,福建医科大学,2406-03,03,首选物理，再选化学或生物,589,41158,https://www.jseea.cn/webfile/upload/2023/07-18/10-05-510166-183377989.xls
2023,物理类,2407,福建中医药大学,2407-01,01,首选物理，再选不限,584,45409,https://www.jseea.cn/webfile/upload/2023/07-18/10-05-510166-183377989.xls
2023,物理类,2407,福建中医药大学,2407-02,02,首选物理，再选化学,526,101268,https://www.jseea.cn/webfile/upload/2023/07-18/10-05-510166-183377989.xls
2023,物理类,2407,福建中医药大学,2407-03,03,首选物理，再选化学或生物,596,35650,https://www.jseea.cn/webfile/upload/2023/07-18/10-05-510166-183377989.xls
2023,物理类,2408,龙岩学院,2408-01,01,首选物理，再选不限,493,134436,https://www.jseea.cn/webfile/upload/2023/07-18/10-05-510166-183377989.xls
2023,物理类,2409,闽江学院,2409-01,01,首选物理，再选不限,521,106375,https://www.jseea.cn/webfile/upload/2023/07-18/10-05-510166-183377989.xls
2023,物理类,2410,三明学院,2410-02,02,首选物理，再选不限,495,132433,https://www.jseea.cn/webfile/upload/2023/07-18/10-05-510166-183377989.xls
2023,物理类,2411,厦门大学,2411-04,04,首选物理，再选不限,647,6253,https://www.jseea.cn/webfile/upload/2023/07-18/10-05-510166-183377989.xls
2023,物理类,2411,厦门大学,2411-05,05,首选物理，再选不限,648,5893,https://www.jseea.cn/webfile/upload/2023/07-18/10-05-510166-183377989.xls
2023,物理类,2411,厦门大学,2411-06,06,首选物理，再选不限,625,16212,https://www.jseea.cn/webfile/upload/2023/07-18/10-05-510166-183377989.xls
2023,物理类,2411,厦门大学,2411-07,07,首选物理，再选化学,648,5893,https://www.jseea.cn/webfile/upload/2023/07-18/10-05-510166-183377989.xls
2023,物理类,2411,厦门大学,2411-08,08,首选物理，再选化学或生物,646,6589,https://www.jseea.cn/webfile/upload/2023/07-18/10-05-510166-183377989.xls
2023,物理类,2411,厦门大学,2411-09,09,首选物理，再选化学或生物,618,20291,https://www.jseea.cn/webfile/upload/2023/07-18/10-05-510166-183377989.xls
2023,物理类,2412,集美大学,2412-04,04,首选物理，再选不限,570,57928,https://www.jseea.cn/webfile/upload/2023/07-18/10-05-510166-183377989.xls
2023,物理类,2412,集美大学,2412-05,05,首选物理，再选不限,566,61773,https://www.jseea.cn/webfile/upload/2023/07-18/10-05-510166-183377989.xls
2023,物理类,2412,集美大学,2412-06,06,首选物理，再选化学,553,74111,https://www.jseea.cn/webfile/upload/2023/07-18/10-05-510166-183377989.xls
2023,物理类,2412,集美大学,2412-07,07,首选物理，再选化学或生物,552,75102,https://www.jseea.cn/webfile/upload/2023/07-18/10-05-510166-183377989.xls
2023,物理类,2412,集美大学,2412-08,08,首选物理，再选化学或地理,568,59798,https://www.jseea.cn/webfile/upload/2023/07-18/10-05-510166-183377989.xls
2023,物理类,2413,厦门理工学院,2413-02,02,首选物理，再选不限,547,79956,https://www.jseea.cn/webfile/upload/2023/07-18/10-05-510166-183377989.xls
2023,物理类,2413,厦门理工学院,2413-03,03,首选物理，再选不限,541,85961,https://www.jseea.cn/webfile/upload/2023/07-18/10-05-510166-183377989.xls
2023,物理类,2421,莆田学院,2421-02,02,首选物理，再选不限,477,149565,https://www.jseea.cn/webfile/upload/2023/07-18/10-05-510166-183377989.xls
2023,物理类,2421,莆田学院,2421-03,03,首选物理，再选化学或生物,556,71147,https://www.jseea.cn/webfile/upload/2023/07-18/10-05-510166-183377989.xls
2023,物理类,2422,华侨大学,2422-03,03,首选物理，再选不限,554,73152,https://www.jseea.cn/webfile/upload/2023/07-18/10-05-510166-183377989.xls
2023,物理类,2437,武夷学院,2437-02,02,首选物理，再选不限,495,132433,https://www.jseea.cn/webfile/upload/2023/07-18/10-05-510166-183377989.xls
2023,物理类,2437,武夷学院,2437-03,03,首选物理，再选化学,508,119495,https://www.jseea.cn/webfile/upload/2023/07-18/10-05-510166-183377989.xls
2023,物理类,2437,武夷学院,2437-04,04,首选物理，再选化学或生物,499,128535,https://www.jseea.cn/webfile/upload/2023/07-18/10-05-510166-183377989.xls
2023,物理类,2443,泉州师范学院,2443-01,01,首选物理，再选不限,486,141124,https://www.jseea.cn/webfile/upload/2023/07-18/10-05-510166-183377989.xls
2023,物理类,2443,泉州师范学院,2443-02,02,首选物理，再选化学,486,141124,https://www.jseea.cn/webfile/upload/2023/07-18/10-05-510166-183377989.xls
2023,物理类,2443,泉州师范学院,2443-03,03,首选物理，再选化学或生物,501,126588,https://www.jseea.cn/webfile/upload/2023/07-18/10-05-510166-183377989.xls
2023,物理类,2443,泉州师范学院,2443-04,04,首选物理，再选地理,533,94093,https://www.jseea.cn/webfile/upload/2023/07-18/10-05-510166-183377989.xls
2023,物理类,2448,闽南师范大学,2448-01,01,首选物理，再选不限,508,119495,https://www.jseea.cn/webfile/upload/2023/07-18/10-05-510166-183377989.xls
2023,物理类,2448,闽南师范大学,2448-02,02,首选物理，再选化学或生物,517,110348,https://www.jseea.cn/webfile/upload/2023/07-18/10-05-510166-183377989.xls
2023,物理类,2501,江西财经大学,2501-04,04,首选物理，再选不限,549,78084,https://www.jseea.cn/webfile/upload/2023/07-18/10-05-510166-183377989.xls
2023,物理类,2501,江西财经大学,2501-05,05,首选物理，再选不限,592,38767,https://www.jseea.cn/webfile/upload/2023/07-18/10-05-510166-183377989.xls
2023,物理类,2501,江西财经大学,2501-06,06,首选物理，再选不限,571,56968,https://www.jseea.cn/webfile/upload/2023/07-18/10-05-510166-183377989.xls
2023,物理类,2502,华东交通大学,2502-04,04,首选物理，再选不限,566,61773,https://www.jseea.cn/webfile/upload/2023/07-18/10-05-510166-183377989.xls
2023,物理类,2502,华东交通大学,2502-05,05,首选物理，再选不限,555,72167,https://www.jseea.cn/webfile/upload/2023/07-18/10-05-510166-183377989.xls
2023,物理类,2502,华东交通大学,2502-06,06,首选物理，再选不限,544,82962,https://www.jseea.cn/webfile/upload/2023/07-18/10-05-510166-183377989.xls
2023,物理类,2502,华东交通大学,2502-07,07,首选物理，再选不限,540,86936,https://www.jseea.cn/webfile/upload/2023/07-18/10-05-510166-183377989.xls
2023,物理类,2502,华东交通大学,2502-08,08,首选物理，再选化学,552,75102,https://www.jseea.cn/webfile/upload/2023/07-18/10-05-510166-183377989.xls
2023,物理类,2504,江西中医药大学,2504-02,02,首选物理，再选不限,534,93121,https://www.jseea.cn/webfile/upload/2023/07-18/10-05-510166-183377989.xls
2023,物理类,2504,江西中医药大学,2504-03,03,首选物理，再选化学,545,81926,https://www.jseea.cn/webfile/upload/2023/07-18/10-05-510166-183377989.xls
2023,物理类,2504,江西中医药大学,2504-04,04,首选物理，再选化学或生物,567,60724,https://www.jseea.cn/webfile/upload/2023/07-18/10-05-510166-183377989.xls
2023,物理类,2505,南昌大学,2505-02,02,首选物理，再选不限,597,34853,https://www.jseea.cn/webfile/upload/2023/07-18/10-05-510166-183377989.xls
2023,物理类,2505,南昌大学,2505-03,03,首选物理，再选化学或生物,595,36406,https://www.jseea.cn/webfile/upload/2023/07-18/10-05-510166-183377989.xls
2023,物理类,2505,南昌大学,2505-04,04,首选物理，再选化学和生物,610,25495,https://www.jseea.cn/webfile/upload/2023/07-18/10-05-510166-183377989.xls
2023,物理类,2505,南昌大学,2505-05,05,首选物理，再选化学和生物,609,26160,https://www.jseea.cn/webfile/upload/2023/07-18/10-05-510166-183377989.xls
2023,物理类,2506,南昌航空大学,2506-02,02,首选物理，再选不限,556,71147,https://www.jseea.cn/webfile/upload/2023/07-18/10-05-510166-183377989.xls
2023,物理类,2506,南昌航空大学,2506-03,03,首选物理，再选化学,534,93121,https://www.jseea.cn/webfile/upload/2023/07-18/10-05-510166-183377989.xls
2023,物理类,2507,江西科技师范大学,2507-04,04,首选物理，再选不限,524,103298,https://www.jseea.cn/webfile/upload/2023/07-18/10-05-510166-183377989.xls
2023,物理类,2507,江西科技师范大学,2507-05,05,首选物理，再选化学,507,120486,https://www.jseea.cn/webfile/upload/2023/07-18/10-05-510166-183377989.xls
2023,物理类,2507,江西科技师范大学,2507-06,06,首选物理，再选化学或生物,519,108391,https://www.jseea.cn/webfile/upload/2023/07-18/10-05-510166-183377989.xls
2023,物理类,2508,江西农业大学,2508-04,04,首选物理，再选不限,530,97144,https://www.jseea.cn/webfile/upload/2023/07-18/10-05-510166-183377989.xls
2023,物理类,2508,江西农业大学,2508-05,05,首选物理，再选化学,518,109392,https://www.jseea.cn/webfile/upload/2023/07-18/10-05-510166-183377989.xls
2023,物理类,2508,江西农业大学,2508-06,06,首选物理，再选化学或生物,530,97144,https://www.jseea.cn/webfile/upload/2023/07-18/10-05-510166-183377989.xls
2023,物理类,2508,江西农业大学,2508-07,07,首选物理，再选化学或地理,544,82962,https://www.jseea.cn/webfile/upload/2023/07-18/10-05-510166-183377989.xls
2023,物理类,2510,江西师范大学,2510-06,06,首选物理，再选不限,511,116463,https://www.jseea.cn/webfile/upload/2023/07-18/10-05-510166-183377989.xls
2023,物理类,2510,江西师范大学,2510-07,07,首选物理，再选化学,572,56020,https://www.jseea.cn/webfile/upload/2023/07-18/10-05-510166-183377989.xls
2023,物理类,2510,江西师范大学,2510-08,08,首选物理，再选化学或生物,550,77082,https://www.jseea.cn/webfile/upload/2023/07-18/10-05-510166-183377989.xls
2023,物理类,2510,江西师范大学,2510-09,09,首选物理，再选化学或地理,590,40321,https://www.jseea.cn/webfile/upload/2023/07-18/10-05-510166-183377989.xls
2023,物理类,2510,江西师范大学,2510-10,10,首选物理，再选生物,575,53220,https://www.jseea.cn/webfile/upload/2023/07-18/10-05-510166-183377989.xls
2023,物理类,2511,南昌工程学院,2511-02,02,首选物理，再选不限,522,105372,https://www.jseea.cn/webfile/upload/2023/07-18/10-05-510166-183377989.xls
2023,物理类,2511,南昌工程学院,2511-03,03,首选物理，再选不限,511,116463,https://www.jseea.cn/webfile/upload/2023/07-18/10-05-510166-183377989.xls
2023,物理类,2512,江西警察学院,2512-02,02,首选物理，再选不限,522,105372,https://www.jseea.cn/webfile/upload/2023/07-18/10-05-510166-183377989.xls
2023,物理类,2521,江西理工大学,2521-02,02,首选物理，再选不限,542,84967,https://www.jseea.cn/webfile/upload/2023/07-18/10-05-510166-183377989.xls
2023,物理类,2521,江西理工大学,2521-03,03,首选物理，再选不限,542,84967,https://www.jseea.cn/webfile/upload/2023/07-18/10-05-510166-183377989.xls
2023,物理类,2521,江西理工大学,2521-04,04,首选物理，再选化学,522,105372,https://www.jseea.cn/webfile/upload/2023/07-18/10-05-510166-183377989.xls
2023,物理类,2521,江西理工大学,2521-05,05,首选物理，再选化学或地理,543,83977,https://www.jseea.cn/webfile/upload/2023/07-18/10-05-510166-183377989.xls
2023,物理类,2522,赣南医学院,2522-02,02,首选物理，再选不限,513,114462,https://www.jseea.cn/webfile/upload/2023/07-18/10-05-510166-183377989.xls
2023,物理类,2522,赣南医学院,2522-03,03,首选物理，再选化学,518,109392,https://www.jseea.cn/webfile/upload/2023/07-18/10-05-510166-183377989.xls
2023,物理类,2522,赣南医学院,2522-04,04,首选物理，再选生物,525,102240,https://www.jseea.cn/webfile/upload/2023/07-18/10-05-510166-183377989.xls
2023,物理类,2523,赣南师范大学,2523-04,04,首选物理，再选不限,523,104327,https://www.jseea.cn/webfile/upload/2023/07-18/10-05-510166-183377989.xls
2023,物理类,2523,赣南师范大学,2523-05,05,首选物理，再选化学,505,122563,https://www.jseea.cn/webfile/upload/2023/07-18/10-05-510166-183377989.xls
2023,物理类,2523,赣南师范大学,2523-06,06,首选物理，再选化学或生物,513,114462,https://www.jseea.cn/webfile/upload/2023/07-18/10-05-510166-183377989.xls
2023,物理类,2523,赣南师范大学,2523-07,07,首选物理，再选化学或地理,521,106375,https://www.jseea.cn/webfile/upload/2023/07-18/10-05-510166-183377989.xls
2023,物理类,2527,新余学院,2527-03,03,首选物理，再选不限,493,134436,https://www.jseea.cn/webfile/upload/2023/07-18/10-05-510166-183377989.xls
2023,物理类,2531,景德镇陶瓷大学,2531-02,02,首选物理，再选不限,526,101268,https://www.jseea.cn/webfile/upload/2023/07-18/10-05-510166-183377989.xls
2023,物理类,2531,景德镇陶瓷大学,2531-03,03,首选物理，再选化学,514,113412,https://www.jseea.cn/webfile/upload/2023/07-18/10-05-510166-183377989.xls
2023,物理类,2531,景德镇陶瓷大学,2531-04,04,首选物理，再选化学或生物,534,93121,https://www.jseea.cn/webfile/upload/2023/07-18/10-05-510166-183377989.xls
2023,物理类,2541,东华理工大学,2541-02,02,首选物理，再选不限,534,93121,https://www.jseea.cn/webfile/upload/2023/07-18/10-05-510166-183377989.xls
2023,物理类,2541,东华理工大学,2541-03,03,首选物理，再选不限,531,96123,https://www.jseea.cn/webfile/upload/2023/07-18/10-05-510166-183377989.xls
2023,物理类,2542,萍乡学院,2542-02,02,首选物理，再选不限,505,122563,https://www.jseea.cn/webfile/upload/2023/07-18/10-05-510166-183377989.xls
2023,物理类,2542,萍乡学院,2542-03,03,首选物理，再选化学,479,147716,https://www.jseea.cn/webfile/upload/2023/07-18/10-05-510166-183377989.xls
2023,物理类,2543,南昌师范学院,2543-04,04,首选物理，再选不限,465,160211,https://www.jseea.cn/webfile/upload/2023/07-18/10-05-510166-183377989.xls
2023,物理类,2543,南昌师范学院,2543-05,05,首选物理，再选化学或生物,532,95097,https://www.jseea.cn/webfile/upload/2023/07-18/10-05-510166-183377989.xls
2023,物理类,2551,宜春学院,2551-03,03,首选物理，再选不限,493,134436,https://www.jseea.cn/webfile/upload/2023/07-18/10-05-510166-183377989.xls
2023,物理类,2551,宜春学院,2551-04,04,首选物理，再选化学,489,138274,https://www.jseea.cn/webfile/upload/2023/07-18/10-05-510166-183377989.xls
2023,物理类,2551,宜春学院,2551-05,05,首选物理，再选化学或生物,526,101268,https://www.jseea.cn/webfile/upload/2023/07-18/10-05-510166-183377989.xls
2023,物理类,2561,九江学院,2561-02,02,首选物理，再选不限,495,132433,https://www.jseea.cn/webfile/upload/2023/07-18/10-05-510166-183377989.xls
2023,物理类,2561,九江学院,2561-03,03,首选物理，再选化学或生物,524,103298,https://www.jseea.cn/webfile/upload/2023/07-18/10-05-510166-183377989.xls
2023,物理类,2571,上饶师范学院,2571-03,03,首选物理，再选不限,457,166664,https://www.jseea.cn/webfile/upload/2023/07-18/10-05-510166-183377989.xls
2023,物理类,2571,上饶师范学院,2571-04,04,首选物理，再选化学,512,115419,https://www.jseea.cn/webfile/upload/2023/07-18/10-05-510166-183377989.xls
2023,物理类,2571,上饶师范学院,2571-05,05,首选物理，再选化学或地理,523,104327,https://www.jseea.cn/webfile/upload/2023/07-18/10-05-510166-183377989.xls
2023,物理类,2572,赣东学院,2572-02,02,首选物理，再选不限,491,136409,https://www.jseea.cn/webfile/upload/2023/07-18/10-05-510166-183377989.xls
2023,物理类,2573,赣南科技学院,2573-02,02,首选物理，再选不限,490,137354,https://www.jseea.cn/webfile/upload/2023/07-18/10-05-510166-183377989.xls
2023,物理类,2573,赣南科技学院,2573-03,03,首选物理，再选化学,481,145762,https://www.jseea.cn/webfile/upload/2023/07-18/10-05-510166-183377989.xls
2023,物理类,2574,南昌医学院,2574-04,04,首选物理，再选不限,537,90080,https://www.jseea.cn/webfile/upload/2023/07-18/10-05-510166-183377989.xls
2023,物理类,2574,南昌医学院,2574-05,05,首选物理，再选不限,563,64500,https://www.jseea.cn/webfile/upload/2023/07-18/10-05-510166-183377989.xls
2023,物理类,2574,南昌医学院,2574-06,06,首选物理，再选不限,573,55137,https://www.jseea.cn/webfile/upload/2023/07-18/10-05-510166-183377989.xls
2023,物理类,2574,南昌医学院,2574-07,07,首选物理，再选化学,577,51455,https://www.jseea.cn/webfile/upload/2023/07-18/10-05-510166-183377989.xls
2023,物理类,2574,南昌医学院,2574-08,08,首选物理，再选化学,539,87985,https://www.jseea.cn/webfile/upload/2023/07-18/10-05-510166-183377989.xls
2023,物理类,2574,南昌医学院,2574-09,09,首选物理，再选化学或生物,580,48831,https://www.jseea.cn/webfile/upload/2023/07-18/10-05-510166-183377989.xls
2023,物理类,2581,井冈山大学,2581-02,02,首选物理，再选不限,511,116463,https://www.jseea.cn/webfile/upload/2023/07-18/10-05-510166-183377989.xls
2023,物理类,2581,井冈山大学,2581-03,03,首选物理，再选化学,516,111339,https://www.jseea.cn/webfile/upload/2023/07-18/10-05-510166-183377989.xls
2023,物理类,2581,井冈山大学,2581-04,04,首选物理，再选化学或生物,548,78998,https://www.jseea.cn/webfile/upload/2023/07-18/10-05-510166-183377989.xls
2023,物理类,2596,景德镇学院,2596-02,02,首选物理，再选不限,509,118484,https://www.jseea.cn/webfile/upload/2023/07-18/10-05-510166-183377989.xls
2023,物理类,2601,山东大学,2601-04,04,首选物理，再选不限,640,8828,https://www.jseea.cn/webfile/upload/2023/07-18/10-05-510166-183377989.xls
2023,物理类,2601,山东大学,2601-05,05,首选物理，再选不限,622,17907,https://www.jseea.cn/webfile/upload/2023/07-18/10-05-510166-183377989.xls
2023,物理类,2601,山东大学,2601-06,06,首选物理，再选化学,639,9243,https://www.jseea.cn/webfile/upload/2023/07-18/10-05-510166-183377989.xls
2023,物理类,2601,山东大学,2601-07,07,首选物理，再选化学或生物,640,8828,https://www.jseea.cn/webfile/upload/2023/07-18/10-05-510166-183377989.xls
2023,物理类,2601,山东大学,2601-08,08,首选物理，再选化学和生物,651,4919,https://www.jseea.cn/webfile/upload/2023/07-18/10-05-510166-183377989.xls
2023,物理类,2602,济南大学,2602-03,03,首选物理，再选不限,567,60724,https://www.jseea.cn/webfile/upload/2023/07-18/10-05-510166-183377989.xls
2023,物理类,2602,济南大学,2602-04,04,首选物理，再选不限,591,39518,https://www.jseea.cn/webfile/upload/2023/07-18/10-05-510166-183377989.xls
2023,物理类,2602,济南大学,2602-05,05,首选物理，再选不限,534,93121,https://www.jseea.cn/webfile/upload/2023/07-18/10-05-510166-183377989.xls
2023,物理类,2602,济南大学,2602-06,06,首选物理，再选不限,584,45409,https://www.jseea.cn/webfile/upload/2023/07-18/10-05-510166-183377989.xls
2023,物理类,2602,济南大学,2602-07,07,首选物理，再选化学,532,95097,https://www.jseea.cn/webfile/upload/2023/07-18/10-05-510166-183377989.xls
2023,物理类,2602,济南大学,2602-08,08,首选物理，再选化学或生物,550,77082,https://www.jseea.cn/webfile/upload/2023/07-18/10-05-510166-183377989.xls
2023,物理类,2602,济南大学,2602-09,09,首选物理，再选思想政治,575,53220,https://www.jseea.cn/webfile/upload/2023/07-18/10-05-510166-183377989.xls
2023,物理类,2603,北京交通大学(威海校区),2603-02,02,首选物理，再选不限,615,22199,https://www.jseea.cn/webfile/upload/2023/07-18/10-05-510166-183377989.xls
2023,物理类,2605,山东中医药大学,2605-01,01,首选物理，再选不限,560,67391,https://www.jseea.cn/webfile/upload/2023/07-18/10-05-510166-183377989.xls
2023,物理类,2605,山东中医药大学,2605-02,02,首选物理，再选化学,546,80934,https://www.jseea.cn/webfile/upload/2023/07-18/10-05-510166-183377989.xls
2023,物理类,2605,山东中医药大学,2605-03,03,首选物理，再选化学或生物,574,54145,https://www.jseea.cn/webfile/upload/2023/07-18/10-05-510166-183377989.xls
2023,物理类,2606,山东财经大学,2606-02,02,首选物理，再选不限,548,78998,https://www.jseea.cn/webfile/upload/2023/07-18/10-05-510166-183377989.xls
2023,物理类,2607,山东建筑大学,2607-01,01,首选物理，再选不限,545,81926,https://www.jseea.cn/webfile/upload/2023/07-18/10-05-510166-183377989.xls
2023,物理类,2607,山东建筑大学,2607-02,02,首选物理，再选不限,527,100233,https://www.jseea.cn/webfile/upload/2023/07-18/10-05-510166-183377989.xls
2023,物理类,2607,山东建筑大学,2607-03,03,首选物理，再选化学,546,80934,https://www.jseea.cn/webfile/upload/2023/07-18/10-05-510166-183377989.xls
2023,物理类,2607,山东建筑大学,2607-04,04,首选物理，再选地理,522,105372,https://www.jseea.cn/webfile/upload/2023/07-18/10-05-510166-183377989.xls
2023,物理类,2608,山东工艺美术学院,2608-03,03,首选物理，再选不限,487,140150,https://www.jseea.cn/webfile/upload/2023/07-18/10-05-510166-183377989.xls
2023,物理类,2609,山东交通学院,2609-02,02,首选物理，再选不限,522,105372,https://www.jseea.cn/webfile/upload/2023/07-18/10-05-510166-183377989.xls
2023,物理类,2609,山东交通学院,2609-03,03,首选物理，再选化学,529,98179,https://www.jseea.cn/webfile/upload/2023/07-18/10-05-510166-183377989.xls
2023,物理类,2610,齐鲁工业大学,2610-02,02,首选物理，再选不限,545,81926,https://www.jseea.cn/webfile/upload/2023/07-18/10-05-510166-183377989.xls
2023,物理类,2611,山东理工大学,2611-02,02,首选物理，再选不限,550,77082,https://www.jseea.cn/webfile/upload/2023/07-18/10-05-510166-183377989.xls
2023,物理类,2611,山东理工大学,2611-03,03,首选物理，再选化学,544,82962,https://www.jseea.cn/webfile/upload/2023/07-18/10-05-510166-183377989.xls
2023,物理类,2611,山东理工大学,2611-04,04,首选物理，再选化学或生物,543,83977,https://www.jseea.cn/webfile/upload/2023/07-18/10-05-510166-183377989.xls
2023,物理类,2613,枣庄学院,2613-01,01,首选物理，再选不限,533,94093,https://www.jseea.cn/webfile/upload/2023/07-18/10-05-510166-183377989.xls
2023,物理类,2613,枣庄学院,2613-02,02,首选物理，再选化学,493,134436,https://www.jseea.cn/webfile/upload/2023/07-18/10-05-510166-183377989.xls
2023,物理类,2613,枣庄学院,2613-03,03,首选物理，再选化学或生物,495,132433,https://www.jseea.cn/webfile/upload/2023/07-18/10-05-510166-183377989.xls
2023,物理类,2614,潍坊医学院,2614-01,01,首选物理，再选不限,527,100233,https://www.jseea.cn/webfile/upload/2023/07-18/10-05-510166-183377989.xls
2023,物理类,2614,潍坊医学院,2614-02,02,首选物理，再选化学,526,101268,https://www.jseea.cn/webfile/upload/2023/07-18/10-05-510166-183377989.xls
2023,物理类,2614,潍坊医学院,2614-03,03,首选物理，再选化学或生物,582,47113,https://www.jseea.cn/webfile/upload/2023/07-18/10-05-510166-183377989.xls
2023,物理类,2621,中国海洋大学,2621-03,03,首选物理，再选不限,635,11117,https://www.jseea.cn/webfile/upload/2023/07-18/10-05-510166-183377989.xls
2023,物理类,2621,中国海洋大学,2621-04,04,首选物理，再选不限,635,11117,https://www.jseea.cn/webfile/upload/2023/07-18/10-05-510166-183377989.xls
2023,物理类,2621,中国海洋大学,2621-05,05,首选物理，再选不限,633,12049,https://www.jseea.cn/webfile/upload/2023/07-18/10-05-510166-183377989.xls
2023,物理类,2621,中国海洋大学,2621-06,06,首选物理，再选不限,628,14616,https://www.jseea.cn/webfile/upload/2023/07-18/10-05-510166-183377989.xls
2023,物理类,2621,中国海洋大学,2621-07,07,首选物理，再选不限,629,14096,https://www.jseea.cn/webfile/upload/2023/07-18/10-05-510166-183377989.xls
2023,物理类,2621,中国海洋大学,2621-08,08,首选物理，再选不限,632,12571,https://www.jseea.cn/webfile/upload/2023/07-18/10-05-510166-183377989.xls
2023,物理类,2621,中国海洋大学,2621-09,09,首选物理，再选不限,620,19102,https://www.jseea.cn/webfile/upload/2023/07-18/10-05-510166-183377989.xls
2023,物理类,2621,中国海洋大学,2621-10,10,首选物理，再选化学,629,14096,https://www.jseea.cn/webfile/upload/2023/07-18/10-05-510166-183377989.xls
2023,物理类,2621,中国海洋大学,2621-11,11,首选物理，再选化学或生物,633,12049,https://www.jseea.cn/webfile/upload/2023/07-18/10-05-510166-183377989.xls
2023,物理类,2621,中国海洋大学,2621-12,12,首选物理，再选化学或生物,622,17907,https://www.jseea.cn/webfile/upload/2023/07-18/10-05-510166-183377989.xls
2023,物理类,2622,青岛理工大学,2622-02,02,首选物理，再选不限,560,67391,https://www.jseea.cn/webfile/upload/2023/07-18/10-05-510166-183377989.xls
2023,物理类,2622,青岛理工大学,2622-03,03,首选物理，再选不限,549,78084,https://www.jseea.cn/webfile/upload/2023/07-18/10-05-510166-183377989.xls
2023,物理类,2622,青岛理工大学,2622-04,04,首选物理，再选化学,550,77082,https://www.jseea.cn/webfile/upload/2023/07-18/10-05-510166-183377989.xls
2023,物理类,2622,青岛理工大学,2622-05,05,首选物理，再选化学或生物,551,76116,https://www.jseea.cn/webfile/upload/2023/07-18/10-05-510166-183377989.xls
2023,物理类,2623,青岛科技大学,2623-01,01,首选物理，再选不限,572,56020,https://www.jseea.cn/webfile/upload/2023/07-18/10-05-510166-183377989.xls
2023,物理类,2623,青岛科技大学,2623-02,02,首选物理，再选化学,540,86936,https://www.jseea.cn/webfile/upload/2023/07-18/10-05-510166-183377989.xls
2023,物理类,2623,青岛科技大学,2623-03,03,首选物理，再选化学或生物,554,73152,https://www.jseea.cn/webfile/upload/2023/07-18/10-05-510166-183377989.xls
2023,物理类,2624,青岛大学,2624-02,02,首选物理，再选不限,588,42008,https://www.jseea.cn/webfile/upload/2023/07-18/10-05-510166-183377989.xls
2023,物理类,2624,青岛大学,2624-03,03,首选物理，再选化学,538,89031,https://www.jseea.cn/webfile/upload/2023/07-18/10-05-510166-183377989.xls
2023,物理类,2631,山东农业大学,2631-02,02,首选物理，再选不限,542,84967,https://www.jseea.cn/webfile/upload/2023/07-18/10-05-510166-183377989.xls
2023,物理类,2631,山东农业大学,2631-03,03,首选物理，再选化学或生物,538,89031,https://www.jseea.cn/webfile/upload/2023/07-18/10-05-510166-183377989.xls
2023,物理类,2633,山东科技大学,2633-01,01,首选物理，再选不限,568,59798,https://www.jseea.cn/webfile/upload/2023/07-18/10-05-510166-183377989.xls
2023,物理类,2633,山东科技大学,2633-02,02,首选物理，再选不限,544,82962,https://www.jseea.cn/webfile/upload/2023/07-18/10-05-510166-183377989.xls
2023,物理类,2633,山东科技大学,2633-03,03,首选物理，再选化学,536,91098,https://www.jseea.cn/webfile/upload/2023/07-18/10-05-510166-183377989.xls
2023,物理类,2633,山东科技大学,2633-04,04,首选物理，再选化学或地理,583,46257,https://www.jseea.cn/webfile/upload/2023/07-18/10-05-510166-183377989.xls
2023,物理类,2635,潍坊学院,2635-03,03,首选物理，再选不限,496,131452,https://www.jseea.cn/webfile/upload/2023/07-18/10-05-510166-183377989.xls
2023,物理类,2635,潍坊学院,2635-04,04,首选物理，再选化学,498,129552,https://www.jseea.cn/webfile/upload/2023/07-18/10-05-510166-183377989.xls
2023,物理类,2635,潍坊学院,2635-05,05,首选物理，再选化学或生物,497,130481,https://www.jseea.cn/webfile/upload/2023/07-18/10-05-510166-183377989.xls
2023,物理类,2635,潍坊学院,2635-06,06,首选物理，再选化学和生物,520,107386,https://www.jseea.cn/webfile/upload/2023/07-18/10-05-510166-183377989.xls
2023,物理类,2641,中国石油大学(华东),2641-01,01,首选物理，再选不限,609,26160,https://www.jseea.cn/webfile/upload/2023/07-18/10-05-510166-183377989.xls
2023,物理类,2641,中国石油大学(华东),2641-02,02,首选物理，再选化学,603,30376,https://www.jseea.cn/webfile/upload/2023/07-18/10-05-510166-183377989.xls
2023,物理类,2641,中国石油大学(华东),2641-03,03,首选物理，再选化学或地理,611,24840,https://www.jseea.cn/webfile/upload/2023/07-18/10-05-510166-183377989.xls
2023,物理类,2642,聊城大学,2642-02,02,首选物理，再选不限,535,92078,https://www.jseea.cn/webfile/upload/2023/07-18/10-05-510166-183377989.xls
2023,物理类,2642,聊城大学,2642-03,03,首选物理，再选化学,500,127538,https://www.jseea.cn/webfile/upload/2023/07-18/10-05-510166-183377989.xls
2023,物理类,2643,青岛农业大学,2643-04,04,首选物理，再选不限,531,96123,https://www.jseea.cn/webfile/upload/2023/07-18/10-05-510166-183377989.xls
2023,物理类,2643,青岛农业大学,2643-05,05,首选物理，再选化学,543,83977,https://www.jseea.cn/webfile/upload/2023/07-18/10-05-510166-183377989.xls
2023,物理类,2643,青岛农业大学,2643-06,06,首选物理，再选化学或生物,536,91098,https://www.jseea.cn/webfile/upload/2023/07-18/10-05-510166-183377989.xls
2023,物理类,2645,临沂大学,2645-02,02,首选物理，再选不限,540,86936,https://www.jseea.cn/webfile/upload/2023/07-18/10-05-510166-183377989.xls
2023,物理类,2645,临沂大学,2645-03,03,首选物理，再选不限,498,129552,https://www.jseea.cn/webfile/upload/2023/07-18/10-05-510166-183377989.xls
2023,物理类,2645,临沂大学,2645-04,04,首选物理，再选化学,530,97144,https://www.jseea.cn/webfile/upload/2023/07-18/10-05-510166-183377989.xls
2023,物理类,2645,临沂大学,2645-05,05,首选物理，再选化学或生物,528,99220,https://www.jseea.cn/webfile/upload/2023/07-18/10-05-510166-183377989.xls
2023,物理类,2645,临沂大学,2645-06,06,首选物理，再选化学或生物,483,143882,https://www.jseea.cn/webfile/upload/2023/07-18/10-05-510166-183377989.xls
2023,物理类,2650,滨州学院,2650-02,02,首选物理，再选不限,513,114462,https://www.jseea.cn/webfile/upload/2023/07-18/10-05-510166-183377989.xls
2023,物理类,2651,烟台大学,2651-03,03,首选物理，再选不限,532,95097,https://www.jseea.cn/webfile/upload/2023/07-18/10-05-510166-183377989.xls
2023,物理类,2651,烟台大学,2651-05,05,首选物理，再选化学,535,92078,https://www.jseea.cn/webfile/upload/2023/07-18/10-05-510166-183377989.xls
2023,物理类,2651,烟台大学,2651-06,06,首选物理，再选化学或生物,543,83977,https://www.jseea.cn/webfile/upload/2023/07-18/10-05-510166-183377989.xls
2023,物理类,2652,山东工商学院,2652-03,03,首选物理，再选不限,513,114462,https://www.jseea.cn/webfile/upload/2023/07-18/10-05-510166-183377989.xls
2023,物理类,2653,鲁东大学,2653-02,02,首选物理，再选不限,539,87985,https://www.jseea.cn/webfile/upload/2023/07-18/10-05-510166-183377989.xls
2023,物理类,2661,山东大学威海分校,2661-03,03,首选物理，再选不限,640,8828,https://www.jseea.cn/webfile/upload/2023/07-18/10-05-510166-183377989.xls
2023,物理类,2661,山东大学威海分校,2661-04,04,首选物理，再选不限,637,10153,https://www.jseea.cn/webfile/upload/2023/07-18/10-05-510166-183377989.xls
2023,物理类,2662,哈尔滨工业大学(威海),2662-02,02,首选物理，再选不限,651,4919,https://www.jseea.cn/webfile/upload/2023/07-18/10-05-510166-183377989.xls
2023,物理类,2662,哈尔滨工业大学(威海),2662-03,03,首选物理，再选不限,643,7655,https://www.jseea.cn/webfile/upload/2023/07-18/10-05-510166-183377989.xls
2023,物理类,2662,哈尔滨工业大学(威海),2662-04,04,首选物理，再选不限,629,14096,https://www.jseea.cn/webfile/upload/2023/07-18/10-05-510166-183377989.xls
2023,物理类,2669,菏泽学院,2669-03,03,首选物理，再选不限,526,101268,https://www.jseea.cn/webfile/upload/2023/07-18/10-05-510166-183377989.xls
2023,物理类,2669,菏泽学院,2669-04,04,首选物理，再选化学,516,111339,https://www.jseea.cn/webfile/upload/2023/07-18/10-05-510166-183377989.xls
2023,物理类,2669,菏泽学院,2669-05,05,首选物理，再选化学或生物,493,134436,https://www.jseea.cn/webfile/upload/2023/07-18/10-05-510166-183377989.xls
2023,物理类,2671,曲阜师范大学,2671-02,02,首选物理，再选不限,530,97144,https://www.jseea.cn/webfile/upload/2023/07-18/10-05-510166-183377989.xls
2023,物理类,2671,曲阜师范大学,2671-03,03,首选物理，再选化学,572,56020,https://www.jseea.cn/webfile/upload/2023/07-18/10-05-510166-183377989.xls
2023,物理类,2671,曲阜师范大学,2671-04,04,首选物理，再选化学或地理,570,57928,https://www.jseea.cn/webfile/upload/2023/07-18/10-05-510166-183377989.xls
2023,物理类,2681,滨州医学院,2681-01,01,首选物理，再选不限,527,100233,https://www.jseea.cn/webfile/upload/2023/07-18/10-05-510166-183377989.xls
2023,物理类,2681,滨州医学院,2681-02,02,首选物理，再选化学,526,101268,https://www.jseea.cn/webfile/upload/2023/07-18/10-05-510166-183377989.xls
2023,物理类,2681,滨州医学院,2681-03,03,首选物理，再选化学或生物,574,54145,https://www.jseea.cn/webfile/upload/2023/07-18/10-05-510166-183377989.xls
2023,物理类,2683,德州学院,2683-02,02,首选物理，再选不限,505,122563,https://www.jseea.cn/webfile/upload/2023/07-18/10-05-510166-183377989.xls
2023,物理类,2691,山东第一医科大学,2691-02,02,首选物理，再选不限,552,75102,https://www.jseea.cn/webfile/upload/2023/07-18/10-05-510166-183377989.xls
2023,物理类,2691,山东第一医科大学,2691-03,03,首选物理，再选化学,553,74111,https://www.jseea.cn/webfile/upload/2023/07-18/10-05-510166-183377989.xls
2023,物理类,2695,济宁医学院,2695-01,01,首选物理，再选不限,541,85961,https://www.jseea.cn/webfile/upload/2023/07-18/10-05-510166-183377989.xls
2023,物理类,2695,济宁医学院,2695-02,02,首选物理，再选化学,533,94093,https://www.jseea.cn/webfile/upload/2023/07-18/10-05-510166-183377989.xls
2023,物理类,2695,济宁医学院,2695-03,03,首选物理，再选化学或生物,565,62692,https://www.jseea.cn/webfile/upload/2023/07-18/10-05-510166-183377989.xls
2023,物理类,2701,山东女子学院,2701-02,02,首选物理，再选不限,494,133441,https://www.jseea.cn/webfile/upload/2023/07-18/10-05-510166-183377989.xls
2023,物理类,2702,济宁学院,2702-02,02,首选物理，再选不限,511,116463,https://www.jseea.cn/webfile/upload/2023/07-18/10-05-510166-183377989.xls
2023,物理类,2706,泰山学院,2706-01,01,首选物理，再选不限,516,111339,https://www.jseea.cn/webfile/upload/2023/07-18/10-05-510166-183377989.xls
2023,物理类,2706,泰山学院,2706-02,02,首选物理，再选不限,519,108391,https://www.jseea.cn/webfile/upload/2023/07-18/10-05-510166-183377989.xls
2023,物理类,2706,泰山学院,2706-03,03,首选物理，再选化学,491,136409,https://www.jseea.cn/webfile/upload/2023/07-18/10-05-510166-183377989.xls
2023,物理类,2706,泰山学院,2706-04,04,首选物理，再选化学或生物,511,116463,https://www.jseea.cn/webfile/upload/2023/07-18/10-05-510166-183377989.xls
2023,物理类,2710,齐鲁师范学院,2710-02,02,首选物理，再选化学,519,108391,https://www.jseea.cn/webfile/upload/2023/07-18/10-05-510166-183377989.xls
2023,物理类,2711,山东师范大学,2711-04,04,首选物理，再选不限,554,73152,https://www.jseea.cn/webfile/upload/2023/07-18/10-05-510166-183377989.xls
2023,物理类,2711,山东师范大学,2711-05,05,首选物理，再选不限,544,82962,https://www.jseea.cn/webfile/upload/2023/07-18/10-05-510166-183377989.xls
2023,物理类,2711,山东师范大学,2711-06,06,首选物理，再选化学,584,45409,https://www.jseea.cn/webfile/upload/2023/07-18/10-05-510166-183377989.xls
2023,物理类,2711,山东师范大学,2711-07,07,首选物理，再选化学或生物,553,74111,https://www.jseea.cn/webfile/upload/2023/07-18/10-05-510166-183377989.xls
2023,物理类,2711,山东师范大学,2711-08,08,首选物理，再选化学或地理,588,42008,https://www.jseea.cn/webfile/upload/2023/07-18/10-05-510166-183377989.xls
2023,物理类,2713,山东青年政治学院,2713-01,01,首选物理，再选不限,514,113412,https://www.jseea.cn/webfile/upload/2023/07-18/10-05-510166-183377989.xls
2023,物理类,2755,山东石油化工学院,2755-02,02,首选物理，再选不限,502,125541,https://www.jseea.cn/webfile/upload/2023/07-18/10-05-510166-183377989.xls
2023,物理类,3101,北京大学,3101-05,05,首选物理，再选不限,691,116,https://www.jseea.cn/webfile/upload/2023/07-18/10-05-510166-183377989.xls
2023,物理类,3102,中国人民大学,3102-04,04,首选物理，再选不限,667,1547,https://www.jseea.cn/webfile/upload/2023/07-18/10-05-510166-183377989.xls
2023,物理类,3103,清华大学,3103-03,03,首选物理，再选不限,690,116,https://www.jseea.cn/webfile/upload/2023/07-18/10-05-510166-183377989.xls
2023,物理类,3103,清华大学,3103-04,04,首选物理，再选化学,694,116,https://www.jseea.cn/webfile/upload/2023/07-18/10-05-510166-183377989.xls
2023,物理类,3104,北京师范大学,3104-04,04,首选物理，再选不限,651,4919,https://www.jseea.cn/webfile/upload/2023/07-18/10-05-510166-183377989.xls
2023,物理类,3104,北京师范大学,3104-05,05,首选物理，再选化学,647,6253,https://www.jseea.cn/webfile/upload/2023/07-18/10-05-510166-183377989.xls
2023,物理类,3105,北京交通大学,3105-02,02,首选物理，再选不限,641,8447,https://www.jseea.cn/webfile/upload/2023/07-18/10-05-510166-183377989.xls
2023,物理类,3105,北京交通大学,3105-03,03,首选物理，再选不限,646,6589,https://www.jseea.cn/webfile/upload/2023/07-18/10-05-510166-183377989.xls
2023,物理类,3105,北京交通大学,3105-04,04,首选物理，再选不限,627,15132,https://www.jseea.cn/webfile/upload/2023/07-18/10-05-510166-183377989.xls
2023,物理类,3106,北京航空航天大学,3106-02,02,首选物理，再选不限,659,2949,https://www.jseea.cn/webfile/upload/2023/07-18/10-05-510166-183377989.xls
2023,物理类,3106,北京航空航天大学,3106-03,03,首选物理，再选不限,649,5542,https://www.jseea.cn/webfile/upload/2023/07-18/10-05-510166-183377989.xls
2023,物理类,3107,北京理工大学,3107-02,02,首选物理，再选不限,657,3398,https://www.jseea.cn/webfile/upload/2023/07-18/10-05-510166-183377989.xls
2023,物理类,3107,北京理工大学,3107-03,03,首选物理，再选不限,635,11117,https://www.jseea.cn/webfile/upload/2023/07-18/10-05-510166-183377989.xls
2023,物理类,3107,北京理工大学,3107-04,04,首选物理，再选不限,645,6898,https://www.jseea.cn/webfile/upload/2023/07-18/10-05-510166-183377989.xls
2023,物理类,3108,北京科技大学,3108-02,02,首选物理，再选不限,635,11117,https://www.jseea.cn/webfile/upload/2023/07-18/10-05-510166-183377989.xls
2023,物理类,3108,北京科技大学,3108-03,03,首选物理，再选不限,635,11117,https://www.jseea.cn/webfile/upload/2023/07-18/10-05-510166-183377989.xls
2023,物理类,3108,北京科技大学,3108-04,04,首选物理，再选化学,634,11592,https://www.jseea.cn/webfile/upload/2023/07-18/10-05-510166-183377989.xls
2023,物理类,3109,北京化工大学,3109-02,02,首选物理，再选不限,616,21589,https://www.jseea.cn/webfile/upload/2023/07-18/10-05-510166-183377989.xls
2023,物理类,3109,北京化工大学,3109-03,03,首选物理，再选化学,616,21589,https://www.jseea.cn/webfile/upload/2023/07-18/10-05-510166-183377989.xls
2023,物理类,3110,中国农业大学,3110-03,03,首选物理，再选不限,640,8828,https://www.jseea.cn/webfile/upload/2023/07-18/10-05-510166-183377989.xls
2023,物理类,3110,中国农业大学,3110-04,04,首选物理，再选化学,637,10153,https://www.jseea.cn/webfile/upload/2023/07-18/10-05-510166-183377989.xls
2023,物理类,3110,中国农业大学,3110-05,05,首选物理，再选化学或生物,642,8030,https://www.jseea.cn/webfile/upload/2023/07-18/10-05-510166-183377989.xls
2023,物理类,3111,中国地质大学(北京),3111-01,01,首选物理，再选不限,599,33366,https://www.jseea.cn/webfile/upload/2023/07-18/10-05-510166-183377989.xls
2023,物理类,3111,中国地质大学(北京),3111-02,02,首选物理，再选化学,591,39518,https://www.jseea.cn/webfile/upload/2023/07-18/10-05-510166-183377989.xls
2023,物理类,3111,中国地质大学(北京),3111-03,03,首选物理，再选地理,623,17334,https://www.jseea.cn/webfile/upload/2023/07-18/10-05-510166-183377989.xls
2023,物理类,3112,中国政法大学,3112-03,03,首选物理，再选不限,640,8828,https://www.jseea.cn/webfile/upload/2023/07-18/10-05-510166-183377989.xls
2023,物理类,3113,北京邮电大学,3113-01,01,首选物理，再选不限,650,5238,https://www.jseea.cn/webfile/upload/2023/07-18/10-05-510166-183377989.xls
2023,物理类,3113,北京邮电大学,3113-02,02,首选物理，再选不限,655,3869,https://www.jseea.cn/webfile/upload/2023/07-18/10-05-510166-183377989.xls
2023,物理类,3114,北京林业大学,3114-02,02,首选物理，再选不限,597,34853,https://www.jseea.cn/webfile/upload/2023/07-18/10-05-510166-183377989.xls
2023,物理类,3114,北京林业大学,3114-03,03,首选物理，再选化学或生物,598,34106,https://www.jseea.cn/webfile/upload/2023/07-18/10-05-510166-183377989.xls
2023,物理类,3114,北京林业大学,3114-04,04,首选物理，再选化学或地理,620,19102,https://www.jseea.cn/webfile/upload/2023/07-18/10-05-510166-183377989.xls
2023,物理类,3115,北京大学医学部,3115-02,02,首选物理，再选不限,680,375,https://www.jseea.cn/webfile/upload/2023/07-18/10-05-510166-183377989.xls
2023,物理类,3115,北京大学医学部,3115-03,03,首选物理，再选化学,682,272,https://www.jseea.cn/webfile/upload/2023/07-18/10-05-510166-183377989.xls
2023,物理类,3115,北京大学医学部,3115-04,04,首选物理，再选化学,689,116,https://www.jseea.cn/webfile/upload/2023/07-18/10-05-510166-183377989.xls
2023,物理类,3116,北京外国语大学,3116-05,05,首选物理，再选不限,628,14616,https://www.jseea.cn/webfile/upload/2023/07-18/10-05-510166-183377989.xls
2023,物理类,3117,北京语言大学,3117-05,05,首选物理，再选不限,586,43656,https://www.jseea.cn/webfile/upload/2023/07-18/10-05-510166-183377989.xls
2023,物理类,3118,中国石油大学(北京),3118-03,03,首选物理，再选不限,606,28267,https://www.jseea.cn/webfile/upload/2023/07-18/10-05-510166-183377989.xls
2023,物理类,3118,中国石油大学(北京),3118-04,04,首选物理，再选化学,610,25495,https://www.jseea.cn/webfile/upload/2023/07-18/10-05-510166-183377989.xls
2023,物理类,3119,对外经济贸易大学,3119-04,04,首选物理，再选不限,638,9656,https://www.jseea.cn/webfile/upload/2023/07-18/10-05-510166-183377989.xls
2023,物理类,3120,中央财经大学,3120-02,02,首选物理，再选不限,638,9656,https://www.jseea.cn/webfile/upload/2023/07-18/10-05-510166-183377989.xls
2023,物理类,3121,北京中医药大学,3121-02,02,首选物理，再选不限,591,39518,https://www.jseea.cn/webfile/upload/2023/07-18/10-05-510166-183377989.xls
2023,物理类,3121,北京中医药大学,3121-03,03,首选物理，再选化学或生物,622,17907,https://www.jseea.cn/webfile/upload/2023/07-18/10-05-510166-183377989.xls
2023,物理类,3122,中国矿业大学(北京),3122-02,02,首选物理，再选不限,599,33366,https://www.jseea.cn/webfile/upload/2023/07-18/10-05-510166-183377989.xls
2023,物理类,3123,中国传媒大学,3123-05,05,首选物理，再选不限,631,13100,https://www.jseea.cn/webfile/upload/2023/07-18/10-05-510166-183377989.xls
2023,物理类,3123,中国传媒大学,3123-06,06,首选物理，再选不限,627,15132,https://www.jseea.cn/webfile/upload/2023/07-18/10-05-510166-183377989.xls
2023,物理类,3123,中国传媒大学,3123-07,07,首选物理，再选不限,596,35650,https://www.jseea.cn/webfile/upload/2023/07-18/10-05-510166-183377989.xls
2023,物理类,3123,中国传媒大学,3123-08,08,首选物理，再选不限,593,37931,https://www.jseea.cn/webfile/upload/2023/07-18/10-05-510166-183377989.xls
2023,物理类,3127,北京体育大学,3127-05,05,首选物理，再选不限,584,45409,https://www.jseea.cn/webfile/upload/2023/07-18/10-05-510166-183377989.xls
2023,物理类,3127,北京体育大学,3127-06,06,首选物理，再选不限,599,33366,https://www.jseea.cn/webfile/upload/2023/07-18/10-05-510166-183377989.xls
2023,物理类,3127,北京体育大学,3127-07,07,首选物理，再选不限,559,68330,https://www.jseea.cn/webfile/upload/2023/07-18/10-05-510166-183377989.xls
2023,物理类,3127,北京体育大学,3127-08,08,首选物理，再选化学,579,49755,https://www.jseea.cn/webfile/upload/2023/07-18/10-05-510166-183377989.xls
2023,物理类,3127,北京体育大学,3127-09,09,首选物理，再选生物,604,29715,https://www.jseea.cn/webfile/upload/2023/07-18/10-05-510166-183377989.xls
2023,物理类,3128,华北电力大学(北京),3128-02,02,首选物理，再选不限,623,17334,https://www.jseea.cn/webfile/upload/2023/07-18/10-05-510166-183377989.xls
2023,物理类,3128,华北电力大学(北京),3128-03,03,首选物理，再选化学,623,17334,https://www.jseea.cn/webfile/upload/2023/07-18/10-05-510166-183377989.xls
2023,物理类,3129,中央民族大学,3129-02,02,首选物理，再选不限,625,16212,https://www.jseea.cn/webfile/upload/2023/07-18/10-05-510166-183377989.xls
2023,物理类,3129,中央民族大学,3129-03,03,首选物理，再选不限,613,23567,https://www.jseea.cn/webfile/upload/2023/07-18/10-05-510166-183377989.xls
2023,物理类,3129,中央民族大学,3129-04,04,首选物理，再选不限,609,26160,https://www.jseea.cn/webfile/upload/2023/07-18/10-05-510166-183377989.xls
2023,物理类,3129,中央民族大学,3129-05,05,首选物理，再选化学或生物,630,13586,https://www.jseea.cn/webfile/upload/2023/07-18/10-05-510166-183377989.xls
2023,物理类,3130,北京协和医学院,3130-01,01,首选物理，再选不限,597,34853,https://www.jseea.cn/webfile/upload/2023/07-18/10-05-510166-183377989.xls
2023,物理类,3132,北京第二外国语学院,3132-02,02,首选物理，再选不限,573,55137,https://www.jseea.cn/webfile/upload/2023/07-18/10-05-510166-183377989.xls
2023,物理类,3133,首都师范大学,3133-02,02,首选物理，再选不限,595,36406,https://www.jseea.cn/webfile/upload/2023/07-18/10-05-510166-183377989.xls
2023,物理类,3134,北京工业大学,3134-01,01,首选物理，再选不限,633,12049,https://www.jseea.cn/webfile/upload/2023/07-18/10-05-510166-183377989.xls
2023,物理类,3135,首都医科大学,3135-01,01,首选物理，再选化学,634,11592,https://www.jseea.cn/webfile/upload/2023/07-18/10-05-510166-183377989.xls
2023,物理类,3135,首都医科大学,3135-02,02,首选物理，再选化学,582,47113,https://www.jseea.cn/webfile/upload/2023/07-18/10-05-510166-183377989.xls
2023,物理类,3136,北京物资学院,3136-02,02,首选物理，再选不限,553,74111,https://www.jseea.cn/webfile/upload/2023/07-18/10-05-510166-183377989.xls
2023,物理类,3137,北京信息科技大学,3137-01,01,首选物理，再选不限,592,38767,https://www.jseea.cn/webfile/upload/2023/07-18/10-05-510166-183377989.xls
2023,物理类,3138,北京服装学院,3138-01,01,首选物理，再选化学,530,97144,https://www.jseea.cn/webfile/upload/2023/07-18/10-05-510166-183377989.xls
2023,物理类,3139,北京印刷学院,3139-02,02,首选物理，再选化学,518,109392,https://www.jseea.cn/webfile/upload/2023/07-18/10-05-510166-183377989.xls
2023,物理类,3140,北京邮电大学(宏福校区),3140-01,01,首选物理，再选不限,634,11592,https://www.jseea.cn/webfile/upload/2023/07-18/10-05-510166-183377989.xls
2023,物理类,3140,北京邮电大学(宏福校区),3140-02,02,首选物理，再选不限,639,9243,https://www.jseea.cn/webfile/upload/2023/07-18/10-05-510166-183377989.xls
2023,物理类,3141,北京石油化工学院,3141-01,01,首选物理，再选不限,541,85961,https://www.jseea.cn/webfile/upload/2023/07-18/10-05-510166-183377989.xls
2023,物理类,3141,北京石油化工学院,3141-02,02,首选物理，再选化学或生物,532,95097,https://www.jseea.cn/webfile/upload/2023/07-18/10-05-510166-183377989.xls
2023,物理类,3142,北京工商大学,3142-02,02,首选物理，再选不限,576,52349,https://www.jseea.cn/webfile/upload/2023/07-18/10-05-510166-183377989.xls
2023,物理类,3142,北京工商大学,3142-03,03,首选物理，再选不限,543,83977,https://www.jseea.cn/webfile/upload/2023/07-18/10-05-510166-183377989.xls
2023,物理类,3142,北京工商大学,3142-04,04,首选物理，再选化学,545,81926,https://www.jseea.cn/webfile/upload/2023/07-18/10-05-510166-183377989.xls
2023,物理类,3144,北京联合大学,3144-02,02,首选物理，再选不限,557,70200,https://www.jseea.cn/webfile/upload/2023/07-18/10-05-510166-183377989.xls
2023,物理类,3145,北京建筑大学,3145-01,01,首选物理，再选不限,578,50594,https://www.jseea.cn/webfile/upload/2023/07-18/10-05-510166-183377989.xls
2023,物理类,3148,北京电影学院,3148-02,02,首选物理，再选不限,628,14616,https://www.jseea.cn/webfile/upload/2023/07-18/10-05-510166-183377989.xls
2023,物理类,3153,华北科技学院,3153-02,02,首选物理，再选不限,521,106375,https://www.jseea.cn/webfile/upload/2023/07-18/10-05-510166-183377989.xls
2023,物理类,3153,华北科技学院,3153-03,03,首选物理，再选不限,504,123513,https://www.jseea.cn/webfile/upload/2023/07-18/10-05-510166-183377989.xls
2023,物理类,3153,华北科技学院,3153-04,04,首选物理，再选不限,508,119495,https://www.jseea.cn/webfile/upload/2023/07-18/10-05-510166-183377989.xls
2023,物理类,3153,华北科技学院,3153-05,05,首选物理，再选化学,496,131452,https://www.jseea.cn/webfile/upload/2023/07-18/10-05-510166-183377989.xls
2023,物理类,3153,华北科技学院,3153-06,06,首选物理，再选化学,495,132433,https://www.jseea.cn/webfile/upload/2023/07-18/10-05-510166-183377989.xls
2023,物理类,3154,首都经济贸易大学,3154-02,02,首选物理，再选不限,573,55137,https://www.jseea.cn/webfile/upload/2023/07-18/10-05-510166-183377989.xls
2023,物理类,3154,首都经济贸易大学,3154-03,03,首选物理，再选不限,583,46257,https://www.jseea.cn/webfile/upload/2023/07-18/10-05-510166-183377989.xls
2023,物理类,3156,中国科学院大学,3156-05,05,首选物理，再选不限,675,688,https://www.jseea.cn/webfile/upload/2023/07-18/10-05-510166-183377989.xls
2023,物理类,3156,中国科学院大学,3156-06,06,首选物理，再选化学,674,762,https://www.jseea.cn/webfile/upload/2023/07-18/10-05-510166-183377989.xls
2023,物理类,3169,中国劳动关系学院,3169-02,02,首选物理，再选不限,531,96123,https://www.jseea.cn/webfile/upload/2023/07-18/10-05-510166-183377989.xls
2023,物理类,3201,南开大学,3201-03,03,首选物理，再选不限,654,4113,https://www.jseea.cn/webfile/upload/2023/07-18/10-05-510166-183377989.xls
2023,物理类,3201,南开大学,3201-04,04,首选物理，再选化学或生物,653,4396,https://www.jseea.cn/webfile/upload/2023/07-18/10-05-510166-183377989.xls
2023,物理类,3202,天津大学,3202-01,01,首选物理，再选不限,651,4919,https://www.jseea.cn/webfile/upload/2023/07-18/10-05-510166-183377989.xls
2023,物理类,3202,天津大学,3202-02,02,首选物理，再选不限,650,5238,https://www.jseea.cn/webfile/upload/2023/07-18/10-05-510166-183377989.xls
2023,物理类,3202,天津大学,3202-03,03,首选物理，再选化学,647,6253,https://www.jseea.cn/webfile/upload/2023/07-18/10-05-510166-183377989.xls
2023,物理类,3203,天津医科大学,3203-01,01,首选物理，再选化学,601,31865,https://www.jseea.cn/webfile/upload/2023/07-18/10-05-510166-183377989.xls
2023,物理类,3203,天津医科大学,3203-02,02,首选物理，再选化学或生物,637,10153,https://www.jseea.cn/webfile/upload/2023/07-18/10-05-510166-183377989.xls
2023,物理类,3203,天津医科大学,3203-03,03,首选物理，再选化学和生物,641,8447,https://www.jseea.cn/webfile/upload/2023/07-18/10-05-510166-183377989.xls
2023,物理类,3203,天津医科大学,3203-04,04,首选物理，再选化学和生物,600,32621,https://www.jseea.cn/webfile/upload/2023/07-18/10-05-510166-183377989.xls
2023,物理类,3204,天津师范大学,3204-05,05,首选物理，再选不限,532,95097,https://www.jseea.cn/webfile/upload/2023/07-18/10-05-510166-183377989.xls
2023,物理类,3204,天津师范大学,3204-06,06,首选物理，再选化学,563,64500,https://www.jseea.cn/webfile/upload/2023/07-18/10-05-510166-183377989.xls
2023,物理类,3204,天津师范大学,3204-07,07,首选物理，再选化学或生物,545,81926,https://www.jseea.cn/webfile/upload/2023/07-18/10-05-510166-183377989.xls
2023,物理类,3204,天津师范大学,3204-08,08,首选物理，再选化学或地理,565,62692,https://www.jseea.cn/webfile/upload/2023/07-18/10-05-510166-183377989.xls
2023,物理类,3205,中国民航大学,3205-04,04,首选物理，再选不限,568,59798,https://www.jseea.cn/webfile/upload/2023/07-18/10-05-510166-183377989.xls
2023,物理类,3205,中国民航大学,3205-05,05,首选物理，再选化学,570,57928,https://www.jseea.cn/webfile/upload/2023/07-18/10-05-510166-183377989.xls
2023,物理类,3206,天津工业大学,3206-02,02,首选物理，再选不限,597,34853,https://www.jseea.cn/webfile/upload/2023/07-18/10-05-510166-183377989.xls
2023,物理类,3206,天津工业大学,3206-03,03,首选物理，再选化学,573,55137,https://www.jseea.cn/webfile/upload/2023/07-18/10-05-510166-183377989.xls
2023,物理类,3207,天津商业大学,3207-02,02,首选物理，再选不限,535,92078,https://www.jseea.cn/webfile/upload/2023/07-18/10-05-510166-183377989.xls
2023,物理类,3207,天津商业大学,3207-03,03,首选物理，再选不限,538,89031,https://www.jseea.cn/webfile/upload/2023/07-18/10-05-510166-183377989.xls
2023,物理类,3208,天津科技大学,3208-03,03,首选物理，再选不限,575,53220,https://www.jseea.cn/webfile/upload/2023/07-18/10-05-510166-183377989.xls
2023,物理类,3208,天津科技大学,3208-04,04,首选物理，再选不限,537,90080,https://www.jseea.cn/webfile/upload/2023/07-18/10-05-510166-183377989.xls
2023,物理类,3208,天津科技大学,3208-05,05,首选物理，再选不限,539,87985,https://www.jseea.cn/webfile/upload/2023/07-18/10-05-510166-183377989.xls
2023,物理类,3208,天津科技大学,3208-06,06,首选物理，再选不限,569,58807,https://www.jseea.cn/webfile/upload/2023/07-18/10-05-510166-183377989.xls
2023,物理类,3208,天津科技大学,3208-07,07,首选物理，再选化学,532,95097,https://www.jseea.cn/webfile/upload/2023/07-18/10-05-510166-183377989.xls
2023,物理类,3208,天津科技大学,3208-08,08,首选物理，再选化学或生物,553,74111,https://www.jseea.cn/webfile/upload/2023/07-18/10-05-510166-183377989.xls
2023,物理类,3208,天津科技大学,3208-09,09,首选物理，再选化学或生物,535,92078,https://www.jseea.cn/webfile/upload/2023/07-18/10-05-510166-183377989.xls
2023,物理类,3209,天津财经大学,3209-02,02,首选物理，再选不限,558,69273,https://www.jseea.cn/webfile/upload/2023/07-18/10-05-510166-183377989.xls
2023,物理类,3210,天津城建大学,3210-01,01,首选物理，再选不限,532,95097,https://www.jseea.cn/webfile/upload/2023/07-18/10-05-510166-183377989.xls
2023,物理类,3210,天津城建大学,3210-02,02,首选物理，再选不限,500,127538,https://www.jseea.cn/webfile/upload/2023/07-18/10-05-510166-183377989.xls
2023,物理类,3210,天津城建大学,3210-03,03,首选物理，再选化学,527,100233,https://www.jseea.cn/webfile/upload/2023/07-18/10-05-510166-183377989.xls
2023,物理类,3210,天津城建大学,3210-04,04,首选物理，再选化学或地理,534,93121,https://www.jseea.cn/webfile/upload/2023/07-18/10-05-510166-183377989.xls
2023,物理类,3211,天津外国语大学,3211-04,04,首选物理，再选不限,534,93121,https://www.jseea.cn/webfile/upload/2023/07-18/10-05-510166-183377989.xls
2023,物理类,3211,天津外国语大学,3211-05,05,首选物理，再选不限,529,98179,https://www.jseea.cn/webfile/upload/2023/07-18/10-05-510166-183377989.xls
2023,物理类,3211,天津外国语大学,3211-06,06,首选物理，再选思想政治,547,79956,https://www.jseea.cn/webfile/upload/2023/07-18/10-05-510166-183377989.xls
2023,物理类,3212,天津中医药大学,3212-04,04,首选物理，再选不限,574,54145,https://www.jseea.cn/webfile/upload/2023/07-18/10-05-510166-183377989.xls
2023,物理类,3212,天津中医药大学,3212-05,05,首选物理，再选不限,564,63653,https://www.jseea.cn/webfile/upload/2023/07-18/10-05-510166-183377989.xls
2023,物理类,3212,天津中医药大学,3212-06,06,首选物理，再选化学,560,67391,https://www.jseea.cn/webfile/upload/2023/07-18/10-05-510166-183377989.xls
2023,物理类,3212,天津中医药大学,3212-07,07,首选物理，再选化学或生物,599,33366,https://www.jseea.cn/webfile/upload/2023/07-18/10-05-510166-183377989.xls
2023,物理类,3212,天津中医药大学,3212-08,08,首选物理，再选化学或生物,579,49755,https://www.jseea.cn/webfile/upload/2023/07-18/10-05-510166-183377989.xls
2023,物理类,3212,天津中医药大学,3212-09,09,首选物理，再选化学或生物,578,50594,https://www.jseea.cn/webfile/upload/2023/07-18/10-05-510166-183377989.xls
2023,物理类,3212,天津中医药大学,3212-10,10,首选物理，再选化学和生物,603,30376,https://www.jseea.cn/webfile/upload/2023/07-18/10-05-510166-183377989.xls
2023,物理类,3213,天津农学院,3213-02,02,首选物理，再选不限,509,118484,https://www.jseea.cn/webfile/upload/2023/07-18/10-05-510166-183377989.xls
2023,物理类,3213,天津农学院,3213-03,03,首选物理，再选化学或生物,511,116463,https://www.jseea.cn/webfile/upload/2023/07-18/10-05-510166-183377989.xls
2023,物理类,3214,天津理工大学,3214-01,01,首选物理，再选不限,546,80934,https://www.jseea.cn/webfile/upload/2023/07-18/10-05-510166-183377989.xls
2023,物理类,3214,天津理工大学,3214-02,02,首选物理，再选化学,541,85961,https://www.jseea.cn/webfile/upload/2023/07-18/10-05-510166-183377989.xls
2023,物理类,3217,天津体育学院,3217-02,02,首选物理，再选不限,495,132433,https://www.jseea.cn/webfile/upload/2023/07-18/10-05-510166-183377989.xls
2023,物理类,3218,天津职业技术师范大学,3218-02,02,首选物理，再选不限,528,99220,https://www.jseea.cn/webfile/upload/2023/07-18/10-05-510166-183377989.xls
2023,物理类,3301,石家庄铁道大学,3301-02,02,首选物理，再选不限,556,71147,https://www.jseea.cn/webfile/upload/2023/07-18/10-05-510166-183377989.xls
2023,物理类,3301,石家庄铁道大学,3301-03,03,首选物理，再选不限,540,86936,https://www.jseea.cn/webfile/upload/2023/07-18/10-05-510166-183377989.xls
2023,物理类,3301,石家庄铁道大学,3301-04,04,首选物理，再选化学,559,68330,https://www.jseea.cn/webfile/upload/2023/07-18/10-05-510166-183377989.xls
2023,物理类,3302,河北科技师范学院,3302-02,02,首选物理，再选不限,492,135454,https://www.jseea.cn/webfile/upload/2023/07-18/10-05-510166-183377989.xls
2023,物理类,3302,河北科技师范学院,3302-03,03,首选物理，再选不限,479,147716,https://www.jseea.cn/webfile/upload/2023/07-18/10-05-510166-183377989.xls
2023,物理类,3303,河北建筑工程学院,3303-01,01,首选物理，再选不限,506,121516,https://www.jseea.cn/webfile/upload/2023/07-18/10-05-510166-183377989.xls
2023,物理类,3304,河北科技大学,3304-01,01,首选物理，再选不限,527,100233,https://www.jseea.cn/webfile/upload/2023/07-18/10-05-510166-183377989.xls
2023,物理类,3304,河北科技大学,3304-02,02,首选物理，再选不限,487,140150,https://www.jseea.cn/webfile/upload/2023/07-18/10-05-510166-183377989.xls
2023,物理类,3304,河北科技大学,3304-03,03,首选物理，再选化学,510,117453,https://www.jseea.cn/webfile/upload/2023/07-18/10-05-510166-183377989.xls
2023,物理类,3304,河北科技大学,3304-04,04,首选物理，再选化学或生物,540,86936,https://www.jseea.cn/webfile/upload/2023/07-18/10-05-510166-183377989.xls
2023,物理类,3305,河北地质大学,3305-02,02,首选物理，再选不限,525,102240,https://www.jseea.cn/webfile/upload/2023/07-18/10-05-510166-183377989.xls
2023,物理类,3305,河北地质大学,3305-03,03,首选物理，再选化学或地理,548,78998,https://www.jseea.cn/webfile/upload/2023/07-18/10-05-510166-183377989.xls
2023,物理类,3307,河北工业大学,3307-02,02,首选物理，再选不限,604,29715,https://www.jseea.cn/webfile/upload/2023/07-18/10-05-510166-183377989.xls
2023,物理类,3307,河北工业大学,3307-03,03,首选物理，再选不限,586,43656,https://www.jseea.cn/webfile/upload/2023/07-18/10-05-510166-183377989.xls
2023,物理类,3307,河北工业大学,3307-04,04,首选物理，再选化学,607,27544,https://www.jseea.cn/webfile/upload/2023/07-18/10-05-510166-183377989.xls
2023,物理类,3310,河北经贸大学,3310-03,03,首选物理，再选不限,512,115419,https://www.jseea.cn/webfile/upload/2023/07-18/10-05-510166-183377989.xls
2023,物理类,3310,河北经贸大学,3310-04,04,首选物理，再选不限,542,84967,https://www.jseea.cn/webfile/upload/2023/07-18/10-05-510166-183377989.xls
2023,物理类,3311,华北电力大学(保定),3311-02,02,首选物理，再选不限,605,28961,https://www.jseea.cn/webfile/upload/2023/07-18/10-05-510166-183377989.xls
2023,物理类,3311,华北电力大学(保定),3311-03,03,首选物理，再选化学,602,31134,https://www.jseea.cn/webfile/upload/2023/07-18/10-05-510166-183377989.xls
2023,物理类,3312,河北大学,3312-03,03,首选物理，再选不限,564,63653,https://www.jseea.cn/webfile/upload/2023/07-18/10-05-510166-183377989.xls
2023,物理类,3312,河北大学,3312-04,04,首选物理，再选思想政治,575,53220,https://www.jseea.cn/webfile/upload/2023/07-18/10-05-510166-183377989.xls
2023,物理类,3313,河北医科大学,3313-01,01,首选物理，再选不限,542,84967,https://www.jseea.cn/webfile/upload/2023/07-18/10-05-510166-183377989.xls
2023,物理类,3313,河北医科大学,3313-02,02,首选物理，再选化学,540,86936,https://www.jseea.cn/webfile/upload/2023/07-18/10-05-510166-183377989.xls
2023,物理类,3313,河北医科大学,3313-03,03,首选物理，再选化学或生物,561,66451,https://www.jseea.cn/webfile/upload/2023/07-18/10-05-510166-183377989.xls
2023,物理类,3313,河北医科大学,3313-04,04,首选物理，再选化学和生物,613,23567,https://www.jseea.cn/webfile/upload/2023/07-18/10-05-510166-183377989.xls
2023,物理类,3314,河北师范大学,3314-03,03,首选物理，再选不限,460,164240,https://www.jseea.cn/webfile/upload/2023/07-18/10-05-510166-183377989.xls
2023,物理类,3314,河北师范大学,3314-04,04,首选物理，再选化学,555,72167,https://www.jseea.cn/webfile/upload/2023/07-18/10-05-510166-183377989.xls
2023,物理类,3315,河北金融学院,3315-02,02,首选物理，再选不限,507,120486,https://www.jseea.cn/webfile/upload/2023/07-18/10-05-510166-183377989.xls
2023,物理类,3318,防灾科技学院,3318-02,02,首选物理，再选不限,507,120486,https://www.jseea.cn/webfile/upload/2023/07-18/10-05-510166-183377989.xls
2023,物理类,3318,防灾科技学院,3318-03,03,首选物理，再选不限,530,97144,https://www.jseea.cn/webfile/upload/2023/07-18/10-05-510166-183377989.xls
2023,物理类,3318,防灾科技学院,3318-04,04,首选物理，再选化学,519,108391,https://www.jseea.cn/webfile/upload/2023/07-18/10-05-510166-183377989.xls
2023,物理类,3320,河北环境工程学院,3320-03,03,首选物理，再选不限,492,135454,https://www.jseea.cn/webfile/upload/2023/07-18/10-05-510166-183377989.xls
2023,物理类,3320,河北环境工程学院,3320-04,04,首选物理，再选化学,480,146747,https://www.jseea.cn/webfile/upload/2023/07-18/10-05-510166-183377989.xls
2023,物理类,3321,燕山大学,3321-02,02,首选物理，再选不限,574,54145,https://www.jseea.cn/webfile/upload/2023/07-18/10-05-510166-183377989.xls
2023,物理类,3321,燕山大学,3321-03,03,首选物理，再选不限,545,81926,https://www.jseea.cn/webfile/upload/2023/07-18/10-05-510166-183377989.xls
2023,物理类,3321,燕山大学,3321-04,04,首选物理，再选化学,551,76116,https://www.jseea.cn/webfile/upload/2023/07-18/10-05-510166-183377989.xls
2023,物理类,3322,东北大学秦皇岛分校,3322-02,02,首选物理，再选不限,627,15132,https://www.jseea.cn/webfile/upload/2023/07-18/10-05-510166-183377989.xls
2023,物理类,3322,东北大学秦皇岛分校,3322-03,03,首选物理，再选不限,624,16747,https://www.jseea.cn/webfile/upload/2023/07-18/10-05-510166-183377989.xls
2023,物理类,3326,河北水利电力学院,3326-01,01,首选物理，再选不限,488,139208,https://www.jseea.cn/webfile/upload/2023/07-18/10-05-510166-183377989.xls
2023,物理类,3332,华北理工大学,3332-04,04,首选物理，再选不限,533,94093,https://www.jseea.cn/webfile/upload/2023/07-18/10-05-510166-183377989.xls
2023,物理类,3332,华北理工大学,3332-05,05,首选物理，再选不限,561,66451,https://www.jseea.cn/webfile/upload/2023/07-18/10-05-510166-183377989.xls
2023,物理类,3332,华北理工大学,3332-06,06,首选物理，再选化学或生物,542,84967,https://www.jseea.cn/webfile/upload/2023/07-18/10-05-510166-183377989.xls
2023,物理类,3333,衡水学院,3333-03,03,首选物理，再选不限,485,142059,https://www.jseea.cn/webfile/upload/2023/07-18/10-05-510166-183377989.xls
2023,物理类,3333,衡水学院,3333-04,04,首选物理，再选不限,472,154057,https://www.jseea.cn/webfile/upload/2023/07-18/10-05-510166-183377989.xls
2023,物理类,3333,衡水学院,3333-05,05,首选物理，再选化学或生物,486,141124,https://www.jseea.cn/webfile/upload/2023/07-18/10-05-510166-183377989.xls
2023,物理类,3341,北华航天工业学院,3341-02,02,首选物理，再选不限,512,115419,https://www.jseea.cn/webfile/upload/2023/07-18/10-05-510166-183377989.xls
2023,物理类,3344,邯郸学院,3344-02,02,首选物理，再选不限,485,142059,https://www.jseea.cn/webfile/upload/2023/07-18/10-05-510166-183377989.xls
2023,物理类,3348,河北中医药大学,3348-01,01,首选物理，再选不限,558,69273,https://www.jseea.cn/webfile/upload/2023/07-18/10-05-510166-183377989.xls
2023,物理类,3348,河北中医药大学,3348-02,02,首选物理，再选化学,550,77082,https://www.jseea.cn/webfile/upload/2023/07-18/10-05-510166-183377989.xls
2023,物理类,3348,河北中医药大学,3348-03,03,首选物理，再选化学或生物,574,54145,https://www.jseea.cn/webfile/upload/2023/07-18/10-05-510166-183377989.xls
2023,物理类,3349,河北北方学院,3349-01,01,首选物理，再选化学,519,108391,https://www.jseea.cn/webfile/upload/2023/07-18/10-05-510166-183377989.xls
2023,物理类,3349,河北北方学院,3349-02,02,首选物理，再选化学或生物,573,55137,https://www.jseea.cn/webfile/upload/2023/07-18/10-05-510166-183377989.xls
2023,物理类,3350,张家口学院,3350-02,02,首选物理，再选不限,479,147716,https://www.jseea.cn/webfile/upload/2023/07-18/10-05-510166-183377989.xls
2023,物理类,3351,河北工程大学,3351-01,01,首选物理，再选不限,535,92078,https://www.jseea.cn/webfile/upload/2023/07-18/10-05-510166-183377989.xls
2023,物理类,3351,河北工程大学,3351-02,02,首选物理，再选不限,522,105372,https://www.jseea.cn/webfile/upload/2023/07-18/10-05-510166-183377989.xls
2023,物理类,3351,河北工程大学,3351-03,03,首选物理，再选化学,522,105372,https://www.jseea.cn/webfile/upload/2023/07-18/10-05-510166-183377989.xls
2023,物理类,3353,承德医学院,3353-01,01,首选物理，再选化学或生物,591,39518,https://www.jseea.cn/webfile/upload/2023/07-18/10-05-510166-183377989.xls
2023,物理类,3362,邢台学院,3362-02,02,首选物理，再选不限,488,139208,https://www.jseea.cn/webfile/upload/2023/07-18/10-05-510166-183377989.xls
2023,物理类,3365,沧州师范学院,3365-02,02,首选物理，再选不限,505,122563,https://www.jseea.cn/webfile/upload/2023/07-18/10-05-510166-183377989.xls
2023,物理类,3378,河北石油职业技术大学,3378-01,01,首选物理，再选不限,494,133441,https://www.jseea.cn/webfile/upload/2023/07-18/10-05-510166-183377989.xls
2023,物理类,3379,河北科技工程职业技术大学,3379-02,02,首选物理，再选不限,502,125541,https://www.jseea.cn/webfile/upload/2023/07-18/10-05-510166-183377989.xls
2023,物理类,3380,河北工业职业技术大学,3380-02,02,首选物理，再选不限,500,127538,https://www.jseea.cn/webfile/upload/2023/07-18/10-05-510166-183377989.xls
2023,物理类,3380,河北工业职业技术大学,3380-03,03,首选物理，再选化学,493,134436,https://www.jseea.cn/webfile/upload/2023/07-18/10-05-510166-183377989.xls
2023,物理类,3401,山西大学,3401-03,03,首选物理，再选不限,592,38767,https://www.jseea.cn/webfile/upload/2023/07-18/10-05-510166-183377989.xls
2023,物理类,3401,山西大学,3401-04,04,首选物理，再选不限,578,50594,https://www.jseea.cn/webfile/upload/2023/07-18/10-05-510166-183377989.xls
2023,物理类,3401,山西大学,3401-05,05,首选物理，再选不限,570,57928,https://www.jseea.cn/webfile/upload/2023/07-18/10-05-510166-183377989.xls
2023,物理类,3402,中北大学,3402-02,02,首选物理，再选不限,556,71147,https://www.jseea.cn/webfile/upload/2023/07-18/10-05-510166-183377989.xls
2023,物理类,3402,中北大学,3402-03,03,首选物理，再选不限,541,85961,https://www.jseea.cn/webfile/upload/2023/07-18/10-05-510166-183377989.xls
2023,物理类,3402,中北大学,3402-04,04,首选物理，再选化学,533,94093,https://www.jseea.cn/webfile/upload/2023/07-18/10-05-510166-183377989.xls
2023,物理类,3403,山西财经大学,3403-03,03,首选物理，再选不限,520,107386,https://www.jseea.cn/webfile/upload/2023/07-18/10-05-510166-183377989.xls
2023,物理类,3403,山西财经大学,3403-04,04,首选物理，再选不限,540,86936,https://www.jseea.cn/webfile/upload/2023/07-18/10-05-510166-183377989.xls
2023,物理类,3404,太原科技大学,3404-02,02,首选物理，再选不限,541,85961,https://www.jseea.cn/webfile/upload/2023/07-18/10-05-510166-183377989.xls
2023,物理类,3405,太原理工大学,3405-02,02,首选物理，再选不限,598,34106,https://www.jseea.cn/webfile/upload/2023/07-18/10-05-510166-183377989.xls
2023,物理类,3405,太原理工大学,3405-03,03,首选物理，再选化学,595,36406,https://www.jseea.cn/webfile/upload/2023/07-18/10-05-510166-183377989.xls
2023,物理类,3405,太原理工大学,3405-04,04,首选物理，再选化学或生物,602,31134,https://www.jseea.cn/webfile/upload/2023/07-18/10-05-510166-183377989.xls
2023,物理类,3406,太原工业学院,3406-02,02,首选物理，再选不限,494,133441,https://www.jseea.cn/webfile/upload/2023/07-18/10-05-510166-183377989.xls
2023,物理类,3406,太原工业学院,3406-03,03,首选物理，再选化学,480,146747,https://www.jseea.cn/webfile/upload/2023/07-18/10-05-510166-183377989.xls
2023,物理类,3407,山西医科大学,3407-01,01,首选物理，再选化学和生物,570,57928,https://www.jseea.cn/webfile/upload/2023/07-18/10-05-510166-183377989.xls
2023,物理类,3408,山西中医药大学,3408-04,04,首选物理，再选不限,556,71147,https://www.jseea.cn/webfile/upload/2023/07-18/10-05-510166-183377989.xls
2023,物理类,3408,山西中医药大学,3408-05,05,首选物理，再选化学,525,102240,https://www.jseea.cn/webfile/upload/2023/07-18/10-05-510166-183377989.xls
2023,物理类,3408,山西中医药大学,3408-06,06,首选物理，再选化学或生物,568,59798,https://www.jseea.cn/webfile/upload/2023/07-18/10-05-510166-183377989.xls
2023,物理类,3410,山西农业大学,3410-05,05,首选物理，再选不限,533,94093,https://www.jseea.cn/webfile/upload/2023/07-18/10-05-510166-183377989.xls
2023,物理类,3410,山西农业大学,3410-06,06,首选物理，再选化学,511,116463,https://www.jseea.cn/webfile/upload/2023/07-18/10-05-510166-183377989.xls
2023,物理类,3410,山西农业大学,3410-07,07,首选物理，再选化学或生物,528,99220,https://www.jseea.cn/webfile/upload/2023/07-18/10-05-510166-183377989.xls
2023,物理类,3410,山西农业大学,3410-08,08,首选物理，再选化学和生物,503,124505,https://www.jseea.cn/webfile/upload/2023/07-18/10-05-510166-183377989.xls
2023,物理类,3410,山西农业大学,3410-09,09,首选物理，再选化学或地理,531,96123,https://www.jseea.cn/webfile/upload/2023/07-18/10-05-510166-183377989.xls
2023,物理类,3410,山西农业大学,3410-10,10,首选物理，再选生物或地理,526,101268,https://www.jseea.cn/webfile/upload/2023/07-18/10-05-510166-183377989.xls
2023,物理类,3412,山西传媒学院,3412-02,02,首选物理，再选不限,470,155785,https://www.jseea.cn/webfile/upload/2023/07-18/10-05-510166-183377989.xls
2023,物理类,3413,忻州师范学院,3413-01,01,首选物理，再选不限,490,137354,https://www.jseea.cn/webfile/upload/2023/07-18/10-05-510166-183377989.xls
2023,物理类,3413,忻州师范学院,3413-02,02,首选物理，再选化学,477,149565,https://www.jseea.cn/webfile/upload/2023/07-18/10-05-510166-183377989.xls
2023,物理类,3413,忻州师范学院,3413-03,03,首选物理，再选化学或地理,484,142974,https://www.jseea.cn/webfile/upload/2023/07-18/10-05-510166-183377989.xls
2023,物理类,3413,忻州师范学院,3413-04,04,首选物理，再选生物或地理,528,99220,https://www.jseea.cn/webfile/upload/2023/07-18/10-05-510166-183377989.xls
2023,物理类,3413,忻州师范学院,3413-05,05,首选物理，再选思想政治或地理,481,145762,https://www.jseea.cn/webfile/upload/2023/07-18/10-05-510166-183377989.xls
2023,物理类,3415,山西师范大学,3415-04,04,首选物理，再选不限,528,99220,https://www.jseea.cn/webfile/upload/2023/07-18/10-05-510166-183377989.xls
2023,物理类,3415,山西师范大学,3415-05,05,首选物理，再选化学或生物,529,98179,https://www.jseea.cn/webfile/upload/2023/07-18/10-05-510166-183377989.xls
2023,物理类,3415,山西师范大学,3415-06,06,首选物理，再选化学或地理,534,93121,https://www.jseea.cn/webfile/upload/2023/07-18/10-05-510166-183377989.xls
2023,物理类,3415,山西师范大学,3415-07,07,首选物理，再选思想政治,540,86936,https://www.jseea.cn/webfile/upload/2023/07-18/10-05-510166-183377989.xls
2023,物理类,3416,太原师范学院,3416-04,04,首选物理，再选不限,521,106375,https://www.jseea.cn/webfile/upload/2023/07-18/10-05-510166-183377989.xls
2023,物理类,3416,太原师范学院,3416-05,05,首选物理，再选化学,518,109392,https://www.jseea.cn/webfile/upload/2023/07-18/10-05-510166-183377989.xls
2023,物理类,3416,太原师范学院,3416-06,06,首选物理，再选化学或生物,530,97144,https://www.jseea.cn/webfile/upload/2023/07-18/10-05-510166-183377989.xls
2023,物理类,3416,太原师范学院,3416-07,07,首选物理，再选化学或地理,454,169034,https://www.jseea.cn/webfile/upload/2023/07-18/10-05-510166-183377989.xls
2023,物理类,3417,山西大同大学,3417-02,02,首选物理，再选化学和生物,562,65451,https://www.jseea.cn/webfile/upload/2023/07-18/10-05-510166-183377989.xls
2023,物理类,3418,运城学院,3418-03,03,首选物理，再选不限,487,140150,https://www.jseea.cn/webfile/upload/2023/07-18/10-05-510166-183377989.xls
2023,物理类,3418,运城学院,3418-04,04,首选物理，再选化学或生物,476,150469,https://www.jseea.cn/webfile/upload/2023/07-18/10-05-510166-183377989.xls
2023,物理类,3429,山西工程科技职业大学,3429-02,02,首选物理，再选不限,484,142974,https://www.jseea.cn/webfile/upload/2023/07-18/10-05-510166-183377989.xls
2023,物理类,3431,吕梁学院,3431-03,03,首选物理，再选不限,489,138274,https://www.jseea.cn/webfile/upload/2023/07-18/10-05-510166-183377989.xls
2023,物理类,3431,吕梁学院,3431-04,04,首选物理，再选化学或生物,486,141124,https://www.jseea.cn/webfile/upload/2023/07-18/10-05-510166-183377989.xls
2023,物理类,3431,吕梁学院,3431-05,05,首选物理，再选思想政治,495,132433,https://www.jseea.cn/webfile/upload/2023/07-18/10-05-510166-183377989.xls
2023,物理类,3432,晋中学院,3432-02,02,首选物理，再选不限,480,146747,https://www.jseea.cn/webfile/upload/2023/07-18/10-05-510166-183377989.xls
2023,物理类,3433,山西工程技术学院,3433-02,02,首选物理，再选不限,490,137354,https://www.jseea.cn/webfile/upload/2023/07-18/10-05-510166-183377989.xls
2023,物理类,3433,山西工程技术学院,3433-03,03,首选物理，再选化学或地理,494,133441,https://www.jseea.cn/webfile/upload/2023/07-18/10-05-510166-183377989.xls
2023,物理类,3439,山西工学院,3439-01,01,首选物理，再选不限,497,130481,https://www.jseea.cn/webfile/upload/2023/07-18/10-05-510166-183377989.xls
2023,物理类,3501,内蒙古大学,3501-01,01,首选物理，再选不限,596,35650,https://www.jseea.cn/webfile/upload/2023/07-18/10-05-510166-183377989.xls
2023,物理类,3501,内蒙古大学,3501-02,02,首选物理，再选化学,579,49755,https://www.jseea.cn/webfile/upload/2023/07-18/10-05-510166-183377989.xls
2023,物理类,3501,内蒙古大学,3501-03,03,首选物理，再选化学或生物,592,38767,https://www.jseea.cn/webfile/upload/2023/07-18/10-05-510166-183377989.xls
2023,物理类,3503,内蒙古农业大学,3503-01,01,首选物理，再选不限,512,115419,https://www.jseea.cn/webfile/upload/2023/07-18/10-05-510166-183377989.xls
2023,物理类,3503,内蒙古农业大学,3503-02,02,首选物理，再选化学或生物,455,168261,https://www.jseea.cn/webfile/upload/2023/07-18/10-05-510166-183377989.xls
2023,物理类,3504,内蒙古工业大学,3504-01,01,首选物理，再选不限,508,119495,https://www.jseea.cn/webfile/upload/2023/07-18/10-05-510166-183377989.xls
2023,物理类,3504,内蒙古工业大学,3504-02,02,首选物理，再选化学,469,156709,https://www.jseea.cn/webfile/upload/2023/07-18/10-05-510166-183377989.xls
2023,物理类,3504,内蒙古工业大学,3504-03,03,首选物理，再选化学或生物,513,114462,https://www.jseea.cn/webfile/upload/2023/07-18/10-05-510166-183377989.xls
2023,物理类,3506,内蒙古民族大学,3506-02,02,首选物理，再选不限,480,146747,https://www.jseea.cn/webfile/upload/2023/07-18/10-05-510166-183377989.xls
2023,物理类,3506,内蒙古民族大学,3506-03,03,首选物理，再选化学,499,128535,https://www.jseea.cn/webfile/upload/2023/07-18/10-05-510166-183377989.xls
2023,物理类,3506,内蒙古民族大学,3506-04,04,首选物理，再选化学或生物,483,143882,https://www.jseea.cn/webfile/upload/2023/07-18/10-05-510166-183377989.xls
2023,物理类,3507,内蒙古财经大学,3507-02,02,首选物理，再选不限,519,108391,https://www.jseea.cn/webfile/upload/2023/07-18/10-05-510166-183377989.xls
2023,物理类,3511,内蒙古科技大学,3511-03,03,首选物理，再选不限,493,134436,https://www.jseea.cn/webfile/upload/2023/07-18/10-05-510166-183377989.xls
2023,物理类,3511,内蒙古科技大学,3511-04,04,首选物理，再选化学或生物,493,134436,https://www.jseea.cn/webfile/upload/2023/07-18/10-05-510166-183377989.xls
2023,物理类,3515,赤峰学院,3515-01,01,首选物理，再选化学,468,157548,https://www.jseea.cn/webfile/upload/2023/07-18/10-05-510166-183377989.xls
2023,物理类,3516,内蒙古医科大学,3516-01,01,首选物理，再选化学,500,127538,https://www.jseea.cn/webfile/upload/2023/07-18/10-05-510166-183377989.xls
2023,物理类,3516,内蒙古医科大学,3516-02,02,首选物理，再选化学和生物,567,60724,https://www.jseea.cn/webfile/upload/2023/07-18/10-05-510166-183377989.xls
2023,物理类,4101,东北大学,4101-02,02,首选物理，再选不限,638,9656,https://www.jseea.cn/webfile/upload/2023/07-18/10-05-510166-183377989.xls
2023,物理类,4101,东北大学,4101-03,03,首选物理，再选化学,634,11592,https://www.jseea.cn/webfile/upload/2023/07-18/10-05-510166-183377989.xls
2023,物理类,4102,辽宁大学,4102-06,06,首选物理，再选不限,582,47113,https://www.jseea.cn/webfile/upload/2023/07-18/10-05-510166-183377989.xls
2023,物理类,4102,辽宁大学,4102-07,07,首选物理，再选不限,607,27544,https://www.jseea.cn/webfile/upload/2023/07-18/10-05-510166-183377989.xls
2023,物理类,4102,辽宁大学,4102-08,08,首选物理，再选不限,579,49755,https://www.jseea.cn/webfile/upload/2023/07-18/10-05-510166-183377989.xls
2023,物理类,4102,辽宁大学,4102-09,09,首选物理，再选不限,583,46257,https://www.jseea.cn/webfile/upload/2023/07-18/10-05-510166-183377989.xls
2023,物理类,4102,辽宁大学,4102-10,10,首选物理，再选不限,597,34853,https://www.jseea.cn/webfile/upload/2023/07-18/10-05-510166-183377989.xls
2023,物理类,4102,辽宁大学,4102-11,11,首选物理，再选化学或生物,590,40321,https://www.jseea.cn/webfile/upload/2023/07-18/10-05-510166-183377989.xls
2023,物理类,4102,辽宁大学,4102-12,12,首选物理，再选化学或生物,595,36406,https://www.jseea.cn/webfile/upload/2023/07-18/10-05-510166-183377989.xls
2023,物理类,4103,中国医科大学,4103-01,01,首选物理，再选化学或生物,623,17334,https://www.jseea.cn/webfile/upload/2023/07-18/10-05-510166-183377989.xls
2023,物理类,4103,中国医科大学,4103-02,02,首选物理，再选化学或生物,555,72167,https://www.jseea.cn/webfile/upload/2023/07-18/10-05-510166-183377989.xls
2023,物理类,4104,沈阳药科大学,4104-04,04,首选物理，再选不限,567,60724,https://www.jseea.cn/webfile/upload/2023/07-18/10-05-510166-183377989.xls
2023,物理类,4104,沈阳药科大学,4104-05,05,首选物理，再选化学,577,51455,https://www.jseea.cn/webfile/upload/2023/07-18/10-05-510166-183377989.xls
2023,物理类,4105,沈阳农业大学,4105-01,01,首选物理，再选不限,535,92078,https://www.jseea.cn/webfile/upload/2023/07-18/10-05-510166-183377989.xls
2023,物理类,4105,沈阳农业大学,4105-02,02,首选物理，再选不限,544,82962,https://www.jseea.cn/webfile/upload/2023/07-18/10-05-510166-183377989.xls
2023,物理类,4105,沈阳农业大学,4105-03,03,首选物理，再选化学或生物,530,97144,https://www.jseea.cn/webfile/upload/2023/07-18/10-05-510166-183377989.xls
2023,物理类,4107,沈阳化工大学,4107-01,01,首选物理，再选不限,532,95097,https://www.jseea.cn/webfile/upload/2023/07-18/10-05-510166-183377989.xls
2023,物理类,4107,沈阳化工大学,4107-02,02,首选物理，再选化学,524,103298,https://www.jseea.cn/webfile/upload/2023/07-18/10-05-510166-183377989.xls
2023,物理类,4107,沈阳化工大学,4107-03,03,首选物理，再选化学或生物,521,106375,https://www.jseea.cn/webfile/upload/2023/07-18/10-05-510166-183377989.xls
2023,物理类,4108,沈阳工业大学,4108-02,02,首选物理，再选不限,548,78998,https://www.jseea.cn/webfile/upload/2023/07-18/10-05-510166-183377989.xls
2023,物理类,4108,沈阳工业大学,4108-03,03,首选物理，再选不限,531,96123,https://www.jseea.cn/webfile/upload/2023/07-18/10-05-510166-183377989.xls
2023,物理类,4108,沈阳工业大学,4108-04,04,首选物理，再选化学或生物,528,99220,https://www.jseea.cn/webfile/upload/2023/07-18/10-05-510166-183377989.xls
2023,物理类,4109,沈阳理工大学,4109-02,02,首选物理，再选不限,547,79956,https://www.jseea.cn/webfile/upload/2023/07-18/10-05-510166-183377989.xls
2023,物理类,4109,沈阳理工大学,4109-03,03,首选物理，再选不限,515,112371,https://www.jseea.cn/webfile/upload/2023/07-18/10-05-510166-183377989.xls
2023,物理类,4109,沈阳理工大学,4109-04,04,首选物理，再选化学,534,93121,https://www.jseea.cn/webfile/upload/2023/07-18/10-05-510166-183377989.xls
2023,物理类,4109,沈阳理工大学,4109-05,05,首选物理，再选化学,487,140150,https://www.jseea.cn/webfile/upload/2023/07-18/10-05-510166-183377989.xls
2023,物理类,4109,沈阳理工大学,4109-06,06,首选物理，再选化学或生物,535,92078,https://www.jseea.cn/webfile/upload/2023/07-18/10-05-510166-183377989.xls
2023,物理类,4110,沈阳航空航天大学,4110-01,01,首选物理，再选不限,564,63653,https://www.jseea.cn/webfile/upload/2023/07-18/10-05-510166-183377989.xls
2023,物理类,4110,沈阳航空航天大学,4110-02,02,首选物理，再选化学,602,31134,https://www.jseea.cn/webfile/upload/2023/07-18/10-05-510166-183377989.xls
2023,物理类,4111,沈阳建筑大学,4111-01,01,首选物理，再选不限,537,90080,https://www.jseea.cn/webfile/upload/2023/07-18/10-05-510166-183377989.xls
2023,物理类,4111,沈阳建筑大学,4111-02,02,首选物理，再选不限,530,97144,https://www.jseea.cn/webfile/upload/2023/07-18/10-05-510166-183377989.xls
2023,物理类,4111,沈阳建筑大学,4111-03,03,首选物理，再选生物或地理,553,74111,https://www.jseea.cn/webfile/upload/2023/07-18/10-05-510166-183377989.xls
2023,物理类,4112,鞍山师范学院,4112-02,02,首选物理，再选不限,480,146747,https://www.jseea.cn/webfile/upload/2023/07-18/10-05-510166-183377989.xls
2023,物理类,4113,沈阳医学院,4113-04,04,首选物理，再选不限,534,93121,https://www.jseea.cn/webfile/upload/2023/07-18/10-05-510166-183377989.xls
2023,物理类,4113,沈阳医学院,4113-05,05,首选物理，再选不限,566,61773,https://www.jseea.cn/webfile/upload/2023/07-18/10-05-510166-183377989.xls
2023,物理类,4113,沈阳医学院,4113-06,06,首选物理，再选化学,527,100233,https://www.jseea.cn/webfile/upload/2023/07-18/10-05-510166-183377989.xls
2023,物理类,4113,沈阳医学院,4113-07,07,首选物理，再选化学或生物,580,48831,https://www.jseea.cn/webfile/upload/2023/07-18/10-05-510166-183377989.xls
2023,物理类,4113,沈阳医学院,4113-08,08,首选物理，再选化学或生物,581,47954,https://www.jseea.cn/webfile/upload/2023/07-18/10-05-510166-183377989.xls
2023,物理类,4114,辽宁中医药大学,4114-06,06,首选物理，再选不限,524,103298,https://www.jseea.cn/webfile/upload/2023/07-18/10-05-510166-183377989.xls
2023,物理类,4114,辽宁中医药大学,4114-07,07,首选物理，再选不限,486,141124,https://www.jseea.cn/webfile/upload/2023/07-18/10-05-510166-183377989.xls
2023,物理类,4114,辽宁中医药大学,4114-08,08,首选物理，再选不限,532,95097,https://www.jseea.cn/webfile/upload/2023/07-18/10-05-510166-183377989.xls
2023,物理类,4114,辽宁中医药大学,4114-09,09,首选物理，再选不限,539,87985,https://www.jseea.cn/webfile/upload/2023/07-18/10-05-510166-183377989.xls
2023,物理类,4114,辽宁中医药大学,4114-10,10,首选物理，再选化学,531,96123,https://www.jseea.cn/webfile/upload/2023/07-18/10-05-510166-183377989.xls
2023,物理类,4114,辽宁中医药大学,4114-11,11,首选物理，再选化学或生物,564,63653,https://www.jseea.cn/webfile/upload/2023/07-18/10-05-510166-183377989.xls
2023,物理类,4114,辽宁中医药大学,4114-12,12,首选物理，再选化学或生物,558,69273,https://www.jseea.cn/webfile/upload/2023/07-18/10-05-510166-183377989.xls
2023,物理类,4114,辽宁中医药大学,4114-13,13,首选物理，再选化学或生物,563,64500,https://www.jseea.cn/webfile/upload/2023/07-18/10-05-510166-183377989.xls
2023,物理类,4115,辽宁工业大学,4115-01,01,首选物理，再选不限,536,91098,https://www.jseea.cn/webfile/upload/2023/07-18/10-05-510166-183377989.xls
2023,物理类,4115,辽宁工业大学,4115-02,02,首选物理，再选不限,522,105372,https://www.jseea.cn/webfile/upload/2023/07-18/10-05-510166-183377989.xls
2023,物理类,4115,辽宁工业大学,4115-03,03,首选物理，再选化学,511,116463,https://www.jseea.cn/webfile/upload/2023/07-18/10-05-510166-183377989.xls
2023,物理类,4116,沈阳体育学院,4116-01,01,首选物理，再选不限,500,127538,https://www.jseea.cn/webfile/upload/2023/07-18/10-05-510166-183377989.xls
2023,物理类,4117,沈阳师范大学,4117-03,03,首选物理，再选不限,512,115419,https://www.jseea.cn/webfile/upload/2023/07-18/10-05-510166-183377989.xls
2023,物理类,4117,沈阳师范大学,4117-04,04,首选物理，再选不限,543,83977,https://www.jseea.cn/webfile/upload/2023/07-18/10-05-510166-183377989.xls
2023,物理类,4117,沈阳师范大学,4117-05,05,首选物理，再选不限,496,131452,https://www.jseea.cn/webfile/upload/2023/07-18/10-05-510166-183377989.xls
2023,物理类,4117,沈阳师范大学,4117-06,06,首选物理，再选不限,512,115419,https://www.jseea.cn/webfile/upload/2023/07-18/10-05-510166-183377989.xls
2023,物理类,4117,沈阳师范大学,4117-07,07,首选物理，再选化学或生物,558,69273,https://www.jseea.cn/webfile/upload/2023/07-18/10-05-510166-183377989.xls
2023,物理类,4120,沈阳大学,4120-01,01,首选物理，再选不限,515,112371,https://www.jseea.cn/webfile/upload/2023/07-18/10-05-510166-183377989.xls
2023,物理类,4120,沈阳大学,4120-02,02,首选物理，再选不限,519,108391,https://www.jseea.cn/webfile/upload/2023/07-18/10-05-510166-183377989.xls
2023,物理类,4120,沈阳大学,4120-03,03,首选物理，再选化学,513,114462,https://www.jseea.cn/webfile/upload/2023/07-18/10-05-510166-183377989.xls
2023,物理类,4120,沈阳大学,4120-04,04,首选物理，再选化学或生物,512,115419,https://www.jseea.cn/webfile/upload/2023/07-18/10-05-510166-183377989.xls
2023,物理类,4122,沈阳工程学院,4122-01,01,首选物理，再选不限,559,68330,https://www.jseea.cn/webfile/upload/2023/07-18/10-05-510166-183377989.xls
2023,物理类,4126,辽宁师范大学,4126-02,02,首选物理，再选不限,523,104327,https://www.jseea.cn/webfile/upload/2023/07-18/10-05-510166-183377989.xls
2023,物理类,4131,大连理工大学,4131-02,02,首选物理，再选不限,645,6898,https://www.jseea.cn/webfile/upload/2023/07-18/10-05-510166-183377989.xls
2023,物理类,4131,大连理工大学,4131-03,03,首选物理，再选不限,639,9243,https://www.jseea.cn/webfile/upload/2023/07-18/10-05-510166-183377989.xls
2023,物理类,4131,大连理工大学,4131-04,04,首选物理，再选化学,637,10153,https://www.jseea.cn/webfile/upload/2023/07-18/10-05-510166-183377989.xls
2023,物理类,4132,大连海事大学,4132-03,03,首选物理，再选不限,604,29715,https://www.jseea.cn/webfile/upload/2023/07-18/10-05-510166-183377989.xls
2023,物理类,4132,大连海事大学,4132-04,04,首选物理，再选不限,587,42827,https://www.jseea.cn/webfile/upload/2023/07-18/10-05-510166-183377989.xls
2023,物理类,4133,东北财经大学,4133-04,04,首选物理，再选不限,579,49755,https://www.jseea.cn/webfile/upload/2023/07-18/10-05-510166-183377989.xls
2023,物理类,4133,东北财经大学,4133-05,05,首选物理，再选不限,574,54145,https://www.jseea.cn/webfile/upload/2023/07-18/10-05-510166-183377989.xls
2023,物理类,4133,东北财经大学,4133-06,06,首选物理，再选不限,601,31865,https://www.jseea.cn/webfile/upload/2023/07-18/10-05-510166-183377989.xls
2023,物理类,4134,大连医科大学,4134-01,01,首选物理，再选化学,629,14096,https://www.jseea.cn/webfile/upload/2023/07-18/10-05-510166-183377989.xls
2023,物理类,4135,大连外国语大学,4135-04,04,首选物理，再选不限,530,97144,https://www.jseea.cn/webfile/upload/2023/07-18/10-05-510166-183377989.xls
2023,物理类,4135,大连外国语大学,4135-05,05,首选物理，再选不限,541,85961,https://www.jseea.cn/webfile/upload/2023/07-18/10-05-510166-183377989.xls
2023,物理类,4135,大连外国语大学,4135-06,06,首选物理，再选不限,575,53220,https://www.jseea.cn/webfile/upload/2023/07-18/10-05-510166-183377989.xls
2023,物理类,4135,大连外国语大学,4135-07,07,首选物理，再选思想政治,562,65451,https://www.jseea.cn/webfile/upload/2023/07-18/10-05-510166-183377989.xls
2023,物理类,4136,大连大学,4136-02,02,首选物理，再选不限,527,100233,https://www.jseea.cn/webfile/upload/2023/07-18/10-05-510166-183377989.xls
2023,物理类,4136,大连大学,4136-03,03,首选物理，再选化学,537,90080,https://www.jseea.cn/webfile/upload/2023/07-18/10-05-510166-183377989.xls
2023,物理类,4137,大连海洋大学,4137-01,01,首选物理，再选不限,526,101268,https://www.jseea.cn/webfile/upload/2023/07-18/10-05-510166-183377989.xls
2023,物理类,4138,大连工业大学,4138-01,01,首选物理，再选不限,546,80934,https://www.jseea.cn/webfile/upload/2023/07-18/10-05-510166-183377989.xls
2023,物理类,4138,大连工业大学,4138-02,02,首选物理，再选不限,532,95097,https://www.jseea.cn/webfile/upload/2023/07-18/10-05-510166-183377989.xls
2023,物理类,4138,大连工业大学,4138-03,03,首选物理，再选化学,518,109392,https://www.jseea.cn/webfile/upload/2023/07-18/10-05-510166-183377989.xls
2023,物理类,4138,大连工业大学,4138-04,04,首选物理，再选化学,515,112371,https://www.jseea.cn/webfile/upload/2023/07-18/10-05-510166-183377989.xls
2023,物理类,4138,大连工业大学,4138-05,05,首选物理，再选化学,541,85961,https://www.jseea.cn/webfile/upload/2023/07-18/10-05-510166-183377989.xls
2023,物理类,4138,大连工业大学,4138-06,06,首选物理，再选化学,523,104327,https://www.jseea.cn/webfile/upload/2023/07-18/10-05-510166-183377989.xls
2023,物理类,4138,大连工业大学,4138-07,07,首选物理，再选化学,526,101268,https://www.jseea.cn/webfile/upload/2023/07-18/10-05-510166-183377989.xls
2023,物理类,4138,大连工业大学,4138-08,08,首选物理，再选化学,525,102240,https://www.jseea.cn/webfile/upload/2023/07-18/10-05-510166-183377989.xls
2023,物理类,4138,大连工业大学,4138-09,09,首选物理，再选化学或生物,537,90080,https://www.jseea.cn/webfile/upload/2023/07-18/10-05-510166-183377989.xls
2023,物理类,4139,大连交通大学,4139-02,02,首选物理，再选不限,547,79956,https://www.jseea.cn/webfile/upload/2023/07-18/10-05-510166-183377989.xls
2023,物理类,4139,大连交通大学,4139-03,03,首选物理，再选不限,548,78998,https://www.jseea.cn/webfile/upload/2023/07-18/10-05-510166-183377989.xls
2023,物理类,4139,大连交通大学,4139-04,04,首选物理，再选化学,545,81926,https://www.jseea.cn/webfile/upload/2023/07-18/10-05-510166-183377989.xls
2023,物理类,4140,大连民族大学,4140-02,02,首选物理，再选不限,530,97144,https://www.jseea.cn/webfile/upload/2023/07-18/10-05-510166-183377989.xls
2023,物理类,4141,锦州医科大学,4141-01,01,首选物理，再选化学,528,99220,https://www.jseea.cn/webfile/upload/2023/07-18/10-05-510166-183377989.xls
2023,物理类,4141,锦州医科大学,4141-02,02,首选物理，再选化学或生物,574,54145,https://www.jseea.cn/webfile/upload/2023/07-18/10-05-510166-183377989.xls
2023,物理类,4141,锦州医科大学,4141-03,03,首选物理，再选生物,490,137354,https://www.jseea.cn/webfile/upload/2023/07-18/10-05-510166-183377989.xls
2023,物理类,4152,渤海大学,4152-02,02,首选物理，再选不限,536,91098,https://www.jseea.cn/webfile/upload/2023/07-18/10-05-510166-183377989.xls
2023,物理类,4152,渤海大学,4152-03,03,首选物理，再选不限,493,134436,https://www.jseea.cn/webfile/upload/2023/07-18/10-05-510166-183377989.xls
2023,物理类,4161,辽宁工程技术大学,4161-02,02,首选物理，再选不限,533,94093,https://www.jseea.cn/webfile/upload/2023/07-18/10-05-510166-183377989.xls
2023,物理类,4162,大连理工大学(盘锦校区),4162-02,02,首选物理，再选不限,633,12049,https://www.jseea.cn/webfile/upload/2023/07-18/10-05-510166-183377989.xls
2023,物理类,4162,大连理工大学(盘锦校区),4162-03,03,首选物理，再选化学,621,18502,https://www.jseea.cn/webfile/upload/2023/07-18/10-05-510166-183377989.xls
2023,物理类,4171,辽宁科技大学,4171-01,01,首选物理，再选不限,531,96123,https://www.jseea.cn/webfile/upload/2023/07-18/10-05-510166-183377989.xls
2023,物理类,4171,辽宁科技大学,4171-02,02,首选物理，再选不限,499,128535,https://www.jseea.cn/webfile/upload/2023/07-18/10-05-510166-183377989.xls
2023,物理类,4181,辽宁石油化工大学,4181-01,01,首选物理，再选不限,528,99220,https://www.jseea.cn/webfile/upload/2023/07-18/10-05-510166-183377989.xls
2023,物理类,4181,辽宁石油化工大学,4181-02,02,首选物理，再选化学,518,109392,https://www.jseea.cn/webfile/upload/2023/07-18/10-05-510166-183377989.xls
2023,物理类,4181,辽宁石油化工大学,4181-03,03,首选物理，再选化学或生物,525,102240,https://www.jseea.cn/webfile/upload/2023/07-18/10-05-510166-183377989.xls
2023,物理类,4192,辽宁科技学院,4192-01,01,首选物理，再选不限,495,132433,https://www.jseea.cn/webfile/upload/2023/07-18/10-05-510166-183377989.xls
2023,物理类,4201,吉林大学,4201-06,06,首选物理，再选不限,639,9243,https://www.jseea.cn/webfile/upload/2023/07-18/10-05-510166-183377989.xls
2023,物理类,4201,吉林大学,4201-07,07,首选物理，再选化学,638,9656,https://www.jseea.cn/webfile/upload/2023/07-18/10-05-510166-183377989.xls
2023,物理类,4201,吉林大学,4201-08,08,首选物理，再选化学,594,37178,https://www.jseea.cn/webfile/upload/2023/07-18/10-05-510166-183377989.xls
2023,物理类,4201,吉林大学,4201-09,09,首选物理，再选化学,616,21589,https://www.jseea.cn/webfile/upload/2023/07-18/10-05-510166-183377989.xls
2023,物理类,4201,吉林大学,4201-10,10,首选物理，再选化学,642,8030,https://www.jseea.cn/webfile/upload/2023/07-18/10-05-510166-183377989.xls
2023,物理类,4201,吉林大学,4201-11,11,首选物理，再选化学或生物,634,11592,https://www.jseea.cn/webfile/upload/2023/07-18/10-05-510166-183377989.xls
2023,物理类,4201,吉林大学,4201-12,12,首选物理，再选化学或生物,636,10611,https://www.jseea.cn/webfile/upload/2023/07-18/10-05-510166-183377989.xls
2023,物理类,4201,吉林大学,4201-13,13,首选物理，再选化学或生物,643,7655,https://www.jseea.cn/webfile/upload/2023/07-18/10-05-510166-183377989.xls
2023,物理类,4201,吉林大学,4201-14,14,首选物理，再选化学和生物,634,11592,https://www.jseea.cn/webfile/upload/2023/07-18/10-05-510166-183377989.xls
2023,物理类,4201,吉林大学,4201-15,15,首选物理，再选化学和生物,641,8447,https://www.jseea.cn/webfile/upload/2023/07-18/10-05-510166-183377989.xls
2023,物理类,4202,东北师范大学,4202-03,03,首选物理，再选不限,583,46257,https://www.jseea.cn/webfile/upload/2023/07-18/10-05-510166-183377989.xls
2023,物理类,4202,东北师范大学,4202-04,04,首选物理，再选不限,596,35650,https://www.jseea.cn/webfile/upload/2023/07-18/10-05-510166-183377989.xls
2023,物理类,4202,东北师范大学,4202-05,05,首选物理，再选化学,600,32621,https://www.jseea.cn/webfile/upload/2023/07-18/10-05-510166-183377989.xls
2023,物理类,4202,东北师范大学,4202-06,06,首选物理，再选化学,600,32621,https://www.jseea.cn/webfile/upload/2023/07-18/10-05-510166-183377989.xls
2023,物理类,4203,吉林农业大学,4203-02,02,首选物理，再选不限,524,103298,https://www.jseea.cn/webfile/upload/2023/07-18/10-05-510166-183377989.xls
2023,物理类,4203,吉林农业大学,4203-03,03,首选物理，再选化学,522,105372,https://www.jseea.cn/webfile/upload/2023/07-18/10-05-510166-183377989.xls
2023,物理类,4203,吉林农业大学,4203-04,04,首选物理，再选化学或生物,517,110348,https://www.jseea.cn/webfile/upload/2023/07-18/10-05-510166-183377989.xls
2023,物理类,4203,吉林农业大学,4203-05,05,首选物理，再选化学或生物,491,136409,https://www.jseea.cn/webfile/upload/2023/07-18/10-05-510166-183377989.xls
2023,物理类,4203,吉林农业大学,4203-06,06,首选物理，再选化学或生物,490,137354,https://www.jseea.cn/webfile/upload/2023/07-18/10-05-510166-183377989.xls
2023,物理类,4204,长春大学,4204-04,04,首选物理，再选不限,530,97144,https://www.jseea.cn/webfile/upload/2023/07-18/10-05-510166-183377989.xls
2023,物理类,4204,长春大学,4204-05,05,首选物理，再选不限,509,118484,https://www.jseea.cn/webfile/upload/2023/07-18/10-05-510166-183377989.xls
2023,物理类,4204,长春大学,4204-06,06,首选物理，再选不限,510,117453,https://www.jseea.cn/webfile/upload/2023/07-18/10-05-510166-183377989.xls
2023,物理类,4204,长春大学,4204-07,07,首选物理，再选不限,524,103298,https://www.jseea.cn/webfile/upload/2023/07-18/10-05-510166-183377989.xls
2023,物理类,4205,长春工业大学,4205-01,01,首选物理，再选不限,529,98179,https://www.jseea.cn/webfile/upload/2023/07-18/10-05-510166-183377989.xls
2023,物理类,4205,长春工业大学,4205-02,02,首选物理，再选化学,518,109392,https://www.jseea.cn/webfile/upload/2023/07-18/10-05-510166-183377989.xls
2023,物理类,4205,长春工业大学,4205-03,03,首选物理，再选化学或生物,528,99220,https://www.jseea.cn/webfile/upload/2023/07-18/10-05-510166-183377989.xls
2023,物理类,4206,吉林财经大学,4206-03,03,首选物理，再选不限,540,86936,https://www.jseea.cn/webfile/upload/2023/07-18/10-05-510166-183377989.xls
2023,物理类,4206,吉林财经大学,4206-04,04,首选物理，再选不限,536,91098,https://www.jseea.cn/webfile/upload/2023/07-18/10-05-510166-183377989.xls
2023,物理类,4207,长春师范大学,4207-04,04,首选物理，再选不限,519,108391,https://www.jseea.cn/webfile/upload/2023/07-18/10-05-510166-183377989.xls
2023,物理类,4207,长春师范大学,4207-05,05,首选物理，再选化学,522,105372,https://www.jseea.cn/webfile/upload/2023/07-18/10-05-510166-183377989.xls
2023,物理类,4207,长春师范大学,4207-06,06,首选物理，再选化学或生物,543,83977,https://www.jseea.cn/webfile/upload/2023/07-18/10-05-510166-183377989.xls
2023,物理类,4208,长春理工大学,4208-01,01,首选物理，再选不限,576,52349,https://www.jseea.cn/webfile/upload/2023/07-18/10-05-510166-183377989.xls
2023,物理类,4208,长春理工大学,4208-02,02,首选物理，再选不限,528,99220,https://www.jseea.cn/webfile/upload/2023/07-18/10-05-510166-183377989.xls
2023,物理类,4208,长春理工大学,4208-03,03,首选物理，再选不限,538,89031,https://www.jseea.cn/webfile/upload/2023/07-18/10-05-510166-183377989.xls
2023,物理类,4208,长春理工大学,4208-04,04,首选物理，再选化学,537,90080,https://www.jseea.cn/webfile/upload/2023/07-18/10-05-510166-183377989.xls
2023,物理类,4208,长春理工大学,4208-05,05,首选物理，再选化学或生物,546,80934,https://www.jseea.cn/webfile/upload/2023/07-18/10-05-510166-183377989.xls
2023,物理类,4209,长春工程学院,4209-02,02,首选物理，再选不限,493,134436,https://www.jseea.cn/webfile/upload/2023/07-18/10-05-510166-183377989.xls
2023,物理类,4209,长春工程学院,4209-04,04,首选物理，再选化学,488,139208,https://www.jseea.cn/webfile/upload/2023/07-18/10-05-510166-183377989.xls
2023,物理类,4210,吉林建筑大学,4210-03,03,首选物理，再选不限,514,113412,https://www.jseea.cn/webfile/upload/2023/07-18/10-05-510166-183377989.xls
2023,物理类,4210,吉林建筑大学,4210-04,04,首选物理，再选不限,505,122563,https://www.jseea.cn/webfile/upload/2023/07-18/10-05-510166-183377989.xls
2023,物理类,4210,吉林建筑大学,4210-05,05,首选物理，再选不限,518,109392,https://www.jseea.cn/webfile/upload/2023/07-18/10-05-510166-183377989.xls
2023,物理类,4210,吉林建筑大学,4210-06,06,首选物理，再选化学,484,142974,https://www.jseea.cn/webfile/upload/2023/07-18/10-05-510166-183377989.xls
2023,物理类,4210,吉林建筑大学,4210-07,07,首选物理，再选化学,493,134436,https://www.jseea.cn/webfile/upload/2023/07-18/10-05-510166-183377989.xls
2023,物理类,4210,吉林建筑大学,4210-08,08,首选物理，再选地理,521,106375,https://www.jseea.cn/webfile/upload/2023/07-18/10-05-510166-183377989.xls
2023,物理类,4212,吉林工程技术师范学院,4212-02,02,首选物理，再选不限,482,144814,https://www.jseea.cn/webfile/upload/2023/07-18/10-05-510166-183377989.xls
2023,物理类,4212,吉林工程技术师范学院,4212-03,03,首选物理，再选不限,475,151397,https://www.jseea.cn/webfile/upload/2023/07-18/10-05-510166-183377989.xls
2023,物理类,4214,长春中医药大学,4214-01,01,首选物理，再选化学或生物,550,77082,https://www.jseea.cn/webfile/upload/2023/07-18/10-05-510166-183377989.xls
2023,物理类,4215,吉林师范大学,4215-05,05,首选物理，再选不限,517,110348,https://www.jseea.cn/webfile/upload/2023/07-18/10-05-510166-183377989.xls
2023,物理类,4220,吉林警察学院,4220-02,02,首选物理，再选不限,503,124505,https://www.jseea.cn/webfile/upload/2023/07-18/10-05-510166-183377989.xls
2023,物理类,4225,吉林农业科技学院,4225-02,02,首选物理，再选不限,494,133441,https://www.jseea.cn/webfile/upload/2023/07-18/10-05-510166-183377989.xls
2023,物理类,4225,吉林农业科技学院,4225-03,03,首选物理，再选化学或生物,505,122563,https://www.jseea.cn/webfile/upload/2023/07-18/10-05-510166-183377989.xls
2023,物理类,4225,吉林农业科技学院,4225-04,04,首选物理，再选化学或生物,500,127538,https://www.jseea.cn/webfile/upload/2023/07-18/10-05-510166-183377989.xls
2023,物理类,4228,吉林医药学院,4228-02,02,首选物理，再选不限,503,124505,https://www.jseea.cn/webfile/upload/2023/07-18/10-05-510166-183377989.xls
2023,物理类,4228,吉林医药学院,4228-03,03,首选物理，再选化学,453,169837,https://www.jseea.cn/webfile/upload/2023/07-18/10-05-510166-183377989.xls
2023,物理类,4228,吉林医药学院,4228-04,04,首选物理，再选化学和生物,518,109392,https://www.jseea.cn/webfile/upload/2023/07-18/10-05-510166-183377989.xls
2023,物理类,4228,吉林医药学院,4228-05,05,首选物理，再选化学和生物,450,172069,https://www.jseea.cn/webfile/upload/2023/07-18/10-05-510166-183377989.xls
2023,物理类,4231,东北电力大学,4231-02,02,首选物理，再选不限,568,59798,https://www.jseea.cn/webfile/upload/2023/07-18/10-05-510166-183377989.xls
2023,物理类,4231,东北电力大学,4231-03,03,首选物理，再选不限,522,105372,https://www.jseea.cn/webfile/upload/2023/07-18/10-05-510166-183377989.xls
2023,物理类,4231,东北电力大学,4231-04,04,首选物理，再选不限,578,50594,https://www.jseea.cn/webfile/upload/2023/07-18/10-05-510166-183377989.xls
2023,物理类,4231,东北电力大学,4231-05,05,首选物理，再选化学,533,94093,https://www.jseea.cn/webfile/upload/2023/07-18/10-05-510166-183377989.xls
2023,物理类,4232,北华大学,4232-03,03,首选物理，再选不限,515,112371,https://www.jseea.cn/webfile/upload/2023/07-18/10-05-510166-183377989.xls
2023,物理类,4232,北华大学,4232-04,04,首选物理，再选化学,521,106375,https://www.jseea.cn/webfile/upload/2023/07-18/10-05-510166-183377989.xls
2023,物理类,4232,北华大学,4232-05,05,首选物理，再选化学或生物,570,57928,https://www.jseea.cn/webfile/upload/2023/07-18/10-05-510166-183377989.xls
2023,物理类,4233,通化师范学院,4233-02,02,首选物理，再选不限,500,127538,https://www.jseea.cn/webfile/upload/2023/07-18/10-05-510166-183377989.xls
2023,物理类,4233,通化师范学院,4233-03,03,首选物理，再选不限,477,149565,https://www.jseea.cn/webfile/upload/2023/07-18/10-05-510166-183377989.xls
2023,物理类,4233,通化师范学院,4233-04,04,首选物理，再选不限,493,134436,https://www.jseea.cn/webfile/upload/2023/07-18/10-05-510166-183377989.xls
2023,物理类,4233,通化师范学院,4233-05,05,首选物理，再选化学,463,161813,https://www.jseea.cn/webfile/upload/2023/07-18/10-05-510166-183377989.xls
2023,物理类,4233,通化师范学院,4233-06,06,首选物理，再选化学或地理,518,109392,https://www.jseea.cn/webfile/upload/2023/07-18/10-05-510166-183377989.xls
2023,物理类,4235,吉林化工学院,4235-03,03,首选物理，再选不限,489,138274,https://www.jseea.cn/webfile/upload/2023/07-18/10-05-510166-183377989.xls
2023,物理类,4235,吉林化工学院,4235-04,04,首选物理，再选化学,489,138274,https://www.jseea.cn/webfile/upload/2023/07-18/10-05-510166-183377989.xls
2023,物理类,4235,吉林化工学院,4235-05,05,首选物理，再选化学或生物,494,133441,https://www.jseea.cn/webfile/upload/2023/07-18/10-05-510166-183377989.xls
2023,物理类,4237,吉林工商学院,4237-02,02,首选物理，再选不限,485,142059,https://www.jseea.cn/webfile/upload/2023/07-18/10-05-510166-183377989.xls
2023,物理类,4237,吉林工商学院,4237-03,03,首选物理，再选不限,483,143882,https://www.jseea.cn/webfile/upload/2023/07-18/10-05-510166-183377989.xls
2023,物理类,4241,白城师范学院,4241-05,05,首选物理，再选不限,486,141124,https://www.jseea.cn/webfile/upload/2023/07-18/10-05-510166-183377989.xls
2023,物理类,4241,白城师范学院,4241-06,06,首选物理，再选不限,457,166664,https://www.jseea.cn/webfile/upload/2023/07-18/10-05-510166-183377989.xls
2023,物理类,4241,白城师范学院,4241-07,07,首选物理，再选化学或生物,488,139208,https://www.jseea.cn/webfile/upload/2023/07-18/10-05-510166-183377989.xls
2023,物理类,4241,白城师范学院,4241-08,08,首选物理，再选化学或地理,511,116463,https://www.jseea.cn/webfile/upload/2023/07-18/10-05-510166-183377989.xls
2023,物理类,4301,哈尔滨工业大学,4301-03,03,首选物理，再选不限,659,2949,https://www.jseea.cn/webfile/upload/2023/07-18/10-05-510166-183377989.xls
2023,物理类,4301,哈尔滨工业大学,4301-04,04,首选物理，再选不限,639,9243,https://www.jseea.cn/webfile/upload/2023/07-18/10-05-510166-183377989.xls
2023,物理类,4301,哈尔滨工业大学,4301-05,05,首选物理，再选不限,641,8447,https://www.jseea.cn/webfile/upload/2023/07-18/10-05-510166-183377989.xls
2023,物理类,4301,哈尔滨工业大学,4301-06,06,首选物理，再选不限,640,8828,https://www.jseea.cn/webfile/upload/2023/07-18/10-05-510166-183377989.xls
2023,物理类,4301,哈尔滨工业大学,4301-07,07,首选物理，再选化学,632,12571,https://www.jseea.cn/webfile/upload/2023/07-18/10-05-510166-183377989.xls
2023,物理类,4302,哈尔滨工程大学,4302-02,02,首选物理，再选不限,632,12571,https://www.jseea.cn/webfile/upload/2023/07-18/10-05-510166-183377989.xls
2023,物理类,4302,哈尔滨工程大学,4302-03,03,首选物理，再选不限,614,22856,https://www.jseea.cn/webfile/upload/2023/07-18/10-05-510166-183377989.xls
2023,物理类,4302,哈尔滨工程大学,4302-04,04,首选物理，再选不限,587,42827,https://www.jseea.cn/webfile/upload/2023/07-18/10-05-510166-183377989.xls
2023,物理类,4302,哈尔滨工程大学,4302-05,05,首选物理，再选不限,640,8828,https://www.jseea.cn/webfile/upload/2023/07-18/10-05-510166-183377989.xls
2023,物理类,4303,东北林业大学,4303-02,02,首选物理，再选不限,593,37931,https://www.jseea.cn/webfile/upload/2023/07-18/10-05-510166-183377989.xls
2023,物理类,4303,东北林业大学,4303-03,03,首选物理，再选不限,577,51455,https://www.jseea.cn/webfile/upload/2023/07-18/10-05-510166-183377989.xls
2023,物理类,4303,东北林业大学,4303-04,04,首选物理，再选化学或生物,593,37931,https://www.jseea.cn/webfile/upload/2023/07-18/10-05-510166-183377989.xls
2023,物理类,4304,东北农业大学,4304-02,02,首选物理，再选不限,589,41158,https://www.jseea.cn/webfile/upload/2023/07-18/10-05-510166-183377989.xls
2023,物理类,4304,东北农业大学,4304-03,03,首选物理，再选化学,591,39518,https://www.jseea.cn/webfile/upload/2023/07-18/10-05-510166-183377989.xls
2023,物理类,4304,东北农业大学,4304-04,04,首选物理，再选化学或生物,584,45409,https://www.jseea.cn/webfile/upload/2023/07-18/10-05-510166-183377989.xls
2023,物理类,4305,黑龙江中医药大学,4305-01,01,首选物理，再选不限,559,68330,https://www.jseea.cn/webfile/upload/2023/07-18/10-05-510166-183377989.xls
2023,物理类,4305,黑龙江中医药大学,4305-02,02,首选物理，再选化学或生物,536,91098,https://www.jseea.cn/webfile/upload/2023/07-18/10-05-510166-183377989.xls
2023,物理类,4305,黑龙江中医药大学,4305-03,03,首选物理，再选化学或生物,559,68330,https://www.jseea.cn/webfile/upload/2023/07-18/10-05-510166-183377989.xls
2023,物理类,4306,黑龙江工程学院,4306-02,02,首选物理，再选不限,493,134436,https://www.jseea.cn/webfile/upload/2023/07-18/10-05-510166-183377989.xls
2023,物理类,4306,黑龙江工程学院,4306-03,03,首选物理，再选地理,490,137354,https://www.jseea.cn/webfile/upload/2023/07-18/10-05-510166-183377989.xls
2023,物理类,4307,哈尔滨商业大学,4307-02,02,首选物理，再选不限,513,114462,https://www.jseea.cn/webfile/upload/2023/07-18/10-05-510166-183377989.xls
2023,物理类,4307,哈尔滨商业大学,4307-03,03,首选物理，再选化学,495,132433,https://www.jseea.cn/webfile/upload/2023/07-18/10-05-510166-183377989.xls
2023,物理类,4307,哈尔滨商业大学,4307-04,04,首选物理，再选化学或生物,520,107386,https://www.jseea.cn/webfile/upload/2023/07-18/10-05-510166-183377989.xls
2023,物理类,4308,哈尔滨理工大学,4308-01,01,首选物理，再选不限,556,71147,https://www.jseea.cn/webfile/upload/2023/07-18/10-05-510166-183377989.xls
2023,物理类,4308,哈尔滨理工大学,4308-02,02,首选物理，再选不限,537,90080,https://www.jseea.cn/webfile/upload/2023/07-18/10-05-510166-183377989.xls
2023,物理类,4308,哈尔滨理工大学,4308-03,03,首选物理，再选化学,547,79956,https://www.jseea.cn/webfile/upload/2023/07-18/10-05-510166-183377989.xls
2023,物理类,4308,哈尔滨理工大学,4308-04,04,首选物理，再选化学或生物,532,95097,https://www.jseea.cn/webfile/upload/2023/07-18/10-05-510166-183377989.xls
2023,物理类,4309,哈尔滨医科大学,4309-03,03,首选物理，再选不限,561,66451,https://www.jseea.cn/webfile/upload/2023/07-18/10-05-510166-183377989.xls
2023,物理类,4309,哈尔滨医科大学,4309-04,04,首选物理，再选化学,539,87985,https://www.jseea.cn/webfile/upload/2023/07-18/10-05-510166-183377989.xls
2023,物理类,4309,哈尔滨医科大学,4309-05,05,首选物理，再选化学和生物,602,31134,https://www.jseea.cn/webfile/upload/2023/07-18/10-05-510166-183377989.xls
2023,物理类,4309,哈尔滨医科大学,4309-06,06,首选物理，再选化学和生物,558,69273,https://www.jseea.cn/webfile/upload/2023/07-18/10-05-510166-183377989.xls
2023,物理类,4309,哈尔滨医科大学,4309-07,07,首选物理，再选化学和生物,550,77082,https://www.jseea.cn/webfile/upload/2023/07-18/10-05-510166-183377989.xls
2023,物理类,4310,黑龙江科技大学,4310-02,02,首选物理，再选不限,527,100233,https://www.jseea.cn/webfile/upload/2023/07-18/10-05-510166-183377989.xls
2023,物理类,4311,黑龙江大学,4311-06,06,首选物理，再选不限,544,82962,https://www.jseea.cn/webfile/upload/2023/07-18/10-05-510166-183377989.xls
2023,物理类,4311,黑龙江大学,4311-07,07,首选物理，再选化学,531,96123,https://www.jseea.cn/webfile/upload/2023/07-18/10-05-510166-183377989.xls
2023,物理类,4312,哈尔滨师范大学,4312-02,02,首选物理，再选不限,506,121516,https://www.jseea.cn/webfile/upload/2023/07-18/10-05-510166-183377989.xls
2023,物理类,4312,哈尔滨师范大学,4312-03,03,首选物理，再选化学或生物,549,78084,https://www.jseea.cn/webfile/upload/2023/07-18/10-05-510166-183377989.xls
2023,物理类,4312,哈尔滨师范大学,4312-04,04,首选物理，再选化学或地理,520,107386,https://www.jseea.cn/webfile/upload/2023/07-18/10-05-510166-183377989.xls
2023,物理类,4314,牡丹江师范学院,4314-03,03,首选物理，再选不限,487,140150,https://www.jseea.cn/webfile/upload/2023/07-18/10-05-510166-183377989.xls
2023,物理类,4314,牡丹江师范学院,4314-04,04,首选物理，再选化学,477,149565,https://www.jseea.cn/webfile/upload/2023/07-18/10-05-510166-183377989.xls
2023,物理类,4314,牡丹江师范学院,4314-05,05,首选物理，再选化学或生物,481,145762,https://www.jseea.cn/webfile/upload/2023/07-18/10-05-510166-183377989.xls
2023,物理类,4315,哈尔滨金融学院,4315-02,02,首选物理，再选不限,497,130481,https://www.jseea.cn/webfile/upload/2023/07-18/10-05-510166-183377989.xls
2023,物理类,4321,东北石油大学,4321-01,01,首选物理，再选不限,534,93121,https://www.jseea.cn/webfile/upload/2023/07-18/10-05-510166-183377989.xls
2023,物理类,4321,东北石油大学,4321-02,02,首选物理，再选化学,535,92078,https://www.jseea.cn/webfile/upload/2023/07-18/10-05-510166-183377989.xls
2023,物理类,4323,哈尔滨学院,4323-02,02,首选物理，再选不限,491,136409,https://www.jseea.cn/webfile/upload/2023/07-18/10-05-510166-183377989.xls
2023,物理类,4323,哈尔滨学院,4323-03,03,首选物理，再选化学,495,132433,https://www.jseea.cn/webfile/upload/2023/07-18/10-05-510166-183377989.xls
2023,物理类,4324,大庆师范学院,4324-01,01,首选物理，再选不限,484,142974,https://www.jseea.cn/webfile/upload/2023/07-18/10-05-510166-183377989.xls
2023,物理类,4324,大庆师范学院,4324-02,02,首选物理，再选化学,483,143882,https://www.jseea.cn/webfile/upload/2023/07-18/10-05-510166-183377989.xls
2023,物理类,4331,齐齐哈尔医学院,4331-02,02,首选物理，再选化学或生物,559,68330,https://www.jseea.cn/webfile/upload/2023/07-18/10-05-510166-183377989.xls
2023,物理类,4332,齐齐哈尔大学,4332-03,03,首选物理，再选不限,513,114462,https://www.jseea.cn/webfile/upload/2023/07-18/10-05-510166-183377989.xls
2023,物理类,4332,齐齐哈尔大学,4332-04,04,首选物理，再选化学,477,149565,https://www.jseea.cn/webfile/upload/2023/07-18/10-05-510166-183377989.xls
2023,物理类,4332,齐齐哈尔大学,4332-05,05,首选物理，再选化学或地理,528,99220,https://www.jseea.cn/webfile/upload/2023/07-18/10-05-510166-183377989.xls
2023,物理类,4341,黑龙江工业学院,4341-01,01,首选物理，再选不限,488,139208,https://www.jseea.cn/webfile/upload/2023/07-18/10-05-510166-183377989.xls
2023,物理类,4351,佳木斯大学,4351-01,01,首选物理，再选化学,492,135454,https://www.jseea.cn/webfile/upload/2023/07-18/10-05-510166-183377989.xls
2023,物理类,4351,佳木斯大学,4351-02,02,首选物理，再选化学或生物,556,71147,https://www.jseea.cn/webfile/upload/2023/07-18/10-05-510166-183377989.xls
2023,物理类,4352,黑龙江八一农垦大学,4352-01,01,首选物理，再选不限,495,132433,https://www.jseea.cn/webfile/upload/2023/07-18/10-05-510166-183377989.xls
2023,物理类,4352,黑龙江八一农垦大学,4352-02,02,首选物理，再选化学,477,149565,https://www.jseea.cn/webfile/upload/2023/07-18/10-05-510166-183377989.xls
2023,物理类,4352,黑龙江八一农垦大学,4352-03,03,首选物理，再选化学或生物,497,130481,https://www.jseea.cn/webfile/upload/2023/07-18/10-05-510166-183377989.xls
2023,物理类,4371,延边大学,4371-02,02,首选物理，再选不限,597,34853,https://www.jseea.cn/webfile/upload/2023/07-18/10-05-510166-183377989.xls
2023,物理类,4371,延边大学,4371-03,03,首选物理，再选不限,582,47113,https://www.jseea.cn/webfile/upload/2023/07-18/10-05-510166-183377989.xls
2023,物理类,4371,延边大学,4371-04,04,首选物理，再选化学,580,48831,https://www.jseea.cn/webfile/upload/2023/07-18/10-05-510166-183377989.xls
2023,物理类,4371,延边大学,4371-05,05,首选物理，再选化学或生物,603,30376,https://www.jseea.cn/webfile/upload/2023/07-18/10-05-510166-183377989.xls
2023,物理类,4381,牡丹江医学院,4381-01,01,首选物理，再选化学,495,132433,https://www.jseea.cn/webfile/upload/2023/07-18/10-05-510166-183377989.xls
2023,物理类,4381,牡丹江医学院,4381-02,02,首选物理，再选化学或生物,549,78084,https://www.jseea.cn/webfile/upload/2023/07-18/10-05-510166-183377989.xls
2023,物理类,4381,牡丹江医学院,4381-03,03,首选物理，再选化学和生物,554,73152,https://www.jseea.cn/webfile/upload/2023/07-18/10-05-510166-183377989.xls
2023,物理类,5101,郑州大学,5101-02,02,首选物理，再选不限,605,28961,https://www.jseea.cn/webfile/upload/2023/07-18/10-05-510166-183377989.xls
2023,物理类,5101,郑州大学,5101-03,03,首选物理，再选不限,592,38767,https://www.jseea.cn/webfile/upload/2023/07-18/10-05-510166-183377989.xls
2023,物理类,5101,郑州大学,5101-04,04,首选物理，再选化学,596,35650,https://www.jseea.cn/webfile/upload/2023/07-18/10-05-510166-183377989.xls
2023,物理类,5102,华北水利水电大学,5102-01,01,首选物理，再选不限,547,79956,https://www.jseea.cn/webfile/upload/2023/07-18/10-05-510166-183377989.xls
2023,物理类,5102,华北水利水电大学,5102-02,02,首选物理，再选化学,545,81926,https://www.jseea.cn/webfile/upload/2023/07-18/10-05-510166-183377989.xls
2023,物理类,5103,中原工学院,5103-02,02,首选物理，再选不限,490,137354,https://www.jseea.cn/webfile/upload/2023/07-18/10-05-510166-183377989.xls
2023,物理类,5103,中原工学院,5103-03,03,首选物理，再选不限,505,122563,https://www.jseea.cn/webfile/upload/2023/07-18/10-05-510166-183377989.xls
2023,物理类,5103,中原工学院,5103-04,04,首选物理，再选化学,482,144814,https://www.jseea.cn/webfile/upload/2023/07-18/10-05-510166-183377989.xls
2023,物理类,5104,河南工业大学,5104-02,02,首选物理，再选不限,547,79956,https://www.jseea.cn/webfile/upload/2023/07-18/10-05-510166-183377989.xls
2023,物理类,5104,河南工业大学,5104-03,03,首选物理，再选不限,529,98179,https://www.jseea.cn/webfile/upload/2023/07-18/10-05-510166-183377989.xls
2023,物理类,5104,河南工业大学,5104-04,04,首选物理，再选不限,522,105372,https://www.jseea.cn/webfile/upload/2023/07-18/10-05-510166-183377989.xls
2023,物理类,5104,河南工业大学,5104-05,05,首选物理，再选化学,518,109392,https://www.jseea.cn/webfile/upload/2023/07-18/10-05-510166-183377989.xls
2023,物理类,5104,河南工业大学,5104-06,06,首选物理，再选化学,502,125541,https://www.jseea.cn/webfile/upload/2023/07-18/10-05-510166-183377989.xls
2023,物理类,5104,河南工业大学,5104-07,07,首选物理，再选化学,541,85961,https://www.jseea.cn/webfile/upload/2023/07-18/10-05-510166-183377989.xls
2023,物理类,5104,河南工业大学,5104-08,08,首选物理，再选化学和生物,529,98179,https://www.jseea.cn/webfile/upload/2023/07-18/10-05-510166-183377989.xls
2023,物理类,5104,河南工业大学,5104-09,09,首选物理，再选化学和生物,515,112371,https://www.jseea.cn/webfile/upload/2023/07-18/10-05-510166-183377989.xls
2023,物理类,5105,郑州航空工业管理学院,5105-02,02,首选物理，再选不限,494,133441,https://www.jseea.cn/webfile/upload/2023/07-18/10-05-510166-183377989.xls
2023,物理类,5105,郑州航空工业管理学院,5105-03,03,首选物理，再选化学,505,122563,https://www.jseea.cn/webfile/upload/2023/07-18/10-05-510166-183377989.xls
2023,物理类,5105,郑州航空工业管理学院,5105-04,04,首选物理，再选化学,489,138274,https://www.jseea.cn/webfile/upload/2023/07-18/10-05-510166-183377989.xls
2023,物理类,5106,郑州轻工业大学,5106-02,02,首选物理，再选不限,546,80934,https://www.jseea.cn/webfile/upload/2023/07-18/10-05-510166-183377989.xls
2023,物理类,5106,郑州轻工业大学,5106-03,03,首选物理，再选不限,534,93121,https://www.jseea.cn/webfile/upload/2023/07-18/10-05-510166-183377989.xls
2023,物理类,5106,郑州轻工业大学,5106-04,04,首选物理，再选不限,523,104327,https://www.jseea.cn/webfile/upload/2023/07-18/10-05-510166-183377989.xls
2023,物理类,5106,郑州轻工业大学,5106-05,05,首选物理，再选化学,518,109392,https://www.jseea.cn/webfile/upload/2023/07-18/10-05-510166-183377989.xls
2023,物理类,5106,郑州轻工业大学,5106-06,06,首选物理，再选化学或生物,544,82962,https://www.jseea.cn/webfile/upload/2023/07-18/10-05-510166-183377989.xls
2023,物理类,5110,河南科技学院,5110-02,02,首选物理，再选不限,497,130481,https://www.jseea.cn/webfile/upload/2023/07-18/10-05-510166-183377989.xls
2023,物理类,5110,河南科技学院,5110-03,03,首选物理，再选化学,492,135454,https://www.jseea.cn/webfile/upload/2023/07-18/10-05-510166-183377989.xls
2023,物理类,5114,河南中医药大学,5114-02,02,首选物理，再选不限,534,93121,https://www.jseea.cn/webfile/upload/2023/07-18/10-05-510166-183377989.xls
2023,物理类,5114,河南中医药大学,5114-03,03,首选物理，再选化学或生物,569,58807,https://www.jseea.cn/webfile/upload/2023/07-18/10-05-510166-183377989.xls
2023,物理类,5117,河南农业大学,5117-02,02,首选物理，再选不限,544,82962,https://www.jseea.cn/webfile/upload/2023/07-18/10-05-510166-183377989.xls
2023,物理类,5117,河南农业大学,5117-03,03,首选物理，再选化学,532,95097,https://www.jseea.cn/webfile/upload/2023/07-18/10-05-510166-183377989.xls
2023,物理类,5117,河南农业大学,5117-04,04,首选物理，再选化学或生物,528,99220,https://www.jseea.cn/webfile/upload/2023/07-18/10-05-510166-183377989.xls
2023,物理类,5117,河南农业大学,5117-05,05,首选物理，再选化学或生物,552,75102,https://www.jseea.cn/webfile/upload/2023/07-18/10-05-510166-183377989.xls
2023,物理类,5118,信阳师范大学,5118-03,03,首选物理，再选不限,507,120486,https://www.jseea.cn/webfile/upload/2023/07-18/10-05-510166-183377989.xls
2023,物理类,5118,信阳师范大学,5118-04,04,首选物理，再选化学或生物,478,148669,https://www.jseea.cn/webfile/upload/2023/07-18/10-05-510166-183377989.xls
2023,物理类,5119,河南财经政法大学,5119-04,04,首选物理，再选不限,550,77082,https://www.jseea.cn/webfile/upload/2023/07-18/10-05-510166-183377989.xls
2023,物理类,5119,河南财经政法大学,5119-05,05,首选物理，再选不限,539,87985,https://www.jseea.cn/webfile/upload/2023/07-18/10-05-510166-183377989.xls
2023,物理类,5119,河南财经政法大学,5119-06,06,首选物理，再选化学或地理,504,123513,https://www.jseea.cn/webfile/upload/2023/07-18/10-05-510166-183377989.xls
2023,物理类,5122,河南工程学院,5122-02,02,首选物理，再选不限,507,120486,https://www.jseea.cn/webfile/upload/2023/07-18/10-05-510166-183377989.xls
2023,物理类,5122,河南工程学院,5122-03,03,首选物理，再选不限,499,128535,https://www.jseea.cn/webfile/upload/2023/07-18/10-05-510166-183377989.xls
2023,物理类,5122,河南工程学院,5122-04,04,首选物理，再选化学,472,154057,https://www.jseea.cn/webfile/upload/2023/07-18/10-05-510166-183377989.xls
2023,物理类,5122,河南工程学院,5122-05,05,首选物理，再选地理,504,123513,https://www.jseea.cn/webfile/upload/2023/07-18/10-05-510166-183377989.xls
2023,物理类,5125,周口师范学院,5125-04,04,首选物理，再选不限,503,124505,https://www.jseea.cn/webfile/upload/2023/07-18/10-05-510166-183377989.xls
2023,物理类,5125,周口师范学院,5125-05,05,首选物理，再选化学,504,123513,https://www.jseea.cn/webfile/upload/2023/07-18/10-05-510166-183377989.xls
2023,物理类,5125,周口师范学院,5125-06,06,首选物理，再选化学或生物,488,139208,https://www.jseea.cn/webfile/upload/2023/07-18/10-05-510166-183377989.xls
2023,物理类,5131,洛阳理工学院,5131-02,02,首选物理，再选不限,501,126588,https://www.jseea.cn/webfile/upload/2023/07-18/10-05-510166-183377989.xls
2023,物理类,5131,洛阳理工学院,5131-03,03,首选物理，再选化学,479,147716,https://www.jseea.cn/webfile/upload/2023/07-18/10-05-510166-183377989.xls
2023,物理类,5132,河南科技大学,5132-03,03,首选物理，再选不限,548,78998,https://www.jseea.cn/webfile/upload/2023/07-18/10-05-510166-183377989.xls
2023,物理类,5132,河南科技大学,5132-04,04,首选物理，再选化学,544,82962,https://www.jseea.cn/webfile/upload/2023/07-18/10-05-510166-183377989.xls
2023,物理类,5132,河南科技大学,5132-05,05,首选物理，再选化学或生物,532,95097,https://www.jseea.cn/webfile/upload/2023/07-18/10-05-510166-183377989.xls
2023,物理类,5132,河南科技大学,5132-06,06,首选物理，再选化学或生物,529,98179,https://www.jseea.cn/webfile/upload/2023/07-18/10-05-510166-183377989.xls
2023,物理类,5132,河南科技大学,5132-07,07,首选物理，再选化学或地理,546,80934,https://www.jseea.cn/webfile/upload/2023/07-18/10-05-510166-183377989.xls
2023,物理类,5133,洛阳师范学院,5133-02,02,首选物理，再选不限,539,87985,https://www.jseea.cn/webfile/upload/2023/07-18/10-05-510166-183377989.xls
2023,物理类,5133,洛阳师范学院,5133-03,03,首选物理，再选化学,517,110348,https://www.jseea.cn/webfile/upload/2023/07-18/10-05-510166-183377989.xls
2023,物理类,5134,平顶山学院,5134-02,02,首选物理，再选不限,490,137354,https://www.jseea.cn/webfile/upload/2023/07-18/10-05-510166-183377989.xls
2023,物理类,5141,河南大学,5141-05,05,首选物理，再选不限,589,41158,https://www.jseea.cn/webfile/upload/2023/07-18/10-05-510166-183377989.xls
2023,物理类,5141,河南大学,5141-06,06,首选物理，再选化学,583,46257,https://www.jseea.cn/webfile/upload/2023/07-18/10-05-510166-183377989.xls
2023,物理类,5141,河南大学,5141-07,07,首选物理，再选化学或生物,587,42827,https://www.jseea.cn/webfile/upload/2023/07-18/10-05-510166-183377989.xls
2023,物理类,5141,河南大学,5141-08,08,首选物理，再选化学或地理,590,40321,https://www.jseea.cn/webfile/upload/2023/07-18/10-05-510166-183377989.xls
2023,物理类,5151,河南理工大学,5151-02,02,首选物理，再选不限,540,86936,https://www.jseea.cn/webfile/upload/2023/07-18/10-05-510166-183377989.xls
2023,物理类,5151,河南理工大学,5151-03,03,首选物理，再选化学,532,95097,https://www.jseea.cn/webfile/upload/2023/07-18/10-05-510166-183377989.xls
2023,物理类,5151,河南理工大学,5151-04,04,首选物理，再选地理,538,89031,https://www.jseea.cn/webfile/upload/2023/07-18/10-05-510166-183377989.xls
2023,物理类,5153,河南师范大学,5153-03,03,首选物理，再选不限,557,70200,https://www.jseea.cn/webfile/upload/2023/07-18/10-05-510166-183377989.xls
2023,物理类,5153,河南师范大学,5153-04,04,首选物理，再选化学,563,64500,https://www.jseea.cn/webfile/upload/2023/07-18/10-05-510166-183377989.xls
2023,物理类,5153,河南师范大学,5153-05,05,首选物理，再选化学或生物,520,107386,https://www.jseea.cn/webfile/upload/2023/07-18/10-05-510166-183377989.xls
2023,物理类,5161,安阳工学院,5161-02,02,首选物理，再选不限,470,155785,https://www.jseea.cn/webfile/upload/2023/07-18/10-05-510166-183377989.xls
2023,物理类,5161,安阳工学院,5161-03,03,首选物理，再选不限,490,137354,https://www.jseea.cn/webfile/upload/2023/07-18/10-05-510166-183377989.xls
2023,物理类,5161,安阳工学院,5161-04,04,首选物理，再选化学,483,143882,https://www.jseea.cn/webfile/upload/2023/07-18/10-05-510166-183377989.xls
2023,物理类,5161,安阳工学院,5161-05,05,首选物理，再选化学,475,151397,https://www.jseea.cn/webfile/upload/2023/07-18/10-05-510166-183377989.xls
2023,物理类,5161,安阳工学院,5161-06,06,首选物理，再选化学,486,141124,https://www.jseea.cn/webfile/upload/2023/07-18/10-05-510166-183377989.xls
2023,物理类,5162,安阳师范学院,5162-02,02,首选物理，再选不限,504,123513,https://www.jseea.cn/webfile/upload/2023/07-18/10-05-510166-183377989.xls
2023,物理类,5162,安阳师范学院,5162-03,03,首选物理，再选化学,516,111339,https://www.jseea.cn/webfile/upload/2023/07-18/10-05-510166-183377989.xls
2023,物理类,5162,安阳师范学院,5162-04,04,首选物理，再选化学或生物,499,128535,https://www.jseea.cn/webfile/upload/2023/07-18/10-05-510166-183377989.xls
2023,物理类,5171,河南工学院,5171-01,01,首选物理，再选不限,501,126588,https://www.jseea.cn/webfile/upload/2023/07-18/10-05-510166-183377989.xls
2023,物理类,5171,河南工学院,5171-02,02,首选物理，再选不限,502,125541,https://www.jseea.cn/webfile/upload/2023/07-18/10-05-510166-183377989.xls
2023,物理类,5171,河南工学院,5171-03,03,首选物理，再选化学,490,137354,https://www.jseea.cn/webfile/upload/2023/07-18/10-05-510166-183377989.xls
2023,物理类,5172,郑州工程技术学院,5172-03,03,首选物理，再选不限,502,125541,https://www.jseea.cn/webfile/upload/2023/07-18/10-05-510166-183377989.xls
2023,物理类,5172,郑州工程技术学院,5172-04,04,首选物理，再选化学,495,132433,https://www.jseea.cn/webfile/upload/2023/07-18/10-05-510166-183377989.xls
2023,物理类,5172,郑州工程技术学院,5172-05,05,首选物理，再选化学和生物,484,142974,https://www.jseea.cn/webfile/upload/2023/07-18/10-05-510166-183377989.xls
2023,物理类,5172,郑州工程技术学院,5172-06,06,首选物理，再选化学或地理,490,137354,https://www.jseea.cn/webfile/upload/2023/07-18/10-05-510166-183377989.xls
2023,物理类,5173,新乡学院,5173-04,04,首选物理，再选不限,491,136409,https://www.jseea.cn/webfile/upload/2023/07-18/10-05-510166-183377989.xls
2023,物理类,5173,新乡学院,5173-05,05,首选物理，再选不限,461,163419,https://www.jseea.cn/webfile/upload/2023/07-18/10-05-510166-183377989.xls
2023,物理类,5173,新乡学院,5173-06,06,首选物理，再选化学,485,142059,https://www.jseea.cn/webfile/upload/2023/07-18/10-05-510166-183377989.xls
2023,物理类,5173,新乡学院,5173-07,07,首选物理，再选化学或生物,488,139208,https://www.jseea.cn/webfile/upload/2023/07-18/10-05-510166-183377989.xls
2023,物理类,5174,许昌学院,5174-02,02,首选物理，再选不限,497,130481,https://www.jseea.cn/webfile/upload/2023/07-18/10-05-510166-183377989.xls
2023,物理类,5174,许昌学院,5174-03,03,首选物理，再选化学或地理,522,105372,https://www.jseea.cn/webfile/upload/2023/07-18/10-05-510166-183377989.xls
2023,物理类,5181,南阳师范学院,5181-04,04,首选物理，再选不限,494,133441,https://www.jseea.cn/webfile/upload/2023/07-18/10-05-510166-183377989.xls
2023,物理类,5181,南阳师范学院,5181-05,05,首选物理，再选化学,481,145762,https://www.jseea.cn/webfile/upload/2023/07-18/10-05-510166-183377989.xls
2023,物理类,5181,南阳师范学院,5181-06,06,首选物理，再选化学,464,161010,https://www.jseea.cn/webfile/upload/2023/07-18/10-05-510166-183377989.xls
2023,物理类,5181,南阳师范学院,5181-07,07,首选物理，再选化学或生物,489,138274,https://www.jseea.cn/webfile/upload/2023/07-18/10-05-510166-183377989.xls
2023,物理类,5181,南阳师范学院,5181-08,08,首选物理，再选化学或地理,512,115419,https://www.jseea.cn/webfile/upload/2023/07-18/10-05-510166-183377989.xls
2023,物理类,5182,南阳理工学院,5182-04,04,首选物理，再选不限,503,124505,https://www.jseea.cn/webfile/upload/2023/07-18/10-05-510166-183377989.xls
2023,物理类,5182,南阳理工学院,5182-05,05,首选物理，再选不限,499,128535,https://www.jseea.cn/webfile/upload/2023/07-18/10-05-510166-183377989.xls
2023,物理类,5182,南阳理工学院,5182-06,06,首选物理，再选不限,512,115419,https://www.jseea.cn/webfile/upload/2023/07-18/10-05-510166-183377989.xls
2023,物理类,5182,南阳理工学院,5182-07,07,首选物理，再选不限,501,126588,https://www.jseea.cn/webfile/upload/2023/07-18/10-05-510166-183377989.xls
2023,物理类,5182,南阳理工学院,5182-08,08,首选物理，再选化学,483,143882,https://www.jseea.cn/webfile/upload/2023/07-18/10-05-510166-183377989.xls
2023,物理类,5182,南阳理工学院,5182-09,09,首选物理，再选化学,497,130481,https://www.jseea.cn/webfile/upload/2023/07-18/10-05-510166-183377989.xls
2023,物理类,5182,南阳理工学院,5182-10,10,首选物理，再选化学和生物,495,132433,https://www.jseea.cn/webfile/upload/2023/07-18/10-05-510166-183377989.xls
2023,物理类,5182,南阳理工学院,5182-11,11,首选物理，再选化学或地理,495,132433,https://www.jseea.cn/webfile/upload/2023/07-18/10-05-510166-183377989.xls
2023,物理类,5191,黄淮学院,5191-02,02,首选物理，再选不限,482,144814,https://www.jseea.cn/webfile/upload/2023/07-18/10-05-510166-183377989.xls
2023,物理类,5191,黄淮学院,5191-03,03,首选物理，再选不限,489,138274,https://www.jseea.cn/webfile/upload/2023/07-18/10-05-510166-183377989.xls
2023,物理类,5191,黄淮学院,5191-04,04,首选物理，再选化学,474,152315,https://www.jseea.cn/webfile/upload/2023/07-18/10-05-510166-183377989.xls
2023,物理类,5191,黄淮学院,5191-05,05,首选物理，再选生物,505,122563,https://www.jseea.cn/webfile/upload/2023/07-18/10-05-510166-183377989.xls
2023,物理类,5192,新乡医学院,5192-01,01,首选物理，再选化学或生物,583,46257,https://www.jseea.cn/webfile/upload/2023/07-18/10-05-510166-183377989.xls
2023,物理类,5193,河南城建学院,5193-02,02,首选物理，再选不限,483,143882,https://www.jseea.cn/webfile/upload/2023/07-18/10-05-510166-183377989.xls
2023,物理类,5193,河南城建学院,5193-03,03,首选物理，再选化学或地理,492,135454,https://www.jseea.cn/webfile/upload/2023/07-18/10-05-510166-183377989.xls
2023,物理类,5198,商丘师范学院,5198-03,03,首选物理，再选不限,492,135454,https://www.jseea.cn/webfile/upload/2023/07-18/10-05-510166-183377989.xls
2023,物理类,5198,商丘师范学院,5198-04,04,首选物理，再选化学,496,131452,https://www.jseea.cn/webfile/upload/2023/07-18/10-05-510166-183377989.xls
2023,物理类,5198,商丘师范学院,5198-05,05,首选物理，再选化学或生物,473,153184,https://www.jseea.cn/webfile/upload/2023/07-18/10-05-510166-183377989.xls
2023,物理类,5201,武汉大学,5201-03,03,首选物理，再选不限,653,4396,https://www.jseea.cn/webfile/upload/2023/07-18/10-05-510166-183377989.xls
2023,物理类,5201,武汉大学,5201-04,04,首选物理，再选不限,639,9243,https://www.jseea.cn/webfile/upload/2023/07-18/10-05-510166-183377989.xls
2023,物理类,5201,武汉大学,5201-05,05,首选物理，再选化学,653,4396,https://www.jseea.cn/webfile/upload/2023/07-18/10-05-510166-183377989.xls
2023,物理类,5201,武汉大学,5201-06,06,首选物理，再选化学或生物,650,5238,https://www.jseea.cn/webfile/upload/2023/07-18/10-05-510166-183377989.xls
2023,物理类,5202,华中科技大学,5202-02,02,首选物理，再选不限,656,3625,https://www.jseea.cn/webfile/upload/2023/07-18/10-05-510166-183377989.xls
2023,物理类,5202,华中科技大学,5202-03,03,首选物理，再选化学或生物,657,3398,https://www.jseea.cn/webfile/upload/2023/07-18/10-05-510166-183377989.xls
2023,物理类,5203,华中师范大学,5203-03,03,首选物理，再选不限,594,37178,https://www.jseea.cn/webfile/upload/2023/07-18/10-05-510166-183377989.xls
2023,物理类,5203,华中师范大学,5203-04,04,首选物理，再选化学,619,19694,https://www.jseea.cn/webfile/upload/2023/07-18/10-05-510166-183377989.xls
2023,物理类,5203,华中师范大学,5203-05,05,首选物理，再选化学或生物,618,20291,https://www.jseea.cn/webfile/upload/2023/07-18/10-05-510166-183377989.xls
2023,物理类,5203,华中师范大学,5203-06,06,首选物理，再选地理,628,14616,https://www.jseea.cn/webfile/upload/2023/07-18/10-05-510166-183377989.xls
2023,物理类,5204,华中农业大学,5204-02,02,首选物理，再选不限,595,36406,https://www.jseea.cn/webfile/upload/2023/07-18/10-05-510166-183377989.xls
2023,物理类,5204,华中农业大学,5204-03,03,首选物理，再选化学,591,39518,https://www.jseea.cn/webfile/upload/2023/07-18/10-05-510166-183377989.xls
2023,物理类,5204,华中农业大学,5204-04,04,首选物理，再选化学或生物,593,37931,https://www.jseea.cn/webfile/upload/2023/07-18/10-05-510166-183377989.xls
2023,物理类,5204,华中农业大学,5204-05,05,首选物理，再选化学或地理,608,26857,https://www.jseea.cn/webfile/upload/2023/07-18/10-05-510166-183377989.xls
2023,物理类,5205,中国地质大学(武汉),5205-03,03,首选物理，再选不限,595,36406,https://www.jseea.cn/webfile/upload/2023/07-18/10-05-510166-183377989.xls
2023,物理类,5205,中国地质大学(武汉),5205-04,04,首选物理，再选化学,595,36406,https://www.jseea.cn/webfile/upload/2023/07-18/10-05-510166-183377989.xls
2023,物理类,5206,中南财经政法大学,5206-06,06,首选物理，再选不限,585,44515,https://www.jseea.cn/webfile/upload/2023/07-18/10-05-510166-183377989.xls
2023,物理类,5206,中南财经政法大学,5206-07,07,首选物理，再选不限,634,11592,https://www.jseea.cn/webfile/upload/2023/07-18/10-05-510166-183377989.xls
2023,物理类,5206,中南财经政法大学,5206-08,08,首选物理，再选不限,635,11117,https://www.jseea.cn/webfile/upload/2023/07-18/10-05-510166-183377989.xls
2023,物理类,5207,武汉理工大学,5207-03,03,首选物理，再选不限,641,8447,https://www.jseea.cn/webfile/upload/2023/07-18/10-05-510166-183377989.xls
2023,物理类,5207,武汉理工大学,5207-04,04,首选物理，再选不限,610,25495,https://www.jseea.cn/webfile/upload/2023/07-18/10-05-510166-183377989.xls
2023,物理类,5207,武汉理工大学,5207-05,05,首选物理，再选化学,610,25495,https://www.jseea.cn/webfile/upload/2023/07-18/10-05-510166-183377989.xls
2023,物理类,5207,武汉理工大学,5207-06,06,首选物理，再选化学或生物,602,31134,https://www.jseea.cn/webfile/upload/2023/07-18/10-05-510166-183377989.xls
2023,物理类,5208,中南民族大学,5208-03,03,首选物理，再选不限,544,82962,https://www.jseea.cn/webfile/upload/2023/07-18/10-05-510166-183377989.xls
2023,物理类,5208,中南民族大学,5208-04,04,首选物理，再选化学或生物,551,76116,https://www.jseea.cn/webfile/upload/2023/07-18/10-05-510166-183377989.xls
2023,物理类,5209,湖北大学,5209-03,03,首选物理，再选不限,570,57928,https://www.jseea.cn/webfile/upload/2023/07-18/10-05-510166-183377989.xls
2023,物理类,5211,湖北中医药大学,5211-03,03,首选物理，再选不限,539,87985,https://www.jseea.cn/webfile/upload/2023/07-18/10-05-510166-183377989.xls
2023,物理类,5211,湖北中医药大学,5211-04,04,首选物理，再选化学,540,86936,https://www.jseea.cn/webfile/upload/2023/07-18/10-05-510166-183377989.xls
2023,物理类,5211,湖北中医药大学,5211-05,05,首选物理，再选化学或生物,585,44515,https://www.jseea.cn/webfile/upload/2023/07-18/10-05-510166-183377989.xls
2023,物理类,5212,武汉纺织大学,5212-02,02,首选物理，再选不限,541,85961,https://www.jseea.cn/webfile/upload/2023/07-18/10-05-510166-183377989.xls
2023,物理类,5212,武汉纺织大学,5212-03,03,首选物理，再选化学,520,107386,https://www.jseea.cn/webfile/upload/2023/07-18/10-05-510166-183377989.xls
2023,物理类,5213,武汉体育学院,5213-02,02,首选物理，再选不限,509,118484,https://www.jseea.cn/webfile/upload/2023/07-18/10-05-510166-183377989.xls
2023,物理类,5213,武汉体育学院,5213-03,03,首选物理，再选化学,506,121516,https://www.jseea.cn/webfile/upload/2023/07-18/10-05-510166-183377989.xls
2023,物理类,5215,武汉工程大学,5215-02,02,首选物理，再选不限,589,41158,https://www.jseea.cn/webfile/upload/2023/07-18/10-05-510166-183377989.xls
2023,物理类,5215,武汉工程大学,5215-03,03,首选物理，再选化学或生物,568,59798,https://www.jseea.cn/webfile/upload/2023/07-18/10-05-510166-183377989.xls
2023,物理类,5215,武汉工程大学,5215-04,04,首选物理，再选化学或生物,532,95097,https://www.jseea.cn/webfile/upload/2023/07-18/10-05-510166-183377989.xls
2023,物理类,5216,武汉轻工大学,5216-02,02,首选物理，再选不限,555,72167,https://www.jseea.cn/webfile/upload/2023/07-18/10-05-510166-183377989.xls
2023,物理类,5216,武汉轻工大学,5216-03,03,首选物理，再选化学或生物,544,82962,https://www.jseea.cn/webfile/upload/2023/07-18/10-05-510166-183377989.xls
2023,物理类,5217,武汉科技大学,5217-01,01,首选物理，再选不限,588,42008,https://www.jseea.cn/webfile/upload/2023/07-18/10-05-510166-183377989.xls
2023,物理类,5218,江汉大学,5218-01,01,首选物理，再选不限,564,63653,https://www.jseea.cn/webfile/upload/2023/07-18/10-05-510166-183377989.xls
2023,物理类,5219,湖北工业大学,5219-01,01,首选物理，再选不限,580,48831,https://www.jseea.cn/webfile/upload/2023/07-18/10-05-510166-183377989.xls
2023,物理类,5219,湖北工业大学,5219-02,02,首选物理，再选不限,570,57928,https://www.jseea.cn/webfile/upload/2023/07-18/10-05-510166-183377989.xls
2023,物理类,5219,湖北工业大学,5219-03,03,首选物理，再选不限,539,87985,https://www.jseea.cn/webfile/upload/2023/07-18/10-05-510166-183377989.xls
2023,物理类,5220,湖北第二师范学院,5220-03,03,首选物理，再选不限,509,118484,https://www.jseea.cn/webfile/upload/2023/07-18/10-05-510166-183377989.xls
2023,物理类,5220,湖北第二师范学院,5220-04,04,首选物理，再选不限,505,122563,https://www.jseea.cn/webfile/upload/2023/07-18/10-05-510166-183377989.xls
2023,物理类,5220,湖北第二师范学院,5220-05,05,首选物理，再选不限,498,129552,https://www.jseea.cn/webfile/upload/2023/07-18/10-05-510166-183377989.xls
2023,物理类,5221,湖北经济学院,5221-02,02,首选物理，再选不限,526,101268,https://www.jseea.cn/webfile/upload/2023/07-18/10-05-510166-183377989.xls
2023,物理类,5225,汉江师范学院,5225-03,03,首选物理，再选不限,531,96123,https://www.jseea.cn/webfile/upload/2023/07-18/10-05-510166-183377989.xls
2023,物理类,5225,汉江师范学院,5225-04,04,首选物理，再选化学,515,112371,https://www.jseea.cn/webfile/upload/2023/07-18/10-05-510166-183377989.xls
2023,物理类,5243,长江大学,5243-02,02,首选物理，再选不限,548,78998,https://www.jseea.cn/webfile/upload/2023/07-18/10-05-510166-183377989.xls
2023,物理类,5243,长江大学,5243-03,03,首选物理，再选化学,563,64500,https://www.jseea.cn/webfile/upload/2023/07-18/10-05-510166-183377989.xls
2023,物理类,5243,长江大学,5243-04,04,首选物理，再选化学或生物,541,85961,https://www.jseea.cn/webfile/upload/2023/07-18/10-05-510166-183377989.xls
2023,物理类,5251,三峡大学,5251-02,02,首选物理，再选不限,576,52349,https://www.jseea.cn/webfile/upload/2023/07-18/10-05-510166-183377989.xls
2023,物理类,5251,三峡大学,5251-03,03,首选物理，再选不限,595,36406,https://www.jseea.cn/webfile/upload/2023/07-18/10-05-510166-183377989.xls
2023,物理类,5251,三峡大学,5251-04,04,首选物理，再选化学,534,93121,https://www.jseea.cn/webfile/upload/2023/07-18/10-05-510166-183377989.xls
2023,物理类,5251,三峡大学,5251-05,05,首选物理，再选化学或生物,561,66451,https://www.jseea.cn/webfile/upload/2023/07-18/10-05-510166-183377989.xls
2023,物理类,5255,湖北汽车工业学院,5255-01,01,首选物理，再选不限,506,121516,https://www.jseea.cn/webfile/upload/2023/07-18/10-05-510166-183377989.xls
2023,物理类,5255,湖北汽车工业学院,5255-02,02,首选物理，再选不限,492,135454,https://www.jseea.cn/webfile/upload/2023/07-18/10-05-510166-183377989.xls
2023,物理类,5256,湖北医药学院,5256-01,01,首选物理，再选化学或生物,566,61773,https://www.jseea.cn/webfile/upload/2023/07-18/10-05-510166-183377989.xls
2023,物理类,5261,湖北师范大学,5261-03,03,首选物理，再选不限,533,94093,https://www.jseea.cn/webfile/upload/2023/07-18/10-05-510166-183377989.xls
2023,物理类,5261,湖北师范大学,5261-04,04,首选物理，再选不限,522,105372,https://www.jseea.cn/webfile/upload/2023/07-18/10-05-510166-183377989.xls
2023,物理类,5261,湖北师范大学,5261-05,05,首选物理，再选化学,533,94093,https://www.jseea.cn/webfile/upload/2023/07-18/10-05-510166-183377989.xls
2023,物理类,5261,湖北师范大学,5261-06,06,首选物理，再选化学或生物,539,87985,https://www.jseea.cn/webfile/upload/2023/07-18/10-05-510166-183377989.xls
2023,物理类,5265,湖北理工学院,5265-02,02,首选物理，再选不限,504,123513,https://www.jseea.cn/webfile/upload/2023/07-18/10-05-510166-183377989.xls
2023,物理类,5271,湖北警官学院,5271-02,02,首选物理，再选不限,523,104327,https://www.jseea.cn/webfile/upload/2023/07-18/10-05-510166-183377989.xls
2023,物理类,5285,荆楚理工学院,5285-02,02,首选物理，再选不限,508,119495,https://www.jseea.cn/webfile/upload/2023/07-18/10-05-510166-183377989.xls
2023,物理类,5285,荆楚理工学院,5285-03,03,首选物理，再选不限,473,153184,https://www.jseea.cn/webfile/upload/2023/07-18/10-05-510166-183377989.xls
2023,物理类,5287,湖北科技学院,5287-02,02,首选物理，再选不限,531,96123,https://www.jseea.cn/webfile/upload/2023/07-18/10-05-510166-183377989.xls
2023,物理类,5287,湖北科技学院,5287-03,03,首选物理，再选化学或生物,552,75102,https://www.jseea.cn/webfile/upload/2023/07-18/10-05-510166-183377989.xls
2023,物理类,5290,湖北文理学院,5290-02,02,首选物理，再选不限,515,112371,https://www.jseea.cn/webfile/upload/2023/07-18/10-05-510166-183377989.xls
2023,物理类,5295,湖北工程学院,5295-02,02,首选物理，再选不限,510,117453,https://www.jseea.cn/webfile/upload/2023/07-18/10-05-510166-183377989.xls
2023,物理类,5295,湖北工程学院,5295-03,03,首选物理，再选化学,484,142974,https://www.jseea.cn/webfile/upload/2023/07-18/10-05-510166-183377989.xls
2023,物理类,5295,湖北工程学院,5295-04,04,首选物理，再选化学或生物,503,124505,https://www.jseea.cn/webfile/upload/2023/07-18/10-05-510166-183377989.xls
2023,物理类,5301,湖南大学,5301-04,04,首选物理，再选不限,638,9656,https://www.jseea.cn/webfile/upload/2023/07-18/10-05-510166-183377989.xls
2023,物理类,5301,湖南大学,5301-05,05,首选物理，再选不限,590,40321,https://www.jseea.cn/webfile/upload/2023/07-18/10-05-510166-183377989.xls
2023,物理类,5301,湖南大学,5301-06,06,首选物理，再选化学,638,9656,https://www.jseea.cn/webfile/upload/2023/07-18/10-05-510166-183377989.xls
2023,物理类,5301,湖南大学,5301-07,07,首选物理，再选化学或生物,637,10153,https://www.jseea.cn/webfile/upload/2023/07-18/10-05-510166-183377989.xls
2023,物理类,5302,中南大学,5302-02,02,首选物理，再选不限,642,8030,https://www.jseea.cn/webfile/upload/2023/07-18/10-05-510166-183377989.xls
2023,物理类,5302,中南大学,5302-03,03,首选物理，再选不限,632,12571,https://www.jseea.cn/webfile/upload/2023/07-18/10-05-510166-183377989.xls
2023,物理类,5302,中南大学,5302-04,04,首选物理，再选化学,641,8447,https://www.jseea.cn/webfile/upload/2023/07-18/10-05-510166-183377989.xls
2023,物理类,5302,中南大学,5302-05,05,首选物理，再选化学和生物,642,8030,https://www.jseea.cn/webfile/upload/2023/07-18/10-05-510166-183377989.xls
2023,物理类,5302,中南大学,5302-06,06,首选物理，再选化学和生物,665,1847,https://www.jseea.cn/webfile/upload/2023/07-18/10-05-510166-183377989.xls
2023,物理类,5303,湖南师范大学,5303-04,04,首选物理，再选不限,591,39518,https://www.jseea.cn/webfile/upload/2023/07-18/10-05-510166-183377989.xls
2023,物理类,5303,湖南师范大学,5303-05,05,首选物理，再选化学,599,33366,https://www.jseea.cn/webfile/upload/2023/07-18/10-05-510166-183377989.xls
2023,物理类,5303,湖南师范大学,5303-06,06,首选物理，再选化学或生物,597,34853,https://www.jseea.cn/webfile/upload/2023/07-18/10-05-510166-183377989.xls
2023,物理类,5303,湖南师范大学,5303-07,07,首选物理，再选化学或地理,598,34106,https://www.jseea.cn/webfile/upload/2023/07-18/10-05-510166-183377989.xls
2023,物理类,5304,湖南中医药大学,5304-01,01,首选物理，再选不限,554,73152,https://www.jseea.cn/webfile/upload/2023/07-18/10-05-510166-183377989.xls
2023,物理类,5304,湖南中医药大学,5304-02,02,首选物理，再选化学,553,74111,https://www.jseea.cn/webfile/upload/2023/07-18/10-05-510166-183377989.xls
2023,物理类,5304,湖南中医药大学,5304-03,03,首选物理，再选化学或生物,568,59798,https://www.jseea.cn/webfile/upload/2023/07-18/10-05-510166-183377989.xls
2023,物理类,5305,湖南农业大学,5305-03,03,首选物理，再选不限,542,84967,https://www.jseea.cn/webfile/upload/2023/07-18/10-05-510166-183377989.xls
2023,物理类,5305,湖南农业大学,5305-04,04,首选物理，再选化学,531,96123,https://www.jseea.cn/webfile/upload/2023/07-18/10-05-510166-183377989.xls
2023,物理类,5305,湖南农业大学,5305-05,05,首选物理，再选化学或生物,537,90080,https://www.jseea.cn/webfile/upload/2023/07-18/10-05-510166-183377989.xls
2023,物理类,5306,湖南工商大学,5306-03,03,首选物理，再选不限,529,98179,https://www.jseea.cn/webfile/upload/2023/07-18/10-05-510166-183377989.xls
2023,物理类,5306,湖南工商大学,5306-04,04,首选物理，再选化学或地理,530,97144,https://www.jseea.cn/webfile/upload/2023/07-18/10-05-510166-183377989.xls
2023,物理类,5307,长沙理工大学,5307-02,02,首选物理，再选不限,578,50594,https://www.jseea.cn/webfile/upload/2023/07-18/10-05-510166-183377989.xls
2023,物理类,5307,长沙理工大学,5307-03,03,首选物理，再选不限,571,56968,https://www.jseea.cn/webfile/upload/2023/07-18/10-05-510166-183377989.xls
2023,物理类,5307,长沙理工大学,5307-04,04,首选物理，再选不限,598,34106,https://www.jseea.cn/webfile/upload/2023/07-18/10-05-510166-183377989.xls
2023,物理类,5307,长沙理工大学,5307-05,05,首选物理，再选不限,551,76116,https://www.jseea.cn/webfile/upload/2023/07-18/10-05-510166-183377989.xls
2023,物理类,5308,长沙学院,5308-03,03,首选物理，再选不限,515,112371,https://www.jseea.cn/webfile/upload/2023/07-18/10-05-510166-183377989.xls
2023,物理类,5308,长沙学院,5308-04,04,首选物理，再选不限,505,122563,https://www.jseea.cn/webfile/upload/2023/07-18/10-05-510166-183377989.xls
2023,物理类,5308,长沙学院,5308-05,05,首选物理，再选化学,508,119495,https://www.jseea.cn/webfile/upload/2023/07-18/10-05-510166-183377989.xls
2023,物理类,5308,长沙学院,5308-06,06,首选物理，再选化学或生物,520,107386,https://www.jseea.cn/webfile/upload/2023/07-18/10-05-510166-183377989.xls
2023,物理类,5310,湖南人文科技学院,5310-03,03,首选物理，再选不限,491,136409,https://www.jseea.cn/webfile/upload/2023/07-18/10-05-510166-183377989.xls
2023,物理类,5310,湖南人文科技学院,5310-04,04,首选物理，再选不限,487,140150,https://www.jseea.cn/webfile/upload/2023/07-18/10-05-510166-183377989.xls
2023,物理类,5310,湖南人文科技学院,5310-05,05,首选物理，再选不限,481,145762,https://www.jseea.cn/webfile/upload/2023/07-18/10-05-510166-183377989.xls
2023,物理类,5310,湖南人文科技学院,5310-06,06,首选物理，再选化学,480,146747,https://www.jseea.cn/webfile/upload/2023/07-18/10-05-510166-183377989.xls
2023,物理类,5310,湖南人文科技学院,5310-07,07,首选物理，再选化学或生物,479,147716,https://www.jseea.cn/webfile/upload/2023/07-18/10-05-510166-183377989.xls
2023,物理类,5320,湖南财政经济学院,5320-02,02,首选物理，再选不限,520,107386,https://www.jseea.cn/webfile/upload/2023/07-18/10-05-510166-183377989.xls
2023,物理类,5321,湖南科技大学,5321-03,03,首选物理，再选不限,545,81926,https://www.jseea.cn/webfile/upload/2023/07-18/10-05-510166-183377989.xls
2023,物理类,5321,湖南科技大学,5321-04,04,首选物理，再选化学或生物,541,85961,https://www.jseea.cn/webfile/upload/2023/07-18/10-05-510166-183377989.xls
2023,物理类,5321,湖南科技大学,5321-05,05,首选物理，再选化学或地理,551,76116,https://www.jseea.cn/webfile/upload/2023/07-18/10-05-510166-183377989.xls
2023,物理类,5321,湖南科技大学,5321-06,06,首选物理，再选思想政治,551,76116,https://www.jseea.cn/webfile/upload/2023/07-18/10-05-510166-183377989.xls
2023,物理类,5322,湖南工程学院,5322-02,02,首选物理，再选不限,507,120486,https://www.jseea.cn/webfile/upload/2023/07-18/10-05-510166-183377989.xls
2023,物理类,5322,湖南工程学院,5322-03,03,首选物理，再选不限,485,142059,https://www.jseea.cn/webfile/upload/2023/07-18/10-05-510166-183377989.xls
2023,物理类,5322,湖南工程学院,5322-04,04,首选物理，再选化学,494,133441,https://www.jseea.cn/webfile/upload/2023/07-18/10-05-510166-183377989.xls
2023,物理类,5323,湘潭大学,5323-02,02,首选物理，再选不限,592,38767,https://www.jseea.cn/webfile/upload/2023/07-18/10-05-510166-183377989.xls
2023,物理类,5327,湖南工学院,5327-02,02,首选物理，再选不限,494,133441,https://www.jseea.cn/webfile/upload/2023/07-18/10-05-510166-183377989.xls
2023,物理类,5327,湖南工学院,5327-03,03,首选物理，再选化学,478,148669,https://www.jseea.cn/webfile/upload/2023/07-18/10-05-510166-183377989.xls
2023,物理类,5331,中南林业科技大学,5331-02,02,首选物理，再选不限,537,90080,https://www.jseea.cn/webfile/upload/2023/07-18/10-05-510166-183377989.xls
2023,物理类,5331,中南林业科技大学,5331-03,03,首选物理，再选化学或生物,536,91098,https://www.jseea.cn/webfile/upload/2023/07-18/10-05-510166-183377989.xls
2023,物理类,5332,湖南工业大学,5332-02,02,首选物理，再选不限,540,86936,https://www.jseea.cn/webfile/upload/2023/07-18/10-05-510166-183377989.xls
2023,物理类,5332,湖南工业大学,5332-03,03,首选物理，再选不限,525,102240,https://www.jseea.cn/webfile/upload/2023/07-18/10-05-510166-183377989.xls
2023,物理类,5332,湖南工业大学,5332-04,04,首选物理，再选不限,530,97144,https://www.jseea.cn/webfile/upload/2023/07-18/10-05-510166-183377989.xls
2023,物理类,5332,湖南工业大学,5332-05,05,首选物理，再选化学,516,111339,https://www.jseea.cn/webfile/upload/2023/07-18/10-05-510166-183377989.xls
2023,物理类,5332,湖南工业大学,5332-06,06,首选物理，再选化学或生物,532,95097,https://www.jseea.cn/webfile/upload/2023/07-18/10-05-510166-183377989.xls
2023,物理类,5341,南华大学,5341-03,03,首选物理，再选不限,541,85961,https://www.jseea.cn/webfile/upload/2023/07-18/10-05-510166-183377989.xls
2023,物理类,5341,南华大学,5341-04,04,首选物理，再选不限,541,85961,https://www.jseea.cn/webfile/upload/2023/07-18/10-05-510166-183377989.xls
2023,物理类,5341,南华大学,5341-05,05,首选物理，再选不限,536,91098,https://www.jseea.cn/webfile/upload/2023/07-18/10-05-510166-183377989.xls
2023,物理类,5341,南华大学,5341-06,06,首选物理，再选化学或生物,544,82962,https://www.jseea.cn/webfile/upload/2023/07-18/10-05-510166-183377989.xls
2023,物理类,5342,衡阳师范学院,5342-03,03,首选物理，再选不限,502,125541,https://www.jseea.cn/webfile/upload/2023/07-18/10-05-510166-183377989.xls
2023,物理类,5342,衡阳师范学院,5342-04,04,首选物理，再选化学,489,138274,https://www.jseea.cn/webfile/upload/2023/07-18/10-05-510166-183377989.xls
2023,物理类,5342,衡阳师范学院,5342-05,05,首选物理，再选化学或地理,521,106375,https://www.jseea.cn/webfile/upload/2023/07-18/10-05-510166-183377989.xls
2023,物理类,5343,湖南文理学院,5343-02,02,首选物理，再选不限,493,134436,https://www.jseea.cn/webfile/upload/2023/07-18/10-05-510166-183377989.xls
2023,物理类,5343,湖南文理学院,5343-03,03,首选物理，再选化学,486,141124,https://www.jseea.cn/webfile/upload/2023/07-18/10-05-510166-183377989.xls
2023,物理类,5343,湖南文理学院,5343-04,04,首选物理，再选化学或生物,505,122563,https://www.jseea.cn/webfile/upload/2023/07-18/10-05-510166-183377989.xls
2023,物理类,5343,湖南文理学院,5343-05,05,首选物理，再选化学或地理,518,109392,https://www.jseea.cn/webfile/upload/2023/07-18/10-05-510166-183377989.xls
2023,物理类,5348,湖南医药学院,5348-01,01,首选物理，再选化学,524,103298,https://www.jseea.cn/webfile/upload/2023/07-18/10-05-510166-183377989.xls
2023,物理类,5348,湖南医药学院,5348-02,02,首选物理，再选化学或生物,531,96123,https://www.jseea.cn/webfile/upload/2023/07-18/10-05-510166-183377989.xls
2023,物理类,5348,湖南医药学院,5348-03,03,首选物理，再选化学或生物,598,34106,https://www.jseea.cn/webfile/upload/2023/07-18/10-05-510166-183377989.xls
2023,物理类,5349,湖南第一师范学院,5349-03,03,首选物理，再选不限,528,99220,https://www.jseea.cn/webfile/upload/2023/07-18/10-05-510166-183377989.xls
2023,物理类,5351,湖南理工学院,5351-02,02,首选物理，再选不限,523,104327,https://www.jseea.cn/webfile/upload/2023/07-18/10-05-510166-183377989.xls
2023,物理类,5351,湖南理工学院,5351-03,03,首选物理，再选化学,478,148669,https://www.jseea.cn/webfile/upload/2023/07-18/10-05-510166-183377989.xls
2023,物理类,5355,湖南城市学院,5355-02,02,首选物理，再选不限,488,139208,https://www.jseea.cn/webfile/upload/2023/07-18/10-05-510166-183377989.xls
2023,物理类,5361,吉首大学,5361-02,02,首选物理，再选不限,530,97144,https://www.jseea.cn/webfile/upload/2023/07-18/10-05-510166-183377989.xls
2023,物理类,5361,吉首大学,5361-03,03,首选物理，再选化学,533,94093,https://www.jseea.cn/webfile/upload/2023/07-18/10-05-510166-183377989.xls
2023,物理类,5361,吉首大学,5361-04,04,首选物理，再选化学或生物,532,95097,https://www.jseea.cn/webfile/upload/2023/07-18/10-05-510166-183377989.xls
2023,物理类,5371,邵阳学院,5371-02,02,首选物理，再选不限,502,125541,https://www.jseea.cn/webfile/upload/2023/07-18/10-05-510166-183377989.xls
2023,物理类,5371,邵阳学院,5371-03,03,首选物理，再选不限,486,141124,https://www.jseea.cn/webfile/upload/2023/07-18/10-05-510166-183377989.xls
2023,物理类,5371,邵阳学院,5371-04,04,首选物理，再选化学,513,114462,https://www.jseea.cn/webfile/upload/2023/07-18/10-05-510166-183377989.xls
2023,物理类,5371,邵阳学院,5371-05,05,首选物理，再选化学或生物,492,135454,https://www.jseea.cn/webfile/upload/2023/07-18/10-05-510166-183377989.xls
2023,物理类,5380,长沙师范学院,5380-02,02,首选物理，再选不限,501,126588,https://www.jseea.cn/webfile/upload/2023/07-18/10-05-510166-183377989.xls
2023,物理类,5380,长沙师范学院,5380-03,03,首选物理，再选化学,483,143882,https://www.jseea.cn/webfile/upload/2023/07-18/10-05-510166-183377989.xls
2023,物理类,5381,湘南学院,5381-02,02,首选物理，再选不限,491,136409,https://www.jseea.cn/webfile/upload/2023/07-18/10-05-510166-183377989.xls
2023,物理类,5381,湘南学院,5381-03,03,首选物理，再选化学,495,132433,https://www.jseea.cn/webfile/upload/2023/07-18/10-05-510166-183377989.xls
2023,物理类,5381,湘南学院,5381-04,04,首选物理，再选化学或生物,546,80934,https://www.jseea.cn/webfile/upload/2023/07-18/10-05-510166-183377989.xls
2023,物理类,5385,怀化学院,5385-03,03,首选物理，再选不限,494,133441,https://www.jseea.cn/webfile/upload/2023/07-18/10-05-510166-183377989.xls
2023,物理类,5385,怀化学院,5385-04,04,首选物理，再选不限,525,102240,https://www.jseea.cn/webfile/upload/2023/07-18/10-05-510166-183377989.xls
2023,物理类,5385,怀化学院,5385-05,05,首选物理，再选化学,499,128535,https://www.jseea.cn/webfile/upload/2023/07-18/10-05-510166-183377989.xls
2023,物理类,5385,怀化学院,5385-06,06,首选物理，再选化学,512,115419,https://www.jseea.cn/webfile/upload/2023/07-18/10-05-510166-183377989.xls
2023,物理类,5385,怀化学院,5385-07,07,首选物理，再选化学或生物,486,141124,https://www.jseea.cn/webfile/upload/2023/07-18/10-05-510166-183377989.xls
2023,物理类,5391,湖南科技学院,5391-03,03,首选物理，再选不限,493,134436,https://www.jseea.cn/webfile/upload/2023/07-18/10-05-510166-183377989.xls
2023,物理类,5391,湖南科技学院,5391-04,04,首选物理，再选化学或生物,522,105372,https://www.jseea.cn/webfile/upload/2023/07-18/10-05-510166-183377989.xls
2023,物理类,5393,湖南女子学院,5393-02,02,首选物理，再选不限,480,146747,https://www.jseea.cn/webfile/upload/2023/07-18/10-05-510166-183377989.xls
2023,物理类,5401,中山大学,5401-03,03,首选物理，再选不限,653,4396,https://www.jseea.cn/webfile/upload/2023/07-18/10-05-510166-183377989.xls
2023,物理类,5401,中山大学,5401-04,04,首选物理，再选化学,648,5893,https://www.jseea.cn/webfile/upload/2023/07-18/10-05-510166-183377989.xls
2023,物理类,5401,中山大学,5401-05,05,首选物理，再选化学或生物,647,6253,https://www.jseea.cn/webfile/upload/2023/07-18/10-05-510166-183377989.xls
2023,物理类,5402,华南理工大学,5402-05,05,首选物理，再选不限,650,5238,https://www.jseea.cn/webfile/upload/2023/07-18/10-05-510166-183377989.xls
2023,物理类,5402,华南理工大学,5402-06,06,首选物理，再选化学,641,8447,https://www.jseea.cn/webfile/upload/2023/07-18/10-05-510166-183377989.xls
2023,物理类,5402,华南理工大学,5402-07,07,首选物理，再选化学或生物,647,6253,https://www.jseea.cn/webfile/upload/2023/07-18/10-05-510166-183377989.xls
2023,物理类,5403,华南农业大学,5403-01,01,首选物理，再选不限,592,38767,https://www.jseea.cn/webfile/upload/2023/07-18/10-05-510166-183377989.xls
2023,物理类,5404,广东外语外贸大学,5404-03,03,首选物理，再选不限,543,83977,https://www.jseea.cn/webfile/upload/2023/07-18/10-05-510166-183377989.xls
2023,物理类,5405,广东医科大学,5405-01,01,首选物理，再选化学或生物,595,36406,https://www.jseea.cn/webfile/upload/2023/07-18/10-05-510166-183377989.xls
2023,物理类,5406,广东药科大学,5406-01,01,首选物理，再选化学或生物,565,62692,https://www.jseea.cn/webfile/upload/2023/07-18/10-05-510166-183377989.xls
2023,物理类,5407,暨南大学,5407-02,02,首选物理，再选不限,603,30376,https://www.jseea.cn/webfile/upload/2023/07-18/10-05-510166-183377989.xls
2023,物理类,5407,暨南大学,5407-03,03,首选物理，再选不限,622,17907,https://www.jseea.cn/webfile/upload/2023/07-18/10-05-510166-183377989.xls
2023,物理类,5407,暨南大学,5407-04,04,首选物理，再选化学,598,34106,https://www.jseea.cn/webfile/upload/2023/07-18/10-05-510166-183377989.xls
2023,物理类,5407,暨南大学,5407-05,05,首选物理，再选化学或生物,632,12571,https://www.jseea.cn/webfile/upload/2023/07-18/10-05-510166-183377989.xls
2023,物理类,5408,广州美术学院,5408-02,02,首选物理，再选不限,588,42008,https://www.jseea.cn/webfile/upload/2023/07-18/10-05-510166-183377989.xls
2023,物理类,5411,广州航海学院,5411-01,01,首选物理，再选化学,509,118484,https://www.jseea.cn/webfile/upload/2023/07-18/10-05-510166-183377989.xls
2023,物理类,5412,广东金融学院,5412-02,02,首选物理，再选不限,546,80934,https://www.jseea.cn/webfile/upload/2023/07-18/10-05-510166-183377989.xls
2023,物理类,5413,华南师范大学,5413-02,02,首选物理，再选不限,616,21589,https://www.jseea.cn/webfile/upload/2023/07-18/10-05-510166-183377989.xls
2023,物理类,5413,华南师范大学,5413-03,03,首选物理，再选化学,630,13586,https://www.jseea.cn/webfile/upload/2023/07-18/10-05-510166-183377989.xls
2023,物理类,5414,广东财经大学,5414-02,02,首选物理，再选不限,572,56020,https://www.jseea.cn/webfile/upload/2023/07-18/10-05-510166-183377989.xls
2023,物理类,5418,哈尔滨工业大学(深圳),5418-02,02,首选物理，再选不限,661,2577,https://www.jseea.cn/webfile/upload/2023/07-18/10-05-510166-183377989.xls
2023,物理类,5419,广州大学,5419-02,02,首选物理，再选不限,571,56968,https://www.jseea.cn/webfile/upload/2023/07-18/10-05-510166-183377989.xls
2023,物理类,5420,广州中医药大学,5420-02,02,首选物理，再选化学,586,43656,https://www.jseea.cn/webfile/upload/2023/07-18/10-05-510166-183377989.xls
2023,物理类,5420,广州中医药大学,5420-03,03,首选物理，再选化学或生物,601,31865,https://www.jseea.cn/webfile/upload/2023/07-18/10-05-510166-183377989.xls
2023,物理类,5420,广州中医药大学,5420-04,04,首选物理，再选化学或生物,629,14096,https://www.jseea.cn/webfile/upload/2023/07-18/10-05-510166-183377989.xls
2023,物理类,5421,汕头大学,5421-02,02,首选物理，再选不限,564,63653,https://www.jseea.cn/webfile/upload/2023/07-18/10-05-510166-183377989.xls
2023,物理类,5421,汕头大学,5421-03,03,首选物理，再选化学或生物,559,68330,https://www.jseea.cn/webfile/upload/2023/07-18/10-05-510166-183377989.xls
2023,物理类,5422,南方医科大学,5422-02,02,首选物理，再选化学或生物,612,24194,https://www.jseea.cn/webfile/upload/2023/07-18/10-05-510166-183377989.xls
2023,物理类,5427,东莞理工学院,5427-01,01,首选物理，再选不限,528,99220,https://www.jseea.cn/webfile/upload/2023/07-18/10-05-510166-183377989.xls
2023,物理类,5431,广东海洋大学,5431-01,01,首选物理，再选不限,529,98179,https://www.jseea.cn/webfile/upload/2023/07-18/10-05-510166-183377989.xls
2023,物理类,5431,广东海洋大学,5431-02,02,首选物理，再选不限,525,102240,https://www.jseea.cn/webfile/upload/2023/07-18/10-05-510166-183377989.xls
2023,物理类,5431,广东海洋大学,5431-03,03,首选物理，再选不限,538,89031,https://www.jseea.cn/webfile/upload/2023/07-18/10-05-510166-183377989.xls
2023,物理类,5431,广东海洋大学,5431-04,04,首选物理，再选化学,528,99220,https://www.jseea.cn/webfile/upload/2023/07-18/10-05-510166-183377989.xls
2023,物理类,5431,广东海洋大学,5431-05,05,首选物理，再选化学或生物,534,93121,https://www.jseea.cn/webfile/upload/2023/07-18/10-05-510166-183377989.xls
2023,物理类,5431,广东海洋大学,5431-06,06,首选物理，再选化学或生物,533,94093,https://www.jseea.cn/webfile/upload/2023/07-18/10-05-510166-183377989.xls
2023,物理类,5431,广东海洋大学,5431-07,07,首选物理，再选化学和生物,510,117453,https://www.jseea.cn/webfile/upload/2023/07-18/10-05-510166-183377989.xls
2023,物理类,5437,韶关学院,5437-02,02,首选物理，再选不限,507,120486,https://www.jseea.cn/webfile/upload/2023/07-18/10-05-510166-183377989.xls
2023,物理类,5438,广东以色列理工学院,5438-01,01,首选物理，再选不限,560,67391,https://www.jseea.cn/webfile/upload/2023/07-18/10-05-510166-183377989.xls
2023,物理类,5438,广东以色列理工学院,5438-02,02,首选物理，再选化学或生物,561,66451,https://www.jseea.cn/webfile/upload/2023/07-18/10-05-510166-183377989.xls
2023,物理类,5441,广东石油化工学院,5441-01,01,首选物理，再选不限,508,119495,https://www.jseea.cn/webfile/upload/2023/07-18/10-05-510166-183377989.xls
2023,物理类,5441,广东石油化工学院,5441-02,02,首选物理，再选不限,503,124505,https://www.jseea.cn/webfile/upload/2023/07-18/10-05-510166-183377989.xls
2023,物理类,5451,深圳大学,5451-02,02,首选物理，再选不限,623,17334,https://www.jseea.cn/webfile/upload/2023/07-18/10-05-510166-183377989.xls
2023,物理类,5451,深圳大学,5451-03,03,首选物理，再选化学或生物,634,11592,https://www.jseea.cn/webfile/upload/2023/07-18/10-05-510166-183377989.xls
2023,物理类,5461,北京师范大学-香港浸会大学联合国际学院,5461-02,02,首选物理，再选不限,551,76116,https://www.jseea.cn/webfile/upload/2023/07-18/10-05-510166-183377989.xls
2023,物理类,5477,岭南师范学院,5477-06,06,首选物理，再选不限,516,111339,https://www.jseea.cn/webfile/upload/2023/07-18/10-05-510166-183377989.xls
2023,物理类,5477,岭南师范学院,5477-07,07,首选物理，再选不限,504,123513,https://www.jseea.cn/webfile/upload/2023/07-18/10-05-510166-183377989.xls
2023,物理类,5477,岭南师范学院,5477-08,08,首选物理，再选不限,508,119495,https://www.jseea.cn/webfile/upload/2023/07-18/10-05-510166-183377989.xls
2023,物理类,5477,岭南师范学院,5477-09,09,首选物理，再选不限,496,131452,https://www.jseea.cn/webfile/upload/2023/07-18/10-05-510166-183377989.xls
2023,物理类,5477,岭南师范学院,5477-10,10,首选物理，再选不限,520,107386,https://www.jseea.cn/webfile/upload/2023/07-18/10-05-510166-183377989.xls
2023,物理类,5478,广东工业大学,5478-01,01,首选物理，再选不限,602,31134,https://www.jseea.cn/webfile/upload/2023/07-18/10-05-510166-183377989.xls
2023,物理类,5479,深圳技术大学,5479-02,02,首选物理，再选不限,586,43656,https://www.jseea.cn/webfile/upload/2023/07-18/10-05-510166-183377989.xls
2023,物理类,5480,深圳北理莫斯科大学,5480-05,05,首选物理，再选不限,544,82962,https://www.jseea.cn/webfile/upload/2023/07-18/10-05-510166-183377989.xls
2023,物理类,5501,广西大学,5501-01,01,首选物理，再选不限,584,45409,https://www.jseea.cn/webfile/upload/2023/07-18/10-05-510166-183377989.xls
2023,物理类,5502,广西中医药大学,5502-04,04,首选物理，再选不限,570,57928,https://www.jseea.cn/webfile/upload/2023/07-18/10-05-510166-183377989.xls
2023,物理类,5502,广西中医药大学,5502-05,05,首选物理，再选不限,536,91098,https://www.jseea.cn/webfile/upload/2023/07-18/10-05-510166-183377989.xls
2023,物理类,5502,广西中医药大学,5502-06,06,首选物理，再选化学,535,92078,https://www.jseea.cn/webfile/upload/2023/07-18/10-05-510166-183377989.xls
2023,物理类,5502,广西中医药大学,5502-07,07,首选物理，再选化学或生物,585,44515,https://www.jseea.cn/webfile/upload/2023/07-18/10-05-510166-183377989.xls
2023,物理类,5502,广西中医药大学,5502-08,08,首选物理，再选化学或生物,541,85961,https://www.jseea.cn/webfile/upload/2023/07-18/10-05-510166-183377989.xls
2023,物理类,5502,广西中医药大学,5502-09,09,首选物理，再选生物,560,67391,https://www.jseea.cn/webfile/upload/2023/07-18/10-05-510166-183377989.xls
2023,物理类,5504,南宁师范大学,5504-03,03,首选物理，再选不限,518,109392,https://www.jseea.cn/webfile/upload/2023/07-18/10-05-510166-183377989.xls
2023,物理类,5504,南宁师范大学,5504-04,04,首选物理，再选不限,513,114462,https://www.jseea.cn/webfile/upload/2023/07-18/10-05-510166-183377989.xls
2023,物理类,5504,南宁师范大学,5504-05,05,首选物理，再选化学或生物,498,129552,https://www.jseea.cn/webfile/upload/2023/07-18/10-05-510166-183377989.xls
2023,物理类,5505,玉林师范学院,5505-03,03,首选物理，再选不限,488,139208,https://www.jseea.cn/webfile/upload/2023/07-18/10-05-510166-183377989.xls
2023,物理类,5505,玉林师范学院,5505-04,04,首选物理，再选化学,479,147716,https://www.jseea.cn/webfile/upload/2023/07-18/10-05-510166-183377989.xls
2023,物理类,5505,玉林师范学院,5505-05,05,首选物理，再选化学或生物,484,142974,https://www.jseea.cn/webfile/upload/2023/07-18/10-05-510166-183377989.xls
2023,物理类,5505,玉林师范学院,5505-06,06,首选物理，再选生物,480,146747,https://www.jseea.cn/webfile/upload/2023/07-18/10-05-510166-183377989.xls
2023,物理类,5507,北部湾大学,5507-02,02,首选物理，再选不限,465,160211,https://www.jseea.cn/webfile/upload/2023/07-18/10-05-510166-183377989.xls
2023,物理类,5507,北部湾大学,5507-03,03,首选物理，再选不限,512,115419,https://www.jseea.cn/webfile/upload/2023/07-18/10-05-510166-183377989.xls
2023,物理类,5507,北部湾大学,5507-04,04,首选物理，再选不限,486,141124,https://www.jseea.cn/webfile/upload/2023/07-18/10-05-510166-183377989.xls
2023,物理类,5507,北部湾大学,5507-05,05,首选物理，再选不限,472,154057,https://www.jseea.cn/webfile/upload/2023/07-18/10-05-510166-183377989.xls
2023,物理类,5507,北部湾大学,5507-06,06,首选物理，再选不限,519,108391,https://www.jseea.cn/webfile/upload/2023/07-18/10-05-510166-183377989.xls
2023,物理类,5507,北部湾大学,5507-07,07,首选物理，再选化学或生物,503,124505,https://www.jseea.cn/webfile/upload/2023/07-18/10-05-510166-183377989.xls
2023,物理类,5508,广西医科大学,5508-01,01,首选物理，再选不限,523,104327,https://www.jseea.cn/webfile/upload/2023/07-18/10-05-510166-183377989.xls
2023,物理类,5510,桂林医学院,5510-02,02,首选物理，再选化学,533,94093,https://www.jseea.cn/webfile/upload/2023/07-18/10-05-510166-183377989.xls
2023,物理类,5510,桂林医学院,5510-03,03,首选物理，再选化学或生物,577,51455,https://www.jseea.cn/webfile/upload/2023/07-18/10-05-510166-183377989.xls
2023,物理类,5511,广西师范大学,5511-03,03,首选物理，再选不限,548,78998,https://www.jseea.cn/webfile/upload/2023/07-18/10-05-510166-183377989.xls
2023,物理类,5511,广西师范大学,5511-04,04,首选物理，再选化学,528,99220,https://www.jseea.cn/webfile/upload/2023/07-18/10-05-510166-183377989.xls
2023,物理类,5511,广西师范大学,5511-05,05,首选物理，再选化学或生物,525,102240,https://www.jseea.cn/webfile/upload/2023/07-18/10-05-510166-183377989.xls
2023,物理类,5511,广西师范大学,5511-06,06,首选物理，再选化学或地理,554,73152,https://www.jseea.cn/webfile/upload/2023/07-18/10-05-510166-183377989.xls
2023,物理类,5512,桂林理工大学,5512-03,03,首选物理，再选不限,528,99220,https://www.jseea.cn/webfile/upload/2023/07-18/10-05-510166-183377989.xls
2023,物理类,5512,桂林理工大学,5512-04,04,首选物理，再选不限,519,108391,https://www.jseea.cn/webfile/upload/2023/07-18/10-05-510166-183377989.xls
2023,物理类,5512,桂林理工大学,5512-05,05,首选物理，再选不限,552,75102,https://www.jseea.cn/webfile/upload/2023/07-18/10-05-510166-183377989.xls
2023,物理类,5512,桂林理工大学,5512-06,06,首选物理，再选不限,521,106375,https://www.jseea.cn/webfile/upload/2023/07-18/10-05-510166-183377989.xls
2023,物理类,5512,桂林理工大学,5512-07,07,首选物理，再选化学,515,112371,https://www.jseea.cn/webfile/upload/2023/07-18/10-05-510166-183377989.xls
2023,物理类,5513,桂林电子科技大学,5513-02,02,首选物理，再选不限,573,55137,https://www.jseea.cn/webfile/upload/2023/07-18/10-05-510166-183377989.xls
2023,物理类,5513,桂林电子科技大学,5513-04,04,首选物理，再选化学,551,76116,https://www.jseea.cn/webfile/upload/2023/07-18/10-05-510166-183377989.xls
2023,物理类,5513,桂林电子科技大学,5513-05,05,首选物理，再选化学或生物,541,85961,https://www.jseea.cn/webfile/upload/2023/07-18/10-05-510166-183377989.xls
2023,物理类,5517,右江民族医学院,5517-02,02,首选物理，再选不限,522,105372,https://www.jseea.cn/webfile/upload/2023/07-18/10-05-510166-183377989.xls
2023,物理类,5517,右江民族医学院,5517-03,03,首选物理，再选化学,489,138274,https://www.jseea.cn/webfile/upload/2023/07-18/10-05-510166-183377989.xls
2023,物理类,5517,右江民族医学院,5517-04,04,首选物理，再选化学或生物,515,112371,https://www.jseea.cn/webfile/upload/2023/07-18/10-05-510166-183377989.xls
2023,物理类,5517,右江民族医学院,5517-05,05,首选物理，再选化学和生物,549,78084,https://www.jseea.cn/webfile/upload/2023/07-18/10-05-510166-183377989.xls
2023,物理类,5518,广西民族师范学院,5518-02,02,首选物理，再选不限,486,141124,https://www.jseea.cn/webfile/upload/2023/07-18/10-05-510166-183377989.xls
2023,物理类,5518,广西民族师范学院,5518-03,03,首选物理，再选化学,489,138274,https://www.jseea.cn/webfile/upload/2023/07-18/10-05-510166-183377989.xls
2023,物理类,5518,广西民族师范学院,5518-04,04,首选物理，再选化学或生物,482,144814,https://www.jseea.cn/webfile/upload/2023/07-18/10-05-510166-183377989.xls
2023,物理类,5518,广西民族师范学院,5518-05,05,首选物理，再选生物,504,123513,https://www.jseea.cn/webfile/upload/2023/07-18/10-05-510166-183377989.xls
2023,物理类,5519,贺州学院,5519-02,02,首选物理，再选不限,477,149565,https://www.jseea.cn/webfile/upload/2023/07-18/10-05-510166-183377989.xls
2023,物理类,5521,桂林航天工业学院,5521-03,03,首选物理，再选不限,559,68330,https://www.jseea.cn/webfile/upload/2023/07-18/10-05-510166-183377989.xls
2023,物理类,5522,桂林旅游学院,5522-04,04,首选物理，再选不限,487,140150,https://www.jseea.cn/webfile/upload/2023/07-18/10-05-510166-183377989.xls
2023,物理类,5522,桂林旅游学院,5522-05,05,首选物理，再选不限,453,169837,https://www.jseea.cn/webfile/upload/2023/07-18/10-05-510166-183377989.xls
2023,物理类,5522,桂林旅游学院,5522-06,06,首选物理，再选化学或地理,486,141124,https://www.jseea.cn/webfile/upload/2023/07-18/10-05-510166-183377989.xls
2023,物理类,5527,广西科技师范学院,5527-03,03,首选物理，再选不限,484,142974,https://www.jseea.cn/webfile/upload/2023/07-18/10-05-510166-183377989.xls
2023,物理类,5527,广西科技师范学院,5527-04,04,首选物理，再选化学或生物,492,135454,https://www.jseea.cn/webfile/upload/2023/07-18/10-05-510166-183377989.xls
2023,物理类,5531,广西科技大学,5531-02,02,首选物理，再选不限,514,113412,https://www.jseea.cn/webfile/upload/2023/07-18/10-05-510166-183377989.xls
2023,物理类,5531,广西科技大学,5531-03,03,首选物理，再选不限,487,140150,https://www.jseea.cn/webfile/upload/2023/07-18/10-05-510166-183377989.xls
2023,物理类,5531,广西科技大学,5531-04,04,首选物理，再选化学,499,128535,https://www.jseea.cn/webfile/upload/2023/07-18/10-05-510166-183377989.xls
2023,物理类,5531,广西科技大学,5531-05,05,首选物理，再选化学或生物,506,121516,https://www.jseea.cn/webfile/upload/2023/07-18/10-05-510166-183377989.xls
2023,物理类,5531,广西科技大学,5531-06,06,首选物理，再选化学和生物,553,74111,https://www.jseea.cn/webfile/upload/2023/07-18/10-05-510166-183377989.xls
2023,物理类,5532,广西民族大学,5532-05,05,首选物理，再选不限,511,116463,https://www.jseea.cn/webfile/upload/2023/07-18/10-05-510166-183377989.xls
2023,物理类,5532,广西民族大学,5532-06,06,首选物理，再选不限,508,119495,https://www.jseea.cn/webfile/upload/2023/07-18/10-05-510166-183377989.xls
2023,物理类,5532,广西民族大学,5532-07,07,首选物理，再选化学,496,131452,https://www.jseea.cn/webfile/upload/2023/07-18/10-05-510166-183377989.xls
2023,物理类,5532,广西民族大学,5532-08,08,首选物理，再选化学,489,138274,https://www.jseea.cn/webfile/upload/2023/07-18/10-05-510166-183377989.xls
2023,物理类,5561,梧州学院,5561-04,04,首选物理，再选不限,483,143882,https://www.jseea.cn/webfile/upload/2023/07-18/10-05-510166-183377989.xls
2023,物理类,5561,梧州学院,5561-05,05,首选物理，再选不限,489,138274,https://www.jseea.cn/webfile/upload/2023/07-18/10-05-510166-183377989.xls
2023,物理类,5561,梧州学院,5561-06,06,首选物理，再选化学,466,159348,https://www.jseea.cn/webfile/upload/2023/07-18/10-05-510166-183377989.xls
2023,物理类,5601,海南大学,5601-05,05,首选物理，再选不限,596,35650,https://www.jseea.cn/webfile/upload/2023/07-18/10-05-510166-183377989.xls
2023,物理类,5601,海南大学,5601-06,06,首选物理，再选不限,582,47113,https://www.jseea.cn/webfile/upload/2023/07-18/10-05-510166-183377989.xls
2023,物理类,5601,海南大学,5601-07,07,首选物理，再选化学,593,37931,https://www.jseea.cn/webfile/upload/2023/07-18/10-05-510166-183377989.xls
2023,物理类,5601,海南大学,5601-08,08,首选物理，再选化学或生物,596,35650,https://www.jseea.cn/webfile/upload/2023/07-18/10-05-510166-183377989.xls
2023,物理类,5602,海南师范大学,5602-03,03,首选物理，再选不限,534,93121,https://www.jseea.cn/webfile/upload/2023/07-18/10-05-510166-183377989.xls
2023,物理类,5602,海南师范大学,5602-04,04,首选物理，再选不限,548,78998,https://www.jseea.cn/webfile/upload/2023/07-18/10-05-510166-183377989.xls
2023,物理类,5602,海南师范大学,5602-05,05,首选物理，再选不限,501,126588,https://www.jseea.cn/webfile/upload/2023/07-18/10-05-510166-183377989.xls
2023,物理类,5602,海南师范大学,5602-06,06,首选物理，再选化学,522,105372,https://www.jseea.cn/webfile/upload/2023/07-18/10-05-510166-183377989.xls
2023,物理类,5603,海南医学院,5603-02,02,首选物理，再选化学,576,52349,https://www.jseea.cn/webfile/upload/2023/07-18/10-05-510166-183377989.xls
2023,物理类,5603,海南医学院,5603-03,03,首选物理，再选化学,517,110348,https://www.jseea.cn/webfile/upload/2023/07-18/10-05-510166-183377989.xls
2023,物理类,5603,海南医学院,5603-04,04,首选物理，再选化学,513,114462,https://www.jseea.cn/webfile/upload/2023/07-18/10-05-510166-183377989.xls
2023,物理类,5603,海南医学院,5603-05,05,首选物理，再选化学,548,78998,https://www.jseea.cn/webfile/upload/2023/07-18/10-05-510166-183377989.xls
2023,物理类,5603,海南医学院,5603-06,06,首选物理，再选化学,486,141124,https://www.jseea.cn/webfile/upload/2023/07-18/10-05-510166-183377989.xls
2023,物理类,5603,海南医学院,5603-07,07,首选物理，再选化学,499,128535,https://www.jseea.cn/webfile/upload/2023/07-18/10-05-510166-183377989.xls
2023,物理类,5603,海南医学院,5603-08,08,首选物理，再选化学,517,110348,https://www.jseea.cn/webfile/upload/2023/07-18/10-05-510166-183377989.xls
2023,物理类,5603,海南医学院,5603-09,09,首选物理，再选化学或生物,529,98179,https://www.jseea.cn/webfile/upload/2023/07-18/10-05-510166-183377989.xls
2023,物理类,5603,海南医学院,5603-10,10,首选物理，再选化学或生物,561,66451,https://www.jseea.cn/webfile/upload/2023/07-18/10-05-510166-183377989.xls
2023,物理类,5603,海南医学院,5603-11,11,首选物理，再选化学或生物,531,96123,https://www.jseea.cn/webfile/upload/2023/07-18/10-05-510166-183377989.xls
2023,物理类,5603,海南医学院,5603-12,12,首选物理，再选化学或生物,499,128535,https://www.jseea.cn/webfile/upload/2023/07-18/10-05-510166-183377989.xls
2023,物理类,5603,海南医学院,5603-13,13,首选物理，再选生物,520,107386,https://www.jseea.cn/webfile/upload/2023/07-18/10-05-510166-183377989.xls
2023,物理类,5604,海南热带海洋学院,5604-06,06,首选物理，再选不限,490,137354,https://www.jseea.cn/webfile/upload/2023/07-18/10-05-510166-183377989.xls
2023,物理类,5604,海南热带海洋学院,5604-07,07,首选物理，再选不限,471,154931,https://www.jseea.cn/webfile/upload/2023/07-18/10-05-510166-183377989.xls
2023,物理类,5604,海南热带海洋学院,5604-08,08,首选物理，再选不限,482,144814,https://www.jseea.cn/webfile/upload/2023/07-18/10-05-510166-183377989.xls
2023,物理类,5604,海南热带海洋学院,5604-09,09,首选物理，再选化学或生物,485,142059,https://www.jseea.cn/webfile/upload/2023/07-18/10-05-510166-183377989.xls
2023,物理类,5619,琼台师范学院,5619-03,03,首选物理，再选不限,489,138274,https://www.jseea.cn/webfile/upload/2023/07-18/10-05-510166-183377989.xls
2023,物理类,5619,琼台师范学院,5619-04,04,首选物理，再选化学或生物,485,142059,https://www.jseea.cn/webfile/upload/2023/07-18/10-05-510166-183377989.xls
2023,物理类,5621,海南比勒费尔德应用科学大学,5621-01,01,首选物理，再选不限,476,150469,https://www.jseea.cn/webfile/upload/2023/07-18/10-05-510166-183377989.xls
2023,物理类,6101,四川大学,6101-04,04,首选物理，再选不限,643,7655,https://www.jseea.cn/webfile/upload/2023/07-18/10-05-510166-183377989.xls
2023,物理类,6101,四川大学,6101-05,05,首选物理，再选不限,640,8828,https://www.jseea.cn/webfile/upload/2023/07-18/10-05-510166-183377989.xls
2023,物理类,6101,四川大学,6101-06,06,首选物理，再选不限,636,10611,https://www.jseea.cn/webfile/upload/2023/07-18/10-05-510166-183377989.xls
2023,物理类,6101,四川大学,6101-07,07,首选物理，再选化学,638,9656,https://www.jseea.cn/webfile/upload/2023/07-18/10-05-510166-183377989.xls
2023,物理类,6101,四川大学,6101-08,08,首选物理，再选化学,661,2577,https://www.jseea.cn/webfile/upload/2023/07-18/10-05-510166-183377989.xls
2023,物理类,6101,四川大学,6101-09,09,首选物理，再选化学或生物,637,10153,https://www.jseea.cn/webfile/upload/2023/07-18/10-05-510166-183377989.xls
2023,物理类,6101,四川大学,6101-10,10,首选物理，再选化学或生物,667,1547,https://www.jseea.cn/webfile/upload/2023/07-18/10-05-510166-183377989.xls
2023,物理类,6102,西南交通大学,6102-03,03,首选物理，再选不限,597,34853,https://www.jseea.cn/webfile/upload/2023/07-18/10-05-510166-183377989.xls
2023,物理类,6102,西南交通大学,6102-04,04,首选物理，再选不限,603,30376,https://www.jseea.cn/webfile/upload/2023/07-18/10-05-510166-183377989.xls
2023,物理类,6102,西南交通大学,6102-05,05,首选物理，再选不限,591,39518,https://www.jseea.cn/webfile/upload/2023/07-18/10-05-510166-183377989.xls
2023,物理类,6102,西南交通大学,6102-06,06,首选物理，再选化学,593,37931,https://www.jseea.cn/webfile/upload/2023/07-18/10-05-510166-183377989.xls
2023,物理类,6102,西南交通大学,6102-07,07,首选物理，再选化学或生物,607,27544,https://www.jseea.cn/webfile/upload/2023/07-18/10-05-510166-183377989.xls
2023,物理类,6102,西南交通大学,6102-08,08,首选物理，再选化学或生物,590,40321,https://www.jseea.cn/webfile/upload/2023/07-18/10-05-510166-183377989.xls
2023,物理类,6103,西南财经大学,6103-03,03,首选物理，再选不限,622,17907,https://www.jseea.cn/webfile/upload/2023/07-18/10-05-510166-183377989.xls
2023,物理类,6103,西南财经大学,6103-04,04,首选物理，再选不限,593,37931,https://www.jseea.cn/webfile/upload/2023/07-18/10-05-510166-183377989.xls
2023,物理类,6104,电子科技大学,6104-02,02,首选物理，再选不限,656,3625,https://www.jseea.cn/webfile/upload/2023/07-18/10-05-510166-183377989.xls
2023,物理类,6105,西南民族大学,6105-02,02,首选物理，再选不限,537,90080,https://www.jseea.cn/webfile/upload/2023/07-18/10-05-510166-183377989.xls
2023,物理类,6106,成都理工大学,6106-03,03,首选物理，再选不限,593,37931,https://www.jseea.cn/webfile/upload/2023/07-18/10-05-510166-183377989.xls
2023,物理类,6106,成都理工大学,6106-04,04,首选物理，再选不限,584,45409,https://www.jseea.cn/webfile/upload/2023/07-18/10-05-510166-183377989.xls
2023,物理类,6106,成都理工大学,6106-05,05,首选物理，再选化学,588,42008,https://www.jseea.cn/webfile/upload/2023/07-18/10-05-510166-183377989.xls
2023,物理类,6106,成都理工大学,6106-06,06,首选物理，再选化学或生物,587,42827,https://www.jseea.cn/webfile/upload/2023/07-18/10-05-510166-183377989.xls
2023,物理类,6107,成都信息工程大学,6107-02,02,首选物理，再选不限,583,46257,https://www.jseea.cn/webfile/upload/2023/07-18/10-05-510166-183377989.xls
2023,物理类,6108,成都体育学院,6108-02,02,首选物理，再选不限,532,95097,https://www.jseea.cn/webfile/upload/2023/07-18/10-05-510166-183377989.xls
2023,物理类,6108,成都体育学院,6108-03,03,首选物理，再选化学,526,101268,https://www.jseea.cn/webfile/upload/2023/07-18/10-05-510166-183377989.xls
2023,物理类,6109,四川音乐学院,6109-02,02,首选物理，再选不限,513,114462,https://www.jseea.cn/webfile/upload/2023/07-18/10-05-510166-183377989.xls
2023,物理类,6110,西华大学,6110-04,04,首选物理，再选不限,542,84967,https://www.jseea.cn/webfile/upload/2023/07-18/10-05-510166-183377989.xls
2023,物理类,6110,西华大学,6110-05,05,首选物理，再选化学,532,95097,https://www.jseea.cn/webfile/upload/2023/07-18/10-05-510166-183377989.xls
2023,物理类,6110,西华大学,6110-06,06,首选物理，再选化学或生物,539,87985,https://www.jseea.cn/webfile/upload/2023/07-18/10-05-510166-183377989.xls
2023,物理类,6111,成都中医药大学,6111-01,01,首选物理，再选化学或生物,594,37178,https://www.jseea.cn/webfile/upload/2023/07-18/10-05-510166-183377989.xls
2023,物理类,6112,电子科技大学(沙河校区),6112-01,01,首选物理，再选不限,654,4113,https://www.jseea.cn/webfile/upload/2023/07-18/10-05-510166-183377989.xls
2023,物理类,6112,电子科技大学(沙河校区),6112-02,02,首选物理，再选不限,647,6253,https://www.jseea.cn/webfile/upload/2023/07-18/10-05-510166-183377989.xls
2023,物理类,6113,四川农业大学,6113-01,01,首选物理，再选不限,590,40321,https://www.jseea.cn/webfile/upload/2023/07-18/10-05-510166-183377989.xls
2023,物理类,6113,四川农业大学,6113-02,02,首选物理，再选化学或生物,590,40321,https://www.jseea.cn/webfile/upload/2023/07-18/10-05-510166-183377989.xls
2023,物理类,6113,四川农业大学,6113-03,03,首选物理，再选生物或地理,588,42008,https://www.jseea.cn/webfile/upload/2023/07-18/10-05-510166-183377989.xls
2023,物理类,6114,成都大学,6114-03,03,首选物理，再选不限,532,95097,https://www.jseea.cn/webfile/upload/2023/07-18/10-05-510166-183377989.xls
2023,物理类,6114,成都大学,6114-04,04,首选物理，再选不限,572,56020,https://www.jseea.cn/webfile/upload/2023/07-18/10-05-510166-183377989.xls
2023,物理类,6114,成都大学,6114-05,05,首选物理，再选化学,543,83977,https://www.jseea.cn/webfile/upload/2023/07-18/10-05-510166-183377989.xls
2023,物理类,6114,成都大学,6114-06,06,首选物理，再选化学或生物,554,73152,https://www.jseea.cn/webfile/upload/2023/07-18/10-05-510166-183377989.xls
2023,物理类,6115,四川轻化工大学,6115-02,02,首选物理，再选不限,554,73152,https://www.jseea.cn/webfile/upload/2023/07-18/10-05-510166-183377989.xls
2023,物理类,6115,四川轻化工大学,6115-03,03,首选物理，再选化学,535,92078,https://www.jseea.cn/webfile/upload/2023/07-18/10-05-510166-183377989.xls
2023,物理类,6115,四川轻化工大学,6115-04,04,首选物理，再选化学或生物,530,97144,https://www.jseea.cn/webfile/upload/2023/07-18/10-05-510166-183377989.xls
2023,物理类,6116,成都医学院,6116-01,01,首选物理，再选化学,532,95097,https://www.jseea.cn/webfile/upload/2023/07-18/10-05-510166-183377989.xls
2023,物理类,6117,西昌学院,6117-02,02,首选物理，再选不限,489,138274,https://www.jseea.cn/webfile/upload/2023/07-18/10-05-510166-183377989.xls
2023,物理类,6118,内江师范学院,6118-03,03,首选物理，再选不限,485,142059,https://www.jseea.cn/webfile/upload/2023/07-18/10-05-510166-183377989.xls
2023,物理类,6118,内江师范学院,6118-04,04,首选物理，再选不限,519,108391,https://www.jseea.cn/webfile/upload/2023/07-18/10-05-510166-183377989.xls
2023,物理类,6120,四川警察学院,6120-02,02,首选物理，再选不限,537,90080,https://www.jseea.cn/webfile/upload/2023/07-18/10-05-510166-183377989.xls
2023,物理类,6129,成都师范学院,6129-03,03,首选物理，再选不限,507,120486,https://www.jseea.cn/webfile/upload/2023/07-18/10-05-510166-183377989.xls
2023,物理类,6129,成都师范学院,6129-04,04,首选物理，再选化学或地理,534,93121,https://www.jseea.cn/webfile/upload/2023/07-18/10-05-510166-183377989.xls
2023,物理类,6131,西南科技大学,6131-02,02,首选物理，再选不限,551,76116,https://www.jseea.cn/webfile/upload/2023/07-18/10-05-510166-183377989.xls
2023,物理类,6131,西南科技大学,6131-03,03,首选物理，再选化学,540,86936,https://www.jseea.cn/webfile/upload/2023/07-18/10-05-510166-183377989.xls
2023,物理类,6131,西南科技大学,6131-04,04,首选物理，再选化学或生物,542,84967,https://www.jseea.cn/webfile/upload/2023/07-18/10-05-510166-183377989.xls
2023,物理类,6140,四川师范大学,6140-04,04,首选物理，再选不限,557,70200,https://www.jseea.cn/webfile/upload/2023/07-18/10-05-510166-183377989.xls
2023,物理类,6140,四川师范大学,6140-05,05,首选物理，再选不限,585,44515,https://www.jseea.cn/webfile/upload/2023/07-18/10-05-510166-183377989.xls
2023,物理类,6140,四川师范大学,6140-06,06,首选物理，再选化学,578,50594,https://www.jseea.cn/webfile/upload/2023/07-18/10-05-510166-183377989.xls
2023,物理类,6140,四川师范大学,6140-07,07,首选物理，再选化学或生物,582,47113,https://www.jseea.cn/webfile/upload/2023/07-18/10-05-510166-183377989.xls
2023,物理类,6141,西南石油大学,6141-01,01,首选物理，再选不限,591,39518,https://www.jseea.cn/webfile/upload/2023/07-18/10-05-510166-183377989.xls
2023,物理类,6141,西南石油大学,6141-02,02,首选物理，再选化学,586,43656,https://www.jseea.cn/webfile/upload/2023/07-18/10-05-510166-183377989.xls
2023,物理类,6142,西华师范大学,6142-01,01,首选物理，再选不限,500,127538,https://www.jseea.cn/webfile/upload/2023/07-18/10-05-510166-183377989.xls
2023,物理类,6142,西华师范大学,6142-02,02,首选物理，再选生物或地理,517,110348,https://www.jseea.cn/webfile/upload/2023/07-18/10-05-510166-183377989.xls
2023,物理类,6143,西南医科大学,6143-01,01,首选物理，再选化学,448,173523,https://www.jseea.cn/webfile/upload/2023/07-18/10-05-510166-183377989.xls
2023,物理类,6143,西南医科大学,6143-02,02,首选物理，再选化学或生物,568,59798,https://www.jseea.cn/webfile/upload/2023/07-18/10-05-510166-183377989.xls
2023,物理类,6144,绵阳师范学院,6144-02,02,首选物理，再选不限,506,121516,https://www.jseea.cn/webfile/upload/2023/07-18/10-05-510166-183377989.xls
2023,物理类,6144,绵阳师范学院,6144-03,03,首选物理，再选化学或生物,505,122563,https://www.jseea.cn/webfile/upload/2023/07-18/10-05-510166-183377989.xls
2023,物理类,6150,成都工业学院,6150-01,01,首选物理，再选不限,509,118484,https://www.jseea.cn/webfile/upload/2023/07-18/10-05-510166-183377989.xls
2023,物理类,6151,乐山师范学院,6151-02,02,首选物理，再选不限,498,129552,https://www.jseea.cn/webfile/upload/2023/07-18/10-05-510166-183377989.xls
2023,物理类,6151,乐山师范学院,6151-03,03,首选物理，再选化学和生物,471,154931,https://www.jseea.cn/webfile/upload/2023/07-18/10-05-510166-183377989.xls
2023,物理类,6161,川北医学院,6161-02,02,首选物理，再选化学,500,127538,https://www.jseea.cn/webfile/upload/2023/07-18/10-05-510166-183377989.xls
2023,物理类,6161,川北医学院,6161-03,03,首选物理，再选化学或生物,580,48831,https://www.jseea.cn/webfile/upload/2023/07-18/10-05-510166-183377989.xls
2023,物理类,6161,川北医学院,6161-04,04,首选物理，再选化学或生物,584,45409,https://www.jseea.cn/webfile/upload/2023/07-18/10-05-510166-183377989.xls
2023,物理类,6181,宜宾学院,6181-02,02,首选物理，再选化学或生物,498,129552,https://www.jseea.cn/webfile/upload/2023/07-18/10-05-510166-183377989.xls
2023,物理类,6187,攀枝花学院,6187-02,02,首选物理，再选不限,500,127538,https://www.jseea.cn/webfile/upload/2023/07-18/10-05-510166-183377989.xls
2023,物理类,6201,重庆大学,6201-02,02,首选物理，再选不限,642,8030,https://www.jseea.cn/webfile/upload/2023/07-18/10-05-510166-183377989.xls
2023,物理类,6201,重庆大学,6201-03,03,首选物理，再选不限,637,10153,https://www.jseea.cn/webfile/upload/2023/07-18/10-05-510166-183377989.xls
2023,物理类,6201,重庆大学,6201-04,04,首选物理，再选化学,636,10611,https://www.jseea.cn/webfile/upload/2023/07-18/10-05-510166-183377989.xls
2023,物理类,6202,西南大学,6202-03,03,首选物理，再选不限,602,31134,https://www.jseea.cn/webfile/upload/2023/07-18/10-05-510166-183377989.xls
2023,物理类,6202,西南大学,6202-04,04,首选物理，再选化学,591,39518,https://www.jseea.cn/webfile/upload/2023/07-18/10-05-510166-183377989.xls
2023,物理类,6202,西南大学,6202-05,05,首选物理，再选化学或生物,594,37178,https://www.jseea.cn/webfile/upload/2023/07-18/10-05-510166-183377989.xls
2023,物理类,6202,西南大学,6202-06,06,首选物理，再选化学或地理,607,27544,https://www.jseea.cn/webfile/upload/2023/07-18/10-05-510166-183377989.xls
2023,物理类,6203,西南政法大学,6203-03,03,首选物理，再选不限,615,22199,https://www.jseea.cn/webfile/upload/2023/07-18/10-05-510166-183377989.xls
2023,物理类,6203,西南政法大学,6203-04,04,首选物理，再选不限,633,12049,https://www.jseea.cn/webfile/upload/2023/07-18/10-05-510166-183377989.xls
2023,物理类,6205,重庆医科大学,6205-02,02,首选物理，再选化学,590,40321,https://www.jseea.cn/webfile/upload/2023/07-18/10-05-510166-183377989.xls
2023,物理类,6205,重庆医科大学,6205-03,03,首选物理，再选化学,613,23567,https://www.jseea.cn/webfile/upload/2023/07-18/10-05-510166-183377989.xls
2023,物理类,6205,重庆医科大学,6205-04,04,首选物理，再选化学,641,8447,https://www.jseea.cn/webfile/upload/2023/07-18/10-05-510166-183377989.xls
2023,物理类,6205,重庆医科大学,6205-05,05,首选物理，再选化学或生物,593,37931,https://www.jseea.cn/webfile/upload/2023/07-18/10-05-510166-183377989.xls
2023,物理类,6206,重庆工商大学,6206-02,02,首选物理，再选不限,532,95097,https://www.jseea.cn/webfile/upload/2023/07-18/10-05-510166-183377989.xls
2023,物理类,6207,重庆交通大学,6207-02,02,首选物理，再选不限,549,78084,https://www.jseea.cn/webfile/upload/2023/07-18/10-05-510166-183377989.xls
2023,物理类,6207,重庆交通大学,6207-03,03,首选物理，再选化学,547,79956,https://www.jseea.cn/webfile/upload/2023/07-18/10-05-510166-183377989.xls
2023,物理类,6208,重庆理工大学,6208-02,02,首选物理，再选不限,555,72167,https://www.jseea.cn/webfile/upload/2023/07-18/10-05-510166-183377989.xls
2023,物理类,6209,重庆邮电大学,6209-02,02,首选物理，再选不限,600,32621,https://www.jseea.cn/webfile/upload/2023/07-18/10-05-510166-183377989.xls
2023,物理类,6210,重庆师范大学,6210-04,04,首选物理，再选不限,518,109392,https://www.jseea.cn/webfile/upload/2023/07-18/10-05-510166-183377989.xls
2023,物理类,6210,重庆师范大学,6210-05,05,首选物理，再选化学,560,67391,https://www.jseea.cn/webfile/upload/2023/07-18/10-05-510166-183377989.xls
2023,物理类,6210,重庆师范大学,6210-06,06,首选物理，再选化学或生物,575,53220,https://www.jseea.cn/webfile/upload/2023/07-18/10-05-510166-183377989.xls
2023,物理类,6210,重庆师范大学,6210-07,07,首选物理，再选化学或地理,568,59798,https://www.jseea.cn/webfile/upload/2023/07-18/10-05-510166-183377989.xls
2023,物理类,6210,重庆师范大学,6210-08,08,首选物理，再选思想政治,578,50594,https://www.jseea.cn/webfile/upload/2023/07-18/10-05-510166-183377989.xls
2023,物理类,6211,四川美术学院,6211-02,02,首选物理，再选不限,585,44515,https://www.jseea.cn/webfile/upload/2023/07-18/10-05-510166-183377989.xls
2023,物理类,6212,四川外国语大学,6212-07,07,首选物理，再选不限,517,110348,https://www.jseea.cn/webfile/upload/2023/07-18/10-05-510166-183377989.xls
2023,物理类,6212,四川外国语大学,6212-08,08,首选物理，再选不限,557,70200,https://www.jseea.cn/webfile/upload/2023/07-18/10-05-510166-183377989.xls
2023,物理类,6212,四川外国语大学,6212-09,09,首选物理，再选不限,534,93121,https://www.jseea.cn/webfile/upload/2023/07-18/10-05-510166-183377989.xls
2023,物理类,6212,四川外国语大学,6212-10,10,首选物理，再选思想政治,568,59798,https://www.jseea.cn/webfile/upload/2023/07-18/10-05-510166-183377989.xls
2023,物理类,6213,重庆三峡学院,6213-02,02,首选物理，再选不限,503,124505,https://www.jseea.cn/webfile/upload/2023/07-18/10-05-510166-183377989.xls
2023,物理类,6213,重庆三峡学院,6213-03,03,首选物理，再选化学或生物,536,91098,https://www.jseea.cn/webfile/upload/2023/07-18/10-05-510166-183377989.xls
2023,物理类,6214,长江师范学院,6214-02,02,首选物理，再选不限,458,165876,https://www.jseea.cn/webfile/upload/2023/07-18/10-05-510166-183377989.xls
2023,物理类,6215,重庆文理学院,6215-02,02,首选物理，再选不限,522,105372,https://www.jseea.cn/webfile/upload/2023/07-18/10-05-510166-183377989.xls
2023,物理类,6215,重庆文理学院,6215-03,03,首选物理，再选化学,511,116463,https://www.jseea.cn/webfile/upload/2023/07-18/10-05-510166-183377989.xls
2023,物理类,6215,重庆文理学院,6215-04,04,首选物理，再选化学或生物,512,115419,https://www.jseea.cn/webfile/upload/2023/07-18/10-05-510166-183377989.xls
2023,物理类,6215,重庆文理学院,6215-05,05,首选物理，再选生物或地理,511,116463,https://www.jseea.cn/webfile/upload/2023/07-18/10-05-510166-183377989.xls
2023,物理类,6221,重庆科技学院,6221-02,02,首选物理，再选不限,517,110348,https://www.jseea.cn/webfile/upload/2023/07-18/10-05-510166-183377989.xls
2023,物理类,6301,贵州大学,6301-02,02,首选物理，再选不限,603,30376,https://www.jseea.cn/webfile/upload/2023/07-18/10-05-510166-183377989.xls
2023,物理类,6301,贵州大学,6301-03,03,首选物理，再选不限,578,50594,https://www.jseea.cn/webfile/upload/2023/07-18/10-05-510166-183377989.xls
2023,物理类,6301,贵州大学,6301-04,04,首选物理，再选化学,560,67391,https://www.jseea.cn/webfile/upload/2023/07-18/10-05-510166-183377989.xls
2023,物理类,6301,贵州大学,6301-05,05,首选物理，再选化学,565,62692,https://www.jseea.cn/webfile/upload/2023/07-18/10-05-510166-183377989.xls
2023,物理类,6302,贵州中医药大学,6302-02,02,首选物理，再选不限,562,65451,https://www.jseea.cn/webfile/upload/2023/07-18/10-05-510166-183377989.xls
2023,物理类,6302,贵州中医药大学,6302-03,03,首选物理，再选化学,534,93121,https://www.jseea.cn/webfile/upload/2023/07-18/10-05-510166-183377989.xls
2023,物理类,6302,贵州中医药大学,6302-04,04,首选物理，再选化学或生物,549,78084,https://www.jseea.cn/webfile/upload/2023/07-18/10-05-510166-183377989.xls
2023,物理类,6302,贵州中医药大学,6302-05,05,首选物理，再选化学或生物,523,104327,https://www.jseea.cn/webfile/upload/2023/07-18/10-05-510166-183377989.xls
2023,物理类,6303,贵州医科大学,6303-01,01,首选物理，再选化学或生物,591,39518,https://www.jseea.cn/webfile/upload/2023/07-18/10-05-510166-183377989.xls
2023,物理类,6303,贵州医科大学,6303-02,02,首选物理，再选化学或生物,554,73152,https://www.jseea.cn/webfile/upload/2023/07-18/10-05-510166-183377989.xls
2023,物理类,6304,贵州财经大学,6304-03,03,首选物理，再选不限,528,99220,https://www.jseea.cn/webfile/upload/2023/07-18/10-05-510166-183377989.xls
2023,物理类,6304,贵州财经大学,6304-04,04,首选物理，再选不限,523,104327,https://www.jseea.cn/webfile/upload/2023/07-18/10-05-510166-183377989.xls
2023,物理类,6304,贵州财经大学,6304-05,05,首选物理，再选不限,504,123513,https://www.jseea.cn/webfile/upload/2023/07-18/10-05-510166-183377989.xls
2023,物理类,6305,贵州民族大学,6305-01,01,首选物理，再选不限,515,112371,https://www.jseea.cn/webfile/upload/2023/07-18/10-05-510166-183377989.xls
2023,物理类,6308,安顺学院,6308-03,03,首选物理，再选不限,489,138274,https://www.jseea.cn/webfile/upload/2023/07-18/10-05-510166-183377989.xls
2023,物理类,6308,安顺学院,6308-04,04,首选物理，再选化学,505,122563,https://www.jseea.cn/webfile/upload/2023/07-18/10-05-510166-183377989.xls
2023,物理类,6308,安顺学院,6308-05,05,首选物理，再选地理,481,145762,https://www.jseea.cn/webfile/upload/2023/07-18/10-05-510166-183377989.xls
2023,物理类,6309,贵阳学院,6309-01,01,首选物理，再选不限,492,135454,https://www.jseea.cn/webfile/upload/2023/07-18/10-05-510166-183377989.xls
2023,物理类,6309,贵阳学院,6309-02,02,首选物理，再选化学,489,138274,https://www.jseea.cn/webfile/upload/2023/07-18/10-05-510166-183377989.xls
2023,物理类,6310,黔南民族师范学院,6310-02,02,首选物理，再选不限,491,136409,https://www.jseea.cn/webfile/upload/2023/07-18/10-05-510166-183377989.xls
2023,物理类,6310,黔南民族师范学院,6310-03,03,首选物理，再选化学,489,138274,https://www.jseea.cn/webfile/upload/2023/07-18/10-05-510166-183377989.xls
2023,物理类,6314,遵义医科大学,6314-01,01,首选物理，再选化学或生物,589,41158,https://www.jseea.cn/webfile/upload/2023/07-18/10-05-510166-183377989.xls
2023,物理类,6315,贵州工程应用技术学院,6315-02,02,首选物理，再选不限,480,146747,https://www.jseea.cn/webfile/upload/2023/07-18/10-05-510166-183377989.xls
2023,物理类,6316,贵州商学院,6316-03,03,首选物理，再选不限,481,145762,https://www.jseea.cn/webfile/upload/2023/07-18/10-05-510166-183377989.xls
2023,物理类,6316,贵州商学院,6316-04,04,首选物理，再选不限,468,157548,https://www.jseea.cn/webfile/upload/2023/07-18/10-05-510166-183377989.xls
2023,物理类,6317,遵义师范学院,6317-02,02,首选物理，再选不限,482,144814,https://www.jseea.cn/webfile/upload/2023/07-18/10-05-510166-183377989.xls
2023,物理类,6319,贵州理工学院,6319-01,01,首选物理，再选不限,499,128535,https://www.jseea.cn/webfile/upload/2023/07-18/10-05-510166-183377989.xls
2023,物理类,6319,贵州理工学院,6319-02,02,首选物理，再选化学,494,133441,https://www.jseea.cn/webfile/upload/2023/07-18/10-05-510166-183377989.xls
2023,物理类,6319,贵州理工学院,6319-03,03,首选物理，再选化学和生物,482,144814,https://www.jseea.cn/webfile/upload/2023/07-18/10-05-510166-183377989.xls
2023,物理类,6320,六盘水师范学院,6320-02,02,首选物理，再选不限,499,128535,https://www.jseea.cn/webfile/upload/2023/07-18/10-05-510166-183377989.xls
2023,物理类,6320,六盘水师范学院,6320-03,03,首选物理，再选化学,499,128535,https://www.jseea.cn/webfile/upload/2023/07-18/10-05-510166-183377989.xls
2023,物理类,6320,六盘水师范学院,6320-04,04,首选物理，再选化学和生物,475,151397,https://www.jseea.cn/webfile/upload/2023/07-18/10-05-510166-183377989.xls
2023,物理类,6323,贵州警察学院,6323-02,02,首选物理，再选化学,513,114462,https://www.jseea.cn/webfile/upload/2023/07-18/10-05-510166-183377989.xls
2023,物理类,6323,贵州警察学院,6323-03,03,首选物理，再选思想政治,520,107386,https://www.jseea.cn/webfile/upload/2023/07-18/10-05-510166-183377989.xls
2023,物理类,6324,贵阳康养职业大学,6324-03,03,首选物理，再选化学,495,132433,https://www.jseea.cn/webfile/upload/2023/07-18/10-05-510166-183377989.xls
2023,物理类,6324,贵阳康养职业大学,6324-04,04,首选物理，再选化学,493,134436,https://www.jseea.cn/webfile/upload/2023/07-18/10-05-510166-183377989.xls
2023,物理类,6324,贵阳康养职业大学,6324-05,05,首选物理，再选生物,497,130481,https://www.jseea.cn/webfile/upload/2023/07-18/10-05-510166-183377989.xls
2023,物理类,6401,云南大学,6401-03,03,首选物理，再选不限,595,36406,https://www.jseea.cn/webfile/upload/2023/07-18/10-05-510166-183377989.xls
2023,物理类,6401,云南大学,6401-04,04,首选物理，再选化学,591,39518,https://www.jseea.cn/webfile/upload/2023/07-18/10-05-510166-183377989.xls
2023,物理类,6401,云南大学,6401-05,05,首选物理，再选化学或生物,597,34853,https://www.jseea.cn/webfile/upload/2023/07-18/10-05-510166-183377989.xls
2023,物理类,6401,云南大学,6401-06,06,首选物理，再选化学和生物,620,19102,https://www.jseea.cn/webfile/upload/2023/07-18/10-05-510166-183377989.xls
2023,物理类,6402,云南师范大学,6402-03,03,首选物理，再选不限,547,79956,https://www.jseea.cn/webfile/upload/2023/07-18/10-05-510166-183377989.xls
2023,物理类,6402,云南师范大学,6402-04,04,首选物理，再选化学,556,71147,https://www.jseea.cn/webfile/upload/2023/07-18/10-05-510166-183377989.xls
2023,物理类,6402,云南师范大学,6402-05,05,首选物理，再选化学,551,76116,https://www.jseea.cn/webfile/upload/2023/07-18/10-05-510166-183377989.xls
2023,物理类,6402,云南师范大学,6402-06,06,首选物理，再选化学或生物,546,80934,https://www.jseea.cn/webfile/upload/2023/07-18/10-05-510166-183377989.xls
2023,物理类,6402,云南师范大学,6402-07,07,首选物理，再选化学或生物,540,86936,https://www.jseea.cn/webfile/upload/2023/07-18/10-05-510166-183377989.xls
2023,物理类,6404,昆明理工大学,6404-02,02,首选物理，再选不限,561,66451,https://www.jseea.cn/webfile/upload/2023/07-18/10-05-510166-183377989.xls
2023,物理类,6404,昆明理工大学,6404-03,03,首选物理，再选化学,542,84967,https://www.jseea.cn/webfile/upload/2023/07-18/10-05-510166-183377989.xls
2023,物理类,6404,昆明理工大学,6404-04,04,首选物理，再选化学或生物,587,42827,https://www.jseea.cn/webfile/upload/2023/07-18/10-05-510166-183377989.xls
2023,物理类,6404,昆明理工大学,6404-05,05,首选物理，再选思想政治和地理,528,99220,https://www.jseea.cn/webfile/upload/2023/07-18/10-05-510166-183377989.xls
2023,物理类,6405,云南农业大学,6405-04,04,首选物理，再选不限,530,97144,https://www.jseea.cn/webfile/upload/2023/07-18/10-05-510166-183377989.xls
2023,物理类,6405,云南农业大学,6405-05,05,首选物理，再选不限,499,128535,https://www.jseea.cn/webfile/upload/2023/07-18/10-05-510166-183377989.xls
2023,物理类,6405,云南农业大学,6405-06,06,首选物理，再选化学,513,114462,https://www.jseea.cn/webfile/upload/2023/07-18/10-05-510166-183377989.xls
2023,物理类,6405,云南农业大学,6405-07,07,首选物理，再选化学或生物,532,95097,https://www.jseea.cn/webfile/upload/2023/07-18/10-05-510166-183377989.xls
2023,物理类,6406,昆明医科大学,6406-01,01,首选物理，再选不限,531,96123,https://www.jseea.cn/webfile/upload/2023/07-18/10-05-510166-183377989.xls
2023,物理类,6406,昆明医科大学,6406-02,02,首选物理，再选化学,526,101268,https://www.jseea.cn/webfile/upload/2023/07-18/10-05-510166-183377989.xls
2023,物理类,6406,昆明医科大学,6406-03,03,首选物理，再选化学或生物,569,58807,https://www.jseea.cn/webfile/upload/2023/07-18/10-05-510166-183377989.xls
2023,物理类,6406,昆明医科大学,6406-04,04,首选物理，再选化学和生物,595,36406,https://www.jseea.cn/webfile/upload/2023/07-18/10-05-510166-183377989.xls
2023,物理类,6407,玉溪师范学院,6407-02,02,首选物理，再选不限,488,139208,https://www.jseea.cn/webfile/upload/2023/07-18/10-05-510166-183377989.xls
2023,物理类,6407,玉溪师范学院,6407-03,03,首选物理，再选不限,508,119495,https://www.jseea.cn/webfile/upload/2023/07-18/10-05-510166-183377989.xls
2023,物理类,6408,云南财经大学,6408-02,02,首选物理，再选不限,511,116463,https://www.jseea.cn/webfile/upload/2023/07-18/10-05-510166-183377989.xls
2023,物理类,6409,楚雄师范学院,6409-02,02,首选物理，再选不限,471,154931,https://www.jseea.cn/webfile/upload/2023/07-18/10-05-510166-183377989.xls
2023,物理类,6409,楚雄师范学院,6409-03,03,首选物理，再选化学,468,157548,https://www.jseea.cn/webfile/upload/2023/07-18/10-05-510166-183377989.xls
2023,物理类,6410,昆明学院,6410-03,03,首选物理，再选不限,495,132433,https://www.jseea.cn/webfile/upload/2023/07-18/10-05-510166-183377989.xls
2023,物理类,6410,昆明学院,6410-04,04,首选物理，再选化学,494,133441,https://www.jseea.cn/webfile/upload/2023/07-18/10-05-510166-183377989.xls
2023,物理类,6410,昆明学院,6410-05,05,首选物理，再选化学或生物,482,144814,https://www.jseea.cn/webfile/upload/2023/07-18/10-05-510166-183377989.xls
2023,物理类,6410,昆明学院,6410-06,06,首选物理，再选化学和生物,551,76116,https://www.jseea.cn/webfile/upload/2023/07-18/10-05-510166-183377989.xls
2023,物理类,6411,大理大学,6411-05,05,首选物理，再选不限,525,102240,https://www.jseea.cn/webfile/upload/2023/07-18/10-05-510166-183377989.xls
2023,物理类,6411,大理大学,6411-06,06,首选物理，再选化学,513,114462,https://www.jseea.cn/webfile/upload/2023/07-18/10-05-510166-183377989.xls
2023,物理类,6411,大理大学,6411-07,07,首选物理，再选化学或生物,556,71147,https://www.jseea.cn/webfile/upload/2023/07-18/10-05-510166-183377989.xls
2023,物理类,6411,大理大学,6411-08,08,首选物理，再选化学或生物,477,149565,https://www.jseea.cn/webfile/upload/2023/07-18/10-05-510166-183377989.xls
2023,物理类,6411,大理大学,6411-09,09,首选物理，再选化学或生物,525,102240,https://www.jseea.cn/webfile/upload/2023/07-18/10-05-510166-183377989.xls
2023,物理类,6413,红河学院,6413-02,02,首选物理，再选不限,487,140150,https://www.jseea.cn/webfile/upload/2023/07-18/10-05-510166-183377989.xls
2023,物理类,6413,红河学院,6413-03,03,首选物理，再选化学,478,148669,https://www.jseea.cn/webfile/upload/2023/07-18/10-05-510166-183377989.xls
2023,物理类,6413,红河学院,6413-04,04,首选物理，再选化学或生物,481,145762,https://www.jseea.cn/webfile/upload/2023/07-18/10-05-510166-183377989.xls
2023,物理类,6414,云南民族大学,6414-02,02,首选物理，再选不限,526,101268,https://www.jseea.cn/webfile/upload/2023/07-18/10-05-510166-183377989.xls
2023,物理类,6415,西南林业大学,6415-01,01,首选物理，再选不限,527,100233,https://www.jseea.cn/webfile/upload/2023/07-18/10-05-510166-183377989.xls
2023,物理类,6415,西南林业大学,6415-02,02,首选物理，再选不限,525,102240,https://www.jseea.cn/webfile/upload/2023/07-18/10-05-510166-183377989.xls
2023,物理类,6415,西南林业大学,6415-03,03,首选物理，再选化学,522,105372,https://www.jseea.cn/webfile/upload/2023/07-18/10-05-510166-183377989.xls
2023,物理类,6415,西南林业大学,6415-04,04,首选物理，再选化学或生物,523,104327,https://www.jseea.cn/webfile/upload/2023/07-18/10-05-510166-183377989.xls
2023,物理类,6415,西南林业大学,6415-05,05,首选物理，再选化学和生物,504,123513,https://www.jseea.cn/webfile/upload/2023/07-18/10-05-510166-183377989.xls
2023,物理类,6415,西南林业大学,6415-06,06,首选物理，再选生物,523,104327,https://www.jseea.cn/webfile/upload/2023/07-18/10-05-510166-183377989.xls
2023,物理类,6415,西南林业大学,6415-07,07,首选物理，再选生物和地理,530,97144,https://www.jseea.cn/webfile/upload/2023/07-18/10-05-510166-183377989.xls
2023,物理类,6415,西南林业大学,6415-08,08,首选物理，再选思想政治或地理,524,103298,https://www.jseea.cn/webfile/upload/2023/07-18/10-05-510166-183377989.xls
2023,物理类,6417,曲靖师范学院,6417-02,02,首选物理，再选不限,486,141124,https://www.jseea.cn/webfile/upload/2023/07-18/10-05-510166-183377989.xls
2023,物理类,6417,曲靖师范学院,6417-03,03,首选物理，再选化学,483,143882,https://www.jseea.cn/webfile/upload/2023/07-18/10-05-510166-183377989.xls
2023,物理类,6419,普洱学院,6419-02,02,首选物理，再选不限,507,120486,https://www.jseea.cn/webfile/upload/2023/07-18/10-05-510166-183377989.xls
2023,物理类,6420,文山学院,6420-02,02,首选物理，再选地理,479,147716,https://www.jseea.cn/webfile/upload/2023/07-18/10-05-510166-183377989.xls
2023,物理类,6421,云南警官学院,6421-04,04,首选物理，再选不限,523,104327,https://www.jseea.cn/webfile/upload/2023/07-18/10-05-510166-183377989.xls
2023,物理类,7101,西北大学,7101-04,04,首选物理，再选不限,596,35650,https://www.jseea.cn/webfile/upload/2023/07-18/10-05-510166-183377989.xls
2023,物理类,7101,西北大学,7101-05,05,首选物理，再选不限,588,42008,https://www.jseea.cn/webfile/upload/2023/07-18/10-05-510166-183377989.xls
2023,物理类,7101,西北大学,7101-06,06,首选物理，再选化学,604,29715,https://www.jseea.cn/webfile/upload/2023/07-18/10-05-510166-183377989.xls
2023,物理类,7101,西北大学,7101-07,07,首选物理，再选化学或生物,605,28961,https://www.jseea.cn/webfile/upload/2023/07-18/10-05-510166-183377989.xls
2023,物理类,7101,西北大学,7101-08,08,首选物理，再选化学或地理,605,28961,https://www.jseea.cn/webfile/upload/2023/07-18/10-05-510166-183377989.xls
2023,物理类,7102,西北工业大学,7102-02,02,首选物理，再选不限,650,5238,https://www.jseea.cn/webfile/upload/2023/07-18/10-05-510166-183377989.xls
2023,物理类,7102,西北工业大学,7102-03,03,首选物理，再选不限,635,11117,https://www.jseea.cn/webfile/upload/2023/07-18/10-05-510166-183377989.xls
2023,物理类,7102,西北工业大学,7102-04,04,首选物理，再选化学或生物,648,5893,https://www.jseea.cn/webfile/upload/2023/07-18/10-05-510166-183377989.xls
2023,物理类,7103,陕西师范大学,7103-03,03,首选物理，再选不限,590,40321,https://www.jseea.cn/webfile/upload/2023/07-18/10-05-510166-183377989.xls
2023,物理类,7103,陕西师范大学,7103-04,04,首选物理，再选化学,617,20902,https://www.jseea.cn/webfile/upload/2023/07-18/10-05-510166-183377989.xls
2023,物理类,7103,陕西师范大学,7103-05,05,首选物理，再选化学或生物,619,19694,https://www.jseea.cn/webfile/upload/2023/07-18/10-05-510166-183377989.xls
2023,物理类,7103,陕西师范大学,7103-06,06,首选物理，再选生物,607,27544,https://www.jseea.cn/webfile/upload/2023/07-18/10-05-510166-183377989.xls
2023,物理类,7103,陕西师范大学,7103-07,07,首选物理，再选地理,623,17334,https://www.jseea.cn/webfile/upload/2023/07-18/10-05-510166-183377989.xls
2023,物理类,7104,西安交通大学,7104-02,02,首选物理，再选不限,657,3398,https://www.jseea.cn/webfile/upload/2023/07-18/10-05-510166-183377989.xls
2023,物理类,7104,西安交通大学,7104-03,03,首选物理，再选不限,633,12049,https://www.jseea.cn/webfile/upload/2023/07-18/10-05-510166-183377989.xls
2023,物理类,7104,西安交通大学,7104-04,04,首选物理，再选化学,654,4113,https://www.jseea.cn/webfile/upload/2023/07-18/10-05-510166-183377989.xls
2023,物理类,7104,西安交通大学,7104-05,05,首选物理，再选化学或生物,646,6589,https://www.jseea.cn/webfile/upload/2023/07-18/10-05-510166-183377989.xls
2023,物理类,7105,西安电子科技大学,7105-01,01,首选物理，再选不限,643,7655,https://www.jseea.cn/webfile/upload/2023/07-18/10-05-510166-183377989.xls
2023,物理类,7107,长安大学,7107-02,02,首选物理，再选不限,595,36406,https://www.jseea.cn/webfile/upload/2023/07-18/10-05-510166-183377989.xls
2023,物理类,7107,长安大学,7107-03,03,首选物理，再选不限,594,37178,https://www.jseea.cn/webfile/upload/2023/07-18/10-05-510166-183377989.xls
2023,物理类,7107,长安大学,7107-04,04,首选物理，再选化学,609,26160,https://www.jseea.cn/webfile/upload/2023/07-18/10-05-510166-183377989.xls
2023,物理类,7107,长安大学,7107-05,05,首选物理，再选化学或地理,610,25495,https://www.jseea.cn/webfile/upload/2023/07-18/10-05-510166-183377989.xls
2023,物理类,7108,西安建筑科技大学,7108-01,01,首选物理，再选不限,569,58807,https://www.jseea.cn/webfile/upload/2023/07-18/10-05-510166-183377989.xls
2023,物理类,7108,西安建筑科技大学,7108-02,02,首选物理，再选不限,545,81926,https://www.jseea.cn/webfile/upload/2023/07-18/10-05-510166-183377989.xls
2023,物理类,7108,西安建筑科技大学,7108-03,03,首选物理，再选不限,578,50594,https://www.jseea.cn/webfile/upload/2023/07-18/10-05-510166-183377989.xls
2023,物理类,7108,西安建筑科技大学,7108-04,04,首选物理，再选化学,532,95097,https://www.jseea.cn/webfile/upload/2023/07-18/10-05-510166-183377989.xls
2023,物理类,7108,西安建筑科技大学,7108-05,05,首选物理，再选化学,533,94093,https://www.jseea.cn/webfile/upload/2023/07-18/10-05-510166-183377989.xls
2023,物理类,7109,西北政法大学,7109-02,02,首选物理，再选不限,620,19102,https://www.jseea.cn/webfile/upload/2023/07-18/10-05-510166-183377989.xls
2023,物理类,7110,西安工程大学,7110-03,03,首选物理，再选不限,549,78084,https://www.jseea.cn/webfile/upload/2023/07-18/10-05-510166-183377989.xls
2023,物理类,7110,西安工程大学,7110-04,04,首选物理，再选化学,515,112371,https://www.jseea.cn/webfile/upload/2023/07-18/10-05-510166-183377989.xls
2023,物理类,7110,西安工程大学,7110-05,05,首选物理，再选化学或生物,528,99220,https://www.jseea.cn/webfile/upload/2023/07-18/10-05-510166-183377989.xls
2023,物理类,7111,西安财经大学,7111-02,02,首选物理，再选不限,558,69273,https://www.jseea.cn/webfile/upload/2023/07-18/10-05-510166-183377989.xls
2023,物理类,7111,西安财经大学,7111-03,03,首选物理，再选不限,544,82962,https://www.jseea.cn/webfile/upload/2023/07-18/10-05-510166-183377989.xls
2023,物理类,7112,西安理工大学,7112-01,01,首选物理，再选不限,576,52349,https://www.jseea.cn/webfile/upload/2023/07-18/10-05-510166-183377989.xls
2023,物理类,7113,西安石油大学,7113-02,02,首选物理，再选不限,546,80934,https://www.jseea.cn/webfile/upload/2023/07-18/10-05-510166-183377989.xls
2023,物理类,7113,西安石油大学,7113-03,03,首选物理，再选化学,536,91098,https://www.jseea.cn/webfile/upload/2023/07-18/10-05-510166-183377989.xls
2023,物理类,7114,西安医学院,7114-02,02,首选物理，再选化学和生物,592,38767,https://www.jseea.cn/webfile/upload/2023/07-18/10-05-510166-183377989.xls
2023,物理类,7115,西安工业大学,7115-02,02,首选物理，再选不限,578,50594,https://www.jseea.cn/webfile/upload/2023/07-18/10-05-510166-183377989.xls
2023,物理类,7115,西安工业大学,7115-03,03,首选物理，再选化学,570,57928,https://www.jseea.cn/webfile/upload/2023/07-18/10-05-510166-183377989.xls
2023,物理类,7116,西安邮电大学,7116-03,03,首选物理，再选不限,595,36406,https://www.jseea.cn/webfile/upload/2023/07-18/10-05-510166-183377989.xls
2023,物理类,7117,西安外国语大学,7117-04,04,首选物理，再选不限,554,73152,https://www.jseea.cn/webfile/upload/2023/07-18/10-05-510166-183377989.xls
2023,物理类,7118,西安科技大学,7118-01,01,首选物理，再选不限,565,62692,https://www.jseea.cn/webfile/upload/2023/07-18/10-05-510166-183377989.xls
2023,物理类,7118,西安科技大学,7118-02,02,首选物理，再选不限,528,99220,https://www.jseea.cn/webfile/upload/2023/07-18/10-05-510166-183377989.xls
2023,物理类,7118,西安科技大学,7118-03,03,首选物理，再选化学或地理,564,63653,https://www.jseea.cn/webfile/upload/2023/07-18/10-05-510166-183377989.xls
2023,物理类,7122,西安文理学院,7122-03,03,首选物理，再选不限,521,106375,https://www.jseea.cn/webfile/upload/2023/07-18/10-05-510166-183377989.xls
2023,物理类,7122,西安文理学院,7122-04,04,首选物理，再选化学或生物,506,121516,https://www.jseea.cn/webfile/upload/2023/07-18/10-05-510166-183377989.xls
2023,物理类,7131,西安航空学院,7131-01,01,首选物理，再选不限,530,97144,https://www.jseea.cn/webfile/upload/2023/07-18/10-05-510166-183377989.xls
2023,物理类,7131,西安航空学院,7131-02,02,首选物理，再选不限,506,121516,https://www.jseea.cn/webfile/upload/2023/07-18/10-05-510166-183377989.xls
2023,物理类,7138,陕西中医药大学,7138-01,01,首选物理，再选不限,561,66451,https://www.jseea.cn/webfile/upload/2023/07-18/10-05-510166-183377989.xls
2023,物理类,7138,陕西中医药大学,7138-02,02,首选物理，再选化学或生物,577,51455,https://www.jseea.cn/webfile/upload/2023/07-18/10-05-510166-183377989.xls
2023,物理类,7140,渭南师范学院,7140-02,02,首选物理，再选不限,515,112371,https://www.jseea.cn/webfile/upload/2023/07-18/10-05-510166-183377989.xls
2023,物理类,7141,西北农林科技大学,7141-02,02,首选物理，再选不限,613,23567,https://www.jseea.cn/webfile/upload/2023/07-18/10-05-510166-183377989.xls
2023,物理类,7141,西北农林科技大学,7141-03,03,首选物理，再选不限,606,28267,https://www.jseea.cn/webfile/upload/2023/07-18/10-05-510166-183377989.xls
2023,物理类,7141,西北农林科技大学,7141-04,04,首选物理，再选化学,614,22856,https://www.jseea.cn/webfile/upload/2023/07-18/10-05-510166-183377989.xls
2023,物理类,7141,西北农林科技大学,7141-05,05,首选物理，再选化学或生物,608,26857,https://www.jseea.cn/webfile/upload/2023/07-18/10-05-510166-183377989.xls
2023,物理类,7141,西北农林科技大学,7141-06,06,首选物理，再选化学或生物,592,38767,https://www.jseea.cn/webfile/upload/2023/07-18/10-05-510166-183377989.xls
2023,物理类,7141,西北农林科技大学,7141-07,07,首选物理，再选化学或地理,618,20291,https://www.jseea.cn/webfile/upload/2023/07-18/10-05-510166-183377989.xls
2023,物理类,7142,延安大学,7142-03,03,首选物理，再选不限,525,102240,https://www.jseea.cn/webfile/upload/2023/07-18/10-05-510166-183377989.xls
2023,物理类,7142,延安大学,7142-04,04,首选物理，再选化学或生物,524,103298,https://www.jseea.cn/webfile/upload/2023/07-18/10-05-510166-183377989.xls
2023,物理类,7150,陕西学前师范学院,7150-03,03,首选物理，再选不限,506,121516,https://www.jseea.cn/webfile/upload/2023/07-18/10-05-510166-183377989.xls
2023,物理类,7150,陕西学前师范学院,7150-04,04,首选物理，再选化学,492,135454,https://www.jseea.cn/webfile/upload/2023/07-18/10-05-510166-183377989.xls
2023,物理类,7150,陕西学前师范学院,7150-05,05,首选物理，再选化学或地理,487,140150,https://www.jseea.cn/webfile/upload/2023/07-18/10-05-510166-183377989.xls
2023,物理类,7151,陕西科技大学,7151-02,02,首选物理，再选不限,563,64500,https://www.jseea.cn/webfile/upload/2023/07-18/10-05-510166-183377989.xls
2023,物理类,7151,陕西科技大学,7151-03,03,首选物理，再选不限,541,85961,https://www.jseea.cn/webfile/upload/2023/07-18/10-05-510166-183377989.xls
2023,物理类,7162,宝鸡文理学院,7162-02,02,首选物理，再选不限,488,139208,https://www.jseea.cn/webfile/upload/2023/07-18/10-05-510166-183377989.xls
2023,物理类,7165,咸阳师范学院,7165-02,02,首选物理，再选不限,493,134436,https://www.jseea.cn/webfile/upload/2023/07-18/10-05-510166-183377989.xls
2023,物理类,7166,商洛学院,7166-02,02,首选物理，再选不限,491,136409,https://www.jseea.cn/webfile/upload/2023/07-18/10-05-510166-183377989.xls
2023,物理类,7166,商洛学院,7166-03,03,首选物理，再选不限,482,144814,https://www.jseea.cn/webfile/upload/2023/07-18/10-05-510166-183377989.xls
2023,物理类,7167,陕西理工大学,7167-05,05,首选物理，再选不限,526,101268,https://www.jseea.cn/webfile/upload/2023/07-18/10-05-510166-183377989.xls
2023,物理类,7167,陕西理工大学,7167-06,06,首选物理，再选化学,475,151397,https://www.jseea.cn/webfile/upload/2023/07-18/10-05-510166-183377989.xls
2023,物理类,7167,陕西理工大学,7167-07,07,首选物理，再选化学,537,90080,https://www.jseea.cn/webfile/upload/2023/07-18/10-05-510166-183377989.xls
2023,物理类,7167,陕西理工大学,7167-08,08,首选物理，再选化学或生物,527,100233,https://www.jseea.cn/webfile/upload/2023/07-18/10-05-510166-183377989.xls
2023,物理类,7167,陕西理工大学,7167-09,09,首选物理，再选化学或地理,543,83977,https://www.jseea.cn/webfile/upload/2023/07-18/10-05-510166-183377989.xls
2023,物理类,7201,兰州大学,7201-05,05,首选物理，再选不限,632,12571,https://www.jseea.cn/webfile/upload/2023/07-18/10-05-510166-183377989.xls
2023,物理类,7201,兰州大学,7201-06,06,首选物理，再选化学,632,12571,https://www.jseea.cn/webfile/upload/2023/07-18/10-05-510166-183377989.xls
2023,物理类,7201,兰州大学,7201-07,07,首选物理，再选化学或生物,632,12571,https://www.jseea.cn/webfile/upload/2023/07-18/10-05-510166-183377989.xls
2023,物理类,7201,兰州大学,7201-08,08,首选物理，再选生物或地理,631,13100,https://www.jseea.cn/webfile/upload/2023/07-18/10-05-510166-183377989.xls
2023,物理类,7202,兰州理工大学,7202-03,03,首选物理，再选不限,538,89031,https://www.jseea.cn/webfile/upload/2023/07-18/10-05-510166-183377989.xls
2023,物理类,7202,兰州理工大学,7202-04,04,首选物理，再选不限,537,90080,https://www.jseea.cn/webfile/upload/2023/07-18/10-05-510166-183377989.xls
2023,物理类,7202,兰州理工大学,7202-05,05,首选物理，再选化学,524,103298,https://www.jseea.cn/webfile/upload/2023/07-18/10-05-510166-183377989.xls
2023,物理类,7202,兰州理工大学,7202-06,06,首选物理，再选化学,529,98179,https://www.jseea.cn/webfile/upload/2023/07-18/10-05-510166-183377989.xls
2023,物理类,7202,兰州理工大学,7202-07,07,首选物理，再选化学或生物,534,93121,https://www.jseea.cn/webfile/upload/2023/07-18/10-05-510166-183377989.xls
2023,物理类,7202,兰州理工大学,7202-08,08,首选物理，再选生物,535,92078,https://www.jseea.cn/webfile/upload/2023/07-18/10-05-510166-183377989.xls
2023,物理类,7203,兰州财经大学,7203-02,02,首选物理，再选不限,519,108391,https://www.jseea.cn/webfile/upload/2023/07-18/10-05-510166-183377989.xls
2023,物理类,7204,兰州交通大学,7204-02,02,首选物理，再选不限,549,78084,https://www.jseea.cn/webfile/upload/2023/07-18/10-05-510166-183377989.xls
2023,物理类,7204,兰州交通大学,7204-03,03,首选物理，再选化学,530,97144,https://www.jseea.cn/webfile/upload/2023/07-18/10-05-510166-183377989.xls
2023,物理类,7204,兰州交通大学,7204-04,04,首选物理，再选地理,544,82962,https://www.jseea.cn/webfile/upload/2023/07-18/10-05-510166-183377989.xls
2023,物理类,7205,西北民族大学,7205-03,03,首选物理，再选不限,512,115419,https://www.jseea.cn/webfile/upload/2023/07-18/10-05-510166-183377989.xls
2023,物理类,7205,西北民族大学,7205-04,04,首选物理，再选化学,506,121516,https://www.jseea.cn/webfile/upload/2023/07-18/10-05-510166-183377989.xls
2023,物理类,7205,西北民族大学,7205-05,05,首选物理，再选化学或生物,506,121516,https://www.jseea.cn/webfile/upload/2023/07-18/10-05-510166-183377989.xls
2023,物理类,7206,甘肃农业大学,7206-02,02,首选物理，再选不限,516,111339,https://www.jseea.cn/webfile/upload/2023/07-18/10-05-510166-183377989.xls
2023,物理类,7206,甘肃农业大学,7206-03,03,首选物理，再选化学或生物,502,125541,https://www.jseea.cn/webfile/upload/2023/07-18/10-05-510166-183377989.xls
2023,物理类,7207,甘肃政法大学,7207-03,03,首选物理，再选不限,539,87985,https://www.jseea.cn/webfile/upload/2023/07-18/10-05-510166-183377989.xls
2023,物理类,7211,陇东学院,7211-02,02,首选物理，再选不限,481,145762,https://www.jseea.cn/webfile/upload/2023/07-18/10-05-510166-183377989.xls
2023,物理类,7211,陇东学院,7211-03,03,首选物理，再选化学或生物,485,142059,https://www.jseea.cn/webfile/upload/2023/07-18/10-05-510166-183377989.xls
2023,物理类,7211,陇东学院,7211-04,04,首选物理，再选化学和生物,487,140150,https://www.jseea.cn/webfile/upload/2023/07-18/10-05-510166-183377989.xls
2023,物理类,7214,西北师范大学,7214-03,03,首选物理，再选不限,535,92078,https://www.jseea.cn/webfile/upload/2023/07-18/10-05-510166-183377989.xls
2023,物理类,7214,西北师范大学,7214-04,04,首选物理，再选化学,530,97144,https://www.jseea.cn/webfile/upload/2023/07-18/10-05-510166-183377989.xls
2023,物理类,7214,西北师范大学,7214-05,05,首选物理，再选化学或生物,530,97144,https://www.jseea.cn/webfile/upload/2023/07-18/10-05-510166-183377989.xls
2023,物理类,7214,西北师范大学,7214-06,06,首选物理，再选化学或地理,553,74111,https://www.jseea.cn/webfile/upload/2023/07-18/10-05-510166-183377989.xls
2023,物理类,7214,西北师范大学,7214-07,07,首选物理，再选生物,529,98179,https://www.jseea.cn/webfile/upload/2023/07-18/10-05-510166-183377989.xls
2023,物理类,7216,天水师范学院,7216-02,02,首选物理，再选不限,488,139208,https://www.jseea.cn/webfile/upload/2023/07-18/10-05-510166-183377989.xls
2023,物理类,7216,天水师范学院,7216-03,03,首选物理，再选化学,499,128535,https://www.jseea.cn/webfile/upload/2023/07-18/10-05-510166-183377989.xls
2023,物理类,7217,兰州工业学院,7217-01,01,首选物理，再选不限,487,140150,https://www.jseea.cn/webfile/upload/2023/07-18/10-05-510166-183377989.xls
2023,物理类,7217,兰州工业学院,7217-02,02,首选物理，再选化学,483,143882,https://www.jseea.cn/webfile/upload/2023/07-18/10-05-510166-183377989.xls
2023,物理类,7218,兰州城市学院,7218-03,03,首选物理，再选不限,487,140150,https://www.jseea.cn/webfile/upload/2023/07-18/10-05-510166-183377989.xls
2023,物理类,7218,兰州城市学院,7218-04,04,首选物理，再选化学或生物,481,145762,https://www.jseea.cn/webfile/upload/2023/07-18/10-05-510166-183377989.xls
2023,物理类,7218,兰州城市学院,7218-05,05,首选物理，再选生物或地理,485,142059,https://www.jseea.cn/webfile/upload/2023/07-18/10-05-510166-183377989.xls
2023,物理类,7219,兰州文理学院,7219-02,02,首选物理，再选不限,498,129552,https://www.jseea.cn/webfile/upload/2023/07-18/10-05-510166-183377989.xls
2023,物理类,7220,甘肃医学院,7220-01,01,首选物理，再选化学,506,121516,https://www.jseea.cn/webfile/upload/2023/07-18/10-05-510166-183377989.xls
2023,物理类,7220,甘肃医学院,7220-02,02,首选物理，再选化学或生物,561,66451,https://www.jseea.cn/webfile/upload/2023/07-18/10-05-510166-183377989.xls
2023,物理类,7222,兰州石化职业技术大学,7222-02,02,首选物理，再选不限,487,140150,https://www.jseea.cn/webfile/upload/2023/07-18/10-05-510166-183377989.xls
2023,物理类,7222,兰州石化职业技术大学,7222-03,03,首选物理，再选化学,480,146747,https://www.jseea.cn/webfile/upload/2023/07-18/10-05-510166-183377989.xls
2023,物理类,7223,兰州资源环境职业技术大学,7223-01,01,首选物理，再选不限,487,140150,https://www.jseea.cn/webfile/upload/2023/07-18/10-05-510166-183377989.xls
2023,物理类,7224,甘肃中医药大学,7224-01,01,首选物理，再选不限,496,131452,https://www.jseea.cn/webfile/upload/2023/07-18/10-05-510166-183377989.xls
2023,物理类,7224,甘肃中医药大学,7224-02,02,首选物理，再选化学,504,123513,https://www.jseea.cn/webfile/upload/2023/07-18/10-05-510166-183377989.xls
2023,物理类,7224,甘肃中医药大学,7224-03,03,首选物理，再选化学或生物,530,97144,https://www.jseea.cn/webfile/upload/2023/07-18/10-05-510166-183377989.xls
2023,物理类,7224,甘肃中医药大学,7224-04,04,首选物理，再选生物,554,73152,https://www.jseea.cn/webfile/upload/2023/07-18/10-05-510166-183377989.xls
2023,物理类,7301,青海大学,7301-01,01,首选物理，再选不限,590,40321,https://www.jseea.cn/webfile/upload/2023/07-18/10-05-510166-183377989.xls
2023,物理类,7301,青海大学,7301-02,02,首选物理，再选化学,590,40321,https://www.jseea.cn/webfile/upload/2023/07-18/10-05-510166-183377989.xls
2023,物理类,7301,青海大学,7301-03,03,首选物理，再选化学或生物,606,28267,https://www.jseea.cn/webfile/upload/2023/07-18/10-05-510166-183377989.xls
2023,物理类,7302,青海民族大学,7302-02,02,首选物理，再选不限,506,121516,https://www.jseea.cn/webfile/upload/2023/07-18/10-05-510166-183377989.xls
2023,物理类,7302,青海民族大学,7302-03,03,首选物理，再选化学或生物,510,117453,https://www.jseea.cn/webfile/upload/2023/07-18/10-05-510166-183377989.xls
2023,物理类,7302,青海民族大学,7302-04,04,首选物理，再选思想政治或地理,464,161010,https://www.jseea.cn/webfile/upload/2023/07-18/10-05-510166-183377989.xls
2023,物理类,7302,青海民族大学,7302-05,05,首选物理，再选思想政治或地理,502,125541,https://www.jseea.cn/webfile/upload/2023/07-18/10-05-510166-183377989.xls
2023,物理类,7303,青海师范大学,7303-02,02,首选物理，再选不限,511,116463,https://www.jseea.cn/webfile/upload/2023/07-18/10-05-510166-183377989.xls
2023,物理类,7303,青海师范大学,7303-03,03,首选物理，再选化学,497,130481,https://www.jseea.cn/webfile/upload/2023/07-18/10-05-510166-183377989.xls
2023,物理类,7401,北方民族大学,7401-03,03,首选物理，再选不限,511,116463,https://www.jseea.cn/webfile/upload/2023/07-18/10-05-510166-183377989.xls
2023,物理类,7401,北方民族大学,7401-04,04,首选物理，再选不限,504,123513,https://www.jseea.cn/webfile/upload/2023/07-18/10-05-510166-183377989.xls
2023,物理类,7401,北方民族大学,7401-05,05,首选物理，再选不限,509,118484,https://www.jseea.cn/webfile/upload/2023/07-18/10-05-510166-183377989.xls
2023,物理类,7401,北方民族大学,7401-06,06,首选物理，再选化学,528,99220,https://www.jseea.cn/webfile/upload/2023/07-18/10-05-510166-183377989.xls
2023,物理类,7401,北方民族大学,7401-07,07,首选物理，再选化学或生物,517,110348,https://www.jseea.cn/webfile/upload/2023/07-18/10-05-510166-183377989.xls
2023,物理类,7402,宁夏大学,7402-02,02,首选物理，再选不限,585,44515,https://www.jseea.cn/webfile/upload/2023/07-18/10-05-510166-183377989.xls
2023,物理类,7402,宁夏大学,7402-03,03,首选物理，再选不限,574,54145,https://www.jseea.cn/webfile/upload/2023/07-18/10-05-510166-183377989.xls
2023,物理类,7402,宁夏大学,7402-04,04,首选物理，再选化学,590,40321,https://www.jseea.cn/webfile/upload/2023/07-18/10-05-510166-183377989.xls
2023,物理类,7403,宁夏医科大学,7403-01,01,首选物理，再选化学,530,97144,https://www.jseea.cn/webfile/upload/2023/07-18/10-05-510166-183377989.xls
2023,物理类,7403,宁夏医科大学,7403-02,02,首选物理，再选化学或生物,567,60724,https://www.jseea.cn/webfile/upload/2023/07-18/10-05-510166-183377989.xls
2023,物理类,7501,新疆大学,7501-03,03,首选物理，再选不限,572,56020,https://www.jseea.cn/webfile/upload/2023/07-18/10-05-510166-183377989.xls
2023,物理类,7501,新疆大学,7501-04,04,首选物理，再选化学,568,59798,https://www.jseea.cn/webfile/upload/2023/07-18/10-05-510166-183377989.xls
2023,物理类,7501,新疆大学,7501-05,05,首选物理，再选思想政治,565,62692,https://www.jseea.cn/webfile/upload/2023/07-18/10-05-510166-183377989.xls
2023,物理类,7501,新疆大学,7501-06,06,首选物理，再选地理,568,59798,https://www.jseea.cn/webfile/upload/2023/07-18/10-05-510166-183377989.xls
2023,物理类,7502,新疆师范大学,7502-03,03,首选物理，再选不限,504,123513,https://www.jseea.cn/webfile/upload/2023/07-18/10-05-510166-183377989.xls
2023,物理类,7502,新疆师范大学,7502-04,04,首选物理，再选不限,476,150469,https://www.jseea.cn/webfile/upload/2023/07-18/10-05-510166-183377989.xls
2023,物理类,7502,新疆师范大学,7502-05,05,首选物理，再选化学,481,145762,https://www.jseea.cn/webfile/upload/2023/07-18/10-05-510166-183377989.xls
2023,物理类,7502,新疆师范大学,7502-06,06,首选物理，再选化学或生物,524,103298,https://www.jseea.cn/webfile/upload/2023/07-18/10-05-510166-183377989.xls
2023,物理类,7502,新疆师范大学,7502-07,07,首选物理，再选化学或地理,498,129552,https://www.jseea.cn/webfile/upload/2023/07-18/10-05-510166-183377989.xls
2023,物理类,7502,新疆师范大学,7502-08,08,首选物理，再选生物,503,124505,https://www.jseea.cn/webfile/upload/2023/07-18/10-05-510166-183377989.xls
2023,物理类,7503,新疆农业大学,7503-04,04,首选物理，再选不限,489,138274,https://www.jseea.cn/webfile/upload/2023/07-18/10-05-510166-183377989.xls
2023,物理类,7503,新疆农业大学,7503-05,05,首选物理，再选不限,483,143882,https://www.jseea.cn/webfile/upload/2023/07-18/10-05-510166-183377989.xls
2023,物理类,7503,新疆农业大学,7503-06,06,首选物理，再选不限,475,151397,https://www.jseea.cn/webfile/upload/2023/07-18/10-05-510166-183377989.xls
2023,物理类,7503,新疆农业大学,7503-07,07,首选物理，再选化学或生物,490,137354,https://www.jseea.cn/webfile/upload/2023/07-18/10-05-510166-183377989.xls
2023,物理类,7504,中国石油大学(北京)克拉玛依校区,7504-01,01,首选物理，再选不限,570,57928,https://www.jseea.cn/webfile/upload/2023/07-18/10-05-510166-183377989.xls
2023,物理类,7505,新疆财经大学,7505-02,02,首选物理，再选不限,479,147716,https://www.jseea.cn/webfile/upload/2023/07-18/10-05-510166-183377989.xls
2023,物理类,7507,昌吉学院,7507-02,02,首选物理，再选不限,472,154057,https://www.jseea.cn/webfile/upload/2023/07-18/10-05-510166-183377989.xls
2023,物理类,7509,新疆工程学院,7509-01,01,首选物理，再选不限,480,146747,https://www.jseea.cn/webfile/upload/2023/07-18/10-05-510166-183377989.xls
2023,物理类,7509,新疆工程学院,7509-02,02,首选物理，再选化学,471,154931,https://www.jseea.cn/webfile/upload/2023/07-18/10-05-510166-183377989.xls
2023,物理类,7511,石河子大学,7511-01,01,首选物理，再选不限,559,68330,https://www.jseea.cn/webfile/upload/2023/07-18/10-05-510166-183377989.xls
2023,物理类,7511,石河子大学,7511-02,02,首选物理，再选化学,553,74111,https://www.jseea.cn/webfile/upload/2023/07-18/10-05-510166-183377989.xls
2023,物理类,7511,石河子大学,7511-03,03,首选物理，再选化学或生物,558,69273,https://www.jseea.cn/webfile/upload/2023/07-18/10-05-510166-183377989.xls
2023,物理类,7512,新疆科技学院,7512-04,04,首选物理，再选不限,468,157548,https://www.jseea.cn/webfile/upload/2023/07-18/10-05-510166-183377989.xls
2023,物理类,7512,新疆科技学院,7512-05,05,首选物理，再选化学,467,158486,https://www.jseea.cn/webfile/upload/2023/07-18/10-05-510166-183377989.xls
2023,物理类,7512,新疆科技学院,7512-06,06,首选物理，再选化学和生物,465,160211,https://www.jseea.cn/webfile/upload/2023/07-18/10-05-510166-183377989.xls
2023,物理类,7512,新疆科技学院,7512-07,07,首选物理，再选生物,484,142974,https://www.jseea.cn/webfile/upload/2023/07-18/10-05-510166-183377989.xls
2023,物理类,7512,新疆科技学院,7512-08,08,首选物理，再选思想政治,463,161813,https://www.jseea.cn/webfile/upload/2023/07-18/10-05-510166-183377989.xls
2023,物理类,7513,新疆理工学院,7513-02,02,首选物理，再选不限,470,155785,https://www.jseea.cn/webfile/upload/2023/07-18/10-05-510166-183377989.xls
2023,物理类,7513,新疆理工学院,7513-03,03,首选物理，再选化学或生物,475,151397,https://www.jseea.cn/webfile/upload/2023/07-18/10-05-510166-183377989.xls
2023,物理类,7521,伊犁师范大学,7521-03,03,首选物理，再选不限,476,150469,https://www.jseea.cn/webfile/upload/2023/07-18/10-05-510166-183377989.xls
2023,物理类,7521,伊犁师范大学,7521-04,04,首选物理，再选化学,474,152315,https://www.jseea.cn/webfile/upload/2023/07-18/10-05-510166-183377989.xls
2023,物理类,7521,伊犁师范大学,7521-05,05,首选物理，再选化学或生物,476,150469,https://www.jseea.cn/webfile/upload/2023/07-18/10-05-510166-183377989.xls
2023,物理类,7521,伊犁师范大学,7521-06,06,首选物理，再选化学或地理,466,159348,https://www.jseea.cn/webfile/upload/2023/07-18/10-05-510166-183377989.xls
2023,物理类,7521,伊犁师范大学,7521-07,07,首选物理，再选地理,468,157548,https://www.jseea.cn/webfile/upload/2023/07-18/10-05-510166-183377989.xls
2023,物理类,7526,塔里木大学,7526-02,02,首选物理，再选化学,477,149565,https://www.jseea.cn/webfile/upload/2023/07-18/10-05-510166-183377989.xls
2023,物理类,7526,塔里木大学,7526-03,03,首选物理，再选化学或生物,484,142974,https://www.jseea.cn/webfile/upload/2023/07-18/10-05-510166-183377989.xls
2023,物理类,7527,新疆医科大学,7527-01,01,首选物理，再选化学,497,130481,https://www.jseea.cn/webfile/upload/2023/07-18/10-05-510166-183377989.xls
2023,物理类,7527,新疆医科大学,7527-02,02,首选物理，再选化学或生物,574,54145,https://www.jseea.cn/webfile/upload/2023/07-18/10-05-510166-183377989.xls
2023,物理类,7527,新疆医科大学,7527-03,03,首选物理，再选化学和生物,522,105372,https://www.jseea.cn/webfile/upload/2023/07-18/10-05-510166-183377989.xls
2023,物理类,7529,喀什大学,7529-04,04,首选物理，再选不限,484,142974,https://www.jseea.cn/webfile/upload/2023/07-18/10-05-510166-183377989.xls
2023,物理类,7529,喀什大学,7529-05,05,首选物理，再选化学,488,139208,https://www.jseea.cn/webfile/upload/2023/07-18/10-05-510166-183377989.xls
2023,物理类,7529,喀什大学,7529-06,06,首选物理，再选化学或生物,489,138274,https://www.jseea.cn/webfile/upload/2023/07-18/10-05-510166-183377989.xls
2023,物理类,7529,喀什大学,7529-07,07,首选物理，再选思想政治或地理,491,136409,https://www.jseea.cn/webfile/upload/2023/07-18/10-05-510166-183377989.xls
2023,物理类,7531,新疆政法学院,7531-03,03,首选物理，再选不限,475,151397,https://www.jseea.cn/webfile/upload/2023/07-18/10-05-510166-183377989.xls
2023,物理类,7531,新疆政法学院,7531-04,04,首选物理，再选化学,477,149565,https://www.jseea.cn/webfile/upload/2023/07-18/10-05-510166-183377989.xls
2023,物理类,8001,上海杉达学院,8001-03,03,首选物理，再选不限,466,159348,https://www.jseea.cn/webfile/upload/2023/07-18/10-05-510166-183377989.xls
2023,物理类,8002,上海建桥学院,8002-03,03,首选物理，再选不限,468,157548,https://www.jseea.cn/webfile/upload/2023/07-18/10-05-510166-183377989.xls
2023,物理类,8003,上海兴伟学院,8003-02,02,首选物理，再选不限,451,171362,https://www.jseea.cn/webfile/upload/2023/07-18/10-05-510166-183377989.xls
2023,物理类,8004,上海视觉艺术学院,8004-02,02,首选物理，再选不限,501,126588,https://www.jseea.cn/webfile/upload/2023/07-18/10-05-510166-183377989.xls
2023,物理类,8005,上海外国语大学贤达经济人文学院,8005-02,02,首选物理，再选不限,458,165876,https://www.jseea.cn/webfile/upload/2023/07-18/10-05-510166-183377989.xls
2023,物理类,8006,上海师范大学天华学院,8006-02,02,首选物理，再选不限,456,167463,https://www.jseea.cn/webfile/upload/2023/07-18/10-05-510166-183377989.xls
2023,物理类,8023,上海立达学院,8023-03,03,首选物理，再选不限,459,165041,https://www.jseea.cn/webfile/upload/2023/07-18/10-05-510166-183377989.xls
2023,物理类,8029,上海中侨职业技术大学,8029-03,03,首选物理，再选不限,461,163419,https://www.jseea.cn/webfile/upload/2023/07-18/10-05-510166-183377989.xls
2023,物理类,8030,浙江万里学院,8030-03,03,首选物理，再选不限,477,149565,https://www.jseea.cn/webfile/upload/2023/07-18/10-05-510166-183377989.xls
2023,物理类,8030,浙江万里学院,8030-04,04,首选物理，再选不限,494,133441,https://www.jseea.cn/webfile/upload/2023/07-18/10-05-510166-183377989.xls
2023,物理类,8030,浙江万里学院,8030-05,05,首选物理，再选不限,452,170594,https://www.jseea.cn/webfile/upload/2023/07-18/10-05-510166-183377989.xls
2023,物理类,8030,浙江万里学院,8030-06,06,首选物理，再选化学,470,155785,https://www.jseea.cn/webfile/upload/2023/07-18/10-05-510166-183377989.xls
2023,物理类,8030,浙江万里学院,8030-07,07,首选物理，再选化学或生物,475,151397,https://www.jseea.cn/webfile/upload/2023/07-18/10-05-510166-183377989.xls
2023,物理类,8031,浙江树人学院,8031-02,02,首选物理，再选不限,460,164240,https://www.jseea.cn/webfile/upload/2023/07-18/10-05-510166-183377989.xls
2023,物理类,8031,浙江树人学院,8031-03,03,首选物理，再选化学或生物,459,165041,https://www.jseea.cn/webfile/upload/2023/07-18/10-05-510166-183377989.xls
2023,物理类,8032,浙江越秀外国语学院,8032-03,03,首选物理，再选不限,457,166664,https://www.jseea.cn/webfile/upload/2023/07-18/10-05-510166-183377989.xls
2023,物理类,8032,浙江越秀外国语学院,8032-04,04,首选物理，再选不限,455,168261,https://www.jseea.cn/webfile/upload/2023/07-18/10-05-510166-183377989.xls
2023,物理类,8033,宁波财经学院,8033-02,02,首选物理，再选不限,459,165041,https://www.jseea.cn/webfile/upload/2023/07-18/10-05-510166-183377989.xls
2023,物理类,8036,浙江工业大学之江学院,8036-02,02,首选物理，再选不限,465,160211,https://www.jseea.cn/webfile/upload/2023/07-18/10-05-510166-183377989.xls
2023,物理类,8037,浙江师范大学行知学院,8037-02,02,首选物理，再选不限,477,149565,https://www.jseea.cn/webfile/upload/2023/07-18/10-05-510166-183377989.xls
2023,物理类,8037,浙江师范大学行知学院,8037-03,03,首选物理，再选化学,465,160211,https://www.jseea.cn/webfile/upload/2023/07-18/10-05-510166-183377989.xls
2023,物理类,8037,浙江师范大学行知学院,8037-04,04,首选物理，再选化学或生物,477,149565,https://www.jseea.cn/webfile/upload/2023/07-18/10-05-510166-183377989.xls
2023,物理类,8038,宁波大学科学技术学院,8038-02,02,首选物理，再选不限,462,162620,https://www.jseea.cn/webfile/upload/2023/07-18/10-05-510166-183377989.xls
2023,物理类,8038,宁波大学科学技术学院,8038-03,03,首选物理，再选化学,463,161813,https://www.jseea.cn/webfile/upload/2023/07-18/10-05-510166-183377989.xls
2023,物理类,8038,宁波大学科学技术学院,8038-04,04,首选物理，再选化学或生物,476,150469,https://www.jseea.cn/webfile/upload/2023/07-18/10-05-510166-183377989.xls
2023,物理类,8039,杭州电子科技大学信息工程学院,8039-01,01,首选物理，再选不限,478,148669,https://www.jseea.cn/webfile/upload/2023/07-18/10-05-510166-183377989.xls
2023,物理类,8040,浙江理工大学科技与艺术学院,8040-01,01,首选物理，再选不限,461,163419,https://www.jseea.cn/webfile/upload/2023/07-18/10-05-510166-183377989.xls
2023,物理类,8040,浙江理工大学科技与艺术学院,8040-02,02,首选物理，再选化学,460,164240,https://www.jseea.cn/webfile/upload/2023/07-18/10-05-510166-183377989.xls
2023,物理类,8042,浙江农林大学暨阳学院,8042-02,02,首选物理，再选不限,461,163419,https://www.jseea.cn/webfile/upload/2023/07-18/10-05-510166-183377989.xls
2023,物理类,8043,温州医科大学仁济学院,8043-01,01,首选物理，再选不限,461,163419,https://www.jseea.cn/webfile/upload/2023/07-18/10-05-510166-183377989.xls
2023,物理类,8046,绍兴文理学院元培学院,8046-02,02,首选物理，再选不限,461,163419,https://www.jseea.cn/webfile/upload/2023/07-18/10-05-510166-183377989.xls
2023,物理类,8048,浙江工商大学杭州商学院,8048-02,02,首选物理，再选不限,465,160211,https://www.jseea.cn/webfile/upload/2023/07-18/10-05-510166-183377989.xls
2023,物理类,8050,中国计量大学现代科技学院,8050-01,01,首选物理，再选不限,518,109392,https://www.jseea.cn/webfile/upload/2023/07-18/10-05-510166-183377989.xls
2023,物理类,8051,浙江财经大学东方学院,8051-02,02,首选物理，再选不限,461,163419,https://www.jseea.cn/webfile/upload/2023/07-18/10-05-510166-183377989.xls
2023,物理类,8052,温州商学院,8052-03,03,首选物理，再选不限,460,164240,https://www.jseea.cn/webfile/upload/2023/07-18/10-05-510166-183377989.xls
2023,物理类,8054,上海财经大学浙江学院,8054-02,02,首选物理，再选不限,471,154931,https://www.jseea.cn/webfile/upload/2023/07-18/10-05-510166-183377989.xls
2023,物理类,8077,浙江广厦建设职业技术大学,8077-02,02,首选物理，再选不限,459,165041,https://www.jseea.cn/webfile/upload/2023/07-18/10-05-510166-183377989.xls
2023,物理类,8080,安徽三联学院,8080-02,02,首选物理，再选不限,461,163419,https://www.jseea.cn/webfile/upload/2023/07-18/10-05-510166-183377989.xls
2023,物理类,8080,安徽三联学院,8080-03,03,首选物理，再选不限,469,156709,https://www.jseea.cn/webfile/upload/2023/07-18/10-05-510166-183377989.xls
2023,物理类,8081,安徽新华学院,8081-02,02,首选物理，再选不限,460,164240,https://www.jseea.cn/webfile/upload/2023/07-18/10-05-510166-183377989.xls
2023,物理类,8082,安徽文达信息工程学院,8082-02,02,首选物理，再选不限,461,163419,https://www.jseea.cn/webfile/upload/2023/07-18/10-05-510166-183377989.xls
2023,物理类,8083,安徽外国语学院,8083-02,02,首选物理，再选不限,465,160211,https://www.jseea.cn/webfile/upload/2023/07-18/10-05-510166-183377989.xls
2023,物理类,8084,蚌埠工商学院,8084-02,02,首选物理，再选不限,467,158486,https://www.jseea.cn/webfile/upload/2023/07-18/10-05-510166-183377989.xls
2023,物理类,8086,安徽信息工程学院,8086-01,01,首选物理，再选不限,477,149565,https://www.jseea.cn/webfile/upload/2023/07-18/10-05-510166-183377989.xls
2023,物理类,8087,马鞍山学院,8087-02,02,首选物理，再选不限,475,151397,https://www.jseea.cn/webfile/upload/2023/07-18/10-05-510166-183377989.xls
2023,物理类,8088,合肥城市学院,8088-02,02,首选物理，再选不限,464,161010,https://www.jseea.cn/webfile/upload/2023/07-18/10-05-510166-183377989.xls
2023,物理类,8088,合肥城市学院,8088-03,03,首选物理，再选化学,463,161813,https://www.jseea.cn/webfile/upload/2023/07-18/10-05-510166-183377989.xls
2023,物理类,8091,安徽医科大学临床医学院,8091-01,01,首选物理，再选不限,485,142059,https://www.jseea.cn/webfile/upload/2023/07-18/10-05-510166-183377989.xls
2023,物理类,8094,皖江工学院,8094-03,03,首选物理，再选不限,462,162620,https://www.jseea.cn/webfile/upload/2023/07-18/10-05-510166-183377989.xls
2023,物理类,8094,皖江工学院,8094-04,04,首选物理，再选化学,461,163419,https://www.jseea.cn/webfile/upload/2023/07-18/10-05-510166-183377989.xls
2023,物理类,8094,皖江工学院,8094-05,05,首选物理，再选化学或生物,465,160211,https://www.jseea.cn/webfile/upload/2023/07-18/10-05-510166-183377989.xls
2023,物理类,8120,厦门华厦学院,8120-02,02,首选物理，再选不限,459,165041,https://www.jseea.cn/webfile/upload/2023/07-18/10-05-510166-183377989.xls
2023,物理类,8121,闽南理工学院,8121-02,02,首选物理，再选不限,458,165876,https://www.jseea.cn/webfile/upload/2023/07-18/10-05-510166-183377989.xls
2023,物理类,8122,闽南科技学院,8122-01,01,首选物理，再选不限,458,165876,https://www.jseea.cn/webfile/upload/2023/07-18/10-05-510166-183377989.xls
2023,物理类,8124,厦门工学院,8124-02,02,首选物理，再选不限,458,165876,https://www.jseea.cn/webfile/upload/2023/07-18/10-05-510166-183377989.xls
2023,物理类,8125,阳光学院,8125-03,03,首选物理，再选不限,456,167463,https://www.jseea.cn/webfile/upload/2023/07-18/10-05-510166-183377989.xls
2023,物理类,8125,阳光学院,8125-04,04,首选物理，再选不限,454,169034,https://www.jseea.cn/webfile/upload/2023/07-18/10-05-510166-183377989.xls
2023,物理类,8126,厦门大学嘉庚学院,8126-02,02,首选物理，再选不限,469,156709,https://www.jseea.cn/webfile/upload/2023/07-18/10-05-510166-183377989.xls
2023,物理类,8126,厦门大学嘉庚学院,8126-03,03,首选物理，再选不限,461,163419,https://www.jseea.cn/webfile/upload/2023/07-18/10-05-510166-183377989.xls
2023,物理类,8127,福州大学至诚学院,8127-02,02,首选物理，再选不限,459,165041,https://www.jseea.cn/webfile/upload/2023/07-18/10-05-510166-183377989.xls
2023,物理类,8127,福州大学至诚学院,8127-03,03,首选物理，再选化学,459,165041,https://www.jseea.cn/webfile/upload/2023/07-18/10-05-510166-183377989.xls
2023,物理类,8128,集美大学诚毅学院,8128-02,02,首选物理，再选不限,465,160211,https://www.jseea.cn/webfile/upload/2023/07-18/10-05-510166-183377989.xls
2023,物理类,8130,福州外语外贸学院,8130-02,02,首选物理，再选不限,456,167463,https://www.jseea.cn/webfile/upload/2023/07-18/10-05-510166-183377989.xls
2023,物理类,8132,仰恩大学,8132-02,02,首选物理，再选不限,471,154931,https://www.jseea.cn/webfile/upload/2023/07-18/10-05-510166-183377989.xls
2023,物理类,8133,泉州信息工程学院,8133-01,01,首选物理，再选不限,459,165041,https://www.jseea.cn/webfile/upload/2023/07-18/10-05-510166-183377989.xls
2023,物理类,8170,江西科技学院,8170-03,03,首选物理，再选不限,457,166664,https://www.jseea.cn/webfile/upload/2023/07-18/10-05-510166-183377989.xls
2023,物理类,8172,南昌理工学院,8172-02,02,首选物理，再选不限,463,161813,https://www.jseea.cn/webfile/upload/2023/07-18/10-05-510166-183377989.xls
2023,物理类,8173,江西应用科技学院,8173-03,03,首选物理，再选不限,457,166664,https://www.jseea.cn/webfile/upload/2023/07-18/10-05-510166-183377989.xls
2023,物理类,8174,江西服装学院,8174-02,02,首选物理，再选不限,457,166664,https://www.jseea.cn/webfile/upload/2023/07-18/10-05-510166-183377989.xls
2023,物理类,8175,南昌工学院,8175-03,03,首选物理，再选不限,458,165876,https://www.jseea.cn/webfile/upload/2023/07-18/10-05-510166-183377989.xls
2023,物理类,8176,南昌大学科学技术学院,8176-02,02,首选物理，再选不限,467,158486,https://www.jseea.cn/webfile/upload/2023/07-18/10-05-510166-183377989.xls
2023,物理类,8177,南昌大学共青学院,8177-02,02,首选物理，再选不限,463,161813,https://www.jseea.cn/webfile/upload/2023/07-18/10-05-510166-183377989.xls
2023,物理类,8177,南昌大学共青学院,8177-03,03,首选物理，再选化学,450,172069,https://www.jseea.cn/webfile/upload/2023/07-18/10-05-510166-183377989.xls
2023,物理类,8178,南昌交通学院,8178-02,02,首选物理，再选不限,460,164240,https://www.jseea.cn/webfile/upload/2023/07-18/10-05-510166-183377989.xls
2023,物理类,8178,南昌交通学院,8178-03,03,首选物理，再选化学,464,161010,https://www.jseea.cn/webfile/upload/2023/07-18/10-05-510166-183377989.xls
2023,物理类,8180,南昌航空大学科技学院,8180-02,02,首选物理，再选不限,466,159348,https://www.jseea.cn/webfile/upload/2023/07-18/10-05-510166-183377989.xls
2023,物理类,8183,江西农业大学南昌商学院,8183-02,02,首选物理，再选不限,460,164240,https://www.jseea.cn/webfile/upload/2023/07-18/10-05-510166-183377989.xls
2023,物理类,8185,江西师范大学科学技术学院,8185-02,02,首选物理，再选不限,465,160211,https://www.jseea.cn/webfile/upload/2023/07-18/10-05-510166-183377989.xls
2023,物理类,8186,景德镇艺术职业大学,8186-02,02,首选物理，再选不限,459,165041,https://www.jseea.cn/webfile/upload/2023/07-18/10-05-510166-183377989.xls
2023,物理类,8187,南昌应用技术师范学院,8187-03,03,首选物理，再选不限,460,164240,https://www.jseea.cn/webfile/upload/2023/07-18/10-05-510166-183377989.xls
2023,物理类,8188,江西财经大学现代经济管理学院,8188-02,02,首选物理，再选不限,460,164240,https://www.jseea.cn/webfile/upload/2023/07-18/10-05-510166-183377989.xls
2023,物理类,8210,齐鲁医药学院,8210-02,02,首选物理，再选不限,467,158486,https://www.jseea.cn/webfile/upload/2023/07-18/10-05-510166-183377989.xls
2023,物理类,8211,青岛滨海学院,8211-02,02,首选物理，再选不限,460,164240,https://www.jseea.cn/webfile/upload/2023/07-18/10-05-510166-183377989.xls
2023,物理类,8212,烟台南山学院,8212-03,03,首选物理，再选不限,466,159348,https://www.jseea.cn/webfile/upload/2023/07-18/10-05-510166-183377989.xls
2023,物理类,8212,烟台南山学院,8212-04,04,首选物理，再选化学,458,165876,https://www.jseea.cn/webfile/upload/2023/07-18/10-05-510166-183377989.xls
2023,物理类,8213,潍坊科技学院,8213-02,02,首选物理，再选不限,469,156709,https://www.jseea.cn/webfile/upload/2023/07-18/10-05-510166-183377989.xls
2023,物理类,8214,山东英才学院,8214-02,02,首选物理，再选不限,458,165876,https://www.jseea.cn/webfile/upload/2023/07-18/10-05-510166-183377989.xls
2023,物理类,8215,青岛恒星科技学院,8215-03,03,首选物理，再选不限,459,165041,https://www.jseea.cn/webfile/upload/2023/07-18/10-05-510166-183377989.xls
2023,物理类,8216,青岛黄海学院,8216-03,03,首选物理，再选不限,460,164240,https://www.jseea.cn/webfile/upload/2023/07-18/10-05-510166-183377989.xls
2023,物理类,8217,山东现代学院,8217-02,02,首选物理，再选不限,460,164240,https://www.jseea.cn/webfile/upload/2023/07-18/10-05-510166-183377989.xls
2023,物理类,8218,山东协和学院,8218-02,02,首选物理，再选不限,462,162620,https://www.jseea.cn/webfile/upload/2023/07-18/10-05-510166-183377989.xls
2023,物理类,8219,烟台理工学院,8219-02,02,首选物理，再选不限,472,154057,https://www.jseea.cn/webfile/upload/2023/07-18/10-05-510166-183377989.xls
2023,物理类,8220,青岛城市学院,8220-02,02,首选物理，再选不限,460,164240,https://www.jseea.cn/webfile/upload/2023/07-18/10-05-510166-183377989.xls
2023,物理类,8220,青岛城市学院,8220-03,03,首选物理，再选不限,458,165876,https://www.jseea.cn/webfile/upload/2023/07-18/10-05-510166-183377989.xls
2023,物理类,8223,泰山科技学院,8223-03,03,首选物理，再选不限,459,165041,https://www.jseea.cn/webfile/upload/2023/07-18/10-05-510166-183377989.xls
2023,物理类,8225,青岛工学院,8225-02,02,首选物理，再选不限,460,164240,https://www.jseea.cn/webfile/upload/2023/07-18/10-05-510166-183377989.xls
2023,物理类,8226,青岛农业大学海都学院,8226-03,03,首选物理，再选不限,464,161010,https://www.jseea.cn/webfile/upload/2023/07-18/10-05-510166-183377989.xls
2023,物理类,8226,青岛农业大学海都学院,8226-04,04,首选物理，再选化学或生物,474,152315,https://www.jseea.cn/webfile/upload/2023/07-18/10-05-510166-183377989.xls
2023,物理类,8227,齐鲁理工学院,8227-03,03,首选物理，再选不限,460,164240,https://www.jseea.cn/webfile/upload/2023/07-18/10-05-510166-183377989.xls
2023,物理类,8228,山东财经大学东方学院,8228-02,02,首选物理，再选不限,465,160211,https://www.jseea.cn/webfile/upload/2023/07-18/10-05-510166-183377989.xls
2023,物理类,8230,烟台科技学院,8230-02,02,首选物理，再选不限,480,146747,https://www.jseea.cn/webfile/upload/2023/07-18/10-05-510166-183377989.xls
2023,物理类,8249,山东工程职业技术大学,8249-02,02,首选物理，再选不限,463,161813,https://www.jseea.cn/webfile/upload/2023/07-18/10-05-510166-183377989.xls
2023,物理类,8260,北京城市学院,8260-02,02,首选物理，再选不限,456,167463,https://www.jseea.cn/webfile/upload/2023/07-18/10-05-510166-183377989.xls
2023,物理类,8260,北京城市学院,8260-03,03,首选物理，再选化学或地理,478,148669,https://www.jseea.cn/webfile/upload/2023/07-18/10-05-510166-183377989.xls
2023,物理类,8262,首都师范大学科德学院,8262-02,02,首选物理，再选不限,452,170594,https://www.jseea.cn/webfile/upload/2023/07-18/10-05-510166-183377989.xls
2023,物理类,8263,北京工商大学嘉华学院,8263-02,02,首选物理，再选不限,453,169837,https://www.jseea.cn/webfile/upload/2023/07-18/10-05-510166-183377989.xls
2023,物理类,8264,北京邮电大学世纪学院,8264-02,02,首选物理，再选不限,456,167463,https://www.jseea.cn/webfile/upload/2023/07-18/10-05-510166-183377989.xls
2023,物理类,8265,北京工业大学耿丹学院,8265-02,02,首选物理，再选不限,455,168261,https://www.jseea.cn/webfile/upload/2023/07-18/10-05-510166-183377989.xls
2023,物理类,8266,北京第二外国语学院中瑞酒店管理学院,8266-02,02,首选物理，再选不限,452,170594,https://www.jseea.cn/webfile/upload/2023/07-18/10-05-510166-183377989.xls
2023,物理类,8290,天津天狮学院,8290-03,03,首选物理，再选不限,459,165041,https://www.jseea.cn/webfile/upload/2023/07-18/10-05-510166-183377989.xls
2023,物理类,8291,天津外国语大学滨海外事学院,8291-02,02,首选物理，再选不限,458,165876,https://www.jseea.cn/webfile/upload/2023/07-18/10-05-510166-183377989.xls
2023,物理类,8293,天津商业大学宝德学院,8293-02,02,首选物理，再选不限,457,166664,https://www.jseea.cn/webfile/upload/2023/07-18/10-05-510166-183377989.xls
2023,物理类,8294,天津医科大学临床医学院,8294-02,02,首选物理，再选不限,459,165041,https://www.jseea.cn/webfile/upload/2023/07-18/10-05-510166-183377989.xls
2023,物理类,8297,天津理工大学中环信息学院,8297-02,02,首选物理，再选不限,462,162620,https://www.jseea.cn/webfile/upload/2023/07-18/10-05-510166-183377989.xls
2023,物理类,8298,北京科技大学天津学院,8298-02,02,首选物理，再选不限,460,164240,https://www.jseea.cn/webfile/upload/2023/07-18/10-05-510166-183377989.xls
2023,物理类,8299,天津仁爱学院,8299-02,02,首选物理，再选不限,456,167463,https://www.jseea.cn/webfile/upload/2023/07-18/10-05-510166-183377989.xls
2023,物理类,8301,天津财经大学珠江学院,8301-02,02,首选物理，再选不限,459,165041,https://www.jseea.cn/webfile/upload/2023/07-18/10-05-510166-183377989.xls
2023,物理类,8313,河北科技学院,8313-02,02,首选物理，再选不限,458,165876,https://www.jseea.cn/webfile/upload/2023/07-18/10-05-510166-183377989.xls
2023,物理类,8314,河北外国语学院,8314-02,02,首选物理，再选不限,456,167463,https://www.jseea.cn/webfile/upload/2023/07-18/10-05-510166-183377989.xls
2023,物理类,8316,华北理工大学轻工学院,8316-02,02,首选物理，再选不限,458,165876,https://www.jseea.cn/webfile/upload/2023/07-18/10-05-510166-183377989.xls
2023,物理类,8318,河北经贸大学经济管理学院,8318-02,02,首选物理，再选不限,458,165876,https://www.jseea.cn/webfile/upload/2023/07-18/10-05-510166-183377989.xls
2023,物理类,8320,河北工程大学科信学院,8320-02,02,首选物理，再选不限,471,154931,https://www.jseea.cn/webfile/upload/2023/07-18/10-05-510166-183377989.xls
2023,物理类,8320,河北工程大学科信学院,8320-03,03,首选物理，再选化学,475,151397,https://www.jseea.cn/webfile/upload/2023/07-18/10-05-510166-183377989.xls
2023,物理类,8320,河北工程大学科信学院,8320-04,04,首选物理，再选化学或生物,476,150469,https://www.jseea.cn/webfile/upload/2023/07-18/10-05-510166-183377989.xls
2023,物理类,8323,石家庄铁道大学四方学院,8323-02,02,首选物理，再选不限,477,149565,https://www.jseea.cn/webfile/upload/2023/07-18/10-05-510166-183377989.xls
2023,物理类,8323,石家庄铁道大学四方学院,8323-03,03,首选物理，再选化学,476,150469,https://www.jseea.cn/webfile/upload/2023/07-18/10-05-510166-183377989.xls
2023,物理类,8324,河北地质大学华信学院,8324-02,02,首选物理，再选不限,458,165876,https://www.jseea.cn/webfile/upload/2023/07-18/10-05-510166-183377989.xls
2023,物理类,8326,保定理工学院,8326-03,03,首选物理，再选不限,461,163419,https://www.jseea.cn/webfile/upload/2023/07-18/10-05-510166-183377989.xls
2023,物理类,8326,保定理工学院,8326-04,04,首选物理，再选不限,452,170594,https://www.jseea.cn/webfile/upload/2023/07-18/10-05-510166-183377989.xls
2023,物理类,8328,北京中医药大学东方学院,8328-02,02,首选物理，再选不限,459,165041,https://www.jseea.cn/webfile/upload/2023/07-18/10-05-510166-183377989.xls
2023,物理类,8329,沧州交通学院,8329-02,02,首选物理，再选不限,460,164240,https://www.jseea.cn/webfile/upload/2023/07-18/10-05-510166-183377989.xls
2023,物理类,8330,河北东方学院,8330-02,02,首选物理，再选不限,464,161010,https://www.jseea.cn/webfile/upload/2023/07-18/10-05-510166-183377989.xls
2023,物理类,8360,山西应用科技学院,8360-02,02,首选物理，再选不限,459,165041,https://www.jseea.cn/webfile/upload/2023/07-18/10-05-510166-183377989.xls
2023,物理类,8363,晋中信息学院,8363-02,02,首选物理，再选不限,474,152315,https://www.jseea.cn/webfile/upload/2023/07-18/10-05-510166-183377989.xls
2023,物理类,8364,山西晋中理工学院,8364-02,02,首选物理，再选不限,465,160211,https://www.jseea.cn/webfile/upload/2023/07-18/10-05-510166-183377989.xls
2023,物理类,8365,山西科技学院,8365-02,02,首选物理，再选不限,493,134436,https://www.jseea.cn/webfile/upload/2023/07-18/10-05-510166-183377989.xls
2023,物理类,8365,山西科技学院,8365-03,03,首选物理，再选化学,505,122563,https://www.jseea.cn/webfile/upload/2023/07-18/10-05-510166-183377989.xls
2023,物理类,8366,山西工商学院,8366-02,02,首选物理，再选不限,461,163419,https://www.jseea.cn/webfile/upload/2023/07-18/10-05-510166-183377989.xls
2023,物理类,8379,运城职业技术大学,8379-02,02,首选物理，再选不限,463,161813,https://www.jseea.cn/webfile/upload/2023/07-18/10-05-510166-183377989.xls
2023,物理类,8401,辽宁对外经贸学院,8401-02,02,首选物理，再选不限,454,169034,https://www.jseea.cn/webfile/upload/2023/07-18/10-05-510166-183377989.xls
2023,物理类,8402,大连理工大学城市学院,8402-02,02,首选物理，再选不限,457,166664,https://www.jseea.cn/webfile/upload/2023/07-18/10-05-510166-183377989.xls
2023,物理类,8404,沈阳工学院,8404-02,02,首选物理，再选不限,457,166664,https://www.jseea.cn/webfile/upload/2023/07-18/10-05-510166-183377989.xls
2023,物理类,8405,大连工业大学艺术与信息工程学院,8405-02,02,首选物理，再选不限,456,167463,https://www.jseea.cn/webfile/upload/2023/07-18/10-05-510166-183377989.xls
2023,物理类,8406,大连科技学院,8406-02,02,首选物理，再选不限,456,167463,https://www.jseea.cn/webfile/upload/2023/07-18/10-05-510166-183377989.xls
2023,物理类,8407,沈阳城市建设学院,8407-02,02,首选物理，再选不限,455,168261,https://www.jseea.cn/webfile/upload/2023/07-18/10-05-510166-183377989.xls
2023,物理类,8408,大连医科大学中山学院,8408-02,02,首选物理，再选不限,455,168261,https://www.jseea.cn/webfile/upload/2023/07-18/10-05-510166-183377989.xls
2023,物理类,8411,大连财经学院,8411-02,02,首选物理，再选不限,457,166664,https://www.jseea.cn/webfile/upload/2023/07-18/10-05-510166-183377989.xls
2023,物理类,8412,沈阳城市学院,8412-02,02,首选物理，再选不限,454,169034,https://www.jseea.cn/webfile/upload/2023/07-18/10-05-510166-183377989.xls
2023,物理类,8416,大连东软信息学院,8416-03,03,首选物理，再选不限,456,167463,https://www.jseea.cn/webfile/upload/2023/07-18/10-05-510166-183377989.xls
2023,物理类,8417,辽宁师范大学海华学院,8417-02,02,首选物理，再选不限,460,164240,https://www.jseea.cn/webfile/upload/2023/07-18/10-05-510166-183377989.xls
2023,物理类,8440,吉林外国语大学,8440-03,03,首选物理，再选不限,456,167463,https://www.jseea.cn/webfile/upload/2023/07-18/10-05-510166-183377989.xls
2023,物理类,8440,吉林外国语大学,8440-04,04,首选物理，再选不限,453,169837,https://www.jseea.cn/webfile/upload/2023/07-18/10-05-510166-183377989.xls
2023,物理类,8441,长春光华学院,8441-02,02,首选物理，再选不限,454,169034,https://www.jseea.cn/webfile/upload/2023/07-18/10-05-510166-183377989.xls
2023,物理类,8442,长春工业大学人文信息学院,8442-02,02,首选物理，再选不限,455,168261,https://www.jseea.cn/webfile/upload/2023/07-18/10-05-510166-183377989.xls
2023,物理类,8443,长春电子科技学院,8443-02,02,首选物理，再选不限,455,168261,https://www.jseea.cn/webfile/upload/2023/07-18/10-05-510166-183377989.xls
2023,物理类,8444,长春财经学院,8444-03,03,首选物理，再选不限,454,169034,https://www.jseea.cn/webfile/upload/2023/07-18/10-05-510166-183377989.xls
2023,物理类,8444,长春财经学院,8444-04,04,首选物理，再选不限,456,167463,https://www.jseea.cn/webfile/upload/2023/07-18/10-05-510166-183377989.xls
2023,物理类,8445,吉林建筑科技学院,8445-03,03,首选物理，再选不限,454,169034,https://www.jseea.cn/webfile/upload/2023/07-18/10-05-510166-183377989.xls
2023,物理类,8445,吉林建筑科技学院,8445-04,04,首选物理，再选化学,456,167463,https://www.jseea.cn/webfile/upload/2023/07-18/10-05-510166-183377989.xls
2023,物理类,8446,长春建筑学院,8446-02,02,首选物理，再选不限,454,169034,https://www.jseea.cn/webfile/upload/2023/07-18/10-05-510166-183377989.xls
2023,物理类,8447,长春科技学院,8447-02,02,首选物理，再选不限,454,169034,https://www.jseea.cn/webfile/upload/2023/07-18/10-05-510166-183377989.xls
2023,物理类,8448,吉林动画学院,8448-02,02,首选物理，再选不限,455,168261,https://www.jseea.cn/webfile/upload/2023/07-18/10-05-510166-183377989.xls
2023,物理类,8449,吉林师范大学博达学院,8449-02,02,首选物理，再选不限,454,169034,https://www.jseea.cn/webfile/upload/2023/07-18/10-05-510166-183377989.xls
2023,物理类,8450,长春大学旅游学院,8450-02,02,首选物理，再选不限,454,169034,https://www.jseea.cn/webfile/upload/2023/07-18/10-05-510166-183377989.xls
2023,物理类,8451,长春人文学院,8451-02,02,首选物理，再选不限,454,169034,https://www.jseea.cn/webfile/upload/2023/07-18/10-05-510166-183377989.xls
2023,物理类,8451,长春人文学院,8451-03,03,首选物理，再选生物,462,162620,https://www.jseea.cn/webfile/upload/2023/07-18/10-05-510166-183377989.xls
2023,物理类,8470,黑龙江东方学院,8470-02,02,首选物理，再选不限,457,166664,https://www.jseea.cn/webfile/upload/2023/07-18/10-05-510166-183377989.xls
2023,物理类,8472,黑龙江财经学院,8472-02,02,首选物理，再选不限,455,168261,https://www.jseea.cn/webfile/upload/2023/07-18/10-05-510166-183377989.xls
2023,物理类,8473,哈尔滨石油学院,8473-02,02,首选物理，再选不限,468,157548,https://www.jseea.cn/webfile/upload/2023/07-18/10-05-510166-183377989.xls
2023,物理类,8474,哈尔滨广厦学院,8474-02,02,首选物理，再选不限,458,165876,https://www.jseea.cn/webfile/upload/2023/07-18/10-05-510166-183377989.xls
2023,物理类,8475,哈尔滨华德学院,8475-02,02,首选物理，再选不限,455,168261,https://www.jseea.cn/webfile/upload/2023/07-18/10-05-510166-183377989.xls
2023,物理类,8475,哈尔滨华德学院,8475-03,03,首选物理，再选不限,454,169034,https://www.jseea.cn/webfile/upload/2023/07-18/10-05-510166-183377989.xls
2023,物理类,8483,黑龙江工商学院,8483-02,02,首选物理，再选不限,457,166664,https://www.jseea.cn/webfile/upload/2023/07-18/10-05-510166-183377989.xls
2023,物理类,8501,黄河科技学院,8501-02,02,首选物理，再选不限,460,164240,https://www.jseea.cn/webfile/upload/2023/07-18/10-05-510166-183377989.xls
2023,物理类,8504,郑州财经学院,8504-02,02,首选物理，再选不限,470,155785,https://www.jseea.cn/webfile/upload/2023/07-18/10-05-510166-183377989.xls
2023,物理类,8505,商丘工学院,8505-01,01,首选物理，再选不限,464,161010,https://www.jseea.cn/webfile/upload/2023/07-18/10-05-510166-183377989.xls
2023,物理类,8508,郑州工商学院,8508-02,02,首选物理，再选不限,465,160211,https://www.jseea.cn/webfile/upload/2023/07-18/10-05-510166-183377989.xls
2023,物理类,8510,郑州商学院,8510-02,02,首选物理，再选不限,464,161010,https://www.jseea.cn/webfile/upload/2023/07-18/10-05-510166-183377989.xls
2023,物理类,8510,郑州商学院,8510-03,03,首选物理，再选化学,474,152315,https://www.jseea.cn/webfile/upload/2023/07-18/10-05-510166-183377989.xls
2023,物理类,8518,郑州西亚斯学院,8518-02,02,首选物理，再选不限,457,166664,https://www.jseea.cn/webfile/upload/2023/07-18/10-05-510166-183377989.xls
2023,物理类,8550,武汉东湖学院,8550-03,03,首选物理，再选不限,460,164240,https://www.jseea.cn/webfile/upload/2023/07-18/10-05-510166-183377989.xls
2023,物理类,8552,武昌首义学院,8552-03,03,首选物理，再选不限,460,164240,https://www.jseea.cn/webfile/upload/2023/07-18/10-05-510166-183377989.xls
2023,物理类,8553,武昌理工学院,8553-02,02,首选物理，再选不限,459,165041,https://www.jseea.cn/webfile/upload/2023/07-18/10-05-510166-183377989.xls
2023,物理类,8554,武汉生物工程学院,8554-03,03,首选物理，再选不限,463,161813,https://www.jseea.cn/webfile/upload/2023/07-18/10-05-510166-183377989.xls
2023,物理类,8554,武汉生物工程学院,8554-04,04,首选物理，再选化学或生物,474,152315,https://www.jseea.cn/webfile/upload/2023/07-18/10-05-510166-183377989.xls
2023,物理类,8555,武汉晴川学院,8555-02,02,首选物理，再选不限,459,165041,https://www.jseea.cn/webfile/upload/2023/07-18/10-05-510166-183377989.xls
2023,物理类,8556,湖北大学知行学院,8556-02,02,首选物理，再选不限,464,161010,https://www.jseea.cn/webfile/upload/2023/07-18/10-05-510166-183377989.xls
2023,物理类,8556,湖北大学知行学院,8556-03,03,首选物理，再选化学,467,158486,https://www.jseea.cn/webfile/upload/2023/07-18/10-05-510166-183377989.xls
2023,物理类,8556,湖北大学知行学院,8556-04,04,首选物理，再选化学或生物,473,153184,https://www.jseea.cn/webfile/upload/2023/07-18/10-05-510166-183377989.xls
2023,物理类,8557,武汉城市学院,8557-02,02,首选物理，再选不限,461,163419,https://www.jseea.cn/webfile/upload/2023/07-18/10-05-510166-183377989.xls
2023,物理类,8557,武汉城市学院,8557-03,03,首选物理，再选化学,459,165041,https://www.jseea.cn/webfile/upload/2023/07-18/10-05-510166-183377989.xls
2023,物理类,8558,三峡大学科技学院,8558-02,02,首选物理，再选不限,468,157548,https://www.jseea.cn/webfile/upload/2023/07-18/10-05-510166-183377989.xls
2023,物理类,8559,湖北工业大学工程技术学院,8559-02,02,首选物理，再选不限,460,164240,https://www.jseea.cn/webfile/upload/2023/07-18/10-05-510166-183377989.xls
2023,物理类,8560,武汉工程大学邮电与信息工程学院,8560-02,02,首选物理，再选不限,466,159348,https://www.jseea.cn/webfile/upload/2023/07-18/10-05-510166-183377989.xls
2023,物理类,8560,武汉工程大学邮电与信息工程学院,8560-03,03,首选物理，再选化学,461,163419,https://www.jseea.cn/webfile/upload/2023/07-18/10-05-510166-183377989.xls
2023,物理类,8561,武汉纺织大学外经贸学院,8561-03,03,首选物理，再选不限,458,165876,https://www.jseea.cn/webfile/upload/2023/07-18/10-05-510166-183377989.xls
2023,物理类,8562,武昌工学院,8562-02,02,首选物理，再选不限,467,158486,https://www.jseea.cn/webfile/upload/2023/07-18/10-05-510166-183377989.xls
2023,物理类,8563,武汉工商学院,8563-02,02,首选物理，再选不限,460,164240,https://www.jseea.cn/webfile/upload/2023/07-18/10-05-510166-183377989.xls
2023,物理类,8565,长江大学文理学院,8565-02,02,首选物理，再选不限,468,157548,https://www.jseea.cn/webfile/upload/2023/07-18/10-05-510166-183377989.xls
2023,物理类,8568,湖北医药学院药护学院,8568-01,01,首选物理，再选不限,458,165876,https://www.jseea.cn/webfile/upload/2023/07-18/10-05-510166-183377989.xls
2023,物理类,8570,湖北经济学院法商学院,8570-02,02,首选物理，再选不限,458,165876,https://www.jseea.cn/webfile/upload/2023/07-18/10-05-510166-183377989.xls
2023,物理类,8571,武汉体育学院体育科技学院,8571-02,02,首选物理，再选不限,456,167463,https://www.jseea.cn/webfile/upload/2023/07-18/10-05-510166-183377989.xls
2023,物理类,8572,湖北文理学院理工学院,8572-02,02,首选物理，再选不限,462,162620,https://www.jseea.cn/webfile/upload/2023/07-18/10-05-510166-183377989.xls
2023,物理类,8573,文华学院,8573-02,02,首选物理，再选不限,459,165041,https://www.jseea.cn/webfile/upload/2023/07-18/10-05-510166-183377989.xls
2023,物理类,8574,武汉工程科技学院,8574-03,03,首选物理，再选不限,461,163419,https://www.jseea.cn/webfile/upload/2023/07-18/10-05-510166-183377989.xls
2023,物理类,8575,武汉华夏理工学院,8575-02,02,首选物理，再选不限,459,165041,https://www.jseea.cn/webfile/upload/2023/07-18/10-05-510166-183377989.xls
2023,物理类,8576,武汉传媒学院,8576-02,02,首选物理，再选不限,478,148669,https://www.jseea.cn/webfile/upload/2023/07-18/10-05-510166-183377989.xls
2023,物理类,8576,武汉传媒学院,8576-03,03,首选物理，再选不限,466,159348,https://www.jseea.cn/webfile/upload/2023/07-18/10-05-510166-183377989.xls
2023,物理类,8577,武汉设计工程学院,8577-02,02,首选物理，再选不限,459,165041,https://www.jseea.cn/webfile/upload/2023/07-18/10-05-510166-183377989.xls
2023,物理类,8601,长沙医学院,8601-02,02,首选物理，再选不限,460,164240,https://www.jseea.cn/webfile/upload/2023/07-18/10-05-510166-183377989.xls
2023,物理类,8602,湖南涉外经济学院,8602-02,02,首选物理，再选不限,456,167463,https://www.jseea.cn/webfile/upload/2023/07-18/10-05-510166-183377989.xls
2023,物理类,8603,湘潭大学兴湘学院,8603-02,02,首选物理，再选不限,479,147716,https://www.jseea.cn/webfile/upload/2023/07-18/10-05-510166-183377989.xls
2023,物理类,8603,湘潭大学兴湘学院,8603-03,03,首选物理，再选化学,474,152315,https://www.jseea.cn/webfile/upload/2023/07-18/10-05-510166-183377989.xls
2023,物理类,8604,湖南工业大学科技学院,8604-02,02,首选物理，再选不限,470,155785,https://www.jseea.cn/webfile/upload/2023/07-18/10-05-510166-183377989.xls
2023,物理类,8604,湖南工业大学科技学院,8604-03,03,首选物理，再选化学,467,158486,https://www.jseea.cn/webfile/upload/2023/07-18/10-05-510166-183377989.xls
2023,物理类,8605,湖南科技大学潇湘学院,8605-02,02,首选物理，再选不限,479,147716,https://www.jseea.cn/webfile/upload/2023/07-18/10-05-510166-183377989.xls
2023,物理类,8606,南华大学船山学院,8606-02,02,首选物理，再选不限,472,154057,https://www.jseea.cn/webfile/upload/2023/07-18/10-05-510166-183377989.xls
2023,物理类,8607,湘潭理工学院,8607-02,02,首选物理，再选不限,461,163419,https://www.jseea.cn/webfile/upload/2023/07-18/10-05-510166-183377989.xls
2023,物理类,8608,湖南农业大学东方科技学院,8608-01,01,首选物理，再选化学或生物,470,155785,https://www.jseea.cn/webfile/upload/2023/07-18/10-05-510166-183377989.xls
2023,物理类,8609,湖南文理学院芙蓉学院,8609-02,02,首选物理，再选不限,476,150469,https://www.jseea.cn/webfile/upload/2023/07-18/10-05-510166-183377989.xls
2023,物理类,8610,湖南理工学院南湖学院,8610-03,03,首选物理，再选不限,466,159348,https://www.jseea.cn/webfile/upload/2023/07-18/10-05-510166-183377989.xls
2023,物理类,8612,湖南工程学院应用技术学院,8612-01,01,首选物理，再选不限,459,165041,https://www.jseea.cn/webfile/upload/2023/07-18/10-05-510166-183377989.xls
2023,物理类,8614,长沙理工大学城南学院,8614-02,02,首选物理，再选不限,473,153184,https://www.jseea.cn/webfile/upload/2023/07-18/10-05-510166-183377989.xls
2023,物理类,8640,广东白云学院,8640-02,02,首选物理，再选不限,458,165876,https://www.jseea.cn/webfile/upload/2023/07-18/10-05-510166-183377989.xls
2023,物理类,8641,电子科技大学中山学院,8641-02,02,首选物理，再选不限,458,165876,https://www.jseea.cn/webfile/upload/2023/07-18/10-05-510166-183377989.xls
2023,物理类,8641,电子科技大学中山学院,8641-03,03,首选物理，再选化学,457,166664,https://www.jseea.cn/webfile/upload/2023/07-18/10-05-510166-183377989.xls
2023,物理类,8642,广东东软学院,8642-02,02,首选物理，再选不限,455,168261,https://www.jseea.cn/webfile/upload/2023/07-18/10-05-510166-183377989.xls
2023,物理类,8643,广州城市理工学院,8643-02,02,首选物理，再选不限,458,165876,https://www.jseea.cn/webfile/upload/2023/07-18/10-05-510166-183377989.xls
2023,物理类,8643,广州城市理工学院,8643-03,03,首选物理，再选化学,456,167463,https://www.jseea.cn/webfile/upload/2023/07-18/10-05-510166-183377989.xls
2023,物理类,8644,广州软件学院,8644-02,02,首选物理，再选不限,471,154931,https://www.jseea.cn/webfile/upload/2023/07-18/10-05-510166-183377989.xls
2023,物理类,8644,广州软件学院,8644-03,03,首选物理，再选不限,477,149565,https://www.jseea.cn/webfile/upload/2023/07-18/10-05-510166-183377989.xls
2023,物理类,8645,广州南方学院,8645-02,02,首选物理，再选不限,457,166664,https://www.jseea.cn/webfile/upload/2023/07-18/10-05-510166-183377989.xls
2023,物理类,8645,广州南方学院,8645-03,03,首选物理，再选不限,464,161010,https://www.jseea.cn/webfile/upload/2023/07-18/10-05-510166-183377989.xls
2023,物理类,8646,广东外语外贸大学南国商学院,8646-02,02,首选物理，再选不限,455,168261,https://www.jseea.cn/webfile/upload/2023/07-18/10-05-510166-183377989.xls
2023,物理类,8649,北京理工大学珠海学院,8649-02,02,首选物理，再选不限,476,150469,https://www.jseea.cn/webfile/upload/2023/07-18/10-05-510166-183377989.xls
2023,物理类,8650,珠海科技学院,8650-02,02,首选物理，再选不限,475,151397,https://www.jseea.cn/webfile/upload/2023/07-18/10-05-510166-183377989.xls
2023,物理类,8651,广州工商学院,8651-02,02,首选物理，再选不限,454,169034,https://www.jseea.cn/webfile/upload/2023/07-18/10-05-510166-183377989.xls
2023,物理类,8651,广州工商学院,8651-03,03,首选物理，再选不限,452,170594,https://www.jseea.cn/webfile/upload/2023/07-18/10-05-510166-183377989.xls
2023,物理类,8652,东莞城市学院,8652-02,02,首选物理，再选不限,455,168261,https://www.jseea.cn/webfile/upload/2023/07-18/10-05-510166-183377989.xls
2023,物理类,8652,东莞城市学院,8652-03,03,首选物理，再选化学或地理,457,166664,https://www.jseea.cn/webfile/upload/2023/07-18/10-05-510166-183377989.xls
2023,物理类,8659,华南农业大学珠江学院,8659-02,02,首选物理，再选不限,460,164240,https://www.jseea.cn/webfile/upload/2023/07-18/10-05-510166-183377989.xls
2023,物理类,8661,广州华立学院,8661-02,02,首选物理，再选不限,463,161813,https://www.jseea.cn/webfile/upload/2023/07-18/10-05-510166-183377989.xls
2023,物理类,8665,广州新华学院,8665-02,02,首选物理，再选不限,457,166664,https://www.jseea.cn/webfile/upload/2023/07-18/10-05-510166-183377989.xls
2023,物理类,8668,广东理工学院,8668-02,02,首选物理，再选不限,458,165876,https://www.jseea.cn/webfile/upload/2023/07-18/10-05-510166-183377989.xls
2023,物理类,8710,南宁学院,8710-02,02,首选物理，再选不限,458,165876,https://www.jseea.cn/webfile/upload/2023/07-18/10-05-510166-183377989.xls
2023,物理类,8713,柳州工学院,8713-02,02,首选物理，再选不限,455,168261,https://www.jseea.cn/webfile/upload/2023/07-18/10-05-510166-183377989.xls
2023,物理类,8713,柳州工学院,8713-03,03,首选物理，再选化学,455,168261,https://www.jseea.cn/webfile/upload/2023/07-18/10-05-510166-183377989.xls
2023,物理类,8714,桂林学院,8714-02,02,首选物理，再选不限,457,166664,https://www.jseea.cn/webfile/upload/2023/07-18/10-05-510166-183377989.xls
2023,物理类,8715,广西中医药大学赛恩斯新医药学院,8715-03,03,首选物理，再选不限,455,168261,https://www.jseea.cn/webfile/upload/2023/07-18/10-05-510166-183377989.xls
2023,物理类,8715,广西中医药大学赛恩斯新医药学院,8715-04,04,首选物理，再选化学或生物,457,166664,https://www.jseea.cn/webfile/upload/2023/07-18/10-05-510166-183377989.xls
2023,物理类,8716,桂林信息科技学院,8716-02,02,首选物理，再选不限,455,168261,https://www.jseea.cn/webfile/upload/2023/07-18/10-05-510166-183377989.xls
2023,物理类,8718,广西外国语学院,8718-02,02,首选物理，再选不限,457,166664,https://www.jseea.cn/webfile/upload/2023/07-18/10-05-510166-183377989.xls
2023,物理类,8740,海口经济学院,8740-04,04,首选物理，再选不限,454,169034,https://www.jseea.cn/webfile/upload/2023/07-18/10-05-510166-183377989.xls
2023,物理类,8741,三亚学院,8741-04,04,首选物理，再选不限,454,169034,https://www.jseea.cn/webfile/upload/2023/07-18/10-05-510166-183377989.xls
2023,物理类,8741,三亚学院,8741-05,05,首选物理，再选不限,454,169034,https://www.jseea.cn/webfile/upload/2023/07-18/10-05-510166-183377989.xls
2023,物理类,8741,三亚学院,8741-06,06,首选物理，再选不限,453,169837,https://www.jseea.cn/webfile/upload/2023/07-18/10-05-510166-183377989.xls
2023,物理类,8757,海南科技职业大学,8757-04,04,首选物理，再选不限,454,169034,https://www.jseea.cn/webfile/upload/2023/07-18/10-05-510166-183377989.xls
2023,物理类,8760,成都东软学院,8760-02,02,首选物理，再选不限,464,161010,https://www.jseea.cn/webfile/upload/2023/07-18/10-05-510166-183377989.xls
2023,物理类,8761,电子科技大学成都学院,8761-02,02,首选物理，再选不限,478,148669,https://www.jseea.cn/webfile/upload/2023/07-18/10-05-510166-183377989.xls
2023,物理类,8762,成都理工大学工程技术学院,8762-02,02,首选物理，再选不限,466,159348,https://www.jseea.cn/webfile/upload/2023/07-18/10-05-510166-183377989.xls
2023,物理类,8764,成都银杏酒店管理学院,8764-03,03,首选物理，再选不限,458,165876,https://www.jseea.cn/webfile/upload/2023/07-18/10-05-510166-183377989.xls
2023,物理类,8767,四川外国语大学成都学院,8767-02,02,首选物理，再选不限,458,165876,https://www.jseea.cn/webfile/upload/2023/07-18/10-05-510166-183377989.xls
2023,物理类,8769,成都锦城学院,8769-02,02,首选物理，再选不限,468,157548,https://www.jseea.cn/webfile/upload/2023/07-18/10-05-510166-183377989.xls
2023,物理类,8770,西南财经大学天府学院,8770-03,03,首选物理，再选不限,460,164240,https://www.jseea.cn/webfile/upload/2023/07-18/10-05-510166-183377989.xls
2023,物理类,8771,四川大学锦江学院,8771-02,02,首选物理，再选不限,462,162620,https://www.jseea.cn/webfile/upload/2023/07-18/10-05-510166-183377989.xls
2023,物理类,8774,西南交通大学希望学院,8774-02,02,首选物理，再选不限,469,156709,https://www.jseea.cn/webfile/upload/2023/07-18/10-05-510166-183377989.xls
2023,物理类,8774,西南交通大学希望学院,8774-03,03,首选物理，再选化学,462,162620,https://www.jseea.cn/webfile/upload/2023/07-18/10-05-510166-183377989.xls
2023,物理类,8781,吉利学院,8781-02,02,首选物理，再选不限,459,165041,https://www.jseea.cn/webfile/upload/2023/07-18/10-05-510166-183377989.xls
2023,物理类,8802,重庆外语外事学院,8802-02,02,首选物理，再选不限,458,165876,https://www.jseea.cn/webfile/upload/2023/07-18/10-05-510166-183377989.xls
2023,物理类,8803,重庆对外经贸学院,8803-03,03,首选物理，再选不限,460,164240,https://www.jseea.cn/webfile/upload/2023/07-18/10-05-510166-183377989.xls
2023,物理类,8803,重庆对外经贸学院,8803-04,04,首选物理，再选化学或地理,472,154057,https://www.jseea.cn/webfile/upload/2023/07-18/10-05-510166-183377989.xls
2023,物理类,8804,重庆财经学院,8804-02,02,首选物理，再选不限,472,154057,https://www.jseea.cn/webfile/upload/2023/07-18/10-05-510166-183377989.xls
2023,物理类,8804,重庆财经学院,8804-03,03,首选物理，再选不限,492,135454,https://www.jseea.cn/webfile/upload/2023/07-18/10-05-510166-183377989.xls
2023,物理类,8805,重庆工商大学派斯学院,8805-02,02,首选物理，再选不限,463,161813,https://www.jseea.cn/webfile/upload/2023/07-18/10-05-510166-183377989.xls
2023,物理类,8806,重庆移通学院,8806-02,02,首选物理，再选不限,469,156709,https://www.jseea.cn/webfile/upload/2023/07-18/10-05-510166-183377989.xls
2023,物理类,8806,重庆移通学院,8806-03,03,首选物理，再选不限,453,169837,https://www.jseea.cn/webfile/upload/2023/07-18/10-05-510166-183377989.xls
2023,物理类,8808,重庆人文科技学院,8808-02,02,首选物理，再选不限,476,150469,https://www.jseea.cn/webfile/upload/2023/07-18/10-05-510166-183377989.xls
2023,物理类,8841,贵阳人文科技学院,8841-02,02,首选物理，再选不限,459,165041,https://www.jseea.cn/webfile/upload/2023/07-18/10-05-510166-183377989.xls
2023,物理类,8848,茅台学院,8848-01,01,首选物理，再选化学或生物,480,146747,https://www.jseea.cn/webfile/upload/2023/07-18/10-05-510166-183377989.xls
2023,物理类,8849,贵阳信息科技学院,8849-01,01,首选物理，再选不限,459,165041,https://www.jseea.cn/webfile/upload/2023/07-18/10-05-510166-183377989.xls
2023,物理类,8870,云南大学滇池学院,8870-02,02,首选物理，再选不限,457,166664,https://www.jseea.cn/webfile/upload/2023/07-18/10-05-510166-183377989.xls
2023,物理类,8871,丽江文化旅游学院,8871-03,03,首选物理，再选不限,455,168261,https://www.jseea.cn/webfile/upload/2023/07-18/10-05-510166-183377989.xls
2023,物理类,8875,昆明文理学院,8875-02,02,首选物理，再选不限,456,167463,https://www.jseea.cn/webfile/upload/2023/07-18/10-05-510166-183377989.xls
2023,物理类,8876,昆明理工大学津桥学院,8876-02,02,首选物理，再选不限,456,167463,https://www.jseea.cn/webfile/upload/2023/07-18/10-05-510166-183377989.xls
2023,物理类,8876,昆明理工大学津桥学院,8876-03,03,首选物理，再选化学,457,166664,https://www.jseea.cn/webfile/upload/2023/07-18/10-05-510166-183377989.xls
2023,物理类,8878,云南经济管理学院,8878-03,03,首选物理，再选不限,457,166664,https://www.jseea.cn/webfile/upload/2023/07-18/10-05-510166-183377989.xls
2023,物理类,8901,西安培华学院,8901-02,02,首选物理，再选不限,470,155785,https://www.jseea.cn/webfile/upload/2023/07-18/10-05-510166-183377989.xls
2023,物理类,8902,西安欧亚学院,8902-02,02,首选物理，再选不限,457,166664,https://www.jseea.cn/webfile/upload/2023/07-18/10-05-510166-183377989.xls
2023,物理类,8902,西安欧亚学院,8902-03,03,首选物理，再选不限,460,164240,https://www.jseea.cn/webfile/upload/2023/07-18/10-05-510166-183377989.xls
2023,物理类,8903,西安外事学院,8903-03,03,首选物理，再选不限,455,168261,https://www.jseea.cn/webfile/upload/2023/07-18/10-05-510166-183377989.xls
2023,物理类,8905,西京学院,8905-02,02,首选物理，再选不限,475,151397,https://www.jseea.cn/webfile/upload/2023/07-18/10-05-510166-183377989.xls
2023,物理类,8906,西安思源学院,8906-02,02,首选物理，再选不限,458,165876,https://www.jseea.cn/webfile/upload/2023/07-18/10-05-510166-183377989.xls
2023,物理类,8907,陕西国际商贸学院,8907-03,03,首选物理，再选不限,457,166664,https://www.jseea.cn/webfile/upload/2023/07-18/10-05-510166-183377989.xls
2023,物理类,8910,西安交通大学城市学院,8910-02,02,首选物理，再选不限,461,163419,https://www.jseea.cn/webfile/upload/2023/07-18/10-05-510166-183377989.xls
2023,物理类,8911,西北大学现代学院,8911-02,02,首选物理，再选不限,469,156709,https://www.jseea.cn/webfile/upload/2023/07-18/10-05-510166-183377989.xls
2023,物理类,8912,西安建筑科技大学华清学院,8912-02,02,首选物理，再选不限,462,162620,https://www.jseea.cn/webfile/upload/2023/07-18/10-05-510166-183377989.xls
2023,物理类,8913,西安财经大学行知学院,8913-02,02,首选物理，再选不限,459,165041,https://www.jseea.cn/webfile/upload/2023/07-18/10-05-510166-183377989.xls
2023,物理类,8914,西安工商学院,8914-03,03,首选物理，再选不限,460,164240,https://www.jseea.cn/webfile/upload/2023/07-18/10-05-510166-183377989.xls
2023,物理类,8915,延安大学西安创新学院,8915-01,01,首选物理，再选不限,458,165876,https://www.jseea.cn/webfile/upload/2023/07-18/10-05-510166-183377989.xls
2023,物理类,8916,西安明德理工学院,8916-02,02,首选物理，再选不限,459,165041,https://www.jseea.cn/webfile/upload/2023/07-18/10-05-510166-183377989.xls
2023,物理类,8918,西安科技大学高新学院,8918-02,02,首选物理，再选不限,467,158486,https://www.jseea.cn/webfile/upload/2023/07-18/10-05-510166-183377989.xls
2023,物理类,8940,兰州工商学院,8940-02,02,首选物理，再选不限,454,169034,https://www.jseea.cn/webfile/upload/2023/07-18/10-05-510166-183377989.xls
2023,物理类,8941,兰州博文科技学院,8941-02,02,首选物理，再选不限,458,165876,https://www.jseea.cn/webfile/upload/2023/07-18/10-05-510166-183377989.xls
2023,物理类,8942,兰州信息科技学院,8942-02,02,首选物理，再选不限,458,165876,https://www.jseea.cn/webfile/upload/2023/07-18/10-05-510166-183377989.xls
2023,物理类,8970,宁夏理工学院,8970-03,03,首选物理，再选不限,455,168261,https://www.jseea.cn/webfile/upload/2023/07-18/10-05-510166-183377989.xls
2023,物理类,8970,宁夏理工学院,8970-04,04,首选物理，再选化学,457,166664,https://www.jseea.cn/webfile/upload/2023/07-18/10-05-510166-183377989.xls
2023,物理类,8971,宁夏大学新华学院,8971-02,02,首选物理，再选不限,462,162620,https://www.jseea.cn/webfile/upload/2023/07-18/10-05-510166-183377989.xls
2023,物理类,8972,银川能源学院,8972-02,02,首选物理，再选不限,456,167463,https://www.jseea.cn/webfile/upload/2023/07-18/10-05-510166-183377989.xls
2023,物理类,9112,香港珠海学院,9112-02,02,首选物理，再选不限,483,143882,https://www.jseea.cn/webfile/upload/2023/07-18/10-05-510166-183377989.xls
