year,subject_category,school_code,school_name,special_group,sg_name,sg_info,min_score,min_rank,source_url
2024,历史类,0306,中国民用航空飞行学院,0306-01,01,首选历史，再选不限,528,27732,https://www.jseea.cn/webfile/upload/2024/07-18/09-11-430408314109108.xls
2024,历史类,0306,中国民用航空飞行学院,0306-02,02,首选历史，再选思想政治,547,19543,https://www.jseea.cn/webfile/upload/2024/07-18/09-11-430408314109108.xls
2024,历史类,1101,南京大学,1101-03,03,首选历史，再选不限,638,401,https://www.jseea.cn/webfile/upload/2024/07-18/09-11-430408314109108.xls
2024,历史类,1102,东南大学,1102-03,03,首选历史，再选不限,629,798,https://www.jseea.cn/webfile/upload/2024/07-18/09-11-430408314109108.xls
2024,历史类,1103,南京航空航天大学,1103-01,01,首选历史，再选不限,605,3225,https://www.jseea.cn/webfile/upload/2024/07-18/09-11-430408314109108.xls
2024,历史类,1104,南京理工大学,1104-01,01,首选历史，再选不限,602,3681,https://www.jseea.cn/webfile/upload/2024/07-18/09-11-430408314109108.xls
2024,历史类,1105,河海大学,1105-01,01,首选历史，再选不限,601,3855,https://www.jseea.cn/webfile/upload/2024/07-18/09-11-430408314109108.xls
2024,历史类,1105,河海大学,1105-02,02,首选历史，再选不限,596,4751,https://www.jseea.cn/webfile/upload/2024/07-18/09-11-430408314109108.xls
2024,历史类,1105,河海大学,1105-03,03,首选历史，再选思想政治,600,4028,https://www.jseea.cn/webfile/upload/2024/07-18/09-11-430408314109108.xls
2024,历史类,1106,南京信息工程大学,1106-01,01,首选历史，再选不限,582,7859,https://www.jseea.cn/webfile/upload/2024/07-18/09-11-430408314109108.xls
2024,历史类,1106,南京信息工程大学,1106-02,02,首选历史，再选思想政治,585,7092,https://www.jseea.cn/webfile/upload/2024/07-18/09-11-430408314109108.xls
2024,历史类,1106,南京信息工程大学,1106-03,03,首选历史，再选不限,557,15653,https://www.jseea.cn/webfile/upload/2024/07-18/09-11-430408314109108.xls
2024,历史类,1107,南京农业大学,1107-01,01,首选历史，再选不限,587,6638,https://www.jseea.cn/webfile/upload/2024/07-18/09-11-430408314109108.xls
2024,历史类,1108,南京师范大学,1108-05,05,首选历史，再选不限,622,1260,https://www.jseea.cn/webfile/upload/2024/07-18/09-11-430408314109108.xls
2024,历史类,1108,南京师范大学,1108-06,06,首选历史，再选不限,617,1700,https://www.jseea.cn/webfile/upload/2024/07-18/09-11-430408314109108.xls
2024,历史类,1108,南京师范大学,1108-07,07,首选历史，再选不限,597,4550,https://www.jseea.cn/webfile/upload/2024/07-18/09-11-430408314109108.xls
2024,历史类,1108,南京师范大学,1108-08,08,首选历史，再选不限,574,10080,https://www.jseea.cn/webfile/upload/2024/07-18/09-11-430408314109108.xls
2024,历史类,1108,南京师范大学,1108-09,09,首选历史，再选不限,585,7092,https://www.jseea.cn/webfile/upload/2024/07-18/09-11-430408314109108.xls
2024,历史类,1108,南京师范大学,1108-10,10,首选历史，再选思想政治,609,2654,https://www.jseea.cn/webfile/upload/2024/07-18/09-11-430408314109108.xls
2024,历史类,1108,南京师范大学,1108-11,11,首选历史，再选地理,606,3067,https://www.jseea.cn/webfile/upload/2024/07-18/09-11-430408314109108.xls
2024,历史类,1109,中国药科大学,1109-01,01,首选历史，再选不限,585,7092,https://www.jseea.cn/webfile/upload/2024/07-18/09-11-430408314109108.xls
2024,历史类,1110,南京工业大学,1110-02,02,首选历史，再选不限,562,13908,https://www.jseea.cn/webfile/upload/2024/07-18/09-11-430408314109108.xls
2024,历史类,1111,南京邮电大学,1111-02,02,首选历史，再选不限,572,10689,https://www.jseea.cn/webfile/upload/2024/07-18/09-11-430408314109108.xls
2024,历史类,1112,南京医科大学,1112-01,01,首选历史，再选不限,563,13578,https://www.jseea.cn/webfile/upload/2024/07-18/09-11-430408314109108.xls
2024,历史类,1113,南京中医药大学,1113-01,01,首选历史，再选不限,559,14929,https://www.jseea.cn/webfile/upload/2024/07-18/09-11-430408314109108.xls
2024,历史类,1113,南京中医药大学,1113-02,02,首选历史，再选不限,525,29083,https://www.jseea.cn/webfile/upload/2024/07-18/09-11-430408314109108.xls
2024,历史类,1114,南京工程学院,1114-01,01,首选历史，再选不限,541,22031,https://www.jseea.cn/webfile/upload/2024/07-18/09-11-430408314109108.xls
2024,历史类,1114,南京工程学院,1114-02,02,首选历史，再选不限,523,29991,https://www.jseea.cn/webfile/upload/2024/07-18/09-11-430408314109108.xls
2024,历史类,1115,南京林业大学,1115-01,01,首选历史，再选不限,579,8655,https://www.jseea.cn/webfile/upload/2024/07-18/09-11-430408314109108.xls
2024,历史类,1115,南京林业大学,1115-02,02,首选历史，再选不限,561,14231,https://www.jseea.cn/webfile/upload/2024/07-18/09-11-430408314109108.xls
2024,历史类,1115,南京林业大学,1115-03,03,首选历史，再选生物,551,17923,https://www.jseea.cn/webfile/upload/2024/07-18/09-11-430408314109108.xls
2024,历史类,1116,南京财经大学,1116-01,01,首选历史，再选不限,586,6866,https://www.jseea.cn/webfile/upload/2024/07-18/09-11-430408314109108.xls
2024,历史类,1116,南京财经大学,1116-02,02,首选历史，再选不限,587,6638,https://www.jseea.cn/webfile/upload/2024/07-18/09-11-430408314109108.xls
2024,历史类,1116,南京财经大学,1116-03,03,首选历史，再选不限,570,11302,https://www.jseea.cn/webfile/upload/2024/07-18/09-11-430408314109108.xls
2024,历史类,1116,南京财经大学,1116-04,04,首选历史，再选不限,566,12572,https://www.jseea.cn/webfile/upload/2024/07-18/09-11-430408314109108.xls
2024,历史类,1116,南京财经大学,1116-05,05,首选历史，再选不限,547,19543,https://www.jseea.cn/webfile/upload/2024/07-18/09-11-430408314109108.xls
2024,历史类,1117,南京体育学院,1117-01,01,首选历史，再选不限,516,33212,https://www.jseea.cn/webfile/upload/2024/07-18/09-11-430408314109108.xls
2024,历史类,1117,南京体育学院,1117-02,02,首选历史，再选不限,520,31428,https://www.jseea.cn/webfile/upload/2024/07-18/09-11-430408314109108.xls
2024,历史类,1117,南京体育学院,1117-03,03,首选历史，再选不限,478,50966,https://www.jseea.cn/webfile/upload/2024/07-18/09-11-430408314109108.xls
2024,历史类,1118,南京艺术学院,1118-01,01,首选历史，再选不限,513,34650,https://www.jseea.cn/webfile/upload/2024/07-18/09-11-430408314109108.xls
2024,历史类,1119,南京审计大学,1119-01,01,首选历史，再选不限,566,12572,https://www.jseea.cn/webfile/upload/2024/07-18/09-11-430408314109108.xls
2024,历史类,1119,南京审计大学,1119-02,02,首选历史，再选不限,566,12572,https://www.jseea.cn/webfile/upload/2024/07-18/09-11-430408314109108.xls
2024,历史类,1119,南京审计大学,1119-03,03,首选历史，再选不限,578,8946,https://www.jseea.cn/webfile/upload/2024/07-18/09-11-430408314109108.xls
2024,历史类,1119,南京审计大学,1119-04,04,首选历史，再选不限,558,15274,https://www.jseea.cn/webfile/upload/2024/07-18/09-11-430408314109108.xls
2024,历史类,1120,南京晓庄学院,1120-03,03,首选历史，再选不限,541,22031,https://www.jseea.cn/webfile/upload/2024/07-18/09-11-430408314109108.xls
2024,历史类,1120,南京晓庄学院,1120-04,04,首选历史，再选不限,525,29083,https://www.jseea.cn/webfile/upload/2024/07-18/09-11-430408314109108.xls
2024,历史类,1120,南京晓庄学院,1120-05,05,首选历史，再选不限,514,34139,https://www.jseea.cn/webfile/upload/2024/07-18/09-11-430408314109108.xls
2024,历史类,1120,南京晓庄学院,1120-06,06,首选历史，再选思想政治,561,14231,https://www.jseea.cn/webfile/upload/2024/07-18/09-11-430408314109108.xls
2024,历史类,1120,南京晓庄学院,1120-07,07,首选历史，再选地理,552,17538,https://www.jseea.cn/webfile/upload/2024/07-18/09-11-430408314109108.xls
2024,历史类,1128,金陵科技学院,1128-01,01,首选历史，再选不限,542,21615,https://www.jseea.cn/webfile/upload/2024/07-18/09-11-430408314109108.xls
2024,历史类,1128,金陵科技学院,1128-02,02,首选历史，再选不限,528,27732,https://www.jseea.cn/webfile/upload/2024/07-18/09-11-430408314109108.xls
2024,历史类,1128,金陵科技学院,1128-03,03,首选历史，再选不限,521,30977,https://www.jseea.cn/webfile/upload/2024/07-18/09-11-430408314109108.xls
2024,历史类,1131,江苏第二师范学院,1131-04,04,首选历史，再选不限,554,16794,https://www.jseea.cn/webfile/upload/2024/07-18/09-11-430408314109108.xls
2024,历史类,1131,江苏第二师范学院,1131-05,05,首选历史，再选不限,540,22464,https://www.jseea.cn/webfile/upload/2024/07-18/09-11-430408314109108.xls
2024,历史类,1131,江苏第二师范学院,1131-06,06,首选历史，再选不限,534,25037,https://www.jseea.cn/webfile/upload/2024/07-18/09-11-430408314109108.xls
2024,历史类,1131,江苏第二师范学院,1131-07,07,首选历史，再选不限,540,22464,https://www.jseea.cn/webfile/upload/2024/07-18/09-11-430408314109108.xls
2024,历史类,1131,江苏第二师范学院,1131-08,08,首选历史，再选不限,508,37065,https://www.jseea.cn/webfile/upload/2024/07-18/09-11-430408314109108.xls
2024,历史类,1131,江苏第二师范学院,1131-09,09,首选历史，再选不限,478,50966,https://www.jseea.cn/webfile/upload/2024/07-18/09-11-430408314109108.xls
2024,历史类,1131,江苏第二师范学院,1131-10,10,首选历史，再选思想政治,553,17142,https://www.jseea.cn/webfile/upload/2024/07-18/09-11-430408314109108.xls
2024,历史类,1131,江苏第二师范学院,1131-11,11,首选历史，再选地理,541,22031,https://www.jseea.cn/webfile/upload/2024/07-18/09-11-430408314109108.xls
2024,历史类,1133,南京特殊教育师范学院,1133-02,02,首选历史，再选不限,529,27265,https://www.jseea.cn/webfile/upload/2024/07-18/09-11-430408314109108.xls
2024,历史类,1136,南京工业职业技术大学,1136-01,01,首选历史，再选不限,514,34139,https://www.jseea.cn/webfile/upload/2024/07-18/09-11-430408314109108.xls
2024,历史类,1136,南京工业职业技术大学,1136-02,02,首选历史，再选不限,513,34650,https://www.jseea.cn/webfile/upload/2024/07-18/09-11-430408314109108.xls
2024,历史类,1201,江南大学,1201-01,01,首选历史，再选不限,601,3855,https://www.jseea.cn/webfile/upload/2024/07-18/09-11-430408314109108.xls
2024,历史类,1201,江南大学,1201-02,02,首选历史，再选不限,588,6398,https://www.jseea.cn/webfile/upload/2024/07-18/09-11-430408314109108.xls
2024,历史类,1201,江南大学,1201-03,03,首选历史，再选不限,594,5138,https://www.jseea.cn/webfile/upload/2024/07-18/09-11-430408314109108.xls
2024,历史类,1201,江南大学,1201-04,04,首选历史，再选不限,593,5365,https://www.jseea.cn/webfile/upload/2024/07-18/09-11-430408314109108.xls
2024,历史类,1201,江南大学,1201-05,05,首选历史，再选不限,583,7575,https://www.jseea.cn/webfile/upload/2024/07-18/09-11-430408314109108.xls
2024,历史类,1201,江南大学,1201-06,06,首选历史，再选思想政治,599,4190,https://www.jseea.cn/webfile/upload/2024/07-18/09-11-430408314109108.xls
2024,历史类,1203,无锡学院,1203-01,01,首选历史，再选不限,540,22464,https://www.jseea.cn/webfile/upload/2024/07-18/09-11-430408314109108.xls
2024,历史类,1221,中国矿业大学,1221-01,01,首选历史，再选不限,592,5561,https://www.jseea.cn/webfile/upload/2024/07-18/09-11-430408314109108.xls
2024,历史类,1222,江苏师范大学,1222-03,03,首选历史，再选不限,554,16794,https://www.jseea.cn/webfile/upload/2024/07-18/09-11-430408314109108.xls
2024,历史类,1222,江苏师范大学,1222-04,04,首选历史，再选不限,536,24138,https://www.jseea.cn/webfile/upload/2024/07-18/09-11-430408314109108.xls
2024,历史类,1222,江苏师范大学,1222-05,05,首选历史，再选思想政治,569,11623,https://www.jseea.cn/webfile/upload/2024/07-18/09-11-430408314109108.xls
2024,历史类,1222,江苏师范大学,1222-06,06,首选历史，再选地理,560,14582,https://www.jseea.cn/webfile/upload/2024/07-18/09-11-430408314109108.xls
2024,历史类,1223,徐州医科大学,1223-01,01,首选历史，再选不限,543,21166,https://www.jseea.cn/webfile/upload/2024/07-18/09-11-430408314109108.xls
2024,历史类,1223,徐州医科大学,1223-02,02,首选历史，再选不限,521,30977,https://www.jseea.cn/webfile/upload/2024/07-18/09-11-430408314109108.xls
2024,历史类,1224,徐州工程学院,1224-01,01,首选历史，再选不限,521,30977,https://www.jseea.cn/webfile/upload/2024/07-18/09-11-430408314109108.xls
2024,历史类,1242,常州大学,1242-01,01,首选历史，再选不限,552,17538,https://www.jseea.cn/webfile/upload/2024/07-18/09-11-430408314109108.xls
2024,历史类,1242,常州大学,1242-02,02,首选历史，再选思想政治,551,17923,https://www.jseea.cn/webfile/upload/2024/07-18/09-11-430408314109108.xls
2024,历史类,1243,常州工学院,1243-01,01,首选历史，再选不限,532,25910,https://www.jseea.cn/webfile/upload/2024/07-18/09-11-430408314109108.xls
2024,历史类,1243,常州工学院,1243-02,02,首选历史，再选不限,521,30977,https://www.jseea.cn/webfile/upload/2024/07-18/09-11-430408314109108.xls
2024,历史类,1243,常州工学院,1243-03,03,首选历史，再选不限,512,35123,https://www.jseea.cn/webfile/upload/2024/07-18/09-11-430408314109108.xls
2024,历史类,1243,常州工学院,1243-04,04,首选历史，再选不限,478,50966,https://www.jseea.cn/webfile/upload/2024/07-18/09-11-430408314109108.xls
2024,历史类,1244,江苏理工学院,1244-01,01,首选历史，再选不限,536,24138,https://www.jseea.cn/webfile/upload/2024/07-18/09-11-430408314109108.xls
2024,历史类,1244,江苏理工学院,1244-02,02,首选历史，再选不限,524,29546,https://www.jseea.cn/webfile/upload/2024/07-18/09-11-430408314109108.xls
2024,历史类,1244,江苏理工学院,1244-03,03,首选历史，再选不限,482,49204,https://www.jseea.cn/webfile/upload/2024/07-18/09-11-430408314109108.xls
2024,历史类,1244,江苏理工学院,1244-04,04,首选历史，再选不限,518,32328,https://www.jseea.cn/webfile/upload/2024/07-18/09-11-430408314109108.xls
2024,历史类,1261,苏州大学,1261-03,03,首选历史，再选思想政治和地理,619,1506,https://www.jseea.cn/webfile/upload/2024/07-18/09-11-430408314109108.xls
2024,历史类,1261,苏州大学,1261-04,04,首选历史，再选思想政治,606,3067,https://www.jseea.cn/webfile/upload/2024/07-18/09-11-430408314109108.xls
2024,历史类,1261,苏州大学,1261-05,05,首选历史，再选思想政治和地理,608,2793,https://www.jseea.cn/webfile/upload/2024/07-18/09-11-430408314109108.xls
2024,历史类,1261,苏州大学,1261-06,06,首选历史，再选不限,602,3681,https://www.jseea.cn/webfile/upload/2024/07-18/09-11-430408314109108.xls
2024,历史类,1261,苏州大学,1261-07,07,首选历史，再选不限,590,5958,https://www.jseea.cn/webfile/upload/2024/07-18/09-11-430408314109108.xls
2024,历史类,1261,苏州大学,1261-08,08,首选历史，再选不限,589,6168,https://www.jseea.cn/webfile/upload/2024/07-18/09-11-430408314109108.xls
2024,历史类,1262,苏州科技大学,1262-02,02,首选历史，再选不限,548,19125,https://www.jseea.cn/webfile/upload/2024/07-18/09-11-430408314109108.xls
2024,历史类,1262,苏州科技大学,1262-03,03,首选历史，再选不限,530,26805,https://www.jseea.cn/webfile/upload/2024/07-18/09-11-430408314109108.xls
2024,历史类,1262,苏州科技大学,1262-04,04,首选历史，再选思想政治,559,14929,https://www.jseea.cn/webfile/upload/2024/07-18/09-11-430408314109108.xls
2024,历史类,1262,苏州科技大学,1262-05,05,首选历史，再选地理,552,17538,https://www.jseea.cn/webfile/upload/2024/07-18/09-11-430408314109108.xls
2024,历史类,1263,常熟理工学院,1263-01,01,首选历史，再选不限,526,28647,https://www.jseea.cn/webfile/upload/2024/07-18/09-11-430408314109108.xls
2024,历史类,1263,常熟理工学院,1263-02,02,首选历史，再选不限,537,23736,https://www.jseea.cn/webfile/upload/2024/07-18/09-11-430408314109108.xls
2024,历史类,1263,常熟理工学院,1263-03,03,首选历史，再选不限,483,48736,https://www.jseea.cn/webfile/upload/2024/07-18/09-11-430408314109108.xls
2024,历史类,1265,中国人民大学(苏州校区),1265-02,02,首选历史，再选不限,623,1181,https://www.jseea.cn/webfile/upload/2024/07-18/09-11-430408314109108.xls
2024,历史类,1267,苏州城市学院,1267-01,01,首选历史，再选不限,532,25910,https://www.jseea.cn/webfile/upload/2024/07-18/09-11-430408314109108.xls
2024,历史类,1267,苏州城市学院,1267-02,02,首选历史，再选不限,478,50966,https://www.jseea.cn/webfile/upload/2024/07-18/09-11-430408314109108.xls
2024,历史类,1267,苏州城市学院,1267-03,03,首选历史，再选不限,511,35617,https://www.jseea.cn/webfile/upload/2024/07-18/09-11-430408314109108.xls
2024,历史类,1301,南通大学,1301-02,02,首选历史，再选不限,554,16794,https://www.jseea.cn/webfile/upload/2024/07-18/09-11-430408314109108.xls
2024,历史类,1301,南通大学,1301-03,03,首选历史，再选不限,552,17538,https://www.jseea.cn/webfile/upload/2024/07-18/09-11-430408314109108.xls
2024,历史类,1301,南通大学,1301-04,04,首选历史，再选不限,523,29991,https://www.jseea.cn/webfile/upload/2024/07-18/09-11-430408314109108.xls
2024,历史类,1301,南通大学,1301-05,05,首选历史，再选化学,478,50966,https://www.jseea.cn/webfile/upload/2024/07-18/09-11-430408314109108.xls
2024,历史类,1301,南通大学,1301-06,06,首选历史，再选思想政治,566,12572,https://www.jseea.cn/webfile/upload/2024/07-18/09-11-430408314109108.xls
2024,历史类,1321,江苏海洋大学,1321-01,01,首选历史，再选不限,537,23736,https://www.jseea.cn/webfile/upload/2024/07-18/09-11-430408314109108.xls
2024,历史类,1321,江苏海洋大学,1321-02,02,首选历史，再选地理,545,20359,https://www.jseea.cn/webfile/upload/2024/07-18/09-11-430408314109108.xls
2024,历史类,1341,淮阴师范学院,1341-03,03,首选历史，再选不限,522,30462,https://www.jseea.cn/webfile/upload/2024/07-18/09-11-430408314109108.xls
2024,历史类,1341,淮阴师范学院,1341-04,04,首选历史，再选不限,512,35123,https://www.jseea.cn/webfile/upload/2024/07-18/09-11-430408314109108.xls
2024,历史类,1341,淮阴师范学院,1341-05,05,首选历史，再选不限,478,50966,https://www.jseea.cn/webfile/upload/2024/07-18/09-11-430408314109108.xls
2024,历史类,1341,淮阴师范学院,1341-06,06,首选历史，再选思想政治,540,22464,https://www.jseea.cn/webfile/upload/2024/07-18/09-11-430408314109108.xls
2024,历史类,1341,淮阴师范学院,1341-07,07,首选历史，再选地理,535,24575,https://www.jseea.cn/webfile/upload/2024/07-18/09-11-430408314109108.xls
2024,历史类,1342,淮阴工学院,1342-01,01,首选历史，再选不限,519,31897,https://www.jseea.cn/webfile/upload/2024/07-18/09-11-430408314109108.xls
2024,历史类,1342,淮阴工学院,1342-02,02,首选历史，再选不限,520,31428,https://www.jseea.cn/webfile/upload/2024/07-18/09-11-430408314109108.xls
2024,历史类,1361,盐城工学院,1361-01,01,首选历史，再选不限,521,30977,https://www.jseea.cn/webfile/upload/2024/07-18/09-11-430408314109108.xls
2024,历史类,1362,盐城师范学院,1362-03,03,首选历史，再选不限,522,30462,https://www.jseea.cn/webfile/upload/2024/07-18/09-11-430408314109108.xls
2024,历史类,1362,盐城师范学院,1362-04,04,首选历史，再选不限,511,35617,https://www.jseea.cn/webfile/upload/2024/07-18/09-11-430408314109108.xls
2024,历史类,1362,盐城师范学院,1362-05,05,首选历史，再选思想政治,537,23736,https://www.jseea.cn/webfile/upload/2024/07-18/09-11-430408314109108.xls
2024,历史类,1362,盐城师范学院,1362-06,06,首选历史，再选地理,531,26371,https://www.jseea.cn/webfile/upload/2024/07-18/09-11-430408314109108.xls
2024,历史类,1381,扬州大学,1381-04,04,首选历史，再选不限,594,5138,https://www.jseea.cn/webfile/upload/2024/07-18/09-11-430408314109108.xls
2024,历史类,1381,扬州大学,1381-05,05,首选历史，再选不限,576,9484,https://www.jseea.cn/webfile/upload/2024/07-18/09-11-430408314109108.xls
2024,历史类,1381,扬州大学,1381-06,06,首选历史，再选不限,559,14929,https://www.jseea.cn/webfile/upload/2024/07-18/09-11-430408314109108.xls
2024,历史类,1381,扬州大学,1381-07,07,首选历史，再选不限,558,15274,https://www.jseea.cn/webfile/upload/2024/07-18/09-11-430408314109108.xls
2024,历史类,1381,扬州大学,1381-08,08,首选历史，再选不限,556,16019,https://www.jseea.cn/webfile/upload/2024/07-18/09-11-430408314109108.xls
2024,历史类,1381,扬州大学,1381-09,09,首选历史，再选不限,540,22464,https://www.jseea.cn/webfile/upload/2024/07-18/09-11-430408314109108.xls
2024,历史类,1381,扬州大学,1381-10,10,首选历史，再选不限,518,32328,https://www.jseea.cn/webfile/upload/2024/07-18/09-11-430408314109108.xls
2024,历史类,1381,扬州大学,1381-11,11,首选历史，再选化学,478,50966,https://www.jseea.cn/webfile/upload/2024/07-18/09-11-430408314109108.xls
2024,历史类,1381,扬州大学,1381-12,12,首选历史，再选思想政治,580,8377,https://www.jseea.cn/webfile/upload/2024/07-18/09-11-430408314109108.xls
2024,历史类,1401,江苏大学,1401-01,01,首选历史，再选不限,574,10080,https://www.jseea.cn/webfile/upload/2024/07-18/09-11-430408314109108.xls
2024,历史类,1401,江苏大学,1401-02,02,首选历史，再选不限,564,13262,https://www.jseea.cn/webfile/upload/2024/07-18/09-11-430408314109108.xls
2024,历史类,1401,江苏大学,1401-03,03,首选历史，再选不限,540,22464,https://www.jseea.cn/webfile/upload/2024/07-18/09-11-430408314109108.xls
2024,历史类,1401,江苏大学,1401-04,04,首选历史，再选思想政治,571,10994,https://www.jseea.cn/webfile/upload/2024/07-18/09-11-430408314109108.xls
2024,历史类,1402,江苏科技大学,1402-01,01,首选历史，再选不限,550,18357,https://www.jseea.cn/webfile/upload/2024/07-18/09-11-430408314109108.xls
2024,历史类,1402,江苏科技大学,1402-02,02,首选历史，再选不限,529,27265,https://www.jseea.cn/webfile/upload/2024/07-18/09-11-430408314109108.xls
2024,历史类,1402,江苏科技大学,1402-03,03,首选历史，再选不限,545,20359,https://www.jseea.cn/webfile/upload/2024/07-18/09-11-430408314109108.xls
2024,历史类,1402,江苏科技大学,1402-04,04,首选历史，再选不限,511,35617,https://www.jseea.cn/webfile/upload/2024/07-18/09-11-430408314109108.xls
2024,历史类,1402,江苏科技大学,1402-05,05,首选历史，再选不限,516,33212,https://www.jseea.cn/webfile/upload/2024/07-18/09-11-430408314109108.xls
2024,历史类,1402,江苏科技大学,1402-06,06,首选历史，再选思想政治,550,18357,https://www.jseea.cn/webfile/upload/2024/07-18/09-11-430408314109108.xls
2024,历史类,1421,泰州学院,1421-02,02,首选历史，再选不限,519,31897,https://www.jseea.cn/webfile/upload/2024/07-18/09-11-430408314109108.xls
2024,历史类,1421,泰州学院,1421-03,03,首选历史，再选不限,490,45451,https://www.jseea.cn/webfile/upload/2024/07-18/09-11-430408314109108.xls
2024,历史类,1426,宿迁学院,1426-01,01,首选历史，再选不限,517,32754,https://www.jseea.cn/webfile/upload/2024/07-18/09-11-430408314109108.xls
2024,历史类,1426,宿迁学院,1426-02,02,首选历史，再选思想政治,526,28647,https://www.jseea.cn/webfile/upload/2024/07-18/09-11-430408314109108.xls
2024,历史类,1802,东南大学成贤学院,1802-01,01,首选历史，再选不限,515,33682,https://www.jseea.cn/webfile/upload/2024/07-18/09-11-430408314109108.xls
2024,历史类,1802,东南大学成贤学院,1802-02,02,首选历史，再选不限,505,38453,https://www.jseea.cn/webfile/upload/2024/07-18/09-11-430408314109108.xls
2024,历史类,1803,南京航空航天大学金城学院,1803-01,01,首选历史，再选不限,497,42145,https://www.jseea.cn/webfile/upload/2024/07-18/09-11-430408314109108.xls
2024,历史类,1803,南京航空航天大学金城学院,1803-02,02,首选历史，再选不限,492,44492,https://www.jseea.cn/webfile/upload/2024/07-18/09-11-430408314109108.xls
2024,历史类,1803,南京航空航天大学金城学院,1803-03,03,首选历史，再选不限,480,50085,https://www.jseea.cn/webfile/upload/2024/07-18/09-11-430408314109108.xls
2024,历史类,1803,南京航空航天大学金城学院,1803-04,04,首选历史，再选思想政治,505,38453,https://www.jseea.cn/webfile/upload/2024/07-18/09-11-430408314109108.xls
2024,历史类,1804,南京理工大学紫金学院,1804-01,01,首选历史，再选不限,513,34650,https://www.jseea.cn/webfile/upload/2024/07-18/09-11-430408314109108.xls
2024,历史类,1804,南京理工大学紫金学院,1804-02,02,首选历史，再选不限,506,38000,https://www.jseea.cn/webfile/upload/2024/07-18/09-11-430408314109108.xls
2024,历史类,1807,南京审计大学金审学院,1807-01,01,首选历史，再选不限,509,36593,https://www.jseea.cn/webfile/upload/2024/07-18/09-11-430408314109108.xls
2024,历史类,1810,南京工业大学浦江学院,1810-01,01,首选历史，再选不限,496,42608,https://www.jseea.cn/webfile/upload/2024/07-18/09-11-430408314109108.xls
2024,历史类,1810,南京工业大学浦江学院,1810-02,02,首选历史，再选不限,491,44945,https://www.jseea.cn/webfile/upload/2024/07-18/09-11-430408314109108.xls
2024,历史类,1810,南京工业大学浦江学院,1810-03,03,首选历史，再选不限,478,50966,https://www.jseea.cn/webfile/upload/2024/07-18/09-11-430408314109108.xls
2024,历史类,1816,南京财经大学红山学院,1816-01,01,首选历史，再选不限,497,42145,https://www.jseea.cn/webfile/upload/2024/07-18/09-11-430408314109108.xls
2024,历史类,1826,中国矿业大学徐海学院,1826-01,01,首选历史，再选不限,495,43078,https://www.jseea.cn/webfile/upload/2024/07-18/09-11-430408314109108.xls
2024,历史类,1827,江苏师范大学科文学院,1827-01,01,首选历史，再选不限,494,43538,https://www.jseea.cn/webfile/upload/2024/07-18/09-11-430408314109108.xls
2024,历史类,1827,江苏师范大学科文学院,1827-02,02,首选历史，再选不限,491,44945,https://www.jseea.cn/webfile/upload/2024/07-18/09-11-430408314109108.xls
2024,历史类,1827,江苏师范大学科文学院,1827-03,03,首选历史，再选不限,478,50966,https://www.jseea.cn/webfile/upload/2024/07-18/09-11-430408314109108.xls
2024,历史类,1827,江苏师范大学科文学院,1827-04,04,首选历史，再选不限,487,46894,https://www.jseea.cn/webfile/upload/2024/07-18/09-11-430408314109108.xls
2024,历史类,1827,江苏师范大学科文学院,1827-05,05,首选历史，再选地理,492,44492,https://www.jseea.cn/webfile/upload/2024/07-18/09-11-430408314109108.xls
2024,历史类,1834,苏州大学应用技术学院,1834-01,01,首选历史，再选不限,492,44492,https://www.jseea.cn/webfile/upload/2024/07-18/09-11-430408314109108.xls
2024,历史类,1835,苏州科技大学天平学院,1835-01,01,首选历史，再选不限,504,38906,https://www.jseea.cn/webfile/upload/2024/07-18/09-11-430408314109108.xls
2024,历史类,1835,苏州科技大学天平学院,1835-02,02,首选历史，再选化学,478,50966,https://www.jseea.cn/webfile/upload/2024/07-18/09-11-430408314109108.xls
2024,历史类,1837,江苏科技大学苏州理工学院,1837-01,01,首选历史，再选不限,495,43078,https://www.jseea.cn/webfile/upload/2024/07-18/09-11-430408314109108.xls
2024,历史类,1838,南通大学杏林学院,1838-01,01,首选历史，再选不限,486,47355,https://www.jseea.cn/webfile/upload/2024/07-18/09-11-430408314109108.xls
2024,历史类,1838,南通大学杏林学院,1838-02,02,首选历史，再选化学,478,50966,https://www.jseea.cn/webfile/upload/2024/07-18/09-11-430408314109108.xls
2024,历史类,1844,扬州大学广陵学院,1844-01,01,首选历史，再选不限,505,38453,https://www.jseea.cn/webfile/upload/2024/07-18/09-11-430408314109108.xls
2024,历史类,1845,江苏大学京江学院,1845-01,01,首选历史，再选不限,491,44945,https://www.jseea.cn/webfile/upload/2024/07-18/09-11-430408314109108.xls
2024,历史类,1845,江苏大学京江学院,1845-02,02,首选历史，再选生物,478,50966,https://www.jseea.cn/webfile/upload/2024/07-18/09-11-430408314109108.xls
2024,历史类,1846,南京医科大学康达学院,1846-01,01,首选历史，再选不限,487,46894,https://www.jseea.cn/webfile/upload/2024/07-18/09-11-430408314109108.xls
2024,历史类,1846,南京医科大学康达学院,1846-02,02,首选历史，再选生物,478,50966,https://www.jseea.cn/webfile/upload/2024/07-18/09-11-430408314109108.xls
2024,历史类,1847,南京师范大学泰州学院,1847-01,01,首选历史，再选不限,504,38906,https://www.jseea.cn/webfile/upload/2024/07-18/09-11-430408314109108.xls
2024,历史类,1847,南京师范大学泰州学院,1847-02,02,首选历史，再选不限,509,36593,https://www.jseea.cn/webfile/upload/2024/07-18/09-11-430408314109108.xls
2024,历史类,1848,南京理工大学泰州科技学院,1848-01,01,首选历史，再选不限,491,44945,https://www.jseea.cn/webfile/upload/2024/07-18/09-11-430408314109108.xls
2024,历史类,1850,南京邮电大学通达学院,1850-01,01,首选历史，再选不限,497,42145,https://www.jseea.cn/webfile/upload/2024/07-18/09-11-430408314109108.xls
2024,历史类,1855,常州大学怀德学院,1855-01,01,首选历史，再选不限,487,46894,https://www.jseea.cn/webfile/upload/2024/07-18/09-11-430408314109108.xls
2024,历史类,1858,南京师范大学中北学院,1858-01,01,首选历史，再选不限,504,38906,https://www.jseea.cn/webfile/upload/2024/07-18/09-11-430408314109108.xls
2024,历史类,1858,南京师范大学中北学院,1858-02,02,首选历史，再选不限,490,45451,https://www.jseea.cn/webfile/upload/2024/07-18/09-11-430408314109108.xls
2024,历史类,1901,南京传媒学院,1901-01,01,首选历史，再选不限,478,50966,https://www.jseea.cn/webfile/upload/2024/07-18/09-11-430408314109108.xls
2024,历史类,1901,南京传媒学院,1901-02,02,首选历史，再选不限,478,50966,https://www.jseea.cn/webfile/upload/2024/07-18/09-11-430408314109108.xls
2024,历史类,1911,三江学院,1911-01,01,首选历史，再选不限,486,47355,https://www.jseea.cn/webfile/upload/2024/07-18/09-11-430408314109108.xls
2024,历史类,1915,无锡太湖学院,1915-01,01,首选历史，再选不限,497,42145,https://www.jseea.cn/webfile/upload/2024/07-18/09-11-430408314109108.xls
2024,历史类,1915,无锡太湖学院,1915-02,02,首选历史，再选生物,492,44492,https://www.jseea.cn/webfile/upload/2024/07-18/09-11-430408314109108.xls
2024,历史类,1921,西交利物浦大学,1921-01,01,首选历史，再选不限,552,17538,https://www.jseea.cn/webfile/upload/2024/07-18/09-11-430408314109108.xls
2024,历史类,1921,西交利物浦大学,1921-02,02,首选历史，再选思想政治,578,8946,https://www.jseea.cn/webfile/upload/2024/07-18/09-11-430408314109108.xls
2024,历史类,1928,南通理工学院,1928-01,01,首选历史，再选不限,483,48736,https://www.jseea.cn/webfile/upload/2024/07-18/09-11-430408314109108.xls
2024,历史类,2101,复旦大学,2101-03,03,首选历史，再选不限,650,114,https://www.jseea.cn/webfile/upload/2024/07-18/09-11-430408314109108.xls
2024,历史类,2102,同济大学,2102-02,02,首选历史，再选不限,634,553,https://www.jseea.cn/webfile/upload/2024/07-18/09-11-430408314109108.xls
2024,历史类,2102,同济大学,2102-03,03,首选历史，再选思想政治,633,590,https://www.jseea.cn/webfile/upload/2024/07-18/09-11-430408314109108.xls
2024,历史类,2103,上海交通大学,2103-01,01,首选历史，再选不限,654,105,https://www.jseea.cn/webfile/upload/2024/07-18/09-11-430408314109108.xls
2024,历史类,2104,华东理工大学,2104-01,01,首选历史，再选不限,587,6638,https://www.jseea.cn/webfile/upload/2024/07-18/09-11-430408314109108.xls
2024,历史类,2105,东华大学,2105-01,01,首选历史，再选不限,593,5365,https://www.jseea.cn/webfile/upload/2024/07-18/09-11-430408314109108.xls
2024,历史类,2106,华东师范大学,2106-01,01,首选历史，再选不限,618,1601,https://www.jseea.cn/webfile/upload/2024/07-18/09-11-430408314109108.xls
2024,历史类,2106,华东师范大学,2106-02,02,首选历史，再选不限,627,923,https://www.jseea.cn/webfile/upload/2024/07-18/09-11-430408314109108.xls
2024,历史类,2106,华东师范大学,2106-03,03,首选历史，再选思想政治,627,923,https://www.jseea.cn/webfile/upload/2024/07-18/09-11-430408314109108.xls
2024,历史类,2107,华东政法大学,2107-01,01,首选历史，再选不限,615,1906,https://www.jseea.cn/webfile/upload/2024/07-18/09-11-430408314109108.xls
2024,历史类,2109,上海外国语大学,2109-01,01,首选历史，再选不限,612,2280,https://www.jseea.cn/webfile/upload/2024/07-18/09-11-430408314109108.xls
2024,历史类,2109,上海外国语大学,2109-02,02,首选历史，再选思想政治,619,1506,https://www.jseea.cn/webfile/upload/2024/07-18/09-11-430408314109108.xls
2024,历史类,2110,上海财经大学,2110-01,01,首选历史，再选不限,624,1122,https://www.jseea.cn/webfile/upload/2024/07-18/09-11-430408314109108.xls
2024,历史类,2111,上海师范大学,2111-01,01,首选历史，再选不限,565,12898,https://www.jseea.cn/webfile/upload/2024/07-18/09-11-430408314109108.xls
2024,历史类,2111,上海师范大学,2111-02,02,首选历史，再选不限,578,8946,https://www.jseea.cn/webfile/upload/2024/07-18/09-11-430408314109108.xls
2024,历史类,2112,上海大学,2112-01,01,首选历史，再选不限,576,9484,https://www.jseea.cn/webfile/upload/2024/07-18/09-11-430408314109108.xls
2024,历史类,2112,上海大学,2112-02,02,首选历史，再选不限,596,4751,https://www.jseea.cn/webfile/upload/2024/07-18/09-11-430408314109108.xls
2024,历史类,2114,上海对外经贸大学,2114-01,01,首选历史，再选不限,571,10994,https://www.jseea.cn/webfile/upload/2024/07-18/09-11-430408314109108.xls
2024,历史类,2114,上海对外经贸大学,2114-02,02,首选历史，再选不限,586,6866,https://www.jseea.cn/webfile/upload/2024/07-18/09-11-430408314109108.xls
2024,历史类,2115,上海理工大学,2115-01,01,首选历史，再选不限,566,12572,https://www.jseea.cn/webfile/upload/2024/07-18/09-11-430408314109108.xls
2024,历史类,2115,上海理工大学,2115-02,02,首选历史，再选不限,557,15653,https://www.jseea.cn/webfile/upload/2024/07-18/09-11-430408314109108.xls
2024,历史类,2116,上海海洋大学,2116-01,01,首选历史，再选不限,581,8108,https://www.jseea.cn/webfile/upload/2024/07-18/09-11-430408314109108.xls
2024,历史类,2117,上海海事大学,2117-01,01,首选历史，再选不限,595,4943,https://www.jseea.cn/webfile/upload/2024/07-18/09-11-430408314109108.xls
2024,历史类,2118,上海电力大学,2118-01,01,首选历史，再选不限,565,12898,https://www.jseea.cn/webfile/upload/2024/07-18/09-11-430408314109108.xls
2024,历史类,2119,上海体育大学,2119-01,01,首选历史，再选不限,573,10412,https://www.jseea.cn/webfile/upload/2024/07-18/09-11-430408314109108.xls
2024,历史类,2119,上海体育大学,2119-02,02,首选历史，再选不限,564,13262,https://www.jseea.cn/webfile/upload/2024/07-18/09-11-430408314109108.xls
2024,历史类,2119,上海体育大学,2119-03,03,首选历史，再选不限,572,10689,https://www.jseea.cn/webfile/upload/2024/07-18/09-11-430408314109108.xls
2024,历史类,2119,上海体育大学,2119-04,04,首选历史，再选不限,570,11302,https://www.jseea.cn/webfile/upload/2024/07-18/09-11-430408314109108.xls
2024,历史类,2120,上海工程技术大学,2120-01,01,首选历史，再选不限,552,17538,https://www.jseea.cn/webfile/upload/2024/07-18/09-11-430408314109108.xls
2024,历史类,2124,上海第二工业大学,2124-01,01,首选历史，再选不限,546,19983,https://www.jseea.cn/webfile/upload/2024/07-18/09-11-430408314109108.xls
2024,历史类,2125,上海政法学院,2125-01,01,首选历史，再选不限,552,17538,https://www.jseea.cn/webfile/upload/2024/07-18/09-11-430408314109108.xls
2024,历史类,2125,上海政法学院,2125-02,02,首选历史，再选不限,587,6638,https://www.jseea.cn/webfile/upload/2024/07-18/09-11-430408314109108.xls
2024,历史类,2125,上海政法学院,2125-03,03,首选历史，再选不限,599,4190,https://www.jseea.cn/webfile/upload/2024/07-18/09-11-430408314109108.xls
2024,历史类,2128,复旦大学医学院,2128-01,01,首选历史，再选生物,588,6398,https://www.jseea.cn/webfile/upload/2024/07-18/09-11-430408314109108.xls
2024,历史类,2136,上海电机学院,2136-01,01,首选历史，再选不限,539,22877,https://www.jseea.cn/webfile/upload/2024/07-18/09-11-430408314109108.xls
2024,历史类,2137,上海立信会计金融学院,2137-01,01,首选历史，再选不限,566,12572,https://www.jseea.cn/webfile/upload/2024/07-18/09-11-430408314109108.xls
2024,历史类,2141,上海商学院,2141-01,01,首选历史，再选不限,546,19983,https://www.jseea.cn/webfile/upload/2024/07-18/09-11-430408314109108.xls
2024,历史类,2141,上海商学院,2141-02,02,首选历史，再选不限,523,29991,https://www.jseea.cn/webfile/upload/2024/07-18/09-11-430408314109108.xls
2024,历史类,2201,浙江大学,2201-01,01,首选历史，再选不限,637,445,https://www.jseea.cn/webfile/upload/2024/07-18/09-11-430408314109108.xls
2024,历史类,2203,浙江理工大学,2203-01,01,首选历史，再选不限,563,13578,https://www.jseea.cn/webfile/upload/2024/07-18/09-11-430408314109108.xls
2024,历史类,2204,浙江工业大学,2204-01,01,首选历史，再选不限,588,6398,https://www.jseea.cn/webfile/upload/2024/07-18/09-11-430408314109108.xls
2024,历史类,2205,中国美术学院,2205-01,01,首选历史，再选不限,586,6866,https://www.jseea.cn/webfile/upload/2024/07-18/09-11-430408314109108.xls
2024,历史类,2206,浙江师范大学,2206-01,01,首选历史，再选不限,569,11623,https://www.jseea.cn/webfile/upload/2024/07-18/09-11-430408314109108.xls
2024,历史类,2206,浙江师范大学,2206-02,02,首选历史，再选不限,546,19983,https://www.jseea.cn/webfile/upload/2024/07-18/09-11-430408314109108.xls
2024,历史类,2207,浙江工商大学,2207-01,01,首选历史，再选不限,567,12260,https://www.jseea.cn/webfile/upload/2024/07-18/09-11-430408314109108.xls
2024,历史类,2209,杭州师范大学,2209-01,01,首选历史，再选不限,565,12898,https://www.jseea.cn/webfile/upload/2024/07-18/09-11-430408314109108.xls
2024,历史类,2211,浙江传媒学院,2211-01,01,首选历史，再选不限,544,20776,https://www.jseea.cn/webfile/upload/2024/07-18/09-11-430408314109108.xls
2024,历史类,2211,浙江传媒学院,2211-02,02,首选历史，再选不限,553,17142,https://www.jseea.cn/webfile/upload/2024/07-18/09-11-430408314109108.xls
2024,历史类,2211,浙江传媒学院,2211-03,03,首选历史，再选不限,536,24138,https://www.jseea.cn/webfile/upload/2024/07-18/09-11-430408314109108.xls
2024,历史类,2212,浙江科技大学,2212-01,01,首选历史，再选不限,539,22877,https://www.jseea.cn/webfile/upload/2024/07-18/09-11-430408314109108.xls
2024,历史类,2213,浙江财经大学,2213-01,01,首选历史，再选不限,549,18742,https://www.jseea.cn/webfile/upload/2024/07-18/09-11-430408314109108.xls
2024,历史类,2213,浙江财经大学,2213-02,02,首选历史，再选不限,570,11302,https://www.jseea.cn/webfile/upload/2024/07-18/09-11-430408314109108.xls
2024,历史类,2214,浙江农林大学,2214-01,01,首选历史，再选不限,549,18742,https://www.jseea.cn/webfile/upload/2024/07-18/09-11-430408314109108.xls
2024,历史类,2214,浙江农林大学,2214-02,02,首选历史，再选不限,551,17923,https://www.jseea.cn/webfile/upload/2024/07-18/09-11-430408314109108.xls
2024,历史类,2216,浙江中医药大学,2216-01,01,首选历史，再选不限,553,17142,https://www.jseea.cn/webfile/upload/2024/07-18/09-11-430408314109108.xls
2024,历史类,2216,浙江中医药大学,2216-02,02,首选历史，再选化学,478,50966,https://www.jseea.cn/webfile/upload/2024/07-18/09-11-430408314109108.xls
2024,历史类,2221,宁波大学,2221-01,01,首选历史，再选不限,589,6168,https://www.jseea.cn/webfile/upload/2024/07-18/09-11-430408314109108.xls
2024,历史类,2221,宁波大学,2221-02,02,首选历史，再选不限,595,4943,https://www.jseea.cn/webfile/upload/2024/07-18/09-11-430408314109108.xls
2024,历史类,2223,绍兴文理学院,2223-01,01,首选历史，再选不限,495,43078,https://www.jseea.cn/webfile/upload/2024/07-18/09-11-430408314109108.xls
2024,历史类,2228,温州大学,2228-01,01,首选历史，再选不限,555,16407,https://www.jseea.cn/webfile/upload/2024/07-18/09-11-430408314109108.xls
2024,历史类,2231,嘉兴大学,2231-01,01,首选历史，再选不限,543,21166,https://www.jseea.cn/webfile/upload/2024/07-18/09-11-430408314109108.xls
2024,历史类,2240,浙江外国语学院,2240-01,01,首选历史，再选不限,530,26805,https://www.jseea.cn/webfile/upload/2024/07-18/09-11-430408314109108.xls
2024,历史类,2240,浙江外国语学院,2240-02,02,首选历史，再选不限,540,22464,https://www.jseea.cn/webfile/upload/2024/07-18/09-11-430408314109108.xls
2024,历史类,2245,宁波诺丁汉大学,2245-01,01,首选历史，再选不限,575,9798,https://www.jseea.cn/webfile/upload/2024/07-18/09-11-430408314109108.xls
2024,历史类,2245,宁波诺丁汉大学,2245-02,02,首选历史，再选思想政治,567,12260,https://www.jseea.cn/webfile/upload/2024/07-18/09-11-430408314109108.xls
2024,历史类,2248,温州肯恩大学,2248-01,01,首选历史，再选不限,548,19125,https://www.jseea.cn/webfile/upload/2024/07-18/09-11-430408314109108.xls
2024,历史类,2249,浙大城市学院,2249-01,01,首选历史，再选不限,545,20359,https://www.jseea.cn/webfile/upload/2024/07-18/09-11-430408314109108.xls
2024,历史类,2249,浙大城市学院,2249-02,02,首选历史，再选不限,534,25037,https://www.jseea.cn/webfile/upload/2024/07-18/09-11-430408314109108.xls
2024,历史类,2250,浙大宁波理工学院,2250-01,01,首选历史，再选不限,516,33212,https://www.jseea.cn/webfile/upload/2024/07-18/09-11-430408314109108.xls
2024,历史类,2261,湖州师范学院,2261-01,01,首选历史，再选不限,544,20776,https://www.jseea.cn/webfile/upload/2024/07-18/09-11-430408314109108.xls
2024,历史类,2268,丽水学院,2268-01,01,首选历史，再选不限,521,30977,https://www.jseea.cn/webfile/upload/2024/07-18/09-11-430408314109108.xls
2024,历史类,2268,丽水学院,2268-02,02,首选历史，再选思想政治,534,25037,https://www.jseea.cn/webfile/upload/2024/07-18/09-11-430408314109108.xls
2024,历史类,2275,湖州学院,2275-01,01,首选历史，再选不限,519,31897,https://www.jseea.cn/webfile/upload/2024/07-18/09-11-430408314109108.xls
2024,历史类,2277,嘉兴南湖学院,2277-01,01,首选历史，再选不限,534,25037,https://www.jseea.cn/webfile/upload/2024/07-18/09-11-430408314109108.xls
2024,历史类,2302,合肥工业大学,2302-01,01,首选历史，再选不限,587,6638,https://www.jseea.cn/webfile/upload/2024/07-18/09-11-430408314109108.xls
2024,历史类,2302,合肥工业大学,2302-02,02,首选历史，再选思想政治,593,5365,https://www.jseea.cn/webfile/upload/2024/07-18/09-11-430408314109108.xls
2024,历史类,2303,安徽大学,2303-01,01,首选历史，再选不限,587,6638,https://www.jseea.cn/webfile/upload/2024/07-18/09-11-430408314109108.xls
2024,历史类,2304,安徽医科大学,2304-01,01,首选历史，再选不限,554,16794,https://www.jseea.cn/webfile/upload/2024/07-18/09-11-430408314109108.xls
2024,历史类,2304,安徽医科大学,2304-02,02,首选历史，再选化学,478,50966,https://www.jseea.cn/webfile/upload/2024/07-18/09-11-430408314109108.xls
2024,历史类,2305,安徽建筑大学,2305-01,01,首选历史，再选不限,542,21615,https://www.jseea.cn/webfile/upload/2024/07-18/09-11-430408314109108.xls
2024,历史类,2306,安徽农业大学,2306-01,01,首选历史，再选不限,550,18357,https://www.jseea.cn/webfile/upload/2024/07-18/09-11-430408314109108.xls
2024,历史类,2309,安徽师范大学,2309-02,02,首选历史，再选不限,551,17923,https://www.jseea.cn/webfile/upload/2024/07-18/09-11-430408314109108.xls
2024,历史类,2309,安徽师范大学,2309-03,03,首选历史，再选思想政治,578,8946,https://www.jseea.cn/webfile/upload/2024/07-18/09-11-430408314109108.xls
2024,历史类,2321,安徽财经大学,2321-01,01,首选历史，再选不限,554,16794,https://www.jseea.cn/webfile/upload/2024/07-18/09-11-430408314109108.xls
2024,历史类,2321,安徽财经大学,2321-02,02,首选历史，再选不限,556,16019,https://www.jseea.cn/webfile/upload/2024/07-18/09-11-430408314109108.xls
2024,历史类,2327,合肥大学,2327-01,01,首选历史，再选不限,541,22031,https://www.jseea.cn/webfile/upload/2024/07-18/09-11-430408314109108.xls
2024,历史类,2331,阜阳师范大学,2331-01,01,首选历史，再选不限,528,27732,https://www.jseea.cn/webfile/upload/2024/07-18/09-11-430408314109108.xls
2024,历史类,2331,阜阳师范大学,2331-02,02,首选历史，再选不限,511,35617,https://www.jseea.cn/webfile/upload/2024/07-18/09-11-430408314109108.xls
2024,历史类,2332,蚌埠医科大学,2332-01,01,首选历史，再选化学,478,50966,https://www.jseea.cn/webfile/upload/2024/07-18/09-11-430408314109108.xls
2024,历史类,2342,宿州学院,2342-01,01,首选历史，再选不限,530,26805,https://www.jseea.cn/webfile/upload/2024/07-18/09-11-430408314109108.xls
2024,历史类,2342,宿州学院,2342-02,02,首选历史，再选地理,527,28204,https://www.jseea.cn/webfile/upload/2024/07-18/09-11-430408314109108.xls
2024,历史类,2343,安庆师范大学,2343-01,01,首选历史，再选不限,533,25449,https://www.jseea.cn/webfile/upload/2024/07-18/09-11-430408314109108.xls
2024,历史类,2348,池州学院,2348-01,01,首选历史，再选不限,518,32328,https://www.jseea.cn/webfile/upload/2024/07-18/09-11-430408314109108.xls
2024,历史类,2351,淮北师范大学,2351-01,01,首选历史，再选不限,541,22031,https://www.jseea.cn/webfile/upload/2024/07-18/09-11-430408314109108.xls
2024,历史类,2351,淮北师范大学,2351-02,02,首选历史，再选思想政治,554,16794,https://www.jseea.cn/webfile/upload/2024/07-18/09-11-430408314109108.xls
2024,历史类,2351,淮北师范大学,2351-03,03,首选历史，再选思想政治和地理,541,22031,https://www.jseea.cn/webfile/upload/2024/07-18/09-11-430408314109108.xls
2024,历史类,2356,铜陵学院,2356-01,01,首选历史，再选不限,531,26371,https://www.jseea.cn/webfile/upload/2024/07-18/09-11-430408314109108.xls
2024,历史类,2359,合肥师范学院,2359-01,01,首选历史，再选不限,509,36593,https://www.jseea.cn/webfile/upload/2024/07-18/09-11-430408314109108.xls
2024,历史类,2361,安徽工业大学,2361-01,01,首选历史，再选不限,549,18742,https://www.jseea.cn/webfile/upload/2024/07-18/09-11-430408314109108.xls
2024,历史类,2362,淮南师范学院,2362-01,01,首选历史，再选不限,520,31428,https://www.jseea.cn/webfile/upload/2024/07-18/09-11-430408314109108.xls
2024,历史类,2367,巢湖学院,2367-01,01,首选历史，再选不限,513,34650,https://www.jseea.cn/webfile/upload/2024/07-18/09-11-430408314109108.xls
2024,历史类,2372,滁州学院,2372-01,01,首选历史，再选不限,517,32754,https://www.jseea.cn/webfile/upload/2024/07-18/09-11-430408314109108.xls
2024,历史类,2381,黄山学院,2381-01,01,首选历史，再选不限,493,44010,https://www.jseea.cn/webfile/upload/2024/07-18/09-11-430408314109108.xls
2024,历史类,2381,黄山学院,2381-02,02,首选历史，再选不限,512,35123,https://www.jseea.cn/webfile/upload/2024/07-18/09-11-430408314109108.xls
2024,历史类,2383,合肥工业大学(宣城校区),2383-01,01,首选历史，再选不限,586,6866,https://www.jseea.cn/webfile/upload/2024/07-18/09-11-430408314109108.xls
2024,历史类,2383,合肥工业大学(宣城校区),2383-02,02,首选历史，再选思想政治,580,8377,https://www.jseea.cn/webfile/upload/2024/07-18/09-11-430408314109108.xls
2024,历史类,2401,福州大学,2401-01,01,首选历史，再选不限,587,6638,https://www.jseea.cn/webfile/upload/2024/07-18/09-11-430408314109108.xls
2024,历史类,2402,福建农林大学,2402-01,01,首选历史，再选不限,537,23736,https://www.jseea.cn/webfile/upload/2024/07-18/09-11-430408314109108.xls
2024,历史类,2410,三明学院,2410-01,01,首选历史，再选不限,513,34650,https://www.jseea.cn/webfile/upload/2024/07-18/09-11-430408314109108.xls
2024,历史类,2411,厦门大学,2411-01,01,首选历史，再选不限,632,633,https://www.jseea.cn/webfile/upload/2024/07-18/09-11-430408314109108.xls
2024,历史类,2411,厦门大学,2411-02,02,首选历史，再选不限,628,861,https://www.jseea.cn/webfile/upload/2024/07-18/09-11-430408314109108.xls
2024,历史类,2411,厦门大学,2411-03,03,首选历史，再选思想政治,628,861,https://www.jseea.cn/webfile/upload/2024/07-18/09-11-430408314109108.xls
2024,历史类,2411,厦门大学,2411-04,04,首选历史，再选不限,606,3067,https://www.jseea.cn/webfile/upload/2024/07-18/09-11-430408314109108.xls
2024,历史类,2412,集美大学,2412-01,01,首选历史，再选不限,553,17142,https://www.jseea.cn/webfile/upload/2024/07-18/09-11-430408314109108.xls
2024,历史类,2413,厦门理工学院,2413-01,01,首选历史，再选不限,537,23736,https://www.jseea.cn/webfile/upload/2024/07-18/09-11-430408314109108.xls
2024,历史类,2421,莆田学院,2421-01,01,首选历史，再选不限,515,33682,https://www.jseea.cn/webfile/upload/2024/07-18/09-11-430408314109108.xls
2024,历史类,2422,华侨大学,2422-01,01,首选历史，再选不限,553,17142,https://www.jseea.cn/webfile/upload/2024/07-18/09-11-430408314109108.xls
2024,历史类,2422,华侨大学,2422-02,02,首选历史，再选思想政治,560,14582,https://www.jseea.cn/webfile/upload/2024/07-18/09-11-430408314109108.xls
2024,历史类,2437,武夷学院,2437-01,01,首选历史，再选不限,512,35123,https://www.jseea.cn/webfile/upload/2024/07-18/09-11-430408314109108.xls
2024,历史类,2448,闽南师范大学,2448-01,01,首选历史，再选不限,513,34650,https://www.jseea.cn/webfile/upload/2024/07-18/09-11-430408314109108.xls
2024,历史类,2501,江西财经大学,2501-01,01,首选历史，再选不限,588,6398,https://www.jseea.cn/webfile/upload/2024/07-18/09-11-430408314109108.xls
2024,历史类,2501,江西财经大学,2501-02,02,首选历史，再选不限,578,8946,https://www.jseea.cn/webfile/upload/2024/07-18/09-11-430408314109108.xls
2024,历史类,2501,江西财经大学,2501-03,03,首选历史，再选不限,574,10080,https://www.jseea.cn/webfile/upload/2024/07-18/09-11-430408314109108.xls
2024,历史类,2502,华东交通大学,2502-01,01,首选历史，再选不限,557,15653,https://www.jseea.cn/webfile/upload/2024/07-18/09-11-430408314109108.xls
2024,历史类,2502,华东交通大学,2502-02,02,首选历史，再选不限,545,20359,https://www.jseea.cn/webfile/upload/2024/07-18/09-11-430408314109108.xls
2024,历史类,2504,江西中医药大学,2504-01,01,首选历史，再选不限,536,24138,https://www.jseea.cn/webfile/upload/2024/07-18/09-11-430408314109108.xls
2024,历史类,2504,江西中医药大学,2504-02,02,首选历史，再选生物,544,20776,https://www.jseea.cn/webfile/upload/2024/07-18/09-11-430408314109108.xls
2024,历史类,2505,南昌大学,2505-01,01,首选历史，再选不限,581,8108,https://www.jseea.cn/webfile/upload/2024/07-18/09-11-430408314109108.xls
2024,历史类,2506,南昌航空大学,2506-01,01,首选历史，再选不限,537,23736,https://www.jseea.cn/webfile/upload/2024/07-18/09-11-430408314109108.xls
2024,历史类,2507,江西科技师范大学,2507-01,01,首选历史，再选不限,539,22877,https://www.jseea.cn/webfile/upload/2024/07-18/09-11-430408314109108.xls
2024,历史类,2507,江西科技师范大学,2507-02,02,首选历史，再选不限,544,20776,https://www.jseea.cn/webfile/upload/2024/07-18/09-11-430408314109108.xls
2024,历史类,2508,江西农业大学,2508-01,01,首选历史，再选不限,535,24575,https://www.jseea.cn/webfile/upload/2024/07-18/09-11-430408314109108.xls
2024,历史类,2510,江西师范大学,2510-02,02,首选历史，再选不限,542,21615,https://www.jseea.cn/webfile/upload/2024/07-18/09-11-430408314109108.xls
2024,历史类,2510,江西师范大学,2510-03,03,首选历史，再选思想政治,568,11956,https://www.jseea.cn/webfile/upload/2024/07-18/09-11-430408314109108.xls
2024,历史类,2510,江西师范大学,2510-04,04,首选历史，再选地理,574,10080,https://www.jseea.cn/webfile/upload/2024/07-18/09-11-430408314109108.xls
2024,历史类,2511,南昌工程学院,2511-01,01,首选历史，再选不限,515,33682,https://www.jseea.cn/webfile/upload/2024/07-18/09-11-430408314109108.xls
2024,历史类,2512,江西警察学院,2512-01,01,首选历史，再选不限,539,22877,https://www.jseea.cn/webfile/upload/2024/07-18/09-11-430408314109108.xls
2024,历史类,2521,江西理工大学,2521-01,01,首选历史，再选不限,536,24138,https://www.jseea.cn/webfile/upload/2024/07-18/09-11-430408314109108.xls
2024,历史类,2523,赣南师范大学,2523-01,01,首选历史，再选不限,509,36593,https://www.jseea.cn/webfile/upload/2024/07-18/09-11-430408314109108.xls
2024,历史类,2523,赣南师范大学,2523-02,02,首选历史，再选不限,531,26371,https://www.jseea.cn/webfile/upload/2024/07-18/09-11-430408314109108.xls
2024,历史类,2523,赣南师范大学,2523-03,03,首选历史，再选不限,533,25449,https://www.jseea.cn/webfile/upload/2024/07-18/09-11-430408314109108.xls
2024,历史类,2523,赣南师范大学,2523-04,04,首选历史，再选不限,537,23736,https://www.jseea.cn/webfile/upload/2024/07-18/09-11-430408314109108.xls
2024,历史类,2523,赣南师范大学,2523-05,05,首选历史，再选思想政治,541,22031,https://www.jseea.cn/webfile/upload/2024/07-18/09-11-430408314109108.xls
2024,历史类,2523,赣南师范大学,2523-06,06,首选历史，再选地理,536,24138,https://www.jseea.cn/webfile/upload/2024/07-18/09-11-430408314109108.xls
2024,历史类,2527,新余学院,2527-01,01,首选历史，再选不限,515,33682,https://www.jseea.cn/webfile/upload/2024/07-18/09-11-430408314109108.xls
2024,历史类,2531,景德镇陶瓷大学,2531-01,01,首选历史，再选不限,535,24575,https://www.jseea.cn/webfile/upload/2024/07-18/09-11-430408314109108.xls
2024,历史类,2531,景德镇陶瓷大学,2531-02,02,首选历史，再选化学,478,50966,https://www.jseea.cn/webfile/upload/2024/07-18/09-11-430408314109108.xls
2024,历史类,2542,萍乡学院,2542-01,01,首选历史，再选不限,510,36096,https://www.jseea.cn/webfile/upload/2024/07-18/09-11-430408314109108.xls
2024,历史类,2543,南昌师范学院,2543-01,01,首选历史，再选不限,514,34139,https://www.jseea.cn/webfile/upload/2024/07-18/09-11-430408314109108.xls
2024,历史类,2543,南昌师范学院,2543-02,02,首选历史，再选思想政治,516,33212,https://www.jseea.cn/webfile/upload/2024/07-18/09-11-430408314109108.xls
2024,历史类,2551,宜春学院,2551-01,01,首选历史，再选不限,512,35123,https://www.jseea.cn/webfile/upload/2024/07-18/09-11-430408314109108.xls
2024,历史类,2551,宜春学院,2551-02,02,首选历史，再选生物,509,36593,https://www.jseea.cn/webfile/upload/2024/07-18/09-11-430408314109108.xls
2024,历史类,2551,宜春学院,2551-03,03,首选历史，再选思想政治,520,31428,https://www.jseea.cn/webfile/upload/2024/07-18/09-11-430408314109108.xls
2024,历史类,2561,九江学院,2561-01,01,首选历史，再选不限,512,35123,https://www.jseea.cn/webfile/upload/2024/07-18/09-11-430408314109108.xls
2024,历史类,2571,上饶师范学院,2571-01,01,首选历史，再选不限,512,35123,https://www.jseea.cn/webfile/upload/2024/07-18/09-11-430408314109108.xls
2024,历史类,2571,上饶师范学院,2571-02,02,首选历史，再选思想政治,524,29546,https://www.jseea.cn/webfile/upload/2024/07-18/09-11-430408314109108.xls
2024,历史类,2572,赣东学院,2572-01,01,首选历史，再选不限,512,35123,https://www.jseea.cn/webfile/upload/2024/07-18/09-11-430408314109108.xls
2024,历史类,2573,赣南科技学院,2573-01,01,首选历史，再选不限,511,35617,https://www.jseea.cn/webfile/upload/2024/07-18/09-11-430408314109108.xls
2024,历史类,2574,南昌医学院,2574-01,01,首选历史，再选生物,526,28647,https://www.jseea.cn/webfile/upload/2024/07-18/09-11-430408314109108.xls
2024,历史类,2581,井冈山大学,2581-01,01,首选历史，再选不限,526,28647,https://www.jseea.cn/webfile/upload/2024/07-18/09-11-430408314109108.xls
2024,历史类,2596,景德镇学院,2596-01,01,首选历史，再选不限,515,33682,https://www.jseea.cn/webfile/upload/2024/07-18/09-11-430408314109108.xls
2024,历史类,2601,山东大学,2601-01,01,首选历史，再选不限,623,1181,https://www.jseea.cn/webfile/upload/2024/07-18/09-11-430408314109108.xls
2024,历史类,2602,济南大学,2602-01,01,首选历史，再选不限,546,19983,https://www.jseea.cn/webfile/upload/2024/07-18/09-11-430408314109108.xls
2024,历史类,2602,济南大学,2602-02,02,首选历史，再选思想政治,563,13578,https://www.jseea.cn/webfile/upload/2024/07-18/09-11-430408314109108.xls
2024,历史类,2603,北京交通大学(威海校区),2603-01,01,首选历史，再选不限,585,7092,https://www.jseea.cn/webfile/upload/2024/07-18/09-11-430408314109108.xls
2024,历史类,2605,山东中医药大学,2605-01,01,首选历史，再选不限,545,20359,https://www.jseea.cn/webfile/upload/2024/07-18/09-11-430408314109108.xls
2024,历史类,2606,山东财经大学,2606-01,01,首选历史，再选不限,558,15274,https://www.jseea.cn/webfile/upload/2024/07-18/09-11-430408314109108.xls
2024,历史类,2608,山东工艺美术学院,2608-01,01,首选历史，再选不限,510,36096,https://www.jseea.cn/webfile/upload/2024/07-18/09-11-430408314109108.xls
2024,历史类,2609,山东交通学院,2609-01,01,首选历史，再选不限,531,26371,https://www.jseea.cn/webfile/upload/2024/07-18/09-11-430408314109108.xls
2024,历史类,2610,齐鲁工业大学,2610-01,01,首选历史，再选不限,534,25037,https://www.jseea.cn/webfile/upload/2024/07-18/09-11-430408314109108.xls
2024,历史类,2611,山东理工大学,2611-01,01,首选历史，再选不限,545,20359,https://www.jseea.cn/webfile/upload/2024/07-18/09-11-430408314109108.xls
2024,历史类,2612,山东艺术学院,2612-01,01,首选历史，再选不限,511,35617,https://www.jseea.cn/webfile/upload/2024/07-18/09-11-430408314109108.xls
2024,历史类,2621,中国海洋大学,2621-01,01,首选历史，再选不限,610,2516,https://www.jseea.cn/webfile/upload/2024/07-18/09-11-430408314109108.xls
2024,历史类,2621,中国海洋大学,2621-02,02,首选历史，再选不限,610,2516,https://www.jseea.cn/webfile/upload/2024/07-18/09-11-430408314109108.xls
2024,历史类,2621,中国海洋大学,2621-03,03,首选历史，再选思想政治,609,2654,https://www.jseea.cn/webfile/upload/2024/07-18/09-11-430408314109108.xls
2024,历史类,2622,青岛理工大学,2622-01,01,首选历史，再选不限,550,18357,https://www.jseea.cn/webfile/upload/2024/07-18/09-11-430408314109108.xls
2024,历史类,2624,青岛大学,2624-01,01,首选历史，再选不限,554,16794,https://www.jseea.cn/webfile/upload/2024/07-18/09-11-430408314109108.xls
2024,历史类,2631,山东农业大学,2631-01,01,首选历史，再选不限,549,18742,https://www.jseea.cn/webfile/upload/2024/07-18/09-11-430408314109108.xls
2024,历史类,2635,潍坊学院,2635-01,01,首选历史，再选不限,517,32754,https://www.jseea.cn/webfile/upload/2024/07-18/09-11-430408314109108.xls
2024,历史类,2635,潍坊学院,2635-02,02,首选历史，再选思想政治,530,26805,https://www.jseea.cn/webfile/upload/2024/07-18/09-11-430408314109108.xls
2024,历史类,2641,中国石油大学(华东),2641-01,01,首选历史，再选不限,582,7859,https://www.jseea.cn/webfile/upload/2024/07-18/09-11-430408314109108.xls
2024,历史类,2642,聊城大学,2642-01,01,首选历史，再选不限,544,20776,https://www.jseea.cn/webfile/upload/2024/07-18/09-11-430408314109108.xls
2024,历史类,2642,聊城大学,2642-02,02,首选历史，再选不限,478,50966,https://www.jseea.cn/webfile/upload/2024/07-18/09-11-430408314109108.xls
2024,历史类,2645,临沂大学,2645-01,01,首选历史，再选不限,536,24138,https://www.jseea.cn/webfile/upload/2024/07-18/09-11-430408314109108.xls
2024,历史类,2650,山东航空学院,2650-01,01,首选历史，再选不限,532,25910,https://www.jseea.cn/webfile/upload/2024/07-18/09-11-430408314109108.xls
2024,历史类,2651,烟台大学,2651-01,01,首选历史，再选不限,550,18357,https://www.jseea.cn/webfile/upload/2024/07-18/09-11-430408314109108.xls
2024,历史类,2652,山东工商学院,2652-01,01,首选历史，再选不限,523,29991,https://www.jseea.cn/webfile/upload/2024/07-18/09-11-430408314109108.xls
2024,历史类,2652,山东工商学院,2652-02,02,首选历史，再选思想政治,521,30977,https://www.jseea.cn/webfile/upload/2024/07-18/09-11-430408314109108.xls
2024,历史类,2653,鲁东大学,2653-01,01,首选历史，再选不限,536,24138,https://www.jseea.cn/webfile/upload/2024/07-18/09-11-430408314109108.xls
2024,历史类,2661,山东大学威海分校,2661-01,01,首选历史，再选不限,616,1801,https://www.jseea.cn/webfile/upload/2024/07-18/09-11-430408314109108.xls
2024,历史类,2661,山东大学威海分校,2661-02,02,首选历史，再选思想政治,613,2155,https://www.jseea.cn/webfile/upload/2024/07-18/09-11-430408314109108.xls
2024,历史类,2662,哈尔滨工业大学(威海),2662-01,01,首选历史，再选不限,616,1801,https://www.jseea.cn/webfile/upload/2024/07-18/09-11-430408314109108.xls
2024,历史类,2669,菏泽学院,2669-01,01,首选历史，再选不限,526,28647,https://www.jseea.cn/webfile/upload/2024/07-18/09-11-430408314109108.xls
2024,历史类,2671,曲阜师范大学,2671-01,01,首选历史，再选不限,541,22031,https://www.jseea.cn/webfile/upload/2024/07-18/09-11-430408314109108.xls
2024,历史类,2683,德州学院,2683-01,01,首选历史，再选不限,530,26805,https://www.jseea.cn/webfile/upload/2024/07-18/09-11-430408314109108.xls
2024,历史类,2691,山东第一医科大学,2691-01,01,首选历史，再选不限,533,25449,https://www.jseea.cn/webfile/upload/2024/07-18/09-11-430408314109108.xls
2024,历史类,2701,山东女子学院,2701-01,01,首选历史，再选不限,514,34139,https://www.jseea.cn/webfile/upload/2024/07-18/09-11-430408314109108.xls
2024,历史类,2702,济宁学院,2702-01,01,首选历史，再选不限,514,34139,https://www.jseea.cn/webfile/upload/2024/07-18/09-11-430408314109108.xls
2024,历史类,2710,齐鲁师范学院,2710-01,01,首选历史，再选不限,531,26371,https://www.jseea.cn/webfile/upload/2024/07-18/09-11-430408314109108.xls
2024,历史类,2711,山东师范大学,2711-01,01,首选历史，再选不限,550,18357,https://www.jseea.cn/webfile/upload/2024/07-18/09-11-430408314109108.xls
2024,历史类,2711,山东师范大学,2711-02,02,首选历史，再选不限,527,28204,https://www.jseea.cn/webfile/upload/2024/07-18/09-11-430408314109108.xls
2024,历史类,2711,山东师范大学,2711-03,03,首选历史，再选不限,532,25910,https://www.jseea.cn/webfile/upload/2024/07-18/09-11-430408314109108.xls
2024,历史类,2711,山东师范大学,2711-04,04,首选历史，再选地理,578,8946,https://www.jseea.cn/webfile/upload/2024/07-18/09-11-430408314109108.xls
2024,历史类,2755,山东石油化工学院,2755-01,01,首选历史，再选不限,529,27265,https://www.jseea.cn/webfile/upload/2024/07-18/09-11-430408314109108.xls
2024,历史类,2755,山东石油化工学院,2755-02,02,首选历史，再选不限,525,29083,https://www.jseea.cn/webfile/upload/2024/07-18/09-11-430408314109108.xls
2024,历史类,3101,北京大学,3101-03,03,首选历史，再选不限,659,105,https://www.jseea.cn/webfile/upload/2024/07-18/09-11-430408314109108.xls
2024,历史类,3102,中国人民大学,3102-02,02,首选历史，再选不限,649,131,https://www.jseea.cn/webfile/upload/2024/07-18/09-11-430408314109108.xls
2024,历史类,3102,中国人民大学,3102-03,03,首选历史，再选思想政治,649,131,https://www.jseea.cn/webfile/upload/2024/07-18/09-11-430408314109108.xls
2024,历史类,3103,清华大学,3103-02,02,首选历史，再选不限,668,105,https://www.jseea.cn/webfile/upload/2024/07-18/09-11-430408314109108.xls
2024,历史类,3104,北京师范大学,3104-03,03,首选历史，再选不限,632,633,https://www.jseea.cn/webfile/upload/2024/07-18/09-11-430408314109108.xls
2024,历史类,3104,北京师范大学,3104-04,04,首选历史，再选思想政治,631,684,https://www.jseea.cn/webfile/upload/2024/07-18/09-11-430408314109108.xls
2024,历史类,3105,北京交通大学,3105-01,01,首选历史，再选不限,606,3067,https://www.jseea.cn/webfile/upload/2024/07-18/09-11-430408314109108.xls
2024,历史类,3106,北京航空航天大学,3106-01,01,首选历史，再选不限,627,923,https://www.jseea.cn/webfile/upload/2024/07-18/09-11-430408314109108.xls
2024,历史类,3107,北京理工大学,3107-01,01,首选历史，再选不限,621,1340,https://www.jseea.cn/webfile/upload/2024/07-18/09-11-430408314109108.xls
2024,历史类,3108,北京科技大学,3108-01,01,首选历史，再选不限,601,3855,https://www.jseea.cn/webfile/upload/2024/07-18/09-11-430408314109108.xls
2024,历史类,3109,北京化工大学,3109-01,01,首选历史，再选不限,585,7092,https://www.jseea.cn/webfile/upload/2024/07-18/09-11-430408314109108.xls
2024,历史类,3110,中国农业大学,3110-01,01,首选历史，再选不限,598,4358,https://www.jseea.cn/webfile/upload/2024/07-18/09-11-430408314109108.xls
2024,历史类,3110,中国农业大学,3110-02,02,首选历史，再选不限,619,1506,https://www.jseea.cn/webfile/upload/2024/07-18/09-11-430408314109108.xls
2024,历史类,3112,中国政法大学,3112-01,01,首选历史，再选不限,613,2155,https://www.jseea.cn/webfile/upload/2024/07-18/09-11-430408314109108.xls
2024,历史类,3112,中国政法大学,3112-02,02,首选历史，再选思想政治,623,1181,https://www.jseea.cn/webfile/upload/2024/07-18/09-11-430408314109108.xls
2024,历史类,3114,北京林业大学,3114-01,01,首选历史，再选不限,586,6866,https://www.jseea.cn/webfile/upload/2024/07-18/09-11-430408314109108.xls
2024,历史类,3114,北京林业大学,3114-02,02,首选历史，再选不限,595,4943,https://www.jseea.cn/webfile/upload/2024/07-18/09-11-430408314109108.xls
2024,历史类,3114,北京林业大学,3114-03,03,首选历史，再选生物,587,6638,https://www.jseea.cn/webfile/upload/2024/07-18/09-11-430408314109108.xls
2024,历史类,3114,北京林业大学,3114-04,04,首选历史，再选地理,590,5958,https://www.jseea.cn/webfile/upload/2024/07-18/09-11-430408314109108.xls
2024,历史类,3115,北京大学医学部,3115-01,01,首选历史，再选不限,653,105,https://www.jseea.cn/webfile/upload/2024/07-18/09-11-430408314109108.xls
2024,历史类,3116,北京外国语大学,3116-02,02,首选历史，再选不限,616,1801,https://www.jseea.cn/webfile/upload/2024/07-18/09-11-430408314109108.xls
2024,历史类,3116,北京外国语大学,3116-03,03,首选历史，再选思想政治,620,1426,https://www.jseea.cn/webfile/upload/2024/07-18/09-11-430408314109108.xls
2024,历史类,3117,北京语言大学,3117-02,02,首选历史，再选不限,577,9222,https://www.jseea.cn/webfile/upload/2024/07-18/09-11-430408314109108.xls
2024,历史类,3117,北京语言大学,3117-03,03,首选历史，再选思想政治,585,7092,https://www.jseea.cn/webfile/upload/2024/07-18/09-11-430408314109108.xls
2024,历史类,3118,中国石油大学(北京),3118-01,01,首选历史，再选不限,590,5958,https://www.jseea.cn/webfile/upload/2024/07-18/09-11-430408314109108.xls
2024,历史类,3118,中国石油大学(北京),3118-02,02,首选历史，再选思想政治,596,4751,https://www.jseea.cn/webfile/upload/2024/07-18/09-11-430408314109108.xls
2024,历史类,3119,对外经济贸易大学,3119-02,02,首选历史，再选不限,621,1340,https://www.jseea.cn/webfile/upload/2024/07-18/09-11-430408314109108.xls
2024,历史类,3120,中央财经大学,3120-01,01,首选历史，再选不限,623,1181,https://www.jseea.cn/webfile/upload/2024/07-18/09-11-430408314109108.xls
2024,历史类,3121,北京中医药大学,3121-01,01,首选历史，再选不限,592,5561,https://www.jseea.cn/webfile/upload/2024/07-18/09-11-430408314109108.xls
2024,历史类,3122,中国矿业大学(北京),3122-01,01,首选历史，再选不限,584,7329,https://www.jseea.cn/webfile/upload/2024/07-18/09-11-430408314109108.xls
2024,历史类,3123,中国传媒大学,3123-02,02,首选历史，再选不限,608,2793,https://www.jseea.cn/webfile/upload/2024/07-18/09-11-430408314109108.xls
2024,历史类,3123,中国传媒大学,3123-03,03,首选历史，再选不限,606,3067,https://www.jseea.cn/webfile/upload/2024/07-18/09-11-430408314109108.xls
2024,历史类,3123,中国传媒大学,3123-04,04,首选历史，再选不限,584,7329,https://www.jseea.cn/webfile/upload/2024/07-18/09-11-430408314109108.xls
2024,历史类,3124,中央美术学院,3124-01,01,首选历史，再选不限,587,6638,https://www.jseea.cn/webfile/upload/2024/07-18/09-11-430408314109108.xls
2024,历史类,3124,中央美术学院,3124-02,02,首选历史，再选不限,565,12898,https://www.jseea.cn/webfile/upload/2024/07-18/09-11-430408314109108.xls
2024,历史类,3125,中央戏剧学院,3125-01,01,首选历史，再选不限,575,9798,https://www.jseea.cn/webfile/upload/2024/07-18/09-11-430408314109108.xls
2024,历史类,3127,北京体育大学,3127-01,01,首选历史，再选不限,581,8108,https://www.jseea.cn/webfile/upload/2024/07-18/09-11-430408314109108.xls
2024,历史类,3127,北京体育大学,3127-02,02,首选历史，再选不限,582,7859,https://www.jseea.cn/webfile/upload/2024/07-18/09-11-430408314109108.xls
2024,历史类,3127,北京体育大学,3127-03,03,首选历史，再选不限,527,28204,https://www.jseea.cn/webfile/upload/2024/07-18/09-11-430408314109108.xls
2024,历史类,3127,北京体育大学,3127-04,04,首选历史，再选思想政治,585,7092,https://www.jseea.cn/webfile/upload/2024/07-18/09-11-430408314109108.xls
2024,历史类,3128,华北电力大学(北京),3128-01,01,首选历史，再选不限,586,6866,https://www.jseea.cn/webfile/upload/2024/07-18/09-11-430408314109108.xls
2024,历史类,3129,中央民族大学,3129-01,01,首选历史，再选不限,609,2654,https://www.jseea.cn/webfile/upload/2024/07-18/09-11-430408314109108.xls
2024,历史类,3132,北京第二外国语学院,3132-01,01,首选历史，再选不限,567,12260,https://www.jseea.cn/webfile/upload/2024/07-18/09-11-430408314109108.xls
2024,历史类,3133,首都师范大学,3133-01,01,首选历史，再选不限,584,7329,https://www.jseea.cn/webfile/upload/2024/07-18/09-11-430408314109108.xls
2024,历史类,3136,北京物资学院,3136-01,01,首选历史，再选不限,542,21615,https://www.jseea.cn/webfile/upload/2024/07-18/09-11-430408314109108.xls
2024,历史类,3139,北京印刷学院,3139-01,01,首选历史，再选不限,543,21166,https://www.jseea.cn/webfile/upload/2024/07-18/09-11-430408314109108.xls
2024,历史类,3142,北京工商大学,3142-01,01,首选历史，再选不限,557,15653,https://www.jseea.cn/webfile/upload/2024/07-18/09-11-430408314109108.xls
2024,历史类,3144,北京联合大学,3144-01,01,首选历史，再选不限,548,19125,https://www.jseea.cn/webfile/upload/2024/07-18/09-11-430408314109108.xls
2024,历史类,3148,北京电影学院,3148-01,01,首选历史，再选不限,605,3225,https://www.jseea.cn/webfile/upload/2024/07-18/09-11-430408314109108.xls
2024,历史类,3148,北京电影学院,3148-02,02,首选历史，再选不限,576,9484,https://www.jseea.cn/webfile/upload/2024/07-18/09-11-430408314109108.xls
2024,历史类,3148,北京电影学院,3148-03,03,首选历史，再选不限,580,8377,https://www.jseea.cn/webfile/upload/2024/07-18/09-11-430408314109108.xls
2024,历史类,3148,北京电影学院,3148-04,04,首选历史，再选不限,556,16019,https://www.jseea.cn/webfile/upload/2024/07-18/09-11-430408314109108.xls
2024,历史类,3148,北京电影学院,3148-05,05,首选历史，再选不限,570,11302,https://www.jseea.cn/webfile/upload/2024/07-18/09-11-430408314109108.xls
2024,历史类,3148,北京电影学院,3148-06,06,首选历史，再选不限,605,3225,https://www.jseea.cn/webfile/upload/2024/07-18/09-11-430408314109108.xls
2024,历史类,3153,华北科技学院,3153-01,01,首选历史，再选不限,513,34650,https://www.jseea.cn/webfile/upload/2024/07-18/09-11-430408314109108.xls
2024,历史类,3154,首都经济贸易大学,3154-01,01,首选历史，再选不限,582,7859,https://www.jseea.cn/webfile/upload/2024/07-18/09-11-430408314109108.xls
2024,历史类,3169,中国劳动关系学院,3169-01,01,首选历史，再选不限,542,21615,https://www.jseea.cn/webfile/upload/2024/07-18/09-11-430408314109108.xls
2024,历史类,3176,民政职业大学,3176-01,01,首选历史，再选不限,514,34139,https://www.jseea.cn/webfile/upload/2024/07-18/09-11-430408314109108.xls
2024,历史类,3201,南开大学,3201-02,02,首选历史，再选不限,631,684,https://www.jseea.cn/webfile/upload/2024/07-18/09-11-430408314109108.xls
2024,历史类,3204,天津师范大学,3204-02,02,首选历史，再选不限,493,44010,https://www.jseea.cn/webfile/upload/2024/07-18/09-11-430408314109108.xls
2024,历史类,3204,天津师范大学,3204-03,03,首选历史，再选不限,557,15653,https://www.jseea.cn/webfile/upload/2024/07-18/09-11-430408314109108.xls
2024,历史类,3204,天津师范大学,3204-04,04,首选历史，再选思想政治,565,12898,https://www.jseea.cn/webfile/upload/2024/07-18/09-11-430408314109108.xls
2024,历史类,3204,天津师范大学,3204-05,05,首选历史，再选地理,572,10689,https://www.jseea.cn/webfile/upload/2024/07-18/09-11-430408314109108.xls
2024,历史类,3205,中国民航大学,3205-01,01,首选历史，再选不限,557,15653,https://www.jseea.cn/webfile/upload/2024/07-18/09-11-430408314109108.xls
2024,历史类,3205,中国民航大学,3205-02,02,首选历史，再选思想政治,563,13578,https://www.jseea.cn/webfile/upload/2024/07-18/09-11-430408314109108.xls
2024,历史类,3206,天津工业大学,3206-01,01,首选历史，再选不限,575,9798,https://www.jseea.cn/webfile/upload/2024/07-18/09-11-430408314109108.xls
2024,历史类,3206,天津工业大学,3206-02,02,首选历史，再选不限,544,20776,https://www.jseea.cn/webfile/upload/2024/07-18/09-11-430408314109108.xls
2024,历史类,3207,天津商业大学,3207-01,01,首选历史，再选不限,551,17923,https://www.jseea.cn/webfile/upload/2024/07-18/09-11-430408314109108.xls
2024,历史类,3208,天津科技大学,3208-01,01,首选历史，再选不限,548,19125,https://www.jseea.cn/webfile/upload/2024/07-18/09-11-430408314109108.xls
2024,历史类,3209,天津财经大学,3209-01,01,首选历史，再选不限,566,12572,https://www.jseea.cn/webfile/upload/2024/07-18/09-11-430408314109108.xls
2024,历史类,3210,天津城建大学,3210-01,01,首选历史，再选不限,504,38906,https://www.jseea.cn/webfile/upload/2024/07-18/09-11-430408314109108.xls
2024,历史类,3210,天津城建大学,3210-02,02,首选历史，再选不限,512,35123,https://www.jseea.cn/webfile/upload/2024/07-18/09-11-430408314109108.xls
2024,历史类,3211,天津外国语大学,3211-01,01,首选历史，再选不限,549,18742,https://www.jseea.cn/webfile/upload/2024/07-18/09-11-430408314109108.xls
2024,历史类,3211,天津外国语大学,3211-02,02,首选历史，再选不限,551,17923,https://www.jseea.cn/webfile/upload/2024/07-18/09-11-430408314109108.xls
2024,历史类,3211,天津外国语大学,3211-03,03,首选历史，再选思想政治,560,14582,https://www.jseea.cn/webfile/upload/2024/07-18/09-11-430408314109108.xls
2024,历史类,3212,天津中医药大学,3212-01,01,首选历史，再选不限,558,15274,https://www.jseea.cn/webfile/upload/2024/07-18/09-11-430408314109108.xls
2024,历史类,3212,天津中医药大学,3212-02,02,首选历史，再选化学,545,20359,https://www.jseea.cn/webfile/upload/2024/07-18/09-11-430408314109108.xls
2024,历史类,3213,天津农学院,3213-01,01,首选历史，再选不限,515,33682,https://www.jseea.cn/webfile/upload/2024/07-18/09-11-430408314109108.xls
2024,历史类,3217,天津体育学院,3217-01,01,首选历史，再选不限,512,35123,https://www.jseea.cn/webfile/upload/2024/07-18/09-11-430408314109108.xls
2024,历史类,3218,天津职业技术师范大学,3218-01,01,首选历史，再选不限,533,25449,https://www.jseea.cn/webfile/upload/2024/07-18/09-11-430408314109108.xls
2024,历史类,3301,石家庄铁道大学,3301-01,01,首选历史，再选不限,543,21166,https://www.jseea.cn/webfile/upload/2024/07-18/09-11-430408314109108.xls
2024,历史类,3302,河北科技师范学院,3302-01,01,首选历史，再选不限,526,28647,https://www.jseea.cn/webfile/upload/2024/07-18/09-11-430408314109108.xls
2024,历史类,3305,河北地质大学,3305-01,01,首选历史，再选不限,530,26805,https://www.jseea.cn/webfile/upload/2024/07-18/09-11-430408314109108.xls
2024,历史类,3307,河北工业大学,3307-01,01,首选历史，再选不限,583,7575,https://www.jseea.cn/webfile/upload/2024/07-18/09-11-430408314109108.xls
2024,历史类,3310,河北经贸大学,3310-01,01,首选历史，再选不限,534,25037,https://www.jseea.cn/webfile/upload/2024/07-18/09-11-430408314109108.xls
2024,历史类,3310,河北经贸大学,3310-02,02,首选历史，再选不限,541,22031,https://www.jseea.cn/webfile/upload/2024/07-18/09-11-430408314109108.xls
2024,历史类,3311,华北电力大学(保定),3311-01,01,首选历史，再选不限,582,7859,https://www.jseea.cn/webfile/upload/2024/07-18/09-11-430408314109108.xls
2024,历史类,3312,河北大学,3312-01,01,首选历史，再选不限,546,19983,https://www.jseea.cn/webfile/upload/2024/07-18/09-11-430408314109108.xls
2024,历史类,3314,河北师范大学,3314-01,01,首选历史，再选不限,541,22031,https://www.jseea.cn/webfile/upload/2024/07-18/09-11-430408314109108.xls
2024,历史类,3315,河北金融学院,3315-01,01,首选历史，再选不限,525,29083,https://www.jseea.cn/webfile/upload/2024/07-18/09-11-430408314109108.xls
2024,历史类,3318,防灾科技学院,3318-01,01,首选历史，再选不限,514,34139,https://www.jseea.cn/webfile/upload/2024/07-18/09-11-430408314109108.xls
2024,历史类,3320,河北环境工程学院,3320-01,01,首选历史，再选不限,509,36593,https://www.jseea.cn/webfile/upload/2024/07-18/09-11-430408314109108.xls
2024,历史类,3321,燕山大学,3321-01,01,首选历史，再选不限,555,16407,https://www.jseea.cn/webfile/upload/2024/07-18/09-11-430408314109108.xls
2024,历史类,3322,东北大学秦皇岛分校,3322-01,01,首选历史，再选不限,596,4751,https://www.jseea.cn/webfile/upload/2024/07-18/09-11-430408314109108.xls
2024,历史类,3332,华北理工大学,3332-01,01,首选历史，再选不限,542,21615,https://www.jseea.cn/webfile/upload/2024/07-18/09-11-430408314109108.xls
2024,历史类,3333,衡水学院,3333-01,01,首选历史，再选不限,510,36096,https://www.jseea.cn/webfile/upload/2024/07-18/09-11-430408314109108.xls
2024,历史类,3333,衡水学院,3333-02,02,首选历史，再选思想政治,513,34650,https://www.jseea.cn/webfile/upload/2024/07-18/09-11-430408314109108.xls
2024,历史类,3341,北华航天工业学院,3341-01,01,首选历史，再选不限,514,34139,https://www.jseea.cn/webfile/upload/2024/07-18/09-11-430408314109108.xls
2024,历史类,3344,邯郸学院,3344-01,01,首选历史，再选不限,511,35617,https://www.jseea.cn/webfile/upload/2024/07-18/09-11-430408314109108.xls
2024,历史类,3350,张家口学院,3350-01,01,首选历史，再选不限,512,35123,https://www.jseea.cn/webfile/upload/2024/07-18/09-11-430408314109108.xls
2024,历史类,3362,邢台学院,3362-01,01,首选历史，再选不限,510,36096,https://www.jseea.cn/webfile/upload/2024/07-18/09-11-430408314109108.xls
2024,历史类,3365,沧州师范学院,3365-01,01,首选历史，再选不限,515,33682,https://www.jseea.cn/webfile/upload/2024/07-18/09-11-430408314109108.xls
2024,历史类,3401,山西大学,3401-01,01,首选历史，再选不限,569,11623,https://www.jseea.cn/webfile/upload/2024/07-18/09-11-430408314109108.xls
2024,历史类,3402,中北大学,3402-01,01,首选历史，再选不限,540,22464,https://www.jseea.cn/webfile/upload/2024/07-18/09-11-430408314109108.xls
2024,历史类,3403,山西财经大学,3403-01,01,首选历史，再选不限,546,19983,https://www.jseea.cn/webfile/upload/2024/07-18/09-11-430408314109108.xls
2024,历史类,3403,山西财经大学,3403-02,02,首选历史，再选不限,536,24138,https://www.jseea.cn/webfile/upload/2024/07-18/09-11-430408314109108.xls
2024,历史类,3404,太原科技大学,3404-01,01,首选历史，再选不限,537,23736,https://www.jseea.cn/webfile/upload/2024/07-18/09-11-430408314109108.xls
2024,历史类,3405,太原理工大学,3405-01,01,首选历史，再选不限,581,8108,https://www.jseea.cn/webfile/upload/2024/07-18/09-11-430408314109108.xls
2024,历史类,3406,太原工业学院,3406-01,01,首选历史，再选不限,510,36096,https://www.jseea.cn/webfile/upload/2024/07-18/09-11-430408314109108.xls
2024,历史类,3408,山西中医药大学,3408-01,01,首选历史，再选生物,536,24138,https://www.jseea.cn/webfile/upload/2024/07-18/09-11-430408314109108.xls
2024,历史类,3410,山西农业大学,3410-01,01,首选历史，再选不限,521,30977,https://www.jseea.cn/webfile/upload/2024/07-18/09-11-430408314109108.xls
2024,历史类,3410,山西农业大学,3410-02,02,首选历史，再选思想政治,523,29991,https://www.jseea.cn/webfile/upload/2024/07-18/09-11-430408314109108.xls
2024,历史类,3412,山西传媒学院,3412-01,01,首选历史，再选不限,509,36593,https://www.jseea.cn/webfile/upload/2024/07-18/09-11-430408314109108.xls
2024,历史类,3415,山西师范大学,3415-01,01,首选历史，再选不限,539,22877,https://www.jseea.cn/webfile/upload/2024/07-18/09-11-430408314109108.xls
2024,历史类,3415,山西师范大学,3415-02,02,首选历史，再选思想政治,559,14929,https://www.jseea.cn/webfile/upload/2024/07-18/09-11-430408314109108.xls
2024,历史类,3415,山西师范大学,3415-03,03,首选历史，再选地理,547,19543,https://www.jseea.cn/webfile/upload/2024/07-18/09-11-430408314109108.xls
2024,历史类,3416,太原师范学院,3416-01,01,首选历史，再选不限,526,28647,https://www.jseea.cn/webfile/upload/2024/07-18/09-11-430408314109108.xls
2024,历史类,3416,太原师范学院,3416-02,02,首选历史，再选不限,526,28647,https://www.jseea.cn/webfile/upload/2024/07-18/09-11-430408314109108.xls
2024,历史类,3416,太原师范学院,3416-03,03,首选历史，再选不限,534,25037,https://www.jseea.cn/webfile/upload/2024/07-18/09-11-430408314109108.xls
2024,历史类,3416,太原师范学院,3416-04,04,首选历史，再选不限,519,31897,https://www.jseea.cn/webfile/upload/2024/07-18/09-11-430408314109108.xls
2024,历史类,3416,太原师范学院,3416-05,05,首选历史，再选地理,521,30977,https://www.jseea.cn/webfile/upload/2024/07-18/09-11-430408314109108.xls
2024,历史类,3417,山西大同大学,3417-01,01,首选历史，再选不限,527,28204,https://www.jseea.cn/webfile/upload/2024/07-18/09-11-430408314109108.xls
2024,历史类,3417,山西大同大学,3417-02,02,首选历史，再选思想政治,523,29991,https://www.jseea.cn/webfile/upload/2024/07-18/09-11-430408314109108.xls
2024,历史类,3418,运城学院,3418-01,01,首选历史，再选不限,516,33212,https://www.jseea.cn/webfile/upload/2024/07-18/09-11-430408314109108.xls
2024,历史类,3418,运城学院,3418-02,02,首选历史，再选思想政治,513,34650,https://www.jseea.cn/webfile/upload/2024/07-18/09-11-430408314109108.xls
2024,历史类,3429,山西工程科技职业大学,3429-01,01,首选历史，再选不限,511,35617,https://www.jseea.cn/webfile/upload/2024/07-18/09-11-430408314109108.xls
2024,历史类,3431,吕梁学院,3431-01,01,首选历史，再选不限,510,36096,https://www.jseea.cn/webfile/upload/2024/07-18/09-11-430408314109108.xls
2024,历史类,3431,吕梁学院,3431-02,02,首选历史，再选生物,498,41642,https://www.jseea.cn/webfile/upload/2024/07-18/09-11-430408314109108.xls
2024,历史类,3431,吕梁学院,3431-03,03,首选历史，再选思想政治,515,33682,https://www.jseea.cn/webfile/upload/2024/07-18/09-11-430408314109108.xls
2024,历史类,3431,吕梁学院,3431-04,04,首选历史，再选地理,508,37065,https://www.jseea.cn/webfile/upload/2024/07-18/09-11-430408314109108.xls
2024,历史类,3432,晋中学院,3432-01,01,首选历史，再选不限,508,37065,https://www.jseea.cn/webfile/upload/2024/07-18/09-11-430408314109108.xls
2024,历史类,3433,山西工程技术学院,3433-01,01,首选历史，再选不限,510,36096,https://www.jseea.cn/webfile/upload/2024/07-18/09-11-430408314109108.xls
2024,历史类,3434,山西科技学院,3434-01,01,首选历史，再选不限,509,36593,https://www.jseea.cn/webfile/upload/2024/07-18/09-11-430408314109108.xls
2024,历史类,3506,内蒙古民族大学,3506-01,01,首选历史，再选不限,511,35617,https://www.jseea.cn/webfile/upload/2024/07-18/09-11-430408314109108.xls
2024,历史类,3507,内蒙古财经大学,3507-01,01,首选历史，再选不限,512,35123,https://www.jseea.cn/webfile/upload/2024/07-18/09-11-430408314109108.xls
2024,历史类,3511,内蒙古科技大学,3511-01,01,首选历史，再选不限,545,20359,https://www.jseea.cn/webfile/upload/2024/07-18/09-11-430408314109108.xls
2024,历史类,3511,内蒙古科技大学,3511-02,02,首选历史，再选思想政治,522,30462,https://www.jseea.cn/webfile/upload/2024/07-18/09-11-430408314109108.xls
2024,历史类,4101,东北大学,4101-01,01,首选历史，再选不限,604,3366,https://www.jseea.cn/webfile/upload/2024/07-18/09-11-430408314109108.xls
2024,历史类,4102,辽宁大学,4102-01,01,首选历史，再选不限,527,28204,https://www.jseea.cn/webfile/upload/2024/07-18/09-11-430408314109108.xls
2024,历史类,4102,辽宁大学,4102-02,02,首选历史，再选不限,508,37065,https://www.jseea.cn/webfile/upload/2024/07-18/09-11-430408314109108.xls
2024,历史类,4102,辽宁大学,4102-03,03,首选历史，再选不限,571,10994,https://www.jseea.cn/webfile/upload/2024/07-18/09-11-430408314109108.xls
2024,历史类,4102,辽宁大学,4102-04,04,首选历史，再选不限,558,15274,https://www.jseea.cn/webfile/upload/2024/07-18/09-11-430408314109108.xls
2024,历史类,4102,辽宁大学,4102-05,05,首选历史，再选不限,584,7329,https://www.jseea.cn/webfile/upload/2024/07-18/09-11-430408314109108.xls
2024,历史类,4104,沈阳药科大学,4104-01,01,首选历史，再选化学,478,50966,https://www.jseea.cn/webfile/upload/2024/07-18/09-11-430408314109108.xls
2024,历史类,4108,沈阳工业大学,4108-01,01,首选历史，再选不限,538,23304,https://www.jseea.cn/webfile/upload/2024/07-18/09-11-430408314109108.xls
2024,历史类,4109,沈阳理工大学,4109-01,01,首选历史，再选不限,534,25037,https://www.jseea.cn/webfile/upload/2024/07-18/09-11-430408314109108.xls
2024,历史类,4112,鞍山师范学院,4112-01,01,首选历史，再选不限,508,37065,https://www.jseea.cn/webfile/upload/2024/07-18/09-11-430408314109108.xls
2024,历史类,4113,沈阳医学院,4113-01,01,首选历史，再选生物,542,21615,https://www.jseea.cn/webfile/upload/2024/07-18/09-11-430408314109108.xls
2024,历史类,4114,辽宁中医药大学,4114-01,01,首选历史，再选不限,517,32754,https://www.jseea.cn/webfile/upload/2024/07-18/09-11-430408314109108.xls
2024,历史类,4114,辽宁中医药大学,4114-02,02,首选历史，再选化学,478,50966,https://www.jseea.cn/webfile/upload/2024/07-18/09-11-430408314109108.xls
2024,历史类,4117,沈阳师范大学,4117-01,01,首选历史，再选不限,516,33212,https://www.jseea.cn/webfile/upload/2024/07-18/09-11-430408314109108.xls
2024,历史类,4117,沈阳师范大学,4117-02,02,首选历史，再选不限,525,29083,https://www.jseea.cn/webfile/upload/2024/07-18/09-11-430408314109108.xls
2024,历史类,4120,沈阳大学,4120-01,01,首选历史，再选不限,515,33682,https://www.jseea.cn/webfile/upload/2024/07-18/09-11-430408314109108.xls
2024,历史类,4126,辽宁师范大学,4126-01,01,首选历史，再选不限,533,25449,https://www.jseea.cn/webfile/upload/2024/07-18/09-11-430408314109108.xls
2024,历史类,4131,大连理工大学,4131-01,01,首选历史，再选不限,604,3366,https://www.jseea.cn/webfile/upload/2024/07-18/09-11-430408314109108.xls
2024,历史类,4132,大连海事大学,4132-01,01,首选历史，再选不限,602,3681,https://www.jseea.cn/webfile/upload/2024/07-18/09-11-430408314109108.xls
2024,历史类,4132,大连海事大学,4132-02,02,首选历史，再选不限,600,4028,https://www.jseea.cn/webfile/upload/2024/07-18/09-11-430408314109108.xls
2024,历史类,4133,东北财经大学,4133-01,01,首选历史，再选不限,582,7859,https://www.jseea.cn/webfile/upload/2024/07-18/09-11-430408314109108.xls
2024,历史类,4133,东北财经大学,4133-02,02,首选历史，再选不限,576,9484,https://www.jseea.cn/webfile/upload/2024/07-18/09-11-430408314109108.xls
2024,历史类,4133,东北财经大学,4133-03,03,首选历史，再选不限,590,5958,https://www.jseea.cn/webfile/upload/2024/07-18/09-11-430408314109108.xls
2024,历史类,4135,大连外国语大学,4135-01,01,首选历史，再选不限,534,25037,https://www.jseea.cn/webfile/upload/2024/07-18/09-11-430408314109108.xls
2024,历史类,4135,大连外国语大学,4135-02,02,首选历史，再选不限,555,16407,https://www.jseea.cn/webfile/upload/2024/07-18/09-11-430408314109108.xls
2024,历史类,4135,大连外国语大学,4135-03,03,首选历史，再选不限,542,21615,https://www.jseea.cn/webfile/upload/2024/07-18/09-11-430408314109108.xls
2024,历史类,4136,大连大学,4136-01,01,首选历史，再选不限,535,24575,https://www.jseea.cn/webfile/upload/2024/07-18/09-11-430408314109108.xls
2024,历史类,4139,大连交通大学,4139-01,01,首选历史，再选不限,542,21615,https://www.jseea.cn/webfile/upload/2024/07-18/09-11-430408314109108.xls
2024,历史类,4140,大连民族大学,4140-01,01,首选历史，再选不限,515,33682,https://www.jseea.cn/webfile/upload/2024/07-18/09-11-430408314109108.xls
2024,历史类,4152,渤海大学,4152-01,01,首选历史，再选不限,528,27732,https://www.jseea.cn/webfile/upload/2024/07-18/09-11-430408314109108.xls
2024,历史类,4152,渤海大学,4152-02,02,首选历史，再选不限,527,28204,https://www.jseea.cn/webfile/upload/2024/07-18/09-11-430408314109108.xls
2024,历史类,4201,吉林大学,4201-02,02,首选历史，再选不限,628,861,https://www.jseea.cn/webfile/upload/2024/07-18/09-11-430408314109108.xls
2024,历史类,4201,吉林大学,4201-03,03,首选历史，再选不限,613,2155,https://www.jseea.cn/webfile/upload/2024/07-18/09-11-430408314109108.xls
2024,历史类,4201,吉林大学,4201-04,04,首选历史，再选思想政治,612,2280,https://www.jseea.cn/webfile/upload/2024/07-18/09-11-430408314109108.xls
2024,历史类,4202,东北师范大学,4202-01,01,首选历史，再选不限,581,8108,https://www.jseea.cn/webfile/upload/2024/07-18/09-11-430408314109108.xls
2024,历史类,4202,东北师范大学,4202-02,02,首选历史，再选不限,592,5561,https://www.jseea.cn/webfile/upload/2024/07-18/09-11-430408314109108.xls
2024,历史类,4204,长春大学,4204-01,01,首选历史，再选不限,511,35617,https://www.jseea.cn/webfile/upload/2024/07-18/09-11-430408314109108.xls
2024,历史类,4204,长春大学,4204-02,02,首选历史，再选不限,508,37065,https://www.jseea.cn/webfile/upload/2024/07-18/09-11-430408314109108.xls
2024,历史类,4204,长春大学,4204-03,03,首选历史，再选不限,524,29546,https://www.jseea.cn/webfile/upload/2024/07-18/09-11-430408314109108.xls
2024,历史类,4206,吉林财经大学,4206-01,01,首选历史，再选不限,540,22464,https://www.jseea.cn/webfile/upload/2024/07-18/09-11-430408314109108.xls
2024,历史类,4206,吉林财经大学,4206-02,02,首选历史，再选不限,546,19983,https://www.jseea.cn/webfile/upload/2024/07-18/09-11-430408314109108.xls
2024,历史类,4207,长春师范大学,4207-01,01,首选历史，再选不限,513,34650,https://www.jseea.cn/webfile/upload/2024/07-18/09-11-430408314109108.xls
2024,历史类,4207,长春师范大学,4207-02,02,首选历史，再选不限,520,31428,https://www.jseea.cn/webfile/upload/2024/07-18/09-11-430408314109108.xls
2024,历史类,4210,吉林建筑大学,4210-01,01,首选历史，再选不限,513,34650,https://www.jseea.cn/webfile/upload/2024/07-18/09-11-430408314109108.xls
2024,历史类,4210,吉林建筑大学,4210-02,02,首选历史，再选生物和地理,478,50966,https://www.jseea.cn/webfile/upload/2024/07-18/09-11-430408314109108.xls
2024,历史类,4212,吉林工程技术师范学院,4212-01,01,首选历史，再选不限,497,42145,https://www.jseea.cn/webfile/upload/2024/07-18/09-11-430408314109108.xls
2024,历史类,4215,吉林师范大学,4215-01,01,首选历史，再选不限,536,24138,https://www.jseea.cn/webfile/upload/2024/07-18/09-11-430408314109108.xls
2024,历史类,4215,吉林师范大学,4215-02,02,首选历史，再选不限,521,30977,https://www.jseea.cn/webfile/upload/2024/07-18/09-11-430408314109108.xls
2024,历史类,4215,吉林师范大学,4215-03,03,首选历史，再选不限,533,25449,https://www.jseea.cn/webfile/upload/2024/07-18/09-11-430408314109108.xls
2024,历史类,4215,吉林师范大学,4215-04,04,首选历史，再选地理,552,17538,https://www.jseea.cn/webfile/upload/2024/07-18/09-11-430408314109108.xls
2024,历史类,4220,吉林警察学院,4220-01,01,首选历史，再选不限,531,26371,https://www.jseea.cn/webfile/upload/2024/07-18/09-11-430408314109108.xls
2024,历史类,4225,吉林农业科技学院,4225-01,01,首选历史，再选不限,507,37499,https://www.jseea.cn/webfile/upload/2024/07-18/09-11-430408314109108.xls
2024,历史类,4228,吉林医药学院,4228-01,01,首选历史，再选不限,510,36096,https://www.jseea.cn/webfile/upload/2024/07-18/09-11-430408314109108.xls
2024,历史类,4231,东北电力大学,4231-01,01,首选历史，再选不限,519,31897,https://www.jseea.cn/webfile/upload/2024/07-18/09-11-430408314109108.xls
2024,历史类,4232,北华大学,4232-01,01,首选历史，再选不限,526,28647,https://www.jseea.cn/webfile/upload/2024/07-18/09-11-430408314109108.xls
2024,历史类,4232,北华大学,4232-02,02,首选历史，再选思想政治,536,24138,https://www.jseea.cn/webfile/upload/2024/07-18/09-11-430408314109108.xls
2024,历史类,4233,通化师范学院,4233-01,01,首选历史，再选不限,509,36593,https://www.jseea.cn/webfile/upload/2024/07-18/09-11-430408314109108.xls
2024,历史类,4237,吉林工商学院,4237-01,01,首选历史，再选不限,510,36096,https://www.jseea.cn/webfile/upload/2024/07-18/09-11-430408314109108.xls
2024,历史类,4241,白城师范学院,4241-01,01,首选历史，再选不限,509,36593,https://www.jseea.cn/webfile/upload/2024/07-18/09-11-430408314109108.xls
2024,历史类,4241,白城师范学院,4241-02,02,首选历史，再选思想政治,512,35123,https://www.jseea.cn/webfile/upload/2024/07-18/09-11-430408314109108.xls
2024,历史类,4241,白城师范学院,4241-03,03,首选历史，再选地理,512,35123,https://www.jseea.cn/webfile/upload/2024/07-18/09-11-430408314109108.xls
2024,历史类,4301,哈尔滨工业大学,4301-01,01,首选历史，再选不限,618,1601,https://www.jseea.cn/webfile/upload/2024/07-18/09-11-430408314109108.xls
2024,历史类,4302,哈尔滨工程大学,4302-01,01,首选历史，再选不限,586,6866,https://www.jseea.cn/webfile/upload/2024/07-18/09-11-430408314109108.xls
2024,历史类,4302,哈尔滨工程大学,4302-02,02,首选历史，再选思想政治,588,6398,https://www.jseea.cn/webfile/upload/2024/07-18/09-11-430408314109108.xls
2024,历史类,4303,东北林业大学,4303-01,01,首选历史，再选不限,580,8377,https://www.jseea.cn/webfile/upload/2024/07-18/09-11-430408314109108.xls
2024,历史类,4304,东北农业大学,4304-01,01,首选历史，再选不限,574,10080,https://www.jseea.cn/webfile/upload/2024/07-18/09-11-430408314109108.xls
2024,历史类,4306,黑龙江工程学院,4306-01,01,首选历史，再选不限,513,34650,https://www.jseea.cn/webfile/upload/2024/07-18/09-11-430408314109108.xls
2024,历史类,4307,哈尔滨商业大学,4307-01,01,首选历史，再选不限,530,26805,https://www.jseea.cn/webfile/upload/2024/07-18/09-11-430408314109108.xls
2024,历史类,4309,哈尔滨医科大学,4309-01,01,首选历史，再选生物,556,16019,https://www.jseea.cn/webfile/upload/2024/07-18/09-11-430408314109108.xls
2024,历史类,4310,黑龙江科技大学,4310-01,01,首选历史，再选不限,517,32754,https://www.jseea.cn/webfile/upload/2024/07-18/09-11-430408314109108.xls
2024,历史类,4310,黑龙江科技大学,4310-02,02,首选历史，再选思想政治,520,31428,https://www.jseea.cn/webfile/upload/2024/07-18/09-11-430408314109108.xls
2024,历史类,4311,黑龙江大学,4311-03,03,首选历史，再选不限,555,16407,https://www.jseea.cn/webfile/upload/2024/07-18/09-11-430408314109108.xls
2024,历史类,4311,黑龙江大学,4311-04,04,首选历史，再选思想政治,552,17538,https://www.jseea.cn/webfile/upload/2024/07-18/09-11-430408314109108.xls
2024,历史类,4312,哈尔滨师范大学,4312-01,01,首选历史，再选不限,522,30462,https://www.jseea.cn/webfile/upload/2024/07-18/09-11-430408314109108.xls
2024,历史类,4312,哈尔滨师范大学,4312-02,02,首选历史，再选不限,521,30977,https://www.jseea.cn/webfile/upload/2024/07-18/09-11-430408314109108.xls
2024,历史类,4314,牡丹江师范学院,4314-01,01,首选历史，再选不限,510,36096,https://www.jseea.cn/webfile/upload/2024/07-18/09-11-430408314109108.xls
2024,历史类,4315,哈尔滨金融学院,4315-01,01,首选历史，再选不限,515,33682,https://www.jseea.cn/webfile/upload/2024/07-18/09-11-430408314109108.xls
2024,历史类,4323,哈尔滨学院,4323-01,01,首选历史，再选不限,514,34139,https://www.jseea.cn/webfile/upload/2024/07-18/09-11-430408314109108.xls
2024,历史类,4323,哈尔滨学院,4323-02,02,首选历史，再选地理,512,35123,https://www.jseea.cn/webfile/upload/2024/07-18/09-11-430408314109108.xls
2024,历史类,4324,大庆师范学院,4324-01,01,首选历史，再选不限,502,39855,https://www.jseea.cn/webfile/upload/2024/07-18/09-11-430408314109108.xls
2024,历史类,4332,齐齐哈尔大学,4332-01,01,首选历史，再选不限,511,35617,https://www.jseea.cn/webfile/upload/2024/07-18/09-11-430408314109108.xls
2024,历史类,4371,延边大学,4371-01,01,首选历史，再选不限,562,13908,https://www.jseea.cn/webfile/upload/2024/07-18/09-11-430408314109108.xls
2024,历史类,5101,郑州大学,5101-01,01,首选历史，再选不限,587,6638,https://www.jseea.cn/webfile/upload/2024/07-18/09-11-430408314109108.xls
2024,历史类,5104,河南工业大学,5104-01,01,首选历史，再选不限,545,20359,https://www.jseea.cn/webfile/upload/2024/07-18/09-11-430408314109108.xls
2024,历史类,5105,郑州航空工业管理学院,5105-01,01,首选历史，再选不限,523,29991,https://www.jseea.cn/webfile/upload/2024/07-18/09-11-430408314109108.xls
2024,历史类,5106,郑州轻工业大学,5106-01,01,首选历史，再选不限,536,24138,https://www.jseea.cn/webfile/upload/2024/07-18/09-11-430408314109108.xls
2024,历史类,5110,河南科技学院,5110-01,01,首选历史，再选不限,516,33212,https://www.jseea.cn/webfile/upload/2024/07-18/09-11-430408314109108.xls
2024,历史类,5114,河南中医药大学,5114-01,01,首选历史，再选不限,529,27265,https://www.jseea.cn/webfile/upload/2024/07-18/09-11-430408314109108.xls
2024,历史类,5114,河南中医药大学,5114-02,02,首选历史，再选生物,551,17923,https://www.jseea.cn/webfile/upload/2024/07-18/09-11-430408314109108.xls
2024,历史类,5117,河南农业大学,5117-01,01,首选历史，再选不限,537,23736,https://www.jseea.cn/webfile/upload/2024/07-18/09-11-430408314109108.xls
2024,历史类,5118,信阳师范大学,5118-01,01,首选历史，再选不限,517,32754,https://www.jseea.cn/webfile/upload/2024/07-18/09-11-430408314109108.xls
2024,历史类,5119,河南财经政法大学,5119-01,01,首选历史，再选不限,558,15274,https://www.jseea.cn/webfile/upload/2024/07-18/09-11-430408314109108.xls
2024,历史类,5122,河南工程学院,5122-01,01,首选历史，再选不限,515,33682,https://www.jseea.cn/webfile/upload/2024/07-18/09-11-430408314109108.xls
2024,历史类,5122,河南工程学院,5122-02,02,首选历史，再选思想政治,516,33212,https://www.jseea.cn/webfile/upload/2024/07-18/09-11-430408314109108.xls
2024,历史类,5125,周口师范学院,5125-01,01,首选历史，再选不限,513,34650,https://www.jseea.cn/webfile/upload/2024/07-18/09-11-430408314109108.xls
2024,历史类,5125,周口师范学院,5125-02,02,首选历史，再选思想政治,518,32328,https://www.jseea.cn/webfile/upload/2024/07-18/09-11-430408314109108.xls
2024,历史类,5131,洛阳理工学院,5131-01,01,首选历史，再选不限,517,32754,https://www.jseea.cn/webfile/upload/2024/07-18/09-11-430408314109108.xls
2024,历史类,5132,河南科技大学,5132-01,01,首选历史，再选不限,543,21166,https://www.jseea.cn/webfile/upload/2024/07-18/09-11-430408314109108.xls
2024,历史类,5133,洛阳师范学院,5133-01,01,首选历史，再选不限,518,32328,https://www.jseea.cn/webfile/upload/2024/07-18/09-11-430408314109108.xls
2024,历史类,5133,洛阳师范学院,5133-02,02,首选历史，再选思想政治,539,22877,https://www.jseea.cn/webfile/upload/2024/07-18/09-11-430408314109108.xls
2024,历史类,5134,平顶山学院,5134-01,01,首选历史，再选不限,512,35123,https://www.jseea.cn/webfile/upload/2024/07-18/09-11-430408314109108.xls
2024,历史类,5134,平顶山学院,5134-02,02,首选历史，再选思想政治,517,32754,https://www.jseea.cn/webfile/upload/2024/07-18/09-11-430408314109108.xls
2024,历史类,5141,河南大学,5141-01,01,首选历史，再选不限,570,11302,https://www.jseea.cn/webfile/upload/2024/07-18/09-11-430408314109108.xls
2024,历史类,5141,河南大学,5141-02,02,首选历史，再选思想政治,581,8108,https://www.jseea.cn/webfile/upload/2024/07-18/09-11-430408314109108.xls
2024,历史类,5141,河南大学,5141-03,03,首选历史，再选地理,575,9798,https://www.jseea.cn/webfile/upload/2024/07-18/09-11-430408314109108.xls
2024,历史类,5151,河南理工大学,5151-01,01,首选历史，再选不限,543,21166,https://www.jseea.cn/webfile/upload/2024/07-18/09-11-430408314109108.xls
2024,历史类,5153,河南师范大学,5153-01,01,首选历史，再选不限,542,21615,https://www.jseea.cn/webfile/upload/2024/07-18/09-11-430408314109108.xls
2024,历史类,5153,河南师范大学,5153-02,02,首选历史，再选思想政治,552,17538,https://www.jseea.cn/webfile/upload/2024/07-18/09-11-430408314109108.xls
2024,历史类,5162,安阳师范学院,5162-01,01,首选历史，再选不限,517,32754,https://www.jseea.cn/webfile/upload/2024/07-18/09-11-430408314109108.xls
2024,历史类,5162,安阳师范学院,5162-02,02,首选历史，再选思想政治,520,31428,https://www.jseea.cn/webfile/upload/2024/07-18/09-11-430408314109108.xls
2024,历史类,5172,郑州工程技术学院,5172-01,01,首选历史，再选不限,512,35123,https://www.jseea.cn/webfile/upload/2024/07-18/09-11-430408314109108.xls
2024,历史类,5173,新乡学院,5173-01,01,首选历史，再选不限,504,38906,https://www.jseea.cn/webfile/upload/2024/07-18/09-11-430408314109108.xls
2024,历史类,5173,新乡学院,5173-02,02,首选历史，再选不限,510,36096,https://www.jseea.cn/webfile/upload/2024/07-18/09-11-430408314109108.xls
2024,历史类,5174,许昌学院,5174-01,01,首选历史，再选不限,514,34139,https://www.jseea.cn/webfile/upload/2024/07-18/09-11-430408314109108.xls
2024,历史类,5181,南阳师范学院,5181-01,01,首选历史，再选不限,516,33212,https://www.jseea.cn/webfile/upload/2024/07-18/09-11-430408314109108.xls
2024,历史类,5181,南阳师范学院,5181-02,02,首选历史，再选不限,478,50966,https://www.jseea.cn/webfile/upload/2024/07-18/09-11-430408314109108.xls
2024,历史类,5181,南阳师范学院,5181-03,03,首选历史，再选不限,510,36096,https://www.jseea.cn/webfile/upload/2024/07-18/09-11-430408314109108.xls
2024,历史类,5181,南阳师范学院,5181-04,04,首选历史，再选地理,516,33212,https://www.jseea.cn/webfile/upload/2024/07-18/09-11-430408314109108.xls
2024,历史类,5182,南阳理工学院,5182-01,01,首选历史，再选不限,512,35123,https://www.jseea.cn/webfile/upload/2024/07-18/09-11-430408314109108.xls
2024,历史类,5182,南阳理工学院,5182-02,02,首选历史，再选不限,512,35123,https://www.jseea.cn/webfile/upload/2024/07-18/09-11-430408314109108.xls
2024,历史类,5182,南阳理工学院,5182-03,03,首选历史，再选不限,513,34650,https://www.jseea.cn/webfile/upload/2024/07-18/09-11-430408314109108.xls
2024,历史类,5182,南阳理工学院,5182-04,04,首选历史，再选不限,511,35617,https://www.jseea.cn/webfile/upload/2024/07-18/09-11-430408314109108.xls
2024,历史类,5191,黄淮学院,5191-01,01,首选历史，再选不限,512,35123,https://www.jseea.cn/webfile/upload/2024/07-18/09-11-430408314109108.xls
2024,历史类,5193,河南城建学院,5193-01,01,首选历史，再选不限,508,37065,https://www.jseea.cn/webfile/upload/2024/07-18/09-11-430408314109108.xls
2024,历史类,5198,商丘师范学院,5198-01,01,首选历史，再选不限,514,34139,https://www.jseea.cn/webfile/upload/2024/07-18/09-11-430408314109108.xls
2024,历史类,5198,商丘师范学院,5198-02,02,首选历史，再选思想政治,529,27265,https://www.jseea.cn/webfile/upload/2024/07-18/09-11-430408314109108.xls
2024,历史类,5198,商丘师范学院,5198-03,03,首选历史，再选地理,513,34650,https://www.jseea.cn/webfile/upload/2024/07-18/09-11-430408314109108.xls
2024,历史类,5201,武汉大学,5201-02,02,首选历史，再选不限,635,508,https://www.jseea.cn/webfile/upload/2024/07-18/09-11-430408314109108.xls
2024,历史类,5201,武汉大学,5201-03,03,首选历史，再选思想政治,634,553,https://www.jseea.cn/webfile/upload/2024/07-18/09-11-430408314109108.xls
2024,历史类,5202,华中科技大学,5202-01,01,首选历史，再选不限,619,1506,https://www.jseea.cn/webfile/upload/2024/07-18/09-11-430408314109108.xls
2024,历史类,5203,华中师范大学,5203-01,01,首选历史，再选不限,594,5138,https://www.jseea.cn/webfile/upload/2024/07-18/09-11-430408314109108.xls
2024,历史类,5203,华中师范大学,5203-02,02,首选历史，再选思想政治,603,3510,https://www.jseea.cn/webfile/upload/2024/07-18/09-11-430408314109108.xls
2024,历史类,5204,华中农业大学,5204-01,01,首选历史，再选不限,583,7575,https://www.jseea.cn/webfile/upload/2024/07-18/09-11-430408314109108.xls
2024,历史类,5205,中国地质大学(武汉),5205-01,01,首选历史，再选不限,589,6168,https://www.jseea.cn/webfile/upload/2024/07-18/09-11-430408314109108.xls
2024,历史类,5205,中国地质大学(武汉),5205-02,02,首选历史，再选思想政治,595,4943,https://www.jseea.cn/webfile/upload/2024/07-18/09-11-430408314109108.xls
2024,历史类,5206,中南财经政法大学,5206-03,03,首选历史，再选不限,602,3681,https://www.jseea.cn/webfile/upload/2024/07-18/09-11-430408314109108.xls
2024,历史类,5207,武汉理工大学,5207-01,01,首选历史，再选不限,587,6638,https://www.jseea.cn/webfile/upload/2024/07-18/09-11-430408314109108.xls
2024,历史类,5208,中南民族大学,5208-01,01,首选历史，再选不限,556,16019,https://www.jseea.cn/webfile/upload/2024/07-18/09-11-430408314109108.xls
2024,历史类,5208,中南民族大学,5208-02,02,首选历史，再选思想政治,560,14582,https://www.jseea.cn/webfile/upload/2024/07-18/09-11-430408314109108.xls
2024,历史类,5209,湖北大学,5209-01,01,首选历史，再选不限,559,14929,https://www.jseea.cn/webfile/upload/2024/07-18/09-11-430408314109108.xls
2024,历史类,5209,湖北大学,5209-02,02,首选历史，再选思想政治,521,30977,https://www.jseea.cn/webfile/upload/2024/07-18/09-11-430408314109108.xls
2024,历史类,5210,湖北美术学院,5210-01,01,首选历史，再选不限,513,34650,https://www.jseea.cn/webfile/upload/2024/07-18/09-11-430408314109108.xls
2024,历史类,5211,湖北中医药大学,5211-01,01,首选历史，再选不限,535,24575,https://www.jseea.cn/webfile/upload/2024/07-18/09-11-430408314109108.xls
2024,历史类,5211,湖北中医药大学,5211-02,02,首选历史，再选化学,478,50966,https://www.jseea.cn/webfile/upload/2024/07-18/09-11-430408314109108.xls
2024,历史类,5212,武汉纺织大学,5212-01,01,首选历史，再选不限,543,21166,https://www.jseea.cn/webfile/upload/2024/07-18/09-11-430408314109108.xls
2024,历史类,5213,武汉体育学院,5213-01,01,首选历史，再选不限,512,35123,https://www.jseea.cn/webfile/upload/2024/07-18/09-11-430408314109108.xls
2024,历史类,5215,武汉工程大学,5215-01,01,首选历史，再选不限,550,18357,https://www.jseea.cn/webfile/upload/2024/07-18/09-11-430408314109108.xls
2024,历史类,5216,武汉轻工大学,5216-01,01,首选历史，再选不限,538,23304,https://www.jseea.cn/webfile/upload/2024/07-18/09-11-430408314109108.xls
2024,历史类,5220,湖北第二师范学院,5220-01,01,首选历史，再选不限,521,30977,https://www.jseea.cn/webfile/upload/2024/07-18/09-11-430408314109108.xls
2024,历史类,5220,湖北第二师范学院,5220-02,02,首选历史，再选不限,496,42608,https://www.jseea.cn/webfile/upload/2024/07-18/09-11-430408314109108.xls
2024,历史类,5221,湖北经济学院,5221-01,01,首选历史，再选不限,535,24575,https://www.jseea.cn/webfile/upload/2024/07-18/09-11-430408314109108.xls
2024,历史类,5225,汉江师范学院,5225-01,01,首选历史，再选不限,530,26805,https://www.jseea.cn/webfile/upload/2024/07-18/09-11-430408314109108.xls
2024,历史类,5243,长江大学,5243-01,01,首选历史，再选不限,547,19543,https://www.jseea.cn/webfile/upload/2024/07-18/09-11-430408314109108.xls
2024,历史类,5243,长江大学,5243-02,02,首选历史，再选生物,500,40717,https://www.jseea.cn/webfile/upload/2024/07-18/09-11-430408314109108.xls
2024,历史类,5251,三峡大学,5251-01,01,首选历史，再选不限,534,25037,https://www.jseea.cn/webfile/upload/2024/07-18/09-11-430408314109108.xls
2024,历史类,5261,湖北师范大学,5261-01,01,首选历史，再选不限,547,19543,https://www.jseea.cn/webfile/upload/2024/07-18/09-11-430408314109108.xls
2024,历史类,5261,湖北师范大学,5261-02,02,首选历史，再选地理,549,18742,https://www.jseea.cn/webfile/upload/2024/07-18/09-11-430408314109108.xls
2024,历史类,5265,湖北理工学院,5265-01,01,首选历史，再选不限,518,32328,https://www.jseea.cn/webfile/upload/2024/07-18/09-11-430408314109108.xls
2024,历史类,5271,湖北警官学院,5271-01,01,首选历史，再选不限,542,21615,https://www.jseea.cn/webfile/upload/2024/07-18/09-11-430408314109108.xls
2024,历史类,5285,荆楚理工学院,5285-01,01,首选历史，再选不限,513,34650,https://www.jseea.cn/webfile/upload/2024/07-18/09-11-430408314109108.xls
2024,历史类,5287,湖北科技学院,5287-01,01,首选历史，再选不限,512,35123,https://www.jseea.cn/webfile/upload/2024/07-18/09-11-430408314109108.xls
2024,历史类,5290,湖北文理学院,5290-01,01,首选历史，再选不限,505,38453,https://www.jseea.cn/webfile/upload/2024/07-18/09-11-430408314109108.xls
2024,历史类,5290,湖北文理学院,5290-02,02,首选历史，再选不限,526,28647,https://www.jseea.cn/webfile/upload/2024/07-18/09-11-430408314109108.xls
2024,历史类,5295,湖北工程学院,5295-01,01,首选历史，再选不限,513,34650,https://www.jseea.cn/webfile/upload/2024/07-18/09-11-430408314109108.xls
2024,历史类,5301,湖南大学,5301-01,01,首选历史，再选不限,617,1700,https://www.jseea.cn/webfile/upload/2024/07-18/09-11-430408314109108.xls
2024,历史类,5302,中南大学,5302-01,01,首选历史，再选不限,616,1801,https://www.jseea.cn/webfile/upload/2024/07-18/09-11-430408314109108.xls
2024,历史类,5303,湖南师范大学,5303-01,01,首选历史，再选不限,585,7092,https://www.jseea.cn/webfile/upload/2024/07-18/09-11-430408314109108.xls
2024,历史类,5303,湖南师范大学,5303-02,02,首选历史，再选思想政治,594,5138,https://www.jseea.cn/webfile/upload/2024/07-18/09-11-430408314109108.xls
2024,历史类,5303,湖南师范大学,5303-03,03,首选历史，再选地理,591,5754,https://www.jseea.cn/webfile/upload/2024/07-18/09-11-430408314109108.xls
2024,历史类,5305,湖南农业大学,5305-01,01,首选历史，再选不限,540,22464,https://www.jseea.cn/webfile/upload/2024/07-18/09-11-430408314109108.xls
2024,历史类,5306,湖南工商大学,5306-01,01,首选历史，再选不限,542,21615,https://www.jseea.cn/webfile/upload/2024/07-18/09-11-430408314109108.xls
2024,历史类,5306,湖南工商大学,5306-02,02,首选历史，再选地理,538,23304,https://www.jseea.cn/webfile/upload/2024/07-18/09-11-430408314109108.xls
2024,历史类,5307,长沙理工大学,5307-01,01,首选历史，再选不限,546,19983,https://www.jseea.cn/webfile/upload/2024/07-18/09-11-430408314109108.xls
2024,历史类,5308,长沙学院,5308-01,01,首选历史，再选不限,522,30462,https://www.jseea.cn/webfile/upload/2024/07-18/09-11-430408314109108.xls
2024,历史类,5308,长沙学院,5308-02,02,首选历史，再选思想政治,524,29546,https://www.jseea.cn/webfile/upload/2024/07-18/09-11-430408314109108.xls
2024,历史类,5308,长沙学院,5308-03,03,首选历史，再选地理,516,33212,https://www.jseea.cn/webfile/upload/2024/07-18/09-11-430408314109108.xls
2024,历史类,5310,湖南人文科技学院,5310-01,01,首选历史，再选不限,488,46414,https://www.jseea.cn/webfile/upload/2024/07-18/09-11-430408314109108.xls
2024,历史类,5310,湖南人文科技学院,5310-02,02,首选历史，再选不限,511,35617,https://www.jseea.cn/webfile/upload/2024/07-18/09-11-430408314109108.xls
2024,历史类,5310,湖南人文科技学院,5310-03,03,首选历史，再选思想政治,512,35123,https://www.jseea.cn/webfile/upload/2024/07-18/09-11-430408314109108.xls
2024,历史类,5320,湖南财政经济学院,5320-01,01,首选历史，再选不限,526,28647,https://www.jseea.cn/webfile/upload/2024/07-18/09-11-430408314109108.xls
2024,历史类,5321,湖南科技大学,5321-01,01,首选历史，再选不限,546,19983,https://www.jseea.cn/webfile/upload/2024/07-18/09-11-430408314109108.xls
2024,历史类,5321,湖南科技大学,5321-02,02,首选历史，再选地理,583,7575,https://www.jseea.cn/webfile/upload/2024/07-18/09-11-430408314109108.xls
2024,历史类,5322,湖南工程学院,5322-01,01,首选历史，再选不限,510,36096,https://www.jseea.cn/webfile/upload/2024/07-18/09-11-430408314109108.xls
2024,历史类,5323,湘潭大学,5323-01,01,首选历史，再选不限,572,10689,https://www.jseea.cn/webfile/upload/2024/07-18/09-11-430408314109108.xls
2024,历史类,5327,湖南工学院,5327-01,01,首选历史，再选不限,510,36096,https://www.jseea.cn/webfile/upload/2024/07-18/09-11-430408314109108.xls
2024,历史类,5331,中南林业科技大学,5331-01,01,首选历史，再选不限,540,22464,https://www.jseea.cn/webfile/upload/2024/07-18/09-11-430408314109108.xls
2024,历史类,5332,湖南工业大学,5332-01,01,首选历史，再选不限,537,23736,https://www.jseea.cn/webfile/upload/2024/07-18/09-11-430408314109108.xls
2024,历史类,5332,湖南工业大学,5332-02,02,首选历史，再选不限,478,50966,https://www.jseea.cn/webfile/upload/2024/07-18/09-11-430408314109108.xls
2024,历史类,5341,南华大学,5341-01,01,首选历史，再选不限,546,19983,https://www.jseea.cn/webfile/upload/2024/07-18/09-11-430408314109108.xls
2024,历史类,5342,衡阳师范学院,5342-01,01,首选历史，再选不限,516,33212,https://www.jseea.cn/webfile/upload/2024/07-18/09-11-430408314109108.xls
2024,历史类,5342,衡阳师范学院,5342-02,02,首选历史，再选思想政治,549,18742,https://www.jseea.cn/webfile/upload/2024/07-18/09-11-430408314109108.xls
2024,历史类,5343,湖南文理学院,5343-01,01,首选历史，再选不限,513,34650,https://www.jseea.cn/webfile/upload/2024/07-18/09-11-430408314109108.xls
2024,历史类,5351,湖南理工学院,5351-01,01,首选历史，再选不限,514,34139,https://www.jseea.cn/webfile/upload/2024/07-18/09-11-430408314109108.xls
2024,历史类,5355,湖南城市学院,5355-01,01,首选历史，再选不限,511,35617,https://www.jseea.cn/webfile/upload/2024/07-18/09-11-430408314109108.xls
2024,历史类,5361,吉首大学,5361-01,01,首选历史，再选不限,531,26371,https://www.jseea.cn/webfile/upload/2024/07-18/09-11-430408314109108.xls
2024,历史类,5371,邵阳学院,5371-01,01,首选历史，再选不限,516,33212,https://www.jseea.cn/webfile/upload/2024/07-18/09-11-430408314109108.xls
2024,历史类,5380,长沙师范学院,5380-01,01,首选历史，再选不限,525,29083,https://www.jseea.cn/webfile/upload/2024/07-18/09-11-430408314109108.xls
2024,历史类,5381,湘南学院,5381-01,01,首选历史，再选不限,512,35123,https://www.jseea.cn/webfile/upload/2024/07-18/09-11-430408314109108.xls
2024,历史类,5385,怀化学院,5385-01,01,首选历史，再选不限,515,33682,https://www.jseea.cn/webfile/upload/2024/07-18/09-11-430408314109108.xls
2024,历史类,5385,怀化学院,5385-02,02,首选历史，再选不限,519,31897,https://www.jseea.cn/webfile/upload/2024/07-18/09-11-430408314109108.xls
2024,历史类,5385,怀化学院,5385-03,03,首选历史，再选不限,523,29991,https://www.jseea.cn/webfile/upload/2024/07-18/09-11-430408314109108.xls
2024,历史类,5385,怀化学院,5385-04,04,首选历史，再选思想政治,518,32328,https://www.jseea.cn/webfile/upload/2024/07-18/09-11-430408314109108.xls
2024,历史类,5391,湖南科技学院,5391-01,01,首选历史，再选不限,512,35123,https://www.jseea.cn/webfile/upload/2024/07-18/09-11-430408314109108.xls
2024,历史类,5391,湖南科技学院,5391-02,02,首选历史，再选思想政治,523,29991,https://www.jseea.cn/webfile/upload/2024/07-18/09-11-430408314109108.xls
2024,历史类,5393,湖南女子学院,5393-01,01,首选历史，再选不限,508,37065,https://www.jseea.cn/webfile/upload/2024/07-18/09-11-430408314109108.xls
2024,历史类,5401,中山大学,5401-01,01,首选历史，再选不限,628,861,https://www.jseea.cn/webfile/upload/2024/07-18/09-11-430408314109108.xls
2024,历史类,5401,中山大学,5401-02,02,首选历史，再选思想政治,627,923,https://www.jseea.cn/webfile/upload/2024/07-18/09-11-430408314109108.xls
2024,历史类,5402,华南理工大学,5402-01,01,首选历史，再选不限,616,1801,https://www.jseea.cn/webfile/upload/2024/07-18/09-11-430408314109108.xls
2024,历史类,5404,广东外语外贸大学,5404-01,01,首选历史，再选不限,562,13908,https://www.jseea.cn/webfile/upload/2024/07-18/09-11-430408314109108.xls
2024,历史类,5404,广东外语外贸大学,5404-02,02,首选历史，再选思想政治,573,10412,https://www.jseea.cn/webfile/upload/2024/07-18/09-11-430408314109108.xls
2024,历史类,5405,广东医科大学,5405-01,01,首选历史，再选不限,508,37065,https://www.jseea.cn/webfile/upload/2024/07-18/09-11-430408314109108.xls
2024,历史类,5407,暨南大学,5407-01,01,首选历史，再选不限,589,6168,https://www.jseea.cn/webfile/upload/2024/07-18/09-11-430408314109108.xls
2024,历史类,5412,广东金融学院,5412-01,01,首选历史，再选不限,549,18742,https://www.jseea.cn/webfile/upload/2024/07-18/09-11-430408314109108.xls
2024,历史类,5413,华南师范大学,5413-01,01,首选历史，再选不限,597,4550,https://www.jseea.cn/webfile/upload/2024/07-18/09-11-430408314109108.xls
2024,历史类,5414,广东财经大学,5414-01,01,首选历史，再选不限,575,9798,https://www.jseea.cn/webfile/upload/2024/07-18/09-11-430408314109108.xls
2024,历史类,5418,哈尔滨工业大学(深圳),5418-01,01,首选历史，再选不限,622,1260,https://www.jseea.cn/webfile/upload/2024/07-18/09-11-430408314109108.xls
2024,历史类,5419,广州大学,5419-01,01,首选历史，再选不限,565,12898,https://www.jseea.cn/webfile/upload/2024/07-18/09-11-430408314109108.xls
2024,历史类,5420,广州中医药大学,5420-01,01,首选历史，再选不限,550,18357,https://www.jseea.cn/webfile/upload/2024/07-18/09-11-430408314109108.xls
2024,历史类,5421,汕头大学,5421-01,01,首选历史，再选不限,556,16019,https://www.jseea.cn/webfile/upload/2024/07-18/09-11-430408314109108.xls
2024,历史类,5422,南方医科大学,5422-01,01,首选历史，再选不限,555,16407,https://www.jseea.cn/webfile/upload/2024/07-18/09-11-430408314109108.xls
2024,历史类,5423,广州体育学院,5423-01,01,首选历史，再选不限,510,36096,https://www.jseea.cn/webfile/upload/2024/07-18/09-11-430408314109108.xls
2024,历史类,5437,韶关学院,5437-01,01,首选历史，再选不限,507,37499,https://www.jseea.cn/webfile/upload/2024/07-18/09-11-430408314109108.xls
2024,历史类,5437,韶关学院,5437-02,02,首选历史，再选地理,509,36593,https://www.jseea.cn/webfile/upload/2024/07-18/09-11-430408314109108.xls
2024,历史类,5451,深圳大学,5451-01,01,首选历史，再选不限,585,7092,https://www.jseea.cn/webfile/upload/2024/07-18/09-11-430408314109108.xls
2024,历史类,5461,北京师范大学-香港浸会大学联合国际学院,5461-01,01,首选历史，再选不限,551,17923,https://www.jseea.cn/webfile/upload/2024/07-18/09-11-430408314109108.xls
2024,历史类,5477,岭南师范学院,5477-01,01,首选历史，再选不限,513,34650,https://www.jseea.cn/webfile/upload/2024/07-18/09-11-430408314109108.xls
2024,历史类,5477,岭南师范学院,5477-02,02,首选历史，再选地理,524,29546,https://www.jseea.cn/webfile/upload/2024/07-18/09-11-430408314109108.xls
2024,历史类,5479,深圳技术大学,5479-01,01,首选历史，再选不限,557,15653,https://www.jseea.cn/webfile/upload/2024/07-18/09-11-430408314109108.xls
2024,历史类,5504,南宁师范大学,5504-01,01,首选历史，再选不限,526,28647,https://www.jseea.cn/webfile/upload/2024/07-18/09-11-430408314109108.xls
2024,历史类,5505,玉林师范学院,5505-01,01,首选历史，再选不限,509,36593,https://www.jseea.cn/webfile/upload/2024/07-18/09-11-430408314109108.xls
2024,历史类,5505,玉林师范学院,5505-02,02,首选历史，再选不限,501,40293,https://www.jseea.cn/webfile/upload/2024/07-18/09-11-430408314109108.xls
2024,历史类,5505,玉林师范学院,5505-03,03,首选历史，再选不限,510,36096,https://www.jseea.cn/webfile/upload/2024/07-18/09-11-430408314109108.xls
2024,历史类,5505,玉林师范学院,5505-04,04,首选历史，再选不限,515,33682,https://www.jseea.cn/webfile/upload/2024/07-18/09-11-430408314109108.xls
2024,历史类,5506,广西艺术学院,5506-01,01,首选历史，再选不限,491,44945,https://www.jseea.cn/webfile/upload/2024/07-18/09-11-430408314109108.xls
2024,历史类,5506,广西艺术学院,5506-02,02,首选历史，再选不限,500,40717,https://www.jseea.cn/webfile/upload/2024/07-18/09-11-430408314109108.xls
2024,历史类,5510,桂林医学院,5510-01,01,首选历史，再选生物,527,28204,https://www.jseea.cn/webfile/upload/2024/07-18/09-11-430408314109108.xls
2024,历史类,5511,广西师范大学,5511-01,01,首选历史，再选不限,541,22031,https://www.jseea.cn/webfile/upload/2024/07-18/09-11-430408314109108.xls
2024,历史类,5511,广西师范大学,5511-02,02,首选历史，再选思想政治,549,18742,https://www.jseea.cn/webfile/upload/2024/07-18/09-11-430408314109108.xls
2024,历史类,5512,桂林理工大学,5512-01,01,首选历史，再选不限,518,32328,https://www.jseea.cn/webfile/upload/2024/07-18/09-11-430408314109108.xls
2024,历史类,5517,右江民族医学院,5517-01,01,首选历史，再选生物,520,31428,https://www.jseea.cn/webfile/upload/2024/07-18/09-11-430408314109108.xls
2024,历史类,5518,广西民族师范学院,5518-01,01,首选历史，再选不限,504,38906,https://www.jseea.cn/webfile/upload/2024/07-18/09-11-430408314109108.xls
2024,历史类,5519,贺州学院,5519-01,01,首选历史，再选不限,507,37499,https://www.jseea.cn/webfile/upload/2024/07-18/09-11-430408314109108.xls
2024,历史类,5521,桂林航天工业学院,5521-01,01,首选历史，再选不限,521,30977,https://www.jseea.cn/webfile/upload/2024/07-18/09-11-430408314109108.xls
2024,历史类,5522,桂林旅游学院,5522-01,01,首选历史，再选不限,478,50966,https://www.jseea.cn/webfile/upload/2024/07-18/09-11-430408314109108.xls
2024,历史类,5522,桂林旅游学院,5522-02,02,首选历史，再选不限,507,37499,https://www.jseea.cn/webfile/upload/2024/07-18/09-11-430408314109108.xls
2024,历史类,5527,广西科技师范学院,5527-01,01,首选历史，再选不限,507,37499,https://www.jseea.cn/webfile/upload/2024/07-18/09-11-430408314109108.xls
2024,历史类,5531,广西科技大学,5531-01,01,首选历史，再选不限,514,34139,https://www.jseea.cn/webfile/upload/2024/07-18/09-11-430408314109108.xls
2024,历史类,5532,广西民族大学,5532-01,01,首选历史，再选不限,527,28204,https://www.jseea.cn/webfile/upload/2024/07-18/09-11-430408314109108.xls
2024,历史类,5532,广西民族大学,5532-02,02,首选历史，再选不限,506,38000,https://www.jseea.cn/webfile/upload/2024/07-18/09-11-430408314109108.xls
2024,历史类,5532,广西民族大学,5532-03,03,首选历史，再选思想政治,533,25449,https://www.jseea.cn/webfile/upload/2024/07-18/09-11-430408314109108.xls
2024,历史类,5561,梧州学院,5561-01,01,首选历史，再选不限,507,37499,https://www.jseea.cn/webfile/upload/2024/07-18/09-11-430408314109108.xls
2024,历史类,5561,梧州学院,5561-02,02,首选历史，再选思想政治,510,36096,https://www.jseea.cn/webfile/upload/2024/07-18/09-11-430408314109108.xls
2024,历史类,5601,海南大学,5601-01,01,首选历史，再选不限,546,19983,https://www.jseea.cn/webfile/upload/2024/07-18/09-11-430408314109108.xls
2024,历史类,5601,海南大学,5601-02,02,首选历史，再选不限,580,8377,https://www.jseea.cn/webfile/upload/2024/07-18/09-11-430408314109108.xls
2024,历史类,5601,海南大学,5601-03,03,首选历史，再选不限,577,9222,https://www.jseea.cn/webfile/upload/2024/07-18/09-11-430408314109108.xls
2024,历史类,5601,海南大学,5601-04,04,首选历史，再选思想政治,577,9222,https://www.jseea.cn/webfile/upload/2024/07-18/09-11-430408314109108.xls
2024,历史类,5601,海南大学,5601-05,05,首选历史，再选思想政治,586,6866,https://www.jseea.cn/webfile/upload/2024/07-18/09-11-430408314109108.xls
2024,历史类,5601,海南大学,5601-06,06,首选历史，再选地理,557,15653,https://www.jseea.cn/webfile/upload/2024/07-18/09-11-430408314109108.xls
2024,历史类,5602,海南师范大学,5602-01,01,首选历史，再选不限,478,50966,https://www.jseea.cn/webfile/upload/2024/07-18/09-11-430408314109108.xls
2024,历史类,5602,海南师范大学,5602-02,02,首选历史，再选不限,504,38906,https://www.jseea.cn/webfile/upload/2024/07-18/09-11-430408314109108.xls
2024,历史类,5602,海南师范大学,5602-03,03,首选历史，再选不限,496,42608,https://www.jseea.cn/webfile/upload/2024/07-18/09-11-430408314109108.xls
2024,历史类,5602,海南师范大学,5602-04,04,首选历史，再选不限,540,22464,https://www.jseea.cn/webfile/upload/2024/07-18/09-11-430408314109108.xls
2024,历史类,5602,海南师范大学,5602-05,05,首选历史，再选思想政治,540,22464,https://www.jseea.cn/webfile/upload/2024/07-18/09-11-430408314109108.xls
2024,历史类,5604,海南热带海洋学院,5604-01,01,首选历史，再选不限,482,49204,https://www.jseea.cn/webfile/upload/2024/07-18/09-11-430408314109108.xls
2024,历史类,5604,海南热带海洋学院,5604-02,02,首选历史，再选不限,509,36593,https://www.jseea.cn/webfile/upload/2024/07-18/09-11-430408314109108.xls
2024,历史类,5604,海南热带海洋学院,5604-03,03,首选历史，再选思想政治,507,37499,https://www.jseea.cn/webfile/upload/2024/07-18/09-11-430408314109108.xls
2024,历史类,5619,琼台师范学院,5619-01,01,首选历史，再选不限,511,35617,https://www.jseea.cn/webfile/upload/2024/07-18/09-11-430408314109108.xls
2024,历史类,5619,琼台师范学院,5619-02,02,首选历史，再选思想政治,517,32754,https://www.jseea.cn/webfile/upload/2024/07-18/09-11-430408314109108.xls
2024,历史类,6101,四川大学,6101-02,02,首选历史，再选不限,620,1426,https://www.jseea.cn/webfile/upload/2024/07-18/09-11-430408314109108.xls
2024,历史类,6102,西南交通大学,6102-01,01,首选历史，再选不限,583,7575,https://www.jseea.cn/webfile/upload/2024/07-18/09-11-430408314109108.xls
2024,历史类,6102,西南交通大学,6102-02,02,首选历史，再选思想政治,592,5561,https://www.jseea.cn/webfile/upload/2024/07-18/09-11-430408314109108.xls
2024,历史类,6103,西南财经大学,6103-01,01,首选历史，再选不限,587,6638,https://www.jseea.cn/webfile/upload/2024/07-18/09-11-430408314109108.xls
2024,历史类,6103,西南财经大学,6103-02,02,首选历史，再选不限,613,2155,https://www.jseea.cn/webfile/upload/2024/07-18/09-11-430408314109108.xls
2024,历史类,6104,电子科技大学,6104-01,01,首选历史，再选不限,614,2031,https://www.jseea.cn/webfile/upload/2024/07-18/09-11-430408314109108.xls
2024,历史类,6105,西南民族大学,6105-01,01,首选历史，再选不限,561,14231,https://www.jseea.cn/webfile/upload/2024/07-18/09-11-430408314109108.xls
2024,历史类,6106,成都理工大学,6106-01,01,首选历史，再选不限,549,18742,https://www.jseea.cn/webfile/upload/2024/07-18/09-11-430408314109108.xls
2024,历史类,6106,成都理工大学,6106-02,02,首选历史，再选不限,552,17538,https://www.jseea.cn/webfile/upload/2024/07-18/09-11-430408314109108.xls
2024,历史类,6106,成都理工大学,6106-03,03,首选历史，再选不限,567,12260,https://www.jseea.cn/webfile/upload/2024/07-18/09-11-430408314109108.xls
2024,历史类,6107,成都信息工程大学,6107-01,01,首选历史，再选不限,543,21166,https://www.jseea.cn/webfile/upload/2024/07-18/09-11-430408314109108.xls
2024,历史类,6108,成都体育学院,6108-01,01,首选历史，再选不限,513,34650,https://www.jseea.cn/webfile/upload/2024/07-18/09-11-430408314109108.xls
2024,历史类,6109,四川音乐学院,6109-01,01,首选历史，再选不限,512,35123,https://www.jseea.cn/webfile/upload/2024/07-18/09-11-430408314109108.xls
2024,历史类,6110,西华大学,6110-01,01,首选历史，再选不限,536,24138,https://www.jseea.cn/webfile/upload/2024/07-18/09-11-430408314109108.xls
2024,历史类,6110,西华大学,6110-02,02,首选历史，再选思想政治,551,17923,https://www.jseea.cn/webfile/upload/2024/07-18/09-11-430408314109108.xls
2024,历史类,6114,成都大学,6114-01,01,首选历史，再选不限,537,23736,https://www.jseea.cn/webfile/upload/2024/07-18/09-11-430408314109108.xls
2024,历史类,6114,成都大学,6114-02,02,首选历史，再选不限,539,22877,https://www.jseea.cn/webfile/upload/2024/07-18/09-11-430408314109108.xls
2024,历史类,6114,成都大学,6114-03,03,首选历史，再选不限,543,21166,https://www.jseea.cn/webfile/upload/2024/07-18/09-11-430408314109108.xls
2024,历史类,6115,四川轻化工大学,6115-01,01,首选历史，再选不限,531,26371,https://www.jseea.cn/webfile/upload/2024/07-18/09-11-430408314109108.xls
2024,历史类,6117,西昌学院,6117-01,01,首选历史，再选不限,506,38000,https://www.jseea.cn/webfile/upload/2024/07-18/09-11-430408314109108.xls
2024,历史类,6118,内江师范学院,6118-01,01,首选历史，再选不限,532,25910,https://www.jseea.cn/webfile/upload/2024/07-18/09-11-430408314109108.xls
2024,历史类,6118,内江师范学院,6118-02,02,首选历史，再选思想政治,526,28647,https://www.jseea.cn/webfile/upload/2024/07-18/09-11-430408314109108.xls
2024,历史类,6120,四川警察学院,6120-01,01,首选历史，再选不限,538,23304,https://www.jseea.cn/webfile/upload/2024/07-18/09-11-430408314109108.xls
2024,历史类,6129,成都师范学院,6129-01,01,首选历史，再选不限,529,27265,https://www.jseea.cn/webfile/upload/2024/07-18/09-11-430408314109108.xls
2024,历史类,6129,成都师范学院,6129-02,02,首选历史，再选地理,535,24575,https://www.jseea.cn/webfile/upload/2024/07-18/09-11-430408314109108.xls
2024,历史类,6131,西南科技大学,6131-01,01,首选历史，再选不限,536,24138,https://www.jseea.cn/webfile/upload/2024/07-18/09-11-430408314109108.xls
2024,历史类,6140,四川师范大学,6140-01,01,首选历史，再选不限,579,8655,https://www.jseea.cn/webfile/upload/2024/07-18/09-11-430408314109108.xls
2024,历史类,6140,四川师范大学,6140-02,02,首选历史，再选思想政治,570,11302,https://www.jseea.cn/webfile/upload/2024/07-18/09-11-430408314109108.xls
2024,历史类,6140,四川师范大学,6140-03,03,首选历史，再选地理,562,13908,https://www.jseea.cn/webfile/upload/2024/07-18/09-11-430408314109108.xls
2024,历史类,6141,西南石油大学,6141-01,01,首选历史，再选不限,554,16794,https://www.jseea.cn/webfile/upload/2024/07-18/09-11-430408314109108.xls
2024,历史类,6144,绵阳师范学院,6144-01,01,首选历史，再选不限,512,35123,https://www.jseea.cn/webfile/upload/2024/07-18/09-11-430408314109108.xls
2024,历史类,6151,乐山师范学院,6151-01,01,首选历史，再选不限,510,36096,https://www.jseea.cn/webfile/upload/2024/07-18/09-11-430408314109108.xls
2024,历史类,6161,川北医学院,6161-01,01,首选历史，再选生物,512,35123,https://www.jseea.cn/webfile/upload/2024/07-18/09-11-430408314109108.xls
2024,历史类,6181,宜宾学院,6181-01,01,首选历史，再选不限,513,34650,https://www.jseea.cn/webfile/upload/2024/07-18/09-11-430408314109108.xls
2024,历史类,6187,攀枝花学院,6187-01,01,首选历史，再选不限,520,31428,https://www.jseea.cn/webfile/upload/2024/07-18/09-11-430408314109108.xls
2024,历史类,6201,重庆大学,6201-02,02,首选历史，再选不限,618,1601,https://www.jseea.cn/webfile/upload/2024/07-18/09-11-430408314109108.xls
2024,历史类,6201,重庆大学,6201-03,03,首选历史，再选不限,620,1426,https://www.jseea.cn/webfile/upload/2024/07-18/09-11-430408314109108.xls
2024,历史类,6202,西南大学,6202-01,01,首选历史，再选不限,588,6398,https://www.jseea.cn/webfile/upload/2024/07-18/09-11-430408314109108.xls
2024,历史类,6202,西南大学,6202-02,02,首选历史，再选地理,596,4751,https://www.jseea.cn/webfile/upload/2024/07-18/09-11-430408314109108.xls
2024,历史类,6203,西南政法大学,6203-01,01,首选历史，再选不限,617,1700,https://www.jseea.cn/webfile/upload/2024/07-18/09-11-430408314109108.xls
2024,历史类,6203,西南政法大学,6203-02,02,首选历史，再选不限,604,3366,https://www.jseea.cn/webfile/upload/2024/07-18/09-11-430408314109108.xls
2024,历史类,6206,重庆工商大学,6206-01,01,首选历史，再选不限,547,19543,https://www.jseea.cn/webfile/upload/2024/07-18/09-11-430408314109108.xls
2024,历史类,6207,重庆交通大学,6207-01,01,首选历史，再选不限,545,20359,https://www.jseea.cn/webfile/upload/2024/07-18/09-11-430408314109108.xls
2024,历史类,6208,重庆理工大学,6208-01,01,首选历史，再选不限,543,21166,https://www.jseea.cn/webfile/upload/2024/07-18/09-11-430408314109108.xls
2024,历史类,6209,重庆邮电大学,6209-01,01,首选历史，再选不限,551,17923,https://www.jseea.cn/webfile/upload/2024/07-18/09-11-430408314109108.xls
2024,历史类,6210,重庆师范大学,6210-01,01,首选历史，再选不限,547,19543,https://www.jseea.cn/webfile/upload/2024/07-18/09-11-430408314109108.xls
2024,历史类,6210,重庆师范大学,6210-02,02,首选历史，再选不限,519,31897,https://www.jseea.cn/webfile/upload/2024/07-18/09-11-430408314109108.xls
2024,历史类,6210,重庆师范大学,6210-03,03,首选历史，再选地理,564,13262,https://www.jseea.cn/webfile/upload/2024/07-18/09-11-430408314109108.xls
2024,历史类,6211,四川美术学院,6211-01,01,首选历史，再选不限,502,39855,https://www.jseea.cn/webfile/upload/2024/07-18/09-11-430408314109108.xls
2024,历史类,6212,四川外国语大学,6212-02,02,首选历史，再选不限,545,20359,https://www.jseea.cn/webfile/upload/2024/07-18/09-11-430408314109108.xls
2024,历史类,6212,四川外国语大学,6212-03,03,首选历史，再选不限,530,26805,https://www.jseea.cn/webfile/upload/2024/07-18/09-11-430408314109108.xls
2024,历史类,6212,四川外国语大学,6212-04,04,首选历史，再选不限,532,25910,https://www.jseea.cn/webfile/upload/2024/07-18/09-11-430408314109108.xls
2024,历史类,6212,四川外国语大学,6212-05,05,首选历史，再选思想政治,563,13578,https://www.jseea.cn/webfile/upload/2024/07-18/09-11-430408314109108.xls
2024,历史类,6213,重庆三峡学院,6213-01,01,首选历史，再选不限,516,33212,https://www.jseea.cn/webfile/upload/2024/07-18/09-11-430408314109108.xls
2024,历史类,6214,长江师范学院,6214-01,01,首选历史，再选不限,526,28647,https://www.jseea.cn/webfile/upload/2024/07-18/09-11-430408314109108.xls
2024,历史类,6214,长江师范学院,6214-02,02,首选历史，再选生物,507,37499,https://www.jseea.cn/webfile/upload/2024/07-18/09-11-430408314109108.xls
2024,历史类,6221,重庆科技大学,6221-01,01,首选历史，再选不限,533,25449,https://www.jseea.cn/webfile/upload/2024/07-18/09-11-430408314109108.xls
2024,历史类,6302,贵州中医药大学,6302-01,01,首选历史，再选不限,529,27265,https://www.jseea.cn/webfile/upload/2024/07-18/09-11-430408314109108.xls
2024,历史类,6304,贵州财经大学,6304-01,01,首选历史，再选不限,519,31897,https://www.jseea.cn/webfile/upload/2024/07-18/09-11-430408314109108.xls
2024,历史类,6304,贵州财经大学,6304-02,02,首选历史，再选不限,530,26805,https://www.jseea.cn/webfile/upload/2024/07-18/09-11-430408314109108.xls
2024,历史类,6308,安顺学院,6308-01,01,首选历史，再选不限,509,36593,https://www.jseea.cn/webfile/upload/2024/07-18/09-11-430408314109108.xls
2024,历史类,6310,黔南民族师范学院,6310-01,01,首选历史，再选不限,506,38000,https://www.jseea.cn/webfile/upload/2024/07-18/09-11-430408314109108.xls
2024,历史类,6315,贵州工程应用技术学院,6315-01,01,首选历史，再选不限,507,37499,https://www.jseea.cn/webfile/upload/2024/07-18/09-11-430408314109108.xls
2024,历史类,6316,贵州商学院,6316-01,01,首选历史，再选不限,507,37499,https://www.jseea.cn/webfile/upload/2024/07-18/09-11-430408314109108.xls
2024,历史类,6316,贵州商学院,6316-02,02,首选历史，再选不限,485,47825,https://www.jseea.cn/webfile/upload/2024/07-18/09-11-430408314109108.xls
2024,历史类,6317,遵义师范学院,6317-01,01,首选历史，再选不限,517,32754,https://www.jseea.cn/webfile/upload/2024/07-18/09-11-430408314109108.xls
2024,历史类,6317,遵义师范学院,6317-02,02,首选历史，再选思想政治,517,32754,https://www.jseea.cn/webfile/upload/2024/07-18/09-11-430408314109108.xls
2024,历史类,6320,六盘水师范学院,6320-01,01,首选历史，再选不限,507,37499,https://www.jseea.cn/webfile/upload/2024/07-18/09-11-430408314109108.xls
2024,历史类,6323,贵州警察学院,6323-01,01,首选历史，再选不限,537,23736,https://www.jseea.cn/webfile/upload/2024/07-18/09-11-430408314109108.xls
2024,历史类,6324,贵阳康养职业大学,6324-01,01,首选历史，再选不限,506,38000,https://www.jseea.cn/webfile/upload/2024/07-18/09-11-430408314109108.xls
2024,历史类,6401,云南大学,6401-01,01,首选历史，再选不限,580,8377,https://www.jseea.cn/webfile/upload/2024/07-18/09-11-430408314109108.xls
2024,历史类,6401,云南大学,6401-02,02,首选历史，再选不限,595,4943,https://www.jseea.cn/webfile/upload/2024/07-18/09-11-430408314109108.xls
2024,历史类,6401,云南大学,6401-03,03,首选历史，再选思想政治,591,5754,https://www.jseea.cn/webfile/upload/2024/07-18/09-11-430408314109108.xls
2024,历史类,6402,云南师范大学,6402-01,01,首选历史，再选不限,547,19543,https://www.jseea.cn/webfile/upload/2024/07-18/09-11-430408314109108.xls
2024,历史类,6402,云南师范大学,6402-02,02,首选历史，再选思想政治,555,16407,https://www.jseea.cn/webfile/upload/2024/07-18/09-11-430408314109108.xls
2024,历史类,6402,云南师范大学,6402-03,03,首选历史，再选地理,554,16794,https://www.jseea.cn/webfile/upload/2024/07-18/09-11-430408314109108.xls
2024,历史类,6403,云南艺术学院,6403-01,01,首选历史，再选不限,503,39375,https://www.jseea.cn/webfile/upload/2024/07-18/09-11-430408314109108.xls
2024,历史类,6404,昆明理工大学,6404-01,01,首选历史，再选不限,544,20776,https://www.jseea.cn/webfile/upload/2024/07-18/09-11-430408314109108.xls
2024,历史类,6404,昆明理工大学,6404-02,02,首选历史，再选地理,542,21615,https://www.jseea.cn/webfile/upload/2024/07-18/09-11-430408314109108.xls
2024,历史类,6405,云南农业大学,6405-01,01,首选历史，再选不限,521,30977,https://www.jseea.cn/webfile/upload/2024/07-18/09-11-430408314109108.xls
2024,历史类,6405,云南农业大学,6405-02,02,首选历史，再选不限,525,29083,https://www.jseea.cn/webfile/upload/2024/07-18/09-11-430408314109108.xls
2024,历史类,6407,玉溪师范学院,6407-01,01,首选历史，再选不限,520,31428,https://www.jseea.cn/webfile/upload/2024/07-18/09-11-430408314109108.xls
2024,历史类,6407,玉溪师范学院,6407-02,02,首选历史，再选思想政治,515,33682,https://www.jseea.cn/webfile/upload/2024/07-18/09-11-430408314109108.xls
2024,历史类,6408,云南财经大学,6408-01,01,首选历史，再选不限,535,24575,https://www.jseea.cn/webfile/upload/2024/07-18/09-11-430408314109108.xls
2024,历史类,6409,楚雄师范学院,6409-01,01,首选历史，再选不限,505,38453,https://www.jseea.cn/webfile/upload/2024/07-18/09-11-430408314109108.xls
2024,历史类,6410,昆明学院,6410-01,01,首选历史，再选思想政治,516,33212,https://www.jseea.cn/webfile/upload/2024/07-18/09-11-430408314109108.xls
2024,历史类,6411,大理大学,6411-01,01,首选历史，再选不限,531,26371,https://www.jseea.cn/webfile/upload/2024/07-18/09-11-430408314109108.xls
2024,历史类,6411,大理大学,6411-02,02,首选历史，再选生物,514,34139,https://www.jseea.cn/webfile/upload/2024/07-18/09-11-430408314109108.xls
2024,历史类,6413,红河学院,6413-01,01,首选历史，再选不限,507,37499,https://www.jseea.cn/webfile/upload/2024/07-18/09-11-430408314109108.xls
2024,历史类,6414,云南民族大学,6414-01,01,首选历史，再选不限,531,26371,https://www.jseea.cn/webfile/upload/2024/07-18/09-11-430408314109108.xls
2024,历史类,6414,云南民族大学,6414-02,02,首选历史，再选思想政治,530,26805,https://www.jseea.cn/webfile/upload/2024/07-18/09-11-430408314109108.xls
2024,历史类,6417,曲靖师范学院,6417-01,01,首选历史，再选地理,524,29546,https://www.jseea.cn/webfile/upload/2024/07-18/09-11-430408314109108.xls
2024,历史类,6419,普洱学院,6419-01,01,首选历史，再选不限,504,38906,https://www.jseea.cn/webfile/upload/2024/07-18/09-11-430408314109108.xls
2024,历史类,6420,文山学院,6420-01,01,首选历史，再选不限,511,35617,https://www.jseea.cn/webfile/upload/2024/07-18/09-11-430408314109108.xls
2024,历史类,6501,西藏大学,6501-01,01,首选历史，再选思想政治,560,14582,https://www.jseea.cn/webfile/upload/2024/07-18/09-11-430408314109108.xls
2024,历史类,7101,西北大学,7101-01,01,首选历史，再选不限,595,4943,https://www.jseea.cn/webfile/upload/2024/07-18/09-11-430408314109108.xls
2024,历史类,7102,西北工业大学,7102-01,01,首选历史，再选不限,608,2793,https://www.jseea.cn/webfile/upload/2024/07-18/09-11-430408314109108.xls
2024,历史类,7103,陕西师范大学,7103-01,01,首选历史，再选不限,591,5754,https://www.jseea.cn/webfile/upload/2024/07-18/09-11-430408314109108.xls
2024,历史类,7103,陕西师范大学,7103-02,02,首选历史，再选思想政治,596,4751,https://www.jseea.cn/webfile/upload/2024/07-18/09-11-430408314109108.xls
2024,历史类,7104,西安交通大学,7104-01,01,首选历史，再选不限,626,990,https://www.jseea.cn/webfile/upload/2024/07-18/09-11-430408314109108.xls
2024,历史类,7107,长安大学,7107-01,01,首选历史，再选不限,585,7092,https://www.jseea.cn/webfile/upload/2024/07-18/09-11-430408314109108.xls
2024,历史类,7109,西北政法大学,7109-01,01,首选历史，再选不限,601,3855,https://www.jseea.cn/webfile/upload/2024/07-18/09-11-430408314109108.xls
2024,历史类,7110,西安工程大学,7110-01,01,首选历史，再选不限,542,21615,https://www.jseea.cn/webfile/upload/2024/07-18/09-11-430408314109108.xls
2024,历史类,7110,西安工程大学,7110-02,02,首选历史，再选不限,509,36593,https://www.jseea.cn/webfile/upload/2024/07-18/09-11-430408314109108.xls
2024,历史类,7111,西安财经大学,7111-01,01,首选历史，再选不限,546,19983,https://www.jseea.cn/webfile/upload/2024/07-18/09-11-430408314109108.xls
2024,历史类,7113,西安石油大学,7113-01,01,首选历史，再选不限,536,24138,https://www.jseea.cn/webfile/upload/2024/07-18/09-11-430408314109108.xls
2024,历史类,7114,西安医学院,7114-01,01,首选历史，再选不限,526,28647,https://www.jseea.cn/webfile/upload/2024/07-18/09-11-430408314109108.xls
2024,历史类,7114,西安医学院,7114-02,02,首选历史，再选生物,528,27732,https://www.jseea.cn/webfile/upload/2024/07-18/09-11-430408314109108.xls
2024,历史类,7115,西安工业大学,7115-01,01,首选历史，再选不限,548,19125,https://www.jseea.cn/webfile/upload/2024/07-18/09-11-430408314109108.xls
2024,历史类,7117,西安外国语大学,7117-02,02,首选历史，再选不限,551,17923,https://www.jseea.cn/webfile/upload/2024/07-18/09-11-430408314109108.xls
2024,历史类,7120,西安音乐学院,7120-01,01,首选历史，再选不限,499,41176,https://www.jseea.cn/webfile/upload/2024/07-18/09-11-430408314109108.xls
2024,历史类,7122,西安文理学院,7122-01,01,首选历史，再选不限,515,33682,https://www.jseea.cn/webfile/upload/2024/07-18/09-11-430408314109108.xls
2024,历史类,7122,西安文理学院,7122-02,02,首选历史，再选不限,515,33682,https://www.jseea.cn/webfile/upload/2024/07-18/09-11-430408314109108.xls
2024,历史类,7140,渭南师范学院,7140-01,01,首选历史，再选不限,518,32328,https://www.jseea.cn/webfile/upload/2024/07-18/09-11-430408314109108.xls
2024,历史类,7140,渭南师范学院,7140-02,02,首选历史，再选不限,492,44492,https://www.jseea.cn/webfile/upload/2024/07-18/09-11-430408314109108.xls
2024,历史类,7141,西北农林科技大学,7141-01,01,首选历史，再选不限,599,4190,https://www.jseea.cn/webfile/upload/2024/07-18/09-11-430408314109108.xls
2024,历史类,7142,延安大学,7142-01,01,首选历史，再选不限,535,24575,https://www.jseea.cn/webfile/upload/2024/07-18/09-11-430408314109108.xls
2024,历史类,7142,延安大学,7142-02,02,首选历史，再选思想政治,542,21615,https://www.jseea.cn/webfile/upload/2024/07-18/09-11-430408314109108.xls
2024,历史类,7150,陕西学前师范学院,7150-01,01,首选历史，再选不限,510,36096,https://www.jseea.cn/webfile/upload/2024/07-18/09-11-430408314109108.xls
2024,历史类,7151,陕西科技大学,7151-01,01,首选历史，再选不限,542,21615,https://www.jseea.cn/webfile/upload/2024/07-18/09-11-430408314109108.xls
2024,历史类,7162,宝鸡文理学院,7162-01,01,首选历史，再选不限,506,38000,https://www.jseea.cn/webfile/upload/2024/07-18/09-11-430408314109108.xls
2024,历史类,7165,咸阳师范学院,7165-01,01,首选历史，再选不限,480,50085,https://www.jseea.cn/webfile/upload/2024/07-18/09-11-430408314109108.xls
2024,历史类,7166,商洛学院,7166-01,01,首选历史，再选思想政治,516,33212,https://www.jseea.cn/webfile/upload/2024/07-18/09-11-430408314109108.xls
2024,历史类,7167,陕西理工大学,7167-01,01,首选历史，再选不限,530,26805,https://www.jseea.cn/webfile/upload/2024/07-18/09-11-430408314109108.xls
2024,历史类,7167,陕西理工大学,7167-02,02,首选历史，再选思想政治,538,23304,https://www.jseea.cn/webfile/upload/2024/07-18/09-11-430408314109108.xls
2024,历史类,7167,陕西理工大学,7167-03,03,首选历史，再选地理,538,23304,https://www.jseea.cn/webfile/upload/2024/07-18/09-11-430408314109108.xls
2024,历史类,7201,兰州大学,7201-01,01,首选历史，再选不限,606,3067,https://www.jseea.cn/webfile/upload/2024/07-18/09-11-430408314109108.xls
2024,历史类,7201,兰州大学,7201-02,02,首选历史，再选思想政治,605,3225,https://www.jseea.cn/webfile/upload/2024/07-18/09-11-430408314109108.xls
2024,历史类,7202,兰州理工大学,7202-01,01,首选历史，再选不限,531,26371,https://www.jseea.cn/webfile/upload/2024/07-18/09-11-430408314109108.xls
2024,历史类,7203,兰州财经大学,7203-01,01,首选历史，再选不限,525,29083,https://www.jseea.cn/webfile/upload/2024/07-18/09-11-430408314109108.xls
2024,历史类,7204,兰州交通大学,7204-01,01,首选历史，再选不限,537,23736,https://www.jseea.cn/webfile/upload/2024/07-18/09-11-430408314109108.xls
2024,历史类,7205,西北民族大学,7205-01,01,首选历史，再选不限,518,32328,https://www.jseea.cn/webfile/upload/2024/07-18/09-11-430408314109108.xls
2024,历史类,7205,西北民族大学,7205-02,02,首选历史，再选不限,520,31428,https://www.jseea.cn/webfile/upload/2024/07-18/09-11-430408314109108.xls
2024,历史类,7205,西北民族大学,7205-03,03,首选历史，再选不限,511,35617,https://www.jseea.cn/webfile/upload/2024/07-18/09-11-430408314109108.xls
2024,历史类,7205,西北民族大学,7205-04,04,首选历史，再选不限,507,37499,https://www.jseea.cn/webfile/upload/2024/07-18/09-11-430408314109108.xls
2024,历史类,7205,西北民族大学,7205-05,05,首选历史，再选思想政治,538,23304,https://www.jseea.cn/webfile/upload/2024/07-18/09-11-430408314109108.xls
2024,历史类,7206,甘肃农业大学,7206-01,01,首选历史，再选不限,522,30462,https://www.jseea.cn/webfile/upload/2024/07-18/09-11-430408314109108.xls
2024,历史类,7207,甘肃政法大学,7207-01,01,首选历史，再选不限,550,18357,https://www.jseea.cn/webfile/upload/2024/07-18/09-11-430408314109108.xls
2024,历史类,7207,甘肃政法大学,7207-02,02,首选历史，再选思想政治,551,17923,https://www.jseea.cn/webfile/upload/2024/07-18/09-11-430408314109108.xls
2024,历史类,7211,陇东学院,7211-01,01,首选历史，再选不限,509,36593,https://www.jseea.cn/webfile/upload/2024/07-18/09-11-430408314109108.xls
2024,历史类,7214,西北师范大学,7214-01,01,首选历史，再选不限,542,21615,https://www.jseea.cn/webfile/upload/2024/07-18/09-11-430408314109108.xls
2024,历史类,7214,西北师范大学,7214-02,02,首选历史，再选思想政治,556,16019,https://www.jseea.cn/webfile/upload/2024/07-18/09-11-430408314109108.xls
2024,历史类,7216,天水师范学院,7216-01,01,首选历史，再选不限,504,38906,https://www.jseea.cn/webfile/upload/2024/07-18/09-11-430408314109108.xls
2024,历史类,7216,天水师范学院,7216-02,02,首选历史，再选思想政治,511,35617,https://www.jseea.cn/webfile/upload/2024/07-18/09-11-430408314109108.xls
2024,历史类,7218,兰州城市学院,7218-01,01,首选历史，再选不限,510,36096,https://www.jseea.cn/webfile/upload/2024/07-18/09-11-430408314109108.xls
2024,历史类,7218,兰州城市学院,7218-02,02,首选历史，再选思想政治,512,35123,https://www.jseea.cn/webfile/upload/2024/07-18/09-11-430408314109108.xls
2024,历史类,7218,兰州城市学院,7218-03,03,首选历史，再选地理,511,35617,https://www.jseea.cn/webfile/upload/2024/07-18/09-11-430408314109108.xls
2024,历史类,7219,兰州文理学院,7219-01,01,首选历史，再选不限,514,34139,https://www.jseea.cn/webfile/upload/2024/07-18/09-11-430408314109108.xls
2024,历史类,7222,兰州石化职业技术大学,7222-01,01,首选历史，再选不限,504,38906,https://www.jseea.cn/webfile/upload/2024/07-18/09-11-430408314109108.xls
2024,历史类,7302,青海民族大学,7302-01,01,首选历史，再选不限,512,35123,https://www.jseea.cn/webfile/upload/2024/07-18/09-11-430408314109108.xls
2024,历史类,7302,青海民族大学,7302-02,02,首选历史，再选思想政治,524,29546,https://www.jseea.cn/webfile/upload/2024/07-18/09-11-430408314109108.xls
2024,历史类,7303,青海师范大学,7303-01,01,首选历史，再选不限,515,33682,https://www.jseea.cn/webfile/upload/2024/07-18/09-11-430408314109108.xls
2024,历史类,7304,青海职业技术大学,7304-01,01,首选历史，再选不限,495,43078,https://www.jseea.cn/webfile/upload/2024/07-18/09-11-430408314109108.xls
2024,历史类,7401,北方民族大学,7401-01,01,首选历史，再选不限,525,29083,https://www.jseea.cn/webfile/upload/2024/07-18/09-11-430408314109108.xls
2024,历史类,7402,宁夏大学,7402-01,01,首选历史，再选不限,576,9484,https://www.jseea.cn/webfile/upload/2024/07-18/09-11-430408314109108.xls
2024,历史类,7402,宁夏大学,7402-02,02,首选历史，再选不限,559,14929,https://www.jseea.cn/webfile/upload/2024/07-18/09-11-430408314109108.xls
2024,历史类,7402,宁夏大学,7402-03,03,首选历史，再选不限,561,14231,https://www.jseea.cn/webfile/upload/2024/07-18/09-11-430408314109108.xls
2024,历史类,7501,新疆大学,7501-01,01,首选历史，再选不限,580,8377,https://www.jseea.cn/webfile/upload/2024/07-18/09-11-430408314109108.xls
2024,历史类,7501,新疆大学,7501-02,02,首选历史，再选思想政治,580,8377,https://www.jseea.cn/webfile/upload/2024/07-18/09-11-430408314109108.xls
2024,历史类,7502,新疆师范大学,7502-01,01,首选历史，再选不限,520,31428,https://www.jseea.cn/webfile/upload/2024/07-18/09-11-430408314109108.xls
2024,历史类,7503,新疆农业大学,7503-01,01,首选历史，再选不限,495,43078,https://www.jseea.cn/webfile/upload/2024/07-18/09-11-430408314109108.xls
2024,历史类,7503,新疆农业大学,7503-02,02,首选历史，再选不限,509,36593,https://www.jseea.cn/webfile/upload/2024/07-18/09-11-430408314109108.xls
2024,历史类,7505,新疆财经大学,7505-01,01,首选历史，再选不限,510,36096,https://www.jseea.cn/webfile/upload/2024/07-18/09-11-430408314109108.xls
2024,历史类,7505,新疆财经大学,7505-02,02,首选历史，再选思想政治,509,36593,https://www.jseea.cn/webfile/upload/2024/07-18/09-11-430408314109108.xls
2024,历史类,7507,昌吉学院,7507-01,01,首选历史，再选不限,500,40717,https://www.jseea.cn/webfile/upload/2024/07-18/09-11-430408314109108.xls
2024,历史类,7508,新疆艺术学院,7508-01,01,首选历史，再选不限,492,44492,https://www.jseea.cn/webfile/upload/2024/07-18/09-11-430408314109108.xls
2024,历史类,7511,石河子大学,7511-01,01,首选历史，再选不限,560,14582,https://www.jseea.cn/webfile/upload/2024/07-18/09-11-430408314109108.xls
2024,历史类,7512,新疆科技学院,7512-01,01,首选历史，再选思想政治,503,39375,https://www.jseea.cn/webfile/upload/2024/07-18/09-11-430408314109108.xls
2024,历史类,7513,新疆理工学院,7513-01,01,首选历史，再选不限,502,39855,https://www.jseea.cn/webfile/upload/2024/07-18/09-11-430408314109108.xls
2024,历史类,7521,伊犁师范大学,7521-01,01,首选历史，再选不限,505,38453,https://www.jseea.cn/webfile/upload/2024/07-18/09-11-430408314109108.xls
2024,历史类,7521,伊犁师范大学,7521-02,02,首选历史，再选思想政治,512,35123,https://www.jseea.cn/webfile/upload/2024/07-18/09-11-430408314109108.xls
2024,历史类,7521,伊犁师范大学,7521-03,03,首选历史，再选地理,500,40717,https://www.jseea.cn/webfile/upload/2024/07-18/09-11-430408314109108.xls
2024,历史类,7523,新疆和田学院,7523-01,01,首选历史，再选不限,502,39855,https://www.jseea.cn/webfile/upload/2024/07-18/09-11-430408314109108.xls
2024,历史类,7523,新疆和田学院,7523-02,02,首选历史，再选思想政治,502,39855,https://www.jseea.cn/webfile/upload/2024/07-18/09-11-430408314109108.xls
2024,历史类,7526,塔里木大学,7526-01,01,首选历史，再选不限,503,39375,https://www.jseea.cn/webfile/upload/2024/07-18/09-11-430408314109108.xls
2024,历史类,7529,喀什大学,7529-01,01,首选历史，再选不限,513,34650,https://www.jseea.cn/webfile/upload/2024/07-18/09-11-430408314109108.xls
2024,历史类,7529,喀什大学,7529-02,02,首选历史，再选思想政治,515,33682,https://www.jseea.cn/webfile/upload/2024/07-18/09-11-430408314109108.xls
2024,历史类,7531,新疆政法学院,7531-01,01,首选历史，再选不限,506,38000,https://www.jseea.cn/webfile/upload/2024/07-18/09-11-430408314109108.xls
2024,历史类,7531,新疆政法学院,7531-02,02,首选历史，再选思想政治,504,38906,https://www.jseea.cn/webfile/upload/2024/07-18/09-11-430408314109108.xls
2024,历史类,8001,上海杉达学院,8001-01,01,首选历史，再选不限,487,46894,https://www.jseea.cn/webfile/upload/2024/07-18/09-11-430408314109108.xls
2024,历史类,8002,上海建桥学院,8002-01,01,首选历史，再选不限,480,50085,https://www.jseea.cn/webfile/upload/2024/07-18/09-11-430408314109108.xls
2024,历史类,8003,上海兴伟学院,8003-01,01,首选历史，再选不限,478,50966,https://www.jseea.cn/webfile/upload/2024/07-18/09-11-430408314109108.xls
2024,历史类,8004,上海视觉艺术学院,8004-01,01,首选历史，再选不限,495,43078,https://www.jseea.cn/webfile/upload/2024/07-18/09-11-430408314109108.xls
2024,历史类,8005,上海外国语大学贤达经济人文学院,8005-01,01,首选历史，再选不限,478,50966,https://www.jseea.cn/webfile/upload/2024/07-18/09-11-430408314109108.xls
2024,历史类,8006,上海师范大学天华学院,8006-01,01,首选历史，再选不限,478,50966,https://www.jseea.cn/webfile/upload/2024/07-18/09-11-430408314109108.xls
2024,历史类,8023,上海立达学院,8023-01,01,首选历史，再选不限,478,50966,https://www.jseea.cn/webfile/upload/2024/07-18/09-11-430408314109108.xls
2024,历史类,8029,上海中侨职业技术大学,8029-01,01,首选历史，再选不限,478,50966,https://www.jseea.cn/webfile/upload/2024/07-18/09-11-430408314109108.xls
2024,历史类,8030,浙江万里学院,8030-01,01,首选历史，再选不限,497,42145,https://www.jseea.cn/webfile/upload/2024/07-18/09-11-430408314109108.xls
2024,历史类,8030,浙江万里学院,8030-02,02,首选历史，再选不限,489,45928,https://www.jseea.cn/webfile/upload/2024/07-18/09-11-430408314109108.xls
2024,历史类,8031,浙江树人学院,8031-01,01,首选历史，再选不限,483,48736,https://www.jseea.cn/webfile/upload/2024/07-18/09-11-430408314109108.xls
2024,历史类,8032,浙江越秀外国语学院,8032-01,01,首选历史，再选不限,478,50966,https://www.jseea.cn/webfile/upload/2024/07-18/09-11-430408314109108.xls
2024,历史类,8033,宁波财经学院,8033-01,01,首选历史，再选不限,482,49204,https://www.jseea.cn/webfile/upload/2024/07-18/09-11-430408314109108.xls
2024,历史类,8036,浙江工业大学之江学院,8036-01,01,首选历史，再选不限,489,45928,https://www.jseea.cn/webfile/upload/2024/07-18/09-11-430408314109108.xls
2024,历史类,8037,浙江师范大学行知学院,8037-01,01,首选历史，再选不限,485,47825,https://www.jseea.cn/webfile/upload/2024/07-18/09-11-430408314109108.xls
2024,历史类,8038,宁波大学科学技术学院,8038-01,01,首选历史，再选不限,486,47355,https://www.jseea.cn/webfile/upload/2024/07-18/09-11-430408314109108.xls
2024,历史类,8042,浙江农林大学暨阳学院,8042-01,01,首选历史，再选不限,492,44492,https://www.jseea.cn/webfile/upload/2024/07-18/09-11-430408314109108.xls
2024,历史类,8046,绍兴文理学院元培学院,8046-01,01,首选历史，再选不限,488,46414,https://www.jseea.cn/webfile/upload/2024/07-18/09-11-430408314109108.xls
2024,历史类,8048,浙江工商大学杭州商学院,8048-01,01,首选历史，再选不限,488,46414,https://www.jseea.cn/webfile/upload/2024/07-18/09-11-430408314109108.xls
2024,历史类,8051,浙江财经大学东方学院,8051-01,01,首选历史，再选不限,485,47825,https://www.jseea.cn/webfile/upload/2024/07-18/09-11-430408314109108.xls
2024,历史类,8052,温州商学院,8052-01,01,首选历史，再选不限,482,49204,https://www.jseea.cn/webfile/upload/2024/07-18/09-11-430408314109108.xls
2024,历史类,8054,上海财经大学浙江学院,8054-01,01,首选历史，再选不限,491,44945,https://www.jseea.cn/webfile/upload/2024/07-18/09-11-430408314109108.xls
2024,历史类,8077,浙江广厦建设职业技术大学,8077-01,01,首选历史，再选不限,478,50966,https://www.jseea.cn/webfile/upload/2024/07-18/09-11-430408314109108.xls
2024,历史类,8080,安徽三联学院,8080-01,01,首选历史，再选不限,482,49204,https://www.jseea.cn/webfile/upload/2024/07-18/09-11-430408314109108.xls
2024,历史类,8081,安徽新华学院,8081-01,01,首选历史，再选不限,482,49204,https://www.jseea.cn/webfile/upload/2024/07-18/09-11-430408314109108.xls
2024,历史类,8082,安徽文达信息工程学院,8082-01,01,首选历史，再选不限,482,49204,https://www.jseea.cn/webfile/upload/2024/07-18/09-11-430408314109108.xls
2024,历史类,8083,安徽外国语学院,8083-01,01,首选历史，再选不限,478,50966,https://www.jseea.cn/webfile/upload/2024/07-18/09-11-430408314109108.xls
2024,历史类,8084,蚌埠工商学院,8084-01,01,首选历史，再选不限,488,46414,https://www.jseea.cn/webfile/upload/2024/07-18/09-11-430408314109108.xls
2024,历史类,8087,马鞍山学院,8087-01,01,首选历史，再选不限,490,45451,https://www.jseea.cn/webfile/upload/2024/07-18/09-11-430408314109108.xls
2024,历史类,8088,合肥城市学院,8088-01,01,首选历史，再选不限,483,48736,https://www.jseea.cn/webfile/upload/2024/07-18/09-11-430408314109108.xls
2024,历史类,8090,芜湖学院,8090-01,01,首选历史，再选不限,507,37499,https://www.jseea.cn/webfile/upload/2024/07-18/09-11-430408314109108.xls
2024,历史类,8094,皖江工学院,8094-01,01,首选历史，再选不限,483,48736,https://www.jseea.cn/webfile/upload/2024/07-18/09-11-430408314109108.xls
2024,历史类,8121,闽南理工学院,8121-01,01,首选历史，再选不限,482,49204,https://www.jseea.cn/webfile/upload/2024/07-18/09-11-430408314109108.xls
2024,历史类,8124,厦门工学院,8124-01,01,首选历史，再选不限,478,50966,https://www.jseea.cn/webfile/upload/2024/07-18/09-11-430408314109108.xls
2024,历史类,8125,阳光学院,8125-01,01,首选历史，再选不限,478,50966,https://www.jseea.cn/webfile/upload/2024/07-18/09-11-430408314109108.xls
2024,历史类,8126,厦门大学嘉庚学院,8126-01,01,首选历史，再选不限,495,43078,https://www.jseea.cn/webfile/upload/2024/07-18/09-11-430408314109108.xls
2024,历史类,8127,福州大学至诚学院,8127-01,01,首选历史，再选不限,483,48736,https://www.jseea.cn/webfile/upload/2024/07-18/09-11-430408314109108.xls
2024,历史类,8128,集美大学诚毅学院,8128-01,01,首选历史，再选不限,491,44945,https://www.jseea.cn/webfile/upload/2024/07-18/09-11-430408314109108.xls
2024,历史类,8130,福州外语外贸学院,8130-01,01,首选历史，再选不限,484,48269,https://www.jseea.cn/webfile/upload/2024/07-18/09-11-430408314109108.xls
2024,历史类,8132,仰恩大学,8132-01,01,首选历史，再选不限,487,46894,https://www.jseea.cn/webfile/upload/2024/07-18/09-11-430408314109108.xls
2024,历史类,8170,江西科技学院,8170-01,01,首选历史，再选不限,478,50966,https://www.jseea.cn/webfile/upload/2024/07-18/09-11-430408314109108.xls
2024,历史类,8171,江西工程学院,8171-01,01,首选历史，再选不限,479,50547,https://www.jseea.cn/webfile/upload/2024/07-18/09-11-430408314109108.xls
2024,历史类,8172,南昌理工学院,8172-01,01,首选历史，再选不限,482,49204,https://www.jseea.cn/webfile/upload/2024/07-18/09-11-430408314109108.xls
2024,历史类,8173,江西应用科技学院,8173-01,01,首选历史，再选不限,478,50966,https://www.jseea.cn/webfile/upload/2024/07-18/09-11-430408314109108.xls
2024,历史类,8174,江西服装学院,8174-01,01,首选历史，再选不限,478,50966,https://www.jseea.cn/webfile/upload/2024/07-18/09-11-430408314109108.xls
2024,历史类,8175,南昌工学院,8175-01,01,首选历史，再选不限,483,48736,https://www.jseea.cn/webfile/upload/2024/07-18/09-11-430408314109108.xls
2024,历史类,8175,南昌工学院,8175-02,02,首选历史，再选不限,478,50966,https://www.jseea.cn/webfile/upload/2024/07-18/09-11-430408314109108.xls
2024,历史类,8176,南昌大学科学技术学院,8176-01,01,首选历史，再选不限,498,41642,https://www.jseea.cn/webfile/upload/2024/07-18/09-11-430408314109108.xls
2024,历史类,8177,南昌大学共青学院,8177-01,01,首选历史，再选不限,487,46894,https://www.jseea.cn/webfile/upload/2024/07-18/09-11-430408314109108.xls
2024,历史类,8178,南昌交通学院,8178-01,01,首选历史，再选不限,478,50966,https://www.jseea.cn/webfile/upload/2024/07-18/09-11-430408314109108.xls
2024,历史类,8180,南昌航空大学科技学院,8180-01,01,首选历史，再选不限,485,47825,https://www.jseea.cn/webfile/upload/2024/07-18/09-11-430408314109108.xls
2024,历史类,8183,江西农业大学南昌商学院,8183-01,01,首选历史，再选不限,482,49204,https://www.jseea.cn/webfile/upload/2024/07-18/09-11-430408314109108.xls
2024,历史类,8183,江西农业大学南昌商学院,8183-02,02,首选历史，再选生物,478,50966,https://www.jseea.cn/webfile/upload/2024/07-18/09-11-430408314109108.xls
2024,历史类,8185,江西师范大学科学技术学院,8185-01,01,首选历史，再选不限,486,47355,https://www.jseea.cn/webfile/upload/2024/07-18/09-11-430408314109108.xls
2024,历史类,8186,景德镇艺术职业大学,8186-01,01,首选历史，再选不限,478,50966,https://www.jseea.cn/webfile/upload/2024/07-18/09-11-430408314109108.xls
2024,历史类,8187,南昌应用技术师范学院,8187-01,01,首选历史，再选不限,483,48736,https://www.jseea.cn/webfile/upload/2024/07-18/09-11-430408314109108.xls
2024,历史类,8188,江西财经大学现代经济管理学院,8188-01,01,首选历史，再选不限,481,49648,https://www.jseea.cn/webfile/upload/2024/07-18/09-11-430408314109108.xls
2024,历史类,8188,江西财经大学现代经济管理学院,8188-02,02,首选历史，再选不限,485,47825,https://www.jseea.cn/webfile/upload/2024/07-18/09-11-430408314109108.xls
2024,历史类,8210,齐鲁医药学院,8210-01,01,首选历史，再选不限,483,48736,https://www.jseea.cn/webfile/upload/2024/07-18/09-11-430408314109108.xls
2024,历史类,8211,青岛滨海学院,8211-01,01,首选历史，再选不限,478,50966,https://www.jseea.cn/webfile/upload/2024/07-18/09-11-430408314109108.xls
2024,历史类,8212,烟台南山学院,8212-01,01,首选历史，再选不限,480,50085,https://www.jseea.cn/webfile/upload/2024/07-18/09-11-430408314109108.xls
2024,历史类,8213,潍坊科技学院,8213-01,01,首选历史，再选不限,486,47355,https://www.jseea.cn/webfile/upload/2024/07-18/09-11-430408314109108.xls
2024,历史类,8214,山东英才学院,8214-01,01,首选历史，再选不限,478,50966,https://www.jseea.cn/webfile/upload/2024/07-18/09-11-430408314109108.xls
2024,历史类,8215,青岛恒星科技学院,8215-01,01,首选历史，再选不限,478,50966,https://www.jseea.cn/webfile/upload/2024/07-18/09-11-430408314109108.xls
2024,历史类,8216,青岛黄海学院,8216-01,01,首选历史，再选不限,487,46894,https://www.jseea.cn/webfile/upload/2024/07-18/09-11-430408314109108.xls
2024,历史类,8217,山东现代学院,8217-01,01,首选历史，再选不限,479,50547,https://www.jseea.cn/webfile/upload/2024/07-18/09-11-430408314109108.xls
2024,历史类,8218,山东协和学院,8218-01,01,首选历史，再选不限,483,48736,https://www.jseea.cn/webfile/upload/2024/07-18/09-11-430408314109108.xls
2024,历史类,8219,烟台理工学院,8219-01,01,首选历史，再选不限,483,48736,https://www.jseea.cn/webfile/upload/2024/07-18/09-11-430408314109108.xls
2024,历史类,8220,青岛城市学院,8220-01,01,首选历史，再选不限,483,48736,https://www.jseea.cn/webfile/upload/2024/07-18/09-11-430408314109108.xls
2024,历史类,8220,青岛城市学院,8220-02,02,首选历史，再选不限,479,50547,https://www.jseea.cn/webfile/upload/2024/07-18/09-11-430408314109108.xls
2024,历史类,8220,青岛城市学院,8220-03,03,首选历史，再选不限,481,49648,https://www.jseea.cn/webfile/upload/2024/07-18/09-11-430408314109108.xls
2024,历史类,8223,泰山科技学院,8223-01,01,首选历史，再选不限,478,50966,https://www.jseea.cn/webfile/upload/2024/07-18/09-11-430408314109108.xls
2024,历史类,8225,青岛工学院,8225-01,01,首选历史，再选不限,483,48736,https://www.jseea.cn/webfile/upload/2024/07-18/09-11-430408314109108.xls
2024,历史类,8226,青岛农业大学海都学院,8226-01,01,首选历史，再选不限,483,48736,https://www.jseea.cn/webfile/upload/2024/07-18/09-11-430408314109108.xls
2024,历史类,8227,齐鲁理工学院,8227-01,01,首选历史，再选不限,481,49648,https://www.jseea.cn/webfile/upload/2024/07-18/09-11-430408314109108.xls
2024,历史类,8228,山东财经大学东方学院,8228-01,01,首选历史，再选不限,486,47355,https://www.jseea.cn/webfile/upload/2024/07-18/09-11-430408314109108.xls
2024,历史类,8230,烟台科技学院,8230-01,01,首选历史，再选不限,481,49648,https://www.jseea.cn/webfile/upload/2024/07-18/09-11-430408314109108.xls
2024,历史类,8231,青岛电影学院,8231-01,01,首选历史，再选不限,478,50966,https://www.jseea.cn/webfile/upload/2024/07-18/09-11-430408314109108.xls
2024,历史类,8260,北京城市学院,8260-01,01,首选历史，再选不限,483,48736,https://www.jseea.cn/webfile/upload/2024/07-18/09-11-430408314109108.xls
2024,历史类,8262,首都师范大学科德学院,8262-01,01,首选历史，再选不限,478,50966,https://www.jseea.cn/webfile/upload/2024/07-18/09-11-430408314109108.xls
2024,历史类,8263,北京金融科技学院,8263-01,01,首选历史，再选不限,478,50966,https://www.jseea.cn/webfile/upload/2024/07-18/09-11-430408314109108.xls
2024,历史类,8264,北京邮电大学世纪学院,8264-01,01,首选历史，再选不限,478,50966,https://www.jseea.cn/webfile/upload/2024/07-18/09-11-430408314109108.xls
2024,历史类,8265,北京工业大学耿丹学院,8265-01,01,首选历史，再选不限,478,50966,https://www.jseea.cn/webfile/upload/2024/07-18/09-11-430408314109108.xls
2024,历史类,8266,北京第二外国语学院中瑞酒店管理学院,8266-01,01,首选历史，再选不限,478,50966,https://www.jseea.cn/webfile/upload/2024/07-18/09-11-430408314109108.xls
2024,历史类,8290,天津天狮学院,8290-01,01,首选历史，再选不限,478,50966,https://www.jseea.cn/webfile/upload/2024/07-18/09-11-430408314109108.xls
2024,历史类,8291,天津外国语大学滨海外事学院,8291-01,01,首选历史，再选不限,478,50966,https://www.jseea.cn/webfile/upload/2024/07-18/09-11-430408314109108.xls
2024,历史类,8292,天津传媒学院,8292-01,01,首选历史，再选不限,478,50966,https://www.jseea.cn/webfile/upload/2024/07-18/09-11-430408314109108.xls
2024,历史类,8293,天津商业大学宝德学院,8293-01,01,首选历史，再选不限,478,50966,https://www.jseea.cn/webfile/upload/2024/07-18/09-11-430408314109108.xls
2024,历史类,8293,天津商业大学宝德学院,8293-02,02,首选历史，再选不限,482,49204,https://www.jseea.cn/webfile/upload/2024/07-18/09-11-430408314109108.xls
2024,历史类,8294,天津医科大学临床医学院,8294-01,01,首选历史，再选不限,480,50085,https://www.jseea.cn/webfile/upload/2024/07-18/09-11-430408314109108.xls
2024,历史类,8297,天津理工大学中环信息学院,8297-01,01,首选历史，再选不限,478,50966,https://www.jseea.cn/webfile/upload/2024/07-18/09-11-430408314109108.xls
2024,历史类,8298,北京科技大学天津学院,8298-01,01,首选历史，再选不限,483,48736,https://www.jseea.cn/webfile/upload/2024/07-18/09-11-430408314109108.xls
2024,历史类,8299,天津仁爱学院,8299-01,01,首选历史，再选不限,478,50966,https://www.jseea.cn/webfile/upload/2024/07-18/09-11-430408314109108.xls
2024,历史类,8301,天津财经大学珠江学院,8301-01,01,首选历史，再选不限,482,49204,https://www.jseea.cn/webfile/upload/2024/07-18/09-11-430408314109108.xls
2024,历史类,8310,河北传媒学院,8310-01,01,首选历史，再选不限,478,50966,https://www.jseea.cn/webfile/upload/2024/07-18/09-11-430408314109108.xls
2024,历史类,8313,河北科技学院,8313-01,01,首选历史，再选不限,478,50966,https://www.jseea.cn/webfile/upload/2024/07-18/09-11-430408314109108.xls
2024,历史类,8314,河北外国语学院,8314-01,01,首选历史，再选不限,478,50966,https://www.jseea.cn/webfile/upload/2024/07-18/09-11-430408314109108.xls
2024,历史类,8314,河北外国语学院,8314-02,02,首选历史，再选不限,478,50966,https://www.jseea.cn/webfile/upload/2024/07-18/09-11-430408314109108.xls
2024,历史类,8316,华北理工大学轻工学院,8316-01,01,首选历史，再选不限,478,50966,https://www.jseea.cn/webfile/upload/2024/07-18/09-11-430408314109108.xls
2024,历史类,8318,河北经贸大学经济管理学院,8318-01,01,首选历史，再选不限,481,49648,https://www.jseea.cn/webfile/upload/2024/07-18/09-11-430408314109108.xls
2024,历史类,8323,石家庄铁道大学四方学院,8323-01,01,首选历史，再选不限,504,38906,https://www.jseea.cn/webfile/upload/2024/07-18/09-11-430408314109108.xls
2024,历史类,8324,河北地质大学华信学院,8324-01,01,首选历史，再选不限,478,50966,https://www.jseea.cn/webfile/upload/2024/07-18/09-11-430408314109108.xls
2024,历史类,8326,保定理工学院,8326-01,01,首选历史，再选不限,478,50966,https://www.jseea.cn/webfile/upload/2024/07-18/09-11-430408314109108.xls
2024,历史类,8327,燕京理工学院,8327-01,01,首选历史，再选不限,478,50966,https://www.jseea.cn/webfile/upload/2024/07-18/09-11-430408314109108.xls
2024,历史类,8328,北京中医药大学东方学院,8328-01,01,首选历史，再选不限,478,50966,https://www.jseea.cn/webfile/upload/2024/07-18/09-11-430408314109108.xls
2024,历史类,8329,沧州交通学院,8329-01,01,首选历史，再选不限,478,50966,https://www.jseea.cn/webfile/upload/2024/07-18/09-11-430408314109108.xls
2024,历史类,8330,河北东方学院,8330-01,01,首选历史，再选不限,500,40717,https://www.jseea.cn/webfile/upload/2024/07-18/09-11-430408314109108.xls
2024,历史类,8360,山西应用科技学院,8360-01,01,首选历史，再选不限,478,50966,https://www.jseea.cn/webfile/upload/2024/07-18/09-11-430408314109108.xls
2024,历史类,8363,晋中信息学院,8363-01,01,首选历史，再选不限,480,50085,https://www.jseea.cn/webfile/upload/2024/07-18/09-11-430408314109108.xls
2024,历史类,8363,晋中信息学院,8363-02,02,首选历史，再选生物,478,50966,https://www.jseea.cn/webfile/upload/2024/07-18/09-11-430408314109108.xls
2024,历史类,8364,山西晋中理工学院,8364-01,01,首选历史，再选不限,478,50966,https://www.jseea.cn/webfile/upload/2024/07-18/09-11-430408314109108.xls
2024,历史类,8366,山西工商学院,8366-01,01,首选历史，再选不限,484,48269,https://www.jseea.cn/webfile/upload/2024/07-18/09-11-430408314109108.xls
2024,历史类,8379,运城职业技术大学,8379-01,01,首选历史，再选不限,478,50966,https://www.jseea.cn/webfile/upload/2024/07-18/09-11-430408314109108.xls
2024,历史类,8401,辽宁对外经贸学院,8401-01,01,首选历史，再选不限,478,50966,https://www.jseea.cn/webfile/upload/2024/07-18/09-11-430408314109108.xls
2024,历史类,8402,大连理工大学城市学院,8402-01,01,首选历史，再选不限,478,50966,https://www.jseea.cn/webfile/upload/2024/07-18/09-11-430408314109108.xls
2024,历史类,8406,大连科技学院,8406-01,01,首选历史，再选不限,478,50966,https://www.jseea.cn/webfile/upload/2024/07-18/09-11-430408314109108.xls
2024,历史类,8407,沈阳城市建设学院,8407-01,01,首选历史，再选不限,478,50966,https://www.jseea.cn/webfile/upload/2024/07-18/09-11-430408314109108.xls
2024,历史类,8408,大连医科大学中山学院,8408-01,01,首选历史，再选不限,478,50966,https://www.jseea.cn/webfile/upload/2024/07-18/09-11-430408314109108.xls
2024,历史类,8411,大连财经学院,8411-01,01,首选历史，再选不限,479,50547,https://www.jseea.cn/webfile/upload/2024/07-18/09-11-430408314109108.xls
2024,历史类,8412,沈阳城市学院,8412-01,01,首选历史，再选不限,478,50966,https://www.jseea.cn/webfile/upload/2024/07-18/09-11-430408314109108.xls
2024,历史类,8417,辽宁师范大学海华学院,8417-01,01,首选历史，再选不限,482,49204,https://www.jseea.cn/webfile/upload/2024/07-18/09-11-430408314109108.xls
2024,历史类,8440,吉林外国语大学,8440-01,01,首选历史，再选不限,478,50966,https://www.jseea.cn/webfile/upload/2024/07-18/09-11-430408314109108.xls
2024,历史类,8440,吉林外国语大学,8440-02,02,首选历史，再选不限,478,50966,https://www.jseea.cn/webfile/upload/2024/07-18/09-11-430408314109108.xls
2024,历史类,8441,长春光华学院,8441-01,01,首选历史，再选不限,478,50966,https://www.jseea.cn/webfile/upload/2024/07-18/09-11-430408314109108.xls
2024,历史类,8441,长春光华学院,8441-02,02,首选历史，再选不限,478,50966,https://www.jseea.cn/webfile/upload/2024/07-18/09-11-430408314109108.xls
2024,历史类,8442,长春工业大学人文信息学院,8442-01,01,首选历史，再选不限,478,50966,https://www.jseea.cn/webfile/upload/2024/07-18/09-11-430408314109108.xls
2024,历史类,8443,长春电子科技学院,8443-01,01,首选历史，再选不限,478,50966,https://www.jseea.cn/webfile/upload/2024/07-18/09-11-430408314109108.xls
2024,历史类,8444,长春财经学院,8444-01,01,首选历史，再选不限,478,50966,https://www.jseea.cn/webfile/upload/2024/07-18/09-11-430408314109108.xls
2024,历史类,8445,吉林建筑科技学院,8445-01,01,首选历史，再选不限,478,50966,https://www.jseea.cn/webfile/upload/2024/07-18/09-11-430408314109108.xls
2024,历史类,8447,长春科技学院,8447-01,01,首选历史，再选不限,478,50966,https://www.jseea.cn/webfile/upload/2024/07-18/09-11-430408314109108.xls
2024,历史类,8449,吉林师范大学博达学院,8449-01,01,首选历史，再选不限,478,50966,https://www.jseea.cn/webfile/upload/2024/07-18/09-11-430408314109108.xls
2024,历史类,8449,吉林师范大学博达学院,8449-02,02,首选历史，再选不限,478,50966,https://www.jseea.cn/webfile/upload/2024/07-18/09-11-430408314109108.xls
2024,历史类,8450,长春大学旅游学院,8450-01,01,首选历史，再选不限,478,50966,https://www.jseea.cn/webfile/upload/2024/07-18/09-11-430408314109108.xls
2024,历史类,8451,长春人文学院,8451-01,01,首选历史，再选不限,478,50966,https://www.jseea.cn/webfile/upload/2024/07-18/09-11-430408314109108.xls
2024,历史类,8451,长春人文学院,8451-02,02,首选历史，再选不限,478,50966,https://www.jseea.cn/webfile/upload/2024/07-18/09-11-430408314109108.xls
2024,历史类,8470,黑龙江东方学院,8470-01,01,首选历史，再选不限,478,50966,https://www.jseea.cn/webfile/upload/2024/07-18/09-11-430408314109108.xls
2024,历史类,8472,黑龙江财经学院,8472-01,01,首选历史，再选不限,478,50966,https://www.jseea.cn/webfile/upload/2024/07-18/09-11-430408314109108.xls
2024,历史类,8473,哈尔滨石油学院,8473-01,01,首选历史，再选不限,478,50966,https://www.jseea.cn/webfile/upload/2024/07-18/09-11-430408314109108.xls
2024,历史类,8474,哈尔滨广厦学院,8474-01,01,首选历史，再选不限,478,50966,https://www.jseea.cn/webfile/upload/2024/07-18/09-11-430408314109108.xls
2024,历史类,8475,哈尔滨华德学院,8475-01,01,首选历史，再选不限,478,50966,https://www.jseea.cn/webfile/upload/2024/07-18/09-11-430408314109108.xls
2024,历史类,8501,黄河科技学院,8501-01,01,首选历史，再选不限,482,49204,https://www.jseea.cn/webfile/upload/2024/07-18/09-11-430408314109108.xls
2024,历史类,8502,郑州科技学院,8502-01,01,首选历史，再选不限,484,48269,https://www.jseea.cn/webfile/upload/2024/07-18/09-11-430408314109108.xls
2024,历史类,8504,郑州财经学院,8504-01,01,首选历史，再选不限,503,39375,https://www.jseea.cn/webfile/upload/2024/07-18/09-11-430408314109108.xls
2024,历史类,8508,郑州工商学院,8508-01,01,首选历史，再选不限,484,48269,https://www.jseea.cn/webfile/upload/2024/07-18/09-11-430408314109108.xls
2024,历史类,8509,郑州经贸学院,8509-01,01,首选历史，再选不限,480,50085,https://www.jseea.cn/webfile/upload/2024/07-18/09-11-430408314109108.xls
2024,历史类,8510,郑州商学院,8510-01,01,首选历史，再选不限,488,46414,https://www.jseea.cn/webfile/upload/2024/07-18/09-11-430408314109108.xls
2024,历史类,8518,郑州西亚斯学院,8518-01,01,首选历史，再选不限,478,50966,https://www.jseea.cn/webfile/upload/2024/07-18/09-11-430408314109108.xls
2024,历史类,8550,武汉东湖学院,8550-01,01,首选历史，再选不限,479,50547,https://www.jseea.cn/webfile/upload/2024/07-18/09-11-430408314109108.xls
2024,历史类,8551,汉口学院,8551-01,01,首选历史，再选不限,478,50966,https://www.jseea.cn/webfile/upload/2024/07-18/09-11-430408314109108.xls
2024,历史类,8552,武昌首义学院,8552-01,01,首选历史，再选不限,481,49648,https://www.jseea.cn/webfile/upload/2024/07-18/09-11-430408314109108.xls
2024,历史类,8553,武昌理工学院,8553-01,01,首选历史，再选不限,482,49204,https://www.jseea.cn/webfile/upload/2024/07-18/09-11-430408314109108.xls
2024,历史类,8554,武汉生物工程学院,8554-01,01,首选历史，再选不限,482,49204,https://www.jseea.cn/webfile/upload/2024/07-18/09-11-430408314109108.xls
2024,历史类,8555,武汉晴川学院,8555-01,01,首选历史，再选不限,478,50966,https://www.jseea.cn/webfile/upload/2024/07-18/09-11-430408314109108.xls
2024,历史类,8556,湖北大学知行学院,8556-01,01,首选历史，再选不限,488,46414,https://www.jseea.cn/webfile/upload/2024/07-18/09-11-430408314109108.xls
2024,历史类,8556,湖北大学知行学院,8556-02,02,首选历史，再选不限,478,50966,https://www.jseea.cn/webfile/upload/2024/07-18/09-11-430408314109108.xls
2024,历史类,8557,武汉城市学院,8557-01,01,首选历史，再选不限,479,50547,https://www.jseea.cn/webfile/upload/2024/07-18/09-11-430408314109108.xls
2024,历史类,8558,三峡大学科技学院,8558-01,01,首选历史，再选不限,484,48269,https://www.jseea.cn/webfile/upload/2024/07-18/09-11-430408314109108.xls
2024,历史类,8559,湖北工业大学工程技术学院,8559-01,01,首选历史，再选不限,478,50966,https://www.jseea.cn/webfile/upload/2024/07-18/09-11-430408314109108.xls
2024,历史类,8560,武汉工程大学邮电与信息工程学院,8560-01,01,首选历史，再选不限,478,50966,https://www.jseea.cn/webfile/upload/2024/07-18/09-11-430408314109108.xls
2024,历史类,8561,武汉纺织大学外经贸学院,8561-01,01,首选历史，再选不限,478,50966,https://www.jseea.cn/webfile/upload/2024/07-18/09-11-430408314109108.xls
2024,历史类,8562,武昌工学院,8562-01,01,首选历史，再选不限,478,50966,https://www.jseea.cn/webfile/upload/2024/07-18/09-11-430408314109108.xls
2024,历史类,8563,武汉工商学院,8563-01,01,首选历史，再选不限,479,50547,https://www.jseea.cn/webfile/upload/2024/07-18/09-11-430408314109108.xls
2024,历史类,8565,长江大学文理学院,8565-01,01,首选历史，再选不限,490,45451,https://www.jseea.cn/webfile/upload/2024/07-18/09-11-430408314109108.xls
2024,历史类,8570,湖北经济学院法商学院,8570-01,01,首选历史，再选不限,480,50085,https://www.jseea.cn/webfile/upload/2024/07-18/09-11-430408314109108.xls
2024,历史类,8571,武汉体育学院体育科技学院,8571-01,01,首选历史，再选不限,478,50966,https://www.jseea.cn/webfile/upload/2024/07-18/09-11-430408314109108.xls
2024,历史类,8572,湖北文理学院理工学院,8572-01,01,首选历史，再选不限,478,50966,https://www.jseea.cn/webfile/upload/2024/07-18/09-11-430408314109108.xls
2024,历史类,8573,文华学院,8573-01,01,首选历史，再选不限,478,50966,https://www.jseea.cn/webfile/upload/2024/07-18/09-11-430408314109108.xls
2024,历史类,8574,武汉工程科技学院,8574-01,01,首选历史，再选不限,479,50547,https://www.jseea.cn/webfile/upload/2024/07-18/09-11-430408314109108.xls
2024,历史类,8575,武汉华夏理工学院,8575-01,01,首选历史，再选不限,478,50966,https://www.jseea.cn/webfile/upload/2024/07-18/09-11-430408314109108.xls
2024,历史类,8576,武汉传媒学院,8576-01,01,首选历史，再选不限,482,49204,https://www.jseea.cn/webfile/upload/2024/07-18/09-11-430408314109108.xls
2024,历史类,8577,武汉设计工程学院,8577-01,01,首选历史，再选不限,478,50966,https://www.jseea.cn/webfile/upload/2024/07-18/09-11-430408314109108.xls
2024,历史类,8601,长沙医学院,8601-01,01,首选历史，再选不限,478,50966,https://www.jseea.cn/webfile/upload/2024/07-18/09-11-430408314109108.xls
2024,历史类,8602,湖南涉外经济学院,8602-01,01,首选历史，再选不限,478,50966,https://www.jseea.cn/webfile/upload/2024/07-18/09-11-430408314109108.xls
2024,历史类,8604,湖南工业大学科技学院,8604-01,01,首选历史，再选不限,483,48736,https://www.jseea.cn/webfile/upload/2024/07-18/09-11-430408314109108.xls
2024,历史类,8605,湖南科技大学潇湘学院,8605-01,01,首选历史，再选不限,494,43538,https://www.jseea.cn/webfile/upload/2024/07-18/09-11-430408314109108.xls
2024,历史类,8606,南华大学船山学院,8606-01,01,首选历史，再选不限,480,50085,https://www.jseea.cn/webfile/upload/2024/07-18/09-11-430408314109108.xls
2024,历史类,8607,湘潭理工学院,8607-01,01,首选历史，再选不限,478,50966,https://www.jseea.cn/webfile/upload/2024/07-18/09-11-430408314109108.xls
2024,历史类,8609,湖南文理学院芙蓉学院,8609-01,01,首选历史，再选不限,494,43538,https://www.jseea.cn/webfile/upload/2024/07-18/09-11-430408314109108.xls
2024,历史类,8610,湖南理工学院南湖学院,8610-01,01,首选历史，再选不限,482,49204,https://www.jseea.cn/webfile/upload/2024/07-18/09-11-430408314109108.xls
2024,历史类,8613,张家界学院,8613-01,01,首选历史，再选不限,478,50966,https://www.jseea.cn/webfile/upload/2024/07-18/09-11-430408314109108.xls
2024,历史类,8614,长沙理工大学城南学院,8614-01,01,首选历史，再选不限,491,44945,https://www.jseea.cn/webfile/upload/2024/07-18/09-11-430408314109108.xls
2024,历史类,8620,中南林业科技大学涉外学院,8620-01,01,首选历史，再选不限,485,47825,https://www.jseea.cn/webfile/upload/2024/07-18/09-11-430408314109108.xls
2024,历史类,8640,广东白云学院,8640-01,01,首选历史，再选不限,478,50966,https://www.jseea.cn/webfile/upload/2024/07-18/09-11-430408314109108.xls
2024,历史类,8641,电子科技大学中山学院,8641-01,01,首选历史，再选不限,478,50966,https://www.jseea.cn/webfile/upload/2024/07-18/09-11-430408314109108.xls
2024,历史类,8643,广州城市理工学院,8643-01,01,首选历史，再选不限,478,50966,https://www.jseea.cn/webfile/upload/2024/07-18/09-11-430408314109108.xls
2024,历史类,8645,广州南方学院,8645-01,01,首选历史，再选不限,478,50966,https://www.jseea.cn/webfile/upload/2024/07-18/09-11-430408314109108.xls
2024,历史类,8646,广东外语外贸大学南国商学院,8646-01,01,首选历史，再选不限,478,50966,https://www.jseea.cn/webfile/upload/2024/07-18/09-11-430408314109108.xls
2024,历史类,8650,珠海科技学院,8650-01,01,首选历史，再选不限,490,45451,https://www.jseea.cn/webfile/upload/2024/07-18/09-11-430408314109108.xls
2024,历史类,8651,广州工商学院,8651-01,01,首选历史，再选不限,478,50966,https://www.jseea.cn/webfile/upload/2024/07-18/09-11-430408314109108.xls
2024,历史类,8652,东莞城市学院,8652-01,01,首选历史，再选不限,478,50966,https://www.jseea.cn/webfile/upload/2024/07-18/09-11-430408314109108.xls
2024,历史类,8659,华南农业大学珠江学院,8659-01,01,首选历史，再选不限,478,50966,https://www.jseea.cn/webfile/upload/2024/07-18/09-11-430408314109108.xls
2024,历史类,8661,广州华立学院,8661-01,01,首选历史，再选不限,478,50966,https://www.jseea.cn/webfile/upload/2024/07-18/09-11-430408314109108.xls
2024,历史类,8665,广州新华学院,8665-01,01,首选历史，再选不限,478,50966,https://www.jseea.cn/webfile/upload/2024/07-18/09-11-430408314109108.xls
2024,历史类,8668,广东理工学院,8668-01,01,首选历史，再选不限,478,50966,https://www.jseea.cn/webfile/upload/2024/07-18/09-11-430408314109108.xls
2024,历史类,8710,南宁学院,8710-01,01,首选历史，再选不限,478,50966,https://www.jseea.cn/webfile/upload/2024/07-18/09-11-430408314109108.xls
2024,历史类,8714,桂林学院,8714-01,01,首选历史，再选不限,478,50966,https://www.jseea.cn/webfile/upload/2024/07-18/09-11-430408314109108.xls
2024,历史类,8716,桂林信息科技学院,8716-01,01,首选历史，再选不限,478,50966,https://www.jseea.cn/webfile/upload/2024/07-18/09-11-430408314109108.xls
2024,历史类,8718,广西外国语学院,8718-01,01,首选历史，再选不限,478,50966,https://www.jseea.cn/webfile/upload/2024/07-18/09-11-430408314109108.xls
2024,历史类,8740,海口经济学院,8740-01,01,首选历史，再选不限,478,50966,https://www.jseea.cn/webfile/upload/2024/07-18/09-11-430408314109108.xls
2024,历史类,8741,三亚学院,8741-01,01,首选历史，再选不限,478,50966,https://www.jseea.cn/webfile/upload/2024/07-18/09-11-430408314109108.xls
2024,历史类,8741,三亚学院,8741-02,02,首选历史，再选不限,478,50966,https://www.jseea.cn/webfile/upload/2024/07-18/09-11-430408314109108.xls
2024,历史类,8757,海南科技职业大学,8757-01,01,首选历史，再选不限,478,50966,https://www.jseea.cn/webfile/upload/2024/07-18/09-11-430408314109108.xls
2024,历史类,8760,成都东软学院,8760-01,01,首选历史，再选不限,479,50547,https://www.jseea.cn/webfile/upload/2024/07-18/09-11-430408314109108.xls
2024,历史类,8761,电子科技大学成都学院,8761-01,01,首选历史，再选不限,483,48736,https://www.jseea.cn/webfile/upload/2024/07-18/09-11-430408314109108.xls
2024,历史类,8762,成都理工大学工程技术学院,8762-01,01,首选历史，再选不限,481,49648,https://www.jseea.cn/webfile/upload/2024/07-18/09-11-430408314109108.xls
2024,历史类,8763,四川传媒学院,8763-01,01,首选历史，再选不限,478,50966,https://www.jseea.cn/webfile/upload/2024/07-18/09-11-430408314109108.xls
2024,历史类,8764,成都银杏酒店管理学院,8764-01,01,首选历史，再选不限,478,50966,https://www.jseea.cn/webfile/upload/2024/07-18/09-11-430408314109108.xls
2024,历史类,8765,成都文理学院,8765-01,01,首选历史，再选不限,482,49204,https://www.jseea.cn/webfile/upload/2024/07-18/09-11-430408314109108.xls
2024,历史类,8766,四川工商学院,8766-01,01,首选历史，再选不限,478,50966,https://www.jseea.cn/webfile/upload/2024/07-18/09-11-430408314109108.xls
2024,历史类,8767,成都外国语学院,8767-01,01,首选历史，再选不限,478,50966,https://www.jseea.cn/webfile/upload/2024/07-18/09-11-430408314109108.xls
2024,历史类,8769,成都锦城学院,8769-01,01,首选历史，再选不限,495,43078,https://www.jseea.cn/webfile/upload/2024/07-18/09-11-430408314109108.xls
2024,历史类,8770,西南财经大学天府学院,8770-01,01,首选历史，再选不限,484,48269,https://www.jseea.cn/webfile/upload/2024/07-18/09-11-430408314109108.xls
2024,历史类,8770,西南财经大学天府学院,8770-02,02,首选历史，再选不限,488,46414,https://www.jseea.cn/webfile/upload/2024/07-18/09-11-430408314109108.xls
2024,历史类,8771,四川大学锦江学院,8771-01,01,首选历史，再选不限,490,45451,https://www.jseea.cn/webfile/upload/2024/07-18/09-11-430408314109108.xls
2024,历史类,8772,四川文化艺术学院,8772-01,01,首选历史，再选不限,478,50966,https://www.jseea.cn/webfile/upload/2024/07-18/09-11-430408314109108.xls
2024,历史类,8774,西南交通大学希望学院,8774-01,01,首选历史，再选不限,483,48736,https://www.jseea.cn/webfile/upload/2024/07-18/09-11-430408314109108.xls
2024,历史类,8775,四川电影电视学院,8775-01,01,首选历史，再选不限,478,50966,https://www.jseea.cn/webfile/upload/2024/07-18/09-11-430408314109108.xls
2024,历史类,8781,吉利学院,8781-01,01,首选历史，再选不限,478,50966,https://www.jseea.cn/webfile/upload/2024/07-18/09-11-430408314109108.xls
2024,历史类,8801,重庆城市科技学院,8801-01,01,首选历史，再选不限,478,50966,https://www.jseea.cn/webfile/upload/2024/07-18/09-11-430408314109108.xls
2024,历史类,8801,重庆城市科技学院,8801-02,02,首选历史，再选思想政治,487,46894,https://www.jseea.cn/webfile/upload/2024/07-18/09-11-430408314109108.xls
2024,历史类,8802,重庆外语外事学院,8802-01,01,首选历史，再选不限,488,46414,https://www.jseea.cn/webfile/upload/2024/07-18/09-11-430408314109108.xls
2024,历史类,8803,重庆对外经贸学院,8803-01,01,首选历史，再选不限,480,50085,https://www.jseea.cn/webfile/upload/2024/07-18/09-11-430408314109108.xls
2024,历史类,8804,重庆财经学院,8804-01,01,首选历史，再选不限,490,45451,https://www.jseea.cn/webfile/upload/2024/07-18/09-11-430408314109108.xls
2024,历史类,8805,重庆工商大学派斯学院,8805-01,01,首选历史，再选不限,484,48269,https://www.jseea.cn/webfile/upload/2024/07-18/09-11-430408314109108.xls
2024,历史类,8806,重庆移通学院,8806-01,01,首选历史，再选不限,480,50085,https://www.jseea.cn/webfile/upload/2024/07-18/09-11-430408314109108.xls
2024,历史类,8806,重庆移通学院,8806-02,02,首选历史，再选不限,478,50966,https://www.jseea.cn/webfile/upload/2024/07-18/09-11-430408314109108.xls
2024,历史类,8808,重庆人文科技学院,8808-01,01,首选历史，再选不限,479,50547,https://www.jseea.cn/webfile/upload/2024/07-18/09-11-430408314109108.xls
2024,历史类,8841,贵阳人文科技学院,8841-01,01,首选历史，再选不限,478,50966,https://www.jseea.cn/webfile/upload/2024/07-18/09-11-430408314109108.xls
2024,历史类,8849,贵阳信息科技学院,8849-01,01,首选历史，再选不限,478,50966,https://www.jseea.cn/webfile/upload/2024/07-18/09-11-430408314109108.xls
2024,历史类,8870,滇池学院,8870-01,01,首选历史，再选不限,478,50966,https://www.jseea.cn/webfile/upload/2024/07-18/09-11-430408314109108.xls
2024,历史类,8871,丽江文化旅游学院,8871-01,01,首选历史，再选不限,478,50966,https://www.jseea.cn/webfile/upload/2024/07-18/09-11-430408314109108.xls
2024,历史类,8872,昆明城市学院,8872-01,01,首选历史，再选不限,478,50966,https://www.jseea.cn/webfile/upload/2024/07-18/09-11-430408314109108.xls
2024,历史类,8872,昆明城市学院,8872-02,02,首选历史，再选思想政治,478,50966,https://www.jseea.cn/webfile/upload/2024/07-18/09-11-430408314109108.xls
2024,历史类,8873,昆明医科大学海源学院,8873-01,01,首选历史，再选不限,478,50966,https://www.jseea.cn/webfile/upload/2024/07-18/09-11-430408314109108.xls
2024,历史类,8874,昆明传媒学院,8874-01,01,首选历史，再选不限,478,50966,https://www.jseea.cn/webfile/upload/2024/07-18/09-11-430408314109108.xls
2024,历史类,8875,昆明文理学院,8875-01,01,首选历史，再选不限,478,50966,https://www.jseea.cn/webfile/upload/2024/07-18/09-11-430408314109108.xls
2024,历史类,8876,昆明理工大学津桥学院,8876-01,01,首选历史，再选不限,478,50966,https://www.jseea.cn/webfile/upload/2024/07-18/09-11-430408314109108.xls
2024,历史类,8878,云南经济管理学院,8878-01,01,首选历史，再选不限,478,50966,https://www.jseea.cn/webfile/upload/2024/07-18/09-11-430408314109108.xls
2024,历史类,8901,西安培华学院,8901-01,01,首选历史，再选不限,479,50547,https://www.jseea.cn/webfile/upload/2024/07-18/09-11-430408314109108.xls
2024,历史类,8901,西安培华学院,8901-02,02,首选历史，再选不限,478,50966,https://www.jseea.cn/webfile/upload/2024/07-18/09-11-430408314109108.xls
2024,历史类,8902,西安欧亚学院,8902-01,01,首选历史，再选不限,478,50966,https://www.jseea.cn/webfile/upload/2024/07-18/09-11-430408314109108.xls
2024,历史类,8903,西安外事学院,8903-01,01,首选历史，再选不限,478,50966,https://www.jseea.cn/webfile/upload/2024/07-18/09-11-430408314109108.xls
2024,历史类,8904,西安翻译学院,8904-01,01,首选历史，再选不限,478,50966,https://www.jseea.cn/webfile/upload/2024/07-18/09-11-430408314109108.xls
2024,历史类,8905,西京学院,8905-01,01,首选历史，再选不限,496,42608,https://www.jseea.cn/webfile/upload/2024/07-18/09-11-430408314109108.xls
2024,历史类,8906,西安思源学院,8906-01,01,首选历史，再选不限,478,50966,https://www.jseea.cn/webfile/upload/2024/07-18/09-11-430408314109108.xls
2024,历史类,8907,陕西国际商贸学院,8907-01,01,首选历史，再选不限,478,50966,https://www.jseea.cn/webfile/upload/2024/07-18/09-11-430408314109108.xls
2024,历史类,8910,西安交通大学城市学院,8910-01,01,首选历史，再选不限,482,49204,https://www.jseea.cn/webfile/upload/2024/07-18/09-11-430408314109108.xls
2024,历史类,8912,西安建筑科技大学华清学院,8912-01,01,首选历史，再选不限,480,50085,https://www.jseea.cn/webfile/upload/2024/07-18/09-11-430408314109108.xls
2024,历史类,8913,西安财经大学行知学院,8913-01,01,首选历史，再选不限,478,50966,https://www.jseea.cn/webfile/upload/2024/07-18/09-11-430408314109108.xls
2024,历史类,8914,西安工商学院,8914-01,01,首选历史，再选不限,478,50966,https://www.jseea.cn/webfile/upload/2024/07-18/09-11-430408314109108.xls
2024,历史类,8916,西安明德理工学院,8916-01,01,首选历史，再选不限,482,49204,https://www.jseea.cn/webfile/upload/2024/07-18/09-11-430408314109108.xls
2024,历史类,8918,西安科技大学高新学院,8918-01,01,首选历史，再选不限,478,50966,https://www.jseea.cn/webfile/upload/2024/07-18/09-11-430408314109108.xls
2024,历史类,8940,兰州工商学院,8940-01,01,首选历史，再选不限,478,50966,https://www.jseea.cn/webfile/upload/2024/07-18/09-11-430408314109108.xls
2024,历史类,8970,宁夏理工学院,8970-01,01,首选历史，再选不限,478,50966,https://www.jseea.cn/webfile/upload/2024/07-18/09-11-430408314109108.xls
2024,历史类,8971,宁夏大学新华学院,8971-01,01,首选历史，再选不限,479,50547,https://www.jseea.cn/webfile/upload/2024/07-18/09-11-430408314109108.xls
2024,历史类,8972,银川能源学院,8972-01,01,首选历史，再选不限,478,50966,https://www.jseea.cn/webfile/upload/2024/07-18/09-11-430408314109108.xls
2024,历史类,9112,香港珠海学院,9112-01,01,首选历史，再选不限,517,32754,https://www.jseea.cn/webfile/upload/2024/07-18/09-11-430408314109108.xls
