year,subject_category,school_code,school_name,special_group,sg_name,sg_info,min_score,min_rank,source_url
2024,综合,132,复旦大学,149761,01,不限,580,2684,https://www.shmeea.edu.cn/download/20240719/198.pdf
2024,综合,132,复旦大学,149178,02,不限,580,2684,https://www.shmeea.edu.cn/download/20240719/198.pdf
2024,综合,132,复旦大学,148780,03,物理、化学(2科必选),580,2684,https://www.shmeea.edu.cn/download/20240719/198.pdf
2024,综合,132,复旦大学,148585,04,物理、化学(2科必选),580,2684,https://www.shmeea.edu.cn/download/20240719/198.pdf
2024,综合,125,上海交通大学,149760,01,物理、化学(2科必选),580,2684,https://www.shmeea.edu.cn/download/20240719/198.pdf
2024,综合,73,同济大学,149759,01,物理、化学(2科必选),580,2684,https://www.shmeea.edu.cn/download/20240719/198.pdf
2024,综合,73,同济大学,149177,02,不限,576,3250,https://www.shmeea.edu.cn/download/20240719/198.pdf
2024,综合,131,华东师范大学,149758,01,不限,571,3998,https://www.shmeea.edu.cn/download/20240719/198.pdf
2024,综合,131,华东师范大学,149176,02,不限,569,4317,https://www.shmeea.edu.cn/download/20240719/198.pdf
2024,综合,131,华东师范大学,148779,03,物理、化学(2科必选),575,3392,https://www.shmeea.edu.cn/download/20240719/198.pdf
2024,综合,131,华东师范大学,148584,04,物理、化学(2科必选),567,4662,https://www.shmeea.edu.cn/download/20240719/198.pdf
2024,综合,133,华东理工大学,149757,01,物理、化学(2科必选),552,7412,https://www.shmeea.edu.cn/download/20240719/198.pdf
2024,综合,133,华东理工大学,149175,02,物理、化学(2科必选),559,6102,https://www.shmeea.edu.cn/download/20240719/198.pdf
2024,综合,133,华东理工大学,148778,03,不限,542,9417,https://www.shmeea.edu.cn/download/20240719/198.pdf
2024,综合,135,东华大学,149756,01,物理、化学(2科必选),543,9186,https://www.shmeea.edu.cn/download/20240719/198.pdf
2024,综合,135,东华大学,149174,02,不限,539,10069,https://www.shmeea.edu.cn/download/20240719/198.pdf
2024,综合,135,东华大学,148777,03,物理、化学(2科必选),545,8758,https://www.shmeea.edu.cn/download/20240719/198.pdf
2024,综合,130,上海财经大学,149755,01,不限,564,5180,https://www.shmeea.edu.cn/download/20240719/198.pdf
2024,综合,130,上海财经大学,149173,02,不限,561,5731,https://www.shmeea.edu.cn/download/20240719/198.pdf
2024,综合,130,上海财经大学,148776,03,物理必选,567,4662,https://www.shmeea.edu.cn/download/20240719/198.pdf
2024,综合,130,上海财经大学,148583,04,物理、化学(2科必选),569,4317,https://www.shmeea.edu.cn/download/20240719/198.pdf
2024,综合,136,上海外国语大学,149754,01,不限,554,7021,https://www.shmeea.edu.cn/download/20240719/198.pdf
2024,综合,136,上海外国语大学,149172,02,思想政治必选,557,6458,https://www.shmeea.edu.cn/download/20240719/198.pdf
2024,综合,136,上海外国语大学,148775,03,物理必选,559,6102,https://www.shmeea.edu.cn/download/20240719/198.pdf
2024,综合,136,上海外国语大学,148582,04,物理、化学(2科必选),565,5019,https://www.shmeea.edu.cn/download/20240719/198.pdf
2024,综合,313,上海海事大学,149753,01,不限,532,11678,https://www.shmeea.edu.cn/download/20240719/198.pdf
2024,综合,313,上海海事大学,149171,02,不限,493,21226,https://www.shmeea.edu.cn/download/20240719/198.pdf
2024,综合,313,上海海事大学,148774,03,物理、化学(2科必选),510,17049,https://www.shmeea.edu.cn/download/20240719/198.pdf
2024,综合,313,上海海事大学,148581,04,物理、化学(2科必选),506,18067,https://www.shmeea.edu.cn/download/20240719/198.pdf
2024,综合,313,上海海事大学,148504,05,物理、化学(2科必选),493,21226,https://www.shmeea.edu.cn/download/20240719/198.pdf
2024,综合,307,上海理工大学,149752,01,物理、化学(2科必选),540,9848,https://www.shmeea.edu.cn/download/20240719/198.pdf
2024,综合,307,上海理工大学,149170,02,不限,521,14281,https://www.shmeea.edu.cn/download/20240719/198.pdf
2024,综合,307,上海理工大学,148773,03,物理、化学(2科必选),525,13276,https://www.shmeea.edu.cn/download/20240719/198.pdf
2024,综合,307,上海理工大学,148580,04,物理必选,524,13538,https://www.shmeea.edu.cn/download/20240719/198.pdf
2024,综合,307,上海理工大学,148503,05,不限,502,19008,https://www.shmeea.edu.cn/download/20240719/198.pdf
2024,综合,329,上海杉达学院,149751,01,不限,430,36436,https://www.shmeea.edu.cn/download/20240719/198.pdf
2024,综合,329,上海杉达学院,149169,02,物理、化学(2科必选),423,37882,https://www.shmeea.edu.cn/download/20240719/198.pdf
2024,综合,329,上海杉达学院,148772,03,化学必选,432,36033,https://www.shmeea.edu.cn/download/20240719/198.pdf
2024,综合,329,上海杉达学院,148579,04,物理必选,429,36629,https://www.shmeea.edu.cn/download/20240719/198.pdf
2024,综合,329,上海杉达学院,148502,05,不限,421,38266,https://www.shmeea.edu.cn/download/20240719/198.pdf
2024,综合,323,华东政法大学,149750,01,不限,561,5731,https://www.shmeea.edu.cn/download/20240719/198.pdf
2024,综合,323,华东政法大学,149168,02,不限,544,8973,https://www.shmeea.edu.cn/download/20240719/198.pdf
2024,综合,323,华东政法大学,148771,03,不限,524,13538,https://www.shmeea.edu.cn/download/20240719/198.pdf
2024,综合,323,华东政法大学,148578,04,物理、化学(2科必选),537,10538,https://www.shmeea.edu.cn/download/20240719/198.pdf
2024,综合,318,上海对外经贸大学,149749,01,不限,534,11234,https://www.shmeea.edu.cn/download/20240719/198.pdf
2024,综合,318,上海对外经贸大学,149167,02,不限,512,16483,https://www.shmeea.edu.cn/download/20240719/198.pdf
2024,综合,318,上海对外经贸大学,148770,03,不限,512,16483,https://www.shmeea.edu.cn/download/20240719/198.pdf
2024,综合,318,上海对外经贸大学,148577,04,物理必选,519,14753,https://www.shmeea.edu.cn/download/20240719/198.pdf
2024,综合,318,上海对外经贸大学,148501,05,物理、化学(2科必选),519,14753,https://www.shmeea.edu.cn/download/20240719/198.pdf
2024,综合,3427,复旦大学上海医学院,149748,01,物理、化学(2科必选),580,2684,https://www.shmeea.edu.cn/download/20240719/198.pdf
2024,综合,115,上海海大,149545,01,物理、化学(2科必选),492,21473,https://www.shmeea.edu.cn/download/20240719/198.pdf
2024,综合,115,上海海大,149019,02,历史必选,494,20956,https://www.shmeea.edu.cn/download/20240719/198.pdf
2024,综合,115,上海海大,148694,03,不限,504,18539,https://www.shmeea.edu.cn/download/20240719/198.pdf
2024,综合,115,上海海大,11504,04,,486,23040,https://www.shmeea.edu.cn/download/20240719/198.pdf
2024,综合,115,上海海大,11505,05,,488,22514,https://www.shmeea.edu.cn/download/20240719/198.pdf
2024,综合,115,上海海大,11506,06,,481,24337,https://www.shmeea.edu.cn/download/20240719/198.pdf
2024,综合,327,上海戏剧学院,149746,01,不限,526,13085,https://www.shmeea.edu.cn/download/20240719/198.pdf
2024,综合,317,上海电力大学,149745,01,物理、化学(2科必选),527,12860,https://www.shmeea.edu.cn/download/20240719/198.pdf
2024,综合,317,上海电力大学,149165,02,物理、化学(2科必选),494,20956,https://www.shmeea.edu.cn/download/20240719/198.pdf
2024,综合,317,上海电力大学,148768,03,物理、化学(2科必选),484,23553,https://www.shmeea.edu.cn/download/20240719/198.pdf
2024,综合,317,上海电力大学,148575,04,物理必选,489,22270,https://www.shmeea.edu.cn/download/20240719/198.pdf
2024,综合,317,上海电力大学,148499,05,不限,472,26492,https://www.shmeea.edu.cn/download/20240719/198.pdf
2024,综合,326,上海音乐学院,149744,01,历史必选,497,20203,https://www.shmeea.edu.cn/download/20240719/198.pdf
2024,综合,326,上海音乐学院,149164,02,不限,499,19729,https://www.shmeea.edu.cn/download/20240719/198.pdf
2024,综合,76,上海大学,149743,01,物理、化学(2科必选),555,6832,https://www.shmeea.edu.cn/download/20240719/198.pdf
2024,综合,76,上海大学,149163,02,物理、化学(2科必选),538,10306,https://www.shmeea.edu.cn/download/20240719/198.pdf
2024,综合,76,上海大学,148767,03,物理必选,537,10538,https://www.shmeea.edu.cn/download/20240719/198.pdf
2024,综合,76,上海大学,148574,04,不限,540,9848,https://www.shmeea.edu.cn/download/20240719/198.pdf
2024,综合,120,交大医学,149420,01,物理、化学(2科必选),580,2684,https://www.shmeea.edu.cn/download/20240719/198.pdf
2024,综合,310,上海中医药大学,149741,01,物理、化学(2科必选),557,6458,https://www.shmeea.edu.cn/download/20240719/198.pdf
2024,综合,310,上海中医药大学,149162,02,物理、化学(2科必选),554,7021,https://www.shmeea.edu.cn/download/20240719/198.pdf
2024,综合,310,上海中医药大学,148766,03,物理、化学(2科必选),526,13085,https://www.shmeea.edu.cn/download/20240719/198.pdf
2024,综合,310,上海中医药大学,148573,04,物理、化学(2科必选),518,15023,https://www.shmeea.edu.cn/download/20240719/198.pdf
2024,综合,310,上海中医药大学,148498,05,不限,517,15249,https://www.shmeea.edu.cn/download/20240719/198.pdf
2024,综合,310,上海中医药大学,148466,06,化学必选,504,18539,https://www.shmeea.edu.cn/download/20240719/198.pdf
2024,综合,122,上应大,149592,01,物理、化学(2科必选),468,27525,https://www.shmeea.edu.cn/download/20240719/198.pdf
2024,综合,122,上应大,149055,02,历史必选,450,31904,https://www.shmeea.edu.cn/download/20240719/198.pdf
2024,综合,122,上应大,148713,03,不限,505,18290,https://www.shmeea.edu.cn/download/20240719/198.pdf
2024,综合,122,上应大,12204,04,,453,31179,https://www.shmeea.edu.cn/download/20240719/198.pdf
2024,综合,122,上应大,12205,05,,442,33781,https://www.shmeea.edu.cn/download/20240719/198.pdf
2024,综合,122,上应大,12206,06,,453,31179,https://www.shmeea.edu.cn/download/20240719/198.pdf
2024,综合,122,上应大,12207,07,,465,28294,https://www.shmeea.edu.cn/download/20240719/198.pdf
2024,综合,122,上应大,12208,08,,466,28028,https://www.shmeea.edu.cn/download/20240719/198.pdf
2024,综合,122,上应大,12209,09,,458,29994,https://www.shmeea.edu.cn/download/20240719/198.pdf
2024,综合,122,上应大,12210,10,,464,28519,https://www.shmeea.edu.cn/download/20240719/198.pdf
2024,综合,311,上海师范大学,149739,01,不限,505,18290,https://www.shmeea.edu.cn/download/20240719/198.pdf
2024,综合,311,上海师范大学,149160,02,地理必选,522,14026,https://www.shmeea.edu.cn/download/20240719/198.pdf
2024,综合,311,上海师范大学,148764,03,物理必选,503,18767,https://www.shmeea.edu.cn/download/20240719/198.pdf
2024,综合,311,上海师范大学,148571,04,物理、化学(2科必选),494,20956,https://www.shmeea.edu.cn/download/20240719/198.pdf
2024,综合,124,上工程,149575,01,物理、化学(2科必选),484,23553,https://www.shmeea.edu.cn/download/20240719/198.pdf
2024,综合,124,上工程,149043,02,物理、化学(2科必选),476,25541,https://www.shmeea.edu.cn/download/20240719/198.pdf
2024,综合,124,上工程,12403,03,,461,29262,https://www.shmeea.edu.cn/download/20240719/198.pdf
2024,综合,124,上工程,12404,04,,475,25819,https://www.shmeea.edu.cn/download/20240719/198.pdf
2024,综合,124,上工程,12405,05,,465,28294,https://www.shmeea.edu.cn/download/20240719/198.pdf
2024,综合,125,上海体大,149760,01,物理、化学(2科必选),511,16761,https://www.shmeea.edu.cn/download/20240719/198.pdf
2024,综合,125,上海体大,12502,02,,491,21744,https://www.shmeea.edu.cn/download/20240719/198.pdf
2024,综合,125,上海体大,12503,03,,492,21473,https://www.shmeea.edu.cn/download/20240719/198.pdf
2024,综合,125,上海体大,12504,04,,485,23293,https://www.shmeea.edu.cn/download/20240719/198.pdf
2024,综合,125,上海体大,12505,05,,487,22781,https://www.shmeea.edu.cn/download/20240719/198.pdf
2024,综合,125,上海体大,12506,06,,486,23040,https://www.shmeea.edu.cn/download/20240719/198.pdf
2024,综合,126,海医大,149422,01,物理、化学(2科必选),562,5544,https://www.shmeea.edu.cn/download/20240719/198.pdf
2024,综合,126,海医大,148932,02,不限,548,8178,https://www.shmeea.edu.cn/download/20240719/198.pdf
2024,综合,126,海医大,12603,03,,531,11919,https://www.shmeea.edu.cn/download/20240719/198.pdf
2024,综合,127,立信金融,149366,01,物理、化学(2科必选),470,26996,https://www.shmeea.edu.cn/download/20240719/198.pdf
2024,综合,127,立信金融,148899,02,物理、化学(2科必选),477,25299,https://www.shmeea.edu.cn/download/20240719/198.pdf
2024,综合,127,立信金融,12703,03,,454,30934,https://www.shmeea.edu.cn/download/20240719/198.pdf
2024,综合,127,立信金融,12704,04,,448,32390,https://www.shmeea.edu.cn/download/20240719/198.pdf
2024,综合,128,二工大,149364,01,物理、化学(2科必选),471,26748,https://www.shmeea.edu.cn/download/20240719/198.pdf
2024,综合,128,二工大,148897,02,不限,451,31665,https://www.shmeea.edu.cn/download/20240719/198.pdf
2024,综合,128,二工大,12803,03,,442,33781,https://www.shmeea.edu.cn/download/20240719/198.pdf
2024,综合,128,二工大,12804,04,,447,32641,https://www.shmeea.edu.cn/download/20240719/198.pdf
2024,综合,128,二工大,12805,05,,454,30934,https://www.shmeea.edu.cn/download/20240719/198.pdf
2024,综合,129,上海商院,149590,01,物理、化学(2科必选),463,28756,https://www.shmeea.edu.cn/download/20240719/198.pdf
2024,综合,129,上海商院,149053,02,不限,452,31399,https://www.shmeea.edu.cn/download/20240719/198.pdf
2024,综合,129,上海商院,12903,03,,445,33071,https://www.shmeea.edu.cn/download/20240719/198.pdf
2024,综合,129,上海商院,12904,04,,442,33781,https://www.shmeea.edu.cn/download/20240719/198.pdf
2024,综合,1092,上海电机学院,149732,01,物理、化学(2科必选),458,29994,https://www.shmeea.edu.cn/download/20240719/198.pdf
2024,综合,1092,上海电机学院,149153,02,物理、化学(2科必选),441,33999,https://www.shmeea.edu.cn/download/20240719/198.pdf
2024,综合,1092,上海电机学院,148757,03,不限,445,33071,https://www.shmeea.edu.cn/download/20240719/198.pdf
2024,综合,1011,上海政法学院,149731,01,不限,533,11462,https://www.shmeea.edu.cn/download/20240719/198.pdf
2024,综合,1011,上海政法学院,149152,02,不限,514,15979,https://www.shmeea.edu.cn/download/20240719/198.pdf
2024,综合,1011,上海政法学院,148756,03,不限,494,20956,https://www.shmeea.edu.cn/download/20240719/198.pdf
2024,综合,1011,上海政法学院,148565,04,不限,491,21744,https://www.shmeea.edu.cn/download/20240719/198.pdf
2024,综合,1011,上海政法学院,148493,05,思想政治必选,504,18539,https://www.shmeea.edu.cn/download/20240719/198.pdf
2024,综合,1011,上海政法学院,148463,06,不限,510,17049,https://www.shmeea.edu.cn/download/20240719/198.pdf
2024,综合,1304,上海外国语大学贤达经济人文学院,149730,01,不限,403,41594,https://www.shmeea.edu.cn/download/20240719/198.pdf
2024,综合,1304,上海外国语大学贤达经济人文学院,149151,02,不限,414,39641,https://www.shmeea.edu.cn/download/20240719/198.pdf
2024,综合,1304,上海外国语大学贤达经济人文学院,148755,03,不限,403,41594,https://www.shmeea.edu.cn/download/20240719/198.pdf
2024,综合,1304,上海外国语大学贤达经济人文学院,148564,04,物理必选,403,41594,https://www.shmeea.edu.cn/download/20240719/198.pdf
2024,综合,134,建桥学院,149620,01,物理、化学(2科必选),436,35127,https://www.shmeea.edu.cn/download/20240719/198.pdf
2024,综合,134,建桥学院,13402,02,,415,39454,https://www.shmeea.edu.cn/download/20240719/198.pdf
2024,综合,134,建桥学院,13403,03,,422,38053,https://www.shmeea.edu.cn/download/20240719/198.pdf
2024,综合,134,建桥学院,13404,04,,427,37063,https://www.shmeea.edu.cn/download/20240719/198.pdf
2024,综合,134,建桥学院,13405,05,,414,39641,https://www.shmeea.edu.cn/download/20240719/198.pdf
2024,综合,134,建桥学院,13406,06,,424,37692,https://www.shmeea.edu.cn/download/20240719/198.pdf
2024,综合,135,健康医学,149756,01,物理、化学(2科必选),512,16483,https://www.shmeea.edu.cn/download/20240719/198.pdf
2024,综合,135,健康医学,149174,02,不限,494,20956,https://www.shmeea.edu.cn/download/20240719/198.pdf
2024,综合,135,健康医学,148777,03,物理、化学(2科必选),474,26034,https://www.shmeea.edu.cn/download/20240719/198.pdf
2024,综合,135,健康医学,13504,04,,470,26996,https://www.shmeea.edu.cn/download/20240719/198.pdf
2024,综合,135,健康医学,13505,05,,467,27778,https://www.shmeea.edu.cn/download/20240719/198.pdf
2024,综合,135,健康医学,13506,06,,466,28028,https://www.shmeea.edu.cn/download/20240719/198.pdf
2024,综合,135,健康医学,13507,07,,461,29262,https://www.shmeea.edu.cn/download/20240719/198.pdf
2024,综合,135,健康医学,13508,08,,469,27273,https://www.shmeea.edu.cn/download/20240719/198.pdf
2024,综合,136,海关学院,149754,01,不限,510,17049,https://www.shmeea.edu.cn/download/20240719/198.pdf
2024,综合,136,海关学院,149172,02,思想政治必选,512,16483,https://www.shmeea.edu.cn/download/20240719/198.pdf
2024,综合,162,中侨大学,16201,01,,403,41594,https://www.shmeea.edu.cn/download/20240719/198.pdf
2024,综合,162,中侨大学,149020,02,物理、化学(2科必选),403,41594,https://www.shmeea.edu.cn/download/20240719/198.pdf
2024,综合,165,立达学院,149451,01,物理、化学(2科必选),403,41594,https://www.shmeea.edu.cn/download/20240719/198.pdf
2024,综合,165,立达学院,148953,02,物理、化学(2科必选),409,40573,https://www.shmeea.edu.cn/download/20240719/198.pdf
2024,综合,165,立达学院,148664,03,物理必选,403,41594,https://www.shmeea.edu.cn/download/20240719/198.pdf
2024,综合,1469,上海视觉艺术学院,149724,01,不限,441,33999,https://www.shmeea.edu.cn/download/20240719/198.pdf
2024,综合,172,上师天华,149449,01,物理、化学(2科必选),440,34239,https://www.shmeea.edu.cn/download/20240719/198.pdf
2024,综合,172,上师天华,148951,02,生物必选,432,36033,https://www.shmeea.edu.cn/download/20240719/198.pdf
2024,综合,45,中央民族大学,149721,01,历史必选,557,6458,https://www.shmeea.edu.cn/download/20240719/198.pdf
2024,综合,45,中央民族大学,149144,02,不限,545,8758,https://www.shmeea.edu.cn/download/20240719/198.pdf
2024,综合,45,中央民族大学,148751,03,物理、化学(2科必选),535,10985,https://www.shmeea.edu.cn/download/20240719/198.pdf
2024,综合,202,中国人大,20201,01,,580,2684,https://www.shmeea.edu.cn/download/20240719/198.pdf
2024,综合,202,中国人大,20202,02,,580,2684,https://www.shmeea.edu.cn/download/20240719/198.pdf
2024,综合,38,北京交通大学,20301,01,,571,3998,https://www.shmeea.edu.cn/download/20240719/198.pdf
2024,综合,38,北京交通大学,149142,02,物理、化学(2科必选),568,4499,https://www.shmeea.edu.cn/download/20240719/198.pdf
2024,综合,38,北京交通大学,148750,03,物理必选,564,5180,https://www.shmeea.edu.cn/download/20240719/198.pdf
2024,综合,38,北京交通大学,148561,04,不限,551,7592,https://www.shmeea.edu.cn/download/20240719/198.pdf
2024,综合,38,北京交通大学,148490,05,物理、化学(2科必选),558,6285,https://www.shmeea.edu.cn/download/20240719/198.pdf
2024,综合,38,北京交通大学,148460,06,物理、化学(2科必选),554,7021,https://www.shmeea.edu.cn/download/20240719/198.pdf
2024,综合,144,北京科技大学,149718,01,物理、化学(2科必选),562,5544,https://www.shmeea.edu.cn/download/20240719/198.pdf
2024,综合,144,北京科技大学,149141,02,物理必选,558,6285,https://www.shmeea.edu.cn/download/20240719/198.pdf
2024,综合,144,北京科技大学,148749,03,不限,550,7798,https://www.shmeea.edu.cn/download/20240719/198.pdf
2024,综合,556,北京化工大学,149717,01,物理、化学(2科必选),539,10069,https://www.shmeea.edu.cn/download/20240719/198.pdf
2024,综合,556,北京化工大学,149140,02,物理、化学(2科必选),543,9186,https://www.shmeea.edu.cn/download/20240719/198.pdf
2024,综合,48,北京邮电大学,20601,01,,571,3998,https://www.shmeea.edu.cn/download/20240719/198.pdf
2024,综合,48,北京邮电大学,20602,02,,577,3098,https://www.shmeea.edu.cn/download/20240719/198.pdf
2024,综合,557,中国农业大学,149715,01,物理、化学(2科必选),558,6285,https://www.shmeea.edu.cn/download/20240719/198.pdf
2024,综合,43,北京林业大学,149714,01,物理、化学(2科必选),531,11919,https://www.shmeea.edu.cn/download/20240719/198.pdf
2024,综合,43,北京林业大学,149138,02,生物必选,535,10985,https://www.shmeea.edu.cn/download/20240719/198.pdf
2024,综合,43,北京林业大学,148748,03,不限,524,13538,https://www.shmeea.edu.cn/download/20240719/198.pdf
2024,综合,43,北京林业大学,148560,04,物理、化学(2科必选),530,12143,https://www.shmeea.edu.cn/download/20240719/198.pdf
2024,综合,49,北京中医药大学,149713,01,物理、化学(2科必选),562,5544,https://www.shmeea.edu.cn/download/20240719/198.pdf
2024,综合,210,北师大,149607,01,物理、化学(2科必选),568,4499,https://www.shmeea.edu.cn/download/20240719/198.pdf
2024,综合,211,北外大,21101,01,,553,7218,https://www.shmeea.edu.cn/download/20240719/198.pdf
2024,综合,558,中国传媒大学,149710,01,物理、化学(2科必选),555,6832,https://www.shmeea.edu.cn/download/20240719/198.pdf
2024,综合,558,中国传媒大学,149137,02,不限,554,7021,https://www.shmeea.edu.cn/download/20240719/198.pdf
2024,综合,558,中国传媒大学,148747,03,不限,560,5899,https://www.shmeea.edu.cn/download/20240719/198.pdf
2024,综合,558,中国传媒大学,148559,04,物理、化学(2科必选),529,12388,https://www.shmeea.edu.cn/download/20240719/198.pdf
2024,综合,558,中国传媒大学,148489,05,不限,544,8973,https://www.shmeea.edu.cn/download/20240719/198.pdf
2024,综合,566,中央财经大学,149709,01,物理必选,563,5356,https://www.shmeea.edu.cn/download/20240719/198.pdf
2024,综合,566,中央财经大学,149136,02,不限,560,5899,https://www.shmeea.edu.cn/download/20240719/198.pdf
2024,综合,214,外经贸大,21401,01,,565,5019,https://www.shmeea.edu.cn/download/20240719/198.pdf
2024,综合,214,外经贸大,21402,02,,556,6631,https://www.shmeea.edu.cn/download/20240719/198.pdf
2024,综合,214,外经贸大,21403,03,,558,6285,https://www.shmeea.edu.cn/download/20240719/198.pdf
2024,综合,569,中国政法大学,149707,01,不限,556,6631,https://www.shmeea.edu.cn/download/20240719/198.pdf
2024,综合,216,华电北京,21601,01,,555,6832,https://www.shmeea.edu.cn/download/20240719/198.pdf
2024,综合,216,华电北京,21602,02,,531,11919,https://www.shmeea.edu.cn/download/20240719/198.pdf
2024,综合,216,华电北京,21603,03,,532,11678,https://www.shmeea.edu.cn/download/20240719/198.pdf
2024,综合,217,石油北京,149615,01,物理、化学(2科必选),537,10538,https://www.shmeea.edu.cn/download/20240719/198.pdf
2024,综合,217,石油北京,149069,02,物理必选,529,12388,https://www.shmeea.edu.cn/download/20240719/198.pdf
2024,综合,218,地大北京,149599,01,物理、化学(2科必选),531,11919,https://www.shmeea.edu.cn/download/20240719/198.pdf
2024,综合,218,地大北京,149059,02,不限,524,13538,https://www.shmeea.edu.cn/download/20240719/198.pdf
2024,综合,219,北邮宏福,149604,01,物理、化学(2科必选),557,6458,https://www.shmeea.edu.cn/download/20240719/198.pdf
2024,综合,219,北邮宏福,149062,02,物理、化学(2科必选),569,4317,https://www.shmeea.edu.cn/download/20240719/198.pdf
2024,综合,866,北京体育大学,149702,01,不限,498,19960,https://www.shmeea.edu.cn/download/20240719/198.pdf
2024,综合,221,北京航大,22101,01,,580,2684,https://www.shmeea.edu.cn/download/20240719/198.pdf
2024,综合,221,北京航大,22102,02,,566,4841,https://www.shmeea.edu.cn/download/20240719/198.pdf
2024,综合,143,北京理工大学,149700,01,物理、化学(2科必选),580,2684,https://www.shmeea.edu.cn/download/20240719/198.pdf
2024,综合,223,中国劳关,149612,01,物理、化学(2科必选),440,34239,https://www.shmeea.edu.cn/download/20240719/198.pdf
2024,综合,568,中华女子学院,149698,01,不限,434,35570,https://www.shmeea.edu.cn/download/20240719/198.pdf
2024,综合,570,北京工商大学,149697,01,物理必选,494,20956,https://www.shmeea.edu.cn/download/20240719/198.pdf
2024,综合,570,北京工商大学,149129,02,不限,509,17313,https://www.shmeea.edu.cn/download/20240719/198.pdf
2024,综合,573,北京协和医学院,149696,01,物理、化学(2科必选),522,14026,https://www.shmeea.edu.cn/download/20240719/198.pdf
2024,综合,228,北京二外,149608,01,物理、化学(2科必选),487,22781,https://www.shmeea.edu.cn/download/20240719/198.pdf
2024,综合,586,北京物资学院,149694,01,物理必选,458,29994,https://www.shmeea.edu.cn/download/20240719/198.pdf
2024,综合,586,北京物资学院,149128,02,不限,462,29014,https://www.shmeea.edu.cn/download/20240719/198.pdf
2024,综合,230,首都经贸,149606,01,物理、化学(2科必选),518,15023,https://www.shmeea.edu.cn/download/20240719/198.pdf
2024,综合,231,北京联大,149270,01,物理、化学(2科必选),449,32134,https://www.shmeea.edu.cn/download/20240719/198.pdf
2024,综合,231,北京联大,148836,02,不限,449,32134,https://www.shmeea.edu.cn/download/20240719/198.pdf
2024,综合,231,北京联大,23103,03,,461,29262,https://www.shmeea.edu.cn/download/20240719/198.pdf
2024,综合,231,北京联大,23104,04,,450,31904,https://www.shmeea.edu.cn/download/20240719/198.pdf
2024,综合,232,中国公安,149263,01,物理、化学(2科必选),537,10538,https://www.shmeea.edu.cn/download/20240719/198.pdf
2024,综合,574,中国戏曲学院,149690,01,不限,510,17049,https://www.shmeea.edu.cn/download/20240719/198.pdf
2024,综合,234,京工耿丹,23401,01,,411,40210,https://www.shmeea.edu.cn/download/20240719/198.pdf
2024,综合,234,京工耿丹,23402,02,,406,41077,https://www.shmeea.edu.cn/download/20240719/198.pdf
2024,综合,235,二外中瑞,23501,01,,411,40210,https://www.shmeea.edu.cn/download/20240719/198.pdf
2024,综合,559,北京城市学院,149125,02,不限,403,41594,https://www.shmeea.edu.cn/download/20240719/198.pdf
2024,综合,559,北京城市学院,148743,03,不限,403,41594,https://www.shmeea.edu.cn/download/20240719/198.pdf
2024,综合,590,北京印刷学院,149686,01,不限,465,28294,https://www.shmeea.edu.cn/download/20240719/198.pdf
2024,综合,571,中国音乐学院,149685,01,不限,495,20693,https://www.shmeea.edu.cn/download/20240719/198.pdf
2024,综合,239,首都体院,149186,01,物理、化学(2科必选),473,26270,https://www.shmeea.edu.cn/download/20240719/198.pdf
2024,综合,239,首都体院,148784,02,不限,485,23293,https://www.shmeea.edu.cn/download/20240719/198.pdf
2024,综合,592,北京语言大学,149683,01,物理、化学(2科必选),527,12860,https://www.shmeea.edu.cn/download/20240719/198.pdf
2024,综合,592,北京语言大学,149123,02,物理必选,516,15485,https://www.shmeea.edu.cn/download/20240719/198.pdf
2024,综合,592,北京语言大学,148742,03,思想政治必选,519,14753,https://www.shmeea.edu.cn/download/20240719/198.pdf
2024,综合,592,北京语言大学,148557,04,不限,512,16483,https://www.shmeea.edu.cn/download/20240719/198.pdf
2024,综合,241,中央美院,149505,01,物理、化学(2科必选),525,13276,https://www.shmeea.edu.cn/download/20240719/198.pdf
2024,综合,241,中央美院,148990,02,不限,532,11678,https://www.shmeea.edu.cn/download/20240719/198.pdf
2024,综合,241,中央美院,148685,03,不限,520,14532,https://www.shmeea.edu.cn/download/20240719/198.pdf
2024,综合,242,首师科德,149510,01,物理、化学(2科必选),415,39454,https://www.shmeea.edu.cn/download/20240719/198.pdf
2024,综合,562,中央戏剧学院,149679,01,不限,515,15734,https://www.shmeea.edu.cn/download/20240719/198.pdf
2024,综合,563,北京电影学院,149678,01,历史必选,524,13538,https://www.shmeea.edu.cn/download/20240719/198.pdf
2024,综合,563,北京电影学院,149120,02,不限,531,11919,https://www.shmeea.edu.cn/download/20240719/198.pdf
2024,综合,563,北京电影学院,148740,03,不限,538,10306,https://www.shmeea.edu.cn/download/20240719/198.pdf
2024,综合,563,北京电影学院,148556,04,不限,543,9186,https://www.shmeea.edu.cn/download/20240719/198.pdf
2024,综合,563,北京电影学院,148488,05,不限,530,12143,https://www.shmeea.edu.cn/download/20240719/198.pdf
2024,综合,247,矿大北京,149500,01,物理、化学(2科必选),540,9848,https://www.shmeea.edu.cn/download/20240719/198.pdf
2024,综合,247,矿大北京,24702,02,,525,13276,https://www.shmeea.edu.cn/download/20240719/198.pdf
2024,综合,59,南开大学,149676,01,物理、化学(2科必选),580,2684,https://www.shmeea.edu.cn/download/20240719/198.pdf
2024,综合,59,南开大学,149118,02,不限,571,3998,https://www.shmeea.edu.cn/download/20240719/198.pdf
2024,综合,60,天津大学,149675,01,物理、化学(2科必选),572,3846,https://www.shmeea.edu.cn/download/20240719/198.pdf
2024,综合,60,天津大学,149117,02,不限,565,5019,https://www.shmeea.edu.cn/download/20240719/198.pdf
2024,综合,88,中国民航大学,149674,01,物理、化学(2科必选),464,28519,https://www.shmeea.edu.cn/download/20240719/198.pdf
2024,综合,88,中国民航大学,149116,02,物理必选,467,27778,https://www.shmeea.edu.cn/download/20240719/198.pdf
2024,综合,88,中国民航大学,148739,03,思想政治必选,481,24337,https://www.shmeea.edu.cn/download/20240719/198.pdf
2024,综合,88,中国民航大学,148555,04,不限,471,26748,https://www.shmeea.edu.cn/download/20240719/198.pdf
2024,综合,82,天津科技大学,149673,01,物理、化学(2科必选),463,28756,https://www.shmeea.edu.cn/download/20240719/198.pdf
2024,综合,82,天津科技大学,149115,02,物理、化学(2科必选),458,29994,https://www.shmeea.edu.cn/download/20240719/198.pdf
2024,综合,82,天津科技大学,148738,03,物理必选,472,26492,https://www.shmeea.edu.cn/download/20240719/198.pdf
2024,综合,82,天津科技大学,148554,04,不限,450,31904,https://www.shmeea.edu.cn/download/20240719/198.pdf
2024,综合,80,天津工业大学,149672,01,物理、化学(2科必选),520,14532,https://www.shmeea.edu.cn/download/20240719/198.pdf
2024,综合,80,天津工业大学,149114,02,不限,486,23040,https://www.shmeea.edu.cn/download/20240719/198.pdf
2024,综合,89,天津中医药大学,149671,01,物理、化学(2科必选),492,21473,https://www.shmeea.edu.cn/download/20240719/198.pdf
2024,综合,89,天津中医药大学,149113,02,物理、化学(2科必选),521,14281,https://www.shmeea.edu.cn/download/20240719/198.pdf
2024,综合,89,天津中医药大学,148737,03,物理、化学(2科必选),500,19486,https://www.shmeea.edu.cn/download/20240719/198.pdf
2024,综合,89,天津中医药大学,148553,04,不限,473,26270,https://www.shmeea.edu.cn/download/20240719/198.pdf
2024,综合,89,天津中医药大学,148487,05,物理、化学(2科必选),517,15249,https://www.shmeea.edu.cn/download/20240719/198.pdf
2024,综合,257,天津职师,149502,01,物理、化学(2科必选),429,36629,https://www.shmeea.edu.cn/download/20240719/198.pdf
2024,综合,257,天津职师,148987,02,不限,435,35341,https://www.shmeea.edu.cn/download/20240719/198.pdf
2024,综合,257,天津职师,25703,03,,440,34239,https://www.shmeea.edu.cn/download/20240719/198.pdf
2024,综合,258,天津商大,25801,01,,447,32641,https://www.shmeea.edu.cn/download/20240719/198.pdf
2024,综合,258,天津商大,25802,02,,453,31179,https://www.shmeea.edu.cn/download/20240719/198.pdf
2024,综合,84,天津财经大学,149668,01,物理必选,491,21744,https://www.shmeea.edu.cn/download/20240719/198.pdf
2024,综合,84,天津财经大学,149110,02,不限,491,21744,https://www.shmeea.edu.cn/download/20240719/198.pdf
2024,综合,91,天津城建大学,149667,01,物理、化学(2科必选),433,35806,https://www.shmeea.edu.cn/download/20240719/198.pdf
2024,综合,91,天津城建大学,149109,02,不限,436,35127,https://www.shmeea.edu.cn/download/20240719/198.pdf
2024,综合,261,津商宝德,26101,01,,403,41594,https://www.shmeea.edu.cn/download/20240719/198.pdf
2024,综合,262,津医临床,149627,01,物理、化学(2科必选),461,29262,https://www.shmeea.edu.cn/download/20240719/198.pdf
2024,综合,262,津医临床,149077,02,不限,416,39269,https://www.shmeea.edu.cn/download/20240719/198.pdf
2024,综合,262,津医临床,26203,03,,404,41433,https://www.shmeea.edu.cn/download/20240719/198.pdf
2024,综合,262,津医临床,26204,04,,409,40573,https://www.shmeea.edu.cn/download/20240719/198.pdf
2024,综合,263,津理中环,149262,01,物理、化学(2科必选),412,39998,https://www.shmeea.edu.cn/download/20240719/198.pdf
2024,综合,263,津理中环,148829,02,物理必选,403,41594,https://www.shmeea.edu.cn/download/20240719/198.pdf
2024,综合,264,京科天津,149252,01,物理、化学(2科必选),406,41077,https://www.shmeea.edu.cn/download/20240719/198.pdf
2024,综合,264,京科天津,26402,02,,415,39454,https://www.shmeea.edu.cn/download/20240719/198.pdf
2024,综合,264,京科天津,26403,03,,403,41594,https://www.shmeea.edu.cn/download/20240719/198.pdf
2024,综合,265,津财珠江,149253,01,历史、思想政治(2科必选),403,41594,https://www.shmeea.edu.cn/download/20240719/198.pdf
2024,综合,41,河北工业大学,149661,01,物理、化学(2科必选),535,10985,https://www.shmeea.edu.cn/download/20240719/198.pdf
2024,综合,41,河北工业大学,149104,02,物理、化学(2科必选),525,13276,https://www.shmeea.edu.cn/download/20240719/198.pdf
2024,综合,81,天津理工大学,149660,01,物理、化学(2科必选),487,22781,https://www.shmeea.edu.cn/download/20240719/198.pdf
2024,综合,81,天津理工大学,149103,02,物理必选,470,26996,https://www.shmeea.edu.cn/download/20240719/198.pdf
2024,综合,87,天津外国语大学,149659,01,不限,467,27778,https://www.shmeea.edu.cn/download/20240719/198.pdf
2024,综合,269,天津美院,149635,01,物理、化学(2科必选),460,29525,https://www.shmeea.edu.cn/download/20240719/198.pdf
2024,综合,281,华电保定,149633,01,物、化、生(3科必选),550,7798,https://www.shmeea.edu.cn/download/20240719/198.pdf
2024,综合,281,华电保定,149082,02,不限,536,10760,https://www.shmeea.edu.cn/download/20240719/198.pdf
2024,综合,282,东大秦岛,28201,01,,550,7798,https://www.shmeea.edu.cn/download/20240719/198.pdf
2024,综合,282,东大秦岛,28202,02,,544,8973,https://www.shmeea.edu.cn/download/20240719/198.pdf
2024,综合,282,东大秦岛,28203,03,,527,12860,https://www.shmeea.edu.cn/download/20240719/198.pdf
2024,综合,282,东大秦岛,28204,04,,551,7592,https://www.shmeea.edu.cn/download/20240719/198.pdf
2024,综合,602,河北工程大学,149655,01,物理、化学(2科必选),429,36629,https://www.shmeea.edu.cn/download/20240719/198.pdf
2024,综合,602,河北工程大学,149100,02,不限,436,35127,https://www.shmeea.edu.cn/download/20240719/198.pdf
2024,综合,606,河北地质大学,149654,01,不限,428,36833,https://www.shmeea.edu.cn/download/20240719/198.pdf
2024,综合,606,河北地质大学,149099,02,物理、化学(2科必选),425,37468,https://www.shmeea.edu.cn/download/20240719/198.pdf
2024,综合,597,华北理工大学,149653,01,物理、化学(2科必选),425,37468,https://www.shmeea.edu.cn/download/20240719/198.pdf
2024,综合,597,华北理工大学,149098,02,物理、化学(2科必选),479,24795,https://www.shmeea.edu.cn/download/20240719/198.pdf
2024,综合,597,华北理工大学,148732,03,物、化、生(3科必选),488,22514,https://www.shmeea.edu.cn/download/20240719/198.pdf
2024,综合,596,河北医科大学,149652,01,物理、化学(2科必选),449,32134,https://www.shmeea.edu.cn/download/20240719/198.pdf
2024,综合,596,河北医科大学,149097,02,物、化、生(3科必选),491,21744,https://www.shmeea.edu.cn/download/20240719/198.pdf
2024,综合,287,承德医学,149310,01,物理、化学(2科必选),418,38869,https://www.shmeea.edu.cn/download/20240719/198.pdf
2024,综合,287,承德医学,28702,02,,459,29755,https://www.shmeea.edu.cn/download/20240719/198.pdf
2024,综合,627,衡水学院,149650,01,物理、化学(2科必选),420,38443,https://www.shmeea.edu.cn/download/20240719/198.pdf
2024,综合,627,衡水学院,149095,02,不限,416,39269,https://www.shmeea.edu.cn/download/20240719/198.pdf
2024,综合,599,燕山大学,149649,01,物理、化学(2科必选),518,15023,https://www.shmeea.edu.cn/download/20240719/198.pdf
2024,综合,599,燕山大学,149094,02,不限,481,24337,https://www.shmeea.edu.cn/download/20240719/198.pdf
2024,综合,290,北华航工,29001,01,,431,36222,https://www.shmeea.edu.cn/download/20240719/198.pdf
2024,综合,290,北华航工,29002,02,,428,36833,https://www.shmeea.edu.cn/download/20240719/198.pdf
2024,综合,293,石铁四方,149300,01,物理、化学(2科必选),409,40573,https://www.shmeea.edu.cn/download/20240719/198.pdf
2024,综合,293,石铁四方,29302,02,,405,41271,https://www.shmeea.edu.cn/download/20240719/198.pdf
2024,综合,293,石铁四方,29303,03,,405,41271,https://www.shmeea.edu.cn/download/20240719/198.pdf
2024,综合,295,京中东方,149305,01,物理、化学(2科必选),403,41594,https://www.shmeea.edu.cn/download/20240719/198.pdf
2024,综合,295,京中东方,29502,02,,433,35806,https://www.shmeea.edu.cn/download/20240719/198.pdf
2024,综合,295,京中东方,29503,03,,425,37468,https://www.shmeea.edu.cn/download/20240719/198.pdf
2024,综合,295,京中东方,29504,04,,405,41271,https://www.shmeea.edu.cn/download/20240719/198.pdf
2024,综合,297,河北环境,29701,01,,418,38869,https://www.shmeea.edu.cn/download/20240719/198.pdf
2024,综合,297,河北环境,29702,02,,415,39454,https://www.shmeea.edu.cn/download/20240719/198.pdf
2024,综合,297,河北环境,29703,03,,416,39269,https://www.shmeea.edu.cn/download/20240719/198.pdf
2024,综合,298,河北建工,149301,01,物理、化学(2科必选),419,38662,https://www.shmeea.edu.cn/download/20240719/198.pdf
2024,综合,298,河北建工,148856,02,不限,411,40210,https://www.shmeea.edu.cn/download/20240719/198.pdf
2024,综合,298,河北建工,29803,03,,420,38443,https://www.shmeea.edu.cn/download/20240719/198.pdf
2024,综合,299,中国警察,149304,01,物理、化学(2科必选),423,37882,https://www.shmeea.edu.cn/download/20240719/198.pdf
2024,综合,299,中国警察,148858,02,物理必选,463,28756,https://www.shmeea.edu.cn/download/20240719/198.pdf
2024,综合,299,中国警察,148620,03,历史必选,476,25541,https://www.shmeea.edu.cn/download/20240719/198.pdf
2024,综合,301,石铁大,30101,01,,436,35127,https://www.shmeea.edu.cn/download/20240719/198.pdf
2024,综合,301,石铁大,30102,02,,458,29994,https://www.shmeea.edu.cn/download/20240719/198.pdf
2024,综合,301,石铁大,30103,03,,489,22270,https://www.shmeea.edu.cn/download/20240719/198.pdf
2024,综合,302,冀油职大,30201,01,,418,38869,https://www.shmeea.edu.cn/download/20240719/198.pdf
2024,综合,302,冀油职大,30202,02,,414,39641,https://www.shmeea.edu.cn/download/20240719/198.pdf
2024,综合,278,太原科技大学,149638,01,物理、化学(2科必选),438,34709,https://www.shmeea.edu.cn/download/20240719/198.pdf
2024,综合,277,中北大学,149637,01,物理、化学(2科必选),458,29994,https://www.shmeea.edu.cn/download/20240719/198.pdf
2024,综合,277,中北大学,149085,02,不限,431,36222,https://www.shmeea.edu.cn/download/20240719/198.pdf
2024,综合,139,太原理工大学,149636,01,不限,520,14532,https://www.shmeea.edu.cn/download/20240719/198.pdf
2024,综合,139,太原理工大学,149084,02,物理、化学(2科必选),534,11234,https://www.shmeea.edu.cn/download/20240719/198.pdf
2024,综合,269,山西农业大学,149635,01,物理、化学(2科必选),431,36222,https://www.shmeea.edu.cn/download/20240719/198.pdf
2024,综合,269,山西农业大学,149083,02,物、化、生(3科必选),426,37259,https://www.shmeea.edu.cn/download/20240719/198.pdf
2024,综合,269,山西农业大学,148725,03,历史、思想政治(2科必选),427,37063,https://www.shmeea.edu.cn/download/20240719/198.pdf
2024,综合,269,山西农业大学,148549,04,不限,427,37063,https://www.shmeea.edu.cn/download/20240719/198.pdf
2024,综合,271,山西医科大学,149634,01,物、化、生(3科必选),517,15249,https://www.shmeea.edu.cn/download/20240719/198.pdf
2024,综合,316,大同大学,149470,01,物理、化学(2科必选),440,34239,https://www.shmeea.edu.cn/download/20240719/198.pdf
2024,综合,316,大同大学,148965,02,不限,420,38443,https://www.shmeea.edu.cn/download/20240719/198.pdf
2024,综合,280,忻州师范学院,149632,01,思想政治必选,443,33531,https://www.shmeea.edu.cn/download/20240719/198.pdf
2024,综合,280,忻州师范学院,149081,02,历史必选,442,33781,https://www.shmeea.edu.cn/download/20240719/198.pdf
2024,综合,280,忻州师范学院,148724,03,地理必选,438,34709,https://www.shmeea.edu.cn/download/20240719/198.pdf
2024,综合,280,忻州师范学院,148548,04,不限,413,39823,https://www.shmeea.edu.cn/download/20240719/198.pdf
2024,综合,275,山西财经大学,149631,01,物理、化学(2科必选),435,35341,https://www.shmeea.edu.cn/download/20240719/198.pdf
2024,综合,275,山西财经大学,149080,02,物理必选,432,36033,https://www.shmeea.edu.cn/download/20240719/198.pdf
2024,综合,275,山西财经大学,148723,03,不限,444,33286,https://www.shmeea.edu.cn/download/20240719/198.pdf
2024,综合,919,山西中医药大学,149630,01,物理、化学(2科必选),414,39641,https://www.shmeea.edu.cn/download/20240719/198.pdf
2024,综合,919,山西中医药大学,149079,02,物理、生物(2科必选),460,29525,https://www.shmeea.edu.cn/download/20240719/198.pdf
2024,综合,1638,吕梁学院,149629,01,物理、化学(2科必选),423,37882,https://www.shmeea.edu.cn/download/20240719/198.pdf
2024,综合,1638,吕梁学院,149078,02,历史必选,423,37882,https://www.shmeea.edu.cn/download/20240719/198.pdf
2024,综合,322,山西工院,149475,01,物理、化学(2科必选),413,39823,https://www.shmeea.edu.cn/download/20240719/198.pdf
2024,综合,262,山西大学,149627,01,物理、化学(2科必选),524,13538,https://www.shmeea.edu.cn/download/20240719/198.pdf
2024,综合,262,山西大学,149077,02,不限,501,19243,https://www.shmeea.edu.cn/download/20240719/198.pdf
2024,综合,324,运城职大,149737,01,不限,403,41594,https://www.shmeea.edu.cn/download/20240719/198.pdf
2024,综合,324,运城职大,149158,02,不限,404,41433,https://www.shmeea.edu.cn/download/20240719/198.pdf
2024,综合,325,山西工程,32501,01,,421,38266,https://www.shmeea.edu.cn/download/20240719/198.pdf
2024,综合,328,内蒙大学,149479,01,物、化、生(3科必选),492,21473,https://www.shmeea.edu.cn/download/20240719/198.pdf
2024,综合,328,内蒙大学,148970,02,不限,502,19008,https://www.shmeea.edu.cn/download/20240719/198.pdf
2024,综合,328,内蒙大学,32803,03,,510,17049,https://www.shmeea.edu.cn/download/20240719/198.pdf
2024,综合,208,大连民族大学,149623,01,不限,425,37468,https://www.shmeea.edu.cn/download/20240719/198.pdf
2024,综合,33,大连海事大学,149622,01,物理、化学(2科必选),536,10760,https://www.shmeea.edu.cn/download/20240719/198.pdf
2024,综合,33,大连海事大学,149074,02,不限,531,11919,https://www.shmeea.edu.cn/download/20240719/198.pdf
2024,综合,33,大连海事大学,148721,03,物理、化学(2科必选),524,13538,https://www.shmeea.edu.cn/download/20240719/198.pdf
2024,综合,33,大连海事大学,148547,04,不限,534,11234,https://www.shmeea.edu.cn/download/20240719/198.pdf
2024,综合,138,大连理工大学,149621,01,物理、化学(2科必选),573,3676,https://www.shmeea.edu.cn/download/20240719/198.pdf
2024,综合,138,大连理工大学,149073,02,物理、化学(2科必选),568,4499,https://www.shmeea.edu.cn/download/20240719/198.pdf
2024,综合,134,东北大学,149620,01,物理、化学(2科必选),565,5019,https://www.shmeea.edu.cn/download/20240719/198.pdf
2024,综合,335,理工盘锦,149477,01,不限,561,5731,https://www.shmeea.edu.cn/download/20240719/198.pdf
2024,综合,335,理工盘锦,33502,02,,562,5544,https://www.shmeea.edu.cn/download/20240719/198.pdf
2024,综合,50,辽宁大学,149618,01,不限,501,19243,https://www.shmeea.edu.cn/download/20240719/198.pdf
2024,综合,50,辽宁大学,149071,02,不限,501,19243,https://www.shmeea.edu.cn/download/20240719/198.pdf
2024,综合,227,沈阳工业大学,149617,01,物理、化学(2科必选),469,27273,https://www.shmeea.edu.cn/download/20240719/198.pdf
2024,综合,227,沈阳工业大学,149070,02,物理必选,438,34709,https://www.shmeea.edu.cn/download/20240719/198.pdf
2024,综合,227,沈阳工业大学,148720,03,不限,442,33781,https://www.shmeea.edu.cn/download/20240719/198.pdf
2024,综合,338,沈阳航空,33801,01,,487,22781,https://www.shmeea.edu.cn/download/20240719/198.pdf
2024,综合,217,沈阳理工大学,149615,01,物理、化学(2科必选),436,35127,https://www.shmeea.edu.cn/download/20240719/198.pdf
2024,综合,217,沈阳理工大学,149069,02,物理必选,439,34482,https://www.shmeea.edu.cn/download/20240719/198.pdf
2024,综合,217,沈阳理工大学,148719,03,不限,436,35127,https://www.shmeea.edu.cn/download/20240719/198.pdf
2024,综合,222,辽宁科技大学,149614,01,物理、化学(2科必选),428,36833,https://www.shmeea.edu.cn/download/20240719/198.pdf
2024,综合,341,辽宁工程,34101,01,,431,36222,https://www.shmeea.edu.cn/download/20240719/198.pdf
2024,综合,341,辽宁工程,34102,02,,427,37063,https://www.shmeea.edu.cn/download/20240719/198.pdf
2024,综合,1692,辽宁石化职业技术学院,34201,01,,423,37882,https://www.shmeea.edu.cn/download/20240719/198.pdf
2024,综合,215,沈阳化工大学,149611,01,物理、化学(2科必选),427,37063,https://www.shmeea.edu.cn/download/20240719/198.pdf
2024,综合,220,大连交通大学,149610,01,物理、化学(2科必选),445,33071,https://www.shmeea.edu.cn/download/20240719/198.pdf
2024,综合,220,大连交通大学,149067,02,不限,437,34923,https://www.shmeea.edu.cn/download/20240719/198.pdf
2024,综合,212,沈阳建筑大学,149609,01,物理、化学(2科必选),432,36033,https://www.shmeea.edu.cn/download/20240719/198.pdf
2024,综合,212,沈阳建筑大学,149066,02,物理必选,428,36833,https://www.shmeea.edu.cn/download/20240719/198.pdf
2024,综合,212,沈阳建筑大学,148718,03,物理必选,479,24795,https://www.shmeea.edu.cn/download/20240719/198.pdf
2024,综合,228,沈阳农业大学,149608,01,物理、化学(2科必选),426,37259,https://www.shmeea.edu.cn/download/20240719/198.pdf
2024,综合,210,大连海洋大学,149607,01,物理、化学(2科必选),436,35127,https://www.shmeea.edu.cn/download/20240719/198.pdf
2024,综合,210,大连海洋大学,149065,02,不限,441,33999,https://www.shmeea.edu.cn/download/20240719/198.pdf
2024,综合,210,大连海洋大学,148717,03,不限,439,34482,https://www.shmeea.edu.cn/download/20240719/198.pdf
2024,综合,230,中国医科大学,149606,01,物理、化学(2科必选),547,8372,https://www.shmeea.edu.cn/download/20240719/198.pdf
2024,综合,230,中国医科大学,149064,02,物理、化学(2科必选),495,20693,https://www.shmeea.edu.cn/download/20240719/198.pdf
2024,综合,207,锦州医科大学,149605,01,物理、化学(2科必选),485,23293,https://www.shmeea.edu.cn/download/20240719/198.pdf
2024,综合,207,锦州医科大学,149063,02,物理、生物(2科必选),433,35806,https://www.shmeea.edu.cn/download/20240719/198.pdf
2024,综合,219,大连医科大学,149604,01,物理、化学(2科必选),548,8178,https://www.shmeea.edu.cn/download/20240719/198.pdf
2024,综合,219,大连医科大学,149062,02,物理、化学(2科必选),541,9624,https://www.shmeea.edu.cn/download/20240719/198.pdf
2024,综合,219,大连医科大学,148716,03,物理、化学(2科必选),520,14532,https://www.shmeea.edu.cn/download/20240719/198.pdf
2024,综合,352,沈阳药大,149224,01,物理、化学(2科必选),519,14753,https://www.shmeea.edu.cn/download/20240719/198.pdf
2024,综合,225,辽宁师范大学,149602,01,物理、化学(2科必选),439,34482,https://www.shmeea.edu.cn/download/20240719/198.pdf
2024,综合,225,辽宁师范大学,149061,02,不限,407,40915,https://www.shmeea.edu.cn/download/20240719/198.pdf
2024,综合,225,辽宁师范大学,148715,03,不限,424,37692,https://www.shmeea.edu.cn/download/20240719/198.pdf
2024,综合,229,东北财经大学,149601,01,不限,518,15023,https://www.shmeea.edu.cn/download/20240719/198.pdf
2024,综合,229,东北财经大学,149060,02,不限,518,15023,https://www.shmeea.edu.cn/download/20240719/198.pdf
2024,综合,355,辽宁外贸,35501,01,,405,41271,https://www.shmeea.edu.cn/download/20240719/198.pdf
2024,综合,218,大连大学,149599,01,物理、化学(2科必选),434,35570,https://www.shmeea.edu.cn/download/20240719/198.pdf
2024,综合,218,大连大学,149059,02,不限,456,30473,https://www.shmeea.edu.cn/download/20240719/198.pdf
2024,综合,1041,沈阳工程学院,149598,01,物理、化学(2科必选),421,38266,https://www.shmeea.edu.cn/download/20240719/198.pdf
2024,综合,1041,沈阳工程学院,149058,02,物理、化学(2科必选),430,36436,https://www.shmeea.edu.cn/download/20240719/198.pdf
2024,综合,1041,沈阳工程学院,148714,03,物理、化学(2科必选),479,24795,https://www.shmeea.edu.cn/download/20240719/198.pdf
2024,综合,358,理大城市,35801,01,,417,39079,https://www.shmeea.edu.cn/download/20240719/198.pdf
2024,综合,1549,大连财经学院,149596,01,物理必选,405,41271,https://www.shmeea.edu.cn/download/20240719/198.pdf
2024,综合,1549,大连财经学院,149056,02,不限,405,41271,https://www.shmeea.edu.cn/download/20240719/198.pdf
2024,综合,2346,辽宁何氏医学院,149595,01,物理、化学(2科必选),404,41433,https://www.shmeea.edu.cn/download/20240719/198.pdf
2024,综合,361,大连东软,149226,01,物理、化学(2科必选),408,40752,https://www.shmeea.edu.cn/download/20240719/198.pdf
2024,综合,205,辽宁中医药大学,149593,01,物理、化学(2科必选),498,19960,https://www.shmeea.edu.cn/download/20240719/198.pdf
2024,综合,122,吉林大学,149592,01,物理、化学(2科必选),566,4841,https://www.shmeea.edu.cn/download/20240719/198.pdf
2024,综合,122,吉林大学,149055,02,历史必选,552,7412,https://www.shmeea.edu.cn/download/20240719/198.pdf
2024,综合,122,吉林大学,148713,03,不限,566,4841,https://www.shmeea.edu.cn/download/20240719/198.pdf
2024,综合,142,东北师范大学,149591,01,物理、化学(2科必选),521,14281,https://www.shmeea.edu.cn/download/20240719/198.pdf
2024,综合,142,东北师范大学,149054,02,不限,521,14281,https://www.shmeea.edu.cn/download/20240719/198.pdf
2024,综合,142,东北师范大学,148712,03,不限,518,15023,https://www.shmeea.edu.cn/download/20240719/198.pdf
2024,综合,129,延边大学,149590,01,物理、化学(2科必选),488,22514,https://www.shmeea.edu.cn/download/20240719/198.pdf
2024,综合,129,延边大学,149053,02,不限,485,23293,https://www.shmeea.edu.cn/download/20240719/198.pdf
2024,综合,379,长春理工大学,149589,01,物理、化学(2科必选),490,22003,https://www.shmeea.edu.cn/download/20240719/198.pdf
2024,综合,379,长春理工大学,149052,02,物理必选,441,33999,https://www.shmeea.edu.cn/download/20240719/198.pdf
2024,综合,379,长春理工大学,148711,03,不限,429,36629,https://www.shmeea.edu.cn/download/20240719/198.pdf
2024,综合,393,东北电力大学,149588,01,物理、化学(2科必选),507,17795,https://www.shmeea.edu.cn/download/20240719/198.pdf
2024,综合,381,长春工业大学,149587,01,物理、化学(2科必选),423,37882,https://www.shmeea.edu.cn/download/20240719/198.pdf
2024,综合,374,北华大学,149586,01,物理、化学(2科必选),439,34482,https://www.shmeea.edu.cn/download/20240719/198.pdf
2024,综合,374,北华大学,149051,02,不限,430,36436,https://www.shmeea.edu.cn/download/20240719/198.pdf
2024,综合,390,吉林师范大学,149585,01,物理、化学(2科必选),436,35127,https://www.shmeea.edu.cn/download/20240719/198.pdf
2024,综合,390,吉林师范大学,149050,02,不限,440,34239,https://www.shmeea.edu.cn/download/20240719/198.pdf
2024,综合,390,吉林师范大学,148710,03,不限,420,38443,https://www.shmeea.edu.cn/download/20240719/198.pdf
2024,综合,412,吉林财经大学,149584,01,物理、化学(2科必选),431,36222,https://www.shmeea.edu.cn/download/20240719/198.pdf
2024,综合,412,吉林财经大学,149049,02,物理必选,445,33071,https://www.shmeea.edu.cn/download/20240719/198.pdf
2024,综合,412,吉林财经大学,148709,03,不限,444,33286,https://www.shmeea.edu.cn/download/20240719/198.pdf
2024,综合,2314,长春财经学院,149583,01,不限,409,40573,https://www.shmeea.edu.cn/download/20240719/198.pdf
2024,综合,394,长春工程学院,149581,01,物理、化学(2科必选),427,37063,https://www.shmeea.edu.cn/download/20240719/198.pdf
2024,综合,394,长春工程学院,149048,02,不限,418,38869,https://www.shmeea.edu.cn/download/20240719/198.pdf
2024,综合,1604,吉林工商学院,149580,01,物理、化学(2科必选),421,38266,https://www.shmeea.edu.cn/download/20240719/198.pdf
2024,综合,1604,吉林工商学院,149047,02,不限,421,38266,https://www.shmeea.edu.cn/download/20240719/198.pdf
2024,综合,404,长春中医药大学,149579,01,物理、化学(2科必选),404,41433,https://www.shmeea.edu.cn/download/20240719/198.pdf
2024,综合,1291,吉林艺术学院,149578,01,不限,404,41433,https://www.shmeea.edu.cn/download/20240719/198.pdf
2024,综合,1291,吉林艺术学院,149046,02,不限,406,41077,https://www.shmeea.edu.cn/download/20240719/198.pdf
2024,综合,419,东北林业大学,149577,01,物理、化学(2科必选),514,15979,https://www.shmeea.edu.cn/download/20240719/198.pdf
2024,综合,419,东北林业大学,149045,02,物理、化学(2科必选),523,13763,https://www.shmeea.edu.cn/download/20240719/198.pdf
2024,综合,34,哈尔滨工业大学,149576,01,物理、化学(2科必选),580,2684,https://www.shmeea.edu.cn/download/20240719/198.pdf
2024,综合,34,哈尔滨工业大学,149044,02,物理、化学(2科必选),568,4499,https://www.shmeea.edu.cn/download/20240719/198.pdf
2024,综合,34,哈尔滨工业大学,148708,03,物理必选,567,4662,https://www.shmeea.edu.cn/download/20240719/198.pdf
2024,综合,124,哈尔滨工程大学,149575,01,物理、化学(2科必选),556,6631,https://www.shmeea.edu.cn/download/20240719/198.pdf
2024,综合,124,哈尔滨工程大学,149043,02,物理、化学(2科必选),543,9186,https://www.shmeea.edu.cn/download/20240719/198.pdf
2024,综合,394,黑龙江大,149581,01,物理、化学(2科必选),431,36222,https://www.shmeea.edu.cn/download/20240719/198.pdf
2024,综合,394,黑龙江大,149048,02,不限,443,33531,https://www.shmeea.edu.cn/download/20240719/198.pdf
2024,综合,394,黑龙江大,39403,03,,438,34709,https://www.shmeea.edu.cn/download/20240719/198.pdf
2024,综合,395,哈理工,39501,01,,440,34239,https://www.shmeea.edu.cn/download/20240719/198.pdf
2024,综合,396,黑科大,149334,01,物理、化学(2科必选),421,38266,https://www.shmeea.edu.cn/download/20240719/198.pdf
2024,综合,446,东北石油大学,149571,01,物理、化学(2科必选),431,36222,https://www.shmeea.edu.cn/download/20240719/198.pdf
2024,综合,446,东北石油大学,149041,02,不限,427,37063,https://www.shmeea.edu.cn/download/20240719/198.pdf
2024,综合,398,佳木斯大,149320,01,物理、化学(2科必选),444,33286,https://www.shmeea.edu.cn/download/20240719/198.pdf
2024,综合,137,东北农业大学,149569,01,物理、化学(2科必选),512,16483,https://www.shmeea.edu.cn/download/20240719/198.pdf
2024,综合,137,东北农业大学,149040,02,不限,510,17049,https://www.shmeea.edu.cn/download/20240719/198.pdf
2024,综合,137,东北农业大学,148706,03,不限,502,19008,https://www.shmeea.edu.cn/download/20240719/198.pdf
2024,综合,400,哈医大,40001,01,,523,13763,https://www.shmeea.edu.cn/download/20240719/198.pdf
2024,综合,400,哈医大,40002,02,,433,35806,https://www.shmeea.edu.cn/download/20240719/198.pdf
2024,综合,400,哈医大,40003,03,,546,8561,https://www.shmeea.edu.cn/download/20240719/198.pdf
2024,综合,400,哈医大,40004,04,,502,19008,https://www.shmeea.edu.cn/download/20240719/198.pdf
2024,综合,400,哈医大,40005,05,,487,22781,https://www.shmeea.edu.cn/download/20240719/198.pdf
2024,综合,401,哈师大,40101,01,,432,36033,https://www.shmeea.edu.cn/download/20240719/198.pdf
2024,综合,401,哈师大,40102,02,,498,19960,https://www.shmeea.edu.cn/download/20240719/198.pdf
2024,综合,401,哈师大,40103,03,,469,27273,https://www.shmeea.edu.cn/download/20240719/198.pdf
2024,综合,402,齐齐哈尔,149336,01,物理、化学(2科必选),420,38443,https://www.shmeea.edu.cn/download/20240719/198.pdf
2024,综合,402,齐齐哈尔,148880,02,化学必选,427,37063,https://www.shmeea.edu.cn/download/20240719/198.pdf
2024,综合,402,齐齐哈尔,40203,03,,419,38662,https://www.shmeea.edu.cn/download/20240719/198.pdf
2024,综合,403,哈商大,149333,01,物理、化学(2科必选),423,37882,https://www.shmeea.edu.cn/download/20240719/198.pdf
2024,综合,403,哈商大,148877,02,化学必选,427,37063,https://www.shmeea.edu.cn/download/20240719/198.pdf
2024,综合,404,哈金融,149579,01,物理、化学(2科必选),416,39269,https://www.shmeea.edu.cn/download/20240719/198.pdf
2024,综合,404,哈金融,40402,02,,419,38662,https://www.shmeea.edu.cn/download/20240719/198.pdf
2024,综合,405,齐医学院,40501,01,,422,38053,https://www.shmeea.edu.cn/download/20240719/198.pdf
2024,综合,405,齐医学院,40502,02,,426,37259,https://www.shmeea.edu.cn/download/20240719/198.pdf
2024,综合,405,齐医学院,40503,03,,425,37468,https://www.shmeea.edu.cn/download/20240719/198.pdf
2024,综合,405,齐医学院,40504,04,,429,36629,https://www.shmeea.edu.cn/download/20240719/198.pdf
2024,综合,405,齐医学院,40505,05,,423,37882,https://www.shmeea.edu.cn/download/20240719/198.pdf
2024,综合,111,南京大学,149561,01,物理、化学(2科必选),580,2684,https://www.shmeea.edu.cn/download/20240719/198.pdf
2024,综合,111,南京大学,149033,02,不限,580,2684,https://www.shmeea.edu.cn/download/20240719/198.pdf
2024,综合,109,东南大学,149560,01,物理、化学(2科必选),580,2684,https://www.shmeea.edu.cn/download/20240719/198.pdf
2024,综合,423,中国矿大,149368,01,物理、化学(2科必选),544,8973,https://www.shmeea.edu.cn/download/20240719/198.pdf
2024,综合,423,中国矿大,148901,02,不限,539,10069,https://www.shmeea.edu.cn/download/20240719/198.pdf
2024,综合,423,中国矿大,42303,03,,531,11919,https://www.shmeea.edu.cn/download/20240719/198.pdf
2024,综合,116,河海大学,149558,01,物理、化学(2科必选),544,8973,https://www.shmeea.edu.cn/download/20240719/198.pdf
2024,综合,116,河海大学,149031,02,物理必选,537,10538,https://www.shmeea.edu.cn/download/20240719/198.pdf
2024,综合,116,河海大学,148700,03,不限,534,11234,https://www.shmeea.edu.cn/download/20240719/198.pdf
2024,综合,116,河海大学,148544,04,物理、化学(2科必选),526,13085,https://www.shmeea.edu.cn/download/20240719/198.pdf
2024,综合,86,江南大学,149557,01,物理、化学(2科必选),545,8758,https://www.shmeea.edu.cn/download/20240719/198.pdf
2024,综合,86,江南大学,149030,02,物理、化学(2科必选),543,9186,https://www.shmeea.edu.cn/download/20240719/198.pdf
2024,综合,86,江南大学,148699,03,不限,535,10985,https://www.shmeea.edu.cn/download/20240719/198.pdf
2024,综合,86,江南大学,148543,04,物理、化学(2科必选),536,10760,https://www.shmeea.edu.cn/download/20240719/198.pdf
2024,综合,86,江南大学,148484,05,不限,531,11919,https://www.shmeea.edu.cn/download/20240719/198.pdf
2024,综合,113,南京农业大学,149556,01,物理、化学(2科必选),527,12860,https://www.shmeea.edu.cn/download/20240719/198.pdf
2024,综合,113,南京农业大学,149029,02,不限,529,12388,https://www.shmeea.edu.cn/download/20240719/198.pdf
2024,综合,117,中国药科大学,149555,01,物理、化学(2科必选),551,7592,https://www.shmeea.edu.cn/download/20240719/198.pdf
2024,综合,117,中国药科大学,149028,02,物理、化学(2科必选),545,8758,https://www.shmeea.edu.cn/download/20240719/198.pdf
2024,综合,428,人大苏州,149359,01,物理、化学(2科必选),576,3250,https://www.shmeea.edu.cn/download/20240719/198.pdf
2024,综合,428,人大苏州,148893,02,物理、生物(2科必选),570,4158,https://www.shmeea.edu.cn/download/20240719/198.pdf
2024,综合,429,南京航大,149568,01,物理、化学(2科必选),567,4662,https://www.shmeea.edu.cn/download/20240719/198.pdf
2024,综合,429,南京航大,149039,02,物理、化学(2科必选),559,6102,https://www.shmeea.edu.cn/download/20240719/198.pdf
2024,综合,112,南京理工大学,149552,01,物理、化学(2科必选),563,5356,https://www.shmeea.edu.cn/download/20240719/198.pdf
2024,综合,112,南京理工大学,149025,02,物理必选,536,10760,https://www.shmeea.edu.cn/download/20240719/198.pdf
2024,综合,118,苏州大学,149551,01,物理、化学(2科必选),550,7798,https://www.shmeea.edu.cn/download/20240719/198.pdf
2024,综合,118,苏州大学,149024,02,物理必选,542,9417,https://www.shmeea.edu.cn/download/20240719/198.pdf
2024,综合,118,苏州大学,148698,03,生物必选,534,11234,https://www.shmeea.edu.cn/download/20240719/198.pdf
2024,综合,118,苏州大学,148542,04,史、政、地(3科必选),552,7412,https://www.shmeea.edu.cn/download/20240719/198.pdf
2024,综合,118,苏州大学,148483,05,不限,547,8372,https://www.shmeea.edu.cn/download/20240719/198.pdf
2024,综合,161,江苏科技大学,149550,01,物理、化学(2科必选),481,24337,https://www.shmeea.edu.cn/download/20240719/198.pdf
2024,综合,161,江苏科技大学,149023,02,不限,466,28028,https://www.shmeea.edu.cn/download/20240719/198.pdf
2024,综合,161,江苏科技大学,43203,03,,480,24562,https://www.shmeea.edu.cn/download/20240719/198.pdf
2024,综合,161,江苏科技大学,43204,04,,470,26996,https://www.shmeea.edu.cn/download/20240719/198.pdf
2024,综合,171,南京工业大学,149549,01,物理、化学(2科必选),520,14532,https://www.shmeea.edu.cn/download/20240719/198.pdf
2024,综合,171,南京工业大学,149022,02,物理必选,503,18767,https://www.shmeea.edu.cn/download/20240719/198.pdf
2024,综合,171,南京工业大学,148696,03,不限,486,23040,https://www.shmeea.edu.cn/download/20240719/198.pdf
2024,综合,156,常州大学,149548,01,物理、化学(2科必选),463,28756,https://www.shmeea.edu.cn/download/20240719/198.pdf
2024,综合,156,常州大学,149021,02,不限,465,28294,https://www.shmeea.edu.cn/download/20240719/198.pdf
2024,综合,160,南京邮电大学,149547,01,物理、化学(2科必选),550,7798,https://www.shmeea.edu.cn/download/20240719/198.pdf
2024,综合,169,南京林业大学,149546,01,物理、化学(2科必选),511,16761,https://www.shmeea.edu.cn/download/20240719/198.pdf
2024,综合,169,南京林业大学,43602,02,,509,17313,https://www.shmeea.edu.cn/download/20240719/198.pdf
2024,综合,169,南京林业大学,43603,03,,523,13763,https://www.shmeea.edu.cn/download/20240719/198.pdf
2024,综合,169,南京林业大学,43604,04,,495,20693,https://www.shmeea.edu.cn/download/20240719/198.pdf
2024,综合,170,江苏大学,43701,01,,527,12860,https://www.shmeea.edu.cn/download/20240719/198.pdf
2024,综合,170,江苏大学,43702,02,,493,21226,https://www.shmeea.edu.cn/download/20240719/198.pdf
2024,综合,1376,南京信息职业技术学院,43801,01,,545,8758,https://www.shmeea.edu.cn/download/20240719/198.pdf
2024,综合,1376,南京信息职业技术学院,43802,02,,526,13085,https://www.shmeea.edu.cn/download/20240719/198.pdf
2024,综合,1376,南京信息职业技术学院,43803,03,,516,15485,https://www.shmeea.edu.cn/download/20240719/198.pdf
2024,综合,787,南通大学,211725,01,物理、化学(2科必选),508,17567,https://www.shmeea.edu.cn/download/20240719/198.pdf
2024,综合,787,南通大学,211726,02,物理必选,485,23293,https://www.shmeea.edu.cn/download/20240719/198.pdf
2024,综合,787,南通大学,211727,03,不限,465,28294,https://www.shmeea.edu.cn/download/20240719/198.pdf
2024,综合,440,盐城工院,44001,01,,438,34709,https://www.shmeea.edu.cn/download/20240719/198.pdf
2024,综合,168,南京医科大学,44101,01,,565,5019,https://www.shmeea.edu.cn/download/20240719/198.pdf
2024,综合,168,南京医科大学,44102,02,,517,15249,https://www.shmeea.edu.cn/download/20240719/198.pdf
2024,综合,168,南京医科大学,44103,03,,528,12627,https://www.shmeea.edu.cn/download/20240719/198.pdf
2024,综合,162,南京中医药大学,44201,01,,546,8561,https://www.shmeea.edu.cn/download/20240719/198.pdf
2024,综合,162,南京中医药大学,149020,02,物理、化学(2科必选),513,16250,https://www.shmeea.edu.cn/download/20240719/198.pdf
2024,综合,162,南京中医药大学,148695,03,不限,504,18539,https://www.shmeea.edu.cn/download/20240719/198.pdf
2024,综合,115,南京师范大学,149545,01,物理、化学(2科必选),541,9624,https://www.shmeea.edu.cn/download/20240719/198.pdf
2024,综合,115,南京师范大学,149019,02,历史必选,548,8178,https://www.shmeea.edu.cn/download/20240719/198.pdf
2024,综合,115,南京师范大学,148694,03,不限,537,10538,https://www.shmeea.edu.cn/download/20240719/198.pdf
2024,综合,1064,淮阴师范学院,149544,01,不限,437,34923,https://www.shmeea.edu.cn/download/20240719/198.pdf
2024,综合,153,盐城师范学院,149543,01,不限,444,33286,https://www.shmeea.edu.cn/download/20240719/198.pdf
2024,综合,164,南京财经大学,149542,01,不限,487,22781,https://www.shmeea.edu.cn/download/20240719/198.pdf
2024,综合,164,南京财经大学,149018,02,物理必选,488,22514,https://www.shmeea.edu.cn/download/20240719/198.pdf
2024,综合,163,苏州科技大学,149541,01,物理、化学(2科必选),465,28294,https://www.shmeea.edu.cn/download/20240719/198.pdf
2024,综合,163,苏州科技大学,149017,02,不限,478,25053,https://www.shmeea.edu.cn/download/20240719/198.pdf
2024,综合,163,苏州科技大学,148693,03,物理、化学(2科必选),446,32860,https://www.shmeea.edu.cn/download/20240719/198.pdf
2024,综合,163,苏州科技大学,148540,04,物理必选,442,33781,https://www.shmeea.edu.cn/download/20240719/198.pdf
2024,综合,163,苏州科技大学,148482,05,不限,464,28519,https://www.shmeea.edu.cn/download/20240719/198.pdf
2024,综合,449,常熟理工,44901,01,,444,33286,https://www.shmeea.edu.cn/download/20240719/198.pdf
2024,综合,1048,金陵科技学院,149539,01,物理、化学(2科必选),440,34239,https://www.shmeea.edu.cn/download/20240719/198.pdf
2024,综合,1048,金陵科技学院,149016,02,不限,447,32641,https://www.shmeea.edu.cn/download/20240719/198.pdf
2024,综合,1049,徐州工程学院,149538,01,物理、化学(2科必选),439,34482,https://www.shmeea.edu.cn/download/20240719/198.pdf
2024,综合,1049,徐州工程学院,149015,02,物理必选,441,33999,https://www.shmeea.edu.cn/download/20240719/198.pdf
2024,综合,1049,徐州工程学院,148692,03,不限,444,33286,https://www.shmeea.edu.cn/download/20240719/198.pdf
2024,综合,452,常州工院,45201,01,,442,33781,https://www.shmeea.edu.cn/download/20240719/198.pdf
2024,综合,173,扬州大学,149536,01,物理、化学(2科必选),513,16250,https://www.shmeea.edu.cn/download/20240719/198.pdf
2024,综合,173,扬州大学,149014,02,不限,501,19243,https://www.shmeea.edu.cn/download/20240719/198.pdf
2024,综合,146,南京工程学院,149535,01,物理、化学(2科必选),454,30934,https://www.shmeea.edu.cn/download/20240719/198.pdf
2024,综合,146,南京工程学院,149013,02,物理必选,447,32641,https://www.shmeea.edu.cn/download/20240719/198.pdf
2024,综合,146,南京工程学院,148691,03,不限,458,29994,https://www.shmeea.edu.cn/download/20240719/198.pdf
2024,综合,146,南京工程学院,148539,04,物理、化学(2科必选),462,29014,https://www.shmeea.edu.cn/download/20240719/198.pdf
2024,综合,151,南京审计大学,149534,01,不限,499,19729,https://www.shmeea.edu.cn/download/20240719/198.pdf
2024,综合,151,南京审计大学,45502,02,,497,20203,https://www.shmeea.edu.cn/download/20240719/198.pdf
2024,综合,151,南京审计大学,45503,03,,520,14532,https://www.shmeea.edu.cn/download/20240719/198.pdf
2024,综合,150,江苏理工学院,45601,01,,440,34239,https://www.shmeea.edu.cn/download/20240719/198.pdf
2024,综合,150,江苏理工学院,45602,02,,453,31179,https://www.shmeea.edu.cn/download/20240719/198.pdf
2024,综合,150,江苏理工学院,45603,03,,438,34709,https://www.shmeea.edu.cn/download/20240719/198.pdf
2024,综合,457,江苏海大,45701,01,,440,34239,https://www.shmeea.edu.cn/download/20240719/198.pdf
2024,综合,457,江苏海大,45702,02,,451,31665,https://www.shmeea.edu.cn/download/20240719/198.pdf
2024,综合,458,南京特师,149387,01,物理、化学(2科必选),435,35341,https://www.shmeea.edu.cn/download/20240719/198.pdf
2024,综合,458,南京特师,148910,02,不限,451,31665,https://www.shmeea.edu.cn/download/20240719/198.pdf
2024,综合,1544,南通理工学院,45901,01,,408,40752,https://www.shmeea.edu.cn/download/20240719/198.pdf
2024,综合,1544,南通理工学院,149012,02,不限,407,40915,https://www.shmeea.edu.cn/download/20240719/198.pdf
2024,综合,460,东南成贤,149385,01,不限,421,38266,https://www.shmeea.edu.cn/download/20240719/198.pdf
2024,综合,460,东南成贤,46002,02,,433,35806,https://www.shmeea.edu.cn/download/20240719/198.pdf
2024,综合,461,太湖学院,46101,01,,408,40752,https://www.shmeea.edu.cn/download/20240719/198.pdf
2024,综合,462,南理紫金,149383,01,物理、化学(2科必选),427,37063,https://www.shmeea.edu.cn/download/20240719/198.pdf
2024,综合,462,南理紫金,148908,02,物理、化学(2科必选),430,36436,https://www.shmeea.edu.cn/download/20240719/198.pdf
2024,综合,463,南航金城,149388,01,物理、化学(2科必选),431,36222,https://www.shmeea.edu.cn/download/20240719/198.pdf
2024,综合,463,南航金城,148911,02,物理必选,413,39823,https://www.shmeea.edu.cn/download/20240719/198.pdf
2024,综合,2543,南京传媒学院,149529,01,不限,428,36833,https://www.shmeea.edu.cn/download/20240719/198.pdf
2024,综合,2543,南京传媒学院,149008,02,不限,408,40752,https://www.shmeea.edu.cn/download/20240719/198.pdf
2024,综合,465,南师泰州,149468,01,不限,416,39269,https://www.shmeea.edu.cn/download/20240719/198.pdf
2024,综合,465,南师泰州,46502,02,,413,39823,https://www.shmeea.edu.cn/download/20240719/198.pdf
2024,综合,466,南工浦江,149386,01,物理、化学(2科必选),421,38266,https://www.shmeea.edu.cn/download/20240719/198.pdf
2024,综合,466,南工浦江,148909,02,不限,414,39641,https://www.shmeea.edu.cn/download/20240719/198.pdf
2024,综合,466,南工浦江,148645,03,物理、化学(2科必选),408,40752,https://www.shmeea.edu.cn/download/20240719/198.pdf
2024,综合,467,南医康达,46701,01,,417,39079,https://www.shmeea.edu.cn/download/20240719/198.pdf
2024,综合,467,南医康达,46702,02,,437,34923,https://www.shmeea.edu.cn/download/20240719/198.pdf
2024,综合,1403,无锡学院,149525,01,物理、化学(2科必选),439,34482,https://www.shmeea.edu.cn/download/20240719/198.pdf
2024,综合,1403,无锡学院,149004,02,不限,456,30473,https://www.shmeea.edu.cn/download/20240719/198.pdf
2024,综合,470,苏州城院,47001,01,,439,34482,https://www.shmeea.edu.cn/download/20240719/198.pdf
2024,综合,470,苏州城院,47002,02,,444,33286,https://www.shmeea.edu.cn/download/20240719/198.pdf
2024,综合,471,苏大应用,149464,01,物理、化学(2科必选),418,38869,https://www.shmeea.edu.cn/download/20240719/198.pdf
2024,综合,473,江大京江,47301,01,,416,39269,https://www.shmeea.edu.cn/download/20240719/198.pdf
2024,综合,474,南邮通达,149466,01,不限,427,37063,https://www.shmeea.edu.cn/download/20240719/198.pdf
2024,综合,475,江科苏理,149461,01,物理、化学(2科必选),425,37468,https://www.shmeea.edu.cn/download/20240719/198.pdf
2024,综合,475,江科苏理,148961,02,不限,429,36629,https://www.shmeea.edu.cn/download/20240719/198.pdf
2024,综合,476,南通杏林,47601,01,,403,41594,https://www.shmeea.edu.cn/download/20240719/198.pdf
2024,综合,476,南通杏林,47602,02,,415,39454,https://www.shmeea.edu.cn/download/20240719/198.pdf
2024,综合,477,南审金审,47701,01,,423,37882,https://www.shmeea.edu.cn/download/20240719/198.pdf
2024,综合,477,南审金审,47702,02,,429,36629,https://www.shmeea.edu.cn/download/20240719/198.pdf
2024,综合,477,南审金审,47703,03,,417,39079,https://www.shmeea.edu.cn/download/20240719/198.pdf
2024,综合,478,西浦大学,47801,01,,544,8973,https://www.shmeea.edu.cn/download/20240719/198.pdf
2024,综合,478,西浦大学,47802,02,,540,9848,https://www.shmeea.edu.cn/download/20240719/198.pdf
2024,综合,478,西浦大学,47803,03,,539,10069,https://www.shmeea.edu.cn/download/20240719/198.pdf
2024,综合,158,徐州医科大学,149516,01,物理、化学(2科必选),531,11919,https://www.shmeea.edu.cn/download/20240719/198.pdf
2024,综合,149,南京艺术学院,149515,01,物理、化学(2科必选),488,22514,https://www.shmeea.edu.cn/download/20240719/198.pdf
2024,综合,149,南京艺术学院,148998,02,不限,493,21226,https://www.shmeea.edu.cn/download/20240719/198.pdf
2024,综合,147,南京晓庄学院,149514,01,不限,428,36833,https://www.shmeea.edu.cn/download/20240719/198.pdf
2024,综合,1170,宿迁学院,149513,01,物理、化学(2科必选),437,34923,https://www.shmeea.edu.cn/download/20240719/198.pdf
2024,综合,1170,宿迁学院,148997,02,不限,444,33286,https://www.shmeea.edu.cn/download/20240719/198.pdf
2024,综合,114,浙江大学,149512,01,物理、化学(2科必选),580,2684,https://www.shmeea.edu.cn/download/20240719/198.pdf
2024,综合,114,浙江大学,148996,02,不限,580,2684,https://www.shmeea.edu.cn/download/20240719/198.pdf
2024,综合,492,杭州电子,49201,01,,539,10069,https://www.shmeea.edu.cn/download/20240719/198.pdf
2024,综合,492,杭州电子,49202,02,,481,24337,https://www.shmeea.edu.cn/download/20240719/198.pdf
2024,综合,242,浙江工业大学,149510,01,物理、化学(2科必选),534,11234,https://www.shmeea.edu.cn/download/20240719/198.pdf
2024,综合,242,浙江工业大学,148994,02,不限,511,16761,https://www.shmeea.edu.cn/download/20240719/198.pdf
2024,综合,242,浙江工业大学,148687,03,不限,512,16483,https://www.shmeea.edu.cn/download/20240719/198.pdf
2024,综合,242,浙江工业大学,148538,04,物理、化学(2科必选),527,12860,https://www.shmeea.edu.cn/download/20240719/198.pdf
2024,综合,243,浙江理工大学,149509,01,物理、化学(2科必选),492,21473,https://www.shmeea.edu.cn/download/20240719/198.pdf
2024,综合,243,浙江理工大学,148993,02,物理必选,505,18290,https://www.shmeea.edu.cn/download/20240719/198.pdf
2024,综合,243,浙江理工大学,148686,03,不限,485,23293,https://www.shmeea.edu.cn/download/20240719/198.pdf
2024,综合,248,浙江海洋大学,149508,01,物理、化学(2科必选),445,33071,https://www.shmeea.edu.cn/download/20240719/198.pdf
2024,综合,249,浙江农林大学,149507,01,物理、化学(2科必选),482,24080,https://www.shmeea.edu.cn/download/20240719/198.pdf
2024,综合,249,浙江农林大学,148992,02,不限,482,24080,https://www.shmeea.edu.cn/download/20240719/198.pdf
2024,综合,251,温州医科大学,149506,01,物理、化学(2科必选),532,11678,https://www.shmeea.edu.cn/download/20240719/198.pdf
2024,综合,251,温州医科大学,148991,02,物理、化学(2科必选),556,6631,https://www.shmeea.edu.cn/download/20240719/198.pdf
2024,综合,241,浙江师范大学,149505,01,物理、化学(2科必选),485,23293,https://www.shmeea.edu.cn/download/20240719/198.pdf
2024,综合,241,浙江师范大学,148990,02,不限,483,23814,https://www.shmeea.edu.cn/download/20240719/198.pdf
2024,综合,241,浙江师范大学,148685,03,不限,483,23814,https://www.shmeea.edu.cn/download/20240719/198.pdf
2024,综合,252,杭州师范大学,149504,01,物理、化学(2科必选),493,21226,https://www.shmeea.edu.cn/download/20240719/198.pdf
2024,综合,252,杭州师范大学,148989,02,物理必选,485,23293,https://www.shmeea.edu.cn/download/20240719/198.pdf
2024,综合,252,杭州师范大学,148684,03,不限,485,23293,https://www.shmeea.edu.cn/download/20240719/198.pdf
2024,综合,253,湖州师范大学,149503,01,物理、化学(2科必选),439,34482,https://www.shmeea.edu.cn/download/20240719/198.pdf
2024,综合,253,湖州师范大学,148988,02,物理、化学(2科必选),506,18067,https://www.shmeea.edu.cn/download/20240719/198.pdf
2024,综合,253,湖州师范大学,148683,03,物理必选,439,34482,https://www.shmeea.edu.cn/download/20240719/198.pdf
2024,综合,253,湖州师范大学,148537,04,化学必选,459,29755,https://www.shmeea.edu.cn/download/20240719/198.pdf
2024,综合,253,湖州师范大学,148481,05,不限,457,30232,https://www.shmeea.edu.cn/download/20240719/198.pdf
2024,综合,501,浙江工商,149204,01,物理、化学(2科必选),493,21226,https://www.shmeea.edu.cn/download/20240719/198.pdf
2024,综合,501,浙江工商,148796,02,不限,476,25541,https://www.shmeea.edu.cn/download/20240719/198.pdf
2024,综合,244,嘉兴大学,149501,01,物理、化学(2科必选),441,33999,https://www.shmeea.edu.cn/download/20240719/198.pdf
2024,综合,244,嘉兴大学,148986,02,不限,461,29262,https://www.shmeea.edu.cn/download/20240719/198.pdf
2024,综合,247,中国计量大学,149500,01,物理、化学(2科必选),489,22270,https://www.shmeea.edu.cn/download/20240719/198.pdf
2024,综合,247,中国计量大学,50302,02,,492,21473,https://www.shmeea.edu.cn/download/20240719/198.pdf
2024,综合,258,浙江财经大学,50401,01,,490,22003,https://www.shmeea.edu.cn/download/20240719/198.pdf
2024,综合,258,浙江财经大学,50402,02,,490,22003,https://www.shmeea.edu.cn/download/20240719/198.pdf
2024,综合,258,浙江财经大学,50403,03,,496,20446,https://www.shmeea.edu.cn/download/20240719/198.pdf
2024,综合,258,浙江财经大学,50404,04,,482,24080,https://www.shmeea.edu.cn/download/20240719/198.pdf
2024,综合,240,宁波大学,50501,01,,511,16761,https://www.shmeea.edu.cn/download/20240719/198.pdf
2024,综合,240,宁波大学,50502,02,,501,19243,https://www.shmeea.edu.cn/download/20240719/198.pdf
2024,综合,1066,浙江传媒学院,50601,01,,494,20956,https://www.shmeea.edu.cn/download/20240719/198.pdf
2024,综合,1066,浙江传媒学院,50602,02,,475,25819,https://www.shmeea.edu.cn/download/20240719/198.pdf
2024,综合,1066,浙江传媒学院,148682,03,不限,496,20446,https://www.shmeea.edu.cn/download/20240719/198.pdf
2024,综合,1066,浙江传媒学院,148536,04,不限,505,18290,https://www.shmeea.edu.cn/download/20240719/198.pdf
2024,综合,1066,浙江传媒学院,148480,05,不限,496,20446,https://www.shmeea.edu.cn/download/20240719/198.pdf
2024,综合,507,温医仁济,149416,01,物理、化学(2科必选),406,41077,https://www.shmeea.edu.cn/download/20240719/198.pdf
2024,综合,507,温医仁济,148927,02,不限,462,29014,https://www.shmeea.edu.cn/download/20240719/198.pdf
2024,综合,2391,湖州学院,149498,01,不限,441,33999,https://www.shmeea.edu.cn/download/20240719/198.pdf
2024,综合,509,南湖学院,149414,01,物理、化学(2科必选),438,34709,https://www.shmeea.edu.cn/download/20240719/198.pdf
2024,综合,509,南湖学院,148925,02,物理必选,445,33071,https://www.shmeea.edu.cn/download/20240719/198.pdf
2024,综合,509,南湖学院,148651,03,不限,443,33531,https://www.shmeea.edu.cn/download/20240719/198.pdf
2024,综合,510,中计现代,149406,01,物理、化学(2科必选),419,38662,https://www.shmeea.edu.cn/download/20240719/198.pdf
2024,综合,510,中计现代,148921,02,不限,419,38662,https://www.shmeea.edu.cn/download/20240719/198.pdf
2024,综合,512,上财浙院,149289,01,物理、化学(2科必选),419,38662,https://www.shmeea.edu.cn/download/20240719/198.pdf
2024,综合,512,上财浙院,148851,02,物理、化学(2科必选),416,39269,https://www.shmeea.edu.cn/download/20240719/198.pdf
2024,综合,512,上财浙院,51203,03,,411,40210,https://www.shmeea.edu.cn/download/20240719/198.pdf
2024,综合,513,诺丁汉,51301,01,,545,8758,https://www.shmeea.edu.cn/download/20240719/198.pdf
2024,综合,513,诺丁汉,51302,02,,537,10538,https://www.shmeea.edu.cn/download/20240719/198.pdf
2024,综合,513,诺丁汉,51303,03,,541,9624,https://www.shmeea.edu.cn/download/20240719/198.pdf
2024,综合,3188,温州肯恩大学,149493,01,不限,519,14753,https://www.shmeea.edu.cn/download/20240719/198.pdf
2024,综合,516,浙大医学,51601,01,,580,2684,https://www.shmeea.edu.cn/download/20240719/198.pdf
2024,综合,250,浙江中医药大学,149491,01,物理、化学(2科必选),535,10985,https://www.shmeea.edu.cn/download/20240719/198.pdf
2024,综合,250,浙江中医药大学,148980,02,物理、化学(2科必选),534,11234,https://www.shmeea.edu.cn/download/20240719/198.pdf
2024,综合,250,浙江中医药大学,148678,03,物理、化学(2科必选),504,18539,https://www.shmeea.edu.cn/download/20240719/198.pdf
2024,综合,250,浙江中医药大学,148535,04,物理、化学(2科必选),491,21744,https://www.shmeea.edu.cn/download/20240719/198.pdf
2024,综合,250,浙江中医药大学,148479,05,物理、化学(2科必选),490,22003,https://www.shmeea.edu.cn/download/20240719/198.pdf
2024,综合,250,浙江中医药大学,148459,06,物理、化学(2科必选),497,20203,https://www.shmeea.edu.cn/download/20240719/198.pdf
2024,综合,250,浙江中医药大学,148452,07,化学必选,500,19486,https://www.shmeea.edu.cn/download/20240719/198.pdf
2024,综合,250,浙江中医药大学,148447,08,不限,492,21473,https://www.shmeea.edu.cn/download/20240719/198.pdf
2024,综合,256,温州大学,149490,01,物理必选,477,25299,https://www.shmeea.edu.cn/download/20240719/198.pdf
2024,综合,256,温州大学,148979,02,思想政治必选,500,19486,https://www.shmeea.edu.cn/download/20240719/198.pdf
2024,综合,256,温州大学,148677,03,不限,470,26996,https://www.shmeea.edu.cn/download/20240719/198.pdf
2024,综合,519,中国美院,51901,01,,532,11678,https://www.shmeea.edu.cn/download/20240719/198.pdf
2024,综合,519,中国美院,51902,02,,530,12143,https://www.shmeea.edu.cn/download/20240719/198.pdf
2024,综合,2604,衢州学院,149488,01,物理、化学(2科必选),433,35806,https://www.shmeea.edu.cn/download/20240719/198.pdf
2024,综合,2604,衢州学院,148977,02,物理必选,437,34923,https://www.shmeea.edu.cn/download/20240719/198.pdf
2024,综合,63,合肥工业大学,149487,01,物理、化学(2科必选),548,8178,https://www.shmeea.edu.cn/download/20240719/198.pdf
2024,综合,63,合肥工业大学,148976,02,物理必选,522,14026,https://www.shmeea.edu.cn/download/20240719/198.pdf
2024,综合,63,合肥工业大学,148676,03,不限,520,14532,https://www.shmeea.edu.cn/download/20240719/198.pdf
2024,综合,532,中国科大,149298,01,物理、化学(2科必选),580,2684,https://www.shmeea.edu.cn/download/20240719/198.pdf
2024,综合,67,安徽大学,149485,01,物理、化学(2科必选),544,8973,https://www.shmeea.edu.cn/download/20240719/198.pdf
2024,综合,67,安徽大学,148975,02,不限,525,13276,https://www.shmeea.edu.cn/download/20240719/198.pdf
2024,综合,67,安徽大学,53303,03,,533,11462,https://www.shmeea.edu.cn/download/20240719/198.pdf
2024,综合,69,安徽工业大学,149484,01,物理、化学(2科必选),441,33999,https://www.shmeea.edu.cn/download/20240719/198.pdf
2024,综合,69,安徽工业大学,148974,02,不限,444,33286,https://www.shmeea.edu.cn/download/20240719/198.pdf
2024,综合,68,安徽理工大学,149483,01,物理必选,438,34709,https://www.shmeea.edu.cn/download/20240719/198.pdf
2024,综合,68,安徽理工大学,148973,02,不限,444,33286,https://www.shmeea.edu.cn/download/20240719/198.pdf
2024,综合,70,安徽农业大学,149482,01,物理、化学(2科必选),425,37468,https://www.shmeea.edu.cn/download/20240719/198.pdf
2024,综合,70,安徽农业大学,148972,02,不限,470,26996,https://www.shmeea.edu.cn/download/20240719/198.pdf
2024,综合,72,安徽医科大学,149481,01,物理、化学(2科必选),544,8973,https://www.shmeea.edu.cn/download/20240719/198.pdf
2024,综合,314,安徽师范大学,149480,01,物理、化学(2科必选),486,23040,https://www.shmeea.edu.cn/download/20240719/198.pdf
2024,综合,314,安徽师范大学,148971,02,物理必选,484,23553,https://www.shmeea.edu.cn/download/20240719/198.pdf
2024,综合,314,安徽师范大学,148674,03,不限,474,26034,https://www.shmeea.edu.cn/download/20240719/198.pdf
2024,综合,328,淮北师范大学,149479,01,物、化、生(3科必选),406,41077,https://www.shmeea.edu.cn/download/20240719/198.pdf
2024,综合,328,淮北师范大学,148970,02,不限,436,35127,https://www.shmeea.edu.cn/download/20240719/198.pdf
2024,综合,1247,滁州学院,149478,01,不限,432,36033,https://www.shmeea.edu.cn/download/20240719/198.pdf
2024,综合,335,安徽财经大学,149477,01,不限,474,26034,https://www.shmeea.edu.cn/download/20240719/198.pdf
2024,综合,333,淮南师范学院,149476,01,物理、化学(2科必选),437,34923,https://www.shmeea.edu.cn/download/20240719/198.pdf
2024,综合,333,淮南师范学院,148969,02,物理必选,434,35570,https://www.shmeea.edu.cn/download/20240719/198.pdf
2024,综合,333,淮南师范学院,148673,03,不限,434,35570,https://www.shmeea.edu.cn/download/20240719/198.pdf
2024,综合,322,安徽建筑大学,149475,01,物理、化学(2科必选),414,39641,https://www.shmeea.edu.cn/download/20240719/198.pdf
2024,综合,322,安徽建筑大学,148968,02,物理、地理(2科必选),456,30473,https://www.shmeea.edu.cn/download/20240719/198.pdf
2024,综合,322,安徽建筑大学,148672,03,物理必选,434,35570,https://www.shmeea.edu.cn/download/20240719/198.pdf
2024,综合,322,安徽建筑大学,148534,04,不限,442,33781,https://www.shmeea.edu.cn/download/20240719/198.pdf
2024,综合,544,安徽科技,149199,01,物理、化学(2科必选),414,39641,https://www.shmeea.edu.cn/download/20240719/198.pdf
2024,综合,544,安徽科技,148792,02,不限,437,34923,https://www.shmeea.edu.cn/download/20240719/198.pdf
2024,综合,544,安徽科技,54403,03,,435,35341,https://www.shmeea.edu.cn/download/20240719/198.pdf
2024,综合,545,合肥城院,149200,01,历史必选,403,41594,https://www.shmeea.edu.cn/download/20240719/198.pdf
2024,综合,545,合肥城院,148793,02,不限,403,41594,https://www.shmeea.edu.cn/download/20240719/198.pdf
2024,综合,546,安医临床,149198,01,物理、化学(2科必选),433,35806,https://www.shmeea.edu.cn/download/20240719/198.pdf
2024,综合,1196,安徽中医药大学,149471,01,物理、化学(2科必选),521,14281,https://www.shmeea.edu.cn/download/20240719/198.pdf
2024,综合,316,安徽工程大学,149470,01,物理、化学(2科必选),439,34482,https://www.shmeea.edu.cn/download/20240719/198.pdf
2024,综合,316,安徽工程大学,148965,02,不限,439,34482,https://www.shmeea.edu.cn/download/20240719/198.pdf
2024,综合,102,厦门大学,149469,01,物理、化学(2科必选),573,3676,https://www.shmeea.edu.cn/download/20240719/198.pdf
2024,综合,102,厦门大学,148964,02,不限,567,4662,https://www.shmeea.edu.cn/download/20240719/198.pdf
2024,综合,102,厦门大学,148670,03,不限,570,4158,https://www.shmeea.edu.cn/download/20240719/198.pdf
2024,综合,102,厦门大学,148533,04,物理、化学(2科必选),549,7975,https://www.shmeea.edu.cn/download/20240719/198.pdf
2024,综合,465,华侨大学,149468,01,不限,470,26996,https://www.shmeea.edu.cn/download/20240719/198.pdf
2024,综合,103,福州大学,149467,01,物理、化学(2科必选),541,9624,https://www.shmeea.edu.cn/download/20240719/198.pdf
2024,综合,103,福州大学,148963,02,不限,523,13763,https://www.shmeea.edu.cn/download/20240719/198.pdf
2024,综合,474,福建理工大学,149466,01,不限,446,32860,https://www.shmeea.edu.cn/download/20240719/198.pdf
2024,综合,468,福建农林大学,149465,01,不限,449,32134,https://www.shmeea.edu.cn/download/20240719/198.pdf
2024,综合,471,集美大学,149464,01,物理、化学(2科必选),451,31665,https://www.shmeea.edu.cn/download/20240719/198.pdf
2024,综合,471,集美大学,148962,02,物理必选,444,33286,https://www.shmeea.edu.cn/download/20240719/198.pdf
2024,综合,471,集美大学,148669,03,不限,469,27273,https://www.shmeea.edu.cn/download/20240719/198.pdf
2024,综合,1020,福建医科大学,149463,01,物、化、生(3科必选),503,18767,https://www.shmeea.edu.cn/download/20240719/198.pdf
2024,综合,568,厦门医学,149698,01,不限,501,19243,https://www.shmeea.edu.cn/download/20240719/198.pdf
2024,综合,475,泉州师范学院,149461,01,物理、化学(2科必选),430,36436,https://www.shmeea.edu.cn/download/20240719/198.pdf
2024,综合,475,泉州师范学院,148961,02,不限,432,36033,https://www.shmeea.edu.cn/download/20240719/198.pdf
2024,综合,1061,厦门理工学院,149460,01,物理、化学(2科必选),440,34239,https://www.shmeea.edu.cn/download/20240719/198.pdf
2024,综合,1061,厦门理工学院,148960,02,物理必选,442,33781,https://www.shmeea.edu.cn/download/20240719/198.pdf
2024,综合,1061,厦门理工学院,148668,03,不限,449,32134,https://www.shmeea.edu.cn/download/20240719/198.pdf
2024,综合,571,厦大嘉庚,149685,01,不限,417,39079,https://www.shmeea.edu.cn/download/20240719/198.pdf
2024,综合,571,厦大嘉庚,57102,02,,412,39998,https://www.shmeea.edu.cn/download/20240719/198.pdf
2024,综合,571,厦大嘉庚,57103,03,,409,40573,https://www.shmeea.edu.cn/download/20240719/198.pdf
2024,综合,572,集美诚毅,57201,01,,403,41594,https://www.shmeea.edu.cn/download/20240719/198.pdf
2024,综合,573,闽农金山,149696,01,物理、化学(2科必选),405,41271,https://www.shmeea.edu.cn/download/20240719/198.pdf
2024,综合,574,福州外贸,149690,01,不限,403,41594,https://www.shmeea.edu.cn/download/20240719/198.pdf
2024,综合,574,福州外贸,57402,02,,403,41594,https://www.shmeea.edu.cn/download/20240719/198.pdf
2024,综合,574,福州外贸,57403,03,,403,41594,https://www.shmeea.edu.cn/download/20240719/198.pdf
2024,综合,108,南昌大学,149455,01,物理、化学(2科必选),534,11234,https://www.shmeea.edu.cn/download/20240719/198.pdf
2024,综合,108,南昌大学,148957,02,不限,522,14026,https://www.shmeea.edu.cn/download/20240719/198.pdf
2024,综合,108,南昌大学,148665,03,物理、化学(2科必选),548,8178,https://www.shmeea.edu.cn/download/20240719/198.pdf
2024,综合,157,华东交通大学,149454,01,物理、化学(2科必选),452,31399,https://www.shmeea.edu.cn/download/20240719/198.pdf
2024,综合,157,华东交通大学,148956,02,不限,474,26034,https://www.shmeea.edu.cn/download/20240719/198.pdf
2024,综合,176,东华理工大学,149453,01,物理、化学(2科必选),439,34482,https://www.shmeea.edu.cn/download/20240719/198.pdf
2024,综合,176,东华理工大学,148955,02,不限,439,34482,https://www.shmeea.edu.cn/download/20240719/198.pdf
2024,综合,594,南昌航大,59401,01,,460,29525,https://www.shmeea.edu.cn/download/20240719/198.pdf
2024,综合,594,南昌航大,59402,02,,438,34709,https://www.shmeea.edu.cn/download/20240719/198.pdf
2024,综合,165,江西理工大学,149451,01,物理、化学(2科必选),436,35127,https://www.shmeea.edu.cn/download/20240719/198.pdf
2024,综合,165,江西理工大学,148953,02,物理、化学(2科必选),455,30715,https://www.shmeea.edu.cn/download/20240719/198.pdf
2024,综合,165,江西理工大学,148664,03,物理必选,434,35570,https://www.shmeea.edu.cn/download/20240719/198.pdf
2024,综合,165,江西理工大学,148532,04,历史必选,439,34482,https://www.shmeea.edu.cn/download/20240719/198.pdf
2024,综合,165,江西理工大学,148478,05,不限,429,36629,https://www.shmeea.edu.cn/download/20240719/198.pdf
2024,综合,165,江西理工大学,148458,06,物理、化学(2科必选),443,33531,https://www.shmeea.edu.cn/download/20240719/198.pdf
2024,综合,596,景德陶瓷,149652,01,物理、化学(2科必选),500,19486,https://www.shmeea.edu.cn/download/20240719/198.pdf
2024,综合,596,景德陶瓷,149097,02,物、化、生(3科必选),456,30473,https://www.shmeea.edu.cn/download/20240719/198.pdf
2024,综合,596,景德陶瓷,59603,03,,436,35127,https://www.shmeea.edu.cn/download/20240719/198.pdf
2024,综合,172,江西农业大学,149449,01,物理、化学(2科必选),428,36833,https://www.shmeea.edu.cn/download/20240719/198.pdf
2024,综合,172,江西农业大学,148951,02,生物必选,448,32390,https://www.shmeea.edu.cn/download/20240719/198.pdf
2024,综合,172,江西农业大学,148662,03,不限,440,34239,https://www.shmeea.edu.cn/download/20240719/198.pdf
2024,综合,185,江西中医药大学,149448,01,物理、化学(2科必选),439,34482,https://www.shmeea.edu.cn/download/20240719/198.pdf
2024,综合,185,江西中医药大学,148950,02,物理、生物(2科必选),483,23814,https://www.shmeea.edu.cn/download/20240719/198.pdf
2024,综合,195,赣南医科大学,149447,01,物理、化学(2科必选),444,33286,https://www.shmeea.edu.cn/download/20240719/198.pdf
2024,综合,195,赣南医科大学,148949,02,不限,435,35341,https://www.shmeea.edu.cn/download/20240719/198.pdf
2024,综合,174,江西师范大学,149446,01,物理、化学(2科必选),485,23293,https://www.shmeea.edu.cn/download/20240719/198.pdf
2024,综合,174,江西师范大学,148948,02,历史、思想政治(2科必选),504,18539,https://www.shmeea.edu.cn/download/20240719/198.pdf
2024,综合,174,江西师范大学,148661,03,地理必选,515,15734,https://www.shmeea.edu.cn/download/20240719/198.pdf
2024,综合,174,江西师范大学,148531,04,不限,485,23293,https://www.shmeea.edu.cn/download/20240719/198.pdf
2024,综合,186,上饶师范学院,148947,02,不限,426,37259,https://www.shmeea.edu.cn/download/20240719/198.pdf
2024,综合,192,宜春学院,149444,01,物理、化学(2科必选),452,31399,https://www.shmeea.edu.cn/download/20240719/198.pdf
2024,综合,192,宜春学院,148946,02,物、化、生(3科必选),418,38869,https://www.shmeea.edu.cn/download/20240719/198.pdf
2024,综合,192,宜春学院,148660,03,生物必选,435,35341,https://www.shmeea.edu.cn/download/20240719/198.pdf
2024,综合,192,宜春学院,148530,04,物理必选,428,36833,https://www.shmeea.edu.cn/download/20240719/198.pdf
2024,综合,192,宜春学院,148477,05,不限,425,37468,https://www.shmeea.edu.cn/download/20240719/198.pdf
2024,综合,189,赣南师范大学,149443,01,物理必选,439,34482,https://www.shmeea.edu.cn/download/20240719/198.pdf
2024,综合,189,赣南师范大学,148945,02,历史必选,468,27525,https://www.shmeea.edu.cn/download/20240719/198.pdf
2024,综合,189,赣南师范大学,148659,03,地理必选,468,27525,https://www.shmeea.edu.cn/download/20240719/198.pdf
2024,综合,189,赣南师范大学,148529,04,不限,440,34239,https://www.shmeea.edu.cn/download/20240719/198.pdf
2024,综合,189,赣南师范大学,148476,05,不限,430,36436,https://www.shmeea.edu.cn/download/20240719/198.pdf
2024,综合,604,井冈山大,60401,01,,419,38662,https://www.shmeea.edu.cn/download/20240719/198.pdf
2024,综合,604,井冈山大,60402,02,,407,40915,https://www.shmeea.edu.cn/download/20240719/198.pdf
2024,综合,175,江西财经大学,149441,01,物理、化学(2科必选),493,21226,https://www.shmeea.edu.cn/download/20240719/198.pdf
2024,综合,175,江西财经大学,148943,02,物理必选,501,19243,https://www.shmeea.edu.cn/download/20240719/198.pdf
2024,综合,175,江西财经大学,148658,03,不限,510,17049,https://www.shmeea.edu.cn/download/20240719/198.pdf
2024,综合,175,江西财经大学,148528,04,不限,509,17313,https://www.shmeea.edu.cn/download/20240719/198.pdf
2024,综合,175,江西财经大学,148475,05,不限,498,19960,https://www.shmeea.edu.cn/download/20240719/198.pdf
2024,综合,175,江西财经大学,148457,06,物理、化学(2科必选),513,16250,https://www.shmeea.edu.cn/download/20240719/198.pdf
2024,综合,175,江西财经大学,148451,07,物理必选,486,23040,https://www.shmeea.edu.cn/download/20240719/198.pdf
2024,综合,869,江西科技学院,149440,01,物理、化学(2科必选),409,40573,https://www.shmeea.edu.cn/download/20240719/198.pdf
2024,综合,869,江西科技学院,148942,02,不限,410,40401,https://www.shmeea.edu.cn/download/20240719/198.pdf
2024,综合,607,江西科师,149640,01,物理、化学(2科必选),405,41271,https://www.shmeea.edu.cn/download/20240719/198.pdf
2024,综合,607,江西科师,149087,02,物理必选,415,39454,https://www.shmeea.edu.cn/download/20240719/198.pdf
2024,综合,607,江西科师,148726,03,不限,469,27273,https://www.shmeea.edu.cn/download/20240719/198.pdf
2024,综合,608,南昌工程,60801,01,,436,35127,https://www.shmeea.edu.cn/download/20240719/198.pdf
2024,综合,608,南昌工程,60802,02,,428,36833,https://www.shmeea.edu.cn/download/20240719/198.pdf
2024,综合,608,南昌工程,60803,03,,430,36436,https://www.shmeea.edu.cn/download/20240719/198.pdf
2024,综合,194,九江学院,149437,01,物理、化学(2科必选),429,36629,https://www.shmeea.edu.cn/download/20240719/198.pdf
2024,综合,194,九江学院,148939,02,不限,427,37063,https://www.shmeea.edu.cn/download/20240719/198.pdf
2024,综合,613,南昌工院,61301,01,,411,40210,https://www.shmeea.edu.cn/download/20240719/198.pdf
2024,综合,614,昌大科技,61401,01,,403,41594,https://www.shmeea.edu.cn/download/20240719/198.pdf
2024,综合,2432,赣东学院,149433,01,不限,428,36833,https://www.shmeea.edu.cn/download/20240719/198.pdf
2024,综合,617,南航科技,61701,01,,403,41594,https://www.shmeea.edu.cn/download/20240719/198.pdf
2024,综合,618,赣南科院,61801,01,,420,38443,https://www.shmeea.edu.cn/download/20240719/198.pdf
2024,综合,618,赣南科院,61802,02,,422,38053,https://www.shmeea.edu.cn/download/20240719/198.pdf
2024,综合,620,赣农商院,62002,02,,404,41433,https://www.shmeea.edu.cn/download/20240719/198.pdf
2024,综合,621,南昌医学,62101,01,,492,21473,https://www.shmeea.edu.cn/download/20240719/198.pdf
2024,综合,621,南昌医学,62102,02,,487,22781,https://www.shmeea.edu.cn/download/20240719/198.pdf
2024,综合,621,南昌医学,62103,03,,456,30473,https://www.shmeea.edu.cn/download/20240719/198.pdf
2024,综合,621,南昌医学,62104,04,,429,36629,https://www.shmeea.edu.cn/download/20240719/198.pdf
2024,综合,621,南昌医学,62105,05,,424,37692,https://www.shmeea.edu.cn/download/20240719/198.pdf
2024,综合,621,南昌医学,62106,06,,449,32134,https://www.shmeea.edu.cn/download/20240719/198.pdf
2024,综合,621,南昌医学,62107,07,,435,35341,https://www.shmeea.edu.cn/download/20240719/198.pdf
2024,综合,621,南昌医学,62108,08,,427,37063,https://www.shmeea.edu.cn/download/20240719/198.pdf
2024,综合,622,江师科技,149407,01,物理、化学(2科必选),406,41077,https://www.shmeea.edu.cn/download/20240719/198.pdf
2024,综合,622,江师科技,148922,02,物理必选,404,41433,https://www.shmeea.edu.cn/download/20240719/198.pdf
2024,综合,622,江师科技,148650,03,思想政治必选,411,40210,https://www.shmeea.edu.cn/download/20240719/198.pdf
2024,综合,623,赣师科技,62301,01,,403,41594,https://www.shmeea.edu.cn/download/20240719/198.pdf
2024,综合,624,江财经管,62401,01,,405,41271,https://www.shmeea.edu.cn/download/20240719/198.pdf
2024,综合,624,江财经管,62402,02,,403,41594,https://www.shmeea.edu.cn/download/20240719/198.pdf
2024,综合,2889,南昌师范学院,149425,01,不限,423,37882,https://www.shmeea.edu.cn/download/20240719/198.pdf
2024,综合,626,赣应科院,62601,01,,417,39079,https://www.shmeea.edu.cn/download/20240719/198.pdf
2024,综合,957,江西工程学院,149423,01,物理、化学(2科必选),409,40573,https://www.shmeea.edu.cn/download/20240719/198.pdf
2024,综合,957,江西工程学院,148933,02,不限,408,40752,https://www.shmeea.edu.cn/download/20240719/198.pdf
2024,综合,126,山东大学,149422,01,物理、化学(2科必选),570,4158,https://www.shmeea.edu.cn/download/20240719/198.pdf
2024,综合,126,山东大学,148932,02,不限,558,6285,https://www.shmeea.edu.cn/download/20240719/198.pdf
2024,综合,61,中国海洋大学,149421,01,物理、化学(2科必选),551,7592,https://www.shmeea.edu.cn/download/20240719/198.pdf
2024,综合,61,中国海洋大学,148931,02,不限,547,8372,https://www.shmeea.edu.cn/download/20240719/198.pdf
2024,综合,61,中国海洋大学,148653,03,物理、化学(2科必选),556,6631,https://www.shmeea.edu.cn/download/20240719/198.pdf
2024,综合,61,中国海洋大学,148526,04,不限,543,9186,https://www.shmeea.edu.cn/download/20240719/198.pdf
2024,综合,643,石油华东,64301,01,,540,9848,https://www.shmeea.edu.cn/download/20240719/198.pdf
2024,综合,643,石油华东,64302,02,,534,11234,https://www.shmeea.edu.cn/download/20240719/198.pdf
2024,综合,643,石油华东,64303,03,,526,13085,https://www.shmeea.edu.cn/download/20240719/198.pdf
2024,综合,644,山大威海,64401,01,,569,4317,https://www.shmeea.edu.cn/download/20240719/198.pdf
2024,综合,644,山大威海,64402,02,,553,7218,https://www.shmeea.edu.cn/download/20240719/198.pdf
2024,综合,645,哈工威海,64501,01,,573,3676,https://www.shmeea.edu.cn/download/20240719/198.pdf
2024,综合,537,山东科技大学,149417,01,物理、化学(2科必选),480,24562,https://www.shmeea.edu.cn/download/20240719/198.pdf
2024,综合,537,山东科技大学,148928,02,物理必选,453,31179,https://www.shmeea.edu.cn/download/20240719/198.pdf
2024,综合,507,青岛科技大学,149416,01,物理、化学(2科必选),466,28028,https://www.shmeea.edu.cn/download/20240719/198.pdf
2024,综合,507,青岛科技大学,148927,02,不限,442,33781,https://www.shmeea.edu.cn/download/20240719/198.pdf
2024,综合,71,济南大学,149415,01,物理、化学(2科必选),488,22514,https://www.shmeea.edu.cn/download/20240719/198.pdf
2024,综合,71,济南大学,148926,02,不限,463,28756,https://www.shmeea.edu.cn/download/20240719/198.pdf
2024,综合,509,青岛理工大学,149414,01,物理、化学(2科必选),440,34239,https://www.shmeea.edu.cn/download/20240719/198.pdf
2024,综合,509,青岛理工大学,148925,02,物理必选,485,23293,https://www.shmeea.edu.cn/download/20240719/198.pdf
2024,综合,509,青岛理工大学,148651,03,不限,443,33531,https://www.shmeea.edu.cn/download/20240719/198.pdf
2024,综合,528,山东建筑大学,149413,01,物理必选,434,35570,https://www.shmeea.edu.cn/download/20240719/198.pdf
2024,综合,528,山东建筑大学,148924,02,不限,432,36033,https://www.shmeea.edu.cn/download/20240719/198.pdf
2024,综合,540,山东理工大学,149412,01,不限,447,32641,https://www.shmeea.edu.cn/download/20240719/198.pdf
2024,综合,491,青岛农业大学,149411,01,物理、化学(2科必选),410,40401,https://www.shmeea.edu.cn/download/20240719/198.pdf
2024,综合,653,山东二医,65301,01,,511,16761,https://www.shmeea.edu.cn/download/20240719/198.pdf
2024,综合,654,滨州医学,65401,01,,506,18067,https://www.shmeea.edu.cn/download/20240719/198.pdf
2024,综合,655,济宁医学,149727,01,不限,477,25299,https://www.shmeea.edu.cn/download/20240719/198.pdf
2024,综合,622,山东师范大学,149407,01,物理、化学(2科必选),483,23814,https://www.shmeea.edu.cn/download/20240719/198.pdf
2024,综合,622,山东师范大学,148922,02,物理必选,483,23814,https://www.shmeea.edu.cn/download/20240719/198.pdf
2024,综合,622,山东师范大学,148650,03,思想政治必选,501,19243,https://www.shmeea.edu.cn/download/20240719/198.pdf
2024,综合,622,山东师范大学,148525,04,地理必选,493,21226,https://www.shmeea.edu.cn/download/20240719/198.pdf
2024,综合,622,山东师范大学,148473,05,不限,471,26748,https://www.shmeea.edu.cn/download/20240719/198.pdf
2024,综合,622,山东师范大学,148455,06,不限,475,25819,https://www.shmeea.edu.cn/download/20240719/198.pdf
2024,综合,510,曲阜师范大学,149406,01,物理、化学(2科必选),475,25819,https://www.shmeea.edu.cn/download/20240719/198.pdf
2024,综合,510,曲阜师范大学,148921,02,不限,505,18290,https://www.shmeea.edu.cn/download/20240719/198.pdf
2024,综合,555,鲁东大学,149405,01,物理、化学(2科必选),422,38053,https://www.shmeea.edu.cn/download/20240719/198.pdf
2024,综合,555,鲁东大学,148920,02,不限,437,34923,https://www.shmeea.edu.cn/download/20240719/198.pdf
2024,综合,2093,济宁学院,149404,01,物理、化学(2科必选),417,39079,https://www.shmeea.edu.cn/download/20240719/198.pdf
2024,综合,2093,济宁学院,148919,02,不限,430,36436,https://www.shmeea.edu.cn/download/20240719/198.pdf
2024,综合,2135,齐鲁医药学院,149403,01,物理、化学(2科必选),406,41077,https://www.shmeea.edu.cn/download/20240719/198.pdf
2024,综合,2135,齐鲁医药学院,148918,02,化学必选,422,38053,https://www.shmeea.edu.cn/download/20240719/198.pdf
2024,综合,552,潍坊学院,149402,01,不限,421,38266,https://www.shmeea.edu.cn/download/20240719/198.pdf
2024,综合,534,山东交通学院,149401,01,不限,438,34709,https://www.shmeea.edu.cn/download/20240719/198.pdf
2024,综合,526,山东工商学院,149400,01,不限,432,36033,https://www.shmeea.edu.cn/download/20240719/198.pdf
2024,综合,665,山东石化,66501,01,,419,38662,https://www.shmeea.edu.cn/download/20240719/198.pdf
2024,综合,666,聊城东昌,66601,01,,404,41433,https://www.shmeea.edu.cn/download/20240719/198.pdf
2024,综合,499,青岛大学,149397,01,物理、化学(2科必选),510,17049,https://www.shmeea.edu.cn/download/20240719/198.pdf
2024,综合,499,青岛大学,148917,02,物理必选,492,21473,https://www.shmeea.edu.cn/download/20240719/198.pdf
2024,综合,499,青岛大学,148649,03,不限,482,24080,https://www.shmeea.edu.cn/download/20240719/198.pdf
2024,综合,668,青岛恒星,66801,01,,403,41594,https://www.shmeea.edu.cn/download/20240719/198.pdf
2024,综合,554,烟台大学,149395,01,物理、化学(2科必选),447,32641,https://www.shmeea.edu.cn/download/20240719/198.pdf
2024,综合,554,烟台大学,148915,02,不限,451,31665,https://www.shmeea.edu.cn/download/20240719/198.pdf
2024,综合,547,齐鲁工业大学,149394,01,不限,449,32134,https://www.shmeea.edu.cn/download/20240719/198.pdf
2024,综合,1210,山东航空学院,149393,01,物理、化学(2科必选),431,36222,https://www.shmeea.edu.cn/download/20240719/198.pdf
2024,综合,1210,山东航空学院,148914,02,不限,435,35341,https://www.shmeea.edu.cn/download/20240719/198.pdf
2024,综合,1142,山东中医药大学,149392,01,物理、化学(2科必选),495,20693,https://www.shmeea.edu.cn/download/20240719/198.pdf
2024,综合,673,北交威海,67301,01,,531,11919,https://www.shmeea.edu.cn/download/20240719/198.pdf
2024,综合,681,华北水电,68101,01,,431,36222,https://www.shmeea.edu.cn/download/20240719/198.pdf
2024,综合,681,华北水电,68102,02,,440,34239,https://www.shmeea.edu.cn/download/20240719/198.pdf
2024,综合,681,华北水电,68103,03,,434,35570,https://www.shmeea.edu.cn/download/20240719/198.pdf
2024,综合,62,郑州大学,149389,01,物理、化学(2科必选),535,10985,https://www.shmeea.edu.cn/download/20240719/198.pdf
2024,综合,62,郑州大学,148912,02,物理必选,526,13085,https://www.shmeea.edu.cn/download/20240719/198.pdf
2024,综合,62,郑州大学,148647,03,不限,527,12860,https://www.shmeea.edu.cn/download/20240719/198.pdf
2024,综合,463,河南理工大学,149388,01,物理、化学(2科必选),433,35806,https://www.shmeea.edu.cn/download/20240719/198.pdf
2024,综合,463,河南理工大学,148911,02,物理必选,442,33781,https://www.shmeea.edu.cn/download/20240719/198.pdf
2024,综合,463,河南理工大学,148646,03,不限,444,33286,https://www.shmeea.edu.cn/download/20240719/198.pdf
2024,综合,684,郑州轻工,149722,01,不限,414,39641,https://www.shmeea.edu.cn/download/20240719/198.pdf
2024,综合,684,郑州轻工,68402,02,,430,36436,https://www.shmeea.edu.cn/download/20240719/198.pdf
2024,综合,466,河南工业大学,149386,01,物理、化学(2科必选),435,35341,https://www.shmeea.edu.cn/download/20240719/198.pdf
2024,综合,466,河南工业大学,148909,02,不限,432,36033,https://www.shmeea.edu.cn/download/20240719/198.pdf
2024,综合,466,河南工业大学,148645,03,物理、化学(2科必选),420,38443,https://www.shmeea.edu.cn/download/20240719/198.pdf
2024,综合,460,河南科技大学,149385,01,不限,438,34709,https://www.shmeea.edu.cn/download/20240719/198.pdf
2024,综合,687,中原工院,149648,01,物理、化学(2科必选),422,38053,https://www.shmeea.edu.cn/download/20240719/198.pdf
2024,综合,462,河南农业大学,149383,01,物理、化学(2科必选),461,29262,https://www.shmeea.edu.cn/download/20240719/198.pdf
2024,综合,462,河南农业大学,148908,02,物理、化学(2科必选),429,36629,https://www.shmeea.edu.cn/download/20240719/198.pdf
2024,综合,462,河南农业大学,148644,03,不限,440,34239,https://www.shmeea.edu.cn/download/20240719/198.pdf
2024,综合,873,河南中医药大学,149382,01,物理、化学(2科必选),445,33071,https://www.shmeea.edu.cn/download/20240719/198.pdf
2024,综合,690,新乡医学,69001,01,,495,20693,https://www.shmeea.edu.cn/download/20240719/198.pdf
2024,综合,459,河南大学,149380,01,物理、化学(2科必选),486,23040,https://www.shmeea.edu.cn/download/20240719/198.pdf
2024,综合,459,河南大学,148907,02,历史必选,506,18067,https://www.shmeea.edu.cn/download/20240719/198.pdf
2024,综合,459,河南大学,148643,03,地理必选,499,19729,https://www.shmeea.edu.cn/download/20240719/198.pdf
2024,综合,459,河南大学,148524,04,不限,482,24080,https://www.shmeea.edu.cn/download/20240719/198.pdf
2024,综合,459,河南大学,148472,05,物理、化学(2科必选),488,22514,https://www.shmeea.edu.cn/download/20240719/198.pdf
2024,综合,487,南阳师范学院,149379,01,物理必选,418,38869,https://www.shmeea.edu.cn/download/20240719/198.pdf
2024,综合,487,南阳师范学院,148906,02,不限,430,36436,https://www.shmeea.edu.cn/download/20240719/198.pdf
2024,综合,489,商丘师范学院,149378,01,物理、化学(2科必选),424,37692,https://www.shmeea.edu.cn/download/20240719/198.pdf
2024,综合,489,商丘师范学院,148905,02,物理必选,420,38443,https://www.shmeea.edu.cn/download/20240719/198.pdf
2024,综合,489,商丘师范学院,148642,03,不限,424,37692,https://www.shmeea.edu.cn/download/20240719/198.pdf
2024,综合,694,河南财政,69401,01,,463,28756,https://www.shmeea.edu.cn/download/20240719/198.pdf
2024,综合,695,郑州航空,69501,01,,422,38053,https://www.shmeea.edu.cn/download/20240719/198.pdf
2024,综合,695,郑州航空,69502,02,,428,36833,https://www.shmeea.edu.cn/download/20240719/198.pdf
2024,综合,1178,洛阳理工学院,149375,01,不限,424,37692,https://www.shmeea.edu.cn/download/20240719/198.pdf
2024,综合,697,安阳工院,69701,01,,416,39269,https://www.shmeea.edu.cn/download/20240719/198.pdf
2024,综合,1518,河南城建学院,149373,01,不限,418,38869,https://www.shmeea.edu.cn/download/20240719/198.pdf
2024,综合,1518,河南城建学院,148903,02,不限,422,38053,https://www.shmeea.edu.cn/download/20240719/198.pdf
2024,综合,833,河南师范大学,149372,01,物理、化学(2科必选),468,27525,https://www.shmeea.edu.cn/download/20240719/198.pdf
2024,综合,833,河南师范大学,148902,02,不限,477,25299,https://www.shmeea.edu.cn/download/20240719/198.pdf
2024,综合,701,平顶学院,70101,01,,412,39998,https://www.shmeea.edu.cn/download/20240719/198.pdf
2024,综合,702,河南工院,70201,01,,424,37692,https://www.shmeea.edu.cn/download/20240719/198.pdf
2024,综合,1919,新乡学院,149369,01,物理、化学(2科必选),420,38443,https://www.shmeea.edu.cn/download/20240719/198.pdf
2024,综合,423,中南民族大学,149368,01,物理、化学(2科必选),452,31399,https://www.shmeea.edu.cn/download/20240719/198.pdf
2024,综合,423,中南民族大学,148901,02,不限,462,29014,https://www.shmeea.edu.cn/download/20240719/198.pdf
2024,综合,42,武汉大学,149367,01,物理、化学(2科必选),578,2962,https://www.shmeea.edu.cn/download/20240719/198.pdf
2024,综合,42,武汉大学,148900,02,不限,570,4158,https://www.shmeea.edu.cn/download/20240719/198.pdf
2024,综合,127,华中科技大学,149366,01,物理、化学(2科必选),578,2962,https://www.shmeea.edu.cn/download/20240719/198.pdf
2024,综合,127,华中科技大学,148899,02,物理、化学(2科必选),578,2962,https://www.shmeea.edu.cn/download/20240719/198.pdf
2024,综合,714,地大武汉,71401,01,,536,10760,https://www.shmeea.edu.cn/download/20240719/198.pdf
2024,综合,714,地大武汉,71402,02,,528,12627,https://www.shmeea.edu.cn/download/20240719/198.pdf
2024,综合,128,武汉理工大学,149364,01,物理、化学(2科必选),550,7798,https://www.shmeea.edu.cn/download/20240719/198.pdf
2024,综合,128,武汉理工大学,148897,02,不限,533,11462,https://www.shmeea.edu.cn/download/20240719/198.pdf
2024,综合,417,华中农业大学,149363,01,物理、化学(2科必选),532,11678,https://www.shmeea.edu.cn/download/20240719/198.pdf
2024,综合,417,华中农业大学,148896,02,物理必选,535,10985,https://www.shmeea.edu.cn/download/20240719/198.pdf
2024,综合,420,华中师范大学,149362,01,物理、化学(2科必选),543,9186,https://www.shmeea.edu.cn/download/20240719/198.pdf
2024,综合,420,华中师范大学,148895,02,历史必选,548,8178,https://www.shmeea.edu.cn/download/20240719/198.pdf
2024,综合,420,华中师范大学,148641,03,不限,530,12143,https://www.shmeea.edu.cn/download/20240719/198.pdf
2024,综合,718,中南财政,71801,01,,542,9417,https://www.shmeea.edu.cn/download/20240719/198.pdf
2024,综合,718,中南财政,71802,02,,545,8758,https://www.shmeea.edu.cn/download/20240719/198.pdf
2024,综合,718,中南财政,71803,03,,540,9848,https://www.shmeea.edu.cn/download/20240719/198.pdf
2024,综合,1007,武汉科技大学,149360,01,物理、化学(2科必选),507,17795,https://www.shmeea.edu.cn/download/20240719/198.pdf
2024,综合,428,长江大学,149359,01,物理、化学(2科必选),465,28294,https://www.shmeea.edu.cn/download/20240719/198.pdf
2024,综合,428,长江大学,148893,02,物理、生物(2科必选),482,24080,https://www.shmeea.edu.cn/download/20240719/198.pdf
2024,综合,428,长江大学,148639,03,生物必选,456,30473,https://www.shmeea.edu.cn/download/20240719/198.pdf
2024,综合,428,长江大学,148523,04,不限,452,31399,https://www.shmeea.edu.cn/download/20240719/198.pdf
2024,综合,721,武汉工程,72101,01,,445,33071,https://www.shmeea.edu.cn/download/20240719/198.pdf
2024,综合,436,武汉轻工大学,149357,01,物理、化学(2科必选),436,35127,https://www.shmeea.edu.cn/download/20240719/198.pdf
2024,综合,437,湖北中医药大学,149356,01,物理、化学(2科必选),435,35341,https://www.shmeea.edu.cn/download/20240719/198.pdf
2024,综合,437,湖北中医药大学,148892,02,化学必选,468,27525,https://www.shmeea.edu.cn/download/20240719/198.pdf
2024,综合,437,湖北中医药大学,148638,03,不限,439,34482,https://www.shmeea.edu.cn/download/20240719/198.pdf
2024,综合,425,湖北大学,149355,01,物理、化学(2科必选),404,41433,https://www.shmeea.edu.cn/download/20240719/198.pdf
2024,综合,425,湖北大学,148891,02,物理必选,486,23040,https://www.shmeea.edu.cn/download/20240719/198.pdf
2024,综合,425,湖北大学,148637,03,不限,482,24080,https://www.shmeea.edu.cn/download/20240719/198.pdf
2024,综合,438,湖北医药学院,149354,01,物理、化学(2科必选),475,25819,https://www.shmeea.edu.cn/download/20240719/198.pdf
2024,综合,431,三峡大学,149353,01,物理、化学(2科必选),475,25819,https://www.shmeea.edu.cn/download/20240719/198.pdf
2024,综合,431,三峡大学,148890,02,物理、化学(2科必选),488,22514,https://www.shmeea.edu.cn/download/20240719/198.pdf
2024,综合,1104,武昌首义学院,149352,01,物理、化学(2科必选),416,39269,https://www.shmeea.edu.cn/download/20240719/198.pdf
2024,综合,1104,武昌首义学院,148889,02,不限,408,40752,https://www.shmeea.edu.cn/download/20240719/198.pdf
2024,综合,1157,武昌理工学院,149351,01,不限,405,41271,https://www.shmeea.edu.cn/download/20240719/198.pdf
2024,综合,730,武汉城院,73001,01,,407,40915,https://www.shmeea.edu.cn/download/20240719/198.pdf
2024,综合,731,三峡科技,73101,01,,410,40401,https://www.shmeea.edu.cn/download/20240719/198.pdf
2024,综合,2459,武汉文理学院,149348,01,物理、化学(2科必选),411,40210,https://www.shmeea.edu.cn/download/20240719/198.pdf
2024,综合,2459,武汉文理学院,148888,02,不限,403,41594,https://www.shmeea.edu.cn/download/20240719/198.pdf
2024,综合,1077,文华学院,149347,01,物理、化学(2科必选),410,40401,https://www.shmeea.edu.cn/download/20240719/198.pdf
2024,综合,1077,文华学院,148887,02,不限,403,41594,https://www.shmeea.edu.cn/download/20240719/198.pdf
2024,综合,734,武汉华夏,73401,01,,416,39269,https://www.shmeea.edu.cn/download/20240719/198.pdf
2024,综合,734,武汉华夏,73402,02,,403,41594,https://www.shmeea.edu.cn/download/20240719/198.pdf
2024,综合,735,鄂医药护,73501,01,,425,37468,https://www.shmeea.edu.cn/download/20240719/198.pdf
2024,综合,738,武纺外贸,73801,01,,411,40210,https://www.shmeea.edu.cn/download/20240719/198.pdf
2024,综合,739,湖北汽院,73901,01,,441,33999,https://www.shmeea.edu.cn/download/20240719/198.pdf
2024,综合,44,湖南大学,149342,01,物理、化学(2科必选),566,4841,https://www.shmeea.edu.cn/download/20240719/198.pdf
2024,综合,44,湖南大学,148885,02,物理必选,563,5356,https://www.shmeea.edu.cn/download/20240719/198.pdf
2024,综合,44,湖南大学,148636,03,历史必选,560,5899,https://www.shmeea.edu.cn/download/20240719/198.pdf
2024,综合,44,湖南大学,148522,04,不限,553,7218,https://www.shmeea.edu.cn/download/20240719/198.pdf
2024,综合,123,中南大学,149341,01,物理、化学(2科必选),565,5019,https://www.shmeea.edu.cn/download/20240719/198.pdf
2024,综合,123,中南大学,148884,02,物、化、生(3科必选),571,3998,https://www.shmeea.edu.cn/download/20240719/198.pdf
2024,综合,123,中南大学,74203,03,,578,2962,https://www.shmeea.edu.cn/download/20240719/198.pdf
2024,综合,385,湘潭大学,149340,01,不限,492,21473,https://www.shmeea.edu.cn/download/20240719/198.pdf
2024,综合,388,湖南科技大学,149339,01,物理、化学(2科必选),442,33781,https://www.shmeea.edu.cn/download/20240719/198.pdf
2024,综合,388,湖南科技大学,148883,02,物理必选,443,33531,https://www.shmeea.edu.cn/download/20240719/198.pdf
2024,综合,388,湖南科技大学,148635,03,地理必选,471,26748,https://www.shmeea.edu.cn/download/20240719/198.pdf
2024,综合,388,湖南科技大学,148521,04,不限,447,32641,https://www.shmeea.edu.cn/download/20240719/198.pdf
2024,综合,389,长沙理工大学,149338,01,物理、化学(2科必选),504,18539,https://www.shmeea.edu.cn/download/20240719/198.pdf
2024,综合,389,长沙理工大学,148882,02,物理必选,487,22781,https://www.shmeea.edu.cn/download/20240719/198.pdf
2024,综合,389,长沙理工大学,148634,03,不限,476,25541,https://www.shmeea.edu.cn/download/20240719/198.pdf
2024,综合,392,湖南农业大学,149337,01,物理、化学(2科必选),451,31665,https://www.shmeea.edu.cn/download/20240719/198.pdf
2024,综合,392,湖南农业大学,148881,02,不限,443,33531,https://www.shmeea.edu.cn/download/20240719/198.pdf
2024,综合,402,湖南中医药大学,149336,01,物理、化学(2科必选),466,28028,https://www.shmeea.edu.cn/download/20240719/198.pdf
2024,综合,402,湖南中医药大学,148880,02,化学必选,468,27525,https://www.shmeea.edu.cn/download/20240719/198.pdf
2024,综合,58,湖南师范大学,149335,01,物理、化学(2科必选),531,11919,https://www.shmeea.edu.cn/download/20240719/198.pdf
2024,综合,58,湖南师范大学,148879,02,历史必选,525,13276,https://www.shmeea.edu.cn/download/20240719/198.pdf
2024,综合,58,湖南师范大学,148633,03,不限,523,13763,https://www.shmeea.edu.cn/download/20240719/198.pdf
2024,综合,749,湖南理工,74901,01,,434,35570,https://www.shmeea.edu.cn/download/20240719/198.pdf
2024,综合,749,湖南理工,74902,02,,430,36436,https://www.shmeea.edu.cn/download/20240719/198.pdf
2024,综合,749,湖南理工,74903,03,,418,38869,https://www.shmeea.edu.cn/download/20240719/198.pdf
2024,综合,403,湘南学院,149333,01,物理、化学(2科必选),427,37063,https://www.shmeea.edu.cn/download/20240719/198.pdf
2024,综合,403,湘南学院,148877,02,化学必选,448,32390,https://www.shmeea.edu.cn/download/20240719/198.pdf
2024,综合,403,湘南学院,148631,03,不限,423,37882,https://www.shmeea.edu.cn/download/20240719/198.pdf
2024,综合,406,衡阳师范学院,149332,01,思想政治必选,443,33531,https://www.shmeea.edu.cn/download/20240719/198.pdf
2024,综合,406,衡阳师范学院,148876,02,地理必选,431,36222,https://www.shmeea.edu.cn/download/20240719/198.pdf
2024,综合,406,衡阳师范学院,148630,03,不限,429,36629,https://www.shmeea.edu.cn/download/20240719/198.pdf
2024,综合,418,邵阳学院,149331,01,不限,419,38662,https://www.shmeea.edu.cn/download/20240719/198.pdf
2024,综合,415,湖南文理学院,149330,01,物理、化学(2科必选),424,37692,https://www.shmeea.edu.cn/download/20240719/198.pdf
2024,综合,415,湖南文理学院,148875,02,思想政治必选,436,35127,https://www.shmeea.edu.cn/download/20240719/198.pdf
2024,综合,415,湖南文理学院,148629,03,不限,428,36833,https://www.shmeea.edu.cn/download/20240719/198.pdf
2024,综合,754,湖南科技,75401,01,,427,37063,https://www.shmeea.edu.cn/download/20240719/198.pdf
2024,综合,754,湖南科技,75402,02,,425,37468,https://www.shmeea.edu.cn/download/20240719/198.pdf
2024,综合,407,湖南工商大学,149328,01,物理、化学(2科必选),437,34923,https://www.shmeea.edu.cn/download/20240719/198.pdf
2024,综合,407,湖南工商大学,148873,02,不限,441,33999,https://www.shmeea.edu.cn/download/20240719/198.pdf
2024,综合,391,南华大学,149327,01,物理、化学(2科必选),451,31665,https://www.shmeea.edu.cn/download/20240719/198.pdf
2024,综合,391,南华大学,148872,02,物理必选,440,34239,https://www.shmeea.edu.cn/download/20240719/198.pdf
2024,综合,391,南华大学,148628,03,化学必选,459,29755,https://www.shmeea.edu.cn/download/20240719/198.pdf
2024,综合,391,南华大学,148520,04,不限,435,35341,https://www.shmeea.edu.cn/download/20240719/198.pdf
2024,综合,757,长沙医学,75701,01,,409,40573,https://www.shmeea.edu.cn/download/20240719/198.pdf
2024,综合,1029,长沙学院,149325,01,物理必选,430,36436,https://www.shmeea.edu.cn/download/20240719/198.pdf
2024,综合,1029,长沙学院,148871,02,思想政治必选,437,34923,https://www.shmeea.edu.cn/download/20240719/198.pdf
2024,综合,1029,长沙学院,148627,03,不限,437,34923,https://www.shmeea.edu.cn/download/20240719/198.pdf
2024,综合,759,湖南工程,75901,01,,437,34923,https://www.shmeea.edu.cn/download/20240719/198.pdf
2024,综合,759,湖南工程,75902,02,,421,38266,https://www.shmeea.edu.cn/download/20240719/198.pdf
2024,综合,760,湖南工学,76001,01,,428,36833,https://www.shmeea.edu.cn/download/20240719/198.pdf
2024,综合,760,湖南工学,76002,02,,426,37259,https://www.shmeea.edu.cn/download/20240719/198.pdf
2024,综合,760,湖南工学,76003,03,,424,37692,https://www.shmeea.edu.cn/download/20240719/198.pdf
2024,综合,761,湖南财经,76101,01,,435,35341,https://www.shmeea.edu.cn/download/20240719/198.pdf
2024,综合,762,湘理南湖,76201,01,,417,39079,https://www.shmeea.edu.cn/download/20240719/198.pdf
2024,综合,762,湘理南湖,76203,03,,403,41594,https://www.shmeea.edu.cn/download/20240719/198.pdf
2024,综合,398,湖南工业大学,149320,01,物理、化学(2科必选),435,35341,https://www.shmeea.edu.cn/download/20240719/198.pdf
2024,综合,398,湖南工业大学,148867,02,物理必选,435,35341,https://www.shmeea.edu.cn/download/20240719/198.pdf
2024,综合,398,湖南工业大学,148624,03,不限,439,34482,https://www.shmeea.edu.cn/download/20240719/198.pdf
2024,综合,104,中山大学,149319,01,物理、化学(2科必选),573,3676,https://www.shmeea.edu.cn/download/20240719/198.pdf
2024,综合,104,中山大学,148866,02,不限,567,4662,https://www.shmeea.edu.cn/download/20240719/198.pdf
2024,综合,105,华南理工大学,149318,01,物理、化学(2科必选),572,3846,https://www.shmeea.edu.cn/download/20240719/198.pdf
2024,综合,105,华南理工大学,148865,02,不限,563,5356,https://www.shmeea.edu.cn/download/20240719/198.pdf
2024,综合,106,暨南大学,149317,01,物理、化学(2科必选),540,9848,https://www.shmeea.edu.cn/download/20240719/198.pdf
2024,综合,106,暨南大学,148864,02,物理必选,539,10069,https://www.shmeea.edu.cn/download/20240719/198.pdf
2024,综合,106,暨南大学,148623,03,不限,534,11234,https://www.shmeea.edu.cn/download/20240719/198.pdf
2024,综合,288,广东海洋大学,149316,01,物理、化学(2科必选),453,31179,https://www.shmeea.edu.cn/download/20240719/198.pdf
2024,综合,288,广东海洋大学,148863,02,物理、化学(2科必选),447,32641,https://www.shmeea.edu.cn/download/20240719/198.pdf
2024,综合,288,广东海洋大学,148622,03,物理、化学(2科必选),455,30715,https://www.shmeea.edu.cn/download/20240719/198.pdf
2024,综合,288,广东海洋大学,148519,04,物、化、生(3科必选),457,30232,https://www.shmeea.edu.cn/download/20240719/198.pdf
2024,综合,289,广州中医药大学,149315,01,物理、化学(2科必选),510,17049,https://www.shmeea.edu.cn/download/20240719/198.pdf
2024,综合,296,广东药科大学,149314,01,物理、化学(2科必选),478,25053,https://www.shmeea.edu.cn/download/20240719/198.pdf
2024,综合,98,华南师范大学,149313,01,物理必选,547,8372,https://www.shmeea.edu.cn/download/20240719/198.pdf
2024,综合,98,华南师范大学,148862,02,不限,529,12388,https://www.shmeea.edu.cn/download/20240719/198.pdf
2024,综合,1031,广东金融学院,149312,01,不限,450,31904,https://www.shmeea.edu.cn/download/20240719/198.pdf
2024,综合,960,南方医科大学,149311,01,物理、化学(2科必选),522,14026,https://www.shmeea.edu.cn/download/20240719/198.pdf
2024,综合,287,华南农业大学,149310,01,物理、化学(2科必选),504,18539,https://www.shmeea.edu.cn/download/20240719/198.pdf
2024,综合,781,珠海科院,78101,01,,419,38662,https://www.shmeea.edu.cn/download/20240719/198.pdf
2024,综合,781,珠海科院,78102,02,,411,40210,https://www.shmeea.edu.cn/download/20240719/198.pdf
2024,综合,782,北师浸会,78201,01,,536,10760,https://www.shmeea.edu.cn/download/20240719/198.pdf
2024,综合,782,北师浸会,78202,02,,535,10985,https://www.shmeea.edu.cn/download/20240719/198.pdf
2024,综合,782,北师浸会,78203,03,,528,12627,https://www.shmeea.edu.cn/download/20240719/198.pdf
2024,综合,284,深圳大学,149307,01,物理、化学(2科必选),549,7975,https://www.shmeea.edu.cn/download/20240719/198.pdf
2024,综合,284,深圳大学,148859,02,不限,535,10985,https://www.shmeea.edu.cn/download/20240719/198.pdf
2024,综合,784,广以理工,78401,01,,534,11234,https://www.shmeea.edu.cn/download/20240719/198.pdf
2024,综合,295,广州医科大学,149305,01,物理、化学(2科必选),539,10069,https://www.shmeea.edu.cn/download/20240719/198.pdf
2024,综合,299,岭南师范学院,149304,01,物理、化学(2科必选),425,37468,https://www.shmeea.edu.cn/download/20240719/198.pdf
2024,综合,299,岭南师范学院,148858,02,物理必选,418,38869,https://www.shmeea.edu.cn/download/20240719/198.pdf
2024,综合,299,岭南师范学院,148620,03,历史必选,442,33781,https://www.shmeea.edu.cn/download/20240719/198.pdf
2024,综合,299,岭南师范学院,148518,04,不限,420,38443,https://www.shmeea.edu.cn/download/20240719/198.pdf
2024,综合,283,汕头大学,149303,01,不限,469,27273,https://www.shmeea.edu.cn/download/20240719/198.pdf
2024,综合,294,广东医科大学,149302,01,物理、化学(2科必选),536,10760,https://www.shmeea.edu.cn/download/20240719/198.pdf
2024,综合,294,广东医科大学,148857,02,物理、化学(2科必选),473,26270,https://www.shmeea.edu.cn/download/20240719/198.pdf
2024,综合,298,韶关学院,149301,01,物理、化学(2科必选),416,39269,https://www.shmeea.edu.cn/download/20240719/198.pdf
2024,综合,298,韶关学院,148856,02,不限,426,37259,https://www.shmeea.edu.cn/download/20240719/198.pdf
2024,综合,293,广州大学,149300,01,物理、化学(2科必选),501,19243,https://www.shmeea.edu.cn/download/20240719/198.pdf
2024,综合,791,哈工深圳,79101,01,,580,2684,https://www.shmeea.edu.cn/download/20240719/198.pdf
2024,综合,793,桂林电子,79301,01,,505,18290,https://www.shmeea.edu.cn/download/20240719/198.pdf
2024,综合,793,桂林电子,79302,02,,436,35127,https://www.shmeea.edu.cn/download/20240719/198.pdf
2024,综合,533,桂林理工大学,149297,01,不限,421,38266,https://www.shmeea.edu.cn/download/20240719/198.pdf
2024,综合,531,广西师范大学,149296,01,物理、化学(2科必选),440,34239,https://www.shmeea.edu.cn/download/20240719/198.pdf
2024,综合,531,广西师范大学,148854,02,历史必选,470,26996,https://www.shmeea.edu.cn/download/20240719/198.pdf
2024,综合,531,广西师范大学,148619,03,不限,447,32641,https://www.shmeea.edu.cn/download/20240719/198.pdf
2024,综合,96,广西大学,149295,01,物理必选,495,20693,https://www.shmeea.edu.cn/download/20240719/198.pdf
2024,综合,541,南宁师范大学,149294,01,物理必选,417,39079,https://www.shmeea.edu.cn/download/20240719/198.pdf
2024,综合,798,桂林医学,79801,01,,454,30934,https://www.shmeea.edu.cn/download/20240719/198.pdf
2024,综合,1251,梧州学院,149292,01,物理、化学(2科必选),425,37468,https://www.shmeea.edu.cn/download/20240719/198.pdf
2024,综合,1251,梧州学院,148853,02,不限,420,38443,https://www.shmeea.edu.cn/download/20240719/198.pdf
2024,综合,504,海南大学,149291,01,物理、化学(2科必选),521,14281,https://www.shmeea.edu.cn/download/20240719/198.pdf
2024,综合,511,海南师范大学,149290,01,物理、化学(2科必选),475,25819,https://www.shmeea.edu.cn/download/20240719/198.pdf
2024,综合,512,海南医科大学,149289,01,物理、化学(2科必选),512,16483,https://www.shmeea.edu.cn/download/20240719/198.pdf
2024,综合,512,海南医科大学,148851,02,物理、化学(2科必选),480,24562,https://www.shmeea.edu.cn/download/20240719/198.pdf
2024,综合,1329,三亚学院,148618,03,不限,419,38662,https://www.shmeea.edu.cn/download/20240719/198.pdf
2024,综合,806,海南比科,80601,01,,424,37692,https://www.shmeea.edu.cn/download/20240719/198.pdf
2024,综合,119,重庆大学,149286,01,物理、化学(2科必选),568,4499,https://www.shmeea.edu.cn/download/20240719/198.pdf
2024,综合,119,重庆大学,148849,02,历史必选,557,6458,https://www.shmeea.edu.cn/download/20240719/198.pdf
2024,综合,119,重庆大学,148617,03,不限,556,6631,https://www.shmeea.edu.cn/download/20240719/198.pdf
2024,综合,934,西南大学,149285,01,物理、化学(2科必选),537,10538,https://www.shmeea.edu.cn/download/20240719/198.pdf
2024,综合,934,西南大学,148848,02,不限,532,11678,https://www.shmeea.edu.cn/download/20240719/198.pdf
2024,综合,934,西南大学,148616,03,物理、化学(2科必选),541,9624,https://www.shmeea.edu.cn/download/20240719/198.pdf
2024,综合,184,重庆邮电大学,149284,01,物理、化学(2科必选),537,10538,https://www.shmeea.edu.cn/download/20240719/198.pdf
2024,综合,1018,重庆交通大学,149283,01,物理、化学(2科必选),497,20203,https://www.shmeea.edu.cn/download/20240719/198.pdf
2024,综合,1018,重庆交通大学,148847,02,不限,470,26996,https://www.shmeea.edu.cn/download/20240719/198.pdf
2024,综合,178,重庆医科大学,149282,01,物理、化学(2科必选),542,9417,https://www.shmeea.edu.cn/download/20240719/198.pdf
2024,综合,178,重庆医科大学,148846,02,物理、化学(2科必选),502,19008,https://www.shmeea.edu.cn/download/20240719/198.pdf
2024,综合,178,重庆医科大学,148615,03,物理、化学(2科必选),488,22514,https://www.shmeea.edu.cn/download/20240719/198.pdf
2024,综合,178,重庆医科大学,148516,04,化学必选,489,22270,https://www.shmeea.edu.cn/download/20240719/198.pdf
2024,综合,178,重庆医科大学,148471,05,物理、化学(2科必选),536,10760,https://www.shmeea.edu.cn/download/20240719/198.pdf
2024,综合,179,重庆师范大学,149281,01,物理、化学(2科必选),444,33286,https://www.shmeea.edu.cn/download/20240719/198.pdf
2024,综合,179,重庆师范大学,148845,02,历史必选,483,23814,https://www.shmeea.edu.cn/download/20240719/198.pdf
2024,综合,179,重庆师范大学,148614,03,不限,466,28028,https://www.shmeea.edu.cn/download/20240719/198.pdf
2024,综合,817,川外国语,81701,01,,484,23553,https://www.shmeea.edu.cn/download/20240719/198.pdf
2024,综合,817,川外国语,81702,02,,480,24562,https://www.shmeea.edu.cn/download/20240719/198.pdf
2024,综合,817,川外国语,81703,03,,473,26270,https://www.shmeea.edu.cn/download/20240719/198.pdf
2024,综合,180,西南政法大学,149279,01,不限,543,9186,https://www.shmeea.edu.cn/download/20240719/198.pdf
2024,综合,1009,重庆科技大学,149278,01,物理、化学(2科必选),446,32860,https://www.shmeea.edu.cn/download/20240719/198.pdf
2024,综合,1009,重庆科技大学,148843,02,不限,447,32641,https://www.shmeea.edu.cn/download/20240719/198.pdf
2024,综合,187,重庆理工大学,149277,01,物理、化学(2科必选),459,29755,https://www.shmeea.edu.cn/download/20240719/198.pdf
2024,综合,187,重庆理工大学,148842,02,物理必选,449,32134,https://www.shmeea.edu.cn/download/20240719/198.pdf
2024,综合,187,重庆理工大学,148612,03,不限,452,31399,https://www.shmeea.edu.cn/download/20240719/198.pdf
2024,综合,1073,重庆工商大学,149276,01,物理必选,443,33531,https://www.shmeea.edu.cn/download/20240719/198.pdf
2024,综合,1073,重庆工商大学,148841,02,不限,442,33781,https://www.shmeea.edu.cn/download/20240719/198.pdf
2024,综合,823,重庆外事,82301,01,,425,37468,https://www.shmeea.edu.cn/download/20240719/198.pdf
2024,综合,824,重庆外贸,82401,01,,411,40210,https://www.shmeea.edu.cn/download/20240719/198.pdf
2024,综合,824,重庆外贸,82402,02,,408,40752,https://www.shmeea.edu.cn/download/20240719/198.pdf
2024,综合,1476,重庆移通学院,149273,01,物理、化学(2科必选),403,41594,https://www.shmeea.edu.cn/download/20240719/198.pdf
2024,综合,1476,重庆移通学院,148839,02,不限,403,41594,https://www.shmeea.edu.cn/download/20240719/198.pdf
2024,综合,826,四川美院,82601,01,,514,15979,https://www.shmeea.edu.cn/download/20240719/198.pdf
2024,综合,826,四川美院,82602,02,,466,28028,https://www.shmeea.edu.cn/download/20240719/198.pdf
2024,综合,827,重庆城科,82701,01,,407,40915,https://www.shmeea.edu.cn/download/20240719/198.pdf
2024,综合,827,重庆城科,82702,02,,408,40752,https://www.shmeea.edu.cn/download/20240719/198.pdf
2024,综合,827,重庆城科,82703,03,,403,41594,https://www.shmeea.edu.cn/download/20240719/198.pdf
2024,综合,231,西南民族大学,149270,01,物理、化学(2科必选),438,34709,https://www.shmeea.edu.cn/download/20240719/198.pdf
2024,综合,231,西南民族大学,148836,02,不限,450,31904,https://www.shmeea.edu.cn/download/20240719/198.pdf
2024,综合,99,四川大学,149269,01,物理、化学(2科必选),576,3250,https://www.shmeea.edu.cn/download/20240719/198.pdf
2024,综合,99,四川大学,148835,02,物理、化学(2科必选),571,3998,https://www.shmeea.edu.cn/download/20240719/198.pdf
2024,综合,99,四川大学,148610,03,不限,561,5731,https://www.shmeea.edu.cn/download/20240719/198.pdf
2024,综合,99,四川大学,148515,04,物理、化学(2科必选),566,4841,https://www.shmeea.edu.cn/download/20240719/198.pdf
2024,综合,51,西南交通大学,149268,01,物理、化学(2科必选),551,7592,https://www.shmeea.edu.cn/download/20240719/198.pdf
2024,综合,51,西南交通大学,148834,02,物理、化学(2科必选),537,10538,https://www.shmeea.edu.cn/download/20240719/198.pdf
2024,综合,51,西南交通大学,148609,03,物理、化学(2科必选),525,13276,https://www.shmeea.edu.cn/download/20240719/198.pdf
2024,综合,51,西南交通大学,148514,04,物理、化学(2科必选),535,10985,https://www.shmeea.edu.cn/download/20240719/198.pdf
2024,综合,661,电子科技大学,149267,01,物理、化学(2科必选),576,3250,https://www.shmeea.edu.cn/download/20240719/198.pdf
2024,综合,101,西南财经大学,149266,01,物理必选,550,7798,https://www.shmeea.edu.cn/download/20240719/198.pdf
2024,综合,101,西南财经大学,148833,02,不限,552,7412,https://www.shmeea.edu.cn/download/20240719/198.pdf
2024,综合,101,西南财经大学,148608,03,物理必选,531,11919,https://www.shmeea.edu.cn/download/20240719/198.pdf
2024,综合,101,西南财经大学,148513,04,不限,534,11234,https://www.shmeea.edu.cn/download/20240719/198.pdf
2024,综合,836,民航飞院,83601,01,,431,36222,https://www.shmeea.edu.cn/download/20240719/198.pdf
2024,综合,836,民航飞院,83602,02,,434,35570,https://www.shmeea.edu.cn/download/20240719/198.pdf
2024,综合,836,民航飞院,83603,03,,462,29014,https://www.shmeea.edu.cn/download/20240719/198.pdf
2024,综合,836,民航飞院,83604,04,,431,36222,https://www.shmeea.edu.cn/download/20240719/198.pdf
2024,综合,268,西南石油大学,149264,01,物理、化学(2科必选),490,22003,https://www.shmeea.edu.cn/download/20240719/198.pdf
2024,综合,268,西南石油大学,148831,02,历史、思想政治(2科必选),481,24337,https://www.shmeea.edu.cn/download/20240719/198.pdf
2024,综合,268,西南石油大学,148606,03,不限,484,23553,https://www.shmeea.edu.cn/download/20240719/198.pdf
2024,综合,232,成都理工大学,149263,01,物理、化学(2科必选),513,16250,https://www.shmeea.edu.cn/download/20240719/198.pdf
2024,综合,232,成都理工大学,148830,02,不限,474,26034,https://www.shmeea.edu.cn/download/20240719/198.pdf
2024,综合,263,西南科技大学,149262,01,物理、化学(2科必选),437,34923,https://www.shmeea.edu.cn/download/20240719/198.pdf
2024,综合,263,西南科技大学,148829,02,物理必选,438,34709,https://www.shmeea.edu.cn/download/20240719/198.pdf
2024,综合,263,西南科技大学,148605,03,不限,433,35806,https://www.shmeea.edu.cn/download/20240719/198.pdf
2024,综合,840,成都信息,84001,01,,462,29014,https://www.shmeea.edu.cn/download/20240719/198.pdf
2024,综合,840,成都信息,84002,02,,439,34482,https://www.shmeea.edu.cn/download/20240719/198.pdf
2024,综合,840,成都信息,84003,03,,449,32134,https://www.shmeea.edu.cn/download/20240719/198.pdf
2024,综合,245,西华大学,149260,01,不限,444,33286,https://www.shmeea.edu.cn/download/20240719/198.pdf
2024,综合,274,西南医科大学,149259,01,物理、化学(2科必选),517,15249,https://www.shmeea.edu.cn/download/20240719/198.pdf
2024,综合,266,西华师范大学,149258,01,物理、化学(2科必选),428,36833,https://www.shmeea.edu.cn/download/20240719/198.pdf
2024,综合,770,成都东软学院,149257,01,物理、化学(2科必选),414,39641,https://www.shmeea.edu.cn/download/20240719/198.pdf
2024,综合,770,成都东软学院,148827,02,不限,408,40752,https://www.shmeea.edu.cn/download/20240719/198.pdf
2024,综合,845,西财天府,84501,01,,413,39823,https://www.shmeea.edu.cn/download/20240719/198.pdf
2024,综合,846,四川轻化,84601,01,,432,36033,https://www.shmeea.edu.cn/download/20240719/198.pdf
2024,综合,100,四川农业大学,149254,01,物理、化学(2科必选),514,15979,https://www.shmeea.edu.cn/download/20240719/198.pdf
2024,综合,265,四川师范大学,149253,01,历史、思想政治(2科必选),505,18290,https://www.shmeea.edu.cn/download/20240719/198.pdf
2024,综合,265,四川师范大学,148826,02,不限,442,33781,https://www.shmeea.edu.cn/download/20240719/198.pdf
2024,综合,264,成都中医药大学,149252,01,物理、化学(2科必选),527,12860,https://www.shmeea.edu.cn/download/20240719/198.pdf
2024,综合,2491,成都大学,149251,01,物理、化学(2科必选),460,29525,https://www.shmeea.edu.cn/download/20240719/198.pdf
2024,综合,2491,成都大学,148825,02,历史必选,469,27273,https://www.shmeea.edu.cn/download/20240719/198.pdf
2024,综合,2491,成都大学,148603,03,不限,469,27273,https://www.shmeea.edu.cn/download/20240719/198.pdf
2024,综合,342,昆明理工大学,149250,01,物理、化学(2科必选),479,24795,https://www.shmeea.edu.cn/download/20240719/198.pdf
2024,综合,342,昆明理工大学,148824,02,物、化、生(3科必选),483,23814,https://www.shmeea.edu.cn/download/20240719/198.pdf
2024,综合,343,云南农业大学,149249,01,物理、化学(2科必选),422,38053,https://www.shmeea.edu.cn/download/20240719/198.pdf
2024,综合,347,昆明医科大学,149248,01,物理、化学(2科必选),471,26748,https://www.shmeea.edu.cn/download/20240719/198.pdf
2024,综合,362,大理大学,149247,01,物理、化学(2科必选),480,24562,https://www.shmeea.edu.cn/download/20240719/198.pdf
2024,综合,362,大理大学,148823,02,不限,432,36033,https://www.shmeea.edu.cn/download/20240719/198.pdf
2024,综合,344,云南师范大学,149246,01,历史、思想政治(2科必选),492,21473,https://www.shmeea.edu.cn/download/20240719/198.pdf
2024,综合,344,云南师范大学,148822,02,物理、化学(2科必选),499,19729,https://www.shmeea.edu.cn/download/20240719/198.pdf
2024,综合,356,云南财经大学,149245,01,不限,447,32641,https://www.shmeea.edu.cn/download/20240719/198.pdf
2024,综合,359,云南警官学院,149244,01,历史、思想政治(2科必选),446,32860,https://www.shmeea.edu.cn/download/20240719/198.pdf
2024,综合,2523,滇池学院,149243,01,物理、化学(2科必选),404,41433,https://www.shmeea.edu.cn/download/20240719/198.pdf
2024,综合,860,昆医海源,86001,01,,404,41433,https://www.shmeea.edu.cn/download/20240719/198.pdf
2024,综合,35,云南大学,149239,01,物理、化学(2科必选),524,13538,https://www.shmeea.edu.cn/download/20240719/198.pdf
2024,综合,35,云南大学,148820,02,物、化、生(3科必选),527,12860,https://www.shmeea.edu.cn/download/20240719/198.pdf
2024,综合,35,云南大学,148601,03,思想政治必选,519,14753,https://www.shmeea.edu.cn/download/20240719/198.pdf
2024,综合,35,云南大学,148511,04,历史、思想政治(2科必选),515,15734,https://www.shmeea.edu.cn/download/20240719/198.pdf
2024,综合,864,云南民大,86401,01,,432,36033,https://www.shmeea.edu.cn/download/20240719/198.pdf
2024,综合,864,云南民大,86402,02,,448,32390,https://www.shmeea.edu.cn/download/20240719/198.pdf
2024,综合,864,云南民大,86403,03,,457,30232,https://www.shmeea.edu.cn/download/20240719/198.pdf
2024,综合,935,贵州大学,149237,01,物理、化学(2科必选),523,13763,https://www.shmeea.edu.cn/download/20240719/198.pdf
2024,综合,935,贵州大学,148818,02,物理、化学(2科必选),517,15249,https://www.shmeea.edu.cn/download/20240719/198.pdf
2024,综合,935,贵州大学,148599,03,物理、化学(2科必选),510,17049,https://www.shmeea.edu.cn/download/20240719/198.pdf
2024,综合,935,贵州大学,148510,04,物理、化学(2科必选),479,24795,https://www.shmeea.edu.cn/download/20240719/198.pdf
2024,综合,935,贵州大学,148470,05,不限,479,24795,https://www.shmeea.edu.cn/download/20240719/198.pdf
2024,综合,520,贵州财经大学,149236,01,物理必选,412,39998,https://www.shmeea.edu.cn/download/20240719/198.pdf
2024,综合,520,贵州财经大学,148817,02,不限,422,38053,https://www.shmeea.edu.cn/download/20240719/198.pdf
2024,综合,521,贵州中医药大学,149235,01,物理、化学(2科必选),431,36222,https://www.shmeea.edu.cn/download/20240719/198.pdf
2024,综合,330,西安交通大学,149234,01,物理、化学(2科必选),579,2831,https://www.shmeea.edu.cn/download/20240719/198.pdf
2024,综合,330,西安交通大学,148816,02,物理、化学(2科必选),562,5544,https://www.shmeea.edu.cn/download/20240719/198.pdf
2024,综合,872,西电科大,87201,01,,571,3998,https://www.shmeea.edu.cn/download/20240719/198.pdf
2024,综合,36,长安大学,149232,01,物理、化学(2科必选),539,10069,https://www.shmeea.edu.cn/download/20240719/198.pdf
2024,综合,36,长安大学,148815,02,物理必选,524,13538,https://www.shmeea.edu.cn/download/20240719/198.pdf
2024,综合,36,长安大学,148598,03,不限,520,14532,https://www.shmeea.edu.cn/download/20240719/198.pdf
2024,综合,332,西北农林科技大学,149231,01,物理、化学(2科必选),530,12143,https://www.shmeea.edu.cn/download/20240719/198.pdf
2024,综合,332,西北农林科技大学,148814,02,物、化、生(3科必选),541,9624,https://www.shmeea.edu.cn/download/20240719/198.pdf
2024,综合,332,西北农林科技大学,148597,03,物理必选,531,11919,https://www.shmeea.edu.cn/download/20240719/198.pdf
2024,综合,332,西北农林科技大学,148509,04,不限,528,12627,https://www.shmeea.edu.cn/download/20240719/198.pdf
2024,综合,334,陕西师范大学,149230,01,物理、化学(2科必选),522,14026,https://www.shmeea.edu.cn/download/20240719/198.pdf
2024,综合,334,陕西师范大学,148813,02,历史必选,534,11234,https://www.shmeea.edu.cn/download/20240719/198.pdf
2024,综合,334,陕西师范大学,148596,03,不限,524,13538,https://www.shmeea.edu.cn/download/20240719/198.pdf
2024,综合,107,西北工业大学,149229,01,物理、化学(2科必选),573,3676,https://www.shmeea.edu.cn/download/20240719/198.pdf
2024,综合,107,西北工业大学,148812,02,物理、化学(2科必选),565,5019,https://www.shmeea.edu.cn/download/20240719/198.pdf
2024,综合,37,西北大学,149228,01,历史必选,523,13763,https://www.shmeea.edu.cn/download/20240719/198.pdf
2024,综合,37,西北大学,148811,02,不限,530,12143,https://www.shmeea.edu.cn/download/20240719/198.pdf
2024,综合,349,西安理工大学,149227,01,物理、化学(2科必选),501,19243,https://www.shmeea.edu.cn/download/20240719/198.pdf
2024,综合,361,西安工业大学,149226,01,物理、化学(2科必选),466,28028,https://www.shmeea.edu.cn/download/20240719/198.pdf
2024,综合,361,西安工业大学,148810,02,不限,459,29755,https://www.shmeea.edu.cn/download/20240719/198.pdf
2024,综合,880,西安建科,149371,01,不限,470,26996,https://www.shmeea.edu.cn/download/20240719/198.pdf
2024,综合,880,西安建科,88002,02,,511,16761,https://www.shmeea.edu.cn/download/20240719/198.pdf
2024,综合,880,西安建科,88003,03,,452,31399,https://www.shmeea.edu.cn/download/20240719/198.pdf
2024,综合,880,西安建科,88004,04,,468,27525,https://www.shmeea.edu.cn/download/20240719/198.pdf
2024,综合,880,西安建科,88005,05,,449,32134,https://www.shmeea.edu.cn/download/20240719/198.pdf
2024,综合,352,西安科技大学,149224,01,物理、化学(2科必选),475,25819,https://www.shmeea.edu.cn/download/20240719/198.pdf
2024,综合,352,西安科技大学,148808,02,物理必选,456,30473,https://www.shmeea.edu.cn/download/20240719/198.pdf
2024,综合,354,西安石油大学,149223,01,物理、化学(2科必选),440,34239,https://www.shmeea.edu.cn/download/20240719/198.pdf
2024,综合,354,西安石油大学,148807,02,不限,442,33781,https://www.shmeea.edu.cn/download/20240719/198.pdf
2024,综合,357,陕西科技大学,149222,01,物理、化学(2科必选),475,25819,https://www.shmeea.edu.cn/download/20240719/198.pdf
2024,综合,357,陕西科技大学,148806,02,不限,456,30473,https://www.shmeea.edu.cn/download/20240719/198.pdf
2024,综合,357,陕西科技大学,148594,03,物理、化学(2科必选),457,30232,https://www.shmeea.edu.cn/download/20240719/198.pdf
2024,综合,371,陕西理工大学,149221,01,物理、化学(2科必选),429,36629,https://www.shmeea.edu.cn/download/20240719/198.pdf
2024,综合,371,陕西理工大学,148805,02,不限,431,36222,https://www.shmeea.edu.cn/download/20240719/198.pdf
2024,综合,369,宝鸡文理学院,149220,01,不限,418,38869,https://www.shmeea.edu.cn/download/20240719/198.pdf
2024,综合,368,渭南师范学院,149219,01,不限,405,41271,https://www.shmeea.edu.cn/download/20240719/198.pdf
2024,综合,373,西安外国语大学,149218,01,不限,476,25541,https://www.shmeea.edu.cn/download/20240719/198.pdf
2024,综合,376,西北政法大学,149217,01,不限,533,11462,https://www.shmeea.edu.cn/download/20240719/198.pdf
2024,综合,383,西安培华学院,149216,01,物理、化学(2科必选),412,39998,https://www.shmeea.edu.cn/download/20240719/198.pdf
2024,综合,383,西安培华学院,148804,02,生物必选,413,39823,https://www.shmeea.edu.cn/download/20240719/198.pdf
2024,综合,383,西安培华学院,148593,03,不限,404,41433,https://www.shmeea.edu.cn/download/20240719/198.pdf
2024,综合,375,西安财经大学,149215,01,不限,462,29014,https://www.shmeea.edu.cn/download/20240719/198.pdf
2024,综合,363,西安邮电大学,149214,01,物理、化学(2科必选),519,14753,https://www.shmeea.edu.cn/download/20240719/198.pdf
2024,综合,863,西安思源学院,149213,01,物理、化学(2科必选),403,41594,https://www.shmeea.edu.cn/download/20240719/198.pdf
2024,综合,893,西交城市,89301,01,,407,40915,https://www.shmeea.edu.cn/download/20240719/198.pdf
2024,综合,336,延安大学,149211,01,物理必选,431,36222,https://www.shmeea.edu.cn/download/20240719/198.pdf
2024,综合,336,延安大学,148802,02,不限,426,37259,https://www.shmeea.edu.cn/download/20240719/198.pdf
2024,综合,480,西北民族大学,149210,01,化学必选,434,35570,https://www.shmeea.edu.cn/download/20240719/198.pdf
2024,综合,480,西北民族大学,148801,02,历史必选,438,34709,https://www.shmeea.edu.cn/download/20240719/198.pdf
2024,综合,480,西北民族大学,148592,03,不限,421,38266,https://www.shmeea.edu.cn/download/20240719/198.pdf
2024,综合,480,西北民族大学,148507,04,不限,480,24562,https://www.shmeea.edu.cn/download/20240719/198.pdf
2024,综合,97,兰州大学,149209,01,物理、化学(2科必选),555,6832,https://www.shmeea.edu.cn/download/20240719/198.pdf
2024,综合,97,兰州大学,148800,02,历史必选,546,8561,https://www.shmeea.edu.cn/download/20240719/198.pdf
2024,综合,97,兰州大学,148591,03,不限,539,10069,https://www.shmeea.edu.cn/download/20240719/198.pdf
2024,综合,483,兰州理工大学,149208,01,物理、化学(2科必选),438,34709,https://www.shmeea.edu.cn/download/20240719/198.pdf
2024,综合,483,兰州理工大学,148799,02,物理必选,436,35127,https://www.shmeea.edu.cn/download/20240719/198.pdf
2024,综合,483,兰州理工大学,148590,03,不限,438,34709,https://www.shmeea.edu.cn/download/20240719/198.pdf
2024,综合,488,兰州交通大学,149207,01,不限,431,36222,https://www.shmeea.edu.cn/download/20240719/198.pdf
2024,综合,495,西北师范大学,149206,01,物理、化学(2科必选),406,41077,https://www.shmeea.edu.cn/download/20240719/198.pdf
2024,综合,495,西北师范大学,148798,02,不限,406,41077,https://www.shmeea.edu.cn/download/20240719/198.pdf
2024,综合,500,兰州财经大学,149205,01,不限,425,37468,https://www.shmeea.edu.cn/download/20240719/198.pdf
2024,综合,500,兰州财经大学,148797,02,不限,425,37468,https://www.shmeea.edu.cn/download/20240719/198.pdf
2024,综合,501,甘肃政法大学,149204,01,物理、化学(2科必选),431,36222,https://www.shmeea.edu.cn/download/20240719/198.pdf
2024,综合,501,甘肃政法大学,148796,02,不限,454,30934,https://www.shmeea.edu.cn/download/20240719/198.pdf
2024,综合,918,兰州环职,91801,01,,413,39823,https://www.shmeea.edu.cn/download/20240719/198.pdf
2024,综合,367,青海大学,149202,01,物理、化学(2科必选),508,17567,https://www.shmeea.edu.cn/download/20240719/198.pdf
2024,综合,367,青海大学,148795,02,物、化、生(3科必选),504,18539,https://www.shmeea.edu.cn/download/20240719/198.pdf
2024,综合,367,青海大学,148589,03,不限,493,21226,https://www.shmeea.edu.cn/download/20240719/198.pdf
2024,综合,3731,青海理工学院,211696,01,物理、化学(2科必选),417,39079,https://www.shmeea.edu.cn/download/20240719/198.pdf
2024,综合,3731,青海理工学院,211692,02,物理必选,408,40752,https://www.shmeea.edu.cn/download/20240719/198.pdf
2024,综合,545,北方民族大学,149200,01,历史必选,453,31179,https://www.shmeea.edu.cn/download/20240719/198.pdf
2024,综合,545,北方民族大学,148793,02,不限,425,37468,https://www.shmeea.edu.cn/download/20240719/198.pdf
2024,综合,544,宁夏大学,149199,01,物理、化学(2科必选),512,16483,https://www.shmeea.edu.cn/download/20240719/198.pdf
2024,综合,544,宁夏大学,148792,02,不限,479,24795,https://www.shmeea.edu.cn/download/20240719/198.pdf
2024,综合,546,宁夏医科大学,149198,01,物理、化学(2科必选),496,20446,https://www.shmeea.edu.cn/download/20240719/198.pdf
2024,综合,199,石河子大学,149197,01,物理、化学(2科必选),471,26748,https://www.shmeea.edu.cn/download/20240719/198.pdf
2024,综合,199,石河子大学,148791,02,物理必选,431,36222,https://www.shmeea.edu.cn/download/20240719/198.pdf
2024,综合,199,石河子大学,148588,03,不限,453,31179,https://www.shmeea.edu.cn/download/20240719/198.pdf
2024,综合,199,石河子大学,148506,04,物理、化学(2科必选),460,29525,https://www.shmeea.edu.cn/download/20240719/198.pdf
2024,综合,942,塔里木,94201,01,,411,40210,https://www.shmeea.edu.cn/download/20240719/198.pdf
2024,综合,74,新疆大学,149195,01,物理、化学(2科必选),491,21744,https://www.shmeea.edu.cn/download/20240719/198.pdf
2024,综合,74,新疆大学,148790,02,不限,482,24080,https://www.shmeea.edu.cn/download/20240719/198.pdf
2024,综合,233,新疆农业大学,149194,01,物理、化学(2科必选),417,39079,https://www.shmeea.edu.cn/download/20240719/198.pdf
2024,综合,233,新疆农业大学,148789,02,不限,407,40915,https://www.shmeea.edu.cn/download/20240719/198.pdf
2024,综合,236,喀什大学,149193,01,物理、化学(2科必选),408,40752,https://www.shmeea.edu.cn/download/20240719/198.pdf
2024,综合,236,喀什大学,148788,02,思想政治必选,418,38869,https://www.shmeea.edu.cn/download/20240719/198.pdf
2024,综合,946,新疆科技,94601,01,,407,40915,https://www.shmeea.edu.cn/download/20240719/198.pdf
2024,综合,2631,新疆政法学院,149191,01,物理、化学(2科必选),411,40210,https://www.shmeea.edu.cn/download/20240719/198.pdf
2024,综合,2631,新疆政法学院,148787,02,不限,423,37882,https://www.shmeea.edu.cn/download/20240719/198.pdf
2024,综合,948,中油北克,94801,01,,498,19960,https://www.shmeea.edu.cn/download/20240719/198.pdf
2024,综合,1036,伊犁师范大学,149189,01,物理、化学(2科必选),407,40915,https://www.shmeea.edu.cn/download/20240719/198.pdf
2024,综合,237,新疆财经大学,149188,01,物理必选,416,39269,https://www.shmeea.edu.cn/download/20240719/198.pdf
2024,综合,237,新疆财经大学,148786,02,不限,420,38443,https://www.shmeea.edu.cn/download/20240719/198.pdf
2024,综合,2487,新疆理工学院,149187,01,物理、化学(2科必选),411,40210,https://www.shmeea.edu.cn/download/20240719/198.pdf
2024,综合,2487,新疆理工学院,148785,02,物理必选,405,41271,https://www.shmeea.edu.cn/download/20240719/198.pdf
2024,综合,239,昌吉学院,149186,01,物理、化学(2科必选),406,41077,https://www.shmeea.edu.cn/download/20240719/198.pdf
2024,综合,239,昌吉学院,148784,02,不限,406,41077,https://www.shmeea.edu.cn/download/20240719/198.pdf
2024,综合,1083,内江师范学院,149185,01,物理、化学(2科必选),428,36833,https://www.shmeea.edu.cn/download/20240719/198.pdf
2024,综合,932,攀枝花学院,149184,01,物理、化学(2科必选),462,29014,https://www.shmeea.edu.cn/download/20240719/198.pdf
2024,综合,932,攀枝花学院,148783,02,不限,418,38869,https://www.shmeea.edu.cn/download/20240719/198.pdf
2024,综合,822,吉利学院,149183,01,物理、化学(2科必选),403,41594,https://www.shmeea.edu.cn/download/20240719/198.pdf
2024,综合,964,成都医学,96401,01,,466,28028,https://www.shmeea.edu.cn/download/20240719/198.pdf
2024,综合,965,电科成院,96501,01,,417,39079,https://www.shmeea.edu.cn/download/20240719/198.pdf
2024,综合,2494,四川传媒学院,149180,01,物理、化学(2科必选),412,39998,https://www.shmeea.edu.cn/download/20240719/198.pdf
2024,综合,2494,四川传媒学院,148782,02,不限,416,39269,https://www.shmeea.edu.cn/download/20240719/198.pdf
2024,综合,2494,四川传媒学院,148587,03,不限,421,38266,https://www.shmeea.edu.cn/download/20240719/198.pdf
2024,综合,364,西藏大学,149179,01,物理、化学(2科必选),442,33781,https://www.shmeea.edu.cn/download/20240719/198.pdf
2024,综合,364,西藏大学,148781,02,物、化、生(3科必选),440,34239,https://www.shmeea.edu.cn/download/20240719/198.pdf
2024,综合,364,西藏大学,148586,03,历史必选,450,31904,https://www.shmeea.edu.cn/download/20240719/198.pdf
2024,综合,364,西藏大学,148505,04,历史、思想政治(2科必选),447,32641,https://www.shmeea.edu.cn/download/20240719/198.pdf
2024,综合,364,西藏大学,148468,05,不限,440,34239,https://www.shmeea.edu.cn/download/20240719/198.pdf
