year,subject_category,school_code,school_name,special_group,sg_name,sg_info,min_score,min_rank,source_url
2023,综合,132,复旦大学,107798,01,不限,580,2393,https://www.shmeea.edu.cn/download/20230721/11115.pdf
2023,综合,132,复旦大学,107797,02,物理/化学(2选1),580,2393,https://www.shmeea.edu.cn/download/20230721/11115.pdf
2023,综合,132,复旦大学,107796,03,物理必选,580,2393,https://www.shmeea.edu.cn/download/20230721/11115.pdf
2023,综合,125,上海交通大学,107794,01,物理必选,580,2393,https://www.shmeea.edu.cn/download/20230721/11115.pdf
2023,综合,73,同济大学,107791,01,物理必选,580,2393,https://www.shmeea.edu.cn/download/20230721/11115.pdf
2023,综合,73,同济大学,107790,02,不限,571,3741,https://www.shmeea.edu.cn/download/20230721/11115.pdf
2023,综合,131,华东师范大学,107787,01,不限,569,4096,https://www.shmeea.edu.cn/download/20230721/11115.pdf
2023,综合,131,华东师范大学,107786,02,不限,569,4096,https://www.shmeea.edu.cn/download/20230721/11115.pdf
2023,综合,131,华东师范大学,107785,03,物理必选,573,3404,https://www.shmeea.edu.cn/download/20230721/11115.pdf
2023,综合,131,华东师范大学,107784,04,物理/化学(2选1),573,3404,https://www.shmeea.edu.cn/download/20230721/11115.pdf
2023,综合,133,华东理工大学,107782,01,物理/化学(2选1),553,7041,https://www.shmeea.edu.cn/download/20230721/11115.pdf
2023,综合,133,华东理工大学,107781,02,物理必选,554,6846,https://www.shmeea.edu.cn/download/20230721/11115.pdf
2023,综合,133,华东理工大学,107780,03,不限,545,8712,https://www.shmeea.edu.cn/download/20230721/11115.pdf
2023,综合,135,东华大学,107779,01,不限,541,9655,https://www.shmeea.edu.cn/download/20230721/11115.pdf
2023,综合,135,东华大学,107778,02,物理必选,545,8712,https://www.shmeea.edu.cn/download/20230721/11115.pdf
2023,综合,135,东华大学,107777,03,化学必选,546,8464,https://www.shmeea.edu.cn/download/20230721/11115.pdf
2023,综合,135,东华大学,107776,04,物理/化学(2选1),543,9179,https://www.shmeea.edu.cn/download/20230721/11115.pdf
2023,综合,130,上海财经大学,107774,01,不限,567,4425,https://www.shmeea.edu.cn/download/20230721/11115.pdf
2023,综合,130,上海财经大学,107773,02,不限,566,4600,https://www.shmeea.edu.cn/download/20230721/11115.pdf
2023,综合,130,上海财经大学,107772,03,物理必选,568,4260,https://www.shmeea.edu.cn/download/20230721/11115.pdf
2023,综合,136,上海外国语大学,107771,01,不限,557,6238,https://www.shmeea.edu.cn/download/20230721/11115.pdf
2023,综合,136,上海外国语大学,107770,02,物理必选,562,5270,https://www.shmeea.edu.cn/download/20230721/11115.pdf
2023,综合,313,上海海事大学,107769,01,不限,523,13919,https://www.shmeea.edu.cn/download/20230721/11115.pdf
2023,综合,313,上海海事大学,107768,02,不限,502,19158,https://www.shmeea.edu.cn/download/20230721/11115.pdf
2023,综合,313,上海海事大学,107767,03,物理必选,499,19921,https://www.shmeea.edu.cn/download/20230721/11115.pdf
2023,综合,313,上海海事大学,107766,04,物理/化学(2选1),503,18898,https://www.shmeea.edu.cn/download/20230721/11115.pdf
2023,综合,307,上海理工大学,107765,01,物理必选,541,9655,https://www.shmeea.edu.cn/download/20230721/11115.pdf
2023,综合,307,上海理工大学,107764,02,不限,523,13919,https://www.shmeea.edu.cn/download/20230721/11115.pdf
2023,综合,307,上海理工大学,107763,03,物理必选,523,13919,https://www.shmeea.edu.cn/download/20230721/11115.pdf
2023,综合,307,上海理工大学,107762,04,不限,509,17377,https://www.shmeea.edu.cn/download/20230721/11115.pdf
2023,综合,329,上海杉达学院,107761,01,不限,431,35904,https://www.shmeea.edu.cn/download/20230721/11115.pdf
2023,综合,329,上海杉达学院,107760,02,物理必选,424,37331,https://www.shmeea.edu.cn/download/20230721/11115.pdf
2023,综合,329,上海杉达学院,107759,03,物/化/生(3选1),441,33766,https://www.shmeea.edu.cn/download/20230721/11115.pdf
2023,综合,329,上海杉达学院,107758,04,不限,414,39247,https://www.shmeea.edu.cn/download/20230721/11115.pdf
2023,综合,323,华东政法大学,107757,01,不限,564,4910,https://www.shmeea.edu.cn/download/20230721/11115.pdf
2023,综合,323,华东政法大学,107756,02,不限,548,8061,https://www.shmeea.edu.cn/download/20230721/11115.pdf
2023,综合,323,华东政法大学,107755,03,不限,527,12910,https://www.shmeea.edu.cn/download/20230721/11115.pdf
2023,综合,323,华东政法大学,107754,04,物理必选,540,9864,https://www.shmeea.edu.cn/download/20230721/11115.pdf
2023,综合,318,上海对外经贸大学,107752,01,不限,539,10105,https://www.shmeea.edu.cn/download/20230721/11115.pdf
2023,综合,318,上海对外经贸大学,107751,02,不限,520,14672,https://www.shmeea.edu.cn/download/20230721/11115.pdf
2023,综合,318,上海对外经贸大学,107750,03,不限,518,15161,https://www.shmeea.edu.cn/download/20230721/11115.pdf
2023,综合,318,上海对外经贸大学,107749,04,物理必选,522,14182,https://www.shmeea.edu.cn/download/20230721/11115.pdf
2023,综合,3427,复旦大学上海医学院,107748,01,物理、化学(2科必选),580,2393,https://www.shmeea.edu.cn/download/20230721/11115.pdf
2023,综合,115,上海海大,107261,01,不限,500,19672,https://www.shmeea.edu.cn/download/20230721/11115.pdf
2023,综合,115,上海海大,107260,02,历史必选,498,20181,https://www.shmeea.edu.cn/download/20230721/11115.pdf
2023,综合,115,上海海大,107259,03,物理、化学(2科必选),501,19420,https://www.shmeea.edu.cn/download/20230721/11115.pdf
2023,综合,115,上海海大,107258,04,物理必选,492,21695,https://www.shmeea.edu.cn/download/20230721/11115.pdf
2023,综合,115,上海海大,11505,05,,487,22878,https://www.shmeea.edu.cn/download/20230721/11115.pdf
2023,综合,115,上海海大,11506,06,,486,23115,https://www.shmeea.edu.cn/download/20230721/11115.pdf
2023,综合,327,上海戏剧学院,107740,01,不限,526,13152,https://www.shmeea.edu.cn/download/20230721/11115.pdf
2023,综合,317,上海电力大学,107739,01,物理必选,522,14182,https://www.shmeea.edu.cn/download/20230721/11115.pdf
2023,综合,317,上海电力大学,107738,02,物理必选,493,21430,https://www.shmeea.edu.cn/download/20230721/11115.pdf
2023,综合,317,上海电力大学,107737,03,物理/化学(2选1),482,24077,https://www.shmeea.edu.cn/download/20230721/11115.pdf
2023,综合,317,上海电力大学,107736,04,化学必选,485,23334,https://www.shmeea.edu.cn/download/20230721/11115.pdf
2023,综合,317,上海电力大学,107735,05,不限,472,26613,https://www.shmeea.edu.cn/download/20230721/11115.pdf
2023,综合,326,上海音乐学院,107734,01,不限,513,16423,https://www.shmeea.edu.cn/download/20230721/11115.pdf
2023,综合,326,上海音乐学院,107733,02,不限,507,17863,https://www.shmeea.edu.cn/download/20230721/11115.pdf
2023,综合,76,上海大学,107732,01,物理必选,554,6846,https://www.shmeea.edu.cn/download/20230721/11115.pdf
2023,综合,76,上海大学,107731,02,物理必选,544,8940,https://www.shmeea.edu.cn/download/20230721/11115.pdf
2023,综合,76,上海大学,107730,03,化学必选,538,10340,https://www.shmeea.edu.cn/download/20230721/11115.pdf
2023,综合,76,上海大学,107729,04,不限,542,9418,https://www.shmeea.edu.cn/download/20230721/11115.pdf
2023,综合,76,上海大学,107728,05,不限,542,9418,https://www.shmeea.edu.cn/download/20230721/11115.pdf
2023,综合,120,交大医学,106916,01,物理必选,580,2393,https://www.shmeea.edu.cn/download/20230721/11115.pdf
2023,综合,310,上海中医药大学,107724,01,物/化/生(3选1),561,5453,https://www.shmeea.edu.cn/download/20230721/11115.pdf
2023,综合,310,上海中医药大学,107723,02,物/化/生(3选1),561,5453,https://www.shmeea.edu.cn/download/20230721/11115.pdf
2023,综合,310,上海中医药大学,107722,03,物/化/生(3选1),538,10340,https://www.shmeea.edu.cn/download/20230721/11115.pdf
2023,综合,310,上海中医药大学,107721,04,物/化/生(3选1),530,12194,https://www.shmeea.edu.cn/download/20230721/11115.pdf
2023,综合,310,上海中医药大学,107720,05,不限,513,16423,https://www.shmeea.edu.cn/download/20230721/11115.pdf
2023,综合,122,上应大,107400,01,化学、生物(2科必选),456,30385,https://www.shmeea.edu.cn/download/20230721/11115.pdf
2023,综合,122,上应大,107399,02,地理/历史(2选1),480,24548,https://www.shmeea.edu.cn/download/20230721/11115.pdf
2023,综合,122,上应大,107398,03,物理必选,506,18118,https://www.shmeea.edu.cn/download/20230721/11115.pdf
2023,综合,122,上应大,107397,04,物理、化学(2科必选),465,28319,https://www.shmeea.edu.cn/download/20230721/11115.pdf
2023,综合,122,上应大,107396,05,物/化/生(3选1),469,27340,https://www.shmeea.edu.cn/download/20230721/11115.pdf
2023,综合,122,上应大,107395,06,不限,479,24801,https://www.shmeea.edu.cn/download/20230721/11115.pdf
2023,综合,122,上应大,12207,07,,459,29706,https://www.shmeea.edu.cn/download/20230721/11115.pdf
2023,综合,311,上海师范大学,107712,01,不限,512,16670,https://www.shmeea.edu.cn/download/20230721/11115.pdf
2023,综合,311,上海师范大学,107711,02,地理/历史(2选1),528,12669,https://www.shmeea.edu.cn/download/20230721/11115.pdf
2023,综合,311,上海师范大学,107710,03,物理/化学(2选1),511,16921,https://www.shmeea.edu.cn/download/20230721/11115.pdf
2023,综合,311,上海师范大学,107709,04,物理必选,515,15916,https://www.shmeea.edu.cn/download/20230721/11115.pdf
2023,综合,124,工程大,107367,01,物理必选,486,23115,https://www.shmeea.edu.cn/download/20230721/11115.pdf
2023,综合,124,工程大,12402,02,,470,27118,https://www.shmeea.edu.cn/download/20230721/11115.pdf
2023,综合,124,工程大,12403,03,,469,27340,https://www.shmeea.edu.cn/download/20230721/11115.pdf
2023,综合,124,工程大,12404,04,,467,27818,https://www.shmeea.edu.cn/download/20230721/11115.pdf
2023,综合,124,工程大,12405,05,,484,23581,https://www.shmeea.edu.cn/download/20230721/11115.pdf
2023,综合,125,上海体大,107794,01,物理必选,513,16423,https://www.shmeea.edu.cn/download/20230721/11115.pdf
2023,综合,125,上海体大,107793,02,物理必选,497,20398,https://www.shmeea.edu.cn/download/20230721/11115.pdf
2023,综合,125,上海体大,107792,03,物理/化学(2选1),499,19921,https://www.shmeea.edu.cn/download/20230721/11115.pdf
2023,综合,125,上海体大,12504,04,,491,21932,https://www.shmeea.edu.cn/download/20230721/11115.pdf
2023,综合,125,上海体大,12505,05,,500,19672,https://www.shmeea.edu.cn/download/20230721/11115.pdf
2023,综合,125,上海体大,12506,06,,489,22397,https://www.shmeea.edu.cn/download/20230721/11115.pdf
2023,综合,126,海医大,106925,01,不限,554,6846,https://www.shmeea.edu.cn/download/20230721/11115.pdf
2023,综合,126,海医大,106924,02,物理必选,549,7855,https://www.shmeea.edu.cn/download/20230721/11115.pdf
2023,综合,126,海医大,106923,03,地理/历史(2选1),534,11276,https://www.shmeea.edu.cn/download/20230721/11115.pdf
2023,综合,127,立信金融,106815,01,物理必选,475,25848,https://www.shmeea.edu.cn/download/20230721/11115.pdf
2023,综合,127,立信金融,106814,02,化学、生物(2科必选),482,24077,https://www.shmeea.edu.cn/download/20230721/11115.pdf
2023,综合,127,立信金融,12703,03,,455,30610,https://www.shmeea.edu.cn/download/20230721/11115.pdf
2023,综合,127,立信金融,12704,04,,472,26613,https://www.shmeea.edu.cn/download/20230721/11115.pdf
2023,综合,127,立信金融,12705,05,,495,20893,https://www.shmeea.edu.cn/download/20230721/11115.pdf
2023,综合,128,二工大,106811,01,物理必选,453,31094,https://www.shmeea.edu.cn/download/20230721/11115.pdf
2023,综合,128,二工大,106810,02,不限,467,27818,https://www.shmeea.edu.cn/download/20230721/11115.pdf
2023,综合,128,二工大,12803,03,,463,28788,https://www.shmeea.edu.cn/download/20230721/11115.pdf
2023,综合,128,二工大,12804,04,,464,28564,https://www.shmeea.edu.cn/download/20230721/11115.pdf
2023,综合,128,二工大,12805,05,,455,30610,https://www.shmeea.edu.cn/download/20230721/11115.pdf
2023,综合,129,上海商院,107391,01,不限,458,29925,https://www.shmeea.edu.cn/download/20230721/11115.pdf
2023,综合,129,上海商院,107390,02,物理必选,450,31821,https://www.shmeea.edu.cn/download/20230721/11115.pdf
2023,综合,129,上海商院,107389,03,物理、化学(2科必选),461,29246,https://www.shmeea.edu.cn/download/20230721/11115.pdf
2023,综合,1092,上海电机学院,107680,01,物理必选,451,31584,https://www.shmeea.edu.cn/download/20230721/11115.pdf
2023,综合,1092,上海电机学院,107679,02,物理必选,441,33766,https://www.shmeea.edu.cn/download/20230721/11115.pdf
2023,综合,1092,上海电机学院,107678,03,不限,448,32236,https://www.shmeea.edu.cn/download/20230721/11115.pdf
2023,综合,1011,上海政法学院,107677,01,不限,535,11029,https://www.shmeea.edu.cn/download/20230721/11115.pdf
2023,综合,1011,上海政法学院,107676,02,不限,516,15632,https://www.shmeea.edu.cn/download/20230721/11115.pdf
2023,综合,1011,上海政法学院,107675,03,不限,497,20398,https://www.shmeea.edu.cn/download/20230721/11115.pdf
2023,综合,1011,上海政法学院,107674,04,不限,497,20398,https://www.shmeea.edu.cn/download/20230721/11115.pdf
2023,综合,1011,上海政法学院,107673,05,思想政治必选,510,17139,https://www.shmeea.edu.cn/download/20230721/11115.pdf
2023,综合,1011,上海政法学院,107672,06,不限,510,17139,https://www.shmeea.edu.cn/download/20230721/11115.pdf
2023,综合,1304,上海外国语大学贤达经济人文学院,107671,01,不限,405,40830,https://www.shmeea.edu.cn/download/20230721/11115.pdf
2023,综合,1304,上海外国语大学贤达经济人文学院,107670,02,不限,414,39247,https://www.shmeea.edu.cn/download/20230721/11115.pdf
2023,综合,1304,上海外国语大学贤达经济人文学院,107669,03,不限,405,40830,https://www.shmeea.edu.cn/download/20230721/11115.pdf
2023,综合,1304,上海外国语大学贤达经济人文学院,107668,04,物理必选,405,40830,https://www.shmeea.edu.cn/download/20230721/11115.pdf
2023,综合,134,建桥学院,107455,01,物理必选,430,36113,https://www.shmeea.edu.cn/download/20230721/11115.pdf
2023,综合,134,建桥学院,13402,02,,418,38467,https://www.shmeea.edu.cn/download/20230721/11115.pdf
2023,综合,134,建桥学院,13403,03,,413,39440,https://www.shmeea.edu.cn/download/20230721/11115.pdf
2023,综合,134,建桥学院,13404,04,,415,39040,https://www.shmeea.edu.cn/download/20230721/11115.pdf
2023,综合,135,健康医学,107779,01,不限,510,17139,https://www.shmeea.edu.cn/download/20230721/11115.pdf
2023,综合,135,健康医学,107778,02,物理必选,509,17377,https://www.shmeea.edu.cn/download/20230721/11115.pdf
2023,综合,135,健康医学,107777,03,化学必选,491,21932,https://www.shmeea.edu.cn/download/20230721/11115.pdf
2023,综合,135,健康医学,107776,04,物理/化学(2选1),484,23581,https://www.shmeea.edu.cn/download/20230721/11115.pdf
2023,综合,135,健康医学,107775,05,不限,479,24801,https://www.shmeea.edu.cn/download/20230721/11115.pdf
2023,综合,135,健康医学,13506,06,,470,27118,https://www.shmeea.edu.cn/download/20230721/11115.pdf
2023,综合,135,健康医学,13507,07,,474,26112,https://www.shmeea.edu.cn/download/20230721/11115.pdf
2023,综合,135,健康医学,13508,08,,479,24801,https://www.shmeea.edu.cn/download/20230721/11115.pdf
2023,综合,136,海关学院,107771,01,不限,513,16423,https://www.shmeea.edu.cn/download/20230721/11115.pdf
2023,综合,162,中侨大学,107263,01,化学/生物(2选1),409,40174,https://www.shmeea.edu.cn/download/20230721/11115.pdf
2023,综合,162,中侨大学,107262,02,化学必选,408,40349,https://www.shmeea.edu.cn/download/20230721/11115.pdf
2023,综合,162,中侨大学,16203,03,,405,40830,https://www.shmeea.edu.cn/download/20230721/11115.pdf
2023,综合,165,立达学院,107001,01,不限,405,40830,https://www.shmeea.edu.cn/download/20230721/11115.pdf
2023,综合,165,立达学院,107000,02,物理必选,405,40830,https://www.shmeea.edu.cn/download/20230721/11115.pdf
2023,综合,1469,上海视觉艺术学院,107649,01,不限,439,34170,https://www.shmeea.edu.cn/download/20230721/11115.pdf
2023,综合,172,上师天华,106993,01,不限,443,33327,https://www.shmeea.edu.cn/download/20230721/11115.pdf
2023,综合,172,上师天华,106992,02,物理必选,438,34431,https://www.shmeea.edu.cn/download/20230721/11115.pdf
2023,综合,45,中央民族大学,107645,01,不限,546,8464,https://www.shmeea.edu.cn/download/20230721/11115.pdf
2023,综合,45,中央民族大学,107644,02,历史必选,548,8061,https://www.shmeea.edu.cn/download/20230721/11115.pdf
2023,综合,45,中央民族大学,107643,03,物理必选,527,12910,https://www.shmeea.edu.cn/download/20230721/11115.pdf
2023,综合,202,中国人大,20201,01,,580,2393,https://www.shmeea.edu.cn/download/20230721/11115.pdf
2023,综合,202,中国人大,20202,02,,580,2393,https://www.shmeea.edu.cn/download/20230721/11115.pdf
2023,综合,202,中国人大,20203,03,,580,2393,https://www.shmeea.edu.cn/download/20230721/11115.pdf
2023,综合,38,北京交通大学,20301,01,,548,8061,https://www.shmeea.edu.cn/download/20230721/11115.pdf
2023,综合,38,北京交通大学,107638,02,物理必选,566,4600,https://www.shmeea.edu.cn/download/20230721/11115.pdf
2023,综合,38,北京交通大学,107637,03,物理必选,554,6846,https://www.shmeea.edu.cn/download/20230721/11115.pdf
2023,综合,38,北京交通大学,107636,04,物理必选,549,7855,https://www.shmeea.edu.cn/download/20230721/11115.pdf
2023,综合,144,北京科技大学,107635,01,物理必选,555,6649,https://www.shmeea.edu.cn/download/20230721/11115.pdf
2023,综合,144,北京科技大学,107634,02,不限,552,7242,https://www.shmeea.edu.cn/download/20230721/11115.pdf
2023,综合,556,北京化工大学,107633,01,物理、化学(2科必选),529,12442,https://www.shmeea.edu.cn/download/20230721/11115.pdf
2023,综合,48,北京邮电大学,20601,01,,574,3270,https://www.shmeea.edu.cn/download/20230721/11115.pdf
2023,综合,48,北京邮电大学,20602,02,,569,4096,https://www.shmeea.edu.cn/download/20230721/11115.pdf
2023,综合,557,中国农业大学,107630,01,物/化/生(3选1),564,4910,https://www.shmeea.edu.cn/download/20230721/11115.pdf
2023,综合,557,中国农业大学,107629,02,化学必选,565,4750,https://www.shmeea.edu.cn/download/20230721/11115.pdf
2023,综合,43,北京林业大学,107628,01,不限,531,11977,https://www.shmeea.edu.cn/download/20230721/11115.pdf
2023,综合,43,北京林业大学,107627,02,物理必选,542,9418,https://www.shmeea.edu.cn/download/20230721/11115.pdf
2023,综合,43,北京林业大学,107626,03,物/化/生(3选1),527,12910,https://www.shmeea.edu.cn/download/20230721/11115.pdf
2023,综合,43,北京林业大学,107625,04,物/地/生(3选1),556,6451,https://www.shmeea.edu.cn/download/20230721/11115.pdf
2023,综合,43,北京林业大学,107624,05,化学/生物(2选1),528,12669,https://www.shmeea.edu.cn/download/20230721/11115.pdf
2023,综合,49,北京中医药大学,107623,01,物/化/生(3选1),561,5453,https://www.shmeea.edu.cn/download/20230721/11115.pdf
2023,综合,210,北师大,107425,01,物理必选,568,4260,https://www.shmeea.edu.cn/download/20230721/11115.pdf
2023,综合,211,北外大,21101,01,,558,6028,https://www.shmeea.edu.cn/download/20230721/11115.pdf
2023,综合,558,中国传媒大学,107620,01,不限,557,6238,https://www.shmeea.edu.cn/download/20230721/11115.pdf
2023,综合,558,中国传媒大学,107619,02,物理必选,554,6846,https://www.shmeea.edu.cn/download/20230721/11115.pdf
2023,综合,558,中国传媒大学,107618,03,不限,556,6451,https://www.shmeea.edu.cn/download/20230721/11115.pdf
2023,综合,558,中国传媒大学,107617,04,物理必选,530,12194,https://www.shmeea.edu.cn/download/20230721/11115.pdf
2023,综合,566,中央财经大学,107616,01,不限,564,4910,https://www.shmeea.edu.cn/download/20230721/11115.pdf
2023,综合,566,中央财经大学,107615,02,物理必选,566,4600,https://www.shmeea.edu.cn/download/20230721/11115.pdf
2023,综合,214,外经贸大,21401,01,,560,5664,https://www.shmeea.edu.cn/download/20230721/11115.pdf
2023,综合,214,外经贸大,21402,02,,564,4910,https://www.shmeea.edu.cn/download/20230721/11115.pdf
2023,综合,569,中国政法大学,107612,01,不限,560,5664,https://www.shmeea.edu.cn/download/20230721/11115.pdf
2023,综合,216,华电北京,21601,01,,545,8712,https://www.shmeea.edu.cn/download/20230721/11115.pdf
2023,综合,216,华电北京,21602,02,,535,11029,https://www.shmeea.edu.cn/download/20230721/11115.pdf
2023,综合,217,石油北京,107449,01,物理必选,533,11501,https://www.shmeea.edu.cn/download/20230721/11115.pdf
2023,综合,217,石油北京,107448,02,化学必选,538,10340,https://www.shmeea.edu.cn/download/20230721/11115.pdf
2023,综合,217,石油北京,107447,03,不限,543,9179,https://www.shmeea.edu.cn/download/20230721/11115.pdf
2023,综合,218,地大北京,107412,01,不限,527,12910,https://www.shmeea.edu.cn/download/20230721/11115.pdf
2023,综合,218,地大北京,107411,02,物/化/生(3选1),528,12669,https://www.shmeea.edu.cn/download/20230721/11115.pdf
2023,综合,219,北邮宏福,107419,01,化学、生物(2科必选),565,4750,https://www.shmeea.edu.cn/download/20230721/11115.pdf
2023,综合,219,北邮宏福,21902,02,,553,7041,https://www.shmeea.edu.cn/download/20230721/11115.pdf
2023,综合,866,北京体育大学,107602,01,不限,468,27576,https://www.shmeea.edu.cn/download/20230721/11115.pdf
2023,综合,221,北京航大,22101,01,,570,3914,https://www.shmeea.edu.cn/download/20230721/11115.pdf
2023,综合,221,北京航大,22102,02,,580,2393,https://www.shmeea.edu.cn/download/20230721/11115.pdf
2023,综合,143,北京理工大学,107597,01,物理必选,576,2962,https://www.shmeea.edu.cn/download/20230721/11115.pdf
2023,综合,223,中国劳关,107438,01,物/化/生(3选1),448,32236,https://www.shmeea.edu.cn/download/20230721/11115.pdf
2023,综合,568,中华女子学院,107594,01,不限,441,33766,https://www.shmeea.edu.cn/download/20230721/11115.pdf
2023,综合,570,北京工商大学,107593,01,不限,505,18398,https://www.shmeea.edu.cn/download/20230721/11115.pdf
2023,综合,572,北京建筑大学,107592,01,物/地/史(3选1),532,11739,https://www.shmeea.edu.cn/download/20230721/11115.pdf
2023,综合,572,北京建筑大学,107591,02,物理必选,496,20653,https://www.shmeea.edu.cn/download/20230721/11115.pdf
2023,综合,572,北京建筑大学,107590,03,物理/化学(2选1),490,22166,https://www.shmeea.edu.cn/download/20230721/11115.pdf
2023,综合,573,北京协和医学院,107589,01,不限,530,12194,https://www.shmeea.edu.cn/download/20230721/11115.pdf
2023,综合,228,北京二外,107427,01,物/化/生(3选1),498,20181,https://www.shmeea.edu.cn/download/20230721/11115.pdf
2023,综合,586,北京物资学院,107588,01,不限,464,28564,https://www.shmeea.edu.cn/download/20230721/11115.pdf
2023,综合,230,首都经贸,107423,01,化学、生物(2科必选),519,14925,https://www.shmeea.edu.cn/download/20230721/11115.pdf
2023,综合,231,北京联大,106609,01,不限,442,33564,https://www.shmeea.edu.cn/download/20230721/11115.pdf
2023,综合,231,北京联大,106608,02,物/化/生(3选1),450,31821,https://www.shmeea.edu.cn/download/20230721/11115.pdf
2023,综合,231,北京联大,106607,03,物理必选,460,29469,https://www.shmeea.edu.cn/download/20230721/11115.pdf
2023,综合,232,中国公安,106585,01,不限,540,9864,https://www.shmeea.edu.cn/download/20230721/11115.pdf
2023,综合,574,中国戏曲学院,107582,01,不限,496,20653,https://www.shmeea.edu.cn/download/20230721/11115.pdf
2023,综合,559,北京城市学院,107578,01,不限,406,40671,https://www.shmeea.edu.cn/download/20230721/11115.pdf
2023,综合,559,北京城市学院,107577,02,地理/历史(2选1),426,36906,https://www.shmeea.edu.cn/download/20230721/11115.pdf
2023,综合,559,北京城市学院,107576,03,物/地/史(3选1),410,39977,https://www.shmeea.edu.cn/download/20230721/11115.pdf
2023,综合,590,北京印刷学院,107575,01,不限,463,28788,https://www.shmeea.edu.cn/download/20230721/11115.pdf
2023,综合,239,首都体院,23901,01,,481,24317,https://www.shmeea.edu.cn/download/20230721/11115.pdf
2023,综合,592,北京语言大学,107573,01,不限,526,13152,https://www.shmeea.edu.cn/download/20230721/11115.pdf
2023,综合,244,北邮世纪,107140,02,物理必选,409,40174,https://www.shmeea.edu.cn/download/20230721/11115.pdf
2023,综合,59,南开大学,107568,01,不限,573,3404,https://www.shmeea.edu.cn/download/20230721/11115.pdf
2023,综合,59,南开大学,107567,02,物理必选,575,3118,https://www.shmeea.edu.cn/download/20230721/11115.pdf
2023,综合,60,天津大学,107566,01,物理必选,571,3741,https://www.shmeea.edu.cn/download/20230721/11115.pdf
2023,综合,60,天津大学,107565,02,物/地/史(3选1),569,4096,https://www.shmeea.edu.cn/download/20230721/11115.pdf
2023,综合,60,天津大学,107564,03,物/地/史(3选1),563,5080,https://www.shmeea.edu.cn/download/20230721/11115.pdf
2023,综合,60,天津大学,107563,04,化学必选,568,4260,https://www.shmeea.edu.cn/download/20230721/11115.pdf
2023,综合,88,中国民航大学,107561,01,物理必选,447,32460,https://www.shmeea.edu.cn/download/20230721/11115.pdf
2023,综合,88,中国民航大学,107560,02,物理/化学(2选1),472,26613,https://www.shmeea.edu.cn/download/20230721/11115.pdf
2023,综合,88,中国民航大学,107559,03,不限,465,28319,https://www.shmeea.edu.cn/download/20230721/11115.pdf
2023,综合,88,中国民航大学,107558,04,思想政治必选,475,25848,https://www.shmeea.edu.cn/download/20230721/11115.pdf
2023,综合,82,天津科技大学,107557,01,不限,457,30168,https://www.shmeea.edu.cn/download/20230721/11115.pdf
2023,综合,82,天津科技大学,107556,02,物理必选,453,31094,https://www.shmeea.edu.cn/download/20230721/11115.pdf
2023,综合,82,天津科技大学,107555,03,化学/生物(2选1),474,26112,https://www.shmeea.edu.cn/download/20230721/11115.pdf
2023,综合,82,天津科技大学,107554,04,物/化/生(3选1),470,27118,https://www.shmeea.edu.cn/download/20230721/11115.pdf
2023,综合,80,天津工业大学,107553,01,不限,490,22166,https://www.shmeea.edu.cn/download/20230721/11115.pdf
2023,综合,80,天津工业大学,107552,02,物理必选,510,17139,https://www.shmeea.edu.cn/download/20230721/11115.pdf
2023,综合,89,天津中医药大学,107551,01,不限,473,26377,https://www.shmeea.edu.cn/download/20230721/11115.pdf
2023,综合,89,天津中医药大学,107550,02,物/化/生(3选1),511,16921,https://www.shmeea.edu.cn/download/20230721/11115.pdf
2023,综合,89,天津中医药大学,107549,03,物/化/生(3选1),515,15916,https://www.shmeea.edu.cn/download/20230721/11115.pdf
2023,综合,89,天津中医药大学,107548,04,化学、生物(2科必选),506,18118,https://www.shmeea.edu.cn/download/20230721/11115.pdf
2023,综合,89,天津中医药大学,107547,05,物理必选,474,26112,https://www.shmeea.edu.cn/download/20230721/11115.pdf
2023,综合,257,天津职师,107144,01,不限,439,34170,https://www.shmeea.edu.cn/download/20230721/11115.pdf
2023,综合,257,天津职师,107143,02,物理必选,428,36503,https://www.shmeea.edu.cn/download/20230721/11115.pdf
2023,综合,258,天津商大,107134,01,不限,443,33327,https://www.shmeea.edu.cn/download/20230721/11115.pdf
2023,综合,258,天津商大,107133,02,物理必选,451,31584,https://www.shmeea.edu.cn/download/20230721/11115.pdf
2023,综合,84,天津财经大学,107542,01,不限,497,20398,https://www.shmeea.edu.cn/download/20230721/11115.pdf
2023,综合,84,天津财经大学,107541,02,物/化/生(3选1),501,19420,https://www.shmeea.edu.cn/download/20230721/11115.pdf
2023,综合,91,天津城建大学,107540,01,物理必选,430,36113,https://www.shmeea.edu.cn/download/20230721/11115.pdf
2023,综合,262,津医临床,107466,01,不限,458,29925,https://www.shmeea.edu.cn/download/20230721/11115.pdf
2023,综合,262,津医临床,107465,02,地理/历史(2选1),413,39440,https://www.shmeea.edu.cn/download/20230721/11115.pdf
2023,综合,262,津医临床,107464,03,物理必选,436,34853,https://www.shmeea.edu.cn/download/20230721/11115.pdf
2023,综合,262,津医临床,26204,04,,443,33327,https://www.shmeea.edu.cn/download/20230721/11115.pdf
2023,综合,263,津理中环,106583,01,不限,407,40512,https://www.shmeea.edu.cn/download/20230721/11115.pdf
2023,综合,263,津理中环,106582,02,物理必选,415,39040,https://www.shmeea.edu.cn/download/20230721/11115.pdf
2023,综合,264,京科天津,106568,01,物/化/生(3选1),406,40671,https://www.shmeea.edu.cn/download/20230721/11115.pdf
2023,综合,265,津财珠江,106570,01,不限,405,40830,https://www.shmeea.edu.cn/download/20230721/11115.pdf
2023,综合,41,河北工业大学,107530,01,物理必选,532,11739,https://www.shmeea.edu.cn/download/20230721/11115.pdf
2023,综合,81,天津理工大学,107529,01,物理必选,476,25585,https://www.shmeea.edu.cn/download/20230721/11115.pdf
2023,综合,87,天津外国语大学,107528,01,不限,474,26112,https://www.shmeea.edu.cn/download/20230721/11115.pdf
2023,综合,281,华电保定,107480,01,化学、生物(2科必选),539,10105,https://www.shmeea.edu.cn/download/20230721/11115.pdf
2023,综合,282,东大秦岛,28201,01,,530,12194,https://www.shmeea.edu.cn/download/20230721/11115.pdf
2023,综合,282,东大秦岛,28202,02,,544,8940,https://www.shmeea.edu.cn/download/20230721/11115.pdf
2023,综合,282,东大秦岛,28203,03,,545,8712,https://www.shmeea.edu.cn/download/20230721/11115.pdf
2023,综合,602,河北工程大学,107523,01,不限,436,34853,https://www.shmeea.edu.cn/download/20230721/11115.pdf
2023,综合,602,河北工程大学,107522,02,物理必选,428,36503,https://www.shmeea.edu.cn/download/20230721/11115.pdf
2023,综合,606,河北地质大学,107521,01,不限,429,36303,https://www.shmeea.edu.cn/download/20230721/11115.pdf
2023,综合,606,河北地质大学,107520,02,物理必选,423,37531,https://www.shmeea.edu.cn/download/20230721/11115.pdf
2023,综合,606,河北地质大学,107519,03,化学必选,438,34431,https://www.shmeea.edu.cn/download/20230721/11115.pdf
2023,综合,606,河北地质大学,107518,04,物理/化学(2选1),436,34853,https://www.shmeea.edu.cn/download/20230721/11115.pdf
2023,综合,597,华北理工大学,107517,01,物/化/生(3选1),446,32676,https://www.shmeea.edu.cn/download/20230721/11115.pdf
2023,综合,597,华北理工大学,107516,02,物/化/地(3选1),452,31347,https://www.shmeea.edu.cn/download/20230721/11115.pdf
2023,综合,597,华北理工大学,107515,03,化学、生物(2科必选),482,24077,https://www.shmeea.edu.cn/download/20230721/11115.pdf
2023,综合,596,河北医科大学,107514,01,化学、生物(2科必选),511,16921,https://www.shmeea.edu.cn/download/20230721/11115.pdf
2023,综合,596,河北医科大学,107513,02,化学必选,475,25848,https://www.shmeea.edu.cn/download/20230721/11115.pdf
2023,综合,287,承德医学,106687,01,物/化/生(3选1),459,29706,https://www.shmeea.edu.cn/download/20230721/11115.pdf
2023,综合,627,衡水学院,107511,01,不限,414,39247,https://www.shmeea.edu.cn/download/20230721/11115.pdf
2023,综合,599,燕山大学,107510,01,不限,487,22878,https://www.shmeea.edu.cn/download/20230721/11115.pdf
2023,综合,599,燕山大学,107509,02,物理必选,513,16423,https://www.shmeea.edu.cn/download/20230721/11115.pdf
2023,综合,290,北华航工,29001,01,,433,35473,https://www.shmeea.edu.cn/download/20230721/11115.pdf
2023,综合,290,北华航工,29002,02,,433,35473,https://www.shmeea.edu.cn/download/20230721/11115.pdf
2023,综合,293,石铁四方,29301,01,,407,40512,https://www.shmeea.edu.cn/download/20230721/11115.pdf
2023,综合,293,石铁四方,29302,02,,415,39040,https://www.shmeea.edu.cn/download/20230721/11115.pdf
2023,综合,1167,保定理工学院,107503,01,不限,408,40349,https://www.shmeea.edu.cn/download/20230721/11115.pdf
2023,综合,295,京中东方,106678,01,化学、生物(2科必选),406,40671,https://www.shmeea.edu.cn/download/20230721/11115.pdf
2023,综合,295,京中东方,29502,02,,427,36712,https://www.shmeea.edu.cn/download/20230721/11115.pdf
2023,综合,297,河北环境,29701,01,,423,37531,https://www.shmeea.edu.cn/download/20230721/11115.pdf
2023,综合,297,河北环境,29702,02,,419,38271,https://www.shmeea.edu.cn/download/20230721/11115.pdf
2023,综合,297,河北环境,29703,03,,419,38271,https://www.shmeea.edu.cn/download/20230721/11115.pdf
2023,综合,297,河北环境,29704,04,,414,39247,https://www.shmeea.edu.cn/download/20230721/11115.pdf
2023,综合,297,河北环境,29705,05,,417,38666,https://www.shmeea.edu.cn/download/20230721/11115.pdf
2023,综合,298,河北建工,106672,01,不限,424,37331,https://www.shmeea.edu.cn/download/20230721/11115.pdf
2023,综合,299,中国警察,106677,01,不限,473,26377,https://www.shmeea.edu.cn/download/20230721/11115.pdf
2023,综合,299,中国警察,106676,02,物理必选,447,32460,https://www.shmeea.edu.cn/download/20230721/11115.pdf
2023,综合,302,冀油职大,30201,01,,413,39440,https://www.shmeea.edu.cn/download/20230721/11115.pdf
2023,综合,302,冀油职大,30202,02,,413,39440,https://www.shmeea.edu.cn/download/20230721/11115.pdf
2023,综合,278,太原科技大学,107490,01,物理必选,434,35259,https://www.shmeea.edu.cn/download/20230721/11115.pdf
2023,综合,277,中北大学,107489,01,物理必选,443,33327,https://www.shmeea.edu.cn/download/20230721/11115.pdf
2023,综合,277,中北大学,107488,02,不限,438,34431,https://www.shmeea.edu.cn/download/20230721/11115.pdf
2023,综合,139,太原理工大学,107487,01,物理必选,533,11501,https://www.shmeea.edu.cn/download/20230721/11115.pdf
2023,综合,139,太原理工大学,107486,02,不限,524,13663,https://www.shmeea.edu.cn/download/20230721/11115.pdf
2023,综合,269,山西农业大学,107485,01,不限,431,35904,https://www.shmeea.edu.cn/download/20230721/11115.pdf
2023,综合,269,山西农业大学,107484,02,化学必选,435,35051,https://www.shmeea.edu.cn/download/20230721/11115.pdf
2023,综合,269,山西农业大学,107483,03,化学、生物(2科必选),448,32236,https://www.shmeea.edu.cn/download/20230721/11115.pdf
2023,综合,271,山西医科大学,107482,01,物、化、生(3科必选),487,22878,https://www.shmeea.edu.cn/download/20230721/11115.pdf
2023,综合,271,山西医科大学,107481,02,化学、生物(2科必选),462,29013,https://www.shmeea.edu.cn/download/20230721/11115.pdf
2023,综合,316,大同大学,107043,01,不限,454,30852,https://www.shmeea.edu.cn/download/20230721/11115.pdf
2023,综合,316,大同大学,107042,02,物理必选,427,36712,https://www.shmeea.edu.cn/download/20230721/11115.pdf
2023,综合,280,忻州师范学院,107478,01,不限,434,35259,https://www.shmeea.edu.cn/download/20230721/11115.pdf
2023,综合,280,忻州师范学院,107477,02,思想政治必选,442,33564,https://www.shmeea.edu.cn/download/20230721/11115.pdf
2023,综合,280,忻州师范学院,107476,03,政/地/史(3选1),457,30168,https://www.shmeea.edu.cn/download/20230721/11115.pdf
2023,综合,280,忻州师范学院,107475,04,地理/历史(2选1),454,30852,https://www.shmeea.edu.cn/download/20230721/11115.pdf
2023,综合,280,忻州师范学院,107474,05,地理必选,437,34625,https://www.shmeea.edu.cn/download/20230721/11115.pdf
2023,综合,275,山西财经大学,107473,01,不限,450,31821,https://www.shmeea.edu.cn/download/20230721/11115.pdf
2023,综合,275,山西财经大学,107472,02,物理必选,436,34853,https://www.shmeea.edu.cn/download/20230721/11115.pdf
2023,综合,275,山西财经大学,107471,03,物/化/生(3选1),475,25848,https://www.shmeea.edu.cn/download/20230721/11115.pdf
2023,综合,919,山西中医药大学,107470,01,物/化/生(3选1),480,24548,https://www.shmeea.edu.cn/download/20230721/11115.pdf
2023,综合,1638,吕梁学院,107469,01,政/地/史(3选1),429,36303,https://www.shmeea.edu.cn/download/20230721/11115.pdf
2023,综合,1638,吕梁学院,107468,02,物理必选,421,37931,https://www.shmeea.edu.cn/download/20230721/11115.pdf
2023,综合,322,山西工院,107058,01,不限,413,39440,https://www.shmeea.edu.cn/download/20230721/11115.pdf
2023,综合,262,山西大学,107466,01,不限,494,21165,https://www.shmeea.edu.cn/download/20230721/11115.pdf
2023,综合,262,山西大学,107465,02,地理/历史(2选1),512,16670,https://www.shmeea.edu.cn/download/20230721/11115.pdf
2023,综合,262,山西大学,107464,03,物理必选,512,16670,https://www.shmeea.edu.cn/download/20230721/11115.pdf
2023,综合,324,运城职大,107702,02,不限,405,40830,https://www.shmeea.edu.cn/download/20230721/11115.pdf
2023,综合,208,大连民族大学,107461,01,不限,424,37331,https://www.shmeea.edu.cn/download/20230721/11115.pdf
2023,综合,33,大连海事大学,107460,01,物理必选,534,11276,https://www.shmeea.edu.cn/download/20230721/11115.pdf
2023,综合,33,大连海事大学,107459,02,物/化/生(3选1),524,13663,https://www.shmeea.edu.cn/download/20230721/11115.pdf
2023,综合,33,大连海事大学,107458,03,不限,528,12669,https://www.shmeea.edu.cn/download/20230721/11115.pdf
2023,综合,138,大连理工大学,107457,01,物理必选,568,4260,https://www.shmeea.edu.cn/download/20230721/11115.pdf
2023,综合,138,大连理工大学,107456,02,物理必选,564,4910,https://www.shmeea.edu.cn/download/20230721/11115.pdf
2023,综合,134,东北大学,107455,01,物理必选,563,5080,https://www.shmeea.edu.cn/download/20230721/11115.pdf
2023,综合,335,理工盘锦,107062,01,不限,544,8940,https://www.shmeea.edu.cn/download/20230721/11115.pdf
2023,综合,50,辽宁大学,107453,01,不限,501,19420,https://www.shmeea.edu.cn/download/20230721/11115.pdf
2023,综合,227,沈阳工业大学,107452,01,物理必选,453,31094,https://www.shmeea.edu.cn/download/20230721/11115.pdf
2023,综合,227,沈阳工业大学,107451,02,不限,438,34431,https://www.shmeea.edu.cn/download/20230721/11115.pdf
2023,综合,338,沈阳航空,33801,01,,468,27576,https://www.shmeea.edu.cn/download/20230721/11115.pdf
2023,综合,217,沈阳理工大学,107449,01,物理必选,435,35051,https://www.shmeea.edu.cn/download/20230721/11115.pdf
2023,综合,217,沈阳理工大学,107448,02,化学必选,438,34431,https://www.shmeea.edu.cn/download/20230721/11115.pdf
2023,综合,217,沈阳理工大学,107447,03,不限,432,35697,https://www.shmeea.edu.cn/download/20230721/11115.pdf
2023,综合,222,辽宁科技大学,107446,01,化学必选,421,37931,https://www.shmeea.edu.cn/download/20230721/11115.pdf
2023,综合,222,辽宁科技大学,107445,02,物理必选,434,35259,https://www.shmeea.edu.cn/download/20230721/11115.pdf
2023,综合,222,辽宁科技大学,107444,03,物理/化学(2选1),453,31094,https://www.shmeea.edu.cn/download/20230721/11115.pdf
2023,综合,222,辽宁科技大学,107443,04,物/化/生(3选1),433,35473,https://www.shmeea.edu.cn/download/20230721/11115.pdf
2023,综合,341,辽宁工程,34101,01,,433,35473,https://www.shmeea.edu.cn/download/20230721/11115.pdf
2023,综合,341,辽宁工程,34102,02,,431,35904,https://www.shmeea.edu.cn/download/20230721/11115.pdf
2023,综合,341,辽宁工程,34103,03,,430,36113,https://www.shmeea.edu.cn/download/20230721/11115.pdf
2023,综合,341,辽宁工程,34104,04,,424,37331,https://www.shmeea.edu.cn/download/20230721/11115.pdf
2023,综合,1692,辽宁石化职业技术学院,34201,01,,422,37730,https://www.shmeea.edu.cn/download/20230721/11115.pdf
2023,综合,1692,辽宁石化职业技术学院,34202,02,,428,36503,https://www.shmeea.edu.cn/download/20230721/11115.pdf
2023,综合,1692,辽宁石化职业技术学院,34203,03,,407,40512,https://www.shmeea.edu.cn/download/20230721/11115.pdf
2023,综合,215,沈阳化工大学,107435,01,物理必选,428,36503,https://www.shmeea.edu.cn/download/20230721/11115.pdf
2023,综合,215,沈阳化工大学,107434,02,物理/化学(2选1),441,33766,https://www.shmeea.edu.cn/download/20230721/11115.pdf
2023,综合,215,沈阳化工大学,107433,03,物/化/生(3选1),445,32897,https://www.shmeea.edu.cn/download/20230721/11115.pdf
2023,综合,215,沈阳化工大学,107432,04,化学必选,443,33327,https://www.shmeea.edu.cn/download/20230721/11115.pdf
2023,综合,220,大连交通大学,107431,01,不限,438,34431,https://www.shmeea.edu.cn/download/20230721/11115.pdf
2023,综合,220,大连交通大学,107430,02,物理必选,439,34170,https://www.shmeea.edu.cn/download/20230721/11115.pdf
2023,综合,212,沈阳建筑大学,107429,01,物/地/史(3选1),494,21165,https://www.shmeea.edu.cn/download/20230721/11115.pdf
2023,综合,212,沈阳建筑大学,107428,02,物理必选,427,36712,https://www.shmeea.edu.cn/download/20230721/11115.pdf
2023,综合,228,沈阳农业大学,107427,01,物/化/生(3选1),452,31347,https://www.shmeea.edu.cn/download/20230721/11115.pdf
2023,综合,228,沈阳农业大学,107426,02,物理必选,429,36303,https://www.shmeea.edu.cn/download/20230721/11115.pdf
2023,综合,210,大连海洋大学,107425,01,物理必选,436,34853,https://www.shmeea.edu.cn/download/20230721/11115.pdf
2023,综合,210,大连海洋大学,107424,02,不限,437,34625,https://www.shmeea.edu.cn/download/20230721/11115.pdf
2023,综合,230,中国医科大学,107423,01,化学、生物(2科必选),539,10105,https://www.shmeea.edu.cn/download/20230721/11115.pdf
2023,综合,230,中国医科大学,107422,02,化学必选,491,21932,https://www.shmeea.edu.cn/download/20230721/11115.pdf
2023,综合,207,锦州医科大学,107421,01,化学、生物(2科必选),480,24548,https://www.shmeea.edu.cn/download/20230721/11115.pdf
2023,综合,207,锦州医科大学,107420,02,物/化/生(3选1),436,34853,https://www.shmeea.edu.cn/download/20230721/11115.pdf
2023,综合,219,大连医科大学,107419,01,化学、生物(2科必选),536,10808,https://www.shmeea.edu.cn/download/20230721/11115.pdf
2023,综合,352,沈阳药大,106503,01,物理必选,521,14416,https://www.shmeea.edu.cn/download/20230721/11115.pdf
2023,综合,225,辽宁师范大学,107417,01,思想政治/历史(2选1),459,29706,https://www.shmeea.edu.cn/download/20230721/11115.pdf
2023,综合,225,辽宁师范大学,107416,02,不限,438,34431,https://www.shmeea.edu.cn/download/20230721/11115.pdf
2023,综合,229,东北财经大学,107415,01,不限,517,15390,https://www.shmeea.edu.cn/download/20230721/11115.pdf
2023,综合,229,东北财经大学,107414,02,不限,515,15916,https://www.shmeea.edu.cn/download/20230721/11115.pdf
2023,综合,218,大连大学,107412,01,不限,446,32676,https://www.shmeea.edu.cn/download/20230721/11115.pdf
2023,综合,218,大连大学,107411,02,物/化/生(3选1),450,31821,https://www.shmeea.edu.cn/download/20230721/11115.pdf
2023,综合,218,大连大学,107410,03,物理必选,438,34431,https://www.shmeea.edu.cn/download/20230721/11115.pdf
2023,综合,1041,沈阳工程学院,107409,01,物理必选,429,36303,https://www.shmeea.edu.cn/download/20230721/11115.pdf
2023,综合,358,理大城市,35802,02,,420,38092,https://www.shmeea.edu.cn/download/20230721/11115.pdf
2023,综合,2346,辽宁何氏医学院,107404,01,化学、生物(2科必选),410,39977,https://www.shmeea.edu.cn/download/20230721/11115.pdf
2023,综合,2346,辽宁何氏医学院,107403,02,物/化/生(3选1),405,40830,https://www.shmeea.edu.cn/download/20230721/11115.pdf
2023,综合,361,大连东软,106510,01,不限,405,40830,https://www.shmeea.edu.cn/download/20230721/11115.pdf
2023,综合,205,辽宁中医药大学,107401,01,化学/生物(2选1),514,16172,https://www.shmeea.edu.cn/download/20230721/11115.pdf
2023,综合,122,吉林大学,107400,01,化学、生物(2科必选),566,4600,https://www.shmeea.edu.cn/download/20230721/11115.pdf
2023,综合,122,吉林大学,107399,02,地理/历史(2选1),560,5664,https://www.shmeea.edu.cn/download/20230721/11115.pdf
2023,综合,122,吉林大学,107398,03,物理必选,563,5080,https://www.shmeea.edu.cn/download/20230721/11115.pdf
2023,综合,122,吉林大学,107397,04,物理、化学(2科必选),560,5664,https://www.shmeea.edu.cn/download/20230721/11115.pdf
2023,综合,122,吉林大学,107396,05,物/化/生(3选1),552,7242,https://www.shmeea.edu.cn/download/20230721/11115.pdf
2023,综合,122,吉林大学,107395,06,不限,561,5453,https://www.shmeea.edu.cn/download/20230721/11115.pdf
2023,综合,142,东北师范大学,107394,01,不限,520,14672,https://www.shmeea.edu.cn/download/20230721/11115.pdf
2023,综合,142,东北师范大学,107393,02,物理必选,536,10808,https://www.shmeea.edu.cn/download/20230721/11115.pdf
2023,综合,142,东北师范大学,107392,03,物理、化学(2科必选),440,33965,https://www.shmeea.edu.cn/download/20230721/11115.pdf
2023,综合,129,延边大学,107391,01,不限,485,23334,https://www.shmeea.edu.cn/download/20230721/11115.pdf
2023,综合,129,延边大学,107390,02,物理必选,481,24317,https://www.shmeea.edu.cn/download/20230721/11115.pdf
2023,综合,129,延边大学,107389,03,物理、化学(2科必选),482,24077,https://www.shmeea.edu.cn/download/20230721/11115.pdf
2023,综合,379,长春理工大学,107388,01,物理必选,471,26866,https://www.shmeea.edu.cn/download/20230721/11115.pdf
2023,综合,379,长春理工大学,107387,02,不限,438,34431,https://www.shmeea.edu.cn/download/20230721/11115.pdf
2023,综合,393,东北电力大学,107386,01,物理必选,489,22397,https://www.shmeea.edu.cn/download/20230721/11115.pdf
2023,综合,381,长春工业大学,107385,01,物/化/生(3选1),426,36906,https://www.shmeea.edu.cn/download/20230721/11115.pdf
2023,综合,381,长春工业大学,107384,02,化学必选,422,37730,https://www.shmeea.edu.cn/download/20230721/11115.pdf
2023,综合,374,北华大学,107383,01,不限,434,35259,https://www.shmeea.edu.cn/download/20230721/11115.pdf
2023,综合,374,北华大学,107382,02,物理必选,436,34853,https://www.shmeea.edu.cn/download/20230721/11115.pdf
2023,综合,390,吉林师范大学,107381,01,不限,418,38467,https://www.shmeea.edu.cn/download/20230721/11115.pdf
2023,综合,390,吉林师范大学,107380,02,不限,439,34170,https://www.shmeea.edu.cn/download/20230721/11115.pdf
2023,综合,412,吉林财经大学,107379,01,不限,451,31584,https://www.shmeea.edu.cn/download/20230721/11115.pdf
2023,综合,394,长春工程学院,107376,01,物理必选,422,37730,https://www.shmeea.edu.cn/download/20230721/11115.pdf
2023,综合,1604,吉林工商学院,107375,01,不限,421,37931,https://www.shmeea.edu.cn/download/20230721/11115.pdf
2023,综合,404,长春中医药大学,107374,01,物/化/生(3选1),488,22656,https://www.shmeea.edu.cn/download/20230721/11115.pdf
2023,综合,404,长春中医药大学,107373,02,化学必选,465,28319,https://www.shmeea.edu.cn/download/20230721/11115.pdf
2023,综合,419,东北林业大学,107372,01,物/化/生(3选1),518,15161,https://www.shmeea.edu.cn/download/20230721/11115.pdf
2023,综合,34,哈尔滨工业大学,107371,01,物理必选,576,2962,https://www.shmeea.edu.cn/download/20230721/11115.pdf
2023,综合,34,哈尔滨工业大学,107370,02,物理必选,563,5080,https://www.shmeea.edu.cn/download/20230721/11115.pdf
2023,综合,34,哈尔滨工业大学,107369,03,物理必选,563,5080,https://www.shmeea.edu.cn/download/20230721/11115.pdf
2023,综合,34,哈尔滨工业大学,107368,04,物理必选,563,5080,https://www.shmeea.edu.cn/download/20230721/11115.pdf
2023,综合,124,哈尔滨工程大学,107367,01,物理必选,546,8464,https://www.shmeea.edu.cn/download/20230721/11115.pdf
2023,综合,394,黑龙江大,107376,01,物理必选,434,35259,https://www.shmeea.edu.cn/download/20230721/11115.pdf
2023,综合,394,黑龙江大,39402,02,,438,34431,https://www.shmeea.edu.cn/download/20230721/11115.pdf
2023,综合,394,黑龙江大,39403,03,,440,33965,https://www.shmeea.edu.cn/download/20230721/11115.pdf
2023,综合,395,哈理工,39501,01,,428,36503,https://www.shmeea.edu.cn/download/20230721/11115.pdf
2023,综合,395,哈理工,39502,02,,440,33965,https://www.shmeea.edu.cn/download/20230721/11115.pdf
2023,综合,395,哈理工,39503,03,,449,32023,https://www.shmeea.edu.cn/download/20230721/11115.pdf
2023,综合,395,哈理工,39504,04,,450,31821,https://www.shmeea.edu.cn/download/20230721/11115.pdf
2023,综合,396,黑科大,106743,01,不限,421,37931,https://www.shmeea.edu.cn/download/20230721/11115.pdf
2023,综合,446,东北石油大学,107358,01,不限,429,36303,https://www.shmeea.edu.cn/download/20230721/11115.pdf
2023,综合,446,东北石油大学,107357,02,物理/化学(2选1),439,34170,https://www.shmeea.edu.cn/download/20230721/11115.pdf
2023,综合,446,东北石油大学,107356,03,物/化/生(3选1),436,34853,https://www.shmeea.edu.cn/download/20230721/11115.pdf
2023,综合,446,东北石油大学,107355,04,化学必选,438,34431,https://www.shmeea.edu.cn/download/20230721/11115.pdf
2023,综合,446,东北石油大学,107354,05,历史必选,421,37931,https://www.shmeea.edu.cn/download/20230721/11115.pdf
2023,综合,446,东北石油大学,107353,06,物理必选,431,35904,https://www.shmeea.edu.cn/download/20230721/11115.pdf
2023,综合,398,佳木斯大,106709,01,不限,451,31584,https://www.shmeea.edu.cn/download/20230721/11115.pdf
2023,综合,137,东北农业大学,107351,01,不限,502,19158,https://www.shmeea.edu.cn/download/20230721/11115.pdf
2023,综合,137,东北农业大学,107350,02,物/化/生(3选1),510,17139,https://www.shmeea.edu.cn/download/20230721/11115.pdf
2023,综合,400,哈医大,40001,01,,539,10105,https://www.shmeea.edu.cn/download/20230721/11115.pdf
2023,综合,400,哈医大,40002,02,,475,25848,https://www.shmeea.edu.cn/download/20230721/11115.pdf
2023,综合,400,哈医大,40003,03,,497,20398,https://www.shmeea.edu.cn/download/20230721/11115.pdf
2023,综合,400,哈医大,40004,04,,482,24077,https://www.shmeea.edu.cn/download/20230721/11115.pdf
2023,综合,400,哈医大,40005,05,,478,25081,https://www.shmeea.edu.cn/download/20230721/11115.pdf
2023,综合,401,哈师大,40101,01,,432,35697,https://www.shmeea.edu.cn/download/20230721/11115.pdf
2023,综合,401,哈师大,40102,02,,497,20398,https://www.shmeea.edu.cn/download/20230721/11115.pdf
2023,综合,401,哈师大,40103,03,,486,23115,https://www.shmeea.edu.cn/download/20230721/11115.pdf
2023,综合,402,齐齐哈尔,106749,01,物/化/生(3选1),420,38092,https://www.shmeea.edu.cn/download/20230721/11115.pdf
2023,综合,402,齐齐哈尔,106748,02,物理、化学(2科必选),421,37931,https://www.shmeea.edu.cn/download/20230721/11115.pdf
2023,综合,402,齐齐哈尔,106747,03,不限,424,37331,https://www.shmeea.edu.cn/download/20230721/11115.pdf
2023,综合,402,齐齐哈尔,40204,04,,416,38855,https://www.shmeea.edu.cn/download/20230721/11115.pdf
2023,综合,402,齐齐哈尔,40205,05,,430,36113,https://www.shmeea.edu.cn/download/20230721/11115.pdf
2023,综合,403,哈商大,106740,01,不限,426,36906,https://www.shmeea.edu.cn/download/20230721/11115.pdf
2023,综合,403,哈商大,106739,02,物理必选,432,35697,https://www.shmeea.edu.cn/download/20230721/11115.pdf
2023,综合,403,哈商大,106738,03,化学、生物(2科必选),436,34853,https://www.shmeea.edu.cn/download/20230721/11115.pdf
2023,综合,403,哈商大,40304,04,,427,36712,https://www.shmeea.edu.cn/download/20230721/11115.pdf
2023,综合,404,哈金融,107374,01,物/化/生(3选1),416,38855,https://www.shmeea.edu.cn/download/20230721/11115.pdf
2023,综合,405,齐医学院,40501,01,,440,33965,https://www.shmeea.edu.cn/download/20230721/11115.pdf
2023,综合,405,齐医学院,40502,02,,431,35904,https://www.shmeea.edu.cn/download/20230721/11115.pdf
2023,综合,405,齐医学院,40503,03,,428,36503,https://www.shmeea.edu.cn/download/20230721/11115.pdf
2023,综合,405,齐医学院,40504,04,,424,37331,https://www.shmeea.edu.cn/download/20230721/11115.pdf
2023,综合,405,齐医学院,40505,05,,426,36906,https://www.shmeea.edu.cn/download/20230721/11115.pdf
2023,综合,111,南京大学,107325,01,不限,580,2393,https://www.shmeea.edu.cn/download/20230721/11115.pdf
2023,综合,111,南京大学,107324,02,物理必选,580,2393,https://www.shmeea.edu.cn/download/20230721/11115.pdf
2023,综合,111,南京大学,107323,03,物理、化学(2科必选),580,2393,https://www.shmeea.edu.cn/download/20230721/11115.pdf
2023,综合,109,东南大学,107320,01,物/地/史(3选1),572,3586,https://www.shmeea.edu.cn/download/20230721/11115.pdf
2023,综合,109,东南大学,107319,02,物理必选,575,3118,https://www.shmeea.edu.cn/download/20230721/11115.pdf
2023,综合,423,中国矿大,106821,01,不限,541,9655,https://www.shmeea.edu.cn/download/20230721/11115.pdf
2023,综合,423,中国矿大,106820,02,物理必选,536,10808,https://www.shmeea.edu.cn/download/20230721/11115.pdf
2023,综合,116,河海大学,107316,01,物理必选,543,9179,https://www.shmeea.edu.cn/download/20230721/11115.pdf
2023,综合,116,河海大学,107315,02,物理/化学(2选1),537,10565,https://www.shmeea.edu.cn/download/20230721/11115.pdf
2023,综合,116,河海大学,107314,03,不限,537,10565,https://www.shmeea.edu.cn/download/20230721/11115.pdf
2023,综合,86,江南大学,107313,01,物理必选,543,9179,https://www.shmeea.edu.cn/download/20230721/11115.pdf
2023,综合,86,江南大学,107312,02,物理、化学(2科必选),534,11276,https://www.shmeea.edu.cn/download/20230721/11115.pdf
2023,综合,86,江南大学,107311,03,不限,538,10340,https://www.shmeea.edu.cn/download/20230721/11115.pdf
2023,综合,86,江南大学,107310,04,物理、化学(2科必选),520,14672,https://www.shmeea.edu.cn/download/20230721/11115.pdf
2023,综合,86,江南大学,107309,05,不限,537,10565,https://www.shmeea.edu.cn/download/20230721/11115.pdf
2023,综合,113,南京农业大学,107308,01,不限,527,12910,https://www.shmeea.edu.cn/download/20230721/11115.pdf
2023,综合,113,南京农业大学,107307,02,物/化/生(3选1),531,11977,https://www.shmeea.edu.cn/download/20230721/11115.pdf
2023,综合,117,中国药科大学,107306,01,物理/化学(2选1),554,6846,https://www.shmeea.edu.cn/download/20230721/11115.pdf
2023,综合,117,中国药科大学,107305,02,物/化/生(3选1),553,7041,https://www.shmeea.edu.cn/download/20230721/11115.pdf
2023,综合,117,中国药科大学,107304,03,物理/化学(2选1),550,7651,https://www.shmeea.edu.cn/download/20230721/11115.pdf
2023,综合,428,人大苏州,106798,01,不限,571,3741,https://www.shmeea.edu.cn/download/20230721/11115.pdf
2023,综合,428,人大苏州,106797,02,物理必选,576,2962,https://www.shmeea.edu.cn/download/20230721/11115.pdf
2023,综合,429,南京航大,107349,01,化学、生物(2科必选),540,9864,https://www.shmeea.edu.cn/download/20230721/11115.pdf
2023,综合,429,南京航大,107348,02,不限,561,5453,https://www.shmeea.edu.cn/download/20230721/11115.pdf
2023,综合,429,南京航大,107347,03,化学、生物(2科必选),558,6028,https://www.shmeea.edu.cn/download/20230721/11115.pdf
2023,综合,112,南京理工大学,107298,01,物理必选,555,6649,https://www.shmeea.edu.cn/download/20230721/11115.pdf
2023,综合,118,苏州大学,107297,01,不限,546,8464,https://www.shmeea.edu.cn/download/20230721/11115.pdf
2023,综合,118,苏州大学,107296,02,化学必选,547,8255,https://www.shmeea.edu.cn/download/20230721/11115.pdf
2023,综合,118,苏州大学,107295,03,化学、生物(2科必选),567,4425,https://www.shmeea.edu.cn/download/20230721/11115.pdf
2023,综合,118,苏州大学,107294,04,物理必选,552,7242,https://www.shmeea.edu.cn/download/20230721/11115.pdf
2023,综合,118,苏州大学,107293,05,物/化/生(3选1),550,7651,https://www.shmeea.edu.cn/download/20230721/11115.pdf
2023,综合,118,苏州大学,107292,06,不限,537,10565,https://www.shmeea.edu.cn/download/20230721/11115.pdf
2023,综合,161,江苏科技大学,107291,01,不限,464,28564,https://www.shmeea.edu.cn/download/20230721/11115.pdf
2023,综合,161,江苏科技大学,107290,02,物理必选,464,28564,https://www.shmeea.edu.cn/download/20230721/11115.pdf
2023,综合,161,江苏科技大学,107289,03,物/化/生(3选1),479,24801,https://www.shmeea.edu.cn/download/20230721/11115.pdf
2023,综合,171,南京工业大学,107288,01,不限,495,20893,https://www.shmeea.edu.cn/download/20230721/11115.pdf
2023,综合,171,南京工业大学,107287,02,物理必选,519,14925,https://www.shmeea.edu.cn/download/20230721/11115.pdf
2023,综合,171,南京工业大学,107286,03,物/化/生(3选1),518,15161,https://www.shmeea.edu.cn/download/20230721/11115.pdf
2023,综合,171,南京工业大学,107285,04,物理/化学(2选1),528,12669,https://www.shmeea.edu.cn/download/20230721/11115.pdf
2023,综合,156,常州大学,107284,01,不限,462,29013,https://www.shmeea.edu.cn/download/20230721/11115.pdf
2023,综合,156,常州大学,107283,02,物理必选,476,25585,https://www.shmeea.edu.cn/download/20230721/11115.pdf
2023,综合,156,常州大学,107282,03,化学必选,477,25351,https://www.shmeea.edu.cn/download/20230721/11115.pdf
2023,综合,156,常州大学,107281,04,物理、化学(2科必选),468,27576,https://www.shmeea.edu.cn/download/20230721/11115.pdf
2023,综合,160,南京邮电大学,107280,01,物理必选,544,8940,https://www.shmeea.edu.cn/download/20230721/11115.pdf
2023,综合,169,南京林业大学,107279,01,物理必选,505,18398,https://www.shmeea.edu.cn/download/20230721/11115.pdf
2023,综合,169,南京林业大学,107278,02,物/化/生(3选1),514,16172,https://www.shmeea.edu.cn/download/20230721/11115.pdf
2023,综合,169,南京林业大学,107277,03,不限,508,17631,https://www.shmeea.edu.cn/download/20230721/11115.pdf
2023,综合,170,江苏大学,107276,01,物理/历史(2选1),491,21932,https://www.shmeea.edu.cn/download/20230721/11115.pdf
2023,综合,170,江苏大学,107275,02,物理必选,522,14182,https://www.shmeea.edu.cn/download/20230721/11115.pdf
2023,综合,1376,南京信息职业技术学院,43801,01,,542,9418,https://www.shmeea.edu.cn/download/20230721/11115.pdf
2023,综合,1376,南京信息职业技术学院,43802,02,,521,14416,https://www.shmeea.edu.cn/download/20230721/11115.pdf
2023,综合,1376,南京信息职业技术学院,43803,03,,519,14925,https://www.shmeea.edu.cn/download/20230721/11115.pdf
2023,综合,787,南通大学,107271,01,不限,495,20893,https://www.shmeea.edu.cn/download/20230721/11115.pdf
2023,综合,787,南通大学,107270,02,化学、生物(2科必选),532,11739,https://www.shmeea.edu.cn/download/20230721/11115.pdf
2023,综合,787,南通大学,107269,03,物/化/生(3选1),517,15390,https://www.shmeea.edu.cn/download/20230721/11115.pdf
2023,综合,440,盐城工院,44001,01,,447,32460,https://www.shmeea.edu.cn/download/20230721/11115.pdf
2023,综合,440,盐城工院,44002,02,,440,33965,https://www.shmeea.edu.cn/download/20230721/11115.pdf
2023,综合,168,南京医科大学,107266,01,物理、化学(2科必选),471,26866,https://www.shmeea.edu.cn/download/20230721/11115.pdf
2023,综合,168,南京医科大学,107265,02,化学必选,523,13919,https://www.shmeea.edu.cn/download/20230721/11115.pdf
2023,综合,168,南京医科大学,107264,03,不限,523,13919,https://www.shmeea.edu.cn/download/20230721/11115.pdf
2023,综合,162,南京中医药大学,107263,01,化学/生物(2选1),541,9655,https://www.shmeea.edu.cn/download/20230721/11115.pdf
2023,综合,162,南京中医药大学,107262,02,化学必选,516,15632,https://www.shmeea.edu.cn/download/20230721/11115.pdf
2023,综合,115,南京师范大学,107261,01,不限,543,9179,https://www.shmeea.edu.cn/download/20230721/11115.pdf
2023,综合,115,南京师范大学,107260,02,历史必选,553,7041,https://www.shmeea.edu.cn/download/20230721/11115.pdf
2023,综合,115,南京师范大学,107259,03,物理、化学(2科必选),538,10340,https://www.shmeea.edu.cn/download/20230721/11115.pdf
2023,综合,115,南京师范大学,107258,04,物理必选,537,10565,https://www.shmeea.edu.cn/download/20230721/11115.pdf
2023,综合,1064,淮阴师范学院,107257,01,不限,424,37331,https://www.shmeea.edu.cn/download/20230721/11115.pdf
2023,综合,153,盐城师范学院,107256,01,不限,445,32897,https://www.shmeea.edu.cn/download/20230721/11115.pdf
2023,综合,164,南京财经大学,107255,01,不限,496,20653,https://www.shmeea.edu.cn/download/20230721/11115.pdf
2023,综合,164,南京财经大学,107254,02,物理必选,486,23115,https://www.shmeea.edu.cn/download/20230721/11115.pdf
2023,综合,163,苏州科技大学,131220,01,史/地/物(3选1),499,19921,https://www.shmeea.edu.cn/download/20230721/11115.pdf
2023,综合,163,苏州科技大学,131216,02,物/化/生(3选1),496,20653,https://www.shmeea.edu.cn/download/20230721/11115.pdf
2023,综合,163,苏州科技大学,131214,03,物理必选,468,27576,https://www.shmeea.edu.cn/download/20230721/11115.pdf
2023,综合,163,苏州科技大学,131212,04,化学必选,468,27576,https://www.shmeea.edu.cn/download/20230721/11115.pdf
2023,综合,163,苏州科技大学,131210,05,不限,483,23814,https://www.shmeea.edu.cn/download/20230721/11115.pdf
2023,综合,163,苏州科技大学,131208,06,物理必选,445,32897,https://www.shmeea.edu.cn/download/20230721/11115.pdf
2023,综合,449,常熟理工,44901,01,,446,32676,https://www.shmeea.edu.cn/download/20230721/11115.pdf
2023,综合,1048,金陵科技学院,107252,01,物理必选,440,33965,https://www.shmeea.edu.cn/download/20230721/11115.pdf
2023,综合,1048,金陵科技学院,107251,02,物理/历史(2选1),445,32897,https://www.shmeea.edu.cn/download/20230721/11115.pdf
2023,综合,1048,金陵科技学院,107250,03,历史必选,465,28319,https://www.shmeea.edu.cn/download/20230721/11115.pdf
2023,综合,1049,徐州工程学院,107249,01,物理必选,439,34170,https://www.shmeea.edu.cn/download/20230721/11115.pdf
2023,综合,1049,徐州工程学院,107248,02,不限,446,32676,https://www.shmeea.edu.cn/download/20230721/11115.pdf
2023,综合,452,常州工院,45201,01,,432,35697,https://www.shmeea.edu.cn/download/20230721/11115.pdf
2023,综合,452,常州工院,45202,02,,440,33965,https://www.shmeea.edu.cn/download/20230721/11115.pdf
2023,综合,173,扬州大学,107245,01,不限,508,17631,https://www.shmeea.edu.cn/download/20230721/11115.pdf
2023,综合,173,扬州大学,107244,02,物理必选,505,18398,https://www.shmeea.edu.cn/download/20230721/11115.pdf
2023,综合,173,扬州大学,107243,03,化学必选,514,16172,https://www.shmeea.edu.cn/download/20230721/11115.pdf
2023,综合,173,扬州大学,107242,04,物/化/生(3选1),512,16670,https://www.shmeea.edu.cn/download/20230721/11115.pdf
2023,综合,146,南京工程学院,107241,01,物理必选,447,32460,https://www.shmeea.edu.cn/download/20230721/11115.pdf
2023,综合,146,南京工程学院,107240,02,不限,460,29469,https://www.shmeea.edu.cn/download/20230721/11115.pdf
2023,综合,146,南京工程学院,107239,03,物理必选,440,33965,https://www.shmeea.edu.cn/download/20230721/11115.pdf
2023,综合,151,南京审计大学,107238,01,不限,502,19158,https://www.shmeea.edu.cn/download/20230721/11115.pdf
2023,综合,151,南京审计大学,107237,02,不限,513,16423,https://www.shmeea.edu.cn/download/20230721/11115.pdf
2023,综合,151,南京审计大学,107236,03,物理必选,485,23334,https://www.shmeea.edu.cn/download/20230721/11115.pdf
2023,综合,150,江苏理工学院,107235,01,物理必选,441,33766,https://www.shmeea.edu.cn/download/20230721/11115.pdf
2023,综合,150,江苏理工学院,107234,02,不限,454,30852,https://www.shmeea.edu.cn/download/20230721/11115.pdf
2023,综合,150,江苏理工学院,107233,03,化学/生物(2选1),444,33094,https://www.shmeea.edu.cn/download/20230721/11115.pdf
2023,综合,457,江苏海大,45701,01,,441,33766,https://www.shmeea.edu.cn/download/20230721/11115.pdf
2023,综合,457,江苏海大,45702,02,,453,31094,https://www.shmeea.edu.cn/download/20230721/11115.pdf
2023,综合,458,南京特师,106855,01,物/化/生(3选1),458,29925,https://www.shmeea.edu.cn/download/20230721/11115.pdf
2023,综合,458,南京特师,106854,02,不限,436,34853,https://www.shmeea.edu.cn/download/20230721/11115.pdf
2023,综合,1544,南通理工学院,107228,01,不限,405,40830,https://www.shmeea.edu.cn/download/20230721/11115.pdf
2023,综合,1544,南通理工学院,107227,02,物理必选,410,39977,https://www.shmeea.edu.cn/download/20230721/11115.pdf
2023,综合,460,东南成贤,106850,01,不限,434,35259,https://www.shmeea.edu.cn/download/20230721/11115.pdf
2023,综合,460,东南成贤,106849,02,政/地/史(3选1),430,36113,https://www.shmeea.edu.cn/download/20230721/11115.pdf
2023,综合,461,太湖学院,46101,01,,407,40512,https://www.shmeea.edu.cn/download/20230721/11115.pdf
2023,综合,462,南理紫金,106847,01,物理/化学(2选1),431,35904,https://www.shmeea.edu.cn/download/20230721/11115.pdf
2023,综合,462,南理紫金,106846,02,不限,427,36712,https://www.shmeea.edu.cn/download/20230721/11115.pdf
2023,综合,463,南航金城,106858,01,物理必选,416,38855,https://www.shmeea.edu.cn/download/20230721/11115.pdf
2023,综合,463,南航金城,106857,02,化学必选,422,37730,https://www.shmeea.edu.cn/download/20230721/11115.pdf
2023,综合,2543,南京传媒学院,107219,01,不限,457,30168,https://www.shmeea.edu.cn/download/20230721/11115.pdf
2023,综合,465,南师泰州,107037,01,不限,430,36113,https://www.shmeea.edu.cn/download/20230721/11115.pdf
2023,综合,465,南师泰州,46502,02,,421,37931,https://www.shmeea.edu.cn/download/20230721/11115.pdf
2023,综合,466,南工浦江,106853,01,不限,409,40174,https://www.shmeea.edu.cn/download/20230721/11115.pdf
2023,综合,466,南工浦江,106852,02,物理必选,420,38092,https://www.shmeea.edu.cn/download/20230721/11115.pdf
2023,综合,466,南工浦江,106851,03,化学必选,421,37931,https://www.shmeea.edu.cn/download/20230721/11115.pdf
2023,综合,467,南医康达,46701,01,,440,33965,https://www.shmeea.edu.cn/download/20230721/11115.pdf
2023,综合,467,南医康达,46702,02,,419,38271,https://www.shmeea.edu.cn/download/20230721/11115.pdf
2023,综合,467,南医康达,46703,03,,417,38666,https://www.shmeea.edu.cn/download/20230721/11115.pdf
2023,综合,467,南医康达,46704,04,,440,33965,https://www.shmeea.edu.cn/download/20230721/11115.pdf
2023,综合,1403,无锡学院,107209,01,物理必选,439,34170,https://www.shmeea.edu.cn/download/20230721/11115.pdf
2023,综合,1403,无锡学院,107208,02,物/化/生(3选1),459,29706,https://www.shmeea.edu.cn/download/20230721/11115.pdf
2023,综合,1403,无锡学院,107207,03,不限,451,31584,https://www.shmeea.edu.cn/download/20230721/11115.pdf
2023,综合,470,苏州城院,47001,01,,454,30852,https://www.shmeea.edu.cn/download/20230721/11115.pdf
2023,综合,470,苏州城院,47002,02,,438,34431,https://www.shmeea.edu.cn/download/20230721/11115.pdf
2023,综合,471,苏大应用,107032,01,物理必选,422,37730,https://www.shmeea.edu.cn/download/20230721/11115.pdf
2023,综合,473,江大京江,47301,01,,419,38271,https://www.shmeea.edu.cn/download/20230721/11115.pdf
2023,综合,474,南邮通达,107034,01,不限,440,33965,https://www.shmeea.edu.cn/download/20230721/11115.pdf
2023,综合,474,南邮通达,47402,02,,426,36906,https://www.shmeea.edu.cn/download/20230721/11115.pdf
2023,综合,475,江科苏理,107028,01,不限,432,35697,https://www.shmeea.edu.cn/download/20230721/11115.pdf
2023,综合,475,江科苏理,107027,02,物理必选,424,37331,https://www.shmeea.edu.cn/download/20230721/11115.pdf
2023,综合,476,南通杏林,47601,01,,405,40830,https://www.shmeea.edu.cn/download/20230721/11115.pdf
2023,综合,476,南通杏林,47602,02,,412,39601,https://www.shmeea.edu.cn/download/20230721/11115.pdf
2023,综合,477,南审金审,47701,01,,421,37931,https://www.shmeea.edu.cn/download/20230721/11115.pdf
2023,综合,477,南审金审,47702,02,,420,38092,https://www.shmeea.edu.cn/download/20230721/11115.pdf
2023,综合,478,西浦大学,47801,01,,539,10105,https://www.shmeea.edu.cn/download/20230721/11115.pdf
2023,综合,478,西浦大学,47802,02,,538,10340,https://www.shmeea.edu.cn/download/20230721/11115.pdf
2023,综合,478,西浦大学,47803,03,,543,9179,https://www.shmeea.edu.cn/download/20230721/11115.pdf
2023,综合,478,西浦大学,47804,04,,544,8940,https://www.shmeea.edu.cn/download/20230721/11115.pdf
2023,综合,478,西浦大学,47805,05,,538,10340,https://www.shmeea.edu.cn/download/20230721/11115.pdf
2023,综合,158,徐州医科大学,107189,01,物理、化学(2科必选),520,14672,https://www.shmeea.edu.cn/download/20230721/11115.pdf
2023,综合,149,南京艺术学院,107188,01,不限,500,19672,https://www.shmeea.edu.cn/download/20230721/11115.pdf
2023,综合,147,南京晓庄学院,107187,01,不限,504,18635,https://www.shmeea.edu.cn/download/20230721/11115.pdf
2023,综合,1170,宿迁学院,107186,01,不限,439,34170,https://www.shmeea.edu.cn/download/20230721/11115.pdf
2023,综合,1170,宿迁学院,107185,02,物理必选,425,37110,https://www.shmeea.edu.cn/download/20230721/11115.pdf
2023,综合,114,浙江大学,107184,01,不限,580,2393,https://www.shmeea.edu.cn/download/20230721/11115.pdf
2023,综合,114,浙江大学,107183,02,物理必选,580,2393,https://www.shmeea.edu.cn/download/20230721/11115.pdf
2023,综合,492,杭州电子,49201,01,,500,19672,https://www.shmeea.edu.cn/download/20230721/11115.pdf
2023,综合,492,杭州电子,49202,02,,537,10565,https://www.shmeea.edu.cn/download/20230721/11115.pdf
2023,综合,492,杭州电子,49203,03,,492,21695,https://www.shmeea.edu.cn/download/20230721/11115.pdf
2023,综合,242,浙江工业大学,107179,01,物理必选,531,11977,https://www.shmeea.edu.cn/download/20230721/11115.pdf
2023,综合,242,浙江工业大学,107178,02,物理必选,523,13919,https://www.shmeea.edu.cn/download/20230721/11115.pdf
2023,综合,242,浙江工业大学,107177,03,物理/地理(2选1),505,18398,https://www.shmeea.edu.cn/download/20230721/11115.pdf
2023,综合,242,浙江工业大学,107176,04,物/化/史(3选1),517,15390,https://www.shmeea.edu.cn/download/20230721/11115.pdf
2023,综合,242,浙江工业大学,107175,05,思想政治/历史(2选1),511,16921,https://www.shmeea.edu.cn/download/20230721/11115.pdf
2023,综合,243,浙江理工大学,107174,01,不限,493,21430,https://www.shmeea.edu.cn/download/20230721/11115.pdf
2023,综合,243,浙江理工大学,107172,03,物理必选,515,15916,https://www.shmeea.edu.cn/download/20230721/11115.pdf
2023,综合,243,浙江理工大学,107171,04,化学必选,504,18635,https://www.shmeea.edu.cn/download/20230721/11115.pdf
2023,综合,243,浙江理工大学,107170,05,物理/化学(2选1),494,21165,https://www.shmeea.edu.cn/download/20230721/11115.pdf
2023,综合,243,浙江理工大学,107169,06,化学/生物(2选1),505,18398,https://www.shmeea.edu.cn/download/20230721/11115.pdf
2023,综合,248,浙江海洋大学,107168,01,不限,451,31584,https://www.shmeea.edu.cn/download/20230721/11115.pdf
2023,综合,248,浙江海洋大学,107167,02,物理必选,445,32897,https://www.shmeea.edu.cn/download/20230721/11115.pdf
2023,综合,249,浙江农林大学,107166,01,不限,483,23814,https://www.shmeea.edu.cn/download/20230721/11115.pdf
2023,综合,249,浙江农林大学,107165,02,物理/化学(2选1),492,21695,https://www.shmeea.edu.cn/download/20230721/11115.pdf
2023,综合,249,浙江农林大学,107164,03,物/史/生(3选1),505,18398,https://www.shmeea.edu.cn/download/20230721/11115.pdf
2023,综合,249,浙江农林大学,107163,04,物/化/生(3选1),491,21932,https://www.shmeea.edu.cn/download/20230721/11115.pdf
2023,综合,251,温州医科大学,107162,01,化学、生物(2科必选),543,9179,https://www.shmeea.edu.cn/download/20230721/11115.pdf
2023,综合,251,温州医科大学,107161,02,物/化/生(3选1),558,6028,https://www.shmeea.edu.cn/download/20230721/11115.pdf
2023,综合,251,温州医科大学,107160,03,化学、生物(2科必选),541,9655,https://www.shmeea.edu.cn/download/20230721/11115.pdf
2023,综合,241,浙江师范大学,107159,01,不限,496,20653,https://www.shmeea.edu.cn/download/20230721/11115.pdf
2023,综合,241,浙江师范大学,107158,02,物理必选,510,17139,https://www.shmeea.edu.cn/download/20230721/11115.pdf
2023,综合,241,浙江师范大学,107157,03,物理/化学(2选1),492,21695,https://www.shmeea.edu.cn/download/20230721/11115.pdf
2023,综合,241,浙江师范大学,107156,04,物/化/生(3选1),508,17631,https://www.shmeea.edu.cn/download/20230721/11115.pdf
2023,综合,241,浙江师范大学,107155,05,不限,490,22166,https://www.shmeea.edu.cn/download/20230721/11115.pdf
2023,综合,252,杭州师范大学,107154,01,不限,488,22656,https://www.shmeea.edu.cn/download/20230721/11115.pdf
2023,综合,252,杭州师范大学,107153,02,不限,485,23334,https://www.shmeea.edu.cn/download/20230721/11115.pdf
2023,综合,252,杭州师范大学,107152,03,物理必选,487,22878,https://www.shmeea.edu.cn/download/20230721/11115.pdf
2023,综合,253,湖州师范大学,107151,01,化学/生物(2选1),465,28319,https://www.shmeea.edu.cn/download/20230721/11115.pdf
2023,综合,253,湖州师范大学,107150,02,物理必选,440,33965,https://www.shmeea.edu.cn/download/20230721/11115.pdf
2023,综合,253,湖州师范大学,107149,03,物/化/生(3选1),524,13663,https://www.shmeea.edu.cn/download/20230721/11115.pdf
2023,综合,253,湖州师范大学,107148,04,物理/化学(2选1),448,32236,https://www.shmeea.edu.cn/download/20230721/11115.pdf
2023,综合,253,湖州师范大学,107147,05,化学、生物(2科必选),495,20893,https://www.shmeea.edu.cn/download/20230721/11115.pdf
2023,综合,253,湖州师范大学,107146,06,思想政治必选,492,21695,https://www.shmeea.edu.cn/download/20230721/11115.pdf
2023,综合,253,湖州师范大学,107145,07,不限,447,32460,https://www.shmeea.edu.cn/download/20230721/11115.pdf
2023,综合,501,浙江工商,106458,01,不限,499,19921,https://www.shmeea.edu.cn/download/20230721/11115.pdf
2023,综合,501,浙江工商,106457,02,物理必选,520,14672,https://www.shmeea.edu.cn/download/20230721/11115.pdf
2023,综合,501,浙江工商,50103,03,,493,21430,https://www.shmeea.edu.cn/download/20230721/11115.pdf
2023,综合,502,嘉兴学院,50201,01,,454,30852,https://www.shmeea.edu.cn/download/20230721/11115.pdf
2023,综合,502,嘉兴学院,50202,02,,439,34170,https://www.shmeea.edu.cn/download/20230721/11115.pdf
2023,综合,247,中国计量大学,107139,01,物理必选,488,22656,https://www.shmeea.edu.cn/download/20230721/11115.pdf
2023,综合,247,中国计量大学,107138,02,化学必选,491,21932,https://www.shmeea.edu.cn/download/20230721/11115.pdf
2023,综合,247,中国计量大学,107137,03,物理/化学(2选1),490,22166,https://www.shmeea.edu.cn/download/20230721/11115.pdf
2023,综合,247,中国计量大学,107136,04,物/化/生(3选1),492,21695,https://www.shmeea.edu.cn/download/20230721/11115.pdf
2023,综合,247,中国计量大学,107135,05,不限,491,21932,https://www.shmeea.edu.cn/download/20230721/11115.pdf
2023,综合,258,浙江财经大学,107134,01,不限,496,20653,https://www.shmeea.edu.cn/download/20230721/11115.pdf
2023,综合,258,浙江财经大学,107133,02,物理必选,486,23115,https://www.shmeea.edu.cn/download/20230721/11115.pdf
2023,综合,258,浙江财经大学,107132,03,物/地/生(3选1),494,21165,https://www.shmeea.edu.cn/download/20230721/11115.pdf
2023,综合,258,浙江财经大学,107131,04,物/化/地(3选1),495,20893,https://www.shmeea.edu.cn/download/20230721/11115.pdf
2023,综合,258,浙江财经大学,107130,05,物/化/生(3选1),519,14925,https://www.shmeea.edu.cn/download/20230721/11115.pdf
2023,综合,258,浙江财经大学,107129,06,不限,496,20653,https://www.shmeea.edu.cn/download/20230721/11115.pdf
2023,综合,240,宁波大学,107128,01,不限,521,14416,https://www.shmeea.edu.cn/download/20230721/11115.pdf
2023,综合,240,宁波大学,107127,02,不限,512,16670,https://www.shmeea.edu.cn/download/20230721/11115.pdf
2023,综合,240,宁波大学,107126,03,不限,505,18398,https://www.shmeea.edu.cn/download/20230721/11115.pdf
2023,综合,1066,浙江传媒学院,107125,01,不限,510,17139,https://www.shmeea.edu.cn/download/20230721/11115.pdf
2023,综合,1066,浙江传媒学院,107124,02,不限,507,17863,https://www.shmeea.edu.cn/download/20230721/11115.pdf
2023,综合,1066,浙江传媒学院,107123,03,政/地/史(3选1),506,18118,https://www.shmeea.edu.cn/download/20230721/11115.pdf
2023,综合,1066,浙江传媒学院,107122,04,物理必选,499,19921,https://www.shmeea.edu.cn/download/20230721/11115.pdf
2023,综合,1066,浙江传媒学院,107121,05,物理必选,487,22878,https://www.shmeea.edu.cn/download/20230721/11115.pdf
2023,综合,507,温医仁济,106910,01,不限,472,26613,https://www.shmeea.edu.cn/download/20230721/11115.pdf
2023,综合,507,温医仁济,106909,02,化学必选,443,33327,https://www.shmeea.edu.cn/download/20230721/11115.pdf
2023,综合,2391,湖州学院,107118,01,不限,447,32460,https://www.shmeea.edu.cn/download/20230721/11115.pdf
2023,综合,2391,湖州学院,107117,02,物理必选,435,35051,https://www.shmeea.edu.cn/download/20230721/11115.pdf
2023,综合,509,南湖学院,131219,01,物理必选,446,32676,https://www.shmeea.edu.cn/download/20230721/11115.pdf
2023,综合,509,南湖学院,131215,02,不限,437,34625,https://www.shmeea.edu.cn/download/20230721/11115.pdf
2023,综合,509,南湖学院,131213,03,政/史/地(3选1),440,33965,https://www.shmeea.edu.cn/download/20230721/11115.pdf
2023,综合,509,南湖学院,131211,04,物/化/生(3选1),447,32460,https://www.shmeea.edu.cn/download/20230721/11115.pdf
2023,综合,510,中计现代,106888,01,不限,415,39040,https://www.shmeea.edu.cn/download/20230721/11115.pdf
2023,综合,510,中计现代,106887,02,物/化/生(3选1),423,37531,https://www.shmeea.edu.cn/download/20230721/11115.pdf
2023,综合,512,上财浙院,106653,01,物理、化学(2科必选),412,39601,https://www.shmeea.edu.cn/download/20230721/11115.pdf
2023,综合,512,上财浙院,106652,02,化学必选,426,36906,https://www.shmeea.edu.cn/download/20230721/11115.pdf
2023,综合,512,上财浙院,51203,03,,420,38092,https://www.shmeea.edu.cn/download/20230721/11115.pdf
2023,综合,513,诺丁汉,51301,01,,542,9418,https://www.shmeea.edu.cn/download/20230721/11115.pdf
2023,综合,513,诺丁汉,51302,02,,543,9179,https://www.shmeea.edu.cn/download/20230721/11115.pdf
2023,综合,513,诺丁汉,51303,03,,542,9418,https://www.shmeea.edu.cn/download/20230721/11115.pdf
2023,综合,3188,温州肯恩大学,107104,01,不限,509,17377,https://www.shmeea.edu.cn/download/20230721/11115.pdf
2023,综合,516,浙大医学,51601,01,,580,2393,https://www.shmeea.edu.cn/download/20230721/11115.pdf
2023,综合,250,浙江中医药大学,107102,01,不限,488,22656,https://www.shmeea.edu.cn/download/20230721/11115.pdf
2023,综合,250,浙江中医药大学,107101,02,物理必选,491,21932,https://www.shmeea.edu.cn/download/20230721/11115.pdf
2023,综合,250,浙江中医药大学,107100,03,化学、生物(2科必选),535,11029,https://www.shmeea.edu.cn/download/20230721/11115.pdf
2023,综合,250,浙江中医药大学,107099,04,化学/生物(2选1),531,11977,https://www.shmeea.edu.cn/download/20230721/11115.pdf
2023,综合,250,浙江中医药大学,107098,05,物理/生物(2选1),507,17863,https://www.shmeea.edu.cn/download/20230721/11115.pdf
2023,综合,250,浙江中医药大学,107097,06,物/化/生(3选1),497,20398,https://www.shmeea.edu.cn/download/20230721/11115.pdf
2023,综合,250,浙江中医药大学,107096,07,化/史/生(3选1),499,19921,https://www.shmeea.edu.cn/download/20230721/11115.pdf
2023,综合,256,温州大学,107095,01,不限,479,24801,https://www.shmeea.edu.cn/download/20230721/11115.pdf
2023,综合,256,温州大学,107094,02,思想政治必选,516,15632,https://www.shmeea.edu.cn/download/20230721/11115.pdf
2023,综合,256,温州大学,107093,03,地理/历史(2选1),514,16172,https://www.shmeea.edu.cn/download/20230721/11115.pdf
2023,综合,519,中国美院,51901,01,,540,9864,https://www.shmeea.edu.cn/download/20230721/11115.pdf
2023,综合,519,中国美院,51902,02,,542,9418,https://www.shmeea.edu.cn/download/20230721/11115.pdf
2023,综合,519,中国美院,51903,03,,534,11276,https://www.shmeea.edu.cn/download/20230721/11115.pdf
2023,综合,2604,衢州学院,107089,01,物/化/生(3选1),449,32023,https://www.shmeea.edu.cn/download/20230721/11115.pdf
2023,综合,2604,衢州学院,107088,02,化学必选,441,33766,https://www.shmeea.edu.cn/download/20230721/11115.pdf
2023,综合,63,合肥工业大学,107087,01,不限,527,12910,https://www.shmeea.edu.cn/download/20230721/11115.pdf
2023,综合,63,合肥工业大学,107086,02,物理、化学(2科必选),531,11977,https://www.shmeea.edu.cn/download/20230721/11115.pdf
2023,综合,63,合肥工业大学,107085,03,化学必选,535,11029,https://www.shmeea.edu.cn/download/20230721/11115.pdf
2023,综合,63,合肥工业大学,107084,04,物理必选,541,9655,https://www.shmeea.edu.cn/download/20230721/11115.pdf
2023,综合,532,中国科大,106670,01,物理必选,580,2393,https://www.shmeea.edu.cn/download/20230721/11115.pdf
2023,综合,67,安徽大学,107082,01,物理必选,541,9655,https://www.shmeea.edu.cn/download/20230721/11115.pdf
2023,综合,67,安徽大学,107081,02,不限,529,12442,https://www.shmeea.edu.cn/download/20230721/11115.pdf
2023,综合,67,安徽大学,53303,03,,524,13663,https://www.shmeea.edu.cn/download/20230721/11115.pdf
2023,综合,69,安徽工业大学,107079,01,不限,445,32897,https://www.shmeea.edu.cn/download/20230721/11115.pdf
2023,综合,69,安徽工业大学,107078,02,物理必选,444,33094,https://www.shmeea.edu.cn/download/20230721/11115.pdf
2023,综合,69,安徽工业大学,107077,03,化学必选,457,30168,https://www.shmeea.edu.cn/download/20230721/11115.pdf
2023,综合,69,安徽工业大学,107076,04,物/化/生(3选1),461,29246,https://www.shmeea.edu.cn/download/20230721/11115.pdf
2023,综合,68,安徽理工大学,107075,01,不限,445,32897,https://www.shmeea.edu.cn/download/20230721/11115.pdf
2023,综合,70,安徽农业大学,107074,01,物/化/生(3选1),466,28075,https://www.shmeea.edu.cn/download/20230721/11115.pdf
2023,综合,70,安徽农业大学,107073,02,不限,463,28788,https://www.shmeea.edu.cn/download/20230721/11115.pdf
2023,综合,72,安徽医科大学,107072,01,化学、生物(2科必选),537,10565,https://www.shmeea.edu.cn/download/20230721/11115.pdf
2023,综合,314,安徽师范大学,107071,01,物理必选,483,23814,https://www.shmeea.edu.cn/download/20230721/11115.pdf
2023,综合,314,安徽师范大学,107070,02,不限,479,24801,https://www.shmeea.edu.cn/download/20230721/11115.pdf
2023,综合,328,淮北师范大学,107069,01,不限,442,33564,https://www.shmeea.edu.cn/download/20230721/11115.pdf
2023,综合,328,淮北师范大学,107068,02,政/地/史(3选1),494,21165,https://www.shmeea.edu.cn/download/20230721/11115.pdf
2023,综合,328,淮北师范大学,107067,03,物理/化学(2选1),451,31584,https://www.shmeea.edu.cn/download/20230721/11115.pdf
2023,综合,328,淮北师范大学,107066,04,物/化/生(3选1),454,30852,https://www.shmeea.edu.cn/download/20230721/11115.pdf
2023,综合,1247,滁州学院,107065,01,政/地/史(3选1),433,35473,https://www.shmeea.edu.cn/download/20230721/11115.pdf
2023,综合,1247,滁州学院,107064,02,不限,437,34625,https://www.shmeea.edu.cn/download/20230721/11115.pdf
2023,综合,1247,滁州学院,107063,03,不限,419,38271,https://www.shmeea.edu.cn/download/20230721/11115.pdf
2023,综合,335,安徽财经大学,107062,01,不限,481,24317,https://www.shmeea.edu.cn/download/20230721/11115.pdf
2023,综合,333,淮南师范学院,107061,01,不限,438,34431,https://www.shmeea.edu.cn/download/20230721/11115.pdf
2023,综合,333,淮南师范学院,107060,02,物理必选,433,35473,https://www.shmeea.edu.cn/download/20230721/11115.pdf
2023,综合,333,淮南师范学院,107059,03,思想政治必选,442,33564,https://www.shmeea.edu.cn/download/20230721/11115.pdf
2023,综合,322,安徽建筑大学,107058,01,不限,446,32676,https://www.shmeea.edu.cn/download/20230721/11115.pdf
2023,综合,322,安徽建筑大学,107057,02,物理必选,452,31347,https://www.shmeea.edu.cn/download/20230721/11115.pdf
2023,综合,322,安徽建筑大学,107056,03,物理/化学(2选1),455,30610,https://www.shmeea.edu.cn/download/20230721/11115.pdf
2023,综合,322,安徽建筑大学,107055,04,物/化/生(3选1),454,30852,https://www.shmeea.edu.cn/download/20230721/11115.pdf
2023,综合,322,安徽建筑大学,107054,05,物理/地理(2选1),461,29246,https://www.shmeea.edu.cn/download/20230721/11115.pdf
2023,综合,322,安徽建筑大学,107053,06,化学必选,455,30610,https://www.shmeea.edu.cn/download/20230721/11115.pdf
2023,综合,544,安徽科技,106449,01,物理/历史(2选1),441,33766,https://www.shmeea.edu.cn/download/20230721/11115.pdf
2023,综合,544,安徽科技,106448,02,物理必选,440,33965,https://www.shmeea.edu.cn/download/20230721/11115.pdf
2023,综合,544,安徽科技,54403,03,,447,32460,https://www.shmeea.edu.cn/download/20230721/11115.pdf
2023,综合,544,安徽科技,54404,04,,439,34170,https://www.shmeea.edu.cn/download/20230721/11115.pdf
2023,综合,545,合肥城院,106450,01,不限,406,40671,https://www.shmeea.edu.cn/download/20230721/11115.pdf
2023,综合,545,合肥城院,54502,02,,405,40830,https://www.shmeea.edu.cn/download/20230721/11115.pdf
2023,综合,545,合肥城院,54503,03,,413,39440,https://www.shmeea.edu.cn/download/20230721/11115.pdf
2023,综合,546,安医临床,106447,01,化学、生物(2科必选),434,35259,https://www.shmeea.edu.cn/download/20230721/11115.pdf
2023,综合,1196,安徽中医药大学,107044,01,物/化/生(3选1),519,14925,https://www.shmeea.edu.cn/download/20230721/11115.pdf
2023,综合,316,安徽工程大学,107043,01,不限,445,32897,https://www.shmeea.edu.cn/download/20230721/11115.pdf
2023,综合,316,安徽工程大学,107042,02,物理必选,438,34431,https://www.shmeea.edu.cn/download/20230721/11115.pdf
2023,综合,102,厦门大学,107041,01,不限,568,4260,https://www.shmeea.edu.cn/download/20230721/11115.pdf
2023,综合,102,厦门大学,107040,02,物理必选,572,3586,https://www.shmeea.edu.cn/download/20230721/11115.pdf
2023,综合,102,厦门大学,107039,03,物理、化学(2科必选),569,4096,https://www.shmeea.edu.cn/download/20230721/11115.pdf
2023,综合,102,厦门大学,107038,04,物/化/生(3选1),568,4260,https://www.shmeea.edu.cn/download/20230721/11115.pdf
2023,综合,465,华侨大学,107037,01,不限,478,25081,https://www.shmeea.edu.cn/download/20230721/11115.pdf
2023,综合,103,福州大学,107036,01,物理必选,540,9864,https://www.shmeea.edu.cn/download/20230721/11115.pdf
2023,综合,103,福州大学,107035,02,不限,533,11501,https://www.shmeea.edu.cn/download/20230721/11115.pdf
2023,综合,474,福建理工大学,107034,01,不限,443,33327,https://www.shmeea.edu.cn/download/20230721/11115.pdf
2023,综合,468,福建农林大学,107033,01,不限,444,33094,https://www.shmeea.edu.cn/download/20230721/11115.pdf
2023,综合,471,集美大学,107032,01,物理必选,446,32676,https://www.shmeea.edu.cn/download/20230721/11115.pdf
2023,综合,471,集美大学,107031,02,不限,474,26112,https://www.shmeea.edu.cn/download/20230721/11115.pdf
2023,综合,1020,福建医科大学,107030,01,物理、化学(2科必选),540,9864,https://www.shmeea.edu.cn/download/20230721/11115.pdf
2023,综合,1020,福建医科大学,107029,02,物理/化学(2选1),512,16670,https://www.shmeea.edu.cn/download/20230721/11115.pdf
2023,综合,475,泉州师范学院,107028,01,不限,431,35904,https://www.shmeea.edu.cn/download/20230721/11115.pdf
2023,综合,475,泉州师范学院,107027,02,物理必选,436,34853,https://www.shmeea.edu.cn/download/20230721/11115.pdf
2023,综合,475,泉州师范学院,107026,03,物理、化学(2科必选),426,36906,https://www.shmeea.edu.cn/download/20230721/11115.pdf
2023,综合,475,泉州师范学院,107025,04,物/化/生(3选1),455,30610,https://www.shmeea.edu.cn/download/20230721/11115.pdf
2023,综合,475,泉州师范学院,107024,05,化学/生物(2选1),436,34853,https://www.shmeea.edu.cn/download/20230721/11115.pdf
2023,综合,1061,厦门理工学院,107023,01,物理必选,439,34170,https://www.shmeea.edu.cn/download/20230721/11115.pdf
2023,综合,1061,厦门理工学院,107022,02,不限,447,32460,https://www.shmeea.edu.cn/download/20230721/11115.pdf
2023,综合,571,厦大嘉庚,57101,01,,412,39601,https://www.shmeea.edu.cn/download/20230721/11115.pdf
2023,综合,571,厦大嘉庚,57102,02,,430,36113,https://www.shmeea.edu.cn/download/20230721/11115.pdf
2023,综合,571,厦大嘉庚,57103,03,,424,37331,https://www.shmeea.edu.cn/download/20230721/11115.pdf
2023,综合,571,厦大嘉庚,57104,04,,424,37331,https://www.shmeea.edu.cn/download/20230721/11115.pdf
2023,综合,572,集美诚毅,107592,01,物/地/史(3选1),405,40830,https://www.shmeea.edu.cn/download/20230721/11115.pdf
2023,综合,573,闽农金山,107589,01,不限,414,39247,https://www.shmeea.edu.cn/download/20230721/11115.pdf
2023,综合,574,福州外贸,107582,01,不限,409,40174,https://www.shmeea.edu.cn/download/20230721/11115.pdf
2023,综合,574,福州外贸,57402,02,,406,40671,https://www.shmeea.edu.cn/download/20230721/11115.pdf
2023,综合,108,南昌大学,107013,01,物/化/生(3选1),536,10808,https://www.shmeea.edu.cn/download/20230721/11115.pdf
2023,综合,108,南昌大学,107012,02,物理必选,540,9864,https://www.shmeea.edu.cn/download/20230721/11115.pdf
2023,综合,108,南昌大学,107011,03,不限,531,11977,https://www.shmeea.edu.cn/download/20230721/11115.pdf
2023,综合,108,南昌大学,107010,04,化学、生物(2科必选),550,7651,https://www.shmeea.edu.cn/download/20230721/11115.pdf
2023,综合,108,南昌大学,107009,05,化学、生物(2科必选),546,8464,https://www.shmeea.edu.cn/download/20230721/11115.pdf
2023,综合,157,华东交通大学,107008,01,不限,476,25585,https://www.shmeea.edu.cn/download/20230721/11115.pdf
2023,综合,157,华东交通大学,107007,02,物理必选,455,30610,https://www.shmeea.edu.cn/download/20230721/11115.pdf
2023,综合,176,东华理工大学,107006,01,不限,441,33766,https://www.shmeea.edu.cn/download/20230721/11115.pdf
2023,综合,176,东华理工大学,107005,02,物/化/生(3选1),443,33327,https://www.shmeea.edu.cn/download/20230721/11115.pdf
2023,综合,594,南昌航大,59401,01,,447,32460,https://www.shmeea.edu.cn/download/20230721/11115.pdf
2023,综合,594,南昌航大,59402,02,,451,31584,https://www.shmeea.edu.cn/download/20230721/11115.pdf
2023,综合,594,南昌航大,59403,03,,440,33965,https://www.shmeea.edu.cn/download/20230721/11115.pdf
2023,综合,165,江西理工大学,107001,01,不限,442,33564,https://www.shmeea.edu.cn/download/20230721/11115.pdf
2023,综合,165,江西理工大学,107000,02,物理必选,438,34431,https://www.shmeea.edu.cn/download/20230721/11115.pdf
2023,综合,165,江西理工大学,106999,03,物理必选,441,33766,https://www.shmeea.edu.cn/download/20230721/11115.pdf
2023,综合,165,江西理工大学,106998,04,物理必选,440,33965,https://www.shmeea.edu.cn/download/20230721/11115.pdf
2023,综合,165,江西理工大学,106997,05,物/地/史(3选1),451,31584,https://www.shmeea.edu.cn/download/20230721/11115.pdf
2023,综合,596,景德陶瓷,107514,01,化学、生物(2科必选),450,31821,https://www.shmeea.edu.cn/download/20230721/11115.pdf
2023,综合,596,景德陶瓷,107513,02,化学必选,436,34853,https://www.shmeea.edu.cn/download/20230721/11115.pdf
2023,综合,596,景德陶瓷,59603,03,,458,29925,https://www.shmeea.edu.cn/download/20230721/11115.pdf
2023,综合,172,江西农业大学,106993,01,不限,452,31347,https://www.shmeea.edu.cn/download/20230721/11115.pdf
2023,综合,172,江西农业大学,106992,02,物理必选,431,35904,https://www.shmeea.edu.cn/download/20230721/11115.pdf
2023,综合,172,江西农业大学,106991,03,地理必选,438,34431,https://www.shmeea.edu.cn/download/20230721/11115.pdf
2023,综合,172,江西农业大学,106990,04,化学/生物(2选1),445,32897,https://www.shmeea.edu.cn/download/20230721/11115.pdf
2023,综合,172,江西农业大学,106989,05,物理/化学(2选1),449,32023,https://www.shmeea.edu.cn/download/20230721/11115.pdf
2023,综合,172,江西农业大学,106988,06,物理、化学(2科必选),413,39440,https://www.shmeea.edu.cn/download/20230721/11115.pdf
2023,综合,185,江西中医药大学,106987,01,物/化/生(3选1),504,18635,https://www.shmeea.edu.cn/download/20230721/11115.pdf
2023,综合,185,江西中医药大学,106986,02,物理、化学(2科必选),445,32897,https://www.shmeea.edu.cn/download/20230721/11115.pdf
2023,综合,599,赣南医学,107510,01,不限,468,27576,https://www.shmeea.edu.cn/download/20230721/11115.pdf
2023,综合,599,赣南医学,107509,02,物理必选,434,35259,https://www.shmeea.edu.cn/download/20230721/11115.pdf
2023,综合,599,赣南医学,59903,03,,429,36303,https://www.shmeea.edu.cn/download/20230721/11115.pdf
2023,综合,174,江西师范大学,106982,01,不限,489,22397,https://www.shmeea.edu.cn/download/20230721/11115.pdf
2023,综合,174,江西师范大学,106981,02,物理必选,491,21932,https://www.shmeea.edu.cn/download/20230721/11115.pdf
2023,综合,174,江西师范大学,106980,03,化学必选,517,15390,https://www.shmeea.edu.cn/download/20230721/11115.pdf
2023,综合,174,江西师范大学,106979,04,思想政治必选,494,21165,https://www.shmeea.edu.cn/download/20230721/11115.pdf
2023,综合,174,江西师范大学,106978,05,物/化/生(3选1),500,19672,https://www.shmeea.edu.cn/download/20230721/11115.pdf
2023,综合,174,江西师范大学,106977,06,物/化/地(3选1),513,16423,https://www.shmeea.edu.cn/download/20230721/11115.pdf
2023,综合,186,上饶师范学院,106976,01,不限,441,33766,https://www.shmeea.edu.cn/download/20230721/11115.pdf
2023,综合,186,上饶师范学院,106975,02,物/化/生(3选1),445,32897,https://www.shmeea.edu.cn/download/20230721/11115.pdf
2023,综合,192,宜春学院,106974,01,不限,431,35904,https://www.shmeea.edu.cn/download/20230721/11115.pdf
2023,综合,192,宜春学院,106973,02,物/化/生(3选1),459,29706,https://www.shmeea.edu.cn/download/20230721/11115.pdf
2023,综合,192,宜春学院,106972,03,化/政/生(3选1),439,34170,https://www.shmeea.edu.cn/download/20230721/11115.pdf
2023,综合,192,宜春学院,106971,04,化学、生物(2科必选),449,32023,https://www.shmeea.edu.cn/download/20230721/11115.pdf
2023,综合,189,赣南师范大学,106970,01,不限,444,33094,https://www.shmeea.edu.cn/download/20230721/11115.pdf
2023,综合,189,赣南师范大学,106969,02,物理必选,427,36712,https://www.shmeea.edu.cn/download/20230721/11115.pdf
2023,综合,189,赣南师范大学,106968,03,思想政治必选,477,25351,https://www.shmeea.edu.cn/download/20230721/11115.pdf
2023,综合,189,赣南师范大学,106967,04,化学必选,461,29246,https://www.shmeea.edu.cn/download/20230721/11115.pdf
2023,综合,189,赣南师范大学,106966,05,物/化/地(3选1),461,29246,https://www.shmeea.edu.cn/download/20230721/11115.pdf
2023,综合,189,赣南师范大学,106965,06,物/化/生(3选1),436,34853,https://www.shmeea.edu.cn/download/20230721/11115.pdf
2023,综合,604,井冈山大,60401,01,,447,32460,https://www.shmeea.edu.cn/download/20230721/11115.pdf
2023,综合,604,井冈山大,60402,02,,432,35697,https://www.shmeea.edu.cn/download/20230721/11115.pdf
2023,综合,604,井冈山大,60403,03,,447,32460,https://www.shmeea.edu.cn/download/20230721/11115.pdf
2023,综合,175,江西财经大学,106961,01,不限,507,17863,https://www.shmeea.edu.cn/download/20230721/11115.pdf
2023,综合,175,江西财经大学,106960,02,不限,507,17863,https://www.shmeea.edu.cn/download/20230721/11115.pdf
2023,综合,869,江西科技学院,106959,01,物理必选,408,40349,https://www.shmeea.edu.cn/download/20230721/11115.pdf
2023,综合,869,江西科技学院,106958,02,不限,405,40830,https://www.shmeea.edu.cn/download/20230721/11115.pdf
2023,综合,607,江西科师,60701,01,,439,34170,https://www.shmeea.edu.cn/download/20230721/11115.pdf
2023,综合,607,江西科师,60702,02,,455,30610,https://www.shmeea.edu.cn/download/20230721/11115.pdf
2023,综合,607,江西科师,60703,03,,481,24317,https://www.shmeea.edu.cn/download/20230721/11115.pdf
2023,综合,607,江西科师,60704,04,,453,31094,https://www.shmeea.edu.cn/download/20230721/11115.pdf
2023,综合,607,江西科师,60705,05,,467,27818,https://www.shmeea.edu.cn/download/20230721/11115.pdf
2023,综合,607,江西科师,60706,06,,439,34170,https://www.shmeea.edu.cn/download/20230721/11115.pdf
2023,综合,608,南昌工程,60801,01,,442,33564,https://www.shmeea.edu.cn/download/20230721/11115.pdf
2023,综合,608,南昌工程,60802,02,,436,34853,https://www.shmeea.edu.cn/download/20230721/11115.pdf
2023,综合,608,南昌工程,60803,03,,430,36113,https://www.shmeea.edu.cn/download/20230721/11115.pdf
2023,综合,194,九江学院,106948,01,不限,429,36303,https://www.shmeea.edu.cn/download/20230721/11115.pdf
2023,综合,194,九江学院,106947,02,物理必选,422,37730,https://www.shmeea.edu.cn/download/20230721/11115.pdf
2023,综合,613,南昌工院,61301,01,,408,40349,https://www.shmeea.edu.cn/download/20230721/11115.pdf
2023,综合,614,昌大科技,61401,01,,406,40671,https://www.shmeea.edu.cn/download/20230721/11115.pdf
2023,综合,615,南昌交院,61502,02,,407,40512,https://www.shmeea.edu.cn/download/20230721/11115.pdf
2023,综合,2432,赣东学院,106942,01,不限,426,36906,https://www.shmeea.edu.cn/download/20230721/11115.pdf
2023,综合,617,南航科技,61701,01,,406,40671,https://www.shmeea.edu.cn/download/20230721/11115.pdf
2023,综合,618,赣南科院,61801,01,,425,37110,https://www.shmeea.edu.cn/download/20230721/11115.pdf
2023,综合,620,赣农商院,62001,01,,411,39779,https://www.shmeea.edu.cn/download/20230721/11115.pdf
2023,综合,621,南昌医学,62101,01,,427,36712,https://www.shmeea.edu.cn/download/20230721/11115.pdf
2023,综合,621,南昌医学,62102,02,,442,33564,https://www.shmeea.edu.cn/download/20230721/11115.pdf
2023,综合,621,南昌医学,62103,03,,441,33766,https://www.shmeea.edu.cn/download/20230721/11115.pdf
2023,综合,621,南昌医学,62104,04,,435,35051,https://www.shmeea.edu.cn/download/20230721/11115.pdf
2023,综合,621,南昌医学,62105,05,,466,28075,https://www.shmeea.edu.cn/download/20230721/11115.pdf
2023,综合,621,南昌医学,62106,06,,454,30852,https://www.shmeea.edu.cn/download/20230721/11115.pdf
2023,综合,621,南昌医学,62107,07,,467,27818,https://www.shmeea.edu.cn/download/20230721/11115.pdf
2023,综合,621,南昌医学,62108,08,,467,27818,https://www.shmeea.edu.cn/download/20230721/11115.pdf
2023,综合,622,江师科技,106895,01,不限,411,39779,https://www.shmeea.edu.cn/download/20230721/11115.pdf
2023,综合,623,赣师科技,62301,01,,409,40174,https://www.shmeea.edu.cn/download/20230721/11115.pdf
2023,综合,624,江财经管,62401,01,,405,40830,https://www.shmeea.edu.cn/download/20230721/11115.pdf
2023,综合,2889,南昌师范学院,106927,01,不限,434,35259,https://www.shmeea.edu.cn/download/20230721/11115.pdf
2023,综合,126,山东大学,106925,01,不限,562,5270,https://www.shmeea.edu.cn/download/20230721/11115.pdf
2023,综合,126,山东大学,106924,02,物理必选,569,4096,https://www.shmeea.edu.cn/download/20230721/11115.pdf
2023,综合,126,山东大学,106923,03,地理/历史(2选1),563,5080,https://www.shmeea.edu.cn/download/20230721/11115.pdf
2023,综合,126,山东大学,106922,04,物/化/生(3选1),573,3404,https://www.shmeea.edu.cn/download/20230721/11115.pdf
2023,综合,61,中国海洋大学,106921,01,不限,546,8464,https://www.shmeea.edu.cn/download/20230721/11115.pdf
2023,综合,61,中国海洋大学,106920,02,物/化/生(3选1),552,7242,https://www.shmeea.edu.cn/download/20230721/11115.pdf
2023,综合,61,中国海洋大学,106919,03,物理必选,552,7242,https://www.shmeea.edu.cn/download/20230721/11115.pdf
2023,综合,61,中国海洋大学,106918,04,物理必选,545,8712,https://www.shmeea.edu.cn/download/20230721/11115.pdf
2023,综合,61,中国海洋大学,106917,05,化学必选,551,7444,https://www.shmeea.edu.cn/download/20230721/11115.pdf
2023,综合,643,石油华东,64301,01,,539,10105,https://www.shmeea.edu.cn/download/20230721/11115.pdf
2023,综合,643,石油华东,64302,02,,532,11739,https://www.shmeea.edu.cn/download/20230721/11115.pdf
2023,综合,644,山大威海,64401,01,,550,7651,https://www.shmeea.edu.cn/download/20230721/11115.pdf
2023,综合,644,山大威海,64402,02,,563,5080,https://www.shmeea.edu.cn/download/20230721/11115.pdf
2023,综合,645,哈工威海,64501,01,,567,4425,https://www.shmeea.edu.cn/download/20230721/11115.pdf
2023,综合,537,山东科技大学,106911,01,物理必选,466,28075,https://www.shmeea.edu.cn/download/20230721/11115.pdf
2023,综合,507,青岛科技大学,106910,01,不限,447,32460,https://www.shmeea.edu.cn/download/20230721/11115.pdf
2023,综合,507,青岛科技大学,106909,02,化学必选,471,26866,https://www.shmeea.edu.cn/download/20230721/11115.pdf
2023,综合,507,青岛科技大学,106908,03,物理必选,462,29013,https://www.shmeea.edu.cn/download/20230721/11115.pdf
2023,综合,71,济南大学,106907,01,不限,471,26866,https://www.shmeea.edu.cn/download/20230721/11115.pdf
2023,综合,509,青岛理工大学,131219,01,物理必选,440,33965,https://www.shmeea.edu.cn/download/20230721/11115.pdf
2023,综合,509,青岛理工大学,131215,02,不限,472,26613,https://www.shmeea.edu.cn/download/20230721/11115.pdf
2023,综合,509,青岛理工大学,131213,03,政/史/地(3选1),443,33327,https://www.shmeea.edu.cn/download/20230721/11115.pdf
2023,综合,509,青岛理工大学,131211,04,物/化/生(3选1),450,31821,https://www.shmeea.edu.cn/download/20230721/11115.pdf
2023,综合,509,青岛理工大学,131209,05,思想政治/历史(2选1),453,31094,https://www.shmeea.edu.cn/download/20230721/11115.pdf
2023,综合,528,山东建筑大学,106906,01,不限,442,33564,https://www.shmeea.edu.cn/download/20230721/11115.pdf
2023,综合,528,山东建筑大学,106905,02,物理必选,441,33766,https://www.shmeea.edu.cn/download/20230721/11115.pdf
2023,综合,528,山东建筑大学,106904,03,物/地/史(3选1),442,33564,https://www.shmeea.edu.cn/download/20230721/11115.pdf
2023,综合,540,山东理工大学,106903,01,不限,455,30610,https://www.shmeea.edu.cn/download/20230721/11115.pdf
2023,综合,491,青岛农业大学,106902,01,不限,451,31584,https://www.shmeea.edu.cn/download/20230721/11115.pdf
2023,综合,491,青岛农业大学,106901,02,物/化/生(3选1),444,33094,https://www.shmeea.edu.cn/download/20230721/11115.pdf
2023,综合,653,潍坊医学,65301,01,,503,18898,https://www.shmeea.edu.cn/download/20230721/11115.pdf
2023,综合,653,潍坊医学,65302,02,,497,20398,https://www.shmeea.edu.cn/download/20230721/11115.pdf
2023,综合,654,滨州医学,65401,01,,502,19158,https://www.shmeea.edu.cn/download/20230721/11115.pdf
2023,综合,655,济宁医学,107655,01,不限,477,25351,https://www.shmeea.edu.cn/download/20230721/11115.pdf
2023,综合,655,济宁医学,65502,02,,480,24548,https://www.shmeea.edu.cn/download/20230721/11115.pdf
2023,综合,622,山东师范大学,106895,01,不限,479,24801,https://www.shmeea.edu.cn/download/20230721/11115.pdf
2023,综合,622,山东师范大学,106894,02,化学必选,507,17863,https://www.shmeea.edu.cn/download/20230721/11115.pdf
2023,综合,622,山东师范大学,106893,03,地理/历史(2选1),510,17139,https://www.shmeea.edu.cn/download/20230721/11115.pdf
2023,综合,622,山东师范大学,106892,04,思想政治必选,507,17863,https://www.shmeea.edu.cn/download/20230721/11115.pdf
2023,综合,622,山东师范大学,106891,05,物理必选,491,21932,https://www.shmeea.edu.cn/download/20230721/11115.pdf
2023,综合,622,山东师范大学,106890,06,物/化/地(3选1),504,18635,https://www.shmeea.edu.cn/download/20230721/11115.pdf
2023,综合,622,山东师范大学,106889,07,物/化/生(3选1),502,19158,https://www.shmeea.edu.cn/download/20230721/11115.pdf
2023,综合,510,曲阜师范大学,106888,01,不限,504,18635,https://www.shmeea.edu.cn/download/20230721/11115.pdf
2023,综合,510,曲阜师范大学,106887,02,物/化/生(3选1),490,22166,https://www.shmeea.edu.cn/download/20230721/11115.pdf
2023,综合,555,鲁东大学,106886,01,不限,440,33965,https://www.shmeea.edu.cn/download/20230721/11115.pdf
2023,综合,555,鲁东大学,106885,02,物/化/地(3选1),441,33766,https://www.shmeea.edu.cn/download/20230721/11115.pdf
2023,综合,2093,济宁学院,106884,01,政/地/史(3选1),434,35259,https://www.shmeea.edu.cn/download/20230721/11115.pdf
2023,综合,2093,济宁学院,106883,02,物/化/生(3选1),436,34853,https://www.shmeea.edu.cn/download/20230721/11115.pdf
2023,综合,2135,齐鲁医药学院,106882,01,不限,430,36113,https://www.shmeea.edu.cn/download/20230721/11115.pdf
2023,综合,2135,齐鲁医药学院,106881,02,物/化/生(3选1),432,35697,https://www.shmeea.edu.cn/download/20230721/11115.pdf
2023,综合,552,潍坊学院,106880,01,不限,416,38855,https://www.shmeea.edu.cn/download/20230721/11115.pdf
2023,综合,534,山东交通学院,106879,01,不限,436,34853,https://www.shmeea.edu.cn/download/20230721/11115.pdf
2023,综合,526,山东工商学院,106878,01,不限,435,35051,https://www.shmeea.edu.cn/download/20230721/11115.pdf
2023,综合,665,山东石化,66501,01,,427,36712,https://www.shmeea.edu.cn/download/20230721/11115.pdf
2023,综合,499,青岛大学,106875,01,不限,497,20398,https://www.shmeea.edu.cn/download/20230721/11115.pdf
2023,综合,499,青岛大学,106874,02,物理必选,496,20653,https://www.shmeea.edu.cn/download/20230721/11115.pdf
2023,综合,499,青岛大学,106873,03,物理、化学(2科必选),535,11029,https://www.shmeea.edu.cn/download/20230721/11115.pdf
2023,综合,499,青岛大学,106872,04,化学/生物(2选1),512,16670,https://www.shmeea.edu.cn/download/20230721/11115.pdf
2023,综合,668,青岛恒星,66802,02,,410,39977,https://www.shmeea.edu.cn/download/20230721/11115.pdf
2023,综合,554,烟台大学,106869,01,不限,454,30852,https://www.shmeea.edu.cn/download/20230721/11115.pdf
2023,综合,554,烟台大学,106868,02,物理必选,443,33327,https://www.shmeea.edu.cn/download/20230721/11115.pdf
2023,综合,547,齐鲁工业大学,106867,01,不限,446,32676,https://www.shmeea.edu.cn/download/20230721/11115.pdf
2023,综合,671,滨州学院,67101,01,,433,35473,https://www.shmeea.edu.cn/download/20230721/11115.pdf
2023,综合,671,滨州学院,67102,02,,431,35904,https://www.shmeea.edu.cn/download/20230721/11115.pdf
2023,综合,1142,山东中医药大学,106864,01,物/化/生(3选1),499,19921,https://www.shmeea.edu.cn/download/20230721/11115.pdf
2023,综合,673,北交威海,67301,01,,531,11977,https://www.shmeea.edu.cn/download/20230721/11115.pdf
2023,综合,681,华北水电,68101,01,,431,35904,https://www.shmeea.edu.cn/download/20230721/11115.pdf
2023,综合,681,华北水电,68102,02,,438,34431,https://www.shmeea.edu.cn/download/20230721/11115.pdf
2023,综合,62,郑州大学,106860,01,不限,531,11977,https://www.shmeea.edu.cn/download/20230721/11115.pdf
2023,综合,62,郑州大学,106859,02,物理必选,537,10565,https://www.shmeea.edu.cn/download/20230721/11115.pdf
2023,综合,463,河南理工大学,106858,01,物理必选,437,34625,https://www.shmeea.edu.cn/download/20230721/11115.pdf
2023,综合,463,河南理工大学,106857,02,化学必选,456,30385,https://www.shmeea.edu.cn/download/20230721/11115.pdf
2023,综合,463,河南理工大学,106856,03,不限,442,33564,https://www.shmeea.edu.cn/download/20230721/11115.pdf
2023,综合,684,郑州轻工,107646,01,不限,444,33094,https://www.shmeea.edu.cn/download/20230721/11115.pdf
2023,综合,684,郑州轻工,68402,02,,430,36113,https://www.shmeea.edu.cn/download/20230721/11115.pdf
2023,综合,466,河南工业大学,106853,01,不限,419,38271,https://www.shmeea.edu.cn/download/20230721/11115.pdf
2023,综合,466,河南工业大学,106852,02,物理必选,426,36906,https://www.shmeea.edu.cn/download/20230721/11115.pdf
2023,综合,466,河南工业大学,106851,03,化学必选,436,34853,https://www.shmeea.edu.cn/download/20230721/11115.pdf
2023,综合,460,河南科技大学,106850,01,不限,435,35051,https://www.shmeea.edu.cn/download/20230721/11115.pdf
2023,综合,460,河南科技大学,106849,02,政/地/史(3选1),444,33094,https://www.shmeea.edu.cn/download/20230721/11115.pdf
2023,综合,687,中原工院,107508,01,不限,415,39040,https://www.shmeea.edu.cn/download/20230721/11115.pdf
2023,综合,462,河南农业大学,106847,01,物理/化学(2选1),436,34853,https://www.shmeea.edu.cn/download/20230721/11115.pdf
2023,综合,462,河南农业大学,106846,02,不限,444,33094,https://www.shmeea.edu.cn/download/20230721/11115.pdf
2023,综合,462,河南农业大学,106845,03,化学必选,459,29706,https://www.shmeea.edu.cn/download/20230721/11115.pdf
2023,综合,873,河南中医药大学,106844,01,物/化/生(3选1),478,25081,https://www.shmeea.edu.cn/download/20230721/11115.pdf
2023,综合,690,新乡医学,69001,01,,482,24077,https://www.shmeea.edu.cn/download/20230721/11115.pdf
2023,综合,459,河南大学,106842,01,不限,486,23115,https://www.shmeea.edu.cn/download/20230721/11115.pdf
2023,综合,459,河南大学,106841,02,政/地/史(3选1),513,16423,https://www.shmeea.edu.cn/download/20230721/11115.pdf
2023,综合,459,河南大学,106840,03,物/化/地(3选1),499,19921,https://www.shmeea.edu.cn/download/20230721/11115.pdf
2023,综合,459,河南大学,106839,04,不限,489,22397,https://www.shmeea.edu.cn/download/20230721/11115.pdf
2023,综合,459,河南大学,106838,05,物理必选,486,23115,https://www.shmeea.edu.cn/download/20230721/11115.pdf
2023,综合,487,南阳师范学院,106837,01,不限,424,37331,https://www.shmeea.edu.cn/download/20230721/11115.pdf
2023,综合,489,商丘师范学院,106836,01,不限,422,37730,https://www.shmeea.edu.cn/download/20230721/11115.pdf
2023,综合,489,商丘师范学院,106835,02,物理、化学(2科必选),414,39247,https://www.shmeea.edu.cn/download/20230721/11115.pdf
2023,综合,489,商丘师范学院,106834,03,物/化/生(3选1),432,35697,https://www.shmeea.edu.cn/download/20230721/11115.pdf
2023,综合,694,河南财政,69401,01,,467,27818,https://www.shmeea.edu.cn/download/20230721/11115.pdf
2023,综合,695,郑州航空,69501,01,,427,36712,https://www.shmeea.edu.cn/download/20230721/11115.pdf
2023,综合,1178,洛阳理工学院,106831,01,不限,425,37110,https://www.shmeea.edu.cn/download/20230721/11115.pdf
2023,综合,697,安阳工院,69701,01,,416,38855,https://www.shmeea.edu.cn/download/20230721/11115.pdf
2023,综合,1518,河南城建学院,106829,01,不限,422,37730,https://www.shmeea.edu.cn/download/20230721/11115.pdf
2023,综合,1518,河南城建学院,106828,02,地/史/生(3选1),420,38092,https://www.shmeea.edu.cn/download/20230721/11115.pdf
2023,综合,833,河南师范大学,106827,01,地理/历史(2选1),477,25351,https://www.shmeea.edu.cn/download/20230721/11115.pdf
2023,综合,833,河南师范大学,106826,02,物理必选,469,27340,https://www.shmeea.edu.cn/download/20230721/11115.pdf
2023,综合,701,平顶学院,70101,01,,431,35904,https://www.shmeea.edu.cn/download/20230721/11115.pdf
2023,综合,701,平顶学院,70102,02,,418,38467,https://www.shmeea.edu.cn/download/20230721/11115.pdf
2023,综合,702,河南工院,70201,01,,426,36906,https://www.shmeea.edu.cn/download/20230721/11115.pdf
2023,综合,1919,新乡学院,106822,01,物理必选,406,40671,https://www.shmeea.edu.cn/download/20230721/11115.pdf
2023,综合,423,中南民族大学,106821,01,不限,475,25848,https://www.shmeea.edu.cn/download/20230721/11115.pdf
2023,综合,423,中南民族大学,106820,02,物理必选,446,32676,https://www.shmeea.edu.cn/download/20230721/11115.pdf
2023,综合,42,武汉大学,106819,01,物理必选,575,3118,https://www.shmeea.edu.cn/download/20230721/11115.pdf
2023,综合,42,武汉大学,106818,02,历史必选,572,3586,https://www.shmeea.edu.cn/download/20230721/11115.pdf
2023,综合,42,武汉大学,106817,03,物理、化学(2科必选),571,3741,https://www.shmeea.edu.cn/download/20230721/11115.pdf
2023,综合,42,武汉大学,106816,04,物理/历史(2选1),574,3270,https://www.shmeea.edu.cn/download/20230721/11115.pdf
2023,综合,127,华中科技大学,106815,01,物理必选,575,3118,https://www.shmeea.edu.cn/download/20230721/11115.pdf
2023,综合,127,华中科技大学,106814,02,化学、生物(2科必选),578,2668,https://www.shmeea.edu.cn/download/20230721/11115.pdf
2023,综合,714,地大武汉,71401,01,,533,11501,https://www.shmeea.edu.cn/download/20230721/11115.pdf
2023,综合,714,地大武汉,71402,02,,525,13398,https://www.shmeea.edu.cn/download/20230721/11115.pdf
2023,综合,128,武汉理工大学,106811,01,物理必选,543,9179,https://www.shmeea.edu.cn/download/20230721/11115.pdf
2023,综合,128,武汉理工大学,106810,02,不限,537,10565,https://www.shmeea.edu.cn/download/20230721/11115.pdf
2023,综合,417,华中农业大学,106809,01,物理必选,530,12194,https://www.shmeea.edu.cn/download/20230721/11115.pdf
2023,综合,417,华中农业大学,106808,02,物/化/生(3选1),536,10808,https://www.shmeea.edu.cn/download/20230721/11115.pdf
2023,综合,420,华中师范大学,106807,01,不限,544,8940,https://www.shmeea.edu.cn/download/20230721/11115.pdf
2023,综合,420,华中师范大学,106806,02,化学必选,547,8255,https://www.shmeea.edu.cn/download/20230721/11115.pdf
2023,综合,420,华中师范大学,106805,03,政/史/生(3选1),545,8712,https://www.shmeea.edu.cn/download/20230721/11115.pdf
2023,综合,420,华中师范大学,106804,04,地理/历史(2选1),554,6846,https://www.shmeea.edu.cn/download/20230721/11115.pdf
2023,综合,718,中南财政,71801,01,,547,8255,https://www.shmeea.edu.cn/download/20230721/11115.pdf
2023,综合,718,中南财政,71802,02,,543,9179,https://www.shmeea.edu.cn/download/20230721/11115.pdf
2023,综合,1007,武汉科技大学,106801,01,物理必选,501,19420,https://www.shmeea.edu.cn/download/20230721/11115.pdf
2023,综合,1007,武汉科技大学,106800,02,物理、化学(2科必选),491,21932,https://www.shmeea.edu.cn/download/20230721/11115.pdf
2023,综合,1007,武汉科技大学,106799,03,物理/地理(2选1),498,20181,https://www.shmeea.edu.cn/download/20230721/11115.pdf
2023,综合,428,长江大学,106798,01,不限,451,31584,https://www.shmeea.edu.cn/download/20230721/11115.pdf
2023,综合,428,长江大学,106797,02,物理必选,471,26866,https://www.shmeea.edu.cn/download/20230721/11115.pdf
2023,综合,428,长江大学,106796,03,物/化/生(3选1),460,29469,https://www.shmeea.edu.cn/download/20230721/11115.pdf
2023,综合,721,武汉工程,72101,01,,455,30610,https://www.shmeea.edu.cn/download/20230721/11115.pdf
2023,综合,436,武汉轻工大学,106794,01,不限,446,32676,https://www.shmeea.edu.cn/download/20230721/11115.pdf
2023,综合,436,武汉轻工大学,106793,02,物理/历史(2选1),452,31347,https://www.shmeea.edu.cn/download/20230721/11115.pdf
2023,综合,437,湖北中医药大学,106792,01,物/化/生(3选1),499,19921,https://www.shmeea.edu.cn/download/20230721/11115.pdf
2023,综合,437,湖北中医药大学,106790,03,物理必选,435,35051,https://www.shmeea.edu.cn/download/20230721/11115.pdf
2023,综合,437,湖北中医药大学,106789,04,不限,442,33564,https://www.shmeea.edu.cn/download/20230721/11115.pdf
2023,综合,425,湖北大学,106788,01,不限,481,24317,https://www.shmeea.edu.cn/download/20230721/11115.pdf
2023,综合,425,湖北大学,106787,02,物理必选,487,22878,https://www.shmeea.edu.cn/download/20230721/11115.pdf
2023,综合,438,湖北医药学院,106786,01,化学、生物(2科必选),478,25081,https://www.shmeea.edu.cn/download/20230721/11115.pdf
2023,综合,431,三峡大学,106785,01,物理必选,477,25351,https://www.shmeea.edu.cn/download/20230721/11115.pdf
2023,综合,431,三峡大学,106784,02,物/化/生(3选1),445,32897,https://www.shmeea.edu.cn/download/20230721/11115.pdf
2023,综合,431,三峡大学,106783,03,物理必选,463,28788,https://www.shmeea.edu.cn/download/20230721/11115.pdf
2023,综合,1104,武昌首义学院,106782,01,物理必选,414,39247,https://www.shmeea.edu.cn/download/20230721/11115.pdf
2023,综合,1104,武昌首义学院,106781,02,不限,409,40174,https://www.shmeea.edu.cn/download/20230721/11115.pdf
2023,综合,1157,武昌理工学院,106779,02,物理必选,409,40174,https://www.shmeea.edu.cn/download/20230721/11115.pdf
2023,综合,730,武汉城院,73001,01,,407,40512,https://www.shmeea.edu.cn/download/20230721/11115.pdf
2023,综合,731,三峡科技,73101,01,,420,38092,https://www.shmeea.edu.cn/download/20230721/11115.pdf
2023,综合,2459,武汉文理学院,106775,01,不限,409,40174,https://www.shmeea.edu.cn/download/20230721/11115.pdf
2023,综合,2459,武汉文理学院,106774,02,化学必选,411,39779,https://www.shmeea.edu.cn/download/20230721/11115.pdf
2023,综合,1077,文华学院,106773,01,物理必选,407,40512,https://www.shmeea.edu.cn/download/20230721/11115.pdf
2023,综合,1077,文华学院,106772,02,不限,412,39601,https://www.shmeea.edu.cn/download/20230721/11115.pdf
2023,综合,734,武汉华夏,73401,01,,417,38666,https://www.shmeea.edu.cn/download/20230721/11115.pdf
2023,综合,734,武汉华夏,73402,02,,410,39977,https://www.shmeea.edu.cn/download/20230721/11115.pdf
2023,综合,735,鄂医药护,73501,01,,425,37110,https://www.shmeea.edu.cn/download/20230721/11115.pdf
2023,综合,738,武纺外贸,73801,01,,406,40671,https://www.shmeea.edu.cn/download/20230721/11115.pdf
2023,综合,44,湖南大学,106766,01,不限,558,6028,https://www.shmeea.edu.cn/download/20230721/11115.pdf
2023,综合,44,湖南大学,106765,02,历史必选,554,6846,https://www.shmeea.edu.cn/download/20230721/11115.pdf
2023,综合,44,湖南大学,106764,03,物理必选,562,5270,https://www.shmeea.edu.cn/download/20230721/11115.pdf
2023,综合,44,湖南大学,74104,04,,544,8940,https://www.shmeea.edu.cn/download/20230721/11115.pdf
2023,综合,123,中南大学,106763,01,化学、生物(2科必选),577,2821,https://www.shmeea.edu.cn/download/20230721/11115.pdf
2023,综合,123,中南大学,106762,02,化学、生物(2科必选),571,3741,https://www.shmeea.edu.cn/download/20230721/11115.pdf
2023,综合,123,中南大学,106761,03,物理必选,562,5270,https://www.shmeea.edu.cn/download/20230721/11115.pdf
2023,综合,385,湘潭大学,106760,01,不限,506,18118,https://www.shmeea.edu.cn/download/20230721/11115.pdf
2023,综合,388,湖南科技大学,106759,01,物理必选,442,33564,https://www.shmeea.edu.cn/download/20230721/11115.pdf
2023,综合,388,湖南科技大学,106758,02,物/化/生(3选1),462,29013,https://www.shmeea.edu.cn/download/20230721/11115.pdf
2023,综合,388,湖南科技大学,106757,03,历史/生物(2选1),462,29013,https://www.shmeea.edu.cn/download/20230721/11115.pdf
2023,综合,388,湖南科技大学,106756,04,不限,453,31094,https://www.shmeea.edu.cn/download/20230721/11115.pdf
2023,综合,388,湖南科技大学,106755,05,化学必选,462,29013,https://www.shmeea.edu.cn/download/20230721/11115.pdf
2023,综合,388,湖南科技大学,106754,06,物/化/地(3选1),467,27818,https://www.shmeea.edu.cn/download/20230721/11115.pdf
2023,综合,389,长沙理工大学,106753,01,不限,479,24801,https://www.shmeea.edu.cn/download/20230721/11115.pdf
2023,综合,389,长沙理工大学,106752,02,物理必选,494,21165,https://www.shmeea.edu.cn/download/20230721/11115.pdf
2023,综合,392,湖南农业大学,106751,01,不限,452,31347,https://www.shmeea.edu.cn/download/20230721/11115.pdf
2023,综合,392,湖南农业大学,106750,02,物/化/生(3选1),459,29706,https://www.shmeea.edu.cn/download/20230721/11115.pdf
2023,综合,402,湖南中医药大学,106749,01,物/化/生(3选1),520,14672,https://www.shmeea.edu.cn/download/20230721/11115.pdf
2023,综合,402,湖南中医药大学,106748,02,物理、化学(2科必选),525,13398,https://www.shmeea.edu.cn/download/20230721/11115.pdf
2023,综合,402,湖南中医药大学,106747,03,不限,476,25585,https://www.shmeea.edu.cn/download/20230721/11115.pdf
2023,综合,58,湖南师范大学,106746,01,不限,524,13663,https://www.shmeea.edu.cn/download/20230721/11115.pdf
2023,综合,58,湖南师范大学,106745,02,物理必选,535,11029,https://www.shmeea.edu.cn/download/20230721/11115.pdf
2023,综合,58,湖南师范大学,106744,03,物/化/生(3选1),533,11501,https://www.shmeea.edu.cn/download/20230721/11115.pdf
2023,综合,749,湖南理工,74901,01,,433,35473,https://www.shmeea.edu.cn/download/20230721/11115.pdf
2023,综合,749,湖南理工,74902,02,,429,36303,https://www.shmeea.edu.cn/download/20230721/11115.pdf
2023,综合,749,湖南理工,74903,03,,425,37110,https://www.shmeea.edu.cn/download/20230721/11115.pdf
2023,综合,403,湘南学院,106740,01,不限,428,36503,https://www.shmeea.edu.cn/download/20230721/11115.pdf
2023,综合,403,湘南学院,106739,02,物理必选,427,36712,https://www.shmeea.edu.cn/download/20230721/11115.pdf
2023,综合,403,湘南学院,106738,03,化学、生物(2科必选),463,28788,https://www.shmeea.edu.cn/download/20230721/11115.pdf
2023,综合,406,衡阳师范学院,106737,01,不限,436,34853,https://www.shmeea.edu.cn/download/20230721/11115.pdf
2023,综合,406,衡阳师范学院,106736,02,思想政治必选,436,34853,https://www.shmeea.edu.cn/download/20230721/11115.pdf
2023,综合,406,衡阳师范学院,106735,03,政/地/史(3选1),469,27340,https://www.shmeea.edu.cn/download/20230721/11115.pdf
2023,综合,406,衡阳师范学院,106734,04,物/化/地(3选1),428,36503,https://www.shmeea.edu.cn/download/20230721/11115.pdf
2023,综合,418,邵阳学院,106733,01,物/政/地(3选1),419,38271,https://www.shmeea.edu.cn/download/20230721/11115.pdf
2023,综合,418,邵阳学院,106732,02,不限,416,38855,https://www.shmeea.edu.cn/download/20230721/11115.pdf
2023,综合,415,湖南文理学院,106731,01,不限,432,35697,https://www.shmeea.edu.cn/download/20230721/11115.pdf
2023,综合,415,湖南文理学院,106730,02,物/化/生(3选1),437,34625,https://www.shmeea.edu.cn/download/20230721/11115.pdf
2023,综合,415,湖南文理学院,106729,03,物理、化学(2科必选),411,39779,https://www.shmeea.edu.cn/download/20230721/11115.pdf
2023,综合,415,湖南文理学院,106728,04,思想政治必选,440,33965,https://www.shmeea.edu.cn/download/20230721/11115.pdf
2023,综合,754,湖南科技,75401,01,,426,36906,https://www.shmeea.edu.cn/download/20230721/11115.pdf
2023,综合,754,湖南科技,75402,02,,428,36503,https://www.shmeea.edu.cn/download/20230721/11115.pdf
2023,综合,407,湖南工商大学,106725,01,不限,444,33094,https://www.shmeea.edu.cn/download/20230721/11115.pdf
2023,综合,391,南华大学,106724,01,物理必选,440,33965,https://www.shmeea.edu.cn/download/20230721/11115.pdf
2023,综合,391,南华大学,106723,02,不限,439,34170,https://www.shmeea.edu.cn/download/20230721/11115.pdf
2023,综合,757,长沙医学,75701,01,,454,30852,https://www.shmeea.edu.cn/download/20230721/11115.pdf
2023,综合,757,长沙医学,75702,02,,411,39779,https://www.shmeea.edu.cn/download/20230721/11115.pdf
2023,综合,1029,长沙学院,106720,01,物理必选,434,35259,https://www.shmeea.edu.cn/download/20230721/11115.pdf
2023,综合,1029,长沙学院,106719,02,不限,437,34625,https://www.shmeea.edu.cn/download/20230721/11115.pdf
2023,综合,759,湖南工程,75901,01,,431,35904,https://www.shmeea.edu.cn/download/20230721/11115.pdf
2023,综合,759,湖南工程,75902,02,,427,36712,https://www.shmeea.edu.cn/download/20230721/11115.pdf
2023,综合,760,湖南工学,76001,01,,434,35259,https://www.shmeea.edu.cn/download/20230721/11115.pdf
2023,综合,760,湖南工学,76002,02,,427,36712,https://www.shmeea.edu.cn/download/20230721/11115.pdf
2023,综合,760,湖南工学,76003,03,,435,35051,https://www.shmeea.edu.cn/download/20230721/11115.pdf
2023,综合,761,湖南财经,76101,01,,437,34625,https://www.shmeea.edu.cn/download/20230721/11115.pdf
2023,综合,762,湘理南湖,76201,01,,414,39247,https://www.shmeea.edu.cn/download/20230721/11115.pdf
2023,综合,762,湘理南湖,76202,02,,409,40174,https://www.shmeea.edu.cn/download/20230721/11115.pdf
2023,综合,762,湘理南湖,76203,03,,428,36503,https://www.shmeea.edu.cn/download/20230721/11115.pdf
2023,综合,398,湖南工业大学,106709,01,不限,438,34431,https://www.shmeea.edu.cn/download/20230721/11115.pdf
2023,综合,104,中山大学,106708,01,不限,568,4260,https://www.shmeea.edu.cn/download/20230721/11115.pdf
2023,综合,104,中山大学,106707,02,物理、化学(2科必选),572,3586,https://www.shmeea.edu.cn/download/20230721/11115.pdf
2023,综合,104,中山大学,106706,03,物理必选,570,3914,https://www.shmeea.edu.cn/download/20230721/11115.pdf
2023,综合,105,华南理工大学,106705,01,物理必选,570,3914,https://www.shmeea.edu.cn/download/20230721/11115.pdf
2023,综合,105,华南理工大学,106704,02,物/化/生(3选1),567,4425,https://www.shmeea.edu.cn/download/20230721/11115.pdf
2023,综合,106,暨南大学,106703,01,不限,537,10565,https://www.shmeea.edu.cn/download/20230721/11115.pdf
2023,综合,106,暨南大学,106702,02,化学必选,539,10105,https://www.shmeea.edu.cn/download/20230721/11115.pdf
2023,综合,106,暨南大学,106701,03,物理必选,543,9179,https://www.shmeea.edu.cn/download/20230721/11115.pdf
2023,综合,106,暨南大学,106700,04,物/化/生(3选1),552,7242,https://www.shmeea.edu.cn/download/20230721/11115.pdf
2023,综合,288,广东海洋大学,106699,01,物理必选,439,34170,https://www.shmeea.edu.cn/download/20230721/11115.pdf
2023,综合,288,广东海洋大学,106698,02,物理必选,441,33766,https://www.shmeea.edu.cn/download/20230721/11115.pdf
2023,综合,288,广东海洋大学,106697,03,物理必选,462,29013,https://www.shmeea.edu.cn/download/20230721/11115.pdf
2023,综合,288,广东海洋大学,106696,04,物/化/生(3选1),457,30168,https://www.shmeea.edu.cn/download/20230721/11115.pdf
2023,综合,288,广东海洋大学,106695,05,物/化/生(3选1),466,28075,https://www.shmeea.edu.cn/download/20230721/11115.pdf
2023,综合,289,广州中医药大学,106694,01,物/化/生(3选1),536,10808,https://www.shmeea.edu.cn/download/20230721/11115.pdf
2023,综合,289,广州中医药大学,106693,02,化学必选,513,16423,https://www.shmeea.edu.cn/download/20230721/11115.pdf
2023,综合,296,广东药科大学,106692,01,物/化/生(3选1),490,22166,https://www.shmeea.edu.cn/download/20230721/11115.pdf
2023,综合,1031,广东金融学院,106691,01,物/化/政(3选1),453,31094,https://www.shmeea.edu.cn/download/20230721/11115.pdf
2023,综合,1031,广东金融学院,106690,02,不限,451,31584,https://www.shmeea.edu.cn/download/20230721/11115.pdf
2023,综合,960,南方医科大学,106689,01,化学、生物(2科必选),565,4750,https://www.shmeea.edu.cn/download/20230721/11115.pdf
2023,综合,960,南方医科大学,106688,02,物/化/生(3选1),522,14182,https://www.shmeea.edu.cn/download/20230721/11115.pdf
2023,综合,287,华南农业大学,106687,01,物/化/生(3选1),520,14672,https://www.shmeea.edu.cn/download/20230721/11115.pdf
2023,综合,781,珠海科院,78101,01,,406,40671,https://www.shmeea.edu.cn/download/20230721/11115.pdf
2023,综合,781,珠海科院,78102,02,,413,39440,https://www.shmeea.edu.cn/download/20230721/11115.pdf
2023,综合,782,北师浸会,78201,01,,522,14182,https://www.shmeea.edu.cn/download/20230721/11115.pdf
2023,综合,782,北师浸会,78202,02,,530,12194,https://www.shmeea.edu.cn/download/20230721/11115.pdf
2023,综合,782,北师浸会,78203,03,,535,11029,https://www.shmeea.edu.cn/download/20230721/11115.pdf
2023,综合,284,深圳大学,106681,01,不限,538,10340,https://www.shmeea.edu.cn/download/20230721/11115.pdf
2023,综合,284,深圳大学,106680,02,物理必选,545,8712,https://www.shmeea.edu.cn/download/20230721/11115.pdf
2023,综合,784,广以理工,78401,01,,530,12194,https://www.shmeea.edu.cn/download/20230721/11115.pdf
2023,综合,295,广州医科大学,106678,01,化学、生物(2科必选),546,8464,https://www.shmeea.edu.cn/download/20230721/11115.pdf
2023,综合,299,岭南师范学院,106677,01,不限,423,37531,https://www.shmeea.edu.cn/download/20230721/11115.pdf
2023,综合,299,岭南师范学院,106676,02,物理必选,422,37730,https://www.shmeea.edu.cn/download/20230721/11115.pdf
2023,综合,283,汕头大学,106675,01,不限,472,26613,https://www.shmeea.edu.cn/download/20230721/11115.pdf
2023,综合,294,广东医科大学,106674,01,物/化/生(3选1),494,21165,https://www.shmeea.edu.cn/download/20230721/11115.pdf
2023,综合,294,广东医科大学,106673,02,化学、生物(2科必选),521,14416,https://www.shmeea.edu.cn/download/20230721/11115.pdf
2023,综合,298,韶关学院,106672,01,不限,428,36503,https://www.shmeea.edu.cn/download/20230721/11115.pdf
2023,综合,298,韶关学院,106671,02,物/化/生(3选1),409,40174,https://www.shmeea.edu.cn/download/20230721/11115.pdf
2023,综合,791,桂林电子,79101,01,,472,26613,https://www.shmeea.edu.cn/download/20230721/11115.pdf
2023,综合,791,桂林电子,79102,02,,434,35259,https://www.shmeea.edu.cn/download/20230721/11115.pdf
2023,综合,533,桂林理工大学,106668,01,不限,430,36113,https://www.shmeea.edu.cn/download/20230721/11115.pdf
2023,综合,531,广西师范大学,106667,01,不限,476,25585,https://www.shmeea.edu.cn/download/20230721/11115.pdf
2023,综合,531,广西师范大学,106666,02,思想政治必选,471,26866,https://www.shmeea.edu.cn/download/20230721/11115.pdf
2023,综合,531,广西师范大学,106665,03,历史必选,471,26866,https://www.shmeea.edu.cn/download/20230721/11115.pdf
2023,综合,531,广西师范大学,106664,04,物理必选,468,27576,https://www.shmeea.edu.cn/download/20230721/11115.pdf
2023,综合,531,广西师范大学,106663,05,政/地/史(3选1),458,29925,https://www.shmeea.edu.cn/download/20230721/11115.pdf
2023,综合,531,广西师范大学,106662,06,物/化/生(3选1),442,33564,https://www.shmeea.edu.cn/download/20230721/11115.pdf
2023,综合,96,广西大学,106661,01,物/化/生(3选1),501,19420,https://www.shmeea.edu.cn/download/20230721/11115.pdf
2023,综合,1251,梧州学院,106660,01,物理必选,423,37531,https://www.shmeea.edu.cn/download/20230721/11115.pdf
2023,综合,504,海南大学,106659,01,不限,521,14416,https://www.shmeea.edu.cn/download/20230721/11115.pdf
2023,综合,504,海南大学,106658,02,物/化/生(3选1),526,13152,https://www.shmeea.edu.cn/download/20230721/11115.pdf
2023,综合,504,海南大学,106657,03,物理必选,536,10808,https://www.shmeea.edu.cn/download/20230721/11115.pdf
2023,综合,504,海南大学,106656,04,化学必选,529,12442,https://www.shmeea.edu.cn/download/20230721/11115.pdf
2023,综合,511,海南师范大学,106655,01,不限,464,28564,https://www.shmeea.edu.cn/download/20230721/11115.pdf
2023,综合,511,海南师范大学,106654,02,物理必选,463,28788,https://www.shmeea.edu.cn/download/20230721/11115.pdf
2023,综合,803,海南医学,80301,01,,480,24548,https://www.shmeea.edu.cn/download/20230721/11115.pdf
2023,综合,803,海南医学,80302,02,,459,29706,https://www.shmeea.edu.cn/download/20230721/11115.pdf
2023,综合,1329,三亚学院,106651,01,不限,410,39977,https://www.shmeea.edu.cn/download/20230721/11115.pdf
2023,综合,806,海南比科,80601,01,,451,31584,https://www.shmeea.edu.cn/download/20230721/11115.pdf
2023,综合,119,重庆大学,106647,01,物理必选,564,4910,https://www.shmeea.edu.cn/download/20230721/11115.pdf
2023,综合,119,重庆大学,106646,02,不限,560,5664,https://www.shmeea.edu.cn/download/20230721/11115.pdf
2023,综合,934,西南大学,106645,01,化/地/史(3选1),538,10340,https://www.shmeea.edu.cn/download/20230721/11115.pdf
2023,综合,934,西南大学,106644,02,物理必选,542,9418,https://www.shmeea.edu.cn/download/20230721/11115.pdf
2023,综合,934,西南大学,106643,03,物/化/生(3选1),536,10808,https://www.shmeea.edu.cn/download/20230721/11115.pdf
2023,综合,934,西南大学,106642,04,物理必选,540,9864,https://www.shmeea.edu.cn/download/20230721/11115.pdf
2023,综合,184,重庆邮电大学,106641,01,物理必选,528,12669,https://www.shmeea.edu.cn/download/20230721/11115.pdf
2023,综合,1018,重庆交通大学,106640,01,物理必选,489,22397,https://www.shmeea.edu.cn/download/20230721/11115.pdf
2023,综合,1018,重庆交通大学,106639,02,不限,469,27340,https://www.shmeea.edu.cn/download/20230721/11115.pdf
2023,综合,178,重庆医科大学,106638,01,化学、生物(2科必选),526,13152,https://www.shmeea.edu.cn/download/20230721/11115.pdf
2023,综合,178,重庆医科大学,106637,02,物/化/生(3选1),557,6238,https://www.shmeea.edu.cn/download/20230721/11115.pdf
2023,综合,178,重庆医科大学,106636,03,物/化/生(3选1),509,17377,https://www.shmeea.edu.cn/download/20230721/11115.pdf
2023,综合,178,重庆医科大学,106635,04,化学必选,512,16670,https://www.shmeea.edu.cn/download/20230721/11115.pdf
2023,综合,178,重庆医科大学,106634,05,物理必选,503,18898,https://www.shmeea.edu.cn/download/20230721/11115.pdf
2023,综合,178,重庆医科大学,106633,06,不限,486,23115,https://www.shmeea.edu.cn/download/20230721/11115.pdf
2023,综合,178,重庆医科大学,106632,07,化学、生物(2科必选),528,12669,https://www.shmeea.edu.cn/download/20230721/11115.pdf
2023,综合,179,重庆师范大学,106631,01,不限,478,25081,https://www.shmeea.edu.cn/download/20230721/11115.pdf
2023,综合,179,重庆师范大学,106630,02,政、地、史(3科必选),502,19158,https://www.shmeea.edu.cn/download/20230721/11115.pdf
2023,综合,179,重庆师范大学,106629,03,历史必选,510,17139,https://www.shmeea.edu.cn/download/20230721/11115.pdf
2023,综合,179,重庆师范大学,106628,04,物理必选,490,22166,https://www.shmeea.edu.cn/download/20230721/11115.pdf
2023,综合,179,重庆师范大学,106627,05,化学必选,466,28075,https://www.shmeea.edu.cn/download/20230721/11115.pdf
2023,综合,817,川外国语,81701,01,,495,20893,https://www.shmeea.edu.cn/download/20230721/11115.pdf
2023,综合,817,川外国语,81702,02,,481,24317,https://www.shmeea.edu.cn/download/20230721/11115.pdf
2023,综合,817,川外国语,81703,03,,479,24801,https://www.shmeea.edu.cn/download/20230721/11115.pdf
2023,综合,817,川外国语,81704,04,,471,26866,https://www.shmeea.edu.cn/download/20230721/11115.pdf
2023,综合,180,西南政法大学,106622,01,不限,546,8464,https://www.shmeea.edu.cn/download/20230721/11115.pdf
2023,综合,819,重庆科院,107572,01,不限,440,33965,https://www.shmeea.edu.cn/download/20230721/11115.pdf
2023,综合,819,重庆科院,81902,02,,439,34170,https://www.shmeea.edu.cn/download/20230721/11115.pdf
2023,综合,187,重庆理工大学,106619,01,不限,459,29706,https://www.shmeea.edu.cn/download/20230721/11115.pdf
2023,综合,187,重庆理工大学,106618,02,物理必选,449,32023,https://www.shmeea.edu.cn/download/20230721/11115.pdf
2023,综合,1073,重庆工商大学,106617,01,不限,422,37730,https://www.shmeea.edu.cn/download/20230721/11115.pdf
2023,综合,823,重庆外事,82301,01,,415,39040,https://www.shmeea.edu.cn/download/20230721/11115.pdf
2023,综合,824,重庆外贸,82401,01,,408,40349,https://www.shmeea.edu.cn/download/20230721/11115.pdf
2023,综合,824,重庆外贸,82402,02,,410,39977,https://www.shmeea.edu.cn/download/20230721/11115.pdf
2023,综合,1476,重庆移通学院,106612,02,物理必选,407,40512,https://www.shmeea.edu.cn/download/20230721/11115.pdf
2023,综合,826,四川美院,82601,01,,511,16921,https://www.shmeea.edu.cn/download/20230721/11115.pdf
2023,综合,826,四川美院,82602,02,,508,17631,https://www.shmeea.edu.cn/download/20230721/11115.pdf
2023,综合,231,西南民族大学,106609,01,不限,452,31347,https://www.shmeea.edu.cn/download/20230721/11115.pdf
2023,综合,231,西南民族大学,106608,02,物/化/生(3选1),461,29246,https://www.shmeea.edu.cn/download/20230721/11115.pdf
2023,综合,231,西南民族大学,106607,03,物理必选,456,30385,https://www.shmeea.edu.cn/download/20230721/11115.pdf
2023,综合,99,四川大学,106606,01,不限,562,5270,https://www.shmeea.edu.cn/download/20230721/11115.pdf
2023,综合,99,四川大学,106605,02,物理必选,567,4425,https://www.shmeea.edu.cn/download/20230721/11115.pdf
2023,综合,99,四川大学,106604,03,物/化/生(3选1),580,2393,https://www.shmeea.edu.cn/download/20230721/11115.pdf
2023,综合,99,四川大学,106603,04,物理、化学(2科必选),574,3270,https://www.shmeea.edu.cn/download/20230721/11115.pdf
2023,综合,99,四川大学,106602,05,物理必选,564,4910,https://www.shmeea.edu.cn/download/20230721/11115.pdf
2023,综合,51,西南交通大学,106601,01,物理必选,544,8940,https://www.shmeea.edu.cn/download/20230721/11115.pdf
2023,综合,51,西南交通大学,106600,02,物理必选,540,9864,https://www.shmeea.edu.cn/download/20230721/11115.pdf
2023,综合,51,西南交通大学,106599,03,物理必选,528,12669,https://www.shmeea.edu.cn/download/20230721/11115.pdf
2023,综合,51,西南交通大学,106598,04,物/化/生(3选1),538,10340,https://www.shmeea.edu.cn/download/20230721/11115.pdf
2023,综合,661,电子科技大学,106597,01,物理必选,573,3404,https://www.shmeea.edu.cn/download/20230721/11115.pdf
2023,综合,101,西南财经大学,106596,01,不限,552,7242,https://www.shmeea.edu.cn/download/20230721/11115.pdf
2023,综合,101,西南财经大学,106595,02,物理必选,556,6451,https://www.shmeea.edu.cn/download/20230721/11115.pdf
2023,综合,101,西南财经大学,106594,03,不限,541,9655,https://www.shmeea.edu.cn/download/20230721/11115.pdf
2023,综合,101,西南财经大学,106593,04,物理必选,537,10565,https://www.shmeea.edu.cn/download/20230721/11115.pdf
2023,综合,836,民航飞院,83601,01,,429,36303,https://www.shmeea.edu.cn/download/20230721/11115.pdf
2023,综合,836,民航飞院,83602,02,,440,33965,https://www.shmeea.edu.cn/download/20230721/11115.pdf
2023,综合,836,民航飞院,83603,03,,453,31094,https://www.shmeea.edu.cn/download/20230721/11115.pdf
2023,综合,836,民航飞院,83604,04,,445,32897,https://www.shmeea.edu.cn/download/20230721/11115.pdf
2023,综合,268,西南石油大学,106588,01,物理/化学(2选1),498,20181,https://www.shmeea.edu.cn/download/20230721/11115.pdf
2023,综合,268,西南石油大学,106587,02,不限,480,24548,https://www.shmeea.edu.cn/download/20230721/11115.pdf
2023,综合,268,西南石油大学,106586,03,思想政治必选,482,24077,https://www.shmeea.edu.cn/download/20230721/11115.pdf
2023,综合,232,成都理工大学,106585,01,不限,479,24801,https://www.shmeea.edu.cn/download/20230721/11115.pdf
2023,综合,232,成都理工大学,106584,02,物理必选,504,18635,https://www.shmeea.edu.cn/download/20230721/11115.pdf
2023,综合,263,西南科技大学,106583,01,不限,437,34625,https://www.shmeea.edu.cn/download/20230721/11115.pdf
2023,综合,263,西南科技大学,106582,02,物理必选,439,34170,https://www.shmeea.edu.cn/download/20230721/11115.pdf
2023,综合,263,西南科技大学,106581,03,物/化/生(3选1),445,32897,https://www.shmeea.edu.cn/download/20230721/11115.pdf
2023,综合,840,成都信息,84001,01,,449,32023,https://www.shmeea.edu.cn/download/20230721/11115.pdf
2023,综合,840,成都信息,84002,02,,446,32676,https://www.shmeea.edu.cn/download/20230721/11115.pdf
2023,综合,245,西华大学,106578,01,物理/历史(2选1),445,32897,https://www.shmeea.edu.cn/download/20230721/11115.pdf
2023,综合,245,西华大学,106577,02,不限,466,28075,https://www.shmeea.edu.cn/download/20230721/11115.pdf
2023,综合,274,西南医科大学,106576,01,化学、生物(2科必选),506,18118,https://www.shmeea.edu.cn/download/20230721/11115.pdf
2023,综合,266,西华师范大学,106575,01,不限,433,35473,https://www.shmeea.edu.cn/download/20230721/11115.pdf
2023,综合,770,成都东软学院,106573,02,物理必选,417,38666,https://www.shmeea.edu.cn/download/20230721/11115.pdf
2023,综合,845,西财天府,84501,01,,405,40830,https://www.shmeea.edu.cn/download/20230721/11115.pdf
2023,综合,846,四川轻化,84601,01,,432,35697,https://www.shmeea.edu.cn/download/20230721/11115.pdf
2023,综合,100,四川农业大学,106571,01,物/化/生(3选1),523,13919,https://www.shmeea.edu.cn/download/20230721/11115.pdf
2023,综合,265,四川师范大学,106570,01,不限,490,22166,https://www.shmeea.edu.cn/download/20230721/11115.pdf
2023,综合,265,四川师范大学,106569,02,政/地/史(3选1),509,17377,https://www.shmeea.edu.cn/download/20230721/11115.pdf
2023,综合,264,成都中医药大学,106568,01,物/化/生(3选1),528,12669,https://www.shmeea.edu.cn/download/20230721/11115.pdf
2023,综合,2491,成都大学,106567,01,不限,443,33327,https://www.shmeea.edu.cn/download/20230721/11115.pdf
2023,综合,2491,成都大学,106566,02,地理/历史(2选1),453,31094,https://www.shmeea.edu.cn/download/20230721/11115.pdf
2023,综合,342,昆明理工大学,106565,01,物理必选,467,27818,https://www.shmeea.edu.cn/download/20230721/11115.pdf
2023,综合,343,云南农业大学,106564,01,物/化/生(3选1),457,30168,https://www.shmeea.edu.cn/download/20230721/11115.pdf
2023,综合,347,昆明医科大学,106563,01,化学、生物(2科必选),521,14416,https://www.shmeea.edu.cn/download/20230721/11115.pdf
2023,综合,347,昆明医科大学,106562,02,物/化/生(3选1),477,25351,https://www.shmeea.edu.cn/download/20230721/11115.pdf
2023,综合,362,大理大学,106561,01,不限,432,35697,https://www.shmeea.edu.cn/download/20230721/11115.pdf
2023,综合,362,大理大学,106560,02,物/化/生(3选1),515,15916,https://www.shmeea.edu.cn/download/20230721/11115.pdf
2023,综合,362,大理大学,106559,03,化学、生物(2科必选),477,25351,https://www.shmeea.edu.cn/download/20230721/11115.pdf
2023,综合,362,大理大学,106558,04,物理、生物(2科必选),486,23115,https://www.shmeea.edu.cn/download/20230721/11115.pdf
2023,综合,344,云南师范大学,106557,01,地理/历史(2选1),491,21932,https://www.shmeea.edu.cn/download/20230721/11115.pdf
2023,综合,344,云南师范大学,106556,02,思想政治必选,487,22878,https://www.shmeea.edu.cn/download/20230721/11115.pdf
2023,综合,356,云南财经大学,106555,01,不限,454,30852,https://www.shmeea.edu.cn/download/20230721/11115.pdf
2023,综合,359,云南警官学院,106554,01,思想政治必选,435,35051,https://www.shmeea.edu.cn/download/20230721/11115.pdf
2023,综合,858,云大滇池,85802,02,,407,40512,https://www.shmeea.edu.cn/download/20230721/11115.pdf
2023,综合,859,丽江文旅,85901,01,,414,39247,https://www.shmeea.edu.cn/download/20230721/11115.pdf
2023,综合,860,昆医海源,86001,01,,426,36906,https://www.shmeea.edu.cn/download/20230721/11115.pdf
2023,综合,860,昆医海源,86002,02,,493,21430,https://www.shmeea.edu.cn/download/20230721/11115.pdf
2023,综合,861,昆理津桥,86101,01,,407,40512,https://www.shmeea.edu.cn/download/20230721/11115.pdf
2023,综合,35,云南大学,106547,01,化学必选,529,12442,https://www.shmeea.edu.cn/download/20230721/11115.pdf
2023,综合,35,云南大学,106546,02,历史必选,523,13919,https://www.shmeea.edu.cn/download/20230721/11115.pdf
2023,综合,35,云南大学,106545,03,思想政治/历史(2选1),524,13663,https://www.shmeea.edu.cn/download/20230721/11115.pdf
2023,综合,35,云南大学,106544,04,物理必选,527,12910,https://www.shmeea.edu.cn/download/20230721/11115.pdf
2023,综合,35,云南大学,106543,05,物/化/生(3选1),539,10105,https://www.shmeea.edu.cn/download/20230721/11115.pdf
2023,综合,864,云南民大,86401,01,,435,35051,https://www.shmeea.edu.cn/download/20230721/11115.pdf
2023,综合,864,云南民大,86402,02,,454,30852,https://www.shmeea.edu.cn/download/20230721/11115.pdf
2023,综合,864,云南民大,86403,03,,432,35697,https://www.shmeea.edu.cn/download/20230721/11115.pdf
2023,综合,935,贵州大学,106539,01,不限,502,19158,https://www.shmeea.edu.cn/download/20230721/11115.pdf
2023,综合,935,贵州大学,106538,02,不限,474,26112,https://www.shmeea.edu.cn/download/20230721/11115.pdf
2023,综合,935,贵州大学,106537,03,物理必选,519,14925,https://www.shmeea.edu.cn/download/20230721/11115.pdf
2023,综合,935,贵州大学,106536,04,物理、化学(2科必选),491,21932,https://www.shmeea.edu.cn/download/20230721/11115.pdf
2023,综合,935,贵州大学,106535,05,物理、化学(2科必选),456,30385,https://www.shmeea.edu.cn/download/20230721/11115.pdf
2023,综合,520,贵州财经大学,106534,01,物理、思想政治(2科必选),425,37110,https://www.shmeea.edu.cn/download/20230721/11115.pdf
2023,综合,521,贵州中医药大学,106532,01,物/化/生(3选1),490,22166,https://www.shmeea.edu.cn/download/20230721/11115.pdf
2023,综合,521,贵州中医药大学,106531,02,化学/生物(2选1),465,28319,https://www.shmeea.edu.cn/download/20230721/11115.pdf
2023,综合,330,西安交通大学,106530,01,物理必选,574,3270,https://www.shmeea.edu.cn/download/20230721/11115.pdf
2023,综合,330,西安交通大学,106529,02,物理必选,563,5080,https://www.shmeea.edu.cn/download/20230721/11115.pdf
2023,综合,872,西电科大,87201,01,,567,4425,https://www.shmeea.edu.cn/download/20230721/11115.pdf
2023,综合,36,长安大学,106527,01,不限,523,13919,https://www.shmeea.edu.cn/download/20230721/11115.pdf
2023,综合,36,长安大学,106526,02,物理必选,538,10340,https://www.shmeea.edu.cn/download/20230721/11115.pdf
2023,综合,36,长安大学,106525,03,物理/化学(2选1),538,10340,https://www.shmeea.edu.cn/download/20230721/11115.pdf
2023,综合,332,西北农林科技大学,106524,01,不限,526,13152,https://www.shmeea.edu.cn/download/20230721/11115.pdf
2023,综合,332,西北农林科技大学,106523,02,物/化/生(3选1),534,11276,https://www.shmeea.edu.cn/download/20230721/11115.pdf
2023,综合,334,陕西师范大学,106522,01,思想政治/历史(2选1),544,8940,https://www.shmeea.edu.cn/download/20230721/11115.pdf
2023,综合,334,陕西师范大学,106521,02,不限,526,13152,https://www.shmeea.edu.cn/download/20230721/11115.pdf
2023,综合,334,陕西师范大学,106520,03,物/化/生(3选1),532,11739,https://www.shmeea.edu.cn/download/20230721/11115.pdf
2023,综合,334,陕西师范大学,106519,04,物理必选,538,10340,https://www.shmeea.edu.cn/download/20230721/11115.pdf
2023,综合,107,西北工业大学,106518,01,物理必选,567,4425,https://www.shmeea.edu.cn/download/20230721/11115.pdf
2023,综合,107,西北工业大学,106517,02,不限,564,4910,https://www.shmeea.edu.cn/download/20230721/11115.pdf
2023,综合,107,西北工业大学,106516,03,物/化/生(3选1),565,4750,https://www.shmeea.edu.cn/download/20230721/11115.pdf
2023,综合,107,西北工业大学,106515,04,物理必选,558,6028,https://www.shmeea.edu.cn/download/20230721/11115.pdf
2023,综合,37,西北大学,106514,01,不限,532,11739,https://www.shmeea.edu.cn/download/20230721/11115.pdf
2023,综合,37,西北大学,106513,02,地理/历史(2选1),558,6028,https://www.shmeea.edu.cn/download/20230721/11115.pdf
2023,综合,37,西北大学,106512,03,物/政/史(3选1),533,11501,https://www.shmeea.edu.cn/download/20230721/11115.pdf
2023,综合,349,西安理工大学,106511,01,物理必选,488,22656,https://www.shmeea.edu.cn/download/20230721/11115.pdf
2023,综合,361,西安工业大学,106510,01,不限,451,31584,https://www.shmeea.edu.cn/download/20230721/11115.pdf
2023,综合,361,西安工业大学,106509,02,物理必选,446,32676,https://www.shmeea.edu.cn/download/20230721/11115.pdf
2023,综合,880,西安建科,106825,01,不限,452,31347,https://www.shmeea.edu.cn/download/20230721/11115.pdf
2023,综合,880,西安建科,106824,02,政/地/史(3选1),479,24801,https://www.shmeea.edu.cn/download/20230721/11115.pdf
2023,综合,880,西安建科,88003,03,,511,16921,https://www.shmeea.edu.cn/download/20230721/11115.pdf
2023,综合,880,西安建科,88004,04,,461,29246,https://www.shmeea.edu.cn/download/20230721/11115.pdf
2023,综合,880,西安建科,88005,05,,478,25081,https://www.shmeea.edu.cn/download/20230721/11115.pdf
2023,综合,352,西安科技大学,106503,01,物理必选,465,28319,https://www.shmeea.edu.cn/download/20230721/11115.pdf
2023,综合,352,西安科技大学,106502,02,不限,450,31821,https://www.shmeea.edu.cn/download/20230721/11115.pdf
2023,综合,354,西安石油大学,106501,01,不限,440,33965,https://www.shmeea.edu.cn/download/20230721/11115.pdf
2023,综合,354,西安石油大学,106500,02,物理必选,444,33094,https://www.shmeea.edu.cn/download/20230721/11115.pdf
2023,综合,354,西安石油大学,106499,03,化学必选,453,31094,https://www.shmeea.edu.cn/download/20230721/11115.pdf
2023,综合,354,西安石油大学,106498,04,物/地/史(3选1),444,33094,https://www.shmeea.edu.cn/download/20230721/11115.pdf
2023,综合,357,陕西科技大学,106497,01,物理必选,471,26866,https://www.shmeea.edu.cn/download/20230721/11115.pdf
2023,综合,357,陕西科技大学,106496,02,物理必选,451,31584,https://www.shmeea.edu.cn/download/20230721/11115.pdf
2023,综合,371,陕西理工大学,106495,01,不限,430,36113,https://www.shmeea.edu.cn/download/20230721/11115.pdf
2023,综合,371,陕西理工大学,106494,02,物/化/地(3选1),441,33766,https://www.shmeea.edu.cn/download/20230721/11115.pdf
2023,综合,369,宝鸡文理学院,106493,01,不限,416,38855,https://www.shmeea.edu.cn/download/20230721/11115.pdf
2023,综合,368,渭南师范学院,106492,01,不限,412,39601,https://www.shmeea.edu.cn/download/20230721/11115.pdf
2023,综合,373,西安外国语大学,106491,01,不限,488,22656,https://www.shmeea.edu.cn/download/20230721/11115.pdf
2023,综合,376,西北政法大学,106490,01,不限,536,10808,https://www.shmeea.edu.cn/download/20230721/11115.pdf
2023,综合,383,西安培华学院,106489,01,不限,409,40174,https://www.shmeea.edu.cn/download/20230721/11115.pdf
2023,综合,383,西安培华学院,106488,02,物理必选,413,39440,https://www.shmeea.edu.cn/download/20230721/11115.pdf
2023,综合,383,西安培华学院,106487,03,物/化/生(3选1),422,37730,https://www.shmeea.edu.cn/download/20230721/11115.pdf
2023,综合,383,西安培华学院,106486,04,物/政/史(3选1),414,39247,https://www.shmeea.edu.cn/download/20230721/11115.pdf
2023,综合,383,西安培华学院,106485,05,物/地/史(3选1),411,39779,https://www.shmeea.edu.cn/download/20230721/11115.pdf
2023,综合,375,西安财经大学,106483,01,不限,464,28564,https://www.shmeea.edu.cn/download/20230721/11115.pdf
2023,综合,363,西安邮电大学,106482,01,物理必选,510,17139,https://www.shmeea.edu.cn/download/20230721/11115.pdf
2023,综合,363,西安邮电大学,106481,02,不限,468,27576,https://www.shmeea.edu.cn/download/20230721/11115.pdf
2023,综合,863,西安思源学院,106480,01,不限,421,37931,https://www.shmeea.edu.cn/download/20230721/11115.pdf
2023,综合,863,西安思源学院,106479,02,物理必选,408,40349,https://www.shmeea.edu.cn/download/20230721/11115.pdf
2023,综合,893,西交城市,89301,01,,406,40671,https://www.shmeea.edu.cn/download/20230721/11115.pdf
2023,综合,336,延安大学,106477,01,不限,432,35697,https://www.shmeea.edu.cn/download/20230721/11115.pdf
2023,综合,336,延安大学,106476,02,物理必选,421,37931,https://www.shmeea.edu.cn/download/20230721/11115.pdf
2023,综合,480,西北民族大学,106475,01,历史必选,436,34853,https://www.shmeea.edu.cn/download/20230721/11115.pdf
2023,综合,480,西北民族大学,106474,02,不限,436,34853,https://www.shmeea.edu.cn/download/20230721/11115.pdf
2023,综合,480,西北民族大学,106473,03,不限,423,37531,https://www.shmeea.edu.cn/download/20230721/11115.pdf
2023,综合,97,兰州大学,106472,01,不限,538,10340,https://www.shmeea.edu.cn/download/20230721/11115.pdf
2023,综合,97,兰州大学,106471,02,物理必选,551,7444,https://www.shmeea.edu.cn/download/20230721/11115.pdf
2023,综合,97,兰州大学,106470,03,物理、化学(2科必选),543,9179,https://www.shmeea.edu.cn/download/20230721/11115.pdf
2023,综合,97,兰州大学,106469,04,物/化/生(3选1),536,10808,https://www.shmeea.edu.cn/download/20230721/11115.pdf
2023,综合,483,兰州理工大学,106468,01,物理必选,434,35259,https://www.shmeea.edu.cn/download/20230721/11115.pdf
2023,综合,483,兰州理工大学,106467,02,不限,440,33965,https://www.shmeea.edu.cn/download/20230721/11115.pdf
2023,综合,488,兰州交通大学,106466,01,不限,433,35473,https://www.shmeea.edu.cn/download/20230721/11115.pdf
2023,综合,495,西北师范大学,106465,01,不限,437,34625,https://www.shmeea.edu.cn/download/20230721/11115.pdf
2023,综合,495,西北师范大学,106464,02,物理必选,437,34625,https://www.shmeea.edu.cn/download/20230721/11115.pdf
2023,综合,495,西北师范大学,106463,03,历史必选,470,27118,https://www.shmeea.edu.cn/download/20230721/11115.pdf
2023,综合,495,西北师范大学,106462,04,物/化/生(3选1),446,32676,https://www.shmeea.edu.cn/download/20230721/11115.pdf
2023,综合,495,西北师范大学,106461,05,物/化/地(3选1),449,32023,https://www.shmeea.edu.cn/download/20230721/11115.pdf
2023,综合,500,兰州财经大学,106460,01,不限,430,36113,https://www.shmeea.edu.cn/download/20230721/11115.pdf
2023,综合,500,兰州财经大学,106459,02,不限,431,35904,https://www.shmeea.edu.cn/download/20230721/11115.pdf
2023,综合,501,甘肃政法大学,106458,01,不限,445,32897,https://www.shmeea.edu.cn/download/20230721/11115.pdf
2023,综合,501,甘肃政法大学,106457,02,物理必选,425,37110,https://www.shmeea.edu.cn/download/20230721/11115.pdf
2023,综合,918,兰州环职,91801,01,,407,40512,https://www.shmeea.edu.cn/download/20230721/11115.pdf
2023,综合,367,青海大学,106455,01,物理必选,495,20893,https://www.shmeea.edu.cn/download/20230721/11115.pdf
2023,综合,367,青海大学,106454,02,化学、生物(2科必选),507,17863,https://www.shmeea.edu.cn/download/20230721/11115.pdf
2023,综合,367,青海大学,106453,03,化学/生物(2选1),536,10808,https://www.shmeea.edu.cn/download/20230721/11115.pdf
2023,综合,367,青海大学,106452,04,物/政/生(3选1),484,23581,https://www.shmeea.edu.cn/download/20230721/11115.pdf
2023,综合,367,青海大学,106451,05,物/政/地(3选1),491,21932,https://www.shmeea.edu.cn/download/20230721/11115.pdf
2023,综合,545,北方民族大学,106450,01,不限,427,36712,https://www.shmeea.edu.cn/download/20230721/11115.pdf
2023,综合,544,宁夏大学,106449,01,物理/历史(2选1),476,25585,https://www.shmeea.edu.cn/download/20230721/11115.pdf
2023,综合,544,宁夏大学,106448,02,物理必选,501,19420,https://www.shmeea.edu.cn/download/20230721/11115.pdf
2023,综合,546,宁夏医科大学,106447,01,化学、生物(2科必选),486,23115,https://www.shmeea.edu.cn/download/20230721/11115.pdf
2023,综合,199,石河子大学,106446,01,物理必选,450,31821,https://www.shmeea.edu.cn/download/20230721/11115.pdf
2023,综合,199,石河子大学,106445,02,化学、生物(2科必选),492,21695,https://www.shmeea.edu.cn/download/20230721/11115.pdf
2023,综合,199,石河子大学,106444,03,不限,460,29469,https://www.shmeea.edu.cn/download/20230721/11115.pdf
2023,综合,942,塔里木,94201,01,,405,40830,https://www.shmeea.edu.cn/download/20230721/11115.pdf
2023,综合,74,新疆大学,106442,01,不限,484,23581,https://www.shmeea.edu.cn/download/20230721/11115.pdf
2023,综合,74,新疆大学,106441,02,物理必选,489,22397,https://www.shmeea.edu.cn/download/20230721/11115.pdf
2023,综合,233,新疆农业大学,106440,01,不限,407,40512,https://www.shmeea.edu.cn/download/20230721/11115.pdf
2023,综合,233,新疆农业大学,106439,02,物理必选,408,40349,https://www.shmeea.edu.cn/download/20230721/11115.pdf
2023,综合,236,喀什大学,106438,01,不限,413,39440,https://www.shmeea.edu.cn/download/20230721/11115.pdf
2023,综合,236,喀什大学,106437,02,物理必选,411,39779,https://www.shmeea.edu.cn/download/20230721/11115.pdf
2023,综合,236,喀什大学,106436,03,思想政治必选,411,39779,https://www.shmeea.edu.cn/download/20230721/11115.pdf
2023,综合,236,喀什大学,106435,04,思想政治/历史(2选1),416,38855,https://www.shmeea.edu.cn/download/20230721/11115.pdf
2023,综合,236,喀什大学,106434,05,物理/化学(2选1),419,38271,https://www.shmeea.edu.cn/download/20230721/11115.pdf
2023,综合,236,喀什大学,106433,06,物/化/生(3选1),412,39601,https://www.shmeea.edu.cn/download/20230721/11115.pdf
2023,综合,946,新疆科技,94601,01,,409,40174,https://www.shmeea.edu.cn/download/20230721/11115.pdf
2023,综合,2631,新疆政法学院,106431,01,不限,418,38467,https://www.shmeea.edu.cn/download/20230721/11115.pdf
2023,综合,2631,新疆政法学院,106430,02,物理必选,405,40830,https://www.shmeea.edu.cn/download/20230721/11115.pdf
2023,综合,948,中油北克,94801,01,,488,22656,https://www.shmeea.edu.cn/download/20230721/11115.pdf
2023,综合,364,西藏大学,106428,01,不限,443,33327,https://www.shmeea.edu.cn/download/20230721/11115.pdf
2023,综合,364,西藏大学,106427,02,思想政治必选,448,32236,https://www.shmeea.edu.cn/download/20230721/11115.pdf
2023,综合,364,西藏大学,106426,03,地理必选,481,24317,https://www.shmeea.edu.cn/download/20230721/11115.pdf
2023,综合,364,西藏大学,106425,04,化学、生物(2科必选),437,34625,https://www.shmeea.edu.cn/download/20230721/11115.pdf
2023,综合,364,西藏大学,106424,05,政/地/史(3选1),451,31584,https://www.shmeea.edu.cn/download/20230721/11115.pdf
2023,综合,364,西藏大学,106423,06,物/化/生(3选1),441,33766,https://www.shmeea.edu.cn/download/20230721/11115.pdf
2023,综合,1083,内江师范学院,131222,01,物理必选,421,37931,https://www.shmeea.edu.cn/download/20230721/11115.pdf
2023,综合,1083,内江师范学院,131223,02,化学必选,421,37931,https://www.shmeea.edu.cn/download/20230721/11115.pdf
2023,综合,932,攀枝花学院,106422,01,不限,406,40671,https://www.shmeea.edu.cn/download/20230721/11115.pdf
2023,综合,932,攀枝花学院,106421,02,物理、生物(2科必选),462,29013,https://www.shmeea.edu.cn/download/20230721/11115.pdf
2023,综合,964,成都医学,96401,01,,484,23581,https://www.shmeea.edu.cn/download/20230721/11115.pdf
