year,subject_category,school_code,school_name,special_group,sg_name,sg_info,min_score,min_rank,source_url
2025,综合,132,复旦大学,423151,01,不限,580,4096,https://www.shmeea.edu.cn/download/20250719/186.pdf
2025,综合,132,复旦大学,423142,02,物理、化学(2科必选),580,4096,https://www.shmeea.edu.cn/download/20250719/186.pdf
2025,综合,125,上海交通大学,423123,01,物理、化学(2科必选),580,4096,https://www.shmeea.edu.cn/download/20250719/186.pdf
2025,综合,73,同济大学,422980,01,物理、化学(2科必选),580,4096,https://www.shmeea.edu.cn/download/20250719/186.pdf
2025,综合,73,同济大学,422989,02,不限,580,4096,https://www.shmeea.edu.cn/download/20250719/186.pdf
2025,综合,131,华东师范大学,423161,01,不限,580,4096,https://www.shmeea.edu.cn/download/20250719/186.pdf
2025,综合,131,华东师范大学,423144,02,不限,580,4096,https://www.shmeea.edu.cn/download/20250719/186.pdf
2025,综合,131,华东师范大学,423146,03,物理、化学(2科必选),580,4096,https://www.shmeea.edu.cn/download/20250719/186.pdf
2025,综合,133,华东理工大学,423139,01,物理、化学(2科必选),560,8117,https://www.shmeea.edu.cn/download/20250719/186.pdf
2025,综合,133,华东理工大学,423149,02,物理、化学(2科必选),568,6379,https://www.shmeea.edu.cn/download/20250719/186.pdf
2025,综合,133,华东理工大学,423148,03,不限,548,11041,https://www.shmeea.edu.cn/download/20250719/186.pdf
2025,综合,135,东华大学,423143,01,物理、化学(2科必选),553,9779,https://www.shmeea.edu.cn/download/20250719/186.pdf
2025,综合,135,东华大学,423147,02,物理、化学(2科必选),553,9779,https://www.shmeea.edu.cn/download/20250719/186.pdf
2025,综合,135,东华大学,423154,03,不限,546,11525,https://www.shmeea.edu.cn/download/20250719/186.pdf
2025,综合,130,上海财经大学,423157,01,不限,573,5410,https://www.shmeea.edu.cn/download/20250719/186.pdf
2025,综合,130,上海财经大学,423141,02,不限,573,5410,https://www.shmeea.edu.cn/download/20250719/186.pdf
2025,综合,130,上海财经大学,423140,03,物理必选,576,4823,https://www.shmeea.edu.cn/download/20250719/186.pdf
2025,综合,130,上海财经大学,423150,04,物理、化学(2科必选),578,4467,https://www.shmeea.edu.cn/download/20250719/186.pdf
2025,综合,136,上海外国语大学,423153,01,不限,567,6602,https://www.shmeea.edu.cn/download/20250719/186.pdf
2025,综合,136,上海外国语大学,423163,02,不限,565,7040,https://www.shmeea.edu.cn/download/20250719/186.pdf
2025,综合,136,上海外国语大学,423162,03,物理必选,565,7040,https://www.shmeea.edu.cn/download/20250719/186.pdf
2025,综合,136,上海外国语大学,423152,04,思想政治必选,572,5610,https://www.shmeea.edu.cn/download/20250719/186.pdf
2025,综合,136,上海外国语大学,423159,05,物理、化学(2科必选),570,6004,https://www.shmeea.edu.cn/download/20250719/186.pdf
2025,综合,313,上海海事大学,423553,01,不限,542,12532,https://www.shmeea.edu.cn/download/20250719/186.pdf
2025,综合,313,上海海事大学,423526,02,不限,505,22797,https://www.shmeea.edu.cn/download/20250719/186.pdf
2025,综合,313,上海海事大学,423533,03,物理、化学(2科必选),515,19985,https://www.shmeea.edu.cn/download/20250719/186.pdf
2025,综合,313,上海海事大学,423524,04,物理、化学(2科必选),510,21367,https://www.shmeea.edu.cn/download/20250719/186.pdf
2025,综合,313,上海海事大学,423535,05,物理、化学(2科必选),493,26212,https://www.shmeea.edu.cn/download/20250719/186.pdf
2025,综合,307,上海理工大学,423502,01,物理、化学(2科必选),549,10761,https://www.shmeea.edu.cn/download/20250719/186.pdf
2025,综合,307,上海理工大学,423506,02,不限,531,15514,https://www.shmeea.edu.cn/download/20250719/186.pdf
2025,综合,307,上海理工大学,423507,03,物理、化学(2科必选),534,14696,https://www.shmeea.edu.cn/download/20250719/186.pdf
2025,综合,307,上海理工大学,423496,04,物理必选,533,14978,https://www.shmeea.edu.cn/download/20250719/186.pdf
2025,综合,307,上海理工大学,423511,05,不限,524,17497,https://www.shmeea.edu.cn/download/20250719/186.pdf
2025,综合,329,上海杉达学院,423568,01,不限,440,40711,https://www.shmeea.edu.cn/download/20250719/186.pdf
2025,综合,329,上海杉达学院,423570,02,物理、化学(2科必选),418,45887,https://www.shmeea.edu.cn/download/20250719/186.pdf
2025,综合,329,上海杉达学院,423592,03,化学必选,437,41436,https://www.shmeea.edu.cn/download/20250719/186.pdf
2025,综合,329,上海杉达学院,423569,04,物理必选,434,42167,https://www.shmeea.edu.cn/download/20250719/186.pdf
2025,综合,329,上海杉达学院,423578,05,不限,436,41677,https://www.shmeea.edu.cn/download/20250719/186.pdf
2025,综合,323,华东政法大学,423582,01,不限,567,6602,https://www.shmeea.edu.cn/download/20250719/186.pdf
2025,综合,323,华东政法大学,423595,02,不限,546,11525,https://www.shmeea.edu.cn/download/20250719/186.pdf
2025,综合,323,华东政法大学,423571,03,不限,531,15514,https://www.shmeea.edu.cn/download/20250719/186.pdf
2025,综合,318,上海对外经贸大学,423559,01,不限,540,13049,https://www.shmeea.edu.cn/download/20250719/186.pdf
2025,综合,318,上海对外经贸大学,423519,02,不限,523,17799,https://www.shmeea.edu.cn/download/20250719/186.pdf
2025,综合,318,上海对外经贸大学,423549,03,不限,516,19710,https://www.shmeea.edu.cn/download/20250719/186.pdf
2025,综合,318,上海对外经贸大学,423539,04,物理必选,523,17799,https://www.shmeea.edu.cn/download/20250719/186.pdf
2025,综合,318,上海对外经贸大学,423522,05,物理、化学(2科必选),525,17222,https://www.shmeea.edu.cn/download/20250719/186.pdf
2025,综合,3427,复旦大学上海医学院,424407,01,物理、化学(2科必选),580,4096,https://www.shmeea.edu.cn/download/20250719/186.pdf
2025,综合,115,上海海大,423091,01,不限,491,26773,https://www.shmeea.edu.cn/download/20250719/186.pdf
2025,综合,115,上海海大,423101,02,历史必选,493,26212,https://www.shmeea.edu.cn/download/20250719/186.pdf
2025,综合,115,上海海大,423100,03,物理、化学(2科必选),510,21367,https://www.shmeea.edu.cn/download/20250719/186.pdf
2025,综合,115,上海海大,11504,04,,494,25917,https://www.shmeea.edu.cn/download/20250719/186.pdf
2025,综合,327,上海戏剧学院,423583,01,不限,531,15514,https://www.shmeea.edu.cn/download/20250719/186.pdf
2025,综合,317,上海电力大学,423563,01,物理、化学(2科必选),532,15236,https://www.shmeea.edu.cn/download/20250719/186.pdf
2025,综合,317,上海电力大学,423520,02,物理、化学(2科必选),500,24251,https://www.shmeea.edu.cn/download/20250719/186.pdf
2025,综合,317,上海电力大学,423541,03,物理、化学(2科必选),488,27683,https://www.shmeea.edu.cn/download/20250719/186.pdf
2025,综合,317,上海电力大学,423567,04,物理必选,490,27085,https://www.shmeea.edu.cn/download/20250719/186.pdf
2025,综合,317,上海电力大学,423545,05,不限,483,29108,https://www.shmeea.edu.cn/download/20250719/186.pdf
2025,综合,326,上海音乐学院,423580,01,历史必选,506,22512,https://www.shmeea.edu.cn/download/20250719/186.pdf
2025,综合,326,上海音乐学院,423593,02,不限,507,22221,https://www.shmeea.edu.cn/download/20250719/186.pdf
2025,综合,76,上海大学,422986,01,物理、化学(2科必选),565,7040,https://www.shmeea.edu.cn/download/20250719/186.pdf
2025,综合,76,上海大学,422979,02,物理、化学(2科必选),555,9302,https://www.shmeea.edu.cn/download/20250719/186.pdf
2025,综合,76,上海大学,422968,03,物理必选,545,11777,https://www.shmeea.edu.cn/download/20250719/186.pdf
2025,综合,76,上海大学,422972,04,不限,546,11525,https://www.shmeea.edu.cn/download/20250719/186.pdf
2025,综合,120,交大医学,423128,01,不限,580,4096,https://www.shmeea.edu.cn/download/20250719/186.pdf
2025,综合,310,上海中医药大学,423521,01,物理、化学(2科必选),563,7447,https://www.shmeea.edu.cn/download/20250719/186.pdf
2025,综合,310,上海中医药大学,423523,02,物理、化学(2科必选),559,8336,https://www.shmeea.edu.cn/download/20250719/186.pdf
2025,综合,310,上海中医药大学,423550,03,物理、化学(2科必选),542,12532,https://www.shmeea.edu.cn/download/20250719/186.pdf
2025,综合,310,上海中医药大学,423543,04,物理、化学(2科必选),523,17799,https://www.shmeea.edu.cn/download/20250719/186.pdf
2025,综合,310,上海中医药大学,423555,05,物理、化学(2科必选),535,14414,https://www.shmeea.edu.cn/download/20250719/186.pdf
2025,综合,310,上海中医药大学,423561,07,化学必选,504,23089,https://www.shmeea.edu.cn/download/20250719/186.pdf
2025,综合,310,上海中医药大学,423564,08,不限,525,17222,https://www.shmeea.edu.cn/download/20250719/186.pdf
2025,综合,122,上应大,423130,01,不限,477,30789,https://www.shmeea.edu.cn/download/20250719/186.pdf
2025,综合,122,上应大,423135,02,历史必选,444,39679,https://www.shmeea.edu.cn/download/20250719/186.pdf
2025,综合,122,上应大,423115,03,物理、化学(2科必选),508,21944,https://www.shmeea.edu.cn/download/20250719/186.pdf
2025,综合,122,上应大,12204,04,,472,32224,https://www.shmeea.edu.cn/download/20250719/186.pdf
2025,综合,122,上应大,12205,05,,468,33357,https://www.shmeea.edu.cn/download/20250719/186.pdf
2025,综合,311,上海师范大学,423531,01,不限,531,15514,https://www.shmeea.edu.cn/download/20250719/186.pdf
2025,综合,311,上海师范大学,423556,02,不限,513,20546,https://www.shmeea.edu.cn/download/20250719/186.pdf
2025,综合,311,上海师范大学,423554,03,不限,517,19421,https://www.shmeea.edu.cn/download/20250719/186.pdf
2025,综合,311,上海师范大学,423529,04,不限,516,19710,https://www.shmeea.edu.cn/download/20250719/186.pdf
2025,综合,311,上海师范大学,423566,05,地理必选,528,16393,https://www.shmeea.edu.cn/download/20250719/186.pdf
2025,综合,311,上海师范大学,423528,06,物理必选,505,22797,https://www.shmeea.edu.cn/download/20250719/186.pdf
2025,综合,311,上海师范大学,423525,07,物理、化学(2科必选),518,19117,https://www.shmeea.edu.cn/download/20250719/186.pdf
2025,综合,311,上海师范大学,423534,08,物理、化学(2科必选),494,25917,https://www.shmeea.edu.cn/download/20250719/186.pdf
2025,综合,124,上工程,423119,01,物理、化学(2科必选),498,24798,https://www.shmeea.edu.cn/download/20250719/186.pdf
2025,综合,124,上工程,423126,02,物理、化学(2科必选),486,28229,https://www.shmeea.edu.cn/download/20250719/186.pdf
2025,综合,124,上工程,423137,03,物理、化学(2科必选),466,33926,https://www.shmeea.edu.cn/download/20250719/186.pdf
2025,综合,124,上工程,423136,04,物理、化学(2科必选),483,29108,https://www.shmeea.edu.cn/download/20250719/186.pdf
2025,综合,124,上工程,423132,05,物理、化学(2科必选),459,35786,https://www.shmeea.edu.cn/download/20250719/186.pdf
2025,综合,124,上工程,423117,06,物理、化学(2科必选),475,31381,https://www.shmeea.edu.cn/download/20250719/186.pdf
2025,综合,125,上海体大,423123,01,物理、化学(2科必选),516,19710,https://www.shmeea.edu.cn/download/20250719/186.pdf
2025,综合,125,上海体大,12502,02,,509,21654,https://www.shmeea.edu.cn/download/20250719/186.pdf
2025,综合,125,上海体大,12503,03,,496,25365,https://www.shmeea.edu.cn/download/20250719/186.pdf
2025,综合,125,上海体大,12504,04,,493,26212,https://www.shmeea.edu.cn/download/20250719/186.pdf
2025,综合,125,上海体大,12505,05,,493,26212,https://www.shmeea.edu.cn/download/20250719/186.pdf
2025,综合,125,上海体大,12506,06,,489,27375,https://www.shmeea.edu.cn/download/20250719/186.pdf
2025,综合,125,上海体大,12507,07,,489,27375,https://www.shmeea.edu.cn/download/20250719/186.pdf
2025,综合,126,海医大,423118,01,不限,565,7040,https://www.shmeea.edu.cn/download/20250719/186.pdf
2025,综合,126,海医大,423120,02,物理、化学(2科必选),556,9039,https://www.shmeea.edu.cn/download/20250719/186.pdf
2025,综合,126,海医大,423127,03,物理、化学(2科必选),544,12020,https://www.shmeea.edu.cn/download/20250719/186.pdf
2025,综合,127,立信金融,423112,01,物理、化学(2科必选),478,30490,https://www.shmeea.edu.cn/download/20250719/186.pdf
2025,综合,127,立信金融,423110,02,物理、化学(2科必选),485,28531,https://www.shmeea.edu.cn/download/20250719/186.pdf
2025,综合,127,立信金融,12703,03,,451,37914,https://www.shmeea.edu.cn/download/20250719/186.pdf
2025,综合,127,立信金融,12704,04,,448,38707,https://www.shmeea.edu.cn/download/20250719/186.pdf
2025,综合,128,二工大,423122,01,不限,483,29108,https://www.shmeea.edu.cn/download/20250719/186.pdf
2025,综合,128,二工大,423111,02,物理、化学(2科必选),456,36580,https://www.shmeea.edu.cn/download/20250719/186.pdf
2025,综合,128,二工大,12803,03,,441,40472,https://www.shmeea.edu.cn/download/20250719/186.pdf
2025,综合,128,二工大,12804,04,,445,39429,https://www.shmeea.edu.cn/download/20250719/186.pdf
2025,综合,128,二工大,12805,05,,454,37099,https://www.shmeea.edu.cn/download/20250719/186.pdf
2025,综合,128,二工大,12806,06,,463,34731,https://www.shmeea.edu.cn/download/20250719/186.pdf
2025,综合,129,上海商院,423138,01,不限,473,31954,https://www.shmeea.edu.cn/download/20250719/186.pdf
2025,综合,129,上海商院,423113,02,物理、化学(2科必选),460,35524,https://www.shmeea.edu.cn/download/20250719/186.pdf
2025,综合,129,上海商院,12903,03,,443,39958,https://www.shmeea.edu.cn/download/20250719/186.pdf
2025,综合,129,上海商院,12904,04,,439,40963,https://www.shmeea.edu.cn/download/20250719/186.pdf
2025,综合,1092,上海电机学院,424125,01,物理、化学(2科必选),478,30490,https://www.shmeea.edu.cn/download/20250719/186.pdf
2025,综合,1092,上海电机学院,424123,02,物理、化学(2科必选),443,39958,https://www.shmeea.edu.cn/download/20250719/186.pdf
2025,综合,1092,上海电机学院,424129,03,物理必选,460,35524,https://www.shmeea.edu.cn/download/20250719/186.pdf
2025,综合,1092,上海电机学院,424122,04,不限,454,37099,https://www.shmeea.edu.cn/download/20250719/186.pdf
2025,综合,1011,上海政法学院,424079,01,不限,539,13322,https://www.shmeea.edu.cn/download/20250719/186.pdf
2025,综合,1011,上海政法学院,424074,02,不限,521,18317,https://www.shmeea.edu.cn/download/20250719/186.pdf
2025,综合,1011,上海政法学院,424076,03,不限,502,23673,https://www.shmeea.edu.cn/download/20250719/186.pdf
2025,综合,1011,上海政法学院,424073,04,不限,499,24524,https://www.shmeea.edu.cn/download/20250719/186.pdf
2025,综合,1011,上海政法学院,424072,05,思想政治必选,512,20807,https://www.shmeea.edu.cn/download/20250719/186.pdf
2025,综合,1011,上海政法学院,424078,06,不限,516,19710,https://www.shmeea.edu.cn/download/20250719/186.pdf
2025,综合,1304,上海外国语大学贤达经济人文学院,424182,01,不限,402,49276,https://www.shmeea.edu.cn/download/20250719/186.pdf
2025,综合,1304,上海外国语大学贤达经济人文学院,424183,02,不限,416,46346,https://www.shmeea.edu.cn/download/20250719/186.pdf
2025,综合,1304,上海外国语大学贤达经济人文学院,424187,03,不限,402,49276,https://www.shmeea.edu.cn/download/20250719/186.pdf
2025,综合,1304,上海外国语大学贤达经济人文学院,424185,04,物理必选,402,49276,https://www.shmeea.edu.cn/download/20250719/186.pdf
2025,综合,1304,上海外国语大学贤达经济人文学院,424188,05,物理、化学(2科必选),410,47630,https://www.shmeea.edu.cn/download/20250719/186.pdf
2025,综合,134,建桥学院,423158,01,物理、化学(2科必选),418,45887,https://www.shmeea.edu.cn/download/20250719/186.pdf
2025,综合,134,建桥学院,13402,02,,418,45887,https://www.shmeea.edu.cn/download/20250719/186.pdf
2025,综合,134,建桥学院,13403,03,,425,44325,https://www.shmeea.edu.cn/download/20250719/186.pdf
2025,综合,134,建桥学院,13404,04,,435,41932,https://www.shmeea.edu.cn/download/20250719/186.pdf
2025,综合,134,建桥学院,13405,05,,415,46550,https://www.shmeea.edu.cn/download/20250719/186.pdf
2025,综合,134,建桥学院,13406,06,,415,46550,https://www.shmeea.edu.cn/download/20250719/186.pdf
2025,综合,135,健康医学,423143,01,物理、化学(2科必选),517,19421,https://www.shmeea.edu.cn/download/20250719/186.pdf
2025,综合,135,健康医学,423147,02,物理、化学(2科必选),489,27375,https://www.shmeea.edu.cn/download/20250719/186.pdf
2025,综合,135,健康医学,423154,03,不限,471,32490,https://www.shmeea.edu.cn/download/20250719/186.pdf
2025,综合,135,健康医学,13504,04,,464,34489,https://www.shmeea.edu.cn/download/20250719/186.pdf
2025,综合,135,健康医学,13505,05,,459,35786,https://www.shmeea.edu.cn/download/20250719/186.pdf
2025,综合,135,健康医学,13506,06,,473,31954,https://www.shmeea.edu.cn/download/20250719/186.pdf
2025,综合,135,健康医学,13507,07,,458,36057,https://www.shmeea.edu.cn/download/20250719/186.pdf
2025,综合,135,健康医学,13508,08,,465,34206,https://www.shmeea.edu.cn/download/20250719/186.pdf
2025,综合,136,海关学院,423153,01,不限,515,19985,https://www.shmeea.edu.cn/download/20250719/186.pdf
2025,综合,136,海关学院,423163,02,不限,519,18844,https://www.shmeea.edu.cn/download/20250719/186.pdf
2025,综合,136,海关学院,423162,03,物理必选,520,18580,https://www.shmeea.edu.cn/download/20250719/186.pdf
2025,综合,162,中侨大学,423233,01,不限,402,49276,https://www.shmeea.edu.cn/download/20250719/186.pdf
2025,综合,162,中侨大学,423225,02,不限,404,48868,https://www.shmeea.edu.cn/download/20250719/186.pdf
2025,综合,165,立达学院,423221,01,不限,402,49276,https://www.shmeea.edu.cn/download/20250719/186.pdf
2025,综合,165,立达学院,423217,02,历史必选,409,47844,https://www.shmeea.edu.cn/download/20250719/186.pdf
2025,综合,165,立达学院,423224,03,物理必选,402,49276,https://www.shmeea.edu.cn/download/20250719/186.pdf
2025,综合,1469,上海视觉艺术学院,424216,01,不限,429,43379,https://www.shmeea.edu.cn/download/20250719/186.pdf
2025,综合,1469,上海视觉艺术学院,424217,02,不限,437,41436,https://www.shmeea.edu.cn/download/20250719/186.pdf
2025,综合,172,上师天华,423235,01,不限,431,42899,https://www.shmeea.edu.cn/download/20250719/186.pdf
2025,综合,172,上师天华,423255,02,不限,423,44773,https://www.shmeea.edu.cn/download/20250719/186.pdf
2025,综合,172,上师天华,423259,03,生物必选,439,40963,https://www.shmeea.edu.cn/download/20250719/186.pdf
2025,综合,172,上师天华,423236,04,物理、化学(2科必选),448,38707,https://www.shmeea.edu.cn/download/20250719/186.pdf
2025,综合,172,上师天华,423266,05,物理、化学(2科必选),434,42167,https://www.shmeea.edu.cn/download/20250719/186.pdf
2025,综合,45,中央民族大学,422913,01,不限,560,8117,https://www.shmeea.edu.cn/download/20250719/186.pdf
2025,综合,45,中央民族大学,422922,02,历史必选,562,7663,https://www.shmeea.edu.cn/download/20250719/186.pdf
2025,综合,202,中国人大,20201,01,,580,4096,https://www.shmeea.edu.cn/download/20250719/186.pdf
2025,综合,202,中国人大,20202,02,,580,4096,https://www.shmeea.edu.cn/download/20250719/186.pdf
2025,综合,38,北京交通大学,422886,01,不限,560,8117,https://www.shmeea.edu.cn/download/20250719/186.pdf
2025,综合,38,北京交通大学,422902,02,物理、化学(2科必选),580,4096,https://www.shmeea.edu.cn/download/20250719/186.pdf
2025,综合,38,北京交通大学,422881,03,物理、化学(2科必选),577,4649,https://www.shmeea.edu.cn/download/20250719/186.pdf
2025,综合,144,北京科技大学,423176,01,物理、化学(2科必选),574,5214,https://www.shmeea.edu.cn/download/20250719/186.pdf
2025,综合,144,北京科技大学,423171,02,物理必选,568,6379,https://www.shmeea.edu.cn/download/20250719/186.pdf
2025,综合,144,北京科技大学,423182,03,不限,562,7663,https://www.shmeea.edu.cn/download/20250719/186.pdf
2025,综合,556,北京化工大学,423903,01,物理、化学(2科必选),553,9779,https://www.shmeea.edu.cn/download/20250719/186.pdf
2025,综合,556,北京化工大学,423888,02,物理、化学(2科必选),550,10506,https://www.shmeea.edu.cn/download/20250719/186.pdf
2025,综合,556,北京化工大学,423905,03,物理、化学(2科必选),552,10002,https://www.shmeea.edu.cn/download/20250719/186.pdf
2025,综合,48,北京邮电大学,422918,01,物理、化学(2科必选),580,4096,https://www.shmeea.edu.cn/download/20250719/186.pdf
2025,综合,48,北京邮电大学,422910,02,物理、化学(2科必选),580,4096,https://www.shmeea.edu.cn/download/20250719/186.pdf
2025,综合,557,中国农业大学,423897,01,物理、化学(2科必选),573,5410,https://www.shmeea.edu.cn/download/20250719/186.pdf
2025,综合,43,北京林业大学,422917,01,不限,536,14128,https://www.shmeea.edu.cn/download/20250719/186.pdf
2025,综合,43,北京林业大学,422912,02,生物必选,540,13049,https://www.shmeea.edu.cn/download/20250719/186.pdf
2025,综合,43,北京林业大学,422914,03,物理、化学(2科必选),542,12532,https://www.shmeea.edu.cn/download/20250719/186.pdf
2025,综合,49,北京中医药大学,422907,01,物理、化学(2科必选),567,6602,https://www.shmeea.edu.cn/download/20250719/186.pdf
2025,综合,210,北师大,423337,01,物理、化学(2科必选),577,4649,https://www.shmeea.edu.cn/download/20250719/186.pdf
2025,综合,211,北外大,21101,01,,566,6814,https://www.shmeea.edu.cn/download/20250719/186.pdf
2025,综合,211,北外大,21102,02,,566,6814,https://www.shmeea.edu.cn/download/20250719/186.pdf
2025,综合,558,中国传媒大学,423896,01,不限,560,8117,https://www.shmeea.edu.cn/download/20250719/186.pdf
2025,综合,558,中国传媒大学,423891,02,不限,563,7447,https://www.shmeea.edu.cn/download/20250719/186.pdf
2025,综合,558,中国传媒大学,423901,03,不限,560,8117,https://www.shmeea.edu.cn/download/20250719/186.pdf
2025,综合,558,中国传媒大学,423892,04,物理、化学(2科必选),561,7891,https://www.shmeea.edu.cn/download/20250719/186.pdf
2025,综合,566,中央财经大学,423914,01,不限,571,5815,https://www.shmeea.edu.cn/download/20250719/186.pdf
2025,综合,566,中央财经大学,423912,02,物理必选,573,5410,https://www.shmeea.edu.cn/download/20250719/186.pdf
2025,综合,214,外经贸大,21401,01,,569,6182,https://www.shmeea.edu.cn/download/20250719/186.pdf
2025,综合,214,外经贸大,21402,02,,571,5815,https://www.shmeea.edu.cn/download/20250719/186.pdf
2025,综合,214,外经贸大,21403,03,,567,6602,https://www.shmeea.edu.cn/download/20250719/186.pdf
2025,综合,214,外经贸大,21404,04,,570,6004,https://www.shmeea.edu.cn/download/20250719/186.pdf
2025,综合,569,中国政法大学,423924,01,不限,580,4096,https://www.shmeea.edu.cn/download/20250719/186.pdf
2025,综合,569,中国政法大学,423918,02,不限,569,6182,https://www.shmeea.edu.cn/download/20250719/186.pdf
2025,综合,216,华电北京,21601,01,,551,10254,https://www.shmeea.edu.cn/download/20250719/186.pdf
2025,综合,216,华电北京,21602,02,,545,11777,https://www.shmeea.edu.cn/download/20250719/186.pdf
2025,综合,216,华电北京,21603,03,,563,7447,https://www.shmeea.edu.cn/download/20250719/186.pdf
2025,综合,217,石油北京,423334,01,不限,546,11525,https://www.shmeea.edu.cn/download/20250719/186.pdf
2025,综合,218,地大北京,423336,01,不限,535,14414,https://www.shmeea.edu.cn/download/20250719/186.pdf
2025,综合,218,地大北京,423329,02,物理、化学(2科必选),543,12291,https://www.shmeea.edu.cn/download/20250719/186.pdf
2025,综合,866,北京体育大学,424038,01,不限,517,19421,https://www.shmeea.edu.cn/download/20250719/186.pdf
2025,综合,221,北京航大,22101,01,,580,4096,https://www.shmeea.edu.cn/download/20250719/186.pdf
2025,综合,221,北京航大,22102,02,,579,4285,https://www.shmeea.edu.cn/download/20250719/186.pdf
2025,综合,143,北京理工大学,423173,01,物理、化学(2科必选),580,4096,https://www.shmeea.edu.cn/download/20250719/186.pdf
2025,综合,223,中国劳关,423348,01,物理、化学(2科必选),450,38181,https://www.shmeea.edu.cn/download/20250719/186.pdf
2025,综合,223,中国劳关,423354,02,物理、化学(2科必选),431,42899,https://www.shmeea.edu.cn/download/20250719/186.pdf
2025,综合,568,中华女子学院,423913,01,不限,442,40203,https://www.shmeea.edu.cn/download/20250719/186.pdf
2025,综合,568,中华女子学院,423917,02,物理、化学(2科必选),433,42400,https://www.shmeea.edu.cn/download/20250719/186.pdf
2025,综合,570,北京工商大学,423940,01,不限,515,19985,https://www.shmeea.edu.cn/download/20250719/186.pdf
2025,综合,570,北京工商大学,423937,02,物理必选,501,23963,https://www.shmeea.edu.cn/download/20250719/186.pdf
2025,综合,573,北京协和医学院,423935,01,物理、化学(2科必选),531,15514,https://www.shmeea.edu.cn/download/20250719/186.pdf
2025,综合,228,北京二外,423344,01,物理、化学(2科必选),499,24524,https://www.shmeea.edu.cn/download/20250719/186.pdf
2025,综合,586,北京物资学院,423946,01,不限,465,34206,https://www.shmeea.edu.cn/download/20250719/186.pdf
2025,综合,230,首都经贸,423367,01,物理、化学(2科必选),526,16940,https://www.shmeea.edu.cn/download/20250719/186.pdf
2025,综合,231,北京联大,423366,01,不限,460,35524,https://www.shmeea.edu.cn/download/20250719/186.pdf
2025,综合,231,北京联大,423369,02,物理、化学(2科必选),482,29358,https://www.shmeea.edu.cn/download/20250719/186.pdf
2025,综合,231,北京联大,23103,03,,464,34489,https://www.shmeea.edu.cn/download/20250719/186.pdf
2025,综合,231,北京联大,23104,04,,481,29641,https://www.shmeea.edu.cn/download/20250719/186.pdf
2025,综合,231,北京联大,23105,05,,445,39429,https://www.shmeea.edu.cn/download/20250719/186.pdf
2025,综合,232,中国公安,423379,01,物理、化学(2科必选),543,12291,https://www.shmeea.edu.cn/download/20250719/186.pdf
2025,综合,574,中国戏曲学院,423936,01,不限,514,20273,https://www.shmeea.edu.cn/download/20250719/186.pdf
2025,综合,235,二外中瑞,23501,01,,403,49069,https://www.shmeea.edu.cn/download/20250719/186.pdf
2025,综合,559,北京城市学院,423894,01,不限,406,48458,https://www.shmeea.edu.cn/download/20250719/186.pdf
2025,综合,590,北京印刷学院,423955,01,不限,477,30789,https://www.shmeea.edu.cn/download/20250719/186.pdf
2025,综合,571,中国音乐学院,423928,01,不限,508,21944,https://www.shmeea.edu.cn/download/20250719/186.pdf
2025,综合,239,首都体院,423371,01,不限,491,26773,https://www.shmeea.edu.cn/download/20250719/186.pdf
2025,综合,239,首都体院,423365,02,物理、化学(2科必选),482,29358,https://www.shmeea.edu.cn/download/20250719/186.pdf
2025,综合,592,北京语言大学,423951,01,不限,520,18580,https://www.shmeea.edu.cn/download/20250719/186.pdf
2025,综合,592,北京语言大学,423949,02,物理必选,513,20546,https://www.shmeea.edu.cn/download/20250719/186.pdf
2025,综合,592,北京语言大学,423948,03,思想政治必选,519,18844,https://www.shmeea.edu.cn/download/20250719/186.pdf
2025,综合,592,北京语言大学,423958,04,物理、化学(2科必选),530,15808,https://www.shmeea.edu.cn/download/20250719/186.pdf
2025,综合,241,中央美院,423399,01,不限,542,12532,https://www.shmeea.edu.cn/download/20250719/186.pdf
2025,综合,241,中央美院,423401,02,不限,530,15808,https://www.shmeea.edu.cn/download/20250719/186.pdf
2025,综合,562,中央戏剧学院,423919,01,不限,528,16393,https://www.shmeea.edu.cn/download/20250719/186.pdf
2025,综合,563,北京电影学院,423915,01,不限,530,15808,https://www.shmeea.edu.cn/download/20250719/186.pdf
2025,综合,563,北京电影学院,423922,02,不限,562,7663,https://www.shmeea.edu.cn/download/20250719/186.pdf
2025,综合,563,北京电影学院,423916,03,不限,538,13615,https://www.shmeea.edu.cn/download/20250719/186.pdf
2025,综合,563,北京电影学院,423927,04,不限,542,12532,https://www.shmeea.edu.cn/download/20250719/186.pdf
2025,综合,563,北京电影学院,423920,05,历史必选,528,16393,https://www.shmeea.edu.cn/download/20250719/186.pdf
2025,综合,247,矿大北京,423398,01,不限,537,13876,https://www.shmeea.edu.cn/download/20250719/186.pdf
2025,综合,247,矿大北京,423395,02,物理必选,551,10254,https://www.shmeea.edu.cn/download/20250719/186.pdf
2025,综合,248,北京工业,423384,01,物理、化学(2科必选),554,9550,https://www.shmeea.edu.cn/download/20250719/186.pdf
2025,综合,589,首都师范大学,423941,01,不限,520,18580,https://www.shmeea.edu.cn/download/20250719/186.pdf
2025,综合,589,首都师范大学,423943,02,物理、化学(2科必选),530,15808,https://www.shmeea.edu.cn/download/20250719/186.pdf
2025,综合,59,南开大学,422938,01,不限,580,4096,https://www.shmeea.edu.cn/download/20250719/186.pdf
2025,综合,59,南开大学,422939,02,物理、化学(2科必选),580,4096,https://www.shmeea.edu.cn/download/20250719/186.pdf
2025,综合,60,天津大学,422957,01,不限,576,4823,https://www.shmeea.edu.cn/download/20250719/186.pdf
2025,综合,60,天津大学,422959,02,物理、化学(2科必选),579,4285,https://www.shmeea.edu.cn/download/20250719/186.pdf
2025,综合,88,中国民航大学,423009,01,不限,488,27683,https://www.shmeea.edu.cn/download/20250719/186.pdf
2025,综合,88,中国民航大学,423026,02,物理必选,490,27085,https://www.shmeea.edu.cn/download/20250719/186.pdf
2025,综合,88,中国民航大学,423030,03,思想政治必选,499,24524,https://www.shmeea.edu.cn/download/20250719/186.pdf
2025,综合,88,中国民航大学,423006,04,物理、化学(2科必选),489,27375,https://www.shmeea.edu.cn/download/20250719/186.pdf
2025,综合,82,天津科技大学,423000,01,物理、化学(2科必选),480,29907,https://www.shmeea.edu.cn/download/20250719/186.pdf
2025,综合,82,天津科技大学,423005,02,物理、化学(2科必选),466,33926,https://www.shmeea.edu.cn/download/20250719/186.pdf
2025,综合,82,天津科技大学,423021,03,物理必选,475,31381,https://www.shmeea.edu.cn/download/20250719/186.pdf
2025,综合,82,天津科技大学,422996,04,不限,468,33357,https://www.shmeea.edu.cn/download/20250719/186.pdf
2025,综合,80,天津工业大学,423016,01,不限,495,25620,https://www.shmeea.edu.cn/download/20250719/186.pdf
2025,综合,80,天津工业大学,423023,02,物理、化学(2科必选),529,16109,https://www.shmeea.edu.cn/download/20250719/186.pdf
2025,综合,89,天津中医药大学,422997,01,化学必选,479,30198,https://www.shmeea.edu.cn/download/20250719/186.pdf
2025,综合,89,天津中医药大学,423012,02,物理、化学(2科必选),535,14414,https://www.shmeea.edu.cn/download/20250719/186.pdf
2025,综合,89,天津中医药大学,423011,03,物理、化学(2科必选),503,23377,https://www.shmeea.edu.cn/download/20250719/186.pdf
2025,综合,257,天津职师,423414,01,不限,447,38962,https://www.shmeea.edu.cn/download/20250719/186.pdf
2025,综合,257,天津职师,423426,02,物理、化学(2科必选),432,42668,https://www.shmeea.edu.cn/download/20250719/186.pdf
2025,综合,258,天津商大,423409,01,不限,462,35017,https://www.shmeea.edu.cn/download/20250719/186.pdf
2025,综合,84,天津财经大学,423014,01,不限,500,24251,https://www.shmeea.edu.cn/download/20250719/186.pdf
2025,综合,84,天津财经大学,423015,02,物理必选,492,26498,https://www.shmeea.edu.cn/download/20250719/186.pdf
2025,综合,91,天津城建大学,423048,01,不限,443,39958,https://www.shmeea.edu.cn/download/20250719/186.pdf
2025,综合,91,天津城建大学,423033,02,地理必选,446,39191,https://www.shmeea.edu.cn/download/20250719/186.pdf
2025,综合,91,天津城建大学,423034,03,物理、化学(2科必选),433,42400,https://www.shmeea.edu.cn/download/20250719/186.pdf
2025,综合,261,津商宝德,26101,01,,402,49276,https://www.shmeea.edu.cn/download/20250719/186.pdf
2025,综合,261,津商宝德,26102,02,,409,47844,https://www.shmeea.edu.cn/download/20250719/186.pdf
2025,综合,261,津商宝德,26103,03,,406,48458,https://www.shmeea.edu.cn/download/20250719/186.pdf
2025,综合,262,津医临床,423442,01,不限,416,46346,https://www.shmeea.edu.cn/download/20250719/186.pdf
2025,综合,262,津医临床,423432,02,物理、化学(2科必选),423,44773,https://www.shmeea.edu.cn/download/20250719/186.pdf
2025,综合,262,津医临床,26203,03,,425,44325,https://www.shmeea.edu.cn/download/20250719/186.pdf
2025,综合,262,津医临床,26204,04,,413,46964,https://www.shmeea.edu.cn/download/20250719/186.pdf
2025,综合,262,津医临床,26205,05,,462,35017,https://www.shmeea.edu.cn/download/20250719/186.pdf
2025,综合,262,津医临床,26206,06,,478,30490,https://www.shmeea.edu.cn/download/20250719/186.pdf
2025,综合,263,津理中环,423438,01,不限,412,47200,https://www.shmeea.edu.cn/download/20250719/186.pdf
2025,综合,263,津理中环,423433,02,物理必选,417,46139,https://www.shmeea.edu.cn/download/20250719/186.pdf
2025,综合,264,京科天津,423444,01,不限,404,48868,https://www.shmeea.edu.cn/download/20250719/186.pdf
2025,综合,264,京科天津,26402,02,,410,47630,https://www.shmeea.edu.cn/download/20250719/186.pdf
2025,综合,264,京科天津,26403,03,,424,44546,https://www.shmeea.edu.cn/download/20250719/186.pdf
2025,综合,265,津财珠江,423449,01,历史、思想政治(2科必选),404,48868,https://www.shmeea.edu.cn/download/20250719/186.pdf
2025,综合,41,河北工业大学,422916,01,物理、化学(2科必选),545,11777,https://www.shmeea.edu.cn/download/20250719/186.pdf
2025,综合,81,天津理工大学,423008,01,物理、化学(2科必选),498,24798,https://www.shmeea.edu.cn/download/20250719/186.pdf
2025,综合,81,天津理工大学,423018,02,物理、化学(2科必选),496,25365,https://www.shmeea.edu.cn/download/20250719/186.pdf
2025,综合,81,天津理工大学,423022,03,物理必选,477,30789,https://www.shmeea.edu.cn/download/20250719/186.pdf
2025,综合,87,天津外国语大学,422994,01,不限,480,29907,https://www.shmeea.edu.cn/download/20250719/186.pdf
2025,综合,87,天津外国语大学,423027,02,不限,474,31654,https://www.shmeea.edu.cn/download/20250719/186.pdf
2025,综合,269,天津美院,423439,01,物、化、生(3科必选),476,31096,https://www.shmeea.edu.cn/download/20250719/186.pdf
2025,综合,78,天津医科大学,422983,01,物、化、生(3科必选),561,7891,https://www.shmeea.edu.cn/download/20250719/186.pdf
2025,综合,281,华电保定,423481,01,不限,543,12291,https://www.shmeea.edu.cn/download/20250719/186.pdf
2025,综合,281,华电保定,423482,02,物、化、生(3科必选),555,9302,https://www.shmeea.edu.cn/download/20250719/186.pdf
2025,综合,282,东大秦岛,28201,01,,541,12796,https://www.shmeea.edu.cn/download/20250719/186.pdf
2025,综合,282,东大秦岛,28202,02,,556,9039,https://www.shmeea.edu.cn/download/20250719/186.pdf
2025,综合,282,东大秦岛,28203,03,,564,7257,https://www.shmeea.edu.cn/download/20250719/186.pdf
2025,综合,602,河北工程大学,423967,01,不限,446,39191,https://www.shmeea.edu.cn/download/20250719/186.pdf
2025,综合,602,河北工程大学,423965,02,物理、化学(2科必选),430,43131,https://www.shmeea.edu.cn/download/20250719/186.pdf
2025,综合,606,河北地质大学,423964,01,不限,438,41209,https://www.shmeea.edu.cn/download/20250719/186.pdf
2025,综合,606,河北地质大学,423971,02,物理、化学(2科必选),429,43379,https://www.shmeea.edu.cn/download/20250719/186.pdf
2025,综合,606,河北地质大学,423973,03,物理、化学(2科必选),434,42167,https://www.shmeea.edu.cn/download/20250719/186.pdf
2025,综合,597,华北理工大学,423962,01,物理、化学(2科必选),435,41932,https://www.shmeea.edu.cn/download/20250719/186.pdf
2025,综合,597,华北理工大学,423956,02,物理、化学(2科必选),436,41677,https://www.shmeea.edu.cn/download/20250719/186.pdf
2025,综合,597,华北理工大学,423963,03,物理、化学(2科必选),454,37099,https://www.shmeea.edu.cn/download/20250719/186.pdf
2025,综合,597,华北理工大学,423961,04,物、化、生(3科必选),497,25079,https://www.shmeea.edu.cn/download/20250719/186.pdf
2025,综合,596,河北医科大学,423954,01,生物必选,478,30490,https://www.shmeea.edu.cn/download/20250719/186.pdf
2025,综合,596,河北医科大学,423950,02,物理、化学(2科必选),460,35524,https://www.shmeea.edu.cn/download/20250719/186.pdf
2025,综合,596,河北医科大学,423952,03,物、化、生(3科必选),458,36057,https://www.shmeea.edu.cn/download/20250719/186.pdf
2025,综合,287,承德医学,423478,01,物理、化学(2科必选),465,34206,https://www.shmeea.edu.cn/download/20250719/186.pdf
2025,综合,627,衡水学院,423981,01,不限,425,44325,https://www.shmeea.edu.cn/download/20250719/186.pdf
2025,综合,627,衡水学院,423982,02,物理、化学(2科必选),450,38181,https://www.shmeea.edu.cn/download/20250719/186.pdf
2025,综合,599,燕山大学,423959,01,物理、化学(2科必选),531,15514,https://www.shmeea.edu.cn/download/20250719/186.pdf
2025,综合,290,北华航工,29001,01,,435,41932,https://www.shmeea.edu.cn/download/20250719/186.pdf
2025,综合,290,北华航工,29002,02,,436,41677,https://www.shmeea.edu.cn/download/20250719/186.pdf
2025,综合,291,冀外国语,29101,01,,402,49276,https://www.shmeea.edu.cn/download/20250719/186.pdf
2025,综合,293,石铁四方,423486,01,物理、化学(2科必选),411,47401,https://www.shmeea.edu.cn/download/20250719/186.pdf
2025,综合,293,石铁四方,29302,02,,408,48030,https://www.shmeea.edu.cn/download/20250719/186.pdf
2025,综合,293,石铁四方,29303,03,,413,46964,https://www.shmeea.edu.cn/download/20250719/186.pdf
2025,综合,1167,保定理工学院,424145,01,不限,402,49276,https://www.shmeea.edu.cn/download/20250719/186.pdf
2025,综合,295,京中东方,423485,01,物理、化学(2科必选),427,43830,https://www.shmeea.edu.cn/download/20250719/186.pdf
2025,综合,295,京中东方,423495,02,物理、化学(2科必选),419,45675,https://www.shmeea.edu.cn/download/20250719/186.pdf
2025,综合,295,京中东方,29503,03,,427,43830,https://www.shmeea.edu.cn/download/20250719/186.pdf
2025,综合,295,京中东方,29504,04,,407,48244,https://www.shmeea.edu.cn/download/20250719/186.pdf
2025,综合,297,河北环境,29701,01,,423,44773,https://www.shmeea.edu.cn/download/20250719/186.pdf
2025,综合,297,河北环境,29702,02,,421,45226,https://www.shmeea.edu.cn/download/20250719/186.pdf
2025,综合,298,河北建工,423491,01,不限,432,42668,https://www.shmeea.edu.cn/download/20250719/186.pdf
2025,综合,298,河北建工,423493,02,物理、化学(2科必选),436,41677,https://www.shmeea.edu.cn/download/20250719/186.pdf
2025,综合,298,河北建工,29803,03,,427,43830,https://www.shmeea.edu.cn/download/20250719/186.pdf
2025,综合,299,中国警察,423489,01,不限,479,30198,https://www.shmeea.edu.cn/download/20250719/186.pdf
2025,综合,299,中国警察,423492,02,物理必选,483,29108,https://www.shmeea.edu.cn/download/20250719/186.pdf
2025,综合,299,中国警察,423494,03,历史必选,448,38707,https://www.shmeea.edu.cn/download/20250719/186.pdf
2025,综合,301,石铁大,30101,01,,481,29641,https://www.shmeea.edu.cn/download/20250719/186.pdf
2025,综合,301,石铁大,30102,02,,452,37654,https://www.shmeea.edu.cn/download/20250719/186.pdf
2025,综合,301,石铁大,30103,03,,438,41209,https://www.shmeea.edu.cn/download/20250719/186.pdf
2025,综合,302,冀油职大,423510,01,不限,423,44773,https://www.shmeea.edu.cn/download/20250719/186.pdf
2025,综合,302,冀油职大,30202,02,,423,44773,https://www.shmeea.edu.cn/download/20250719/186.pdf
2025,综合,278,太原科技大学,423454,01,物理、化学(2科必选),451,37914,https://www.shmeea.edu.cn/download/20250719/186.pdf
2025,综合,277,中北大学,423464,01,不限,440,40711,https://www.shmeea.edu.cn/download/20250719/186.pdf
2025,综合,277,中北大学,423466,02,物理、化学(2科必选),506,22512,https://www.shmeea.edu.cn/download/20250719/186.pdf
2025,综合,277,中北大学,423453,03,物理、化学(2科必选),482,29358,https://www.shmeea.edu.cn/download/20250719/186.pdf
2025,综合,139,太原理工大学,423166,01,物理、化学(2科必选),544,12020,https://www.shmeea.edu.cn/download/20250719/186.pdf
2025,综合,269,山西农业大学,423439,01,物、化、生(3科必选),408,48030,https://www.shmeea.edu.cn/download/20250719/186.pdf
2025,综合,271,山西医科大学,423457,01,物、化、生(3科必选),528,16393,https://www.shmeea.edu.cn/download/20250719/186.pdf
2025,综合,271,山西医科大学,423463,02,物、化、生(3科必选),445,39429,https://www.shmeea.edu.cn/download/20250719/186.pdf
2025,综合,271,山西医科大学,423458,03,物理、化学(2科必选),448,38707,https://www.shmeea.edu.cn/download/20250719/186.pdf
2025,综合,316,大同大学,423546,01,物理必选,432,42668,https://www.shmeea.edu.cn/download/20250719/186.pdf
2025,综合,316,大同大学,423551,02,物理、化学(2科必选),455,36838,https://www.shmeea.edu.cn/download/20250719/186.pdf
2025,综合,280,忻州师范学院,423474,01,不限,426,44086,https://www.shmeea.edu.cn/download/20250719/186.pdf
2025,综合,280,忻州师范学院,423479,02,思想政治必选,446,39191,https://www.shmeea.edu.cn/download/20250719/186.pdf
2025,综合,280,忻州师范学院,423473,03,历史必选,446,39191,https://www.shmeea.edu.cn/download/20250719/186.pdf
2025,综合,280,忻州师范学院,423477,04,地理必选,443,39958,https://www.shmeea.edu.cn/download/20250719/186.pdf
2025,综合,275,山西财经大学,423452,01,不限,450,38181,https://www.shmeea.edu.cn/download/20250719/186.pdf
2025,综合,275,山西财经大学,423462,02,物理必选,437,41436,https://www.shmeea.edu.cn/download/20250719/186.pdf
2025,综合,275,山西财经大学,423461,03,物理、化学(2科必选),440,40711,https://www.shmeea.edu.cn/download/20250719/186.pdf
2025,综合,919,山西中医药大学,424046,01,不限,496,25365,https://www.shmeea.edu.cn/download/20250719/186.pdf
2025,综合,919,山西中医药大学,424047,02,物理、化学(2科必选),453,37376,https://www.shmeea.edu.cn/download/20250719/186.pdf
2025,综合,919,山西中医药大学,424048,03,物理、生物(2科必选),475,31381,https://www.shmeea.edu.cn/download/20250719/186.pdf
2025,综合,1638,吕梁学院,424236,01,历史必选,430,43131,https://www.shmeea.edu.cn/download/20250719/186.pdf
2025,综合,1638,吕梁学院,424235,02,物理、化学(2科必选),425,44325,https://www.shmeea.edu.cn/download/20250719/186.pdf
2025,综合,322,山西工院,423581,01,不限,422,45012,https://www.shmeea.edu.cn/download/20250719/186.pdf
2025,综合,262,山西大学,423442,01,不限,509,21654,https://www.shmeea.edu.cn/download/20250719/186.pdf
2025,综合,262,山西大学,423432,02,物理、化学(2科必选),530,15808,https://www.shmeea.edu.cn/download/20250719/186.pdf
2025,综合,324,运城职大,423588,01,不限,409,47844,https://www.shmeea.edu.cn/download/20250719/186.pdf
2025,综合,324,运城职大,423596,02,不限,402,49276,https://www.shmeea.edu.cn/download/20250719/186.pdf
2025,综合,325,山西工程,32501,01,,428,43622,https://www.shmeea.edu.cn/download/20250719/186.pdf
2025,综合,328,内蒙大学,423573,01,不限,514,20273,https://www.shmeea.edu.cn/download/20250719/186.pdf
2025,综合,328,内蒙大学,423584,02,物、化、生(3科必选),508,21944,https://www.shmeea.edu.cn/download/20250719/186.pdf
2025,综合,328,内蒙大学,423585,03,史、政、地(3科必选),509,21654,https://www.shmeea.edu.cn/download/20250719/186.pdf
2025,综合,328,内蒙大学,32804,04,,504,23089,https://www.shmeea.edu.cn/download/20250719/186.pdf
2025,综合,328,内蒙大学,32805,05,,517,19421,https://www.shmeea.edu.cn/download/20250719/186.pdf
2025,综合,208,大连民族大学,423323,01,不限,440,40711,https://www.shmeea.edu.cn/download/20250719/186.pdf
2025,综合,33,大连海事大学,422879,01,物理、化学(2科必选),544,12020,https://www.shmeea.edu.cn/download/20250719/186.pdf
2025,综合,33,大连海事大学,422892,02,不限,537,13876,https://www.shmeea.edu.cn/download/20250719/186.pdf
2025,综合,138,大连理工大学,423156,01,物理、化学(2科必选),580,4096,https://www.shmeea.edu.cn/download/20250719/186.pdf
2025,综合,134,东北大学,423158,01,物理、化学(2科必选),575,5016,https://www.shmeea.edu.cn/download/20250719/186.pdf
2025,综合,335,理工盘锦,423600,01,不限,569,6182,https://www.shmeea.edu.cn/download/20250719/186.pdf
2025,综合,50,辽宁大学,422937,01,不限,509,21654,https://www.shmeea.edu.cn/download/20250719/186.pdf
2025,综合,50,辽宁大学,422946,02,不限,507,22221,https://www.shmeea.edu.cn/download/20250719/186.pdf
2025,综合,227,沈阳工业大学,423353,01,不限,444,39679,https://www.shmeea.edu.cn/download/20250719/186.pdf
2025,综合,227,沈阳工业大学,423349,02,物理必选,441,40472,https://www.shmeea.edu.cn/download/20250719/186.pdf
2025,综合,227,沈阳工业大学,423350,03,物理、化学(2科必选),488,27683,https://www.shmeea.edu.cn/download/20250719/186.pdf
2025,综合,338,沈阳航空,33801,01,,499,24524,https://www.shmeea.edu.cn/download/20250719/186.pdf
2025,综合,217,沈阳理工大学,423334,01,不限,440,40711,https://www.shmeea.edu.cn/download/20250719/186.pdf
2025,综合,217,沈阳理工大学,423333,02,物理必选,442,40203,https://www.shmeea.edu.cn/download/20250719/186.pdf
2025,综合,217,沈阳理工大学,423327,03,物理、化学(2科必选),435,41932,https://www.shmeea.edu.cn/download/20250719/186.pdf
2025,综合,222,辽宁科技大学,423346,01,物理、化学(2科必选),430,43131,https://www.shmeea.edu.cn/download/20250719/186.pdf
2025,综合,341,辽宁工程,34101,01,,435,41932,https://www.shmeea.edu.cn/download/20250719/186.pdf
2025,综合,341,辽宁工程,34102,02,,427,43830,https://www.shmeea.edu.cn/download/20250719/186.pdf
2025,综合,1692,辽宁石化职业技术学院,34201,01,,430,43131,https://www.shmeea.edu.cn/download/20250719/186.pdf
2025,综合,215,沈阳化工大学,423330,01,物理、化学(2科必选),431,42899,https://www.shmeea.edu.cn/download/20250719/186.pdf
2025,综合,220,大连交通大学,423355,01,不限,443,39958,https://www.shmeea.edu.cn/download/20250719/186.pdf
2025,综合,220,大连交通大学,423343,02,物理、化学(2科必选),455,36838,https://www.shmeea.edu.cn/download/20250719/186.pdf
2025,综合,212,沈阳建筑大学,423340,01,物理必选,469,33044,https://www.shmeea.edu.cn/download/20250719/186.pdf
2025,综合,212,沈阳建筑大学,423328,02,物理、化学(2科必选),431,42899,https://www.shmeea.edu.cn/download/20250719/186.pdf
2025,综合,212,沈阳建筑大学,423331,03,物理必选,430,43131,https://www.shmeea.edu.cn/download/20250719/186.pdf
2025,综合,228,沈阳农业大学,423344,01,物理、化学(2科必选),429,43379,https://www.shmeea.edu.cn/download/20250719/186.pdf
2025,综合,210,大连海洋大学,423337,01,物理、化学(2科必选),437,41436,https://www.shmeea.edu.cn/download/20250719/186.pdf
2025,综合,210,大连海洋大学,423335,02,不限,446,39191,https://www.shmeea.edu.cn/download/20250719/186.pdf
2025,综合,210,大连海洋大学,423338,03,不限,444,39679,https://www.shmeea.edu.cn/download/20250719/186.pdf
2025,综合,230,中国医科大学,423367,01,物理、化学(2科必选),533,14978,https://www.shmeea.edu.cn/download/20250719/186.pdf
2025,综合,207,锦州医科大学,423325,01,物理、化学(2科必选),502,23673,https://www.shmeea.edu.cn/download/20250719/186.pdf
2025,综合,207,锦州医科大学,423320,02,物理、化学(2科必选),431,42899,https://www.shmeea.edu.cn/download/20250719/186.pdf
2025,综合,207,锦州医科大学,423321,03,物理、化学(2科必选),474,31654,https://www.shmeea.edu.cn/download/20250719/186.pdf
2025,综合,219,大连医科大学,423339,01,物理、化学(2科必选),539,13322,https://www.shmeea.edu.cn/download/20250719/186.pdf
2025,综合,219,大连医科大学,423332,02,物理、化学(2科必选),558,8579,https://www.shmeea.edu.cn/download/20250719/186.pdf
2025,综合,219,大连医科大学,423341,03,物理、化学(2科必选),551,10254,https://www.shmeea.edu.cn/download/20250719/186.pdf
2025,综合,352,沈阳药大,423638,01,物理必选,531,15514,https://www.shmeea.edu.cn/download/20250719/186.pdf
2025,综合,225,辽宁师范大学,423356,01,物理、化学(2科必选),455,36838,https://www.shmeea.edu.cn/download/20250719/186.pdf
2025,综合,229,东北财经大学,423352,01,不限,526,16940,https://www.shmeea.edu.cn/download/20250719/186.pdf
2025,综合,355,辽宁外贸,35501,01,,409,47844,https://www.shmeea.edu.cn/download/20250719/186.pdf
2025,综合,218,大连大学,423336,01,不限,467,33627,https://www.shmeea.edu.cn/download/20250719/186.pdf
2025,综合,218,大连大学,423329,02,物理、化学(2科必选),435,41932,https://www.shmeea.edu.cn/download/20250719/186.pdf
2025,综合,1041,沈阳工程学院,424098,01,物理、化学(2科必选),433,42400,https://www.shmeea.edu.cn/download/20250719/186.pdf
2025,综合,358,理大城市,35801,01,,403,49069,https://www.shmeea.edu.cn/download/20250719/186.pdf
2025,综合,358,理大城市,35802,02,,417,46139,https://www.shmeea.edu.cn/download/20250719/186.pdf
2025,综合,1549,大连财经学院,424224,01,不限,412,47200,https://www.shmeea.edu.cn/download/20250719/186.pdf
2025,综合,1549,大连财经学院,424227,02,物理必选,404,48868,https://www.shmeea.edu.cn/download/20250719/186.pdf
2025,综合,2346,辽宁何氏医学院,424286,01,物理、化学(2科必选),402,49276,https://www.shmeea.edu.cn/download/20250719/186.pdf
2025,综合,361,大连东软,423641,01,不限,412,47200,https://www.shmeea.edu.cn/download/20250719/186.pdf
2025,综合,205,辽宁中医药大学,423324,01,不限,517,19421,https://www.shmeea.edu.cn/download/20250719/186.pdf
2025,综合,122,吉林大学,423130,01,不限,574,5214,https://www.shmeea.edu.cn/download/20250719/186.pdf
2025,综合,122,吉林大学,423135,02,历史必选,561,7891,https://www.shmeea.edu.cn/download/20250719/186.pdf
2025,综合,122,吉林大学,423115,03,物理、化学(2科必选),570,6004,https://www.shmeea.edu.cn/download/20250719/186.pdf
2025,综合,142,东北师范大学,423172,01,不限,531,15514,https://www.shmeea.edu.cn/download/20250719/186.pdf
2025,综合,142,东北师范大学,423183,02,物理、化学(2科必选),539,13322,https://www.shmeea.edu.cn/download/20250719/186.pdf
2025,综合,129,延边大学,423138,01,不限,492,26498,https://www.shmeea.edu.cn/download/20250719/186.pdf
2025,综合,129,延边大学,423113,02,物理、化学(2科必选),490,27085,https://www.shmeea.edu.cn/download/20250719/186.pdf
2025,综合,379,长春理工大学,423659,01,不限,442,40203,https://www.shmeea.edu.cn/download/20250719/186.pdf
2025,综合,379,长春理工大学,423657,02,不限,445,39429,https://www.shmeea.edu.cn/download/20250719/186.pdf
2025,综合,379,长春理工大学,423661,03,物理必选,452,37654,https://www.shmeea.edu.cn/download/20250719/186.pdf
2025,综合,379,长春理工大学,423660,04,物理、化学(2科必选),501,23963,https://www.shmeea.edu.cn/download/20250719/186.pdf
2025,综合,379,长春理工大学,423656,05,物理、化学(2科必选),506,22512,https://www.shmeea.edu.cn/download/20250719/186.pdf
2025,综合,393,东北电力大学,423682,01,物理、化学(2科必选),516,19710,https://www.shmeea.edu.cn/download/20250719/186.pdf
2025,综合,381,长春工业大学,423669,01,不限,428,43622,https://www.shmeea.edu.cn/download/20250719/186.pdf
2025,综合,381,长春工业大学,423670,02,物理必选,432,42668,https://www.shmeea.edu.cn/download/20250719/186.pdf
2025,综合,381,长春工业大学,423666,03,物理、化学(2科必选),428,43622,https://www.shmeea.edu.cn/download/20250719/186.pdf
2025,综合,374,北华大学,423662,01,不限,435,41932,https://www.shmeea.edu.cn/download/20250719/186.pdf
2025,综合,374,北华大学,423663,02,物理、化学(2科必选),437,41436,https://www.shmeea.edu.cn/download/20250719/186.pdf
2025,综合,390,吉林师范大学,423692,01,不限,452,37654,https://www.shmeea.edu.cn/download/20250719/186.pdf
2025,综合,390,吉林师范大学,423695,02,不限,431,42899,https://www.shmeea.edu.cn/download/20250719/186.pdf
2025,综合,390,吉林师范大学,423696,03,不限,440,40711,https://www.shmeea.edu.cn/download/20250719/186.pdf
2025,综合,390,吉林师范大学,423698,04,物理、化学(2科必选),432,42668,https://www.shmeea.edu.cn/download/20250719/186.pdf
2025,综合,412,吉林财经大学,423718,01,不限,451,37914,https://www.shmeea.edu.cn/download/20250719/186.pdf
2025,综合,412,吉林财经大学,423721,02,物理、化学(2科必选),432,42668,https://www.shmeea.edu.cn/download/20250719/186.pdf
2025,综合,2314,长春财经学院,424282,01,不限,402,49276,https://www.shmeea.edu.cn/download/20250719/186.pdf
2025,综合,1409,长春建筑学院,424206,01,不限,402,49276,https://www.shmeea.edu.cn/download/20250719/186.pdf
2025,综合,394,长春工程学院,423691,01,不限,425,44325,https://www.shmeea.edu.cn/download/20250719/186.pdf
2025,综合,394,长春工程学院,423683,02,物理、化学(2科必选),430,43131,https://www.shmeea.edu.cn/download/20250719/186.pdf
2025,综合,1604,吉林工商学院,424233,01,不限,427,43830,https://www.shmeea.edu.cn/download/20250719/186.pdf
2025,综合,1604,吉林工商学院,424234,02,物理、化学(2科必选),429,43379,https://www.shmeea.edu.cn/download/20250719/186.pdf
2025,综合,404,长春中医药大学,423711,01,不限,502,23673,https://www.shmeea.edu.cn/download/20250719/186.pdf
2025,综合,404,长春中医药大学,423709,02,物理、化学(2科必选),443,39958,https://www.shmeea.edu.cn/download/20250719/186.pdf
2025,综合,1291,吉林艺术学院,424181,01,不限,421,45226,https://www.shmeea.edu.cn/download/20250719/186.pdf
2025,综合,1291,吉林艺术学院,424180,02,不限,423,44773,https://www.shmeea.edu.cn/download/20250719/186.pdf
2025,综合,419,东北林业大学,423723,01,物理、化学(2科必选),529,16109,https://www.shmeea.edu.cn/download/20250719/186.pdf
2025,综合,419,东北林业大学,423722,02,不限,503,23377,https://www.shmeea.edu.cn/download/20250719/186.pdf
2025,综合,34,哈尔滨工业大学,422900,01,物理、化学(2科必选),580,4096,https://www.shmeea.edu.cn/download/20250719/186.pdf
2025,综合,34,哈尔滨工业大学,422872,02,物理、化学(2科必选),580,4096,https://www.shmeea.edu.cn/download/20250719/186.pdf
2025,综合,124,哈尔滨工程大学,423119,01,物理、化学(2科必选),572,5610,https://www.shmeea.edu.cn/download/20250719/186.pdf
2025,综合,124,哈尔滨工程大学,423126,02,物理、化学(2科必选),573,5410,https://www.shmeea.edu.cn/download/20250719/186.pdf
2025,综合,124,哈尔滨工程大学,423137,03,物理、化学(2科必选),573,5410,https://www.shmeea.edu.cn/download/20250719/186.pdf
2025,综合,124,哈尔滨工程大学,423136,04,物理、化学(2科必选),571,5815,https://www.shmeea.edu.cn/download/20250719/186.pdf
2025,综合,124,哈尔滨工程大学,423132,05,物理、化学(2科必选),573,5410,https://www.shmeea.edu.cn/download/20250719/186.pdf
2025,综合,394,黑龙江大,423691,01,不限,438,41209,https://www.shmeea.edu.cn/download/20250719/186.pdf
2025,综合,394,黑龙江大,423683,02,物理、化学(2科必选),454,37099,https://www.shmeea.edu.cn/download/20250719/186.pdf
2025,综合,394,黑龙江大,39403,03,,434,42167,https://www.shmeea.edu.cn/download/20250719/186.pdf
2025,综合,395,哈理工,39501,01,,440,40711,https://www.shmeea.edu.cn/download/20250719/186.pdf
2025,综合,396,黑科大,423687,01,不限,427,43830,https://www.shmeea.edu.cn/download/20250719/186.pdf
2025,综合,446,东北石油大学,423770,01,不限,433,42400,https://www.shmeea.edu.cn/download/20250719/186.pdf
2025,综合,446,东北石油大学,423771,02,物理、化学(2科必选),430,43131,https://www.shmeea.edu.cn/download/20250719/186.pdf
2025,综合,398,佳木斯大,423681,01,不限,471,32490,https://www.shmeea.edu.cn/download/20250719/186.pdf
2025,综合,137,东北农业大学,423164,01,不限,527,16655,https://www.shmeea.edu.cn/download/20250719/186.pdf
2025,综合,137,东北农业大学,423169,02,物理、化学(2科必选),520,18580,https://www.shmeea.edu.cn/download/20250719/186.pdf
2025,综合,137,东北农业大学,423160,03,不限,475,31381,https://www.shmeea.edu.cn/download/20250719/186.pdf
2025,综合,400,哈医大,40001,01,,514,20273,https://www.shmeea.edu.cn/download/20250719/186.pdf
2025,综合,400,哈医大,40002,02,,518,19117,https://www.shmeea.edu.cn/download/20250719/186.pdf
2025,综合,400,哈医大,40003,03,,504,23089,https://www.shmeea.edu.cn/download/20250719/186.pdf
2025,综合,400,哈医大,40004,04,,502,23673,https://www.shmeea.edu.cn/download/20250719/186.pdf
2025,综合,400,哈医大,40005,05,,482,29358,https://www.shmeea.edu.cn/download/20250719/186.pdf
2025,综合,400,哈医大,40006,06,,453,37376,https://www.shmeea.edu.cn/download/20250719/186.pdf
2025,综合,401,哈师大,40101,01,,435,41932,https://www.shmeea.edu.cn/download/20250719/186.pdf
2025,综合,401,哈师大,40102,02,,415,46550,https://www.shmeea.edu.cn/download/20250719/186.pdf
2025,综合,401,哈师大,40103,03,,476,31096,https://www.shmeea.edu.cn/download/20250719/186.pdf
2025,综合,402,齐齐哈尔,423708,01,不限,424,44546,https://www.shmeea.edu.cn/download/20250719/186.pdf
2025,综合,402,齐齐哈尔,423703,02,物理、化学(2科必选),432,42668,https://www.shmeea.edu.cn/download/20250719/186.pdf
2025,综合,402,齐齐哈尔,423705,03,物理、化学(2科必选),424,44546,https://www.shmeea.edu.cn/download/20250719/186.pdf
2025,综合,403,哈商大,423707,01,不限,433,42400,https://www.shmeea.edu.cn/download/20250719/186.pdf
2025,综合,403,哈商大,423710,02,物理、化学(2科必选),424,44546,https://www.shmeea.edu.cn/download/20250719/186.pdf
2025,综合,404,哈金融,423711,01,不限,424,44546,https://www.shmeea.edu.cn/download/20250719/186.pdf
2025,综合,404,哈金融,423709,02,物理、化学(2科必选),421,45226,https://www.shmeea.edu.cn/download/20250719/186.pdf
2025,综合,405,齐医学院,40501,01,,442,40203,https://www.shmeea.edu.cn/download/20250719/186.pdf
2025,综合,405,齐医学院,40502,02,,442,40203,https://www.shmeea.edu.cn/download/20250719/186.pdf
2025,综合,405,齐医学院,40503,03,,423,44773,https://www.shmeea.edu.cn/download/20250719/186.pdf
2025,综合,405,齐医学院,40504,04,,442,40203,https://www.shmeea.edu.cn/download/20250719/186.pdf
2025,综合,405,齐医学院,40505,05,,431,42899,https://www.shmeea.edu.cn/download/20250719/186.pdf
2025,综合,406,黑外国语,423704,01,不限,410,47630,https://www.shmeea.edu.cn/download/20250719/186.pdf
2025,综合,111,南京大学,423081,01,物理、化学(2科必选),580,4096,https://www.shmeea.edu.cn/download/20250719/186.pdf
2025,综合,109,东南大学,423050,01,物理、化学(2科必选),580,4096,https://www.shmeea.edu.cn/download/20250719/186.pdf
2025,综合,423,中国矿大,423735,01,不限,541,12796,https://www.shmeea.edu.cn/download/20250719/186.pdf
2025,综合,423,中国矿大,423749,02,物理、化学(2科必选),550,10506,https://www.shmeea.edu.cn/download/20250719/186.pdf
2025,综合,423,中国矿大,42303,03,,553,9779,https://www.shmeea.edu.cn/download/20250719/186.pdf
2025,综合,116,河海大学,423090,01,不限,543,12291,https://www.shmeea.edu.cn/download/20250719/186.pdf
2025,综合,116,河海大学,423103,02,物理必选,546,11525,https://www.shmeea.edu.cn/download/20250719/186.pdf
2025,综合,116,河海大学,423077,03,物理、化学(2科必选),552,10002,https://www.shmeea.edu.cn/download/20250719/186.pdf
2025,综合,86,江南大学,422999,01,不限,547,11283,https://www.shmeea.edu.cn/download/20250719/186.pdf
2025,综合,86,江南大学,423001,02,不限,544,12020,https://www.shmeea.edu.cn/download/20250719/186.pdf
2025,综合,86,江南大学,423020,03,思想政治必选,553,9779,https://www.shmeea.edu.cn/download/20250719/186.pdf
2025,综合,86,江南大学,422995,04,物理必选,549,10761,https://www.shmeea.edu.cn/download/20250719/186.pdf
2025,综合,86,江南大学,423002,05,物理、化学(2科必选),553,9779,https://www.shmeea.edu.cn/download/20250719/186.pdf
2025,综合,86,江南大学,423024,06,物理、化学(2科必选),552,10002,https://www.shmeea.edu.cn/download/20250719/186.pdf
2025,综合,86,江南大学,423019,07,物理、化学(2科必选),559,8336,https://www.shmeea.edu.cn/download/20250719/186.pdf
2025,综合,86,江南大学,422998,08,物理、化学(2科必选),556,9039,https://www.shmeea.edu.cn/download/20250719/186.pdf
2025,综合,86,江南大学,423025,09,物理、化学(2科必选),552,10002,https://www.shmeea.edu.cn/download/20250719/186.pdf
2025,综合,86,江南大学,423029,10,物理、化学(2科必选),555,9302,https://www.shmeea.edu.cn/download/20250719/186.pdf
2025,综合,86,江南大学,423003,11,物理、化学(2科必选),558,8579,https://www.shmeea.edu.cn/download/20250719/186.pdf
2025,综合,113,南京农业大学,423076,01,不限,537,13876,https://www.shmeea.edu.cn/download/20250719/186.pdf
2025,综合,113,南京农业大学,423106,02,物理必选,544,12020,https://www.shmeea.edu.cn/download/20250719/186.pdf
2025,综合,113,南京农业大学,423087,03,物理、化学(2科必选),538,13615,https://www.shmeea.edu.cn/download/20250719/186.pdf
2025,综合,117,中国药科大学,423088,01,物理、化学(2科必选),580,4096,https://www.shmeea.edu.cn/download/20250719/186.pdf
2025,综合,117,中国药科大学,423094,02,物理、化学(2科必选),559,8336,https://www.shmeea.edu.cn/download/20250719/186.pdf
2025,综合,428,人大苏州,423755,01,不限,580,4096,https://www.shmeea.edu.cn/download/20250719/186.pdf
2025,综合,429,南京航大,423734,01,物、化、生(3科必选),578,4467,https://www.shmeea.edu.cn/download/20250719/186.pdf
2025,综合,112,南京理工大学,423102,01,物理、化学(2科必选),575,5016,https://www.shmeea.edu.cn/download/20250719/186.pdf
2025,综合,112,南京理工大学,423097,02,物理必选,544,12020,https://www.shmeea.edu.cn/download/20250719/186.pdf
2025,综合,118,苏州大学,423085,01,不限,556,9039,https://www.shmeea.edu.cn/download/20250719/186.pdf
2025,综合,118,苏州大学,423084,02,物理、化学(2科必选),561,7891,https://www.shmeea.edu.cn/download/20250719/186.pdf
2025,综合,118,苏州大学,423086,03,物理、化学(2科必选),572,5610,https://www.shmeea.edu.cn/download/20250719/186.pdf
2025,综合,118,苏州大学,423104,04,史、政、地(3科必选),569,6182,https://www.shmeea.edu.cn/download/20250719/186.pdf
2025,综合,161,江苏科技大学,423232,01,不限,481,29641,https://www.shmeea.edu.cn/download/20250719/186.pdf
2025,综合,161,江苏科技大学,423203,02,物理、化学(2科必选),490,27085,https://www.shmeea.edu.cn/download/20250719/186.pdf
2025,综合,171,南京工业大学,423241,01,不限,494,25917,https://www.shmeea.edu.cn/download/20250719/186.pdf
2025,综合,171,南京工业大学,423273,02,物理必选,512,20807,https://www.shmeea.edu.cn/download/20250719/186.pdf
2025,综合,171,南京工业大学,423262,03,物理、化学(2科必选),525,17222,https://www.shmeea.edu.cn/download/20250719/186.pdf
2025,综合,156,常州大学,423194,01,不限,477,30789,https://www.shmeea.edu.cn/download/20250719/186.pdf
2025,综合,156,常州大学,423186,02,物理、化学(2科必选),477,30789,https://www.shmeea.edu.cn/download/20250719/186.pdf
2025,综合,160,南京邮电大学,423215,01,物理、化学(2科必选),559,8336,https://www.shmeea.edu.cn/download/20250719/186.pdf
2025,综合,169,南京林业大学,423207,01,不限,504,23089,https://www.shmeea.edu.cn/download/20250719/186.pdf
2025,综合,169,南京林业大学,423229,02,物理必选,519,18844,https://www.shmeea.edu.cn/download/20250719/186.pdf
2025,综合,169,南京林业大学,423210,03,生物必选,529,16109,https://www.shmeea.edu.cn/download/20250719/186.pdf
2025,综合,169,南京林业大学,423218,04,物理、化学(2科必选),517,19421,https://www.shmeea.edu.cn/download/20250719/186.pdf
2025,综合,170,江苏大学,423243,01,不限,501,23963,https://www.shmeea.edu.cn/download/20250719/186.pdf
2025,综合,170,江苏大学,423239,02,物理、化学(2科必选),533,14978,https://www.shmeea.edu.cn/download/20250719/186.pdf
2025,综合,1376,南京信息职业技术学院,43801,01,,551,10254,https://www.shmeea.edu.cn/download/20250719/186.pdf
2025,综合,787,南通大学,424017,01,不限,477,30789,https://www.shmeea.edu.cn/download/20250719/186.pdf
2025,综合,787,南通大学,424015,02,物理、化学(2科必选),509,21654,https://www.shmeea.edu.cn/download/20250719/186.pdf
2025,综合,440,盐城工院,44001,01,,438,41209,https://www.shmeea.edu.cn/download/20250719/186.pdf
2025,综合,168,南京医科大学,423223,01,物理、化学(2科必选),558,8579,https://www.shmeea.edu.cn/download/20250719/186.pdf
2025,综合,168,南京医科大学,423206,02,物理、化学(2科必选),518,19117,https://www.shmeea.edu.cn/download/20250719/186.pdf
2025,综合,168,南京医科大学,423216,03,不限,532,15236,https://www.shmeea.edu.cn/download/20250719/186.pdf
2025,综合,162,南京中医药大学,423233,01,不限,549,10761,https://www.shmeea.edu.cn/download/20250719/186.pdf
2025,综合,162,南京中医药大学,423225,02,不限,519,18844,https://www.shmeea.edu.cn/download/20250719/186.pdf
2025,综合,162,南京中医药大学,423211,03,物理、化学(2科必选),521,18317,https://www.shmeea.edu.cn/download/20250719/186.pdf
2025,综合,115,南京师范大学,423091,01,不限,554,9550,https://www.shmeea.edu.cn/download/20250719/186.pdf
2025,综合,115,南京师范大学,423101,02,历史必选,562,7663,https://www.shmeea.edu.cn/download/20250719/186.pdf
2025,综合,115,南京师范大学,423100,03,物理、化学(2科必选),548,11041,https://www.shmeea.edu.cn/download/20250719/186.pdf
2025,综合,1064,淮阴师范学院,424113,01,不限,448,38707,https://www.shmeea.edu.cn/download/20250719/186.pdf
2025,综合,153,盐城师范学院,423190,01,不限,453,37376,https://www.shmeea.edu.cn/download/20250719/186.pdf
2025,综合,153,盐城师范学院,423187,02,物理、化学(2科必选),492,26498,https://www.shmeea.edu.cn/download/20250719/186.pdf
2025,综合,164,南京财经大学,423205,01,不限,496,25365,https://www.shmeea.edu.cn/download/20250719/186.pdf
2025,综合,164,南京财经大学,423230,02,物理必选,496,25365,https://www.shmeea.edu.cn/download/20250719/186.pdf
2025,综合,163,苏州科技大学,423219,01,不限,484,28826,https://www.shmeea.edu.cn/download/20250719/186.pdf
2025,综合,163,苏州科技大学,423212,02,物理、化学(2科必选),472,32224,https://www.shmeea.edu.cn/download/20250719/186.pdf
2025,综合,449,苏州工院,44901,01,,453,37376,https://www.shmeea.edu.cn/download/20250719/186.pdf
2025,综合,1048,金陵科技学院,424097,01,不限,454,37099,https://www.shmeea.edu.cn/download/20250719/186.pdf
2025,综合,1048,金陵科技学院,424099,02,物理、化学(2科必选),440,40711,https://www.shmeea.edu.cn/download/20250719/186.pdf
2025,综合,1049,徐州工程学院,424096,01,不限,456,36580,https://www.shmeea.edu.cn/download/20250719/186.pdf
2025,综合,1049,徐州工程学院,424101,02,物理必选,439,40963,https://www.shmeea.edu.cn/download/20250719/186.pdf
2025,综合,1049,徐州工程学院,424100,03,物理、化学(2科必选),441,40472,https://www.shmeea.edu.cn/download/20250719/186.pdf
2025,综合,452,常州工院,45201,01,,450,38181,https://www.shmeea.edu.cn/download/20250719/186.pdf
2025,综合,173,扬州大学,423246,01,不限,507,22221,https://www.shmeea.edu.cn/download/20250719/186.pdf
2025,综合,173,扬州大学,423244,02,物理、化学(2科必选),516,19710,https://www.shmeea.edu.cn/download/20250719/186.pdf
2025,综合,146,南京工程学院,423178,01,物理、化学(2科必选),470,32768,https://www.shmeea.edu.cn/download/20250719/186.pdf
2025,综合,146,南京工程学院,423174,02,物理必选,452,37654,https://www.shmeea.edu.cn/download/20250719/186.pdf
2025,综合,146,南京工程学院,423170,03,不限,471,32490,https://www.shmeea.edu.cn/download/20250719/186.pdf
2025,综合,151,南京审计大学,423191,01,不限,510,21367,https://www.shmeea.edu.cn/download/20250719/186.pdf
2025,综合,151,南京审计大学,423202,02,物理必选,522,18065,https://www.shmeea.edu.cn/download/20250719/186.pdf
2025,综合,150,江苏理工学院,423197,01,不限,459,35786,https://www.shmeea.edu.cn/download/20250719/186.pdf
2025,综合,150,江苏理工学院,423201,02,物理、化学(2科必选),442,40203,https://www.shmeea.edu.cn/download/20250719/186.pdf
2025,综合,457,江苏海大,45701,01,,458,36057,https://www.shmeea.edu.cn/download/20250719/186.pdf
2025,综合,457,江苏海大,45702,02,,438,41209,https://www.shmeea.edu.cn/download/20250719/186.pdf
2025,综合,458,南京特师,423781,01,物理、化学(2科必选),461,35266,https://www.shmeea.edu.cn/download/20250719/186.pdf
2025,综合,458,南京特师,423773,02,不限,435,41932,https://www.shmeea.edu.cn/download/20250719/186.pdf
2025,综合,458,南京特师,423782,03,物理、化学(2科必选),435,41932,https://www.shmeea.edu.cn/download/20250719/186.pdf
2025,综合,1544,南通理工学院,424226,01,不限,415,46550,https://www.shmeea.edu.cn/download/20250719/186.pdf
2025,综合,1544,南通理工学院,424225,02,物理必选,413,46964,https://www.shmeea.edu.cn/download/20250719/186.pdf
2025,综合,460,东南成贤,423797,01,不限,441,40472,https://www.shmeea.edu.cn/download/20250719/186.pdf
2025,综合,460,东南成贤,46002,02,,424,44546,https://www.shmeea.edu.cn/download/20250719/186.pdf
2025,综合,461,太湖学院,46101,01,,416,46346,https://www.shmeea.edu.cn/download/20250719/186.pdf
2025,综合,462,南理紫金,423803,01,物理、化学(2科必选),438,41209,https://www.shmeea.edu.cn/download/20250719/186.pdf
2025,综合,462,南理紫金,423804,02,物理、化学(2科必选),432,42668,https://www.shmeea.edu.cn/download/20250719/186.pdf
2025,综合,463,南航金城,423806,01,物理、化学(2科必选),425,44325,https://www.shmeea.edu.cn/download/20250719/186.pdf
2025,综合,463,南航金城,423798,02,物理、化学(2科必选),433,42400,https://www.shmeea.edu.cn/download/20250719/186.pdf
2025,综合,2543,南京传媒学院,424362,01,不限,435,41932,https://www.shmeea.edu.cn/download/20250719/186.pdf
2025,综合,465,南师泰州,423793,01,不限,421,45226,https://www.shmeea.edu.cn/download/20250719/186.pdf
2025,综合,465,南师泰州,423792,02,不限,415,46550,https://www.shmeea.edu.cn/download/20250719/186.pdf
2025,综合,466,南工浦江,423791,01,不限,418,45887,https://www.shmeea.edu.cn/download/20250719/186.pdf
2025,综合,466,南工浦江,423808,02,物理、化学(2科必选),417,46139,https://www.shmeea.edu.cn/download/20250719/186.pdf
2025,综合,466,南工浦江,423794,03,物理、化学(2科必选),415,46550,https://www.shmeea.edu.cn/download/20250719/186.pdf
2025,综合,466,南工浦江,423789,04,物理、化学(2科必选),419,45675,https://www.shmeea.edu.cn/download/20250719/186.pdf
2025,综合,467,南医康达,46701,01,,445,39429,https://www.shmeea.edu.cn/download/20250719/186.pdf
2025,综合,467,南医康达,46702,02,,421,45226,https://www.shmeea.edu.cn/download/20250719/186.pdf
2025,综合,1403,无锡学院,424203,01,物理、化学(2科必选),443,39958,https://www.shmeea.edu.cn/download/20250719/186.pdf
2025,综合,1403,无锡学院,424201,02,物理必选,442,40203,https://www.shmeea.edu.cn/download/20250719/186.pdf
2025,综合,1403,无锡学院,424205,03,不限,470,32768,https://www.shmeea.edu.cn/download/20250719/186.pdf
2025,综合,470,苏州城院,47001,01,,453,37376,https://www.shmeea.edu.cn/download/20250719/186.pdf
2025,综合,470,苏州城院,47002,02,,439,40963,https://www.shmeea.edu.cn/download/20250719/186.pdf
2025,综合,471,苏大应用,423811,01,不限,427,43830,https://www.shmeea.edu.cn/download/20250719/186.pdf
2025,综合,473,江大京江,47301,01,,429,43379,https://www.shmeea.edu.cn/download/20250719/186.pdf
2025,综合,474,南邮通达,423813,01,不限,428,43622,https://www.shmeea.edu.cn/download/20250719/186.pdf
2025,综合,475,江科苏理,423815,01,不限,434,42167,https://www.shmeea.edu.cn/download/20250719/186.pdf
2025,综合,475,江科苏理,423809,02,物理、化学(2科必选),429,43379,https://www.shmeea.edu.cn/download/20250719/186.pdf
2025,综合,476,南通杏林,47601,01,,413,46964,https://www.shmeea.edu.cn/download/20250719/186.pdf
2025,综合,476,南通杏林,47602,02,,415,46550,https://www.shmeea.edu.cn/download/20250719/186.pdf
2025,综合,477,南审金审,47701,01,,433,42400,https://www.shmeea.edu.cn/download/20250719/186.pdf
2025,综合,477,南审金审,47702,02,,429,43379,https://www.shmeea.edu.cn/download/20250719/186.pdf
2025,综合,477,南审金审,47703,03,,423,44773,https://www.shmeea.edu.cn/download/20250719/186.pdf
2025,综合,478,西浦大学,47801,01,,547,11283,https://www.shmeea.edu.cn/download/20250719/186.pdf
2025,综合,478,西浦大学,47802,02,,547,11283,https://www.shmeea.edu.cn/download/20250719/186.pdf
2025,综合,478,西浦大学,47803,03,,549,10761,https://www.shmeea.edu.cn/download/20250719/186.pdf
2025,综合,158,徐州医科大学,423196,01,物理、化学(2科必选),527,16655,https://www.shmeea.edu.cn/download/20250719/186.pdf
2025,综合,149,南京艺术学院,423177,01,不限,500,24251,https://www.shmeea.edu.cn/download/20250719/186.pdf
2025,综合,149,南京艺术学院,423184,02,物理、化学(2科必选),508,21944,https://www.shmeea.edu.cn/download/20250719/186.pdf
2025,综合,147,南京晓庄学院,423175,01,不限,457,36333,https://www.shmeea.edu.cn/download/20250719/186.pdf
2025,综合,1170,宿迁学院,424149,01,不限,451,37914,https://www.shmeea.edu.cn/download/20250719/186.pdf
2025,综合,1170,宿迁学院,424148,02,物理、化学(2科必选),438,41209,https://www.shmeea.edu.cn/download/20250719/186.pdf
2025,综合,114,浙江大学,423098,01,不限,580,4096,https://www.shmeea.edu.cn/download/20250719/186.pdf
2025,综合,114,浙江大学,423092,02,物理、化学(2科必选),580,4096,https://www.shmeea.edu.cn/download/20250719/186.pdf
2025,综合,492,杭州电子,49201,01,,494,25917,https://www.shmeea.edu.cn/download/20250719/186.pdf
2025,综合,492,杭州电子,49202,02,,544,12020,https://www.shmeea.edu.cn/download/20250719/186.pdf
2025,综合,492,杭州电子,49203,03,,550,10506,https://www.shmeea.edu.cn/download/20250719/186.pdf
2025,综合,242,浙江工业大学,423394,01,物理、化学(2科必选),543,12291,https://www.shmeea.edu.cn/download/20250719/186.pdf
2025,综合,242,浙江工业大学,423381,02,不限,523,17799,https://www.shmeea.edu.cn/download/20250719/186.pdf
2025,综合,242,浙江工业大学,423393,03,不限,521,18317,https://www.shmeea.edu.cn/download/20250719/186.pdf
2025,综合,243,浙江理工大学,423392,01,不限,496,25365,https://www.shmeea.edu.cn/download/20250719/186.pdf
2025,综合,243,浙江理工大学,423391,02,物理、化学(2科必选),501,23963,https://www.shmeea.edu.cn/download/20250719/186.pdf
2025,综合,248,浙江海洋大学,423384,01,物理、化学(2科必选),450,38181,https://www.shmeea.edu.cn/download/20250719/186.pdf
2025,综合,249,浙江农林大学,423386,01,不限,490,27085,https://www.shmeea.edu.cn/download/20250719/186.pdf
2025,综合,249,浙江农林大学,423380,02,物理、化学(2科必选),485,28531,https://www.shmeea.edu.cn/download/20250719/186.pdf
2025,综合,251,温州医科大学,423404,01,物理、化学(2科必选),533,14978,https://www.shmeea.edu.cn/download/20250719/186.pdf
2025,综合,241,浙江师范大学,423399,01,不限,506,22512,https://www.shmeea.edu.cn/download/20250719/186.pdf
2025,综合,241,浙江师范大学,423401,02,不限,512,20807,https://www.shmeea.edu.cn/download/20250719/186.pdf
2025,综合,241,浙江师范大学,423396,03,不限,490,27085,https://www.shmeea.edu.cn/download/20250719/186.pdf
2025,综合,241,浙江师范大学,423397,04,物理必选,501,23963,https://www.shmeea.edu.cn/download/20250719/186.pdf
2025,综合,241,浙江师范大学,423385,05,物理、化学(2科必选),506,22512,https://www.shmeea.edu.cn/download/20250719/186.pdf
2025,综合,241,浙江师范大学,423387,06,物理、化学(2科必选),477,30789,https://www.shmeea.edu.cn/download/20250719/186.pdf
2025,综合,252,杭州师范大学,423408,01,物理、化学(2科必选),484,28826,https://www.shmeea.edu.cn/download/20250719/186.pdf
2025,综合,252,杭州师范大学,423415,02,物理、化学(2科必选),504,23089,https://www.shmeea.edu.cn/download/20250719/186.pdf
2025,综合,252,杭州师范大学,423412,03,不限,495,25620,https://www.shmeea.edu.cn/download/20250719/186.pdf
2025,综合,252,杭州师范大学,423423,04,物理、化学(2科必选),486,28229,https://www.shmeea.edu.cn/download/20250719/186.pdf
2025,综合,253,湖州师范大学,423411,01,不限,456,36580,https://www.shmeea.edu.cn/download/20250719/186.pdf
2025,综合,253,湖州师范大学,423430,02,物理必选,439,40963,https://www.shmeea.edu.cn/download/20250719/186.pdf
2025,综合,253,湖州师范大学,423428,03,化学必选,455,36838,https://www.shmeea.edu.cn/download/20250719/186.pdf
2025,综合,253,湖州师范大学,423405,04,物理、化学(2科必选),436,41677,https://www.shmeea.edu.cn/download/20250719/186.pdf
2025,综合,253,湖州师范大学,423424,05,物理、化学(2科必选),509,21654,https://www.shmeea.edu.cn/download/20250719/186.pdf
2025,综合,501,浙江工商,423845,01,不限,495,25620,https://www.shmeea.edu.cn/download/20250719/186.pdf
2025,综合,501,浙江工商,423850,02,物理、化学(2科必选),501,23963,https://www.shmeea.edu.cn/download/20250719/186.pdf
2025,综合,244,嘉兴大学,423389,01,物理、化学(2科必选),438,41209,https://www.shmeea.edu.cn/download/20250719/186.pdf
2025,综合,247,中国计量大学,423398,01,不限,514,20273,https://www.shmeea.edu.cn/download/20250719/186.pdf
2025,综合,247,中国计量大学,423395,02,物理必选,508,21944,https://www.shmeea.edu.cn/download/20250719/186.pdf
2025,综合,247,中国计量大学,423383,03,物理、化学(2科必选),501,23963,https://www.shmeea.edu.cn/download/20250719/186.pdf
2025,综合,258,浙江财经大学,423409,01,不限,505,22797,https://www.shmeea.edu.cn/download/20250719/186.pdf
2025,综合,258,浙江财经大学,423407,02,物理必选,495,25620,https://www.shmeea.edu.cn/download/20250719/186.pdf
2025,综合,258,浙江财经大学,423403,03,物理、化学(2科必选),503,23377,https://www.shmeea.edu.cn/download/20250719/186.pdf
2025,综合,1066,浙江传媒学院,424106,01,不限,519,18844,https://www.shmeea.edu.cn/download/20250719/186.pdf
2025,综合,1066,浙江传媒学院,424103,02,不限,502,23673,https://www.shmeea.edu.cn/download/20250719/186.pdf
2025,综合,1066,浙江传媒学院,424110,03,物理、化学(2科必选),506,22512,https://www.shmeea.edu.cn/download/20250719/186.pdf
2025,综合,1066,浙江传媒学院,424114,04,物理、化学(2科必选),481,29641,https://www.shmeea.edu.cn/download/20250719/186.pdf
2025,综合,507,温医仁济,423847,01,不限,427,43830,https://www.shmeea.edu.cn/download/20250719/186.pdf
2025,综合,507,温医仁济,423849,02,物理、化学(2科必选),415,46550,https://www.shmeea.edu.cn/download/20250719/186.pdf
2025,综合,2391,湖州学院,424291,01,不限,450,38181,https://www.shmeea.edu.cn/download/20250719/186.pdf
2025,综合,509,南湖学院,423846,01,不限,453,37376,https://www.shmeea.edu.cn/download/20250719/186.pdf
2025,综合,509,南湖学院,423852,02,物理必选,441,40472,https://www.shmeea.edu.cn/download/20250719/186.pdf
2025,综合,509,南湖学院,423851,03,物理、化学(2科必选),437,41436,https://www.shmeea.edu.cn/download/20250719/186.pdf
2025,综合,510,中计现代,423855,01,不限,418,45887,https://www.shmeea.edu.cn/download/20250719/186.pdf
2025,综合,512,上财浙院,423857,01,物理、化学(2科必选),421,45226,https://www.shmeea.edu.cn/download/20250719/186.pdf
2025,综合,512,上财浙院,423858,02,物理、化学(2科必选),421,45226,https://www.shmeea.edu.cn/download/20250719/186.pdf
2025,综合,512,上财浙院,51203,03,,420,45426,https://www.shmeea.edu.cn/download/20250719/186.pdf
2025,综合,513,诺丁汉,51301,01,,546,11525,https://www.shmeea.edu.cn/download/20250719/186.pdf
2025,综合,513,诺丁汉,51302,02,,547,11283,https://www.shmeea.edu.cn/download/20250719/186.pdf
2025,综合,3188,温州肯恩大学,424390,01,不限,524,17497,https://www.shmeea.edu.cn/download/20250719/186.pdf
2025,综合,3188,温州肯恩大学,424389,02,物理、化学(2科必选),520,18580,https://www.shmeea.edu.cn/download/20250719/186.pdf
2025,综合,516,浙大医学,51601,01,,580,4096,https://www.shmeea.edu.cn/download/20250719/186.pdf
2025,综合,250,浙江中医药大学,423413,01,化学必选,543,12291,https://www.shmeea.edu.cn/download/20250719/186.pdf
2025,综合,250,浙江中医药大学,423419,02,物理、化学(2科必选),528,16393,https://www.shmeea.edu.cn/download/20250719/186.pdf
2025,综合,250,浙江中医药大学,423420,03,物理、化学(2科必选),497,25079,https://www.shmeea.edu.cn/download/20250719/186.pdf
2025,综合,250,浙江中医药大学,423410,04,物理、化学(2科必选),513,20546,https://www.shmeea.edu.cn/download/20250719/186.pdf
2025,综合,250,浙江中医药大学,423429,05,化学必选,501,23963,https://www.shmeea.edu.cn/download/20250719/186.pdf
2025,综合,250,浙江中医药大学,423422,06,物理、化学(2科必选),500,24251,https://www.shmeea.edu.cn/download/20250719/186.pdf
2025,综合,250,浙江中医药大学,423427,07,物理、化学(2科必选),503,23377,https://www.shmeea.edu.cn/download/20250719/186.pdf
2025,综合,250,浙江中医药大学,423406,08,不限,504,23089,https://www.shmeea.edu.cn/download/20250719/186.pdf
2025,综合,256,温州大学,423418,01,不限,484,28826,https://www.shmeea.edu.cn/download/20250719/186.pdf
2025,综合,256,温州大学,423431,02,物理必选,467,33627,https://www.shmeea.edu.cn/download/20250719/186.pdf
2025,综合,256,温州大学,423402,03,物理、化学(2科必选),434,42167,https://www.shmeea.edu.cn/download/20250719/186.pdf
2025,综合,519,中国美院,51901,01,,538,13615,https://www.shmeea.edu.cn/download/20250719/186.pdf
2025,综合,519,中国美院,51902,02,,551,10254,https://www.shmeea.edu.cn/download/20250719/186.pdf
2025,综合,2604,衢州学院,424374,01,物理、化学(2科必选),436,41677,https://www.shmeea.edu.cn/download/20250719/186.pdf
2025,综合,63,合肥工业大学,422955,01,物理必选,548,11041,https://www.shmeea.edu.cn/download/20250719/186.pdf
2025,综合,63,合肥工业大学,422950,02,物理、化学(2科必选),558,8579,https://www.shmeea.edu.cn/download/20250719/186.pdf
2025,综合,532,中国科大,423877,01,不限,580,4096,https://www.shmeea.edu.cn/download/20250719/186.pdf
2025,综合,67,安徽大学,422956,01,不限,529,16109,https://www.shmeea.edu.cn/download/20250719/186.pdf
2025,综合,69,安徽工业大学,422953,01,不限,453,37376,https://www.shmeea.edu.cn/download/20250719/186.pdf
2025,综合,69,安徽工业大学,422949,02,物理、化学(2科必选),439,40963,https://www.shmeea.edu.cn/download/20250719/186.pdf
2025,综合,68,安徽理工大学,422954,01,不限,452,37654,https://www.shmeea.edu.cn/download/20250719/186.pdf
2025,综合,68,安徽理工大学,422960,02,物理必选,437,41436,https://www.shmeea.edu.cn/download/20250719/186.pdf
2025,综合,70,安徽农业大学,422973,01,不限,476,31096,https://www.shmeea.edu.cn/download/20250719/186.pdf
2025,综合,70,安徽农业大学,422969,02,物理、化学(2科必选),436,41677,https://www.shmeea.edu.cn/download/20250719/186.pdf
2025,综合,72,安徽医科大学,422975,01,不限,486,28229,https://www.shmeea.edu.cn/download/20250719/186.pdf
2025,综合,72,安徽医科大学,422985,02,物理、化学(2科必选),552,10002,https://www.shmeea.edu.cn/download/20250719/186.pdf
2025,综合,314,安徽师范大学,423537,01,不限,480,29907,https://www.shmeea.edu.cn/download/20250719/186.pdf
2025,综合,314,安徽师范大学,423532,02,物理必选,491,26773,https://www.shmeea.edu.cn/download/20250719/186.pdf
2025,综合,314,安徽师范大学,423548,03,物理、化学(2科必选),472,32224,https://www.shmeea.edu.cn/download/20250719/186.pdf
2025,综合,328,淮北师范大学,423573,01,不限,450,38181,https://www.shmeea.edu.cn/download/20250719/186.pdf
2025,综合,328,淮北师范大学,423584,02,物、化、生(3科必选),429,43379,https://www.shmeea.edu.cn/download/20250719/186.pdf
2025,综合,328,淮北师范大学,423585,03,史、政、地(3科必选),449,38464,https://www.shmeea.edu.cn/download/20250719/186.pdf
2025,综合,1247,滁州学院,424171,01,不限,443,39958,https://www.shmeea.edu.cn/download/20250719/186.pdf
2025,综合,335,安徽财经大学,423600,01,不限,478,30490,https://www.shmeea.edu.cn/download/20250719/186.pdf
2025,综合,333,淮南师范学院,423606,01,不限,447,38962,https://www.shmeea.edu.cn/download/20250719/186.pdf
2025,综合,333,淮南师范学院,423598,02,物理必选,435,41932,https://www.shmeea.edu.cn/download/20250719/186.pdf
2025,综合,322,安徽建筑大学,423581,01,不限,450,38181,https://www.shmeea.edu.cn/download/20250719/186.pdf
2025,综合,322,安徽建筑大学,423579,02,物理必选,433,42400,https://www.shmeea.edu.cn/download/20250719/186.pdf
2025,综合,322,安徽建筑大学,423576,03,物理、化学(2科必选),433,42400,https://www.shmeea.edu.cn/download/20250719/186.pdf
2025,综合,322,安徽建筑大学,423591,04,物理、地理(2科必选),438,41209,https://www.shmeea.edu.cn/download/20250719/186.pdf
2025,综合,544,安徽科技,423886,01,不限,435,41932,https://www.shmeea.edu.cn/download/20250719/186.pdf
2025,综合,544,安徽科技,423883,02,物理、化学(2科必选),447,38962,https://www.shmeea.edu.cn/download/20250719/186.pdf
2025,综合,544,安徽科技,54403,03,,432,42668,https://www.shmeea.edu.cn/download/20250719/186.pdf
2025,综合,545,合肥城院,423882,01,不限,412,47200,https://www.shmeea.edu.cn/download/20250719/186.pdf
2025,综合,545,合肥城院,423881,02,历史必选,405,48663,https://www.shmeea.edu.cn/download/20250719/186.pdf
2025,综合,545,合肥城院,54503,03,,408,48030,https://www.shmeea.edu.cn/download/20250719/186.pdf
2025,综合,546,安医临床,423880,01,物理、化学(2科必选),443,39958,https://www.shmeea.edu.cn/download/20250719/186.pdf
2025,综合,1196,安徽中医药大学,424151,01,不限,533,14978,https://www.shmeea.edu.cn/download/20250719/186.pdf
2025,综合,316,安徽工程大学,423546,01,物理必选,439,40963,https://www.shmeea.edu.cn/download/20250719/186.pdf
2025,综合,316,安徽工程大学,423551,02,物理、化学(2科必选),436,41677,https://www.shmeea.edu.cn/download/20250719/186.pdf
2025,综合,102,厦门大学,423055,01,不限,577,4649,https://www.shmeea.edu.cn/download/20250719/186.pdf
2025,综合,102,厦门大学,423064,03,物理、化学(2科必选),580,4096,https://www.shmeea.edu.cn/download/20250719/186.pdf
2025,综合,465,华侨大学,423793,01,不限,479,30198,https://www.shmeea.edu.cn/download/20250719/186.pdf
2025,综合,465,华侨大学,423792,02,不限,480,29907,https://www.shmeea.edu.cn/download/20250719/186.pdf
2025,综合,103,福州大学,423072,01,不限,534,14696,https://www.shmeea.edu.cn/download/20250719/186.pdf
2025,综合,103,福州大学,423070,02,物理、化学(2科必选),551,10254,https://www.shmeea.edu.cn/download/20250719/186.pdf
2025,综合,103,福州大学,423075,03,物、化、生(3科必选),560,8117,https://www.shmeea.edu.cn/download/20250719/186.pdf
2025,综合,474,福建理工大学,423813,01,不限,453,37376,https://www.shmeea.edu.cn/download/20250719/186.pdf
2025,综合,468,福建农林大学,423800,01,不限,452,37654,https://www.shmeea.edu.cn/download/20250719/186.pdf
2025,综合,471,集美大学,423811,01,不限,478,30490,https://www.shmeea.edu.cn/download/20250719/186.pdf
2025,综合,471,集美大学,423814,02,物理必选,464,34489,https://www.shmeea.edu.cn/download/20250719/186.pdf
2025,综合,471,集美大学,423812,03,物理、化学(2科必选),471,32490,https://www.shmeea.edu.cn/download/20250719/186.pdf
2025,综合,471,集美大学,423816,04,物理、化学(2科必选),476,31096,https://www.shmeea.edu.cn/download/20250719/186.pdf
2025,综合,1020,福建医科大学,424089,01,物、化、生(3科必选),524,17497,https://www.shmeea.edu.cn/download/20250719/186.pdf
2025,综合,568,厦门医学,423913,01,不限,532,15236,https://www.shmeea.edu.cn/download/20250719/186.pdf
2025,综合,475,泉州师范学院,423815,01,不限,438,41209,https://www.shmeea.edu.cn/download/20250719/186.pdf
2025,综合,475,泉州师范学院,423809,02,物理、化学(2科必选),431,42899,https://www.shmeea.edu.cn/download/20250719/186.pdf
2025,综合,1061,厦门理工学院,424104,01,不限,453,37376,https://www.shmeea.edu.cn/download/20250719/186.pdf
2025,综合,1061,厦门理工学院,424112,02,物理必选,443,39958,https://www.shmeea.edu.cn/download/20250719/186.pdf
2025,综合,1061,厦门理工学院,424105,03,物理、化学(2科必选),443,39958,https://www.shmeea.edu.cn/download/20250719/186.pdf
2025,综合,571,厦大嘉庚,423928,01,不限,417,46139,https://www.shmeea.edu.cn/download/20250719/186.pdf
2025,综合,571,厦大嘉庚,57102,02,,414,46738,https://www.shmeea.edu.cn/download/20250719/186.pdf
2025,综合,571,厦大嘉庚,57103,03,,418,45887,https://www.shmeea.edu.cn/download/20250719/186.pdf
2025,综合,572,集美诚毅,57201,01,,410,47630,https://www.shmeea.edu.cn/download/20250719/186.pdf
2025,综合,573,闽农金山,423935,01,物理、化学(2科必选),404,48868,https://www.shmeea.edu.cn/download/20250719/186.pdf
2025,综合,574,福州外贸,423936,01,不限,402,49276,https://www.shmeea.edu.cn/download/20250719/186.pdf
2025,综合,574,福州外贸,57402,02,,405,48663,https://www.shmeea.edu.cn/download/20250719/186.pdf
2025,综合,574,福州外贸,57403,03,,403,49069,https://www.shmeea.edu.cn/download/20250719/186.pdf
2025,综合,108,南昌大学,423065,01,物理、化学(2科必选),545,11777,https://www.shmeea.edu.cn/download/20250719/186.pdf
2025,综合,108,南昌大学,423073,02,物理、化学(2科必选),549,10761,https://www.shmeea.edu.cn/download/20250719/186.pdf
2025,综合,108,南昌大学,423053,03,不限,539,13322,https://www.shmeea.edu.cn/download/20250719/186.pdf
2025,综合,157,华东交通大学,423199,01,不限,479,30198,https://www.shmeea.edu.cn/download/20250719/186.pdf
2025,综合,157,华东交通大学,423189,02,物理、化学(2科必选),474,31654,https://www.shmeea.edu.cn/download/20250719/186.pdf
2025,综合,176,东华理工大学,423265,01,不限,449,38464,https://www.shmeea.edu.cn/download/20250719/186.pdf
2025,综合,176,东华理工大学,423237,02,物理、化学(2科必选),438,41209,https://www.shmeea.edu.cn/download/20250719/186.pdf
2025,综合,594,南昌航大,59401,01,,448,38707,https://www.shmeea.edu.cn/download/20250719/186.pdf
2025,综合,594,南昌航大,59402,02,,448,38707,https://www.shmeea.edu.cn/download/20250719/186.pdf
2025,综合,594,南昌航大,59403,03,,489,27375,https://www.shmeea.edu.cn/download/20250719/186.pdf
2025,综合,165,江西理工大学,423221,01,不限,443,39958,https://www.shmeea.edu.cn/download/20250719/186.pdf
2025,综合,165,江西理工大学,423217,02,历史必选,446,39191,https://www.shmeea.edu.cn/download/20250719/186.pdf
2025,综合,165,江西理工大学,423224,03,物理必选,437,41436,https://www.shmeea.edu.cn/download/20250719/186.pdf
2025,综合,165,江西理工大学,423214,04,物理、化学(2科必选),437,41436,https://www.shmeea.edu.cn/download/20250719/186.pdf
2025,综合,596,景德陶瓷,423954,01,生物必选,446,39191,https://www.shmeea.edu.cn/download/20250719/186.pdf
2025,综合,596,景德陶瓷,423950,02,物理、化学(2科必选),443,39958,https://www.shmeea.edu.cn/download/20250719/186.pdf
2025,综合,596,景德陶瓷,423952,03,物、化、生(3科必选),473,31954,https://www.shmeea.edu.cn/download/20250719/186.pdf
2025,综合,172,江西农业大学,423235,01,不限,442,40203,https://www.shmeea.edu.cn/download/20250719/186.pdf
2025,综合,172,江西农业大学,423255,02,不限,448,38707,https://www.shmeea.edu.cn/download/20250719/186.pdf
2025,综合,172,江西农业大学,423259,03,生物必选,452,37654,https://www.shmeea.edu.cn/download/20250719/186.pdf
2025,综合,172,江西农业大学,423236,04,物理、化学(2科必选),438,41209,https://www.shmeea.edu.cn/download/20250719/186.pdf
2025,综合,172,江西农业大学,423266,05,物理、化学(2科必选),434,42167,https://www.shmeea.edu.cn/download/20250719/186.pdf
2025,综合,185,江西中医药大学,423276,01,不限,513,20546,https://www.shmeea.edu.cn/download/20250719/186.pdf
2025,综合,185,江西中医药大学,423287,02,物理、化学(2科必选),445,39429,https://www.shmeea.edu.cn/download/20250719/186.pdf
2025,综合,195,赣南医科大学,423304,01,不限,444,39679,https://www.shmeea.edu.cn/download/20250719/186.pdf
2025,综合,195,赣南医科大学,423302,02,物理、化学(2科必选),461,35266,https://www.shmeea.edu.cn/download/20250719/186.pdf
2025,综合,174,江西师范大学,423242,01,不限,497,25079,https://www.shmeea.edu.cn/download/20250719/186.pdf
2025,综合,174,江西师范大学,423263,02,地理必选,523,17799,https://www.shmeea.edu.cn/download/20250719/186.pdf
2025,综合,174,江西师范大学,423251,03,物理、化学(2科必选),495,25620,https://www.shmeea.edu.cn/download/20250719/186.pdf
2025,综合,174,江西师范大学,423274,04,历史、思想政治(2科必选),512,20807,https://www.shmeea.edu.cn/download/20250719/186.pdf
2025,综合,186,上饶师范学院,423293,01,不限,440,40711,https://www.shmeea.edu.cn/download/20250719/186.pdf
2025,综合,186,上饶师范学院,423286,02,物理、化学(2科必选),427,43830,https://www.shmeea.edu.cn/download/20250719/186.pdf
2025,综合,192,宜春学院,423306,01,不限,435,41932,https://www.shmeea.edu.cn/download/20250719/186.pdf
2025,综合,192,宜春学院,423317,02,物理必选,431,42899,https://www.shmeea.edu.cn/download/20250719/186.pdf
2025,综合,192,宜春学院,423303,03,生物必选,440,40711,https://www.shmeea.edu.cn/download/20250719/186.pdf
2025,综合,192,宜春学院,423295,04,物理、化学(2科必选),418,45887,https://www.shmeea.edu.cn/download/20250719/186.pdf
2025,综合,192,宜春学院,423319,05,物理、化学(2科必选),429,43379,https://www.shmeea.edu.cn/download/20250719/186.pdf
2025,综合,192,宜春学院,423300,06,物、化、生(3科必选),436,41677,https://www.shmeea.edu.cn/download/20250719/186.pdf
2025,综合,189,赣南师范大学,423278,01,历史必选,481,29641,https://www.shmeea.edu.cn/download/20250719/186.pdf
2025,综合,189,赣南师范大学,423289,02,不限,440,40711,https://www.shmeea.edu.cn/download/20250719/186.pdf
2025,综合,189,赣南师范大学,423292,03,不限,440,40711,https://www.shmeea.edu.cn/download/20250719/186.pdf
2025,综合,189,赣南师范大学,423281,04,地理必选,466,33926,https://www.shmeea.edu.cn/download/20250719/186.pdf
2025,综合,189,赣南师范大学,423280,05,不限,443,39958,https://www.shmeea.edu.cn/download/20250719/186.pdf
2025,综合,189,赣南师范大学,423282,06,不限,440,40711,https://www.shmeea.edu.cn/download/20250719/186.pdf
2025,综合,604,井冈山大,60401,01,,431,42899,https://www.shmeea.edu.cn/download/20250719/186.pdf
2025,综合,604,井冈山大,60402,02,,425,44325,https://www.shmeea.edu.cn/download/20250719/186.pdf
2025,综合,175,江西财经大学,423252,01,不限,507,22221,https://www.shmeea.edu.cn/download/20250719/186.pdf
2025,综合,175,江西财经大学,423257,02,物理必选,512,20807,https://www.shmeea.edu.cn/download/20250719/186.pdf
2025,综合,175,江西财经大学,423256,03,物理、化学(2科必选),504,23089,https://www.shmeea.edu.cn/download/20250719/186.pdf
2025,综合,175,江西财经大学,423238,04,不限,508,21944,https://www.shmeea.edu.cn/download/20250719/186.pdf
2025,综合,175,江西财经大学,423260,05,物理、化学(2科必选),494,25917,https://www.shmeea.edu.cn/download/20250719/186.pdf
2025,综合,869,江西科技学院,424041,01,不限,407,48244,https://www.shmeea.edu.cn/download/20250719/186.pdf
2025,综合,869,江西科技学院,424039,02,物理、化学(2科必选),417,46139,https://www.shmeea.edu.cn/download/20250719/186.pdf
2025,综合,607,江西科师,423974,01,不限,447,38962,https://www.shmeea.edu.cn/download/20250719/186.pdf
2025,综合,607,江西科师,423972,02,物理必选,477,30789,https://www.shmeea.edu.cn/download/20250719/186.pdf
2025,综合,607,江西科师,423970,03,物理、化学(2科必选),433,42400,https://www.shmeea.edu.cn/download/20250719/186.pdf
2025,综合,607,江西科师,60704,04,,408,48030,https://www.shmeea.edu.cn/download/20250719/186.pdf
2025,综合,608,江西水电,60801,01,,436,41677,https://www.shmeea.edu.cn/download/20250719/186.pdf
2025,综合,608,江西水电,60802,02,,410,47630,https://www.shmeea.edu.cn/download/20250719/186.pdf
2025,综合,608,江西水电,60803,03,,442,40203,https://www.shmeea.edu.cn/download/20250719/186.pdf
2025,综合,194,九江学院,423305,01,不限,441,40472,https://www.shmeea.edu.cn/download/20250719/186.pdf
2025,综合,194,九江学院,423312,02,物理必选,417,46139,https://www.shmeea.edu.cn/download/20250719/186.pdf
2025,综合,194,九江学院,423318,03,物理、化学(2科必选),432,42668,https://www.shmeea.edu.cn/download/20250719/186.pdf
2025,综合,613,南昌工院,61301,01,,419,45675,https://www.shmeea.edu.cn/download/20250719/186.pdf
2025,综合,614,昌大科技,61401,01,,406,48458,https://www.shmeea.edu.cn/download/20250719/186.pdf
2025,综合,615,南昌交院,61501,01,,404,48868,https://www.shmeea.edu.cn/download/20250719/186.pdf
2025,综合,2432,赣东学院,424312,01,不限,438,41209,https://www.shmeea.edu.cn/download/20250719/186.pdf
2025,综合,2432,赣东学院,424327,02,物理、化学(2科必选),431,42899,https://www.shmeea.edu.cn/download/20250719/186.pdf
2025,综合,617,南航科技,61701,01,,411,47401,https://www.shmeea.edu.cn/download/20250719/186.pdf
2025,综合,617,南航科技,61702,02,,419,45675,https://www.shmeea.edu.cn/download/20250719/186.pdf
2025,综合,618,赣南科院,61801,01,,431,42899,https://www.shmeea.edu.cn/download/20250719/186.pdf
2025,综合,618,赣南科院,61802,02,,429,43379,https://www.shmeea.edu.cn/download/20250719/186.pdf
2025,综合,620,赣农商院,62001,01,,405,48663,https://www.shmeea.edu.cn/download/20250719/186.pdf
2025,综合,620,赣农商院,62002,02,,412,47200,https://www.shmeea.edu.cn/download/20250719/186.pdf
2025,综合,621,南昌医学,62101,01,,445,39429,https://www.shmeea.edu.cn/download/20250719/186.pdf
2025,综合,621,南昌医学,62102,02,,447,38962,https://www.shmeea.edu.cn/download/20250719/186.pdf
2025,综合,621,南昌医学,62103,03,,430,43131,https://www.shmeea.edu.cn/download/20250719/186.pdf
2025,综合,621,南昌医学,62104,04,,432,42668,https://www.shmeea.edu.cn/download/20250719/186.pdf
2025,综合,621,南昌医学,62105,05,,503,23377,https://www.shmeea.edu.cn/download/20250719/186.pdf
2025,综合,621,南昌医学,62106,06,,507,22221,https://www.shmeea.edu.cn/download/20250719/186.pdf
2025,综合,621,南昌医学,62107,07,,471,32490,https://www.shmeea.edu.cn/download/20250719/186.pdf
2025,综合,621,南昌医学,62108,08,,468,33357,https://www.shmeea.edu.cn/download/20250719/186.pdf
2025,综合,622,江师科技,423980,01,不限,415,46550,https://www.shmeea.edu.cn/download/20250719/186.pdf
2025,综合,622,江师科技,423983,02,不限,411,47401,https://www.shmeea.edu.cn/download/20250719/186.pdf
2025,综合,622,江师科技,423985,03,物理必选,412,47200,https://www.shmeea.edu.cn/download/20250719/186.pdf
2025,综合,623,赣师科技,62301,01,,409,47844,https://www.shmeea.edu.cn/download/20250719/186.pdf
2025,综合,623,赣师科技,62302,02,,405,48663,https://www.shmeea.edu.cn/download/20250719/186.pdf
2025,综合,624,江财经管,62401,01,,415,46550,https://www.shmeea.edu.cn/download/20250719/186.pdf
2025,综合,624,江财经管,62402,02,,405,48663,https://www.shmeea.edu.cn/download/20250719/186.pdf
2025,综合,624,江财经管,62403,03,,410,47630,https://www.shmeea.edu.cn/download/20250719/186.pdf
2025,综合,2889,南昌师范学院,424383,01,不限,437,41436,https://www.shmeea.edu.cn/download/20250719/186.pdf
2025,综合,626,赣应科院,62601,01,,413,46964,https://www.shmeea.edu.cn/download/20250719/186.pdf
2025,综合,957,江西工程学院,424063,01,物理、化学(2科必选),415,46550,https://www.shmeea.edu.cn/download/20250719/186.pdf
2025,综合,126,山东大学,423118,01,不限,567,6602,https://www.shmeea.edu.cn/download/20250719/186.pdf
2025,综合,126,山东大学,423120,02,物理、化学(2科必选),578,4467,https://www.shmeea.edu.cn/download/20250719/186.pdf
2025,综合,126,山东大学,423127,03,物理、化学(2科必选),577,4649,https://www.shmeea.edu.cn/download/20250719/186.pdf
2025,综合,61,中国海洋大学,422948,01,物理、化学(2科必选),563,7447,https://www.shmeea.edu.cn/download/20250719/186.pdf
2025,综合,61,中国海洋大学,422962,02,不限,558,8579,https://www.shmeea.edu.cn/download/20250719/186.pdf
2025,综合,643,石油华东,64301,01,,538,13615,https://www.shmeea.edu.cn/download/20250719/186.pdf
2025,综合,643,石油华东,64302,02,,547,11283,https://www.shmeea.edu.cn/download/20250719/186.pdf
2025,综合,644,山大威海,64401,01,,567,6602,https://www.shmeea.edu.cn/download/20250719/186.pdf
2025,综合,644,山大威海,64402,02,,575,5016,https://www.shmeea.edu.cn/download/20250719/186.pdf
2025,综合,645,哈工威海,64501,01,,580,4096,https://www.shmeea.edu.cn/download/20250719/186.pdf
2025,综合,537,山东科技大学,423873,01,物理必选,465,34206,https://www.shmeea.edu.cn/download/20250719/186.pdf
2025,综合,537,山东科技大学,423869,02,物理、化学(2科必选),486,28229,https://www.shmeea.edu.cn/download/20250719/186.pdf
2025,综合,507,青岛科技大学,423847,01,不限,452,37654,https://www.shmeea.edu.cn/download/20250719/186.pdf
2025,综合,507,青岛科技大学,423849,02,物理、化学(2科必选),477,30789,https://www.shmeea.edu.cn/download/20250719/186.pdf
2025,综合,71,济南大学,422977,01,不限,470,32768,https://www.shmeea.edu.cn/download/20250719/186.pdf
2025,综合,71,济南大学,422987,02,物理、化学(2科必选),497,25079,https://www.shmeea.edu.cn/download/20250719/186.pdf
2025,综合,509,青岛理工大学,423846,01,不限,454,37099,https://www.shmeea.edu.cn/download/20250719/186.pdf
2025,综合,509,青岛理工大学,423852,02,物理必选,488,27683,https://www.shmeea.edu.cn/download/20250719/186.pdf
2025,综合,509,青岛理工大学,423851,03,物理、化学(2科必选),438,41209,https://www.shmeea.edu.cn/download/20250719/186.pdf
2025,综合,528,山东建筑大学,423862,01,不限,443,39958,https://www.shmeea.edu.cn/download/20250719/186.pdf
2025,综合,528,山东建筑大学,423865,02,物理必选,436,41677,https://www.shmeea.edu.cn/download/20250719/186.pdf
2025,综合,540,山东理工大学,423884,01,不限,459,35786,https://www.shmeea.edu.cn/download/20250719/186.pdf
2025,综合,491,青岛农业大学,423833,01,物理、化学(2科必选),429,43379,https://www.shmeea.edu.cn/download/20250719/186.pdf
2025,综合,653,山东二医,65301,01,,503,23377,https://www.shmeea.edu.cn/download/20250719/186.pdf
2025,综合,654,滨州医学,65401,01,,516,19710,https://www.shmeea.edu.cn/download/20250719/186.pdf
2025,综合,655,济宁医学,423987,01,不限,476,31096,https://www.shmeea.edu.cn/download/20250719/186.pdf
2025,综合,622,山东师范大学,423980,01,不限,481,29641,https://www.shmeea.edu.cn/download/20250719/186.pdf
2025,综合,622,山东师范大学,423983,02,不限,488,27683,https://www.shmeea.edu.cn/download/20250719/186.pdf
2025,综合,622,山东师范大学,423985,03,物理必选,490,27085,https://www.shmeea.edu.cn/download/20250719/186.pdf
2025,综合,622,山东师范大学,423984,04,地理必选,498,24798,https://www.shmeea.edu.cn/download/20250719/186.pdf
2025,综合,622,山东师范大学,423979,05,物理、化学(2科必选),470,32768,https://www.shmeea.edu.cn/download/20250719/186.pdf
2025,综合,510,曲阜师范大学,423855,01,不限,510,21367,https://www.shmeea.edu.cn/download/20250719/186.pdf
2025,综合,510,曲阜师范大学,423856,02,思想政治必选,502,23673,https://www.shmeea.edu.cn/download/20250719/186.pdf
2025,综合,510,曲阜师范大学,423854,03,物理、化学(2科必选),465,34206,https://www.shmeea.edu.cn/download/20250719/186.pdf
2025,综合,555,鲁东大学,423887,01,不限,445,39429,https://www.shmeea.edu.cn/download/20250719/186.pdf
2025,综合,555,鲁东大学,423904,02,物理、化学(2科必选),432,42668,https://www.shmeea.edu.cn/download/20250719/186.pdf
2025,综合,2093,济宁学院,424260,01,物理必选,419,45675,https://www.shmeea.edu.cn/download/20250719/186.pdf
2025,综合,2093,济宁学院,424259,02,物理、化学(2科必选),425,44325,https://www.shmeea.edu.cn/download/20250719/186.pdf
2025,综合,2135,齐鲁医药学院,424262,01,化学必选,435,41932,https://www.shmeea.edu.cn/download/20250719/186.pdf
2025,综合,2135,齐鲁医药学院,424261,02,物理、化学(2科必选),413,46964,https://www.shmeea.edu.cn/download/20250719/186.pdf
2025,综合,552,潍坊学院,423895,01,不限,433,42400,https://www.shmeea.edu.cn/download/20250719/186.pdf
2025,综合,552,潍坊学院,423907,02,思想政治必选,441,40472,https://www.shmeea.edu.cn/download/20250719/186.pdf
2025,综合,534,山东交通学院,423876,01,不限,443,39958,https://www.shmeea.edu.cn/download/20250719/186.pdf
2025,综合,526,山东工商学院,423864,01,不限,443,39958,https://www.shmeea.edu.cn/download/20250719/186.pdf
2025,综合,665,山东石化,66501,01,,426,44086,https://www.shmeea.edu.cn/download/20250719/186.pdf
2025,综合,666,聊城东昌,66601,01,,402,49276,https://www.shmeea.edu.cn/download/20250719/186.pdf
2025,综合,499,青岛大学,423840,01,不限,492,26498,https://www.shmeea.edu.cn/download/20250719/186.pdf
2025,综合,499,青岛大学,423843,02,物理必选,497,25079,https://www.shmeea.edu.cn/download/20250719/186.pdf
2025,综合,499,青岛大学,423835,03,物理、化学(2科必选),519,18844,https://www.shmeea.edu.cn/download/20250719/186.pdf
2025,综合,499,青岛大学,423834,04,物理、化学(2科必选),548,11041,https://www.shmeea.edu.cn/download/20250719/186.pdf
2025,综合,668,青岛恒星,66801,01,,403,49069,https://www.shmeea.edu.cn/download/20250719/186.pdf
2025,综合,668,青岛恒星,66802,02,,404,48868,https://www.shmeea.edu.cn/download/20250719/186.pdf
2025,综合,554,烟台大学,423898,01,不限,484,28826,https://www.shmeea.edu.cn/download/20250719/186.pdf
2025,综合,554,烟台大学,423893,02,物理、化学(2科必选),466,33926,https://www.shmeea.edu.cn/download/20250719/186.pdf
2025,综合,554,烟台大学,423911,03,不限,486,28229,https://www.shmeea.edu.cn/download/20250719/186.pdf
2025,综合,547,齐鲁工业大学,423885,01,物理、化学(2科必选),477,30789,https://www.shmeea.edu.cn/download/20250719/186.pdf
2025,综合,1210,山东航空学院,424157,01,不限,441,40472,https://www.shmeea.edu.cn/download/20250719/186.pdf
2025,综合,1210,山东航空学院,424167,02,物理、化学(2科必选),436,41677,https://www.shmeea.edu.cn/download/20250719/186.pdf
2025,综合,1142,山东中医药大学,424136,01,物理、化学(2科必选),505,22797,https://www.shmeea.edu.cn/download/20250719/186.pdf
2025,综合,673,北交威海,67301,01,,543,12291,https://www.shmeea.edu.cn/download/20250719/186.pdf
2025,综合,674,山一大,67401,01,,457,36333,https://www.shmeea.edu.cn/download/20250719/186.pdf
2025,综合,674,山一大,67402,02,,543,12291,https://www.shmeea.edu.cn/download/20250719/186.pdf
2025,综合,674,山一大,67403,03,,473,31954,https://www.shmeea.edu.cn/download/20250719/186.pdf
2025,综合,674,山一大,67404,04,,465,34206,https://www.shmeea.edu.cn/download/20250719/186.pdf
2025,综合,674,山一大,67405,05,,450,38181,https://www.shmeea.edu.cn/download/20250719/186.pdf
2025,综合,681,华北水电,68101,01,,442,40203,https://www.shmeea.edu.cn/download/20250719/186.pdf
2025,综合,681,华北水电,68102,02,,442,40203,https://www.shmeea.edu.cn/download/20250719/186.pdf
2025,综合,681,华北水电,68103,03,,430,43131,https://www.shmeea.edu.cn/download/20250719/186.pdf
2025,综合,62,郑州大学,422961,01,不限,533,14978,https://www.shmeea.edu.cn/download/20250719/186.pdf
2025,综合,62,郑州大学,422965,02,物理必选,538,13615,https://www.shmeea.edu.cn/download/20250719/186.pdf
2025,综合,62,郑州大学,422947,03,物理、化学(2科必选),544,12020,https://www.shmeea.edu.cn/download/20250719/186.pdf
2025,综合,463,河南理工大学,423806,01,物理、化学(2科必选),456,36580,https://www.shmeea.edu.cn/download/20250719/186.pdf
2025,综合,463,河南理工大学,423798,02,物理、化学(2科必选),443,39958,https://www.shmeea.edu.cn/download/20250719/186.pdf
2025,综合,463,河南理工大学,423799,03,物理、化学(2科必选),435,41932,https://www.shmeea.edu.cn/download/20250719/186.pdf
2025,综合,463,河南理工大学,423801,04,物理、化学(2科必选),434,42167,https://www.shmeea.edu.cn/download/20250719/186.pdf
2025,综合,463,河南理工大学,423805,05,不限,451,37914,https://www.shmeea.edu.cn/download/20250719/186.pdf
2025,综合,463,河南理工大学,423802,06,物理必选,436,41677,https://www.shmeea.edu.cn/download/20250719/186.pdf
2025,综合,684,郑州轻工,423999,01,不限,436,41677,https://www.shmeea.edu.cn/download/20250719/186.pdf
2025,综合,684,郑州轻工,68402,02,,440,40711,https://www.shmeea.edu.cn/download/20250719/186.pdf
2025,综合,466,河南工业大学,423791,01,不限,442,40203,https://www.shmeea.edu.cn/download/20250719/186.pdf
2025,综合,466,河南工业大学,423808,02,物理、化学(2科必选),445,39429,https://www.shmeea.edu.cn/download/20250719/186.pdf
2025,综合,466,河南工业大学,423794,03,物理、化学(2科必选),441,40472,https://www.shmeea.edu.cn/download/20250719/186.pdf
2025,综合,460,河南科技大学,423797,01,不限,443,39958,https://www.shmeea.edu.cn/download/20250719/186.pdf
2025,综合,687,中原工院,423998,01,不限,426,44086,https://www.shmeea.edu.cn/download/20250719/186.pdf
2025,综合,462,河南农业大学,423803,01,物理、化学(2科必选),429,43379,https://www.shmeea.edu.cn/download/20250719/186.pdf
2025,综合,462,河南农业大学,423804,02,物理、化学(2科必选),467,33627,https://www.shmeea.edu.cn/download/20250719/186.pdf
2025,综合,462,河南农业大学,423796,03,不限,448,38707,https://www.shmeea.edu.cn/download/20250719/186.pdf
2025,综合,873,河南中医药大学,424044,01,物理、化学(2科必选),458,36057,https://www.shmeea.edu.cn/download/20250719/186.pdf
2025,综合,873,河南中医药大学,424043,02,物理、化学(2科必选),493,26212,https://www.shmeea.edu.cn/download/20250719/186.pdf
2025,综合,482,河南医药大学,423818,01,物理、化学(2科必选),461,35266,https://www.shmeea.edu.cn/download/20250719/186.pdf
2025,综合,459,河南大学,423786,01,历史必选,517,19421,https://www.shmeea.edu.cn/download/20250719/186.pdf
2025,综合,459,河南大学,423775,02,不限,474,31654,https://www.shmeea.edu.cn/download/20250719/186.pdf
2025,综合,459,河南大学,423779,03,地理必选,507,22221,https://www.shmeea.edu.cn/download/20250719/186.pdf
2025,综合,459,河南大学,423776,04,物理、化学(2科必选),486,28229,https://www.shmeea.edu.cn/download/20250719/186.pdf
2025,综合,459,河南大学,423788,05,物理、化学(2科必选),499,24524,https://www.shmeea.edu.cn/download/20250719/186.pdf
2025,综合,487,南阳师范学院,423830,01,不限,437,41436,https://www.shmeea.edu.cn/download/20250719/186.pdf
2025,综合,487,南阳师范学院,423826,02,物理必选,422,45012,https://www.shmeea.edu.cn/download/20250719/186.pdf
2025,综合,489,商丘师范学院,423829,01,不限,434,42167,https://www.shmeea.edu.cn/download/20250719/186.pdf
2025,综合,489,商丘师范学院,423825,02,物理必选,423,44773,https://www.shmeea.edu.cn/download/20250719/186.pdf
2025,综合,489,商丘师范学院,423831,03,物理、化学(2科必选),429,43379,https://www.shmeea.edu.cn/download/20250719/186.pdf
2025,综合,694,河南财政,69401,01,,475,31381,https://www.shmeea.edu.cn/download/20250719/186.pdf
2025,综合,694,河南财政,69402,02,,440,40711,https://www.shmeea.edu.cn/download/20250719/186.pdf
2025,综合,694,河南财政,69403,03,,431,42899,https://www.shmeea.edu.cn/download/20250719/186.pdf
2025,综合,695,郑州航空,69501,01,,429,43379,https://www.shmeea.edu.cn/download/20250719/186.pdf
2025,综合,1178,洛阳理工学院,424146,01,不限,435,41932,https://www.shmeea.edu.cn/download/20250719/186.pdf
2025,综合,697,安阳工院,69701,01,,425,44325,https://www.shmeea.edu.cn/download/20250719/186.pdf
2025,综合,697,安阳工院,69702,02,,427,43830,https://www.shmeea.edu.cn/download/20250719/186.pdf
2025,综合,1518,河南城建学院,424223,01,不限,425,44325,https://www.shmeea.edu.cn/download/20250719/186.pdf
2025,综合,833,河南师范大学,424031,01,不限,486,28229,https://www.shmeea.edu.cn/download/20250719/186.pdf
2025,综合,833,河南师范大学,424028,02,物理、化学(2科必选),457,36333,https://www.shmeea.edu.cn/download/20250719/186.pdf
2025,综合,701,平顶学院,70101,01,,422,45012,https://www.shmeea.edu.cn/download/20250719/186.pdf
2025,综合,702,河南工院,70201,01,,435,41932,https://www.shmeea.edu.cn/download/20250719/186.pdf
2025,综合,1919,新乡学院,424247,01,物理、化学(2科必选),423,44773,https://www.shmeea.edu.cn/download/20250719/186.pdf
2025,综合,704,河南财金,70401,01,,441,40472,https://www.shmeea.edu.cn/download/20250719/186.pdf
2025,综合,423,中南民族大学,423735,01,不限,473,31954,https://www.shmeea.edu.cn/download/20250719/186.pdf
2025,综合,423,中南民族大学,423749,02,物理、化学(2科必选),468,33357,https://www.shmeea.edu.cn/download/20250719/186.pdf
2025,综合,42,武汉大学,422904,01,物理、化学(2科必选),580,4096,https://www.shmeea.edu.cn/download/20250719/186.pdf
2025,综合,42,武汉大学,422908,02,不限,580,4096,https://www.shmeea.edu.cn/download/20250719/186.pdf
2025,综合,127,华中科技大学,423112,01,物理、化学(2科必选),580,4096,https://www.shmeea.edu.cn/download/20250719/186.pdf
2025,综合,127,华中科技大学,423110,02,物理、化学(2科必选),580,4096,https://www.shmeea.edu.cn/download/20250719/186.pdf
2025,综合,714,地大武汉,71401,01,,549,10761,https://www.shmeea.edu.cn/download/20250719/186.pdf
2025,综合,714,地大武汉,71402,02,,538,13615,https://www.shmeea.edu.cn/download/20250719/186.pdf
2025,综合,128,武汉理工大学,423122,01,不限,544,12020,https://www.shmeea.edu.cn/download/20250719/186.pdf
2025,综合,128,武汉理工大学,423111,02,物理、化学(2科必选),559,8336,https://www.shmeea.edu.cn/download/20250719/186.pdf
2025,综合,417,华中农业大学,423716,01,物理必选,538,13615,https://www.shmeea.edu.cn/download/20250719/186.pdf
2025,综合,417,华中农业大学,423719,02,物理、化学(2科必选),535,14414,https://www.shmeea.edu.cn/download/20250719/186.pdf
2025,综合,420,华中师范大学,423740,01,不限,542,12532,https://www.shmeea.edu.cn/download/20250719/186.pdf
2025,综合,420,华中师范大学,423746,02,历史必选,566,6814,https://www.shmeea.edu.cn/download/20250719/186.pdf
2025,综合,420,华中师范大学,423744,03,物理必选,531,15514,https://www.shmeea.edu.cn/download/20250719/186.pdf
2025,综合,420,华中师范大学,423750,04,物理、化学(2科必选),556,9039,https://www.shmeea.edu.cn/download/20250719/186.pdf
2025,综合,420,华中师范大学,423737,05,物理、化学(2科必选),548,11041,https://www.shmeea.edu.cn/download/20250719/186.pdf
2025,综合,718,中南财政,71801,01,,561,7891,https://www.shmeea.edu.cn/download/20250719/186.pdf
2025,综合,718,中南财政,71802,02,,551,10254,https://www.shmeea.edu.cn/download/20250719/186.pdf
2025,综合,1007,武汉科技大学,424068,01,物理、化学(2科必选),521,18317,https://www.shmeea.edu.cn/download/20250719/186.pdf
2025,综合,428,长江大学,423755,01,不限,468,33357,https://www.shmeea.edu.cn/download/20250719/186.pdf
2025,综合,428,长江大学,423748,02,生物必选,462,35017,https://www.shmeea.edu.cn/download/20250719/186.pdf
2025,综合,428,长江大学,423758,03,物理、化学(2科必选),458,36057,https://www.shmeea.edu.cn/download/20250719/186.pdf
2025,综合,428,长江大学,423742,04,物理、生物(2科必选),480,29907,https://www.shmeea.edu.cn/download/20250719/186.pdf
2025,综合,721,武汉工程,72101,01,,458,36057,https://www.shmeea.edu.cn/download/20250719/186.pdf
2025,综合,436,武汉轻工大学,423763,01,物理、化学(2科必选),437,41436,https://www.shmeea.edu.cn/download/20250719/186.pdf
2025,综合,437,湖北中医药大学,423761,01,不限,459,35786,https://www.shmeea.edu.cn/download/20250719/186.pdf
2025,综合,437,湖北中医药大学,423760,02,化学必选,458,36057,https://www.shmeea.edu.cn/download/20250719/186.pdf
2025,综合,437,湖北中医药大学,423766,03,物理、化学(2科必选),442,40203,https://www.shmeea.edu.cn/download/20250719/186.pdf
2025,综合,425,湖北大学,423756,01,不限,491,26773,https://www.shmeea.edu.cn/download/20250719/186.pdf
2025,综合,425,湖北大学,423754,02,物理必选,490,27085,https://www.shmeea.edu.cn/download/20250719/186.pdf
2025,综合,438,湖北医药学院,423764,01,物理、化学(2科必选),468,33357,https://www.shmeea.edu.cn/download/20250719/186.pdf
2025,综合,431,三峡大学,423768,01,不限,474,31654,https://www.shmeea.edu.cn/download/20250719/186.pdf
2025,综合,431,三峡大学,423762,02,物理、化学(2科必选),498,24798,https://www.shmeea.edu.cn/download/20250719/186.pdf
2025,综合,1104,武昌首义学院,424132,01,不限,415,46550,https://www.shmeea.edu.cn/download/20250719/186.pdf
2025,综合,1104,武昌首义学院,424131,02,物理、化学(2科必选),416,46346,https://www.shmeea.edu.cn/download/20250719/186.pdf
2025,综合,1157,武昌理工学院,424144,01,不限,404,48868,https://www.shmeea.edu.cn/download/20250719/186.pdf
2025,综合,730,武汉城院,73001,01,,409,47844,https://www.shmeea.edu.cn/download/20250719/186.pdf
2025,综合,731,三峡科技,73101,01,,427,43830,https://www.shmeea.edu.cn/download/20250719/186.pdf
2025,综合,2459,武汉文理学院,424329,01,不限,414,46738,https://www.shmeea.edu.cn/download/20250719/186.pdf
2025,综合,2459,武汉文理学院,424328,02,物理、化学(2科必选),415,46550,https://www.shmeea.edu.cn/download/20250719/186.pdf
2025,综合,1077,文华学院,424118,01,不限,409,47844,https://www.shmeea.edu.cn/download/20250719/186.pdf
2025,综合,1077,文华学院,424117,02,物理、化学(2科必选),411,47401,https://www.shmeea.edu.cn/download/20250719/186.pdf
2025,综合,734,武汉华夏,73401,01,,408,48030,https://www.shmeea.edu.cn/download/20250719/186.pdf
2025,综合,734,武汉华夏,73402,02,,408,48030,https://www.shmeea.edu.cn/download/20250719/186.pdf
2025,综合,735,鄂医药护,73501,01,,432,42668,https://www.shmeea.edu.cn/download/20250719/186.pdf
2025,综合,738,武纺外贸,73801,01,,413,46964,https://www.shmeea.edu.cn/download/20250719/186.pdf
2025,综合,739,湖北汽院,73901,01,,439,40963,https://www.shmeea.edu.cn/download/20250719/186.pdf
2025,综合,44,湖南大学,422919,01,不限,569,6182,https://www.shmeea.edu.cn/download/20250719/186.pdf
2025,综合,44,湖南大学,422925,02,历史必选,569,6182,https://www.shmeea.edu.cn/download/20250719/186.pdf
2025,综合,44,湖南大学,422906,03,物理、化学(2科必选),576,4823,https://www.shmeea.edu.cn/download/20250719/186.pdf
2025,综合,123,中南大学,423114,01,物、化、生(3科必选),577,4649,https://www.shmeea.edu.cn/download/20250719/186.pdf
2025,综合,123,中南大学,423134,02,物、化、生(3科必选),580,4096,https://www.shmeea.edu.cn/download/20250719/186.pdf
2025,综合,385,湘潭大学,423673,01,不限,500,24251,https://www.shmeea.edu.cn/download/20250719/186.pdf
2025,综合,388,湖南科技大学,423672,01,不限,452,37654,https://www.shmeea.edu.cn/download/20250719/186.pdf
2025,综合,388,湖南科技大学,423671,02,物理必选,451,37914,https://www.shmeea.edu.cn/download/20250719/186.pdf
2025,综合,388,湖南科技大学,423677,03,物理必选,440,40711,https://www.shmeea.edu.cn/download/20250719/186.pdf
2025,综合,388,湖南科技大学,423676,04,地理必选,480,29907,https://www.shmeea.edu.cn/download/20250719/186.pdf
2025,综合,388,湖南科技大学,423667,05,物理、化学(2科必选),440,40711,https://www.shmeea.edu.cn/download/20250719/186.pdf
2025,综合,389,长沙理工大学,423668,01,不限,480,29907,https://www.shmeea.edu.cn/download/20250719/186.pdf
2025,综合,389,长沙理工大学,423678,02,物理必选,487,27962,https://www.shmeea.edu.cn/download/20250719/186.pdf
2025,综合,389,长沙理工大学,423665,03,物理、化学(2科必选),509,21654,https://www.shmeea.edu.cn/download/20250719/186.pdf
2025,综合,392,湖南农业大学,423697,01,不限,461,35266,https://www.shmeea.edu.cn/download/20250719/186.pdf
2025,综合,392,湖南农业大学,423686,02,物理、化学(2科必选),471,32490,https://www.shmeea.edu.cn/download/20250719/186.pdf
2025,综合,402,湖南中医药大学,423708,01,不限,537,13876,https://www.shmeea.edu.cn/download/20250719/186.pdf
2025,综合,402,湖南中医药大学,423703,02,物理、化学(2科必选),490,27085,https://www.shmeea.edu.cn/download/20250719/186.pdf
2025,综合,402,湖南中医药大学,423705,03,物理、化学(2科必选),423,44773,https://www.shmeea.edu.cn/download/20250719/186.pdf
2025,综合,58,湖南师范大学,422931,01,不限,539,13322,https://www.shmeea.edu.cn/download/20250719/186.pdf
2025,综合,58,湖南师范大学,422940,02,历史必选,540,13049,https://www.shmeea.edu.cn/download/20250719/186.pdf
2025,综合,58,湖南师范大学,422944,03,物理、化学(2科必选),537,13876,https://www.shmeea.edu.cn/download/20250719/186.pdf
2025,综合,749,湖南理工,74901,01,,436,41677,https://www.shmeea.edu.cn/download/20250719/186.pdf
2025,综合,749,湖南理工,74902,02,,430,43131,https://www.shmeea.edu.cn/download/20250719/186.pdf
2025,综合,403,湘南学院,423707,01,不限,432,42668,https://www.shmeea.edu.cn/download/20250719/186.pdf
2025,综合,403,湘南学院,423710,02,物理、化学(2科必选),431,42899,https://www.shmeea.edu.cn/download/20250719/186.pdf
2025,综合,403,湘南学院,423714,03,物理、化学(2科必选),447,38962,https://www.shmeea.edu.cn/download/20250719/186.pdf
2025,综合,406,衡阳师范学院,423704,01,不限,439,40963,https://www.shmeea.edu.cn/download/20250719/186.pdf
2025,综合,406,衡阳师范学院,423713,02,思想政治必选,447,38962,https://www.shmeea.edu.cn/download/20250719/186.pdf
2025,综合,406,衡阳师范学院,423712,03,地理必选,441,40472,https://www.shmeea.edu.cn/download/20250719/186.pdf
2025,综合,418,邵阳学院,423724,01,不限,427,43830,https://www.shmeea.edu.cn/download/20250719/186.pdf
2025,综合,415,湖南文理学院,423717,01,不限,435,41932,https://www.shmeea.edu.cn/download/20250719/186.pdf
2025,综合,415,湖南文理学院,423729,02,物理、化学(2科必选),431,42899,https://www.shmeea.edu.cn/download/20250719/186.pdf
2025,综合,415,湖南文理学院,423730,03,思想政治必选,440,40711,https://www.shmeea.edu.cn/download/20250719/186.pdf
2025,综合,754,湖南科技,75401,01,,434,42167,https://www.shmeea.edu.cn/download/20250719/186.pdf
2025,综合,754,湖南科技,75402,02,,429,43379,https://www.shmeea.edu.cn/download/20250719/186.pdf
2025,综合,754,湖南科技,75403,03,,423,44773,https://www.shmeea.edu.cn/download/20250719/186.pdf
2025,综合,407,湖南工商大学,423706,01,不限,457,36333,https://www.shmeea.edu.cn/download/20250719/186.pdf
2025,综合,391,南华大学,423693,01,不限,444,39679,https://www.shmeea.edu.cn/download/20250719/186.pdf
2025,综合,391,南华大学,423688,02,化学必选,438,41209,https://www.shmeea.edu.cn/download/20250719/186.pdf
2025,综合,391,南华大学,423690,03,物理、化学(2科必选),464,34489,https://www.shmeea.edu.cn/download/20250719/186.pdf
2025,综合,757,长沙医学,75701,01,,447,38962,https://www.shmeea.edu.cn/download/20250719/186.pdf
2025,综合,757,长沙医学,75702,02,,417,46139,https://www.shmeea.edu.cn/download/20250719/186.pdf
2025,综合,1029,长沙学院,424086,01,不限,443,39958,https://www.shmeea.edu.cn/download/20250719/186.pdf
2025,综合,1029,长沙学院,424088,02,物理必选,432,42668,https://www.shmeea.edu.cn/download/20250719/186.pdf
2025,综合,1029,长沙学院,424087,03,思想政治必选,442,40203,https://www.shmeea.edu.cn/download/20250719/186.pdf
2025,综合,759,湖南工程,75901,01,,436,41677,https://www.shmeea.edu.cn/download/20250719/186.pdf
2025,综合,759,湖南工程,75902,02,,432,42668,https://www.shmeea.edu.cn/download/20250719/186.pdf
2025,综合,760,湖南工学,76001,01,,425,44325,https://www.shmeea.edu.cn/download/20250719/186.pdf
2025,综合,760,湖南工学,76002,02,,431,42899,https://www.shmeea.edu.cn/download/20250719/186.pdf
2025,综合,761,湖南财经,76101,01,,443,39958,https://www.shmeea.edu.cn/download/20250719/186.pdf
2025,综合,761,湖南财经,76102,02,,420,45426,https://www.shmeea.edu.cn/download/20250719/186.pdf
2025,综合,761,湖南财经,76103,03,,421,45226,https://www.shmeea.edu.cn/download/20250719/186.pdf
2025,综合,2475,岳阳学院,424330,01,不限,402,49276,https://www.shmeea.edu.cn/download/20250719/186.pdf
2025,综合,398,湖南工业大学,423681,01,不限,447,38962,https://www.shmeea.edu.cn/download/20250719/186.pdf
2025,综合,398,湖南工业大学,423699,02,不限,435,41932,https://www.shmeea.edu.cn/download/20250719/186.pdf
2025,综合,398,湖南工业大学,423685,03,物理必选,435,41932,https://www.shmeea.edu.cn/download/20250719/186.pdf
2025,综合,397,湖南城市学院,423689,01,不限,432,42668,https://www.shmeea.edu.cn/download/20250719/186.pdf
2025,综合,397,湖南城市学院,423700,02,物理、化学(2科必选),427,43830,https://www.shmeea.edu.cn/download/20250719/186.pdf
2025,综合,104,中山大学,423062,01,不限,578,4467,https://www.shmeea.edu.cn/download/20250719/186.pdf
2025,综合,104,中山大学,423054,02,物理、化学(2科必选),580,4096,https://www.shmeea.edu.cn/download/20250719/186.pdf
2025,综合,106,暨南大学,423061,01,不限,542,12532,https://www.shmeea.edu.cn/download/20250719/186.pdf
2025,综合,106,暨南大学,423058,02,物理必选,545,11777,https://www.shmeea.edu.cn/download/20250719/186.pdf
2025,综合,106,暨南大学,423057,03,物理、化学(2科必选),549,10761,https://www.shmeea.edu.cn/download/20250719/186.pdf
2025,综合,106,暨南大学,423074,04,物理、化学(2科必选),558,8579,https://www.shmeea.edu.cn/download/20250719/186.pdf
2025,综合,283,汕头大学,423476,01,不限,476,31096,https://www.shmeea.edu.cn/download/20250719/186.pdf
2025,综合,105,华南理工大学,423052,01,物理、化学(2科必选),580,4096,https://www.shmeea.edu.cn/download/20250719/186.pdf
2025,综合,287,华南农业大学,423478,01,物理、化学(2科必选),522,18065,https://www.shmeea.edu.cn/download/20250719/186.pdf
2025,综合,288,广东海洋大学,423470,01,物理、化学(2科必选),448,38707,https://www.shmeea.edu.cn/download/20250719/186.pdf
2025,综合,288,广东海洋大学,423471,02,物、化、生(3科必选),462,35017,https://www.shmeea.edu.cn/download/20250719/186.pdf
2025,综合,295,广州医科大学,423485,01,物理、化学(2科必选),551,10254,https://www.shmeea.edu.cn/download/20250719/186.pdf
2025,综合,295,广州医科大学,423495,02,物理、化学(2科必选),519,18844,https://www.shmeea.edu.cn/download/20250719/186.pdf
2025,综合,294,广东医科大学,423483,01,物理、化学(2科必选),535,14414,https://www.shmeea.edu.cn/download/20250719/186.pdf
2025,综合,294,广东医科大学,423490,02,物理、化学(2科必选),476,31096,https://www.shmeea.edu.cn/download/20250719/186.pdf
2025,综合,289,广州中医药大学,423469,01,不限,546,11525,https://www.shmeea.edu.cn/download/20250719/186.pdf
2025,综合,289,广州中医药大学,423480,02,物理、化学(2科必选),515,19985,https://www.shmeea.edu.cn/download/20250719/186.pdf
2025,综合,296,广东药科大学,423484,01,物理、化学(2科必选),474,31654,https://www.shmeea.edu.cn/download/20250719/186.pdf
2025,综合,296,广东药科大学,423487,02,物理、化学(2科必选),461,35266,https://www.shmeea.edu.cn/download/20250719/186.pdf
2025,综合,98,华南师范大学,423041,01,不限,536,14128,https://www.shmeea.edu.cn/download/20250719/186.pdf
2025,综合,98,华南师范大学,423045,02,物理必选,558,8579,https://www.shmeea.edu.cn/download/20250719/186.pdf
2025,综合,298,韶关学院,423491,01,不限,438,41209,https://www.shmeea.edu.cn/download/20250719/186.pdf
2025,综合,298,韶关学院,423493,02,物理、化学(2科必选),419,45675,https://www.shmeea.edu.cn/download/20250719/186.pdf
2025,综合,299,岭南师范学院,423489,01,不限,432,42668,https://www.shmeea.edu.cn/download/20250719/186.pdf
2025,综合,299,岭南师范学院,423492,02,物理必选,423,44773,https://www.shmeea.edu.cn/download/20250719/186.pdf
2025,综合,299,岭南师范学院,423494,03,历史必选,456,36580,https://www.shmeea.edu.cn/download/20250719/186.pdf
2025,综合,299,岭南师范学院,423488,04,物理、化学(2科必选),425,44325,https://www.shmeea.edu.cn/download/20250719/186.pdf
2025,综合,784,广州体院,78401,01,,480,29907,https://www.shmeea.edu.cn/download/20250719/186.pdf
2025,综合,785,广技师大,78501,01,,435,41932,https://www.shmeea.edu.cn/download/20250719/186.pdf
2025,综合,785,广技师大,78502,02,,436,41677,https://www.shmeea.edu.cn/download/20250719/186.pdf
2025,综合,284,深圳大学,423475,01,不限,542,12532,https://www.shmeea.edu.cn/download/20250719/186.pdf
2025,综合,284,深圳大学,423472,02,物理、化学(2科必选),558,8579,https://www.shmeea.edu.cn/download/20250719/186.pdf
2025,综合,302,广东财经大学,423510,01,不限,494,25917,https://www.shmeea.edu.cn/download/20250719/186.pdf
2025,综合,788,广东轻大,78801,01,,426,44086,https://www.shmeea.edu.cn/download/20250719/186.pdf
2025,综合,788,广东轻大,78802,02,,419,45675,https://www.shmeea.edu.cn/download/20250719/186.pdf
2025,综合,293,广州大学,423486,01,物理、化学(2科必选),503,23377,https://www.shmeea.edu.cn/download/20250719/186.pdf
2025,综合,1031,广东金融学院,424091,01,不限,458,36057,https://www.shmeea.edu.cn/download/20250719/186.pdf
2025,综合,960,南方医科大学,424064,01,物理、化学(2科必选),532,15236,https://www.shmeea.edu.cn/download/20250719/186.pdf
2025,综合,792,珠海科院,79201,01,,422,45012,https://www.shmeea.edu.cn/download/20250719/186.pdf
2025,综合,792,珠海科院,79202,02,,420,45426,https://www.shmeea.edu.cn/download/20250719/186.pdf
2025,综合,793,港城莞,79301,01,,566,6814,https://www.shmeea.edu.cn/download/20250719/186.pdf
2025,综合,794,北师浸会,79401,01,,529,16109,https://www.shmeea.edu.cn/download/20250719/186.pdf
2025,综合,794,北师浸会,79402,02,,540,13049,https://www.shmeea.edu.cn/download/20250719/186.pdf
2025,综合,794,北师浸会,79403,03,,541,12796,https://www.shmeea.edu.cn/download/20250719/186.pdf
2025,综合,795,广以理工,424018,01,物理必选,528,16393,https://www.shmeea.edu.cn/download/20250719/186.pdf
2025,综合,797,广州商院,79701,01,,405,48663,https://www.shmeea.edu.cn/download/20250719/186.pdf
2025,综合,96,广西大学,423042,01,物理必选,494,25917,https://www.shmeea.edu.cn/download/20250719/186.pdf
2025,综合,812,桂林电子,81201,01,,441,40472,https://www.shmeea.edu.cn/download/20250719/186.pdf
2025,综合,812,桂林电子,81202,02,,522,18065,https://www.shmeea.edu.cn/download/20250719/186.pdf
2025,综合,533,桂林理工大学,423870,01,物理、化学(2科必选),434,42167,https://www.shmeea.edu.cn/download/20250719/186.pdf
2025,综合,538,桂林医科大学,423871,01,物理、化学(2科必选),463,34731,https://www.shmeea.edu.cn/download/20250719/186.pdf
2025,综合,538,桂林医科大学,423878,02,物理、化学(2科必选),455,36838,https://www.shmeea.edu.cn/download/20250719/186.pdf
2025,综合,531,广西师范大学,423874,01,不限,473,31954,https://www.shmeea.edu.cn/download/20250719/186.pdf
2025,综合,531,广西师范大学,423879,02,历史必选,435,41932,https://www.shmeea.edu.cn/download/20250719/186.pdf
2025,综合,531,广西师范大学,423875,03,物理、化学(2科必选),426,44086,https://www.shmeea.edu.cn/download/20250719/186.pdf
2025,综合,1035,河池学院,424093,01,物理、化学(2科必选),412,47200,https://www.shmeea.edu.cn/download/20250719/186.pdf
2025,综合,1251,梧州学院,424173,01,不限,430,43131,https://www.shmeea.edu.cn/download/20250719/186.pdf
2025,综合,1251,梧州学院,424175,02,物理、化学(2科必选),421,45226,https://www.shmeea.edu.cn/download/20250719/186.pdf
2025,综合,818,北部湾大,81801,01,,432,42668,https://www.shmeea.edu.cn/download/20250719/186.pdf
2025,综合,819,桂航工院,424021,01,不限,429,43379,https://www.shmeea.edu.cn/download/20250719/186.pdf
2025,综合,820,柳州职大,82001,01,,407,48244,https://www.shmeea.edu.cn/download/20250719/186.pdf
2025,综合,820,柳州职大,82002,02,,417,46139,https://www.shmeea.edu.cn/download/20250719/186.pdf
2025,综合,504,海南大学,423844,01,物理、化学(2科必选),537,13876,https://www.shmeea.edu.cn/download/20250719/186.pdf
2025,综合,511,海南师范大学,423860,01,不限,452,37654,https://www.shmeea.edu.cn/download/20250719/186.pdf
2025,综合,511,海南师范大学,423859,02,物理、化学(2科必选),454,37099,https://www.shmeea.edu.cn/download/20250719/186.pdf
2025,综合,512,海南医科大学,423857,01,物理、化学(2科必选),527,16655,https://www.shmeea.edu.cn/download/20250719/186.pdf
2025,综合,512,海南医科大学,423858,02,物理、化学(2科必选),475,31381,https://www.shmeea.edu.cn/download/20250719/186.pdf
2025,综合,1329,三亚学院,424195,01,不限,403,49069,https://www.shmeea.edu.cn/download/20250719/186.pdf
2025,综合,1329,三亚学院,424190,03,历史、思想政治(2科必选),406,48458,https://www.shmeea.edu.cn/download/20250719/186.pdf
2025,综合,835,海南比科,83501,01,,408,48030,https://www.shmeea.edu.cn/download/20250719/186.pdf
2025,综合,835,海南比科,83502,02,,420,45426,https://www.shmeea.edu.cn/download/20250719/186.pdf
2025,综合,835,海南比科,83503,03,,481,29641,https://www.shmeea.edu.cn/download/20250719/186.pdf
2025,综合,119,重庆大学,423108,01,物理、化学(2科必选),579,4285,https://www.shmeea.edu.cn/download/20250719/186.pdf
2025,综合,119,重庆大学,423082,02,物理、化学(2科必选),576,4823,https://www.shmeea.edu.cn/download/20250719/186.pdf
2025,综合,184,重庆邮电大学,423279,01,物理、化学(2科必选),544,12020,https://www.shmeea.edu.cn/download/20250719/186.pdf
2025,综合,1018,重庆交通大学,424084,01,不限,471,32490,https://www.shmeea.edu.cn/download/20250719/186.pdf
2025,综合,1018,重庆交通大学,424080,02,物理、化学(2科必选),501,23963,https://www.shmeea.edu.cn/download/20250719/186.pdf
2025,综合,178,重庆医科大学,423253,01,物理、化学(2科必选),537,13876,https://www.shmeea.edu.cn/download/20250719/186.pdf
2025,综合,178,重庆医科大学,423268,02,物理、化学(2科必选),488,27683,https://www.shmeea.edu.cn/download/20250719/186.pdf
2025,综合,178,重庆医科大学,423267,03,物理、化学(2科必选),491,26773,https://www.shmeea.edu.cn/download/20250719/186.pdf
2025,综合,178,重庆医科大学,423240,04,化学必选,494,25917,https://www.shmeea.edu.cn/download/20250719/186.pdf
2025,综合,934,西南大学,424054,01,不限,543,12291,https://www.shmeea.edu.cn/download/20250719/186.pdf
2025,综合,934,西南大学,424050,02,物理、化学(2科必选),548,11041,https://www.shmeea.edu.cn/download/20250719/186.pdf
2025,综合,179,重庆师范大学,423264,01,不限,476,31096,https://www.shmeea.edu.cn/download/20250719/186.pdf
2025,综合,179,重庆师范大学,423275,02,物理、化学(2科必选),449,38464,https://www.shmeea.edu.cn/download/20250719/186.pdf
2025,综合,179,重庆师范大学,423250,03,历史必选,506,22512,https://www.shmeea.edu.cn/download/20250719/186.pdf
2025,综合,179,重庆师范大学,423247,04,物理、化学(2科必选),464,34489,https://www.shmeea.edu.cn/download/20250719/186.pdf
2025,综合,847,川外国语,84701,01,,485,28531,https://www.shmeea.edu.cn/download/20250719/186.pdf
2025,综合,180,西南政法大学,423291,01,不限,544,12020,https://www.shmeea.edu.cn/download/20250719/186.pdf
2025,综合,849,四川美院,84901,01,,497,25079,https://www.shmeea.edu.cn/download/20250719/186.pdf
2025,综合,849,四川美院,84902,02,,526,16940,https://www.shmeea.edu.cn/download/20250719/186.pdf
2025,综合,1009,重庆科技大学,424069,01,不限,463,34731,https://www.shmeea.edu.cn/download/20250719/186.pdf
2025,综合,1009,重庆科技大学,424071,02,物理、化学(2科必选),450,38181,https://www.shmeea.edu.cn/download/20250719/186.pdf
2025,综合,187,重庆理工大学,423290,01,不限,462,35017,https://www.shmeea.edu.cn/download/20250719/186.pdf
2025,综合,187,重庆理工大学,423288,02,物理必选,449,38464,https://www.shmeea.edu.cn/download/20250719/186.pdf
2025,综合,187,重庆理工大学,423284,03,物理、化学(2科必选),475,31381,https://www.shmeea.edu.cn/download/20250719/186.pdf
2025,综合,1073,重庆工商大学,424115,01,不限,449,38464,https://www.shmeea.edu.cn/download/20250719/186.pdf
2025,综合,1073,重庆工商大学,424116,02,物理必选,437,41436,https://www.shmeea.edu.cn/download/20250719/186.pdf
2025,综合,853,重庆城科,85301,01,,413,46964,https://www.shmeea.edu.cn/download/20250719/186.pdf
2025,综合,853,重庆城科,85302,02,,415,46550,https://www.shmeea.edu.cn/download/20250719/186.pdf
2025,综合,854,重庆外贸,85401,01,,407,48244,https://www.shmeea.edu.cn/download/20250719/186.pdf
2025,综合,1476,重庆移通学院,424221,01,不限,403,49069,https://www.shmeea.edu.cn/download/20250719/186.pdf
2025,综合,99,四川大学,423049,01,物理、化学(2科必选),580,4096,https://www.shmeea.edu.cn/download/20250719/186.pdf
2025,综合,99,四川大学,423038,02,物理、化学(2科必选),580,4096,https://www.shmeea.edu.cn/download/20250719/186.pdf
2025,综合,99,四川大学,423043,03,物理、化学(2科必选),580,4096,https://www.shmeea.edu.cn/download/20250719/186.pdf
2025,综合,99,四川大学,423032,04,物理必选,570,6004,https://www.shmeea.edu.cn/download/20250719/186.pdf
2025,综合,99,四川大学,423044,05,不限,572,5610,https://www.shmeea.edu.cn/download/20250719/186.pdf
2025,综合,51,西南交通大学,422933,01,物理、化学(2科必选),559,8336,https://www.shmeea.edu.cn/download/20250719/186.pdf
2025,综合,661,电子科技大学,423989,01,物理、化学(2科必选),580,4096,https://www.shmeea.edu.cn/download/20250719/186.pdf
2025,综合,268,西南石油大学,423446,01,不限,492,26498,https://www.shmeea.edu.cn/download/20250719/186.pdf
2025,综合,268,西南石油大学,423448,02,物理、化学(2科必选),511,21070,https://www.shmeea.edu.cn/download/20250719/186.pdf
2025,综合,268,西南石油大学,423443,03,历史、思想政治(2科必选),498,24798,https://www.shmeea.edu.cn/download/20250719/186.pdf
2025,综合,232,成都理工大学,423379,01,物理、化学(2科必选),526,16940,https://www.shmeea.edu.cn/download/20250719/186.pdf
2025,综合,232,成都理工大学,423359,02,物理、化学(2科必选),521,18317,https://www.shmeea.edu.cn/download/20250719/186.pdf
2025,综合,232,成都理工大学,423363,03,物理、化学(2科必选),479,30198,https://www.shmeea.edu.cn/download/20250719/186.pdf
2025,综合,232,成都理工大学,423376,04,物理、化学(2科必选),531,15514,https://www.shmeea.edu.cn/download/20250719/186.pdf
2025,综合,232,成都理工大学,423364,05,物理必选,517,19421,https://www.shmeea.edu.cn/download/20250719/186.pdf
2025,综合,232,成都理工大学,423370,06,不限,490,27085,https://www.shmeea.edu.cn/download/20250719/186.pdf
2025,综合,263,西南科技大学,423438,01,不限,441,40472,https://www.shmeea.edu.cn/download/20250719/186.pdf
2025,综合,263,西南科技大学,423433,02,物理必选,433,42400,https://www.shmeea.edu.cn/download/20250719/186.pdf
2025,综合,263,西南科技大学,423445,03,物理、化学(2科必选),437,41436,https://www.shmeea.edu.cn/download/20250719/186.pdf
2025,综合,867,成都信息,424034,01,物理、化学(2科必选),464,34489,https://www.shmeea.edu.cn/download/20250719/186.pdf
2025,综合,867,成都信息,424040,02,物理、生物(2科必选),467,33627,https://www.shmeea.edu.cn/download/20250719/186.pdf
2025,综合,867,成都信息,424033,03,不限,474,31654,https://www.shmeea.edu.cn/download/20250719/186.pdf
2025,综合,867,成都信息,424037,04,物理、化学(2科必选),458,36057,https://www.shmeea.edu.cn/download/20250719/186.pdf
2025,综合,867,成都信息,86705,05,,481,29641,https://www.shmeea.edu.cn/download/20250719/186.pdf
2025,综合,868,四川轻化,86801,01,,439,40963,https://www.shmeea.edu.cn/download/20250719/186.pdf
2025,综合,245,西华大学,423388,01,不限,454,37099,https://www.shmeea.edu.cn/download/20250719/186.pdf
2025,综合,870,民航飞院,87001,01,,439,40963,https://www.shmeea.edu.cn/download/20250719/186.pdf
2025,综合,870,民航飞院,87002,02,,438,41209,https://www.shmeea.edu.cn/download/20250719/186.pdf
2025,综合,870,民航飞院,87003,03,,467,33627,https://www.shmeea.edu.cn/download/20250719/186.pdf
2025,综合,870,民航飞院,87004,04,,437,41436,https://www.shmeea.edu.cn/download/20250719/186.pdf
2025,综合,100,四川农业大学,423051,01,物理、化学(2科必选),522,18065,https://www.shmeea.edu.cn/download/20250719/186.pdf
2025,综合,274,西南医科大学,423456,01,物理、化学(2科必选),522,18065,https://www.shmeea.edu.cn/download/20250719/186.pdf
2025,综合,264,成都中医药大学,423444,01,不限,541,12796,https://www.shmeea.edu.cn/download/20250719/186.pdf
2025,综合,265,四川师范大学,423449,01,历史、思想政治(2科必选),511,21070,https://www.shmeea.edu.cn/download/20250719/186.pdf
2025,综合,265,四川师范大学,423434,02,不限,487,27962,https://www.shmeea.edu.cn/download/20250719/186.pdf
2025,综合,265,四川师范大学,423441,03,历史、地理(2科必选),504,23089,https://www.shmeea.edu.cn/download/20250719/186.pdf
2025,综合,265,四川师范大学,423437,04,物理、化学(2科必选),492,26498,https://www.shmeea.edu.cn/download/20250719/186.pdf
2025,综合,265,四川师范大学,423447,05,不限,488,27683,https://www.shmeea.edu.cn/download/20250719/186.pdf
2025,综合,266,西华师范大学,423451,01,物理、化学(2科必选),435,41932,https://www.shmeea.edu.cn/download/20250719/186.pdf
2025,综合,1083,内江师范学院,424121,01,不限,446,39191,https://www.shmeea.edu.cn/download/20250719/186.pdf
2025,综合,1083,内江师范学院,424120,02,物理、化学(2科必选),434,42167,https://www.shmeea.edu.cn/download/20250719/186.pdf
2025,综合,101,西南财经大学,423060,01,不限,565,7040,https://www.shmeea.edu.cn/download/20250719/186.pdf
2025,综合,101,西南财经大学,423068,02,物理必选,560,8117,https://www.shmeea.edu.cn/download/20250719/186.pdf
2025,综合,101,西南财经大学,423066,03,物理、化学(2科必选),563,7447,https://www.shmeea.edu.cn/download/20250719/186.pdf
2025,综合,231,西南民族大学,423366,01,不限,454,37099,https://www.shmeea.edu.cn/download/20250719/186.pdf
2025,综合,231,西南民族大学,423369,02,物理、化学(2科必选),449,38464,https://www.shmeea.edu.cn/download/20250719/186.pdf
2025,综合,2491,成都大学,424339,01,不限,478,30490,https://www.shmeea.edu.cn/download/20250719/186.pdf
2025,综合,2491,成都大学,424342,02,物理必选,470,32768,https://www.shmeea.edu.cn/download/20250719/186.pdf
2025,综合,2491,成都大学,424340,03,历史必选,491,26773,https://www.shmeea.edu.cn/download/20250719/186.pdf
2025,综合,2491,成都大学,424337,04,物理、化学(2科必选),478,30490,https://www.shmeea.edu.cn/download/20250719/186.pdf
2025,综合,932,攀枝花学院,424061,01,不限,428,43622,https://www.shmeea.edu.cn/download/20250719/186.pdf
2025,综合,932,攀枝花学院,424060,02,物理、化学(2科必选),465,34206,https://www.shmeea.edu.cn/download/20250719/186.pdf
2025,综合,770,成都东软学院,424011,01,不限,408,48030,https://www.shmeea.edu.cn/download/20250719/186.pdf
2025,综合,770,成都东软学院,424012,02,物理、化学(2科必选),417,46139,https://www.shmeea.edu.cn/download/20250719/186.pdf
2025,综合,822,吉利学院,424022,01,物理、化学(2科必选),408,48030,https://www.shmeea.edu.cn/download/20250719/186.pdf
2025,综合,883,电科成院,88301,01,,426,44086,https://www.shmeea.edu.cn/download/20250719/186.pdf
2025,综合,2494,四川传媒学院,424338,01,不限,419,45675,https://www.shmeea.edu.cn/download/20250719/186.pdf
2025,综合,2494,四川传媒学院,424341,02,不限,425,44325,https://www.shmeea.edu.cn/download/20250719/186.pdf
2025,综合,2494,四川传媒学院,424336,03,物理、化学(2科必选),410,47630,https://www.shmeea.edu.cn/download/20250719/186.pdf
2025,综合,885,成都医学,88501,01,,458,36057,https://www.shmeea.edu.cn/download/20250719/186.pdf
2025,综合,886,川工科院,88601,01,,414,46738,https://www.shmeea.edu.cn/download/20250719/186.pdf
2025,综合,887,西财天府,88701,01,,417,46139,https://www.shmeea.edu.cn/download/20250719/186.pdf
2025,综合,888,川大锦江,88801,01,,412,47200,https://www.shmeea.edu.cn/download/20250719/186.pdf
2025,综合,888,川大锦江,88802,02,,423,44773,https://www.shmeea.edu.cn/download/20250719/186.pdf
2025,综合,889,电科沙河,88901,01,,580,4096,https://www.shmeea.edu.cn/download/20250719/186.pdf
2025,综合,890,川工职大,89001,01,,424,44546,https://www.shmeea.edu.cn/download/20250719/186.pdf
2025,综合,35,云南大学,422883,01,历史必选,528,16393,https://www.shmeea.edu.cn/download/20250719/186.pdf
2025,综合,35,云南大学,422890,02,思想政治必选,532,15236,https://www.shmeea.edu.cn/download/20250719/186.pdf
2025,综合,35,云南大学,422871,03,物理必选,536,14128,https://www.shmeea.edu.cn/download/20250719/186.pdf
2025,综合,35,云南大学,422869,04,物理、化学(2科必选),533,14978,https://www.shmeea.edu.cn/download/20250719/186.pdf
2025,综合,35,云南大学,422877,05,物、化、生(3科必选),539,13322,https://www.shmeea.edu.cn/download/20250719/186.pdf
2025,综合,342,昆明理工大学,423624,01,物理、化学(2科必选),491,26773,https://www.shmeea.edu.cn/download/20250719/186.pdf
2025,综合,342,昆明理工大学,423617,02,物、化、生(3科必选),494,25917,https://www.shmeea.edu.cn/download/20250719/186.pdf
2025,综合,343,云南农业大学,89301,01,,438,41209,https://www.shmeea.edu.cn/download/20250719/186.pdf
2025,综合,347,昆明医科大学,423621,01,物理、化学(2科必选),488,27683,https://www.shmeea.edu.cn/download/20250719/186.pdf
2025,综合,362,大理大学,423642,01,不限,438,41209,https://www.shmeea.edu.cn/download/20250719/186.pdf
2025,综合,362,大理大学,423639,02,物理、化学(2科必选),484,28826,https://www.shmeea.edu.cn/download/20250719/186.pdf
2025,综合,344,云南师范大学,423626,01,物理、化学(2科必选),479,30198,https://www.shmeea.edu.cn/download/20250719/186.pdf
2025,综合,344,云南师范大学,423622,02,历史、思想政治(2科必选),499,24524,https://www.shmeea.edu.cn/download/20250719/186.pdf
2025,综合,356,云南财经大学,423628,01,不限,450,38181,https://www.shmeea.edu.cn/download/20250719/186.pdf
2025,综合,898,云南民大,89801,01,,432,42668,https://www.shmeea.edu.cn/download/20250719/186.pdf
2025,综合,898,云南民大,89802,02,,482,29358,https://www.shmeea.edu.cn/download/20250719/186.pdf
2025,综合,898,云南民大,89803,03,,456,36580,https://www.shmeea.edu.cn/download/20250719/186.pdf
2025,综合,359,云南警官学院,423630,01,历史、思想政治(2科必选),460,35524,https://www.shmeea.edu.cn/download/20250719/186.pdf
2025,综合,2523,滇池学院,424349,01,不限,402,49276,https://www.shmeea.edu.cn/download/20250719/186.pdf
2025,综合,2523,滇池学院,424350,02,物理必选,403,49069,https://www.shmeea.edu.cn/download/20250719/186.pdf
2025,综合,2523,滇池学院,424352,04,物理、化学(2科必选),404,48868,https://www.shmeea.edu.cn/download/20250719/186.pdf
2025,综合,902,昆医海源,90201,01,,420,45426,https://www.shmeea.edu.cn/download/20250719/186.pdf
2025,综合,903,昆理津桥,90301,01,,402,49276,https://www.shmeea.edu.cn/download/20250719/186.pdf
2025,综合,935,贵州大学,424056,01,不限,503,23377,https://www.shmeea.edu.cn/download/20250719/186.pdf
2025,综合,935,贵州大学,424055,02,物理、化学(2科必选),524,17497,https://www.shmeea.edu.cn/download/20250719/186.pdf
2025,综合,935,贵州大学,424057,03,物理、化学(2科必选),484,28826,https://www.shmeea.edu.cn/download/20250719/186.pdf
2025,综合,935,贵州大学,424051,04,物理、化学(2科必选),494,25917,https://www.shmeea.edu.cn/download/20250719/186.pdf
2025,综合,935,贵州大学,424062,05,物理必选,526,16940,https://www.shmeea.edu.cn/download/20250719/186.pdf
2025,综合,521,贵州中医药大学,423866,01,不限,501,23963,https://www.shmeea.edu.cn/download/20250719/186.pdf
2025,综合,521,贵州中医药大学,423863,02,物理、化学(2科必选),435,41932,https://www.shmeea.edu.cn/download/20250719/186.pdf
2025,综合,520,贵州财经大学,423868,01,不限,439,40963,https://www.shmeea.edu.cn/download/20250719/186.pdf
2025,综合,520,贵州财经大学,423861,02,物理必选,402,49276,https://www.shmeea.edu.cn/download/20250719/186.pdf
2025,综合,1570,贵州师范学院,424231,01,物、化、生(3科必选),418,45887,https://www.shmeea.edu.cn/download/20250719/186.pdf
2025,综合,1570,贵州师范学院,424228,02,物、化、生(3科必选),413,46964,https://www.shmeea.edu.cn/download/20250719/186.pdf
2025,综合,37,西北大学,422888,01,不限,538,13615,https://www.shmeea.edu.cn/download/20250719/186.pdf
2025,综合,37,西北大学,422898,02,历史必选,557,8824,https://www.shmeea.edu.cn/download/20250719/186.pdf
2025,综合,37,西北大学,422894,03,历史必选,540,13049,https://www.shmeea.edu.cn/download/20250719/186.pdf
2025,综合,37,西北大学,422882,04,物理必选,543,12291,https://www.shmeea.edu.cn/download/20250719/186.pdf
2025,综合,330,西安交通大学,423601,01,物理、化学(2科必选),580,4096,https://www.shmeea.edu.cn/download/20250719/186.pdf
2025,综合,107,西北工业大学,423056,01,物理、化学(2科必选),580,4096,https://www.shmeea.edu.cn/download/20250719/186.pdf
2025,综合,349,西安理工大学,423623,01,物理、化学(2科必选),507,22221,https://www.shmeea.edu.cn/download/20250719/186.pdf
2025,综合,925,西电科大,92501,01,,580,4096,https://www.shmeea.edu.cn/download/20250719/186.pdf
2025,综合,361,西安工业大学,423641,01,不限,460,35524,https://www.shmeea.edu.cn/download/20250719/186.pdf
2025,综合,361,西安工业大学,423643,02,物理、化学(2科必选),486,28229,https://www.shmeea.edu.cn/download/20250719/186.pdf
2025,综合,927,西安建科,92701,01,,547,11283,https://www.shmeea.edu.cn/download/20250719/186.pdf
2025,综合,927,西安建科,92702,02,,462,35017,https://www.shmeea.edu.cn/download/20250719/186.pdf
2025,综合,352,西安科技大学,423638,01,物理必选,463,34731,https://www.shmeea.edu.cn/download/20250719/186.pdf
2025,综合,352,西安科技大学,423629,02,物理、化学(2科必选),493,26212,https://www.shmeea.edu.cn/download/20250719/186.pdf
2025,综合,354,西安石油大学,423637,01,不限,445,39429,https://www.shmeea.edu.cn/download/20250719/186.pdf
2025,综合,354,西安石油大学,423635,02,物理、化学(2科必选),443,39958,https://www.shmeea.edu.cn/download/20250719/186.pdf
2025,综合,357,陕西科技大学,423627,01,物理、化学(2科必选),494,25917,https://www.shmeea.edu.cn/download/20250719/186.pdf
2025,综合,357,陕西科技大学,423634,02,不限,452,37654,https://www.shmeea.edu.cn/download/20250719/186.pdf
2025,综合,36,长安大学,422878,01,物理、化学(2科必选),546,11525,https://www.shmeea.edu.cn/download/20250719/186.pdf
2025,综合,332,西北农林科技大学,423608,01,不限,539,13322,https://www.shmeea.edu.cn/download/20250719/186.pdf
2025,综合,332,西北农林科技大学,423604,02,物理必选,539,13322,https://www.shmeea.edu.cn/download/20250719/186.pdf
2025,综合,332,西北农林科技大学,423614,03,物、化、生(3科必选),550,10506,https://www.shmeea.edu.cn/download/20250719/186.pdf
2025,综合,332,西北农林科技大学,423603,04,物理、化学(2科必选),542,12532,https://www.shmeea.edu.cn/download/20250719/186.pdf
2025,综合,332,西北农林科技大学,423610,05,物理、化学(2科必选),547,11283,https://www.shmeea.edu.cn/download/20250719/186.pdf
2025,综合,334,陕西师范大学,423613,01,不限,532,15236,https://www.shmeea.edu.cn/download/20250719/186.pdf
2025,综合,334,陕西师范大学,423611,02,历史必选,551,10254,https://www.shmeea.edu.cn/download/20250719/186.pdf
2025,综合,334,陕西师范大学,423615,03,物理、化学(2科必选),534,14696,https://www.shmeea.edu.cn/download/20250719/186.pdf
2025,综合,336,延安大学,423605,01,不限,437,41436,https://www.shmeea.edu.cn/download/20250719/186.pdf
2025,综合,336,延安大学,423612,02,物理必选,434,42167,https://www.shmeea.edu.cn/download/20250719/186.pdf
2025,综合,371,陕西理工大学,423655,01,不限,437,41436,https://www.shmeea.edu.cn/download/20250719/186.pdf
2025,综合,369,宝鸡文理学院,423647,01,不限,431,42899,https://www.shmeea.edu.cn/download/20250719/186.pdf
2025,综合,368,渭南师范学院,423653,01,不限,404,48868,https://www.shmeea.edu.cn/download/20250719/186.pdf
2025,综合,373,西安外国语大学,423654,01,不限,482,29358,https://www.shmeea.edu.cn/download/20250719/186.pdf
2025,综合,376,西北政法大学,423664,01,不限,538,13615,https://www.shmeea.edu.cn/download/20250719/186.pdf
2025,综合,383,西安培华学院,423674,01,不限,402,49276,https://www.shmeea.edu.cn/download/20250719/186.pdf
2025,综合,383,西安培华学院,423679,02,物理必选,413,46964,https://www.shmeea.edu.cn/download/20250719/186.pdf
2025,综合,383,西安培华学院,423675,03,生物必选,425,44325,https://www.shmeea.edu.cn/download/20250719/186.pdf
2025,综合,375,西安财经大学,423658,01,不限,472,32224,https://www.shmeea.edu.cn/download/20250719/186.pdf
2025,综合,363,西安邮电大学,423646,01,物理、化学(2科必选),531,15514,https://www.shmeea.edu.cn/download/20250719/186.pdf
2025,综合,863,西安思源学院,424036,02,物理、化学(2科必选),402,49276,https://www.shmeea.edu.cn/download/20250719/186.pdf
2025,综合,944,西交城市,94401,01,,415,46550,https://www.shmeea.edu.cn/download/20250719/186.pdf
2025,综合,97,兰州大学,423035,01,不限,552,10002,https://www.shmeea.edu.cn/download/20250719/186.pdf
2025,综合,97,兰州大学,423046,02,历史必选,559,8336,https://www.shmeea.edu.cn/download/20250719/186.pdf
2025,综合,97,兰州大学,423039,03,物理、化学(2科必选),564,7257,https://www.shmeea.edu.cn/download/20250719/186.pdf
2025,综合,483,兰州理工大学,423824,01,不限,451,37914,https://www.shmeea.edu.cn/download/20250719/186.pdf
2025,综合,483,兰州理工大学,423820,02,物理必选,437,41436,https://www.shmeea.edu.cn/download/20250719/186.pdf
2025,综合,483,兰州理工大学,423821,03,物理、化学(2科必选),440,40711,https://www.shmeea.edu.cn/download/20250719/186.pdf
2025,综合,488,兰州交通大学,423819,01,不限,451,37914,https://www.shmeea.edu.cn/download/20250719/186.pdf
2025,综合,488,兰州交通大学,423817,02,物理、化学(2科必选),452,37654,https://www.shmeea.edu.cn/download/20250719/186.pdf
2025,综合,495,西北师范大学,423836,01,不限,442,40203,https://www.shmeea.edu.cn/download/20250719/186.pdf
2025,综合,495,西北师范大学,423839,02,物理、化学(2科必选),431,42899,https://www.shmeea.edu.cn/download/20250719/186.pdf
2025,综合,500,兰州财经大学,423848,01,不限,433,42400,https://www.shmeea.edu.cn/download/20250719/186.pdf
2025,综合,500,兰州财经大学,423853,02,不限,431,42899,https://www.shmeea.edu.cn/download/20250719/186.pdf
2025,综合,480,西北民族大学,423827,01,历史必选,440,40711,https://www.shmeea.edu.cn/download/20250719/186.pdf
2025,综合,480,西北民族大学,423832,02,不限,410,47630,https://www.shmeea.edu.cn/download/20250719/186.pdf
2025,综合,480,西北民族大学,423828,03,不限,430,43131,https://www.shmeea.edu.cn/download/20250719/186.pdf
2025,综合,480,西北民族大学,423822,04,化学必选,435,41932,https://www.shmeea.edu.cn/download/20250719/186.pdf
2025,综合,501,甘肃政法大学,423845,01,不限,467,33627,https://www.shmeea.edu.cn/download/20250719/186.pdf
2025,综合,501,甘肃政法大学,423850,02,物理、化学(2科必选),429,43379,https://www.shmeea.edu.cn/download/20250719/186.pdf
2025,综合,958,兰州环职,95801,01,,422,45012,https://www.shmeea.edu.cn/download/20250719/186.pdf
2025,综合,367,青海大学,423645,01,不限,489,27375,https://www.shmeea.edu.cn/download/20250719/186.pdf
2025,综合,367,青海大学,423640,02,物理、化学(2科必选),517,19421,https://www.shmeea.edu.cn/download/20250719/186.pdf
2025,综合,367,青海大学,423648,03,物、化、生(3科必选),518,19117,https://www.shmeea.edu.cn/download/20250719/186.pdf
2025,综合,3731,青海理工学院,424415,01,物理必选,423,44773,https://www.shmeea.edu.cn/download/20250719/186.pdf
2025,综合,3731,青海理工学院,424414,02,物理、化学(2科必选),421,45226,https://www.shmeea.edu.cn/download/20250719/186.pdf
2025,综合,544,宁夏大学,423886,01,不限,483,29108,https://www.shmeea.edu.cn/download/20250719/186.pdf
2025,综合,544,宁夏大学,423883,02,物理、化学(2科必选),513,20546,https://www.shmeea.edu.cn/download/20250719/186.pdf
2025,综合,546,宁夏医科大学,423880,01,物理、化学(2科必选),421,45226,https://www.shmeea.edu.cn/download/20250719/186.pdf
2025,综合,545,北方民族大学,423882,01,不限,434,42167,https://www.shmeea.edu.cn/download/20250719/186.pdf
2025,综合,545,北方民族大学,423881,02,历史必选,448,38707,https://www.shmeea.edu.cn/download/20250719/186.pdf
2025,综合,74,新疆大学,422978,01,不限,485,28531,https://www.shmeea.edu.cn/download/20250719/186.pdf
2025,综合,74,新疆大学,422981,02,物理、化学(2科必选),467,33627,https://www.shmeea.edu.cn/download/20250719/186.pdf
2025,综合,982,塔里木,98201,01,,411,47401,https://www.shmeea.edu.cn/download/20250719/186.pdf
2025,综合,233,新疆农业大学,423361,01,不限,413,46964,https://www.shmeea.edu.cn/download/20250719/186.pdf
2025,综合,233,新疆农业大学,423372,02,物理、化学(2科必选),420,45426,https://www.shmeea.edu.cn/download/20250719/186.pdf
2025,综合,199,石河子大学,423299,01,物理、化学(2科必选),455,36838,https://www.shmeea.edu.cn/download/20250719/186.pdf
2025,综合,199,石河子大学,423296,02,不限,467,33627,https://www.shmeea.edu.cn/download/20250719/186.pdf
2025,综合,199,石河子大学,423314,03,物理、化学(2科必选),468,33357,https://www.shmeea.edu.cn/download/20250719/186.pdf
2025,综合,236,喀什大学,423377,01,不限,405,48663,https://www.shmeea.edu.cn/download/20250719/186.pdf
2025,综合,236,喀什大学,423374,03,思想政治必选,407,48244,https://www.shmeea.edu.cn/download/20250719/186.pdf
2025,综合,236,喀什大学,423358,04,物理、化学(2科必选),402,49276,https://www.shmeea.edu.cn/download/20250719/186.pdf
2025,综合,236,喀什大学,423362,05,物理、生物(2科必选),423,44773,https://www.shmeea.edu.cn/download/20250719/186.pdf
2025,综合,1036,伊犁师范大学,424095,01,不限,413,46964,https://www.shmeea.edu.cn/download/20250719/186.pdf
2025,综合,1036,伊犁师范大学,424092,02,物理必选,403,49069,https://www.shmeea.edu.cn/download/20250719/186.pdf
2025,综合,1036,伊犁师范大学,424090,03,物理、化学(2科必选),402,49276,https://www.shmeea.edu.cn/download/20250719/186.pdf
2025,综合,1036,伊犁师范大学,424094,04,物理、地理(2科必选),422,45012,https://www.shmeea.edu.cn/download/20250719/186.pdf
2025,综合,237,新疆财经大学,423360,01,不限,417,46139,https://www.shmeea.edu.cn/download/20250719/186.pdf
2025,综合,237,新疆财经大学,423368,02,物理必选,415,46550,https://www.shmeea.edu.cn/download/20250719/186.pdf
2025,综合,237,新疆财经大学,423378,03,物理、化学(2科必选),421,45226,https://www.shmeea.edu.cn/download/20250719/186.pdf
2025,综合,2066,新疆工程学院,424258,01,物理、化学(2科必选),406,48458,https://www.shmeea.edu.cn/download/20250719/186.pdf
2025,综合,239,昌吉学院,423371,01,不限,406,48458,https://www.shmeea.edu.cn/download/20250719/186.pdf
2025,综合,239,昌吉学院,423365,02,物理、化学(2科必选),404,48868,https://www.shmeea.edu.cn/download/20250719/186.pdf
2025,综合,2487,新疆理工学院,424333,02,物理必选,403,49069,https://www.shmeea.edu.cn/download/20250719/186.pdf
2025,综合,2487,新疆理工学院,424332,03,物理、化学(2科必选),402,49276,https://www.shmeea.edu.cn/download/20250719/186.pdf
2025,综合,991,新疆科技,99101,01,,402,49276,https://www.shmeea.edu.cn/download/20250719/186.pdf
2025,综合,991,新疆科技,99102,02,,402,49276,https://www.shmeea.edu.cn/download/20250719/186.pdf
2025,综合,2631,新疆政法学院,424376,01,不限,427,43830,https://www.shmeea.edu.cn/download/20250719/186.pdf
2025,综合,993,中油北克,99301,01,,501,23963,https://www.shmeea.edu.cn/download/20250719/186.pdf
2025,综合,364,西藏大学,423649,01,不限,455,36838,https://www.shmeea.edu.cn/download/20250719/186.pdf
2025,综合,364,西藏大学,423644,02,历史必选,485,28531,https://www.shmeea.edu.cn/download/20250719/186.pdf
2025,综合,364,西藏大学,423651,03,物理、化学(2科必选),434,42167,https://www.shmeea.edu.cn/download/20250719/186.pdf
2025,综合,364,西藏大学,423650,04,历史、思想政治(2科必选),470,32768,https://www.shmeea.edu.cn/download/20250719/186.pdf
2025,综合,364,西藏大学,423652,05,物、化、生(3科必选),469,33044,https://www.shmeea.edu.cn/download/20250719/186.pdf
